date,outflow
12/1/1953,376.614
12/2/1953,356.792
12/3/1953,302.99
12/4/1953,300.159
12/5/1953,277.505
12/6/1953,280.337
12/7/1953,274.673
12/8/1953,283.168
12/9/1953,297.327
12/10/1953,305.822
12/11/1953,302.99
12/12/1953,297.327
12/13/1953,302.99
12/14/1953,305.822
12/15/1953,294.495
12/16/1953,271.842
12/17/1953,266.178
12/18/1953,263.347
12/19/1953,260.515
12/20/1953,254.852
12/21/1953,252.02
12/22/1953,246.357
12/23/1953,240.693
12/24/1953,237.862
12/25/1953,235.03
12/26/1953,235.03
12/27/1953,237.862
12/28/1953,209.545
12/29/1953,161.406
12/30/1953,164.238
12/31/1953,167.069
1/1/1954,169.901
1/2/1954,172.733
1/3/1954,175.564
1/4/1954,203.881
1/5/1954,254.852
1/6/1954,283.168
1/7/1954,283.168
1/8/1954,280.337
1/9/1954,274.673
1/10/1954,277.505
1/11/1954,277.505
1/12/1954,277.505
1/13/1954,277.505
1/14/1954,277.505
1/15/1954,274.673
1/16/1954,269.01
1/17/1954,269.01
1/18/1954,269.01
1/19/1954,269.01
1/20/1954,269.01
1/21/1954,260.515
1/22/1954,252.02
1/23/1954,252.02
1/24/1954,252.02
1/25/1954,252.02
1/26/1954,254.852
1/27/1954,254.852
1/28/1954,257.683
1/29/1954,249.188
1/30/1954,243.525
1/31/1954,254.852
2/1/1954,257.683
2/2/1954,252.02
2/3/1954,243.525
2/4/1954,243.525
2/5/1954,235.03
2/6/1954,209.545
2/7/1954,198.218
2/8/1954,198.218
2/9/1954,198.218
2/10/1954,226.535
2/11/1954,288.832
2/12/1954,345.466
2/13/1954,269.01
2/14/1954,229.366
2/15/1954,223.703
2/16/1954,220.871
2/17/1954,223.703
2/18/1954,226.535
2/19/1954,263.347
2/20/1954,336.97
2/21/1954,368.119
2/22/1954,419.089
2/23/1954,475.723
2/24/1954,512.535
2/25/1954,523.862
2/26/1954,523.862
2/27/1954,540.852
2/28/1954,546.515
3/1/1954,549.347
3/2/1954,546.515
3/3/1954,470.06
3/4/1954,461.565
3/5/1954,461.565
3/6/1954,461.565
3/7/1954,461.565
3/8/1954,461.565
3/9/1954,382.277
3/10/1954,286
3/11/1954,269.01
3/12/1954,368.119
3/13/1954,441.743
3/14/1954,552.179
3/15/1954,594.654
3/16/1954,600.317
3/17/1954,594.654
3/18/1954,591.822
3/19/1954,586.159
3/20/1954,600.317
3/21/1954,546.515
3/22/1954,436.079
3/23/1954,402.099
3/24/1954,404.931
3/25/1954,376.614
3/26/1954,302.99
3/27/1954,291.664
3/28/1954,291.664
3/29/1954,294.495
3/30/1954,291.664
3/31/1954,288.832
4/1/1954,280.337
4/2/1954,305.822
4/3/1954,382.277
4/4/1954,430.416
4/5/1954,433.248
4/6/1954,430.416
4/7/1954,475.723
4/8/1954,543.683
4/9/1954,574.832
4/10/1954,597.485
4/11/1954,617.307
4/12/1954,583.327
4/13/1954,560.674
4/14/1954,634.297
4/15/1954,716.416
4/16/1954,713.585
4/17/1954,713.585
4/18/1954,713.585
4/19/1954,713.585
4/20/1954,713.585
4/21/1954,713.585
4/22/1954,710.753
4/23/1954,710.753
4/24/1954,719.248
4/25/1954,727.743
4/26/1954,736.238
4/27/1954,741.901
4/28/1954,739.07
4/29/1954,736.238
4/30/1954,739.07
5/1/1954,739.07
5/2/1954,710.753
5/3/1954,705.089
5/4/1954,702.258
5/5/1954,707.921
5/6/1954,713.585
5/7/1954,676.773
5/8/1954,654.119
5/9/1954,648.456
5/10/1954,645.624
5/11/1954,659.783
5/12/1954,662.614
5/13/1954,659.783
5/14/1954,654.119
5/15/1954,651.287
5/16/1954,645.624
5/17/1954,648.456
5/18/1954,662.614
5/19/1954,679.604
5/20/1954,676.773
5/21/1954,693.763
5/22/1954,705.089
5/23/1954,705.089
5/24/1954,707.921
5/25/1954,710.753
5/26/1954,716.416
5/27/1954,727.743
5/28/1954,690.931
5/29/1954,665.446
5/30/1954,668.278
5/31/1954,671.109
6/1/1954,673.941
6/2/1954,654.119
6/3/1954,631.466
6/4/1954,631.466
6/5/1954,631.466
6/6/1954,631.466
6/7/1954,634.297
6/8/1954,634.297
6/9/1954,594.654
6/10/1954,566.337
6/11/1954,498.377
6/12/1954,407.763
6/13/1954,328.475
6/14/1954,288.832
6/15/1954,288.832
6/16/1954,291.664
6/17/1954,294.495
6/18/1954,297.327
6/19/1954,297.327
6/20/1954,297.327
6/21/1954,288.832
6/22/1954,283.168
6/23/1954,317.149
6/24/1954,342.634
6/25/1954,342.634
6/26/1954,345.466
6/27/1954,373.782
6/28/1954,382.277
6/29/1954,339.802
6/30/1954,339.802
7/1/1954,387.941
7/2/1954,478.555
7/3/1954,563.505
7/4/1954,662.614
7/5/1954,716.416
7/6/1954,710.753
7/7/1954,705.089
7/8/1954,705.089
7/9/1954,750.396
7/10/1954,812.694
7/11/1954,843.842
7/12/1954,843.842
7/13/1954,841.01
7/14/1954,869.327
7/15/1954,962.773
7/16/1954,985.426
7/17/1954,982.595
7/18/1954,979.763
7/19/1954,979.763
7/20/1954,979.763
7/21/1954,993.921
7/22/1954,993.921
7/23/1954,1025.07
7/24/1954,1078.872
7/25/1954,1073.208
7/26/1954,1064.713
7/27/1954,1078.872
7/28/1954,1087.367
7/29/1954,1084.535
7/30/1954,1081.704
7/31/1954,1078.872
8/1/1954,1076.04
8/2/1954,1073.208
8/3/1954,1070.377
8/4/1954,1067.545
8/5/1954,1076.04
8/6/1954,1081.704
8/7/1954,1081.704
8/8/1954,1078.872
8/9/1954,1078.872
8/10/1954,1078.872
8/11/1954,1078.872
8/12/1954,1078.872
8/13/1954,1076.04
8/14/1954,1073.208
8/15/1954,1073.208
8/16/1954,1073.208
8/17/1954,1070.377
8/18/1954,1070.377
8/19/1954,1070.377
8/20/1954,1073.208
8/21/1954,1073.208
8/22/1954,1076.04
8/23/1954,1076.04
8/24/1954,1076.04
8/25/1954,1070.377
8/26/1954,1067.545
8/27/1954,1076.04
8/28/1954,1084.535
8/29/1954,1076.04
8/30/1954,1067.545
8/31/1954,1081.704
9/1/1954,1087.367
9/2/1954,1081.704
9/3/1954,1078.872
9/4/1954,1078.872
9/5/1954,1073.208
9/6/1954,1070.377
9/7/1954,1067.545
9/8/1954,1039.228
9/9/1954,1022.238
9/10/1954,1025.07
9/11/1954,1027.902
9/12/1954,1019.406
9/13/1954,1010.911
9/14/1954,1019.406
9/15/1954,1025.07
9/16/1954,1025.07
9/17/1954,1022.238
9/18/1954,1025.07
9/19/1954,1025.07
9/20/1954,1027.902
9/21/1954,1027.902
9/22/1954,1025.07
9/23/1954,1022.238
9/24/1954,1019.406
9/25/1954,1016.575
9/26/1954,1010.911
9/27/1954,1010.911
9/28/1954,1019.406
9/29/1954,1025.07
9/30/1954,1022.238
10/1/1954,1016.575
10/2/1954,1010.911
10/3/1954,971.268
10/4/1954,880.654
10/5/1954,835.347
10/6/1954,821.189
10/7/1954,824.02
10/8/1954,826.852
10/9/1954,829.684
10/10/1954,832.515
10/11/1954,824.02
10/12/1954,824.02
10/13/1954,826.852
10/14/1954,818.357
10/15/1954,809.862
10/16/1954,812.694
10/17/1954,815.525
10/18/1954,818.357
10/19/1954,818.357
10/20/1954,821.189
10/21/1954,801.367
10/22/1954,736.238
10/23/1954,651.287
10/24/1954,566.337
10/25/1954,495.545
10/26/1954,427.584
10/27/1954,419.089
10/28/1954,427.584
10/29/1954,424.753
10/30/1954,421.921
10/31/1954,424.753
11/1/1954,427.584
11/2/1954,424.753
11/3/1954,419.089
11/4/1954,419.089
11/5/1954,421.921
11/6/1954,424.753
11/7/1954,393.604
11/8/1954,368.119
11/9/1954,339.802
11/10/1954,311.485
11/11/1954,288.832
11/12/1954,274.673
11/13/1954,277.505
11/14/1954,277.505
11/15/1954,277.505
11/16/1954,280.337
11/17/1954,274.673
11/18/1954,274.673
11/19/1954,266.178
11/20/1954,269.01
11/21/1954,252.02
11/22/1954,254.852
11/23/1954,252.02
11/24/1954,235.03
11/25/1954,232.198
11/26/1954,232.198
11/27/1954,218.04
11/28/1954,226.535
11/29/1954,243.525
11/30/1954,243.525
12/1/1954,257.683
12/2/1954,257.683
12/3/1954,254.852
12/4/1954,229.366
12/5/1954,229.366
12/6/1954,229.366
12/7/1954,226.535
12/8/1954,226.535
12/9/1954,226.535
12/10/1954,226.535
12/11/1954,226.535
12/12/1954,226.535
12/13/1954,229.366
12/14/1954,229.366
12/15/1954,229.366
12/16/1954,229.366
12/17/1954,229.366
12/18/1954,229.366
12/19/1954,229.366
12/20/1954,229.366
12/21/1954,229.366
12/22/1954,229.366
12/23/1954,229.366
12/24/1954,229.366
12/25/1954,229.366
12/26/1954,229.366
12/27/1954,229.366
12/28/1954,229.366
12/29/1954,235.03
12/30/1954,226.535
12/31/1954,226.535
1/1/1955,226.535
1/2/1955,226.535
1/3/1955,226.535
1/4/1955,229.366
1/5/1955,223.703
1/6/1955,169.901
1/7/1955,169.901
1/8/1955,169.901
1/9/1955,169.901
1/10/1955,169.901
1/11/1955,169.901
1/12/1955,169.901
1/13/1955,169.901
1/14/1955,169.901
1/15/1955,169.901
1/16/1955,169.901
1/17/1955,169.901
1/18/1955,169.901
1/19/1955,169.901
1/20/1955,169.901
1/21/1955,169.901
1/22/1955,169.901
1/23/1955,169.901
1/24/1955,169.901
1/25/1955,169.901
1/26/1955,169.901
1/27/1955,169.901
1/28/1955,169.901
1/29/1955,169.901
1/30/1955,169.901
1/31/1955,169.901
2/1/1955,169.901
2/2/1955,198.218
2/3/1955,212.376
2/4/1955,212.376
2/5/1955,212.376
2/6/1955,212.376
2/7/1955,212.376
2/8/1955,212.376
2/9/1955,212.376
2/10/1955,212.376
2/11/1955,212.376
2/12/1955,212.376
2/13/1955,212.376
2/14/1955,212.376
2/15/1955,212.376
2/16/1955,212.376
2/17/1955,212.376
2/18/1955,212.376
2/19/1955,212.376
2/20/1955,212.376
2/21/1955,212.376
2/22/1955,212.376
2/23/1955,212.376
2/24/1955,212.376
2/25/1955,212.376
2/26/1955,212.376
2/27/1955,212.376
2/28/1955,212.376
3/1/1955,215.208
3/2/1955,215.208
3/3/1955,215.208
3/4/1955,215.208
3/5/1955,138.753
3/6/1955,141.584
3/7/1955,141.584
3/8/1955,141.584
3/9/1955,141.584
3/10/1955,141.584
3/11/1955,141.584
3/12/1955,141.584
3/13/1955,141.584
3/14/1955,141.584
3/15/1955,141.584
3/16/1955,141.584
3/17/1955,141.584
3/18/1955,138.753
3/19/1955,138.753
3/20/1955,138.753
3/21/1955,138.753
3/22/1955,138.753
3/23/1955,138.753
3/24/1955,141.584
3/25/1955,141.584
3/26/1955,141.584
3/27/1955,141.584
3/28/1955,138.753
3/29/1955,138.753
3/30/1955,141.584
3/31/1955,195.386
4/1/1955,254.852
4/2/1955,254.852
4/3/1955,254.852
4/4/1955,257.683
4/5/1955,257.683
4/6/1955,260.515
4/7/1955,260.515
4/8/1955,263.347
4/9/1955,266.178
4/10/1955,266.178
4/11/1955,260.515
4/12/1955,257.683
4/13/1955,257.683
4/14/1955,260.515
4/15/1955,260.515
4/16/1955,260.515
4/17/1955,317.149
4/18/1955,345.466
4/19/1955,373.782
4/20/1955,430.416
4/21/1955,467.228
4/22/1955,515.367
4/23/1955,515.367
4/24/1955,569.169
4/25/1955,634.297
4/26/1955,707.921
4/27/1955,707.921
4/28/1955,707.921
4/29/1955,707.921
4/30/1955,707.921
5/1/1955,707.921
5/2/1955,707.921
5/3/1955,707.921
5/4/1955,736.238
5/5/1955,821.189
5/6/1955,886.317
5/7/1955,928.793
5/8/1955,928.793
5/9/1955,928.793
5/10/1955,993.921
5/11/1955,1112.852
5/12/1955,1172.317
5/13/1955,1226.119
5/14/1955,1285.585
5/15/1955,1279.921
5/16/1955,1277.09
5/17/1955,1274.258
5/18/1955,1268.595
5/19/1955,1265.763
5/20/1955,1262.931
5/21/1955,1260.1
5/22/1955,1268.595
5/23/1955,1274.258
5/24/1955,1274.258
5/25/1955,1268.595
5/26/1955,1265.763
5/27/1955,1265.763
5/28/1955,1234.615
5/29/1955,1127.01
5/30/1955,985.426
5/31/1955,843.842
6/1/1955,699.426
6/2/1955,566.337
6/3/1955,455.901
6/4/1955,424.753
6/5/1955,427.584
6/6/1955,427.584
6/7/1955,427.584
6/8/1955,504.04
6/9/1955,569.169
6/10/1955,645.624
6/11/1955,744.733
6/12/1955,770.218
6/13/1955,764.555
6/14/1955,764.555
6/15/1955,600.317
6/16/1955,489.881
6/17/1955,495.545
6/18/1955,495.545
6/19/1955,498.377
6/20/1955,597.485
6/21/1955,792.872
6/22/1955,838.179
6/23/1955,841.01
6/24/1955,841.01
6/25/1955,838.179
6/26/1955,852.337
6/27/1955,846.674
6/28/1955,849.505
6/29/1955,846.674
6/30/1955,821.189
7/1/1955,846.674
7/2/1955,846.674
7/3/1955,849.505
7/4/1955,852.337
7/5/1955,852.337
7/6/1955,855.169
7/7/1955,849.505
7/8/1955,897.644
7/9/1955,993.921
7/10/1955,993.921
7/11/1955,993.921
7/12/1955,993.921
7/13/1955,903.307
7/14/1955,846.674
7/15/1955,849.505
7/16/1955,849.505
7/17/1955,849.505
7/18/1955,852.337
7/19/1955,855.169
7/20/1955,852.337
7/21/1955,852.337
7/22/1955,846.674
7/23/1955,787.208
7/24/1955,673.941
7/25/1955,603.149
7/26/1955,566.337
7/27/1955,566.337
7/28/1955,569.169
7/29/1955,569.169
7/30/1955,569.169
7/31/1955,569.169
8/1/1955,572
8/2/1955,569.169
8/3/1955,569.169
8/4/1955,560.674
8/5/1955,563.505
8/6/1955,563.505
8/7/1955,563.505
8/8/1955,563.505
8/9/1955,566.337
8/10/1955,566.337
8/11/1955,631.466
8/12/1955,756.06
8/13/1955,815.525
8/14/1955,815.525
8/15/1955,815.525
8/16/1955,815.525
8/17/1955,815.525
8/18/1955,818.357
8/19/1955,829.684
8/20/1955,849.505
8/21/1955,849.505
8/22/1955,849.505
8/23/1955,849.505
8/24/1955,849.505
8/25/1955,849.505
8/26/1955,849.505
8/27/1955,849.505
8/28/1955,849.505
8/29/1955,849.505
8/30/1955,846.674
8/31/1955,846.674
9/1/1955,846.674
9/2/1955,846.674
9/3/1955,846.674
9/4/1955,846.674
9/5/1955,846.674
9/6/1955,846.674
9/7/1955,846.674
9/8/1955,773.05
9/9/1955,773.05
9/10/1955,773.05
9/11/1955,773.05
9/12/1955,773.05
9/13/1955,773.05
9/14/1955,821.189
9/15/1955,923.129
9/16/1955,925.961
9/17/1955,931.624
9/18/1955,931.624
9/19/1955,931.624
9/20/1955,931.624
9/21/1955,931.624
9/22/1955,931.624
9/23/1955,931.624
9/24/1955,931.624
9/25/1955,931.624
9/26/1955,931.624
9/27/1955,917.466
9/28/1955,908.971
9/29/1955,908.971
9/30/1955,911.802
10/1/1955,911.802
10/2/1955,911.802
10/3/1955,911.802
10/4/1955,911.802
10/5/1955,911.802
10/6/1955,911.802
10/7/1955,911.802
10/8/1955,911.802
10/9/1955,911.802
10/10/1955,911.802
10/11/1955,911.802
10/12/1955,911.802
10/13/1955,911.802
10/14/1955,911.802
10/15/1955,911.802
10/16/1955,911.802
10/17/1955,911.802
10/18/1955,911.802
10/19/1955,911.802
10/20/1955,914.634
10/21/1955,914.634
10/22/1955,914.634
10/23/1955,914.634
10/24/1955,903.307
10/25/1955,897.644
10/26/1955,897.644
10/27/1955,897.644
10/28/1955,900.476
10/29/1955,900.476
10/30/1955,900.476
10/31/1955,900.476
11/1/1955,911.802
11/2/1955,911.802
11/3/1955,911.802
11/4/1955,911.802
11/5/1955,911.802
11/6/1955,911.802
11/7/1955,911.802
11/8/1955,911.802
11/9/1955,911.802
11/10/1955,911.802
11/11/1955,911.802
11/12/1955,911.802
11/13/1955,911.802
11/14/1955,911.802
11/15/1955,911.802
11/16/1955,911.802
11/17/1955,911.802
11/18/1955,911.802
11/19/1955,911.802
11/20/1955,914.634
11/21/1955,914.634
11/22/1955,914.634
11/23/1955,914.634
11/24/1955,903.307
11/25/1955,897.644
11/26/1955,897.644
11/27/1955,897.644
11/28/1955,900.476
11/29/1955,900.476
11/30/1955,900.476
12/1/1955,900.476
12/2/1955,243.525
12/3/1955,243.525
12/4/1955,243.525
12/5/1955,243.525
12/6/1955,240.693
12/7/1955,269.01
12/8/1955,269.01
12/9/1955,269.01
12/10/1955,269.01
12/11/1955,269.01
12/12/1955,269.01
12/13/1955,269.01
12/14/1955,269.01
12/15/1955,269.01
12/16/1955,269.01
12/17/1955,269.01
12/18/1955,269.01
12/19/1955,269.01
12/20/1955,269.01
12/21/1955,269.01
12/22/1955,269.01
12/23/1955,269.01
12/24/1955,269.01
12/25/1955,269.01
12/26/1955,271.842
12/27/1955,257.683
12/28/1955,269.01
12/29/1955,269.01
12/30/1955,269.01
12/31/1955,269.01
1/1/1956,269.01
1/2/1956,269.01
1/3/1956,269.01
1/4/1956,269.01
1/5/1956,269.01
1/6/1956,263.347
1/7/1956,260.515
1/8/1956,235.03
1/9/1956,152.911
1/10/1956,203.881
1/11/1956,237.862
1/12/1956,218.04
1/13/1956,218.04
1/14/1956,218.04
1/15/1956,218.04
1/16/1956,209.545
1/17/1956,212.376
1/18/1956,209.545
1/19/1956,209.545
1/20/1956,212.376
1/21/1956,209.545
1/22/1956,209.545
1/23/1956,215.208
1/24/1956,218.04
1/25/1956,215.208
1/26/1956,218.04
1/27/1956,218.04
1/28/1956,206.713
1/29/1956,218.04
1/30/1956,192.555
1/31/1956,218.04
2/1/1956,198.218
2/2/1956,203.881
2/3/1956,152.911
2/4/1956,158.574
2/5/1956,161.406
2/6/1956,158.574
2/7/1956,152.911
2/8/1956,152.911
2/9/1956,164.238
2/10/1956,172.733
2/11/1956,169.901
2/12/1956,169.901
2/13/1956,167.069
2/14/1956,169.901
2/15/1956,152.911
2/16/1956,164.238
2/17/1956,161.406
2/18/1956,161.406
2/19/1956,161.406
2/20/1956,158.574
2/21/1956,161.406
2/22/1956,161.406
2/23/1956,161.406
2/24/1956,161.406
2/25/1956,158.574
2/26/1956,161.406
2/27/1956,161.406
2/28/1956,158.574
2/29/1956,158.574
3/1/1956,169.901
3/2/1956,198.218
3/3/1956,195.386
3/4/1956,195.386
3/5/1956,192.555
3/6/1956,172.733
3/7/1956,161.406
3/8/1956,158.574
3/9/1956,172.733
3/10/1956,201.05
3/11/1956,198.218
3/12/1956,192.555
3/13/1956,195.386
3/14/1956,218.04
3/15/1956,201.05
3/16/1956,215.208
3/17/1956,215.208
3/18/1956,235.03
3/19/1956,186.891
3/20/1956,178.396
3/21/1956,164.238
3/22/1956,167.069
3/23/1956,164.238
3/24/1956,203.881
3/25/1956,260.515
3/26/1956,345.466
3/27/1956,458.733
3/28/1956,543.683
3/29/1956,555.01
3/30/1956,572
3/31/1956,577.664
4/1/1956,583.327
4/2/1956,594.654
4/3/1956,679.604
4/4/1956,662.614
4/5/1956,688.099
4/6/1956,682.436
4/7/1956,682.436
4/8/1956,673.941
4/9/1956,651.287
4/10/1956,679.604
4/11/1956,690.931
4/12/1956,690.931
4/13/1956,685.268
4/14/1956,696.594
4/15/1956,671.109
4/16/1956,699.426
4/17/1956,668.278
4/18/1956,665.446
4/19/1956,665.446
4/20/1956,659.783
4/21/1956,665.446
4/22/1956,642.792
4/23/1956,696.594
4/24/1956,688.099
4/25/1956,690.931
4/26/1956,685.268
4/27/1956,696.594
4/28/1956,693.763
4/29/1956,722.08
4/30/1956,792.872
5/1/1956,801.367
5/2/1956,778.713
5/3/1956,767.387
5/4/1956,756.06
5/5/1956,784.377
5/6/1956,747.565
5/7/1956,784.377
5/8/1956,787.208
5/9/1956,778.713
5/10/1956,798.535
5/11/1956,773.05
5/12/1956,798.535
5/13/1956,773.05
5/14/1956,801.367
5/15/1956,795.703
5/16/1956,770.218
5/17/1956,750.396
5/18/1956,750.396
5/19/1956,790.04
5/20/1956,756.06
5/21/1956,784.377
5/22/1956,781.545
5/23/1956,790.04
5/24/1956,835.347
5/25/1956,860.832
5/26/1956,858
5/27/1956,812.694
5/28/1956,872.159
5/29/1956,858
5/30/1956,824.02
5/31/1956,846.674
6/1/1956,860.832
6/2/1956,852.337
6/3/1956,821.189
6/4/1956,874.991
6/5/1956,838.179
6/6/1956,906.139
6/7/1956,866.496
6/8/1956,849.505
6/9/1956,866.496
6/10/1956,945.783
6/11/1956,985.426
6/12/1956,979.763
6/13/1956,962.773
6/14/1956,957.109
6/15/1956,996.753
6/16/1956,1039.228
6/17/1956,968.436
6/18/1956,993.921
6/19/1956,988.258
6/20/1956,1005.248
6/21/1956,1002.416
6/22/1956,988.258
6/23/1956,1010.911
6/24/1956,945.783
6/25/1956,976.931
6/26/1956,985.426
6/27/1956,886.317
6/28/1956,838.179
6/29/1956,863.664
6/30/1956,863.664
7/1/1956,821.189
7/2/1956,843.842
7/3/1956,849.505
7/4/1956,815.525
7/5/1956,852.337
7/6/1956,872.159
7/7/1956,843.842
7/8/1956,846.674
7/9/1956,835.347
7/10/1956,821.189
7/11/1956,846.674
7/12/1956,846.674
7/13/1956,846.674
7/14/1956,858
7/15/1956,826.852
7/16/1956,852.337
7/17/1956,843.842
7/18/1956,849.505
7/19/1956,855.169
7/20/1956,855.169
7/21/1956,858
7/22/1956,821.189
7/23/1956,858
7/24/1956,872.159
7/25/1956,807.03
7/26/1956,798.535
7/27/1956,699.426
7/28/1956,846.674
7/29/1956,829.684
7/30/1956,826.852
7/31/1956,818.357
8/1/1956,843.842
8/2/1956,869.327
8/3/1956,866.496
8/4/1956,908.971
8/5/1956,815.525
8/6/1956,863.664
8/7/1956,855.169
8/8/1956,852.337
8/9/1956,835.347
8/10/1956,846.674
8/11/1956,855.169
8/12/1956,815.525
8/13/1956,852.337
8/14/1956,849.505
8/15/1956,821.189
8/16/1956,727.743
8/17/1956,688.099
8/18/1956,724.911
8/19/1956,719.248
8/20/1956,710.753
8/21/1956,733.406
8/22/1956,702.258
8/23/1956,685.268
8/24/1956,690.931
8/25/1956,693.763
8/26/1956,685.268
8/27/1956,713.585
8/28/1956,611.644
8/29/1956,557.842
8/30/1956,555.01
8/31/1956,563.505
9/1/1956,563.505
9/2/1956,538.02
9/3/1956,555.01
9/4/1956,594.654
9/5/1956,628.634
9/6/1956,620.139
9/7/1956,611.644
9/8/1956,634.297
9/9/1956,611.644
9/10/1956,634.297
9/11/1956,622.971
9/12/1956,622.971
9/13/1956,625.802
9/14/1956,608.812
9/15/1956,642.792
9/16/1956,634.297
9/17/1956,608.812
9/18/1956,535.188
9/19/1956,504.04
9/20/1956,506.872
9/21/1956,518.198
9/22/1956,478.555
9/23/1956,472.891
9/24/1956,546.515
9/25/1956,495.545
9/26/1956,506.872
9/27/1956,504.04
9/28/1956,526.693
9/29/1956,424.753
9/30/1956,427.584
10/1/1956,433.248
10/2/1956,430.416
10/3/1956,356.792
10/4/1956,430.416
10/5/1956,427.584
10/6/1956,430.416
10/7/1956,447.406
10/8/1956,464.396
10/9/1956,455.901
10/10/1956,478.555
10/11/1956,433.248
10/12/1956,504.04
10/13/1956,433.248
10/14/1956,444.574
10/15/1956,501.208
10/16/1956,413.426
10/17/1956,447.406
10/18/1956,424.753
10/19/1956,430.416
10/20/1956,481.386
10/21/1956,447.406
10/22/1956,481.386
10/23/1956,470.06
10/24/1956,487.05
10/25/1956,481.386
10/26/1956,481.386
10/27/1956,467.228
10/28/1956,453.07
10/29/1956,478.555
10/30/1956,464.396
10/31/1956,481.386
11/1/1956,470.06
11/2/1956,467.228
11/3/1956,478.555
11/4/1956,419.089
11/5/1956,509.703
11/6/1956,481.386
11/7/1956,472.891
11/8/1956,376.614
11/9/1956,376.614
11/10/1956,280.337
11/11/1956,249.188
11/12/1956,334.139
11/13/1956,300.159
11/14/1956,390.772
11/15/1956,436.079
11/16/1956,424.753
11/17/1956,430.416
11/18/1956,269.01
11/19/1956,407.763
11/20/1956,410.594
11/21/1956,348.297
11/22/1956,342.634
11/23/1956,345.466
11/24/1956,413.426
11/25/1956,342.634
11/26/1956,385.109
11/27/1956,402.099
11/28/1956,413.426
11/29/1956,413.426
11/30/1956,382.277
12/1/1956,421.921
12/2/1956,283.168
12/3/1956,402.099
12/4/1956,413.426
12/5/1956,407.763
12/6/1956,404.931
12/7/1956,390.772
12/8/1956,334.139
12/9/1956,252.02
12/10/1956,353.961
12/11/1956,294.495
12/12/1956,302.99
12/13/1956,314.317
12/14/1956,294.495
12/15/1956,280.337
12/16/1956,291.664
12/17/1956,308.654
12/18/1956,269.01
12/19/1956,223.703
12/20/1956,218.04
12/21/1956,266.178
12/22/1956,331.307
12/23/1956,226.535
12/24/1956,291.664
12/25/1956,201.05
12/26/1956,266.178
12/27/1956,288.832
12/28/1956,308.654
12/29/1956,235.03
12/30/1956,237.862
12/31/1956,311.485
1/1/1957,271.842
1/2/1957,305.822
1/3/1957,345.466
1/4/1957,351.129
1/5/1957,328.475
1/6/1957,325.644
1/7/1957,359.624
1/8/1957,336.97
1/9/1957,334.139
1/10/1957,314.317
1/11/1957,317.149
1/12/1957,283.168
1/13/1957,274.673
1/14/1957,362.456
1/15/1957,317.149
1/16/1957,331.307
1/17/1957,260.515
1/18/1957,266.178
1/19/1957,257.683
1/20/1957,294.495
1/21/1957,365.287
1/22/1957,334.139
1/23/1957,339.802
1/24/1957,351.129
1/25/1957,376.614
1/26/1957,339.802
1/27/1957,339.802
1/28/1957,410.594
1/29/1957,421.921
1/30/1957,427.584
1/31/1957,421.921
2/1/1957,430.416
2/2/1957,421.921
2/3/1957,353.961
2/4/1957,421.921
2/5/1957,407.763
2/6/1957,419.089
2/7/1957,416.258
2/8/1957,368.119
2/9/1957,353.961
2/10/1957,322.812
2/11/1957,407.763
2/12/1957,387.941
2/13/1957,387.941
2/14/1957,393.604
2/15/1957,390.772
2/16/1957,413.426
2/17/1957,334.139
2/18/1957,404.931
2/19/1957,419.089
2/20/1957,419.089
2/21/1957,419.089
2/22/1957,419.089
2/23/1957,436.079
2/24/1957,319.98
2/25/1957,410.594
2/26/1957,413.426
2/27/1957,407.763
2/28/1957,402.099
3/1/1957,393.604
3/2/1957,387.941
3/3/1957,342.634
3/4/1957,402.099
3/5/1957,382.277
3/6/1957,300.159
3/7/1957,311.485
3/8/1957,294.495
3/9/1957,302.99
3/10/1957,263.347
3/11/1957,280.337
3/12/1957,280.337
3/13/1957,277.505
3/14/1957,342.634
3/15/1957,317.149
3/16/1957,311.485
3/17/1957,243.525
3/18/1957,305.822
3/19/1957,294.495
3/20/1957,288.832
3/21/1957,283.168
3/22/1957,305.822
3/23/1957,348.297
3/24/1957,277.505
3/25/1957,317.149
3/26/1957,319.98
3/27/1957,359.624
3/28/1957,351.129
3/29/1957,351.129
3/30/1957,353.961
3/31/1957,413.426
4/1/1957,552.179
4/2/1957,552.179
4/3/1957,549.347
4/4/1957,549.347
4/5/1957,552.179
4/6/1957,546.515
4/7/1957,552.179
4/8/1957,549.347
4/9/1957,549.347
4/10/1957,552.179
4/11/1957,555.01
4/12/1957,555.01
4/13/1957,563.505
4/14/1957,566.337
4/15/1957,563.505
4/16/1957,566.337
4/17/1957,566.337
4/18/1957,566.337
4/19/1957,407.763
4/20/1957,379.446
4/21/1957,263.347
4/22/1957,410.594
4/23/1957,481.386
4/24/1957,475.723
4/25/1957,464.396
4/26/1957,407.763
4/27/1957,421.921
4/28/1957,240.693
4/29/1957,458.733
4/30/1957,481.386
5/1/1957,453.07
5/2/1957,464.396
5/3/1957,433.248
5/4/1957,407.763
5/5/1957,416.258
5/6/1957,455.901
5/7/1957,526.693
5/8/1957,518.198
5/9/1957,498.377
5/10/1957,707.921
5/11/1957,713.585
5/12/1957,702.258
5/13/1957,713.585
5/14/1957,705.089
5/15/1957,705.089
5/16/1957,710.753
5/17/1957,713.585
5/18/1957,705.089
5/19/1957,699.426
5/20/1957,710.753
5/21/1957,707.921
5/22/1957,710.753
5/23/1957,696.594
5/24/1957,611.644
5/25/1957,605.981
5/26/1957,605.981
5/27/1957,552.179
5/28/1957,588.99
5/29/1957,464.396
5/30/1957,288.832
5/31/1957,274.673
6/1/1957,254.852
6/2/1957,252.02
6/3/1957,252.02
6/4/1957,274.673
6/5/1957,495.545
6/6/1957,614.476
6/7/1957,495.545
6/8/1957,376.614
6/9/1957,288.832
6/10/1957,574.832
6/11/1957,594.654
6/12/1957,594.654
6/13/1957,501.208
6/14/1957,597.485
6/15/1957,566.337
6/16/1957,436.079
6/17/1957,492.713
6/18/1957,481.386
6/19/1957,549.347
6/20/1957,625.802
6/21/1957,611.644
6/22/1957,515.367
6/23/1957,416.258
6/24/1957,399.268
6/25/1957,396.436
6/26/1957,368.119
6/27/1957,376.614
6/28/1957,444.574
6/29/1957,453.07
6/30/1957,314.317
7/1/1957,458.733
7/2/1957,447.406
7/3/1957,455.901
7/4/1957,458.733
7/5/1957,441.743
7/6/1957,458.733
7/7/1957,447.406
7/8/1957,450.238
7/9/1957,410.594
7/10/1957,427.584
7/11/1957,430.416
7/12/1957,427.584
7/13/1957,438.911
7/14/1957,441.743
7/15/1957,489.881
7/16/1957,464.396
7/17/1957,458.733
7/18/1957,433.248
7/19/1957,427.584
7/20/1957,529.525
7/21/1957,588.99
7/22/1957,591.822
7/23/1957,588.99
7/24/1957,489.881
7/25/1957,404.931
7/26/1957,413.426
7/27/1957,450.238
7/28/1957,387.941
7/29/1957,453.07
7/30/1957,404.931
7/31/1957,489.881
8/1/1957,608.812
8/2/1957,572
8/3/1957,597.485
8/4/1957,506.872
8/5/1957,614.476
8/6/1957,625.802
8/7/1957,555.01
8/8/1957,501.208
8/9/1957,521.03
8/10/1957,685.268
8/11/1957,705.089
8/12/1957,713.585
8/13/1957,707.921
8/14/1957,727.743
8/15/1957,710.753
8/16/1957,716.416
8/17/1957,693.763
8/18/1957,707.921
8/19/1957,713.585
8/20/1957,702.258
8/21/1957,707.921
8/22/1957,705.089
8/23/1957,707.921
8/24/1957,710.753
8/25/1957,710.753
8/26/1957,690.931
8/27/1957,549.347
8/28/1957,543.683
8/29/1957,498.377
8/30/1957,481.386
8/31/1957,540.852
9/1/1957,399.268
9/2/1957,421.921
9/3/1957,512.535
9/4/1957,538.02
9/5/1957,509.703
9/6/1957,535.188
9/7/1957,506.872
9/8/1957,419.089
9/9/1957,529.525
9/10/1957,535.188
9/11/1957,424.753
9/12/1957,433.248
9/13/1957,453.07
9/14/1957,603.149
9/15/1957,529.525
9/16/1957,603.149
9/17/1957,614.476
9/18/1957,625.802
9/19/1957,628.634
9/20/1957,637.129
9/21/1957,620.139
9/22/1957,447.406
9/23/1957,540.852
9/24/1957,351.129
9/25/1957,351.129
9/26/1957,351.129
9/27/1957,336.97
9/28/1957,348.297
9/29/1957,260.515
9/30/1957,345.466
10/1/1957,308.654
10/2/1957,339.802
10/3/1957,362.456
10/4/1957,404.931
10/5/1957,413.426
10/6/1957,339.802
10/7/1957,436.079
10/8/1957,489.881
10/9/1957,487.05
10/10/1957,501.208
10/11/1957,402.099
10/12/1957,402.099
10/13/1957,271.842
10/14/1957,402.099
10/15/1957,410.594
10/16/1957,419.089
10/17/1957,402.099
10/18/1957,458.733
10/19/1957,453.07
10/20/1957,427.584
10/21/1957,455.901
10/22/1957,455.901
10/23/1957,416.258
10/24/1957,404.931
10/25/1957,518.198
10/26/1957,526.693
10/27/1957,441.743
10/28/1957,509.703
10/29/1957,257.683
10/30/1957,232.198
10/31/1957,232.198
11/1/1957,237.862
11/2/1957,237.862
11/3/1957,243.525
11/4/1957,235.03
11/5/1957,237.862
11/6/1957,240.693
11/7/1957,235.03
11/8/1957,232.198
11/9/1957,229.366
11/10/1957,229.366
11/11/1957,226.535
11/12/1957,232.198
11/13/1957,232.198
11/14/1957,229.366
11/15/1957,237.862
11/16/1957,237.862
11/17/1957,226.535
11/18/1957,345.466
11/19/1957,373.782
11/20/1957,334.139
11/21/1957,359.624
11/22/1957,331.307
11/23/1957,317.149
11/24/1957,300.159
11/25/1957,334.139
11/26/1957,308.654
11/27/1957,348.297
11/28/1957,229.366
11/29/1957,322.812
11/30/1957,376.614
12/1/1957,229.366
12/2/1957,351.129
12/3/1957,305.822
12/4/1957,286
12/5/1957,283.168
12/6/1957,308.654
12/7/1957,325.644
12/8/1957,243.525
12/9/1957,339.802
12/10/1957,353.961
12/11/1957,356.792
12/12/1957,334.139
12/13/1957,294.495
12/14/1957,240.693
12/15/1957,243.525
12/16/1957,328.475
12/17/1957,328.475
12/18/1957,305.822
12/19/1957,283.168
12/20/1957,328.475
12/21/1957,322.812
12/22/1957,322.812
12/23/1957,345.466
12/24/1957,291.664
12/25/1957,302.99
12/26/1957,334.139
12/27/1957,339.802
12/28/1957,396.436
12/29/1957,379.446
12/30/1957,427.584
12/31/1957,416.258
1/1/1958,365.287
1/2/1958,328.475
1/3/1958,334.139
1/4/1958,283.168
1/5/1958,252.02
1/6/1958,430.416
1/7/1958,430.416
1/8/1958,424.753
1/9/1958,436.079
1/10/1958,433.248
1/11/1958,413.426
1/12/1958,339.802
1/13/1958,427.584
1/14/1958,421.921
1/15/1958,424.753
1/16/1958,424.753
1/17/1958,427.584
1/18/1958,421.921
1/19/1958,407.763
1/20/1958,421.921
1/21/1958,421.921
1/22/1958,416.258
1/23/1958,416.258
1/24/1958,421.921
1/25/1958,433.248
1/26/1958,356.792
1/27/1958,430.416
1/28/1958,430.416
1/29/1958,430.416
1/30/1958,430.416
1/31/1958,427.584
2/1/1958,424.753
2/2/1958,257.683
2/3/1958,421.921
2/4/1958,419.089
2/5/1958,421.921
2/6/1958,421.921
2/7/1958,421.921
2/8/1958,368.119
2/9/1958,373.782
2/10/1958,365.287
2/11/1958,362.456
2/12/1958,362.456
2/13/1958,362.456
2/14/1958,362.456
2/15/1958,362.456
2/16/1958,257.683
2/17/1958,424.753
2/18/1958,424.753
2/19/1958,424.753
2/20/1958,444.574
2/21/1958,421.921
2/22/1958,407.763
2/23/1958,260.515
2/24/1958,294.495
2/25/1958,300.159
2/26/1958,302.99
2/27/1958,317.149
2/28/1958,351.129
3/1/1958,370.951
3/2/1958,356.792
3/3/1958,387.941
3/4/1958,387.941
3/5/1958,416.258
3/6/1958,421.921
3/7/1958,424.753
3/8/1958,421.921
3/9/1958,368.119
3/10/1958,376.614
3/11/1958,379.446
3/12/1958,368.119
3/13/1958,379.446
3/14/1958,376.614
3/15/1958,373.782
3/16/1958,407.763
3/17/1958,421.921
3/18/1958,421.921
3/19/1958,419.089
3/20/1958,421.921
3/21/1958,421.921
3/22/1958,427.584
3/23/1958,370.951
3/24/1958,373.782
3/25/1958,376.614
3/26/1958,379.446
3/27/1958,373.782
3/28/1958,376.614
3/29/1958,373.782
3/30/1958,407.763
3/31/1958,433.248
4/1/1958,487.05
4/2/1958,557.842
4/3/1958,574.832
4/4/1958,574.832
4/5/1958,577.664
4/6/1958,529.525
4/7/1958,382.277
4/8/1958,334.139
4/9/1958,399.268
4/10/1958,430.416
4/11/1958,455.901
4/12/1958,436.079
4/13/1958,348.297
4/14/1958,464.396
4/15/1958,419.089
4/16/1958,447.406
4/17/1958,458.733
4/18/1958,512.535
4/19/1958,563.505
4/20/1958,560.674
4/21/1958,566.337
4/22/1958,566.337
4/23/1958,566.337
4/24/1958,506.872
4/25/1958,535.188
4/26/1958,529.525
4/27/1958,563.505
4/28/1958,574.832
4/29/1958,569.169
4/30/1958,566.337
5/1/1958,572
5/2/1958,569.169
5/3/1958,572
5/4/1958,574.832
5/5/1958,572
5/6/1958,574.832
5/7/1958,572
5/8/1958,572
5/9/1958,574.832
5/10/1958,574.832
5/11/1958,574.832
5/12/1958,572
5/13/1958,572
5/14/1958,572
5/15/1958,569.169
5/16/1958,572
5/17/1958,572
5/18/1958,569.169
5/19/1958,569.169
5/20/1958,572
5/21/1958,563.505
5/22/1958,572
5/23/1958,572
5/24/1958,509.703
5/25/1958,475.723
5/26/1958,543.683
5/27/1958,470.06
5/28/1958,501.208
5/29/1958,515.367
5/30/1958,572
5/31/1958,574.832
6/1/1958,574.832
6/2/1958,588.99
6/3/1958,597.485
6/4/1958,710.753
6/5/1958,849.505
6/6/1958,849.505
6/7/1958,849.505
6/8/1958,846.674
6/9/1958,846.674
6/10/1958,849.505
6/11/1958,852.337
6/12/1958,849.505
6/13/1958,849.505
6/14/1958,846.674
6/15/1958,849.505
6/16/1958,852.337
6/17/1958,849.505
6/18/1958,846.674
6/19/1958,829.684
6/20/1958,832.515
6/21/1958,872.159
6/22/1958,849.505
6/23/1958,838.179
6/24/1958,858
6/25/1958,855.169
6/26/1958,846.674
6/27/1958,858
6/28/1958,863.664
6/29/1958,846.674
6/30/1958,863.664
7/1/1958,699.426
7/2/1958,625.802
7/3/1958,543.683
7/4/1958,453.07
7/5/1958,368.119
7/6/1958,365.287
7/7/1958,365.287
7/8/1958,370.951
7/9/1958,370.951
7/10/1958,373.782
7/11/1958,370.951
7/12/1958,368.119
7/13/1958,368.119
7/14/1958,368.119
7/15/1958,368.119
7/16/1958,370.951
7/17/1958,370.951
7/18/1958,362.456
7/19/1958,370.951
7/20/1958,365.287
7/21/1958,370.951
7/22/1958,286
7/23/1958,286
7/24/1958,286
7/25/1958,283.168
7/26/1958,169.901
7/27/1958,169.901
7/28/1958,169.901
7/29/1958,172.733
7/30/1958,172.733
7/31/1958,169.901
8/1/1958,169.901
8/2/1958,169.901
8/3/1958,169.901
8/4/1958,169.901
8/5/1958,169.901
8/6/1958,178.396
8/7/1958,172.733
8/8/1958,175.564
8/9/1958,169.901
8/10/1958,172.733
8/11/1958,286
8/12/1958,370.951
8/13/1958,450.238
8/14/1958,526.693
8/15/1958,591.822
8/16/1958,594.654
8/17/1958,591.822
8/18/1958,594.654
8/19/1958,679.604
8/20/1958,767.387
8/21/1958,855.169
8/22/1958,849.505
8/23/1958,852.337
8/24/1958,852.337
8/25/1958,846.674
8/26/1958,849.505
8/27/1958,849.505
8/28/1958,849.505
8/29/1958,849.505
8/30/1958,849.505
8/31/1958,846.674
9/1/1958,849.505
9/2/1958,849.505
9/3/1958,849.505
9/4/1958,852.337
9/5/1958,843.842
9/6/1958,855.169
9/7/1958,849.505
9/8/1958,846.674
9/9/1958,849.505
9/10/1958,855.169
9/11/1958,855.169
9/12/1958,852.337
9/13/1958,852.337
9/14/1958,855.169
9/15/1958,852.337
9/16/1958,852.337
9/17/1958,849.505
9/18/1958,849.505
9/19/1958,846.674
9/20/1958,846.674
9/21/1958,849.505
9/22/1958,849.505
9/23/1958,849.505
9/24/1958,849.505
9/25/1958,846.674
9/26/1958,849.505
9/27/1958,843.842
9/28/1958,758.891
9/29/1958,676.773
9/30/1958,574.832
10/1/1958,574.832
10/2/1958,572
10/3/1958,563.505
10/4/1958,563.505
10/5/1958,495.545
10/6/1958,572
10/7/1958,569.169
10/8/1958,549.347
10/9/1958,557.842
10/10/1958,546.515
10/11/1958,572
10/12/1958,498.377
10/13/1958,572
10/14/1958,572
10/15/1958,572
10/16/1958,563.505
10/17/1958,563.505
10/18/1958,560.674
10/19/1958,560.674
10/20/1958,560.674
10/21/1958,563.505
10/22/1958,560.674
10/23/1958,549.347
10/24/1958,532.357
10/25/1958,560.674
10/26/1958,560.674
10/27/1958,560.674
10/28/1958,557.842
10/29/1958,557.842
10/30/1958,557.842
10/31/1958,557.842
11/1/1958,523.862
11/2/1958,529.525
11/3/1958,521.03
11/4/1958,526.693
11/5/1958,526.693
11/6/1958,521.03
11/7/1958,523.862
11/8/1958,532.357
11/9/1958,509.703
11/10/1958,526.693
11/11/1958,467.228
11/12/1958,438.911
11/13/1958,472.891
11/14/1958,475.723
11/15/1958,484.218
11/16/1958,458.733
11/17/1958,433.248
11/18/1958,353.961
11/19/1958,404.931
11/20/1958,399.268
11/21/1958,396.436
11/22/1958,410.594
11/23/1958,325.644
11/24/1958,407.763
11/25/1958,404.931
11/26/1958,413.426
11/27/1958,376.614
11/28/1958,404.931
11/29/1958,410.594
11/30/1958,433.248
12/1/1958,427.584
12/2/1958,430.416
12/3/1958,430.416
12/4/1958,430.416
12/5/1958,416.258
12/6/1958,410.594
12/7/1958,470.06
12/8/1958,419.089
12/9/1958,416.258
12/10/1958,419.089
12/11/1958,421.921
12/12/1958,427.584
12/13/1958,424.753
12/14/1958,421.921
12/15/1958,424.753
12/16/1958,424.753
12/17/1958,421.921
12/18/1958,416.258
12/19/1958,424.753
12/20/1958,421.921
12/21/1958,419.089
12/22/1958,421.921
12/23/1958,413.426
12/24/1958,413.426
12/25/1958,353.961
12/26/1958,419.089
12/27/1958,416.258
12/28/1958,413.426
12/29/1958,416.258
12/30/1958,393.604
12/31/1958,393.604
1/1/1959,348.297
1/2/1959,319.98
1/3/1959,314.317
1/4/1959,314.317
1/5/1959,382.277
1/6/1959,421.921
1/7/1959,413.426
1/8/1959,419.089
1/9/1959,416.258
1/10/1959,419.089
1/11/1959,404.931
1/12/1959,413.426
1/13/1959,413.426
1/14/1959,419.089
1/15/1959,421.921
1/16/1959,421.921
1/17/1959,421.921
1/18/1959,421.921
1/19/1959,416.258
1/20/1959,421.921
1/21/1959,419.089
1/22/1959,421.921
1/23/1959,421.921
1/24/1959,419.089
1/25/1959,419.089
1/26/1959,419.089
1/27/1959,419.089
1/28/1959,419.089
1/29/1959,421.921
1/30/1959,421.921
1/31/1959,421.921
2/1/1959,419.089
2/2/1959,419.089
2/3/1959,421.921
2/4/1959,419.089
2/5/1959,421.921
2/6/1959,421.921
2/7/1959,424.753
2/8/1959,410.594
2/9/1959,419.089
2/10/1959,419.089
2/11/1959,421.921
2/12/1959,421.921
2/13/1959,421.921
2/14/1959,421.921
2/15/1959,368.119
2/16/1959,419.089
2/17/1959,416.258
2/18/1959,421.921
2/19/1959,419.089
2/20/1959,419.089
2/21/1959,419.089
2/22/1959,407.763
2/23/1959,419.089
2/24/1959,419.089
2/25/1959,419.089
2/26/1959,419.089
2/27/1959,419.089
2/28/1959,421.921
3/1/1959,402.099
3/2/1959,325.644
3/3/1959,336.97
3/4/1959,336.97
3/5/1959,339.802
3/6/1959,336.97
3/7/1959,334.139
3/8/1959,334.139
3/9/1959,325.644
3/10/1959,331.307
3/11/1959,328.475
3/12/1959,331.307
3/13/1959,325.644
3/14/1959,370.951
3/15/1959,413.426
3/16/1959,421.921
3/17/1959,421.921
3/18/1959,419.089
3/19/1959,427.584
3/20/1959,424.753
3/21/1959,424.753
3/22/1959,376.614
3/23/1959,314.317
3/24/1959,325.644
3/25/1959,317.149
3/26/1959,322.812
3/27/1959,328.475
3/28/1959,325.644
3/29/1959,325.644
3/30/1959,319.98
3/31/1959,319.98
4/1/1959,317.149
4/2/1959,317.149
4/3/1959,376.614
4/4/1959,498.377
4/5/1959,498.377
4/6/1959,566.337
4/7/1959,543.683
4/8/1959,563.505
4/9/1959,566.337
4/10/1959,566.337
4/11/1959,566.337
4/12/1959,566.337
4/13/1959,382.277
4/14/1959,382.277
4/15/1959,382.277
4/16/1959,382.277
4/17/1959,382.277
4/18/1959,382.277
4/19/1959,385.109
4/20/1959,382.277
4/21/1959,385.109
4/22/1959,385.109
4/23/1959,385.109
4/24/1959,385.109
4/25/1959,385.109
4/26/1959,419.089
4/27/1959,566.337
4/28/1959,566.337
4/29/1959,566.337
4/30/1959,566.337
5/1/1959,566.337
5/2/1959,566.337
5/3/1959,566.337
5/4/1959,566.337
5/5/1959,563.505
5/6/1959,566.337
5/7/1959,563.505
5/8/1959,563.505
5/9/1959,566.337
5/10/1959,526.693
5/11/1959,566.337
5/12/1959,566.337
5/13/1959,563.505
5/14/1959,563.505
5/15/1959,566.337
5/16/1959,566.337
5/17/1959,563.505
5/18/1959,555.01
5/19/1959,566.337
5/20/1959,563.505
5/21/1959,566.337
5/22/1959,563.505
5/23/1959,563.505
5/24/1959,563.505
5/25/1959,563.505
5/26/1959,563.505
5/27/1959,563.505
5/28/1959,566.337
5/29/1959,563.505
5/30/1959,566.337
5/31/1959,549.347
6/1/1959,555.01
6/2/1959,560.674
6/3/1959,557.842
6/4/1959,557.842
6/5/1959,557.842
6/6/1959,563.505
6/7/1959,563.505
6/8/1959,563.505
6/9/1959,563.505
6/10/1959,563.505
6/11/1959,566.337
6/12/1959,566.337
6/13/1959,566.337
6/14/1959,566.337
6/15/1959,566.337
6/16/1959,566.337
6/17/1959,566.337
6/18/1959,566.337
6/19/1959,569.169
6/20/1959,569.169
6/21/1959,572
6/22/1959,572
6/23/1959,572
6/24/1959,572
6/25/1959,574.832
6/26/1959,580.495
6/27/1959,583.327
6/28/1959,583.327
6/29/1959,560.674
6/30/1959,577.664
7/1/1959,591.822
7/2/1959,591.822
7/3/1959,591.822
7/4/1959,591.822
7/5/1959,591.822
7/6/1959,594.654
7/7/1959,594.654
7/8/1959,594.654
7/9/1959,591.822
7/10/1959,594.654
7/11/1959,594.654
7/12/1959,594.654
7/13/1959,594.654
7/14/1959,594.654
7/15/1959,419.089
7/16/1959,504.04
7/17/1959,424.753
7/18/1959,594.654
7/19/1959,594.654
7/20/1959,594.654
7/21/1959,594.654
7/22/1959,597.485
7/23/1959,597.485
7/24/1959,594.654
7/25/1959,594.654
7/26/1959,594.654
7/27/1959,588.99
7/28/1959,594.654
7/29/1959,597.485
7/30/1959,597.485
7/31/1959,597.485
8/1/1959,594.654
8/2/1959,594.654
8/3/1959,594.654
8/4/1959,594.654
8/5/1959,594.654
8/6/1959,594.654
8/7/1959,591.822
8/8/1959,594.654
8/9/1959,591.822
8/10/1959,591.822
8/11/1959,591.822
8/12/1959,572
8/13/1959,591.822
8/14/1959,594.654
8/15/1959,591.822
8/16/1959,591.822
8/17/1959,591.822
8/18/1959,591.822
8/19/1959,591.822
8/20/1959,591.822
8/21/1959,591.822
8/22/1959,591.822
8/23/1959,591.822
8/24/1959,591.822
8/25/1959,591.822
8/26/1959,588.99
8/27/1959,588.99
8/28/1959,588.99
8/29/1959,588.99
8/30/1959,588.99
8/31/1959,588.99
9/1/1959,588.99
9/2/1959,586.159
9/3/1959,586.159
9/4/1959,586.159
9/5/1959,586.159
9/6/1959,557.842
9/7/1959,586.159
9/8/1959,586.159
9/9/1959,586.159
9/10/1959,583.327
9/11/1959,583.327
9/12/1959,583.327
9/13/1959,583.327
9/14/1959,583.327
9/15/1959,583.327
9/16/1959,498.377
9/17/1959,583.327
9/18/1959,495.545
9/19/1959,583.327
9/20/1959,583.327
9/21/1959,580.495
9/22/1959,580.495
9/23/1959,441.743
9/24/1959,580.495
9/25/1959,580.495
9/26/1959,583.327
9/27/1959,583.327
9/28/1959,580.495
9/29/1959,572
9/30/1959,583.327
10/1/1959,580.495
10/2/1959,583.327
10/3/1959,580.495
10/4/1959,580.495
10/5/1959,580.495
10/6/1959,580.495
10/7/1959,427.584
10/8/1959,427.584
10/9/1959,427.584
10/10/1959,424.753
10/11/1959,356.792
10/12/1959,427.584
10/13/1959,424.753
10/14/1959,427.584
10/15/1959,421.921
10/16/1959,421.921
10/17/1959,424.753
10/18/1959,353.961
10/19/1959,424.753
10/20/1959,427.584
10/21/1959,430.416
10/22/1959,424.753
10/23/1959,345.466
10/24/1959,342.634
10/25/1959,300.159
10/26/1959,345.466
10/27/1959,348.297
10/28/1959,266.178
10/29/1959,269.01
10/30/1959,269.01
10/31/1959,286
11/1/1959,249.188
11/2/1959,336.97
11/3/1959,334.139
11/4/1959,504.04
11/5/1959,509.703
11/6/1959,532.357
11/7/1959,526.693
11/8/1959,521.03
11/9/1959,509.703
11/10/1959,512.535
11/11/1959,518.198
11/12/1959,512.535
11/13/1959,518.198
11/14/1959,529.525
11/15/1959,523.862
11/16/1959,438.911
11/17/1959,450.238
11/18/1959,447.406
11/19/1959,427.584
11/20/1959,430.416
11/21/1959,436.079
11/22/1959,342.634
11/23/1959,430.416
11/24/1959,433.248
11/25/1959,450.238
11/26/1959,399.268
11/27/1959,438.911
11/28/1959,447.406
11/29/1959,407.763
11/30/1959,436.079
12/1/1959,438.911
12/2/1959,441.743
12/3/1959,444.574
12/4/1959,450.238
12/5/1959,419.089
12/6/1959,421.921
12/7/1959,419.089
12/8/1959,419.089
12/9/1959,419.089
12/10/1959,404.931
12/11/1959,416.258
12/12/1959,427.584
12/13/1959,419.089
12/14/1959,427.584
12/15/1959,424.753
12/16/1959,421.921
12/17/1959,419.089
12/18/1959,419.089
12/19/1959,421.921
12/20/1959,424.753
12/21/1959,424.753
12/22/1959,421.921
12/23/1959,424.753
12/24/1959,427.584
12/25/1959,345.466
12/26/1959,410.594
12/27/1959,379.446
12/28/1959,424.753
12/29/1959,424.753
12/30/1959,421.921
12/31/1959,376.614
1/1/1960,286
1/2/1960,331.307
1/3/1960,345.466
1/4/1960,427.584
1/5/1960,362.456
1/6/1960,368.119
1/7/1960,325.644
1/8/1960,419.089
1/9/1960,362.456
1/10/1960,319.98
1/11/1960,419.089
1/12/1960,419.089
1/13/1960,424.753
1/14/1960,424.753
1/15/1960,424.753
1/16/1960,424.753
1/17/1960,424.753
1/18/1960,424.753
1/19/1960,427.584
1/20/1960,427.584
1/21/1960,427.584
1/22/1960,430.416
1/23/1960,430.416
1/24/1960,430.416
1/25/1960,430.416
1/26/1960,430.416
1/27/1960,430.416
1/28/1960,427.584
1/29/1960,427.584
1/30/1960,427.584
1/31/1960,402.099
2/1/1960,430.416
2/2/1960,433.248
2/3/1960,427.584
2/4/1960,393.604
2/5/1960,430.416
2/6/1960,416.258
2/7/1960,351.129
2/8/1960,424.753
2/9/1960,427.584
2/10/1960,430.416
2/11/1960,430.416
2/12/1960,427.584
2/13/1960,427.584
2/14/1960,424.753
2/15/1960,472.891
2/16/1960,521.03
2/17/1960,546.515
2/18/1960,566.337
2/19/1960,569.169
2/20/1960,569.169
2/21/1960,569.169
2/22/1960,572
2/23/1960,572
2/24/1960,569.169
2/25/1960,572
2/26/1960,572
2/27/1960,572
2/28/1960,572
2/29/1960,498.377
3/1/1960,450.238
3/2/1960,461.565
3/3/1960,461.565
3/4/1960,453.07
3/5/1960,450.238
3/6/1960,453.07
3/7/1960,453.07
3/8/1960,450.238
3/9/1960,447.406
3/10/1960,444.574
3/11/1960,447.406
3/12/1960,444.574
3/13/1960,447.406
3/14/1960,430.416
3/15/1960,433.248
3/16/1960,475.723
3/17/1960,453.07
3/18/1960,472.891
3/19/1960,427.584
3/20/1960,336.97
3/21/1960,512.535
3/22/1960,555.01
3/23/1960,538.02
3/24/1960,523.862
3/25/1960,509.703
3/26/1960,481.386
3/27/1960,336.97
3/28/1960,433.248
3/29/1960,402.099
3/30/1960,444.574
3/31/1960,455.901
4/1/1960,498.377
4/2/1960,436.079
4/3/1960,305.822
4/4/1960,492.713
4/5/1960,470.06
4/6/1960,461.565
4/7/1960,433.248
4/8/1960,393.604
4/9/1960,387.941
4/10/1960,260.515
4/11/1960,402.099
4/12/1960,424.753
4/13/1960,410.594
4/14/1960,390.772
4/15/1960,424.753
4/16/1960,506.872
4/17/1960,260.515
4/18/1960,407.763
4/19/1960,322.812
4/20/1960,226.535
4/21/1960,195.386
4/22/1960,226.535
4/23/1960,220.871
4/24/1960,172.733
4/25/1960,249.188
4/26/1960,192.555
4/27/1960,169.901
4/28/1960,172.733
4/29/1960,274.673
4/30/1960,305.822
5/1/1960,311.485
5/2/1960,325.644
5/3/1960,339.802
5/4/1960,334.139
5/5/1960,376.614
5/6/1960,538.02
5/7/1960,591.822
5/8/1960,523.862
5/9/1960,504.04
5/10/1960,504.04
5/11/1960,472.891
5/12/1960,461.565
5/13/1960,385.109
5/14/1960,283.168
5/15/1960,257.683
5/16/1960,274.673
5/17/1960,274.673
5/18/1960,277.505
5/19/1960,311.485
5/20/1960,444.574
5/21/1960,455.901
5/22/1960,461.565
5/23/1960,433.248
5/24/1960,419.089
5/25/1960,339.802
5/26/1960,305.822
5/27/1960,232.198
5/28/1960,232.198
5/29/1960,226.535
5/30/1960,229.366
5/31/1960,229.366
6/1/1960,226.535
6/2/1960,229.366
6/3/1960,226.535
6/4/1960,223.703
6/5/1960,229.366
6/6/1960,229.366
6/7/1960,223.703
6/8/1960,220.871
6/9/1960,223.703
6/10/1960,220.871
6/11/1960,249.188
6/12/1960,246.357
6/13/1960,218.04
6/14/1960,229.366
6/15/1960,240.693
6/16/1960,232.198
6/17/1960,280.337
6/18/1960,271.842
6/19/1960,271.842
6/20/1960,271.842
6/21/1960,229.366
6/22/1960,229.366
6/23/1960,229.366
6/24/1960,229.366
6/25/1960,229.366
6/26/1960,229.366
6/27/1960,229.366
6/28/1960,229.366
6/29/1960,226.535
6/30/1960,302.99
7/1/1960,302.99
7/2/1960,302.99
7/3/1960,297.327
7/4/1960,297.327
7/5/1960,305.822
7/6/1960,317.149
7/7/1960,319.98
7/8/1960,317.149
7/9/1960,311.485
7/10/1960,308.654
7/11/1960,308.654
7/12/1960,308.654
7/13/1960,305.822
7/14/1960,302.99
7/15/1960,300.159
7/16/1960,300.159
7/17/1960,300.159
7/18/1960,302.99
7/19/1960,302.99
7/20/1960,302.99
7/21/1960,305.822
7/22/1960,300.159
7/23/1960,305.822
7/24/1960,305.822
7/25/1960,280.337
7/26/1960,274.673
7/27/1960,305.822
7/28/1960,314.317
7/29/1960,302.99
7/30/1960,308.654
7/31/1960,311.485
8/1/1960,339.802
8/2/1960,348.297
8/3/1960,339.802
8/4/1960,339.802
8/5/1960,342.634
8/6/1960,336.97
8/7/1960,336.97
8/8/1960,339.802
8/9/1960,339.802
8/10/1960,345.466
8/11/1960,339.802
8/12/1960,336.97
8/13/1960,339.802
8/14/1960,336.97
8/15/1960,382.277
8/16/1960,382.277
8/17/1960,382.277
8/18/1960,385.109
8/19/1960,379.446
8/20/1960,382.277
8/21/1960,382.277
8/22/1960,404.931
8/23/1960,404.931
8/24/1960,407.763
8/25/1960,407.763
8/26/1960,351.129
8/27/1960,345.466
8/28/1960,342.634
8/29/1960,348.297
8/30/1960,331.307
8/31/1960,286
9/1/1960,283.168
9/2/1960,294.495
9/3/1960,314.317
9/4/1960,288.832
9/5/1960,288.832
9/6/1960,288.832
9/7/1960,291.664
9/8/1960,322.812
9/9/1960,322.812
9/10/1960,322.812
9/11/1960,322.812
9/12/1960,322.812
9/13/1960,373.782
9/14/1960,382.277
9/15/1960,379.446
9/16/1960,382.277
9/17/1960,385.109
9/18/1960,382.277
9/19/1960,385.109
9/20/1960,382.277
9/21/1960,379.446
9/22/1960,385.109
9/23/1960,382.277
9/24/1960,382.277
9/25/1960,379.446
9/26/1960,368.119
9/27/1960,368.119
9/28/1960,368.119
9/29/1960,368.119
9/30/1960,302.99
10/1/1960,300.159
10/2/1960,294.495
10/3/1960,305.822
10/4/1960,294.495
10/5/1960,294.495
10/6/1960,266.178
10/7/1960,269.01
10/8/1960,263.347
10/9/1960,260.515
10/10/1960,263.347
10/11/1960,257.683
10/12/1960,232.198
10/13/1960,243.525
10/14/1960,240.693
10/15/1960,240.693
10/16/1960,232.198
10/17/1960,232.198
10/18/1960,243.525
10/19/1960,243.525
10/20/1960,232.198
10/21/1960,237.862
10/22/1960,235.03
10/23/1960,229.366
10/24/1960,232.198
10/25/1960,232.198
10/26/1960,243.525
10/27/1960,291.664
10/28/1960,291.664
10/29/1960,291.664
10/30/1960,291.664
10/31/1960,297.327
11/1/1960,297.327
11/2/1960,291.664
11/3/1960,280.337
11/4/1960,277.505
11/5/1960,280.337
11/6/1960,280.337
11/7/1960,286
11/8/1960,277.505
11/9/1960,283.168
11/10/1960,274.673
11/11/1960,277.505
11/12/1960,274.673
11/13/1960,274.673
11/14/1960,274.673
11/15/1960,277.505
11/16/1960,271.842
11/17/1960,342.634
11/18/1960,419.089
11/19/1960,419.089
11/20/1960,427.584
11/21/1960,424.753
11/22/1960,427.584
11/23/1960,430.416
11/24/1960,416.258
11/25/1960,421.921
11/26/1960,419.089
11/27/1960,419.089
11/28/1960,421.921
11/29/1960,424.753
11/30/1960,424.753
12/1/1960,424.753
12/2/1960,413.426
12/3/1960,438.911
12/4/1960,427.584
12/5/1960,396.436
12/6/1960,424.753
12/7/1960,427.584
12/8/1960,424.753
12/9/1960,433.248
12/10/1960,427.584
12/11/1960,433.248
12/12/1960,427.584
12/13/1960,433.248
12/14/1960,427.584
12/15/1960,436.079
12/16/1960,430.416
12/17/1960,427.584
12/18/1960,413.426
12/19/1960,441.743
12/20/1960,424.753
12/21/1960,427.584
12/22/1960,430.416
12/23/1960,433.248
12/24/1960,433.248
12/25/1960,416.258
12/26/1960,433.248
12/27/1960,433.248
12/28/1960,436.079
12/29/1960,427.584
12/30/1960,427.584
12/31/1960,427.584
1/1/1961,509.703
1/2/1961,563.505
1/3/1961,569.169
1/4/1961,566.337
1/5/1961,566.337
1/6/1961,566.337
1/7/1961,560.674
1/8/1961,563.505
1/9/1961,563.505
1/10/1961,563.505
1/11/1961,563.505
1/12/1961,566.337
1/13/1961,569.169
1/14/1961,566.337
1/15/1961,560.674
1/16/1961,569.169
1/17/1961,566.337
1/18/1961,566.337
1/19/1961,569.169
1/20/1961,569.169
1/21/1961,560.674
1/22/1961,563.505
1/23/1961,563.505
1/24/1961,572
1/25/1961,580.495
1/26/1961,577.664
1/27/1961,577.664
1/28/1961,583.327
1/29/1961,583.327
1/30/1961,557.842
1/31/1961,557.842
2/1/1961,563.505
2/2/1961,560.674
2/3/1961,572
2/4/1961,572
2/5/1961,574.832
2/6/1961,569.169
2/7/1961,566.337
2/8/1961,569.169
2/9/1961,569.169
2/10/1961,566.337
2/11/1961,574.832
2/12/1961,523.862
2/13/1961,552.179
2/14/1961,560.674
2/15/1961,563.505
2/16/1961,566.337
2/17/1961,566.337
2/18/1961,532.357
2/19/1961,509.703
2/20/1961,504.04
2/21/1961,504.04
2/22/1961,532.357
2/23/1961,535.188
2/24/1961,549.347
2/25/1961,557.842
2/26/1961,512.535
2/27/1961,532.357
2/28/1961,546.515
3/1/1961,543.683
3/2/1961,532.357
3/3/1961,546.515
3/4/1961,549.347
3/5/1961,549.347
3/6/1961,552.179
3/7/1961,557.842
3/8/1961,552.179
3/9/1961,543.683
3/10/1961,546.515
3/11/1961,555.01
3/12/1961,549.347
3/13/1961,552.179
3/14/1961,552.179
3/15/1961,552.179
3/16/1961,555.01
3/17/1961,557.842
3/18/1961,495.545
3/19/1961,495.545
3/20/1961,495.545
3/21/1961,438.911
3/22/1961,430.416
3/23/1961,424.753
3/24/1961,424.753
3/25/1961,424.753
3/26/1961,421.921
3/27/1961,574.832
3/28/1961,662.614
3/29/1961,682.436
3/30/1961,659.783
3/31/1961,662.614
4/1/1961,659.783
4/2/1961,569.169
4/3/1961,569.169
4/4/1961,569.169
4/5/1961,569.169
4/6/1961,566.337
4/7/1961,572
4/8/1961,572
4/9/1961,521.03
4/10/1961,574.832
4/11/1961,574.832
4/12/1961,577.664
4/13/1961,574.832
4/14/1961,569.169
4/15/1961,572
4/16/1961,509.703
4/17/1961,574.832
4/18/1961,577.664
4/19/1961,563.505
4/20/1961,563.505
4/21/1961,563.505
4/22/1961,563.505
4/23/1961,512.535
4/24/1961,523.862
4/25/1961,566.337
4/26/1961,569.169
4/27/1961,569.169
4/28/1961,569.169
4/29/1961,572
4/30/1961,518.198
5/1/1961,569.169
5/2/1961,577.664
5/3/1961,572
5/4/1961,569.169
5/5/1961,574.832
5/6/1961,572
5/7/1961,515.367
5/8/1961,574.832
5/9/1961,574.832
5/10/1961,577.664
5/11/1961,552.179
5/12/1961,557.842
5/13/1961,563.505
5/14/1961,506.872
5/15/1961,566.337
5/16/1961,569.169
5/17/1961,569.169
5/18/1961,546.515
5/19/1961,540.852
5/20/1961,529.525
5/21/1961,382.277
5/22/1961,515.367
5/23/1961,515.367
5/24/1961,515.367
5/25/1961,481.386
5/26/1961,436.079
5/27/1961,390.772
5/28/1961,387.941
5/29/1961,362.456
5/30/1961,356.792
5/31/1961,478.555
6/1/1961,472.891
6/2/1961,467.228
6/3/1961,441.743
6/4/1961,416.258
6/5/1961,424.753
6/6/1961,427.584
6/7/1961,413.426
6/8/1961,404.931
6/9/1961,373.782
6/10/1961,373.782
6/11/1961,339.802
6/12/1961,288.832
6/13/1961,286
6/14/1961,478.555
6/15/1961,569.169
6/16/1961,566.337
6/17/1961,563.505
6/18/1961,501.208
6/19/1961,404.931
6/20/1961,286
6/21/1961,286
6/22/1961,283.168
6/23/1961,286
6/24/1961,286
6/25/1961,288.832
6/26/1961,288.832
6/27/1961,297.327
6/28/1961,291.664
6/29/1961,288.832
6/30/1961,322.812
7/1/1961,322.812
7/2/1961,325.644
7/3/1961,325.644
7/4/1961,325.644
7/5/1961,286
7/6/1961,311.485
7/7/1961,300.159
7/8/1961,288.832
7/9/1961,286
7/10/1961,286
7/11/1961,351.129
7/12/1961,348.297
7/13/1961,348.297
7/14/1961,359.624
7/15/1961,345.466
7/16/1961,342.634
7/17/1961,348.297
7/18/1961,348.297
7/19/1961,351.129
7/20/1961,390.772
7/21/1961,404.931
7/22/1961,370.951
7/23/1961,365.287
7/24/1961,419.089
7/25/1961,492.713
7/26/1961,523.862
7/27/1961,515.367
7/28/1961,543.683
7/29/1961,546.515
7/30/1961,413.426
7/31/1961,523.862
8/1/1961,529.525
8/2/1961,489.881
8/3/1961,560.674
8/4/1961,566.337
8/5/1961,464.396
8/6/1961,481.386
8/7/1961,472.891
8/8/1961,376.614
8/9/1961,410.594
8/10/1961,484.218
8/11/1961,421.921
8/12/1961,385.109
8/13/1961,348.297
8/14/1961,475.723
8/15/1961,385.109
8/16/1961,518.198
8/17/1961,475.723
8/18/1961,433.248
8/19/1961,348.297
8/20/1961,311.485
8/21/1961,404.931
8/22/1961,433.248
8/23/1961,475.723
8/24/1961,436.079
8/25/1961,532.357
8/26/1961,546.515
8/27/1961,436.079
8/28/1961,382.277
8/29/1961,393.604
8/30/1961,368.119
8/31/1961,348.297
9/1/1961,288.832
9/2/1961,291.664
9/3/1961,288.832
9/4/1961,291.664
9/5/1961,257.683
9/6/1961,269.01
9/7/1961,254.852
9/8/1961,254.852
9/9/1961,254.852
9/10/1961,246.357
9/11/1961,252.02
9/12/1961,274.673
9/13/1961,249.188
9/14/1961,252.02
9/15/1961,246.357
9/16/1961,223.703
9/17/1961,232.198
9/18/1961,223.703
9/19/1961,206.713
9/20/1961,212.376
9/21/1961,195.386
9/22/1961,201.05
9/23/1961,203.881
9/24/1961,189.723
9/25/1961,195.386
9/26/1961,189.723
9/27/1961,178.396
9/28/1961,178.396
9/29/1961,184.06
9/30/1961,172.733
10/1/1961,172.733
10/2/1961,172.733
10/3/1961,178.396
10/4/1961,178.396
10/5/1961,181.228
10/6/1961,172.733
10/7/1961,172.733
10/8/1961,175.564
10/9/1961,172.733
10/10/1961,266.178
10/11/1961,342.634
10/12/1961,339.802
10/13/1961,362.456
10/14/1961,359.624
10/15/1961,387.941
10/16/1961,605.981
10/17/1961,665.446
10/18/1961,693.763
10/19/1961,702.258
10/20/1961,750.396
10/21/1961,750.396
10/22/1961,676.773
10/23/1961,758.891
10/24/1961,722.08
10/25/1961,773.05
10/26/1961,707.921
10/27/1961,690.931
10/28/1961,730.575
10/29/1961,586.159
10/30/1961,716.416
10/31/1961,682.436
11/1/1961,639.961
11/2/1961,733.406
11/3/1961,724.911
11/4/1961,761.723
11/5/1961,673.941
11/6/1961,767.387
11/7/1961,787.208
11/8/1961,815.525
11/9/1961,792.872
11/10/1961,761.723
11/11/1961,758.891
11/12/1961,750.396
11/13/1961,795.703
11/14/1961,809.862
11/15/1961,809.862
11/16/1961,815.525
11/17/1961,815.525
11/18/1961,818.357
11/19/1961,795.703
11/20/1961,730.575
11/21/1961,713.585
11/22/1961,665.446
11/23/1961,450.238
11/24/1961,509.703
11/25/1961,555.01
11/26/1961,475.723
11/27/1961,424.753
11/28/1961,430.416
11/29/1961,430.416
11/30/1961,433.248
12/1/1961,433.248
12/2/1961,424.753
12/3/1961,427.584
12/4/1961,427.584
12/5/1961,421.921
12/6/1961,427.584
12/7/1961,421.921
12/8/1961,424.753
12/9/1961,421.921
12/10/1961,424.753
12/11/1961,424.753
12/12/1961,424.753
12/13/1961,424.753
12/14/1961,427.584
12/15/1961,436.079
12/16/1961,427.584
12/17/1961,424.753
12/18/1961,427.584
12/19/1961,464.396
12/20/1961,501.208
12/21/1961,529.525
12/22/1961,574.832
12/23/1961,572
12/24/1961,572
12/25/1961,563.505
12/26/1961,566.337
12/27/1961,594.654
12/28/1961,594.654
12/29/1961,603.149
12/30/1961,597.485
12/31/1961,588.99
1/1/1962,588.99
1/2/1962,577.664
1/3/1962,577.664
1/4/1962,588.99
1/5/1962,594.654
1/6/1962,588.99
1/7/1962,594.654
1/8/1962,591.822
1/9/1962,591.822
1/10/1962,560.674
1/11/1962,560.674
1/12/1962,572
1/13/1962,563.505
1/14/1962,563.505
1/15/1962,586.159
1/16/1962,591.822
1/17/1962,594.654
1/18/1962,594.654
1/19/1962,594.654
1/20/1962,600.317
1/21/1962,605.981
1/22/1962,600.317
1/23/1962,608.812
1/24/1962,605.981
1/25/1962,614.476
1/26/1962,620.139
1/27/1962,620.139
1/28/1962,620.139
1/29/1962,625.802
1/30/1962,622.971
1/31/1962,620.139
2/1/1962,617.307
2/2/1962,620.139
2/3/1962,620.139
2/4/1962,620.139
2/5/1962,622.971
2/6/1962,625.802
2/7/1962,625.802
2/8/1962,625.802
2/9/1962,631.466
2/10/1962,631.466
2/11/1962,637.129
2/12/1962,631.466
2/13/1962,634.297
2/14/1962,639.961
2/15/1962,634.297
2/16/1962,645.624
2/17/1962,637.129
2/18/1962,639.961
2/19/1962,642.792
2/20/1962,639.961
2/21/1962,634.297
2/22/1962,637.129
2/23/1962,634.297
2/24/1962,639.961
2/25/1962,637.129
2/26/1962,634.297
2/27/1962,637.129
2/28/1962,637.129
3/1/1962,637.129
3/2/1962,634.297
3/3/1962,631.466
3/4/1962,631.466
3/5/1962,639.961
3/6/1962,634.297
3/7/1962,639.961
3/8/1962,634.297
3/9/1962,637.129
3/10/1962,637.129
3/11/1962,634.297
3/12/1962,642.792
3/13/1962,642.792
3/14/1962,648.456
3/15/1962,645.624
3/16/1962,574.832
3/17/1962,572
3/18/1962,487.05
3/19/1962,526.693
3/20/1962,538.02
3/21/1962,566.337
3/22/1962,574.832
3/23/1962,580.495
3/24/1962,577.664
3/25/1962,572
3/26/1962,572
3/27/1962,588.99
3/28/1962,566.337
3/29/1962,572
3/30/1962,597.485
3/31/1962,603.149
4/1/1962,580.495
4/2/1962,586.159
4/3/1962,552.179
4/4/1962,555.01
4/5/1962,563.505
4/6/1962,552.179
4/7/1962,741.901
4/8/1962,656.951
4/9/1962,747.565
4/10/1962,719.248
4/11/1962,739.07
4/12/1962,722.08
4/13/1962,580.495
4/14/1962,552.179
4/15/1962,495.545
4/16/1962,620.139
4/17/1962,617.307
4/18/1962,622.971
4/19/1962,645.624
4/20/1962,665.446
4/21/1962,668.278
4/22/1962,591.822
4/23/1962,526.693
4/24/1962,523.862
4/25/1962,552.179
4/26/1962,518.198
4/27/1962,549.347
4/28/1962,580.495
4/29/1962,450.238
4/30/1962,535.188
5/1/1962,467.228
5/2/1962,509.703
5/3/1962,472.891
5/4/1962,455.901
5/5/1962,438.911
5/6/1962,427.584
5/7/1962,430.416
5/8/1962,447.406
5/9/1962,557.842
5/10/1962,605.981
5/11/1962,634.297
5/12/1962,603.149
5/13/1962,637.129
5/14/1962,622.971
5/15/1962,699.426
5/16/1962,696.594
5/17/1962,572
5/18/1962,617.307
5/19/1962,699.426
5/20/1962,611.644
5/21/1962,668.278
5/22/1962,690.931
5/23/1962,727.743
5/24/1962,682.436
5/25/1962,705.089
5/26/1962,707.921
5/27/1962,685.268
5/28/1962,688.099
5/29/1962,722.08
5/30/1962,713.585
5/31/1962,702.258
6/1/1962,532.357
6/2/1962,682.436
6/3/1962,475.723
6/4/1962,792.872
6/5/1962,849.505
6/6/1962,880.654
6/7/1962,886.317
6/8/1962,668.278
6/9/1962,849.505
6/10/1962,637.129
6/11/1962,846.674
6/12/1962,900.476
6/13/1962,880.654
6/14/1962,843.842
6/15/1962,809.862
6/16/1962,761.723
6/17/1962,639.961
6/18/1962,637.129
6/19/1962,297.327
6/20/1962,220.871
6/21/1962,209.545
6/22/1962,263.347
6/23/1962,212.376
6/24/1962,235.03
6/25/1962,359.624
6/26/1962,271.842
6/27/1962,277.505
6/28/1962,328.475
6/29/1962,283.168
6/30/1962,235.03
7/1/1962,209.545
7/2/1962,203.881
7/3/1962,263.347
7/4/1962,203.881
7/5/1962,212.376
7/6/1962,348.297
7/7/1962,339.802
7/8/1962,260.515
7/9/1962,410.594
7/10/1962,515.367
7/11/1962,495.545
7/12/1962,512.535
7/13/1962,317.149
7/14/1962,215.208
7/15/1962,175.564
7/16/1962,532.357
7/17/1962,441.743
7/18/1962,393.604
7/19/1962,385.109
7/20/1962,453.07
7/21/1962,455.901
7/22/1962,413.426
7/23/1962,478.555
7/24/1962,529.525
7/25/1962,390.772
7/26/1962,450.238
7/27/1962,365.287
7/28/1962,257.683
7/29/1962,198.218
7/30/1962,387.941
7/31/1962,215.208
8/1/1962,220.871
8/2/1962,277.505
8/3/1962,319.98
8/4/1962,404.931
8/5/1962,297.327
8/6/1962,308.654
8/7/1962,342.634
8/8/1962,382.277
8/9/1962,362.456
8/10/1962,342.634
8/11/1962,297.327
8/12/1962,218.04
8/13/1962,260.515
8/14/1962,201.05
8/15/1962,186.891
8/16/1962,172.733
8/17/1962,184.06
8/18/1962,169.901
8/19/1962,169.901
8/20/1962,172.733
8/21/1962,223.703
8/22/1962,254.852
8/23/1962,246.357
8/24/1962,201.05
8/25/1962,203.881
8/26/1962,198.218
8/27/1962,229.366
8/28/1962,223.703
8/29/1962,226.535
8/30/1962,232.198
8/31/1962,206.713
9/1/1962,206.713
9/2/1962,206.713
9/3/1962,206.713
9/4/1962,167.069
9/5/1962,169.901
9/6/1962,169.901
9/7/1962,172.733
9/8/1962,172.733
9/9/1962,164.238
9/10/1962,169.901
9/11/1962,169.901
9/12/1962,237.862
9/13/1962,192.555
9/14/1962,198.218
9/15/1962,175.564
9/16/1962,175.564
9/17/1962,175.564
9/18/1962,178.396
9/19/1962,172.733
9/20/1962,169.901
9/21/1962,169.901
9/22/1962,178.396
9/23/1962,169.901
9/24/1962,359.624
9/25/1962,356.792
9/26/1962,368.119
9/27/1962,379.446
9/28/1962,387.941
9/29/1962,240.693
9/30/1962,169.901
10/1/1962,260.515
10/2/1962,206.713
10/3/1962,274.673
10/4/1962,302.99
10/5/1962,271.842
10/6/1962,232.198
10/7/1962,172.733
10/8/1962,302.99
10/9/1962,240.693
10/10/1962,263.347
10/11/1962,342.634
10/12/1962,342.634
10/13/1962,218.04
10/14/1962,167.069
10/15/1962,249.188
10/16/1962,203.881
10/17/1962,212.376
10/18/1962,189.723
10/19/1962,195.386
10/20/1962,181.228
10/21/1962,175.564
10/22/1962,175.564
10/23/1962,178.396
10/24/1962,232.198
10/25/1962,189.723
10/26/1962,178.396
10/27/1962,175.564
10/28/1962,169.901
10/29/1962,212.376
10/30/1962,175.564
10/31/1962,203.881
11/1/1962,181.228
11/2/1962,181.228
11/3/1962,189.723
11/4/1962,178.396
11/5/1962,206.713
11/6/1962,184.06
11/7/1962,215.208
11/8/1962,206.713
11/9/1962,178.396
11/10/1962,169.901
11/11/1962,167.069
11/12/1962,169.901
11/13/1962,169.901
11/14/1962,192.555
11/15/1962,175.564
11/16/1962,226.535
11/17/1962,201.05
11/18/1962,172.733
11/19/1962,300.159
11/20/1962,286
11/21/1962,280.337
11/22/1962,266.178
11/23/1962,271.842
11/24/1962,271.842
11/25/1962,271.842
11/26/1962,274.673
11/27/1962,274.673
11/28/1962,328.475
11/29/1962,331.307
11/30/1962,331.307
12/1/1962,356.792
12/2/1962,348.297
12/3/1962,419.089
12/4/1962,376.614
12/5/1962,387.941
12/6/1962,370.951
12/7/1962,365.287
12/8/1962,376.614
12/9/1962,365.287
12/10/1962,407.763
12/11/1962,424.753
12/12/1962,433.248
12/13/1962,433.248
12/14/1962,419.089
12/15/1962,413.426
12/16/1962,407.763
12/17/1962,416.258
12/18/1962,410.594
12/19/1962,427.584
12/20/1962,438.911
12/21/1962,438.911
12/22/1962,416.258
12/23/1962,416.258
12/24/1962,419.089
12/25/1962,416.258
12/26/1962,416.258
12/27/1962,416.258
12/28/1962,438.911
12/29/1962,438.911
12/30/1962,436.079
12/31/1962,450.238
1/1/1963,453.07
1/2/1963,481.386
1/3/1963,478.555
1/4/1963,475.723
1/5/1963,481.386
1/6/1963,475.723
1/7/1963,506.872
1/8/1963,501.208
1/9/1963,504.04
1/10/1963,501.208
1/11/1963,501.208
1/12/1963,563.505
1/13/1963,552.179
1/14/1963,580.495
1/15/1963,620.139
1/16/1963,614.476
1/17/1963,620.139
1/18/1963,614.476
1/19/1963,608.812
1/20/1963,645.624
1/21/1963,679.604
1/22/1963,699.426
1/23/1963,719.248
1/24/1963,724.911
1/25/1963,707.921
1/26/1963,656.951
1/27/1963,588.99
1/28/1963,591.822
1/29/1963,555.01
1/30/1963,509.703
1/31/1963,506.872
2/1/1963,492.713
2/2/1963,501.208
2/3/1963,498.377
2/4/1963,498.377
2/5/1963,475.723
2/6/1963,472.891
2/7/1963,470.06
2/8/1963,512.535
2/9/1963,529.525
2/10/1963,529.525
2/11/1963,557.842
2/12/1963,557.842
2/13/1963,566.337
2/14/1963,563.505
2/15/1963,583.327
2/16/1963,617.307
2/17/1963,617.307
2/18/1963,648.456
2/19/1963,639.961
2/20/1963,645.624
2/21/1963,645.624
2/22/1963,637.129
2/23/1963,611.644
2/24/1963,608.812
2/25/1963,645.624
2/26/1963,651.287
2/27/1963,665.446
2/28/1963,682.436
3/1/1963,671.109
3/2/1963,642.792
3/3/1963,608.812
3/4/1963,654.119
3/5/1963,648.456
3/6/1963,651.287
3/7/1963,659.783
3/8/1963,671.109
3/9/1963,648.456
3/10/1963,622.971
3/11/1963,676.773
3/12/1963,588.99
3/13/1963,682.436
3/14/1963,651.287
3/15/1963,645.624
3/16/1963,648.456
3/17/1963,574.832
3/18/1963,583.327
3/19/1963,577.664
3/20/1963,580.495
3/21/1963,586.159
3/22/1963,512.535
3/23/1963,506.872
3/24/1963,509.703
3/25/1963,504.04
3/26/1963,509.703
3/27/1963,444.574
3/28/1963,438.911
3/29/1963,351.129
3/30/1963,288.832
3/31/1963,288.832
4/1/1963,322.812
4/2/1963,288.832
4/3/1963,291.664
4/4/1963,297.327
4/5/1963,294.495
4/6/1963,223.703
4/7/1963,220.871
4/8/1963,314.317
4/9/1963,404.931
4/10/1963,458.733
4/11/1963,410.594
4/12/1963,257.683
4/13/1963,235.03
4/14/1963,184.06
4/15/1963,314.317
4/16/1963,404.931
4/17/1963,679.604
4/18/1963,679.604
4/19/1963,668.278
4/20/1963,662.614
4/21/1963,654.119
4/22/1963,741.901
4/23/1963,543.683
4/24/1963,874.991
4/25/1963,710.753
4/26/1963,764.555
4/27/1963,430.416
4/28/1963,184.06
4/29/1963,353.961
4/30/1963,240.693
5/1/1963,198.218
5/2/1963,209.545
5/3/1963,226.535
5/4/1963,184.06
5/5/1963,184.06
5/6/1963,249.188
5/7/1963,254.852
5/8/1963,206.713
5/9/1963,252.02
5/10/1963,240.693
5/11/1963,223.703
5/12/1963,178.396
5/13/1963,325.644
5/14/1963,314.317
5/15/1963,220.871
5/16/1963,288.832
5/17/1963,246.357
5/18/1963,181.228
5/19/1963,178.396
5/20/1963,359.624
5/21/1963,311.485
5/22/1963,269.01
5/23/1963,240.693
5/24/1963,198.218
5/25/1963,195.386
5/26/1963,181.228
5/27/1963,286
5/28/1963,246.357
5/29/1963,232.198
5/30/1963,181.228
5/31/1963,286
6/1/1963,362.456
6/2/1963,348.297
6/3/1963,535.188
6/4/1963,475.723
6/5/1963,518.198
6/6/1963,447.406
6/7/1963,504.04
6/8/1963,501.208
6/9/1963,555.01
6/10/1963,549.347
6/11/1963,393.604
6/12/1963,334.139
6/13/1963,339.802
6/14/1963,336.97
6/15/1963,359.624
6/16/1963,475.723
6/17/1963,563.505
6/18/1963,566.337
6/19/1963,557.842
6/20/1963,419.089
6/21/1963,351.129
6/22/1963,311.485
6/23/1963,308.654
6/24/1963,472.891
6/25/1963,549.347
6/26/1963,549.347
6/27/1963,549.347
6/28/1963,467.228
6/29/1963,385.109
6/30/1963,345.466
7/1/1963,348.297
7/2/1963,334.139
7/3/1963,396.436
7/4/1963,336.97
7/5/1963,444.574
7/6/1963,387.941
7/7/1963,314.317
7/8/1963,368.119
7/9/1963,334.139
7/10/1963,331.307
7/11/1963,294.495
7/12/1963,328.475
7/13/1963,334.139
7/14/1963,453.07
7/15/1963,498.377
7/16/1963,523.862
7/17/1963,685.268
7/18/1963,634.297
7/19/1963,679.604
7/20/1963,730.575
7/21/1963,682.436
7/22/1963,744.733
7/23/1963,741.901
7/24/1963,642.792
7/25/1963,535.188
7/26/1963,410.594
7/27/1963,413.426
7/28/1963,345.466
7/29/1963,387.941
7/30/1963,359.624
7/31/1963,376.614
8/1/1963,359.624
8/2/1963,345.466
8/3/1963,342.634
8/4/1963,348.297
8/5/1963,342.634
8/6/1963,351.129
8/7/1963,353.961
8/8/1963,351.129
8/9/1963,345.466
8/10/1963,271.842
8/11/1963,274.673
8/12/1963,280.337
8/13/1963,274.673
8/14/1963,271.842
8/15/1963,184.06
8/16/1963,178.396
8/17/1963,172.733
8/18/1963,175.564
8/19/1963,172.733
8/20/1963,175.564
8/21/1963,172.733
8/22/1963,169.901
8/23/1963,169.901
8/24/1963,172.733
8/25/1963,175.564
8/26/1963,175.564
8/27/1963,172.733
8/28/1963,169.901
8/29/1963,172.733
8/30/1963,175.564
8/31/1963,175.564
9/1/1963,172.733
9/2/1963,169.901
9/3/1963,172.733
9/4/1963,172.733
9/5/1963,169.901
9/6/1963,172.733
9/7/1963,172.733
9/8/1963,169.901
9/9/1963,189.723
9/10/1963,175.564
9/11/1963,172.733
9/12/1963,178.396
9/13/1963,178.396
9/14/1963,283.168
9/15/1963,280.337
9/16/1963,336.97
9/17/1963,331.307
9/18/1963,334.139
9/19/1963,339.802
9/20/1963,336.97
9/21/1963,339.802
9/22/1963,331.307
9/23/1963,345.466
9/24/1963,342.634
9/25/1963,345.466
9/26/1963,342.634
9/27/1963,348.297
9/28/1963,345.466
9/29/1963,353.961
9/30/1963,342.634
10/1/1963,348.297
10/2/1963,348.297
10/3/1963,351.129
10/4/1963,345.466
10/5/1963,345.466
10/6/1963,345.466
10/7/1963,348.297
10/8/1963,351.129
10/9/1963,348.297
10/10/1963,345.466
10/11/1963,291.664
10/12/1963,288.832
10/13/1963,286
10/14/1963,286
10/15/1963,286
10/16/1963,297.327
10/17/1963,286
10/18/1963,288.832
10/19/1963,283.168
10/20/1963,283.168
10/21/1963,286
10/22/1963,286
10/23/1963,286
10/24/1963,288.832
10/25/1963,291.664
10/26/1963,308.654
10/27/1963,294.495
10/28/1963,291.664
10/29/1963,300.159
10/30/1963,291.664
10/31/1963,286
11/1/1963,331.307
11/2/1963,286
11/3/1963,283.168
11/4/1963,283.168
11/5/1963,286
11/6/1963,283.168
11/7/1963,286
11/8/1963,283.168
11/9/1963,286
11/10/1963,305.822
11/11/1963,368.119
11/12/1963,444.574
11/13/1963,461.565
11/14/1963,436.079
11/15/1963,436.079
11/16/1963,407.763
11/17/1963,407.763
11/18/1963,433.248
11/19/1963,495.545
11/20/1963,549.347
11/21/1963,611.644
11/22/1963,608.812
11/23/1963,668.278
11/24/1963,566.337
11/25/1963,685.268
11/26/1963,696.594
11/27/1963,727.743
11/28/1963,702.258
11/29/1963,705.089
11/30/1963,707.921
12/1/1963,707.921
12/2/1963,764.555
12/3/1963,756.06
12/4/1963,733.406
12/5/1963,727.743
12/6/1963,741.901
12/7/1963,747.565
12/8/1963,764.555
12/9/1963,716.416
12/10/1963,639.961
12/11/1963,651.287
12/12/1963,639.961
12/13/1963,645.624
12/14/1963,645.624
12/15/1963,645.624
12/16/1963,662.614
12/17/1963,690.931
12/18/1963,716.416
12/19/1963,648.456
12/20/1963,625.802
12/21/1963,628.634
12/22/1963,634.297
12/23/1963,625.802
12/24/1963,625.802
12/25/1963,628.634
12/26/1963,631.466
12/27/1963,628.634
12/28/1963,631.466
12/29/1963,628.634
12/30/1963,634.297
12/31/1963,631.466
1/1/1964,628.634
1/2/1964,628.634
1/3/1964,631.466
1/4/1964,631.466
1/5/1964,628.634
1/6/1964,628.634
1/7/1964,651.287
1/8/1964,665.446
1/9/1964,668.278
1/10/1964,662.614
1/11/1964,662.614
1/12/1964,668.278
1/13/1964,716.416
1/14/1964,716.416
1/15/1964,716.416
1/16/1964,722.08
1/17/1964,713.585
1/18/1964,713.585
1/19/1964,685.268
1/20/1964,716.416
1/21/1964,719.248
1/22/1964,719.248
1/23/1964,719.248
1/24/1964,744.733
1/25/1964,744.733
1/26/1964,750.396
1/27/1964,775.882
1/28/1964,770.218
1/29/1964,778.713
1/30/1964,770.218
1/31/1964,767.387
2/1/1964,770.218
2/2/1964,767.387
2/3/1964,773.05
2/4/1964,787.208
2/5/1964,781.545
2/6/1964,773.05
2/7/1964,773.05
2/8/1964,773.05
2/9/1964,773.05
2/10/1964,784.377
2/11/1964,792.872
2/12/1964,784.377
2/13/1964,787.208
2/14/1964,775.882
2/15/1964,778.713
2/16/1964,781.545
2/17/1964,778.713
2/18/1964,778.713
2/19/1964,781.545
2/20/1964,781.545
2/21/1964,781.545
2/22/1964,705.089
2/23/1964,705.089
2/24/1964,705.089
2/25/1964,705.089
2/26/1964,784.377
2/27/1964,781.545
2/28/1964,784.377
2/29/1964,792.872
3/1/1964,801.367
3/2/1964,787.208
3/3/1964,792.872
3/4/1964,804.198
3/5/1964,792.872
3/6/1964,696.594
3/7/1964,690.931
3/8/1964,699.426
3/9/1964,770.218
3/10/1964,801.367
3/11/1964,809.862
3/12/1964,807.03
3/13/1964,758.891
3/14/1964,724.911
3/15/1964,724.911
3/16/1964,724.911
3/17/1964,727.743
3/18/1964,662.614
3/19/1964,656.951
3/20/1964,662.614
3/21/1964,739.07
3/22/1964,662.614
3/23/1964,458.733
3/24/1964,421.921
3/25/1964,421.921
3/26/1964,421.921
3/27/1964,416.258
3/28/1964,419.089
3/29/1964,421.921
3/30/1964,424.753
3/31/1964,427.584
4/1/1964,421.921
4/2/1964,424.753
4/3/1964,427.584
4/4/1964,424.753
4/5/1964,421.921
4/6/1964,501.208
4/7/1964,682.436
4/8/1964,679.604
4/9/1964,682.436
4/10/1964,679.604
4/11/1964,603.149
4/12/1964,600.317
4/13/1964,614.476
4/14/1964,600.317
4/15/1964,597.485
4/16/1964,600.317
4/17/1964,600.317
4/18/1964,600.317
4/19/1964,608.812
4/20/1964,549.347
4/21/1964,489.881
4/22/1964,441.743
4/23/1964,438.911
4/24/1964,438.911
4/25/1964,438.911
4/26/1964,433.248
4/27/1964,436.079
4/28/1964,504.04
4/29/1964,509.703
4/30/1964,509.703
5/1/1964,504.04
5/2/1964,504.04
5/3/1964,504.04
5/4/1964,532.357
5/5/1964,532.357
5/6/1964,566.337
5/7/1964,566.337
5/8/1964,566.337
5/9/1964,566.337
5/10/1964,563.505
5/11/1964,563.505
5/12/1964,566.337
5/13/1964,566.337
5/14/1964,572
5/15/1964,569.169
5/16/1964,572
5/17/1964,509.703
5/18/1964,506.872
5/19/1964,453.07
5/20/1964,286
5/21/1964,283.168
5/22/1964,283.168
5/23/1964,286
5/24/1964,283.168
5/25/1964,286
5/26/1964,280.337
5/27/1964,280.337
5/28/1964,280.337
5/29/1964,280.337
5/30/1964,280.337
5/31/1964,277.505
6/1/1964,280.337
6/2/1964,274.673
6/3/1964,274.673
6/4/1964,274.673
6/5/1964,311.485
6/6/1964,373.782
6/7/1964,376.614
6/8/1964,625.802
6/9/1964,458.733
6/10/1964,416.258
6/11/1964,433.248
6/12/1964,512.535
6/13/1964,504.04
6/14/1964,447.406
6/15/1964,645.624
6/16/1964,722.08
6/17/1964,821.189
6/18/1964,767.387
6/19/1964,792.872
6/20/1964,716.416
6/21/1964,628.634
6/22/1964,781.545
6/23/1964,781.545
6/24/1964,778.713
6/25/1964,790.04
6/26/1964,798.535
6/27/1964,682.436
6/28/1964,574.832
6/29/1964,563.505
6/30/1964,436.079
7/1/1964,345.466
7/2/1964,353.961
7/3/1964,334.139
7/4/1964,336.97
7/5/1964,342.634
7/6/1964,342.634
7/7/1964,365.287
7/8/1964,348.297
7/9/1964,331.307
7/10/1964,325.644
7/11/1964,331.307
7/12/1964,322.812
7/13/1964,351.129
7/14/1964,351.129
7/15/1964,356.792
7/16/1964,348.297
7/17/1964,342.634
7/18/1964,342.634
7/19/1964,331.307
7/20/1964,345.466
7/21/1964,348.297
7/22/1964,345.466
7/23/1964,345.466
7/24/1964,339.802
7/25/1964,342.634
7/26/1964,339.802
7/27/1964,368.119
7/28/1964,430.416
7/29/1964,353.961
7/30/1964,345.466
7/31/1964,385.109
8/1/1964,339.802
8/2/1964,334.139
8/3/1964,424.753
8/4/1964,365.287
8/5/1964,345.466
8/6/1964,342.634
8/7/1964,353.961
8/8/1964,351.129
8/9/1964,345.466
8/10/1964,345.466
8/11/1964,342.634
8/12/1964,342.634
8/13/1964,345.466
8/14/1964,345.466
8/15/1964,342.634
8/16/1964,348.297
8/17/1964,348.297
8/18/1964,353.961
8/19/1964,379.446
8/20/1964,322.812
8/21/1964,322.812
8/22/1964,325.644
8/23/1964,317.149
8/24/1964,342.634
8/25/1964,331.307
8/26/1964,328.475
8/27/1964,328.475
8/28/1964,331.307
8/29/1964,331.307
8/30/1964,336.97
8/31/1964,331.307
9/1/1964,379.446
9/2/1964,402.099
9/3/1964,404.931
9/4/1964,413.426
9/5/1964,416.258
9/6/1964,322.812
9/7/1964,325.644
9/8/1964,464.396
9/9/1964,501.208
9/10/1964,501.208
9/11/1964,546.515
9/12/1964,552.179
9/13/1964,481.386
9/14/1964,552.179
9/15/1964,549.347
9/16/1964,543.683
9/17/1964,560.674
9/18/1964,555.01
9/19/1964,560.674
9/20/1964,521.03
9/21/1964,563.505
9/22/1964,552.179
9/23/1964,557.842
9/24/1964,557.842
9/25/1964,560.674
9/26/1964,566.337
9/27/1964,495.545
9/28/1964,560.674
9/29/1964,572
9/30/1964,557.842
10/1/1964,557.842
10/2/1964,563.505
10/3/1964,498.377
10/4/1964,404.931
10/5/1964,512.535
10/6/1964,501.208
10/7/1964,453.07
10/8/1964,450.238
10/9/1964,455.901
10/10/1964,464.396
10/11/1964,467.228
10/12/1964,560.674
10/13/1964,461.565
10/14/1964,441.743
10/15/1964,302.99
10/16/1964,175.564
10/17/1964,169.901
10/18/1964,172.733
10/19/1964,373.782
10/20/1964,438.911
10/21/1964,441.743
10/22/1964,447.406
10/23/1964,444.574
10/24/1964,436.079
10/25/1964,433.248
10/26/1964,430.416
10/27/1964,450.238
10/28/1964,438.911
10/29/1964,436.079
10/30/1964,436.079
10/31/1964,436.079
11/1/1964,385.109
11/2/1964,557.842
11/3/1964,555.01
11/4/1964,560.674
11/5/1964,560.674
11/6/1964,566.337
11/7/1964,563.505
11/8/1964,450.238
11/9/1964,560.674
11/10/1964,560.674
11/11/1964,569.169
11/12/1964,569.169
11/13/1964,563.505
11/14/1964,566.337
11/15/1964,560.674
11/16/1964,614.476
11/17/1964,569.169
11/18/1964,719.248
11/19/1964,733.406
11/20/1964,829.684
11/21/1964,846.674
11/22/1964,739.07
11/23/1964,874.991
11/24/1964,877.822
11/25/1964,874.991
11/26/1964,739.07
11/27/1964,645.624
11/28/1964,518.198
11/29/1964,512.535
11/30/1964,515.367
12/1/1964,515.367
12/2/1964,515.367
12/3/1964,512.535
12/4/1964,515.367
12/5/1964,512.535
12/6/1964,509.703
12/7/1964,574.832
12/8/1964,634.297
12/9/1964,634.297
12/10/1964,634.297
12/11/1964,628.634
12/12/1964,637.129
12/13/1964,628.634
12/14/1964,639.961
12/15/1964,639.961
12/16/1964,642.792
12/17/1964,651.287
12/18/1964,665.446
12/19/1964,688.099
12/20/1964,696.594
12/21/1964,688.099
12/22/1964,688.099
12/23/1964,685.268
12/24/1964,699.426
12/25/1964,710.753
12/26/1964,713.585
12/27/1964,707.921
12/28/1964,713.585
12/29/1964,713.585
12/30/1964,727.743
12/31/1964,733.406
1/1/1965,730.575
1/2/1965,739.07
1/3/1965,739.07
1/4/1965,739.07
1/5/1965,736.238
1/6/1965,750.396
1/7/1965,761.723
1/8/1965,758.891
1/9/1965,758.891
1/10/1965,761.723
1/11/1965,761.723
1/12/1965,770.218
1/13/1965,775.882
1/14/1965,773.05
1/15/1965,781.545
1/16/1965,781.545
1/17/1965,773.05
1/18/1965,798.535
1/19/1965,795.703
1/20/1965,798.535
1/21/1965,798.535
1/22/1965,807.03
1/23/1965,807.03
1/24/1965,804.198
1/25/1965,807.03
1/26/1965,807.03
1/27/1965,818.357
1/28/1965,843.842
1/29/1965,829.684
1/30/1965,826.852
1/31/1965,824.02
2/1/1965,826.852
2/2/1965,832.515
2/3/1965,841.01
2/4/1965,838.179
2/5/1965,832.515
2/6/1965,852.337
2/7/1965,849.505
2/8/1965,855.169
2/9/1965,846.674
2/10/1965,849.505
2/11/1965,843.842
2/12/1965,846.674
2/13/1965,841.01
2/14/1965,846.674
2/15/1965,858
2/16/1965,869.327
2/17/1965,841.01
2/18/1965,829.684
2/19/1965,858
2/20/1965,858
2/21/1965,866.496
2/22/1965,872.159
2/23/1965,874.991
2/24/1965,874.991
2/25/1965,874.991
2/26/1965,860.832
2/27/1965,880.654
2/28/1965,872.159
3/1/1965,877.822
3/2/1965,877.822
3/3/1965,874.991
3/4/1965,869.327
3/5/1965,872.159
3/6/1965,874.991
3/7/1965,832.515
3/8/1965,824.02
3/9/1965,829.684
3/10/1965,832.515
3/11/1965,835.347
3/12/1965,838.179
3/13/1965,835.347
3/14/1965,826.852
3/15/1965,843.842
3/16/1965,841.01
3/17/1965,773.05
3/18/1965,778.713
3/19/1965,809.862
3/20/1965,849.505
3/21/1965,852.337
3/22/1965,880.654
3/23/1965,880.654
3/24/1965,877.822
3/25/1965,877.822
3/26/1965,872.159
3/27/1965,889.149
3/28/1965,883.486
3/29/1965,886.317
3/30/1965,889.149
3/31/1965,889.149
4/1/1965,821.189
4/2/1965,826.852
4/3/1965,824.02
4/4/1965,818.357
4/5/1965,821.189
4/6/1965,824.02
4/7/1965,855.169
4/8/1965,866.496
4/9/1965,767.387
4/10/1965,761.723
4/11/1965,764.555
4/12/1965,841.01
4/13/1965,767.387
4/14/1965,778.713
4/15/1965,787.208
4/16/1965,710.753
4/17/1965,594.654
4/18/1965,594.654
4/19/1965,594.654
4/20/1965,676.773
4/21/1965,790.04
4/22/1965,790.04
4/23/1965,795.703
4/24/1965,563.505
4/25/1965,557.842
4/26/1965,557.842
4/27/1965,563.505
4/28/1965,467.228
4/29/1965,436.079
4/30/1965,345.466
5/1/1965,402.099
5/2/1965,365.287
5/3/1965,353.961
5/4/1965,569.169
5/5/1965,521.03
5/6/1965,455.901
5/7/1965,362.456
5/8/1965,334.139
5/9/1965,328.475
5/10/1965,498.377
5/11/1965,430.416
5/12/1965,603.149
5/13/1965,521.03
5/14/1965,504.04
5/15/1965,679.604
5/16/1965,535.188
5/17/1965,727.743
5/18/1965,920.298
5/19/1965,908.971
5/20/1965,908.971
5/21/1965,934.456
5/22/1965,948.614
5/23/1965,775.882
5/24/1965,784.377
5/25/1965,747.565
5/26/1965,750.396
5/27/1965,764.555
5/28/1965,775.882
5/29/1965,761.723
5/30/1965,512.535
5/31/1965,637.129
6/1/1965,707.921
6/2/1965,702.258
6/3/1965,710.753
6/4/1965,744.733
6/5/1965,838.179
6/6/1965,829.684
6/7/1965,824.02
6/8/1965,832.515
6/9/1965,835.347
6/10/1965,835.347
6/11/1965,832.515
6/12/1965,826.852
6/13/1965,824.02
6/14/1965,747.565
6/15/1965,744.733
6/16/1965,838.179
6/17/1965,894.812
6/18/1965,883.486
6/19/1965,863.664
6/20/1965,790.04
6/21/1965,778.713
6/22/1965,413.426
6/23/1965,404.931
6/24/1965,404.931
6/25/1965,402.099
6/26/1965,671.109
6/27/1965,492.713
6/28/1965,489.881
6/29/1965,659.783
6/30/1965,659.783
7/1/1965,656.951
7/2/1965,654.119
7/3/1965,651.287
7/4/1965,648.456
7/5/1965,651.287
7/6/1965,648.456
7/7/1965,741.901
7/8/1965,761.723
7/9/1965,747.565
7/10/1965,821.189
7/11/1965,767.387
7/12/1965,807.03
7/13/1965,736.238
7/14/1965,736.238
7/15/1965,586.159
7/16/1965,586.159
7/17/1965,489.881
7/18/1965,444.574
7/19/1965,487.05
7/20/1965,566.337
7/21/1965,597.485
7/22/1965,594.654
7/23/1965,600.317
7/24/1965,413.426
7/25/1965,438.911
7/26/1965,353.961
7/27/1965,356.792
7/28/1965,348.297
7/29/1965,348.297
7/30/1965,353.961
7/31/1965,416.258
8/1/1965,419.089
8/2/1965,572
8/3/1965,790.04
8/4/1965,756.06
8/5/1965,673.941
8/6/1965,574.832
8/7/1965,370.951
8/8/1965,348.297
8/9/1965,356.792
8/10/1965,359.624
8/11/1965,351.129
8/12/1965,291.664
8/13/1965,280.337
8/14/1965,277.505
8/15/1965,271.842
8/16/1965,291.664
8/17/1965,291.664
8/18/1965,300.159
8/19/1965,297.327
8/20/1965,297.327
8/21/1965,300.159
8/22/1965,297.327
8/23/1965,297.327
8/24/1965,297.327
8/25/1965,297.327
8/26/1965,291.664
8/27/1965,291.664
8/28/1965,291.664
8/29/1965,283.168
8/30/1965,280.337
8/31/1965,294.495
9/1/1965,288.832
9/2/1965,286
9/3/1965,294.495
9/4/1965,277.505
9/5/1965,280.337
9/6/1965,280.337
9/7/1965,280.337
9/8/1965,274.673
9/9/1965,277.505
9/10/1965,288.832
9/11/1965,288.832
9/12/1965,274.673
9/13/1965,283.168
9/14/1965,286
9/15/1965,280.337
9/16/1965,291.664
9/17/1965,342.634
9/18/1965,288.832
9/19/1965,294.495
9/20/1965,339.802
9/21/1965,385.109
9/22/1965,390.772
9/23/1965,450.238
9/24/1965,540.852
9/25/1965,549.347
9/26/1965,555.01
9/27/1965,557.842
9/28/1965,563.505
9/29/1965,552.179
9/30/1965,722.08
10/1/1965,724.911
10/2/1965,682.436
10/3/1965,574.832
10/4/1965,741.901
10/5/1965,917.466
10/6/1965,866.496
10/7/1965,914.634
10/8/1965,920.298
10/9/1965,917.466
10/10/1965,685.268
10/11/1965,880.654
10/12/1965,843.842
10/13/1965,832.515
10/14/1965,829.684
10/15/1965,880.654
10/16/1965,807.03
10/17/1965,662.614
10/18/1965,869.327
10/19/1965,812.694
10/20/1965,858
10/21/1965,818.357
10/22/1965,869.327
10/23/1965,866.496
10/24/1965,685.268
10/25/1965,880.654
10/26/1965,829.684
10/27/1965,889.149
10/28/1965,911.802
10/29/1965,866.496
10/30/1965,880.654
10/31/1965,824.02
11/1/1965,795.703
11/2/1965,815.525
11/3/1965,931.624
11/4/1965,968.436
11/5/1965,954.278
11/6/1965,948.614
11/7/1965,832.515
11/8/1965,931.624
11/9/1965,948.614
11/10/1965,945.783
11/11/1965,957.109
11/12/1965,889.149
11/13/1965,957.109
11/14/1965,891.981
11/15/1965,945.783
11/16/1965,976.931
11/17/1965,959.941
11/18/1965,968.436
11/19/1965,954.278
11/20/1965,914.634
11/21/1965,821.189
11/22/1965,965.604
11/23/1965,906.139
11/24/1965,962.773
11/25/1965,914.634
11/26/1965,945.783
11/27/1965,988.258
11/28/1965,940.119
11/29/1965,971.268
11/30/1965,858
12/1/1965,807.03
12/2/1965,770.218
12/3/1965,679.604
12/4/1965,920.298
12/5/1965,730.575
12/6/1965,962.773
12/7/1965,954.278
12/8/1965,880.654
12/9/1965,846.674
12/10/1965,880.654
12/11/1965,688.099
12/12/1965,546.515
12/13/1965,945.783
12/14/1965,968.436
12/15/1965,1008.08
12/16/1965,1010.911
12/17/1965,1019.406
12/18/1965,1056.218
12/19/1965,1025.07
12/20/1965,1008.08
12/21/1965,1022.238
12/22/1965,1039.228
12/23/1965,1087.367
12/24/1965,1084.535
12/25/1965,693.763
12/26/1965,685.268
12/27/1965,705.089
12/28/1965,707.921
12/29/1965,710.753
12/30/1965,713.585
12/31/1965,569.169
1/1/1966,421.921
1/2/1966,424.753
1/3/1966,421.921
1/4/1966,430.416
1/5/1966,487.05
1/6/1966,569.169
1/7/1966,580.495
1/8/1966,591.822
1/9/1966,622.971
1/10/1966,668.278
1/11/1966,656.951
1/12/1966,688.099
1/13/1966,648.456
1/14/1966,639.961
1/15/1966,642.792
1/16/1966,671.109
1/17/1966,690.931
1/18/1966,699.426
1/19/1966,710.753
1/20/1966,716.416
1/21/1966,736.238
1/22/1966,753.228
1/23/1966,775.882
1/24/1966,792.872
1/25/1966,807.03
1/26/1966,824.02
1/27/1966,843.842
1/28/1966,832.515
1/29/1966,841.01
1/30/1966,852.337
1/31/1966,849.505
2/1/1966,863.664
2/2/1966,877.822
2/3/1966,880.654
2/4/1966,877.822
2/5/1966,874.991
2/6/1966,826.852
2/7/1966,877.822
2/8/1966,855.169
2/9/1966,798.535
2/10/1966,855.169
2/11/1966,826.852
2/12/1966,809.862
2/13/1966,804.198
2/14/1966,829.684
2/15/1966,852.337
2/16/1966,866.496
2/17/1966,829.684
2/18/1966,863.664
2/19/1966,866.496
2/20/1966,841.01
2/21/1966,880.654
2/22/1966,824.02
2/23/1966,804.198
2/24/1966,795.703
2/25/1966,829.684
2/26/1966,756.06
2/27/1966,671.109
2/28/1966,736.238
3/1/1966,719.248
3/2/1966,747.565
3/3/1966,756.06
3/4/1966,591.822
3/5/1966,733.406
3/6/1966,747.565
3/7/1966,756.06
3/8/1966,761.723
3/9/1966,764.555
3/10/1966,707.921
3/11/1966,676.773
3/12/1966,659.783
3/13/1966,654.119
3/14/1966,535.188
3/15/1966,444.574
3/16/1966,447.406
3/17/1966,450.238
3/18/1966,461.565
3/19/1966,447.406
3/20/1966,433.248
3/21/1966,572
3/22/1966,603.149
3/23/1966,577.664
3/24/1966,574.832
3/25/1966,572
3/26/1966,424.753
3/27/1966,294.495
3/28/1966,291.664
3/29/1966,291.664
3/30/1966,291.664
3/31/1966,277.505
4/1/1966,274.673
4/2/1966,277.505
4/3/1966,226.535
4/4/1966,274.673
4/5/1966,288.832
4/6/1966,288.832
4/7/1966,263.347
4/8/1966,254.852
4/9/1966,249.188
4/10/1966,249.188
4/11/1966,252.02
4/12/1966,252.02
4/13/1966,249.188
4/14/1966,246.357
4/15/1966,240.693
4/16/1966,240.693
4/17/1966,246.357
4/18/1966,243.525
4/19/1966,243.525
4/20/1966,246.357
4/21/1966,243.525
4/22/1966,246.357
4/23/1966,240.693
4/24/1966,243.525
4/25/1966,246.357
4/26/1966,246.357
4/27/1966,240.693
4/28/1966,243.525
4/29/1966,243.525
4/30/1966,243.525
5/1/1966,246.357
5/2/1966,243.525
5/3/1966,243.525
5/4/1966,240.693
5/5/1966,243.525
5/6/1966,246.357
5/7/1966,243.525
5/8/1966,246.357
5/9/1966,254.852
5/10/1966,246.357
5/11/1966,240.693
5/12/1966,240.693
5/13/1966,252.02
5/14/1966,243.525
5/15/1966,274.673
5/16/1966,283.168
5/17/1966,294.495
5/18/1966,297.327
5/19/1966,291.664
5/20/1966,300.159
5/21/1966,288.832
5/22/1966,274.673
5/23/1966,283.168
5/24/1966,291.664
5/25/1966,297.327
5/26/1966,302.99
5/27/1966,294.495
5/28/1966,297.327
5/29/1966,291.664
5/30/1966,286
5/31/1966,297.327
6/1/1966,356.792
6/2/1966,286
6/3/1966,277.505
6/4/1966,288.832
6/5/1966,277.505
6/6/1966,288.832
6/7/1966,300.159
6/8/1966,297.327
6/9/1966,317.149
6/10/1966,297.327
6/11/1966,297.327
6/12/1966,297.327
6/13/1966,300.159
6/14/1966,294.495
6/15/1966,294.495
6/16/1966,334.139
6/17/1966,339.802
6/18/1966,336.97
6/19/1966,339.802
6/20/1966,342.634
6/21/1966,339.802
6/22/1966,339.802
6/23/1966,339.802
6/24/1966,348.297
6/25/1966,266.178
6/26/1966,339.802
6/27/1966,345.466
6/28/1966,402.099
6/29/1966,402.099
6/30/1966,404.931
7/1/1966,393.604
7/2/1966,410.594
7/3/1966,416.258
7/4/1966,407.763
7/5/1966,416.258
7/6/1966,489.881
7/7/1966,489.881
7/8/1966,495.545
7/9/1966,489.881
7/10/1966,492.713
7/11/1966,484.218
7/12/1966,506.872
7/13/1966,504.04
7/14/1966,489.881
7/15/1966,492.713
7/16/1966,504.04
7/17/1966,498.377
7/18/1966,504.04
7/19/1966,498.377
7/20/1966,495.545
7/21/1966,501.208
7/22/1966,501.208
7/23/1966,495.545
7/24/1966,498.377
7/25/1966,501.208
7/26/1966,509.703
7/27/1966,498.377
7/28/1966,495.545
7/29/1966,495.545
7/30/1966,504.04
7/31/1966,501.208
8/1/1966,498.377
8/2/1966,495.545
8/3/1966,501.208
8/4/1966,501.208
8/5/1966,478.555
8/6/1966,436.079
8/7/1966,444.574
8/8/1966,458.733
8/9/1966,470.06
8/10/1966,421.921
8/11/1966,424.753
8/12/1966,430.416
8/13/1966,535.188
8/14/1966,557.842
8/15/1966,552.179
8/16/1966,566.337
8/17/1966,552.179
8/18/1966,549.347
8/19/1966,546.515
8/20/1966,549.347
8/21/1966,552.179
8/22/1966,549.347
8/23/1966,557.842
8/24/1966,555.01
8/25/1966,552.179
8/26/1966,552.179
8/27/1966,540.852
8/28/1966,566.337
8/29/1966,555.01
8/30/1966,560.674
8/31/1966,552.179
9/1/1966,543.683
9/2/1966,560.674
9/3/1966,501.208
9/4/1966,512.535
9/5/1966,506.872
9/6/1966,501.208
9/7/1966,501.208
9/8/1966,504.04
9/9/1966,489.881
9/10/1966,453.07
9/11/1966,385.109
9/12/1966,441.743
9/13/1966,453.07
9/14/1966,447.406
9/15/1966,444.574
9/16/1966,450.238
9/17/1966,444.574
9/18/1966,385.109
9/19/1966,436.079
9/20/1966,453.07
9/21/1966,444.574
9/22/1966,373.782
9/23/1966,376.614
9/24/1966,351.129
9/25/1966,342.634
9/26/1966,376.614
9/27/1966,382.277
9/28/1966,382.277
9/29/1966,379.446
9/30/1966,376.614
10/1/1966,385.109
10/2/1966,385.109
10/3/1966,461.565
10/4/1966,501.208
10/5/1966,489.881
10/6/1966,549.347
10/7/1966,549.347
10/8/1966,543.683
10/9/1966,489.881
10/10/1966,546.515
10/11/1966,549.347
10/12/1966,555.01
10/13/1966,563.505
10/14/1966,546.515
10/15/1966,591.822
10/16/1966,591.822
10/17/1966,642.792
10/18/1966,764.555
10/19/1966,750.396
10/20/1966,770.218
10/21/1966,710.753
10/22/1966,750.396
10/23/1966,549.347
10/24/1966,492.713
10/25/1966,492.713
10/26/1966,489.881
10/27/1966,523.862
10/28/1966,498.377
10/29/1966,569.169
10/30/1966,572
10/31/1966,572
11/1/1966,569.169
11/2/1966,566.337
11/3/1966,566.337
11/4/1966,563.505
11/5/1966,563.505
11/6/1966,569.169
11/7/1966,572
11/8/1966,574.832
11/9/1966,583.327
11/10/1966,668.278
11/11/1966,770.218
11/12/1966,764.555
11/13/1966,648.456
11/14/1966,688.099
11/15/1966,719.248
11/16/1966,722.08
11/17/1966,727.743
11/18/1966,747.565
11/19/1966,750.396
11/20/1966,682.436
11/21/1966,750.396
11/22/1966,693.763
11/23/1966,688.099
11/24/1966,673.941
11/25/1966,756.06
11/26/1966,724.911
11/27/1966,696.594
11/28/1966,787.208
11/29/1966,846.674
11/30/1966,860.832
12/1/1966,563.505
12/2/1966,569.169
12/3/1966,566.337
12/4/1966,557.842
12/5/1966,560.674
12/6/1966,560.674
12/7/1966,560.674
12/8/1966,557.842
12/9/1966,560.674
12/10/1966,563.505
12/11/1966,563.505
12/12/1966,594.654
12/13/1966,628.634
12/14/1966,617.307
12/15/1966,634.297
12/16/1966,656.951
12/17/1966,662.614
12/18/1966,696.594
12/19/1966,707.921
12/20/1966,716.416
12/21/1966,719.248
12/22/1966,569.169
12/23/1966,569.169
12/24/1966,572
12/25/1966,574.832
12/26/1966,569.169
12/27/1966,569.169
12/28/1966,566.337
12/29/1966,569.169
12/30/1966,569.169
12/31/1966,572
1/1/1967,546.515
1/2/1967,574.832
1/3/1967,591.822
1/4/1967,625.802
1/5/1967,656.951
1/6/1967,690.931
1/7/1967,713.585
1/8/1967,693.763
1/9/1967,713.585
1/10/1967,707.921
1/11/1967,699.426
1/12/1967,727.743
1/13/1967,724.911
1/14/1967,750.396
1/15/1967,773.05
1/16/1967,787.208
1/17/1967,801.367
1/18/1967,818.357
1/19/1967,821.189
1/20/1967,821.189
1/21/1967,829.684
1/22/1967,832.515
1/23/1967,815.525
1/24/1967,815.525
1/25/1967,829.684
1/26/1967,855.169
1/27/1967,858
1/28/1967,784.377
1/29/1967,747.565
1/30/1967,821.189
1/31/1967,818.357
2/1/1967,852.337
2/2/1967,855.169
2/3/1967,894.812
2/4/1967,877.822
2/5/1967,852.337
2/6/1967,880.654
2/7/1967,767.387
2/8/1967,894.812
2/9/1967,894.812
2/10/1967,883.486
2/11/1967,883.486
2/12/1967,883.486
2/13/1967,903.307
2/14/1967,894.812
2/15/1967,891.981
2/16/1967,903.307
2/17/1967,906.139
2/18/1967,906.139
2/19/1967,911.802
2/20/1967,900.476
2/21/1967,931.624
2/22/1967,942.951
2/23/1967,948.614
2/24/1967,959.941
2/25/1967,951.446
2/26/1967,959.941
2/27/1967,968.436
2/28/1967,948.614
3/1/1967,974.1
3/2/1967,897.644
3/3/1967,900.476
3/4/1967,906.139
3/5/1967,894.812
3/6/1967,889.149
3/7/1967,937.288
3/8/1967,917.466
3/9/1967,897.644
3/10/1967,962.773
3/11/1967,959.941
3/12/1967,968.436
3/13/1967,974.1
3/14/1967,957.109
3/15/1967,965.604
3/16/1967,962.773
3/17/1967,962.773
3/18/1967,841.01
3/19/1967,710.753
3/20/1967,572
3/21/1967,458.733
3/22/1967,467.228
3/23/1967,458.733
3/24/1967,387.941
3/25/1967,475.723
3/26/1967,294.495
3/27/1967,379.446
3/28/1967,416.258
3/29/1967,639.961
3/30/1967,866.496
3/31/1967,792.872
4/1/1967,934.456
4/2/1967,829.684
4/3/1967,597.485
4/4/1967,481.386
4/5/1967,682.436
4/6/1967,614.476
4/7/1967,475.723
4/8/1967,334.139
4/9/1967,353.961
4/10/1967,608.812
4/11/1967,506.872
4/12/1967,402.099
4/13/1967,631.466
4/14/1967,614.476
4/15/1967,319.98
4/16/1967,212.376
4/17/1967,421.921
4/18/1967,370.951
4/19/1967,373.782
4/20/1967,538.02
4/21/1967,560.674
4/22/1967,402.099
4/23/1967,387.941
4/24/1967,331.307
4/25/1967,328.475
4/26/1967,331.307
4/27/1967,328.475
4/28/1967,291.664
4/29/1967,291.664
4/30/1967,291.664
5/1/1967,294.495
5/2/1967,291.664
5/3/1967,325.644
5/4/1967,297.327
5/5/1967,237.862
5/6/1967,237.862
5/7/1967,240.693
5/8/1967,237.862
5/9/1967,257.683
5/10/1967,297.327
5/11/1967,283.168
5/12/1967,235.03
5/13/1967,235.03
5/14/1967,237.862
5/15/1967,229.366
5/16/1967,243.525
5/17/1967,288.832
5/18/1967,229.366
5/19/1967,232.198
5/20/1967,240.693
5/21/1967,232.198
5/22/1967,232.198
5/23/1967,229.366
5/24/1967,226.535
5/25/1967,266.178
5/26/1967,269.01
5/27/1967,297.327
5/28/1967,223.703
5/29/1967,237.862
5/30/1967,240.693
5/31/1967,464.396
6/1/1967,492.713
6/2/1967,475.723
6/3/1967,481.386
6/4/1967,336.97
6/5/1967,455.901
6/6/1967,498.377
6/7/1967,546.515
6/8/1967,671.109
6/9/1967,682.436
6/10/1967,869.327
6/11/1967,775.882
6/12/1967,1002.416
6/13/1967,942.951
6/14/1967,883.486
6/15/1967,900.476
6/16/1967,914.634
6/17/1967,934.456
6/18/1967,863.664
6/19/1967,1056.218
6/20/1967,934.456
6/21/1967,957.109
6/22/1967,931.624
6/23/1967,855.169
6/24/1967,710.753
6/25/1967,549.347
6/26/1967,716.416
6/27/1967,818.357
6/28/1967,790.04
6/29/1967,727.743
6/30/1967,696.594
7/1/1967,645.624
7/2/1967,555.01
7/3/1967,671.109
7/4/1967,560.674
7/5/1967,682.436
7/6/1967,690.931
7/7/1967,688.099
7/8/1967,628.634
7/9/1967,555.01
7/10/1967,770.218
7/11/1967,812.694
7/12/1967,801.367
7/13/1967,775.882
7/14/1967,937.288
7/15/1967,1047.723
7/16/1967,1008.08
7/17/1967,1025.07
7/18/1967,1033.565
7/19/1967,1008.08
7/20/1967,1042.06
7/21/1967,1027.902
7/22/1967,1030.733
7/23/1967,1042.06
7/24/1967,1044.892
7/25/1967,1047.723
7/26/1967,1027.902
7/27/1967,1044.892
7/28/1967,1042.06
7/29/1967,1042.06
7/30/1967,1039.228
7/31/1967,1036.397
8/1/1967,1039.228
8/2/1967,1025.07
8/3/1967,1030.733
8/4/1967,1036.397
8/5/1967,1033.565
8/6/1967,1036.397
8/7/1967,1036.397
8/8/1967,1039.228
8/9/1967,1039.228
8/10/1967,1042.06
8/11/1967,1039.228
8/12/1967,1039.228
8/13/1967,1036.397
8/14/1967,1039.228
8/15/1967,1047.723
8/16/1967,1059.05
8/17/1967,1056.218
8/18/1967,974.1
8/19/1967,1067.545
8/20/1967,1067.545
8/21/1967,1067.545
8/22/1967,1073.208
8/23/1967,1073.208
8/24/1967,1010.911
8/25/1967,1027.902
8/26/1967,1070.377
8/27/1967,962.773
8/28/1967,985.426
8/29/1967,900.476
8/30/1967,770.218
8/31/1967,821.189
9/1/1967,849.505
9/2/1967,838.179
9/3/1967,724.911
9/4/1967,739.07
9/5/1967,835.347
9/6/1967,829.684
9/7/1967,872.159
9/8/1967,948.614
9/9/1967,940.119
9/10/1967,775.882
9/11/1967,889.149
9/12/1967,883.486
9/13/1967,889.149
9/14/1967,897.644
9/15/1967,880.654
9/16/1967,829.684
9/17/1967,566.337
9/18/1967,336.97
9/19/1967,328.475
9/20/1967,336.97
9/21/1967,342.634
9/22/1967,376.614
9/23/1967,574.832
9/24/1967,566.337
9/25/1967,877.822
9/26/1967,841.01
9/27/1967,897.644
9/28/1967,877.822
9/29/1967,880.654
9/30/1967,849.505
10/1/1967,750.396
10/2/1967,846.674
10/3/1967,891.981
10/4/1967,886.317
10/5/1967,858
10/6/1967,874.991
10/7/1967,812.694
10/8/1967,801.367
10/9/1967,877.822
10/10/1967,908.971
10/11/1967,891.981
10/12/1967,908.971
10/13/1967,903.307
10/14/1967,886.317
10/15/1967,614.476
10/16/1967,874.991
10/17/1967,832.515
10/18/1967,838.179
10/19/1967,849.505
10/20/1967,812.694
10/21/1967,809.862
10/22/1967,648.456
10/23/1967,798.535
10/24/1967,798.535
10/25/1967,826.852
10/26/1967,824.02
10/27/1967,792.872
10/28/1967,906.139
10/29/1967,894.812
10/30/1967,911.802
10/31/1967,891.981
11/1/1967,903.307
11/2/1967,897.644
11/3/1967,818.357
11/4/1967,866.496
11/5/1967,495.545
11/6/1967,818.357
11/7/1967,778.713
11/8/1967,747.565
11/9/1967,764.555
11/10/1967,710.753
11/11/1967,710.753
11/12/1967,430.416
11/13/1967,600.317
11/14/1967,625.802
11/15/1967,656.951
11/16/1967,705.089
11/17/1967,727.743
11/18/1967,639.961
11/19/1967,421.921
11/20/1967,662.614
11/21/1967,676.773
11/22/1967,736.238
11/23/1967,889.149
11/24/1967,945.783
11/25/1967,928.793
11/26/1967,908.971
11/27/1967,911.802
11/28/1967,908.971
11/29/1967,942.951
11/30/1967,928.793
12/1/1967,934.456
12/2/1967,903.307
12/3/1967,719.248
12/4/1967,959.941
12/5/1967,1039.228
12/6/1967,835.347
12/7/1967,951.446
12/8/1967,976.931
12/9/1967,1019.406
12/10/1967,900.476
12/11/1967,1005.248
12/12/1967,1013.743
12/13/1967,1033.565
12/14/1967,747.565
12/15/1967,574.832
12/16/1967,566.337
12/17/1967,574.832
12/18/1967,572
12/19/1967,572
12/20/1967,569.169
12/21/1967,574.832
12/22/1967,577.664
12/23/1967,574.832
12/24/1967,572
12/25/1967,572
12/26/1967,605.981
12/27/1967,639.961
12/28/1967,662.614
12/29/1967,688.099
12/30/1967,679.604
12/31/1967,722.08
1/1/1968,741.901
1/2/1968,741.901
1/3/1968,741.901
1/4/1968,756.06
1/5/1968,767.387
1/6/1968,790.04
1/7/1968,792.872
1/8/1968,784.377
1/9/1968,829.684
1/10/1968,821.189
1/11/1968,838.179
1/12/1968,841.01
1/13/1968,849.505
1/14/1968,829.684
1/15/1968,841.01
1/16/1968,841.01
1/17/1968,838.179
1/18/1968,832.515
1/19/1968,841.01
1/20/1968,798.535
1/21/1968,747.565
1/22/1968,798.535
1/23/1968,798.535
1/24/1968,804.198
1/25/1968,798.535
1/26/1968,809.862
1/27/1968,798.535
1/28/1968,753.228
1/29/1968,812.694
1/30/1968,807.03
1/31/1968,807.03
2/1/1968,807.03
2/2/1968,809.862
2/3/1968,818.357
2/4/1968,744.733
2/5/1968,807.03
2/6/1968,812.694
2/7/1968,807.03
2/8/1968,824.02
2/9/1968,795.703
2/10/1968,807.03
2/11/1968,744.733
2/12/1968,826.852
2/13/1968,809.862
2/14/1968,826.852
2/15/1968,860.832
2/16/1968,883.486
2/17/1968,880.654
2/18/1968,790.04
2/19/1968,920.298
2/20/1968,911.802
2/21/1968,923.129
2/22/1968,906.139
2/23/1968,925.961
2/24/1968,931.624
2/25/1968,790.04
2/26/1968,908.971
2/27/1968,866.496
2/28/1968,889.149
2/29/1968,880.654
3/1/1968,883.486
3/2/1968,908.971
3/3/1968,841.01
3/4/1968,906.139
3/5/1968,858
3/6/1968,812.694
3/7/1968,798.535
3/8/1968,707.921
3/9/1968,693.763
3/10/1968,696.594
3/11/1968,707.921
3/12/1968,696.594
3/13/1968,685.268
3/14/1968,688.099
3/15/1968,685.268
3/16/1968,688.099
3/17/1968,560.674
3/18/1968,563.505
3/19/1968,362.456
3/20/1968,447.406
3/21/1968,294.495
3/22/1968,235.03
3/23/1968,229.366
3/24/1968,229.366
3/25/1968,229.366
3/26/1968,229.366
3/27/1968,223.703
3/28/1968,232.198
3/29/1968,223.703
3/30/1968,232.198
3/31/1968,235.03
4/1/1968,249.188
4/2/1968,668.278
4/3/1968,764.555
4/4/1968,668.278
4/5/1968,750.396
4/6/1968,690.931
4/7/1968,795.703
4/8/1968,798.535
4/9/1968,753.228
4/10/1968,707.921
4/11/1968,722.08
4/12/1968,597.485
4/13/1968,707.921
4/14/1968,710.753
4/15/1968,747.565
4/16/1968,750.396
4/17/1968,713.585
4/18/1968,758.891
4/19/1968,756.06
4/20/1968,710.753
4/21/1968,535.188
4/22/1968,484.218
4/23/1968,532.357
4/24/1968,637.129
4/25/1968,464.396
4/26/1968,433.248
4/27/1968,433.248
4/28/1968,438.911
4/29/1968,436.079
4/30/1968,436.079
5/1/1968,461.565
5/2/1968,433.248
5/3/1968,424.753
5/4/1968,569.169
5/5/1968,560.674
5/6/1968,563.505
5/7/1968,563.505
5/8/1968,560.674
5/9/1968,566.337
5/10/1968,572
5/11/1968,583.327
5/12/1968,583.327
5/13/1968,577.664
5/14/1968,580.495
5/15/1968,577.664
5/16/1968,580.495
5/17/1968,591.822
5/18/1968,580.495
5/19/1968,580.495
5/20/1968,580.495
5/21/1968,588.99
5/22/1968,586.159
5/23/1968,583.327
5/24/1968,603.149
5/25/1968,611.644
5/26/1968,506.872
5/27/1968,628.634
5/28/1968,622.971
5/29/1968,622.971
5/30/1968,518.198
5/31/1968,504.04
6/1/1968,453.07
6/2/1968,387.941
6/3/1968,467.228
6/4/1968,512.535
6/5/1968,555.01
6/6/1968,484.218
6/7/1968,470.06
6/8/1968,447.406
6/9/1968,461.565
6/10/1968,566.337
6/11/1968,713.585
6/12/1968,628.634
6/13/1968,549.347
6/14/1968,560.674
6/15/1968,481.386
6/16/1968,424.753
6/17/1968,481.386
6/18/1968,526.693
6/19/1968,410.594
6/20/1968,407.763
6/21/1968,438.911
6/22/1968,353.961
6/23/1968,291.664
6/24/1968,356.792
6/25/1968,345.466
6/26/1968,419.089
6/27/1968,594.654
6/28/1968,574.832
6/29/1968,436.079
6/30/1968,336.97
7/1/1968,351.129
7/2/1968,345.466
7/3/1968,413.426
7/4/1968,427.584
7/5/1968,419.089
7/6/1968,413.426
7/7/1968,430.416
7/8/1968,427.584
7/9/1968,421.921
7/10/1968,421.921
7/11/1968,453.07
7/12/1968,416.258
7/13/1968,410.594
7/14/1968,407.763
7/15/1968,464.396
7/16/1968,526.693
7/17/1968,512.535
7/18/1968,512.535
7/19/1968,563.505
7/20/1968,560.674
7/21/1968,515.367
7/22/1968,557.842
7/23/1968,566.337
7/24/1968,453.07
7/25/1968,376.614
7/26/1968,492.713
7/27/1968,487.05
7/28/1968,416.258
7/29/1968,475.723
7/30/1968,566.337
7/31/1968,560.674
8/1/1968,577.664
8/2/1968,569.169
8/3/1968,569.169
8/4/1968,523.862
8/5/1968,572
8/6/1968,529.525
8/7/1968,656.951
8/8/1968,436.079
8/9/1968,410.594
8/10/1968,484.218
8/11/1968,351.129
8/12/1968,504.04
8/13/1968,504.04
8/14/1968,467.228
8/15/1968,535.188
8/16/1968,523.862
8/17/1968,461.565
8/18/1968,342.634
8/19/1968,498.377
8/20/1968,586.159
8/21/1968,617.307
8/22/1968,756.06
8/23/1968,826.852
8/24/1968,741.901
8/25/1968,739.07
8/26/1968,739.07
8/27/1968,724.911
8/28/1968,628.634
8/29/1968,509.703
8/30/1968,515.367
8/31/1968,498.377
9/1/1968,495.545
9/2/1968,478.555
9/3/1968,504.04
9/4/1968,509.703
9/5/1968,501.208
9/6/1968,504.04
9/7/1968,506.872
9/8/1968,501.208
9/9/1968,509.703
9/10/1968,506.872
9/11/1968,506.872
9/12/1968,509.703
9/13/1968,557.842
9/14/1968,563.505
9/15/1968,557.842
9/16/1968,645.624
9/17/1968,563.505
9/18/1968,560.674
9/19/1968,555.01
9/20/1968,693.763
9/21/1968,781.545
9/22/1968,775.882
9/23/1968,815.525
9/24/1968,826.852
9/25/1968,747.565
9/26/1968,968.436
9/27/1968,934.456
9/28/1968,993.921
9/29/1968,931.624
9/30/1968,991.09
10/1/1968,1019.406
10/2/1968,942.951
10/3/1968,951.446
10/4/1968,1030.733
10/5/1968,971.268
10/6/1968,826.852
10/7/1968,951.446
10/8/1968,951.446
10/9/1968,937.288
10/10/1968,965.604
10/11/1968,917.466
10/12/1968,979.763
10/13/1968,940.119
10/14/1968,993.921
10/15/1968,903.307
10/16/1968,957.109
10/17/1968,999.585
10/18/1968,965.604
10/19/1968,891.981
10/20/1968,753.228
10/21/1968,832.515
10/22/1968,838.179
10/23/1968,849.505
10/24/1968,874.991
10/25/1968,891.981
10/26/1968,841.01
10/27/1968,625.802
10/28/1968,656.951
10/29/1968,656.951
10/30/1968,605.981
10/31/1968,563.505
11/1/1968,642.792
11/2/1968,639.961
11/3/1968,535.188
11/4/1968,702.258
11/5/1968,679.604
11/6/1968,676.773
11/7/1968,665.446
11/8/1968,656.951
11/9/1968,583.327
11/10/1968,478.555
11/11/1968,648.456
11/12/1968,739.07
11/13/1968,713.585
11/14/1968,688.099
11/15/1968,702.258
11/16/1968,688.099
11/17/1968,563.505
11/18/1968,722.08
11/19/1968,750.396
11/20/1968,656.951
11/21/1968,705.089
11/22/1968,710.753
11/23/1968,685.268
11/24/1968,639.961
11/25/1968,821.189
11/26/1968,798.535
11/27/1968,829.684
11/28/1968,591.822
11/29/1968,744.733
11/30/1968,880.654
12/1/1968,804.198
12/2/1968,846.674
12/3/1968,852.337
12/4/1968,838.179
12/5/1968,903.307
12/6/1968,971.268
12/7/1968,1019.406
12/8/1968,1027.902
12/9/1968,996.753
12/10/1968,1019.406
12/11/1968,1008.08
12/12/1968,954.278
12/13/1968,574.832
12/14/1968,557.842
12/15/1968,563.505
12/16/1968,560.674
12/17/1968,563.505
12/18/1968,563.505
12/19/1968,560.674
12/20/1968,557.842
12/21/1968,557.842
12/22/1968,560.674
12/23/1968,560.674
12/24/1968,580.495
12/25/1968,569.169
12/26/1968,572
12/27/1968,574.832
12/28/1968,572
12/29/1968,597.485
12/30/1968,614.476
12/31/1968,634.297
1/1/1969,642.792
1/2/1969,665.446
1/3/1969,685.268
1/4/1969,690.931
1/5/1969,699.426
1/6/1969,713.585
1/7/1969,730.575
1/8/1969,747.565
1/9/1969,770.218
1/10/1969,790.04
1/11/1969,795.703
1/12/1969,812.694
1/13/1969,818.357
1/14/1969,843.842
1/15/1969,860.832
1/16/1969,866.496
1/17/1969,880.654
1/18/1969,883.486
1/19/1969,886.317
1/20/1969,891.981
1/21/1969,886.317
1/22/1969,897.644
1/23/1969,911.802
1/24/1969,914.634
1/25/1969,931.624
1/26/1969,931.624
1/27/1969,928.793
1/28/1969,928.793
1/29/1969,937.288
1/30/1969,940.119
1/31/1969,959.941
2/1/1969,965.604
2/2/1969,914.634
2/3/1969,957.109
2/4/1969,925.961
2/5/1969,934.456
2/6/1969,965.604
2/7/1969,962.773
2/8/1969,962.773
2/9/1969,883.486
2/10/1969,968.436
2/11/1969,965.604
2/12/1969,959.941
2/13/1969,959.941
2/14/1969,957.109
2/15/1969,962.773
2/16/1969,914.634
2/17/1969,971.268
2/18/1969,991.09
2/19/1969,1019.406
2/20/1969,991.09
2/21/1969,985.426
2/22/1969,991.09
2/23/1969,897.644
2/24/1969,957.109
2/25/1969,914.634
2/26/1969,928.793
2/27/1969,945.783
2/28/1969,957.109
3/1/1969,979.763
3/2/1969,863.664
3/3/1969,982.595
3/4/1969,993.921
3/5/1969,1010.911
3/6/1969,996.753
3/7/1969,920.298
3/8/1969,974.1
3/9/1969,931.624
3/10/1969,974.1
3/11/1969,988.258
3/12/1969,988.258
3/13/1969,1008.08
3/14/1969,1013.743
3/15/1969,1013.743
3/16/1969,940.119
3/17/1969,1005.248
3/18/1969,951.446
3/19/1969,880.654
3/20/1969,770.218
3/21/1969,702.258
3/22/1969,705.089
3/23/1969,702.258
3/24/1969,699.426
3/25/1969,699.426
3/26/1969,693.763
3/27/1969,690.931
3/28/1969,688.099
3/29/1969,696.594
3/30/1969,693.763
3/31/1969,690.931
4/1/1969,693.763
4/2/1969,690.931
4/3/1969,685.268
4/4/1969,685.268
4/5/1969,713.585
4/6/1969,707.921
4/7/1969,710.753
4/8/1969,713.585
4/9/1969,705.089
4/10/1969,716.416
4/11/1969,566.337
4/12/1969,555.01
4/13/1969,569.169
4/14/1969,569.169
4/15/1969,560.674
4/16/1969,577.664
4/17/1969,634.297
4/18/1969,733.406
4/19/1969,750.396
4/20/1969,699.426
4/21/1969,798.535
4/22/1969,727.743
4/23/1969,855.169
4/24/1969,838.179
4/25/1969,753.228
4/26/1969,855.169
4/27/1969,824.02
4/28/1969,815.525
4/29/1969,863.664
4/30/1969,897.644
5/1/1969,874.991
5/2/1969,877.822
5/3/1969,773.05
5/4/1969,733.406
5/5/1969,931.624
5/6/1969,744.733
5/7/1969,790.04
5/8/1969,781.545
5/9/1969,724.911
5/10/1969,645.624
5/11/1969,671.109
5/12/1969,724.911
5/13/1969,620.139
5/14/1969,608.812
5/15/1969,614.476
5/16/1969,614.476
5/17/1969,563.505
5/18/1969,506.872
5/19/1969,617.307
5/20/1969,557.842
5/21/1969,611.644
5/22/1969,557.842
5/23/1969,555.01
5/24/1969,555.01
5/25/1969,495.545
5/26/1969,625.802
5/27/1969,637.129
5/28/1969,631.466
5/29/1969,719.248
5/30/1969,608.812
5/31/1969,608.812
6/1/1969,608.812
6/2/1969,662.614
6/3/1969,614.476
6/4/1969,611.644
6/5/1969,614.476
6/6/1969,611.644
6/7/1969,608.812
6/8/1969,555.01
6/9/1969,557.842
6/10/1969,586.159
6/11/1969,591.822
6/12/1969,557.842
6/13/1969,608.812
6/14/1969,515.367
6/15/1969,402.099
6/16/1969,455.901
6/17/1969,339.802
6/18/1969,351.129
6/19/1969,430.416
6/20/1969,385.109
6/21/1969,368.119
6/22/1969,328.475
6/23/1969,458.733
6/24/1969,458.733
6/25/1969,470.06
6/26/1969,453.07
6/27/1969,424.753
6/28/1969,427.584
6/29/1969,413.426
6/30/1969,427.584
7/1/1969,481.386
7/2/1969,504.04
7/3/1969,458.733
7/4/1969,444.574
7/5/1969,464.396
7/6/1969,455.901
7/7/1969,509.703
7/8/1969,566.337
7/9/1969,707.921
7/10/1969,705.089
7/11/1969,707.921
7/12/1969,707.921
7/13/1969,605.981
7/14/1969,750.396
7/15/1969,849.505
7/16/1969,858
7/17/1969,846.674
7/18/1969,942.951
7/19/1969,979.763
7/20/1969,747.565
7/21/1969,917.466
7/22/1969,693.763
7/23/1969,849.505
7/24/1969,923.129
7/25/1969,1042.06
7/26/1969,999.585
7/27/1969,843.842
7/28/1969,991.09
7/29/1969,1010.911
7/30/1969,849.505
7/31/1969,852.337
8/1/1969,849.505
8/2/1969,849.505
8/3/1969,707.921
8/4/1969,855.169
8/5/1969,795.703
8/6/1969,770.218
8/7/1969,795.703
8/8/1969,750.396
8/9/1969,773.05
8/10/1969,773.05
8/11/1969,724.911
8/12/1969,835.347
8/13/1969,784.377
8/14/1969,826.852
8/15/1969,824.02
8/16/1969,826.852
8/17/1969,829.684
8/18/1969,818.357
8/19/1969,821.189
8/20/1969,829.684
8/21/1969,829.684
8/22/1969,841.01
8/23/1969,843.842
8/24/1969,841.01
8/25/1969,841.01
8/26/1969,843.842
8/27/1969,843.842
8/28/1969,891.981
8/29/1969,940.119
8/30/1969,925.961
8/31/1969,872.159
9/1/1969,866.496
9/2/1969,826.852
9/3/1969,872.159
9/4/1969,877.822
9/5/1969,866.496
9/6/1969,869.327
9/7/1969,815.525
9/8/1969,846.674
9/9/1969,795.703
9/10/1969,821.189
9/11/1969,758.891
9/12/1969,722.08
9/13/1969,710.753
9/14/1969,710.753
9/15/1969,753.228
9/16/1969,716.416
9/17/1969,707.921
9/18/1969,688.099
9/19/1969,673.941
9/20/1969,676.773
9/21/1969,617.307
9/22/1969,625.802
9/23/1969,617.307
9/24/1969,634.297
9/25/1969,639.961
9/26/1969,620.139
9/27/1969,569.169
9/28/1969,569.169
9/29/1969,625.802
9/30/1969,625.802
10/1/1969,600.317
10/2/1969,566.337
10/3/1969,608.812
10/4/1969,673.941
10/5/1969,662.614
10/6/1969,716.416
10/7/1969,775.882
10/8/1969,809.862
10/9/1969,807.03
10/10/1969,809.862
10/11/1969,812.694
10/12/1969,685.268
10/13/1969,792.872
10/14/1969,804.198
10/15/1969,829.684
10/16/1969,801.367
10/17/1969,801.367
10/18/1969,671.109
10/19/1969,566.337
10/20/1969,628.634
10/21/1969,614.476
10/22/1969,634.297
10/23/1969,625.802
10/24/1969,614.476
10/25/1969,617.307
10/26/1969,563.505
10/27/1969,617.307
10/28/1969,739.07
10/29/1969,702.258
10/30/1969,705.089
10/31/1969,750.396
11/1/1969,767.387
11/2/1969,753.228
11/3/1969,812.694
11/4/1969,869.327
11/5/1969,863.664
11/6/1969,855.169
11/7/1969,869.327
11/8/1969,843.842
11/9/1969,809.862
11/10/1969,767.387
11/11/1969,784.377
11/12/1969,787.208
11/13/1969,787.208
11/14/1969,792.872
11/15/1969,775.882
11/16/1969,705.089
11/17/1969,764.555
11/18/1969,792.872
11/19/1969,858
11/20/1969,756.06
11/21/1969,676.773
11/22/1969,685.268
11/23/1969,577.664
11/24/1969,563.505
11/25/1969,560.674
11/26/1969,563.505
11/27/1969,569.169
11/28/1969,526.693
11/29/1969,515.367
11/30/1969,526.693
12/1/1969,526.693
12/2/1969,574.832
12/3/1969,656.951
12/4/1969,753.228
12/5/1969,838.179
12/6/1969,934.456
12/7/1969,914.634
12/8/1969,925.961
12/9/1969,979.763
12/10/1969,1033.565
12/11/1969,1036.397
12/12/1969,1081.704
12/13/1969,1095.862
12/14/1969,1076.04
12/15/1969,1104.357
12/16/1969,1084.535
12/17/1969,1073.208
12/18/1969,1107.189
12/19/1969,1025.07
12/20/1969,903.307
12/21/1969,869.327
12/22/1969,903.307
12/23/1969,903.307
12/24/1969,894.812
12/25/1969,659.783
12/26/1969,560.674
12/27/1969,560.674
12/28/1969,555.01
12/29/1969,569.169
12/30/1969,569.169
12/31/1969,492.713
1/1/1970,501.208
1/2/1970,540.852
1/3/1970,574.832
1/4/1970,574.832
1/5/1970,605.981
1/6/1970,637.129
1/7/1970,645.624
1/8/1970,699.426
1/9/1970,659.783
1/10/1970,651.287
1/11/1970,654.119
1/12/1970,673.941
1/13/1970,702.258
1/14/1970,705.089
1/15/1970,727.743
1/16/1970,733.406
1/17/1970,767.387
1/18/1970,761.723
1/19/1970,804.198
1/20/1970,829.684
1/21/1970,849.505
1/22/1970,846.674
1/23/1970,874.991
1/24/1970,889.149
1/25/1970,877.822
1/26/1970,866.496
1/27/1970,872.159
1/28/1970,849.505
1/29/1970,900.476
1/30/1970,894.812
1/31/1970,891.981
2/1/1970,775.882
2/2/1970,869.327
2/3/1970,841.01
2/4/1970,841.01
2/5/1970,846.674
2/6/1970,841.01
2/7/1970,798.535
2/8/1970,770.218
2/9/1970,798.535
2/10/1970,846.674
2/11/1970,841.01
2/12/1970,852.337
2/13/1970,843.842
2/14/1970,855.169
2/15/1970,804.198
2/16/1970,795.703
2/17/1970,770.218
2/18/1970,804.198
2/19/1970,790.04
2/20/1970,781.545
2/21/1970,778.713
2/22/1970,719.248
2/23/1970,727.743
2/24/1970,733.406
2/25/1970,727.743
2/26/1970,722.08
2/27/1970,724.911
2/28/1970,679.604
3/1/1970,673.941
3/2/1970,679.604
3/3/1970,778.713
3/4/1970,787.208
3/5/1970,846.674
3/6/1970,792.872
3/7/1970,724.911
3/8/1970,676.773
3/9/1970,676.773
3/10/1970,679.604
3/11/1970,679.604
3/12/1970,679.604
3/13/1970,676.773
3/14/1970,617.307
3/15/1970,574.832
3/16/1970,515.367
3/17/1970,453.07
3/18/1970,404.931
3/19/1970,353.961
3/20/1970,345.466
3/21/1970,339.802
3/22/1970,339.802
3/23/1970,393.604
3/24/1970,356.792
3/25/1970,362.456
3/26/1970,359.624
3/27/1970,430.416
3/28/1970,509.703
3/29/1970,591.822
3/30/1970,603.149
3/31/1970,696.594
4/1/1970,608.812
4/2/1970,563.505
4/3/1970,549.347
4/4/1970,560.674
4/5/1970,458.733
4/6/1970,427.584
4/7/1970,472.891
4/8/1970,506.872
4/9/1970,402.099
4/10/1970,342.634
4/11/1970,430.416
4/12/1970,458.733
4/13/1970,713.585
4/14/1970,756.06
4/15/1970,846.674
4/16/1970,869.327
4/17/1970,841.01
4/18/1970,849.505
4/19/1970,778.713
4/20/1970,843.842
4/21/1970,860.832
4/22/1970,846.674
4/23/1970,832.515
4/24/1970,815.525
4/25/1970,877.822
4/26/1970,877.822
4/27/1970,920.298
4/28/1970,962.773
4/29/1970,971.268
4/30/1970,965.604
5/1/1970,1044.892
5/2/1970,552.179
5/3/1970,427.584
5/4/1970,758.891
5/5/1970,688.099
5/6/1970,841.01
5/7/1970,538.02
5/8/1970,671.109
5/9/1970,433.248
5/10/1970,342.634
5/11/1970,580.495
5/12/1970,688.099
5/13/1970,829.684
5/14/1970,849.505
5/15/1970,971.268
5/16/1970,897.644
5/17/1970,639.961
5/18/1970,773.05
5/19/1970,863.664
5/20/1970,903.307
5/21/1970,906.139
5/22/1970,931.624
5/23/1970,976.931
5/24/1970,877.822
5/25/1970,1013.743
5/26/1970,1005.248
5/27/1970,1042.06
5/28/1970,931.624
5/29/1970,911.802
5/30/1970,832.515
5/31/1970,625.802
6/1/1970,679.604
6/2/1970,696.594
6/3/1970,724.911
6/4/1970,758.891
6/5/1970,829.684
6/6/1970,846.674
6/7/1970,858
6/8/1970,770.218
6/9/1970,727.743
6/10/1970,685.268
6/11/1970,705.089
6/12/1970,702.258
6/13/1970,815.525
6/14/1970,835.347
6/15/1970,761.723
6/16/1970,818.357
6/17/1970,815.525
6/18/1970,739.07
6/19/1970,889.149
6/20/1970,928.793
6/21/1970,900.476
6/22/1970,866.496
6/23/1970,835.347
6/24/1970,787.208
6/25/1970,761.723
6/26/1970,750.396
6/27/1970,756.06
6/28/1970,688.099
6/29/1970,753.228
6/30/1970,758.891
7/1/1970,741.901
7/2/1970,790.04
7/3/1970,773.05
7/4/1970,761.723
7/5/1970,778.713
7/6/1970,773.05
7/7/1970,770.218
7/8/1970,781.545
7/9/1970,756.06
7/10/1970,741.901
7/11/1970,761.723
7/12/1970,761.723
7/13/1970,699.426
7/14/1970,690.931
7/15/1970,761.723
7/16/1970,758.891
7/17/1970,784.377
7/18/1970,773.05
7/19/1970,557.842
7/20/1970,747.565
7/21/1970,688.099
7/22/1970,874.991
7/23/1970,699.426
7/24/1970,702.258
7/25/1970,741.901
7/26/1970,824.02
7/27/1970,710.753
7/28/1970,679.604
7/29/1970,620.139
7/30/1970,724.911
7/31/1970,758.891
8/1/1970,761.723
8/2/1970,753.228
8/3/1970,702.258
8/4/1970,767.387
8/5/1970,736.238
8/6/1970,673.941
8/7/1970,685.268
8/8/1970,764.555
8/9/1970,676.773
8/10/1970,764.555
8/11/1970,761.723
8/12/1970,773.05
8/13/1970,784.377
8/14/1970,761.723
8/15/1970,767.387
8/16/1970,770.218
8/17/1970,767.387
8/18/1970,764.555
8/19/1970,724.911
8/20/1970,767.387
8/21/1970,764.555
8/22/1970,770.218
8/23/1970,767.387
8/24/1970,770.218
8/25/1970,733.406
8/26/1970,804.198
8/27/1970,872.159
8/28/1970,925.961
8/29/1970,744.733
8/30/1970,724.911
8/31/1970,727.743
9/1/1970,710.753
9/2/1970,591.822
9/3/1970,625.802
9/4/1970,572
9/5/1970,563.505
9/6/1970,560.674
9/7/1970,535.188
9/8/1970,569.169
9/9/1970,577.664
9/10/1970,572
9/11/1970,572
9/12/1970,566.337
9/13/1970,566.337
9/14/1970,572
9/15/1970,586.159
9/16/1970,622.971
9/17/1970,608.812
9/18/1970,628.634
9/19/1970,622.971
9/20/1970,563.505
9/21/1970,668.278
9/22/1970,617.307
9/23/1970,671.109
9/24/1970,665.446
9/25/1970,665.446
9/26/1970,665.446
9/27/1970,662.614
9/28/1970,682.436
9/29/1970,679.604
9/30/1970,688.099
10/1/1970,679.604
10/2/1970,673.941
10/3/1970,679.604
10/4/1970,617.307
10/5/1970,724.911
10/6/1970,716.416
10/7/1970,722.08
10/8/1970,733.406
10/9/1970,790.04
10/10/1970,792.872
10/11/1970,523.862
10/12/1970,761.723
10/13/1970,778.713
10/14/1970,809.862
10/15/1970,821.189
10/16/1970,724.911
10/17/1970,750.396
10/18/1970,625.802
10/19/1970,730.575
10/20/1970,620.139
10/21/1970,710.753
10/22/1970,710.753
10/23/1970,897.644
10/24/1970,801.367
10/25/1970,756.06
10/26/1970,770.218
10/27/1970,841.01
10/28/1970,874.991
10/29/1970,843.842
10/30/1970,843.842
10/31/1970,880.654
11/1/1970,713.585
11/2/1970,795.703
11/3/1970,790.04
11/4/1970,894.812
11/5/1970,874.991
11/6/1970,832.515
11/7/1970,889.149
11/8/1970,654.119
11/9/1970,750.396
11/10/1970,716.416
11/11/1970,719.248
11/12/1970,707.921
11/13/1970,690.931
11/14/1970,747.565
11/15/1970,727.743
11/16/1970,727.743
11/17/1970,750.396
11/18/1970,730.575
11/19/1970,719.248
11/20/1970,753.228
11/21/1970,852.337
11/22/1970,866.496
11/23/1970,863.664
11/24/1970,846.674
11/25/1970,860.832
11/26/1970,809.862
11/27/1970,852.337
11/28/1970,849.505
11/29/1970,838.179
11/30/1970,795.703
12/1/1970,775.882
12/2/1970,855.169
12/3/1970,843.842
12/4/1970,852.337
12/5/1970,863.664
12/6/1970,858
12/7/1970,668.278
12/8/1970,756.06
12/9/1970,747.565
12/10/1970,705.089
12/11/1970,710.753
12/12/1970,707.921
12/13/1970,710.753
12/14/1970,713.585
12/15/1970,710.753
12/16/1970,566.337
12/17/1970,566.337
12/18/1970,563.505
12/19/1970,566.337
12/20/1970,504.04
12/21/1970,569.169
12/22/1970,563.505
12/23/1970,566.337
12/24/1970,580.495
12/25/1970,583.327
12/26/1970,617.307
12/27/1970,622.971
12/28/1970,637.129
12/29/1970,654.119
12/30/1970,685.268
12/31/1970,710.753
1/1/1971,696.594
1/2/1971,744.733
1/3/1971,739.07
1/4/1971,770.218
1/5/1971,790.04
1/6/1971,804.198
1/7/1971,818.357
1/8/1971,826.852
1/9/1971,852.337
1/10/1971,846.674
1/11/1971,835.347
1/12/1971,863.664
1/13/1971,886.317
1/14/1971,866.496
1/15/1971,874.991
1/16/1971,826.852
1/17/1971,832.515
1/18/1971,829.684
1/19/1971,824.02
1/20/1971,860.832
1/21/1971,908.971
1/22/1971,886.317
1/23/1971,948.614
1/24/1971,934.456
1/25/1971,928.793
1/26/1971,957.109
1/27/1971,951.446
1/28/1971,968.436
1/29/1971,928.793
1/30/1971,934.456
1/31/1971,860.832
2/1/1971,920.298
2/2/1971,920.298
2/3/1971,860.832
2/4/1971,869.327
2/5/1971,877.822
2/6/1971,883.486
2/7/1971,807.03
2/8/1971,826.852
2/9/1971,883.486
2/10/1971,883.486
2/11/1971,883.486
2/12/1971,775.882
2/13/1971,773.05
2/14/1971,719.248
2/15/1971,770.218
2/16/1971,773.05
2/17/1971,773.05
2/18/1971,784.377
2/19/1971,781.545
2/20/1971,778.713
2/21/1971,699.426
2/22/1971,781.545
2/23/1971,773.05
2/24/1971,784.377
2/25/1971,787.208
2/26/1971,778.713
2/27/1971,781.545
2/28/1971,784.377
3/1/1971,778.713
3/2/1971,784.377
3/3/1971,767.387
3/4/1971,790.04
3/5/1971,778.713
3/6/1971,781.545
3/7/1971,730.575
3/8/1971,730.575
3/9/1971,858
3/10/1971,863.664
3/11/1971,860.832
3/12/1971,843.842
3/13/1971,832.515
3/14/1971,832.515
3/15/1971,795.703
3/16/1971,790.04
3/17/1971,790.04
3/18/1971,778.713
3/19/1971,781.545
3/20/1971,792.872
3/21/1971,792.872
3/22/1971,795.703
3/23/1971,795.703
3/24/1971,767.387
3/25/1971,801.367
3/26/1971,795.703
3/27/1971,792.872
3/28/1971,753.228
3/29/1971,804.198
3/30/1971,795.703
3/31/1971,781.545
4/1/1971,787.208
4/2/1971,784.377
4/3/1971,790.04
4/4/1971,787.208
4/5/1971,770.218
4/6/1971,798.535
4/7/1971,841.01
4/8/1971,1002.416
4/9/1971,1067.545
4/10/1971,993.921
4/11/1971,1039.228
4/12/1971,925.961
4/13/1971,925.961
4/14/1971,1047.723
4/15/1971,1033.565
4/16/1971,1044.892
4/17/1971,1056.218
4/18/1971,1050.555
4/19/1971,1027.902
4/20/1971,1084.535
4/21/1971,1030.733
4/22/1971,1073.208
4/23/1971,1073.208
4/24/1971,1044.892
4/25/1971,1073.208
4/26/1971,1087.367
4/27/1971,1013.743
4/28/1971,1093.03
4/29/1971,1081.704
4/30/1971,1064.713
5/1/1971,1095.862
5/2/1971,1095.862
5/3/1971,1093.03
5/4/1971,1030.733
5/5/1971,1061.882
5/6/1971,1087.367
5/7/1971,1090.199
5/8/1971,1095.862
5/9/1971,1095.862
5/10/1971,1101.525
5/11/1971,1104.357
5/12/1971,1104.357
5/13/1971,1098.694
5/14/1971,1104.357
5/15/1971,1110.02
5/16/1971,1110.02
5/17/1971,1110.02
5/18/1971,1110.02
5/19/1971,1110.02
5/20/1971,1104.357
5/21/1971,1110.02
5/22/1971,1110.02
5/23/1971,1110.02
5/24/1971,1112.852
5/25/1971,999.585
5/26/1971,1042.06
5/27/1971,1033.565
5/28/1971,982.595
5/29/1971,1033.565
5/30/1971,951.446
5/31/1971,968.436
6/1/1971,1030.733
6/2/1971,931.624
6/3/1971,976.931
6/4/1971,1016.575
6/5/1971,1022.238
6/6/1971,1002.416
6/7/1971,948.614
6/8/1971,982.595
6/9/1971,917.466
6/10/1971,931.624
6/11/1971,928.793
6/12/1971,838.179
6/13/1971,838.179
6/14/1971,841.01
6/15/1971,832.515
6/16/1971,900.476
6/17/1971,988.258
6/18/1971,1008.08
6/19/1971,1027.902
6/20/1971,1033.565
6/21/1971,993.921
6/22/1971,1059.05
6/23/1971,1053.387
6/24/1971,1053.387
6/25/1971,1059.05
6/26/1971,1036.397
6/27/1971,1044.892
6/28/1971,1064.713
6/29/1971,1073.208
6/30/1971,1010.911
7/1/1971,1019.406
7/2/1971,1056.218
7/3/1971,1053.387
7/4/1971,1042.06
7/5/1971,1053.387
7/6/1971,1019.406
7/7/1971,1047.723
7/8/1971,1053.387
7/9/1971,1050.555
7/10/1971,1036.397
7/11/1971,1047.723
7/12/1971,1042.06
7/13/1971,1044.892
7/14/1971,1042.06
7/15/1971,1042.06
7/16/1971,1042.06
7/17/1971,1044.892
7/18/1971,1050.555
7/19/1971,1033.565
7/20/1971,1047.723
7/21/1971,965.604
7/22/1971,976.931
7/23/1971,903.307
7/24/1971,894.812
7/25/1971,906.139
7/26/1971,897.644
7/27/1971,832.515
7/28/1971,835.347
7/29/1971,790.04
7/30/1971,798.535
7/31/1971,790.04
8/1/1971,798.535
8/2/1971,778.713
8/3/1971,798.535
8/4/1971,798.535
8/5/1971,795.703
8/6/1971,739.07
8/7/1971,744.733
8/8/1971,741.901
8/9/1971,724.911
8/10/1971,736.238
8/11/1971,753.228
8/12/1971,761.723
8/13/1971,744.733
8/14/1971,747.565
8/15/1971,736.238
8/16/1971,719.248
8/17/1971,733.406
8/18/1971,688.099
8/19/1971,761.723
8/20/1971,750.396
8/21/1971,761.723
8/22/1971,682.436
8/23/1971,736.238
8/24/1971,741.901
8/25/1971,733.406
8/26/1971,756.06
8/27/1971,747.565
8/28/1971,747.565
8/29/1971,679.604
8/30/1971,685.268
8/31/1971,676.773
9/1/1971,676.773
9/2/1971,668.278
9/3/1971,656.951
9/4/1971,679.604
9/5/1971,563.505
9/6/1971,625.802
9/7/1971,682.436
9/8/1971,651.287
9/9/1971,668.278
9/10/1971,651.287
9/11/1971,679.604
9/12/1971,676.773
9/13/1971,662.614
9/14/1971,665.446
9/15/1971,673.941
9/16/1971,671.109
9/17/1971,673.941
9/18/1971,679.604
9/19/1971,563.505
9/20/1971,673.941
9/21/1971,685.268
9/22/1971,679.604
9/23/1971,676.773
9/24/1971,676.773
9/25/1971,679.604
9/26/1971,577.664
9/27/1971,682.436
9/28/1971,676.773
9/29/1971,656.951
9/30/1971,654.119
10/1/1971,673.941
10/2/1971,665.446
10/3/1971,557.842
10/4/1971,671.109
10/5/1971,676.773
10/6/1971,668.278
10/7/1971,662.614
10/8/1971,662.614
10/9/1971,679.604
10/10/1971,563.505
10/11/1971,671.109
10/12/1971,673.941
10/13/1971,676.773
10/14/1971,673.941
10/15/1971,673.941
10/16/1971,676.773
10/17/1971,566.337
10/18/1971,685.268
10/19/1971,682.436
10/20/1971,736.238
10/21/1971,690.931
10/22/1971,682.436
10/23/1971,682.436
10/24/1971,569.169
10/25/1971,679.604
10/26/1971,679.604
10/27/1971,693.763
10/28/1971,719.248
10/29/1971,690.931
10/30/1971,679.604
10/31/1971,501.208
11/1/1971,676.773
11/2/1971,673.941
11/3/1971,676.773
11/4/1971,682.436
11/5/1971,679.604
11/6/1971,679.604
11/7/1971,574.832
11/8/1971,699.426
11/9/1971,690.931
11/10/1971,688.099
11/11/1971,685.268
11/12/1971,682.436
11/13/1971,685.268
11/14/1971,572
11/15/1971,690.931
11/16/1971,756.06
11/17/1971,707.921
11/18/1971,719.248
11/19/1971,741.901
11/20/1971,739.07
11/21/1971,741.901
11/22/1971,719.248
11/23/1971,744.733
11/24/1971,741.901
11/25/1971,741.901
11/26/1971,739.07
11/27/1971,736.238
11/28/1971,739.07
11/29/1971,741.901
11/30/1971,753.228
12/1/1971,770.218
12/2/1971,838.179
12/3/1971,852.337
12/4/1971,809.862
12/5/1971,741.901
12/6/1971,846.674
12/7/1971,843.842
12/8/1971,855.169
12/9/1971,860.832
12/10/1971,860.832
12/11/1971,860.832
12/12/1971,648.456
12/13/1971,572
12/14/1971,572
12/15/1971,580.495
12/16/1971,569.169
12/17/1971,569.169
12/18/1971,569.169
12/19/1971,487.05
12/20/1971,484.218
12/21/1971,487.05
12/22/1971,538.02
12/23/1971,572
12/24/1971,597.485
12/25/1971,620.139
12/26/1971,625.802
12/27/1971,639.961
12/28/1971,642.792
12/29/1971,662.614
12/30/1971,679.604
12/31/1971,685.268
1/1/1972,673.941
1/2/1972,719.248
1/3/1972,722.08
1/4/1972,741.901
1/5/1972,775.882
1/6/1972,795.703
1/7/1972,801.367
1/8/1972,829.684
1/9/1972,832.515
1/10/1972,843.842
1/11/1972,824.02
1/12/1972,838.179
1/13/1972,843.842
1/14/1972,858
1/15/1972,858
1/16/1972,855.169
1/17/1972,860.832
1/18/1972,855.169
1/19/1972,846.674
1/20/1972,846.674
1/21/1972,849.505
1/22/1972,855.169
1/23/1972,773.05
1/24/1972,566.337
1/25/1972,846.674
1/26/1972,852.337
1/27/1972,795.703
1/28/1972,843.842
1/29/1972,781.545
1/30/1972,722.08
1/31/1972,790.04
2/1/1972,849.505
2/2/1972,826.852
2/3/1972,855.169
2/4/1972,821.189
2/5/1972,829.684
2/6/1972,775.882
2/7/1972,841.01
2/8/1972,815.525
2/9/1972,821.189
2/10/1972,824.02
2/11/1972,807.03
2/12/1972,809.862
2/13/1972,736.238
2/14/1972,798.535
2/15/1972,790.04
2/16/1972,798.535
2/17/1972,801.367
2/18/1972,804.198
2/19/1972,807.03
2/20/1972,733.406
2/21/1972,739.07
2/22/1972,812.694
2/23/1972,804.198
2/24/1972,843.842
2/25/1972,869.327
2/26/1972,863.664
2/27/1972,855.169
2/28/1972,863.664
2/29/1972,849.505
3/1/1972,849.505
3/2/1972,838.179
3/3/1972,858
3/4/1972,846.674
3/5/1972,852.337
3/6/1972,849.505
3/7/1972,855.169
3/8/1972,863.664
3/9/1972,855.169
3/10/1972,860.832
3/11/1972,846.674
3/12/1972,424.753
3/13/1972,433.248
3/14/1972,421.921
3/15/1972,416.258
3/16/1972,407.763
3/17/1972,331.307
3/18/1972,322.812
3/19/1972,407.763
3/20/1972,543.683
3/21/1972,679.604
3/22/1972,741.901
3/23/1972,838.179
3/24/1972,999.585
3/25/1972,1008.08
3/26/1972,993.921
3/27/1972,993.921
3/28/1972,991.09
3/29/1972,996.753
3/30/1972,1070.377
3/31/1972,1067.545
4/1/1972,1070.377
4/2/1972,1073.208
4/3/1972,1073.208
4/4/1972,1076.04
4/5/1972,1076.04
4/6/1972,1076.04
4/7/1972,1073.208
4/8/1972,1073.208
4/9/1972,959.941
4/10/1972,843.842
4/11/1972,959.941
4/12/1972,1076.04
4/13/1972,1076.04
4/14/1972,1073.208
4/15/1972,1073.208
4/16/1972,1073.208
4/17/1972,1076.04
4/18/1972,1076.04
4/19/1972,1078.872
4/20/1972,1081.704
4/21/1972,1078.872
4/22/1972,1081.704
4/23/1972,1076.04
4/24/1972,1078.872
4/25/1972,1078.872
4/26/1972,1078.872
4/27/1972,1090.199
4/28/1972,1081.704
4/29/1972,1081.704
4/30/1972,1093.03
5/1/1972,1090.199
5/2/1972,1090.199
5/3/1972,1090.199
5/4/1972,1093.03
5/5/1972,1090.199
5/6/1972,1090.199
5/7/1972,1056.218
5/8/1972,1090.199
5/9/1972,1087.367
5/10/1972,1090.199
5/11/1972,1095.862
5/12/1972,1095.862
5/13/1972,1095.862
5/14/1972,1070.377
5/15/1972,1081.704
5/16/1972,1095.862
5/17/1972,1093.03
5/18/1972,1095.862
5/19/1972,1093.03
5/20/1972,1090.199
5/21/1972,1090.199
5/22/1972,1090.199
5/23/1972,1070.377
5/24/1972,1095.862
5/25/1972,1093.03
5/26/1972,1098.694
5/27/1972,1095.862
5/28/1972,1095.862
5/29/1972,1093.03
5/30/1972,1095.862
5/31/1972,1095.862
6/1/1972,1095.862
6/2/1972,1098.694
6/3/1972,1098.694
6/4/1972,1098.694
6/5/1972,1084.535
6/6/1972,1098.694
6/7/1972,1093.03
6/8/1972,1070.377
6/9/1972,1095.862
6/10/1972,1093.03
6/11/1972,1093.03
6/12/1972,1095.862
6/13/1972,1084.535
6/14/1972,1084.535
6/15/1972,1087.367
6/16/1972,1084.535
6/17/1972,1081.704
6/18/1972,1010.911
6/19/1972,1073.208
6/20/1972,1073.208
6/21/1972,1073.208
6/22/1972,1073.208
6/23/1972,1005.248
6/24/1972,917.466
6/25/1972,855.169
6/26/1972,993.921
6/27/1972,996.753
6/28/1972,996.753
6/29/1972,1005.248
6/30/1972,999.585
7/1/1972,985.426
7/2/1972,843.842
7/3/1972,925.961
7/4/1972,846.674
7/5/1972,934.456
7/6/1972,860.832
7/7/1972,852.337
7/8/1972,784.377
7/9/1972,722.08
7/10/1972,753.228
7/11/1972,705.089
7/12/1972,719.248
7/13/1972,730.575
7/14/1972,716.416
7/15/1972,710.753
7/16/1972,705.089
7/17/1972,724.911
7/18/1972,710.753
7/19/1972,719.248
7/20/1972,688.099
7/21/1972,733.406
7/22/1972,727.743
7/23/1972,705.089
7/24/1972,716.416
7/25/1972,719.248
7/26/1972,702.258
7/27/1972,716.416
7/28/1972,722.08
7/29/1972,716.416
7/30/1972,702.258
7/31/1972,727.743
8/1/1972,724.911
8/2/1972,713.585
8/3/1972,705.089
8/4/1972,716.416
8/5/1972,705.089
8/6/1972,656.951
8/7/1972,651.287
8/8/1972,662.614
8/9/1972,651.287
8/10/1972,662.614
8/11/1972,654.119
8/12/1972,654.119
8/13/1972,656.951
8/14/1972,642.792
8/15/1972,659.783
8/16/1972,676.773
8/17/1972,699.426
8/18/1972,668.278
8/19/1972,696.594
8/20/1972,696.594
8/21/1972,673.941
8/22/1972,696.594
8/23/1972,617.307
8/24/1972,622.971
8/25/1972,569.169
8/26/1972,566.337
8/27/1972,566.337
8/28/1972,563.505
8/29/1972,577.664
8/30/1972,563.505
8/31/1972,583.327
9/1/1972,569.169
9/2/1972,560.674
9/3/1972,566.337
9/4/1972,566.337
9/5/1972,572
9/6/1972,566.337
9/7/1972,580.495
9/8/1972,572
9/9/1972,580.495
9/10/1972,583.327
9/11/1972,656.951
9/12/1972,586.159
9/13/1972,605.981
9/14/1972,614.476
9/15/1972,588.99
9/16/1972,577.664
9/17/1972,577.664
9/18/1972,603.149
9/19/1972,577.664
9/20/1972,566.337
9/21/1972,572
9/22/1972,566.337
9/23/1972,572
9/24/1972,563.505
9/25/1972,566.337
9/26/1972,566.337
9/27/1972,566.337
9/28/1972,563.505
9/29/1972,563.505
9/30/1972,566.337
10/1/1972,560.674
10/2/1972,566.337
10/3/1972,560.674
10/4/1972,560.674
10/5/1972,560.674
10/6/1972,577.664
10/7/1972,566.337
10/8/1972,555.01
10/9/1972,572
10/10/1972,569.169
10/11/1972,597.485
10/12/1972,597.485
10/13/1972,588.99
10/14/1972,597.485
10/15/1972,586.159
10/16/1972,597.485
10/17/1972,588.99
10/18/1972,583.327
10/19/1972,588.99
10/20/1972,605.981
10/21/1972,591.822
10/22/1972,591.822
10/23/1972,594.654
10/24/1972,600.317
10/25/1972,617.307
10/26/1972,622.971
10/27/1972,659.783
10/28/1972,690.931
10/29/1972,688.099
10/30/1972,693.763
10/31/1972,693.763
11/1/1972,696.594
11/2/1972,693.763
11/3/1972,696.594
11/4/1972,696.594
11/5/1972,693.763
11/6/1972,693.763
11/7/1972,693.763
11/8/1972,702.258
11/9/1972,696.594
11/10/1972,656.951
11/11/1972,668.278
11/12/1972,662.614
11/13/1972,662.614
11/14/1972,594.654
11/15/1972,597.485
11/16/1972,597.485
11/17/1972,605.981
11/18/1972,591.822
11/19/1972,591.822
11/20/1972,594.654
11/21/1972,597.485
11/22/1972,591.822
11/23/1972,574.832
11/24/1972,591.822
11/25/1972,591.822
11/26/1972,588.99
11/27/1972,594.654
11/28/1972,569.169
11/29/1972,569.169
11/30/1972,569.169
12/1/1972,583.327
12/2/1972,586.159
12/3/1972,588.99
12/4/1972,563.505
12/5/1972,484.218
12/6/1972,481.386
12/7/1972,481.386
12/8/1972,504.04
12/9/1972,481.386
12/10/1972,478.555
12/11/1972,484.218
12/12/1972,523.862
12/13/1972,574.832
12/14/1972,583.327
12/15/1972,603.149
12/16/1972,625.802
12/17/1972,665.446
12/18/1972,693.763
12/19/1972,730.575
12/20/1972,724.911
12/21/1972,739.07
12/22/1972,764.555
12/23/1972,761.723
12/24/1972,747.565
12/25/1972,744.733
12/26/1972,753.228
12/27/1972,790.04
12/28/1972,821.189
12/29/1972,807.03
12/30/1972,824.02
12/31/1972,801.367
1/1/1973,798.535
1/2/1973,809.862
1/3/1973,807.03
1/4/1973,835.347
1/5/1973,835.347
1/6/1973,852.337
1/7/1973,838.179
1/8/1973,863.664
1/9/1973,869.327
1/10/1973,866.496
1/11/1973,849.505
1/12/1973,807.03
1/13/1973,747.565
1/14/1973,705.089
1/15/1973,724.911
1/16/1973,710.753
1/17/1973,710.753
1/18/1973,722.08
1/19/1973,736.238
1/20/1973,716.416
1/21/1973,688.099
1/22/1973,724.911
1/23/1973,758.891
1/24/1973,713.585
1/25/1973,719.248
1/26/1973,719.248
1/27/1973,631.466
1/28/1973,673.941
1/29/1973,671.109
1/30/1973,690.931
1/31/1973,685.268
2/1/1973,688.099
2/2/1973,707.921
2/3/1973,690.931
2/4/1973,693.763
2/5/1973,690.931
2/6/1973,719.248
2/7/1973,727.743
2/8/1973,750.396
2/9/1973,733.406
2/10/1973,707.921
2/11/1973,702.258
2/12/1973,722.08
2/13/1973,713.585
2/14/1973,710.753
2/15/1973,713.585
2/16/1973,722.08
2/17/1973,710.753
2/18/1973,693.763
2/19/1973,716.416
2/20/1973,707.921
2/21/1973,719.248
2/22/1973,682.436
2/23/1973,688.099
2/24/1973,727.743
2/25/1973,716.416
2/26/1973,699.426
2/27/1973,730.575
2/28/1973,699.426
3/1/1973,693.763
3/2/1973,764.555
3/3/1973,733.406
3/4/1973,690.931
3/5/1973,713.585
3/6/1973,719.248
3/7/1973,710.753
3/8/1973,713.585
3/9/1973,724.911
3/10/1973,724.911
3/11/1973,699.426
3/12/1973,710.753
3/13/1973,761.723
3/14/1973,733.406
3/15/1973,747.565
3/16/1973,747.565
3/17/1973,744.733
3/18/1973,702.258
3/19/1973,741.901
3/20/1973,702.258
3/21/1973,724.911
3/22/1973,724.911
3/23/1973,730.575
3/24/1973,702.258
3/25/1973,594.654
3/26/1973,656.951
3/27/1973,659.783
3/28/1973,659.783
3/29/1973,707.921
3/30/1973,778.713
3/31/1973,688.099
4/1/1973,563.505
4/2/1973,690.931
4/3/1973,716.416
4/4/1973,679.604
4/5/1973,656.951
4/6/1973,648.456
4/7/1973,656.951
4/8/1973,668.278
4/9/1973,659.783
4/10/1973,682.436
4/11/1973,710.753
4/12/1973,671.109
4/13/1973,685.268
4/14/1973,668.278
4/15/1973,569.169
4/16/1973,563.505
4/17/1973,563.505
4/18/1973,557.842
4/19/1973,498.377
4/20/1973,461.565
4/21/1973,447.406
4/22/1973,455.901
4/23/1973,467.228
4/24/1973,458.733
4/25/1973,453.07
4/26/1973,453.07
4/27/1973,447.406
4/28/1973,450.238
4/29/1973,393.604
4/30/1973,455.901
5/1/1973,458.733
5/2/1973,455.901
5/3/1973,447.406
5/4/1973,447.406
5/5/1973,455.901
5/6/1973,399.268
5/7/1973,453.07
5/8/1973,447.406
5/9/1973,450.238
5/10/1973,447.406
5/11/1973,450.238
5/12/1973,447.406
5/13/1973,399.268
5/14/1973,447.406
5/15/1973,461.565
5/16/1973,461.565
5/17/1973,509.703
5/18/1973,509.703
5/19/1973,509.703
5/20/1973,521.03
5/21/1973,532.357
5/22/1973,498.377
5/23/1973,506.872
5/24/1973,512.535
5/25/1973,515.367
5/26/1973,509.703
5/27/1973,501.208
5/28/1973,521.03
5/29/1973,509.703
5/30/1973,501.208
5/31/1973,509.703
6/1/1973,501.208
6/2/1973,504.04
6/3/1973,501.208
6/4/1973,501.208
6/5/1973,506.872
6/6/1973,504.04
6/7/1973,523.862
6/8/1973,549.347
6/9/1973,506.872
6/10/1973,515.367
6/11/1973,546.515
6/12/1973,504.04
6/13/1973,509.703
6/14/1973,512.535
6/15/1973,563.505
6/16/1973,509.703
6/17/1973,504.04
6/18/1973,506.872
6/19/1973,498.377
6/20/1973,506.872
6/21/1973,560.674
6/22/1973,557.842
6/23/1973,552.179
6/24/1973,518.198
6/25/1973,532.357
6/26/1973,549.347
6/27/1973,557.842
6/28/1973,549.347
6/29/1973,549.347
6/30/1973,555.01
7/1/1973,521.03
7/2/1973,557.842
7/3/1973,560.674
7/4/1973,555.01
7/5/1973,628.634
7/6/1973,631.466
7/7/1973,577.664
7/8/1973,552.179
7/9/1973,574.832
7/10/1973,580.495
7/11/1973,574.832
7/12/1973,577.664
7/13/1973,572
7/14/1973,569.169
7/15/1973,563.505
7/16/1973,569.169
7/17/1973,572
7/18/1973,574.832
7/19/1973,566.337
7/20/1973,546.515
7/21/1973,563.505
7/22/1973,532.357
7/23/1973,552.179
7/24/1973,509.703
7/25/1973,535.188
7/26/1973,563.505
7/27/1973,560.674
7/28/1973,563.505
7/29/1973,549.347
7/30/1973,560.674
7/31/1973,569.169
8/1/1973,560.674
8/2/1973,569.169
8/3/1973,574.832
8/4/1973,563.505
8/5/1973,572
8/6/1973,574.832
8/7/1973,580.495
8/8/1973,637.129
8/9/1973,628.634
8/10/1973,583.327
8/11/1973,569.169
8/12/1973,572
8/13/1973,563.505
8/14/1973,569.169
8/15/1973,566.337
8/16/1973,572
8/17/1973,574.832
8/18/1973,574.832
8/19/1973,574.832
8/20/1973,574.832
8/21/1973,569.169
8/22/1973,569.169
8/23/1973,569.169
8/24/1973,572
8/25/1973,597.485
8/26/1973,588.99
8/27/1973,659.783
8/28/1973,637.129
8/29/1973,603.149
8/30/1973,611.644
8/31/1973,566.337
9/1/1973,566.337
9/2/1973,586.159
9/3/1973,552.179
9/4/1973,577.664
9/5/1973,572
9/6/1973,583.327
9/7/1973,577.664
9/8/1973,574.832
9/9/1973,574.832
9/10/1973,574.832
9/11/1973,569.169
9/12/1973,569.169
9/13/1973,566.337
9/14/1973,566.337
9/15/1973,566.337
9/16/1973,569.169
9/17/1973,566.337
9/18/1973,574.832
9/19/1973,515.367
9/20/1973,512.535
9/21/1973,512.535
9/22/1973,521.03
9/23/1973,515.367
9/24/1973,512.535
9/25/1973,509.703
9/26/1973,518.198
9/27/1973,518.198
9/28/1973,509.703
9/29/1973,509.703
9/30/1973,515.367
10/1/1973,538.02
10/2/1973,518.198
10/3/1973,521.03
10/4/1973,521.03
10/5/1973,515.367
10/6/1973,506.872
10/7/1973,512.535
10/8/1973,523.862
10/9/1973,509.703
10/10/1973,572
10/11/1973,600.317
10/12/1973,600.317
10/13/1973,588.99
10/14/1973,464.396
10/15/1973,569.169
10/16/1973,540.852
10/17/1973,538.02
10/18/1973,535.188
10/19/1973,532.357
10/20/1973,543.683
10/21/1973,501.208
10/22/1973,540.852
10/23/1973,543.683
10/24/1973,535.188
10/25/1973,540.852
10/26/1973,549.347
10/27/1973,552.179
10/28/1973,453.07
10/29/1973,518.198
10/30/1973,523.862
10/31/1973,509.703
11/1/1973,515.367
11/2/1973,538.02
11/3/1973,605.981
11/4/1973,470.06
11/5/1973,591.822
11/6/1973,560.674
11/7/1973,557.842
11/8/1973,555.01
11/9/1973,560.674
11/10/1973,512.535
11/11/1973,458.733
11/12/1973,518.198
11/13/1973,535.188
11/14/1973,566.337
11/15/1973,555.01
11/16/1973,538.02
11/17/1973,472.891
11/18/1973,410.594
11/19/1973,535.188
11/20/1973,515.367
11/21/1973,512.535
11/22/1973,495.545
11/23/1973,566.337
11/24/1973,628.634
11/25/1973,560.674
11/26/1973,628.634
11/27/1973,688.099
11/28/1973,682.436
11/29/1973,688.099
11/30/1973,707.921
12/1/1973,679.604
12/2/1973,642.792
12/3/1973,699.426
12/4/1973,696.594
12/5/1973,696.594
12/6/1973,722.08
12/7/1973,733.406
12/8/1973,724.911
12/9/1973,693.763
12/10/1973,727.743
12/11/1973,702.258
12/12/1973,719.248
12/13/1973,730.575
12/14/1973,555.01
12/15/1973,543.683
12/16/1973,526.693
12/17/1973,549.347
12/18/1973,540.852
12/19/1973,546.515
12/20/1973,555.01
12/21/1973,572
12/22/1973,586.159
12/23/1973,597.485
12/24/1973,608.812
12/25/1973,634.297
12/26/1973,634.297
12/27/1973,637.129
12/28/1973,654.119
12/29/1973,682.436
12/30/1973,690.931
12/31/1973,719.248
1/1/1974,722.08
1/2/1974,707.921
1/3/1974,722.08
1/4/1974,724.911
1/5/1974,724.911
1/6/1974,719.248
1/7/1974,739.07
1/8/1974,730.575
1/9/1974,756.06
1/10/1974,770.218
1/11/1974,761.723
1/12/1974,753.228
1/13/1974,733.406
1/14/1974,778.713
1/15/1974,705.089
1/16/1974,713.585
1/17/1974,727.743
1/18/1974,764.555
1/19/1974,733.406
1/20/1974,682.436
1/21/1974,775.882
1/22/1974,770.218
1/23/1974,775.882
1/24/1974,753.228
1/25/1974,736.238
1/26/1974,716.416
1/27/1974,659.783
1/28/1974,764.555
1/29/1974,764.555
1/30/1974,764.555
1/31/1974,753.228
2/1/1974,764.555
2/2/1974,770.218
2/3/1974,690.931
2/4/1974,775.882
2/5/1974,770.218
2/6/1974,764.555
2/7/1974,773.05
2/8/1974,778.713
2/9/1974,767.387
2/10/1974,707.921
2/11/1974,778.713
2/12/1974,764.555
2/13/1974,784.377
2/14/1974,770.218
2/15/1974,773.05
2/16/1974,716.416
2/17/1974,671.109
2/18/1974,707.921
2/19/1974,758.891
2/20/1974,756.06
2/21/1974,767.387
2/22/1974,773.05
2/23/1974,756.06
2/24/1974,756.06
2/25/1974,753.228
2/26/1974,761.723
2/27/1974,758.891
2/28/1974,767.387
3/1/1974,758.891
3/2/1974,724.911
3/3/1974,699.426
3/4/1974,781.545
3/5/1974,770.218
3/6/1974,764.555
3/7/1974,761.723
3/8/1974,758.891
3/9/1974,758.891
3/10/1974,671.109
3/11/1974,773.05
3/12/1974,775.882
3/13/1974,767.387
3/14/1974,727.743
3/15/1974,727.743
3/16/1974,727.743
3/17/1974,665.446
3/18/1974,662.614
3/19/1974,668.278
3/20/1974,668.278
3/21/1974,764.555
3/22/1974,696.594
3/23/1974,702.258
3/24/1974,699.426
3/25/1974,696.594
3/26/1974,682.436
3/27/1974,671.109
3/28/1974,673.941
3/29/1974,679.604
3/30/1974,611.644
3/31/1974,538.02
4/1/1974,594.654
4/2/1974,560.674
4/3/1974,628.634
4/4/1974,671.109
4/5/1974,668.278
4/6/1974,597.485
4/7/1974,574.832
4/8/1974,583.327
4/9/1974,552.179
4/10/1974,560.674
4/11/1974,563.505
4/12/1974,574.832
4/13/1974,538.02
4/14/1974,470.06
4/15/1974,441.743
4/16/1974,441.743
4/17/1974,444.574
4/18/1974,436.079
4/19/1974,453.07
4/20/1974,436.079
4/21/1974,438.911
4/22/1974,557.842
4/23/1974,552.179
4/24/1974,557.842
4/25/1974,549.347
4/26/1974,569.169
4/27/1974,563.505
4/28/1974,563.505
4/29/1974,563.505
4/30/1974,572
5/1/1974,622.971
5/2/1974,622.971
5/3/1974,625.802
5/4/1974,617.307
5/5/1974,555.01
5/6/1974,622.971
5/7/1974,614.476
5/8/1974,620.139
5/9/1974,608.812
5/10/1974,639.961
5/11/1974,634.297
5/12/1974,566.337
5/13/1974,634.297
5/14/1974,628.634
5/15/1974,628.634
5/16/1974,566.337
5/17/1974,572
5/18/1974,566.337
5/19/1974,563.505
5/20/1974,605.981
5/21/1974,594.654
5/22/1974,625.802
5/23/1974,555.01
5/24/1974,563.505
5/25/1974,566.337
5/26/1974,509.703
5/27/1974,532.357
5/28/1974,557.842
5/29/1974,560.674
5/30/1974,569.169
5/31/1974,560.674
6/1/1974,572
6/2/1974,577.664
6/3/1974,557.842
6/4/1974,622.971
6/5/1974,671.109
6/6/1974,668.278
6/7/1974,682.436
6/8/1974,688.099
6/9/1974,597.485
6/10/1974,741.901
6/11/1974,753.228
6/12/1974,750.396
6/13/1974,750.396
6/14/1974,603.149
6/15/1974,464.396
6/16/1974,563.505
6/17/1974,727.743
6/18/1974,676.773
6/19/1974,744.733
6/20/1974,747.565
6/21/1974,739.07
6/22/1974,671.109
6/23/1974,603.149
6/24/1974,716.416
6/25/1974,722.08
6/26/1974,719.248
6/27/1974,733.406
6/28/1974,679.604
6/29/1974,685.268
6/30/1974,614.476
7/1/1974,671.109
7/2/1974,685.268
7/3/1974,702.258
7/4/1974,614.476
7/5/1974,673.941
7/6/1974,637.129
7/7/1974,634.297
7/8/1974,710.753
7/9/1974,688.099
7/10/1974,812.694
7/11/1974,773.05
7/12/1974,790.04
7/13/1974,696.594
7/14/1974,648.456
7/15/1974,682.436
7/16/1974,736.238
7/17/1974,739.07
7/18/1974,710.753
7/19/1974,756.06
7/20/1974,812.694
7/21/1974,773.05
7/22/1974,778.713
7/23/1974,863.664
7/24/1974,792.872
7/25/1974,795.703
7/26/1974,761.723
7/27/1974,676.773
7/28/1974,673.941
7/29/1974,787.208
7/30/1974,792.872
7/31/1974,807.03
8/1/1974,795.703
8/2/1974,792.872
8/3/1974,801.367
8/4/1974,707.921
8/5/1974,792.872
8/6/1974,741.901
8/7/1974,741.901
8/8/1974,747.565
8/9/1974,730.575
8/10/1974,741.901
8/11/1974,673.941
8/12/1974,809.862
8/13/1974,812.694
8/14/1974,778.713
8/15/1974,801.367
8/16/1974,781.545
8/17/1974,809.862
8/18/1974,702.258
8/19/1974,804.198
8/20/1974,764.555
8/21/1974,775.882
8/22/1974,801.367
8/23/1974,798.535
8/24/1974,804.198
8/25/1974,693.763
8/26/1974,770.218
8/27/1974,801.367
8/28/1974,804.198
8/29/1974,798.535
8/30/1974,801.367
8/31/1974,804.198
9/1/1974,682.436
9/2/1974,744.733
9/3/1974,801.367
9/4/1974,843.842
9/5/1974,832.515
9/6/1974,829.684
9/7/1974,832.515
9/8/1974,690.931
9/9/1974,739.07
9/10/1974,727.743
9/11/1974,690.931
9/12/1974,702.258
9/13/1974,512.535
9/14/1974,294.495
9/15/1974,288.832
9/16/1974,515.367
9/17/1974,736.238
9/18/1974,724.911
9/19/1974,722.08
9/20/1974,744.733
9/21/1974,761.723
9/22/1974,761.723
9/23/1974,764.555
9/24/1974,747.565
9/25/1974,767.387
9/26/1974,767.387
9/27/1974,509.703
9/28/1974,286
9/29/1974,169.901
9/30/1974,478.555
10/1/1974,586.159
10/2/1974,546.515
10/3/1974,792.872
10/4/1974,790.04
10/5/1974,741.901
10/6/1974,699.426
10/7/1974,761.723
10/8/1974,733.406
10/9/1974,750.396
10/10/1974,739.07
10/11/1974,741.901
10/12/1974,761.723
10/13/1974,860.832
10/14/1974,858
10/15/1974,858
10/16/1974,866.496
10/17/1974,858
10/18/1974,855.169
10/19/1974,855.169
10/20/1974,858
10/21/1974,829.684
10/22/1974,866.496
10/23/1974,849.505
10/24/1974,866.496
10/25/1974,858
10/26/1974,863.664
10/27/1974,841.01
10/28/1974,860.832
10/29/1974,860.832
10/30/1974,863.664
10/31/1974,866.496
11/1/1974,744.733
11/2/1974,744.733
11/3/1974,741.901
11/4/1974,716.416
11/5/1974,739.07
11/6/1974,722.08
11/7/1974,716.416
11/8/1974,719.248
11/9/1974,634.297
11/10/1974,600.317
11/11/1974,671.109
11/12/1974,722.08
11/13/1974,659.783
11/14/1974,741.901
11/15/1974,741.901
11/16/1974,671.109
11/17/1974,597.485
11/18/1974,685.268
11/19/1974,685.268
11/20/1974,696.594
11/21/1974,682.436
11/22/1974,693.763
11/23/1974,682.436
11/24/1974,566.337
11/25/1974,713.585
11/26/1974,648.456
11/27/1974,690.931
11/28/1974,611.644
11/29/1974,724.911
11/30/1974,676.773
12/1/1974,634.297
12/2/1974,744.733
12/3/1974,761.723
12/4/1974,750.396
12/5/1974,699.426
12/6/1974,733.406
12/7/1974,733.406
12/8/1974,710.753
12/9/1974,750.396
12/10/1974,730.575
12/11/1974,716.416
12/12/1974,741.901
12/13/1974,753.228
12/14/1974,727.743
12/15/1974,637.129
12/16/1974,753.228
12/17/1974,758.891
12/18/1974,710.753
12/19/1974,739.07
12/20/1974,690.931
12/21/1974,688.099
12/22/1974,586.159
12/23/1974,685.268
12/24/1974,642.792
12/25/1974,574.832
12/26/1974,676.773
12/27/1974,637.129
12/28/1974,591.822
12/29/1974,526.693
12/30/1974,688.099
12/31/1974,642.792
1/1/1975,608.812
1/2/1975,688.099
1/3/1975,696.594
1/4/1975,566.337
1/5/1975,563.505
1/6/1975,614.476
1/7/1975,690.931
1/8/1975,572
1/9/1975,577.664
1/10/1975,563.505
1/11/1975,557.842
1/12/1975,574.832
1/13/1975,580.495
1/14/1975,583.327
1/15/1975,549.347
1/16/1975,560.674
1/17/1975,549.347
1/18/1975,549.347
1/19/1975,577.664
1/20/1975,588.99
1/21/1975,605.981
1/22/1975,620.139
1/23/1975,648.456
1/24/1975,665.446
1/25/1975,688.099
1/26/1975,693.763
1/27/1975,705.089
1/28/1975,719.248
1/29/1975,722.08
1/30/1975,750.396
1/31/1975,747.565
2/1/1975,761.723
2/2/1975,758.891
2/3/1975,801.367
2/4/1975,801.367
2/5/1975,826.852
2/6/1975,843.842
2/7/1975,829.684
2/8/1975,880.654
2/9/1975,874.991
2/10/1975,863.664
2/11/1975,894.812
2/12/1975,807.03
2/13/1975,790.04
2/14/1975,809.862
2/15/1975,761.723
2/16/1975,733.406
2/17/1975,773.05
2/18/1975,764.555
2/19/1975,815.525
2/20/1975,795.703
2/21/1975,812.694
2/22/1975,756.06
2/23/1975,784.377
2/24/1975,795.703
2/25/1975,795.703
2/26/1975,798.535
2/27/1975,795.703
2/28/1975,795.703
3/1/1975,795.703
3/2/1975,727.743
3/3/1975,719.248
3/4/1975,552.179
3/5/1975,563.505
3/6/1975,555.01
3/7/1975,730.575
3/8/1975,727.743
3/9/1975,713.585
3/10/1975,761.723
3/11/1975,758.891
3/12/1975,815.525
3/13/1975,815.525
3/14/1975,807.03
3/15/1975,778.713
3/16/1975,722.08
3/17/1975,812.694
3/18/1975,792.872
3/19/1975,792.872
3/20/1975,792.872
3/21/1975,798.535
3/22/1975,736.238
3/23/1975,702.258
3/24/1975,770.218
3/25/1975,761.723
3/26/1975,566.337
3/27/1975,557.842
3/28/1975,620.139
3/29/1975,560.674
3/30/1975,521.03
3/31/1975,506.872
4/1/1975,518.198
4/2/1975,549.347
4/3/1975,552.179
4/4/1975,512.535
4/5/1975,509.703
4/6/1975,515.367
4/7/1975,512.535
4/8/1975,515.367
4/9/1975,512.535
4/10/1975,512.535
4/11/1975,509.703
4/12/1975,506.872
4/13/1975,501.208
4/14/1975,506.872
4/15/1975,419.089
4/16/1975,419.089
4/17/1975,447.406
4/18/1975,543.683
4/19/1975,625.802
4/20/1975,441.743
4/21/1975,472.891
4/22/1975,478.555
4/23/1975,453.07
4/24/1975,342.634
4/25/1975,455.901
4/26/1975,399.268
4/27/1975,376.614
4/28/1975,478.555
4/29/1975,594.654
4/30/1975,685.268
5/1/1975,679.604
5/2/1975,682.436
5/3/1975,535.188
5/4/1975,552.179
5/5/1975,688.099
5/6/1975,690.931
5/7/1975,758.891
5/8/1975,846.674
5/9/1975,968.436
5/10/1975,976.931
5/11/1975,942.951
5/12/1975,872.159
5/13/1975,795.703
5/14/1975,807.03
5/15/1975,807.03
5/16/1975,908.971
5/17/1975,1027.902
5/18/1975,1027.902
5/19/1975,1042.06
5/20/1975,1036.397
5/21/1975,1030.733
5/22/1975,1033.565
5/23/1975,1033.565
5/24/1975,1027.902
5/25/1975,1025.07
5/26/1975,1016.575
5/27/1975,1030.733
5/28/1975,1047.723
5/29/1975,1019.406
5/30/1975,1030.733
5/31/1975,1027.902
6/1/1975,1016.575
6/2/1975,1022.238
6/3/1975,1008.08
6/4/1975,1064.713
6/5/1975,1093.03
6/6/1975,1090.199
6/7/1975,1090.199
6/8/1975,1090.199
6/9/1975,1090.199
6/10/1975,1081.704
6/11/1975,1081.704
6/12/1975,1076.04
6/13/1975,1073.208
6/14/1975,1073.208
6/15/1975,1073.208
6/16/1975,1073.208
6/17/1975,1064.713
6/18/1975,1064.713
6/19/1975,1064.713
6/20/1975,1056.218
6/21/1975,1056.218
6/22/1975,1056.218
6/23/1975,1053.387
6/24/1975,1186.476
6/25/1975,1305.407
6/26/1975,1415.842
6/27/1975,1415.842
6/28/1975,1415.842
6/29/1975,1415.842
6/30/1975,1415.842
7/1/1975,1418.674
7/2/1975,1415.842
7/3/1975,1413.011
7/4/1975,1418.674
7/5/1975,1413.011
7/6/1975,1560.258
7/7/1975,1696.179
7/8/1975,1699.011
7/9/1975,1699.011
7/10/1975,1840.595
7/11/1975,1837.763
7/12/1975,1843.427
7/13/1975,1837.763
7/14/1975,1837.763
7/15/1975,1840.595
7/16/1975,1843.427
7/17/1975,1843.427
7/18/1975,1843.427
7/19/1975,1843.427
7/20/1975,1843.427
7/21/1975,1840.595
7/22/1975,1840.595
7/23/1975,1837.763
7/24/1975,1837.763
7/25/1975,1846.258
7/26/1975,1840.595
7/27/1975,1843.427
7/28/1975,1843.427
7/29/1975,1843.427
7/30/1975,1843.427
7/31/1975,1843.427
8/1/1975,1843.427
8/2/1975,1837.763
8/3/1975,1837.763
8/4/1975,1837.763
8/5/1975,1843.427
8/6/1975,1837.763
8/7/1975,1840.595
8/8/1975,1837.763
8/9/1975,1840.595
8/10/1975,1843.427
8/11/1975,1843.427
8/12/1975,1837.763
8/13/1975,1840.595
8/14/1975,1840.595
8/15/1975,1840.595
8/16/1975,1840.595
8/17/1975,1840.595
8/18/1975,1843.427
8/19/1975,1696.179
8/20/1975,1554.595
8/21/1975,1415.842
8/22/1975,1274.258
8/23/1975,1132.674
8/24/1975,1056.218
8/25/1975,996.753
8/26/1975,897.644
8/27/1975,767.387
8/28/1975,886.317
8/29/1975,773.05
8/30/1975,872.159
8/31/1975,1061.882
9/1/1975,1059.05
9/2/1975,1059.05
9/3/1975,1056.218
9/4/1975,1050.555
9/5/1975,1042.06
9/6/1975,1056.218
9/7/1975,1042.06
9/8/1975,1061.882
9/9/1975,1033.565
9/10/1975,1061.882
9/11/1975,1061.882
9/12/1975,1061.882
9/13/1975,1061.882
9/14/1975,1067.545
9/15/1975,1067.545
9/16/1975,1067.545
9/17/1975,1070.377
9/18/1975,1059.05
9/19/1975,993.921
9/20/1975,988.258
9/21/1975,1022.238
9/22/1975,1042.06
9/23/1975,1064.713
9/24/1975,1070.377
9/25/1975,1073.208
9/26/1975,1050.555
9/27/1975,1070.377
9/28/1975,1067.545
9/29/1975,1073.208
9/30/1975,1073.208
10/1/1975,1078.872
10/2/1975,1078.872
10/3/1975,1064.713
10/4/1975,1081.704
10/5/1975,1081.704
10/6/1975,1084.535
10/7/1975,1078.872
10/8/1975,1090.199
10/9/1975,1090.199
10/10/1975,1022.238
10/11/1975,934.456
10/12/1975,925.961
10/13/1975,874.991
10/14/1975,826.852
10/15/1975,826.852
10/16/1975,815.525
10/17/1975,841.01
10/18/1975,829.684
10/19/1975,784.377
10/20/1975,835.347
10/21/1975,809.862
10/22/1975,829.684
10/23/1975,846.674
10/24/1975,838.179
10/25/1975,824.02
10/26/1975,809.862
10/27/1975,804.198
10/28/1975,815.525
10/29/1975,821.189
10/30/1975,891.981
10/31/1975,900.476
11/1/1975,914.634
11/2/1975,869.327
11/3/1975,908.971
11/4/1975,863.664
11/5/1975,858
11/6/1975,923.129
11/7/1975,965.604
11/8/1975,982.595
11/9/1975,974.1
11/10/1975,824.02
11/11/1975,829.684
11/12/1975,846.674
11/13/1975,860.832
11/14/1975,931.624
11/15/1975,971.268
11/16/1975,931.624
11/17/1975,971.268
11/18/1975,968.436
11/19/1975,940.119
11/20/1975,991.09
11/21/1975,988.258
11/22/1975,968.436
11/23/1975,988.258
11/24/1975,968.436
11/25/1975,988.258
11/26/1975,968.436
11/27/1975,920.298
11/28/1975,974.1
11/29/1975,976.931
11/30/1975,976.931
12/1/1975,979.763
12/2/1975,979.763
12/3/1975,982.595
12/4/1975,880.654
12/5/1975,971.268
12/6/1975,982.595
12/7/1975,874.991
12/8/1975,979.763
12/9/1975,974.1
12/10/1975,968.436
12/11/1975,991.09
12/12/1975,1019.406
12/13/1975,988.258
12/14/1975,1019.406
12/15/1975,1008.08
12/16/1975,761.723
12/17/1975,555.01
12/18/1975,552.179
12/19/1975,560.674
12/20/1975,555.01
12/21/1975,546.515
12/22/1975,569.169
12/23/1975,591.822
12/24/1975,603.149
12/25/1975,611.644
12/26/1975,631.466
12/27/1975,642.792
12/28/1975,648.456
12/29/1975,659.783
12/30/1975,690.931
12/31/1975,710.753
1/1/1976,557.842
1/2/1976,552.179
1/3/1976,555.01
1/4/1976,557.842
1/5/1976,563.505
1/6/1976,580.495
1/7/1976,620.139
1/8/1976,637.129
1/9/1976,654.119
1/10/1976,651.287
1/11/1976,642.792
1/12/1976,662.614
1/13/1976,685.268
1/14/1976,710.753
1/15/1976,724.911
1/16/1976,733.406
1/17/1976,756.06
1/18/1976,758.891
1/19/1976,784.377
1/20/1976,781.545
1/21/1976,821.189
1/22/1976,821.189
1/23/1976,843.842
1/24/1976,855.169
1/25/1976,866.496
1/26/1976,883.486
1/27/1976,894.812
1/28/1976,906.139
1/29/1976,920.298
1/30/1976,911.802
1/31/1976,914.634
2/1/1976,928.793
2/2/1976,917.466
2/3/1976,928.793
2/4/1976,957.109
2/5/1976,962.773
2/6/1976,976.931
2/7/1976,982.595
2/8/1976,988.258
2/9/1976,863.664
2/10/1976,872.159
2/11/1976,872.159
2/12/1976,872.159
2/13/1976,869.327
2/14/1976,874.991
2/15/1976,874.991
2/16/1976,874.991
2/17/1976,874.991
2/18/1976,874.991
2/19/1976,874.991
2/20/1976,877.822
2/21/1976,877.822
2/22/1976,877.822
2/23/1976,874.991
2/24/1976,877.822
2/25/1976,877.822
2/26/1976,877.822
2/27/1976,883.486
2/28/1976,979.763
2/29/1976,617.307
3/1/1976,608.812
3/2/1976,617.307
3/3/1976,622.971
3/4/1976,617.307
3/5/1976,563.505
3/6/1976,557.842
3/7/1976,557.842
3/8/1976,555.01
3/9/1976,574.832
3/10/1976,620.139
3/11/1976,639.961
3/12/1976,668.278
3/13/1976,690.931
3/14/1976,690.931
3/15/1976,693.763
3/16/1976,722.08
3/17/1976,730.575
3/18/1976,750.396
3/19/1976,824.02
3/20/1976,883.486
3/21/1976,886.317
3/22/1976,883.486
3/23/1976,883.486
3/24/1976,883.486
3/25/1976,883.486
3/26/1976,883.486
3/27/1976,889.149
3/28/1976,886.317
3/29/1976,889.149
3/30/1976,886.317
3/31/1976,889.149
4/1/1976,889.149
4/2/1976,948.614
4/3/1976,1107.189
4/4/1976,1107.189
4/5/1976,886.317
4/6/1976,877.822
4/7/1976,880.654
4/8/1976,883.486
4/9/1976,883.486
4/10/1976,883.486
4/11/1976,883.486
4/12/1976,883.486
4/13/1976,883.486
4/14/1976,883.486
4/15/1976,886.317
4/16/1976,883.486
4/17/1976,880.654
4/18/1976,880.654
4/19/1976,886.317
4/20/1976,886.317
4/21/1976,886.317
4/22/1976,891.981
4/23/1976,891.981
4/24/1976,860.832
4/25/1976,886.317
4/26/1976,889.149
4/27/1976,889.149
4/28/1976,889.149
4/29/1976,889.149
4/30/1976,886.317
5/1/1976,886.317
5/2/1976,886.317
5/3/1976,889.149
5/4/1976,889.149
5/5/1976,889.149
5/6/1976,872.159
5/7/1976,883.486
5/8/1976,883.486
5/9/1976,889.149
5/10/1976,886.317
5/11/1976,991.09
5/12/1976,1076.04
5/13/1976,1076.04
5/14/1976,1076.04
5/15/1976,1073.208
5/16/1976,1076.04
5/17/1976,1076.04
5/18/1976,1076.04
5/19/1976,1076.04
5/20/1976,1076.04
5/21/1976,1076.04
5/22/1976,1076.04
5/23/1976,1076.04
5/24/1976,1081.704
5/25/1976,1076.04
5/26/1976,1084.535
5/27/1976,1078.872
5/28/1976,1076.04
5/29/1976,1076.04
5/30/1976,1076.04
5/31/1976,1073.208
6/1/1976,1073.208
6/2/1976,1073.208
6/3/1976,1076.04
6/4/1976,1076.04
6/5/1976,1073.208
6/6/1976,1076.04
6/7/1976,1070.377
6/8/1976,1076.04
6/9/1976,1076.04
6/10/1976,1076.04
6/11/1976,1073.208
6/12/1976,1070.377
6/13/1976,1067.545
6/14/1976,1059.05
6/15/1976,1061.882
6/16/1976,1061.882
6/17/1976,1056.218
6/18/1976,1059.05
6/19/1976,1059.05
6/20/1976,1056.218
6/21/1976,1056.218
6/22/1976,1056.218
6/23/1976,1050.555
6/24/1976,1044.892
6/25/1976,1044.892
6/26/1976,1044.892
6/27/1976,1044.892
6/28/1976,1042.06
6/29/1976,1044.892
6/30/1976,1039.228
7/1/1976,1039.228
7/2/1976,1042.06
7/3/1976,1042.06
7/4/1976,991.09
7/5/1976,965.604
7/6/1976,1039.228
7/7/1976,1042.06
7/8/1976,1042.06
7/9/1976,1036.397
7/10/1976,1039.228
7/11/1976,1005.248
7/12/1976,1036.397
7/13/1976,1033.565
7/14/1976,1036.397
7/15/1976,1036.397
7/16/1976,1036.397
7/17/1976,1036.397
7/18/1976,1036.397
7/19/1976,1036.397
7/20/1976,1036.397
7/21/1976,1033.565
7/22/1976,1036.397
7/23/1976,1036.397
7/24/1976,1033.565
7/25/1976,1033.565
7/26/1976,1042.06
7/27/1976,1042.06
7/28/1976,1042.06
7/29/1976,1039.228
7/30/1976,1039.228
7/31/1976,1044.892
8/1/1976,962.773
8/2/1976,954.278
8/3/1976,957.109
8/4/1976,1036.397
8/5/1976,1042.06
8/6/1976,945.783
8/7/1976,883.486
8/8/1976,880.654
8/9/1976,889.149
8/10/1976,874.991
8/11/1976,923.129
8/12/1976,920.298
8/13/1976,937.288
8/14/1976,928.793
8/15/1976,903.307
8/16/1976,920.298
8/17/1976,889.149
8/18/1976,874.991
8/19/1976,858
8/20/1976,858
8/21/1976,801.367
8/22/1976,761.723
8/23/1976,812.694
8/24/1976,809.862
8/25/1976,812.694
8/26/1976,824.02
8/27/1976,841.01
8/28/1976,812.694
8/29/1976,826.852
8/30/1976,838.179
8/31/1976,841.01
9/1/1976,798.535
9/2/1976,758.891
9/3/1976,795.703
9/4/1976,719.248
9/5/1976,710.753
9/6/1976,693.763
9/7/1976,696.594
9/8/1976,702.258
9/9/1976,724.911
9/10/1976,716.416
9/11/1976,719.248
9/12/1976,710.753
9/13/1976,710.753
9/14/1976,688.099
9/15/1976,713.585
9/16/1976,702.258
9/17/1976,707.921
9/18/1976,705.089
9/19/1976,702.258
9/20/1976,710.753
9/21/1976,778.713
9/22/1976,773.05
9/23/1976,781.545
9/24/1976,764.555
9/25/1976,764.555
9/26/1976,767.387
9/27/1976,773.05
9/28/1976,753.228
9/29/1976,756.06
9/30/1976,756.06
10/1/1976,727.743
10/2/1976,773.05
10/3/1976,600.317
10/4/1976,753.228
10/5/1976,705.089
10/6/1976,727.743
10/7/1976,727.743
10/8/1976,750.396
10/9/1976,690.931
10/10/1976,379.446
10/11/1976,716.416
10/12/1976,722.08
10/13/1976,801.367
10/14/1976,747.565
10/15/1976,747.565
10/16/1976,730.575
10/17/1976,741.901
10/18/1976,770.218
10/19/1976,730.575
10/20/1976,682.436
10/21/1976,707.921
10/22/1976,705.089
10/23/1976,710.753
10/24/1976,722.08
10/25/1976,722.08
10/26/1976,736.238
10/27/1976,741.901
10/28/1976,727.743
10/29/1976,719.248
10/30/1976,719.248
10/31/1976,645.624
11/1/1976,702.258
11/2/1976,716.416
11/3/1976,733.406
11/4/1976,781.545
11/5/1976,804.198
11/6/1976,795.703
11/7/1976,835.347
11/8/1976,838.179
11/9/1976,832.515
11/10/1976,832.515
11/11/1976,829.684
11/12/1976,821.189
11/13/1976,843.842
11/14/1976,841.01
11/15/1976,843.842
11/16/1976,801.367
11/17/1976,804.198
11/18/1976,832.515
11/19/1976,824.02
11/20/1976,843.842
11/21/1976,841.01
11/22/1976,841.01
11/23/1976,886.317
11/24/1976,942.951
11/25/1976,920.298
11/26/1976,917.466
11/27/1976,948.614
11/28/1976,923.129
11/29/1976,809.862
11/30/1976,948.614
12/1/1976,931.624
12/2/1976,940.119
12/3/1976,937.288
12/4/1976,957.109
12/5/1976,945.783
12/6/1976,957.109
12/7/1976,945.783
12/8/1976,790.04
12/9/1976,563.505
12/10/1976,475.723
12/11/1976,566.337
12/12/1976,515.367
12/13/1976,498.377
12/14/1976,501.208
12/15/1976,495.545
12/16/1976,526.693
12/17/1976,521.03
12/18/1976,563.505
12/19/1976,560.674
12/20/1976,569.169
12/21/1976,580.495
12/22/1976,603.149
12/23/1976,600.317
12/24/1976,637.129
12/25/1976,625.802
12/26/1976,665.446
12/27/1976,662.614
12/28/1976,688.099
12/29/1976,690.931
12/30/1976,696.594
12/31/1976,693.763
1/1/1977,739.07
1/2/1977,753.228
1/3/1977,787.208
1/4/1977,798.535
1/5/1977,801.367
1/6/1977,809.862
1/7/1977,818.357
1/8/1977,809.862
1/9/1977,821.189
1/10/1977,821.189
1/11/1977,841.01
1/12/1977,835.347
1/13/1977,835.347
1/14/1977,835.347
1/15/1977,829.684
1/16/1977,835.347
1/17/1977,849.505
1/18/1977,843.842
1/19/1977,838.179
1/20/1977,826.852
1/21/1977,826.852
1/22/1977,826.852
1/23/1977,809.862
1/24/1977,835.347
1/25/1977,824.02
1/26/1977,841.01
1/27/1977,849.505
1/28/1977,889.149
1/29/1977,923.129
1/30/1977,872.159
1/31/1977,877.822
2/1/1977,877.822
2/2/1977,872.159
2/3/1977,860.832
2/4/1977,906.139
2/5/1977,917.466
2/6/1977,897.644
2/7/1977,911.802
2/8/1977,869.327
2/9/1977,920.298
2/10/1977,835.347
2/11/1977,824.02
2/12/1977,812.694
2/13/1977,790.04
2/14/1977,807.03
2/15/1977,756.06
2/16/1977,767.387
2/17/1977,773.05
2/18/1977,775.882
2/19/1977,696.594
2/20/1977,716.416
2/21/1977,693.763
2/22/1977,705.089
2/23/1977,705.089
2/24/1977,702.258
2/25/1977,705.089
2/26/1977,705.089
2/27/1977,710.753
2/28/1977,705.089
3/1/1977,699.426
3/2/1977,705.089
3/3/1977,690.931
3/4/1977,696.594
3/5/1977,710.753
3/6/1977,702.258
3/7/1977,693.763
3/8/1977,654.119
3/9/1977,651.287
3/10/1977,648.456
3/11/1977,611.644
3/12/1977,605.981
3/13/1977,583.327
3/14/1977,620.139
3/15/1977,563.505
3/16/1977,566.337
3/17/1977,586.159
3/18/1977,577.664
3/19/1977,518.198
3/20/1977,518.198
3/21/1977,538.02
3/22/1977,518.198
3/23/1977,523.862
3/24/1977,489.881
3/25/1977,478.555
3/26/1977,481.386
3/27/1977,447.406
3/28/1977,475.723
3/29/1977,455.901
3/30/1977,441.743
3/31/1977,447.406
4/1/1977,447.406
4/2/1977,450.238
4/3/1977,396.436
4/4/1977,472.891
4/5/1977,453.07
4/6/1977,458.733
4/7/1977,455.901
4/8/1977,455.901
4/9/1977,390.772
4/10/1977,393.604
4/11/1977,402.099
4/12/1977,455.901
4/13/1977,399.268
4/14/1977,455.901
4/15/1977,455.901
4/16/1977,430.416
4/17/1977,458.733
4/18/1977,461.565
4/19/1977,453.07
4/20/1977,450.238
4/21/1977,523.862
4/22/1977,521.03
4/23/1977,506.872
4/24/1977,464.396
4/25/1977,518.198
4/26/1977,509.703
4/27/1977,453.07
4/28/1977,453.07
4/29/1977,453.07
4/30/1977,455.901
5/1/1977,464.396
5/2/1977,470.06
5/3/1977,464.396
5/4/1977,487.05
5/5/1977,461.565
5/6/1977,450.238
5/7/1977,464.396
5/8/1977,470.06
5/9/1977,453.07
5/10/1977,455.901
5/11/1977,464.396
5/12/1977,467.228
5/13/1977,458.733
5/14/1977,467.228
5/15/1977,464.396
5/16/1977,458.733
5/17/1977,430.416
5/18/1977,427.584
5/19/1977,438.911
5/20/1977,430.416
5/21/1977,413.426
5/22/1977,430.416
5/23/1977,433.248
5/24/1977,430.416
5/25/1977,430.416
5/26/1977,427.584
5/27/1977,424.753
5/28/1977,430.416
5/29/1977,424.753
5/30/1977,424.753
5/31/1977,436.079
6/1/1977,427.584
6/2/1977,416.258
6/3/1977,424.753
6/4/1977,438.911
6/5/1977,430.416
6/6/1977,421.921
6/7/1977,419.089
6/8/1977,416.258
6/9/1977,427.584
6/10/1977,441.743
6/11/1977,438.911
6/12/1977,424.753
6/13/1977,421.921
6/14/1977,416.258
6/15/1977,447.406
6/16/1977,447.406
6/17/1977,444.574
6/18/1977,450.238
6/19/1977,453.07
6/20/1977,444.574
6/21/1977,441.743
6/22/1977,441.743
6/23/1977,455.901
6/24/1977,455.901
6/25/1977,453.07
6/26/1977,444.574
6/27/1977,441.743
6/28/1977,444.574
6/29/1977,450.238
6/30/1977,450.238
7/1/1977,453.07
7/2/1977,458.733
7/3/1977,472.891
7/4/1977,461.565
7/5/1977,489.881
7/6/1977,504.04
7/7/1977,478.555
7/8/1977,481.386
7/9/1977,450.238
7/10/1977,492.713
7/11/1977,535.188
7/12/1977,532.357
7/13/1977,526.693
7/14/1977,509.703
7/15/1977,492.713
7/16/1977,509.703
7/17/1977,515.367
7/18/1977,535.188
7/19/1977,555.01
7/20/1977,506.872
7/21/1977,484.218
7/22/1977,487.05
7/23/1977,472.891
7/24/1977,475.723
7/25/1977,467.228
7/26/1977,487.05
7/27/1977,450.238
7/28/1977,450.238
7/29/1977,529.525
7/30/1977,518.198
7/31/1977,481.386
8/1/1977,487.05
8/2/1977,489.881
8/3/1977,478.555
8/4/1977,450.238
8/5/1977,478.555
8/6/1977,450.238
8/7/1977,478.555
8/8/1977,447.406
8/9/1977,450.238
8/10/1977,447.406
8/11/1977,453.07
8/12/1977,450.238
8/13/1977,450.238
8/14/1977,453.07
8/15/1977,453.07
8/16/1977,444.574
8/17/1977,455.901
8/18/1977,458.733
8/19/1977,458.733
8/20/1977,458.733
8/21/1977,458.733
8/22/1977,455.901
8/23/1977,455.901
8/24/1977,455.901
8/25/1977,461.565
8/26/1977,484.218
8/27/1977,467.228
8/28/1977,470.06
8/29/1977,461.565
8/30/1977,472.891
8/31/1977,419.089
9/1/1977,413.426
9/2/1977,427.584
9/3/1977,399.268
9/4/1977,430.416
9/5/1977,424.753
9/6/1977,421.921
9/7/1977,416.258
9/8/1977,427.584
9/9/1977,419.089
9/10/1977,421.921
9/11/1977,421.921
9/12/1977,424.753
9/13/1977,424.753
9/14/1977,421.921
9/15/1977,419.089
9/16/1977,438.911
9/17/1977,416.258
9/18/1977,399.268
9/19/1977,399.268
9/20/1977,407.763
9/21/1977,399.268
9/22/1977,416.258
9/23/1977,399.268
9/24/1977,390.772
9/25/1977,399.268
9/26/1977,402.099
9/27/1977,396.436
9/28/1977,396.436
9/29/1977,387.941
9/30/1977,396.436
10/1/1977,402.099
10/2/1977,387.941
10/3/1977,390.772
10/4/1977,402.099
10/5/1977,399.268
10/6/1977,404.931
10/7/1977,390.772
10/8/1977,376.614
10/9/1977,348.297
10/10/1977,345.466
10/11/1977,342.634
10/12/1977,342.634
10/13/1977,336.97
10/14/1977,339.802
10/15/1977,342.634
10/16/1977,339.802
10/17/1977,342.634
10/18/1977,351.129
10/19/1977,336.97
10/20/1977,336.97
10/21/1977,348.297
10/22/1977,351.129
10/23/1977,348.297
10/24/1977,339.802
10/25/1977,348.297
10/26/1977,345.466
10/27/1977,345.466
10/28/1977,328.475
10/29/1977,342.634
10/30/1977,342.634
10/31/1977,348.297
11/1/1977,342.634
11/2/1977,345.466
11/3/1977,339.802
11/4/1977,334.139
11/5/1977,331.307
11/6/1977,328.475
11/7/1977,345.466
11/8/1977,353.961
11/9/1977,353.961
11/10/1977,368.119
11/11/1977,336.97
11/12/1977,336.97
11/13/1977,345.466
11/14/1977,339.802
11/15/1977,334.139
11/16/1977,336.97
11/17/1977,399.268
11/18/1977,461.565
11/19/1977,461.565
11/20/1977,453.07
11/21/1977,521.03
11/22/1977,526.693
11/23/1977,586.159
11/24/1977,631.466
11/25/1977,727.743
11/26/1977,713.585
11/27/1977,699.426
11/28/1977,770.218
11/29/1977,730.575
11/30/1977,716.416
12/1/1977,716.416
12/2/1977,713.585
12/3/1977,730.575
12/4/1977,713.585
12/5/1977,713.585
12/6/1977,580.495
12/7/1977,566.337
12/8/1977,577.664
12/9/1977,574.832
12/10/1977,566.337
12/11/1977,572
12/12/1977,563.505
12/13/1977,489.881
12/14/1977,484.218
12/15/1977,475.723
12/16/1977,498.377
12/17/1977,487.05
12/18/1977,495.545
12/19/1977,529.525
12/20/1977,549.347
12/21/1977,600.317
12/22/1977,603.149
12/23/1977,600.317
12/24/1977,603.149
12/25/1977,586.159
12/26/1977,614.476
12/27/1977,662.614
12/28/1977,685.268
12/29/1977,671.109
12/30/1977,679.604
12/31/1977,628.634
1/1/1978,634.297
1/2/1978,685.268
1/3/1978,713.585
1/4/1978,736.238
1/5/1978,736.238
1/6/1978,739.07
1/7/1978,730.575
1/8/1978,750.396
1/9/1978,739.07
1/10/1978,750.396
1/11/1978,761.723
1/12/1978,795.703
1/13/1978,798.535
1/14/1978,767.387
1/15/1978,733.406
1/16/1978,787.208
1/17/1978,807.03
1/18/1978,798.535
1/19/1978,841.01
1/20/1978,841.01
1/21/1978,775.882
1/22/1978,696.594
1/23/1978,758.891
1/24/1978,722.08
1/25/1978,778.713
1/26/1978,846.674
1/27/1978,863.664
1/28/1978,863.664
1/29/1978,869.327
1/30/1978,897.644
1/31/1978,897.644
2/1/1978,874.991
2/2/1978,886.317
2/3/1978,906.139
2/4/1978,809.862
2/5/1978,773.05
2/6/1978,889.149
2/7/1978,877.822
2/8/1978,863.664
2/9/1978,872.159
2/10/1978,846.674
2/11/1978,843.842
2/12/1978,744.733
2/13/1978,801.367
2/14/1978,795.703
2/15/1978,889.149
2/16/1978,841.01
2/17/1978,838.179
2/18/1978,835.347
2/19/1978,807.03
2/20/1978,846.674
2/21/1978,841.01
2/22/1978,826.852
2/23/1978,784.377
2/24/1978,790.04
2/25/1978,739.07
2/26/1978,724.911
2/27/1978,719.248
2/28/1978,770.218
3/1/1978,775.882
3/2/1978,792.872
3/3/1978,798.535
3/4/1978,784.377
3/5/1978,654.119
3/6/1978,787.208
3/7/1978,739.07
3/8/1978,730.575
3/9/1978,648.456
3/10/1978,555.01
3/11/1978,580.495
3/12/1978,620.139
3/13/1978,617.307
3/14/1978,586.159
3/15/1978,572
3/16/1978,583.327
3/17/1978,574.832
3/18/1978,580.495
3/19/1978,453.07
3/20/1978,563.505
3/21/1978,662.614
3/22/1978,634.297
3/23/1978,458.733
3/24/1978,181.228
3/25/1978,178.396
3/26/1978,181.228
3/27/1978,297.327
3/28/1978,294.495
3/29/1978,430.416
3/30/1978,563.505
3/31/1978,577.664
4/1/1978,574.832
4/2/1978,555.01
4/3/1978,569.169
4/4/1978,566.337
4/5/1978,569.169
4/6/1978,562.344
4/7/1978,605.981
4/8/1978,679.604
4/9/1978,577.664
4/10/1978,679.604
4/11/1978,634.297
4/12/1978,464.396
4/13/1978,481.386
4/14/1978,441.743
4/15/1978,467.228
4/16/1978,246.357
4/17/1978,464.396
4/18/1978,444.574
4/19/1978,453.07
4/20/1978,455.901
4/21/1978,458.733
4/22/1978,458.733
4/23/1978,382.277
4/24/1978,444.574
4/25/1978,438.911
4/26/1978,424.753
4/27/1978,472.891
4/28/1978,458.733
4/29/1978,421.921
4/30/1978,260.515
5/1/1978,447.406
5/2/1978,444.574
5/3/1978,441.743
5/4/1978,447.406
5/5/1978,461.565
5/6/1978,286
5/7/1978,257.683
5/8/1978,455.901
5/9/1978,453.07
5/10/1978,458.733
5/11/1978,455.901
5/12/1978,396.436
5/13/1978,342.634
5/14/1978,342.634
5/15/1978,334.139
5/16/1978,345.466
5/17/1978,351.129
5/18/1978,342.634
5/19/1978,356.792
5/20/1978,348.297
5/21/1978,370.951
5/22/1978,387.941
5/23/1978,515.367
5/24/1978,586.159
5/25/1978,648.456
5/26/1978,639.961
5/27/1978,597.485
5/28/1978,586.159
5/29/1978,586.159
5/30/1978,597.485
5/31/1978,620.139
6/1/1978,639.961
6/2/1978,597.485
6/3/1978,608.812
6/4/1978,597.485
6/5/1978,665.446
6/6/1978,637.129
6/7/1978,637.129
6/8/1978,699.426
6/9/1978,705.089
6/10/1978,784.377
6/11/1978,775.882
6/12/1978,784.377
6/13/1978,852.337
6/14/1978,911.802
6/15/1978,934.456
6/16/1978,900.476
6/17/1978,897.644
6/18/1978,937.288
6/19/1978,982.595
6/20/1978,945.783
6/21/1978,1016.575
6/22/1978,1078.872
6/23/1978,1078.872
6/24/1978,1039.228
6/25/1978,1078.872
6/26/1978,1067.545
6/27/1978,1064.713
6/28/1978,1050.555
6/29/1978,1059.05
6/30/1978,1087.367
7/1/1978,1090.199
7/2/1978,1087.367
7/3/1978,1087.367
7/4/1978,1087.367
7/5/1978,1042.06
7/6/1978,1087.367
7/7/1978,1087.367
7/8/1978,1078.872
7/9/1978,1093.03
7/10/1978,1090.199
7/11/1978,1090.199
7/12/1978,1093.03
7/13/1978,1090.199
7/14/1978,1090.199
7/15/1978,1093.03
7/16/1978,1090.199
7/17/1978,1087.367
7/18/1978,1090.199
7/19/1978,1093.03
7/20/1978,1090.199
7/21/1978,1093.03
7/22/1978,1093.03
7/23/1978,1090.199
7/24/1978,1093.03
7/25/1978,1093.03
7/26/1978,1093.03
7/27/1978,1093.03
7/28/1978,1093.03
7/29/1978,1095.862
7/30/1978,1095.862
7/31/1978,1093.03
8/1/1978,1095.862
8/2/1978,1070.377
8/3/1978,1098.694
8/4/1978,1076.04
8/5/1978,1087.367
8/6/1978,1076.04
8/7/1978,1101.525
8/8/1978,1098.694
8/9/1978,1098.694
8/10/1978,1101.525
8/11/1978,1101.525
8/12/1978,1098.694
8/13/1978,1098.694
8/14/1978,1098.694
8/15/1978,1101.525
8/16/1978,1104.357
8/17/1978,1104.357
8/18/1978,1107.189
8/19/1978,1110.02
8/20/1978,1112.852
8/21/1978,1087.367
8/22/1978,1090.199
8/23/1978,1098.694
8/24/1978,1104.357
8/25/1978,1107.189
8/26/1978,1107.189
8/27/1978,1110.02
8/28/1978,991.09
8/29/1978,962.773
8/30/1978,971.268
8/31/1978,894.812
9/1/1978,1050.555
9/2/1978,942.951
9/3/1978,1076.04
9/4/1978,1059.05
9/5/1978,1019.406
9/6/1978,954.278
9/7/1978,985.426
9/8/1978,968.436
9/9/1978,1005.248
9/10/1978,923.129
9/11/1978,911.802
9/12/1978,824.02
9/13/1978,792.872
9/14/1978,807.03
9/15/1978,798.535
9/16/1978,784.377
9/17/1978,753.228
9/18/1978,767.387
9/19/1978,781.545
9/20/1978,798.535
9/21/1978,824.02
9/22/1978,826.852
9/23/1978,818.357
9/24/1978,790.04
9/25/1978,877.822
9/26/1978,1016.575
9/27/1978,1095.862
9/28/1978,1110.02
9/29/1978,1107.189
9/30/1978,1112.852
10/1/1978,1005.248
10/2/1978,880.654
10/3/1978,889.149
10/4/1978,889.149
10/5/1978,886.317
10/6/1978,886.317
10/7/1978,889.149
10/8/1978,889.149
10/9/1978,889.149
10/10/1978,891.981
10/11/1978,889.149
10/12/1978,891.981
10/13/1978,894.812
10/14/1978,891.981
10/15/1978,891.981
10/16/1978,891.981
10/17/1978,886.317
10/18/1978,889.149
10/19/1978,891.981
10/20/1978,889.149
10/21/1978,891.981
10/22/1978,889.149
10/23/1978,891.981
10/24/1978,891.981
10/25/1978,900.476
10/26/1978,914.634
10/27/1978,891.981
10/28/1978,894.812
10/29/1978,917.466
10/30/1978,917.466
10/31/1978,920.298
11/1/1978,920.298
11/2/1978,920.298
11/3/1978,920.298
11/4/1978,923.129
11/5/1978,923.129
11/6/1978,920.298
11/7/1978,917.466
11/8/1978,920.298
11/9/1978,923.129
11/10/1978,925.961
11/11/1978,925.961
11/12/1978,920.298
11/13/1978,923.129
11/14/1978,923.129
11/15/1978,923.129
11/16/1978,923.129
11/17/1978,923.129
11/18/1978,920.298
11/19/1978,920.298
11/20/1978,923.129
11/21/1978,923.129
11/22/1978,923.129
11/23/1978,923.129
11/24/1978,999.585
11/25/1978,991.09
11/26/1978,991.09
11/27/1978,988.258
11/28/1978,974.1
11/29/1978,962.773
11/30/1978,1121.347
12/1/1978,934.456
12/2/1978,824.02
12/3/1978,815.525
12/4/1978,824.02
12/5/1978,832.515
12/6/1978,826.852
12/7/1978,628.634
12/8/1978,574.832
12/9/1978,450.238
12/10/1978,475.723
12/11/1978,472.891
12/12/1978,475.723
12/13/1978,461.565
12/14/1978,467.228
12/15/1978,515.367
12/16/1978,555.01
12/17/1978,574.832
12/18/1978,614.476
12/19/1978,628.634
12/20/1978,639.961
12/21/1978,673.941
12/22/1978,688.099
12/23/1978,690.931
12/24/1978,688.099
12/25/1978,690.931
12/26/1978,693.763
12/27/1978,693.763
12/28/1978,693.763
12/29/1978,727.743
12/30/1978,739.07
12/31/1978,753.228
1/1/1979,750.396
1/2/1979,787.208
1/3/1979,778.713
1/4/1979,801.367
1/5/1979,815.525
1/6/1979,798.535
1/7/1979,824.02
1/8/1979,841.01
1/9/1979,841.01
1/10/1979,843.842
1/11/1979,826.852
1/12/1979,821.189
1/13/1979,849.505
1/14/1979,835.347
1/15/1979,866.496
1/16/1979,860.832
1/17/1979,903.307
1/18/1979,911.802
1/19/1979,866.496
1/20/1979,906.139
1/21/1979,906.139
1/22/1979,908.971
1/23/1979,889.149
1/24/1979,900.476
1/25/1979,903.307
1/26/1979,914.634
1/27/1979,911.802
1/28/1979,928.793
1/29/1979,908.971
1/30/1979,937.288
1/31/1979,937.288
2/1/1979,920.298
2/2/1979,911.802
2/3/1979,908.971
2/4/1979,906.139
2/5/1979,908.971
2/6/1979,908.971
2/7/1979,911.802
2/8/1979,908.971
2/9/1979,914.634
2/10/1979,838.179
2/11/1979,835.347
2/12/1979,917.466
2/13/1979,886.317
2/14/1979,849.505
2/15/1979,852.337
2/16/1979,838.179
2/17/1979,846.674
2/18/1979,832.515
2/19/1979,835.347
2/20/1979,829.684
2/21/1979,841.01
2/22/1979,841.01
2/23/1979,843.842
2/24/1979,826.852
2/25/1979,795.703
2/26/1979,824.02
2/27/1979,781.545
2/28/1979,795.703
3/1/1979,846.674
3/2/1979,843.842
3/3/1979,846.674
3/4/1979,841.01
3/5/1979,843.842
3/6/1979,841.01
3/7/1979,846.674
3/8/1979,849.505
3/9/1979,824.02
3/10/1979,838.179
3/11/1979,736.238
3/12/1979,849.505
3/13/1979,846.674
3/14/1979,852.337
3/15/1979,846.674
3/16/1979,835.347
3/17/1979,818.357
3/18/1979,699.426
3/19/1979,702.258
3/20/1979,719.248
3/21/1979,705.089
3/22/1979,688.099
3/23/1979,690.931
3/24/1979,696.594
3/25/1979,690.931
3/26/1979,679.604
3/27/1979,676.773
3/28/1979,679.604
3/29/1979,713.585
3/30/1979,702.258
3/31/1979,702.258
4/1/1979,699.426
4/2/1979,713.585
4/3/1979,702.258
4/4/1979,730.575
4/5/1979,756.06
4/6/1979,733.406
4/7/1979,761.723
4/8/1979,719.248
4/9/1979,764.555
4/10/1979,747.565
4/11/1979,758.891
4/12/1979,750.396
4/13/1979,826.852
4/14/1979,829.684
4/15/1979,495.545
4/16/1979,767.387
4/17/1979,761.723
4/18/1979,773.05
4/19/1979,798.535
4/20/1979,824.02
4/21/1979,855.169
4/22/1979,880.654
4/23/1979,858
4/24/1979,835.347
4/25/1979,886.317
4/26/1979,880.654
4/27/1979,860.832
4/28/1979,863.664
4/29/1979,858
4/30/1979,858
5/1/1979,872.159
5/2/1979,877.822
5/3/1979,883.486
5/4/1979,886.317
5/5/1979,883.486
5/6/1979,886.317
5/7/1979,880.654
5/8/1979,880.654
5/9/1979,883.486
5/10/1979,883.486
5/11/1979,974.1
5/12/1979,1095.862
5/13/1979,1110.02
5/14/1979,1110.02
5/15/1979,1110.02
5/16/1979,1112.852
5/17/1979,1112.852
5/18/1979,1112.852
5/19/1979,1115.684
5/20/1979,1118.515
5/21/1979,1121.347
5/22/1979,1115.684
5/23/1979,1115.684
5/24/1979,1115.684
5/25/1979,1115.684
5/26/1979,1118.515
5/27/1979,1118.515
5/28/1979,1118.515
5/29/1979,1115.684
5/30/1979,1118.515
5/31/1979,1118.515
6/1/1979,1121.347
6/2/1979,1118.515
6/3/1979,1118.515
6/4/1979,1118.515
6/5/1979,1118.515
6/6/1979,1118.515
6/7/1979,1115.684
6/8/1979,1118.515
6/9/1979,1118.515
6/10/1979,1118.515
6/11/1979,1118.515
6/12/1979,1118.515
6/13/1979,1121.347
6/14/1979,1118.515
6/15/1979,1121.347
6/16/1979,1118.515
6/17/1979,1118.515
6/18/1979,1118.515
6/19/1979,1118.515
6/20/1979,1027.902
6/21/1979,942.951
6/22/1979,889.149
6/23/1979,846.674
6/24/1979,843.842
6/25/1979,838.179
6/26/1979,855.169
6/27/1979,852.337
6/28/1979,852.337
6/29/1979,849.505
6/30/1979,838.179
7/1/1979,849.505
7/2/1979,846.674
7/3/1979,829.684
7/4/1979,795.703
7/5/1979,843.842
7/6/1979,818.357
7/7/1979,790.04
7/8/1979,784.377
7/9/1979,775.882
7/10/1979,781.545
7/11/1979,784.377
7/12/1979,784.377
7/13/1979,775.882
7/14/1979,727.743
7/15/1979,733.406
7/16/1979,730.575
7/17/1979,739.07
7/18/1979,736.238
7/19/1979,690.931
7/20/1979,693.763
7/21/1979,682.436
7/22/1979,679.604
7/23/1979,710.753
7/24/1979,679.604
7/25/1979,733.406
7/26/1979,634.297
7/27/1979,620.139
7/28/1979,645.624
7/29/1979,622.971
7/30/1979,648.456
7/31/1979,634.297
8/1/1979,620.139
8/2/1979,634.297
8/3/1979,648.456
8/4/1979,637.129
8/5/1979,625.802
8/6/1979,447.406
8/7/1979,622.971
8/8/1979,617.307
8/9/1979,614.476
8/10/1979,631.466
8/11/1979,597.485
8/12/1979,526.693
8/13/1979,563.505
8/14/1979,631.466
8/15/1979,569.169
8/16/1979,597.485
8/17/1979,588.99
8/18/1979,569.169
8/19/1979,594.654
8/20/1979,572
8/21/1979,577.664
8/22/1979,580.495
8/23/1979,572
8/24/1979,586.159
8/25/1979,572
8/26/1979,572
8/27/1979,569.169
8/28/1979,577.664
8/29/1979,591.822
8/30/1979,594.654
8/31/1979,569.169
9/1/1979,540.852
9/2/1979,506.872
9/3/1979,512.535
9/4/1979,509.703
9/5/1979,509.703
9/6/1979,512.535
9/7/1979,509.703
9/8/1979,512.535
9/9/1979,481.386
9/10/1979,484.218
9/11/1979,489.881
9/12/1979,492.713
9/13/1979,484.218
9/14/1979,475.723
9/15/1979,475.723
9/16/1979,481.386
9/17/1979,475.723
9/18/1979,478.555
9/19/1979,484.218
9/20/1979,478.555
9/21/1979,492.713
9/22/1979,492.713
9/23/1979,492.713
9/24/1979,495.545
9/25/1979,492.713
9/26/1979,492.713
9/27/1979,484.218
9/28/1979,484.218
9/29/1979,489.881
9/30/1979,484.218
10/1/1979,481.386
10/2/1979,489.881
10/3/1979,481.386
10/4/1979,492.713
10/5/1979,458.733
10/6/1979,447.406
10/7/1979,450.238
10/8/1979,453.07
10/9/1979,447.406
10/10/1979,419.089
10/11/1979,421.921
10/12/1979,421.921
10/13/1979,424.753
10/14/1979,424.753
10/15/1979,424.753
10/16/1979,421.921
10/17/1979,427.584
10/18/1979,419.089
10/19/1979,424.753
10/20/1979,421.921
10/21/1979,419.089
10/22/1979,424.753
10/23/1979,404.931
10/24/1979,399.268
10/25/1979,399.268
10/26/1979,396.436
10/27/1979,390.772
10/28/1979,373.782
10/29/1979,393.604
10/30/1979,385.109
10/31/1979,387.941
11/1/1979,390.772
11/2/1979,385.109
11/3/1979,390.772
11/4/1979,390.772
11/5/1979,407.763
11/6/1979,390.772
11/7/1979,390.772
11/8/1979,390.772
11/9/1979,393.604
11/10/1979,393.604
11/11/1979,390.772
11/12/1979,390.772
11/13/1979,393.604
11/14/1979,387.941
11/15/1979,385.109
11/16/1979,404.931
11/17/1979,402.099
11/18/1979,416.258
11/19/1979,410.594
11/20/1979,407.763
11/21/1979,438.911
11/22/1979,402.099
11/23/1979,407.763
11/24/1979,404.931
11/25/1979,402.099
11/26/1979,399.268
11/27/1979,370.951
11/28/1979,421.921
11/29/1979,421.921
11/30/1979,376.614
12/1/1979,424.753
12/2/1979,370.951
12/3/1979,444.574
12/4/1979,441.743
12/5/1979,455.901
12/6/1979,464.396
12/7/1979,532.357
12/8/1979,464.396
12/9/1979,458.733
12/10/1979,560.674
12/11/1979,637.129
12/12/1979,719.248
12/13/1979,707.921
12/14/1979,685.268
12/15/1979,702.258
12/16/1979,702.258
12/17/1979,487.05
12/18/1979,472.891
12/19/1979,472.891
12/20/1979,470.06
12/21/1979,504.04
12/22/1979,535.188
12/23/1979,555.01
12/24/1979,566.337
12/25/1979,563.505
12/26/1979,563.505
12/27/1979,594.654
12/28/1979,620.139
12/29/1979,622.971
12/30/1979,625.802
12/31/1979,620.139
1/1/1980,642.792
1/2/1980,614.476
1/3/1980,625.802
1/4/1980,509.703
1/5/1980,506.872
1/6/1980,501.208
1/7/1980,515.367
1/8/1980,506.872
1/9/1980,512.535
1/10/1980,512.535
1/11/1980,518.198
1/12/1980,512.535
1/13/1980,515.367
1/14/1980,546.515
1/15/1980,560.674
1/16/1980,588.99
1/17/1980,617.307
1/18/1980,642.792
1/19/1980,690.931
1/20/1980,713.585
1/21/1980,730.575
1/22/1980,744.733
1/23/1980,767.387
1/24/1980,764.555
1/25/1980,736.238
1/26/1980,736.238
1/27/1980,733.406
1/28/1980,770.218
1/29/1980,787.208
1/30/1980,781.545
1/31/1980,792.872
2/1/1980,795.703
2/2/1980,798.535
2/3/1980,792.872
2/4/1980,798.535
2/5/1980,824.02
2/6/1980,841.01
2/7/1980,826.852
2/8/1980,829.684
2/9/1980,809.862
2/10/1980,821.189
2/11/1980,807.03
2/12/1980,821.189
2/13/1980,832.515
2/14/1980,826.852
2/15/1980,826.852
2/16/1980,829.684
2/17/1980,824.02
2/18/1980,829.684
2/19/1980,826.852
2/20/1980,832.515
2/21/1980,824.02
2/22/1980,829.684
2/23/1980,826.852
2/24/1980,815.525
2/25/1980,829.684
2/26/1980,826.852
2/27/1980,821.189
2/28/1980,824.02
2/29/1980,815.525
3/1/1980,815.525
3/2/1980,829.684
3/3/1980,807.03
3/4/1980,818.357
3/5/1980,818.357
3/6/1980,815.525
3/7/1980,826.852
3/8/1980,824.02
3/9/1980,826.852
3/10/1980,821.189
3/11/1980,832.515
3/12/1980,824.02
3/13/1980,829.684
3/14/1980,835.347
3/15/1980,838.179
3/16/1980,809.862
3/17/1980,835.347
3/18/1980,832.515
3/19/1980,824.02
3/20/1980,815.525
3/21/1980,756.06
3/22/1980,693.763
3/23/1980,600.317
3/24/1980,563.505
3/25/1980,557.842
3/26/1980,557.842
3/27/1980,588.99
3/28/1980,642.792
3/29/1980,603.149
3/30/1980,594.654
3/31/1980,639.961
4/1/1980,566.337
4/2/1980,569.169
4/3/1980,572
4/4/1980,560.674
4/5/1980,557.842
4/6/1980,569.169
4/7/1980,560.674
4/8/1980,569.169
4/9/1980,572
4/10/1980,569.169
4/11/1980,572
4/12/1980,569.169
4/13/1980,569.169
4/14/1980,566.337
4/15/1980,586.159
4/16/1980,577.664
4/17/1980,583.327
4/18/1980,574.832
4/19/1980,557.842
4/20/1980,555.01
4/21/1980,577.664
4/22/1980,563.505
4/23/1980,557.842
4/24/1980,560.674
4/25/1980,566.337
4/26/1980,569.169
4/27/1980,591.822
4/28/1980,563.505
4/29/1980,504.04
4/30/1980,509.703
5/1/1980,515.367
5/2/1980,506.872
5/3/1980,506.872
5/4/1980,509.703
5/5/1980,526.693
5/6/1980,526.693
5/7/1980,523.862
5/8/1980,515.367
5/9/1980,506.872
5/10/1980,501.208
5/11/1980,518.198
5/12/1980,495.545
5/13/1980,498.377
5/14/1980,509.703
5/15/1980,504.04
5/16/1980,498.377
5/17/1980,504.04
5/18/1980,509.703
5/19/1980,506.872
5/20/1980,521.03
5/21/1980,521.03
5/22/1980,512.535
5/23/1980,521.03
5/24/1980,538.02
5/25/1980,552.179
5/26/1980,535.188
5/27/1980,555.01
5/28/1980,549.347
5/29/1980,566.337
5/30/1980,572
5/31/1980,529.525
6/1/1980,538.02
6/2/1980,569.169
6/3/1980,583.327
6/4/1980,597.485
6/5/1980,577.664
6/6/1980,580.495
6/7/1980,580.495
6/8/1980,572
6/9/1980,572
6/10/1980,549.347
6/11/1980,563.505
6/12/1980,563.505
6/13/1980,552.179
6/14/1980,563.505
6/15/1980,546.515
6/16/1980,557.842
6/17/1980,546.515
6/18/1980,543.683
6/19/1980,569.169
6/20/1980,572
6/21/1980,566.337
6/22/1980,591.822
6/23/1980,614.476
6/24/1980,622.971
6/25/1980,645.624
6/26/1980,656.951
6/27/1980,656.951
6/28/1980,656.951
6/29/1980,668.278
6/30/1980,651.287
7/1/1980,654.119
7/2/1980,648.456
7/3/1980,659.783
7/4/1980,642.792
7/5/1980,651.287
7/6/1980,639.961
7/7/1980,753.228
7/8/1980,778.713
7/9/1980,795.703
7/10/1980,804.198
7/11/1980,826.852
7/12/1980,815.525
7/13/1980,807.03
7/14/1980,804.198
7/15/1980,795.703
7/16/1980,818.357
7/17/1980,801.367
7/18/1980,809.862
7/19/1980,801.367
7/20/1980,812.694
7/21/1980,801.367
7/22/1980,792.872
7/23/1980,707.921
7/24/1980,710.753
7/25/1980,673.941
7/26/1980,693.763
7/27/1980,710.753
7/28/1980,671.109
7/29/1980,662.614
7/30/1980,668.278
7/31/1980,671.109
8/1/1980,713.585
8/2/1980,668.278
8/3/1980,668.278
8/4/1980,651.287
8/5/1980,699.426
8/6/1980,707.921
8/7/1980,705.089
8/8/1980,699.426
8/9/1980,693.763
8/10/1980,645.624
8/11/1980,622.971
8/12/1980,642.792
8/13/1980,656.951
8/14/1980,651.287
8/15/1980,654.119
8/16/1980,645.624
8/17/1980,648.456
8/18/1980,702.258
8/19/1980,665.446
8/20/1980,668.278
8/21/1980,665.446
8/22/1980,648.456
8/23/1980,654.119
8/24/1980,679.604
8/25/1980,688.099
8/26/1980,648.456
8/27/1980,659.783
8/28/1980,656.951
8/29/1980,654.119
8/30/1980,696.594
8/31/1980,676.773
9/1/1980,645.624
9/2/1980,656.951
9/3/1980,639.961
9/4/1980,639.961
9/5/1980,631.466
9/6/1980,611.644
9/7/1980,617.307
9/8/1980,620.139
9/9/1980,608.812
9/10/1980,608.812
9/11/1980,608.812
9/12/1980,603.149
9/13/1980,603.149
9/14/1980,614.476
9/15/1980,611.644
9/16/1980,594.654
9/17/1980,594.654
9/18/1980,620.139
9/19/1980,648.456
9/20/1980,608.812
9/21/1980,611.644
9/22/1980,608.812
9/23/1980,509.703
9/24/1980,620.139
9/25/1980,620.139
9/26/1980,617.307
9/27/1980,617.307
9/28/1980,622.971
9/29/1980,608.812
9/30/1980,611.644
10/1/1980,603.149
10/2/1980,577.664
10/3/1980,572
10/4/1980,603.149
10/5/1980,605.981
10/6/1980,600.317
10/7/1980,611.644
10/8/1980,614.476
10/9/1980,614.476
10/10/1980,605.981
10/11/1980,622.971
10/12/1980,625.802
10/13/1980,625.802
10/14/1980,628.634
10/15/1980,637.129
10/16/1980,625.802
10/17/1980,622.971
10/18/1980,614.476
10/19/1980,603.149
10/20/1980,622.971
10/21/1980,656.951
10/22/1980,665.446
10/23/1980,656.951
10/24/1980,673.941
10/25/1980,648.456
10/26/1980,628.634
10/27/1980,659.783
10/28/1980,665.446
10/29/1980,662.614
10/30/1980,659.783
10/31/1980,654.119
11/1/1980,668.278
11/2/1980,676.773
11/3/1980,671.109
11/4/1980,656.951
11/5/1980,668.278
11/6/1980,651.287
11/7/1980,659.783
11/8/1980,662.614
11/9/1980,659.783
11/10/1980,656.951
11/11/1980,671.109
11/12/1980,676.773
11/13/1980,688.099
11/14/1980,713.585
11/15/1980,727.743
11/16/1980,739.07
11/17/1980,719.248
11/18/1980,710.753
11/19/1980,713.585
11/20/1980,707.921
11/21/1980,707.921
11/22/1980,716.416
11/23/1980,710.753
11/24/1980,719.248
11/25/1980,713.585
11/26/1980,770.218
11/27/1980,651.287
11/28/1980,656.951
11/29/1980,594.654
11/30/1980,654.119
12/1/1980,716.416
12/2/1980,741.901
12/3/1980,656.951
12/4/1980,656.951
12/5/1980,733.406
12/6/1980,662.614
12/7/1980,651.287
12/8/1980,656.951
12/9/1980,668.278
12/10/1980,662.614
12/11/1980,651.287
12/12/1980,676.773
12/13/1980,654.119
12/14/1980,656.951
12/15/1980,682.436
12/16/1980,654.119
12/17/1980,659.783
12/18/1980,651.287
12/19/1980,662.614
12/20/1980,467.228
12/21/1980,447.406
12/22/1980,481.386
12/23/1980,487.05
12/24/1980,470.06
12/25/1980,489.881
12/26/1980,472.891
12/27/1980,512.535
12/28/1980,521.03
12/29/1980,504.04
12/30/1980,492.713
12/31/1980,535.188
1/1/1981,552.179
1/2/1981,591.822
1/3/1981,586.159
1/4/1981,583.327
1/5/1981,608.812
1/6/1981,614.476
1/7/1981,637.129
1/8/1981,648.456
1/9/1981,639.961
1/10/1981,663.832
1/11/1981,673.941
1/12/1981,702.258
1/13/1981,727.743
1/14/1981,722.08
1/15/1981,719.248
1/16/1981,778.713
1/17/1981,767.387
1/18/1981,798.535
1/19/1981,790.04
1/20/1981,778.713
1/21/1981,764.555
1/22/1981,739.07
1/23/1981,778.713
1/24/1981,747.565
1/25/1981,730.575
1/26/1981,761.723
1/27/1981,770.218
1/28/1981,770.218
1/29/1981,792.872
1/30/1981,775.882
1/31/1981,758.891
2/1/1981,787.208
2/2/1981,770.218
2/3/1981,770.218
2/4/1981,773.05
2/5/1981,764.555
2/6/1981,775.882
2/7/1981,773.05
2/8/1981,784.377
2/9/1981,778.713
2/10/1981,804.198
2/11/1981,826.852
2/12/1981,795.703
2/13/1981,855.169
2/14/1981,818.357
2/15/1981,750.396
2/16/1981,824.02
2/17/1981,821.189
2/18/1981,778.713
2/19/1981,812.694
2/20/1981,758.891
2/21/1981,804.198
2/22/1981,778.713
2/23/1981,787.208
2/24/1981,787.208
2/25/1981,722.08
2/26/1981,719.248
2/27/1981,736.238
2/28/1981,744.733
3/1/1981,727.743
3/2/1981,807.03
3/3/1981,747.565
3/4/1981,753.228
3/5/1981,770.218
3/6/1981,753.228
3/7/1981,761.723
3/8/1981,722.08
3/9/1981,773.05
3/10/1981,792.872
3/11/1981,784.377
3/12/1981,787.208
3/13/1981,790.04
3/14/1981,764.555
3/15/1981,719.248
3/16/1981,673.941
3/17/1981,659.783
3/18/1981,594.654
3/19/1981,572
3/20/1981,586.159
3/21/1981,549.347
3/22/1981,455.901
3/23/1981,484.218
3/24/1981,424.753
3/25/1981,441.743
3/26/1981,461.565
3/27/1981,458.733
3/28/1981,461.565
3/29/1981,453.07
3/30/1981,447.406
3/31/1981,458.733
4/1/1981,453.07
4/2/1981,455.901
4/3/1981,450.238
4/4/1981,467.228
4/5/1981,455.901
4/6/1981,464.396
4/7/1981,458.733
4/8/1981,464.396
4/9/1981,458.733
4/10/1981,461.565
4/11/1981,453.07
4/12/1981,450.238
4/13/1981,455.901
4/14/1981,450.238
4/15/1981,455.901
4/16/1981,450.238
4/17/1981,461.565
4/18/1981,453.07
4/19/1981,464.396
4/20/1981,470.06
4/21/1981,475.723
4/22/1981,464.396
4/23/1981,470.06
4/24/1981,470.06
4/25/1981,470.06
4/26/1981,492.713
4/27/1981,475.723
4/28/1981,464.396
4/29/1981,523.862
4/30/1981,526.693
5/1/1981,521.03
5/2/1981,515.367
5/3/1981,506.872
5/4/1981,464.396
5/5/1981,487.05
5/6/1981,467.228
5/7/1981,467.228
5/8/1981,464.396
5/9/1981,455.901
5/10/1981,455.901
5/11/1981,467.228
5/12/1981,461.565
5/13/1981,472.891
5/14/1981,461.565
5/15/1981,441.743
5/16/1981,455.901
5/17/1981,461.565
5/18/1981,464.396
5/19/1981,464.396
5/20/1981,444.574
5/21/1981,438.911
5/22/1981,438.911
5/23/1981,447.406
5/24/1981,441.743
5/25/1981,438.911
5/26/1981,535.188
5/27/1981,572
5/28/1981,608.812
5/29/1981,614.476
5/30/1981,654.119
5/31/1981,696.594
6/1/1981,716.416
6/2/1981,702.258
6/3/1981,682.436
6/4/1981,682.436
6/5/1981,696.594
6/6/1981,685.268
6/7/1981,676.773
6/8/1981,662.614
6/9/1981,727.743
6/10/1981,733.406
6/11/1981,744.733
6/12/1981,730.575
6/13/1981,724.911
6/14/1981,733.406
6/15/1981,665.446
6/16/1981,702.258
6/17/1981,730.575
6/18/1981,730.575
6/19/1981,705.089
6/20/1981,696.594
6/21/1981,645.624
6/22/1981,722.08
6/23/1981,696.594
6/24/1981,716.416
6/25/1981,733.406
6/26/1981,727.743
6/27/1981,730.575
6/28/1981,719.248
6/29/1981,733.406
6/30/1981,736.238
7/1/1981,781.545
7/2/1981,824.02
7/3/1981,750.396
7/4/1981,767.387
7/5/1981,787.208
7/6/1981,826.852
7/7/1981,815.525
7/8/1981,841.01
7/9/1981,841.01
7/10/1981,815.525
7/11/1981,741.901
7/12/1981,787.208
7/13/1981,824.02
7/14/1981,829.684
7/15/1981,826.852
7/16/1981,829.684
7/17/1981,846.674
7/18/1981,818.357
7/19/1981,849.505
7/20/1981,832.515
7/21/1981,843.842
7/22/1981,829.684
7/23/1981,818.357
7/24/1981,835.347
7/25/1981,750.396
7/26/1981,753.228
7/27/1981,758.891
7/28/1981,741.901
7/29/1981,764.555
7/30/1981,707.921
7/31/1981,693.763
8/1/1981,693.763
8/2/1981,690.931
8/3/1981,685.268
8/4/1981,775.882
8/5/1981,758.891
8/6/1981,775.882
8/7/1981,727.743
8/8/1981,662.614
8/9/1981,634.297
8/10/1981,631.466
8/11/1981,659.783
8/12/1981,642.792
8/13/1981,662.614
8/14/1981,648.456
8/15/1981,651.287
8/16/1981,625.802
8/17/1981,631.466
8/18/1981,654.119
8/19/1981,651.287
8/20/1981,605.981
8/21/1981,583.327
8/22/1981,560.674
8/23/1981,574.832
8/24/1981,557.842
8/25/1981,603.149
8/26/1981,620.139
8/27/1981,605.981
8/28/1981,614.476
8/29/1981,622.971
8/30/1981,577.664
8/31/1981,611.644
9/1/1981,634.297
9/2/1981,622.971
9/3/1981,617.307
9/4/1981,622.971
9/5/1981,580.495
9/6/1981,543.683
9/7/1981,515.367
9/8/1981,515.367
9/9/1981,506.872
9/10/1981,504.04
9/11/1981,504.04
9/12/1981,509.703
9/13/1981,506.872
9/14/1981,504.04
9/15/1981,498.377
9/16/1981,498.377
9/17/1981,501.208
9/18/1981,498.377
9/19/1981,498.377
9/20/1981,506.872
9/21/1981,509.703
9/22/1981,515.367
9/23/1981,586.159
9/24/1981,577.664
9/25/1981,583.327
9/26/1981,572
9/27/1981,586.159
9/28/1981,574.832
9/29/1981,574.832
9/30/1981,563.505
10/1/1981,566.337
10/2/1981,569.169
10/3/1981,532.357
10/4/1981,515.367
10/5/1981,518.198
10/6/1981,489.881
10/7/1981,484.218
10/8/1981,478.555
10/9/1981,472.891
10/10/1981,453.07
10/11/1981,436.079
10/12/1981,407.763
10/13/1981,362.456
10/14/1981,368.119
10/15/1981,368.119
10/16/1981,370.951
10/17/1981,376.614
10/18/1981,365.287
10/19/1981,368.119
10/20/1981,370.951
10/21/1981,362.456
10/22/1981,376.614
10/23/1981,421.921
10/24/1981,413.426
10/25/1981,376.614
10/26/1981,365.287
10/27/1981,396.436
10/28/1981,393.604
10/29/1981,382.277
10/30/1981,379.446
10/31/1981,385.109
11/1/1981,393.604
11/2/1981,390.772
11/3/1981,370.951
11/4/1981,368.119
11/5/1981,362.456
11/6/1981,359.624
11/7/1981,373.782
11/8/1981,356.792
11/9/1981,387.941
11/10/1981,376.614
11/11/1981,373.782
11/12/1981,387.941
11/13/1981,376.614
11/14/1981,362.456
11/15/1981,376.614
11/16/1981,368.119
11/17/1981,402.099
11/18/1981,399.268
11/19/1981,393.604
11/20/1981,421.921
11/21/1981,447.406
11/22/1981,492.713
11/23/1981,515.367
11/24/1981,526.693
11/25/1981,586.159
11/26/1981,464.396
11/27/1981,569.169
11/28/1981,540.852
11/29/1981,535.188
11/30/1981,552.179
12/1/1981,521.03
12/2/1981,523.862
12/3/1981,518.198
12/4/1981,535.188
12/5/1981,518.198
12/6/1981,501.208
12/7/1981,512.535
12/8/1981,464.396
12/9/1981,467.228
12/10/1981,464.396
12/11/1981,464.396
12/12/1981,475.723
12/13/1981,467.228
12/14/1981,481.386
12/15/1981,557.842
12/16/1981,588.99
12/17/1981,583.327
12/18/1981,603.149
12/19/1981,574.832
12/20/1981,569.169
12/21/1981,574.832
12/22/1981,566.337
12/23/1981,577.664
12/24/1981,555.01
12/25/1981,538.02
12/26/1981,572
12/27/1981,566.337
12/28/1981,566.337
12/29/1981,560.674
12/30/1981,569.169
12/31/1981,560.674
1/1/1982,572
1/2/1982,583.327
1/3/1982,555.01
1/4/1982,566.337
1/5/1982,600.317
1/6/1982,600.317
1/7/1982,654.119
1/8/1982,645.624
1/9/1982,671.109
1/10/1982,659.783
1/11/1982,693.763
1/12/1982,713.585
1/13/1982,764.555
1/14/1982,719.248
1/15/1982,739.07
1/16/1982,775.882
1/17/1982,756.06
1/18/1982,781.545
1/19/1982,770.218
1/20/1982,801.367
1/21/1982,809.862
1/22/1982,815.525
1/23/1982,826.852
1/24/1982,843.842
1/25/1982,846.674
1/26/1982,798.535
1/27/1982,821.189
1/28/1982,843.842
1/29/1982,824.02
1/30/1982,852.337
1/31/1982,852.337
2/1/1982,812.694
2/2/1982,863.664
2/3/1982,866.496
2/4/1982,886.317
2/5/1982,911.802
2/6/1982,900.476
2/7/1982,903.307
2/8/1982,908.971
2/9/1982,911.802
2/10/1982,911.802
2/11/1982,906.139
2/12/1982,908.971
2/13/1982,903.307
2/14/1982,883.486
2/15/1982,911.802
2/16/1982,911.802
2/17/1982,872.159
2/18/1982,931.624
2/19/1982,934.456
2/20/1982,900.476
2/21/1982,843.842
2/22/1982,818.357
2/23/1982,835.347
2/24/1982,900.476
2/25/1982,908.971
2/26/1982,903.307
2/27/1982,858
2/28/1982,852.337
3/1/1982,855.169
3/2/1982,883.486
3/3/1982,903.307
3/4/1982,897.644
3/5/1982,900.476
3/6/1982,900.476
3/7/1982,900.476
3/8/1982,897.644
3/9/1982,906.139
3/10/1982,906.139
3/11/1982,897.644
3/12/1982,815.525
3/13/1982,702.258
3/14/1982,736.238
3/15/1982,685.268
3/16/1982,707.921
3/17/1982,676.773
3/18/1982,673.941
3/19/1982,719.248
3/20/1982,722.08
3/21/1982,540.852
3/22/1982,518.198
3/23/1982,724.911
3/24/1982,736.238
3/25/1982,642.792
3/26/1982,645.624
3/27/1982,634.297
3/28/1982,642.792
3/29/1982,639.961
3/30/1982,509.703
3/31/1982,523.862
4/1/1982,515.367
4/2/1982,586.159
4/3/1982,521.03
4/4/1982,532.357
4/5/1982,521.03
4/6/1982,521.03
4/7/1982,563.505
4/8/1982,546.515
4/9/1982,549.347
4/10/1982,535.188
4/11/1982,424.753
4/12/1982,509.703
4/13/1982,487.05
4/14/1982,362.456
4/15/1982,274.673
4/16/1982,334.139
4/17/1982,305.822
4/18/1982,370.951
4/19/1982,396.436
4/20/1982,387.941
4/21/1982,421.921
4/22/1982,475.723
4/23/1982,540.852
4/24/1982,535.188
4/25/1982,523.862
4/26/1982,526.693
4/27/1982,506.872
4/28/1982,523.862
4/29/1982,608.812
4/30/1982,628.634
5/1/1982,679.604
5/2/1982,707.921
5/3/1982,727.743
5/4/1982,676.773
5/5/1982,696.594
5/6/1982,671.109
5/7/1982,770.218
5/8/1982,693.763
5/9/1982,673.941
5/10/1982,685.268
5/11/1982,753.228
5/12/1982,733.406
5/13/1982,724.911
5/14/1982,693.763
5/15/1982,608.812
5/16/1982,628.634
5/17/1982,608.812
5/18/1982,631.466
5/19/1982,583.327
5/20/1982,611.644
5/21/1982,605.981
5/22/1982,688.099
5/23/1982,504.04
5/24/1982,713.585
5/25/1982,747.565
5/26/1982,756.06
5/27/1982,753.228
5/28/1982,764.555
5/29/1982,693.763
5/30/1982,645.624
5/31/1982,733.406
6/1/1982,727.743
6/2/1982,741.901
6/3/1982,713.585
6/4/1982,710.753
6/5/1982,557.842
6/6/1982,538.02
6/7/1982,724.911
6/8/1982,696.594
6/9/1982,671.109
6/10/1982,764.555
6/11/1982,744.733
6/12/1982,747.565
6/13/1982,673.941
6/14/1982,614.476
6/15/1982,628.634
6/16/1982,665.446
6/17/1982,648.456
6/18/1982,608.812
6/19/1982,620.139
6/20/1982,622.971
6/21/1982,625.802
6/22/1982,569.169
6/23/1982,577.664
6/24/1982,580.495
6/25/1982,580.495
6/26/1982,566.337
6/27/1982,563.505
6/28/1982,608.812
6/29/1982,614.476
6/30/1982,642.792
7/1/1982,654.119
7/2/1982,645.624
7/3/1982,642.792
7/4/1982,690.931
7/5/1982,673.941
7/6/1982,705.089
7/7/1982,739.07
7/8/1982,787.208
7/9/1982,775.882
7/10/1982,739.07
7/11/1982,773.05
7/12/1982,778.713
7/13/1982,778.713
7/14/1982,778.713
7/15/1982,764.555
7/16/1982,730.575
7/17/1982,716.416
7/18/1982,705.089
7/19/1982,773.05
7/20/1982,744.733
7/21/1982,733.406
7/22/1982,736.238
7/23/1982,750.396
7/24/1982,756.06
7/25/1982,730.575
7/26/1982,736.238
7/27/1982,668.278
7/28/1982,671.109
7/29/1982,608.812
7/30/1982,574.832
7/31/1982,583.327
8/1/1982,580.495
8/2/1982,583.327
8/3/1982,591.822
8/4/1982,580.495
8/5/1982,591.822
8/6/1982,583.327
8/7/1982,566.337
8/8/1982,557.842
8/9/1982,555.01
8/10/1982,555.01
8/11/1982,583.327
8/12/1982,572
8/13/1982,588.99
8/14/1982,600.317
8/15/1982,591.822
8/16/1982,611.644
8/17/1982,563.505
8/18/1982,574.832
8/19/1982,555.01
8/20/1982,540.852
8/21/1982,560.674
8/22/1982,557.842
8/23/1982,569.169
8/24/1982,569.169
8/25/1982,560.674
8/26/1982,569.169
8/27/1982,572
8/28/1982,552.179
8/29/1982,560.674
8/30/1982,555.01
8/31/1982,543.683
9/1/1982,557.842
9/2/1982,546.515
9/3/1982,484.218
9/4/1982,492.713
9/5/1982,475.723
9/6/1982,467.228
9/7/1982,498.377
9/8/1982,498.377
9/9/1982,521.03
9/10/1982,518.198
9/11/1982,501.208
9/12/1982,498.377
9/13/1982,515.367
9/14/1982,512.535
9/15/1982,504.04
9/16/1982,504.04
9/17/1982,495.545
9/18/1982,475.723
9/19/1982,478.555
9/20/1982,481.386
9/21/1982,484.218
9/22/1982,489.881
9/23/1982,472.891
9/24/1982,506.872
9/25/1982,481.386
9/26/1982,481.386
9/27/1982,475.723
9/28/1982,492.713
9/29/1982,481.386
9/30/1982,478.555
10/1/1982,475.723
10/2/1982,455.901
10/3/1982,472.891
10/4/1982,467.228
10/5/1982,467.228
10/6/1982,461.565
10/7/1982,453.07
10/8/1982,447.406
10/9/1982,475.723
10/10/1982,467.228
10/11/1982,478.555
10/12/1982,484.218
10/13/1982,472.891
10/14/1982,487.05
10/15/1982,518.198
10/16/1982,529.525
10/17/1982,555.01
10/18/1982,555.01
10/19/1982,569.169
10/20/1982,563.505
10/21/1982,557.842
10/22/1982,569.169
10/23/1982,574.832
10/24/1982,569.169
10/25/1982,580.495
10/26/1982,583.327
10/27/1982,538.02
10/28/1982,566.337
10/29/1982,580.495
10/30/1982,617.307
10/31/1982,614.476
11/1/1982,665.446
11/2/1982,662.614
11/3/1982,716.416
11/4/1982,798.535
11/5/1982,781.545
11/6/1982,821.189
11/7/1982,824.02
11/8/1982,866.496
11/9/1982,863.664
11/10/1982,866.496
11/11/1982,852.337
11/12/1982,886.317
11/13/1982,863.664
11/14/1982,877.822
11/15/1982,872.159
11/16/1982,846.674
11/17/1982,863.664
11/18/1982,858
11/19/1982,860.832
11/20/1982,874.991
11/21/1982,860.832
11/22/1982,872.159
11/23/1982,880.654
11/24/1982,858
11/25/1982,869.327
11/26/1982,852.337
11/27/1982,866.496
11/28/1982,843.842
11/29/1982,843.842
11/30/1982,781.545
12/1/1982,707.921
12/2/1982,654.119
12/3/1982,628.634
12/4/1982,583.327
12/5/1982,594.654
12/6/1982,588.99
12/7/1982,736.238
12/8/1982,815.525
12/9/1982,662.614
12/10/1982,583.327
12/11/1982,617.307
12/12/1982,603.149
12/13/1982,611.644
12/14/1982,603.149
12/15/1982,588.99
12/16/1982,594.654
12/17/1982,603.149
12/18/1982,594.654
12/19/1982,611.644
12/20/1982,600.317
12/21/1982,603.149
12/22/1982,654.119
12/23/1982,719.248
12/24/1982,724.911
12/25/1982,724.911
12/26/1982,639.961
12/27/1982,648.456
12/28/1982,676.773
12/29/1982,608.812
12/30/1982,470.06
12/31/1982,506.872
1/1/1983,498.377
1/2/1983,492.713
1/3/1983,504.04
1/4/1983,512.535
1/5/1983,504.04
1/6/1983,495.545
1/7/1983,495.545
1/8/1983,538.02
1/9/1983,569.169
1/10/1983,563.505
1/11/1983,566.337
1/12/1983,538.02
1/13/1983,512.535
1/14/1983,518.198
1/15/1983,521.03
1/16/1983,518.198
1/17/1983,529.525
1/18/1983,560.674
1/19/1983,577.664
1/20/1983,597.485
1/21/1983,605.981
1/22/1983,600.317
1/23/1983,577.664
1/24/1983,588.99
1/25/1983,622.971
1/26/1983,642.792
1/27/1983,662.614
1/28/1983,671.109
1/29/1983,682.436
1/30/1983,693.763
1/31/1983,716.416
2/1/1983,736.238
2/2/1983,773.05
2/3/1983,784.377
2/4/1983,801.367
2/5/1983,812.694
2/6/1983,826.852
2/7/1983,841.01
2/8/1983,843.842
2/9/1983,846.674
2/10/1983,855.169
2/11/1983,860.832
2/12/1983,860.832
2/13/1983,872.159
2/14/1983,855.169
2/15/1983,849.505
2/16/1983,852.337
2/17/1983,849.505
2/18/1983,849.505
2/19/1983,846.674
2/20/1983,841.01
2/21/1983,858
2/22/1983,784.377
2/23/1983,792.872
2/24/1983,855.169
2/25/1983,866.496
2/26/1983,858
2/27/1983,841.01
2/28/1983,858
3/1/1983,863.664
3/2/1983,852.337
3/3/1983,858
3/4/1983,846.674
3/5/1983,843.842
3/6/1983,824.02
3/7/1983,838.179
3/8/1983,863.664
3/9/1983,860.832
3/10/1983,869.327
3/11/1983,866.496
3/12/1983,872.159
3/13/1983,826.852
3/14/1983,880.654
3/15/1983,818.357
3/16/1983,812.694
3/17/1983,824.02
3/18/1983,821.189
3/19/1983,829.684
3/20/1983,736.238
3/21/1983,764.555
3/22/1983,773.05
3/23/1983,781.545
3/24/1983,753.228
3/25/1983,753.228
3/26/1983,724.911
3/27/1983,668.278
3/28/1983,690.931
3/29/1983,685.268
3/30/1983,679.604
3/31/1983,676.773
4/1/1983,679.604
4/2/1983,688.099
4/3/1983,673.941
4/4/1983,671.109
4/5/1983,676.773
4/6/1983,665.446
4/7/1983,747.565
4/8/1983,654.119
4/9/1983,645.624
4/10/1983,648.456
4/11/1983,656.951
4/12/1983,651.287
4/13/1983,662.614
4/14/1983,625.802
4/15/1983,654.119
4/16/1983,645.624
4/17/1983,620.139
4/18/1983,639.961
4/19/1983,645.624
4/20/1983,622.971
4/21/1983,583.327
4/22/1983,569.169
4/23/1983,586.159
4/24/1983,600.317
4/25/1983,574.832
4/26/1983,535.188
4/27/1983,552.179
4/28/1983,535.188
4/29/1983,498.377
4/30/1983,498.377
5/1/1983,481.386
5/2/1983,521.03
5/3/1983,504.04
5/4/1983,512.535
5/5/1983,506.872
5/6/1983,501.208
5/7/1983,506.872
5/8/1983,492.713
5/9/1983,526.693
5/10/1983,515.367
5/11/1983,515.367
5/12/1983,512.535
5/13/1983,515.367
5/14/1983,470.06
5/15/1983,453.07
5/16/1983,515.367
5/17/1983,467.228
5/18/1983,464.396
5/19/1983,467.228
5/20/1983,438.911
5/21/1983,427.584
5/22/1983,450.238
5/23/1983,436.079
5/24/1983,436.079
5/25/1983,433.248
5/26/1983,436.079
5/27/1983,416.258
5/28/1983,421.921
5/29/1983,430.416
5/30/1983,430.416
5/31/1983,424.753
6/1/1983,421.921
6/2/1983,447.406
6/3/1983,438.911
6/4/1983,410.594
6/5/1983,441.743
6/6/1983,464.396
6/7/1983,523.862
6/8/1983,521.03
6/9/1983,498.377
6/10/1983,492.713
6/11/1983,487.05
6/12/1983,481.386
6/13/1983,492.713
6/14/1983,523.862
6/15/1983,501.208
6/16/1983,487.05
6/17/1983,489.881
6/18/1983,546.515
6/19/1983,538.02
6/20/1983,549.347
6/21/1983,617.307
6/22/1983,622.971
6/23/1983,628.634
6/24/1983,495.545
6/25/1983,489.881
6/26/1983,484.218
6/27/1983,522.163
6/28/1983,519.331
6/29/1983,556.992
6/30/1983,596.353
7/1/1983,572
7/2/1983,572
7/3/1983,481.386
7/4/1983,416.258
7/5/1983,424.753
7/6/1983,433.248
7/7/1983,433.248
7/8/1983,433.248
7/9/1983,427.584
7/10/1983,407.763
7/11/1983,427.584
7/12/1983,433.248
7/13/1983,421.921
7/14/1983,424.753
7/15/1983,495.545
7/16/1983,501.208
7/17/1983,487.05
7/18/1983,515.367
7/19/1983,540.852
7/20/1983,518.198
7/21/1983,535.188
7/22/1983,501.208
7/23/1983,506.872
7/24/1983,509.703
7/25/1983,586.159
7/26/1983,577.664
7/27/1983,572
7/28/1983,569.169
7/29/1983,563.505
7/30/1983,572
7/31/1983,560.674
8/1/1983,665.446
8/2/1983,739.07
8/3/1983,818.357
8/4/1983,773.05
8/5/1983,736.238
8/6/1983,744.733
8/7/1983,739.07
8/8/1983,750.396
8/9/1983,761.723
8/10/1983,761.723
8/11/1983,767.387
8/12/1983,710.753
8/13/1983,753.228
8/14/1983,741.901
8/15/1983,733.406
8/16/1983,730.575
8/17/1983,730.575
8/18/1983,747.565
8/19/1983,739.07
8/20/1983,736.238
8/21/1983,750.396
8/22/1983,739.07
8/23/1983,739.07
8/24/1983,730.575
8/25/1983,741.901
8/26/1983,741.901
8/27/1983,747.565
8/28/1983,747.565
8/29/1983,741.901
8/30/1983,761.723
8/31/1983,778.713
9/1/1983,756.06
9/2/1983,781.545
9/3/1983,784.377
9/4/1983,778.713
9/5/1983,790.04
9/6/1983,775.882
9/7/1983,713.585
9/8/1983,673.941
9/9/1983,611.644
9/10/1983,588.99
9/11/1983,597.485
9/12/1983,605.981
9/13/1983,605.981
9/14/1983,588.99
9/15/1983,591.822
9/16/1983,600.317
9/17/1983,600.317
9/18/1983,605.981
9/19/1983,603.149
9/20/1983,600.317
9/21/1983,600.317
9/22/1983,608.812
9/23/1983,603.149
9/24/1983,588.99
9/25/1983,605.981
9/26/1983,608.812
9/27/1983,620.139
9/28/1983,611.644
9/29/1983,631.466
9/30/1983,538.02
10/1/1983,532.357
10/2/1983,535.188
10/3/1983,518.198
10/4/1983,518.198
10/5/1983,509.703
10/6/1983,447.406
10/7/1983,396.436
10/8/1983,331.307
10/9/1983,328.475
10/10/1983,342.634
10/11/1983,359.624
10/12/1983,336.97
10/13/1983,339.802
10/14/1983,348.297
10/15/1983,353.961
10/16/1983,348.297
10/17/1983,334.139
10/18/1983,356.792
10/19/1983,356.792
10/20/1983,342.634
10/21/1983,342.634
10/22/1983,359.624
10/23/1983,359.624
10/24/1983,356.792
10/25/1983,348.297
10/26/1983,461.565
10/27/1983,348.297
10/28/1983,342.634
10/29/1983,348.297
10/30/1983,331.307
10/31/1983,413.426
11/1/1983,353.961
11/2/1983,356.792
11/3/1983,416.258
11/4/1983,447.406
11/5/1983,421.921
11/6/1983,438.911
11/7/1983,481.386
11/8/1983,492.713
11/9/1983,478.555
11/10/1983,492.713
11/11/1983,492.713
11/12/1983,481.386
11/13/1983,481.386
11/14/1983,481.386
11/15/1983,475.723
11/16/1983,484.218
11/17/1983,475.723
11/18/1983,478.555
11/19/1983,481.386
11/20/1983,484.218
11/21/1983,509.703
11/22/1983,487.05
11/23/1983,489.881
11/24/1983,470.06
11/25/1983,475.723
11/26/1983,481.386
11/27/1983,475.723
11/28/1983,484.218
11/29/1983,498.377
11/30/1983,504.04
12/1/1983,552.179
12/2/1983,572
12/3/1983,591.822
12/4/1983,637.129
12/5/1983,662.614
12/6/1983,665.446
12/7/1983,654.119
12/8/1983,659.783
12/9/1983,563.505
12/10/1983,572
12/11/1983,574.832
12/12/1983,569.169
12/13/1983,563.505
12/14/1983,560.674
12/15/1983,563.505
12/16/1983,560.674
12/17/1983,566.337
12/18/1983,560.674
12/19/1983,586.159
12/20/1983,645.624
12/21/1983,611.644
12/22/1983,620.139
12/23/1983,659.783
12/24/1983,665.446
12/25/1983,676.773
12/26/1983,662.614
12/27/1983,679.604
12/28/1983,676.773
12/29/1983,659.783
12/30/1983,665.446
12/31/1983,671.109
1/1/1984,688.099
1/2/1984,642.792
1/3/1984,662.614
1/4/1984,668.278
1/5/1984,688.099
1/6/1984,696.594
1/7/1984,693.763
1/8/1984,688.099
1/9/1984,702.258
1/10/1984,716.416
1/11/1984,744.733
1/12/1984,758.891
1/13/1984,792.872
1/14/1984,804.198
1/15/1984,787.208
1/16/1984,770.218
1/17/1984,824.02
1/18/1984,821.189
1/19/1984,832.515
1/20/1984,804.198
1/21/1984,795.703
1/22/1984,821.189
1/23/1984,798.535
1/24/1984,798.535
1/25/1984,798.535
1/26/1984,798.535
1/27/1984,798.535
1/28/1984,795.703
1/29/1984,795.703
1/30/1984,801.367
1/31/1984,801.367
2/1/1984,821.189
2/2/1984,770.218
2/3/1984,770.218
2/4/1984,767.387
2/5/1984,775.882
2/6/1984,784.377
2/7/1984,781.545
2/8/1984,770.218
2/9/1984,756.06
2/10/1984,770.218
2/11/1984,761.723
2/12/1984,747.565
2/13/1984,778.713
2/14/1984,758.891
2/15/1984,756.06
2/16/1984,773.05
2/17/1984,773.05
2/18/1984,756.06
2/19/1984,770.218
2/20/1984,764.555
2/21/1984,767.387
2/22/1984,778.713
2/23/1984,775.882
2/24/1984,770.218
2/25/1984,705.089
2/26/1984,676.773
2/27/1984,662.614
2/28/1984,651.287
2/29/1984,659.783
3/1/1984,656.951
3/2/1984,659.783
3/3/1984,654.119
3/4/1984,651.287
3/5/1984,656.951
3/6/1984,597.485
3/7/1984,560.674
3/8/1984,574.832
3/9/1984,569.169
3/10/1984,563.505
3/11/1984,572
3/12/1984,557.842
3/13/1984,557.842
3/14/1984,557.842
3/15/1984,572
3/16/1984,566.337
3/17/1984,498.377
3/18/1984,450.238
3/19/1984,444.574
3/20/1984,464.396
3/21/1984,461.565
3/22/1984,461.565
3/23/1984,458.733
3/24/1984,444.574
3/25/1984,455.901
3/26/1984,453.07
3/27/1984,455.901
3/28/1984,444.574
3/29/1984,450.238
3/30/1984,436.079
3/31/1984,436.079
4/1/1984,396.436
4/2/1984,385.109
4/3/1984,390.772
4/4/1984,399.268
4/5/1984,509.703
4/6/1984,506.872
4/7/1984,515.367
4/8/1984,512.535
4/9/1984,498.377
4/10/1984,498.377
4/11/1984,509.703
4/12/1984,515.367
4/13/1984,515.367
4/14/1984,481.386
4/15/1984,356.792
4/16/1984,518.198
4/17/1984,515.367
4/18/1984,521.03
4/19/1984,515.367
4/20/1984,464.396
4/21/1984,424.753
4/22/1984,399.268
4/23/1984,393.604
4/24/1984,399.268
4/25/1984,407.763
4/26/1984,413.426
4/27/1984,410.594
4/28/1984,419.089
4/29/1984,433.248
4/30/1984,424.753
5/1/1984,410.594
5/2/1984,421.921
5/3/1984,387.941
5/4/1984,385.109
5/5/1984,396.436
5/6/1984,402.099
5/7/1984,385.109
5/8/1984,407.763
5/9/1984,390.772
5/10/1984,413.426
5/11/1984,393.604
5/12/1984,382.277
5/13/1984,345.466
5/14/1984,382.277
5/15/1984,382.277
5/16/1984,373.782
5/17/1984,379.446
5/18/1984,387.941
5/19/1984,390.772
5/20/1984,390.772
5/21/1984,382.277
5/22/1984,382.277
5/23/1984,368.119
5/24/1984,368.119
5/25/1984,356.792
5/26/1984,379.446
5/27/1984,382.277
5/28/1984,368.119
5/29/1984,362.456
5/30/1984,370.951
5/31/1984,455.901
6/1/1984,458.733
6/2/1984,461.565
6/3/1984,464.396
6/4/1984,455.901
6/5/1984,472.891
6/6/1984,470.06
6/7/1984,464.396
6/8/1984,461.565
6/9/1984,441.743
6/10/1984,444.574
6/11/1984,444.574
6/12/1984,475.723
6/13/1984,470.06
6/14/1984,436.079
6/15/1984,356.792
6/16/1984,356.792
6/17/1984,393.604
6/18/1984,368.119
6/19/1984,365.287
6/20/1984,328.475
6/21/1984,314.317
6/22/1984,334.139
6/23/1984,325.644
6/24/1984,334.139
6/25/1984,311.485
6/26/1984,336.97
6/27/1984,325.644
6/28/1984,325.644
6/29/1984,336.97
6/30/1984,325.644
7/1/1984,334.139
7/2/1984,359.624
7/3/1984,365.287
7/4/1984,427.584
7/5/1984,430.416
7/6/1984,427.584
7/7/1984,427.584
7/8/1984,504.04
7/9/1984,529.525
7/10/1984,563.505
7/11/1984,574.832
7/12/1984,656.951
7/13/1984,659.783
7/14/1984,656.951
7/15/1984,656.951
7/16/1984,656.951
7/17/1984,679.604
7/18/1984,713.585
7/19/1984,716.416
7/20/1984,741.901
7/21/1984,753.228
7/22/1984,753.228
7/23/1984,750.396
7/24/1984,736.238
7/25/1984,727.743
7/26/1984,727.743
7/27/1984,733.406
7/28/1984,739.07
7/29/1984,758.891
7/30/1984,744.733
7/31/1984,767.387
8/1/1984,741.901
8/2/1984,753.228
8/3/1984,739.07
8/4/1984,773.05
8/5/1984,792.872
8/6/1984,761.723
8/7/1984,784.377
8/8/1984,756.06
8/9/1984,770.218
8/10/1984,778.713
8/11/1984,792.872
8/12/1984,787.208
8/13/1984,773.05
8/14/1984,778.713
8/15/1984,764.555
8/16/1984,756.06
8/17/1984,773.05
8/18/1984,784.377
8/19/1984,764.555
8/20/1984,767.387
8/21/1984,767.387
8/22/1984,773.05
8/23/1984,750.396
8/24/1984,761.723
8/25/1984,761.723
8/26/1984,778.713
8/27/1984,781.545
8/28/1984,761.723
8/29/1984,773.05
8/30/1984,761.723
8/31/1984,807.03
9/1/1984,809.862
9/2/1984,778.713
9/3/1984,804.198
9/4/1984,792.872
9/5/1984,784.377
9/6/1984,767.387
9/7/1984,787.208
9/8/1984,787.208
9/9/1984,784.377
9/10/1984,775.882
9/11/1984,804.198
9/12/1984,824.02
9/13/1984,781.545
9/14/1984,787.208
9/15/1984,741.901
9/16/1984,673.941
9/17/1984,662.614
9/18/1984,665.446
9/19/1984,671.109
9/20/1984,673.941
9/21/1984,656.951
9/22/1984,671.109
9/23/1984,656.951
9/24/1984,668.278
9/25/1984,656.951
9/26/1984,654.119
9/27/1984,645.624
9/28/1984,651.287
9/29/1984,668.278
9/30/1984,654.119
10/1/1984,654.119
10/2/1984,662.614
10/3/1984,651.287
10/4/1984,654.119
10/5/1984,651.287
10/6/1984,645.624
10/7/1984,645.624
10/8/1984,671.109
10/9/1984,659.783
10/10/1984,665.446
10/11/1984,659.783
10/12/1984,648.456
10/13/1984,651.287
10/14/1984,654.119
10/15/1984,656.951
10/16/1984,656.951
10/17/1984,648.456
10/18/1984,645.624
10/19/1984,656.951
10/20/1984,642.792
10/21/1984,648.456
10/22/1984,671.109
10/23/1984,682.436
10/24/1984,696.594
10/25/1984,679.604
10/26/1984,685.268
10/27/1984,671.109
10/28/1984,648.456
10/29/1984,673.941
10/30/1984,699.426
10/31/1984,693.763
11/1/1984,662.614
11/2/1984,696.594
11/3/1984,696.594
11/4/1984,696.594
11/5/1984,741.901
11/6/1984,736.238
11/7/1984,741.901
11/8/1984,744.733
11/9/1984,758.891
11/10/1984,741.901
11/11/1984,741.901
11/12/1984,747.565
11/13/1984,730.575
11/14/1984,724.911
11/15/1984,707.921
11/16/1984,724.911
11/17/1984,713.585
11/18/1984,727.743
11/19/1984,730.575
11/20/1984,722.08
11/21/1984,713.585
11/22/1984,710.753
11/23/1984,707.921
11/24/1984,705.089
11/25/1984,671.109
11/26/1984,710.753
11/27/1984,724.911
11/28/1984,693.763
11/29/1984,631.466
11/30/1984,682.436
12/1/1984,770.218
12/2/1984,736.238
12/3/1984,756.06
12/4/1984,750.396
12/5/1984,611.644
12/6/1984,560.674
12/7/1984,555.01
12/8/1984,555.01
12/9/1984,566.337
12/10/1984,620.139
12/11/1984,659.783
12/12/1984,654.119
12/13/1984,569.169
12/14/1984,560.674
12/15/1984,563.505
12/16/1984,560.674
12/17/1984,555.01
12/18/1984,586.159
12/19/1984,577.664
12/20/1984,605.981
12/21/1984,588.99
12/22/1984,580.495
12/23/1984,594.654
12/24/1984,603.149
12/25/1984,583.327
12/26/1984,594.654
12/27/1984,603.149
12/28/1984,614.476
12/29/1984,617.307
12/30/1984,617.307
12/31/1984,622.971
1/1/1985,639.961
1/2/1985,648.456
1/3/1985,651.287
1/4/1985,651.287
1/5/1985,634.297
1/6/1985,665.446
1/7/1985,682.436
1/8/1985,690.931
1/9/1985,722.08
1/10/1985,736.238
1/11/1985,739.07
1/12/1985,753.228
1/13/1985,736.238
1/14/1985,741.901
1/15/1985,753.228
1/16/1985,750.396
1/17/1985,770.218
1/18/1985,784.377
1/19/1985,792.872
1/20/1985,781.545
1/21/1985,801.367
1/22/1985,812.694
1/23/1985,809.862
1/24/1985,812.694
1/25/1985,829.684
1/26/1985,815.525
1/27/1985,821.189
1/28/1985,838.179
1/29/1985,849.505
1/30/1985,866.496
1/31/1985,894.812
2/1/1985,894.812
2/2/1985,877.822
2/3/1985,874.991
2/4/1985,883.486
2/5/1985,883.486
2/6/1985,891.981
2/7/1985,894.812
2/8/1985,886.317
2/9/1985,880.654
2/10/1985,872.159
2/11/1985,818.357
2/12/1985,809.862
2/13/1985,815.525
2/14/1985,818.357
2/15/1985,812.694
2/16/1985,807.03
2/17/1985,812.694
2/18/1985,815.525
2/19/1985,807.03
2/20/1985,824.02
2/21/1985,807.03
2/22/1985,815.525
2/23/1985,773.05
2/24/1985,764.555
2/25/1985,719.248
2/26/1985,710.753
2/27/1985,645.624
2/28/1985,642.792
3/1/1985,580.495
3/2/1985,591.822
3/3/1985,532.357
3/4/1985,540.852
3/5/1985,518.198
3/6/1985,521.03
3/7/1985,521.03
3/8/1985,532.357
3/9/1985,543.683
3/10/1985,529.525
3/11/1985,535.188
3/12/1985,546.515
3/13/1985,543.683
3/14/1985,555.01
3/15/1985,543.683
3/16/1985,532.357
3/17/1985,543.683
3/18/1985,538.02
3/19/1985,526.693
3/20/1985,543.683
3/21/1985,572
3/22/1985,532.357
3/23/1985,552.179
3/24/1985,521.03
3/25/1985,540.852
3/26/1985,532.357
3/27/1985,538.02
3/28/1985,540.852
3/29/1985,532.357
3/30/1985,512.535
3/31/1985,523.862
4/1/1985,518.198
4/2/1985,515.367
4/3/1985,526.693
4/4/1985,535.188
4/5/1985,526.693
4/6/1985,515.367
4/7/1985,501.208
4/8/1985,515.367
4/9/1985,509.703
4/10/1985,515.367
4/11/1985,523.862
4/12/1985,512.535
4/13/1985,526.693
4/14/1985,504.04
4/15/1985,518.198
4/16/1985,523.862
4/17/1985,518.198
4/18/1985,464.396
4/19/1985,475.723
4/20/1985,461.565
4/21/1985,472.891
4/22/1985,489.881
4/23/1985,458.733
4/24/1985,484.218
4/25/1985,461.565
4/26/1985,461.565
4/27/1985,455.901
4/28/1985,472.891
4/29/1985,453.07
4/30/1985,453.07
5/1/1985,453.07
5/2/1985,458.733
5/3/1985,453.07
5/4/1985,436.079
5/5/1985,433.248
5/6/1985,438.911
5/7/1985,509.703
5/8/1985,515.367
5/9/1985,532.357
5/10/1985,518.198
5/11/1985,543.683
5/12/1985,535.188
5/13/1985,546.515
5/14/1985,543.683
5/15/1985,549.347
5/16/1985,538.02
5/17/1985,532.357
5/18/1985,538.02
5/19/1985,540.852
5/20/1985,526.693
5/21/1985,549.347
5/22/1985,472.891
5/23/1985,563.505
5/24/1985,569.169
5/25/1985,560.674
5/26/1985,566.337
5/27/1985,572
5/28/1985,569.169
5/29/1985,580.495
5/30/1985,560.674
5/31/1985,546.515
6/1/1985,577.664
6/2/1985,557.842
6/3/1985,566.337
6/4/1985,566.337
6/5/1985,572
6/6/1985,563.505
6/7/1985,560.674
6/8/1985,577.664
6/9/1985,574.832
6/10/1985,447.406
6/11/1985,572
6/12/1985,501.208
6/13/1985,600.317
6/14/1985,591.822
6/15/1985,588.99
6/16/1985,588.99
6/17/1985,586.159
6/18/1985,572
6/19/1985,580.495
6/20/1985,588.99
6/21/1985,572
6/22/1985,566.337
6/23/1985,563.505
6/24/1985,577.664
6/25/1985,586.159
6/26/1985,555.01
6/27/1985,569.169
6/28/1985,538.02
6/29/1985,563.505
6/30/1985,557.842
7/1/1985,560.674
7/2/1985,572
7/3/1985,572
7/4/1985,569.169
7/5/1985,583.327
7/6/1985,535.188
7/7/1985,532.357
7/8/1985,543.683
7/9/1985,555.01
7/10/1985,552.179
7/11/1985,549.347
7/12/1985,560.674
7/13/1985,540.852
7/14/1985,543.683
7/15/1985,543.683
7/16/1985,543.683
7/17/1985,546.515
7/18/1985,538.02
7/19/1985,538.02
7/20/1985,532.357
7/21/1985,538.02
7/22/1985,543.683
7/23/1985,546.515
7/24/1985,549.347
7/25/1985,546.515
7/26/1985,549.347
7/27/1985,557.842
7/28/1985,538.02
7/29/1985,529.525
7/30/1985,526.693
7/31/1985,529.525
8/1/1985,535.188
8/2/1985,538.02
8/3/1985,518.198
8/4/1985,512.535
8/5/1985,521.03
8/6/1985,535.188
8/7/1985,515.367
8/8/1985,529.525
8/9/1985,512.535
8/10/1985,506.872
8/11/1985,529.525
8/12/1985,509.703
8/13/1985,506.872
8/14/1985,509.703
8/15/1985,518.198
8/16/1985,509.703
8/17/1985,504.04
8/18/1985,509.703
8/19/1985,506.872
8/20/1985,506.872
8/21/1985,506.872
8/22/1985,501.208
8/23/1985,512.535
8/24/1985,521.03
8/25/1985,512.535
8/26/1985,512.535
8/27/1985,512.535
8/28/1985,509.703
8/29/1985,506.872
8/30/1985,506.872
8/31/1985,504.04
9/1/1985,512.535
9/2/1985,509.703
9/3/1985,518.198
9/4/1985,521.03
9/5/1985,523.862
9/6/1985,470.06
9/7/1985,453.07
9/8/1985,450.238
9/9/1985,453.07
9/10/1985,455.901
9/11/1985,600.317
9/12/1985,504.04
9/13/1985,461.565
9/14/1985,447.406
9/15/1985,447.406
9/16/1985,455.901
9/17/1985,594.654
9/18/1985,591.822
9/19/1985,447.406
9/20/1985,455.901
9/21/1985,458.733
9/22/1985,453.07
9/23/1985,447.406
9/24/1985,467.228
9/25/1985,455.901
9/26/1985,453.07
9/27/1985,455.901
9/28/1985,464.396
9/29/1985,455.901
9/30/1985,402.099
10/1/1985,382.277
10/2/1985,387.941
10/3/1985,390.772
10/4/1985,385.109
10/5/1985,387.941
10/6/1985,385.109
10/7/1985,390.772
10/8/1985,385.109
10/9/1985,379.446
10/10/1985,379.446
10/11/1985,385.109
10/12/1985,379.446
10/13/1985,376.614
10/14/1985,373.782
10/15/1985,382.277
10/16/1985,385.109
10/17/1985,376.614
10/18/1985,385.109
10/19/1985,382.277
10/20/1985,382.277
10/21/1985,385.109
10/22/1985,385.109
10/23/1985,387.941
10/24/1985,379.446
10/25/1985,379.446
10/26/1985,365.287
10/27/1985,356.792
10/28/1985,376.614
10/29/1985,387.941
10/30/1985,393.604
10/31/1985,387.941
11/1/1985,396.436
11/2/1985,373.782
11/3/1985,382.277
11/4/1985,382.277
11/5/1985,390.772
11/6/1985,404.931
11/7/1985,407.763
11/8/1985,399.268
11/9/1985,402.099
11/10/1985,404.931
11/11/1985,399.268
11/12/1985,396.436
11/13/1985,402.099
11/14/1985,402.099
11/15/1985,396.436
11/16/1985,402.099
11/17/1985,402.099
11/18/1985,399.268
11/19/1985,419.089
11/20/1985,410.594
11/21/1985,453.07
11/22/1985,521.03
11/23/1985,526.693
11/24/1985,526.693
11/25/1985,518.198
11/26/1985,515.367
11/27/1985,523.862
11/28/1985,526.693
11/29/1985,540.852
11/30/1985,555.01
12/1/1985,546.515
12/2/1985,535.188
12/3/1985,540.852
12/4/1985,523.862
12/5/1985,549.347
12/6/1985,552.179
12/7/1985,535.188
12/8/1985,538.02
12/9/1985,577.664
12/10/1985,569.169
12/11/1985,560.674
12/12/1985,622.971
12/13/1985,594.654
12/14/1985,588.99
12/15/1985,586.159
12/16/1985,586.159
12/17/1985,608.812
12/18/1985,628.634
12/19/1985,651.287
12/20/1985,662.614
12/21/1985,654.119
12/22/1985,648.456
12/23/1985,682.436
12/24/1985,685.268
12/25/1985,685.268
12/26/1985,688.099
12/27/1985,690.931
12/28/1985,685.268
12/29/1985,688.099
12/30/1985,719.248
12/31/1985,710.753
1/1/1986,707.921
1/2/1986,699.426
1/3/1986,733.406
1/4/1986,733.406
1/5/1986,727.743
1/6/1986,730.575
1/7/1986,739.07
1/8/1986,733.406
1/9/1986,736.238
1/10/1986,705.089
1/11/1986,710.753
1/12/1986,730.575
1/13/1986,744.733
1/14/1986,741.901
1/15/1986,739.07
1/16/1986,739.07
1/17/1986,747.565
1/18/1986,739.07
1/19/1986,739.07
1/20/1986,741.901
1/21/1986,739.07
1/22/1986,775.882
1/23/1986,744.733
1/24/1986,741.901
1/25/1986,741.901
1/26/1986,739.07
1/27/1986,736.238
1/28/1986,744.733
1/29/1986,730.575
1/30/1986,730.575
1/31/1986,727.743
2/1/1986,724.911
2/2/1986,736.238
2/3/1986,736.238
2/4/1986,736.238
2/5/1986,736.238
2/6/1986,741.901
2/7/1986,767.387
2/8/1986,773.05
2/9/1986,781.545
2/10/1986,719.248
2/11/1986,741.901
2/12/1986,756.06
2/13/1986,775.882
2/14/1986,764.555
2/15/1986,767.387
2/16/1986,764.555
2/17/1986,767.387
2/18/1986,773.05
2/19/1986,784.377
2/20/1986,767.387
2/21/1986,787.208
2/22/1986,775.882
2/23/1986,775.882
2/24/1986,758.891
2/25/1986,753.228
2/26/1986,739.07
2/27/1986,492.713
2/28/1986,560.674
3/1/1986,543.683
3/2/1986,410.594
3/3/1986,382.277
3/4/1986,399.268
3/5/1986,467.228
3/6/1986,523.862
3/7/1986,676.773
3/8/1986,733.406
3/9/1986,733.406
3/10/1986,730.575
3/11/1986,770.218
3/12/1986,787.208
3/13/1986,792.872
3/14/1986,790.04
3/15/1986,770.218
3/16/1986,801.367
3/17/1986,795.703
3/18/1986,787.208
3/19/1986,790.04
3/20/1986,795.703
3/21/1986,773.05
3/22/1986,787.208
3/23/1986,784.377
3/24/1986,767.387
3/25/1986,804.198
3/26/1986,787.208
3/27/1986,773.05
3/28/1986,778.713
3/29/1986,775.882
3/30/1986,775.882
3/31/1986,773.05
4/1/1986,795.703
4/2/1986,795.703
4/3/1986,812.694
4/4/1986,775.882
4/5/1986,705.089
4/6/1986,628.634
4/7/1986,620.139
4/8/1986,622.971
4/9/1986,639.961
4/10/1986,617.307
4/11/1986,628.634
4/12/1986,569.169
4/13/1986,475.723
4/14/1986,472.891
4/15/1986,475.723
4/16/1986,481.386
4/17/1986,487.05
4/18/1986,481.386
4/19/1986,481.386
4/20/1986,472.891
4/21/1986,487.05
4/22/1986,475.723
4/23/1986,433.248
4/24/1986,387.941
4/25/1986,404.931
4/26/1986,404.931
4/27/1986,419.089
4/28/1986,413.426
4/29/1986,404.931
4/30/1986,402.099
5/1/1986,331.307
5/2/1986,342.634
5/3/1986,319.98
5/4/1986,348.297
5/5/1986,351.129
5/6/1986,342.634
5/7/1986,348.297
5/8/1986,328.475
5/9/1986,288.832
5/10/1986,291.664
5/11/1986,274.673
5/12/1986,277.505
5/13/1986,288.832
5/14/1986,294.495
5/15/1986,291.664
5/16/1986,277.505
5/17/1986,277.505
5/18/1986,280.337
5/19/1986,280.337
5/20/1986,280.337
5/21/1986,280.337
5/22/1986,297.327
5/23/1986,280.337
5/24/1986,277.505
5/25/1986,280.337
5/26/1986,291.664
5/27/1986,277.505
5/28/1986,319.98
5/29/1986,277.505
5/30/1986,286
5/31/1986,283.168
6/1/1986,291.664
6/2/1986,286
6/3/1986,283.168
6/4/1986,277.505
6/5/1986,280.337
6/6/1986,351.129
6/7/1986,421.921
6/8/1986,430.416
6/9/1986,441.743
6/10/1986,421.921
6/11/1986,419.089
6/12/1986,424.753
6/13/1986,433.248
6/14/1986,430.416
6/15/1986,438.911
6/16/1986,438.911
6/17/1986,441.743
6/18/1986,436.079
6/19/1986,424.753
6/20/1986,438.911
6/21/1986,421.921
6/22/1986,427.584
6/23/1986,512.535
6/24/1986,501.208
6/25/1986,498.377
6/26/1986,509.703
6/27/1986,498.377
6/28/1986,504.04
6/29/1986,512.535
6/30/1986,501.208
7/1/1986,504.04
7/2/1986,509.703
7/3/1986,529.525
7/4/1986,506.872
7/5/1986,509.703
7/6/1986,509.703
7/7/1986,489.881
7/8/1986,506.872
7/9/1986,512.535
7/10/1986,509.703
7/11/1986,512.535
7/12/1986,501.208
7/13/1986,498.377
7/14/1986,512.535
7/15/1986,512.535
7/16/1986,521.03
7/17/1986,518.198
7/18/1986,506.872
7/19/1986,504.04
7/20/1986,501.208
7/21/1986,538.02
7/22/1986,566.337
7/23/1986,594.654
7/24/1986,591.822
7/25/1986,620.139
7/26/1986,603.149
7/27/1986,591.822
7/28/1986,603.149
7/29/1986,591.822
7/30/1986,591.822
7/31/1986,591.822
8/1/1986,597.485
8/2/1986,628.634
8/3/1986,628.634
8/4/1986,688.099
8/5/1986,673.941
8/6/1986,676.773
8/7/1986,676.773
8/8/1986,679.604
8/9/1986,682.436
8/10/1986,676.773
8/11/1986,685.268
8/12/1986,679.604
8/13/1986,671.109
8/14/1986,676.773
8/15/1986,693.763
8/16/1986,671.109
8/17/1986,679.604
8/18/1986,688.099
8/19/1986,673.941
8/20/1986,699.426
8/21/1986,688.099
8/22/1986,688.099
8/23/1986,673.941
8/24/1986,673.941
8/25/1986,662.614
8/26/1986,676.773
8/27/1986,679.604
8/28/1986,702.258
8/29/1986,696.594
8/30/1986,676.773
8/31/1986,676.773
9/1/1986,614.476
9/2/1986,563.505
9/3/1986,569.169
9/4/1986,574.832
9/5/1986,569.169
9/6/1986,543.683
9/7/1986,535.188
9/8/1986,546.515
9/9/1986,501.208
9/10/1986,526.693
9/11/1986,509.703
9/12/1986,509.703
9/13/1986,504.04
9/14/1986,498.377
9/15/1986,509.703
9/16/1986,515.367
9/17/1986,557.842
9/18/1986,566.337
9/19/1986,566.337
9/20/1986,566.337
9/21/1986,563.505
9/22/1986,543.683
9/23/1986,501.208
9/24/1986,566.337
9/25/1986,577.664
9/26/1986,563.505
9/27/1986,574.832
9/28/1986,572
9/29/1986,580.495
9/30/1986,504.04
10/1/1986,622.971
10/2/1986,622.971
10/3/1986,614.476
10/4/1986,620.139
10/5/1986,620.139
10/6/1986,535.188
10/7/1986,512.535
10/8/1986,540.852
10/9/1986,535.188
10/10/1986,552.179
10/11/1986,543.683
10/12/1986,526.693
10/13/1986,543.683
10/14/1986,546.515
10/15/1986,552.179
10/16/1986,540.852
10/17/1986,546.515
10/18/1986,540.852
10/19/1986,549.347
10/20/1986,608.812
10/21/1986,642.792
10/22/1986,705.089
10/23/1986,702.258
10/24/1986,699.426
10/25/1986,710.753
10/26/1986,707.921
10/27/1986,710.753
10/28/1986,702.258
10/29/1986,710.753
10/30/1986,724.911
10/31/1986,727.743
11/1/1986,730.575
11/2/1986,736.238
11/3/1986,733.406
11/4/1986,733.406
11/5/1986,730.575
11/6/1986,722.08
11/7/1986,727.743
11/8/1986,705.089
11/9/1986,713.585
11/10/1986,719.248
11/11/1986,716.416
11/12/1986,719.248
11/13/1986,713.585
11/14/1986,713.585
11/15/1986,634.297
11/16/1986,645.624
11/17/1986,645.624
11/18/1986,654.119
11/19/1986,645.624
11/20/1986,645.624
11/21/1986,608.812
11/22/1986,651.287
11/23/1986,654.119
11/24/1986,654.119
11/25/1986,659.783
11/26/1986,656.951
11/27/1986,642.792
11/28/1986,659.783
11/29/1986,563.505
11/30/1986,586.159
12/1/1986,563.505
12/2/1986,566.337
12/3/1986,577.664
12/4/1986,563.505
12/5/1986,563.505
12/6/1986,577.664
12/7/1986,569.169
12/8/1986,572
12/9/1986,580.495
12/10/1986,577.664
12/11/1986,518.198
12/12/1986,453.07
12/13/1986,438.911
12/14/1986,444.574
12/15/1986,447.406
12/16/1986,453.07
12/17/1986,470.06
12/18/1986,538.02
12/19/1986,543.683
12/20/1986,532.357
12/21/1986,538.02
12/22/1986,560.674
12/23/1986,600.317
12/24/1986,617.307
12/25/1986,625.802
12/26/1986,665.446
12/27/1986,654.119
12/28/1986,656.951
12/29/1986,685.268
12/30/1986,676.773
12/31/1986,688.099
1/1/1987,676.773
1/2/1987,679.604
1/3/1987,688.099
1/4/1987,688.099
1/5/1987,679.604
1/6/1987,668.278
1/7/1987,702.258
1/8/1987,702.258
1/9/1987,668.278
1/10/1987,651.287
1/11/1987,586.159
1/12/1987,560.674
1/13/1987,566.337
1/14/1987,566.337
1/15/1987,563.505
1/16/1987,588.99
1/17/1987,625.802
1/18/1987,620.139
1/19/1987,620.139
1/20/1987,656.951
1/21/1987,656.951
1/22/1987,693.763
1/23/1987,693.763
1/24/1987,713.585
1/25/1987,710.753
1/26/1987,747.565
1/27/1987,736.238
1/28/1987,750.396
1/29/1987,747.565
1/30/1987,756.06
1/31/1987,756.06
2/1/1987,753.228
2/2/1987,756.06
2/3/1987,790.04
2/4/1987,790.04
2/5/1987,790.04
2/6/1987,787.208
2/7/1987,784.377
2/8/1987,792.872
2/9/1987,787.208
2/10/1987,792.872
2/11/1987,758.891
2/12/1987,767.387
2/13/1987,792.872
2/14/1987,801.367
2/15/1987,795.703
2/16/1987,798.535
2/17/1987,795.703
2/18/1987,790.04
2/19/1987,784.377
2/20/1987,792.872
2/21/1987,790.04
2/22/1987,792.872
2/23/1987,792.872
2/24/1987,795.703
2/25/1987,773.05
2/26/1987,651.287
2/27/1987,555.01
2/28/1987,552.179
3/1/1987,557.842
3/2/1987,563.505
3/3/1987,577.664
3/4/1987,569.169
3/5/1987,543.683
3/6/1987,455.901
3/7/1987,430.416
3/8/1987,424.753
3/9/1987,444.574
3/10/1987,518.198
3/11/1987,546.515
3/12/1987,538.02
3/13/1987,543.683
3/14/1987,549.347
3/15/1987,540.852
3/16/1987,529.525
3/17/1987,523.862
3/18/1987,546.515
3/19/1987,543.683
3/20/1987,540.852
3/21/1987,538.02
3/22/1987,498.377
3/23/1987,424.753
3/24/1987,385.109
3/25/1987,317.149
3/26/1987,319.98
3/27/1987,319.98
3/28/1987,331.307
3/29/1987,334.139
3/30/1987,334.139
3/31/1987,317.149
4/1/1987,334.139
4/2/1987,351.129
4/3/1987,336.97
4/4/1987,356.792
4/5/1987,345.466
4/6/1987,342.634
4/7/1987,351.129
4/8/1987,286
4/9/1987,294.495
4/10/1987,291.664
4/11/1987,286
4/12/1987,280.337
4/13/1987,280.337
4/14/1987,277.505
4/15/1987,286
4/16/1987,283.168
4/17/1987,280.337
4/18/1987,280.337
4/19/1987,288.832
4/20/1987,271.842
4/21/1987,271.842
4/22/1987,271.842
4/23/1987,274.673
4/24/1987,308.654
4/25/1987,291.664
4/26/1987,294.495
4/27/1987,300.159
4/28/1987,300.159
4/29/1987,294.495
4/30/1987,283.168
5/1/1987,283.168
5/2/1987,291.664
5/3/1987,288.832
5/4/1987,286
5/5/1987,300.159
5/6/1987,291.664
5/7/1987,291.664
5/8/1987,291.664
5/9/1987,314.317
5/10/1987,308.654
5/11/1987,356.792
5/12/1987,438.911
5/13/1987,495.545
5/14/1987,506.872
5/15/1987,512.535
5/16/1987,512.535
5/17/1987,523.862
5/18/1987,518.198
5/19/1987,501.208
5/20/1987,506.872
5/21/1987,495.545
5/22/1987,521.03
5/23/1987,506.872
5/24/1987,512.535
5/25/1987,515.367
5/26/1987,521.03
5/27/1987,512.535
5/28/1987,504.04
5/29/1987,504.04
5/30/1987,509.703
5/31/1987,523.862
6/1/1987,492.713
6/2/1987,501.208
6/3/1987,506.872
6/4/1987,506.872
6/5/1987,501.208
6/6/1987,512.535
6/7/1987,526.693
6/8/1987,504.04
6/9/1987,529.525
6/10/1987,515.367
6/11/1987,512.535
6/12/1987,521.03
6/13/1987,512.535
6/14/1987,512.535
6/15/1987,526.693
6/16/1987,543.683
6/17/1987,492.713
6/18/1987,523.862
6/19/1987,495.545
6/20/1987,501.208
6/21/1987,506.872
6/22/1987,515.367
6/23/1987,504.04
6/24/1987,501.208
6/25/1987,509.703
6/26/1987,506.872
6/27/1987,498.377
6/28/1987,498.377
6/29/1987,495.545
6/30/1987,487.05
7/1/1987,515.367
7/2/1987,518.198
7/3/1987,532.357
7/4/1987,523.862
7/5/1987,515.367
7/6/1987,518.198
7/7/1987,506.872
7/8/1987,498.377
7/9/1987,512.535
7/10/1987,523.862
7/11/1987,515.367
7/12/1987,506.872
7/13/1987,518.198
7/14/1987,509.703
7/15/1987,526.693
7/16/1987,526.693
7/17/1987,506.872
7/18/1987,523.862
7/19/1987,532.357
7/20/1987,532.357
7/21/1987,509.703
7/22/1987,523.862
7/23/1987,523.862
7/24/1987,523.862
7/25/1987,521.03
7/26/1987,509.703
7/27/1987,535.188
7/28/1987,515.367
7/29/1987,526.693
7/30/1987,526.693
7/31/1987,518.198
8/1/1987,521.03
8/2/1987,512.535
8/3/1987,521.03
8/4/1987,509.703
8/5/1987,518.198
8/6/1987,515.367
8/7/1987,529.525
8/8/1987,523.862
8/9/1987,521.03
8/10/1987,518.198
8/11/1987,512.535
8/12/1987,504.04
8/13/1987,509.703
8/14/1987,515.367
8/15/1987,515.367
8/16/1987,515.367
8/17/1987,509.703
8/18/1987,512.535
8/19/1987,523.862
8/20/1987,535.188
8/21/1987,515.367
8/22/1987,523.862
8/23/1987,521.03
8/24/1987,515.367
8/25/1987,515.367
8/26/1987,518.198
8/27/1987,515.367
8/28/1987,526.693
8/29/1987,487.05
8/30/1987,492.713
8/31/1987,489.881
9/1/1987,495.545
9/2/1987,475.723
9/3/1987,478.555
9/4/1987,478.555
9/5/1987,475.723
9/6/1987,470.06
9/7/1987,484.218
9/8/1987,481.386
9/9/1987,481.386
9/10/1987,470.06
9/11/1987,461.565
9/12/1987,450.238
9/13/1987,455.901
9/14/1987,453.07
9/15/1987,450.238
9/16/1987,464.396
9/17/1987,438.911
9/18/1987,453.07
9/19/1987,447.406
9/20/1987,455.901
9/21/1987,458.733
9/22/1987,458.733
9/23/1987,450.238
9/24/1987,441.743
9/25/1987,447.406
9/26/1987,461.565
9/27/1987,450.238
9/28/1987,441.743
9/29/1987,447.406
9/30/1987,453.07
10/1/1987,453.07
10/2/1987,444.574
10/3/1987,455.901
10/4/1987,453.07
10/5/1987,458.733
10/6/1987,402.099
10/7/1987,345.466
10/8/1987,362.456
10/9/1987,351.129
10/10/1987,362.456
10/11/1987,353.961
10/12/1987,353.961
10/13/1987,353.961
10/14/1987,353.961
10/15/1987,356.792
10/16/1987,356.792
10/17/1987,353.961
10/18/1987,339.802
10/19/1987,359.624
10/20/1987,353.961
10/21/1987,359.624
10/22/1987,356.792
10/23/1987,348.297
10/24/1987,345.466
10/25/1987,328.475
10/26/1987,331.307
10/27/1987,342.634
10/28/1987,342.634
10/29/1987,351.129
10/30/1987,353.961
10/31/1987,362.456
11/1/1987,334.139
11/2/1987,359.624
11/3/1987,351.129
11/4/1987,348.297
11/5/1987,348.297
11/6/1987,348.297
11/7/1987,336.97
11/8/1987,336.97
11/9/1987,345.466
11/10/1987,334.139
11/11/1987,351.129
11/12/1987,348.297
11/13/1987,359.624
11/14/1987,325.644
11/15/1987,308.654
11/16/1987,334.139
11/17/1987,339.802
11/18/1987,331.307
11/19/1987,339.802
11/20/1987,339.802
11/21/1987,339.802
11/22/1987,334.139
11/23/1987,339.802
11/24/1987,348.297
11/25/1987,421.921
11/26/1987,461.565
11/27/1987,455.901
11/28/1987,453.07
11/29/1987,447.406
11/30/1987,506.872
12/1/1987,574.832
12/2/1987,574.832
12/3/1987,560.674
12/4/1987,563.505
12/5/1987,574.832
12/6/1987,560.674
12/7/1987,572
12/8/1987,555.01
12/9/1987,580.495
12/10/1987,572
12/11/1987,557.842
12/12/1987,563.505
12/13/1987,566.337
12/14/1987,572
12/15/1987,594.654
12/16/1987,569.169
12/17/1987,572
12/18/1987,557.842
12/19/1987,574.832
12/20/1987,572
12/21/1987,572
12/22/1987,572
12/23/1987,546.515
12/24/1987,572
12/25/1987,557.842
12/26/1987,574.832
12/27/1987,569.169
12/28/1987,557.842
12/29/1987,583.327
12/30/1987,552.179
12/31/1987,569.169
1/1/1988,574.832
1/2/1988,498.377
1/3/1988,506.872
1/4/1988,552.179
1/5/1988,583.327
1/6/1988,600.317
1/7/1988,603.149
1/8/1988,605.981
1/9/1988,594.654
1/10/1988,552.179
1/11/1988,569.169
1/12/1988,577.664
1/13/1988,583.327
1/14/1988,580.495
1/15/1988,588.99
1/16/1988,588.99
1/17/1988,560.674
1/18/1988,580.495
1/19/1988,597.485
1/20/1988,597.485
1/21/1988,608.812
1/22/1988,634.297
1/23/1988,651.287
1/24/1988,659.783
1/25/1988,662.614
1/26/1988,673.941
1/27/1988,654.119
1/28/1988,651.287
1/29/1988,685.268
1/30/1988,679.604
1/31/1988,682.436
2/1/1988,705.089
2/2/1988,713.585
2/3/1988,727.743
2/4/1988,750.396
2/5/1988,761.723
2/6/1988,744.733
2/7/1988,761.723
2/8/1988,756.06
2/9/1988,773.05
2/10/1988,767.387
2/11/1988,770.218
2/12/1988,778.713
2/13/1988,764.555
2/14/1988,744.733
2/15/1988,761.723
2/16/1988,764.555
2/17/1988,744.733
2/18/1988,747.565
2/19/1988,744.733
2/20/1988,767.387
2/21/1988,756.06
2/22/1988,761.723
2/23/1988,744.733
2/24/1988,750.396
2/25/1988,756.06
2/26/1988,753.228
2/27/1988,690.931
2/28/1988,594.654
2/29/1988,588.99
3/1/1988,605.981
3/2/1988,594.654
3/3/1988,594.654
3/4/1988,608.812
3/5/1988,546.515
3/6/1988,540.852
3/7/1988,543.683
3/8/1988,546.515
3/9/1988,549.347
3/10/1988,549.347
3/11/1988,526.693
3/12/1988,532.357
3/13/1988,538.02
3/14/1988,543.683
3/15/1988,549.347
3/16/1988,532.357
3/17/1988,526.693
3/18/1988,538.02
3/19/1988,526.693
3/20/1988,529.525
3/21/1988,535.188
3/22/1988,546.515
3/23/1988,540.852
3/24/1988,535.188
3/25/1988,540.852
3/26/1988,549.347
3/27/1988,552.179
3/28/1988,540.852
3/29/1988,538.02
3/30/1988,532.357
3/31/1988,557.842
4/1/1988,538.02
4/2/1988,540.852
4/3/1988,563.505
4/4/1988,540.852
4/5/1988,538.02
4/6/1988,546.515
4/7/1988,546.515
4/8/1988,538.02
4/9/1988,495.545
4/10/1988,498.377
4/11/1988,509.703
4/12/1988,515.367
4/13/1988,521.03
4/14/1988,521.03
4/15/1988,521.03
4/16/1988,509.703
4/17/1988,501.208
4/18/1988,504.04
4/19/1988,509.703
4/20/1988,512.535
4/21/1988,509.703
4/22/1988,512.535
4/23/1988,501.208
4/24/1988,506.872
4/25/1988,518.198
4/26/1988,501.208
4/27/1988,504.04
4/28/1988,506.872
4/29/1988,512.535
4/30/1988,501.208
5/1/1988,492.713
5/2/1988,487.05
5/3/1988,489.881
5/4/1988,489.881
5/5/1988,492.713
5/6/1988,489.881
5/7/1988,498.377
5/8/1988,498.377
5/9/1988,501.208
5/10/1988,523.862
5/11/1988,521.03
5/12/1988,566.337
5/13/1988,569.169
5/14/1988,532.357
5/15/1988,535.188
5/16/1988,549.347
5/17/1988,540.852
5/18/1988,549.347
5/19/1988,495.545
5/20/1988,543.683
5/21/1988,543.683
5/22/1988,546.515
5/23/1988,549.347
5/24/1988,540.852
5/25/1988,555.01
5/26/1988,543.683
5/27/1988,538.02
5/28/1988,540.852
5/29/1988,546.515
5/30/1988,543.683
5/31/1988,546.515
6/1/1988,532.357
6/2/1988,529.525
6/3/1988,532.357
6/4/1988,546.515
6/5/1988,546.515
6/6/1988,543.683
6/7/1988,540.852
6/8/1988,540.852
6/9/1988,535.188
6/10/1988,540.852
6/11/1988,543.683
6/12/1988,538.02
6/13/1988,538.02
6/14/1988,543.683
6/15/1988,535.188
6/16/1988,543.683
6/17/1988,546.515
6/18/1988,538.02
6/19/1988,538.02
6/20/1988,543.683
6/21/1988,552.179
6/22/1988,543.683
6/23/1988,549.347
6/24/1988,538.02
6/25/1988,540.852
6/26/1988,543.683
6/27/1988,532.357
6/28/1988,540.852
6/29/1988,540.852
6/30/1988,540.852
7/1/1988,540.852
7/2/1988,543.683
7/3/1988,538.02
7/4/1988,540.852
7/5/1988,540.852
7/6/1988,546.515
7/7/1988,543.683
7/8/1988,549.347
7/9/1988,546.515
7/10/1988,543.683
7/11/1988,549.347
7/12/1988,543.683
7/13/1988,549.347
7/14/1988,549.347
7/15/1988,546.515
7/16/1988,538.02
7/17/1988,543.683
7/18/1988,535.188
7/19/1988,546.515
7/20/1988,546.515
7/21/1988,546.515
7/22/1988,549.347
7/23/1988,546.515
7/24/1988,543.683
7/25/1988,549.347
7/26/1988,552.179
7/27/1988,555.01
7/28/1988,538.02
7/29/1988,535.188
7/30/1988,504.04
7/31/1988,501.208
8/1/1988,504.04
8/2/1988,495.545
8/3/1988,506.872
8/4/1988,509.703
8/5/1988,509.703
8/6/1988,506.872
8/7/1988,501.208
8/8/1988,512.535
8/9/1988,518.198
8/10/1988,515.367
8/11/1988,515.367
8/12/1988,498.377
8/13/1988,509.703
8/14/1988,512.535
8/15/1988,518.198
8/16/1988,509.703
8/17/1988,509.703
8/18/1988,509.703
8/19/1988,512.535
8/20/1988,506.872
8/21/1988,498.377
8/22/1988,512.535
8/23/1988,512.535
8/24/1988,518.198
8/25/1988,523.862
8/26/1988,518.198
8/27/1988,509.703
8/28/1988,498.377
8/29/1988,518.198
8/30/1988,518.198
8/31/1988,523.862
9/1/1988,518.198
9/2/1988,512.535
9/3/1988,509.703
9/4/1988,509.703
9/5/1988,504.04
9/6/1988,475.723
9/7/1988,455.901
9/8/1988,421.921
9/9/1988,419.089
9/10/1988,419.089
9/11/1988,407.763
9/12/1988,416.258
9/13/1988,413.426
9/14/1988,419.089
9/15/1988,427.584
9/16/1988,430.416
9/17/1988,382.277
9/18/1988,345.466
9/19/1988,345.466
9/20/1988,342.634
9/21/1988,317.149
9/22/1988,297.327
9/23/1988,302.99
9/24/1988,291.664
9/25/1988,300.159
9/26/1988,294.495
9/27/1988,294.495
9/28/1988,294.495
9/29/1988,297.327
9/30/1988,288.832
10/1/1988,286
10/2/1988,300.159
10/3/1988,291.664
10/4/1988,305.822
10/5/1988,314.317
10/6/1988,419.089
10/7/1988,424.753
10/8/1988,300.159
10/9/1988,302.99
10/10/1988,288.832
10/11/1988,294.495
10/12/1988,308.654
10/13/1988,305.822
10/14/1988,305.822
10/15/1988,297.327
10/16/1988,305.822
10/17/1988,302.99
10/18/1988,294.495
10/19/1988,286
10/20/1988,286
10/21/1988,286
10/22/1988,300.159
10/23/1988,283.168
10/24/1988,288.832
10/25/1988,291.664
10/26/1988,291.664
10/27/1988,297.327
10/28/1988,297.327
10/29/1988,294.495
10/30/1988,283.168
10/31/1988,297.327
11/1/1988,294.495
11/2/1988,297.327
11/3/1988,311.485
11/4/1988,294.495
11/5/1988,300.159
11/6/1988,297.327
11/7/1988,288.832
11/8/1988,308.654
11/9/1988,314.317
11/10/1988,297.327
11/11/1988,297.327
11/12/1988,305.822
11/13/1988,286
11/14/1988,297.327
11/15/1988,302.99
11/16/1988,300.159
11/17/1988,300.159
11/18/1988,311.485
11/19/1988,328.475
11/20/1988,311.485
11/21/1988,308.654
11/22/1988,314.317
11/23/1988,294.495
11/24/1988,314.317
11/25/1988,294.495
11/26/1988,288.832
11/27/1988,294.495
11/28/1988,365.287
11/29/1988,467.228
11/30/1988,487.05
12/1/1988,509.703
12/2/1988,501.208
12/3/1988,515.367
12/4/1988,509.703
12/5/1988,504.04
12/6/1988,492.713
12/7/1988,509.703
12/8/1988,498.377
12/9/1988,447.406
12/10/1988,464.396
12/11/1988,489.881
12/12/1988,478.555
12/13/1988,506.872
12/14/1988,515.367
12/15/1988,540.852
12/16/1988,529.525
12/17/1988,526.693
12/18/1988,538.02
12/19/1988,574.832
12/20/1988,574.832
12/21/1988,563.505
12/22/1988,560.674
12/23/1988,594.654
12/24/1988,563.505
12/25/1988,526.693
12/26/1988,495.545
12/27/1988,509.703
12/28/1988,518.198
12/29/1988,504.04
12/30/1988,515.367
12/31/1988,515.367
1/1/1989,464.396
1/2/1989,453.07
1/3/1989,461.565
1/4/1989,467.228
1/5/1989,461.565
1/6/1989,453.07
1/7/1989,447.406
1/8/1989,461.565
1/9/1989,518.198
1/10/1989,515.367
1/11/1989,521.03
1/12/1989,521.03
1/13/1989,529.525
1/14/1989,521.03
1/15/1989,521.03
1/16/1989,538.02
1/17/1989,549.347
1/18/1989,552.179
1/19/1989,563.505
1/20/1989,549.347
1/21/1989,586.159
1/22/1989,588.99
1/23/1989,591.822
1/24/1989,620.139
1/25/1989,634.297
1/26/1989,617.307
1/27/1989,617.307
1/28/1989,600.317
1/29/1989,605.981
1/30/1989,603.149
1/31/1989,628.634
2/1/1989,656.951
2/2/1989,685.268
2/3/1989,693.763
2/4/1989,676.773
2/5/1989,668.278
2/6/1989,673.941
2/7/1989,668.278
2/8/1989,671.109
2/9/1989,676.773
2/10/1989,688.099
2/11/1989,679.604
2/12/1989,676.773
2/13/1989,659.783
2/14/1989,676.773
2/15/1989,651.287
2/16/1989,682.436
2/17/1989,651.287
2/18/1989,676.773
2/19/1989,648.456
2/20/1989,659.783
2/21/1989,620.139
2/22/1989,620.139
2/23/1989,634.297
2/24/1989,600.317
2/25/1989,557.842
2/26/1989,495.545
2/27/1989,444.574
2/28/1989,444.574
3/1/1989,450.238
3/2/1989,455.901
3/3/1989,427.584
3/4/1989,447.406
3/5/1989,441.743
3/6/1989,436.079
3/7/1989,433.248
3/8/1989,436.079
3/9/1989,436.079
3/10/1989,424.753
3/11/1989,450.238
3/12/1989,441.743
3/13/1989,458.733
3/14/1989,509.703
3/15/1989,475.723
3/16/1989,498.377
3/17/1989,489.881
3/18/1989,478.555
3/19/1989,492.713
3/20/1989,495.545
3/21/1989,498.377
3/22/1989,504.04
3/23/1989,464.396
3/24/1989,501.208
3/25/1989,464.396
3/26/1989,424.753
3/27/1989,419.089
3/28/1989,430.416
3/29/1989,436.079
3/30/1989,424.753
3/31/1989,433.248
4/1/1989,424.753
4/2/1989,453.07
4/3/1989,421.921
4/4/1989,416.258
4/5/1989,444.574
4/6/1989,419.089
4/7/1989,419.089
4/8/1989,385.109
4/9/1989,410.594
4/10/1989,387.941
4/11/1989,424.753
4/12/1989,393.604
4/13/1989,396.436
4/14/1989,399.268
4/15/1989,396.436
4/16/1989,444.574
4/17/1989,512.535
4/18/1989,509.703
4/19/1989,504.04
4/20/1989,478.555
4/21/1989,484.218
4/22/1989,464.396
4/23/1989,455.901
4/24/1989,487.05
4/25/1989,504.04
4/26/1989,481.386
4/27/1989,484.218
4/28/1989,467.228
4/29/1989,470.06
4/30/1989,475.723
5/1/1989,438.911
5/2/1989,509.703
5/3/1989,506.872
5/4/1989,506.872
5/5/1989,543.683
5/6/1989,532.357
5/7/1989,532.357
5/8/1989,560.674
5/9/1989,555.01
5/10/1989,560.674
5/11/1989,563.505
5/12/1989,557.842
5/13/1989,569.169
5/14/1989,540.852
5/15/1989,560.674
5/16/1989,628.634
5/17/1989,617.307
5/18/1989,622.971
5/19/1989,622.971
5/20/1989,634.297
5/21/1989,634.297
5/22/1989,634.297
5/23/1989,637.129
5/24/1989,637.129
5/25/1989,631.466
5/26/1989,639.961
5/27/1989,631.466
5/28/1989,642.792
5/29/1989,642.792
5/30/1989,634.297
5/31/1989,639.961
6/1/1989,637.129
6/2/1989,634.297
6/3/1989,634.297
6/4/1989,637.129
6/5/1989,642.792
6/6/1989,639.961
6/7/1989,634.297
6/8/1989,639.961
6/9/1989,634.297
6/10/1989,628.634
6/11/1989,634.297
6/12/1989,637.129
6/13/1989,634.297
6/14/1989,631.466
6/15/1989,631.466
6/16/1989,631.466
6/17/1989,634.297
6/18/1989,634.297
6/19/1989,634.297
6/20/1989,628.634
6/21/1989,637.129
6/22/1989,637.129
6/23/1989,637.129
6/24/1989,631.466
6/25/1989,631.466
6/26/1989,631.466
6/27/1989,637.129
6/28/1989,625.802
6/29/1989,634.297
6/30/1989,637.129
7/1/1989,634.297
7/2/1989,631.466
7/3/1989,637.129
7/4/1989,634.297
7/5/1989,634.297
7/6/1989,622.971
7/7/1989,637.129
7/8/1989,634.297
7/9/1989,634.297
7/10/1989,637.129
7/11/1989,628.634
7/12/1989,637.129
7/13/1989,637.129
7/14/1989,625.802
7/15/1989,639.961
7/16/1989,642.792
7/17/1989,639.961
7/18/1989,631.466
7/19/1989,631.466
7/20/1989,642.792
7/21/1989,631.466
7/22/1989,637.129
7/23/1989,631.466
7/24/1989,631.466
7/25/1989,634.297
7/26/1989,637.129
7/27/1989,637.129
7/28/1989,637.129
7/29/1989,631.466
7/30/1989,637.129
7/31/1989,637.129
8/1/1989,642.792
8/2/1989,639.961
8/3/1989,642.792
8/4/1989,639.961
8/5/1989,637.129
8/6/1989,637.129
8/7/1989,634.297
8/8/1989,634.297
8/9/1989,628.634
8/10/1989,639.961
8/11/1989,634.297
8/12/1989,637.129
8/13/1989,625.802
8/14/1989,620.139
8/15/1989,637.129
8/16/1989,637.129
8/17/1989,611.644
8/18/1989,614.476
8/19/1989,614.476
8/20/1989,614.476
8/21/1989,614.476
8/22/1989,614.476
8/23/1989,620.139
8/24/1989,620.139
8/25/1989,611.644
8/26/1989,600.317
8/27/1989,605.981
8/28/1989,594.654
8/29/1989,597.485
8/30/1989,543.683
8/31/1989,512.535
9/1/1989,509.703
9/2/1989,495.545
9/3/1989,489.881
9/4/1989,450.238
9/5/1989,419.089
9/6/1989,427.584
9/7/1989,407.763
9/8/1989,390.772
9/9/1989,427.584
9/10/1989,410.594
9/11/1989,407.763
9/12/1989,413.426
9/13/1989,407.763
9/14/1989,410.594
9/15/1989,353.961
9/16/1989,334.139
9/17/1989,336.97
9/18/1989,291.664
9/19/1989,286
9/20/1989,302.99
9/21/1989,308.654
9/22/1989,300.159
9/23/1989,308.654
9/24/1989,302.99
9/25/1989,302.99
9/26/1989,294.495
9/27/1989,294.495
9/28/1989,291.664
9/29/1989,300.159
9/30/1989,317.149
10/1/1989,302.99
10/2/1989,302.99
10/3/1989,291.664
10/4/1989,308.654
10/5/1989,305.822
10/6/1989,302.99
10/7/1989,302.99
10/8/1989,300.159
10/9/1989,302.99
10/10/1989,300.159
10/11/1989,305.822
10/12/1989,314.317
10/13/1989,319.98
10/14/1989,314.317
10/15/1989,325.644
10/16/1989,288.832
10/17/1989,308.654
10/18/1989,300.159
10/19/1989,300.159
10/20/1989,294.495
10/21/1989,294.495
10/22/1989,294.495
10/23/1989,342.634
10/24/1989,305.822
10/25/1989,305.822
10/26/1989,302.99
10/27/1989,305.822
10/28/1989,302.99
10/29/1989,294.495
10/30/1989,373.782
10/31/1989,416.258
11/1/1989,424.753
11/2/1989,461.565
11/3/1989,487.05
11/4/1989,475.723
11/5/1989,481.386
11/6/1989,489.881
11/7/1989,492.713
11/8/1989,478.555
11/9/1989,512.535
11/10/1989,487.05
11/11/1989,498.377
11/12/1989,481.386
11/13/1989,526.693
11/14/1989,557.842
11/15/1989,594.654
11/16/1989,574.832
11/17/1989,588.99
11/18/1989,583.327
11/19/1989,560.674
11/20/1989,563.505
11/21/1989,563.505
11/22/1989,572
11/23/1989,597.485
11/24/1989,569.169
11/25/1989,580.495
11/26/1989,583.327
11/27/1989,588.99
11/28/1989,594.654
11/29/1989,588.99
11/30/1989,591.822
12/1/1989,577.664
12/2/1989,580.495
12/3/1989,577.664
12/4/1989,577.664
12/5/1989,577.664
12/6/1989,583.327
12/7/1989,580.495
12/8/1989,580.495
12/9/1989,532.357
12/10/1989,509.703
12/11/1989,518.198
12/12/1989,518.198
12/13/1989,518.198
12/14/1989,518.198
12/15/1989,504.04
12/16/1989,526.693
12/17/1989,532.357
12/18/1989,546.515
12/19/1989,540.852
12/20/1989,538.02
12/21/1989,560.674
12/22/1989,560.674
12/23/1989,580.495
12/24/1989,569.169
12/25/1989,591.822
12/26/1989,600.317
12/27/1989,603.149
12/28/1989,603.149
12/29/1989,611.644
12/30/1989,631.466
12/31/1989,631.466
1/1/1990,628.634
1/2/1990,656.951
1/3/1990,662.614
1/4/1990,682.436
1/5/1990,693.763
1/6/1990,688.099
1/7/1990,702.258
1/8/1990,716.416
1/9/1990,716.416
1/10/1990,713.585
1/11/1990,713.585
1/12/1990,634.297
1/13/1990,617.307
1/14/1990,719.248
1/15/1990,713.585
1/16/1990,713.585
1/17/1990,710.753
1/18/1990,719.248
1/19/1990,710.753
1/20/1990,722.08
1/21/1990,713.585
1/22/1990,716.416
1/23/1990,707.921
1/24/1990,719.248
1/25/1990,719.248
1/26/1990,710.753
1/27/1990,713.585
1/28/1990,724.911
1/29/1990,563.505
1/30/1990,566.337
1/31/1990,572
2/1/1990,569.169
2/2/1990,574.832
2/3/1990,557.842
2/4/1990,563.505
2/5/1990,489.881
2/6/1990,501.208
2/7/1990,515.367
2/8/1990,521.03
2/9/1990,546.515
2/10/1990,557.842
2/11/1990,489.881
2/12/1990,492.713
2/13/1990,492.713
2/14/1990,506.872
2/15/1990,501.208
2/16/1990,506.872
2/17/1990,529.525
2/18/1990,532.357
2/19/1990,560.674
2/20/1990,563.505
2/21/1990,597.485
2/22/1990,611.644
2/23/1990,605.981
2/24/1990,603.149
2/25/1990,588.99
2/26/1990,591.822
2/27/1990,597.485
2/28/1990,583.327
3/1/1990,594.654
3/2/1990,588.99
3/3/1990,563.505
3/4/1990,509.703
3/5/1990,455.901
3/6/1990,455.901
3/7/1990,447.406
3/8/1990,433.248
3/9/1990,416.258
3/10/1990,419.089
3/11/1990,393.604
3/12/1990,393.604
3/13/1990,396.436
3/14/1990,399.268
3/15/1990,402.099
3/16/1990,393.604
3/17/1990,393.604
3/18/1990,393.604
3/19/1990,410.594
3/20/1990,399.268
3/21/1990,396.436
3/22/1990,413.426
3/23/1990,393.604
3/24/1990,396.436
3/25/1990,390.772
3/26/1990,399.268
3/27/1990,393.604
3/28/1990,402.099
3/29/1990,407.763
3/30/1990,382.277
3/31/1990,404.931
4/1/1990,413.426
4/2/1990,399.268
4/3/1990,387.941
4/4/1990,441.743
4/5/1990,509.703
4/6/1990,501.208
4/7/1990,521.03
4/8/1990,512.535
4/9/1990,509.703
4/10/1990,523.862
4/11/1990,504.04
4/12/1990,512.535
4/13/1990,523.862
4/14/1990,512.535
4/15/1990,515.367
4/16/1990,526.693
4/17/1990,518.198
4/18/1990,512.535
4/19/1990,506.872
4/20/1990,512.535
4/21/1990,509.703
4/22/1990,518.198
4/23/1990,515.367
4/24/1990,506.872
4/25/1990,504.04
4/26/1990,515.367
4/27/1990,518.198
4/28/1990,515.367
4/29/1990,518.198
4/30/1990,523.862
5/1/1990,509.703
5/2/1990,515.367
5/3/1990,518.198
5/4/1990,526.693
5/5/1990,532.357
5/6/1990,509.703
5/7/1990,515.367
5/8/1990,512.535
5/9/1990,535.188
5/10/1990,518.198
5/11/1990,515.367
5/12/1990,523.862
5/13/1990,515.367
5/14/1990,509.703
5/15/1990,518.198
5/16/1990,506.872
5/17/1990,512.535
5/18/1990,574.832
5/19/1990,572
5/20/1990,574.832
5/21/1990,569.169
5/22/1990,577.664
5/23/1990,572
5/24/1990,577.664
5/25/1990,572
5/26/1990,572
5/27/1990,574.832
5/28/1990,574.832
5/29/1990,574.832
5/30/1990,580.495
5/31/1990,577.664
6/1/1990,574.832
6/2/1990,569.169
6/3/1990,580.495
6/4/1990,580.495
6/5/1990,572
6/6/1990,574.832
6/7/1990,572
6/8/1990,572
6/9/1990,569.169
6/10/1990,572
6/11/1990,574.832
6/12/1990,572
6/13/1990,572
6/14/1990,574.832
6/15/1990,572
6/16/1990,572
6/17/1990,566.337
6/18/1990,574.832
6/19/1990,569.169
6/20/1990,569.169
6/21/1990,572
6/22/1990,569.169
6/23/1990,569.169
6/24/1990,566.337
6/25/1990,572
6/26/1990,572
6/27/1990,566.337
6/28/1990,566.337
6/29/1990,569.169
6/30/1990,569.169
7/1/1990,552.179
7/2/1990,572
7/3/1990,560.674
7/4/1990,566.337
7/5/1990,569.169
7/6/1990,563.505
7/7/1990,563.505
7/8/1990,557.842
7/9/1990,560.674
7/10/1990,566.337
7/11/1990,566.337
7/12/1990,569.169
7/13/1990,557.842
7/14/1990,566.337
7/15/1990,555.01
7/16/1990,555.01
7/17/1990,560.674
7/18/1990,563.505
7/19/1990,557.842
7/20/1990,560.674
7/21/1990,557.842
7/22/1990,552.179
7/23/1990,566.337
7/24/1990,569.169
7/25/1990,569.169
7/26/1990,560.674
7/27/1990,563.505
7/28/1990,521.03
7/29/1990,540.852
7/30/1990,526.693
7/31/1990,521.03
8/1/1990,535.188
8/2/1990,532.357
8/3/1990,529.525
8/4/1990,501.208
8/5/1990,501.208
8/6/1990,509.703
8/7/1990,512.535
8/8/1990,521.03
8/9/1990,512.535
8/10/1990,506.872
8/11/1990,512.535
8/12/1990,504.04
8/13/1990,523.862
8/14/1990,518.198
8/15/1990,512.535
8/16/1990,515.367
8/17/1990,512.535
8/18/1990,518.198
8/19/1990,506.872
8/20/1990,515.367
8/21/1990,504.04
8/22/1990,504.04
8/23/1990,521.03
8/24/1990,526.693
8/25/1990,498.377
8/26/1990,501.208
8/27/1990,540.852
8/28/1990,518.198
8/29/1990,509.703
8/30/1990,515.367
8/31/1990,512.535
9/1/1990,518.198
9/2/1990,515.367
9/3/1990,518.198
9/4/1990,430.416
9/5/1990,356.792
9/6/1990,311.485
9/7/1990,297.327
9/8/1990,305.822
9/9/1990,269.01
9/10/1990,283.168
9/11/1990,300.159
9/12/1990,274.673
9/13/1990,274.673
9/14/1990,283.168
9/15/1990,274.673
9/16/1990,274.673
9/17/1990,274.673
9/18/1990,280.337
9/19/1990,269.01
9/20/1990,266.178
9/21/1990,269.01
9/22/1990,277.505
9/23/1990,266.178
9/24/1990,280.337
9/25/1990,280.337
9/26/1990,286
9/27/1990,280.337
9/28/1990,280.337
9/29/1990,271.842
9/30/1990,269.01
10/1/1990,271.842
10/2/1990,271.842
10/3/1990,277.505
10/4/1990,280.337
10/5/1990,271.842
10/6/1990,294.495
10/7/1990,286
10/8/1990,297.327
10/9/1990,291.664
10/10/1990,294.495
10/11/1990,280.337
10/12/1990,280.337
10/13/1990,286
10/14/1990,280.337
10/15/1990,269.01
10/16/1990,288.832
10/17/1990,294.495
10/18/1990,280.337
10/19/1990,260.515
10/20/1990,269.01
10/21/1990,260.515
10/22/1990,283.168
10/23/1990,300.159
10/24/1990,291.664
10/25/1990,291.664
10/26/1990,288.832
10/27/1990,280.337
10/28/1990,274.673
10/29/1990,291.664
10/30/1990,291.664
10/31/1990,291.664
11/1/1990,294.495
11/2/1990,274.673
11/3/1990,263.347
11/4/1990,291.664
11/5/1990,461.565
11/6/1990,464.396
11/7/1990,286
11/8/1990,277.505
11/9/1990,277.505
11/10/1990,283.168
11/11/1990,300.159
11/12/1990,297.327
11/13/1990,294.495
11/14/1990,288.832
11/15/1990,300.159
11/16/1990,288.832
11/17/1990,288.832
11/18/1990,291.664
11/19/1990,286
11/20/1990,302.99
11/21/1990,294.495
11/22/1990,286
11/23/1990,294.495
11/24/1990,297.327
11/25/1990,294.495
11/26/1990,353.961
11/27/1990,385.109
11/28/1990,433.248
11/29/1990,498.377
11/30/1990,492.713
12/1/1990,512.535
12/2/1990,487.05
12/3/1990,492.713
12/4/1990,498.377
12/5/1990,498.377
12/6/1990,489.881
12/7/1990,489.881
12/8/1990,475.723
12/9/1990,495.545
12/10/1990,472.891
12/11/1990,481.386
12/12/1990,481.386
12/13/1990,489.881
12/14/1990,472.891
12/15/1990,478.555
12/16/1990,487.05
12/17/1990,481.386
12/18/1990,492.713
12/19/1990,489.881
12/20/1990,495.545
12/21/1990,495.545
12/22/1990,478.555
12/23/1990,484.218
12/24/1990,489.881
12/25/1990,484.218
12/26/1990,492.713
12/27/1990,492.713
12/28/1990,495.545
12/29/1990,498.377
12/30/1990,484.218
12/31/1990,487.05
1/1/1991,487.05
1/2/1991,538.02
1/3/1991,532.357
1/4/1991,523.862
1/5/1991,555.01
1/6/1991,563.505
1/7/1991,569.169
1/8/1991,594.654
1/9/1991,597.485
1/10/1991,594.654
1/11/1991,600.317
1/12/1991,600.317
1/13/1991,577.664
1/14/1991,591.822
1/15/1991,594.654
1/16/1991,588.99
1/17/1991,586.159
1/18/1991,594.654
1/19/1991,603.149
1/20/1991,591.822
1/21/1991,591.822
1/22/1991,600.317
1/23/1991,594.654
1/24/1991,594.654
1/25/1991,597.485
1/26/1991,594.654
1/27/1991,597.485
1/28/1991,603.149
1/29/1991,608.812
1/30/1991,594.654
1/31/1991,597.485
2/1/1991,597.485
2/2/1991,597.485
2/3/1991,586.159
2/4/1991,583.327
2/5/1991,591.822
2/6/1991,591.822
2/7/1991,594.654
2/8/1991,594.654
2/9/1991,588.99
2/10/1991,594.654
2/11/1991,597.485
2/12/1991,603.149
2/13/1991,603.149
2/14/1991,600.317
2/15/1991,591.822
2/16/1991,586.159
2/17/1991,591.822
2/18/1991,597.485
2/19/1991,591.822
2/20/1991,597.485
2/21/1991,600.317
2/22/1991,597.485
2/23/1991,608.812
2/24/1991,605.981
2/25/1991,600.317
2/26/1991,597.485
2/27/1991,603.149
2/28/1991,605.981
3/1/1991,535.188
3/2/1991,492.713
3/3/1991,481.386
3/4/1991,549.347
3/5/1991,407.763
3/6/1991,353.961
3/7/1991,365.287
3/8/1991,359.624
3/9/1991,376.614
3/10/1991,373.782
3/11/1991,353.961
3/12/1991,353.961
3/13/1991,365.287
3/14/1991,365.287
3/15/1991,368.119
3/16/1991,351.129
3/17/1991,342.634
3/18/1991,305.822
3/19/1991,305.822
3/20/1991,297.327
3/21/1991,286
3/22/1991,302.99
3/23/1991,291.664
3/24/1991,300.159
3/25/1991,291.664
3/26/1991,302.99
3/27/1991,300.159
3/28/1991,297.327
3/29/1991,302.99
3/30/1991,308.654
3/31/1991,305.822
4/1/1991,325.644
4/2/1991,297.327
4/3/1991,300.159
4/4/1991,291.664
4/5/1991,294.495
4/6/1991,291.664
4/7/1991,305.822
4/8/1991,297.327
4/9/1991,291.664
4/10/1991,288.832
4/11/1991,302.99
4/12/1991,481.386
4/13/1991,651.287
4/14/1991,821.189
4/15/1991,821.189
4/16/1991,821.189
4/17/1991,821.189
4/18/1991,818.357
4/19/1991,639.961
4/20/1991,540.852
4/21/1991,549.347
4/22/1991,543.683
4/23/1991,540.852
4/24/1991,478.555
4/25/1991,455.901
4/26/1991,461.565
4/27/1991,467.228
4/28/1991,464.396
4/29/1991,540.852
4/30/1991,552.179
5/1/1991,625.802
5/2/1991,611.644
5/3/1991,617.307
5/4/1991,549.347
5/5/1991,552.179
5/6/1991,566.337
5/7/1991,518.198
5/8/1991,521.03
5/9/1991,512.535
5/10/1991,526.693
5/11/1991,521.03
5/12/1991,549.347
5/13/1991,543.683
5/14/1991,523.862
5/15/1991,535.188
5/16/1991,532.357
5/17/1991,563.505
5/18/1991,552.179
5/19/1991,552.179
5/20/1991,557.842
5/21/1991,549.347
5/22/1991,538.02
5/23/1991,543.683
5/24/1991,549.347
5/25/1991,549.347
5/26/1991,555.01
5/27/1991,549.347
5/28/1991,552.179
5/29/1991,535.188
5/30/1991,549.347
5/31/1991,555.01
6/1/1991,552.179
6/2/1991,543.683
6/3/1991,557.842
6/4/1991,540.852
6/5/1991,546.515
6/6/1991,543.683
6/7/1991,540.852
6/8/1991,543.683
6/9/1991,546.515
6/10/1991,546.515
6/11/1991,543.683
6/12/1991,552.179
6/13/1991,515.367
6/14/1991,543.683
6/15/1991,526.693
6/16/1991,549.347
6/17/1991,552.179
6/18/1991,555.01
6/19/1991,557.842
6/20/1991,546.515
6/21/1991,546.515
6/22/1991,535.188
6/23/1991,535.188
6/24/1991,543.683
6/25/1991,546.515
6/26/1991,540.852
6/27/1991,546.515
6/28/1991,546.515
6/29/1991,535.188
6/30/1991,535.188
7/1/1991,535.188
7/2/1991,540.852
7/3/1991,546.515
7/4/1991,552.179
7/5/1991,555.01
7/6/1991,549.347
7/7/1991,538.02
7/8/1991,538.02
7/9/1991,557.842
7/10/1991,546.515
7/11/1991,546.515
7/12/1991,549.347
7/13/1991,540.852
7/14/1991,543.683
7/15/1991,555.01
7/16/1991,549.347
7/17/1991,557.842
7/18/1991,546.515
7/19/1991,543.683
7/20/1991,543.683
7/21/1991,552.179
7/22/1991,549.347
7/23/1991,543.683
7/24/1991,543.683
7/25/1991,549.347
7/26/1991,549.347
7/27/1991,538.02
7/28/1991,538.02
7/29/1991,543.683
7/30/1991,549.347
7/31/1991,546.515
8/1/1991,552.179
8/2/1991,549.347
8/3/1991,555.01
8/4/1991,540.852
8/5/1991,546.515
8/6/1991,552.179
8/7/1991,549.347
8/8/1991,560.674
8/9/1991,549.347
8/10/1991,560.674
8/11/1991,563.505
8/12/1991,552.179
8/13/1991,549.347
8/14/1991,549.347
8/15/1991,549.347
8/16/1991,555.01
8/17/1991,546.515
8/18/1991,549.347
8/19/1991,563.505
8/20/1991,549.347
8/21/1991,566.337
8/22/1991,549.347
8/23/1991,538.02
8/24/1991,538.02
8/25/1991,532.357
8/26/1991,526.693
8/27/1991,535.188
8/28/1991,521.03
8/29/1991,512.535
8/30/1991,546.515
8/31/1991,518.198
9/1/1991,538.02
9/2/1991,521.03
9/3/1991,509.703
9/4/1991,535.188
9/5/1991,489.881
9/6/1991,518.198
9/7/1991,509.703
9/8/1991,509.703
9/9/1991,512.535
9/10/1991,509.703
9/11/1991,455.901
9/12/1991,365.287
9/13/1991,382.277
9/14/1991,359.624
9/15/1991,385.109
9/16/1991,365.287
9/17/1991,362.456
9/18/1991,308.654
9/19/1991,297.327
9/20/1991,274.673
9/21/1991,294.495
9/22/1991,288.832
9/23/1991,291.664
9/24/1991,283.168
9/25/1991,288.832
9/26/1991,291.664
9/27/1991,286
9/28/1991,277.505
9/29/1991,280.337
9/30/1991,390.772
10/1/1991,382.277
10/2/1991,382.277
10/3/1991,373.782
10/4/1991,362.456
10/5/1991,370.951
10/6/1991,365.287
10/7/1991,353.961
10/8/1991,342.634
10/9/1991,376.614
10/10/1991,365.287
10/11/1991,382.277
10/12/1991,390.772
10/13/1991,379.446
10/14/1991,359.624
10/15/1991,390.772
10/16/1991,393.604
10/17/1991,396.436
10/18/1991,458.733
10/19/1991,453.07
10/20/1991,373.782
10/21/1991,376.614
10/22/1991,379.446
10/23/1991,370.951
10/24/1991,387.941
10/25/1991,382.277
10/26/1991,322.812
10/27/1991,305.822
10/28/1991,365.287
10/29/1991,288.832
10/30/1991,370.951
10/31/1991,365.287
11/1/1991,339.802
11/2/1991,334.139
11/3/1991,291.664
11/4/1991,305.822
11/5/1991,390.772
11/6/1991,376.614
11/7/1991,365.287
11/8/1991,339.802
11/9/1991,342.634
11/10/1991,328.475
11/11/1991,351.129
11/12/1991,339.802
11/13/1991,339.802
11/14/1991,356.792
11/15/1991,328.475
11/16/1991,356.792
11/17/1991,359.624
11/18/1991,348.297
11/19/1991,368.119
11/20/1991,351.129
11/21/1991,438.911
11/22/1991,441.743
11/23/1991,509.703
11/24/1991,509.703
11/25/1991,509.703
11/26/1991,495.545
11/27/1991,549.347
11/28/1991,552.179
11/29/1991,546.515
11/30/1991,563.505
12/1/1991,543.683
12/2/1991,540.852
12/3/1991,532.357
12/4/1991,538.02
12/5/1991,526.693
12/6/1991,529.525
12/7/1991,543.683
12/8/1991,555.01
12/9/1991,523.862
12/10/1991,557.842
12/11/1991,512.535
12/12/1991,535.188
12/13/1991,509.703
12/14/1991,504.04
12/15/1991,504.04
12/16/1991,495.545
12/17/1991,509.703
12/18/1991,506.872
12/19/1991,498.377
12/20/1991,506.872
12/21/1991,521.03
12/22/1991,526.693
12/23/1991,540.852
12/24/1991,549.347
12/25/1991,574.832
12/26/1991,555.01
12/27/1991,557.842
12/28/1991,574.832
12/29/1991,580.495
12/30/1991,566.337
12/31/1991,569.169
1/1/1992,580.495
1/2/1992,577.664
1/3/1992,591.822
1/4/1992,597.485
1/5/1992,588.99
1/6/1992,597.485
1/7/1992,603.149
1/8/1992,620.139
1/9/1992,631.466
1/10/1992,628.634
1/11/1992,628.634
1/12/1992,625.802
1/13/1992,645.624
1/14/1992,648.456
1/15/1992,651.287
1/16/1992,651.287
1/17/1992,648.456
1/18/1992,651.287
1/19/1992,645.624
1/20/1992,648.456
1/21/1992,651.287
1/22/1992,651.287
1/23/1992,648.456
1/24/1992,654.119
1/25/1992,648.456
1/26/1992,648.456
1/27/1992,659.783
1/28/1992,645.624
1/29/1992,645.624
1/30/1992,648.456
1/31/1992,654.119
2/1/1992,665.446
2/2/1992,648.456
2/3/1992,625.802
2/4/1992,628.634
2/5/1992,591.822
2/6/1992,566.337
2/7/1992,577.664
2/8/1992,583.327
2/9/1992,586.159
2/10/1992,577.664
2/11/1992,557.842
2/12/1992,569.169
2/13/1992,549.347
2/14/1992,566.337
2/15/1992,566.337
2/16/1992,557.842
2/17/1992,552.179
2/18/1992,563.505
2/19/1992,580.495
2/20/1992,569.169
2/21/1992,560.674
2/22/1992,574.832
2/23/1992,572
2/24/1992,572
2/25/1992,555.01
2/26/1992,560.674
2/27/1992,557.842
2/28/1992,569.169
2/29/1992,540.852
3/1/1992,478.555
3/2/1992,436.079
3/3/1992,345.466
3/4/1992,274.673
3/5/1992,274.673
3/6/1992,277.505
3/7/1992,271.842
3/8/1992,512.535
3/9/1992,283.168
3/10/1992,311.485
3/11/1992,305.822
3/12/1992,365.287
3/13/1992,365.287
3/14/1992,353.961
3/15/1992,345.466
3/16/1992,353.961
3/17/1992,370.951
3/18/1992,370.951
3/19/1992,370.951
3/20/1992,368.119
3/21/1992,359.624
3/22/1992,373.782
3/23/1992,368.119
3/24/1992,385.109
3/25/1992,376.614
3/26/1992,390.772
3/27/1992,365.287
3/28/1992,368.119
3/29/1992,385.109
3/30/1992,424.753
3/31/1992,450.238
4/1/1992,461.565
4/2/1992,472.891
4/3/1992,472.891
4/4/1992,478.555
4/5/1992,478.555
4/6/1992,453.07
4/7/1992,464.396
4/8/1992,424.753
4/9/1992,410.594
4/10/1992,404.931
4/11/1992,430.416
4/12/1992,436.079
4/13/1992,470.06
4/14/1992,455.901
4/15/1992,450.238
4/16/1992,461.565
4/17/1992,453.07
4/18/1992,450.238
4/19/1992,433.248
4/20/1992,484.218
4/21/1992,487.05
4/22/1992,481.386
4/23/1992,475.723
4/24/1992,481.386
4/25/1992,495.545
4/26/1992,492.713
4/27/1992,495.545
4/28/1992,506.872
4/29/1992,489.881
4/30/1992,489.881
5/1/1992,501.208
5/2/1992,540.852
5/3/1992,538.02
5/4/1992,538.02
5/5/1992,538.02
5/6/1992,526.693
5/7/1992,512.535
5/8/1992,552.179
5/9/1992,543.683
5/10/1992,546.515
5/11/1992,557.842
5/12/1992,540.852
5/13/1992,566.337
5/14/1992,555.01
5/15/1992,555.01
5/16/1992,540.852
5/17/1992,535.188
5/18/1992,540.852
5/19/1992,549.347
5/20/1992,555.01
5/21/1992,549.347
5/22/1992,555.01
5/23/1992,546.515
5/24/1992,560.674
5/25/1992,557.842
5/26/1992,557.842
5/27/1992,563.505
5/28/1992,555.01
5/29/1992,552.179
5/30/1992,546.515
5/31/1992,543.683
6/1/1992,552.179
6/2/1992,546.515
6/3/1992,543.683
6/4/1992,555.01
6/5/1992,555.01
6/6/1992,555.01
6/7/1992,546.515
6/8/1992,555.01
6/9/1992,546.515
6/10/1992,555.01
6/11/1992,546.515
6/12/1992,549.347
6/13/1992,563.505
6/14/1992,549.347
6/15/1992,538.02
6/16/1992,546.515
6/17/1992,555.01
6/18/1992,543.683
6/19/1992,557.842
6/20/1992,552.179
6/21/1992,555.01
6/22/1992,549.347
6/23/1992,555.01
6/24/1992,552.179
6/25/1992,546.515
6/26/1992,552.179
6/27/1992,540.852
6/28/1992,540.852
6/29/1992,552.179
6/30/1992,546.515
7/1/1992,557.842
7/2/1992,552.179
7/3/1992,546.515
7/4/1992,543.683
7/5/1992,546.515
7/6/1992,538.02
7/7/1992,543.683
7/8/1992,546.515
7/9/1992,540.852
7/10/1992,543.683
7/11/1992,546.515
7/12/1992,546.515
7/13/1992,543.683
7/14/1992,538.02
7/15/1992,538.02
7/16/1992,538.02
7/17/1992,546.515
7/18/1992,549.347
7/19/1992,549.347
7/20/1992,546.515
7/21/1992,543.683
7/22/1992,543.683
7/23/1992,540.852
7/24/1992,543.683
7/25/1992,543.683
7/26/1992,540.852
7/27/1992,549.347
7/28/1992,538.02
7/29/1992,552.179
7/30/1992,546.515
7/31/1992,552.179
8/1/1992,535.188
8/2/1992,515.367
8/3/1992,509.703
8/4/1992,526.693
8/5/1992,518.198
8/6/1992,518.198
8/7/1992,509.703
8/8/1992,523.862
8/9/1992,518.198
8/10/1992,521.03
8/11/1992,515.367
8/12/1992,515.367
8/13/1992,509.703
8/14/1992,523.862
8/15/1992,512.535
8/16/1992,506.872
8/17/1992,518.198
8/18/1992,504.04
8/19/1992,506.872
8/20/1992,512.535
8/21/1992,512.535
8/22/1992,509.703
8/23/1992,504.04
8/24/1992,512.535
8/25/1992,509.703
8/26/1992,512.535
8/27/1992,495.545
8/28/1992,501.208
8/29/1992,512.535
8/30/1992,501.208
8/31/1992,518.198
9/1/1992,501.208
9/2/1992,509.703
9/3/1992,504.04
9/4/1992,512.535
9/5/1992,518.198
9/6/1992,280.337
9/7/1992,506.872
9/8/1992,518.198
9/9/1992,506.872
9/10/1992,498.377
9/11/1992,515.367
9/12/1992,512.535
9/13/1992,441.743
9/14/1992,345.466
9/15/1992,294.495
9/16/1992,288.832
9/17/1992,291.664
9/18/1992,294.495
9/19/1992,283.168
9/20/1992,277.505
9/21/1992,288.832
9/22/1992,286
9/23/1992,283.168
9/24/1992,280.337
9/25/1992,297.327
9/26/1992,288.832
9/27/1992,291.664
9/28/1992,280.337
9/29/1992,300.159
9/30/1992,288.832
10/1/1992,286
10/2/1992,294.495
10/3/1992,297.327
10/4/1992,274.673
10/5/1992,288.832
10/6/1992,294.495
10/7/1992,291.664
10/8/1992,300.159
10/9/1992,274.673
10/10/1992,263.347
10/11/1992,269.01
10/12/1992,271.842
10/13/1992,280.337
10/14/1992,280.337
10/15/1992,283.168
10/16/1992,263.347
10/17/1992,300.159
10/18/1992,288.832
10/19/1992,280.337
10/20/1992,271.842
10/21/1992,280.337
10/22/1992,280.337
10/23/1992,277.505
10/24/1992,280.337
10/25/1992,286
10/26/1992,286
10/27/1992,294.495
10/28/1992,277.505
10/29/1992,280.337
10/30/1992,269.01
10/31/1992,274.673
11/1/1992,277.505
11/2/1992,283.168
11/3/1992,274.673
11/4/1992,286
11/5/1992,271.842
11/6/1992,291.664
11/7/1992,280.337
11/8/1992,288.832
11/9/1992,277.505
11/10/1992,288.832
11/11/1992,271.842
11/12/1992,277.505
11/13/1992,291.664
11/14/1992,291.664
11/15/1992,294.495
11/16/1992,300.159
11/17/1992,266.178
11/18/1992,300.159
11/19/1992,300.159
11/20/1992,277.505
11/21/1992,280.337
11/22/1992,283.168
11/23/1992,277.505
11/24/1992,283.168
11/25/1992,274.673
11/26/1992,283.168
11/27/1992,274.673
11/28/1992,288.832
11/29/1992,271.842
11/30/1992,376.614
12/1/1992,453.07
12/2/1992,518.198
12/3/1992,509.703
12/4/1992,532.357
12/5/1992,518.198
12/6/1992,529.525
12/7/1992,521.03
12/8/1992,521.03
12/9/1992,521.03
12/10/1992,521.03
12/11/1992,523.862
12/12/1992,532.357
12/13/1992,521.03
12/14/1992,535.188
12/15/1992,535.188
12/16/1992,529.525
12/17/1992,523.862
12/18/1992,540.852
12/19/1992,532.357
12/20/1992,515.367
12/21/1992,526.693
12/22/1992,487.05
12/23/1992,495.545
12/24/1992,487.05
12/25/1992,484.218
12/26/1992,515.367
12/27/1992,521.03
12/28/1992,504.04
12/29/1992,518.198
12/30/1992,515.367
12/31/1992,515.367
1/1/1993,529.525
1/2/1993,512.535
1/3/1993,515.367
1/4/1993,521.03
1/5/1993,535.188
1/6/1993,526.693
1/7/1993,515.367
1/8/1993,526.693
1/9/1993,526.693
1/10/1993,526.693
1/11/1993,543.683
1/12/1993,549.347
1/13/1993,560.674
1/14/1993,546.515
1/15/1993,538.02
1/16/1993,523.862
1/17/1993,540.852
1/18/1993,543.683
1/19/1993,532.357
1/20/1993,535.188
1/21/1993,543.683
1/22/1993,543.683
1/23/1993,546.515
1/24/1993,529.525
1/25/1993,540.852
1/26/1993,538.02
1/27/1993,552.179
1/28/1993,543.683
1/29/1993,540.852
1/30/1993,489.881
1/31/1993,521.03
2/1/1993,509.703
2/2/1993,484.218
2/3/1993,450.238
2/4/1993,458.733
2/5/1993,436.079
2/6/1993,424.753
2/7/1993,396.436
2/8/1993,399.268
2/9/1993,382.277
2/10/1993,396.436
2/11/1993,402.099
2/12/1993,410.594
2/13/1993,399.268
2/14/1993,419.089
2/15/1993,402.099
2/16/1993,407.763
2/17/1993,356.792
2/18/1993,359.624
2/19/1993,362.456
2/20/1993,353.961
2/21/1993,351.129
2/22/1993,348.297
2/23/1993,334.139
2/24/1993,339.802
2/25/1993,342.634
2/26/1993,342.634
2/27/1993,311.485
2/28/1993,319.98
3/1/1993,317.149
3/2/1993,283.168
3/3/1993,271.842
3/4/1993,291.664
3/5/1993,291.664
3/6/1993,328.475
3/7/1993,334.139
3/8/1993,328.475
3/9/1993,302.99
3/10/1993,305.822
3/11/1993,319.98
3/12/1993,302.99
3/13/1993,305.822
3/14/1993,302.99
3/15/1993,294.495
3/16/1993,317.149
3/17/1993,277.505
3/18/1993,271.842
3/19/1993,283.168
3/20/1993,288.832
3/21/1993,286
3/22/1993,271.842
3/23/1993,274.673
3/24/1993,286
3/25/1993,280.337
3/26/1993,269.01
3/27/1993,277.505
3/28/1993,288.832
3/29/1993,300.159
3/30/1993,271.842
3/31/1993,277.505
4/1/1993,274.673
4/2/1993,294.495
4/3/1993,286
4/4/1993,283.168
4/5/1993,280.337
4/6/1993,280.337
4/7/1993,297.327
4/8/1993,286
4/9/1993,280.337
4/10/1993,277.505
4/11/1993,291.664
4/12/1993,291.664
4/13/1993,291.664
4/14/1993,294.495
4/15/1993,288.832
4/16/1993,305.822
4/17/1993,283.168
4/18/1993,271.842
4/19/1993,269.01
4/20/1993,291.664
4/21/1993,277.505
4/22/1993,269.01
4/23/1993,269.01
4/24/1993,269.01
4/25/1993,286
4/26/1993,294.495
4/27/1993,339.802
4/28/1993,339.802
4/29/1993,336.97
4/30/1993,328.475
5/1/1993,322.812
5/2/1993,345.466
5/3/1993,328.475
5/4/1993,325.644
5/5/1993,334.139
5/6/1993,336.97
5/7/1993,336.97
5/8/1993,334.139
5/9/1993,413.426
5/10/1993,492.713
5/11/1993,481.386
5/12/1993,492.713
5/13/1993,481.386
5/14/1993,484.218
5/15/1993,495.545
5/16/1993,504.04
5/17/1993,504.04
5/18/1993,455.901
5/19/1993,458.733
5/20/1993,441.743
5/21/1993,455.901
5/22/1993,461.565
5/23/1993,467.228
5/24/1993,453.07
5/25/1993,453.07
5/26/1993,453.07
5/27/1993,461.565
5/28/1993,453.07
5/29/1993,450.238
5/30/1993,450.238
5/31/1993,450.238
6/1/1993,450.238
6/2/1993,450.238
6/3/1993,438.911
6/4/1993,436.079
6/5/1993,450.238
6/6/1993,447.406
6/7/1993,436.079
6/8/1993,430.416
6/9/1993,430.416
6/10/1993,436.079
6/11/1993,444.574
6/12/1993,441.743
6/13/1993,441.743
6/14/1993,455.901
6/15/1993,436.079
6/16/1993,441.743
6/17/1993,447.406
6/18/1993,444.574
6/19/1993,450.238
6/20/1993,444.574
6/21/1993,450.238
6/22/1993,455.901
6/23/1993,458.733
6/24/1993,455.901
6/25/1993,438.911
6/26/1993,447.406
6/27/1993,438.911
6/28/1993,438.911
6/29/1993,436.079
6/30/1993,450.238
7/1/1993,450.238
7/2/1993,444.574
7/3/1993,441.743
7/4/1993,450.238
7/5/1993,447.406
7/6/1993,458.733
7/7/1993,450.238
7/8/1993,444.574
7/9/1993,444.574
7/10/1993,441.743
7/11/1993,444.574
7/12/1993,438.911
7/13/1993,455.901
7/14/1993,444.574
7/15/1993,458.733
7/16/1993,390.772
7/17/1993,387.941
7/18/1993,421.921
7/19/1993,438.911
7/20/1993,438.911
7/21/1993,419.089
7/22/1993,362.456
7/23/1993,376.614
7/24/1993,356.792
7/25/1993,359.624
7/26/1993,396.436
7/27/1993,373.782
7/28/1993,339.802
7/29/1993,359.624
7/30/1993,399.268
7/31/1993,427.584
8/1/1993,421.921
8/2/1993,436.079
8/3/1993,444.574
8/4/1993,458.733
8/5/1993,436.079
8/6/1993,438.911
8/7/1993,441.743
8/8/1993,441.743
8/9/1993,438.911
8/10/1993,453.07
8/11/1993,436.079
8/12/1993,438.911
8/13/1993,455.901
8/14/1993,453.07
8/15/1993,447.406
8/16/1993,444.574
8/17/1993,447.406
8/18/1993,458.733
8/19/1993,461.565
8/20/1993,436.079
8/21/1993,438.911
8/22/1993,438.911
8/23/1993,455.901
8/24/1993,450.238
8/25/1993,467.228
8/26/1993,447.406
8/27/1993,447.406
8/28/1993,444.574
8/29/1993,467.228
8/30/1993,461.565
8/31/1993,453.07
9/1/1993,450.238
9/2/1993,433.248
9/3/1993,447.406
9/4/1993,464.396
9/5/1993,455.901
9/6/1993,453.07
9/7/1993,373.782
9/8/1993,274.673
9/9/1993,266.178
9/10/1993,274.673
9/11/1993,277.505
9/12/1993,297.327
9/13/1993,280.337
9/14/1993,280.337
9/15/1993,288.832
9/16/1993,288.832
9/17/1993,283.168
9/18/1993,286
9/19/1993,280.337
9/20/1993,288.832
9/21/1993,288.832
9/22/1993,300.159
9/23/1993,300.159
9/24/1993,297.327
9/25/1993,269.01
9/26/1993,277.505
9/27/1993,271.842
9/28/1993,286
9/29/1993,280.337
9/30/1993,277.505
10/1/1993,266.178
10/2/1993,277.505
10/3/1993,294.495
10/4/1993,286
10/5/1993,291.664
10/6/1993,286
10/7/1993,274.673
10/8/1993,269.01
10/9/1993,269.01
10/10/1993,286
10/11/1993,277.505
10/12/1993,283.168
10/13/1993,280.337
10/14/1993,271.842
10/15/1993,280.337
10/16/1993,271.842
10/17/1993,280.337
10/18/1993,271.842
10/19/1993,280.337
10/20/1993,291.664
10/21/1993,288.832
10/22/1993,286
10/23/1993,280.337
10/24/1993,288.832
10/25/1993,288.832
10/26/1993,291.664
10/27/1993,277.505
10/28/1993,283.168
10/29/1993,291.664
10/30/1993,291.664
10/31/1993,271.842
11/1/1993,280.337
11/2/1993,277.505
11/3/1993,274.673
11/4/1993,274.673
11/5/1993,283.168
11/6/1993,283.168
11/7/1993,277.505
11/8/1993,291.664
11/9/1993,274.673
11/10/1993,288.832
11/11/1993,288.832
11/12/1993,288.832
11/13/1993,277.505
11/14/1993,277.505
11/15/1993,266.178
11/16/1993,280.337
11/17/1993,280.337
11/18/1993,288.832
11/19/1993,288.832
11/20/1993,291.664
11/21/1993,288.832
11/22/1993,297.327
11/23/1993,348.297
11/24/1993,385.109
11/25/1993,387.941
11/26/1993,390.772
11/27/1993,399.268
11/28/1993,396.436
11/29/1993,385.109
11/30/1993,393.604
12/1/1993,382.277
12/2/1993,399.268
12/3/1993,404.931
12/4/1993,393.604
12/5/1993,404.931
12/6/1993,450.238
12/7/1993,453.07
12/8/1993,438.911
12/9/1993,419.089
12/10/1993,404.931
12/11/1993,368.119
12/12/1993,370.951
12/13/1993,353.961
12/14/1993,365.287
12/15/1993,370.951
12/16/1993,362.456
12/17/1993,370.951
12/18/1993,359.624
12/19/1993,359.624
12/20/1993,379.446
12/21/1993,370.951
12/22/1993,368.119
12/23/1993,382.277
12/24/1993,362.456
12/25/1993,359.624
12/26/1993,356.792
12/27/1993,379.446
12/28/1993,382.277
12/29/1993,376.614
12/30/1993,370.951
12/31/1993,376.614
1/1/1994,379.446
1/2/1994,385.109
1/3/1994,379.446
1/4/1994,359.624
1/5/1994,368.119
1/6/1994,385.109
1/7/1994,359.624
1/8/1994,407.763
1/9/1994,404.931
1/10/1994,399.268
1/11/1994,359.624
1/12/1994,359.624
1/13/1994,370.951
1/14/1994,413.426
1/15/1994,421.921
1/16/1994,424.753
1/17/1994,458.733
1/18/1994,421.921
1/19/1994,458.733
1/20/1994,436.079
1/21/1994,419.089
1/22/1994,404.931
1/23/1994,421.921
1/24/1994,402.099
1/25/1994,399.268
1/26/1994,416.258
1/27/1994,444.574
1/28/1994,413.426
1/29/1994,404.931
1/30/1994,407.763
1/31/1994,427.584
2/1/1994,416.258
2/2/1994,416.258
2/3/1994,379.446
2/4/1994,370.951
2/5/1994,390.772
2/6/1994,379.446
2/7/1994,382.277
2/8/1994,416.258
2/9/1994,458.733
2/10/1994,410.594
2/11/1994,407.763
2/12/1994,376.614
2/13/1994,385.109
2/14/1994,368.119
2/15/1994,379.446
2/16/1994,390.772
2/17/1994,342.634
2/18/1994,353.961
2/19/1994,359.624
2/20/1994,365.287
2/21/1994,365.287
2/22/1994,353.961
2/23/1994,387.941
2/24/1994,396.436
2/25/1994,376.614
2/26/1994,345.466
2/27/1994,379.446
2/28/1994,339.802
3/1/1994,339.802
3/2/1994,345.466
3/3/1994,399.268
3/4/1994,359.624
3/5/1994,376.614
3/6/1994,353.961
3/7/1994,365.287
3/8/1994,353.961
3/9/1994,359.624
3/10/1994,351.129
3/11/1994,356.792
3/12/1994,351.129
3/13/1994,356.792
3/14/1994,351.129
3/15/1994,348.297
3/16/1994,345.466
3/17/1994,334.139
3/18/1994,314.317
3/19/1994,308.654
3/20/1994,336.97
3/21/1994,328.475
3/22/1994,331.307
3/23/1994,322.812
3/24/1994,311.485
3/25/1994,300.159
3/26/1994,325.644
3/27/1994,311.485
3/28/1994,317.149
3/29/1994,311.485
3/30/1994,317.149
3/31/1994,311.485
4/1/1994,328.475
4/2/1994,314.317
4/3/1994,324.511
4/4/1994,319.98
4/5/1994,328.475
4/6/1994,302.99
4/7/1994,308.654
4/8/1994,322.812
4/9/1994,308.654
4/10/1994,297.327
4/11/1994,302.99
4/12/1994,286
4/13/1994,308.654
4/14/1994,305.822
4/15/1994,297.327
4/16/1994,314.317
4/17/1994,297.327
4/18/1994,336.97
4/19/1994,348.297
4/20/1994,351.129
4/21/1994,339.802
4/22/1994,328.475
4/23/1994,325.644
4/24/1994,325.644
4/25/1994,342.634
4/26/1994,319.98
4/27/1994,362.456
4/28/1994,399.268
4/29/1994,413.426
4/30/1994,458.733
5/1/1994,461.565
5/2/1994,498.377
5/3/1994,509.703
5/4/1994,566.337
5/5/1994,608.812
5/6/1994,631.466
5/7/1994,634.297
5/8/1994,603.149
5/9/1994,614.476
5/10/1994,645.624
5/11/1994,679.604
5/12/1994,699.426
5/13/1994,713.585
5/14/1994,696.594
5/15/1994,707.921
5/16/1994,696.594
5/17/1994,705.089
5/18/1994,702.258
5/19/1994,696.594
5/20/1994,685.268
5/21/1994,696.594
5/22/1994,693.763
5/23/1994,693.763
5/24/1994,722.08
5/25/1994,707.921
5/26/1994,688.099
5/27/1994,693.763
5/28/1994,707.921
5/29/1994,716.416
5/30/1994,710.753
5/31/1994,696.594
6/1/1994,713.585
6/2/1994,705.089
6/3/1994,699.426
6/4/1994,702.258
6/5/1994,679.604
6/6/1994,707.921
6/7/1994,699.426
6/8/1994,702.258
6/9/1994,719.248
6/10/1994,685.268
6/11/1994,710.753
6/12/1994,702.258
6/13/1994,710.753
6/14/1994,699.426
6/15/1994,668.278
6/16/1994,631.466
6/17/1994,605.981
6/18/1994,557.842
6/19/1994,549.347
6/20/1994,543.683
6/21/1994,523.862
6/22/1994,557.842
6/23/1994,549.347
6/24/1994,549.347
6/25/1994,552.179
6/26/1994,543.683
6/27/1994,552.179
6/28/1994,555.01
6/29/1994,555.01
6/30/1994,549.347
7/1/1994,555.01
7/2/1994,552.179
7/3/1994,538.02
7/4/1994,557.842
7/5/1994,543.683
7/6/1994,555.01
7/7/1994,538.02
7/8/1994,535.188
7/9/1994,546.515
7/10/1994,549.347
7/11/1994,555.01
7/12/1994,549.347
7/13/1994,552.179
7/14/1994,538.02
7/15/1994,543.683
7/16/1994,555.01
7/17/1994,549.347
7/18/1994,552.179
7/19/1994,557.842
7/20/1994,526.693
7/21/1994,532.357
7/22/1994,523.862
7/23/1994,526.693
7/24/1994,521.03
7/25/1994,526.693
7/26/1994,518.198
7/27/1994,504.04
7/28/1994,526.693
7/29/1994,512.535
7/30/1994,512.535
7/31/1994,518.198
8/1/1994,532.357
8/2/1994,529.525
8/3/1994,523.862
8/4/1994,523.862
8/5/1994,521.03
8/6/1994,521.03
8/7/1994,521.03
8/8/1994,518.198
8/9/1994,515.367
8/10/1994,526.693
8/11/1994,526.693
8/12/1994,518.198
8/13/1994,518.198
8/14/1994,512.535
8/15/1994,518.198
8/16/1994,523.862
8/17/1994,523.862
8/18/1994,518.198
8/19/1994,526.693
8/20/1994,518.198
8/21/1994,526.693
8/22/1994,518.198
8/23/1994,526.693
8/24/1994,529.525
8/25/1994,523.862
8/26/1994,521.03
8/27/1994,518.198
8/28/1994,529.525
8/29/1994,518.198
8/30/1994,518.198
8/31/1994,515.367
9/1/1994,529.525
9/2/1994,509.703
9/3/1994,518.198
9/4/1994,515.367
9/5/1994,521.03
9/6/1994,484.218
9/7/1994,489.881
9/8/1994,501.208
9/9/1994,492.713
9/10/1994,487.05
9/11/1994,495.545
9/12/1994,455.901
9/13/1994,419.089
9/14/1994,416.258
9/15/1994,396.436
9/16/1994,399.268
9/17/1994,399.268
9/18/1994,396.436
9/19/1994,407.763
9/20/1994,404.931
9/21/1994,396.436
9/22/1994,404.931
9/23/1994,410.594
9/24/1994,413.426
9/25/1994,404.931
9/26/1994,404.931
9/27/1994,404.931
9/28/1994,404.931
9/29/1994,413.426
9/30/1994,402.099
10/1/1994,396.436
10/2/1994,396.436
10/3/1994,396.436
10/4/1994,348.297
10/5/1994,334.139
10/6/1994,339.802
10/7/1994,328.475
10/8/1994,342.634
10/9/1994,342.634
10/10/1994,314.317
10/11/1994,308.654
10/12/1994,314.317
10/13/1994,314.317
10/14/1994,314.317
10/15/1994,317.149
10/16/1994,294.495
10/17/1994,297.327
10/18/1994,314.317
10/19/1994,314.317
10/20/1994,294.495
10/21/1994,300.159
10/22/1994,308.654
10/23/1994,305.822
10/24/1994,319.98
10/25/1994,317.149
10/26/1994,311.485
10/27/1994,311.485
10/28/1994,311.485
10/29/1994,342.634
10/30/1994,294.495
10/31/1994,297.327
11/1/1994,305.822
11/2/1994,308.654
11/3/1994,325.644
11/4/1994,319.98
11/5/1994,297.327
11/6/1994,305.822
11/7/1994,314.317
11/8/1994,311.485
11/9/1994,302.99
11/10/1994,317.149
11/11/1994,322.812
11/12/1994,319.98
11/13/1994,319.98
11/14/1994,322.812
11/15/1994,302.99
11/16/1994,300.159
11/17/1994,308.654
11/18/1994,345.466
11/19/1994,396.436
11/20/1994,430.416
11/21/1994,472.891
11/22/1994,455.901
11/23/1994,450.238
11/24/1994,461.565
11/25/1994,487.05
11/26/1994,518.198
11/27/1994,521.03
11/28/1994,543.683
11/29/1994,566.337
11/30/1994,557.842
12/1/1994,552.179
12/2/1994,546.515
12/3/1994,560.674
12/4/1994,509.703
12/5/1994,481.386
12/6/1994,506.872
12/7/1994,515.367
12/8/1994,518.198
12/9/1994,521.03
12/10/1994,515.367
12/11/1994,518.198
12/12/1994,521.03
12/13/1994,509.703
12/14/1994,489.881
12/15/1994,504.04
12/16/1994,495.545
12/17/1994,504.04
12/18/1994,506.872
12/19/1994,509.703
12/20/1994,506.872
12/21/1994,526.693
12/22/1994,529.525
12/23/1994,529.525
12/24/1994,532.357
12/25/1994,543.683
12/26/1994,552.179
12/27/1994,563.505
12/28/1994,569.169
12/29/1994,569.169
12/30/1994,515.367
12/31/1994,509.703
1/1/1995,506.872
1/2/1995,498.377
1/3/1995,509.703
1/4/1995,504.04
1/5/1995,521.03
1/6/1995,509.703
1/7/1995,523.862
1/8/1995,546.515
1/9/1995,538.02
1/10/1995,557.842
1/11/1995,552.179
1/12/1995,583.327
1/13/1995,563.505
1/14/1995,566.337
1/15/1995,577.664
1/16/1995,597.485
1/17/1995,622.971
1/18/1995,639.961
1/19/1995,642.792
1/20/1995,656.951
1/21/1995,656.951
1/22/1995,654.119
1/23/1995,648.456
1/24/1995,622.971
1/25/1995,656.951
1/26/1995,648.456
1/27/1995,642.792
1/28/1995,631.466
1/29/1995,631.466
1/30/1995,642.792
1/31/1995,648.456
2/1/1995,642.792
2/2/1995,656.951
2/3/1995,588.99
2/4/1995,572
2/5/1995,569.169
2/6/1995,574.832
2/7/1995,594.654
2/8/1995,608.812
2/9/1995,588.99
2/10/1995,594.654
2/11/1995,603.149
2/12/1995,594.654
2/13/1995,603.149
2/14/1995,600.317
2/15/1995,586.159
2/16/1995,591.822
2/17/1995,594.654
2/18/1995,591.822
2/19/1995,577.664
2/20/1995,580.495
2/21/1995,580.495
2/22/1995,569.169
2/23/1995,557.842
2/24/1995,487.05
2/25/1995,481.386
2/26/1995,487.05
2/27/1995,484.218
2/28/1995,484.218
3/1/1995,472.891
3/2/1995,495.545
3/3/1995,492.713
3/4/1995,478.555
3/5/1995,495.545
3/6/1995,444.574
3/7/1995,430.416
3/8/1995,430.416
3/9/1995,441.743
3/10/1995,433.248
3/11/1995,427.584
3/12/1995,421.921
3/13/1995,427.584
3/14/1995,433.248
3/15/1995,427.584
3/16/1995,424.753
3/17/1995,419.089
3/18/1995,345.466
3/19/1995,331.307
3/20/1995,345.466
3/21/1995,331.307
3/22/1995,342.634
3/23/1995,334.139
3/24/1995,348.297
3/25/1995,351.129
3/26/1995,334.139
3/27/1995,351.129
3/28/1995,345.466
3/29/1995,348.297
3/30/1995,342.634
3/31/1995,334.139
4/1/1995,334.139
4/2/1995,345.466
4/3/1995,342.634
4/4/1995,345.466
4/5/1995,351.129
4/6/1995,342.634
4/7/1995,351.129
4/8/1995,353.961
4/9/1995,353.961
4/10/1995,348.297
4/11/1995,345.466
4/12/1995,339.802
4/13/1995,291.664
4/14/1995,345.466
4/15/1995,342.634
4/16/1995,359.624
4/17/1995,359.624
4/18/1995,339.802
4/19/1995,362.456
4/20/1995,390.772
4/21/1995,353.961
4/22/1995,365.287
4/23/1995,370.951
4/24/1995,348.297
4/25/1995,325.644
4/26/1995,373.782
4/27/1995,328.475
4/28/1995,345.466
4/29/1995,336.97
4/30/1995,328.475
5/1/1995,331.307
5/2/1995,336.97
5/3/1995,351.129
5/4/1995,348.297
5/5/1995,345.466
5/6/1995,373.782
5/7/1995,334.139
5/8/1995,393.604
5/9/1995,286
5/10/1995,280.337
5/11/1995,325.644
5/12/1995,302.99
5/13/1995,294.495
5/14/1995,311.485
5/15/1995,305.822
5/16/1995,291.664
5/17/1995,302.99
5/18/1995,399.268
5/19/1995,455.901
5/20/1995,433.248
5/21/1995,387.941
5/22/1995,385.109
5/23/1995,444.574
5/24/1995,353.961
5/25/1995,438.911
5/26/1995,351.129
5/27/1995,453.07
5/28/1995,353.961
5/29/1995,436.079
5/30/1995,348.297
5/31/1995,308.654
6/1/1995,297.327
6/2/1995,373.782
6/3/1995,291.664
6/4/1995,297.327
6/5/1995,368.119
6/6/1995,300.159
6/7/1995,283.168
6/8/1995,356.792
6/9/1995,286
6/10/1995,288.832
6/11/1995,365.287
6/12/1995,269.01
6/13/1995,288.832
6/14/1995,365.287
6/15/1995,291.664
6/16/1995,302.99
6/17/1995,365.287
6/18/1995,288.832
6/19/1995,283.168
6/20/1995,356.792
6/21/1995,288.832
6/22/1995,286
6/23/1995,385.109
6/24/1995,274.673
6/25/1995,288.832
6/26/1995,368.119
6/27/1995,271.842
6/28/1995,286
6/29/1995,365.287
6/30/1995,277.505
7/1/1995,286
7/2/1995,368.119
7/3/1995,283.168
7/4/1995,269.01
7/5/1995,351.129
7/6/1995,280.337
7/7/1995,280.337
7/8/1995,370.951
7/9/1995,373.782
7/10/1995,376.614
7/11/1995,373.782
7/12/1995,382.277
7/13/1995,390.772
7/14/1995,393.604
7/15/1995,376.614
7/16/1995,362.456
7/17/1995,370.951
7/18/1995,351.129
7/19/1995,376.614
7/20/1995,390.772
7/21/1995,379.446
7/22/1995,370.951
7/23/1995,387.941
7/24/1995,385.109
7/25/1995,396.436
7/26/1995,419.089
7/27/1995,447.406
7/28/1995,453.07
7/29/1995,455.901
7/30/1995,453.07
7/31/1995,444.574
8/1/1995,444.574
8/2/1995,461.565
8/3/1995,453.07
8/4/1995,447.406
8/5/1995,450.238
8/6/1995,461.565
8/7/1995,461.565
8/8/1995,546.515
8/9/1995,620.139
8/10/1995,719.248
8/11/1995,710.753
8/12/1995,781.545
8/13/1995,872.159
8/14/1995,948.614
8/15/1995,1033.565
8/16/1995,1042.06
8/17/1995,1042.06
8/18/1995,1042.06
8/19/1995,1044.892
8/20/1995,1044.892
8/21/1995,1044.892
8/22/1995,1044.892
8/23/1995,1047.723
8/24/1995,1047.723
8/25/1995,1047.723
8/26/1995,1047.723
8/27/1995,1050.555
8/28/1995,1047.723
8/29/1995,1050.555
8/30/1995,1042.06
8/31/1995,1047.723
9/1/1995,1047.723
9/2/1995,1047.723
9/3/1995,1047.723
9/4/1995,1053.387
9/5/1995,1050.555
9/6/1995,1050.555
9/7/1995,1050.555
9/8/1995,1050.555
9/9/1995,1053.387
9/10/1995,1056.218
9/11/1995,1059.05
9/12/1995,1053.387
9/13/1995,1056.218
9/14/1995,1056.218
9/15/1995,1044.892
9/16/1995,1056.218
9/17/1995,925.961
9/18/1995,1061.882
9/19/1995,1061.882
9/20/1995,1061.882
9/21/1995,1059.05
9/22/1995,1042.06
9/23/1995,1039.228
9/24/1995,1039.228
9/25/1995,1042.06
9/26/1995,1044.892
9/27/1995,1044.892
9/28/1995,1044.892
9/29/1995,1047.723
9/30/1995,1044.892
10/1/1995,1047.723
10/2/1995,1047.723
10/3/1995,1050.555
10/4/1995,1053.387
10/5/1995,1013.743
10/6/1995,1013.743
10/7/1995,1013.743
10/8/1995,1016.575
10/9/1995,1016.575
10/10/1995,1005.248
10/11/1995,1019.406
10/12/1995,1013.743
10/13/1995,1008.08
10/14/1995,1013.743
10/15/1995,1016.575
10/16/1995,1019.406
10/17/1995,1016.575
10/18/1995,1022.238
10/19/1995,1019.406
10/20/1995,1019.406
10/21/1995,1025.07
10/22/1995,1025.07
10/23/1995,1013.743
10/24/1995,1025.07
10/25/1995,1027.902
10/26/1995,1027.902
10/27/1995,1025.07
10/28/1995,1010.911
10/29/1995,957.109
10/30/1995,974.1
10/31/1995,976.931
11/1/1995,976.931
11/2/1995,988.258
11/3/1995,991.09
11/4/1995,1005.248
11/5/1995,996.753
11/6/1995,996.753
11/7/1995,993.921
11/8/1995,1002.416
11/9/1995,996.753
11/10/1995,996.753
11/11/1995,1002.416
11/12/1995,1002.416
11/13/1995,1002.416
11/14/1995,982.595
11/15/1995,991.09
11/16/1995,991.09
11/17/1995,991.09
11/18/1995,991.09
11/19/1995,991.09
11/20/1995,988.258
11/21/1995,894.812
11/22/1995,815.525
11/23/1995,753.228
11/24/1995,654.119
11/25/1995,580.495
11/26/1995,583.327
11/27/1995,583.327
11/28/1995,560.674
11/29/1995,577.664
11/30/1995,563.505
12/1/1995,572
12/2/1995,557.842
12/3/1995,563.505
12/4/1995,569.169
12/5/1995,563.505
12/6/1995,566.337
12/7/1995,574.832
12/8/1995,512.535
12/9/1995,504.04
12/10/1995,509.703
12/11/1995,501.208
12/12/1995,506.872
12/13/1995,535.188
12/14/1995,552.179
12/15/1995,538.02
12/16/1995,557.842
12/17/1995,569.169
12/18/1995,569.169
12/19/1995,574.832
12/20/1995,580.495
12/21/1995,597.485
12/22/1995,591.822
12/23/1995,605.981
12/24/1995,614.476
12/25/1995,603.149
12/26/1995,617.307
12/27/1995,634.297
12/28/1995,637.129
12/29/1995,622.971
12/30/1995,639.961
12/31/1995,622.971
1/1/1996,628.634
1/2/1996,625.802
1/3/1996,648.456
1/4/1996,639.961
1/5/1996,637.129
1/6/1996,642.792
1/7/1996,639.961
1/8/1996,639.961
1/9/1996,622.971
1/10/1996,631.466
1/11/1996,634.297
1/12/1996,634.297
1/13/1996,634.297
1/14/1996,625.802
1/15/1996,639.961
1/16/1996,628.634
1/17/1996,637.129
1/18/1996,651.287
1/19/1996,671.109
1/20/1996,662.614
1/21/1996,654.119
1/22/1996,648.456
1/23/1996,668.278
1/24/1996,662.614
1/25/1996,656.951
1/26/1996,659.783
1/27/1996,668.278
1/28/1996,679.604
1/29/1996,671.109
1/30/1996,673.941
1/31/1996,699.426
2/1/1996,656.951
2/2/1996,671.109
2/3/1996,693.763
2/4/1996,662.614
2/5/1996,671.109
2/6/1996,662.614
2/7/1996,654.119
2/8/1996,648.456
2/9/1996,620.139
2/10/1996,637.129
2/11/1996,622.971
2/12/1996,622.971
2/13/1996,560.674
2/14/1996,557.842
2/15/1996,566.337
2/16/1996,577.664
2/17/1996,557.842
2/18/1996,560.674
2/19/1996,569.169
2/20/1996,552.179
2/21/1996,552.179
2/22/1996,563.505
2/23/1996,560.674
2/24/1996,557.842
2/25/1996,563.505
2/26/1996,540.852
2/27/1996,552.179
2/28/1996,552.179
2/29/1996,552.179
3/1/1996,557.842
3/2/1996,566.337
3/3/1996,563.505
3/4/1996,557.842
3/5/1996,572
3/6/1996,566.337
3/7/1996,580.495
3/8/1996,557.842
3/9/1996,563.505
3/10/1996,569.169
3/11/1996,566.337
3/12/1996,492.713
3/13/1996,481.386
3/14/1996,481.386
3/15/1996,438.911
3/16/1996,407.763
3/17/1996,393.604
3/18/1996,416.258
3/19/1996,489.881
3/20/1996,543.683
3/21/1996,538.02
3/22/1996,566.337
3/23/1996,563.505
3/24/1996,557.842
3/25/1996,512.535
3/26/1996,506.872
3/27/1996,509.703
3/28/1996,506.872
3/29/1996,509.703
3/30/1996,498.377
3/31/1996,504.04
4/1/1996,515.367
4/2/1996,521.03
4/3/1996,538.02
4/4/1996,566.337
4/5/1996,591.822
4/6/1996,614.476
4/7/1996,677.905
4/8/1996,690.931
4/9/1996,713.585
4/10/1996,659.783
4/11/1996,662.614
4/12/1996,693.763
4/13/1996,741.901
4/14/1996,790.04
4/15/1996,846.674
4/16/1996,849.505
4/17/1996,849.505
4/18/1996,849.505
4/19/1996,872.159
4/20/1996,872.159
4/21/1996,869.327
4/22/1996,920.298
4/23/1996,991.09
4/24/1996,1010.911
4/25/1996,1005.248
4/26/1996,1005.248
4/27/1996,1005.248
4/28/1996,1008.08
4/29/1996,1005.248
4/30/1996,1005.248
5/1/1996,1005.248
5/2/1996,1005.248
5/3/1996,1005.248
5/4/1996,1005.248
5/5/1996,1008.08
5/6/1996,988.258
5/7/1996,1008.08
5/8/1996,1033.565
5/9/1996,1047.723
5/10/1996,1047.723
5/11/1996,1050.555
5/12/1996,1050.555
5/13/1996,1050.555
5/14/1996,1050.555
5/15/1996,1047.723
5/16/1996,1050.555
5/17/1996,1050.555
5/18/1996,1050.555
5/19/1996,1050.555
5/20/1996,1050.555
5/21/1996,1025.07
5/22/1996,1016.575
5/23/1996,1025.07
5/24/1996,1044.892
5/25/1996,1044.892
5/26/1996,1044.892
5/27/1996,1039.228
5/28/1996,1036.397
5/29/1996,1042.06
5/30/1996,1044.892
5/31/1996,1044.892
6/1/1996,1042.06
6/2/1996,1050.555
6/3/1996,1039.228
6/4/1996,1053.387
6/5/1996,1056.218
6/6/1996,1053.387
6/7/1996,1036.397
6/8/1996,1050.555
6/9/1996,1044.892
6/10/1996,1044.892
6/11/1996,1042.06
6/12/1996,1039.228
6/13/1996,1039.228
6/14/1996,1039.228
6/15/1996,1036.397
6/16/1996,1033.565
6/17/1996,1033.565
6/18/1996,1033.565
6/19/1996,1033.565
6/20/1996,1030.733
6/21/1996,886.317
6/22/1996,858
6/23/1996,863.664
6/24/1996,874.991
6/25/1996,869.327
6/26/1996,891.981
6/27/1996,937.288
6/28/1996,985.426
6/29/1996,1030.733
6/30/1996,1030.733
7/1/1996,1027.902
7/2/1996,1033.565
7/3/1996,1039.228
7/4/1996,1039.228
7/5/1996,1036.397
7/6/1996,1036.397
7/7/1996,1033.565
7/8/1996,1033.565
7/9/1996,1042.06
7/10/1996,1022.238
7/11/1996,1039.228
7/12/1996,1042.06
7/13/1996,1042.06
7/14/1996,1042.06
7/15/1996,1030.733
7/16/1996,1042.06
7/17/1996,1030.733
7/18/1996,1039.228
7/19/1996,1039.228
7/20/1996,1036.397
7/21/1996,1036.397
7/22/1996,1036.397
7/23/1996,1036.397
7/24/1996,1039.228
7/25/1996,1039.228
7/26/1996,1039.228
7/27/1996,1039.228
7/28/1996,1039.228
7/29/1996,1039.228
7/30/1996,1039.228
7/31/1996,1042.06
8/1/1996,1042.06
8/2/1996,1013.743
8/3/1996,1005.248
8/4/1996,1008.08
8/5/1996,1016.575
8/6/1996,1033.565
8/7/1996,1022.238
8/8/1996,1027.902
8/9/1996,1025.07
8/10/1996,1027.902
8/11/1996,1019.406
8/12/1996,1022.238
8/13/1996,1033.565
8/14/1996,1010.911
8/15/1996,1025.07
8/16/1996,1019.406
8/17/1996,1013.743
8/18/1996,1019.406
8/19/1996,1019.406
8/20/1996,1025.07
8/21/1996,1013.743
8/22/1996,1022.238
8/23/1996,1022.238
8/24/1996,1022.238
8/25/1996,1016.575
8/26/1996,1025.07
8/27/1996,1027.902
8/28/1996,1030.733
8/29/1996,1030.733
8/30/1996,1027.902
8/31/1996,988.258
9/1/1996,971.268
9/2/1996,976.931
9/3/1996,993.921
9/4/1996,999.585
9/5/1996,996.753
9/6/1996,993.921
9/7/1996,999.585
9/8/1996,996.753
9/9/1996,996.753
9/10/1996,979.763
9/11/1996,996.753
9/12/1996,1016.575
9/13/1996,1013.743
9/14/1996,1013.743
9/15/1996,1005.248
9/16/1996,1013.743
9/17/1996,974.1
9/18/1996,996.753
9/19/1996,996.753
9/20/1996,1002.416
9/21/1996,988.258
9/22/1996,991.09
9/23/1996,1002.416
9/24/1996,999.585
9/25/1996,996.753
9/26/1996,999.585
9/27/1996,993.921
9/28/1996,971.268
9/29/1996,999.585
9/30/1996,974.1
10/1/1996,849.505
10/2/1996,795.703
10/3/1996,775.882
10/4/1996,773.05
10/5/1996,733.406
10/6/1996,724.911
10/7/1996,719.248
10/8/1996,722.08
10/9/1996,716.416
10/10/1996,730.575
10/11/1996,730.575
10/12/1996,733.406
10/13/1996,736.238
10/14/1996,736.238
10/15/1996,727.743
10/16/1996,730.575
10/17/1996,736.238
10/18/1996,750.396
10/19/1996,741.901
10/20/1996,736.238
10/21/1996,719.248
10/22/1996,724.911
10/23/1996,713.585
10/24/1996,716.416
10/25/1996,730.575
10/26/1996,756.06
10/27/1996,764.555
10/28/1996,758.891
10/29/1996,744.733
10/30/1996,775.882
10/31/1996,750.396
11/1/1996,741.901
11/2/1996,736.238
11/3/1996,705.089
11/4/1996,654.119
11/5/1996,572
11/6/1996,566.337
11/7/1996,583.327
11/8/1996,560.674
11/9/1996,569.169
11/10/1996,549.347
11/11/1996,566.337
11/12/1996,574.832
11/13/1996,591.822
11/14/1996,603.149
11/15/1996,577.664
11/16/1996,572
11/17/1996,583.327
11/18/1996,597.485
11/19/1996,577.664
11/20/1996,574.832
11/21/1996,594.654
11/22/1996,566.337
11/23/1996,586.159
11/24/1996,572
11/25/1996,560.674
11/26/1996,560.674
11/27/1996,540.852
11/28/1996,515.367
11/29/1996,506.872
11/30/1996,506.872
12/1/1996,492.713
12/2/1996,529.525
12/3/1996,583.327
12/4/1996,574.832
12/5/1996,566.337
12/6/1996,560.674
12/7/1996,540.852
12/8/1996,557.842
12/9/1996,560.674
12/10/1996,546.515
12/11/1996,563.505
12/12/1996,569.169
12/13/1996,566.337
12/14/1996,552.179
12/15/1996,557.842
12/16/1996,512.535
12/17/1996,487.05
12/18/1996,498.377
12/19/1996,492.713
12/20/1996,501.208
12/21/1996,515.367
12/22/1996,515.367
12/23/1996,532.357
12/24/1996,529.525
12/25/1996,532.357
12/26/1996,546.515
12/27/1996,521.03
12/28/1996,555.01
12/29/1996,523.862
12/30/1996,563.505
12/31/1996,563.505
1/1/1997,580.495
1/2/1997,574.832
1/3/1997,549.347
1/4/1997,583.327
1/5/1997,639.961
1/6/1997,634.297
1/7/1997,614.476
1/8/1997,648.456
1/9/1997,648.456
1/10/1997,659.783
1/11/1997,625.802
1/12/1997,620.139
1/13/1997,654.119
1/14/1997,656.951
1/15/1997,608.812
1/16/1997,665.446
1/17/1997,668.278
1/18/1997,673.941
1/19/1997,668.278
1/20/1997,654.119
1/21/1997,676.773
1/22/1997,679.604
1/23/1997,659.783
1/24/1997,688.099
1/25/1997,668.278
1/26/1997,682.436
1/27/1997,673.941
1/28/1997,693.763
1/29/1997,682.436
1/30/1997,688.099
1/31/1997,659.783
2/1/1997,673.941
2/2/1997,679.604
2/3/1997,645.624
2/4/1997,628.634
2/5/1997,608.812
2/6/1997,608.812
2/7/1997,617.307
2/8/1997,611.644
2/9/1997,608.812
2/10/1997,617.307
2/11/1997,628.634
2/12/1997,628.634
2/13/1997,625.802
2/14/1997,622.971
2/15/1997,580.495
2/16/1997,546.515
2/17/1997,538.02
2/18/1997,566.337
2/19/1997,563.505
2/20/1997,557.842
2/21/1997,563.505
2/22/1997,566.337
2/23/1997,566.337
2/24/1997,572
2/25/1997,560.674
2/26/1997,572
2/27/1997,577.664
2/28/1997,569.169
3/1/1997,574.832
3/2/1997,546.515
3/3/1997,566.337
3/4/1997,569.169
3/5/1997,574.832
3/6/1997,566.337
3/7/1997,569.169
3/8/1997,566.337
3/9/1997,569.169
3/10/1997,535.188
3/11/1997,572
3/12/1997,557.842
3/13/1997,555.01
3/14/1997,557.842
3/15/1997,560.674
3/16/1997,560.674
3/17/1997,557.842
3/18/1997,563.505
3/19/1997,572
3/20/1997,498.377
3/21/1997,402.099
3/22/1997,274.673
3/23/1997,266.178
3/24/1997,178.396
3/25/1997,116.099
3/26/1997,175.564
3/27/1997,280.337
3/28/1997,286
3/29/1997,314.317
3/30/1997,294.495
3/31/1997,297.327
4/1/1997,334.139
4/2/1997,283.168
4/3/1997,302.99
4/4/1997,319.98
4/5/1997,294.495
4/6/1997,257.683
4/7/1997,294.495
4/8/1997,342.634
4/9/1997,339.802
4/10/1997,322.812
4/11/1997,339.802
4/12/1997,328.475
4/13/1997,368.119
4/14/1997,393.604
4/15/1997,461.565
4/16/1997,512.535
4/17/1997,560.674
4/18/1997,591.822
4/19/1997,577.664
4/20/1997,594.654
4/21/1997,580.495
4/22/1997,580.495
4/23/1997,586.159
4/24/1997,622.971
4/25/1997,608.812
4/26/1997,605.981
4/27/1997,588.99
4/28/1997,574.832
4/29/1997,588.99
4/30/1997,617.307
5/1/1997,600.317
5/2/1997,597.485
5/3/1997,600.317
5/4/1997,563.505
5/5/1997,594.654
5/6/1997,608.812
5/7/1997,603.149
5/8/1997,600.317
5/9/1997,557.842
5/10/1997,600.317
5/11/1997,597.485
5/12/1997,696.594
5/13/1997,736.238
5/14/1997,841.01
5/15/1997,841.01
5/16/1997,903.307
5/17/1997,957.109
5/18/1997,1010.911
5/19/1997,1087.367
5/20/1997,1110.02
5/21/1997,1141.169
5/22/1997,1132.674
5/23/1997,1146.832
5/24/1997,1166.654
5/25/1997,1166.654
5/26/1997,1166.654
5/27/1997,1163.822
5/28/1997,1146.832
5/29/1997,1152.496
5/30/1997,1132.674
5/31/1997,1129.842
6/1/1997,1129.842
6/2/1997,1129.842
6/3/1997,1141.169
6/4/1997,1160.991
6/5/1997,1160.991
6/6/1997,1160.991
6/7/1997,1158.159
6/8/1997,1155.327
6/9/1997,1155.327
6/10/1997,1144.001
6/11/1997,1144.001
6/12/1997,1155.327
6/13/1997,1163.822
6/14/1997,1160.991
6/15/1997,1138.337
6/16/1997,1152.496
6/17/1997,1158.159
6/18/1997,1152.496
6/19/1997,1160.991
6/20/1997,1155.327
6/21/1997,1152.496
6/22/1997,1152.496
6/23/1997,1203.466
6/24/1997,1245.941
6/25/1997,1291.248
6/26/1997,1333.723
6/27/1997,1373.367
6/28/1997,1418.674
6/29/1997,1418.674
6/30/1997,1413.011
7/1/1997,1415.842
7/2/1997,1415.842
7/3/1997,1486.634
7/4/1997,1560.258
7/5/1997,1585.743
7/6/1997,1614.06
7/7/1997,1614.06
7/8/1997,1614.06
7/9/1997,1642.377
7/10/1997,1670.694
7/11/1997,1670.694
7/12/1997,1670.694
7/13/1997,1673.526
7/14/1997,1673.526
7/15/1997,1662.199
7/16/1997,1670.694
7/17/1997,1673.526
7/18/1997,1670.694
7/19/1997,1670.694
7/20/1997,1670.694
7/21/1997,1670.694
7/22/1997,1670.694
7/23/1997,1670.694
7/24/1997,1670.694
7/25/1997,1670.694
7/26/1997,1670.694
7/27/1997,1670.694
7/28/1997,1631.05
7/29/1997,1585.743
7/30/1997,1546.1
7/31/1997,1500.793
8/1/1997,1458.318
8/2/1997,1415.842
8/3/1997,1415.842
8/4/1997,1415.842
8/5/1997,1415.842
8/6/1997,1415.842
8/7/1997,1415.842
8/8/1997,1415.842
8/9/1997,1415.842
8/10/1997,1415.842
8/11/1997,1415.842
8/12/1997,1415.842
8/13/1997,1415.842
8/14/1997,1415.842
8/15/1997,1415.842
8/16/1997,1415.842
8/17/1997,1418.674
8/18/1997,1379.03
8/19/1997,1384.694
8/20/1997,1415.842
8/21/1997,1376.199
8/22/1997,1415.842
8/23/1997,1418.674
8/24/1997,1418.674
8/25/1997,1421.506
8/26/1997,1413.011
8/27/1997,1421.506
8/28/1997,1387.525
8/29/1997,1415.842
8/30/1997,1415.842
8/31/1997,1415.842
9/1/1997,1418.674
9/2/1997,1418.674
9/3/1997,1415.842
9/4/1997,1387.525
9/5/1997,1330.892
9/6/1997,1302.575
9/7/1997,1302.575
9/8/1997,1302.575
9/9/1997,1299.743
9/10/1997,1302.575
9/11/1997,1302.575
9/12/1997,1299.743
9/13/1997,1302.575
9/14/1997,1305.407
9/15/1997,1305.407
9/16/1997,1305.407
9/17/1997,1305.407
9/18/1997,1305.407
9/19/1997,1308.238
9/20/1997,1305.407
9/21/1997,1305.407
9/22/1997,1302.575
9/23/1997,1305.407
9/24/1997,1302.575
9/25/1997,1302.575
9/26/1997,1302.575
9/27/1997,1302.575
9/28/1997,1305.407
9/29/1997,1302.575
9/30/1997,1302.575
10/1/1997,1339.387
10/2/1997,1401.684
10/3/1997,1404.516
10/4/1997,1404.516
10/5/1997,1404.516
10/6/1997,1404.516
10/7/1997,1401.684
10/8/1997,1404.516
10/9/1997,1370.535
10/10/1997,1404.516
10/11/1997,1404.516
10/12/1997,1407.347
10/13/1997,1404.516
10/14/1997,1404.516
10/15/1997,1407.347
10/16/1997,1404.516
10/17/1997,1398.852
10/18/1997,1401.684
10/19/1997,1401.684
10/20/1997,1404.516
10/21/1997,1401.684
10/22/1997,1407.347
10/23/1997,1401.684
10/24/1997,1401.684
10/25/1997,1401.684
10/26/1997,1401.401
10/27/1997,1401.684
10/28/1997,1401.684
10/29/1997,1404.516
10/30/1997,1404.516
10/31/1997,1404.516
11/1/1997,1404.516
11/2/1997,1404.516
11/3/1997,1407.347
11/4/1997,1398.852
11/5/1997,1415.842
11/6/1997,1415.842
11/7/1997,1415.842
11/8/1997,1415.842
11/9/1997,1415.842
11/10/1997,1415.842
11/11/1997,1418.674
11/12/1997,1415.842
11/13/1997,1418.674
11/14/1997,1418.674
11/15/1997,1418.674
11/16/1997,1373.367
11/17/1997,1325.228
11/18/1997,1262.931
11/19/1997,1200.634
11/20/1997,1180.812
11/21/1997,1095.862
11/22/1997,1053.387
11/23/1997,979.763
11/24/1997,928.793
11/25/1997,863.664
11/26/1997,798.535
11/27/1997,764.555
11/28/1997,696.594
11/29/1997,656.951
11/30/1997,594.654
12/1/1997,634.297
12/2/1997,620.139
12/3/1997,614.476
12/4/1997,620.139
12/5/1997,622.971
12/6/1997,625.802
12/7/1997,614.476
12/8/1997,611.644
12/9/1997,620.139
12/10/1997,614.476
12/11/1997,622.971
12/12/1997,620.139
12/13/1997,617.307
12/14/1997,620.139
12/15/1997,614.476
12/16/1997,631.466
12/17/1997,620.139
12/18/1997,628.634
12/19/1997,637.129
12/20/1997,622.971
12/21/1997,620.139
12/22/1997,625.802
12/23/1997,625.802
12/24/1997,625.802
12/25/1997,625.802
12/26/1997,622.971
12/27/1997,603.149
12/28/1997,620.139
12/29/1997,611.644
12/30/1997,622.971
12/31/1997,563.505
1/1/1998,552.179
1/2/1998,566.337
1/3/1998,563.505
1/4/1998,563.505
1/5/1998,566.337
1/6/1998,566.337
1/7/1998,569.169
1/8/1998,569.169
1/9/1998,577.664
1/10/1998,583.327
1/11/1998,586.159
1/12/1998,597.485
1/13/1998,608.812
1/14/1998,617.307
1/15/1998,617.307
1/16/1998,628.634
1/17/1998,651.287
1/18/1998,634.297
1/19/1998,665.446
1/20/1998,662.614
1/21/1998,673.941
1/22/1998,702.258
1/23/1998,710.753
1/24/1998,707.921
1/25/1998,702.258
1/26/1998,679.604
1/27/1998,642.792
1/28/1998,645.624
1/29/1998,642.792
1/30/1998,639.961
1/31/1998,639.961
2/1/1998,648.456
2/2/1998,645.624
2/3/1998,665.446
2/4/1998,682.436
2/5/1998,688.099
2/6/1998,679.604
2/7/1998,699.426
2/8/1998,707.921
2/9/1998,707.921
2/10/1998,710.753
2/11/1998,716.416
2/12/1998,710.753
2/13/1998,707.921
2/14/1998,710.753
2/15/1998,696.594
2/16/1998,690.931
2/17/1998,710.753
2/18/1998,713.585
2/19/1998,707.921
2/20/1998,707.921
2/21/1998,702.258
2/22/1998,699.426
2/23/1998,688.099
2/24/1998,705.089
2/25/1998,705.089
2/26/1998,702.258
2/27/1998,705.089
2/28/1998,707.921
3/1/1998,705.089
3/2/1998,560.674
3/3/1998,563.505
3/4/1998,549.347
3/5/1998,563.505
3/6/1998,569.169
3/7/1998,563.505
3/8/1998,560.674
3/9/1998,569.169
3/10/1998,563.505
3/11/1998,535.188
3/12/1998,487.05
3/13/1998,495.545
3/14/1998,509.703
3/15/1998,501.208
3/16/1998,506.872
3/17/1998,509.703
3/18/1998,512.535
3/19/1998,504.04
3/20/1998,506.872
3/21/1998,509.703
3/22/1998,529.525
3/23/1998,540.852
3/24/1998,560.674
3/25/1998,569.169
3/26/1998,566.337
3/27/1998,563.505
3/28/1998,569.169
3/29/1998,566.337
3/30/1998,566.337
3/31/1998,569.169
4/1/1998,563.505
4/2/1998,577.664
4/3/1998,588.99
4/4/1998,563.505
4/5/1998,584.177
4/6/1998,566.337
4/7/1998,552.179
4/8/1998,566.337
4/9/1998,569.169
4/10/1998,555.01
4/11/1998,557.842
4/12/1998,555.01
4/13/1998,560.674
4/14/1998,557.842
4/15/1998,552.179
4/16/1998,563.505
4/17/1998,552.179
4/18/1998,489.881
4/19/1998,498.377
4/20/1998,478.555
4/21/1998,484.218
4/22/1998,475.723
4/23/1998,557.842
4/24/1998,555.01
4/25/1998,549.347
4/26/1998,566.337
4/27/1998,560.674
4/28/1998,560.674
4/29/1998,563.505
4/30/1998,569.169
5/1/1998,546.515
5/2/1998,572
5/3/1998,569.169
5/4/1998,574.832
5/5/1998,614.476
5/6/1998,634.297
5/7/1998,634.297
5/8/1998,654.119
5/9/1998,639.961
5/10/1998,648.456
5/11/1998,642.792
5/12/1998,622.971
5/13/1998,671.109
5/14/1998,733.406
5/15/1998,724.911
5/16/1998,741.901
5/17/1998,741.901
5/18/1998,741.901
5/19/1998,736.238
5/20/1998,730.575
5/21/1998,739.07
5/22/1998,736.238
5/23/1998,736.238
5/24/1998,730.575
5/25/1998,724.911
5/26/1998,739.07
5/27/1998,741.901
5/28/1998,744.733
5/29/1998,733.406
5/30/1998,724.911
5/31/1998,730.575
6/1/1998,733.406
6/2/1998,733.406
6/3/1998,736.238
6/4/1998,702.258
6/5/1998,710.753
6/6/1998,733.406
6/7/1998,733.406
6/8/1998,739.07
6/9/1998,733.406
6/10/1998,722.08
6/11/1998,736.238
6/12/1998,736.238
6/13/1998,730.575
6/14/1998,733.406
6/15/1998,727.743
6/16/1998,730.575
6/17/1998,733.406
6/18/1998,719.248
6/19/1998,722.08
6/20/1998,716.416
6/21/1998,722.08
6/22/1998,716.416
6/23/1998,739.07
6/24/1998,736.238
6/25/1998,747.565
6/26/1998,741.901
6/27/1998,730.575
6/28/1998,713.585
6/29/1998,713.585
6/30/1998,705.089
7/1/1998,710.753
7/2/1998,710.753
7/3/1998,665.446
7/4/1998,659.783
7/5/1998,679.604
7/6/1998,668.278
7/7/1998,699.426
7/8/1998,682.436
7/9/1998,682.436
7/10/1998,685.268
7/11/1998,682.436
7/12/1998,673.941
7/13/1998,679.604
7/14/1998,682.436
7/15/1998,676.773
7/16/1998,690.931
7/17/1998,688.099
7/18/1998,676.773
7/19/1998,685.268
7/20/1998,690.931
7/21/1998,679.604
7/22/1998,671.109
7/23/1998,673.941
7/24/1998,671.109
7/25/1998,673.941
7/26/1998,656.951
7/27/1998,676.773
7/28/1998,685.268
7/29/1998,673.941
7/30/1998,676.773
7/31/1998,656.951
8/1/1998,682.436
8/2/1998,685.268
8/3/1998,679.604
8/4/1998,679.604
8/5/1998,676.773
8/6/1998,679.604
8/7/1998,676.773
8/8/1998,659.783
8/9/1998,673.941
8/10/1998,682.436
8/11/1998,696.594
8/12/1998,702.258
8/13/1998,699.426
8/14/1998,685.268
8/15/1998,676.773
8/16/1998,673.941
8/17/1998,671.109
8/18/1998,676.773
8/19/1998,693.763
8/20/1998,685.268
8/21/1998,682.436
8/22/1998,676.773
8/23/1998,662.614
8/24/1998,688.099
8/25/1998,679.604
8/26/1998,682.436
8/27/1998,679.604
8/28/1998,676.773
8/29/1998,662.614
8/30/1998,676.773
8/31/1998,673.941
9/1/1998,625.802
9/2/1998,614.476
9/3/1998,648.456
9/4/1998,614.476
9/5/1998,639.961
9/6/1998,622.971
9/7/1998,634.297
9/8/1998,622.971
9/9/1998,628.634
9/10/1998,620.139
9/11/1998,648.456
9/12/1998,702.258
9/13/1998,637.129
9/14/1998,529.525
9/15/1998,467.228
9/16/1998,577.664
9/17/1998,566.337
9/18/1998,574.832
9/19/1998,563.505
9/20/1998,569.169
9/21/1998,566.337
9/22/1998,566.337
9/23/1998,574.832
9/24/1998,620.139
9/25/1998,625.802
9/26/1998,577.664
9/27/1998,586.159
9/28/1998,574.832
9/29/1998,580.495
9/30/1998,600.317
10/1/1998,583.327
10/2/1998,498.377
10/3/1998,467.228
10/4/1998,461.565
10/5/1998,478.555
10/6/1998,461.565
10/7/1998,529.525
10/8/1998,572
10/9/1998,588.99
10/10/1998,538.02
10/11/1998,472.891
10/12/1998,464.396
10/13/1998,470.06
10/14/1998,458.733
10/15/1998,444.574
10/16/1998,461.565
10/17/1998,464.396
10/18/1998,450.238
10/19/1998,464.396
10/20/1998,472.891
10/21/1998,467.228
10/22/1998,455.901
10/23/1998,495.545
10/24/1998,478.555
10/25/1998,509.703
10/26/1998,467.228
10/27/1998,464.396
10/28/1998,467.228
10/29/1998,458.733
10/30/1998,450.238
10/31/1998,481.386
11/1/1998,453.07
11/2/1998,495.545
11/3/1998,467.228
11/4/1998,535.188
11/5/1998,583.327
11/6/1998,569.169
11/7/1998,591.822
11/8/1998,597.485
11/9/1998,591.822
11/10/1998,608.812
11/11/1998,588.99
11/12/1998,600.317
11/13/1998,586.159
11/14/1998,588.99
11/15/1998,594.654
11/16/1998,572
11/17/1998,560.674
11/18/1998,572
11/19/1998,583.327
11/20/1998,597.485
11/21/1998,600.317
11/22/1998,597.485
11/23/1998,597.485
11/24/1998,600.317
11/25/1998,611.644
11/26/1998,614.476
11/27/1998,608.812
11/28/1998,611.644
11/29/1998,617.307
11/30/1998,620.139
12/1/1998,594.654
12/2/1998,611.644
12/3/1998,656.951
12/4/1998,597.485
12/5/1998,620.139
12/6/1998,637.129
12/7/1998,614.476
12/8/1998,600.317
12/9/1998,605.981
12/10/1998,614.476
12/11/1998,611.644
12/12/1998,603.149
12/13/1998,614.476
12/14/1998,608.812
12/15/1998,605.981
12/16/1998,603.149
12/17/1998,577.664
12/18/1998,563.505
12/19/1998,566.337
12/20/1998,563.505
12/21/1998,566.337
12/22/1998,572
12/23/1998,572
12/24/1998,557.842
12/25/1998,566.337
12/26/1998,569.169
12/27/1998,572
12/28/1998,577.664
12/29/1998,583.327
12/30/1998,577.664
12/31/1998,591.822
1/1/1999,611.644
1/2/1999,611.644
1/3/1999,645.624
1/4/1999,642.792
1/5/1999,676.773
1/6/1999,668.278
1/7/1999,682.436
1/8/1999,668.278
1/9/1999,679.604
1/10/1999,679.604
1/11/1999,707.921
1/12/1999,707.921
1/13/1999,705.089
1/14/1999,705.089
1/15/1999,707.921
1/16/1999,705.089
1/17/1999,696.594
1/18/1999,699.426
1/19/1999,713.585
1/20/1999,753.228
1/21/1999,736.238
1/22/1999,727.743
1/23/1999,727.743
1/24/1999,733.406
1/25/1999,724.911
1/26/1999,727.743
1/27/1999,736.238
1/28/1999,730.575
1/29/1999,730.575
1/30/1999,736.238
1/31/1999,739.07
2/1/1999,741.901
2/2/1999,730.575
2/3/1999,773.05
2/4/1999,761.723
2/5/1999,758.891
2/6/1999,741.901
2/7/1999,747.565
2/8/1999,761.723
2/9/1999,761.723
2/10/1999,758.891
2/11/1999,744.733
2/12/1999,758.891
2/13/1999,733.406
2/14/1999,750.396
2/15/1999,767.387
2/16/1999,747.565
2/17/1999,758.891
2/18/1999,753.228
2/19/1999,753.228
2/20/1999,767.387
2/21/1999,770.218
2/22/1999,758.891
2/23/1999,764.555
2/24/1999,761.723
2/25/1999,753.228
2/26/1999,764.555
2/27/1999,761.723
2/28/1999,761.723
3/1/1999,716.416
3/2/1999,656.951
3/3/1999,654.119
3/4/1999,648.456
3/5/1999,654.119
3/6/1999,648.456
3/7/1999,656.951
3/8/1999,662.614
3/9/1999,654.119
3/10/1999,654.119
3/11/1999,648.456
3/12/1999,662.614
3/13/1999,659.783
3/14/1999,654.119
3/15/1999,659.783
3/16/1999,682.436
3/17/1999,679.604
3/18/1999,690.931
3/19/1999,679.604
3/20/1999,682.436
3/21/1999,688.099
3/22/1999,688.099
3/23/1999,671.109
3/24/1999,688.099
3/25/1999,682.436
3/26/1999,668.278
3/27/1999,676.773
3/28/1999,679.604
3/29/1999,673.941
3/30/1999,676.773
3/31/1999,671.109
4/1/1999,673.941
4/2/1999,727.743
4/3/1999,821.189
4/4/1999,834.497
4/5/1999,756.06
4/6/1999,807.03
4/7/1999,812.694
4/8/1999,798.535
4/9/1999,821.189
4/10/1999,824.02
4/11/1999,807.03
4/12/1999,826.852
4/13/1999,835.347
4/14/1999,832.515
4/15/1999,832.515
4/16/1999,826.852
4/17/1999,807.03
4/18/1999,832.515
4/19/1999,775.882
4/20/1999,724.911
4/21/1999,699.426
4/22/1999,719.248
4/23/1999,702.258
4/24/1999,696.594
4/25/1999,696.594
4/26/1999,707.921
4/27/1999,722.08
4/28/1999,710.753
4/29/1999,707.921
4/30/1999,713.585
5/1/1999,710.753
5/2/1999,705.089
5/3/1999,688.099
5/4/1999,690.931
5/5/1999,699.426
5/6/1999,688.099
5/7/1999,690.931
5/8/1999,696.594
5/9/1999,716.416
5/10/1999,713.585
5/11/1999,713.585
5/12/1999,719.248
5/13/1999,716.416
5/14/1999,722.08
5/15/1999,719.248
5/16/1999,699.426
5/17/1999,710.753
5/18/1999,707.921
5/19/1999,702.258
5/20/1999,702.258
5/21/1999,693.763
5/22/1999,739.07
5/23/1999,818.357
5/24/1999,812.694
5/25/1999,841.01
5/26/1999,835.347
5/27/1999,824.02
5/28/1999,841.01
5/29/1999,826.852
5/30/1999,821.189
5/31/1999,826.852
6/1/1999,846.674
6/2/1999,846.674
6/3/1999,841.01
6/4/1999,846.674
6/5/1999,832.515
6/6/1999,832.515
6/7/1999,855.169
6/8/1999,841.01
6/9/1999,841.01
6/10/1999,843.842
6/11/1999,829.684
6/12/1999,838.179
6/13/1999,824.02
6/14/1999,841.01
6/15/1999,843.842
6/16/1999,841.01
6/17/1999,846.674
6/18/1999,838.179
6/19/1999,841.01
6/20/1999,849.505
6/21/1999,849.505
6/22/1999,849.505
6/23/1999,849.505
6/24/1999,849.505
6/25/1999,846.674
6/26/1999,841.01
6/27/1999,838.179
6/28/1999,835.347
6/29/1999,835.347
6/30/1999,835.347
7/1/1999,835.347
7/2/1999,835.347
7/3/1999,841.01
7/4/1999,832.515
7/5/1999,843.842
7/6/1999,846.674
7/7/1999,843.842
7/8/1999,852.337
7/9/1999,841.01
7/10/1999,849.505
7/11/1999,849.505
7/12/1999,841.01
7/13/1999,787.208
7/14/1999,787.208
7/15/1999,784.377
7/16/1999,787.208
7/17/1999,795.703
7/18/1999,792.872
7/19/1999,795.703
7/20/1999,798.535
7/21/1999,798.535
7/22/1999,798.535
7/23/1999,798.535
7/24/1999,792.872
7/25/1999,795.703
7/26/1999,784.377
7/27/1999,795.703
7/28/1999,781.545
7/29/1999,781.545
7/30/1999,790.04
7/31/1999,787.208
8/1/1999,787.208
8/2/1999,798.535
8/3/1999,795.703
8/4/1999,790.04
8/5/1999,792.872
8/6/1999,795.703
8/7/1999,778.713
8/8/1999,792.872
8/9/1999,778.713
8/10/1999,792.872
8/11/1999,801.367
8/12/1999,795.703
8/13/1999,792.872
8/14/1999,784.377
8/15/1999,781.545
8/16/1999,787.208
8/17/1999,781.545
8/18/1999,792.872
8/19/1999,787.208
8/20/1999,781.545
8/21/1999,798.535
8/22/1999,792.872
8/23/1999,795.703
8/24/1999,798.535
8/25/1999,792.872
8/26/1999,812.694
8/27/1999,795.703
8/28/1999,792.872
8/29/1999,795.703
8/30/1999,781.545
8/31/1999,719.248
9/1/1999,730.575
9/2/1999,744.733
9/3/1999,716.416
9/4/1999,679.604
9/5/1999,690.931
9/6/1999,693.763
9/7/1999,671.109
9/8/1999,654.119
9/9/1999,645.624
9/10/1999,642.792
9/11/1999,665.446
9/12/1999,656.951
9/13/1999,634.297
9/14/1999,639.961
9/15/1999,651.287
9/16/1999,639.961
9/17/1999,651.287
9/18/1999,682.436
9/19/1999,668.278
9/20/1999,659.783
9/21/1999,693.763
9/22/1999,523.862
9/23/1999,671.109
9/24/1999,665.446
9/25/1999,673.941
9/26/1999,651.287
9/27/1999,659.783
9/28/1999,642.792
9/29/1999,659.783
9/30/1999,622.971
10/1/1999,741.901
10/2/1999,756.06
10/3/1999,654.119
10/4/1999,580.495
10/5/1999,518.198
10/6/1999,523.862
10/7/1999,504.04
10/8/1999,478.555
10/9/1999,504.04
10/10/1999,512.535
10/11/1999,498.377
10/12/1999,512.535
10/13/1999,518.198
10/14/1999,498.377
10/15/1999,509.703
10/16/1999,552.179
10/17/1999,506.872
10/18/1999,501.208
10/19/1999,518.198
10/20/1999,498.377
10/21/1999,501.208
10/22/1999,515.367
10/23/1999,540.852
10/24/1999,501.208
10/25/1999,521.03
10/26/1999,543.683
10/27/1999,543.683
10/28/1999,498.377
10/29/1999,492.713
10/30/1999,501.208
10/31/1999,472.891
11/1/1999,501.208
11/2/1999,495.545
11/3/1999,509.703
11/4/1999,475.723
11/5/1999,475.723
11/6/1999,475.723
11/7/1999,492.713
11/8/1999,481.386
11/9/1999,475.723
11/10/1999,518.198
11/11/1999,484.218
11/12/1999,487.05
11/13/1999,495.545
11/14/1999,487.05
11/15/1999,470.06
11/16/1999,509.703
11/17/1999,506.872
11/18/1999,484.218
11/19/1999,489.881
11/20/1999,489.881
11/21/1999,489.881
11/22/1999,498.377
11/23/1999,487.05
11/24/1999,487.05
11/25/1999,489.881
11/26/1999,478.555
11/27/1999,506.872
11/28/1999,506.872
11/29/1999,543.683
11/30/1999,557.842
12/1/1999,566.337
12/2/1999,574.832
12/3/1999,515.367
12/4/1999,521.03
12/5/1999,501.208
12/6/1999,506.872
12/7/1999,509.703
12/8/1999,518.198
12/9/1999,518.198
12/10/1999,518.198
12/11/1999,521.03
12/12/1999,512.535
12/13/1999,512.535
12/14/1999,515.367
12/15/1999,509.703
12/16/1999,504.04
12/17/1999,512.535
12/18/1999,603.149
12/19/1999,608.812
12/20/1999,634.297
12/21/1999,603.149
12/22/1999,566.337
12/23/1999,560.674
12/24/1999,572
12/25/1999,574.832
12/26/1999,569.169
12/27/1999,594.654
12/28/1999,611.644
12/29/1999,608.812
12/30/1999,620.139
12/31/1999,603.149
1/1/2000,605.981
1/2/2000,600.317
1/3/2000,591.822
1/4/2000,566.337
1/5/2000,563.505
1/6/2000,569.169
1/7/2000,560.674
1/8/2000,563.505
1/9/2000,555.01
1/10/2000,557.842
1/11/2000,566.337
1/12/2000,566.337
1/13/2000,569.169
1/14/2000,566.337
1/15/2000,538.02
1/16/2000,540.852
1/17/2000,557.842
1/18/2000,563.505
1/19/2000,572
1/20/2000,563.505
1/21/2000,591.822
1/22/2000,594.654
1/23/2000,597.485
1/24/2000,588.99
1/25/2000,628.634
1/26/2000,631.466
1/27/2000,620.139
1/28/2000,645.624
1/29/2000,659.783
1/30/2000,654.119
1/31/2000,682.436
2/1/2000,679.604
2/2/2000,676.773
2/3/2000,696.594
2/4/2000,682.436
2/5/2000,682.436
2/6/2000,682.436
2/7/2000,682.436
2/8/2000,682.436
2/9/2000,690.931
2/10/2000,688.099
2/11/2000,685.268
2/12/2000,676.773
2/13/2000,679.604
2/14/2000,676.773
2/15/2000,682.436
2/16/2000,679.604
2/17/2000,679.604
2/18/2000,676.773
2/19/2000,690.931
2/20/2000,693.763
2/21/2000,682.436
2/22/2000,679.604
2/23/2000,671.109
2/24/2000,682.436
2/25/2000,676.773
2/26/2000,679.604
2/27/2000,679.604
2/28/2000,671.109
2/29/2000,685.268
3/1/2000,685.268
3/2/2000,685.268
3/3/2000,676.773
3/4/2000,637.129
3/5/2000,628.634
3/6/2000,574.832
3/7/2000,557.842
3/8/2000,515.367
3/9/2000,487.05
3/10/2000,489.881
3/11/2000,489.881
3/12/2000,487.05
3/13/2000,498.377
3/14/2000,489.881
3/15/2000,481.386
3/16/2000,484.218
3/17/2000,489.881
3/18/2000,484.218
3/19/2000,481.386
3/20/2000,475.723
3/21/2000,484.218
3/22/2000,481.386
3/23/2000,478.555
3/24/2000,481.386
3/25/2000,484.218
3/26/2000,475.723
3/27/2000,484.218
3/28/2000,484.218
3/29/2000,481.386
3/30/2000,484.218
3/31/2000,481.386
4/1/2000,461.565
4/2/2000,489.881
4/3/2000,484.218
4/4/2000,569.169
4/5/2000,563.505
4/6/2000,569.169
4/7/2000,566.337
4/8/2000,566.337
4/9/2000,569.169
4/10/2000,569.169
4/11/2000,572
4/12/2000,572
4/13/2000,569.169
4/14/2000,574.832
4/15/2000,569.169
4/16/2000,572
4/17/2000,572
4/18/2000,572
4/19/2000,566.337
4/20/2000,572
4/21/2000,566.337
4/22/2000,566.337
4/23/2000,566.337
4/24/2000,540.852
4/25/2000,569.169
4/26/2000,563.505
4/27/2000,563.505
4/28/2000,506.872
4/29/2000,498.377
4/30/2000,509.703
5/1/2000,518.198
5/2/2000,512.535
5/3/2000,509.703
5/4/2000,509.703
5/5/2000,509.703
5/6/2000,504.04
5/7/2000,506.872
5/8/2000,504.04
5/9/2000,501.208
5/10/2000,501.208
5/11/2000,504.04
5/12/2000,501.208
5/13/2000,580.495
5/14/2000,651.287
5/15/2000,722.08
5/16/2000,727.743
5/17/2000,727.743
5/18/2000,722.08
5/19/2000,719.248
5/20/2000,719.248
5/21/2000,699.426
5/22/2000,727.743
5/23/2000,730.575
5/24/2000,722.08
5/25/2000,716.416
5/26/2000,727.743
5/27/2000,722.08
5/28/2000,722.08
5/29/2000,710.753
5/30/2000,724.911
5/31/2000,722.08
6/1/2000,722.08
6/2/2000,705.089
6/3/2000,730.575
6/4/2000,713.585
6/5/2000,722.08
6/6/2000,719.248
6/7/2000,716.416
6/8/2000,713.585
6/9/2000,719.248
6/10/2000,671.109
6/11/2000,668.278
6/12/2000,671.109
6/13/2000,679.604
6/14/2000,673.941
6/15/2000,682.436
6/16/2000,679.604
6/17/2000,671.109
6/18/2000,673.941
6/19/2000,673.941
6/20/2000,679.604
6/21/2000,679.604
6/22/2000,676.773
6/23/2000,682.436
6/24/2000,673.941
6/25/2000,662.614
6/26/2000,676.773
6/27/2000,673.941
6/28/2000,673.941
6/29/2000,676.773
6/30/2000,668.278
7/1/2000,673.941
7/2/2000,671.109
7/3/2000,673.941
7/4/2000,676.773
7/5/2000,679.604
7/6/2000,668.278
7/7/2000,665.446
7/8/2000,662.614
7/9/2000,668.278
7/10/2000,662.614
7/11/2000,659.783
7/12/2000,654.119
7/13/2000,665.446
7/14/2000,665.446
7/15/2000,662.614
7/16/2000,662.614
7/17/2000,659.783
7/18/2000,665.446
7/19/2000,668.278
7/20/2000,665.446
7/21/2000,662.614
7/22/2000,662.614
7/23/2000,665.446
7/24/2000,662.614
7/25/2000,668.278
7/26/2000,671.109
7/27/2000,673.941
7/28/2000,665.446
7/29/2000,665.446
7/30/2000,668.278
7/31/2000,668.278
8/1/2000,668.278
8/2/2000,665.446
8/3/2000,656.951
8/4/2000,656.951
8/5/2000,648.456
8/6/2000,648.456
8/7/2000,656.951
8/8/2000,654.119
8/9/2000,651.287
8/10/2000,651.287
8/11/2000,656.951
8/12/2000,654.119
8/13/2000,651.287
8/14/2000,651.287
8/15/2000,668.278
8/16/2000,656.951
8/17/2000,656.951
8/18/2000,654.119
8/19/2000,656.951
8/20/2000,656.951
8/21/2000,656.951
8/22/2000,651.287
8/23/2000,651.287
8/24/2000,648.456
8/25/2000,648.456
8/26/2000,651.287
8/27/2000,651.287
8/28/2000,654.119
8/29/2000,659.783
8/30/2000,656.951
8/31/2000,648.456
9/1/2000,656.951
9/2/2000,648.456
9/3/2000,662.614
9/4/2000,662.614
9/5/2000,659.783
9/6/2000,656.951
9/7/2000,651.287
9/8/2000,651.287
9/9/2000,654.119
9/10/2000,572
9/11/2000,487.05
9/12/2000,427.584
9/13/2000,430.416
9/14/2000,433.248
9/15/2000,419.089
9/16/2000,416.258
9/17/2000,447.406
9/18/2000,475.723
9/19/2000,489.881
9/20/2000,444.574
9/21/2000,430.416
9/22/2000,430.416
9/23/2000,419.089
9/24/2000,419.089
9/25/2000,430.416
9/26/2000,438.911
9/27/2000,438.911
9/28/2000,427.584
9/29/2000,436.079
9/30/2000,430.416
10/1/2000,424.753
10/2/2000,421.921
10/3/2000,427.584
10/4/2000,385.109
10/5/2000,396.436
10/6/2000,399.268
10/7/2000,399.268
10/8/2000,393.604
10/9/2000,413.426
10/10/2000,396.436
10/11/2000,390.772
10/12/2000,396.436
10/13/2000,393.604
10/14/2000,419.089
10/15/2000,399.268
10/16/2000,390.772
10/17/2000,396.436
10/18/2000,393.604
10/19/2000,413.426
10/20/2000,390.772
10/21/2000,393.604
10/22/2000,396.436
10/23/2000,404.931
10/24/2000,407.763
10/25/2000,402.099
10/26/2000,410.594
10/27/2000,404.931
10/28/2000,402.099
10/29/2000,402.099
10/30/2000,404.931
10/31/2000,404.931
11/1/2000,396.436
11/2/2000,393.604
11/3/2000,410.594
11/4/2000,373.782
11/5/2000,370.951
11/6/2000,458.733
11/7/2000,597.485
11/8/2000,688.099
11/9/2000,770.218
11/10/2000,764.555
11/11/2000,753.228
11/12/2000,747.565
11/13/2000,767.387
11/14/2000,761.723
11/15/2000,741.901
11/16/2000,750.396
11/17/2000,747.565
11/18/2000,676.773
11/19/2000,642.792
11/20/2000,574.832
11/21/2000,600.317
11/22/2000,563.505
11/23/2000,557.842
11/24/2000,557.842
11/25/2000,518.198
11/26/2000,518.198
11/27/2000,518.198
11/28/2000,518.198
11/29/2000,526.693
11/30/2000,521.03
12/1/2000,523.862
12/2/2000,504.04
12/3/2000,506.872
12/4/2000,515.367
12/5/2000,515.367
12/6/2000,509.703
12/7/2000,512.535
12/8/2000,518.198
12/9/2000,515.367
12/10/2000,509.703
12/11/2000,512.535
12/12/2000,521.03
12/13/2000,509.703
12/14/2000,515.367
12/15/2000,509.703
12/16/2000,498.377
12/17/2000,512.535
12/18/2000,512.535
12/19/2000,504.04
12/20/2000,512.535
12/21/2000,521.03
12/22/2000,509.703
12/23/2000,521.03
12/24/2000,509.703
12/25/2000,526.693
12/26/2000,495.545
12/27/2000,521.03
12/28/2000,506.872
12/29/2000,506.872
12/30/2000,504.04
12/31/2000,504.04
1/1/2001,504.04
1/2/2001,506.872
1/3/2001,506.872
1/4/2001,538.02
1/5/2001,538.02
1/6/2001,523.862
1/7/2001,532.357
1/8/2001,526.693
1/9/2001,532.357
1/10/2001,540.852
1/11/2001,543.683
1/12/2001,535.188
1/13/2001,523.862
1/14/2001,538.02
1/15/2001,535.188
1/16/2001,535.188
1/17/2001,526.693
1/18/2001,538.02
1/19/2001,529.525
1/20/2001,543.683
1/21/2001,532.357
1/22/2001,535.188
1/23/2001,535.188
1/24/2001,549.347
1/25/2001,538.02
1/26/2001,543.683
1/27/2001,535.188
1/28/2001,538.02
1/29/2001,540.852
1/30/2001,535.188
1/31/2001,501.208
2/1/2001,521.03
2/2/2001,478.555
2/3/2001,484.218
2/4/2001,489.881
2/5/2001,481.386
2/6/2001,487.05
2/7/2001,487.05
2/8/2001,487.05
2/9/2001,481.386
2/10/2001,492.713
2/11/2001,478.555
2/12/2001,492.713
2/13/2001,487.05
2/14/2001,472.891
2/15/2001,475.723
2/16/2001,478.555
2/17/2001,481.386
2/18/2001,481.386
2/19/2001,484.218
2/20/2001,489.881
2/21/2001,489.881
2/22/2001,487.05
2/23/2001,478.555
2/24/2001,481.386
2/25/2001,453.07
2/26/2001,444.574
2/27/2001,453.07
2/28/2001,424.753
3/1/2001,427.584
3/2/2001,424.753
3/3/2001,404.931
3/4/2001,404.931
3/5/2001,393.604
3/6/2001,370.951
3/7/2001,379.446
3/8/2001,370.951
3/9/2001,376.614
3/10/2001,368.119
3/11/2001,393.604
3/12/2001,370.951
3/13/2001,365.287
3/14/2001,370.951
3/15/2001,393.604
3/16/2001,362.456
3/17/2001,339.802
3/18/2001,334.139
3/19/2001,339.802
3/20/2001,336.97
3/21/2001,334.139
3/22/2001,348.297
3/23/2001,342.634
3/24/2001,336.97
3/25/2001,351.129
3/26/2001,359.624
3/27/2001,339.802
3/28/2001,339.802
3/29/2001,339.802
3/30/2001,339.802
3/31/2001,336.97
4/1/2001,331.024
4/2/2001,336.97
4/3/2001,342.634
4/4/2001,342.634
4/5/2001,342.634
4/6/2001,365.287
4/7/2001,365.287
4/8/2001,356.792
4/9/2001,353.961
4/10/2001,365.287
4/11/2001,362.456
4/12/2001,345.466
4/13/2001,365.287
4/14/2001,385.109
4/15/2001,365.287
4/16/2001,376.614
4/17/2001,353.961
4/18/2001,365.287
4/19/2001,362.456
4/20/2001,353.961
4/21/2001,359.624
4/22/2001,345.466
4/23/2001,348.297
4/24/2001,342.634
4/25/2001,345.466
4/26/2001,368.119
4/27/2001,351.129
4/28/2001,353.961
4/29/2001,334.139
4/30/2001,339.802
5/1/2001,317.149
5/2/2001,305.822
5/3/2001,322.812
5/4/2001,311.485
5/5/2001,311.485
5/6/2001,314.317
5/7/2001,300.159
5/8/2001,319.98
5/9/2001,331.307
5/10/2001,317.149
5/11/2001,317.149
5/12/2001,314.317
5/13/2001,311.485
5/14/2001,390.772
5/15/2001,317.149
5/16/2001,302.99
5/17/2001,311.485
5/18/2001,302.99
5/19/2001,382.277
5/20/2001,385.109
5/21/2001,379.446
5/22/2001,393.604
5/23/2001,390.772
5/24/2001,387.941
5/25/2001,393.604
5/26/2001,399.268
5/27/2001,385.109
5/28/2001,393.604
5/29/2001,393.604
5/30/2001,390.772
5/31/2001,396.436
6/1/2001,387.941
6/2/2001,396.436
6/3/2001,387.941
6/4/2001,396.436
6/5/2001,390.772
6/6/2001,393.604
6/7/2001,396.436
6/8/2001,393.604
6/9/2001,396.436
6/10/2001,396.436
6/11/2001,390.772
6/12/2001,390.772
6/13/2001,393.604
6/14/2001,393.604
6/15/2001,390.772
6/16/2001,387.941
6/17/2001,387.941
6/18/2001,382.277
6/19/2001,390.772
6/20/2001,393.604
6/21/2001,396.436
6/22/2001,387.941
6/23/2001,393.604
6/24/2001,387.941
6/25/2001,390.772
6/26/2001,390.772
6/27/2001,379.446
6/28/2001,393.604
6/29/2001,390.772
6/30/2001,399.268
7/1/2001,393.604
7/2/2001,390.772
7/3/2001,393.604
7/4/2001,396.436
7/5/2001,390.772
7/6/2001,390.772
7/7/2001,393.604
7/8/2001,387.941
7/9/2001,393.604
7/10/2001,387.941
7/11/2001,390.772
7/12/2001,385.109
7/13/2001,393.604
7/14/2001,396.436
7/15/2001,387.941
7/16/2001,390.772
7/17/2001,373.782
7/18/2001,393.604
7/19/2001,390.772
7/20/2001,393.604
7/21/2001,393.604
7/22/2001,387.941
7/23/2001,387.941
7/24/2001,387.941
7/25/2001,385.109
7/26/2001,385.109
7/27/2001,387.941
7/28/2001,393.604
7/29/2001,396.436
7/30/2001,393.604
7/31/2001,390.772
8/1/2001,390.772
8/2/2001,399.268
8/3/2001,393.604
8/4/2001,393.604
8/5/2001,393.604
8/6/2001,396.436
8/7/2001,396.436
8/8/2001,393.604
8/9/2001,396.436
8/10/2001,393.604
8/11/2001,396.436
8/12/2001,396.436
8/13/2001,390.772
8/14/2001,390.772
8/15/2001,390.772
8/16/2001,387.941
8/17/2001,390.772
8/18/2001,393.604
8/19/2001,399.268
8/20/2001,393.604
8/21/2001,396.436
8/22/2001,393.604
8/23/2001,402.099
8/24/2001,402.099
8/25/2001,396.436
8/26/2001,399.268
8/27/2001,396.436
8/28/2001,396.436
8/29/2001,399.268
8/30/2001,396.436
8/31/2001,402.099
9/1/2001,402.099
9/2/2001,399.268
9/3/2001,404.931
9/4/2001,376.614
9/5/2001,356.792
9/6/2001,351.129
9/7/2001,353.961
9/8/2001,336.97
9/9/2001,336.97
9/10/2001,336.97
9/11/2001,322.812
9/12/2001,328.475
9/13/2001,317.149
9/14/2001,314.317
9/15/2001,314.317
9/16/2001,302.99
9/17/2001,300.159
9/18/2001,297.327
9/19/2001,288.832
9/20/2001,302.99
9/21/2001,291.664
9/22/2001,294.495
9/23/2001,300.159
9/24/2001,294.495
9/25/2001,297.327
9/26/2001,302.99
9/27/2001,322.812
9/28/2001,288.832
9/29/2001,291.664
9/30/2001,283.168
10/1/2001,286
10/2/2001,286
10/3/2001,283.168
10/4/2001,286
10/5/2001,291.664
10/6/2001,283.168
10/7/2001,294.495
10/8/2001,291.664
10/9/2001,286
10/10/2001,297.327
10/11/2001,283.168
10/12/2001,288.832
10/13/2001,286
10/14/2001,291.664
10/15/2001,286
10/16/2001,291.664
10/17/2001,286
10/18/2001,288.832
10/19/2001,283.168
10/20/2001,286
10/21/2001,286
10/22/2001,288.832
10/23/2001,288.832
10/24/2001,291.664
10/25/2001,297.327
10/26/2001,291.664
10/27/2001,286
10/28/2001,294.495
10/29/2001,286
10/30/2001,305.822
10/31/2001,280.337
11/1/2001,283.168
11/2/2001,283.168
11/3/2001,280.337
11/4/2001,288.832
11/5/2001,291.664
11/6/2001,288.832
11/7/2001,288.832
11/8/2001,286
11/9/2001,288.832
11/10/2001,286
11/11/2001,283.168
11/12/2001,283.168
11/13/2001,288.832
11/14/2001,288.832
11/15/2001,286
11/16/2001,294.495
11/17/2001,291.664
11/18/2001,288.832
11/19/2001,297.327
11/20/2001,288.832
11/21/2001,286
11/22/2001,302.99
11/23/2001,286
11/24/2001,294.495
11/25/2001,300.159
11/26/2001,345.466
11/27/2001,351.129
11/28/2001,353.961
11/29/2001,362.456
11/30/2001,359.624
12/1/2001,368.119
12/2/2001,368.119
12/3/2001,359.624
12/4/2001,356.792
12/5/2001,362.456
12/6/2001,356.792
12/7/2001,368.119
12/8/2001,365.287
12/9/2001,368.119
12/10/2001,368.119
12/11/2001,368.119
12/12/2001,362.456
12/13/2001,365.287
12/14/2001,365.287
12/15/2001,370.951
12/16/2001,370.951
12/17/2001,362.456
12/18/2001,362.456
12/19/2001,359.624
12/20/2001,362.456
12/21/2001,365.287
12/22/2001,373.782
12/23/2001,376.614
12/24/2001,362.456
12/25/2001,368.119
12/26/2001,368.119
12/27/2001,368.119
12/28/2001,359.624
12/29/2001,362.456
12/30/2001,359.624
12/31/2001,365.287
1/1/2002,368.119
1/2/2002,368.119
1/3/2002,368.119
1/4/2002,368.119
1/5/2002,370.951
1/6/2002,370.951
1/7/2002,365.287
1/8/2002,376.614
1/9/2002,379.446
1/10/2002,368.119
1/11/2002,365.287
1/12/2002,370.951
1/13/2002,353.961
1/14/2002,368.119
1/15/2002,373.782
1/16/2002,368.119
1/17/2002,379.446
1/18/2002,359.624
1/19/2002,368.119
1/20/2002,376.614
1/21/2002,370.951
1/22/2002,370.951
1/23/2002,368.119
1/24/2002,365.287
1/25/2002,373.782
1/26/2002,370.951
1/27/2002,373.782
1/28/2002,368.119
1/29/2002,376.614
1/30/2002,370.951
1/31/2002,373.782
2/1/2002,368.119
2/2/2002,382.277
2/3/2002,373.782
2/4/2002,365.287
2/5/2002,376.614
2/6/2002,370.951
2/7/2002,376.614
2/8/2002,373.782
2/9/2002,370.951
2/10/2002,370.951
2/11/2002,379.446
2/12/2002,376.614
2/13/2002,365.287
2/14/2002,365.287
2/15/2002,370.951
2/16/2002,370.951
2/17/2002,379.446
2/18/2002,373.782
2/19/2002,370.951
2/20/2002,368.119
2/21/2002,373.782
2/22/2002,376.614
2/23/2002,368.119
2/24/2002,370.951
2/25/2002,385.109
2/26/2002,385.109
2/27/2002,393.604
2/28/2002,385.109
3/1/2002,379.446
3/2/2002,368.119
3/3/2002,368.119
3/4/2002,382.277
3/5/2002,387.941
3/6/2002,365.287
3/7/2002,373.782
3/8/2002,376.614
3/9/2002,365.287
3/10/2002,365.287
3/11/2002,365.287
3/12/2002,356.792
3/13/2002,359.624
3/14/2002,348.297
3/15/2002,348.297
3/16/2002,345.466
3/17/2002,342.634
3/18/2002,345.466
3/19/2002,351.129
3/20/2002,342.634
3/21/2002,365.287
3/22/2002,345.466
3/23/2002,345.466
3/24/2002,345.466
3/25/2002,353.961
3/26/2002,345.466
3/27/2002,336.97
3/28/2002,325.644
3/29/2002,322.812
3/30/2002,322.812
3/31/2002,317.149
4/1/2002,319.98
4/2/2002,322.812
4/3/2002,331.307
4/4/2002,314.317
4/5/2002,311.485
4/6/2002,311.485
4/7/2002,310.069
4/8/2002,302.99
4/9/2002,297.327
4/10/2002,294.495
4/11/2002,294.495
4/12/2002,302.99
4/13/2002,291.664
4/14/2002,291.664
4/15/2002,294.495
4/16/2002,291.664
4/17/2002,297.327
4/18/2002,294.495
4/19/2002,291.664
4/20/2002,302.99
4/21/2002,291.664
4/22/2002,297.327
4/23/2002,302.99
4/24/2002,294.495
4/25/2002,336.97
4/26/2002,322.812
4/27/2002,319.98
4/28/2002,317.149
4/29/2002,311.485
4/30/2002,302.99
5/1/2002,308.654
5/2/2002,305.822
5/3/2002,317.149
5/4/2002,302.99
5/5/2002,302.99
5/6/2002,317.149
5/7/2002,328.475
5/8/2002,317.149
5/9/2002,325.644
5/10/2002,331.307
5/11/2002,450.238
5/12/2002,416.258
5/13/2002,339.802
5/14/2002,319.98
5/15/2002,297.327
5/16/2002,297.327
5/17/2002,294.495
5/18/2002,288.832
5/19/2002,286
5/20/2002,294.495
5/21/2002,291.664
5/22/2002,291.664
5/23/2002,286
5/24/2002,286
5/25/2002,331.307
5/26/2002,424.753
5/27/2002,504.04
5/28/2002,583.327
5/29/2002,597.485
5/30/2002,594.654
5/31/2002,597.485
6/1/2002,597.485
6/2/2002,603.149
6/3/2002,600.317
6/4/2002,588.99
6/5/2002,600.317
6/6/2002,597.485
6/7/2002,586.159
6/8/2002,594.654
6/9/2002,580.495
6/10/2002,586.159
6/11/2002,588.99
6/12/2002,588.99
6/13/2002,591.822
6/14/2002,588.99
6/15/2002,591.822
6/16/2002,588.99
6/17/2002,591.822
6/18/2002,594.654
6/19/2002,586.159
6/20/2002,591.822
6/21/2002,594.654
6/22/2002,594.654
6/23/2002,591.822
6/24/2002,594.654
6/25/2002,586.159
6/26/2002,594.654
6/27/2002,586.159
6/28/2002,591.822
6/29/2002,586.159
6/30/2002,591.822
7/1/2002,588.99
7/2/2002,580.495
7/3/2002,591.822
7/4/2002,588.99
7/5/2002,586.159
7/6/2002,583.327
7/7/2002,591.822
7/8/2002,591.822
7/9/2002,577.664
7/10/2002,580.495
7/11/2002,583.327
7/12/2002,588.99
7/13/2002,588.99
7/14/2002,594.654
7/15/2002,597.485
7/16/2002,591.822
7/17/2002,588.99
7/18/2002,591.822
7/19/2002,591.822
7/20/2002,600.317
7/21/2002,574.832
7/22/2002,588.99
7/23/2002,580.495
7/24/2002,591.822
7/25/2002,591.822
7/26/2002,591.822
7/27/2002,591.822
7/28/2002,594.654
7/29/2002,594.654
7/30/2002,597.485
7/31/2002,583.327
8/1/2002,597.485
8/2/2002,586.159
8/3/2002,594.654
8/4/2002,591.822
8/5/2002,605.981
8/6/2002,600.317
8/7/2002,603.149
8/8/2002,600.317
8/9/2002,597.485
8/10/2002,591.822
8/11/2002,600.317
8/12/2002,594.654
8/13/2002,600.317
8/14/2002,600.317
8/15/2002,603.149
8/16/2002,597.485
8/17/2002,600.317
8/18/2002,594.654
8/19/2002,588.99
8/20/2002,597.485
8/21/2002,603.149
8/22/2002,572
8/23/2002,603.149
8/24/2002,603.149
8/25/2002,591.822
8/26/2002,605.981
8/27/2002,611.644
8/28/2002,600.317
8/29/2002,611.644
8/30/2002,614.476
8/31/2002,600.317
9/1/2002,605.981
9/2/2002,603.149
9/3/2002,586.159
9/4/2002,591.822
9/5/2002,588.99
9/6/2002,591.822
9/7/2002,591.822
9/8/2002,603.149
9/9/2002,591.822
9/10/2002,586.159
9/11/2002,577.664
9/12/2002,591.822
9/13/2002,594.654
9/14/2002,583.327
9/15/2002,529.525
9/16/2002,467.228
9/17/2002,396.436
9/18/2002,393.604
9/19/2002,390.772
9/20/2002,399.268
9/21/2002,399.268
9/22/2002,402.099
9/23/2002,396.436
9/24/2002,410.594
9/25/2002,402.099
9/26/2002,407.763
9/27/2002,396.436
9/28/2002,399.268
9/29/2002,402.099
9/30/2002,402.099
10/1/2002,379.446
10/2/2002,393.604
10/3/2002,402.099
10/4/2002,402.099
10/5/2002,402.099
10/6/2002,407.763
10/7/2002,396.436
10/8/2002,399.268
10/9/2002,390.772
10/10/2002,390.772
10/11/2002,385.109
10/12/2002,390.772
10/13/2002,393.604
10/14/2002,387.941
10/15/2002,396.436
10/16/2002,402.099
10/17/2002,396.436
10/18/2002,387.941
10/19/2002,390.772
10/20/2002,396.436
10/21/2002,387.941
10/22/2002,387.941
10/23/2002,404.931
10/24/2002,385.109
10/25/2002,368.119
10/26/2002,368.119
10/27/2002,363.022
10/28/2002,387.941
10/29/2002,407.763
10/30/2002,402.099
10/31/2002,402.099
11/1/2002,402.099
11/2/2002,455.901
11/3/2002,455.901
11/4/2002,470.06
11/5/2002,512.535
11/6/2002,512.535
11/7/2002,512.535
11/8/2002,512.535
11/9/2002,501.208
11/10/2002,515.367
11/11/2002,504.04
11/12/2002,501.208
11/13/2002,501.208
11/14/2002,501.208
11/15/2002,509.703
11/16/2002,512.535
11/17/2002,504.04
11/18/2002,504.04
11/19/2002,509.703
11/20/2002,515.367
11/21/2002,504.04
11/22/2002,504.04
11/23/2002,509.703
11/24/2002,521.03
11/25/2002,509.703
11/26/2002,563.505
11/27/2002,566.337
11/28/2002,566.337
11/29/2002,566.337
11/30/2002,566.337
12/1/2002,569.169
12/2/2002,574.832
12/3/2002,569.169
12/4/2002,563.505
12/5/2002,560.674
12/6/2002,569.169
12/7/2002,566.337
12/8/2002,583.327
12/9/2002,572
12/10/2002,569.169
12/11/2002,577.664
12/12/2002,580.495
12/13/2002,577.664
12/14/2002,563.505
12/15/2002,560.674
12/16/2002,569.169
12/17/2002,563.505
12/18/2002,555.01
12/19/2002,566.337
12/20/2002,563.505
12/21/2002,560.674
12/22/2002,560.674
12/23/2002,572
12/24/2002,566.337
12/25/2002,529.525
12/26/2002,518.198
12/27/2002,506.872
12/28/2002,509.703
12/29/2002,509.703
12/30/2002,509.703
12/31/2002,518.198
1/1/2003,552.179
1/2/2003,523.862
1/3/2003,515.367
1/4/2003,518.198
1/5/2003,501.208
1/6/2003,506.872
1/7/2003,492.713
1/8/2003,501.208
1/9/2003,492.713
1/10/2003,518.198
1/11/2003,532.357
1/12/2003,518.198
1/13/2003,515.367
1/14/2003,504.04
1/15/2003,515.367
1/16/2003,515.367
1/17/2003,518.198
1/18/2003,523.862
1/19/2003,523.862
1/20/2003,535.188
1/21/2003,529.525
1/22/2003,512.535
1/23/2003,509.703
1/24/2003,532.357
1/25/2003,538.02
1/26/2003,521.03
1/27/2003,506.872
1/28/2003,538.02
1/29/2003,560.674
1/30/2003,549.347
1/31/2003,555.01
2/1/2003,555.01
2/2/2003,574.832
2/3/2003,583.327
2/4/2003,583.327
2/5/2003,594.654
2/6/2003,605.981
2/7/2003,617.307
2/8/2003,622.971
2/9/2003,639.961
2/10/2003,637.129
2/11/2003,645.624
2/12/2003,645.624
2/13/2003,654.119
2/14/2003,656.951
2/15/2003,642.792
2/16/2003,648.456
2/17/2003,648.456
2/18/2003,651.287
2/19/2003,645.624
2/20/2003,645.624
2/21/2003,659.783
2/22/2003,645.624
2/23/2003,654.119
2/24/2003,665.446
2/25/2003,642.792
2/26/2003,651.287
2/27/2003,639.961
2/28/2003,645.624
3/1/2003,622.971
3/2/2003,628.634
3/3/2003,622.971
3/4/2003,600.317
3/5/2003,603.149
3/6/2003,603.149
3/7/2003,572
3/8/2003,569.169
3/9/2003,566.337
3/10/2003,540.852
3/11/2003,555.01
3/12/2003,546.515
3/13/2003,512.535
3/14/2003,512.535
3/15/2003,509.703
3/16/2003,478.555
3/17/2003,475.723
3/18/2003,441.743
3/19/2003,438.911
3/20/2003,416.258
3/21/2003,427.584
3/22/2003,399.268
3/23/2003,393.604
3/24/2003,393.604
3/25/2003,393.604
3/26/2003,390.772
3/27/2003,404.931
3/28/2003,399.268
3/29/2003,393.604
3/30/2003,399.268
3/31/2003,399.268
4/1/2003,390.772
4/2/2003,450.238
4/3/2003,512.535
4/4/2003,504.04
4/5/2003,504.04
4/6/2003,521.313
4/7/2003,509.703
4/8/2003,498.377
4/9/2003,501.208
4/10/2003,498.377
4/11/2003,498.377
4/12/2003,549.347
4/13/2003,549.347
4/14/2003,549.347
4/15/2003,555.01
4/16/2003,552.179
4/17/2003,549.347
4/18/2003,552.179
4/19/2003,555.01
4/20/2003,560.674
4/21/2003,557.842
4/22/2003,569.169
4/23/2003,546.515
4/24/2003,557.842
4/25/2003,563.505
4/26/2003,552.179
4/27/2003,549.347
4/28/2003,549.347
4/29/2003,555.01
4/30/2003,467.228
5/1/2003,464.396
5/2/2003,467.228
5/3/2003,450.238
5/4/2003,464.396
5/5/2003,458.733
5/6/2003,461.565
5/7/2003,461.565
5/8/2003,455.901
5/9/2003,467.228
5/10/2003,464.396
5/11/2003,464.396
5/12/2003,461.565
5/13/2003,461.565
5/14/2003,472.891
5/15/2003,472.891
5/16/2003,470.06
5/17/2003,603.149
5/18/2003,600.317
5/19/2003,597.485
5/20/2003,597.485
5/21/2003,605.981
5/22/2003,591.822
5/23/2003,600.317
5/24/2003,603.149
5/25/2003,600.317
5/26/2003,603.149
5/27/2003,603.149
5/28/2003,603.149
5/29/2003,603.149
5/30/2003,605.981
5/31/2003,600.317
6/1/2003,597.485
6/2/2003,600.317
6/3/2003,597.485
6/4/2003,603.149
6/5/2003,600.317
6/6/2003,597.485
6/7/2003,603.149
6/8/2003,603.149
6/9/2003,603.149
6/10/2003,608.812
6/11/2003,603.149
6/12/2003,600.317
6/13/2003,603.149
6/14/2003,608.812
6/15/2003,600.317
6/16/2003,611.644
6/17/2003,597.485
6/18/2003,608.812
6/19/2003,608.812
6/20/2003,603.149
6/21/2003,597.485
6/22/2003,594.654
6/23/2003,600.317
6/24/2003,600.317
6/25/2003,603.149
6/26/2003,597.485
6/27/2003,594.654
6/28/2003,605.981
6/29/2003,605.981
6/30/2003,603.149
7/1/2003,605.981
7/2/2003,605.981
7/3/2003,603.149
7/4/2003,597.485
7/5/2003,608.812
7/6/2003,603.149
7/7/2003,603.149
7/8/2003,600.317
7/9/2003,608.812
7/10/2003,605.981
7/11/2003,608.812
7/12/2003,603.149
7/13/2003,594.654
7/14/2003,600.317
7/15/2003,603.149
7/16/2003,608.812
7/17/2003,614.476
7/18/2003,614.476
7/19/2003,611.644
7/20/2003,614.476
7/21/2003,611.644
7/22/2003,611.644
7/23/2003,614.476
7/24/2003,603.149
7/25/2003,605.981
7/26/2003,614.476
7/27/2003,614.476
7/28/2003,614.476
7/29/2003,608.812
7/30/2003,608.812
7/31/2003,603.149
8/1/2003,608.812
8/2/2003,603.149
8/3/2003,603.149
8/4/2003,605.981
8/5/2003,591.822
8/6/2003,597.485
8/7/2003,605.981
8/8/2003,600.317
8/9/2003,597.485
8/10/2003,594.654
8/11/2003,588.99
8/12/2003,594.654
8/13/2003,594.654
8/14/2003,591.822
8/15/2003,591.822
8/16/2003,591.822
8/17/2003,591.822
8/18/2003,597.485
8/19/2003,600.317
8/20/2003,594.654
8/21/2003,594.654
8/22/2003,594.654
8/23/2003,597.485
8/24/2003,600.317
8/25/2003,597.485
8/26/2003,588.99
8/27/2003,597.485
8/28/2003,594.654
8/29/2003,591.822
8/30/2003,603.149
8/31/2003,600.317
9/1/2003,605.981
9/2/2003,603.149
9/3/2003,552.179
9/4/2003,549.347
9/5/2003,555.01
9/6/2003,540.852
9/7/2003,540.852
9/8/2003,543.683
9/9/2003,543.683
9/10/2003,532.357
9/11/2003,540.852
9/12/2003,532.357
9/13/2003,557.842
9/14/2003,560.674
9/15/2003,472.891
9/16/2003,404.931
9/17/2003,399.268
9/18/2003,399.268
9/19/2003,399.268
9/20/2003,419.089
9/21/2003,410.594
9/22/2003,413.426
9/23/2003,396.436
9/24/2003,416.258
9/25/2003,404.931
9/26/2003,399.268
9/27/2003,393.604
9/28/2003,413.426
9/29/2003,410.594
9/30/2003,402.099
10/1/2003,393.604
10/2/2003,342.634
10/3/2003,348.297
10/4/2003,300.159
10/5/2003,294.495
10/6/2003,294.495
10/7/2003,297.327
10/8/2003,302.99
10/9/2003,291.664
10/10/2003,294.495
10/11/2003,297.327
10/12/2003,294.495
10/13/2003,291.664
10/14/2003,317.149
10/15/2003,317.149
10/16/2003,317.149
10/17/2003,317.149
10/18/2003,319.98
10/19/2003,305.822
10/20/2003,294.495
10/21/2003,294.495
10/22/2003,286
10/23/2003,300.159
10/24/2003,288.832
10/25/2003,291.664
10/26/2003,291.664
10/27/2003,286
10/28/2003,300.159
10/29/2003,300.159
10/30/2003,297.327
10/31/2003,297.327
11/1/2003,305.822
11/2/2003,300.159
11/3/2003,297.327
11/4/2003,305.822
11/5/2003,305.822
11/6/2003,305.822
11/7/2003,308.654
11/8/2003,308.654
11/9/2003,308.654
11/10/2003,305.822
11/11/2003,302.99
11/12/2003,302.99
11/13/2003,302.99
11/14/2003,308.654
11/15/2003,305.822
11/16/2003,314.317
11/17/2003,370.951
11/18/2003,365.287
11/19/2003,359.624
11/20/2003,356.792
11/21/2003,362.456
11/22/2003,351.129
11/23/2003,356.792
11/24/2003,353.961
11/25/2003,362.456
11/26/2003,385.109
11/27/2003,370.951
11/28/2003,373.782
11/29/2003,359.624
11/30/2003,359.624
12/1/2003,359.624
12/2/2003,359.624
12/3/2003,365.287
12/4/2003,370.951
12/5/2003,370.951
12/6/2003,368.119
12/7/2003,368.119
12/8/2003,407.763
12/9/2003,404.931
12/10/2003,427.584
12/11/2003,427.584
12/12/2003,455.901
12/13/2003,453.07
12/14/2003,453.07
12/15/2003,444.574
12/16/2003,472.891
12/17/2003,475.723
12/18/2003,472.891
12/19/2003,504.04
12/20/2003,506.872
12/21/2003,509.703
12/22/2003,509.703
12/23/2003,512.535
12/24/2003,512.535
12/25/2003,521.03
12/26/2003,492.713
12/27/2003,492.713
12/28/2003,487.05
12/29/2003,487.05
12/30/2003,489.881
12/31/2003,489.881
1/1/2004,478.555
1/2/2004,487.05
1/3/2004,489.881
1/4/2004,487.05
1/5/2004,487.05
1/6/2004,504.04
1/7/2004,512.535
1/8/2004,504.04
1/9/2004,506.872
1/10/2004,489.881
1/11/2004,501.208
1/12/2004,498.377
1/13/2004,521.03
1/14/2004,532.357
1/15/2004,532.357
1/16/2004,546.515
1/17/2004,557.842
1/18/2004,574.832
1/19/2004,569.169
1/20/2004,566.337
1/21/2004,577.664
1/22/2004,572
1/23/2004,580.495
1/24/2004,569.169
1/25/2004,574.832
1/26/2004,588.99
1/27/2004,597.485
1/28/2004,600.317
1/29/2004,611.644
1/30/2004,622.971
1/31/2004,622.971
2/1/2004,631.466
2/2/2004,620.139
2/3/2004,611.644
2/4/2004,617.307
2/5/2004,622.971
2/6/2004,611.644
2/7/2004,676.773
2/8/2004,648.456
2/9/2004,628.634
2/10/2004,648.456
2/11/2004,637.129
2/12/2004,642.792
2/13/2004,634.297
2/14/2004,665.446
2/15/2004,671.109
2/16/2004,673.941
2/17/2004,662.614
2/18/2004,668.278
2/19/2004,673.941
2/20/2004,665.446
2/21/2004,676.773
2/22/2004,679.604
2/23/2004,679.604
2/24/2004,673.941
2/25/2004,682.436
2/26/2004,676.773
2/27/2004,679.604
2/28/2004,679.604
2/29/2004,645.624
3/1/2004,645.624
3/2/2004,648.456
3/3/2004,628.634
3/4/2004,620.139
3/5/2004,605.981
3/6/2004,597.485
3/7/2004,569.169
3/8/2004,574.832
3/9/2004,543.683
3/10/2004,538.02
3/11/2004,509.703
3/12/2004,506.872
3/13/2004,484.218
3/14/2004,450.238
3/15/2004,416.258
3/16/2004,382.277
3/17/2004,387.941
3/18/2004,402.099
3/19/2004,393.604
3/20/2004,390.772
3/21/2004,399.268
3/22/2004,396.436
3/23/2004,385.109
3/24/2004,390.772
3/25/2004,402.099
3/26/2004,393.604
3/27/2004,396.436
3/28/2004,390.772
3/29/2004,385.109
3/30/2004,382.277
3/31/2004,404.931
4/1/2004,402.099
4/2/2004,396.436
4/3/2004,385.109
4/4/2004,403.515
4/5/2004,453.07
4/6/2004,450.238
4/7/2004,441.743
4/8/2004,453.07
4/9/2004,450.238
4/10/2004,464.396
4/11/2004,450.238
4/12/2004,450.238
4/13/2004,487.05
4/14/2004,523.862
4/15/2004,512.535
4/16/2004,552.179
4/17/2004,552.179
4/18/2004,543.683
4/19/2004,538.02
4/20/2004,535.188
4/21/2004,552.179
4/22/2004,557.842
4/23/2004,580.495
4/24/2004,569.169
4/25/2004,574.832
4/26/2004,518.198
4/27/2004,402.099
4/28/2004,396.436
4/29/2004,407.763
4/30/2004,393.604
5/1/2004,387.941
5/2/2004,387.941
5/3/2004,385.109
5/4/2004,393.604
5/5/2004,399.268
5/6/2004,402.099
5/7/2004,404.931
5/8/2004,404.931
5/9/2004,402.099
5/10/2004,402.099
5/11/2004,404.931
5/12/2004,390.772
5/13/2004,390.772
5/14/2004,430.416
5/15/2004,532.357
5/16/2004,450.238
5/17/2004,441.743
5/18/2004,535.188
5/19/2004,444.574
5/20/2004,450.238
5/21/2004,543.683
5/22/2004,453.07
5/23/2004,450.238
5/24/2004,540.852
5/25/2004,455.901
5/26/2004,450.238
5/27/2004,540.852
5/28/2004,453.07
5/29/2004,447.406
5/30/2004,526.693
5/31/2004,529.525
6/1/2004,538.02
6/2/2004,498.377
6/3/2004,506.872
6/4/2004,515.367
6/5/2004,515.367
6/6/2004,521.03
6/7/2004,515.367
6/8/2004,518.198
6/9/2004,512.535
6/10/2004,515.367
6/11/2004,521.03
6/12/2004,509.703
6/13/2004,512.535
6/14/2004,487.05
6/15/2004,504.04
6/16/2004,506.872
6/17/2004,504.04
6/18/2004,504.04
6/19/2004,506.872
6/20/2004,501.208
6/21/2004,512.535
6/22/2004,506.872
6/23/2004,504.04
6/24/2004,506.872
6/25/2004,506.872
6/26/2004,504.04
6/27/2004,504.04
6/28/2004,512.535
6/29/2004,506.872
6/30/2004,506.872
7/1/2004,506.872
7/2/2004,501.208
7/3/2004,498.377
7/4/2004,504.04
7/5/2004,509.703
7/6/2004,506.872
7/7/2004,506.872
7/8/2004,498.377
7/9/2004,506.872
7/10/2004,506.872
7/11/2004,501.208
7/12/2004,506.872
7/13/2004,504.04
7/14/2004,512.535
7/15/2004,509.703
7/16/2004,506.872
7/17/2004,506.872
7/18/2004,504.04
7/19/2004,506.872
7/20/2004,509.703
7/21/2004,512.535
7/22/2004,512.535
7/23/2004,506.872
7/24/2004,512.535
7/25/2004,515.367
7/26/2004,509.703
7/27/2004,512.535
7/28/2004,509.703
7/29/2004,512.535
7/30/2004,509.703
7/31/2004,512.535
8/1/2004,509.703
8/2/2004,512.535
8/3/2004,518.198
8/4/2004,484.218
8/5/2004,481.386
8/6/2004,487.05
8/7/2004,489.881
8/8/2004,484.218
8/9/2004,478.555
8/10/2004,481.386
8/11/2004,481.386
8/12/2004,487.05
8/13/2004,492.713
8/14/2004,489.881
8/15/2004,481.386
8/16/2004,487.05
8/17/2004,487.05
8/18/2004,489.881
8/19/2004,481.386
8/20/2004,481.386
8/21/2004,484.218
8/22/2004,484.218
8/23/2004,492.713
8/24/2004,484.218
8/25/2004,481.386
8/26/2004,484.218
8/27/2004,489.881
8/28/2004,481.386
8/29/2004,484.218
8/30/2004,487.05
8/31/2004,481.386
9/1/2004,472.891
9/2/2004,487.05
9/3/2004,487.05
9/4/2004,489.881
9/5/2004,481.386
9/6/2004,489.881
9/7/2004,489.881
9/8/2004,487.05
9/9/2004,481.386
9/10/2004,481.386
9/11/2004,484.218
9/12/2004,481.386
9/13/2004,472.891
9/14/2004,484.218
9/15/2004,472.891
9/16/2004,464.396
9/17/2004,478.555
9/18/2004,393.604
9/19/2004,393.604
9/20/2004,390.772
9/21/2004,390.772
9/22/2004,334.139
9/23/2004,334.139
9/24/2004,331.307
9/25/2004,331.307
9/26/2004,336.97
9/27/2004,339.802
9/28/2004,334.139
9/29/2004,336.97
9/30/2004,322.812
10/1/2004,288.832
10/2/2004,328.475
10/3/2004,322.812
10/4/2004,314.317
10/5/2004,319.98
10/6/2004,325.644
10/7/2004,319.98
10/8/2004,325.644
10/9/2004,319.98
10/10/2004,328.475
10/11/2004,328.475
10/12/2004,322.812
10/13/2004,325.644
10/14/2004,331.307
10/15/2004,345.466
10/16/2004,334.139
10/17/2004,334.139
10/18/2004,334.139
10/19/2004,331.307
10/20/2004,319.98
10/21/2004,322.812
10/22/2004,325.644
10/23/2004,325.644
10/24/2004,328.475
10/25/2004,322.812
10/26/2004,319.98
10/27/2004,339.802
10/28/2004,325.644
10/29/2004,325.644
10/30/2004,336.97
10/31/2004,322.246
11/1/2004,322.812
11/2/2004,387.941
11/3/2004,453.07
11/4/2004,467.228
11/5/2004,319.98
11/6/2004,319.98
11/7/2004,342.634
11/8/2004,322.812
11/9/2004,325.644
11/10/2004,322.812
11/11/2004,328.475
11/12/2004,325.644
11/13/2004,328.475
11/14/2004,331.307
11/15/2004,348.297
11/16/2004,328.475
11/17/2004,328.475
11/18/2004,334.139
11/19/2004,336.97
11/20/2004,359.624
11/21/2004,359.624
11/22/2004,359.624
11/23/2004,359.624
11/24/2004,365.287
11/25/2004,387.941
11/26/2004,393.604
11/27/2004,413.426
11/28/2004,390.772
11/29/2004,430.416
11/30/2004,427.584
12/1/2004,433.248
12/2/2004,427.584
12/3/2004,424.753
12/4/2004,427.584
12/5/2004,433.248
12/6/2004,424.753
12/7/2004,430.416
12/8/2004,433.248
12/9/2004,427.584
12/10/2004,433.248
12/11/2004,424.753
12/12/2004,427.584
12/13/2004,427.584
12/14/2004,424.753
12/15/2004,421.921
12/16/2004,427.584
12/17/2004,419.089
12/18/2004,433.248
12/19/2004,427.584
12/20/2004,436.079
12/21/2004,430.416
12/22/2004,433.248
12/23/2004,433.248
12/24/2004,447.406
12/25/2004,450.238
12/26/2004,433.248
12/27/2004,421.921
12/28/2004,430.416
12/29/2004,416.258
12/30/2004,438.911
12/31/2004,433.248
1/1/2005,436.079
1/2/2005,436.079
1/3/2005,441.743
1/4/2005,441.743
1/5/2005,447.406
1/6/2005,441.743
1/7/2005,441.743
1/8/2005,430.416
1/9/2005,430.416
1/10/2005,427.584
1/11/2005,433.248
1/12/2005,433.248
1/13/2005,436.079
1/14/2005,436.079
1/15/2005,447.406
1/16/2005,436.079
1/17/2005,438.911
1/18/2005,413.426
1/19/2005,424.753
1/20/2005,433.248
1/21/2005,430.416
1/22/2005,430.416
1/23/2005,441.743
1/24/2005,430.416
1/25/2005,444.574
1/26/2005,447.406
1/27/2005,441.743
1/28/2005,438.911
1/29/2005,453.07
1/30/2005,444.574
1/31/2005,447.406
2/1/2005,455.901
2/2/2005,376.614
2/3/2005,404.931
2/4/2005,368.119
2/5/2005,385.109
2/6/2005,373.782
2/7/2005,370.951
2/8/2005,368.119
2/9/2005,362.456
2/10/2005,368.119
2/11/2005,376.614
2/12/2005,373.782
2/13/2005,370.951
2/14/2005,382.277
2/15/2005,370.951
2/16/2005,368.119
2/17/2005,373.782
2/18/2005,379.446
2/19/2005,370.951
2/20/2005,368.119
2/21/2005,353.961
2/22/2005,342.634
2/23/2005,336.97
2/24/2005,334.139
2/25/2005,328.475
2/26/2005,339.802
2/27/2005,342.634
2/28/2005,342.634
3/1/2005,339.802
3/2/2005,345.466
3/3/2005,362.456
3/4/2005,348.297
3/5/2005,348.297
3/6/2005,356.792
3/7/2005,339.802
3/8/2005,342.634
3/9/2005,339.802
3/10/2005,339.802
3/11/2005,339.802
3/12/2005,353.961
3/13/2005,342.634
3/14/2005,339.802
3/15/2005,336.97
3/16/2005,334.139
3/17/2005,336.97
3/18/2005,336.97
3/19/2005,336.97
3/20/2005,339.802
3/21/2005,336.97
3/22/2005,345.466
3/23/2005,345.466
3/24/2005,339.802
3/25/2005,342.634
3/26/2005,353.961
3/27/2005,342.634
3/28/2005,345.466
3/29/2005,339.802
3/30/2005,336.97
3/31/2005,336.97
4/1/2005,336.97
4/2/2005,410.594
4/3/2005,492.713
4/4/2005,555.01
4/5/2005,555.01
4/6/2005,557.842
4/7/2005,478.555
4/8/2005,478.555
4/9/2005,472.891
4/10/2005,478.555
4/11/2005,475.723
4/12/2005,478.555
4/13/2005,475.723
4/14/2005,501.208
4/15/2005,498.377
4/16/2005,489.881
4/17/2005,481.386
4/18/2005,484.218
4/19/2005,498.377
4/20/2005,501.208
4/21/2005,526.693
4/22/2005,538.02
4/23/2005,501.208
4/24/2005,481.386
4/25/2005,504.04
4/26/2005,487.05
4/27/2005,518.198
4/28/2005,526.693
4/29/2005,498.377
4/30/2005,487.05
5/1/2005,509.703
5/2/2005,481.386
5/3/2005,478.555
5/4/2005,478.555
5/5/2005,504.04
5/6/2005,489.881
5/7/2005,529.525
5/8/2005,515.367
5/9/2005,521.03
5/10/2005,489.881
5/11/2005,529.525
5/12/2005,495.545
5/13/2005,521.03
5/14/2005,472.891
5/15/2005,458.733
5/16/2005,436.079
5/17/2005,441.743
5/18/2005,421.921
5/19/2005,450.238
5/20/2005,438.911
5/21/2005,455.901
5/22/2005,455.901
5/23/2005,450.238
5/24/2005,444.574
5/25/2005,416.258
5/26/2005,427.584
5/27/2005,424.753
5/28/2005,433.248
5/29/2005,433.248
5/30/2005,433.248
5/31/2005,433.248
6/1/2005,427.584
6/2/2005,430.416
6/3/2005,427.584
6/4/2005,430.416
6/5/2005,427.584
6/6/2005,430.416
6/7/2005,427.584
6/8/2005,427.584
6/9/2005,427.584
6/10/2005,430.416
6/11/2005,430.416
6/12/2005,427.584
6/13/2005,424.753
6/14/2005,427.584
6/15/2005,427.584
6/16/2005,424.753
6/17/2005,424.753
6/18/2005,421.921
6/19/2005,407.763
6/20/2005,427.584
6/21/2005,410.594
6/22/2005,427.584
6/23/2005,433.248
6/24/2005,416.258
6/25/2005,419.089
6/26/2005,419.089
6/27/2005,419.089
6/28/2005,427.584
6/29/2005,421.921
6/30/2005,421.921
7/1/2005,419.089
7/2/2005,427.584
7/3/2005,407.763
7/4/2005,421.921
7/5/2005,424.753
7/6/2005,427.584
7/7/2005,430.416
7/8/2005,424.753
7/9/2005,421.921
7/10/2005,424.753
7/11/2005,430.416
7/12/2005,430.416
7/13/2005,438.911
7/14/2005,430.416
7/15/2005,444.574
7/16/2005,436.079
7/17/2005,424.753
7/18/2005,436.079
7/19/2005,438.911
7/20/2005,436.079
7/21/2005,436.079
7/22/2005,436.079
7/23/2005,424.753
7/24/2005,430.416
7/25/2005,424.753
7/26/2005,436.079
7/27/2005,421.921
7/28/2005,436.079
7/29/2005,436.079
7/30/2005,433.248
7/31/2005,427.584
8/1/2005,436.079
8/2/2005,427.584
8/3/2005,427.584
8/4/2005,421.921
8/5/2005,433.248
8/6/2005,427.584
8/7/2005,416.258
8/8/2005,430.416
8/9/2005,433.248
8/10/2005,438.911
8/11/2005,427.584
8/12/2005,430.416
8/13/2005,436.079
8/14/2005,441.743
8/15/2005,433.248
8/16/2005,441.743
8/17/2005,436.079
8/18/2005,444.574
8/19/2005,441.743
8/20/2005,441.743
8/21/2005,444.574
8/22/2005,441.743
8/23/2005,438.911
8/24/2005,441.743
8/25/2005,453.07
8/26/2005,455.901
8/27/2005,450.238
8/28/2005,458.733
8/29/2005,464.396
8/30/2005,450.238
8/31/2005,450.238
9/1/2005,450.238
9/2/2005,444.574
9/3/2005,441.743
9/4/2005,441.743
9/5/2005,438.911
9/6/2005,419.089
9/7/2005,427.584
9/8/2005,421.921
9/9/2005,430.416
9/10/2005,438.911
9/11/2005,430.416
9/12/2005,427.584
9/13/2005,436.079
9/14/2005,424.753
9/15/2005,427.584
9/16/2005,438.911
9/17/2005,436.079
9/18/2005,342.634
9/19/2005,345.466
9/20/2005,356.792
9/21/2005,359.624
9/22/2005,353.961
9/23/2005,353.961
9/24/2005,353.961
9/25/2005,353.961
9/26/2005,365.287
9/27/2005,351.129
9/28/2005,353.961
9/29/2005,362.456
9/30/2005,359.624
10/1/2005,365.287
10/2/2005,351.129
10/3/2005,351.129
10/4/2005,353.961
10/5/2005,359.624
10/6/2005,356.792
10/7/2005,328.475
10/8/2005,353.961
10/9/2005,353.961
10/10/2005,351.129
10/11/2005,331.307
10/12/2005,353.961
10/13/2005,356.792
10/14/2005,351.129
10/15/2005,351.129
10/16/2005,370.951
10/17/2005,441.743
10/18/2005,433.248
10/19/2005,322.812
10/20/2005,353.961
10/21/2005,345.466
10/22/2005,348.297
10/23/2005,351.129
10/24/2005,351.129
10/25/2005,328.475
10/26/2005,362.456
10/27/2005,356.792
10/28/2005,356.792
10/29/2005,356.792
10/30/2005,345.466
10/31/2005,345.466
11/1/2005,348.297
11/2/2005,353.961
11/3/2005,353.961
11/4/2005,351.129
11/5/2005,351.129
11/6/2005,362.456
11/7/2005,345.466
11/8/2005,356.792
11/9/2005,365.287
11/10/2005,351.129
11/11/2005,348.297
11/12/2005,353.961
11/13/2005,356.792
11/14/2005,345.466
11/15/2005,359.624
11/16/2005,353.961
11/17/2005,356.792
11/18/2005,345.466
11/19/2005,351.129
11/20/2005,342.634
11/21/2005,353.961
11/22/2005,348.297
11/23/2005,339.802
11/24/2005,438.911
11/25/2005,467.228
11/26/2005,472.891
11/27/2005,475.723
11/28/2005,461.565
11/29/2005,481.386
11/30/2005,489.881
12/1/2005,427.584
12/2/2005,419.089
12/3/2005,421.921
12/4/2005,407.763
12/5/2005,424.753
12/6/2005,433.248
12/7/2005,438.911
12/8/2005,421.921
12/9/2005,402.099
12/10/2005,416.258
12/11/2005,421.921
12/12/2005,436.079
12/13/2005,438.911
12/14/2005,436.079
12/15/2005,433.248
12/16/2005,424.753
12/17/2005,447.406
12/18/2005,427.584
12/19/2005,421.921
12/20/2005,421.921
12/21/2005,421.921
12/22/2005,427.584
12/23/2005,450.238
12/24/2005,453.07
12/25/2005,455.901
12/26/2005,458.733
12/27/2005,441.743
12/28/2005,470.06
12/29/2005,450.238
12/30/2005,464.396
12/31/2005,478.555
1/1/2006,484.218
1/2/2006,481.386
1/3/2006,495.545
1/4/2006,489.881
1/5/2006,495.545
1/6/2006,501.208
1/7/2006,518.198
1/8/2006,504.04
1/9/2006,518.198
1/10/2006,512.535
1/11/2006,523.862
1/12/2006,535.188
1/13/2006,529.525
1/14/2006,523.862
1/15/2006,529.525
1/16/2006,535.188
1/17/2006,532.357
1/18/2006,543.683
1/19/2006,543.683
1/20/2006,540.852
1/21/2006,546.515
1/22/2006,557.842
1/23/2006,529.525
1/24/2006,450.238
1/25/2006,438.911
1/26/2006,450.238
1/27/2006,464.396
1/28/2006,481.386
1/29/2006,447.406
1/30/2006,478.555
1/31/2006,472.891
2/1/2006,484.218
2/2/2006,484.218
2/3/2006,484.218
2/4/2006,481.386
2/5/2006,484.218
2/6/2006,484.218
2/7/2006,478.555
2/8/2006,404.931
2/9/2006,413.426
2/10/2006,419.089
2/11/2006,421.921
2/12/2006,419.089
2/13/2006,421.921
2/14/2006,421.921
2/15/2006,421.921
2/16/2006,427.584
2/17/2006,421.921
2/18/2006,407.763
2/19/2006,416.258
2/20/2006,421.921
2/21/2006,421.921
2/22/2006,413.426
2/23/2006,421.921
2/24/2006,430.416
2/25/2006,424.753
2/26/2006,433.248
2/27/2006,441.743
2/28/2006,455.901
3/1/2006,467.228
3/2/2006,481.386
3/3/2006,441.743
3/4/2006,450.238
3/5/2006,444.574
3/6/2006,450.238
3/7/2006,450.238
3/8/2006,441.743
3/9/2006,419.089
3/10/2006,410.594
3/11/2006,385.109
3/12/2006,393.604
3/13/2006,407.763
3/14/2006,399.268
3/15/2006,390.772
3/16/2006,393.604
3/17/2006,404.931
3/18/2006,393.604
3/19/2006,396.436
3/20/2006,399.268
3/21/2006,396.436
3/22/2006,393.604
3/23/2006,390.772
3/24/2006,382.277
3/25/2006,393.604
3/26/2006,390.772
3/27/2006,390.772
3/28/2006,390.772
3/29/2006,393.604
3/30/2006,387.941
3/31/2006,390.772
4/1/2006,393.604
4/2/2006,410.594
4/3/2006,393.604
4/4/2006,387.941
4/5/2006,393.604
4/6/2006,396.436
4/7/2006,399.268
4/8/2006,424.753
4/9/2006,430.416
4/10/2006,424.753
4/11/2006,410.594
4/12/2006,436.079
4/13/2006,430.416
4/14/2006,413.426
4/15/2006,421.921
4/16/2006,436.079
4/17/2006,419.089
4/18/2006,345.466
4/19/2006,336.97
4/20/2006,339.802
4/21/2006,339.802
4/22/2006,339.802
4/23/2006,336.97
4/24/2006,339.802
4/25/2006,334.139
4/26/2006,387.941
4/27/2006,387.941
4/28/2006,385.109
4/29/2006,396.436
4/30/2006,393.604
5/1/2006,385.109
5/2/2006,390.772
5/3/2006,368.119
5/4/2006,390.772
5/5/2006,387.941
5/6/2006,385.109
5/7/2006,390.772
5/8/2006,390.772
5/9/2006,390.772
5/10/2006,402.099
5/11/2006,399.268
5/12/2006,399.268
5/13/2006,407.763
5/14/2006,402.099
5/15/2006,390.772
5/16/2006,385.109
5/17/2006,390.772
5/18/2006,393.604
5/19/2006,387.941
5/20/2006,387.941
5/21/2006,393.604
5/22/2006,526.693
5/23/2006,529.525
5/24/2006,523.862
5/25/2006,521.03
5/26/2006,526.693
5/27/2006,518.198
5/28/2006,515.367
5/29/2006,515.367
5/30/2006,523.862
5/31/2006,521.03
6/1/2006,515.367
6/2/2006,523.862
6/3/2006,506.872
6/4/2006,518.198
6/5/2006,515.367
6/6/2006,506.872
6/7/2006,557.842
6/8/2006,580.495
6/9/2006,577.664
6/10/2006,580.495
6/11/2006,594.654
6/12/2006,574.832
6/13/2006,574.832
6/14/2006,586.159
6/15/2006,577.664
6/16/2006,586.159
6/17/2006,569.169
6/18/2006,588.99
6/19/2006,586.159
6/20/2006,586.159
6/21/2006,572
6/22/2006,574.832
6/23/2006,569.169
6/24/2006,580.495
6/25/2006,484.218
6/26/2006,572
6/27/2006,577.664
6/28/2006,574.832
6/29/2006,574.832
6/30/2006,572
7/1/2006,557.842
7/2/2006,543.683
7/3/2006,549.347
7/4/2006,563.505
7/5/2006,569.169
7/6/2006,572
7/7/2006,580.495
7/8/2006,580.495
7/9/2006,566.337
7/10/2006,597.485
7/11/2006,591.822
7/12/2006,580.495
7/13/2006,577.664
7/14/2006,588.99
7/15/2006,588.99
7/16/2006,586.159
7/17/2006,586.159
7/18/2006,586.159
7/19/2006,591.822
7/20/2006,591.822
7/21/2006,580.495
7/22/2006,586.159
7/23/2006,597.485
7/24/2006,597.485
7/25/2006,597.485
7/26/2006,583.327
7/27/2006,600.317
7/28/2006,586.159
7/29/2006,583.327
7/30/2006,600.317
7/31/2006,597.485
8/1/2006,597.485
8/2/2006,591.822
8/3/2006,603.149
8/4/2006,591.822
8/5/2006,594.654
8/6/2006,597.485
8/7/2006,591.822
8/8/2006,586.159
8/9/2006,597.485
8/10/2006,597.485
8/11/2006,594.654
8/12/2006,580.495
8/13/2006,586.159
8/14/2006,586.159
8/15/2006,603.149
8/16/2006,588.99
8/17/2006,600.317
8/18/2006,600.317
8/19/2006,597.485
8/20/2006,600.317
8/21/2006,597.485
8/22/2006,605.981
8/23/2006,688.099
8/24/2006,682.436
8/25/2006,690.931
8/26/2006,699.426
8/27/2006,699.426
8/28/2006,699.426
8/29/2006,699.426
8/30/2006,702.258
8/31/2006,668.278
9/1/2006,682.436
9/2/2006,707.921
9/3/2006,707.921
9/4/2006,707.921
9/5/2006,685.268
9/6/2006,665.446
9/7/2006,693.763
9/8/2006,682.436
9/9/2006,676.773
9/10/2006,673.941
9/11/2006,665.446
9/12/2006,671.109
9/13/2006,605.981
9/14/2006,591.822
9/15/2006,608.812
9/16/2006,523.862
9/17/2006,453.07
9/18/2006,348.297
9/19/2006,368.119
9/20/2006,331.307
9/21/2006,336.97
9/22/2006,342.634
9/23/2006,334.139
9/24/2006,334.139
9/25/2006,334.139
9/26/2006,331.307
9/27/2006,331.307
9/28/2006,331.307
9/29/2006,331.307
9/30/2006,334.139
10/1/2006,334.139
10/2/2006,334.139
10/3/2006,342.634
10/4/2006,342.634
10/5/2006,351.129
10/6/2006,331.307
10/7/2006,325.644
10/8/2006,339.802
10/9/2006,342.634
10/10/2006,328.475
10/11/2006,328.475
10/12/2006,317.149
10/13/2006,334.139
10/14/2006,331.307
10/15/2006,334.139
10/16/2006,336.97
10/17/2006,334.139
10/18/2006,334.139
10/19/2006,336.97
10/20/2006,334.139
10/21/2006,336.97
10/22/2006,334.139
10/23/2006,334.139
10/24/2006,334.139
10/25/2006,362.456
10/26/2006,370.951
10/27/2006,373.782
10/28/2006,373.782
10/29/2006,348.297
10/30/2006,368.119
10/31/2006,376.614
11/1/2006,373.782
11/2/2006,365.287
11/3/2006,356.792
11/4/2006,359.624
11/5/2006,368.119
11/6/2006,348.297
11/7/2006,370.951
11/8/2006,370.951
11/9/2006,373.782
11/10/2006,370.951
11/11/2006,370.951
11/12/2006,376.614
11/13/2006,373.782
11/14/2006,368.119
11/15/2006,365.287
11/16/2006,365.287
11/17/2006,382.277
11/18/2006,368.119
11/19/2006,370.951
11/20/2006,370.951
11/21/2006,368.119
11/22/2006,353.961
11/23/2006,365.287
11/24/2006,387.941
11/25/2006,359.624
11/26/2006,382.277
11/27/2006,376.614
11/28/2006,382.277
11/29/2006,404.931
11/30/2006,407.763
12/1/2006,402.099
12/2/2006,404.931
12/3/2006,396.436
12/4/2006,396.436
12/5/2006,385.109
12/6/2006,424.753
12/7/2006,438.911
12/8/2006,419.089
12/9/2006,427.584
12/10/2006,441.743
12/11/2006,444.574
12/12/2006,444.574
12/13/2006,438.911
12/14/2006,441.743
12/15/2006,450.238
12/16/2006,450.238
12/17/2006,447.406
12/18/2006,444.574
12/19/2006,441.743
12/20/2006,444.574
12/21/2006,441.743
12/22/2006,450.238
12/23/2006,430.416
12/24/2006,441.743
12/25/2006,438.911
12/26/2006,441.743
12/27/2006,450.238
12/28/2006,447.406
12/29/2006,447.406
12/30/2006,436.079
12/31/2006,453.07
1/1/2007,447.406
1/2/2007,453.07
1/3/2007,436.079
1/4/2007,450.238
1/5/2007,436.079
1/6/2007,433.248
1/7/2007,450.238
1/8/2007,455.901
1/9/2007,436.079
1/10/2007,438.911
1/11/2007,438.911
1/12/2007,461.565
1/13/2007,453.07
1/14/2007,453.07
1/15/2007,450.238
1/16/2007,450.238
1/17/2007,447.406
1/18/2007,461.565
1/19/2007,447.406
1/20/2007,453.07
1/21/2007,453.07
1/22/2007,481.386
1/23/2007,481.386
1/24/2007,453.07
1/25/2007,447.406
1/26/2007,453.07
1/27/2007,450.238
1/28/2007,455.901
1/29/2007,453.07
1/30/2007,453.07
1/31/2007,450.238
2/1/2007,450.238
2/2/2007,450.238
2/3/2007,455.901
2/4/2007,455.901
2/5/2007,455.901
2/6/2007,453.07
2/7/2007,458.733
2/8/2007,455.901
2/9/2007,453.07
2/10/2007,444.574
2/11/2007,450.238
2/12/2007,450.238
2/13/2007,458.733
2/14/2007,436.079
2/15/2007,453.07
2/16/2007,427.584
2/17/2007,433.248
2/18/2007,419.089
2/19/2007,430.416
2/20/2007,444.574
2/21/2007,455.901
2/22/2007,444.574
2/23/2007,450.238
2/24/2007,447.406
2/25/2007,450.238
2/26/2007,447.406
2/27/2007,453.07
2/28/2007,436.079
3/1/2007,441.743
3/2/2007,453.07
3/3/2007,416.258
3/4/2007,402.099
3/5/2007,393.604
3/6/2007,404.931
3/7/2007,396.436
3/8/2007,373.782
3/9/2007,387.941
3/10/2007,396.436
3/11/2007,404.931
3/12/2007,373.782
3/13/2007,382.277
3/14/2007,390.772
3/15/2007,393.604
3/16/2007,376.614
3/17/2007,390.772
3/18/2007,402.099
3/19/2007,438.911
3/20/2007,453.07
3/21/2007,453.07
3/22/2007,455.901
3/23/2007,444.574
3/24/2007,450.238
3/25/2007,453.07
3/26/2007,438.911
3/27/2007,438.911
3/28/2007,450.238
3/29/2007,447.406
3/30/2007,444.574
3/31/2007,436.079
4/1/2007,421.921
4/2/2007,430.416
4/3/2007,430.416
4/4/2007,424.753
4/5/2007,421.921
4/6/2007,424.753
4/7/2007,458.733
4/8/2007,453.07
4/9/2007,447.406
4/10/2007,444.574
4/11/2007,325.644
4/12/2007,339.802
4/13/2007,339.802
4/14/2007,356.792
4/15/2007,382.277
4/16/2007,382.277
4/17/2007,385.109
4/18/2007,382.277
4/19/2007,379.446
4/20/2007,376.614
4/21/2007,382.277
4/22/2007,385.109
4/23/2007,339.802
4/24/2007,339.802
4/25/2007,336.97
4/26/2007,325.644
4/27/2007,331.307
4/28/2007,331.307
4/29/2007,345.466
4/30/2007,319.98
5/1/2007,308.654
5/2/2007,325.644
5/3/2007,311.485
5/4/2007,314.317
5/5/2007,311.485
5/6/2007,311.485
5/7/2007,311.485
5/8/2007,325.644
5/9/2007,308.654
5/10/2007,331.307
5/11/2007,322.812
5/12/2007,328.475
5/13/2007,336.97
5/14/2007,311.485
5/15/2007,322.812
5/16/2007,308.654
5/17/2007,322.812
5/18/2007,317.149
5/19/2007,365.287
5/20/2007,410.594
5/21/2007,487.05
5/22/2007,470.06
5/23/2007,475.723
5/24/2007,475.723
5/25/2007,467.228
5/26/2007,467.228
5/27/2007,472.891
5/28/2007,472.891
5/29/2007,458.733
5/30/2007,475.723
5/31/2007,478.555
6/1/2007,470.06
6/2/2007,470.06
6/3/2007,470.06
6/4/2007,472.891
6/5/2007,455.901
6/6/2007,464.396
6/7/2007,467.228
6/8/2007,455.901
6/9/2007,461.565
6/10/2007,450.238
6/11/2007,447.406
6/12/2007,444.574
6/13/2007,450.238
6/14/2007,450.238
6/15/2007,453.07
6/16/2007,447.406
6/17/2007,453.07
6/18/2007,447.406
6/19/2007,447.406
6/20/2007,453.07
6/21/2007,450.238
6/22/2007,450.238
6/23/2007,447.406
6/24/2007,450.238
6/25/2007,453.07
6/26/2007,447.406
6/27/2007,447.406
6/28/2007,450.238
6/29/2007,455.901
6/30/2007,447.406
7/1/2007,450.238
7/2/2007,447.406
7/3/2007,444.574
7/4/2007,447.406
7/5/2007,447.406
7/6/2007,450.238
7/7/2007,450.238
7/8/2007,450.238
7/9/2007,441.743
7/10/2007,433.248
7/11/2007,455.901
7/12/2007,450.238
7/13/2007,450.238
7/14/2007,455.901
7/15/2007,453.07
7/16/2007,455.901
7/17/2007,447.406
7/18/2007,458.733
7/19/2007,450.238
7/20/2007,453.07
7/21/2007,447.406
7/22/2007,467.228
7/23/2007,453.07
7/24/2007,450.238
7/25/2007,455.901
7/26/2007,453.07
7/27/2007,453.07
7/28/2007,453.07
7/29/2007,453.07
7/30/2007,453.07
7/31/2007,458.733
8/1/2007,455.901
8/2/2007,458.733
8/3/2007,450.238
8/4/2007,453.07
8/5/2007,455.901
8/6/2007,455.901
8/7/2007,467.228
8/8/2007,458.733
8/9/2007,455.901
8/10/2007,455.901
8/11/2007,455.901
8/12/2007,464.396
8/13/2007,450.238
8/14/2007,453.07
8/15/2007,464.396
8/16/2007,455.901
8/17/2007,461.565
8/18/2007,458.733
8/19/2007,447.406
8/20/2007,444.574
8/21/2007,450.238
8/22/2007,450.238
8/23/2007,427.584
8/24/2007,450.238
8/25/2007,447.406
8/26/2007,453.07
8/27/2007,458.733
8/28/2007,458.733
8/29/2007,441.743
8/30/2007,441.743
8/31/2007,450.238
9/1/2007,450.238
9/2/2007,458.733
9/3/2007,453.07
9/4/2007,427.584
9/5/2007,390.772
9/6/2007,373.782
9/7/2007,325.644
9/8/2007,305.822
9/9/2007,322.812
9/10/2007,294.495
9/11/2007,294.495
9/12/2007,283.168
9/13/2007,302.99
9/14/2007,302.99
9/15/2007,302.99
9/16/2007,317.149
9/17/2007,302.99
9/18/2007,305.822
9/19/2007,325.644
9/20/2007,300.159
9/21/2007,308.654
9/22/2007,297.327
9/23/2007,297.327
9/24/2007,308.654
9/25/2007,308.654
9/26/2007,305.822
9/27/2007,305.822
9/28/2007,302.99
9/29/2007,302.99
9/30/2007,305.822
10/1/2007,305.822
10/2/2007,297.327
10/3/2007,302.99
10/4/2007,302.99
10/5/2007,317.149
10/6/2007,319.98
10/7/2007,311.485
10/8/2007,311.485
10/9/2007,311.485
10/10/2007,319.98
10/11/2007,322.812
10/12/2007,311.485
10/13/2007,308.654
10/14/2007,305.822
10/15/2007,314.317
10/16/2007,305.822
10/17/2007,297.327
10/18/2007,294.495
10/19/2007,300.159
10/20/2007,308.654
10/21/2007,294.495
10/22/2007,308.654
10/23/2007,311.485
10/24/2007,311.485
10/25/2007,300.159
10/26/2007,305.822
10/27/2007,291.664
10/28/2007,302.99
10/29/2007,297.327
10/30/2007,311.485
10/31/2007,302.99
11/1/2007,308.654
11/2/2007,302.99
11/3/2007,288.832
11/4/2007,292.513
11/5/2007,297.327
11/6/2007,305.822
11/7/2007,294.495
11/8/2007,305.822
11/9/2007,305.822
11/10/2007,300.159
11/11/2007,297.327
11/12/2007,302.99
11/13/2007,300.159
11/14/2007,305.822
11/15/2007,308.654
11/16/2007,294.495
11/17/2007,294.495
11/18/2007,300.159
11/19/2007,300.159
11/20/2007,319.98
11/21/2007,311.485
11/22/2007,314.317
11/23/2007,305.822
11/24/2007,305.822
11/25/2007,300.159
11/26/2007,314.317
11/27/2007,297.327
11/28/2007,311.485
11/29/2007,342.634
11/30/2007,379.446
12/1/2007,399.268
12/2/2007,430.416
12/3/2007,419.089
12/4/2007,430.416
12/5/2007,430.416
12/6/2007,416.258
12/7/2007,427.584
12/8/2007,413.426
12/9/2007,413.426
12/10/2007,421.921
12/11/2007,427.584
12/12/2007,421.921
12/13/2007,421.921
12/14/2007,421.921
12/15/2007,436.079
12/16/2007,430.416
12/17/2007,427.584
12/18/2007,421.921
12/19/2007,416.258
12/20/2007,413.426
12/21/2007,427.584
12/22/2007,436.079
12/23/2007,421.921
12/24/2007,402.099
12/25/2007,413.426
12/26/2007,436.079
12/27/2007,416.258
12/28/2007,421.921
12/29/2007,399.268
12/30/2007,427.584
12/31/2007,413.426
1/1/2008,430.416
1/2/2008,438.911
1/3/2008,410.594
1/4/2008,424.753
1/5/2008,413.426
1/6/2008,421.921
1/7/2008,413.426
1/8/2008,419.089
1/9/2008,416.258
1/10/2008,427.584
1/11/2008,427.584
1/12/2008,421.921
1/13/2008,424.753
1/14/2008,419.089
1/15/2008,399.268
1/16/2008,430.416
1/17/2008,404.931
1/18/2008,430.416
1/19/2008,433.248
1/20/2008,421.921
1/21/2008,427.584
1/22/2008,433.248
1/23/2008,430.416
1/24/2008,436.079
1/25/2008,441.743
1/26/2008,430.416
1/27/2008,427.584
1/28/2008,424.753
1/29/2008,438.911
1/30/2008,441.743
1/31/2008,433.248
2/1/2008,441.743
2/2/2008,433.248
2/3/2008,427.584
2/4/2008,436.079
2/5/2008,433.248
2/6/2008,433.248
2/7/2008,421.921
2/8/2008,424.753
2/9/2008,430.416
2/10/2008,444.574
2/11/2008,441.743
2/12/2008,436.079
2/13/2008,427.584
2/14/2008,438.911
2/15/2008,436.079
2/16/2008,436.079
2/17/2008,430.416
2/18/2008,433.248
2/19/2008,438.911
2/20/2008,436.079
2/21/2008,433.248
2/22/2008,433.248
2/23/2008,424.753
2/24/2008,441.743
2/25/2008,430.416
2/26/2008,436.079
2/27/2008,427.584
2/28/2008,413.426
2/29/2008,430.416
3/1/2008,427.584
3/2/2008,436.079
3/3/2008,402.099
3/4/2008,407.763
3/5/2008,402.099
3/6/2008,410.594
3/7/2008,370.951
3/8/2008,336.97
3/9/2008,386.893
3/10/2008,353.961
3/11/2008,348.297
3/12/2008,334.139
3/13/2008,336.97
3/14/2008,345.466
3/15/2008,334.139
3/16/2008,339.802
3/17/2008,336.97
3/18/2008,331.307
3/19/2008,359.624
3/20/2008,342.634
3/21/2008,368.119
3/22/2008,365.287
3/23/2008,339.802
3/24/2008,345.466
3/25/2008,359.624
3/26/2008,348.297
3/27/2008,353.961
3/28/2008,336.97
3/29/2008,336.97
3/30/2008,336.97
3/31/2008,365.287
4/1/2008,376.614
4/2/2008,362.456
4/3/2008,365.287
4/4/2008,356.792
4/5/2008,356.792
4/6/2008,365.287
4/7/2008,368.119
4/8/2008,351.129
4/9/2008,359.624
4/10/2008,351.129
4/11/2008,365.287
4/12/2008,356.792
4/13/2008,351.129
4/14/2008,359.624
4/15/2008,365.287
4/16/2008,376.614
4/17/2008,359.624
4/18/2008,348.297
4/19/2008,348.297
4/20/2008,356.792
4/21/2008,359.624
4/22/2008,370.951
4/23/2008,351.129
4/24/2008,348.297
4/25/2008,348.297
4/26/2008,336.97
4/27/2008,342.634
4/28/2008,334.139
4/29/2008,314.317
4/30/2008,311.485
5/1/2008,328.475
5/2/2008,308.654
5/3/2008,319.98
5/4/2008,319.98
5/5/2008,317.149
5/6/2008,317.149
5/7/2008,317.149
5/8/2008,325.644
5/9/2008,314.317
5/10/2008,328.475
5/11/2008,305.822
5/12/2008,305.822
5/13/2008,308.654
5/14/2008,311.485
5/15/2008,311.485
5/16/2008,319.98
5/17/2008,314.317
5/18/2008,311.485
5/19/2008,387.941
5/20/2008,416.258
5/21/2008,424.753
5/22/2008,458.733
5/23/2008,438.911
5/24/2008,441.743
5/25/2008,430.416
5/26/2008,433.248
5/27/2008,430.416
5/28/2008,444.574
5/29/2008,438.911
5/30/2008,427.584
5/31/2008,421.921
6/1/2008,430.416
6/2/2008,430.416
6/3/2008,433.248
6/4/2008,421.921
6/5/2008,421.921
6/6/2008,424.753
6/7/2008,402.099
6/8/2008,416.258
6/9/2008,421.921
6/10/2008,382.277
6/11/2008,379.446
6/12/2008,393.604
6/13/2008,396.436
6/14/2008,399.268
6/15/2008,390.772
6/16/2008,393.604
6/17/2008,416.258
6/18/2008,419.089
6/19/2008,404.931
6/20/2008,379.446
6/21/2008,396.436
6/22/2008,370.951
6/23/2008,390.772
6/24/2008,413.426
6/25/2008,424.753
6/26/2008,419.089
6/27/2008,402.099
6/28/2008,399.268
6/29/2008,404.931
6/30/2008,396.436
7/1/2008,410.594
7/2/2008,404.931
7/3/2008,379.446
7/4/2008,379.446
7/5/2008,382.277
7/6/2008,370.951
7/7/2008,365.287
7/8/2008,373.782
7/9/2008,370.951
7/10/2008,373.782
7/11/2008,353.961
7/12/2008,379.446
7/13/2008,382.277
7/14/2008,376.614
7/15/2008,393.604
7/16/2008,393.604
7/17/2008,396.436
7/18/2008,402.099
7/19/2008,390.772
7/20/2008,396.436
7/21/2008,399.268
7/22/2008,385.109
7/23/2008,387.941
7/24/2008,387.941
7/25/2008,379.446
7/26/2008,387.941
7/27/2008,362.456
7/28/2008,393.604
7/29/2008,396.436
7/30/2008,390.772
7/31/2008,396.436
8/1/2008,393.604
8/2/2008,390.772
8/3/2008,390.772
8/4/2008,393.604
8/5/2008,387.941
8/6/2008,393.604
8/7/2008,399.268
8/8/2008,399.268
8/9/2008,393.604
8/10/2008,382.277
8/11/2008,387.941
8/12/2008,399.268
8/13/2008,385.109
8/14/2008,387.941
8/15/2008,390.772
8/16/2008,385.109
8/17/2008,387.941
8/18/2008,390.772
8/19/2008,399.268
8/20/2008,413.426
8/21/2008,404.931
8/22/2008,399.268
8/23/2008,390.772
8/24/2008,393.604
8/25/2008,393.604
8/26/2008,390.772
8/27/2008,404.931
8/28/2008,385.109
8/29/2008,402.099
8/30/2008,387.941
8/31/2008,393.604
9/1/2008,402.099
9/2/2008,382.277
9/3/2008,393.604
9/4/2008,399.268
9/5/2008,410.594
9/6/2008,402.099
9/7/2008,399.268
9/8/2008,387.941
9/9/2008,393.604
9/10/2008,390.772
9/11/2008,402.099
9/12/2008,393.604
9/13/2008,393.604
9/14/2008,396.436
9/15/2008,353.961
9/16/2008,353.961
9/17/2008,351.129
9/18/2008,336.97
9/19/2008,348.297
9/20/2008,308.654
9/21/2008,311.485
9/22/2008,308.654
9/23/2008,308.654
9/24/2008,311.485
9/25/2008,308.654
9/26/2008,291.664
9/27/2008,311.485
9/28/2008,305.822
9/29/2008,314.317
9/30/2008,311.485
10/1/2008,311.485
10/2/2008,302.99
10/3/2008,314.317
10/4/2008,317.149
10/5/2008,317.149
10/6/2008,305.822
10/7/2008,311.485
10/8/2008,322.812
10/9/2008,314.317
10/10/2008,317.149
10/11/2008,311.485
10/12/2008,311.485
10/13/2008,308.654
10/14/2008,305.822
10/15/2008,308.654
10/16/2008,308.654
10/17/2008,311.485
10/18/2008,314.317
10/19/2008,319.98
10/20/2008,317.149
10/21/2008,314.317
10/22/2008,308.654
10/23/2008,305.822
10/24/2008,308.654
10/25/2008,305.822
10/26/2008,308.654
10/27/2008,308.654
10/28/2008,311.485
10/29/2008,300.159
10/30/2008,308.654
10/31/2008,308.654
11/1/2008,305.822
11/2/2008,305.822
11/3/2008,314.317
11/4/2008,311.485
11/5/2008,302.99
11/6/2008,311.485
11/7/2008,300.159
11/8/2008,311.485
11/9/2008,314.317
11/10/2008,308.654
11/11/2008,314.317
11/12/2008,297.327
11/13/2008,308.654
11/14/2008,305.822
11/15/2008,308.654
11/16/2008,311.485
11/17/2008,322.812
11/18/2008,302.99
11/19/2008,314.317
11/20/2008,314.317
11/21/2008,311.485
11/22/2008,308.654
11/23/2008,317.149
11/24/2008,305.822
11/25/2008,319.98
11/26/2008,314.317
11/27/2008,322.812
11/28/2008,302.99
11/29/2008,317.149
11/30/2008,311.485
12/1/2008,319.98
12/2/2008,399.268
12/3/2008,396.436
12/4/2008,404.931
12/5/2008,390.772
12/6/2008,382.277
12/7/2008,368.119
12/8/2008,390.772
12/9/2008,396.436
12/10/2008,399.268
12/11/2008,393.604
12/12/2008,396.436
12/13/2008,396.436
12/14/2008,390.772
12/15/2008,413.426
12/16/2008,396.436
12/17/2008,379.446
12/18/2008,396.436
12/19/2008,387.941
12/20/2008,402.099
12/21/2008,404.931
12/22/2008,402.099
12/23/2008,399.268
12/24/2008,396.436
12/25/2008,396.436
12/26/2008,402.099
12/27/2008,390.772
12/28/2008,396.436
12/29/2008,399.268
12/30/2008,393.604
12/31/2008,393.604
1/1/2009,399.268
1/2/2009,402.099
1/3/2009,399.268
1/4/2009,396.436
1/5/2009,396.436
1/6/2009,399.268
1/7/2009,436.079
1/8/2009,467.228
1/9/2009,464.396
1/10/2009,478.555
1/11/2009,467.228
1/12/2009,453.07
1/13/2009,455.901
1/14/2009,458.733
1/15/2009,472.891
1/16/2009,444.574
1/17/2009,458.733
1/18/2009,430.416
1/19/2009,433.248
1/20/2009,450.238
1/21/2009,455.901
1/22/2009,453.07
1/23/2009,464.396
1/24/2009,461.565
1/25/2009,458.733
1/26/2009,450.238
1/27/2009,467.228
1/28/2009,450.238
1/29/2009,478.555
1/30/2009,447.406
1/31/2009,441.743
2/1/2009,455.901
2/2/2009,455.901
2/3/2009,467.228
2/4/2009,450.238
2/5/2009,447.406
2/6/2009,436.079
2/7/2009,458.733
2/8/2009,438.911
2/9/2009,441.743
2/10/2009,450.238
2/11/2009,453.07
2/12/2009,453.07
2/13/2009,458.733
2/14/2009,458.733
2/15/2009,453.07
2/16/2009,461.565
2/17/2009,447.406
2/18/2009,461.565
2/19/2009,475.723
2/20/2009,453.07
2/21/2009,464.396
2/22/2009,464.396
2/23/2009,430.416
2/24/2009,453.07
2/25/2009,458.733
2/26/2009,458.733
2/27/2009,461.565
2/28/2009,455.901
3/1/2009,424.753
3/2/2009,328.475
3/3/2009,336.97
3/4/2009,342.634
3/5/2009,331.307
3/6/2009,345.466
3/7/2009,305.822
3/8/2009,345.466
3/9/2009,319.98
3/10/2009,328.475
3/11/2009,322.812
3/12/2009,305.822
3/13/2009,322.812
3/14/2009,322.812
3/15/2009,317.149
3/16/2009,311.485
3/17/2009,339.802
3/18/2009,328.475
3/19/2009,314.317
3/20/2009,322.812
3/21/2009,317.149
3/22/2009,322.812
3/23/2009,226.535
3/24/2009,87.782
3/25/2009,NA
3/26/2009,11.327
3/27/2009,161.406
3/28/2009,254.852
3/29/2009,254.852
3/30/2009,254.852
3/31/2009,254.852
4/1/2009,254.852
4/2/2009,254.852
4/3/2009,254.852
4/4/2009,254.852
4/5/2009,254.852
4/6/2009,254.852
4/7/2009,254.852
4/8/2009,254.852
4/9/2009,254.852
4/10/2009,254.852
4/11/2009,254.852
4/12/2009,254.852
4/13/2009,206.713
4/14/2009,141.584
4/15/2009,141.584
4/16/2009,169.901
4/17/2009,254.852
4/18/2009,254.852
4/19/2009,254.852
4/20/2009,254.852
4/21/2009,291.664
4/22/2009,300.159
4/23/2009,300.159
4/24/2009,294.495
4/25/2009,291.664
4/26/2009,288.832
4/27/2009,288.832
4/28/2009,283.168
4/29/2009,291.664
4/30/2009,286
5/1/2009,288.832
5/2/2009,286
5/3/2009,288.832
5/4/2009,288.832
5/5/2009,286
5/6/2009,288.832
5/7/2009,436.079
5/8/2009,286
5/9/2009,288.832
5/10/2009,441.743
5/11/2009,288.832
5/12/2009,300.159
5/13/2009,444.574
5/14/2009,297.327
5/15/2009,297.327
5/16/2009,461.565
5/17/2009,291.664
5/18/2009,297.327
5/19/2009,450.238
5/20/2009,441.743
5/21/2009,444.574
5/22/2009,447.406
5/23/2009,444.574
5/24/2009,447.406
5/25/2009,444.574
5/26/2009,447.406
5/27/2009,455.901
5/28/2009,450.238
5/29/2009,447.406
5/30/2009,453.07
5/31/2009,447.406
6/1/2009,453.07
6/2/2009,447.406
6/3/2009,447.406
6/4/2009,453.07
6/5/2009,450.238
6/6/2009,455.901
6/7/2009,455.901
6/8/2009,441.743
6/9/2009,455.901
6/10/2009,458.733
6/11/2009,447.406
6/12/2009,447.406
6/13/2009,444.574
6/14/2009,450.238
6/15/2009,450.238
6/16/2009,450.238
6/17/2009,453.07
6/18/2009,447.406
6/19/2009,455.901
6/20/2009,453.07
6/21/2009,458.733
6/22/2009,453.07
6/23/2009,453.07
6/24/2009,453.07
6/25/2009,450.238
6/26/2009,447.406
6/27/2009,444.574
6/28/2009,450.238
6/29/2009,450.238
6/30/2009,444.574
7/1/2009,322.812
7/2/2009,444.574
7/3/2009,444.574
7/4/2009,441.743
7/5/2009,450.238
7/6/2009,444.574
7/7/2009,447.406
7/8/2009,447.406
7/9/2009,444.574
7/10/2009,447.406
7/11/2009,447.406
7/12/2009,441.743
7/13/2009,447.406
7/14/2009,444.574
7/15/2009,438.911
7/16/2009,436.079
7/17/2009,450.238
7/18/2009,450.238
7/19/2009,455.901
7/20/2009,450.238
7/21/2009,447.406
7/22/2009,447.406
7/23/2009,450.238
7/24/2009,453.07
7/25/2009,461.565
7/26/2009,453.07
7/27/2009,458.733
7/28/2009,453.07
7/29/2009,450.238
7/30/2009,453.07
7/31/2009,453.07
8/1/2009,453.07
8/2/2009,455.901
8/3/2009,453.07
8/4/2009,458.733
8/5/2009,461.565
8/6/2009,453.07
8/7/2009,455.901
8/8/2009,450.238
8/9/2009,458.733
8/10/2009,453.07
8/11/2009,458.733
8/12/2009,453.07
8/13/2009,455.901
8/14/2009,455.901
8/15/2009,453.07
8/16/2009,453.07
8/17/2009,447.406
8/18/2009,450.238
8/19/2009,455.901
8/20/2009,453.07
8/21/2009,450.238
8/22/2009,455.901
8/23/2009,455.901
8/24/2009,450.238
8/25/2009,450.238
8/26/2009,455.901
8/27/2009,453.07
8/28/2009,455.901
8/29/2009,464.396
8/30/2009,447.406
8/31/2009,458.733
9/1/2009,453.07
9/2/2009,453.07
9/3/2009,458.733
9/4/2009,455.901
9/5/2009,458.733
9/6/2009,455.901
9/7/2009,458.733
9/8/2009,455.901
9/9/2009,433.248
9/10/2009,450.238
9/11/2009,450.238
9/12/2009,458.733
9/13/2009,450.238
9/14/2009,458.733
9/15/2009,455.901
9/16/2009,458.733
9/17/2009,458.733
9/18/2009,455.901
9/19/2009,393.604
9/20/2009,356.792
9/21/2009,356.792
9/22/2009,359.624
9/23/2009,368.119
9/24/2009,351.129
9/25/2009,362.456
9/26/2009,362.456
9/27/2009,356.792
9/28/2009,365.287
9/29/2009,362.456
9/30/2009,359.624
10/1/2009,356.792
10/2/2009,365.287
10/3/2009,356.792
10/4/2009,359.624
10/5/2009,359.624
10/6/2009,365.287
10/7/2009,353.961
10/8/2009,359.624
10/9/2009,362.456
10/10/2009,359.624
10/11/2009,356.792
10/12/2009,359.624
10/13/2009,356.792
10/14/2009,362.456
10/15/2009,351.129
10/16/2009,345.466
10/17/2009,351.129
10/18/2009,351.129
10/19/2009,351.129
10/20/2009,351.129
10/21/2009,356.792
10/22/2009,351.129
10/23/2009,356.792
10/24/2009,353.961
10/25/2009,348.297
10/26/2009,353.961
10/27/2009,356.792
10/28/2009,353.961
10/29/2009,356.792
10/30/2009,353.961
10/31/2009,348.297
11/1/2009,331.25
11/2/2009,359.624
11/3/2009,356.792
11/4/2009,351.129
11/5/2009,353.961
11/6/2009,356.792
11/7/2009,348.297
11/8/2009,353.961
11/9/2009,359.624
11/10/2009,373.782
11/11/2009,362.456
11/12/2009,359.624
11/13/2009,348.297
11/14/2009,351.129
11/15/2009,353.961
11/16/2009,359.624
11/17/2009,362.456
11/18/2009,362.456
11/19/2009,385.109
11/20/2009,362.456
11/21/2009,370.951
11/22/2009,379.446
11/23/2009,373.782
11/24/2009,356.792
11/25/2009,359.624
11/26/2009,368.119
11/27/2009,362.456
11/28/2009,365.287
11/29/2009,362.456
11/30/2009,396.436
12/1/2009,433.248
12/2/2009,421.921
12/3/2009,427.584
12/4/2009,421.921
12/5/2009,421.921
12/6/2009,427.584
12/7/2009,424.753
12/8/2009,424.753
12/9/2009,421.921
12/10/2009,433.248
12/11/2009,433.248
12/12/2009,421.921
12/13/2009,421.921
12/14/2009,424.753
12/15/2009,433.248
12/16/2009,427.584
12/17/2009,427.584
12/18/2009,424.753
12/19/2009,427.584
12/20/2009,427.584
12/21/2009,424.753
12/22/2009,427.584
12/23/2009,427.584
12/24/2009,427.584
12/25/2009,430.416
12/26/2009,430.416
12/27/2009,441.743
12/28/2009,433.248
12/29/2009,424.753
12/30/2009,447.406
12/31/2009,453.07
1/1/2010,453.07
1/2/2010,455.901
1/3/2010,492.713
1/4/2010,478.555
1/5/2010,475.723
1/6/2010,472.891
1/7/2010,515.367
1/8/2010,506.872
1/9/2010,506.872
1/10/2010,512.535
1/11/2010,521.03
1/12/2010,515.367
1/13/2010,506.872
1/14/2010,512.535
1/15/2010,506.872
1/16/2010,512.535
1/17/2010,509.703
1/18/2010,512.535
1/19/2010,521.03
1/20/2010,501.208
1/21/2010,504.04
1/22/2010,495.545
1/23/2010,492.713
1/24/2010,512.535
1/25/2010,509.703
1/26/2010,478.555
1/27/2010,506.872
1/28/2010,518.198
1/29/2010,512.535
1/30/2010,504.04
1/31/2010,501.208
2/1/2010,487.05
2/2/2010,492.713
2/3/2010,492.713
2/4/2010,495.545
2/5/2010,492.713
2/6/2010,481.386
2/7/2010,487.05
2/8/2010,453.07
2/9/2010,455.901
2/10/2010,458.733
2/11/2010,453.07
2/12/2010,461.565
2/13/2010,450.238
2/14/2010,458.733
2/15/2010,458.733
2/16/2010,455.901
2/17/2010,447.406
2/18/2010,447.406
2/19/2010,455.901
2/20/2010,464.396
2/21/2010,461.565
2/22/2010,453.07
2/23/2010,453.07
2/24/2010,453.07
2/25/2010,447.406
2/26/2010,453.07
2/27/2010,464.396
2/28/2010,458.733
3/1/2010,461.565
3/2/2010,455.901
3/3/2010,450.238
3/4/2010,455.901
3/5/2010,453.07
3/6/2010,447.406
3/7/2010,450.238
3/8/2010,450.238
3/9/2010,455.901
3/10/2010,427.584
3/11/2010,424.753
3/12/2010,396.436
3/13/2010,387.941
3/14/2010,404.931
3/15/2010,345.466
3/16/2010,314.317
3/17/2010,288.832
3/18/2010,288.832
3/19/2010,288.832
3/20/2010,280.337
3/21/2010,286
3/22/2010,283.168
3/23/2010,286
3/24/2010,283.168
3/25/2010,277.505
3/26/2010,274.673
3/27/2010,280.337
3/28/2010,280.337
3/29/2010,274.673
3/30/2010,286
3/31/2010,277.505
4/1/2010,274.673
4/2/2010,283.168
4/3/2010,274.673
4/4/2010,277.505
4/5/2010,277.505
4/6/2010,283.168
4/7/2010,283.168
4/8/2010,280.337
4/9/2010,283.168
4/10/2010,280.337
4/11/2010,283.168
4/12/2010,283.168
4/13/2010,286
4/14/2010,283.168
4/15/2010,283.168
4/16/2010,286
4/17/2010,283.168
4/18/2010,280.337
4/19/2010,277.505
4/20/2010,288.832
4/21/2010,277.505
4/22/2010,283.168
4/23/2010,283.168
4/24/2010,283.168
4/25/2010,283.168
4/26/2010,274.673
4/27/2010,286
4/28/2010,283.168
4/29/2010,419.089
4/30/2010,277.505
5/1/2010,288.832
5/2/2010,424.753
5/3/2010,277.505
5/4/2010,286
5/5/2010,447.406
5/6/2010,283.168
5/7/2010,286
5/8/2010,450.238
5/9/2010,331.307
5/10/2010,319.98
5/11/2010,450.238
5/12/2010,359.624
5/13/2010,356.792
5/14/2010,450.238
5/15/2010,450.238
5/16/2010,453.07
5/17/2010,455.901
5/18/2010,455.901
5/19/2010,453.07
5/20/2010,458.733
5/21/2010,455.901
5/22/2010,453.07
5/23/2010,458.733
5/24/2010,453.07
5/25/2010,450.238
5/26/2010,455.901
5/27/2010,453.07
5/28/2010,458.733
5/29/2010,453.07
5/30/2010,455.901
5/31/2010,444.574
6/1/2010,444.574
6/2/2010,447.406
6/3/2010,444.574
6/4/2010,444.574
6/5/2010,455.901
6/6/2010,455.901
6/7/2010,455.901
6/8/2010,450.238
6/9/2010,447.406
6/10/2010,450.238
6/11/2010,453.07
6/12/2010,444.574
6/13/2010,447.406
6/14/2010,447.406
6/15/2010,399.268
6/16/2010,404.931
6/17/2010,402.099
6/18/2010,393.604
6/19/2010,402.099
6/20/2010,402.099
6/21/2010,399.268
6/22/2010,387.941
6/23/2010,390.772
6/24/2010,376.614
6/25/2010,393.604
6/26/2010,390.772
6/27/2010,396.436
6/28/2010,393.604
6/29/2010,390.772
6/30/2010,387.941
7/1/2010,393.604
7/2/2010,393.604
7/3/2010,396.436
7/4/2010,393.604
7/5/2010,393.604
7/6/2010,390.772
7/7/2010,390.772
7/8/2010,396.436
7/9/2010,393.604
7/10/2010,390.772
7/11/2010,399.268
7/12/2010,393.604
7/13/2010,399.268
7/14/2010,393.604
7/15/2010,396.436
7/16/2010,393.604
7/17/2010,402.099
7/18/2010,393.604
7/19/2010,396.436
7/20/2010,404.931
7/21/2010,399.268
7/22/2010,461.565
7/23/2010,453.07
7/24/2010,450.238
7/25/2010,453.07
7/26/2010,444.574
7/27/2010,450.238
7/28/2010,450.238
7/29/2010,453.07
7/30/2010,458.733
7/31/2010,453.07
8/1/2010,455.901
8/2/2010,453.07
8/3/2010,450.238
8/4/2010,455.901
8/5/2010,455.901
8/6/2010,453.07
8/7/2010,450.238
8/8/2010,447.406
8/9/2010,444.574
8/10/2010,458.733
8/11/2010,455.901
8/12/2010,458.733
8/13/2010,455.901
8/14/2010,447.406
8/15/2010,458.733
8/16/2010,458.733
8/17/2010,453.07
8/18/2010,455.901
8/19/2010,455.901
8/20/2010,455.901
8/21/2010,455.901
8/22/2010,438.911
8/23/2010,450.238
8/24/2010,455.901
8/25/2010,453.07
8/26/2010,458.733
8/27/2010,455.901
8/28/2010,455.901
8/29/2010,453.07
8/30/2010,526.693
8/31/2010,603.149
9/1/2010,693.763
9/2/2010,756.06
9/3/2010,767.387
9/4/2010,758.891
9/5/2010,764.555
9/6/2010,764.555
9/7/2010,753.228
9/8/2010,753.228
9/9/2010,758.891
9/10/2010,756.06
9/11/2010,753.228
9/12/2010,758.891
9/13/2010,764.555
9/14/2010,764.555
9/15/2010,764.555
9/16/2010,770.218
9/17/2010,775.882
9/18/2010,770.218
9/19/2010,770.218
9/20/2010,770.218
9/21/2010,758.891
9/22/2010,761.723
9/23/2010,767.387
9/24/2010,767.387
9/25/2010,761.723
9/26/2010,764.555
9/27/2010,767.387
9/28/2010,753.228
9/29/2010,764.555
9/30/2010,775.882
10/1/2010,758.891
10/2/2010,753.228
10/3/2010,750.396
10/4/2010,758.891
10/5/2010,804.198
10/6/2010,826.852
10/7/2010,849.505
10/8/2010,843.842
10/9/2010,843.842
10/10/2010,846.674
10/11/2010,846.674
10/12/2010,843.842
10/13/2010,846.674
10/14/2010,843.842
10/15/2010,846.674
10/16/2010,849.505
10/17/2010,852.337
10/18/2010,852.337
10/19/2010,852.337
10/20/2010,852.337
10/21/2010,852.337
10/22/2010,849.505
10/23/2010,855.169
10/24/2010,855.169
10/25/2010,855.169
10/26/2010,826.852
10/27/2010,846.674
10/28/2010,849.505
10/29/2010,852.337
10/30/2010,855.169
10/31/2010,855.169
11/1/2010,812.694
11/2/2010,829.684
11/3/2010,858
11/4/2010,877.822
11/5/2010,874.991
11/6/2010,877.822
11/7/2010,852.62
11/8/2010,874.991
11/9/2010,877.822
11/10/2010,730.575
11/11/2010,874.991
11/12/2010,877.822
11/13/2010,877.822
11/14/2010,858
11/15/2010,880.654
11/16/2010,883.486
11/17/2010,880.654
11/18/2010,877.822
11/19/2010,883.486
11/20/2010,778.713
11/21/2010,716.416
11/22/2010,622.971
11/23/2010,614.476
11/24/2010,617.307
11/25/2010,603.149
11/26/2010,625.802
11/27/2010,614.476
11/28/2010,617.307
11/29/2010,546.515
11/30/2010,535.188
12/1/2010,560.674
12/2/2010,546.515
12/3/2010,504.04
12/4/2010,492.713
12/5/2010,509.703
12/6/2010,492.713
12/7/2010,521.03
12/8/2010,506.872
12/9/2010,509.703
12/10/2010,450.238
12/11/2010,450.238
12/12/2010,447.406
12/13/2010,433.248
12/14/2010,455.901
12/15/2010,461.565
12/16/2010,461.565
12/17/2010,458.733
12/18/2010,461.565
12/19/2010,453.07
12/20/2010,484.218
12/21/2010,484.218
12/22/2010,512.535
12/23/2010,521.03
12/24/2010,543.683
12/25/2010,538.02
12/26/2010,540.852
12/27/2010,569.169
12/28/2010,552.179
12/29/2010,563.505
12/30/2010,569.169
12/31/2010,588.99
1/1/2011,594.654
1/2/2011,555.01
1/3/2011,588.99
1/4/2011,603.149
1/5/2011,625.802
1/6/2011,614.476
1/7/2011,617.307
1/8/2011,622.971
1/9/2011,622.971
1/10/2011,628.634
1/11/2011,628.634
1/12/2011,654.119
1/13/2011,656.951
1/14/2011,648.456
1/15/2011,685.268
1/16/2011,676.773
1/17/2011,688.099
1/18/2011,688.099
1/19/2011,693.763
1/20/2011,707.921
1/21/2011,710.753
1/22/2011,707.921
1/23/2011,710.753
1/24/2011,724.911
1/25/2011,722.08
1/26/2011,693.763
1/27/2011,713.585
1/28/2011,722.08
1/29/2011,724.911
1/30/2011,724.911
1/31/2011,727.743
2/1/2011,722.08
2/2/2011,727.743
2/3/2011,716.416
2/4/2011,727.743
2/5/2011,736.238
2/6/2011,710.753
2/7/2011,739.07
2/8/2011,736.238
2/9/2011,739.07
2/10/2011,730.575
2/11/2011,744.733
2/12/2011,713.585
2/13/2011,707.921
2/14/2011,730.575
2/15/2011,741.901
2/16/2011,739.07
2/17/2011,733.406
2/18/2011,736.238
2/19/2011,730.575
2/20/2011,727.743
2/21/2011,739.07
2/22/2011,733.406
2/23/2011,733.406
2/24/2011,724.911
2/25/2011,733.406
2/26/2011,724.911
2/27/2011,741.901
2/28/2011,739.07
3/1/2011,739.07
3/2/2011,739.07
3/3/2011,733.406
3/4/2011,741.901
3/5/2011,739.07
3/6/2011,739.07
3/7/2011,733.406
3/8/2011,730.575
3/9/2011,730.575
3/10/2011,722.08
3/11/2011,733.406
3/12/2011,733.406
3/13/2011,758.891
3/14/2011,733.406
3/15/2011,699.426
3/16/2011,707.921
3/17/2011,634.297
3/18/2011,611.644
3/19/2011,600.317
3/20/2011,577.664
3/21/2011,543.683
3/22/2011,501.208
3/23/2011,481.386
3/24/2011,455.901
3/25/2011,447.406
3/26/2011,458.733
3/27/2011,450.238
3/28/2011,427.584
3/29/2011,413.426
3/30/2011,421.921
3/31/2011,424.753
4/1/2011,421.921
4/2/2011,430.416
4/3/2011,427.584
4/4/2011,427.584
4/5/2011,421.921
4/6/2011,424.753
4/7/2011,410.594
4/8/2011,413.426
4/9/2011,410.594
4/10/2011,421.921
4/11/2011,419.089
4/12/2011,416.258
4/13/2011,413.426
4/14/2011,410.594
4/15/2011,407.763
4/16/2011,419.089
4/17/2011,416.258
4/18/2011,421.921
4/19/2011,421.921
4/20/2011,421.921
4/21/2011,416.258
4/22/2011,416.258
4/23/2011,421.921
4/24/2011,419.089
4/25/2011,410.594
4/26/2011,410.594
4/27/2011,416.258
4/28/2011,416.258
4/29/2011,421.921
4/30/2011,489.881
5/1/2011,492.713
5/2/2011,572
5/3/2011,659.782
5/4/2011,747.565
5/5/2011,792.872
5/6/2011,852.337
5/7/2011,937.288
5/8/2011,1005.248
5/9/2011,1059.05
5/10/2011,1226.119
5/11/2011,1257.268
5/12/2011,1285.585
5/13/2011,1299.743
5/14/2011,1339.387
5/15/2011,1356.377
5/16/2011,1407.347
5/17/2011,1427.169
5/18/2011,1472.476
5/19/2011,1495.129
5/20/2011,1514.951
5/21/2011,1529.11
5/22/2011,1548.932
5/23/2011,1605.565
5/24/2011,1857.585
5/25/2011,2078.457
5/26/2011,2126.595
5/27/2011,2228.536
5/28/2011,2276.675
5/29/2011,2302.16
5/30/2011,2372.952
5/31/2011,2421.09
6/1/2011,2585.328
6/2/2011,2973.269
6/3/2011,3205.467
6/4/2011,3236.616
6/5/2011,3264.932
6/6/2011,3349.883
6/7/2011,3550.933
6/8/2011,3703.844
6/9/2011,3698.18
6/10/2011,3780.299
6/11/2011,3828.438
6/12/2011,3831.269
6/13/2011,3927.547
6/14/2011,3967.19
6/15/2011,3970.022
6/16/2011,4071.963
6/17/2011,4207.884
6/18/2011,4247.527
6/19/2011,4253.19
6/20/2011,4253.19
6/21/2011,4258.854
6/22/2011,4261.685
6/23/2011,4256.022
6/24/2011,4261.685
6/25/2011,4264.517
6/26/2011,4258.854
6/27/2011,4190.893
6/28/2011,4111.606
6/29/2011,4108.775
6/30/2011,4114.438
7/1/2011,4012.497
7/2/2011,3970.022
7/3/2011,3967.19
7/4/2011,3967.19
7/5/2011,3961.527
7/6/2011,3967.19
7/7/2011,3972.854
7/8/2011,3961.527
7/9/2011,3967.19
7/10/2011,3964.359
7/11/2011,3961.527
7/12/2011,3865.25
7/13/2011,3822.774
7/14/2011,3726.497
7/15/2011,3681.19
7/16/2011,3590.576
7/17/2011,3539.606
7/18/2011,3344.22
7/19/2011,3403.685
7/20/2011,3400.853
7/21/2011,3383.863
7/22/2011,3386.695
7/23/2011,3406.517
7/24/2011,3412.18
7/25/2011,3318.734
7/26/2011,3262.101
7/27/2011,3267.764
7/28/2011,3262.101
7/29/2011,3171.487
7/30/2011,3120.516
7/31/2011,3117.685
8/1/2011,3117.685
8/2/2011,3117.685
8/3/2011,3123.348
8/4/2011,3029.903
8/5/2011,2978.932
8/6/2011,2978.932
8/7/2011,2882.655
8/8/2011,2843.011
8/9/2011,2843.011
8/10/2011,2845.843
8/11/2011,2843.011
8/12/2011,2743.902
8/13/2011,2692.932
8/14/2011,2599.487
8/15/2011,2542.853
8/16/2011,2542.853
8/17/2011,2460.734
8/18/2011,2415.427
8/19/2011,2418.259
8/20/2011,2418.259
8/21/2011,2409.764
8/22/2011,2409.764
8/23/2011,2316.318
8/24/2011,2268.179
8/25/2011,2271.011
8/26/2011,2276.675
8/27/2011,2273.843
8/28/2011,2271.011
8/29/2011,2135.09
8/30/2011,2033.15
8/31/2011,1891.565
9/1/2011,1744.318
9/2/2011,1701.842
9/3/2011,1608.397
9/4/2011,1560.258
9/5/2011,1563.09
9/6/2011,1563.09
9/7/2011,1568.753
9/8/2011,1565.922
9/9/2011,1461.149
9/10/2011,1415.842
9/11/2011,1421.506
9/12/2011,1410.179
9/13/2011,1415.842
9/14/2011,1424.337
9/15/2011,1418.674
9/16/2011,1322.397
9/17/2011,1265.763
9/18/2011,1166.654
9/19/2011,1112.852
9/20/2011,1025.07
9/21/2011,928.793
9/22/2011,877.822
9/23/2011,891.981
9/24/2011,900.476
9/25/2011,832.515
9/26/2011,753.228
9/27/2011,736.238
9/28/2011,727.743
9/29/2011,739.07
9/30/2011,733.406
10/1/2011,730.575
10/2/2011,730.575
10/3/2011,727.743
10/4/2011,727.743
10/5/2011,702.258
10/6/2011,724.911
10/7/2011,724.911
10/8/2011,724.911
10/9/2011,724.911
10/10/2011,724.911
10/11/2011,724.911
10/12/2011,716.416
10/13/2011,722.08
10/14/2011,733.406
10/15/2011,736.238
10/16/2011,733.406
10/17/2011,733.406
10/18/2011,736.238
10/19/2011,736.238
10/20/2011,733.406
10/21/2011,733.406
10/22/2011,724.911
10/23/2011,730.575
10/24/2011,724.911
10/25/2011,736.238
10/26/2011,741.901
10/27/2011,736.238
10/28/2011,736.238
10/29/2011,736.238
10/30/2011,741.901
10/31/2011,733.406
11/1/2011,730.575
11/2/2011,736.238
11/3/2011,807.03
11/4/2011,807.03
11/5/2011,804.198
11/6/2011,779.846
11/7/2011,821.189
11/8/2011,812.694
11/9/2011,809.862
11/10/2011,812.694
11/11/2011,818.357
11/12/2011,809.862
11/13/2011,807.03
11/14/2011,792.872
11/15/2011,818.357
11/16/2011,812.694
11/17/2011,815.525
11/18/2011,809.862
11/19/2011,812.694
11/20/2011,812.694
11/21/2011,809.862
11/22/2011,807.03
11/23/2011,812.694
11/24/2011,815.525
11/25/2011,812.694
11/26/2011,809.862
11/27/2011,809.862
11/28/2011,809.862
11/29/2011,821.189
11/30/2011,812.694
12/1/2011,807.03
12/2/2011,801.367
12/3/2011,727.743
12/4/2011,642.792
12/5/2011,555.01
12/6/2011,450.238
12/7/2011,467.228
12/8/2011,455.901
12/9/2011,461.565
12/10/2011,506.872
12/11/2011,501.208
12/12/2011,509.703
12/13/2011,506.872
12/14/2011,540.852
12/15/2011,566.337
12/16/2011,563.505
12/17/2011,566.337
12/18/2011,560.674
12/19/2011,566.337
12/20/2011,557.842
12/21/2011,563.505
12/22/2011,566.337
12/23/2011,563.505
12/24/2011,600.317
12/25/2011,580.495
12/26/2011,580.495
12/27/2011,597.485
12/28/2011,645.624
12/29/2011,642.792
12/30/2011,645.624
12/31/2011,639.961
1/1/2012,645.624
1/2/2012,651.287
1/3/2012,645.624
1/4/2012,645.624
1/5/2012,648.456
1/6/2012,648.456
1/7/2012,654.119
1/8/2012,651.287
1/9/2012,651.287
1/10/2012,566.337
1/11/2012,572
1/12/2012,574.832
1/13/2012,580.495
1/14/2012,572
1/15/2012,577.664
1/16/2012,569.169
1/17/2012,569.169
1/18/2012,572
1/19/2012,569.169
1/20/2012,566.337
1/21/2012,594.654
1/22/2012,597.485
1/23/2012,566.337
1/24/2012,597.485
1/25/2012,597.485
1/26/2012,583.327
1/27/2012,591.822
1/28/2012,591.822
1/29/2012,625.802
1/30/2012,620.139
1/31/2012,620.139
2/1/2012,622.971
2/2/2012,617.307
2/3/2012,617.307
2/4/2012,614.476
2/5/2012,614.476
2/6/2012,617.307
2/7/2012,617.307
2/8/2012,614.476
2/9/2012,620.139
2/10/2012,614.476
2/11/2012,617.307
2/12/2012,611.644
2/13/2012,645.624
2/14/2012,639.961
2/15/2012,642.792
2/16/2012,642.792
2/17/2012,673.941
2/18/2012,665.446
2/19/2012,665.446
2/20/2012,662.614
2/21/2012,671.109
2/22/2012,676.773
2/23/2012,671.109
2/24/2012,679.604
2/25/2012,707.921
2/26/2012,617.307
2/27/2012,620.139
2/28/2012,620.139
2/29/2012,622.971
3/1/2012,620.139
3/2/2012,617.307
3/3/2012,622.971
3/4/2012,620.139
3/5/2012,605.981
3/6/2012,620.139
3/7/2012,625.802
3/8/2012,620.139
3/9/2012,608.812
3/10/2012,620.139
3/11/2012,625.802
3/12/2012,614.476
3/13/2012,608.812
3/14/2012,625.802
3/15/2012,617.307
3/16/2012,622.971
3/17/2012,617.307
3/18/2012,572
3/19/2012,566.337
3/20/2012,481.386
3/21/2012,492.713
3/22/2012,487.05
3/23/2012,487.05
3/24/2012,489.881
3/25/2012,487.05
3/26/2012,487.05
3/27/2012,487.05
3/28/2012,492.713
3/29/2012,569.169
3/30/2012,654.119
3/31/2012,713.585
4/1/2012,705.089
4/2/2012,707.921
4/3/2012,710.753
4/4/2012,685.268
4/5/2012,710.753
4/6/2012,741.901
4/7/2012,741.901
4/8/2012,741.901
4/9/2012,764.555
4/10/2012,773.05
4/11/2012,767.387
4/12/2012,770.218
4/13/2012,773.05
4/14/2012,801.367
4/15/2012,801.367
4/16/2012,801.367
4/17/2012,801.367
4/18/2012,792.872
4/19/2012,792.872
4/20/2012,792.872
4/21/2012,739.07
4/22/2012,739.07
4/23/2012,741.901
4/24/2012,739.07
4/25/2012,727.743
4/26/2012,741.901
4/27/2012,741.901
4/28/2012,739.07
4/29/2012,744.733
4/30/2012,736.238
5/1/2012,744.733
5/2/2012,741.901
5/3/2012,739.07
5/4/2012,741.901
5/5/2012,741.901
5/6/2012,756.06
5/7/2012,739.07
5/8/2012,739.07
5/9/2012,741.901
5/10/2012,736.238
5/11/2012,747.565
5/12/2012,739.07
5/13/2012,741.901
5/14/2012,739.07
5/15/2012,744.733
5/16/2012,739.07
5/17/2012,741.901
5/18/2012,741.901
5/19/2012,744.733
5/20/2012,739.07
5/21/2012,741.901
5/22/2012,739.07
5/23/2012,741.901
5/24/2012,741.901
5/25/2012,739.07
5/26/2012,744.733
5/27/2012,744.733
5/28/2012,730.575
5/29/2012,744.733
5/30/2012,741.901
5/31/2012,736.238
6/1/2012,736.238
6/2/2012,733.406
6/3/2012,741.901
6/4/2012,730.575
6/5/2012,730.575
6/6/2012,730.575
6/7/2012,730.575
6/8/2012,730.575
6/9/2012,733.406
6/10/2012,730.575
6/11/2012,730.575
6/12/2012,730.575
6/13/2012,733.406
6/14/2012,722.08
6/15/2012,724.911
6/16/2012,727.743
6/17/2012,727.743
6/18/2012,727.743
6/19/2012,727.743
6/20/2012,733.406
6/21/2012,730.575
6/22/2012,727.743
6/23/2012,690.931
6/24/2012,690.931
6/25/2012,690.931
6/26/2012,690.931
6/27/2012,685.268
6/28/2012,688.099
6/29/2012,690.931
6/30/2012,685.268
7/1/2012,688.099
7/2/2012,688.099
7/3/2012,690.931
7/4/2012,688.099
7/5/2012,688.099
7/6/2012,693.763
7/7/2012,688.099
7/8/2012,688.099
7/9/2012,688.099
7/10/2012,682.436
7/11/2012,690.931
7/12/2012,685.268
7/13/2012,688.099
7/14/2012,682.436
7/15/2012,690.931
7/16/2012,688.099
7/17/2012,690.931
7/18/2012,690.931
7/19/2012,688.099
7/20/2012,690.931
7/21/2012,679.604
7/22/2012,685.268
7/23/2012,690.931
7/24/2012,688.099
7/25/2012,688.099
7/26/2012,690.931
7/27/2012,696.594
7/28/2012,690.931
7/29/2012,696.594
7/30/2012,696.594
7/31/2012,688.099
8/1/2012,693.763
8/2/2012,690.931
8/3/2012,699.426
8/4/2012,682.436
8/5/2012,685.268
8/6/2012,690.931
8/7/2012,696.594
8/8/2012,696.594
8/9/2012,696.594
8/10/2012,696.594
8/11/2012,693.763
8/12/2012,696.594
8/13/2012,693.763
8/14/2012,696.594
8/15/2012,688.099
8/16/2012,696.594
8/17/2012,690.931
8/18/2012,693.763
8/19/2012,696.594
8/20/2012,696.594
8/21/2012,705.089
8/22/2012,702.258
8/23/2012,696.594
8/24/2012,699.426
8/25/2012,696.594
8/26/2012,693.763
8/27/2012,696.594
8/28/2012,702.258
8/29/2012,702.258
8/30/2012,702.258
8/31/2012,702.258
9/1/2012,702.258
9/2/2012,702.258
9/3/2012,702.258
9/4/2012,702.258
9/5/2012,707.921
9/6/2012,705.089
9/7/2012,699.426
9/8/2012,705.089
9/9/2012,699.426
9/10/2012,648.456
9/11/2012,722.08
9/12/2012,654.119
9/13/2012,713.585
9/14/2012,707.921
9/15/2012,608.812
9/16/2012,540.852
9/17/2012,540.852
9/18/2012,543.683
9/19/2012,549.347
9/20/2012,540.852
9/21/2012,543.683
9/22/2012,540.852
9/23/2012,540.852
9/24/2012,543.683
9/25/2012,540.852
9/26/2012,546.515
9/27/2012,543.683
9/28/2012,538.02
9/29/2012,543.683
9/30/2012,538.02
10/1/2012,540.852
10/2/2012,546.515
10/3/2012,543.683
10/4/2012,546.515
10/5/2012,543.683
10/6/2012,546.515
10/7/2012,543.683
10/8/2012,543.683
10/9/2012,549.347
10/10/2012,540.852
10/11/2012,543.683
10/12/2012,540.852
10/13/2012,552.179
10/14/2012,557.842
10/15/2012,563.505
10/16/2012,560.674
10/17/2012,555.01
10/18/2012,543.683
10/19/2012,577.664
10/20/2012,569.169
10/21/2012,569.169
10/22/2012,569.169
10/23/2012,569.169
10/24/2012,566.337
10/25/2012,563.505
10/26/2012,580.495
10/27/2012,588.99
10/28/2012,583.327
10/29/2012,586.159
10/30/2012,569.169
10/31/2012,580.495
11/1/2012,586.159
11/2/2012,600.317
11/3/2012,631.466
11/4/2012,617.307
11/5/2012,625.802
11/6/2012,625.802
11/7/2012,637.129
11/8/2012,634.297
11/9/2012,631.466
11/10/2012,625.802
11/11/2012,620.139
11/12/2012,628.634
11/13/2012,631.466
11/14/2012,628.634
11/15/2012,634.297
11/16/2012,634.297
11/17/2012,628.634
11/18/2012,631.466
11/19/2012,628.634
11/20/2012,622.971
11/21/2012,620.139
11/22/2012,625.802
11/23/2012,631.466
11/24/2012,631.466
11/25/2012,628.634
11/26/2012,634.297
11/27/2012,637.129
11/28/2012,631.466
11/29/2012,620.139
11/30/2012,642.792
12/1/2012,628.634
12/2/2012,617.307
12/3/2012,634.297
12/4/2012,625.802
12/5/2012,620.139
12/6/2012,535.188
12/7/2012,526.693
12/8/2012,526.693
12/9/2012,509.703
12/10/2012,526.693
12/11/2012,441.743
12/12/2012,453.07
12/13/2012,453.07
12/14/2012,450.238
12/15/2012,461.565
12/16/2012,453.07
12/17/2012,444.574
12/18/2012,450.238
12/19/2012,453.07
12/20/2012,453.07
12/21/2012,444.574
12/22/2012,447.406
12/23/2012,447.406
12/24/2012,447.406
12/25/2012,475.723
12/26/2012,447.406
12/27/2012,447.406
12/28/2012,447.406
12/29/2012,450.238
12/30/2012,481.386
12/31/2012,475.723
1/1/2013,464.396
1/2/2013,495.545
1/3/2013,501.208
1/4/2013,501.208
1/5/2013,540.852
1/6/2013,532.357
1/7/2013,535.188
1/8/2013,566.337
1/9/2013,577.664
1/10/2013,594.654
1/11/2013,603.149
1/12/2013,642.792
1/13/2013,622.971
1/14/2013,656.951
1/15/2013,515.367
1/16/2013,639.961
1/17/2013,651.287
1/18/2013,637.129
1/19/2013,673.941
1/20/2013,656.951
1/21/2013,673.941
1/22/2013,659.782
1/23/2013,662.614
1/24/2013,665.446
1/25/2013,662.614
1/26/2013,656.951
1/27/2013,654.119
1/28/2013,659.782
1/29/2013,645.624
1/30/2013,639.961
1/31/2013,645.624
2/1/2013,639.961
2/2/2013,637.129
2/3/2013,651.287
2/4/2013,614.476
2/5/2013,639.961
2/6/2013,637.129
2/7/2013,648.456
2/8/2013,648.456
2/9/2013,656.951
2/10/2013,656.951
2/11/2013,654.119
2/12/2013,654.119
2/13/2013,656.951
2/14/2013,651.287
2/15/2013,656.951
2/16/2013,654.119
2/17/2013,639.961
2/18/2013,656.951
2/19/2013,654.119
2/20/2013,642.792
2/21/2013,642.792
2/22/2013,628.634
2/23/2013,639.961
2/24/2013,637.129
2/25/2013,639.961
2/26/2013,671.109
2/27/2013,665.446
2/28/2013,662.614
3/1/2013,656.951
3/2/2013,656.951
3/3/2013,645.624
3/4/2013,665.446
3/5/2013,671.109
3/6/2013,597.485
3/7/2013,591.822
3/8/2013,594.654
3/9/2013,521.03
3/10/2013,560.674
3/11/2013,532.357
3/12/2013,478.555
3/13/2013,441.743
3/14/2013,447.406
3/15/2013,450.238
3/16/2013,447.406
3/17/2013,450.238
3/18/2013,444.574
3/19/2013,438.911
3/20/2013,436.079
3/21/2013,438.911
3/22/2013,441.743
3/23/2013,438.911
3/24/2013,441.743
3/25/2013,444.574
3/26/2013,433.248
3/27/2013,447.406
3/28/2013,441.743
3/29/2013,441.743
3/30/2013,441.743
3/31/2013,438.911
4/1/2013,489.881
4/2/2013,540.852
4/3/2013,540.852
4/4/2013,557.842
4/5/2013,540.852
4/6/2013,549.347
4/7/2013,538.02
4/8/2013,546.515
4/9/2013,546.515
4/10/2013,591.822
4/11/2013,543.683
4/12/2013,543.683
4/13/2013,552.179
4/14/2013,540.852
4/15/2013,535.188
4/16/2013,532.357
4/17/2013,538.02
4/18/2013,535.188
4/19/2013,523.862
4/20/2013,535.188
4/21/2013,549.347
4/22/2013,538.02
4/23/2013,540.852
4/24/2013,546.515
4/25/2013,549.347
4/26/2013,523.862
4/27/2013,532.357
4/28/2013,546.515
4/29/2013,532.357
4/30/2013,540.852
5/1/2013,532.357
5/2/2013,532.357
5/3/2013,549.347
5/4/2013,538.02
5/5/2013,521.03
5/6/2013,535.188
5/7/2013,538.02
5/8/2013,566.337
5/9/2013,566.337
5/10/2013,614.476
5/11/2013,594.654
5/12/2013,594.654
5/13/2013,597.485
5/14/2013,603.149
5/15/2013,600.317
5/16/2013,591.822
5/17/2013,580.495
5/18/2013,577.664
5/19/2013,574.832
5/20/2013,577.664
5/21/2013,577.664
5/22/2013,574.832
5/23/2013,577.664
5/24/2013,586.159
5/25/2013,572
5/26/2013,574.832
5/27/2013,574.832
5/28/2013,586.159
5/29/2013,569.169
5/30/2013,572
5/31/2013,569.169
6/1/2013,583.327
6/2/2013,574.832
6/3/2013,521.03
6/4/2013,512.535
6/5/2013,557.842
6/6/2013,557.842
6/7/2013,557.842
6/8/2013,566.337
6/9/2013,572
6/10/2013,560.674
6/11/2013,563.505
6/12/2013,563.505
6/13/2013,555.01
6/14/2013,594.654
6/15/2013,631.466
6/16/2013,569.169
6/17/2013,557.842
6/18/2013,566.337
6/19/2013,560.674
6/20/2013,560.674
6/21/2013,560.674
6/22/2013,563.505
6/23/2013,566.337
6/24/2013,549.347
6/25/2013,555.01
6/26/2013,557.842
6/27/2013,560.674
6/28/2013,552.179
6/29/2013,555.01
6/30/2013,557.842
7/1/2013,555.01
7/2/2013,574.832
7/3/2013,563.505
7/4/2013,546.515
7/5/2013,529.525
7/6/2013,532.357
7/7/2013,538.02
7/8/2013,535.188
7/9/2013,538.02
7/10/2013,540.852
7/11/2013,540.852
7/12/2013,546.515
7/13/2013,535.188
7/14/2013,535.188
7/15/2013,532.357
7/16/2013,540.852
7/17/2013,543.683
7/18/2013,540.852
7/19/2013,538.02
7/20/2013,538.02
7/21/2013,535.188
7/22/2013,538.02
7/23/2013,552.179
7/24/2013,552.179
7/25/2013,538.02
7/26/2013,538.02
7/27/2013,538.02
7/28/2013,546.515
7/29/2013,543.683
7/30/2013,543.683
7/31/2013,540.852
8/1/2013,532.357
8/2/2013,540.852
8/3/2013,540.852
8/4/2013,543.683
8/5/2013,546.515
8/6/2013,538.02
8/7/2013,540.852
8/8/2013,543.683
8/9/2013,546.515
8/10/2013,543.683
8/11/2013,549.347
8/12/2013,538.02
8/13/2013,543.683
8/14/2013,557.842
8/15/2013,540.852
8/16/2013,543.683
8/17/2013,540.852
8/18/2013,535.188
8/19/2013,543.683
8/20/2013,540.852
8/21/2013,546.515
8/22/2013,540.852
8/23/2013,538.02
8/24/2013,532.357
8/25/2013,543.683
8/26/2013,540.852
8/27/2013,560.674
8/28/2013,552.179
8/29/2013,586.159
8/30/2013,543.683
8/31/2013,535.188
9/1/2013,535.188
9/2/2013,546.515
9/3/2013,532.357
9/4/2013,535.188
9/5/2013,538.02
9/6/2013,538.02
9/7/2013,484.218
9/8/2013,526.693
9/9/2013,546.515
9/10/2013,529.525
9/11/2013,526.693
9/12/2013,535.188
9/13/2013,532.357
9/14/2013,543.683
9/15/2013,543.683
9/16/2013,444.574
9/17/2013,444.574
9/18/2013,444.574
9/19/2013,393.604
9/20/2013,393.604
9/21/2013,396.436
9/22/2013,393.604
9/23/2013,368.119
9/24/2013,368.119
9/25/2013,368.119
9/26/2013,365.287
9/27/2013,365.287
9/28/2013,368.119
9/29/2013,365.287
9/30/2013,402.099
10/1/2013,421.921
10/2/2013,382.277
10/3/2013,351.129
10/4/2013,353.961
10/5/2013,379.446
10/6/2013,396.436
10/7/2013,351.129
10/8/2013,382.277
10/9/2013,359.624
10/10/2013,356.792
10/11/2013,359.624
10/12/2013,362.456
10/13/2013,379.446
10/14/2013,359.624
10/15/2013,365.287
10/16/2013,368.119
10/17/2013,359.624
10/18/2013,370.951
10/19/2013,365.287
10/20/2013,370.951
10/21/2013,365.287
10/22/2013,368.119
10/23/2013,368.119
10/24/2013,365.287
10/25/2013,370.951
10/26/2013,368.119
10/27/2013,376.614
10/28/2013,368.119
10/29/2013,359.624
10/30/2013,373.782
10/31/2013,356.792
11/1/2013,365.287
11/2/2013,353.961
11/3/2013,345.466
11/4/2013,368.119
11/5/2013,370.951
11/6/2013,368.119
11/7/2013,365.287
11/8/2013,368.119
11/9/2013,368.119
11/10/2013,368.119
11/11/2013,368.119
11/12/2013,351.129
11/13/2013,365.287
11/14/2013,368.119
11/15/2013,368.119
11/16/2013,365.287
11/17/2013,368.119
11/18/2013,365.287
11/19/2013,368.119
11/20/2013,365.287
11/21/2013,370.951
11/22/2013,404.931
11/23/2013,390.772
11/24/2013,351.129
11/25/2013,399.268
11/26/2013,407.763
11/27/2013,390.772
11/28/2013,396.436
11/29/2013,399.268
11/30/2013,393.604
12/1/2013,393.604
12/2/2013,461.565
12/3/2013,453.07
12/4/2013,444.574
12/5/2013,450.238
12/6/2013,450.238
12/7/2013,464.396
12/8/2013,455.901
12/9/2013,436.079
12/10/2013,453.07
12/11/2013,438.911
12/12/2013,447.406
12/13/2013,447.406
12/14/2013,447.406
12/15/2013,441.743
12/16/2013,450.238
12/17/2013,444.574
12/18/2013,453.07
12/19/2013,458.733
12/20/2013,453.07
12/21/2013,444.574
12/22/2013,455.901
12/23/2013,430.416
12/24/2013,450.238
12/25/2013,458.733
12/26/2013,453.07
12/27/2013,450.238
12/28/2013,458.733
12/29/2013,450.238
12/30/2013,453.07
12/31/2013,461.565
1/1/2014,464.396
1/2/2014,453.07
1/3/2014,484.218
1/4/2014,484.218
1/5/2014,495.545
1/6/2014,498.377
1/7/2014,501.208
1/8/2014,521.03
1/9/2014,512.535
1/10/2014,529.525
1/11/2014,509.703
1/12/2014,506.872
1/13/2014,504.04
1/14/2014,523.862
1/15/2014,521.03
1/16/2014,506.872
1/17/2014,501.208
1/18/2014,512.535
1/19/2014,523.862
1/20/2014,509.703
1/21/2014,498.377
1/22/2014,506.872
1/23/2014,509.703
1/24/2014,506.872
1/25/2014,506.872
1/26/2014,504.04
1/27/2014,521.03
1/28/2014,509.703
1/29/2014,509.703
1/30/2014,506.872
1/31/2014,512.535
2/1/2014,509.703
2/2/2014,515.367
2/3/2014,509.703
2/4/2014,506.872
2/5/2014,484.218
2/6/2014,504.04
2/7/2014,498.377
2/8/2014,512.535
2/9/2014,509.703
2/10/2014,509.703
2/11/2014,512.535
2/12/2014,515.367
2/13/2014,506.872
2/14/2014,487.05
2/15/2014,506.872
2/16/2014,495.545
2/17/2014,512.535
2/18/2014,512.535
2/19/2014,509.703
2/20/2014,509.703
2/21/2014,509.703
2/22/2014,509.703
2/23/2014,512.535
2/24/2014,498.377
2/25/2014,498.377
2/26/2014,518.198
2/27/2014,501.208
2/28/2014,506.872
3/1/2014,498.377
3/2/2014,515.367
3/3/2014,515.367
3/4/2014,506.872
3/5/2014,509.703
3/6/2014,515.367
3/7/2014,509.703
3/8/2014,515.367
3/9/2014,529.525
3/10/2014,478.555
3/11/2014,481.386
3/12/2014,461.565
3/13/2014,447.406
3/14/2014,447.406
3/15/2014,461.565
3/16/2014,461.565
3/17/2014,447.406
3/18/2014,450.238
3/19/2014,453.07
3/20/2014,447.406
3/21/2014,438.911
3/22/2014,441.743
3/23/2014,436.079
3/24/2014,447.406
3/25/2014,436.079
3/26/2014,433.248
3/27/2014,441.743
3/28/2014,436.079
3/29/2014,447.406
3/30/2014,450.238
3/31/2014,450.238
4/1/2014,447.406
4/2/2014,504.04
4/3/2014,512.535
4/4/2014,506.872
4/5/2014,501.208
4/6/2014,504.04
4/7/2014,557.842
4/8/2014,555.01
4/9/2014,563.505
4/10/2014,560.674
4/11/2014,611.644
4/12/2014,625.802
4/13/2014,625.802
4/14/2014,690.931
4/15/2014,685.268
4/16/2014,693.763
4/17/2014,685.268
4/18/2014,685.268
4/19/2014,685.268
4/20/2014,685.268
4/21/2014,688.099
4/22/2014,679.604
4/23/2014,693.763
4/24/2014,696.594
4/25/2014,682.436
4/26/2014,682.436
4/27/2014,705.089
4/28/2014,682.436
4/29/2014,676.773
4/30/2014,699.426
5/1/2014,696.594
5/2/2014,688.099
5/3/2014,741.901
5/4/2014,733.406
5/5/2014,741.901
5/6/2014,736.238
5/7/2014,730.575
5/8/2014,733.406
5/9/2014,736.238
5/10/2014,773.05
5/11/2014,798.535
5/12/2014,798.535
5/13/2014,798.535
5/14/2014,795.703
5/15/2014,846.674
5/16/2014,846.674
5/17/2014,843.842
5/18/2014,841.01
5/19/2014,843.842
5/20/2014,855.169
5/21/2014,852.337
5/22/2014,835.347
5/23/2014,846.674
5/24/2014,849.505
5/25/2014,843.842
5/26/2014,846.674
5/27/2014,843.842
5/28/2014,849.505
5/29/2014,843.842
5/30/2014,838.179
5/31/2014,841.01
6/1/2014,838.179
6/2/2014,835.347
6/3/2014,841.01
6/4/2014,841.01
6/5/2014,832.515
6/6/2014,838.179
6/7/2014,824.02
6/8/2014,821.189
6/9/2014,829.684
6/10/2014,849.505
6/11/2014,849.505
6/12/2014,846.674
6/13/2014,841.01
6/14/2014,841.01
6/15/2014,843.842
6/16/2014,846.674
6/17/2014,852.337
6/18/2014,846.674
6/19/2014,849.505
6/20/2014,843.842
6/21/2014,843.842
6/22/2014,841.01
6/23/2014,838.179
6/24/2014,841.01
6/25/2014,832.515
6/26/2014,838.179
6/27/2014,841.01
6/28/2014,835.347
6/29/2014,838.179
6/30/2014,849.505
7/1/2014,838.179
7/2/2014,841.01
7/3/2014,841.01
7/4/2014,852.337
7/5/2014,821.189
7/6/2014,815.525
7/7/2014,812.694
7/8/2014,818.357
7/9/2014,818.357
7/10/2014,818.357
7/11/2014,815.525
7/12/2014,815.525
7/13/2014,812.694
7/14/2014,815.525
7/15/2014,826.852
7/16/2014,792.872
7/17/2014,790.04
7/18/2014,792.872
7/19/2014,792.872
7/20/2014,792.872
7/21/2014,790.04
7/22/2014,790.04
7/23/2014,790.04
7/24/2014,792.872
7/25/2014,790.04
7/26/2014,787.208
7/27/2014,787.208
7/28/2014,795.703
7/29/2014,795.703
7/30/2014,792.872
7/31/2014,792.872
8/1/2014,795.703
8/2/2014,795.703
8/3/2014,787.208
8/4/2014,801.367
8/5/2014,795.703
8/6/2014,798.535
8/7/2014,795.703
8/8/2014,795.703
8/9/2014,795.703
8/10/2014,795.703
8/11/2014,798.535
8/12/2014,795.703
8/13/2014,795.703
8/14/2014,798.535
8/15/2014,804.198
8/16/2014,798.535
8/17/2014,798.535
8/18/2014,741.901
8/19/2014,733.406
8/20/2014,739.07
8/21/2014,798.535
8/22/2014,807.03
8/23/2014,807.03
8/24/2014,747.565
8/25/2014,804.198
8/26/2014,809.862
8/27/2014,809.862
8/28/2014,812.694
8/29/2014,795.703
8/30/2014,792.872
8/31/2014,801.367
9/1/2014,795.703
9/2/2014,795.703
9/3/2014,792.872
9/4/2014,727.743
9/5/2014,727.743
9/6/2014,730.575
9/7/2014,730.575
9/8/2014,736.238
9/9/2014,736.238
9/10/2014,719.248
9/11/2014,727.743
9/12/2014,727.743
9/13/2014,733.406
9/14/2014,673.941
9/15/2014,656.951
9/16/2014,671.109
9/17/2014,676.773
9/18/2014,671.109
9/19/2014,671.109
9/20/2014,648.456
9/21/2014,676.773
9/22/2014,671.109
9/23/2014,679.604
9/24/2014,668.278
9/25/2014,671.109
9/26/2014,676.773
9/27/2014,673.941
9/28/2014,673.941
9/29/2014,673.941
9/30/2014,673.941
10/1/2014,679.604
10/2/2014,679.604
10/3/2014,685.268
10/4/2014,617.307
10/5/2014,614.476
10/6/2014,620.139
10/7/2014,560.674
10/8/2014,555.01
10/9/2014,583.327
10/10/2014,566.337
10/11/2014,557.842
10/12/2014,555.01
10/13/2014,563.505
10/14/2014,563.505
10/15/2014,563.505
10/16/2014,620.139
10/17/2014,620.139
10/18/2014,622.971
10/19/2014,620.139
10/20/2014,622.971
10/21/2014,625.802
10/22/2014,620.139
10/23/2014,625.802
10/24/2014,620.139
10/25/2014,614.476
10/26/2014,622.971
10/27/2014,611.644
10/28/2014,628.634
10/29/2014,625.802
10/30/2014,634.297
10/31/2014,614.476
11/1/2014,631.466
11/2/2014,588.99
11/3/2014,625.802
11/4/2014,625.802
11/5/2014,617.307
11/6/2014,611.644
11/7/2014,628.634
11/8/2014,637.129
11/9/2014,631.466
11/10/2014,625.802
11/11/2014,611.644
11/12/2014,611.644
11/13/2014,614.476
11/14/2014,625.802
11/15/2014,622.971
11/16/2014,566.337
11/17/2014,566.337
11/18/2014,532.357
11/19/2014,540.852
11/20/2014,543.683
11/21/2014,543.683
11/22/2014,543.683
11/23/2014,543.683
11/24/2014,557.842
11/25/2014,540.852
11/26/2014,552.179
11/27/2014,540.852
11/28/2014,455.901
11/29/2014,453.07
11/30/2014,450.238
12/1/2014,455.901
12/2/2014,458.733
12/3/2014,458.733
12/4/2014,458.733
12/5/2014,472.891
12/6/2014,455.901
12/7/2014,447.406
12/8/2014,453.07
12/9/2014,450.238
12/10/2014,455.901
12/11/2014,444.574
12/12/2014,461.565
12/13/2014,461.565
12/14/2014,453.07
12/15/2014,464.396
12/16/2014,464.396
12/17/2014,455.901
12/18/2014,450.238
12/19/2014,450.238
12/20/2014,458.733
12/21/2014,453.07
12/22/2014,450.238
12/23/2014,453.07
12/24/2014,467.228
12/25/2014,450.238
12/26/2014,453.07
12/27/2014,453.07
12/28/2014,455.901
12/29/2014,453.07
12/30/2014,455.901
12/31/2014,461.565
1/1/2015,453.07
1/2/2015,453.07
1/3/2015,453.07
1/4/2015,455.901
1/5/2015,458.733
1/6/2015,487.05
1/7/2015,492.713
1/8/2015,489.881
1/9/2015,489.881
1/10/2015,481.386
1/11/2015,481.386
1/12/2015,509.703
1/13/2015,509.703
1/14/2015,540.852
1/15/2015,538.02
1/16/2015,574.832
1/17/2015,572
1/18/2015,569.169
1/19/2015,566.337
1/20/2015,594.654
1/21/2015,597.485
1/22/2015,620.139
1/23/2015,622.971
1/24/2015,654.119
1/25/2015,648.456
1/26/2015,648.456
1/27/2015,648.456
1/28/2015,648.456
1/29/2015,648.456
1/30/2015,648.456
1/31/2015,648.456
2/1/2015,648.456
2/2/2015,651.287
2/3/2015,659.782
2/4/2015,654.119
2/5/2015,662.614
2/6/2015,654.119
2/7/2015,654.119
2/8/2015,654.119
2/9/2015,654.119
2/10/2015,654.119
2/11/2015,656.951
2/12/2015,654.119
2/13/2015,659.782
2/14/2015,659.782
2/15/2015,656.951
2/16/2015,651.287
2/17/2015,656.951
2/18/2015,656.951
2/19/2015,665.446
2/20/2015,656.951
2/21/2015,651.287
2/22/2015,651.287
2/23/2015,645.624
2/24/2015,642.792
2/25/2015,645.624
2/26/2015,651.287
2/27/2015,645.624
2/28/2015,648.456
3/1/2015,648.456
3/2/2015,651.287
3/3/2015,648.456
3/4/2015,645.624
3/5/2015,645.624
3/6/2015,620.139
3/7/2015,625.802
3/8/2015,611.644
3/9/2015,591.822
3/10/2015,563.505
3/11/2015,566.337
3/12/2015,535.188
3/13/2015,535.188
3/14/2015,492.713
3/15/2015,498.377
3/16/2015,509.703
3/17/2015,512.535
3/18/2015,512.535
3/19/2015,512.535
3/20/2015,509.703
3/21/2015,509.703
3/22/2015,509.703
3/23/2015,509.703
3/24/2015,512.535
3/25/2015,518.198
3/26/2015,512.535
3/27/2015,509.703
3/28/2015,509.703
3/29/2015,509.703
3/30/2015,509.703
3/31/2015,509.703
4/1/2015,506.872
4/2/2015,509.703
4/3/2015,512.535
4/4/2015,552.179
4/5/2015,557.842
4/6/2015,600.317
4/7/2015,603.149
4/8/2015,597.485
4/9/2015,603.149
4/10/2015,588.99
4/11/2015,594.654
4/12/2015,594.654
4/13/2015,591.822
4/14/2015,597.485
4/15/2015,600.317
4/16/2015,597.485
4/17/2015,591.822
4/18/2015,591.822
4/19/2015,594.654
4/20/2015,594.654
4/21/2015,594.654
4/22/2015,591.822
4/23/2015,654.119
4/24/2015,656.951
4/25/2015,651.287
4/26/2015,656.951
4/27/2015,625.802
4/28/2015,628.634
4/29/2015,662.614
4/30/2015,651.287
5/1/2015,662.614
5/2/2015,662.614
5/3/2015,659.782
5/4/2015,656.951
5/5/2015,639.961
5/6/2015,651.287
5/7/2015,651.287
5/8/2015,656.951
5/9/2015,654.119
5/10/2015,645.624
5/11/2015,654.119
5/12/2015,659.782
5/13/2015,656.951
5/14/2015,654.119
5/15/2015,662.614
5/16/2015,651.287
5/17/2015,645.624
5/18/2015,665.446
5/19/2015,665.446
5/20/2015,645.624
5/21/2015,648.456
5/22/2015,620.139
5/23/2015,620.139
5/24/2015,620.139
5/25/2015,620.139
5/26/2015,620.139
5/27/2015,617.307
5/28/2015,634.297
5/29/2015,634.297
5/30/2015,634.297
5/31/2015,634.297
6/1/2015,622.971
6/2/2015,620.139
6/3/2015,597.485
6/4/2015,603.149
6/5/2015,586.159
6/6/2015,603.149
6/7/2015,594.654
6/8/2015,586.159
6/9/2015,588.99
6/10/2015,588.99
6/11/2015,586.159
6/12/2015,591.822
6/13/2015,591.822
6/14/2015,594.654
6/15/2015,591.822
6/16/2015,591.822
6/17/2015,600.317
6/18/2015,594.654
6/19/2015,588.99
6/20/2015,591.822
6/21/2015,600.317
6/22/2015,591.822
6/23/2015,597.485
6/24/2015,600.317
6/25/2015,603.149
6/26/2015,605.981
6/27/2015,591.822
6/28/2015,591.822
6/29/2015,594.654
6/30/2015,588.99
7/1/2015,588.99
7/2/2015,588.99
7/3/2015,588.99
7/4/2015,586.159
7/5/2015,588.99
7/6/2015,586.159
7/7/2015,594.654
7/8/2015,588.99
7/9/2015,588.99
7/10/2015,588.99
7/11/2015,588.99
7/12/2015,588.99
7/13/2015,588.99
7/14/2015,588.99
7/15/2015,591.822
7/16/2015,588.99
7/17/2015,588.99
7/18/2015,588.99
7/19/2015,588.99
7/20/2015,588.99
7/21/2015,591.822
7/22/2015,588.99
7/23/2015,588.99
7/24/2015,594.654
7/25/2015,591.822
7/26/2015,588.99
7/27/2015,591.822
7/28/2015,588.99
7/29/2015,588.99
7/30/2015,591.822
7/31/2015,591.822
8/1/2015,597.485
8/2/2015,591.822
8/3/2015,591.822
8/4/2015,594.654
8/5/2015,591.822
8/6/2015,569.169
8/7/2015,563.505
8/8/2015,566.337
8/9/2015,566.337
8/10/2015,566.337
8/11/2015,569.169
8/12/2015,572
8/13/2015,577.664
8/14/2015,569.169
8/15/2015,569.169
8/16/2015,566.337
8/17/2015,577.664
8/18/2015,572
8/19/2015,572
8/20/2015,574.832
8/21/2015,569.169
8/22/2015,557.842
8/23/2015,557.842
8/24/2015,563.505
8/25/2015,560.674
8/26/2015,560.674
8/27/2015,560.674
8/28/2015,563.505
8/29/2015,560.674
8/30/2015,560.674
8/31/2015,563.505
9/1/2015,566.337
9/2/2015,566.337
9/3/2015,569.169
9/4/2015,566.337
9/5/2015,566.337
9/6/2015,566.337
9/7/2015,566.337
9/8/2015,566.337
9/9/2015,569.169
9/10/2015,566.337
9/11/2015,569.169
9/12/2015,560.674
9/13/2015,504.04
9/14/2015,470.06
9/15/2015,441.743
9/16/2015,416.258
9/17/2015,416.258
9/18/2015,393.604
9/19/2015,396.436
9/20/2015,393.604
9/21/2015,370.951
9/22/2015,362.456
9/23/2015,370.951
9/24/2015,376.614
9/25/2015,368.119
9/26/2015,376.614
9/27/2015,370.951
9/28/2015,379.446
9/29/2015,376.614
9/30/2015,373.782
10/1/2015,379.446
10/2/2015,385.109
10/3/2015,404.931
10/4/2015,402.099
10/5/2015,399.268
10/6/2015,390.772
10/7/2015,376.614
10/8/2015,379.446
10/9/2015,379.446
10/10/2015,379.446
10/11/2015,376.614
10/12/2015,376.614
10/13/2015,379.446
10/14/2015,365.287
10/15/2015,356.792
10/16/2015,373.782
10/17/2015,379.446
10/18/2015,370.951
10/19/2015,370.951
10/20/2015,368.119
10/21/2015,385.109
10/22/2015,379.446
10/23/2015,370.951
10/24/2015,368.119
10/25/2015,368.119
10/26/2015,370.951
10/27/2015,376.614
10/28/2015,376.614
10/29/2015,373.782
10/30/2015,379.446
10/31/2015,379.446
11/1/2015,379.446
11/2/2015,393.604
11/3/2015,390.772
11/4/2015,382.277
11/5/2015,370.951
11/6/2015,362.456
11/7/2015,359.624
11/8/2015,353.961
11/9/2015,362.456
11/10/2015,359.624
11/11/2015,362.456
11/12/2015,368.119
11/13/2015,359.624
11/14/2015,356.792
11/15/2015,362.456
11/16/2015,365.287
11/17/2015,368.119
11/18/2015,376.614
11/19/2015,353.961
11/20/2015,382.277
11/21/2015,359.624
11/22/2015,362.456
11/23/2015,359.624
11/24/2015,359.624
11/25/2015,353.961
11/26/2015,362.456
11/27/2015,356.792
11/28/2015,368.119
11/29/2015,379.446
11/30/2015,365.287
12/1/2015,362.456
12/2/2015,362.456
12/3/2015,362.456
12/4/2015,362.456
12/5/2015,419.089
12/6/2015,410.594
12/7/2015,413.426
12/8/2015,419.089
12/9/2015,410.594
12/10/2015,407.763
12/11/2015,421.921
12/12/2015,419.089
12/13/2015,421.921
12/14/2015,419.089
12/15/2015,419.089
12/16/2015,419.089
12/17/2015,419.089
12/18/2015,433.248
12/19/2015,421.921
12/20/2015,427.584
12/21/2015,421.921
12/22/2015,421.921
12/23/2015,421.921
12/24/2015,419.089
12/25/2015,419.089
12/26/2015,419.089
12/27/2015,419.089
12/28/2015,424.753
12/29/2015,424.753
12/30/2015,419.089
12/31/2015,421.921
1/1/2016,424.753
1/2/2016,424.753
1/3/2016,424.753
1/4/2016,421.921
1/5/2016,424.753
1/6/2016,424.753
1/7/2016,427.584
1/8/2016,421.921
1/9/2016,421.921
1/10/2016,421.921
1/11/2016,421.921
1/12/2016,421.921
1/13/2016,489.881
1/14/2016,484.218
1/15/2016,501.208
1/16/2016,518.198
1/17/2016,512.535
1/18/2016,506.872
1/19/2016,512.535
1/20/2016,538.02
1/21/2016,540.852
1/22/2016,543.683
1/23/2016,540.852
1/24/2016,538.02
1/25/2016,566.337
1/26/2016,566.337
1/27/2016,566.337
1/28/2016,566.337
1/29/2016,566.337
1/30/2016,569.169
1/31/2016,569.169
2/1/2016,560.674
2/2/2016,566.337
2/3/2016,566.337
2/4/2016,569.169
2/5/2016,566.337
2/6/2016,572
2/7/2016,566.337
2/8/2016,569.169
2/9/2016,569.169
2/10/2016,566.337
2/11/2016,574.832
2/12/2016,574.832
2/13/2016,569.169
2/14/2016,569.169
2/15/2016,572
2/16/2016,540.852
2/17/2016,529.525
2/18/2016,509.703
2/19/2016,512.535
2/20/2016,515.367
2/21/2016,512.535
2/22/2016,512.535
2/23/2016,504.04
2/24/2016,515.367
2/25/2016,512.535
2/26/2016,506.872
2/27/2016,481.386
2/28/2016,506.872
2/29/2016,498.377
3/1/2016,506.872
3/2/2016,506.872
3/3/2016,450.238
3/4/2016,450.238
3/5/2016,453.07
3/6/2016,455.901
3/7/2016,453.07
3/8/2016,458.733
3/9/2016,455.901
3/10/2016,458.733
3/11/2016,450.238
3/12/2016,450.238
3/13/2016,467.228
3/14/2016,450.238
3/15/2016,450.238
3/16/2016,450.238
3/17/2016,453.07
3/18/2016,450.238
3/19/2016,455.901
3/20/2016,450.238
3/21/2016,450.238
3/22/2016,450.238
3/23/2016,453.07
3/24/2016,453.07
3/25/2016,455.901
3/26/2016,453.07
3/27/2016,455.901
3/28/2016,453.07
3/29/2016,450.238
3/30/2016,453.07
3/31/2016,453.07
4/1/2016,450.238
4/2/2016,455.901
4/3/2016,453.07
4/4/2016,455.901
4/5/2016,453.07
4/6/2016,450.238
4/7/2016,450.238
4/8/2016,450.238
4/9/2016,450.238
4/10/2016,450.238
4/11/2016,450.238
4/12/2016,450.238
4/13/2016,444.574
4/14/2016,370.951
4/15/2016,385.109
4/16/2016,402.099
4/17/2016,402.099
4/18/2016,393.604
4/19/2016,402.099
4/20/2016,402.099
4/21/2016,402.099
4/22/2016,402.099
4/23/2016,413.426
4/24/2016,393.604
4/25/2016,407.763
4/26/2016,399.268
4/27/2016,404.931
4/28/2016,396.436
4/29/2016,399.268
4/30/2016,402.099
5/1/2016,402.099
5/2/2016,402.099
5/3/2016,402.099
5/4/2016,399.268
5/5/2016,402.099
5/6/2016,402.099
5/7/2016,399.268
5/8/2016,402.099
5/9/2016,402.099
5/10/2016,399.268
5/11/2016,396.436
5/12/2016,399.268
5/13/2016,470.06
5/14/2016,555.01
5/15/2016,591.822
5/16/2016,591.822
5/17/2016,594.654
5/18/2016,591.822
5/19/2016,594.654
5/20/2016,594.654
5/21/2016,594.654
5/22/2016,591.822
5/23/2016,591.822
5/24/2016,603.149
5/25/2016,591.822
5/26/2016,591.822
5/27/2016,591.822
5/28/2016,591.822
5/29/2016,586.159
5/30/2016,591.822
5/31/2016,586.159
6/1/2016,588.99
6/2/2016,591.822
6/3/2016,588.99
6/4/2016,591.822
6/5/2016,586.159
6/6/2016,591.822
6/7/2016,588.99
6/8/2016,588.99
6/9/2016,588.99
6/10/2016,591.822
6/11/2016,597.485
6/12/2016,594.654
6/13/2016,594.654
6/14/2016,597.485
6/15/2016,594.654
6/16/2016,591.822
6/17/2016,594.654
6/18/2016,591.822
6/19/2016,594.654
6/20/2016,603.149
6/21/2016,594.654
6/22/2016,591.822
6/23/2016,591.822
6/24/2016,597.485
6/25/2016,591.822
6/26/2016,588.99
6/27/2016,594.654
6/28/2016,591.822
6/29/2016,591.822
6/30/2016,594.654
7/1/2016,594.654
7/2/2016,597.485
7/3/2016,591.822
7/4/2016,591.822
7/5/2016,586.159
7/6/2016,591.822
7/7/2016,594.654
7/8/2016,594.654
7/9/2016,597.485
7/10/2016,574.832
7/11/2016,572
7/12/2016,572
7/13/2016,566.337
7/14/2016,569.169
7/15/2016,566.337
7/16/2016,566.337
7/17/2016,563.505
7/18/2016,566.337
7/19/2016,566.337
7/20/2016,563.505
7/21/2016,566.337
7/22/2016,560.674
7/23/2016,560.674
7/24/2016,566.337
7/25/2016,557.842
7/26/2016,563.505
7/27/2016,574.832
7/28/2016,580.495
7/29/2016,563.505
7/30/2016,563.505
7/31/2016,563.505
8/1/2016,566.337
8/2/2016,566.337
8/3/2016,566.337
8/4/2016,563.505
8/5/2016,569.169
8/6/2016,566.337
8/7/2016,566.337
8/8/2016,566.337
8/9/2016,572
8/10/2016,572
8/11/2016,569.169
8/12/2016,566.337
8/13/2016,566.337
8/14/2016,569.169
8/15/2016,566.337
8/16/2016,566.337
8/17/2016,577.664
8/18/2016,566.337
8/19/2016,569.169
8/20/2016,566.337
8/21/2016,569.169
8/22/2016,566.337
8/23/2016,572
8/24/2016,577.664
8/25/2016,569.169
8/26/2016,566.337
8/27/2016,566.337
8/28/2016,563.505
8/29/2016,569.169
8/30/2016,569.169
8/31/2016,566.337
9/1/2016,572
9/2/2016,563.505
9/3/2016,569.169
9/4/2016,563.505
9/5/2016,566.337
9/6/2016,566.337
9/7/2016,566.337
9/8/2016,529.525
9/9/2016,569.169
9/10/2016,566.337
9/11/2016,572
9/12/2016,574.832
9/13/2016,569.169
9/14/2016,569.169
9/15/2016,512.535
9/16/2016,518.198
9/17/2016,450.238
9/18/2016,453.07
9/19/2016,399.268
9/20/2016,396.436
9/21/2016,373.782
9/22/2016,376.614
9/23/2016,373.782
9/24/2016,373.782
9/25/2016,373.782
9/26/2016,373.782
9/27/2016,373.782
9/28/2016,379.446
9/29/2016,376.614
9/30/2016,368.119
10/1/2016,368.119
10/2/2016,365.287
10/3/2016,368.119
10/4/2016,373.782
10/5/2016,379.446
10/6/2016,365.287
10/7/2016,368.119
10/8/2016,370.951
10/9/2016,368.119
10/10/2016,368.119
10/11/2016,370.951
10/12/2016,368.119
10/13/2016,368.119
10/14/2016,368.119
10/15/2016,368.119
10/16/2016,365.287
10/17/2016,365.287
10/18/2016,365.287
10/19/2016,365.287
10/20/2016,365.287
10/21/2016,368.119
10/22/2016,365.287
10/23/2016,365.287
10/24/2016,373.782
10/25/2016,368.119
10/26/2016,368.119
10/27/2016,368.119
10/28/2016,368.119
10/29/2016,365.287
10/30/2016,365.287
10/31/2016,368.119
11/1/2016,365.287
11/2/2016,368.119
11/3/2016,365.287
11/4/2016,368.119
11/5/2016,365.287
11/6/2016,362.456
11/7/2016,359.624
11/8/2016,362.456
11/9/2016,362.456
11/10/2016,368.119
11/11/2016,368.119
11/12/2016,370.951
11/13/2016,370.951
11/14/2016,376.614
11/15/2016,370.951
11/16/2016,370.951
11/17/2016,370.951
11/18/2016,376.614
11/19/2016,379.446
11/20/2016,376.614
11/21/2016,376.614
11/22/2016,373.782
11/23/2016,368.119
11/24/2016,370.951
11/25/2016,368.119
11/26/2016,368.119
11/27/2016,368.119
11/28/2016,373.782
11/29/2016,368.119
11/30/2016,385.109
12/1/2016,379.446
12/2/2016,373.782
12/3/2016,376.614
12/4/2016,387.941
12/5/2016,453.07
12/6/2016,444.574
12/7/2016,447.406
12/8/2016,444.574
12/9/2016,453.07
12/10/2016,453.07
12/11/2016,447.406
12/12/2016,447.406
12/13/2016,453.07
12/14/2016,461.565
12/15/2016,455.901
12/16/2016,455.901
12/17/2016,455.901
12/18/2016,455.901
12/19/2016,455.901
12/20/2016,458.733
12/21/2016,453.07
12/22/2016,453.07
12/23/2016,458.733
12/24/2016,453.07
12/25/2016,455.901
12/26/2016,455.901
12/27/2016,458.733
12/28/2016,455.901
12/29/2016,455.901
12/30/2016,455.901
12/31/2016,458.733
1/1/2017,453.07
1/2/2017,455.901
1/3/2017,461.565
1/4/2017,458.733
1/5/2017,464.396
1/6/2017,467.228
1/7/2017,464.396
1/8/2017,458.733
1/9/2017,464.396
1/10/2017,464.396
1/11/2017,458.733
1/12/2017,464.396
1/13/2017,464.396
1/14/2017,461.565
1/15/2017,464.396
1/16/2017,453.07
1/17/2017,458.733
1/18/2017,455.901
1/19/2017,461.565
1/20/2017,455.901
1/21/2017,455.901
1/22/2017,453.07
1/23/2017,455.901
1/24/2017,458.733
1/25/2017,441.743
1/26/2017,438.911
1/27/2017,424.753
1/28/2017,424.753
1/29/2017,413.426
1/30/2017,407.763
1/31/2017,393.604
2/1/2017,404.931
2/2/2017,404.931
2/3/2017,387.941
2/4/2017,387.941
2/5/2017,385.109
2/6/2017,370.951
2/7/2017,376.614
2/8/2017,368.119
2/9/2017,368.119
2/10/2017,370.951
2/11/2017,365.287
2/12/2017,365.287
2/13/2017,362.456
2/14/2017,368.119
2/15/2017,376.614
2/16/2017,370.951
2/17/2017,365.287
2/18/2017,365.287
2/19/2017,368.119
2/20/2017,365.287
2/21/2017,368.119
2/22/2017,368.119
2/23/2017,365.287
2/24/2017,373.782
2/25/2017,370.951
2/26/2017,368.119
2/27/2017,368.119
2/28/2017,373.782
3/1/2017,368.119
3/2/2017,368.119
3/3/2017,370.951
3/4/2017,359.624
3/5/2017,390.772
3/6/2017,390.772
3/7/2017,390.772
3/8/2017,390.772
3/9/2017,390.772
3/10/2017,393.604
3/11/2017,387.941
3/12/2017,402.099
3/13/2017,393.604
3/14/2017,393.604
3/15/2017,387.941
3/16/2017,393.604
3/17/2017,385.109
3/18/2017,390.772
3/19/2017,387.941
3/20/2017,390.772
3/21/2017,387.941
3/22/2017,387.941
3/23/2017,390.772
3/24/2017,385.109
3/25/2017,385.109
3/26/2017,390.772
3/27/2017,390.772
3/28/2017,385.109
3/29/2017,438.911
3/30/2017,495.545
3/31/2017,509.703
4/1/2017,566.337
4/2/2017,563.505
4/3/2017,605.981
4/4/2017,620.139
4/5/2017,679.604
4/6/2017,736.238
4/7/2017,795.703
4/8/2017,795.703
4/9/2017,798.535
4/10/2017,792.872
4/11/2017,792.872
4/12/2017,792.872
4/13/2017,807.03
4/14/2017,804.198
4/15/2017,795.703
4/16/2017,792.872
4/17/2017,781.545
4/18/2017,795.703
4/19/2017,787.208
4/20/2017,787.208
4/21/2017,784.377
4/22/2017,778.713
4/23/2017,784.377
4/24/2017,784.377
4/25/2017,778.713
4/26/2017,784.377
4/27/2017,781.545
4/28/2017,781.545
4/29/2017,770.218
4/30/2017,778.713
5/1/2017,778.713
5/2/2017,778.713
5/3/2017,784.377
5/4/2017,841.01
5/5/2017,835.347
5/6/2017,838.179
5/7/2017,841.01
5/8/2017,835.347
5/9/2017,838.179
5/10/2017,841.01
5/11/2017,679.604
5/12/2017,787.208
5/13/2017,843.842
5/14/2017,900.476
5/15/2017,985.426
5/16/2017,982.595
5/17/2017,991.09
5/18/2017,996.753
5/19/2017,996.753
5/20/2017,996.753
5/21/2017,999.585
5/22/2017,996.753
5/23/2017,985.426
5/24/2017,985.426
5/25/2017,982.595
5/26/2017,979.763
5/27/2017,979.763
5/28/2017,976.931
5/29/2017,976.931
5/30/2017,988.258
5/31/2017,988.258
6/1/2017,976.931
6/2/2017,982.595
6/3/2017,985.426
6/4/2017,988.258
6/5/2017,979.763
6/6/2017,979.763
6/7/2017,979.763
6/8/2017,979.763
6/9/2017,979.763
6/10/2017,974.1
6/11/2017,971.268
6/12/2017,965.604
6/13/2017,968.436
6/14/2017,968.436
6/15/2017,968.436
6/16/2017,971.268
6/17/2017,974.1
6/18/2017,971.268
6/19/2017,968.436
6/20/2017,962.773
6/21/2017,971.268
6/22/2017,965.604
6/23/2017,962.773
6/24/2017,974.1
6/25/2017,976.931
6/26/2017,971.268
6/27/2017,968.436
6/28/2017,976.931
6/29/2017,968.436
6/30/2017,965.604
7/1/2017,968.436
7/2/2017,968.436
7/3/2017,968.436
7/4/2017,971.268
7/5/2017,968.436
7/6/2017,965.604
7/7/2017,962.773
7/8/2017,968.436
7/9/2017,968.436
7/10/2017,965.604
7/11/2017,962.773
7/12/2017,968.436
7/13/2017,962.773
7/14/2017,937.288
7/15/2017,934.456
7/16/2017,937.288
7/17/2017,934.456
7/18/2017,931.624
7/19/2017,937.288
7/20/2017,934.456
7/21/2017,942.951
7/22/2017,945.783
7/23/2017,937.288
7/24/2017,934.456
7/25/2017,934.456
7/26/2017,934.456
7/27/2017,937.288
7/28/2017,942.951
7/29/2017,937.288
7/30/2017,928.793
7/31/2017,931.624
8/1/2017,931.624
8/2/2017,931.624
8/3/2017,937.288
8/4/2017,931.624
8/5/2017,934.456
8/6/2017,937.288
8/7/2017,945.783
8/8/2017,937.288
8/9/2017,937.288
8/10/2017,931.624
8/11/2017,937.288
8/12/2017,937.288
8/13/2017,934.456
8/14/2017,937.288
8/15/2017,934.456
8/16/2017,934.456
8/17/2017,945.783
8/18/2017,928.793
8/19/2017,928.793
8/20/2017,931.624
8/21/2017,931.624
8/22/2017,937.288
8/23/2017,940.119
8/24/2017,940.119
8/25/2017,940.119
8/26/2017,942.951
8/27/2017,900.476
8/28/2017,923.129
8/29/2017,923.129
8/30/2017,925.961
8/31/2017,928.793
9/1/2017,928.793
9/2/2017,914.634
9/3/2017,911.802
9/4/2017,917.466
9/5/2017,832.515
9/6/2017,835.347
9/7/2017,824.02
9/8/2017,832.515
9/9/2017,838.179
9/10/2017,753.228
9/11/2017,668.278
9/12/2017,588.99
9/13/2017,572
9/14/2017,557.842
9/15/2017,549.347
9/16/2017,560.674
9/17/2017,563.505
9/18/2017,560.674
9/19/2017,574.832
9/20/2017,563.505
9/21/2017,569.169
9/22/2017,574.832
9/23/2017,560.674
9/24/2017,566.337
9/25/2017,560.674
9/26/2017,560.674
9/27/2017,560.674
9/28/2017,566.337
9/29/2017,569.169
9/30/2017,563.505
10/1/2017,560.674
10/2/2017,560.674
10/3/2017,557.842
10/4/2017,560.674
10/5/2017,566.337
10/6/2017,492.713
10/7/2017,492.713
10/8/2017,495.545
10/9/2017,489.881
10/10/2017,489.881
10/11/2017,421.921
10/12/2017,427.584
10/13/2017,436.079
10/14/2017,447.406
10/15/2017,421.921
10/16/2017,424.753
10/17/2017,419.089
10/18/2017,421.921
10/19/2017,424.753
10/20/2017,424.753
10/21/2017,433.248
10/22/2017,424.753
10/23/2017,424.753
10/24/2017,427.584
10/25/2017,424.753
10/26/2017,421.921
10/27/2017,424.753
10/28/2017,424.753
10/29/2017,424.753
10/30/2017,421.921
10/31/2017,427.584
11/1/2017,427.584
11/2/2017,430.416
11/3/2017,433.248
11/4/2017,433.248
11/5/2017,413.426
11/6/2017,427.584
11/7/2017,419.089
11/8/2017,433.248
11/9/2017,430.416
11/10/2017,433.248
11/11/2017,430.416
11/12/2017,424.753
11/13/2017,427.584
11/14/2017,430.416
11/15/2017,427.584
11/16/2017,427.584
11/17/2017,424.753
11/18/2017,424.753
11/19/2017,427.584
11/20/2017,427.584
11/21/2017,427.584
11/22/2017,427.584
11/23/2017,424.753
11/24/2017,421.921
11/25/2017,427.584
11/26/2017,427.584
11/27/2017,424.753
11/28/2017,430.416
11/29/2017,430.416
11/30/2017,424.753
12/1/2017,458.733
12/2/2017,450.238
12/3/2017,455.901
12/4/2017,461.565
12/5/2017,453.07
12/6/2017,453.07
12/7/2017,453.07
12/8/2017,450.238
12/9/2017,453.07
12/10/2017,453.07
12/11/2017,453.07
12/12/2017,461.565
12/13/2017,455.901
12/14/2017,453.07
12/15/2017,458.733
12/16/2017,458.733
12/17/2017,458.733
12/18/2017,455.901
12/19/2017,458.733
12/20/2017,455.901
12/21/2017,455.901
12/22/2017,458.733
12/23/2017,453.07
12/24/2017,455.901
12/25/2017,455.901
12/26/2017,487.05
12/27/2017,487.05
12/28/2017,512.535
12/29/2017,512.535
12/30/2017,549.347
12/31/2017,557.842
1/1/2018,569.169
1/2/2018,557.842
1/3/2018,597.485
1/4/2018,600.317
1/5/2018,631.466
1/6/2018,634.297
1/7/2018,662.614
1/8/2018,656.951
1/9/2018,679.604
1/10/2018,685.268
1/11/2018,679.604
1/12/2018,739.07
1/13/2018,705.089
1/14/2018,702.258
1/15/2018,707.921
1/16/2018,710.753
1/17/2018,707.921
1/18/2018,713.585
1/19/2018,719.248
1/20/2018,710.753
1/21/2018,710.753
1/22/2018,710.753
1/23/2018,716.416
1/24/2018,707.921
1/25/2018,716.416
1/26/2018,710.753
1/27/2018,707.921
1/28/2018,707.921
1/29/2018,719.248
1/30/2018,713.585
1/31/2018,713.585
2/1/2018,710.753
2/2/2018,713.585
2/3/2018,710.753
2/4/2018,710.753
2/5/2018,713.585
2/6/2018,719.248
2/7/2018,713.585
2/8/2018,705.089
2/9/2018,719.248
2/10/2018,716.416
2/11/2018,713.585
2/12/2018,719.248
2/13/2018,710.753
2/14/2018,707.921
2/15/2018,713.585
2/16/2018,716.416
2/17/2018,716.416
2/18/2018,710.753
2/19/2018,716.416
2/20/2018,719.248
2/21/2018,719.248
2/22/2018,719.248
2/23/2018,719.248
2/24/2018,719.248
2/25/2018,722.08
2/26/2018,719.248
2/27/2018,716.416
2/28/2018,702.258
3/1/2018,696.594
3/2/2018,693.763
3/3/2018,673.941
3/4/2018,668.278
3/5/2018,645.624
3/6/2018,662.614
3/7/2018,614.476
3/8/2018,617.307
3/9/2018,622.971
3/10/2018,620.139
3/11/2018,648.456
3/12/2018,625.802
3/13/2018,617.307
3/14/2018,622.971
3/15/2018,622.971
3/16/2018,622.971
3/17/2018,617.307
3/18/2018,622.971
3/19/2018,622.971
3/20/2018,620.139
3/21/2018,617.307
3/22/2018,628.634
3/23/2018,622.971
3/24/2018,625.802
3/25/2018,620.139
3/26/2018,625.802
3/27/2018,614.476
3/28/2018,611.644
3/29/2018,620.139
3/30/2018,673.941
3/31/2018,673.941
4/1/2018,679.604
4/2/2018,668.278
4/3/2018,671.109
4/4/2018,671.109
4/5/2018,673.941
4/6/2018,722.08
4/7/2018,730.575
4/8/2018,716.416
4/9/2018,719.248
4/10/2018,787.208
4/11/2018,787.208
4/12/2018,795.703
4/13/2018,787.208
4/14/2018,790.04
4/15/2018,787.208
4/16/2018,784.377
4/17/2018,812.694
4/18/2018,812.694
4/19/2018,843.842
4/20/2018,835.347
4/21/2018,835.347
4/22/2018,838.179
4/23/2018,906.139
4/24/2018,897.644
4/25/2018,897.644
4/26/2018,858
4/27/2018,906.139
4/28/2018,894.812
4/29/2018,891.981
4/30/2018,889.149
5/1/2018,897.644
5/2/2018,900.476
5/3/2018,891.981
5/4/2018,965.604
5/5/2018,971.268
5/6/2018,976.931
5/7/2018,1033.565
5/8/2018,1030.733
5/9/2018,1067.545
5/10/2018,1061.882
5/11/2018,1061.882
5/12/2018,1042.06
5/13/2018,1042.06
5/14/2018,1042.06
5/15/2018,1036.397
5/16/2018,1042.06
5/17/2018,1061.882
5/18/2018,1067.545
5/19/2018,1070.377
5/20/2018,1067.545
5/21/2018,1070.377
5/22/2018,1070.377
5/23/2018,1087.367
5/24/2018,1090.199
5/25/2018,1090.199
5/26/2018,1087.367
5/27/2018,1098.694
5/28/2018,1107.189
5/29/2018,1098.694
5/30/2018,1093.03
5/31/2018,1093.03
6/1/2018,1132.674
6/2/2018,1118.515
6/3/2018,1129.842
6/4/2018,1124.179
6/5/2018,1115.684
6/6/2018,1209.129
6/7/2018,1243.11
6/8/2018,1243.11
6/9/2018,1243.11
6/10/2018,1248.773
6/11/2018,1248.773
6/12/2018,1248.773
6/13/2018,1245.941
6/14/2018,1237.446
6/15/2018,1240.278
6/16/2018,1234.615
6/17/2018,1231.783
6/18/2018,1285.585
6/19/2018,1379.03
6/20/2018,1449.823
6/21/2018,1531.941
6/22/2018,1616.892
6/23/2018,1684.852
6/24/2018,1704.674
6/25/2018,1701.842
6/26/2018,1701.842
6/27/2018,1704.674
6/28/2018,1701.842
6/29/2018,1696.179
6/30/2018,1696.179
7/1/2018,1696.179
7/2/2018,1696.179
7/3/2018,1699.011
7/4/2018,1699.011
7/5/2018,1696.179
7/6/2018,1699.011
7/7/2018,1701.842
7/8/2018,1696.179
7/9/2018,1696.179
7/10/2018,1701.842
7/11/2018,1699.011
7/12/2018,1699.011
7/13/2018,1699.011
7/14/2018,1704.674
7/15/2018,1701.842
7/16/2018,1701.842
7/17/2018,1704.674
7/18/2018,1707.506
7/19/2018,1707.506
7/20/2018,1707.506
7/21/2018,1713.169
7/22/2018,1710.338
7/23/2018,1653.704
7/24/2018,1625.387
7/25/2018,1616.892
7/26/2018,1554.595
7/27/2018,1531.941
7/28/2018,1529.11
7/29/2018,1529.11
7/30/2018,1531.941
7/31/2018,1537.605
8/1/2018,1495.13
8/2/2018,1438.496
8/3/2018,1401.684
8/4/2018,1421.506
8/5/2018,1424.337
8/6/2018,1415.842
8/7/2018,1379.03
8/8/2018,1325.228
8/9/2018,1302.575
8/10/2018,1302.575
8/11/2018,1305.407
8/12/2018,1299.743
8/13/2018,1302.575
8/14/2018,1299.743
8/15/2018,1311.07
8/16/2018,1313.902
8/17/2018,1313.902
8/18/2018,1262.931
8/19/2018,1316.733
8/20/2018,1313.902
8/21/2018,1257.268
8/22/2018,1319.565
8/23/2018,1322.397
8/24/2018,1333.723
8/25/2018,1313.902
8/26/2018,1308.238
8/27/2018,1299.743
8/28/2018,1299.743
8/29/2018,1299.743
8/30/2018,1302.575
8/31/2018,1305.407
9/1/2018,1311.07
9/2/2018,1305.407
9/3/2018,1305.407
9/4/2018,1305.407
9/5/2018,1313.902
9/6/2018,1277.09
9/7/2018,1228.951
9/8/2018,1231.783
9/9/2018,1231.783
9/10/2018,1175.149
9/11/2018,1141.169
9/12/2018,1067.545
9/13/2018,1019.406
9/14/2018,1044.892
9/15/2018,1039.228
9/16/2018,1039.228
9/17/2018,991.09
9/18/2018,1013.743
9/19/2018,928.793
9/20/2018,880.654
9/21/2018,883.486
9/22/2018,883.486
9/23/2018,883.486
9/24/2018,880.654
9/25/2018,880.654
9/26/2018,883.486
9/27/2018,889.149
9/28/2018,889.149
9/29/2018,889.149
9/30/2018,886.317
10/1/2018,883.486
10/2/2018,886.317
10/3/2018,889.149
10/4/2018,841.01
10/5/2018,846.674
10/6/2018,835.347
10/7/2018,835.347
10/8/2018,843.842
10/9/2018,846.674
10/10/2018,824.02
10/11/2018,846.674
10/12/2018,824.02
10/13/2018,801.367
10/14/2018,792.872
10/15/2018,781.545
10/16/2018,770.218
10/17/2018,798.535
10/18/2018,821.189
10/19/2018,824.02
10/20/2018,824.02
10/21/2018,826.852
10/22/2018,838.179
10/23/2018,826.852
10/24/2018,824.02
10/25/2018,824.02
10/26/2018,829.684
10/27/2018,804.198
10/28/2018,824.02
10/29/2018,824.02
10/30/2018,829.684
10/31/2018,815.525
11/1/2018,792.872
11/2/2018,835.347
11/3/2018,815.525
11/4/2018,787.208
11/5/2018,815.525
11/6/2018,818.357
11/7/2018,815.525
11/8/2018,809.862
11/9/2018,804.198
11/10/2018,812.694
11/11/2018,809.862
11/12/2018,815.525
11/13/2018,812.694
11/14/2018,812.694
11/15/2018,812.694
11/16/2018,815.525
11/17/2018,818.357
11/18/2018,815.525
11/19/2018,815.525
11/20/2018,815.525
11/21/2018,815.525
11/22/2018,815.525
11/23/2018,818.357
11/24/2018,815.525
11/25/2018,764.555
11/26/2018,767.387
11/27/2018,699.426
11/28/2018,713.585
11/29/2018,654.119
11/30/2018,651.287
12/1/2018,597.485
12/2/2018,597.485
12/3/2018,600.317
12/4/2018,597.485
12/5/2018,611.644
12/6/2018,597.485
12/7/2018,603.149
12/8/2018,603.149
12/9/2018,605.981
12/10/2018,600.317
12/11/2018,603.149
12/12/2018,603.149
12/13/2018,608.812
12/14/2018,605.981
12/15/2018,603.149
12/16/2018,603.149
12/17/2018,605.981
12/18/2018,605.981
12/19/2018,600.317
12/20/2018,603.149
12/21/2018,603.149
12/22/2018,603.149
12/23/2018,600.317
12/24/2018,603.149
12/25/2018,603.149
12/26/2018,546.515
12/27/2018,495.545
12/28/2018,478.555
12/29/2018,458.733
12/30/2018,458.733
12/31/2018,458.733
1/1/2019,464.396
1/2/2019,461.565
1/3/2019,461.565
1/4/2019,461.565
1/5/2019,461.565
1/6/2019,464.396
1/7/2019,464.396
1/8/2019,458.733
1/9/2019,461.565
1/10/2019,495.545
1/11/2019,489.881
1/12/2019,512.535
1/13/2019,515.367
1/14/2019,515.367
1/15/2019,549.347
1/16/2019,552.179
1/17/2019,574.832
1/18/2019,572
1/19/2019,600.317
1/20/2019,608.812
1/21/2019,631.466
1/22/2019,637.129
1/23/2019,665.446
1/24/2019,676.773
1/25/2019,659.783
1/26/2019,688.099
1/27/2019,685.268
1/28/2019,713.585
1/29/2019,719.248
1/30/2019,724.911
1/31/2019,753.228
2/1/2019,736.238
2/2/2019,736.238
2/3/2019,736.238
2/4/2019,744.733
2/5/2019,744.733
2/6/2019,753.228
2/7/2019,747.565
2/8/2019,747.565
2/9/2019,753.228
2/10/2019,736.238
2/11/2019,736.238
2/12/2019,739.07
2/13/2019,733.406
2/14/2019,736.238
2/15/2019,744.733
2/16/2019,736.238
2/17/2019,733.406
2/18/2019,733.406
2/19/2019,736.238
2/20/2019,727.743
2/21/2019,733.406
2/22/2019,730.575
2/23/2019,724.911
2/24/2019,739.07
2/25/2019,741.901
2/26/2019,713.585
2/27/2019,685.268
2/28/2019,682.436
3/1/2019,648.456
3/2/2019,648.456
3/3/2019,620.139
3/4/2019,620.139
3/5/2019,563.505
3/6/2019,566.337
3/7/2019,532.357
3/8/2019,532.357
3/9/2019,504.04
3/10/2019,506.872
3/11/2019,512.535
3/12/2019,512.535
3/13/2019,509.703
3/14/2019,512.535
3/15/2019,484.218
3/16/2019,453.07
3/17/2019,455.901
3/18/2019,455.901
3/19/2019,461.565
3/20/2019,424.753
3/21/2019,421.921
3/22/2019,387.941
3/23/2019,385.109
3/24/2019,385.109
3/25/2019,362.456
3/26/2019,362.456
3/27/2019,376.614
3/28/2019,376.614
3/29/2019,373.782
3/30/2019,370.951
3/31/2019,370.951
4/1/2019,368.119
4/2/2019,365.287
4/3/2019,362.456
4/4/2019,368.119
4/5/2019,370.951
4/6/2019,370.951
4/7/2019,368.119
4/8/2019,370.951
4/9/2019,368.119
4/10/2019,370.951
4/11/2019,373.782
4/12/2019,376.614
4/13/2019,368.119
4/14/2019,368.119
4/15/2019,365.287
4/16/2019,362.456
4/17/2019,359.624
4/18/2019,359.624
4/19/2019,362.456
4/20/2019,376.614
4/21/2019,379.446
4/22/2019,379.446
4/23/2019,382.277
4/24/2019,385.109
4/25/2019,382.277
4/26/2019,436.079
4/27/2019,421.921
4/28/2019,419.089
4/29/2019,419.089
4/30/2019,413.426
5/1/2019,436.079
5/2/2019,433.248
5/3/2019,436.079
5/4/2019,515.367
5/5/2019,515.367
5/6/2019,594.654
5/7/2019,603.149
5/8/2019,688.099
5/9/2019,688.099
5/10/2019,764.555
5/11/2019,761.723
5/12/2019,773.05
5/13/2019,764.555
5/14/2019,764.555
5/15/2019,775.882
5/16/2019,883.486
5/17/2019,866.496
5/18/2019,869.327
5/19/2019,843.842
5/20/2019,855.169
5/21/2019,855.169
5/22/2019,860.832
5/23/2019,863.664
5/24/2019,722.08
5/25/2019,560.674
5/26/2019,557.842
5/27/2019,555.01
5/28/2019,549.347
5/29/2019,413.426
5/30/2019,416.258
5/31/2019,416.258
6/1/2019,421.921
6/2/2019,419.089
6/3/2019,416.258
6/4/2019,419.089
6/5/2019,427.584
6/6/2019,421.921
6/7/2019,419.089
6/8/2019,515.367
6/9/2019,509.703
6/10/2019,588.99
6/11/2019,682.436
6/12/2019,767.387
6/13/2019,858
6/14/2019,906.139
6/15/2019,911.802
6/16/2019,908.971
6/17/2019,968.436
6/18/2019,1056.218
6/19/2019,1138.337
6/20/2019,1180.812
6/21/2019,1177.981
6/22/2019,1180.812
6/23/2019,1180.812
6/24/2019,1265.763
6/25/2019,1319.565
6/26/2019,1319.565
6/27/2019,1316.733
6/28/2019,1302.575
6/29/2019,1302.575
6/30/2019,1294.08
7/1/2019,1311.07
7/2/2019,1311.07
7/3/2019,1305.407
7/4/2019,1325.228
7/5/2019,1319.565
7/6/2019,1328.06
7/7/2019,1325.228
7/8/2019,1322.397
7/9/2019,1328.06
7/10/2019,1322.397
7/11/2019,1322.397
7/12/2019,1308.238
7/13/2019,1308.238
7/14/2019,1311.07
7/15/2019,1311.07
7/16/2019,1308.238
7/17/2019,1308.238
7/18/2019,1308.238
7/19/2019,1308.238
7/20/2019,1308.238
7/21/2019,1311.07
7/22/2019,1313.902
7/23/2019,1313.902
7/24/2019,1311.07
7/25/2019,1311.07
7/26/2019,1308.238
7/27/2019,1308.238
7/28/2019,1311.07
7/29/2019,1311.07
7/30/2019,1311.07
7/31/2019,1308.238
8/1/2019,1302.575
8/2/2019,1316.733
8/3/2019,1311.07
8/4/2019,1311.07
8/5/2019,1316.733
8/6/2019,1313.902
8/7/2019,1313.902
8/8/2019,1316.733
8/9/2019,1316.733
8/10/2019,1316.733
8/11/2019,1322.397
8/12/2019,1319.565
8/13/2019,1316.733
8/14/2019,1322.397
8/15/2019,1319.565
8/16/2019,1322.397
8/17/2019,1325.228
8/18/2019,1319.565
8/19/2019,1302.575
8/20/2019,1291.248
8/21/2019,1291.248
8/22/2019,1305.407
8/23/2019,1308.238
8/24/2019,1305.407
8/25/2019,1305.407
8/26/2019,1305.407
8/27/2019,1294.08
8/28/2019,1296.912
8/29/2019,1294.08
8/30/2019,1299.743
8/31/2019,1308.238
9/1/2019,1311.07
9/2/2019,1316.733
9/3/2019,1305.407
9/4/2019,1282.753
9/5/2019,1245.941
9/6/2019,1294.08
9/7/2019,1325.228
9/8/2019,1319.565
9/9/2019,1325.228
9/10/2019,1308.238
9/11/2019,1294.08
9/12/2019,1291.248
9/13/2019,1291.248
9/14/2019,1288.417
9/15/2019,1294.08
9/16/2019,1285.585
9/17/2019,1294.08
9/18/2019,1288.417
9/19/2019,1296.912
9/20/2019,1316.733
9/21/2019,1282.753
9/22/2019,1291.248
9/23/2019,1299.743
9/24/2019,1299.743
9/25/2019,1305.407
9/26/2019,1305.407
9/27/2019,1308.238
9/28/2019,1302.575
9/29/2019,1308.238
9/30/2019,1302.575
10/1/2019,1302.575
10/2/2019,1299.743
10/3/2019,1302.575
10/4/2019,1313.902
10/5/2019,1308.238
10/6/2019,1302.575
10/7/2019,1308.238
10/8/2019,1308.238
10/9/2019,1248.773
10/10/2019,1299.743
10/11/2019,1299.743
10/12/2019,1296.912
10/13/2019,1305.407
10/14/2019,1305.407
10/15/2019,1288.417
10/16/2019,1311.07
10/17/2019,1345.05
10/18/2019,1364.872
10/19/2019,1362.04
10/20/2019,1362.04
10/21/2019,1367.704
10/22/2019,1362.04
10/23/2019,1364.872
10/24/2019,1359.209
10/25/2019,1367.704
10/26/2019,1359.209
10/27/2019,1364.872
10/28/2019,1370.535
10/29/2019,1353.545
10/30/2019,1350.714
10/31/2019,1362.04
11/1/2019,1387.525
11/2/2019,1398.852
11/3/2019,1376.199
11/4/2019,1381.862
11/5/2019,1384.694
11/6/2019,1390.357
11/7/2019,1370.535
11/8/2019,1342.219
11/9/2019,1396.021
11/10/2019,1381.862
11/11/2019,1379.03
11/12/2019,1379.03
11/13/2019,1376.199
11/14/2019,1376.199
11/15/2019,1376.199
11/16/2019,1373.367
11/17/2019,1370.535
11/18/2019,1373.367
11/19/2019,1367.704
11/20/2019,1302.575
11/21/2019,1209.129
11/22/2019,1121.347
11/23/2019,993.921
11/24/2019,993.921
11/25/2019,829.684
11/26/2019,761.723
11/27/2019,685.268
11/28/2019,682.436
11/29/2019,685.268
11/30/2019,685.268
12/1/2019,688.099
12/2/2019,682.436
12/3/2019,693.763
12/4/2019,685.268
12/5/2019,685.268
12/6/2019,690.931
12/7/2019,631.466
12/8/2019,546.515
12/9/2019,546.515
12/10/2019,461.565
12/11/2019,464.396
12/12/2019,461.565
12/13/2019,458.733
12/14/2019,461.565
12/15/2019,458.733
12/16/2019,481.386
12/17/2019,487.05
12/18/2019,512.535
12/19/2019,521.03
12/20/2019,555.01
12/21/2019,546.515
12/22/2019,574.832
12/23/2019,577.664
12/24/2019,603.149
12/25/2019,603.149
12/26/2019,625.802
12/27/2019,628.634
12/28/2019,651.287
12/29/2019,662.614
12/30/2019,656.951
12/31/2019,688.099
1/1/2020,659.783
1/2/2020,645.624
1/3/2020,642.792
1/4/2020,642.792
1/5/2020,639.961
1/6/2020,645.624
1/7/2020,676.773
1/8/2020,690.931
1/9/2020,690.931
1/10/2020,699.426
1/11/2020,699.426
1/12/2020,702.258
1/13/2020,696.594
1/14/2020,685.268
1/15/2020,693.763
1/16/2020,702.258
1/17/2020,705.089
1/18/2020,710.753
1/19/2020,707.921
1/20/2020,702.258
1/21/2020,705.089
1/22/2020,705.089
1/23/2020,702.258
1/24/2020,699.426
1/25/2020,696.594
1/26/2020,690.931
1/27/2020,690.931
1/28/2020,688.099
1/29/2020,690.931
1/30/2020,690.931
1/31/2020,693.763
2/1/2020,702.258
2/2/2020,713.585
2/3/2020,716.416
2/4/2020,713.585
2/5/2020,710.753
2/6/2020,702.258
