Date,Inflows_m/s^3
12/1/1953,467.228
12/2/1953,492.713
12/3/1953,467.228
12/4/1953,470.06
12/5/1953,487.05
12/6/1953,506.872
12/7/1953,523.862
12/8/1953,518.198
12/9/1953,464.396
12/10/1953,441.743
12/11/1953,410.594
12/12/1953,387.941
12/13/1953,359.624
12/14/1953,300.159
12/15/1953,260.515
12/16/1953,220.871
12/17/1953,198.218
12/18/1953,186.891
12/19/1953,164.238
12/20/1953,155.743
12/21/1953,150.079
12/22/1953,161.406
12/23/1953,172.733
12/24/1953,212.376
12/25/1953,229.366
12/26/1953,252.02
12/27/1953,266.178
12/28/1953,277.505
12/29/1953,277.505
12/30/1953,283.168
12/31/1953,300.159
1/1/1954,356.792
1/2/1954,410.594
1/3/1954,404.931
1/4/1954,339.802
1/5/1954,308.654
1/6/1954,319.98
1/7/1954,317.149
1/8/1954,365.287
1/9/1954,339.802
1/10/1954,317.149
1/11/1954,305.822
1/12/1954,300.159
1/13/1954,319.98
1/14/1954,319.98
1/15/1954,317.149
1/16/1954,319.98
1/17/1954,274.673
1/18/1954,237.862
1/19/1954,235.03
1/20/1954,232.198
1/21/1954,280.337
1/22/1954,288.832
1/23/1954,263.347
1/24/1954,252.02
1/25/1954,252.02
1/26/1954,263.347
1/27/1954,283.168
1/28/1954,232.198
1/29/1954,218.04
1/30/1954,226.535
1/31/1954,246.357
2/1/1954,257.683
2/2/1954,269.01
2/3/1954,305.822
2/4/1954,325.644
2/5/1954,385.109
2/6/1954,396.436
2/7/1954,385.109
2/8/1954,396.436
2/9/1954,450.238
2/10/1954,475.723
2/11/1954,515.367
2/12/1954,523.862
2/13/1954,540.852
2/14/1954,560.674
2/15/1954,552.179
2/16/1954,546.515
2/17/1954,521.03
2/18/1954,518.198
2/19/1954,512.535
2/20/1954,484.218
2/21/1954,467.228
2/22/1954,461.565
2/23/1954,492.713
2/24/1954,495.545
2/25/1954,529.525
2/26/1954,552.179
2/27/1954,523.862
2/28/1954,509.703
3/1/1954,509.703
3/2/1954,484.218
3/3/1954,470.06
3/4/1954,467.228
3/5/1954,461.565
3/6/1954,455.901
3/7/1954,410.594
3/8/1954,382.277
3/9/1954,342.634
3/10/1954,297.327
3/11/1954,263.347
3/12/1954,243.525
3/13/1954,243.525
3/14/1954,314.317
3/15/1954,362.456
3/16/1954,410.594
3/17/1954,433.248
3/18/1954,438.911
3/19/1954,444.574
3/20/1954,447.406
3/21/1954,453.07
3/22/1954,495.545
3/23/1954,523.862
3/24/1954,557.842
3/25/1954,588.99
3/26/1954,591.822
3/27/1954,591.822
3/28/1954,588.99
3/29/1954,588.99
3/30/1954,560.674
3/31/1954,504.04
4/1/1954,492.713
4/2/1954,362.456
4/3/1954,325.644
4/4/1954,334.139
4/5/1954,416.258
4/6/1954,543.683
4/7/1954,617.307
4/8/1954,756.06
4/9/1954,1480.971
4/10/1954,2664.615
4/11/1954,1662.199
4/12/1954,1163.822
4/13/1954,928.793
4/14/1954,849.505
4/15/1954,795.703
4/16/1954,756.06
4/17/1954,722.08
4/18/1954,693.763
4/19/1954,668.278
4/20/1954,642.792
4/21/1954,614.476
4/22/1954,583.327
4/23/1954,549.347
4/24/1954,518.198
4/25/1954,489.881
4/26/1954,467.228
4/27/1954,450.238
4/28/1954,436.079
4/29/1954,424.753
4/30/1954,416.258
5/1/1954,413.426
5/2/1954,427.584
5/3/1954,447.406
5/4/1954,467.228
5/5/1954,478.555
5/6/1954,481.386
5/7/1954,472.891
5/8/1954,464.396
5/9/1954,464.396
5/10/1954,472.891
5/11/1954,475.723
5/12/1954,475.723
5/13/1954,475.723
5/14/1954,475.723
5/15/1954,461.565
5/16/1954,455.901
5/17/1954,455.901
5/18/1954,535.188
5/19/1954,648.456
5/20/1954,654.119
5/21/1954,651.287
5/22/1954,696.594
5/23/1954,781.545
5/24/1954,829.684
5/25/1954,880.654
5/26/1954,991.09
5/27/1954,1127.01
5/28/1954,1158.159
5/29/1954,971.268
5/30/1954,855.169
5/31/1954,798.535
6/1/1954,773.05
6/2/1954,750.396
6/3/1954,727.743
6/4/1954,707.921
6/5/1954,688.099
6/6/1954,668.278
6/7/1954,651.287
6/8/1954,628.634
6/9/1954,594.654
6/10/1954,566.337
6/11/1954,555.01
6/12/1954,617.307
6/13/1954,699.426
6/14/1954,713.585
6/15/1954,707.921
6/16/1954,682.436
6/17/1954,648.456
6/18/1954,628.634
6/19/1954,631.466
6/20/1954,648.456
6/21/1954,665.446
6/22/1954,659.783
6/23/1954,642.792
6/24/1954,617.307
6/25/1954,600.317
6/26/1954,594.654
6/27/1954,608.812
6/28/1954,707.921
6/29/1954,920.298
6/30/1954,1175.149
7/1/1954,1152.496
7/2/1954,1163.822
7/3/1954,1180.812
7/4/1954,1053.387
7/5/1954,889.149
7/6/1954,795.703
7/7/1954,761.723
7/8/1954,784.377
7/9/1954,846.674
7/10/1954,872.159
7/11/1954,826.852
7/12/1954,770.218
7/13/1954,750.396
7/14/1954,750.396
7/15/1954,744.733
7/16/1954,733.406
7/17/1954,722.08
7/18/1954,707.921
7/19/1954,688.099
7/20/1954,662.614
7/21/1954,651.287
7/22/1954,705.089
7/23/1954,770.218
7/24/1954,764.555
7/25/1954,747.565
7/26/1954,741.901
7/27/1954,781.545
7/28/1954,832.515
7/29/1954,866.496
7/30/1954,883.486
7/31/1954,894.812
8/1/1954,906.139
8/2/1954,917.466
8/3/1954,931.624
8/4/1954,951.446
8/5/1954,976.931
8/6/1954,1002.416
8/7/1954,1022.238
8/8/1954,1027.902
8/9/1954,1022.238
8/10/1954,1010.911
8/11/1954,999.585
8/12/1954,993.921
8/13/1954,996.753
8/14/1954,1008.08
8/15/1954,1025.07
8/16/1954,1042.06
8/17/1954,1059.05
8/18/1954,1078.872
8/19/1954,1101.525
8/20/1954,1124.179
8/21/1954,1138.337
8/22/1954,1127.01
8/23/1954,1064.713
8/24/1954,962.773
8/25/1954,835.347
8/26/1954,736.238
8/27/1954,707.921
8/28/1954,707.921
8/29/1954,724.911
8/30/1954,761.723
8/31/1954,821.189
9/1/1954,883.486
9/2/1954,925.961
9/3/1954,951.446
9/4/1954,965.604
9/5/1954,965.604
9/6/1954,951.446
9/7/1954,923.129
9/8/1954,886.317
9/9/1954,841.01
9/10/1954,790.04
9/11/1954,736.238
9/12/1954,685.268
9/13/1954,716.416
9/14/1954,801.367
9/15/1954,891.981
9/16/1954,971.268
9/17/1954,1033.565
9/18/1954,1076.04
9/19/1954,1084.535
9/20/1954,1056.218
9/21/1954,1002.416
9/22/1954,948.614
9/23/1954,903.307
9/24/1954,903.307
9/25/1954,925.961
9/26/1954,942.951
9/27/1954,940.119
9/28/1954,914.634
9/29/1954,894.812
9/30/1954,906.139
10/1/1954,937.288
10/2/1954,954.278
10/3/1954,954.278
10/4/1954,934.456
10/5/1954,908.971
10/6/1954,894.812
10/7/1954,891.981
10/8/1954,900.476
10/9/1954,908.971
10/10/1954,903.307
10/11/1954,894.812
10/12/1954,883.486
10/13/1954,897.644
10/14/1954,908.971
10/15/1954,906.139
10/16/1954,897.644
10/17/1954,886.317
10/18/1954,877.822
10/19/1954,872.159
10/20/1954,872.159
10/21/1954,880.654
10/22/1954,877.822
10/23/1954,877.822
10/24/1954,897.644
10/25/1954,942.951
10/26/1954,971.268
10/27/1954,982.595
10/28/1954,957.109
10/29/1954,877.822
10/30/1954,790.04
10/31/1954,713.585
11/1/1954,673.941
11/2/1954,682.436
11/3/1954,702.258
11/4/1954,722.08
11/5/1954,724.911
11/6/1954,722.08
11/7/1954,707.921
11/8/1954,679.604
11/9/1954,673.941
11/10/1954,671.109
11/11/1954,671.109
11/12/1954,656.951
11/13/1954,614.476
11/14/1954,555.01
11/15/1954,484.218
11/16/1954,421.921
11/17/1954,393.604
11/18/1954,390.772
11/19/1954,385.109
11/20/1954,379.446
11/21/1954,379.446
11/22/1954,373.782
11/23/1954,356.792
11/24/1954,342.634
11/25/1954,345.466
11/26/1954,345.466
11/27/1954,345.466
11/28/1954,348.297
11/29/1954,348.297
11/30/1954,334.139
12/1/1954,317.149
12/2/1954,283.168
12/3/1954,254.852
12/4/1954,246.357
12/5/1954,237.862
12/6/1954,246.357
12/7/1954,263.347
12/8/1954,271.842
12/9/1954,280.337
12/10/1954,280.337
12/11/1954,263.347
12/12/1954,254.852
12/13/1954,237.862
12/14/1954,246.357
12/15/1954,271.842
12/16/1954,300.159
12/17/1954,308.654
12/18/1954,328.475
12/19/1954,328.475
12/20/1954,328.475
12/21/1954,328.475
12/22/1954,336.97
12/23/1954,348.297
12/24/1954,348.297
12/25/1954,334.139
12/26/1954,314.317
12/27/1954,297.327
12/28/1954,283.168
12/29/1954,263.347
12/30/1954,226.535
12/31/1954,178.396
1/1/1955,155.743
1/2/1955,152.911
1/3/1955,155.743
1/4/1955,155.743
1/5/1955,133.089
1/6/1955,144.416
1/7/1955,161.406
1/8/1955,161.406
1/9/1955,181.228
1/10/1955,206.713
1/11/1955,226.535
1/12/1955,215.208
1/13/1955,223.703
1/14/1955,226.535
1/15/1955,223.703
1/16/1955,235.03
1/17/1955,235.03
1/18/1955,235.03
1/19/1955,235.03
1/20/1955,246.357
1/21/1955,263.347
1/22/1955,283.168
1/23/1955,319.98
1/24/1955,322.812
1/25/1955,311.485
1/26/1955,311.485
1/27/1955,305.822
1/28/1955,302.99
1/29/1955,305.822
1/30/1955,305.822
1/31/1955,286
2/1/1955,286
2/2/1955,297.327
2/3/1955,311.485
2/4/1955,351.129
2/5/1955,339.802
2/6/1955,339.802
2/7/1955,331.307
2/8/1955,331.307
2/9/1955,322.812
2/10/1955,322.812
2/11/1955,302.99
2/12/1955,302.99
2/13/1955,294.495
2/14/1955,294.495
2/15/1955,294.495
2/16/1955,305.822
2/17/1955,305.822
2/18/1955,305.822
2/19/1955,283.168
2/20/1955,294.495
2/21/1955,291.664
2/22/1955,305.822
2/23/1955,286
2/24/1955,283.168
2/25/1955,283.168
2/26/1955,274.673
2/27/1955,274.673
2/28/1955,266.178
3/1/1955,266.178
3/2/1955,269.01
3/3/1955,269.01
3/4/1955,274.673
3/5/1955,271.842
3/6/1955,269.01
3/7/1955,254.852
3/8/1955,252.02
3/9/1955,254.852
3/10/1955,277.505
3/11/1955,308.654
3/12/1955,368.119
3/13/1955,464.396
3/14/1955,523.862
3/15/1955,509.703
3/16/1955,495.545
3/17/1955,492.713
3/18/1955,526.693
3/19/1955,555.01
3/20/1955,557.842
3/21/1955,546.515
3/22/1955,535.188
3/23/1955,509.703
3/24/1955,478.555
3/25/1955,444.574
3/26/1955,424.753
3/27/1955,407.763
3/28/1955,402.099
3/29/1955,399.268
3/30/1955,441.743
3/31/1955,523.862
4/1/1955,654.119
4/2/1955,736.238
4/3/1955,773.05
4/4/1955,1095.862
4/5/1955,1931.209
4/6/1955,1690.516
4/7/1955,1633.882
4/8/1955,1563.09
4/9/1955,1155.327
4/10/1955,872.159
4/11/1955,846.674
4/12/1955,852.337
4/13/1955,852.337
4/14/1955,863.664
4/15/1955,874.991
4/16/1955,889.149
4/17/1955,897.644
4/18/1955,903.307
4/19/1955,931.624
4/20/1955,948.614
4/21/1955,948.614
4/22/1955,908.971
4/23/1955,832.515
4/24/1955,795.703
4/25/1955,781.545
4/26/1955,792.872
4/27/1955,761.723
4/28/1955,741.901
4/29/1955,730.575
4/30/1955,702.258
5/1/1955,673.941
5/2/1955,665.446
5/3/1955,668.278
5/4/1955,688.099
5/5/1955,722.08
5/6/1955,770.218
5/7/1955,790.04
5/8/1955,758.891
5/9/1955,719.248
5/10/1955,688.099
5/11/1955,659.783
5/12/1955,673.941
5/13/1955,730.575
5/14/1955,778.713
5/15/1955,787.208
5/16/1955,790.04
5/17/1955,804.198
5/18/1955,815.525
5/19/1955,818.357
5/20/1955,846.674
5/21/1955,931.624
5/22/1955,1005.248
5/23/1955,991.09
5/24/1955,979.763
5/25/1955,988.258
5/26/1955,1042.06
5/27/1955,1203.466
5/28/1955,1305.407
5/29/1955,1294.08
5/30/1955,1194.971
5/31/1955,1056.218
6/1/1955,937.288
6/2/1955,903.307
6/3/1955,908.971
6/4/1955,894.812
6/5/1955,900.476
6/6/1955,962.773
6/7/1955,1053.387
6/8/1955,1076.04
6/9/1955,1010.911
6/10/1955,957.109
6/11/1955,891.981
6/12/1955,889.149
6/13/1955,897.644
6/14/1955,959.941
6/15/1955,1005.248
6/16/1955,1033.565
6/17/1955,1056.218
6/18/1955,1107.189
6/19/1955,1189.308
6/20/1955,1277.09
6/21/1955,1367.704
6/22/1955,1404.516
6/23/1955,1362.04
6/24/1955,1237.446
6/25/1955,1155.327
6/26/1955,1203.466
6/27/1955,1311.07
6/28/1955,1577.248
6/29/1955,1778.298
6/30/1955,1727.328
7/1/1955,1667.862
7/2/1955,1506.456
7/3/1955,1328.06
7/4/1955,1231.783
7/5/1955,1299.743
7/6/1955,1370.535
7/7/1955,1370.535
7/8/1955,1265.763
7/9/1955,1172.317
7/10/1955,1121.347
7/11/1955,1121.347
7/12/1955,1172.317
7/13/1955,1203.466
7/14/1955,1183.644
7/15/1955,1118.515
7/16/1955,1081.704
7/17/1955,1064.713
7/18/1955,1050.555
7/19/1955,1056.218
7/20/1955,1033.565
7/21/1955,1053.387
7/22/1955,1027.902
7/23/1955,1022.238
7/24/1955,999.585
7/25/1955,982.595
7/26/1955,999.585
7/27/1955,1039.228
7/28/1955,1095.862
7/29/1955,1135.506
7/30/1955,1175.149
7/31/1955,1160.991
8/1/1955,1110.02
8/2/1955,1036.397
8/3/1955,1002.416
8/4/1955,993.921
8/5/1955,996.753
8/6/1955,999.585
8/7/1955,982.595
8/8/1955,945.783
8/9/1955,891.981
8/10/1955,835.347
8/11/1955,826.852
8/12/1955,855.169
8/13/1955,877.822
8/14/1955,877.822
8/15/1955,877.822
8/16/1955,914.634
8/17/1955,954.278
8/18/1955,917.466
8/19/1955,872.159
8/20/1955,852.337
8/21/1955,852.337
8/22/1955,832.515
8/23/1955,815.525
8/24/1955,815.525
8/25/1955,812.694
8/26/1955,815.525
8/27/1955,832.515
8/28/1955,835.347
8/29/1955,832.515
8/30/1955,829.684
8/31/1955,829.684
9/1/1955,826.852
9/2/1955,824.02
9/3/1955,807.03
9/4/1955,770.218
9/5/1955,750.396
9/6/1955,753.228
9/7/1955,761.723
9/8/1955,770.218
9/9/1955,773.05
9/10/1955,773.05
9/11/1955,770.218
9/12/1955,750.396
9/13/1955,676.773
9/14/1955,591.822
9/15/1955,546.515
9/16/1955,605.981
9/17/1955,722.08
9/18/1955,855.169
9/19/1955,971.268
9/20/1955,1022.238
9/21/1955,988.258
9/22/1955,874.991
9/23/1955,818.357
9/24/1955,838.179
9/25/1955,911.802
9/26/1955,951.446
9/27/1955,934.456
9/28/1955,925.961
9/29/1955,928.793
9/30/1955,948.614
10/1/1955,942.951
10/2/1955,959.941
10/3/1955,996.753
10/4/1955,996.753
10/5/1955,996.753
10/6/1955,996.753
10/7/1955,996.753
10/8/1955,996.753
10/9/1955,996.753
10/10/1955,996.753
10/11/1955,979.763
10/12/1955,979.763
10/13/1955,979.763
10/14/1955,959.941
10/15/1955,959.941
10/16/1955,942.951
10/17/1955,942.951
10/18/1955,942.951
10/19/1955,959.941
10/20/1955,965.604
10/21/1955,982.595
10/22/1955,982.595
10/23/1955,982.595
10/24/1955,991.09
10/25/1955,985.426
10/26/1955,965.604
10/27/1955,948.614
10/28/1955,931.624
10/29/1955,897.644
10/30/1955,872.159
10/31/1955,855.169
11/1/1955,942.951
11/2/1955,959.941
11/3/1955,996.753
11/4/1955,996.753
11/5/1955,996.753
11/6/1955,996.753
11/7/1955,996.753
11/8/1955,996.753
11/9/1955,996.753
11/10/1955,996.753
11/11/1955,979.763
11/12/1955,979.763
11/13/1955,979.763
11/14/1955,959.941
11/15/1955,959.941
11/16/1955,942.951
11/17/1955,942.951
11/18/1955,942.951
11/19/1955,959.941
11/20/1955,965.604
11/21/1955,982.595
11/22/1955,982.595
11/23/1955,982.595
11/24/1955,991.09
11/25/1955,985.426
11/26/1955,965.604
11/27/1955,948.614
11/28/1955,931.624
11/29/1955,897.644
11/30/1955,872.159
12/1/1955,855.169
12/2/1955,376.614
12/3/1955,359.624
12/4/1955,339.802
12/5/1955,322.812
12/6/1955,300.159
12/7/1955,291.664
12/8/1955,291.664
12/9/1955,311.485
12/10/1955,328.475
12/11/1955,348.297
12/12/1955,365.287
12/13/1955,365.287
12/14/1955,365.287
12/15/1955,365.287
12/16/1955,365.287
12/17/1955,365.287
12/18/1955,368.119
12/19/1955,368.119
12/20/1955,368.119
12/21/1955,368.119
12/22/1955,368.119
12/23/1955,368.119
12/24/1955,348.297
12/25/1955,348.297
12/26/1955,351.129
12/27/1955,336.97
12/28/1955,328.475
12/29/1955,348.297
12/30/1955,368.119
12/31/1955,385.109
1/1/1956,447.406
1/2/1956,464.396
1/3/1956,484.218
1/4/1956,484.218
1/5/1956,467.228
1/6/1956,419.089
1/7/1956,379.446
1/8/1956,373.782
1/9/1956,370.951
1/10/1956,382.277
1/11/1956,396.436
1/12/1956,416.258
1/13/1956,419.089
1/14/1956,416.258
1/15/1956,399.268
1/16/1956,390.772
1/17/1956,393.604
1/18/1956,410.594
1/19/1956,410.594
1/20/1956,373.782
1/21/1956,351.129
1/22/1956,351.129
1/23/1956,376.614
1/24/1956,399.268
1/25/1956,396.436
1/26/1956,362.456
1/27/1956,339.802
1/28/1956,348.297
1/29/1956,359.624
1/30/1956,376.614
1/31/1956,382.277
2/1/1956,382.277
2/2/1956,368.119
2/3/1956,356.792
2/4/1956,365.287
2/5/1956,368.119
2/6/1956,345.466
2/7/1956,339.802
2/8/1956,319.98
2/9/1956,308.654
2/10/1956,297.327
2/11/1956,314.317
2/12/1956,317.149
2/13/1956,311.485
2/14/1956,317.149
2/15/1956,319.98
2/16/1956,351.129
2/17/1956,351.129
2/18/1956,351.129
2/19/1956,328.475
2/20/1956,325.644
2/21/1956,328.475
2/22/1956,351.129
2/23/1956,370.951
2/24/1956,373.782
2/25/1956,348.297
2/26/1956,331.307
2/27/1956,311.485
2/28/1956,305.822
2/29/1956,308.654
3/1/1956,342.634
3/2/1956,370.951
3/3/1956,390.772
3/4/1956,410.594
3/5/1956,430.416
3/6/1956,433.248
3/7/1956,421.921
3/8/1956,438.911
3/9/1956,453.07
3/10/1956,464.396
3/11/1956,458.733
3/12/1956,455.901
3/13/1956,436.079
3/14/1956,419.089
3/15/1956,399.268
3/16/1956,393.604
3/17/1956,416.258
3/18/1956,455.901
3/19/1956,518.198
3/20/1956,574.832
3/21/1956,605.981
3/22/1956,608.812
3/23/1956,563.505
3/24/1956,560.674
3/25/1956,642.792
3/26/1956,792.872
3/27/1956,951.446
3/28/1956,860.832
3/29/1956,671.109
3/30/1956,801.367
3/31/1956,962.773
4/1/1956,993.921
4/2/1956,894.812
4/3/1956,787.208
4/4/1956,719.248
4/5/1956,710.753
4/6/1956,730.575
4/7/1956,741.901
4/8/1956,747.565
4/9/1956,739.07
4/10/1956,724.911
4/11/1956,699.426
4/12/1956,665.446
4/13/1956,634.297
4/14/1956,597.485
4/15/1956,555.01
4/16/1956,509.703
4/17/1956,441.743
4/18/1956,402.099
4/19/1956,404.931
4/20/1956,464.396
4/21/1956,489.881
4/22/1956,461.565
4/23/1956,444.574
4/24/1956,461.565
4/25/1956,461.565
4/26/1956,467.228
4/27/1956,461.565
4/28/1956,461.565
4/29/1956,464.396
4/30/1956,495.545
5/1/1956,523.862
5/2/1956,529.525
5/3/1956,518.198
5/4/1956,495.545
5/5/1956,487.05
5/6/1956,470.06
5/7/1956,472.891
5/8/1956,484.218
5/9/1956,509.703
5/10/1956,532.357
5/11/1956,572
5/12/1956,583.327
5/13/1956,588.99
5/14/1956,591.822
5/15/1956,588.99
5/16/1956,586.159
5/17/1956,577.664
5/18/1956,572
5/19/1956,557.842
5/20/1956,552.179
5/21/1956,549.347
5/22/1956,543.683
5/23/1956,560.674
5/24/1956,724.911
5/25/1956,937.288
5/26/1956,1070.377
5/27/1956,1308.238
5/28/1956,1682.021
5/29/1956,1557.427
5/30/1956,1503.625
5/31/1956,1435.664
6/1/1956,1509.288
6/2/1956,1829.268
6/3/1956,1772.635
6/4/1956,1701.842
6/5/1956,1758.476
6/6/1956,1817.942
6/7/1956,1764.14
6/8/1956,1676.357
6/9/1956,1605.565
6/10/1956,1531.941
6/11/1956,1435.664
6/12/1956,1271.426
6/13/1956,1141.169
6/14/1956,1112.852
6/15/1956,1186.476
6/16/1956,1254.436
6/17/1956,1240.278
6/18/1956,1381.862
6/19/1956,1455.486
6/20/1956,1387.525
6/21/1956,1322.397
6/22/1956,1279.921
6/23/1956,1240.278
6/24/1956,1203.466
6/25/1956,1175.149
6/26/1956,1144.001
6/27/1956,1098.694
6/28/1956,1053.387
6/29/1956,1013.743
6/30/1956,971.268
7/1/1956,928.793
7/2/1956,900.476
7/3/1956,894.812
7/4/1956,914.634
7/5/1956,971.268
7/6/1956,1019.406
7/7/1956,1056.218
7/8/1956,1059.05
7/9/1956,962.773
7/10/1956,849.505
7/11/1956,764.555
7/12/1956,736.238
7/13/1956,753.228
7/14/1956,781.545
7/15/1956,792.872
7/16/1956,792.872
7/17/1956,781.545
7/18/1956,750.396
7/19/1956,710.753
7/20/1956,685.268
7/21/1956,668.278
7/22/1956,659.783
7/23/1956,651.287
7/24/1956,634.297
7/25/1956,597.485
7/26/1956,560.674
7/27/1956,532.357
7/28/1956,509.703
7/29/1956,580.495
7/30/1956,906.139
7/31/1956,625.802
8/1/1956,566.337
8/2/1956,572
8/3/1956,597.485
8/4/1956,625.802
8/5/1956,622.971
8/6/1956,594.654
8/7/1956,557.842
8/8/1956,552.179
8/9/1956,557.842
8/10/1956,569.169
8/11/1956,583.327
8/12/1956,588.99
8/13/1956,586.159
8/14/1956,574.832
8/15/1956,552.179
8/16/1956,523.862
8/17/1956,487.05
8/18/1956,455.901
8/19/1956,433.248
8/20/1956,424.753
8/21/1956,424.753
8/22/1956,438.911
8/23/1956,472.891
8/24/1956,501.208
8/25/1956,523.862
8/26/1956,540.852
8/27/1956,549.347
8/28/1956,538.02
8/29/1956,523.862
8/30/1956,523.862
8/31/1956,529.525
9/1/1956,549.347
9/2/1956,566.337
9/3/1956,563.505
9/4/1956,552.179
9/5/1956,521.03
9/6/1956,481.386
9/7/1956,433.248
9/8/1956,396.436
9/9/1956,382.277
9/10/1956,379.446
9/11/1956,396.436
9/12/1956,407.763
9/13/1956,410.594
9/14/1956,402.099
9/15/1956,399.268
9/16/1956,390.772
9/17/1956,387.941
9/18/1956,379.446
9/19/1956,373.782
9/20/1956,368.119
9/21/1956,365.287
9/22/1956,365.287
9/23/1956,362.456
9/24/1956,359.624
9/25/1956,356.792
9/26/1956,348.297
9/27/1956,339.802
9/28/1956,322.812
9/29/1956,294.495
9/30/1956,280.337
10/1/1956,280.337
10/2/1956,286
10/3/1956,300.159
10/4/1956,319.98
10/5/1956,345.466
10/6/1956,359.624
10/7/1956,368.119
10/8/1956,359.624
10/9/1956,353.961
10/10/1956,345.466
10/11/1956,339.802
10/12/1956,339.802
10/13/1956,351.129
10/14/1956,353.961
10/15/1956,359.624
10/16/1956,362.456
10/17/1956,368.119
10/18/1956,365.287
10/19/1956,362.456
10/20/1956,353.961
10/21/1956,359.624
10/22/1956,365.287
10/23/1956,370.951
10/24/1956,362.456
10/25/1956,351.129
10/26/1956,342.634
10/27/1956,334.139
10/28/1956,325.644
10/29/1956,325.644
10/30/1956,345.466
10/31/1956,353.961
11/1/1956,365.287
11/2/1956,379.446
11/3/1956,396.436
11/4/1956,419.089
11/5/1956,436.079
11/6/1956,444.574
11/7/1956,444.574
11/8/1956,436.079
11/9/1956,419.089
11/10/1956,410.594
11/11/1956,410.594
11/12/1956,410.594
11/13/1956,419.089
11/14/1956,433.248
11/15/1956,438.911
11/16/1956,438.911
11/17/1956,438.911
11/18/1956,424.753
11/19/1956,396.436
11/20/1956,368.119
11/21/1956,334.139
11/22/1956,311.485
11/23/1956,302.99
11/24/1956,302.99
11/25/1956,311.485
11/26/1956,325.644
11/27/1956,345.466
11/28/1956,356.792
11/29/1956,368.119
11/30/1956,373.782
12/1/1956,390.772
12/2/1956,407.763
12/3/1956,407.763
12/4/1956,379.446
12/5/1956,322.812
12/6/1956,252.02
12/7/1956,175.564
12/8/1956,127.426
12/9/1956,121.762
12/10/1956,150.079
12/11/1956,169.901
12/12/1956,155.743
12/13/1956,150.079
12/14/1956,178.396
12/15/1956,235.03
12/16/1956,263.347
12/17/1956,271.842
12/18/1956,283.168
12/19/1956,294.495
12/20/1956,305.822
12/21/1956,325.644
12/22/1956,373.782
12/23/1956,433.248
12/24/1956,478.555
12/25/1956,498.377
12/26/1956,495.545
12/27/1956,481.386
12/28/1956,461.565
12/29/1956,441.743
12/30/1956,430.416
12/31/1956,430.416
1/1/1957,430.416
1/2/1957,436.079
1/3/1957,447.406
1/4/1957,455.901
1/5/1957,458.733
1/6/1957,453.07
1/7/1957,441.743
1/8/1957,419.089
1/9/1957,390.772
1/10/1957,368.119
1/11/1957,351.129
1/12/1957,336.97
1/13/1957,325.644
1/14/1957,305.822
1/15/1957,277.505
1/16/1957,249.188
1/17/1957,220.871
1/18/1957,206.713
1/19/1957,215.208
1/20/1957,237.862
1/21/1957,274.673
1/22/1957,300.159
1/23/1957,317.149
1/24/1957,325.644
1/25/1957,325.644
1/26/1957,319.98
1/27/1957,319.98
1/28/1957,325.644
1/29/1957,331.307
1/30/1957,331.307
1/31/1957,336.97
2/1/1957,331.307
2/2/1957,331.307
2/3/1957,331.307
2/4/1957,331.307
2/5/1957,325.644
2/6/1957,325.644
2/7/1957,325.644
2/8/1957,325.644
2/9/1957,325.644
2/10/1957,325.644
2/11/1957,336.97
2/12/1957,356.792
2/13/1957,373.782
2/14/1957,382.277
2/15/1957,387.941
2/16/1957,387.941
2/17/1957,387.941
2/18/1957,382.277
2/19/1957,382.277
2/20/1957,382.277
2/21/1957,385.109
2/22/1957,387.941
2/23/1957,387.941
2/24/1957,385.109
2/25/1957,379.446
2/26/1957,407.763
2/27/1957,464.396
2/28/1957,492.713
3/1/1957,492.713
3/2/1957,495.545
3/3/1957,498.377
3/4/1957,523.862
3/5/1957,526.693
3/6/1957,526.693
3/7/1957,529.525
3/8/1957,529.525
3/9/1957,529.525
3/10/1957,538.02
3/11/1957,538.02
3/12/1957,540.852
3/13/1957,523.862
3/14/1957,478.555
3/15/1957,430.416
3/16/1957,410.594
3/17/1957,436.079
3/18/1957,487.05
3/19/1957,535.188
3/20/1957,569.169
3/21/1957,594.654
3/22/1957,600.317
3/23/1957,594.654
3/24/1957,583.327
3/25/1957,594.654
3/26/1957,628.634
3/27/1957,668.278
3/28/1957,659.783
3/29/1957,639.961
3/30/1957,631.466
3/31/1957,631.466
4/1/1957,637.129
4/2/1957,648.456
4/3/1957,668.278
4/4/1957,688.099
4/5/1957,693.763
4/6/1957,673.941
4/7/1957,662.614
4/8/1957,662.614
4/9/1957,656.951
4/10/1957,628.634
4/11/1957,569.169
4/12/1957,498.377
4/13/1957,447.406
4/14/1957,447.406
4/15/1957,470.06
4/16/1957,492.713
4/17/1957,504.04
4/18/1957,509.703
4/19/1957,509.703
4/20/1957,492.713
4/21/1957,472.891
4/22/1957,475.723
4/23/1957,487.05
4/24/1957,501.208
4/25/1957,509.703
4/26/1957,521.03
4/27/1957,538.02
4/28/1957,603.149
4/29/1957,628.634
4/30/1957,577.664
5/1/1957,529.525
5/2/1957,498.377
5/3/1957,487.05
5/4/1957,455.901
5/5/1957,430.416
5/6/1957,413.426
5/7/1957,413.426
5/8/1957,413.426
5/9/1957,416.258
5/10/1957,427.584
5/11/1957,458.733
5/12/1957,501.208
5/13/1957,586.159
5/14/1957,656.951
5/15/1957,724.911
5/16/1957,767.387
5/17/1957,841.01
5/18/1957,937.288
5/19/1957,1010.911
5/20/1957,1050.555
5/21/1957,1073.208
5/22/1957,1073.208
5/23/1957,1047.723
5/24/1957,1016.575
5/25/1957,1059.05
5/26/1957,1104.357
5/27/1957,1129.842
5/28/1957,1101.525
5/29/1957,1047.723
5/30/1957,959.941
5/31/1957,863.664
6/1/1957,821.189
6/2/1957,877.822
6/3/1957,1019.406
6/4/1957,1245.941
6/5/1957,1444.159
6/6/1957,1543.268
6/7/1957,1614.06
6/8/1957,1699.011
6/9/1957,1783.961
6/10/1957,1925.546
6/11/1957,2081.288
6/12/1957,2180.397
6/13/1957,2180.397
6/14/1957,2120.932
6/15/1957,2038.813
6/16/1957,1953.862
6/17/1957,1953.862
6/18/1957,1897.229
6/19/1957,1840.595
6/20/1957,1840.595
6/21/1957,1996.338
6/22/1957,2095.447
6/23/1957,2038.813
6/24/1957,1982.179
6/25/1957,1868.912
6/26/1957,1783.961
6/27/1957,1755.644
6/28/1957,1699.011
6/29/1957,1642.377
6/30/1957,1591.407
7/1/1957,1597.07
7/2/1957,1594.238
7/3/1957,1631.05
7/4/1957,1693.347
7/5/1957,1744.318
7/6/1957,1761.308
7/7/1957,1735.823
7/8/1957,1648.04
7/9/1957,1514.951
7/10/1957,1370.535
7/11/1957,1231.783
7/12/1957,1118.515
7/13/1957,1061.882
7/14/1957,1059.05
7/15/1957,1081.704
7/16/1957,1098.694
7/17/1957,1081.704
7/18/1957,1010.911
7/19/1957,897.644
7/20/1957,784.377
7/21/1957,719.248
7/22/1957,690.931
7/23/1957,690.931
7/24/1957,719.248
7/25/1957,747.565
7/26/1957,719.248
7/27/1957,719.248
7/28/1957,739.07
7/29/1957,758.891
7/30/1957,673.941
7/31/1957,543.683
8/1/1957,540.852
8/2/1957,538.02
8/3/1957,512.535
8/4/1957,470.06
8/5/1957,447.406
8/6/1957,424.753
8/7/1957,396.436
8/8/1957,385.109
8/9/1957,382.277
8/10/1957,419.089
8/11/1957,416.258
8/12/1957,404.931
8/13/1957,402.099
8/14/1957,419.089
8/15/1957,416.258
8/16/1957,407.763
8/17/1957,385.109
8/18/1957,373.782
8/19/1957,370.951
8/20/1957,356.792
8/21/1957,353.961
8/22/1957,351.129
8/23/1957,351.129
8/24/1957,359.624
8/25/1957,359.624
8/26/1957,351.129
8/27/1957,334.139
8/28/1957,328.475
8/29/1957,325.644
8/30/1957,342.634
8/31/1957,387.941
9/1/1957,433.248
9/2/1957,455.901
9/3/1957,470.06
9/4/1957,472.891
9/5/1957,458.733
9/6/1957,458.733
9/7/1957,455.901
9/8/1957,447.406
9/9/1957,447.406
9/10/1957,453.07
9/11/1957,444.574
9/12/1957,430.416
9/13/1957,396.436
9/14/1957,379.446
9/15/1957,362.456
9/16/1957,359.624
9/17/1957,345.466
9/18/1957,328.475
9/19/1957,328.475
9/20/1957,353.961
9/21/1957,399.268
9/22/1957,421.921
9/23/1957,424.753
9/24/1957,427.584
9/25/1957,410.594
9/26/1957,385.109
9/27/1957,376.614
9/28/1957,393.604
9/29/1957,399.268
9/30/1957,396.436
10/1/1957,376.614
10/2/1957,396.436
10/3/1957,419.089
10/4/1957,419.089
10/5/1957,419.089
10/6/1957,410.594
10/7/1957,410.594
10/8/1957,404.931
10/9/1957,399.268
10/10/1957,399.268
10/11/1957,390.772
10/12/1957,393.604
10/13/1957,396.436
10/14/1957,396.436
10/15/1957,396.436
10/16/1957,396.436
10/17/1957,399.268
10/18/1957,402.099
10/19/1957,396.436
10/20/1957,385.109
10/21/1957,373.782
10/22/1957,368.119
10/23/1957,368.119
10/24/1957,379.446
10/25/1957,402.099
10/26/1957,436.079
10/27/1957,453.07
10/28/1957,453.07
10/29/1957,453.07
10/30/1957,450.238
10/31/1957,450.238
11/1/1957,424.753
11/2/1957,402.099
11/3/1957,393.604
11/4/1957,390.772
11/5/1957,404.931
11/6/1957,436.079
11/7/1957,447.406
11/8/1957,447.406
11/9/1957,436.079
11/10/1957,404.931
11/11/1957,390.772
11/12/1957,373.782
11/13/1957,351.129
11/14/1957,336.97
11/15/1957,325.644
11/16/1957,322.812
11/17/1957,336.97
11/18/1957,368.119
11/19/1957,393.604
11/20/1957,407.763
11/21/1957,407.763
11/22/1957,396.436
11/23/1957,379.446
11/24/1957,379.446
11/25/1957,382.277
11/26/1957,379.446
11/27/1957,393.604
11/28/1957,396.436
11/29/1957,393.604
11/30/1957,393.604
12/1/1957,370.951
12/2/1957,348.297
12/3/1957,325.644
12/4/1957,314.317
12/5/1957,314.317
12/6/1957,322.812
12/7/1957,331.307
12/8/1957,331.307
12/9/1957,345.466
12/10/1957,359.624
12/11/1957,359.624
12/12/1957,345.466
12/13/1957,317.149
12/14/1957,302.99
12/15/1957,302.99
12/16/1957,302.99
12/17/1957,302.99
12/18/1957,302.99
12/19/1957,311.485
12/20/1957,328.475
12/21/1957,334.139
12/22/1957,336.97
12/23/1957,336.97
12/24/1957,336.97
12/25/1957,342.634
12/26/1957,331.307
12/27/1957,302.99
12/28/1957,260.515
12/29/1957,232.198
12/30/1957,218.04
12/31/1957,218.04
1/1/1958,229.366
1/2/1958,218.04
1/3/1958,201.05
1/4/1958,189.723
1/5/1958,189.723
1/6/1958,198.218
1/7/1958,215.208
1/8/1958,237.862
1/9/1958,266.178
1/10/1958,300.159
1/11/1958,334.139
1/12/1958,359.624
1/13/1958,376.614
1/14/1958,385.109
1/15/1958,387.941
1/16/1958,385.109
1/17/1958,382.277
1/18/1958,373.782
1/19/1958,370.951
1/20/1958,379.446
1/21/1958,387.941
1/22/1958,393.604
1/23/1958,396.436
1/24/1958,393.604
1/25/1958,382.277
1/26/1958,365.287
1/27/1958,351.129
1/28/1958,342.634
1/29/1958,339.802
1/30/1958,339.802
1/31/1958,336.97
2/1/1958,317.149
2/2/1958,308.654
2/3/1958,368.119
2/4/1958,387.941
2/5/1958,385.109
2/6/1958,376.614
2/7/1958,365.287
2/8/1958,351.129
2/9/1958,334.139
2/10/1958,317.149
2/11/1958,300.159
2/12/1958,283.168
2/13/1958,269.01
2/14/1958,260.515
2/15/1958,254.852
2/16/1958,254.852
2/17/1958,260.515
2/18/1958,271.842
2/19/1958,286
2/20/1958,302.99
2/21/1958,322.812
2/22/1958,345.466
2/23/1958,368.119
2/24/1958,396.436
2/25/1958,458.733
2/26/1958,572
2/27/1958,543.683
2/28/1958,498.377
3/1/1958,464.396
3/2/1958,444.574
3/3/1958,438.911
3/4/1958,436.079
3/5/1958,421.921
3/6/1958,399.268
3/7/1958,387.941
3/8/1958,385.109
3/9/1958,387.941
3/10/1958,396.436
3/11/1958,404.931
3/12/1958,413.426
3/13/1958,407.763
3/14/1958,390.772
3/15/1958,365.287
3/16/1958,353.961
3/17/1958,370.951
3/18/1958,385.109
3/19/1958,382.277
3/20/1958,370.951
3/21/1958,359.624
3/22/1958,351.129
3/23/1958,348.297
3/24/1958,368.119
3/25/1958,441.743
3/26/1958,597.485
3/27/1958,733.406
3/28/1958,761.723
3/29/1958,733.406
3/30/1958,690.931
3/31/1958,662.614
4/1/1958,648.456
4/2/1958,648.456
4/3/1958,662.614
4/4/1958,705.089
4/5/1958,790.04
4/6/1958,790.04
4/7/1958,705.089
4/8/1958,605.981
4/9/1958,563.505
4/10/1958,549.347
4/11/1958,549.347
4/12/1958,506.872
4/13/1958,450.238
4/14/1958,450.238
4/15/1958,464.396
4/16/1958,470.06
4/17/1958,470.06
4/18/1958,464.396
4/19/1958,453.07
4/20/1958,436.079
4/21/1958,416.258
4/22/1958,399.268
4/23/1958,385.109
4/24/1958,373.782
4/25/1958,365.287
4/26/1958,359.624
4/27/1958,359.624
4/28/1958,368.119
4/29/1958,376.614
4/30/1958,379.446
5/1/1958,365.287
5/2/1958,336.97
5/3/1958,308.654
5/4/1958,294.495
5/5/1958,297.327
5/6/1958,319.98
5/7/1958,348.297
5/8/1958,390.772
5/9/1958,424.753
5/10/1958,438.911
5/11/1958,438.911
5/12/1958,424.753
5/13/1958,396.436
5/14/1958,390.772
5/15/1958,410.594
5/16/1958,467.228
5/17/1958,552.179
5/18/1958,608.812
5/19/1958,628.634
5/20/1958,603.149
5/21/1958,546.515
5/22/1958,518.198
5/23/1958,518.198
5/24/1958,546.515
5/25/1958,688.099
5/26/1958,914.634
5/27/1958,1050.555
5/28/1958,1163.822
5/29/1958,1217.624
5/30/1958,1245.941
5/31/1958,1192.139
6/1/1958,1124.179
6/2/1958,1081.704
6/3/1958,1061.882
6/4/1958,1044.892
6/5/1958,1025.07
6/6/1958,999.585
6/7/1958,976.931
6/8/1958,965.604
6/9/1958,965.604
6/10/1958,993.921
6/11/1958,1050.555
6/12/1958,1107.189
6/13/1958,1121.347
6/14/1958,1078.872
6/15/1958,1036.397
6/16/1958,1064.713
6/17/1958,1093.03
6/18/1958,1078.872
6/19/1958,1036.397
6/20/1958,1008.08
6/21/1958,985.426
6/22/1958,928.793
6/23/1958,900.476
6/24/1958,872.159
6/25/1958,843.842
6/26/1958,801.367
6/27/1958,787.208
6/28/1958,815.525
6/29/1958,900.476
6/30/1958,1013.743
7/1/1958,1056.218
7/2/1958,1056.218
7/3/1958,1027.902
7/4/1958,971.268
7/5/1958,900.476
7/6/1958,829.684
7/7/1958,773.05
7/8/1958,744.733
7/9/1958,744.733
7/10/1958,744.733
7/11/1958,716.416
7/12/1958,688.099
7/13/1958,688.099
7/14/1958,688.099
7/15/1958,659.783
7/16/1958,603.149
7/17/1958,560.674
7/18/1958,518.198
7/19/1958,475.723
7/20/1958,447.406
7/21/1958,433.248
7/22/1958,433.248
7/23/1958,447.406
7/24/1958,461.565
7/25/1958,470.06
7/26/1958,470.06
7/27/1958,455.901
7/28/1958,427.584
7/29/1958,385.109
7/30/1958,353.961
7/31/1958,339.802
8/1/1958,353.961
8/2/1958,410.594
8/3/1958,438.911
8/4/1958,453.07
8/5/1958,461.565
8/6/1958,464.396
8/7/1958,461.565
8/8/1958,455.901
8/9/1958,447.406
8/10/1958,438.911
8/11/1958,430.416
8/12/1958,421.921
8/13/1958,413.426
8/14/1958,402.099
8/15/1958,387.941
8/16/1958,373.782
8/17/1958,359.624
8/18/1958,345.466
8/19/1958,331.307
8/20/1958,319.98
8/21/1958,314.317
8/22/1958,319.98
8/23/1958,334.139
8/24/1958,348.297
8/25/1958,362.456
8/26/1958,362.456
8/27/1958,362.456
8/28/1958,362.456
8/29/1958,362.456
8/30/1958,362.456
8/31/1958,365.287
9/1/1958,373.782
9/2/1958,402.099
9/3/1958,404.931
9/4/1958,419.089
9/5/1958,404.931
9/6/1958,376.614
9/7/1958,334.139
9/8/1958,305.822
9/9/1958,311.485
9/10/1958,339.802
9/11/1958,353.961
9/12/1958,362.456
9/13/1958,365.287
9/14/1958,365.287
9/15/1958,365.287
9/16/1958,365.287
9/17/1958,365.287
9/18/1958,365.287
9/19/1958,365.287
9/20/1958,359.624
9/21/1958,345.466
9/22/1958,334.139
9/23/1958,325.644
9/24/1958,319.98
9/25/1958,317.149
9/26/1958,314.317
9/27/1958,311.485
9/28/1958,311.485
9/29/1958,314.317
9/30/1958,317.149
10/1/1958,317.149
10/2/1958,317.149
10/3/1958,317.149
10/4/1958,317.149
10/5/1958,317.149
10/6/1958,317.149
10/7/1958,319.98
10/8/1958,322.812
10/9/1958,325.644
10/10/1958,331.307
10/11/1958,339.802
10/12/1958,353.961
10/13/1958,376.614
10/14/1958,402.099
10/15/1958,427.584
10/16/1958,447.406
10/17/1958,455.901
10/18/1958,458.733
10/19/1958,458.733
10/20/1958,453.07
10/21/1958,441.743
10/22/1958,427.584
10/23/1958,413.426
10/24/1958,399.268
10/25/1958,385.109
10/26/1958,376.614
10/27/1958,373.782
10/28/1958,376.614
10/29/1958,385.109
10/30/1958,399.268
10/31/1958,419.089
11/1/1958,430.416
11/2/1958,436.079
11/3/1958,436.079
11/4/1958,427.584
11/5/1958,413.426
11/6/1958,396.436
11/7/1958,376.614
11/8/1958,353.961
11/9/1958,331.307
11/10/1958,322.812
11/11/1958,328.475
11/12/1958,348.297
11/13/1958,385.109
11/14/1958,433.248
11/15/1958,487.05
11/16/1958,622.971
11/17/1958,481.386
11/18/1958,396.436
11/19/1958,353.961
11/20/1958,339.802
11/21/1958,334.139
11/22/1958,334.139
11/23/1958,319.98
11/24/1958,291.664
11/25/1958,254.852
11/26/1958,226.535
11/27/1958,212.376
11/28/1958,212.376
11/29/1958,212.376
11/30/1958,198.218
12/1/1958,212.376
12/2/1958,240.693
12/3/1958,269.01
12/4/1958,297.327
12/5/1958,325.644
12/6/1958,339.802
12/7/1958,368.119
12/8/1958,382.277
12/9/1958,368.119
12/10/1958,311.485
12/11/1958,226.535
12/12/1958,198.218
12/13/1958,198.218
12/14/1958,184.06
12/15/1958,169.901
12/16/1958,169.901
12/17/1958,198.218
12/18/1958,254.852
12/19/1958,269.01
12/20/1958,283.168
12/21/1958,339.802
12/22/1958,382.277
12/23/1958,410.594
12/24/1958,424.753
12/25/1958,424.753
12/26/1958,419.089
12/27/1958,416.258
12/28/1958,413.426
12/29/1958,410.594
12/30/1958,404.931
12/31/1958,399.268
1/1/1959,404.931
1/2/1959,399.268
1/3/1959,368.119
1/4/1959,331.307
1/5/1959,311.485
1/6/1959,297.327
1/7/1959,291.664
1/8/1959,286
1/9/1959,269.01
1/10/1959,254.852
1/11/1959,254.852
1/12/1959,286
1/13/1959,305.822
1/14/1959,294.495
1/15/1959,198.218
1/16/1959,198.218
1/17/1959,297.327
1/18/1959,351.129
1/19/1959,362.456
1/20/1959,365.287
1/21/1959,365.287
1/22/1959,362.456
1/23/1959,356.792
1/24/1959,353.961
1/25/1959,359.624
1/26/1959,368.119
1/27/1959,382.277
1/28/1959,410.594
1/29/1959,368.119
1/30/1959,311.485
1/31/1959,269.01
2/1/1959,269.01
2/2/1959,325.644
2/3/1959,382.277
2/4/1959,396.436
2/5/1959,396.436
2/6/1959,382.277
2/7/1959,353.961
2/8/1959,331.307
2/9/1959,305.822
2/10/1959,302.99
2/11/1959,319.98
2/12/1959,325.644
2/13/1959,322.812
2/14/1959,319.98
2/15/1959,317.149
2/16/1959,311.485
2/17/1959,297.327
2/18/1959,283.168
2/19/1959,269.01
2/20/1959,254.852
2/21/1959,283.168
2/22/1959,311.485
2/23/1959,311.485
2/24/1959,297.327
2/25/1959,297.327
2/26/1959,297.327
2/27/1959,297.327
2/28/1959,297.327
3/1/1959,328.475
3/2/1959,336.97
3/3/1959,342.634
3/4/1959,339.802
3/5/1959,339.802
3/6/1959,348.297
3/7/1959,379.446
3/8/1959,441.743
3/9/1959,504.04
3/10/1959,552.179
3/11/1959,580.495
3/12/1959,614.476
3/13/1959,651.287
3/14/1959,679.604
3/15/1959,707.921
3/16/1959,736.238
3/17/1959,778.713
3/18/1959,1061.882
3/19/1959,1189.308
3/20/1959,1316.733
3/21/1959,1387.525
3/22/1959,1642.377
3/23/1959,1769.803
3/24/1959,2350.298
3/25/1959,2661.784
3/26/1959,2180.397
3/27/1959,2010.496
3/28/1959,1953.862
3/29/1959,1925.546
3/30/1959,1359.209
3/31/1959,1245.941
4/1/1959,1019.406
4/2/1959,792.872
4/3/1959,651.287
4/4/1959,622.971
4/5/1959,594.654
4/6/1959,580.495
4/7/1959,566.337
4/8/1959,552.179
4/9/1959,538.02
4/10/1959,509.703
4/11/1959,495.545
4/12/1959,467.228
4/13/1959,453.07
4/14/1959,453.07
4/15/1959,438.911
4/16/1959,438.911
4/17/1959,453.07
4/18/1959,467.228
4/19/1959,481.386
4/20/1959,481.386
4/21/1959,467.228
4/22/1959,467.228
4/23/1959,453.07
4/24/1959,438.911
4/25/1959,424.753
4/26/1959,438.911
4/27/1959,453.07
4/28/1959,467.228
4/29/1959,481.386
4/30/1959,481.386
5/1/1959,481.386
5/2/1959,481.386
5/3/1959,481.386
5/4/1959,481.386
5/5/1959,467.228
5/6/1959,453.07
5/7/1959,438.911
5/8/1959,424.753
5/9/1959,453.07
5/10/1959,538.02
5/11/1959,566.337
5/12/1959,566.337
5/13/1959,509.703
5/14/1959,467.228
5/15/1959,453.07
5/16/1959,453.07
5/17/1959,467.228
5/18/1959,467.228
5/19/1959,467.228
5/20/1959,509.703
5/21/1959,594.654
5/22/1959,707.921
5/23/1959,679.604
5/24/1959,637.129
5/25/1959,608.812
5/26/1959,580.495
5/27/1959,566.337
5/28/1959,538.02
5/29/1959,509.703
5/30/1959,509.703
5/31/1959,509.703
6/1/1959,523.862
6/2/1959,538.02
6/3/1959,566.337
6/4/1959,580.495
6/5/1959,580.495
6/6/1959,594.654
6/7/1959,608.812
6/8/1959,637.129
6/9/1959,679.604
6/10/1959,849.505
6/11/1959,1076.04
6/12/1959,1160.991
6/13/1959,1217.624
6/14/1959,1245.941
6/15/1959,1245.941
6/16/1959,1245.941
6/17/1959,1274.258
6/18/1959,1330.892
6/19/1959,1415.842
6/20/1959,1585.743
6/21/1959,1670.694
6/22/1959,1727.328
6/23/1959,1670.694
6/24/1959,1585.743
6/25/1959,1500.793
6/26/1959,1472.476
6/27/1959,1529.11
6/28/1959,1642.377
6/29/1959,1642.377
6/30/1959,1614.06
7/1/1959,1557.427
7/2/1959,1472.476
7/3/1959,1359.209
7/4/1959,1217.624
7/5/1959,1132.674
7/6/1959,1076.04
7/7/1959,1047.723
7/8/1959,1019.406
7/9/1959,962.773
7/10/1959,877.822
7/11/1959,792.872
7/12/1959,736.238
7/13/1959,736.238
7/14/1959,764.555
7/15/1959,764.555
7/16/1959,736.238
7/17/1959,679.604
7/18/1959,622.971
7/19/1959,566.337
7/20/1959,552.179
7/21/1959,543.683
7/22/1959,538.02
7/23/1959,532.357
7/24/1959,526.693
7/25/1959,521.03
7/26/1959,515.367
7/27/1959,506.872
7/28/1959,495.545
7/29/1959,481.386
7/30/1959,464.396
7/31/1959,444.574
8/1/1959,433.248
8/2/1959,424.753
8/3/1959,419.089
8/4/1959,413.426
8/5/1959,404.931
8/6/1959,393.604
8/7/1959,385.109
8/8/1959,376.614
8/9/1959,368.119
8/10/1959,359.624
8/11/1959,353.961
8/12/1959,351.129
8/13/1959,351.129
8/14/1959,351.129
8/15/1959,351.129
8/16/1959,351.129
8/17/1959,351.129
8/18/1959,351.129
8/19/1959,351.129
8/20/1959,351.129
8/21/1959,351.129
8/22/1959,351.129
8/23/1959,351.129
8/24/1959,351.129
8/25/1959,351.129
8/26/1959,348.297
8/27/1959,342.634
8/28/1959,334.139
8/29/1959,325.644
8/30/1959,317.149
8/31/1959,308.654
9/1/1959,297.327
9/2/1959,283.168
9/3/1959,283.168
9/4/1959,283.168
9/5/1959,283.168
9/6/1959,283.168
9/7/1959,283.168
9/8/1959,283.168
9/9/1959,283.168
9/10/1959,283.168
9/11/1959,283.168
9/12/1959,283.168
9/13/1959,283.168
9/14/1959,283.168
9/15/1959,283.168
9/16/1959,283.168
9/17/1959,283.168
9/18/1959,283.168
9/19/1959,311.485
9/20/1959,339.802
9/21/1959,453.07
9/22/1959,679.604
9/23/1959,509.703
9/24/1959,424.753
9/25/1959,566.337
9/26/1959,594.654
9/27/1959,594.654
9/28/1959,538.02
9/29/1959,453.07
9/30/1959,424.753
10/1/1959,424.753
10/2/1959,438.911
10/3/1959,438.911
10/4/1959,438.911
10/5/1959,438.911
10/6/1959,438.911
10/7/1959,453.07
10/8/1959,438.911
10/9/1959,424.753
10/10/1959,410.594
10/11/1959,396.436
10/12/1959,396.436
10/13/1959,396.436
10/14/1959,410.594
10/15/1959,424.753
10/16/1959,438.911
10/17/1959,453.07
10/18/1959,453.07
10/19/1959,453.07
10/20/1959,453.07
10/21/1959,453.07
10/22/1959,453.07
10/23/1959,453.07
10/24/1959,453.07
10/25/1959,453.07
10/26/1959,453.07
10/27/1959,453.07
10/28/1959,453.07
10/29/1959,453.07
10/30/1959,453.07
10/31/1959,453.07
11/1/1959,453.07
11/2/1959,438.911
11/3/1959,424.753
11/4/1959,410.594
11/5/1959,396.436
11/6/1959,396.436
11/7/1959,396.436
11/8/1959,382.277
11/9/1959,382.277
11/10/1959,382.277
11/11/1959,368.119
11/12/1959,339.802
11/13/1959,297.327
11/14/1959,254.852
11/15/1959,212.376
11/16/1959,169.901
11/17/1959,141.584
11/18/1959,127.426
11/19/1959,113.267
11/20/1959,169.901
11/21/1959,254.852
11/22/1959,311.485
11/23/1959,339.802
11/24/1959,353.961
11/25/1959,368.119
11/26/1959,382.277
11/27/1959,396.436
11/28/1959,424.753
11/29/1959,467.228
11/30/1959,509.703
12/1/1959,566.337
12/2/1959,594.654
12/3/1959,580.495
12/4/1959,523.862
12/5/1959,481.386
12/6/1959,481.386
12/7/1959,481.386
12/8/1959,481.386
12/9/1959,438.911
12/10/1959,424.753
12/11/1959,424.753
12/12/1959,438.911
12/13/1959,438.911
12/14/1959,438.911
12/15/1959,424.753
12/16/1959,424.753
12/17/1959,410.594
12/18/1959,396.436
12/19/1959,396.436
12/20/1959,410.594
12/21/1959,438.911
12/22/1959,424.753
12/23/1959,368.119
12/24/1959,339.802
12/25/1959,339.802
12/26/1959,339.802
12/27/1959,339.802
12/28/1959,311.485
12/29/1959,254.852
12/30/1959,254.852
12/31/1959,339.802
1/1/1960,368.119
1/2/1960,353.961
1/3/1960,339.802
1/4/1960,325.644
1/5/1960,297.327
1/6/1960,254.852
1/7/1960,226.535
1/8/1960,212.376
1/9/1960,212.376
1/10/1960,212.376
1/11/1960,240.693
1/12/1960,269.01
1/13/1960,283.168
1/14/1960,297.327
1/15/1960,311.485
1/16/1960,339.802
1/17/1960,368.119
1/18/1960,382.277
1/19/1960,368.119
1/20/1960,353.961
1/21/1960,339.802
1/22/1960,325.644
1/23/1960,325.644
1/24/1960,325.644
1/25/1960,325.644
1/26/1960,311.485
1/27/1960,297.327
1/28/1960,283.168
1/29/1960,283.168
1/30/1960,297.327
1/31/1960,311.485
2/1/1960,325.644
2/2/1960,339.802
2/3/1960,368.119
2/4/1960,396.436
2/5/1960,410.594
2/6/1960,410.594
2/7/1960,396.436
2/8/1960,382.277
2/9/1960,368.119
2/10/1960,353.961
2/11/1960,353.961
2/12/1960,368.119
2/13/1960,382.277
2/14/1960,396.436
2/15/1960,410.594
2/16/1960,410.594
2/17/1960,410.594
2/18/1960,410.594
2/19/1960,396.436
2/20/1960,368.119
2/21/1960,339.802
2/22/1960,325.644
2/23/1960,311.485
2/24/1960,311.485
2/25/1960,311.485
2/26/1960,311.485
2/27/1960,311.485
2/28/1960,311.485
2/29/1960,311.485
3/1/1960,311.485
3/2/1960,297.327
3/3/1960,283.168
3/4/1960,269.01
3/5/1960,254.852
3/6/1960,269.01
3/7/1960,283.168
3/8/1960,297.327
3/9/1960,311.485
3/10/1960,339.802
3/11/1960,339.802
3/12/1960,325.644
3/13/1960,311.485
3/14/1960,325.644
3/15/1960,339.802
3/16/1960,382.277
3/17/1960,424.753
3/18/1960,453.07
3/19/1960,453.07
3/20/1960,453.07
3/21/1960,792.872
3/22/1960,1274.258
3/23/1960,1868.912
3/24/1960,2888.318
3/25/1960,3256.437
3/26/1960,3681.19
3/27/1960,3567.923
3/28/1960,3539.606
3/29/1960,2831.685
3/30/1960,2491.883
3/31/1960,2265.348
4/1/1960,1557.427
4/2/1960,1245.941
4/3/1960,1047.723
4/4/1960,934.456
4/5/1960,906.139
4/6/1960,877.822
4/7/1960,821.189
4/8/1960,707.921
4/9/1960,622.971
4/10/1960,566.337
4/11/1960,538.02
4/12/1960,509.703
4/13/1960,509.703
4/14/1960,509.703
4/15/1960,509.703
4/16/1960,509.703
4/17/1960,509.703
4/18/1960,509.703
4/19/1960,481.386
4/20/1960,453.07
4/21/1960,424.753
4/22/1960,424.753
4/23/1960,424.753
4/24/1960,424.753
4/25/1960,424.753
4/26/1960,396.436
4/27/1960,368.119
4/28/1960,368.119
4/29/1960,368.119
4/30/1960,368.119
5/1/1960,368.119
5/2/1960,368.119
5/3/1960,368.119
5/4/1960,368.119
5/5/1960,396.436
5/6/1960,424.753
5/7/1960,424.753
5/8/1960,424.753
5/9/1960,424.753
5/10/1960,424.753
5/11/1960,424.753
5/12/1960,424.753
5/13/1960,453.07
5/14/1960,453.07
5/15/1960,453.07
5/16/1960,453.07
5/17/1960,453.07
5/18/1960,481.386
5/19/1960,509.703
5/20/1960,538.02
5/21/1960,566.337
5/22/1960,566.337
5/23/1960,566.337
5/24/1960,538.02
5/25/1960,509.703
5/26/1960,481.386
5/27/1960,453.07
5/28/1960,453.07
5/29/1960,453.07
5/30/1960,453.07
5/31/1960,453.07
6/1/1960,453.07
6/2/1960,453.07
6/3/1960,453.07
6/4/1960,453.07
6/5/1960,481.386
6/6/1960,509.703
6/7/1960,566.337
6/8/1960,679.604
6/9/1960,906.139
6/10/1960,962.773
6/11/1960,906.139
6/12/1960,849.505
6/13/1960,821.189
6/14/1960,821.189
6/15/1960,849.505
6/16/1960,934.456
6/17/1960,991.09
6/18/1960,991.09
6/19/1960,906.139
6/20/1960,906.139
6/21/1960,1019.406
6/22/1960,1189.308
6/23/1960,1132.674
6/24/1960,1019.406
6/25/1960,962.773
6/26/1960,906.139
6/27/1960,821.189
6/28/1960,736.238
6/29/1960,622.971
6/30/1960,538.02
7/1/1960,538.02
7/2/1960,538.02
7/3/1960,538.02
7/4/1960,538.02
7/5/1960,538.02
7/6/1960,509.703
7/7/1960,481.386
7/8/1960,481.386
7/9/1960,481.386
7/10/1960,481.386
7/11/1960,453.07
7/12/1960,424.753
7/13/1960,396.436
7/14/1960,368.119
7/15/1960,368.119
7/16/1960,368.119
7/17/1960,368.119
7/18/1960,368.119
7/19/1960,339.802
7/20/1960,339.802
7/21/1960,339.802
7/22/1960,339.802
7/23/1960,339.802
7/24/1960,311.485
7/25/1960,311.485
7/26/1960,283.168
7/27/1960,283.168
7/28/1960,283.168
7/29/1960,283.168
7/30/1960,283.168
7/31/1960,283.168
8/1/1960,311.485
8/2/1960,325.644
8/3/1960,339.802
8/4/1960,353.961
8/5/1960,353.961
8/6/1960,353.961
8/7/1960,353.961
8/8/1960,353.961
8/9/1960,353.961
8/10/1960,353.961
8/11/1960,353.961
8/12/1960,353.961
8/13/1960,353.961
8/14/1960,339.802
8/15/1960,325.644
8/16/1960,311.485
8/17/1960,311.485
8/18/1960,311.485
8/19/1960,297.327
8/20/1960,283.168
8/21/1960,283.168
8/22/1960,283.168
8/23/1960,283.168
8/24/1960,297.327
8/25/1960,339.802
8/26/1960,353.961
8/27/1960,368.119
8/28/1960,382.277
8/29/1960,396.436
8/30/1960,396.436
8/31/1960,382.277
9/1/1960,368.119
9/2/1960,353.961
9/3/1960,353.961
9/4/1960,339.802
9/5/1960,325.644
9/6/1960,311.485
9/7/1960,297.327
9/8/1960,283.168
9/9/1960,269.01
9/10/1960,254.852
9/11/1960,254.852
9/12/1960,254.852
9/13/1960,254.852
9/14/1960,254.852
9/15/1960,254.852
9/16/1960,269.01
9/17/1960,269.01
9/18/1960,269.01
9/19/1960,269.01
9/20/1960,269.01
9/21/1960,269.01
9/22/1960,283.168
9/23/1960,283.168
9/24/1960,283.168
9/25/1960,283.168
9/26/1960,269.01
9/27/1960,240.693
9/28/1960,212.376
9/29/1960,240.693
9/30/1960,283.168
10/1/1960,311.485
10/2/1960,339.802
10/3/1960,325.644
10/4/1960,311.485
10/5/1960,311.485
10/6/1960,311.485
10/7/1960,311.485
10/8/1960,297.327
10/9/1960,283.168
10/10/1960,269.01
10/11/1960,269.01
10/12/1960,269.01
10/13/1960,269.01
10/14/1960,283.168
10/15/1960,297.327
10/16/1960,297.327
10/17/1960,311.485
10/18/1960,339.802
10/19/1960,353.961
10/20/1960,339.802
10/21/1960,311.485
10/22/1960,297.327
10/23/1960,297.327
10/24/1960,311.485
10/25/1960,311.485
10/26/1960,311.485
10/27/1960,311.485
10/28/1960,311.485
10/29/1960,311.485
10/30/1960,311.485
10/31/1960,297.327
11/1/1960,325.644
11/2/1960,368.119
11/3/1960,382.277
11/4/1960,368.119
11/5/1960,353.961
11/6/1960,339.802
11/7/1960,325.644
11/8/1960,311.485
11/9/1960,297.327
11/10/1960,283.168
11/11/1960,283.168
11/12/1960,283.168
11/13/1960,283.168
11/14/1960,283.168
11/15/1960,283.168
11/16/1960,297.327
11/17/1960,325.644
11/18/1960,353.961
11/19/1960,368.119
11/20/1960,368.119
11/21/1960,368.119
11/22/1960,368.119
11/23/1960,353.961
11/24/1960,325.644
11/25/1960,311.485
11/26/1960,311.485
11/27/1960,297.327
11/28/1960,283.168
11/29/1960,141.584
11/30/1960,113.267
12/1/1960,141.584
12/2/1960,169.901
12/3/1960,198.218
12/4/1960,212.376
12/5/1960,198.218
12/6/1960,184.06
12/7/1960,169.901
12/8/1960,184.06
12/9/1960,212.376
12/10/1960,254.852
12/11/1960,311.485
12/12/1960,396.436
12/13/1960,396.436
12/14/1960,368.119
12/15/1960,339.802
12/16/1960,311.485
12/17/1960,283.168
12/18/1960,254.852
12/19/1960,240.693
12/20/1960,254.852
12/21/1960,283.168
12/22/1960,283.168
12/23/1960,283.168
12/24/1960,254.852
12/25/1960,226.535
12/26/1960,212.376
12/27/1960,198.218
12/28/1960,212.376
12/29/1960,240.693
12/30/1960,283.168
12/31/1960,311.485
1/1/1961,339.802
1/2/1961,339.802
1/3/1961,368.119
1/4/1961,368.119
1/5/1961,368.119
1/6/1961,339.802
1/7/1961,311.485
1/8/1961,283.168
1/9/1961,283.168
1/10/1961,311.485
1/11/1961,311.485
1/12/1961,339.802
1/13/1961,339.802
1/14/1961,339.802
1/15/1961,368.119
1/16/1961,396.436
1/17/1961,396.436
1/18/1961,396.436
1/19/1961,368.119
1/20/1961,339.802
1/21/1961,311.485
1/22/1961,311.485
1/23/1961,311.485
1/24/1961,283.168
1/25/1961,254.852
1/26/1961,226.535
1/27/1961,226.535
1/28/1961,198.218
1/29/1961,212.376
1/30/1961,240.693
1/31/1961,254.852
2/1/1961,283.168
2/2/1961,297.327
2/3/1961,297.327
2/4/1961,283.168
2/5/1961,269.01
2/6/1961,254.852
2/7/1961,269.01
2/8/1961,297.327
2/9/1961,325.644
2/10/1961,368.119
2/11/1961,382.277
2/12/1961,382.277
2/13/1961,368.119
2/14/1961,339.802
2/15/1961,325.644
2/16/1961,325.644
2/17/1961,325.644
2/18/1961,339.802
2/19/1961,368.119
2/20/1961,382.277
2/21/1961,382.277
2/22/1961,382.277
2/23/1961,382.277
2/24/1961,382.277
2/25/1961,382.277
2/26/1961,382.277
2/27/1961,368.119
2/28/1961,368.119
3/1/1961,368.119
3/2/1961,382.277
3/3/1961,382.277
3/4/1961,382.277
3/5/1961,382.277
3/6/1961,382.277
3/7/1961,382.277
3/8/1961,382.277
3/9/1961,382.277
3/10/1961,382.277
3/11/1961,382.277
3/12/1961,382.277
3/13/1961,396.436
3/14/1961,396.436
3/15/1961,410.594
3/16/1961,438.911
3/17/1961,481.386
3/18/1961,509.703
3/19/1961,509.703
3/20/1961,509.703
3/21/1961,509.703
3/22/1961,509.703
3/23/1961,538.02
3/24/1961,651.287
3/25/1961,707.921
3/26/1961,566.337
3/27/1961,424.753
3/28/1961,368.119
3/29/1961,368.119
3/30/1961,368.119
3/31/1961,368.119
4/1/1961,382.277
4/2/1961,382.277
4/3/1961,382.277
4/4/1961,368.119
4/5/1961,368.119
4/6/1961,368.119
4/7/1961,368.119
4/8/1961,353.961
4/9/1961,353.961
4/10/1961,353.961
4/11/1961,353.961
4/12/1961,353.961
4/13/1961,353.961
4/14/1961,353.961
4/15/1961,339.802
4/16/1961,339.802
4/17/1961,325.644
4/18/1961,325.644
4/19/1961,325.644
4/20/1961,325.644
4/21/1961,325.644
4/22/1961,325.644
4/23/1961,325.644
4/24/1961,325.644
4/25/1961,311.485
4/26/1961,311.485
4/27/1961,311.485
4/28/1961,311.485
4/29/1961,311.485
4/30/1961,311.485
5/1/1961,325.644
5/2/1961,325.644
5/3/1961,325.644
5/4/1961,325.644
5/5/1961,325.644
5/6/1961,325.644
5/7/1961,325.644
5/8/1961,311.485
5/9/1961,311.485
5/10/1961,311.485
5/11/1961,311.485
5/12/1961,311.485
5/13/1961,311.485
5/14/1961,311.485
5/15/1961,297.327
5/16/1961,283.168
5/17/1961,269.01
5/18/1961,254.852
5/19/1961,240.693
5/20/1961,240.693
5/21/1961,269.01
5/22/1961,297.327
5/23/1961,339.802
5/24/1961,382.277
5/25/1961,396.436
5/26/1961,396.436
5/27/1961,396.436
5/28/1961,453.07
5/29/1961,538.02
5/30/1961,679.604
5/31/1961,821.189
6/1/1961,880.654
6/2/1961,925.961
6/3/1961,976.931
6/4/1961,1022.238
6/5/1961,957.109
6/6/1961,894.812
6/7/1961,886.317
6/8/1961,897.644
6/9/1961,900.476
6/10/1961,897.644
6/11/1961,903.307
6/12/1961,883.486
6/13/1961,906.139
6/14/1961,959.941
6/15/1961,1008.08
6/16/1961,1008.08
6/17/1961,954.278
6/18/1961,903.307
6/19/1961,846.674
6/20/1961,801.367
6/21/1961,764.555
6/22/1961,736.238
6/23/1961,716.416
6/24/1961,705.089
6/25/1961,699.426
6/26/1961,682.436
6/27/1961,662.614
6/28/1961,631.466
6/29/1961,594.654
6/30/1961,566.337
7/1/1961,543.683
7/2/1961,555.01
7/3/1961,577.664
7/4/1961,563.505
7/5/1961,546.515
7/6/1961,532.357
7/7/1961,535.188
7/8/1961,532.357
7/9/1961,501.208
7/10/1961,498.377
7/11/1961,512.535
7/12/1961,538.02
7/13/1961,549.347
7/14/1961,549.347
7/15/1961,532.357
7/16/1961,515.367
7/17/1961,498.377
7/18/1961,495.545
7/19/1961,455.901
7/20/1961,433.248
7/21/1961,419.089
7/22/1961,402.099
7/23/1961,402.099
7/24/1961,399.268
7/25/1961,404.931
7/26/1961,413.426
7/27/1961,421.921
7/28/1961,430.416
7/29/1961,416.258
7/30/1961,404.931
7/31/1961,399.268
8/1/1961,365.287
8/2/1961,356.792
8/3/1961,362.456
8/4/1961,356.792
8/5/1961,356.792
8/6/1961,342.634
8/7/1961,311.485
8/8/1961,288.832
8/9/1961,269.01
8/10/1961,252.02
8/11/1961,237.862
8/12/1961,226.535
8/13/1961,220.871
8/14/1961,218.04
8/15/1961,226.535
8/16/1961,232.198
8/17/1961,237.862
8/18/1961,229.366
8/19/1961,229.366
8/20/1961,257.683
8/21/1961,260.515
8/22/1961,243.525
8/23/1961,243.525
8/24/1961,240.693
8/25/1961,240.693
8/26/1961,232.198
8/27/1961,226.535
8/28/1961,226.535
8/29/1961,223.703
8/30/1961,223.703
8/31/1961,229.366
9/1/1961,237.862
9/2/1961,246.357
9/3/1961,232.198
9/4/1961,223.703
9/5/1961,223.703
9/6/1961,243.525
9/7/1961,283.168
9/8/1961,314.317
9/9/1961,339.802
9/10/1961,385.109
9/11/1961,402.099
9/12/1961,416.258
9/13/1961,447.406
9/14/1961,444.574
9/15/1961,438.911
9/16/1961,470.06
9/17/1961,512.535
9/18/1961,557.842
9/19/1961,574.832
9/20/1961,605.981
9/21/1961,588.99
9/22/1961,572
9/23/1961,574.832
9/24/1961,588.99
9/25/1961,611.644
9/26/1961,654.119
9/27/1961,656.951
9/28/1961,645.624
9/29/1961,628.634
9/30/1961,605.981
10/1/1961,617.307
10/2/1961,611.644
10/3/1961,631.466
10/4/1961,631.466
10/5/1961,625.802
10/6/1961,620.139
10/7/1961,634.297
10/8/1961,625.802
10/9/1961,628.634
10/10/1961,639.961
10/11/1961,620.139
10/12/1961,620.139
10/13/1961,611.644
10/14/1961,625.802
10/15/1961,625.802
10/16/1961,634.297
10/17/1961,634.297
10/18/1961,645.624
10/19/1961,654.119
10/20/1961,639.961
10/21/1961,588.99
10/22/1961,515.367
10/23/1961,421.921
10/24/1961,416.258
10/25/1961,407.763
10/26/1961,416.258
10/27/1961,416.258
10/28/1961,410.594
10/29/1961,413.426
10/30/1961,402.099
10/31/1961,404.931
11/1/1961,416.258
11/2/1961,424.753
11/3/1961,430.416
11/4/1961,438.911
11/5/1961,453.07
11/6/1961,458.733
11/7/1961,453.07
11/8/1961,453.07
11/9/1961,450.238
11/10/1961,450.238
11/11/1961,444.574
11/12/1961,433.248
11/13/1961,424.753
11/14/1961,424.753
11/15/1961,424.753
11/16/1961,433.248
11/17/1961,421.921
11/18/1961,427.584
11/19/1961,416.258
11/20/1961,413.426
11/21/1961,404.931
11/22/1961,404.931
11/23/1961,390.772
11/24/1961,382.277
11/25/1961,370.951
11/26/1961,362.456
11/27/1961,365.287
11/28/1961,356.792
11/29/1961,365.287
11/30/1961,368.119
12/1/1961,379.446
12/2/1961,370.951
12/3/1961,373.782
12/4/1961,373.782
12/5/1961,370.951
12/6/1961,373.782
12/7/1961,370.951
12/8/1961,359.624
12/9/1961,353.961
12/10/1961,348.297
12/11/1961,322.812
12/12/1961,294.495
12/13/1961,277.505
12/14/1961,254.852
12/15/1961,249.188
12/16/1961,252.02
12/17/1961,254.852
12/18/1961,271.842
12/19/1961,277.505
12/20/1961,288.832
12/21/1961,317.149
12/22/1961,322.812
12/23/1961,317.149
12/24/1961,325.644
12/25/1961,342.634
12/26/1961,348.297
12/27/1961,362.456
12/28/1961,387.941
12/29/1961,410.594
12/30/1961,436.079
12/31/1961,450.238
1/1/1962,453.07
1/2/1962,484.218
1/3/1962,484.218
1/4/1962,484.218
1/5/1962,484.218
1/6/1962,495.545
1/7/1962,498.377
1/8/1962,495.545
1/9/1962,484.218
1/10/1962,492.713
1/11/1962,492.713
1/12/1962,489.881
1/13/1962,467.228
1/14/1962,464.396
1/15/1962,438.911
1/16/1962,416.258
1/17/1962,393.604
1/18/1962,382.277
1/19/1962,368.119
1/20/1962,373.782
1/21/1962,365.287
1/22/1962,370.951
1/23/1962,393.604
1/24/1962,407.763
1/25/1962,399.268
1/26/1962,407.763
1/27/1962,419.089
1/28/1962,433.248
1/29/1962,438.911
1/30/1962,436.079
1/31/1962,419.089
2/1/1962,433.248
2/2/1962,458.733
2/3/1962,489.881
2/4/1962,487.05
2/5/1962,492.713
2/6/1962,506.872
2/7/1962,535.188
2/8/1962,546.515
2/9/1962,580.495
2/10/1962,594.654
2/11/1962,597.485
2/12/1962,620.139
2/13/1962,622.971
2/14/1962,637.129
2/15/1962,642.792
2/16/1962,648.456
2/17/1962,654.119
2/18/1962,696.594
2/19/1962,713.585
2/20/1962,756.06
2/21/1962,790.04
2/22/1962,880.654
2/23/1962,758.891
2/24/1962,628.634
2/25/1962,504.04
2/26/1962,421.921
2/27/1962,424.753
2/28/1962,427.584
3/1/1962,438.911
3/2/1962,424.753
3/3/1962,410.594
3/4/1962,370.951
3/5/1962,345.466
3/6/1962,336.97
3/7/1962,339.802
3/8/1962,368.119
3/9/1962,404.931
3/10/1962,484.218
3/11/1962,515.367
3/12/1962,515.367
3/13/1962,518.198
3/14/1962,521.03
3/15/1962,529.525
3/16/1962,543.683
3/17/1962,566.337
3/18/1962,583.327
3/19/1962,583.327
3/20/1962,597.485
3/21/1962,625.802
3/22/1962,685.268
3/23/1962,770.218
3/24/1962,889.149
3/25/1962,999.585
3/26/1962,1132.674
3/27/1962,1362.04
3/28/1962,1345.05
3/29/1962,1220.456
3/30/1962,1166.654
3/31/1962,1093.03
4/1/1962,1033.565
4/2/1962,957.109
4/3/1962,925.961
4/4/1962,928.793
4/5/1962,923.129
4/6/1962,914.634
4/7/1962,872.159
4/8/1962,877.822
4/9/1962,877.822
4/10/1962,877.822
4/11/1962,869.327
4/12/1962,866.496
4/13/1962,860.832
4/14/1962,846.674
4/15/1962,818.357
4/16/1962,778.713
4/17/1962,719.248
4/18/1962,642.792
4/19/1962,608.812
4/20/1962,574.832
4/21/1962,549.347
4/22/1962,501.208
4/23/1962,489.881
4/24/1962,495.545
4/25/1962,515.367
4/26/1962,552.179
4/27/1962,583.327
4/28/1962,600.317
4/29/1962,622.971
4/30/1962,651.287
5/1/1962,594.654
5/2/1962,639.961
5/3/1962,656.951
5/4/1962,651.287
5/5/1962,620.139
5/6/1962,555.01
5/7/1962,504.04
5/8/1962,450.238
5/9/1962,421.921
5/10/1962,393.604
5/11/1962,385.109
5/12/1962,438.911
5/13/1962,747.565
5/14/1962,807.03
5/15/1962,826.852
5/16/1962,874.991
5/17/1962,838.179
5/18/1962,773.05
5/19/1962,739.07
5/20/1962,713.585
5/21/1962,699.426
5/22/1962,778.713
5/23/1962,761.723
5/24/1962,716.416
5/25/1962,682.436
5/26/1962,710.753
5/27/1962,741.901
5/28/1962,1047.723
5/29/1962,1982.179
5/30/1962,1826.437
5/31/1962,1274.258
6/1/1962,1291.248
6/2/1962,1228.951
6/3/1962,1141.169
6/4/1962,1234.615
6/5/1962,1302.575
6/6/1962,1393.189
6/7/1962,1489.466
6/8/1962,1449.823
6/9/1962,1430.001
6/10/1962,1268.595
6/11/1962,1121.347
6/12/1962,1107.189
6/13/1962,1121.347
6/14/1962,1197.803
6/15/1962,1430.001
6/16/1962,1625.387
6/17/1962,1812.278
6/18/1962,1925.546
6/19/1962,1868.912
6/20/1962,1925.546
6/21/1962,1925.546
6/22/1962,1897.229
6/23/1962,1840.595
6/24/1962,1755.644
6/25/1962,1670.694
6/26/1962,1585.743
6/27/1962,1529.11
6/28/1962,1486.634
6/29/1962,1472.476
6/30/1962,1438.496
7/1/1962,1458.318
7/2/1962,1500.793
7/3/1962,1529.11
7/4/1962,1529.11
7/5/1962,1444.159
7/6/1962,1430.001
7/7/1962,1415.842
7/8/1962,1364.872
7/9/1962,1302.575
7/10/1962,1110.02
7/11/1962,951.446
7/12/1962,874.991
7/13/1962,807.03
7/14/1962,773.05
7/15/1962,756.06
7/16/1962,897.644
7/17/1962,1093.03
7/18/1962,1656.536
7/19/1962,1699.011
7/20/1962,1415.842
7/21/1962,1330.892
7/22/1962,1172.317
7/23/1962,1036.397
7/24/1962,849.505
7/25/1962,758.891
7/26/1962,716.416
7/27/1962,682.436
7/28/1962,665.446
7/29/1962,654.119
7/30/1962,645.624
7/31/1962,648.456
8/1/1962,651.287
8/2/1962,659.783
8/3/1962,628.634
8/4/1962,603.149
8/5/1962,577.664
8/6/1962,560.674
8/7/1962,583.327
8/8/1962,574.832
8/9/1962,560.674
8/10/1962,634.297
8/11/1962,540.852
8/12/1962,515.367
8/13/1962,495.545
8/14/1962,484.218
8/15/1962,472.891
8/16/1962,447.406
8/17/1962,498.377
8/18/1962,515.367
8/19/1962,484.218
8/20/1962,436.079
8/21/1962,407.763
8/22/1962,441.743
8/23/1962,368.119
8/24/1962,311.485
8/25/1962,297.327
8/26/1962,294.495
8/27/1962,305.822
8/28/1962,294.495
8/29/1962,302.99
8/30/1962,297.327
8/31/1962,297.327
9/1/1962,288.832
9/2/1962,283.168
9/3/1962,271.842
9/4/1962,277.505
9/5/1962,286
9/6/1962,294.495
9/7/1962,311.485
9/8/1962,376.614
9/9/1962,336.97
9/10/1962,314.317
9/11/1962,286
9/12/1962,286
9/13/1962,291.664
9/14/1962,302.99
9/15/1962,322.812
9/16/1962,336.97
9/17/1962,351.129
9/18/1962,336.97
9/19/1962,319.98
9/20/1962,370.951
9/21/1962,376.614
9/22/1962,373.782
9/23/1962,368.119
9/24/1962,351.129
9/25/1962,334.139
9/26/1962,325.644
9/27/1962,331.307
9/28/1962,353.961
9/29/1962,393.604
9/30/1962,399.268
10/1/1962,339.802
10/2/1962,311.485
10/3/1962,325.644
10/4/1962,331.307
10/5/1962,334.139
10/6/1962,382.277
10/7/1962,339.802
10/8/1962,336.97
10/9/1962,334.139
10/10/1962,353.961
10/11/1962,353.961
10/12/1962,351.129
10/13/1962,331.307
10/14/1962,365.287
10/15/1962,424.753
10/16/1962,387.941
10/17/1962,387.941
10/18/1962,390.772
10/19/1962,379.446
10/20/1962,402.099
10/21/1962,413.426
10/22/1962,410.594
10/23/1962,382.277
10/24/1962,356.792
10/25/1962,351.129
10/26/1962,342.634
10/27/1962,331.307
10/28/1962,325.644
10/29/1962,331.307
10/30/1962,339.802
10/31/1962,322.812
11/1/1962,288.832
11/2/1962,283.168
11/3/1962,283.168
11/4/1962,286
11/5/1962,274.673
11/6/1962,260.515
11/7/1962,263.347
11/8/1962,257.683
11/9/1962,263.347
11/10/1962,271.842
11/11/1962,271.842
11/12/1962,274.673
11/13/1962,277.505
11/14/1962,277.505
11/15/1962,254.852
11/16/1962,263.347
11/17/1962,260.515
11/18/1962,271.842
11/19/1962,280.337
11/20/1962,271.842
11/21/1962,274.673
11/22/1962,317.149
11/23/1962,319.98
11/24/1962,325.644
11/25/1962,376.614
11/26/1962,436.079
11/27/1962,433.248
11/28/1962,430.416
11/29/1962,433.248
11/30/1962,441.743
12/1/1962,464.396
12/2/1962,467.228
12/3/1962,470.06
12/4/1962,478.555
12/5/1962,487.05
12/6/1962,487.05
12/7/1962,467.228
12/8/1962,458.733
12/9/1962,444.574
12/10/1962,226.535
12/11/1962,84.951
12/12/1962,155.743
12/13/1962,215.208
12/14/1962,235.03
12/15/1962,235.03
12/16/1962,336.97
12/17/1962,421.921
12/18/1962,436.079
12/19/1962,523.862
12/20/1962,591.822
12/21/1962,518.198
12/22/1962,458.733
12/23/1962,345.466
12/24/1962,203.881
12/25/1962,198.218
12/26/1962,198.218
12/27/1962,184.06
12/28/1962,169.901
12/29/1962,113.267
12/30/1962,150.079
12/31/1962,198.218
1/1/1963,240.693
1/2/1963,266.178
1/3/1963,266.178
1/4/1963,263.347
1/5/1963,269.01
1/6/1963,297.327
1/7/1963,365.287
1/8/1963,470.06
1/9/1963,506.872
1/10/1963,467.228
1/11/1963,427.584
1/12/1963,421.921
1/13/1963,373.782
1/14/1963,252.02
1/15/1963,189.723
1/16/1963,164.238
1/17/1963,172.733
1/18/1963,186.891
1/19/1963,209.545
1/20/1963,186.891
1/21/1963,215.208
1/22/1963,218.04
1/23/1963,218.04
1/24/1963,209.545
1/25/1963,212.376
1/26/1963,212.376
1/27/1963,235.03
1/28/1963,254.852
1/29/1963,294.495
1/30/1963,311.485
1/31/1963,322.812
2/1/1963,334.139
2/2/1963,328.475
2/3/1963,342.634
2/4/1963,342.634
2/5/1963,407.763
2/6/1963,475.723
2/7/1963,543.683
2/8/1963,603.149
2/9/1963,656.951
2/10/1963,707.921
2/11/1963,807.03
2/12/1963,906.139
2/13/1963,906.139
2/14/1963,877.822
2/15/1963,792.872
2/16/1963,707.921
2/17/1963,651.287
2/18/1963,594.654
2/19/1963,566.337
2/20/1963,538.02
2/21/1963,523.862
2/22/1963,515.367
2/23/1963,501.208
2/24/1963,487.05
2/25/1963,475.723
2/26/1963,464.396
2/27/1963,447.406
2/28/1963,438.911
3/1/1963,521.03
3/2/1963,651.287
3/3/1963,739.07
3/4/1963,809.862
3/5/1963,883.486
3/6/1963,925.961
3/7/1963,855.169
3/8/1963,826.852
3/9/1963,784.377
3/10/1963,710.753
3/11/1963,688.099
3/12/1963,671.109
3/13/1963,651.287
3/14/1963,631.466
3/15/1963,622.971
3/16/1963,611.644
3/17/1963,572
3/18/1963,560.674
3/19/1963,572
3/20/1963,574.832
3/21/1963,600.317
3/22/1963,668.278
3/23/1963,733.406
3/24/1963,736.238
3/25/1963,696.594
3/26/1963,656.951
3/27/1963,617.307
3/28/1963,654.119
3/29/1963,705.089
3/30/1963,730.575
3/31/1963,747.565
4/1/1963,679.604
4/2/1963,518.198
4/3/1963,413.426
4/4/1963,368.119
4/5/1963,348.297
4/6/1963,331.307
4/7/1963,345.466
4/8/1963,492.713
4/9/1963,509.703
4/10/1963,498.377
4/11/1963,447.406
4/12/1963,368.119
4/13/1963,342.634
4/14/1963,311.485
4/15/1963,396.436
4/16/1963,396.436
4/17/1963,396.436
4/18/1963,467.228
4/19/1963,368.119
4/20/1963,339.802
4/21/1963,311.485
4/22/1963,283.168
4/23/1963,269.01
4/24/1963,269.01
4/25/1963,311.485
4/26/1963,339.802
4/27/1963,339.802
4/28/1963,481.386
4/29/1963,453.07
4/30/1963,387.941
5/1/1963,453.07
5/2/1963,529.525
5/3/1963,693.763
5/4/1963,744.733
5/5/1963,685.268
5/6/1963,622.971
5/7/1963,572
5/8/1963,538.02
5/9/1963,557.842
5/10/1963,521.03
5/11/1963,557.842
5/12/1963,566.337
5/13/1963,634.297
5/14/1963,679.604
5/15/1963,750.396
5/16/1963,764.555
5/17/1963,747.565
5/18/1963,713.585
5/19/1963,679.604
5/20/1963,651.287
5/21/1963,628.634
5/22/1963,622.971
5/23/1963,622.971
5/24/1963,628.634
5/25/1963,651.287
5/26/1963,693.763
5/27/1963,744.733
5/28/1963,798.535
5/29/1963,906.139
5/30/1963,968.436
5/31/1963,1047.723
6/1/1963,1160.991
6/2/1963,1203.466
6/3/1963,1132.674
6/4/1963,1189.308
6/5/1963,1387.525
6/6/1963,1699.011
6/7/1963,2265.348
6/8/1963,2690.1
6/9/1963,2406.932
6/10/1963,1982.179
6/11/1963,1699.011
6/12/1963,1557.427
6/13/1963,1500.793
6/14/1963,1472.476
6/15/1963,1458.318
6/16/1963,1444.159
6/17/1963,1529.11
6/18/1963,1642.377
6/19/1963,1727.328
6/20/1963,1812.278
6/21/1963,1982.179
6/22/1963,2265.348
6/23/1963,2406.932
6/24/1963,2237.031
6/25/1963,2067.13
6/26/1963,1982.179
6/27/1963,1897.229
6/28/1963,1783.961
6/29/1963,1614.06
6/30/1963,1444.159
7/1/1963,1274.258
7/2/1963,1189.308
7/3/1963,1141.169
7/4/1963,1076.04
7/5/1963,1047.723
7/6/1963,991.09
7/7/1963,962.773
7/8/1963,906.139
7/9/1963,962.773
7/10/1963,1090.199
7/11/1963,1033.565
7/12/1963,863.664
7/13/1963,736.238
7/14/1963,722.08
7/15/1963,753.228
7/16/1963,781.545
7/17/1963,690.931
7/18/1963,673.941
7/19/1963,580.495
7/20/1963,523.862
7/21/1963,504.04
7/22/1963,478.555
7/23/1963,455.901
7/24/1963,481.386
7/25/1963,713.585
7/26/1963,501.208
7/27/1963,419.089
7/28/1963,484.218
7/29/1963,416.258
7/30/1963,359.624
7/31/1963,342.634
8/1/1963,404.931
8/2/1963,376.614
8/3/1963,359.624
8/4/1963,334.139
8/5/1963,322.812
8/6/1963,311.485
8/7/1963,288.832
8/8/1963,294.495
8/9/1963,288.832
8/10/1963,319.98
8/11/1963,257.683
8/12/1963,246.357
8/13/1963,249.188
8/14/1963,232.198
8/15/1963,215.208
8/16/1963,209.545
8/17/1963,209.545
8/18/1963,201.05
8/19/1963,218.04
8/20/1963,220.871
8/21/1963,209.545
8/22/1963,232.198
8/23/1963,229.366
8/24/1963,215.208
8/25/1963,212.376
8/26/1963,209.545
8/27/1963,254.852
8/28/1963,271.842
8/29/1963,249.188
8/30/1963,235.03
8/31/1963,223.703
9/1/1963,218.04
9/2/1963,209.545
9/3/1963,249.188
9/4/1963,359.624
9/5/1963,424.753
9/6/1963,334.139
9/7/1963,470.06
9/8/1963,325.644
9/9/1963,314.317
9/10/1963,311.485
9/11/1963,300.159
9/12/1963,283.168
9/13/1963,286
9/14/1963,280.337
9/15/1963,269.01
9/16/1963,274.673
9/17/1963,277.505
9/18/1963,286
9/19/1963,291.664
9/20/1963,305.822
9/21/1963,294.495
9/22/1963,291.664
9/23/1963,297.327
9/24/1963,300.159
9/25/1963,311.485
9/26/1963,314.317
9/27/1963,334.139
9/28/1963,399.268
9/29/1963,410.594
9/30/1963,438.911
10/1/1963,430.416
10/2/1963,399.268
10/3/1963,379.446
10/4/1963,368.119
10/5/1963,353.961
10/6/1963,339.802
10/7/1963,331.307
10/8/1963,317.149
10/9/1963,314.317
10/10/1963,317.149
10/11/1963,314.317
10/12/1963,319.98
10/13/1963,302.99
10/14/1963,297.327
10/15/1963,297.327
10/16/1963,305.822
10/17/1963,300.159
10/18/1963,297.327
10/19/1963,302.99
10/20/1963,288.832
10/21/1963,277.505
10/22/1963,257.683
10/23/1963,252.02
10/24/1963,252.02
10/25/1963,246.357
10/26/1963,249.188
10/27/1963,240.693
10/28/1963,237.862
10/29/1963,232.198
10/30/1963,232.198
10/31/1963,232.198
11/1/1963,232.198
11/2/1963,220.871
11/3/1963,235.03
11/4/1963,235.03
11/5/1963,260.515
11/6/1963,257.683
11/7/1963,277.505
11/8/1963,277.505
11/9/1963,277.505
11/10/1963,291.664
11/11/1963,283.168
11/12/1963,269.01
11/13/1963,260.515
11/14/1963,260.515
11/15/1963,240.693
11/16/1963,232.198
11/17/1963,235.03
11/18/1963,237.862
11/19/1963,235.03
11/20/1963,201.05
11/21/1963,110.436
11/22/1963,90.614
11/23/1963,113.267
11/24/1963,155.743
11/25/1963,192.555
11/26/1963,206.713
11/27/1963,226.535
11/28/1963,240.693
11/29/1963,246.357
11/30/1963,257.683
12/1/1963,269.01
12/2/1963,277.505
12/3/1963,291.664
12/4/1963,351.129
12/5/1963,368.119
12/6/1963,379.446
12/7/1963,345.466
12/8/1963,317.149
12/9/1963,291.664
12/10/1963,254.852
12/11/1963,243.525
12/12/1963,189.723
12/13/1963,116.099
12/14/1963,76.455
12/15/1963,76.455
12/16/1963,93.446
12/17/1963,84.951
12/18/1963,107.604
12/19/1963,84.951
12/20/1963,101.941
12/21/1963,107.604
12/22/1963,152.911
12/23/1963,186.891
12/24/1963,229.366
12/25/1963,311.485
12/26/1963,396.436
12/27/1963,430.416
12/28/1963,475.723
12/29/1963,512.535
12/30/1963,518.198
12/31/1963,509.703
1/1/1964,521.03
1/2/1964,515.367
1/3/1964,518.198
1/4/1964,518.198
1/5/1964,515.367
1/6/1964,512.535
1/7/1964,495.545
1/8/1964,509.703
1/9/1964,512.535
1/10/1964,506.872
1/11/1964,504.04
1/12/1964,509.703
1/13/1964,481.386
1/14/1964,441.743
1/15/1964,365.287
1/16/1964,334.139
1/17/1964,365.287
1/18/1964,399.268
1/19/1964,413.426
1/20/1964,424.753
1/21/1964,433.248
1/22/1964,427.584
1/23/1964,424.753
1/24/1964,430.416
1/25/1964,430.416
1/26/1964,399.268
1/27/1964,345.466
1/28/1964,379.446
1/29/1964,393.604
1/30/1964,424.753
1/31/1964,424.753
2/1/1964,427.584
2/2/1964,424.753
2/3/1964,430.416
2/4/1964,444.574
2/5/1964,441.743
2/6/1964,433.248
2/7/1964,433.248
2/8/1964,416.258
2/9/1964,410.594
2/10/1964,402.099
2/11/1964,416.258
2/12/1964,407.763
2/13/1964,390.772
2/14/1964,345.466
2/15/1964,365.287
2/16/1964,370.951
2/17/1964,365.287
2/18/1964,368.119
2/19/1964,351.129
2/20/1964,345.466
2/21/1964,368.119
2/22/1964,368.119
2/23/1964,368.119
2/24/1964,368.119
2/25/1964,370.951
2/26/1964,365.287
2/27/1964,376.614
2/28/1964,379.446
2/29/1964,402.099
3/1/1964,402.099
3/2/1964,385.109
3/3/1964,376.614
3/4/1964,345.466
3/5/1964,319.98
3/6/1964,297.327
3/7/1964,277.505
3/8/1964,263.347
3/9/1964,243.525
3/10/1964,220.871
3/11/1964,229.366
3/12/1964,266.178
3/13/1964,294.495
3/14/1964,319.98
3/15/1964,331.307
3/16/1964,314.317
3/17/1964,302.99
3/18/1964,297.327
3/19/1964,283.168
3/20/1964,271.842
3/21/1964,252.02
3/22/1964,269.01
3/23/1964,359.624
3/24/1964,319.98
3/25/1964,266.178
3/26/1964,246.357
3/27/1964,254.852
3/28/1964,232.198
3/29/1964,220.871
3/30/1964,215.208
3/31/1964,218.04
4/1/1964,297.327
4/2/1964,407.763
4/3/1964,447.406
4/4/1964,481.386
4/5/1964,620.139
4/6/1964,594.654
4/7/1964,521.03
4/8/1964,521.03
4/9/1964,594.654
4/10/1964,594.654
4/11/1964,699.426
4/12/1964,555.01
4/13/1964,390.772
4/14/1964,339.802
4/15/1964,336.97
4/16/1964,342.634
4/17/1964,342.634
4/18/1964,342.634
4/19/1964,351.129
4/20/1964,362.456
4/21/1964,339.802
4/22/1964,308.654
4/23/1964,334.139
4/24/1964,342.634
4/25/1964,353.961
4/26/1964,416.258
4/27/1964,424.753
4/28/1964,356.792
4/29/1964,365.287
4/30/1964,566.337
5/1/1964,707.921
5/2/1964,693.763
5/3/1964,603.149
5/4/1964,495.545
5/5/1964,608.812
5/6/1964,543.683
5/7/1964,707.921
5/8/1964,821.189
5/9/1964,790.04
5/10/1964,622.971
5/11/1964,727.743
5/12/1964,679.604
5/13/1964,699.426
5/14/1964,707.921
5/15/1964,699.426
5/16/1964,801.367
5/17/1964,792.872
5/18/1964,668.278
5/19/1964,552.179
5/20/1964,538.02
5/21/1964,600.317
5/22/1964,671.109
5/23/1964,699.426
5/24/1964,744.733
5/25/1964,877.822
5/26/1964,1019.406
5/27/1964,1008.08
5/28/1964,914.634
5/29/1964,860.832
5/30/1964,798.535
5/31/1964,761.723
6/1/1964,838.179
6/2/1964,957.109
6/3/1964,925.961
6/4/1964,897.644
6/5/1964,841.01
6/6/1964,778.713
6/7/1964,764.555
6/8/1964,991.09
6/9/1964,1274.258
6/10/1964,1245.941
6/11/1964,1500.793
6/12/1964,1925.546
6/13/1964,2010.496
6/14/1964,1614.06
6/15/1964,1840.595
6/16/1964,1755.644
6/17/1964,1557.427
6/18/1964,1529.11
6/19/1964,1699.011
6/20/1964,2321.981
6/21/1964,2237.031
6/22/1964,2180.397
6/23/1964,1982.179
6/24/1964,1699.011
6/25/1964,1500.793
6/26/1964,1472.476
6/27/1964,1500.793
6/28/1964,1614.06
6/29/1964,1699.011
6/30/1964,1812.278
7/1/1964,2067.13
7/2/1964,1868.912
7/3/1964,1840.595
7/4/1964,1982.179
7/5/1964,2265.348
7/6/1964,1982.179
7/7/1964,1925.546
7/8/1964,1699.011
7/9/1964,1415.842
7/10/1964,1274.258
7/11/1964,1160.991
7/12/1964,1090.199
7/13/1964,1033.565
7/14/1964,1019.406
7/15/1964,1104.357
7/16/1964,1104.357
7/17/1964,1104.357
7/18/1964,1076.04
7/19/1964,1019.406
7/20/1964,934.456
7/21/1964,849.505
7/22/1964,792.872
7/23/1964,736.238
7/24/1964,707.921
7/25/1964,679.604
7/26/1964,625.802
7/27/1964,569.169
7/28/1964,546.515
7/29/1964,512.535
7/30/1964,487.05
7/31/1964,487.05
8/1/1964,467.228
8/2/1964,450.238
8/3/1964,424.753
8/4/1964,419.089
8/5/1964,404.931
8/6/1964,399.268
8/7/1964,402.099
8/8/1964,379.446
8/9/1964,376.614
8/10/1964,353.961
8/11/1964,336.97
8/12/1964,319.98
8/13/1964,297.327
8/14/1964,286
8/15/1964,274.673
8/16/1964,271.842
8/17/1964,266.178
8/18/1964,263.347
8/19/1964,266.178
8/20/1964,254.852
8/21/1964,243.525
8/22/1964,235.03
8/23/1964,229.366
8/24/1964,220.871
8/25/1964,257.683
8/26/1964,308.654
8/27/1964,351.129
8/28/1964,342.634
8/29/1964,849.505
8/30/1964,792.872
8/31/1964,778.713
9/1/1964,849.505
9/2/1964,594.654
9/3/1964,543.683
9/4/1964,498.377
9/5/1964,430.416
9/6/1964,393.604
9/7/1964,368.119
9/8/1964,368.119
9/9/1964,351.129
9/10/1964,334.139
9/11/1964,325.644
9/12/1964,319.98
9/13/1964,322.812
9/14/1964,345.466
9/15/1964,325.644
9/16/1964,359.624
9/17/1964,382.277
9/18/1964,353.961
9/19/1964,385.109
9/20/1964,370.951
9/21/1964,351.129
9/22/1964,356.792
9/23/1964,362.456
9/24/1964,328.475
9/25/1964,322.812
9/26/1964,390.772
9/27/1964,362.456
9/28/1964,334.139
9/29/1964,334.139
9/30/1964,353.961
10/1/1964,365.287
10/2/1964,319.98
10/3/1964,359.624
10/4/1964,348.297
10/5/1964,302.99
10/6/1964,294.495
10/7/1964,297.327
10/8/1964,283.168
10/9/1964,283.168
10/10/1964,277.505
10/11/1964,263.347
10/12/1964,252.02
10/13/1964,266.178
10/14/1964,254.852
10/15/1964,257.683
10/16/1964,266.178
10/17/1964,277.505
10/18/1964,266.178
10/19/1964,266.178
10/20/1964,271.842
10/21/1964,271.842
10/22/1964,288.832
10/23/1964,362.456
10/24/1964,421.921
10/25/1964,461.565
10/26/1964,453.07
10/27/1964,472.891
10/28/1964,419.089
10/29/1964,402.099
10/30/1964,441.743
10/31/1964,368.119
11/1/1964,339.802
11/2/1964,325.644
11/3/1964,325.644
11/4/1964,328.475
11/5/1964,328.475
11/6/1964,334.139
11/7/1964,334.139
11/8/1964,342.634
11/9/1964,351.129
11/10/1964,345.466
11/11/1964,345.466
11/12/1964,348.297
11/13/1964,351.129
11/14/1964,348.297
11/15/1964,353.961
11/16/1964,339.802
11/17/1964,254.852
11/18/1964,198.218
11/19/1964,141.584
11/20/1964,56.634
11/21/1964,56.634
11/22/1964,56.634
11/23/1964,84.951
11/24/1964,107.604
11/25/1964,104.772
11/26/1964,113.267
11/27/1964,107.604
11/28/1964,107.604
11/29/1964,104.772
11/30/1964,113.267
12/1/1964,192.555
12/2/1964,280.337
12/3/1964,353.961
12/4/1964,356.792
12/5/1964,399.268
12/6/1964,416.258
12/7/1964,419.089
12/8/1964,419.089
12/9/1964,438.911
12/10/1964,438.911
12/11/1964,436.079
12/12/1964,438.911
12/13/1964,433.248
12/14/1964,438.911
12/15/1964,424.753
12/16/1964,382.277
12/17/1964,356.792
12/18/1964,328.475
12/19/1964,311.485
12/20/1964,283.168
12/21/1964,274.673
12/22/1964,297.327
12/23/1964,325.644
12/24/1964,356.792
12/25/1964,393.604
12/26/1964,396.436
12/27/1964,393.604
12/28/1964,365.287
12/29/1964,402.099
12/30/1964,416.258
12/31/1964,455.901
1/1/1965,501.208
1/2/1965,523.862
1/3/1965,546.515
1/4/1965,566.337
1/5/1965,574.832
1/6/1965,566.337
1/7/1965,557.842
1/8/1965,523.862
1/9/1965,487.05
1/10/1965,467.228
1/11/1965,461.565
1/12/1965,467.228
1/13/1965,487.05
1/14/1965,501.208
1/15/1965,529.525
1/16/1965,552.179
1/17/1965,583.327
1/18/1965,569.169
1/19/1965,546.515
1/20/1965,546.515
1/21/1965,552.179
1/22/1965,555.01
1/23/1965,540.852
1/24/1965,538.02
1/25/1965,540.852
1/26/1965,538.02
1/27/1965,532.357
1/28/1965,521.03
1/29/1965,523.862
1/30/1965,560.674
1/31/1965,532.357
2/1/1965,509.703
2/2/1965,475.723
2/3/1965,461.565
2/4/1965,455.901
2/5/1965,470.06
2/6/1965,492.713
2/7/1965,492.713
2/8/1965,501.208
2/9/1965,481.386
2/10/1965,481.386
2/11/1965,481.386
2/12/1965,509.703
2/13/1965,521.03
2/14/1965,538.02
2/15/1965,546.515
2/16/1965,546.515
2/17/1965,523.862
2/18/1965,489.881
2/19/1965,495.545
2/20/1965,518.198
2/21/1965,492.713
2/22/1965,478.555
2/23/1965,515.367
2/24/1965,535.188
2/25/1965,574.832
2/26/1965,583.327
2/27/1965,560.674
2/28/1965,546.515
3/1/1965,535.188
3/2/1965,535.188
3/3/1965,549.347
3/4/1965,577.664
3/5/1965,608.812
3/6/1965,634.297
3/7/1965,654.119
3/8/1965,588.99
3/9/1965,555.01
3/10/1965,532.357
3/11/1965,532.357
3/12/1965,532.357
3/13/1965,546.515
3/14/1965,563.505
3/15/1965,574.832
3/16/1965,591.822
3/17/1965,574.832
3/18/1965,523.862
3/19/1965,504.04
3/20/1965,481.386
3/21/1965,487.05
3/22/1965,481.386
3/23/1965,467.228
3/24/1965,441.743
3/25/1965,447.406
3/26/1965,455.901
3/27/1965,467.228
3/28/1965,487.05
3/29/1965,495.545
3/30/1965,501.208
3/31/1965,501.208
4/1/1965,495.545
4/2/1965,489.881
4/3/1965,532.357
4/4/1965,622.971
4/5/1965,934.456
4/6/1965,1217.624
4/7/1965,1699.011
4/8/1965,2123.763
4/9/1965,2208.714
4/10/1965,2123.763
4/11/1965,1897.229
4/12/1965,1727.328
4/13/1965,2067.13
4/14/1965,1840.595
4/15/1965,1415.842
4/16/1965,1160.991
4/17/1965,1104.357
4/18/1965,1104.357
4/19/1965,1076.04
4/20/1965,1019.406
4/21/1965,991.09
4/22/1965,991.09
4/23/1965,920.298
4/24/1965,843.842
4/25/1965,874.991
4/26/1965,962.773
4/27/1965,1047.723
4/28/1965,1076.04
4/29/1965,1047.723
4/30/1965,991.09
5/1/1965,931.624
5/2/1965,838.179
5/3/1965,835.347
5/4/1965,821.189
5/5/1965,1557.427
5/6/1965,1840.595
5/7/1965,1274.258
5/8/1965,962.773
5/9/1965,1076.04
5/10/1965,1217.624
5/11/1965,1274.258
5/12/1965,1245.941
5/13/1965,1189.308
5/14/1965,1132.674
5/15/1965,1076.04
5/16/1965,1047.723
5/17/1965,1047.723
5/18/1965,1076.04
5/19/1965,1047.723
5/20/1965,1019.406
5/21/1965,991.09
5/22/1965,1019.406
5/23/1965,1132.674
5/24/1965,1302.575
5/25/1965,1699.011
5/26/1965,1557.427
5/27/1965,1500.793
5/28/1965,1387.525
5/29/1965,1189.308
5/30/1965,1146.832
5/31/1965,1160.991
6/1/1965,1274.258
6/2/1965,1415.842
6/3/1965,1500.793
6/4/1965,1175.149
6/5/1965,1279.921
6/6/1965,1302.575
6/7/1965,1330.892
6/8/1965,1387.525
6/9/1965,1415.842
6/10/1965,1500.793
6/11/1965,1444.159
6/12/1965,1500.793
6/13/1965,1925.546
6/14/1965,1699.011
6/15/1965,1755.644
6/16/1965,1840.595
6/17/1965,2831.685
6/18/1965,2831.685
6/19/1965,2265.348
6/20/1965,1840.595
6/21/1965,2038.813
6/22/1965,2265.348
6/23/1965,2208.714
6/24/1965,1982.179
6/25/1965,1925.546
6/26/1965,2067.13
6/27/1965,2095.447
6/28/1965,2200.219
6/29/1965,2208.714
6/30/1965,2265.348
7/1/1965,2406.932
7/2/1965,2446.576
7/3/1965,2384.278
7/4/1965,2038.813
7/5/1965,2004.833
7/6/1965,2101.11
7/7/1965,2171.902
7/8/1965,2205.882
7/9/1965,2205.882
7/10/1965,2208.714
7/11/1965,2191.724
7/12/1965,2123.763
7/13/1965,2143.585
7/14/1965,2409.764
7/15/1965,2302.16
7/16/1965,2115.268
7/17/1965,2024.655
7/18/1965,1786.793
7/19/1965,1710.338
7/20/1965,1693.347
7/21/1965,1602.734
7/22/1965,1455.486
7/23/1965,1353.545
7/24/1965,1274.258
7/25/1965,1254.436
7/26/1965,1223.288
7/27/1965,1192.139
7/28/1965,1189.308
7/29/1965,1144.001
7/30/1965,1129.842
7/31/1965,1078.872
8/1/1965,1047.723
8/2/1965,1013.743
8/3/1965,976.931
8/4/1965,954.278
8/5/1965,965.604
8/6/1965,917.466
8/7/1965,849.505
8/8/1965,826.852
8/9/1965,818.357
8/10/1965,818.357
8/11/1965,807.03
8/12/1965,804.198
8/13/1965,787.208
8/14/1965,773.05
8/15/1965,747.565
8/16/1965,722.08
8/17/1965,705.089
8/18/1965,702.258
8/19/1965,690.931
8/20/1965,690.931
8/21/1965,679.604
8/22/1965,668.278
8/23/1965,665.446
8/24/1965,656.951
8/25/1965,781.545
8/26/1965,838.179
8/27/1965,993.921
8/28/1965,999.585
8/29/1965,982.595
8/30/1965,891.981
8/31/1965,829.684
9/1/1965,744.733
9/2/1965,722.08
9/3/1965,696.594
9/4/1965,656.951
9/5/1965,639.961
9/6/1965,608.812
9/7/1965,603.149
9/8/1965,631.466
9/9/1965,611.644
9/10/1965,597.485
9/11/1965,580.495
9/12/1965,597.485
9/13/1965,753.228
9/14/1965,645.624
9/15/1965,716.416
9/16/1965,710.753
9/17/1965,747.565
9/18/1965,724.911
9/19/1965,668.278
9/20/1965,716.416
9/21/1965,767.387
9/22/1965,818.357
9/23/1965,815.525
9/24/1965,778.713
9/25/1965,741.901
9/26/1965,719.248
9/27/1965,736.238
9/28/1965,690.931
9/29/1965,679.604
9/30/1965,682.436
10/1/1965,722.08
10/2/1965,741.901
10/3/1965,761.723
10/4/1965,784.377
10/5/1965,812.694
10/6/1965,787.208
10/7/1965,773.05
10/8/1965,778.713
10/9/1965,775.882
10/10/1965,778.713
10/11/1965,773.05
10/12/1965,761.723
10/13/1965,750.396
10/14/1965,724.911
10/15/1965,699.426
10/16/1965,676.773
10/17/1965,668.278
10/18/1965,676.773
10/19/1965,682.436
10/20/1965,690.931
10/21/1965,699.426
10/22/1965,699.426
10/23/1965,688.099
10/24/1965,676.773
10/25/1965,662.614
10/26/1965,662.614
10/27/1965,645.624
10/28/1965,648.456
10/29/1965,651.287
10/30/1965,648.456
10/31/1965,642.792
11/1/1965,634.297
11/2/1965,637.129
11/3/1965,654.119
11/4/1965,642.792
11/5/1965,628.634
11/6/1965,620.139
11/7/1965,605.981
11/8/1965,603.149
11/9/1965,574.832
11/10/1965,600.317
11/11/1965,622.971
11/12/1965,625.802
11/13/1965,597.485
11/14/1965,504.04
11/15/1965,458.733
11/16/1965,529.525
11/17/1965,495.545
11/18/1965,498.377
11/19/1965,484.218
11/20/1965,495.545
11/21/1965,498.377
11/22/1965,498.377
11/23/1965,489.881
11/24/1965,495.545
11/25/1965,498.377
11/26/1965,478.555
11/27/1965,427.584
11/28/1965,280.337
11/29/1965,266.178
11/30/1965,365.287
12/1/1965,421.921
12/2/1965,495.545
12/3/1965,597.485
12/4/1965,668.278
12/5/1965,719.248
12/6/1965,784.377
12/7/1965,727.743
12/8/1965,654.119
12/9/1965,620.139
12/10/1965,603.149
12/11/1965,580.495
12/12/1965,577.664
12/13/1965,572
12/14/1965,546.515
12/15/1965,489.881
12/16/1965,492.713
12/17/1965,478.555
12/18/1965,419.089
12/19/1965,365.287
12/20/1965,345.466
12/21/1965,362.456
12/22/1965,376.614
12/23/1965,379.446
12/24/1965,390.772
12/25/1965,373.782
12/26/1965,317.149
12/27/1965,266.178
12/28/1965,220.871
12/29/1965,181.228
12/30/1965,181.228
12/31/1965,195.386
1/1/1966,240.693
1/2/1966,263.347
1/3/1966,277.505
1/4/1966,302.99
1/5/1966,342.634
1/6/1966,362.456
1/7/1966,376.614
1/8/1966,385.109
1/9/1966,396.436
1/10/1966,368.119
1/11/1966,359.624
1/12/1966,348.297
1/13/1966,376.614
1/14/1966,410.594
1/15/1966,481.386
1/16/1966,538.02
1/17/1966,532.357
1/18/1966,515.367
1/19/1966,504.04
1/20/1966,501.208
1/21/1966,498.377
1/22/1966,501.208
1/23/1966,501.208
1/24/1966,472.891
1/25/1966,416.258
1/26/1966,368.119
1/27/1966,345.466
1/28/1966,331.307
1/29/1966,339.802
1/30/1966,396.436
1/31/1966,438.911
2/1/1966,481.386
2/2/1966,498.377
2/3/1966,472.891
2/4/1966,470.06
2/5/1966,472.891
2/6/1966,470.06
2/7/1966,475.723
2/8/1966,455.901
2/9/1966,484.218
2/10/1966,498.377
2/11/1966,557.842
2/12/1966,586.159
2/13/1966,577.664
2/14/1966,605.981
2/15/1966,538.02
2/16/1966,552.179
2/17/1966,515.367
2/18/1966,504.04
2/19/1966,467.228
2/20/1966,444.574
2/21/1966,396.436
2/22/1966,404.931
2/23/1966,407.763
2/24/1966,399.268
2/25/1966,410.594
2/26/1966,424.753
2/27/1966,430.416
2/28/1966,495.545
3/1/1966,521.03
3/2/1966,529.525
3/3/1966,538.02
3/4/1966,549.347
3/5/1966,515.367
3/6/1966,532.357
3/7/1966,495.545
3/8/1966,506.872
3/9/1966,467.228
3/10/1966,492.713
3/11/1966,512.535
3/12/1966,753.228
3/13/1966,920.298
3/14/1966,940.119
3/15/1966,1285.585
3/16/1966,942.951
3/17/1966,1169.486
3/18/1966,957.109
3/19/1966,855.169
3/20/1966,841.01
3/21/1966,807.03
3/22/1966,792.872
3/23/1966,761.723
3/24/1966,761.723
3/25/1966,758.891
3/26/1966,741.901
3/27/1966,702.258
3/28/1966,790.04
3/29/1966,841.01
3/30/1966,1064.713
3/31/1966,1401.684
4/1/1966,874.991
4/2/1966,841.01
4/3/1966,792.872
4/4/1966,659.783
4/5/1966,588.99
4/6/1966,637.129
4/7/1966,654.119
4/8/1966,577.664
4/9/1966,580.495
4/10/1966,634.297
4/11/1966,628.634
4/12/1966,727.743
4/13/1966,940.119
4/14/1966,659.783
4/15/1966,628.634
4/16/1966,696.594
4/17/1966,504.04
4/18/1966,487.05
4/19/1966,498.377
4/20/1966,515.367
4/21/1966,475.723
4/22/1966,478.555
4/23/1966,478.555
4/24/1966,512.535
4/25/1966,478.555
4/26/1966,583.327
4/27/1966,625.802
4/28/1966,628.634
4/29/1966,628.634
4/30/1966,583.327
5/1/1966,572
5/2/1966,549.347
5/3/1966,569.169
5/4/1966,620.139
5/5/1966,614.476
5/6/1966,642.792
5/7/1966,631.466
5/8/1966,637.129
5/9/1966,637.129
5/10/1966,685.268
5/11/1966,790.04
5/12/1966,889.149
5/13/1966,1013.743
5/14/1966,1090.199
5/15/1966,1158.159
5/16/1966,1101.525
5/17/1966,877.822
5/18/1966,872.159
5/19/1966,863.664
5/20/1966,736.238
5/21/1966,747.565
5/22/1966,730.575
5/23/1966,724.911
5/24/1966,702.258
5/25/1966,730.575
5/26/1966,716.416
5/27/1966,832.515
5/28/1966,838.179
5/29/1966,818.357
5/30/1966,775.882
5/31/1966,818.357
6/1/1966,928.793
6/2/1966,1039.228
6/3/1966,1110.02
6/4/1966,1265.763
6/5/1966,1251.605
6/6/1966,1254.436
6/7/1966,1177.981
6/8/1966,1047.723
6/9/1966,934.456
6/10/1966,832.515
6/11/1966,968.436
6/12/1966,835.347
6/13/1966,770.218
6/14/1966,784.377
6/15/1966,843.842
6/16/1966,841.01
6/17/1966,767.387
6/18/1966,713.585
6/19/1966,656.951
6/20/1966,631.466
6/21/1966,605.981
6/22/1966,781.545
6/23/1966,849.505
6/24/1966,1209.129
6/25/1966,1095.862
6/26/1966,965.604
6/27/1966,889.149
6/28/1966,767.387
6/29/1966,778.713
6/30/1966,747.565
7/1/1966,829.684
7/2/1966,886.317
7/3/1966,923.129
7/4/1966,860.832
7/5/1966,838.179
7/6/1966,770.218
7/7/1966,804.198
7/8/1966,860.832
7/9/1966,764.555
7/10/1966,676.773
7/11/1966,620.139
7/12/1966,580.495
7/13/1966,509.703
7/14/1966,504.04
7/15/1966,458.733
7/16/1966,521.03
7/17/1966,515.367
7/18/1966,489.881
7/19/1966,450.238
7/20/1966,430.416
7/21/1966,424.753
7/22/1966,402.099
7/23/1966,376.614
7/24/1966,325.644
7/25/1966,379.446
7/26/1966,359.624
7/27/1966,351.129
7/28/1966,339.802
7/29/1966,345.466
7/30/1966,336.97
7/31/1966,370.951
8/1/1966,314.317
8/2/1966,294.495
8/3/1966,266.178
8/4/1966,274.673
8/5/1966,269.01
8/6/1966,237.862
8/7/1966,237.862
8/8/1966,243.525
8/9/1966,235.03
8/10/1966,240.693
8/11/1966,308.654
8/12/1966,271.842
8/13/1966,271.842
8/14/1966,249.188
8/15/1966,237.862
8/16/1966,215.208
8/17/1966,203.881
8/18/1966,212.376
8/19/1966,218.04
8/20/1966,218.04
8/21/1966,563.505
8/22/1966,453.07
8/23/1966,404.931
8/24/1966,356.792
8/25/1966,322.812
8/26/1966,302.99
8/27/1966,263.347
8/28/1966,269.01
8/29/1966,266.178
8/30/1966,271.842
8/31/1966,311.485
9/1/1966,322.812
9/2/1966,317.149
9/3/1966,302.99
9/4/1966,280.337
9/5/1966,257.683
9/6/1966,263.347
9/7/1966,254.852
9/8/1966,257.683
9/9/1966,252.02
9/10/1966,235.03
9/11/1966,226.535
9/12/1966,235.03
9/13/1966,249.188
9/14/1966,249.188
9/15/1966,229.366
9/16/1966,240.693
9/17/1966,243.525
9/18/1966,249.188
9/19/1966,249.188
9/20/1966,274.673
9/21/1966,266.178
9/22/1966,277.505
9/23/1966,274.673
9/24/1966,274.673
9/25/1966,266.178
9/26/1966,280.337
9/27/1966,280.337
9/28/1966,277.505
9/29/1966,274.673
9/30/1966,269.01
10/1/1966,260.515
10/2/1966,252.02
10/3/1966,254.852
10/4/1966,271.842
10/5/1966,269.01
10/6/1966,277.505
10/7/1966,271.842
10/8/1966,286
10/9/1966,291.664
10/10/1966,288.832
10/11/1966,294.495
10/12/1966,280.337
10/13/1966,274.673
10/14/1966,249.188
10/15/1966,246.357
10/16/1966,271.842
10/17/1966,260.515
10/18/1966,243.525
10/19/1966,246.357
10/20/1966,249.188
10/21/1966,235.03
10/22/1966,229.366
10/23/1966,226.535
10/24/1966,218.04
10/25/1966,229.366
10/26/1966,215.208
10/27/1966,220.871
10/28/1966,209.545
10/29/1966,220.871
10/30/1966,215.208
10/31/1966,218.04
11/1/1966,198.218
11/2/1966,195.386
11/3/1966,206.713
11/4/1966,206.713
11/5/1966,252.02
11/6/1966,252.02
11/7/1966,254.852
11/8/1966,280.337
11/9/1966,269.01
11/10/1966,240.693
11/11/1966,249.188
11/12/1966,243.525
11/13/1966,218.04
11/14/1966,215.208
11/15/1966,220.871
11/16/1966,246.357
11/17/1966,302.99
11/18/1966,393.604
11/19/1966,438.911
11/20/1966,461.565
11/21/1966,484.218
11/22/1966,515.367
11/23/1966,512.535
11/24/1966,498.377
11/25/1966,489.881
11/26/1966,504.04
11/27/1966,478.555
11/28/1966,475.723
11/29/1966,447.406
11/30/1966,433.248
12/1/1966,319.98
12/2/1966,212.376
12/3/1966,212.376
12/4/1966,206.713
12/5/1966,186.891
12/6/1966,184.06
12/7/1966,158.574
12/8/1966,178.396
12/9/1966,226.535
12/10/1966,297.327
12/11/1966,339.802
12/12/1966,376.614
12/13/1966,342.634
12/14/1966,283.168
12/15/1966,368.119
12/16/1966,393.604
12/17/1966,402.099
12/18/1966,436.079
12/19/1966,470.06
12/20/1966,521.03
12/21/1966,549.347
12/22/1966,574.832
12/23/1966,574.832
12/24/1966,532.357
12/25/1966,532.357
12/26/1966,529.525
12/27/1966,526.693
12/28/1966,523.862
12/29/1966,484.218
12/30/1966,461.565
12/31/1966,447.406
1/1/1967,430.416
1/2/1967,424.753
1/3/1967,441.743
1/4/1967,453.07
1/5/1967,478.555
1/6/1967,475.723
1/7/1967,472.891
1/8/1967,478.555
1/9/1967,498.377
1/10/1967,376.614
1/11/1967,348.297
1/12/1967,334.139
1/13/1967,334.139
1/14/1967,311.485
1/15/1967,334.139
1/16/1967,348.297
1/17/1967,385.109
1/18/1967,402.099
1/19/1967,427.584
1/20/1967,430.416
1/21/1967,436.079
1/22/1967,438.911
1/23/1967,424.753
1/24/1967,427.584
1/25/1967,419.089
1/26/1967,402.099
1/27/1967,379.446
1/28/1967,356.792
1/29/1967,317.149
1/30/1967,368.119
1/31/1967,407.763
2/1/1967,419.089
2/2/1967,424.753
2/3/1967,470.06
2/4/1967,538.02
2/5/1967,529.525
2/6/1967,569.169
2/7/1967,574.832
2/8/1967,577.664
2/9/1967,555.01
2/10/1967,521.03
2/11/1967,518.198
2/12/1967,501.208
2/13/1967,498.377
2/14/1967,501.208
2/15/1967,484.218
2/16/1967,478.555
2/17/1967,487.05
2/18/1967,481.386
2/19/1967,489.881
2/20/1967,478.555
2/21/1967,464.396
2/22/1967,455.901
2/23/1967,461.565
2/24/1967,455.901
2/25/1967,453.07
2/26/1967,436.079
2/27/1967,427.584
2/28/1967,436.079
3/1/1967,529.525
3/2/1967,651.287
3/3/1967,903.307
3/4/1967,991.09
3/5/1967,985.426
3/6/1967,976.931
3/7/1967,858
3/8/1967,798.535
3/9/1967,733.406
3/10/1967,634.297
3/11/1967,586.159
3/12/1967,597.485
3/13/1967,645.624
3/14/1967,671.109
3/15/1967,682.436
3/16/1967,637.129
3/17/1967,594.654
3/18/1967,555.01
3/19/1967,529.525
3/20/1967,433.248
3/21/1967,467.228
3/22/1967,682.436
3/23/1967,1257.268
3/24/1967,1639.545
3/25/1967,1489.466
3/26/1967,1435.664
3/27/1967,1189.308
3/28/1967,1056.218
3/29/1967,1152.496
3/30/1967,1042.06
3/31/1967,795.703
4/1/1967,787.208
4/2/1967,676.773
4/3/1967,656.951
4/4/1967,750.396
4/5/1967,951.446
4/6/1967,928.793
4/7/1967,894.812
4/8/1967,880.654
4/9/1967,874.991
4/10/1967,1047.723
4/11/1967,1087.367
4/12/1967,1101.525
4/13/1967,1115.684
4/14/1967,1098.694
4/15/1967,1061.882
4/16/1967,1039.228
4/17/1967,959.941
4/18/1967,897.644
4/19/1967,886.317
4/20/1967,1030.733
4/21/1967,1098.694
4/22/1967,764.555
4/23/1967,710.753
4/24/1967,654.119
4/25/1967,654.119
4/26/1967,656.951
4/27/1967,631.466
4/28/1967,642.792
4/29/1967,676.773
4/30/1967,733.406
5/1/1967,747.565
5/2/1967,784.377
5/3/1967,775.882
5/4/1967,671.109
5/5/1967,645.624
5/6/1967,605.981
5/7/1967,572
5/8/1967,574.832
5/9/1967,707.921
5/10/1967,846.674
5/11/1967,1005.248
5/12/1967,1175.149
5/13/1967,1223.288
5/14/1967,1285.585
5/15/1967,1336.555
5/16/1967,1265.763
5/17/1967,1237.446
5/18/1967,996.753
5/19/1967,917.466
5/20/1967,733.406
5/21/1967,790.04
5/22/1967,880.654
5/23/1967,965.604
5/24/1967,1093.03
5/25/1967,993.921
5/26/1967,965.604
5/27/1967,954.278
5/28/1967,1013.743
5/29/1967,1129.842
5/30/1967,1313.902
5/31/1967,1401.684
6/1/1967,1455.486
6/2/1967,1529.11
6/3/1967,1599.902
6/4/1967,1656.536
6/5/1967,1614.06
6/6/1967,1585.743
6/7/1967,1628.219
6/8/1967,1769.803
6/9/1967,1840.595
6/10/1967,1868.912
6/11/1967,1911.387
6/12/1967,1982.179
6/13/1967,1996.338
6/14/1967,2010.496
6/15/1967,2035.981
6/16/1967,2038.813
6/17/1967,2095.447
6/18/1967,2265.348
6/19/1967,2350.298
6/20/1967,2378.615
6/21/1967,2661.784
6/22/1967,2775.051
6/23/1967,2520.199
6/24/1967,2463.566
6/25/1967,2378.615
6/26/1967,2350.298
6/27/1967,2421.09
6/28/1967,2491.883
6/29/1967,2506.041
6/30/1967,2316.318
7/1/1967,2089.783
7/2/1967,2089.783
7/3/1967,2171.902
7/4/1967,2288.001
7/5/1967,2361.625
7/6/1967,2418.259
7/7/1967,2435.249
7/8/1967,2316.318
7/9/1967,2177.566
7/10/1967,2101.11
7/11/1967,2030.318
7/12/1967,1908.555
7/13/1967,1888.734
7/14/1967,1840.595
7/15/1967,1798.12
7/16/1967,1766.971
7/17/1967,1727.328
7/18/1967,1633.882
7/19/1967,1591.407
7/20/1967,1557.427
7/21/1967,1506.456
7/22/1967,1322.397
7/23/1967,1257.268
7/24/1967,1203.466
7/25/1967,1169.486
7/26/1967,1129.842
7/27/1967,1110.02
7/28/1967,1098.694
7/29/1967,1044.892
7/30/1967,985.426
7/31/1967,982.595
8/1/1967,982.595
8/2/1967,923.129
8/3/1967,852.337
8/4/1967,781.545
8/5/1967,710.753
8/6/1967,705.089
8/7/1967,707.921
8/8/1967,682.436
8/9/1967,682.436
8/10/1967,679.604
8/11/1967,676.773
8/12/1967,665.446
8/13/1967,656.951
8/14/1967,654.119
8/15/1967,665.446
8/16/1967,645.624
8/17/1967,603.149
8/18/1967,543.683
8/19/1967,532.357
8/20/1967,501.208
8/21/1967,495.545
8/22/1967,472.891
8/23/1967,450.238
8/24/1967,419.089
8/25/1967,424.753
8/26/1967,421.921
8/27/1967,427.584
8/28/1967,416.258
8/29/1967,419.089
8/30/1967,433.248
8/31/1967,424.753
9/1/1967,436.079
9/2/1967,438.911
9/3/1967,433.248
9/4/1967,436.079
9/5/1967,436.079
9/6/1967,447.406
9/7/1967,458.733
9/8/1967,453.07
9/9/1967,455.901
9/10/1967,478.555
9/11/1967,484.218
9/12/1967,679.604
9/13/1967,722.08
9/14/1967,727.743
9/15/1967,673.941
9/16/1967,656.951
9/17/1967,648.456
9/18/1967,659.783
9/19/1967,722.08
9/20/1967,733.406
9/21/1967,710.753
9/22/1967,676.773
9/23/1967,631.466
9/24/1967,600.317
9/25/1967,605.981
9/26/1967,569.169
9/27/1967,540.852
9/28/1967,512.535
9/29/1967,515.367
9/30/1967,504.04
10/1/1967,506.872
10/2/1967,487.05
10/3/1967,484.218
10/4/1967,484.218
10/5/1967,504.04
10/6/1967,535.188
10/7/1967,549.347
10/8/1967,563.505
10/9/1967,591.822
10/10/1967,603.149
10/11/1967,628.634
10/12/1967,634.297
10/13/1967,662.614
10/14/1967,671.109
10/15/1967,631.466
10/16/1967,617.307
10/17/1967,597.485
10/18/1967,572
10/19/1967,560.674
10/20/1967,552.179
10/21/1967,526.693
10/22/1967,529.525
10/23/1967,518.198
10/24/1967,523.862
10/25/1967,521.03
10/26/1967,521.03
10/27/1967,518.198
10/28/1967,509.703
10/29/1967,518.198
10/30/1967,526.693
10/31/1967,546.515
11/1/1967,526.693
11/2/1967,521.03
11/3/1967,489.881
11/4/1967,492.713
11/5/1967,506.872
11/6/1967,495.545
11/7/1967,501.208
11/8/1967,495.545
11/9/1967,512.535
11/10/1967,506.872
11/11/1967,504.04
11/12/1967,515.367
11/13/1967,515.367
11/14/1967,515.367
11/15/1967,523.862
11/16/1967,546.515
11/17/1967,594.654
11/18/1967,625.802
11/19/1967,648.456
11/20/1967,671.109
11/21/1967,659.783
11/22/1967,651.287
11/23/1967,654.119
11/24/1967,665.446
11/25/1967,645.624
11/26/1967,603.149
11/27/1967,560.674
11/28/1967,506.872
11/29/1967,444.574
11/30/1967,407.763
12/1/1967,314.317
12/2/1967,288.832
12/3/1967,317.149
12/4/1967,370.951
12/5/1967,404.931
12/6/1967,438.911
12/7/1967,458.733
12/8/1967,509.703
12/9/1967,526.693
12/10/1967,552.179
12/11/1967,583.327
12/12/1967,614.476
12/13/1967,611.644
12/14/1967,586.159
12/15/1967,461.565
12/16/1967,402.099
12/17/1967,370.951
12/18/1967,339.802
12/19/1967,317.149
12/20/1967,288.832
12/21/1967,243.525
12/22/1967,226.535
12/23/1967,201.05
12/24/1967,195.386
12/25/1967,198.218
12/26/1967,229.366
12/27/1967,266.178
12/28/1967,334.139
12/29/1967,407.763
12/30/1967,495.545
12/31/1967,529.525
1/1/1968,535.188
1/2/1968,540.852
1/3/1968,515.367
1/4/1968,501.208
1/5/1968,492.713
1/6/1968,470.06
1/7/1968,444.574
1/8/1968,464.396
1/9/1968,461.565
1/10/1968,475.723
1/11/1968,518.198
1/12/1968,521.03
1/13/1968,484.218
1/14/1968,461.565
1/15/1968,472.891
1/16/1968,523.862
1/17/1968,566.337
1/18/1968,563.505
1/19/1968,569.169
1/20/1968,577.664
1/21/1968,591.822
1/22/1968,603.149
1/23/1968,620.139
1/24/1968,625.802
1/25/1968,665.446
1/26/1968,676.773
1/27/1968,688.099
1/28/1968,736.238
1/29/1968,727.743
1/30/1968,696.594
1/31/1968,671.109
2/1/1968,608.812
2/2/1968,555.01
2/3/1968,529.525
2/4/1968,512.535
2/5/1968,481.386
2/6/1968,506.872
2/7/1968,543.683
2/8/1968,557.842
2/9/1968,597.485
2/10/1968,628.634
2/11/1968,659.783
2/12/1968,651.287
2/13/1968,634.297
2/14/1968,625.802
2/15/1968,594.654
2/16/1968,569.169
2/17/1968,569.169
2/18/1968,566.337
2/19/1968,540.852
2/20/1968,506.872
2/21/1968,475.723
2/22/1968,478.555
2/23/1968,521.03
2/24/1968,614.476
2/25/1968,671.109
2/26/1968,693.763
2/27/1968,696.594
2/28/1968,716.416
2/29/1968,928.793
3/1/1968,968.436
3/2/1968,1030.733
3/3/1968,1124.179
3/4/1968,1206.298
3/5/1968,1217.624
3/6/1968,1177.981
3/7/1968,1172.317
3/8/1968,1183.644
3/9/1968,1177.981
3/10/1968,1129.842
3/11/1968,991.09
3/12/1968,931.624
3/13/1968,903.307
3/14/1968,900.476
3/15/1968,900.476
3/16/1968,903.307
3/17/1968,891.981
3/18/1968,894.812
3/19/1968,897.644
3/20/1968,872.159
3/21/1968,790.04
3/22/1968,775.882
3/23/1968,773.05
3/24/1968,795.703
3/25/1968,841.01
3/26/1968,886.317
3/27/1968,880.654
3/28/1968,852.337
3/29/1968,767.387
3/30/1968,665.446
3/31/1968,634.297
4/1/1968,620.139
4/2/1968,597.485
4/3/1968,594.654
4/4/1968,591.822
4/5/1968,583.327
4/6/1968,572
4/7/1968,560.674
4/8/1968,549.347
4/9/1968,549.347
4/10/1968,549.347
4/11/1968,512.535
4/12/1968,492.713
4/13/1968,481.386
4/14/1968,467.228
4/15/1968,458.733
4/16/1968,458.733
4/17/1968,447.406
4/18/1968,444.574
4/19/1968,458.733
4/20/1968,441.743
4/21/1968,441.743
4/22/1968,441.743
4/23/1968,430.416
4/24/1968,430.416
4/25/1968,427.584
4/26/1968,433.248
4/27/1968,416.258
4/28/1968,421.921
4/29/1968,421.921
4/30/1968,416.258
5/1/1968,416.258
5/2/1968,413.426
5/3/1968,416.258
5/4/1968,396.436
5/5/1968,410.594
5/6/1968,430.416
5/7/1968,467.228
5/8/1968,478.555
5/9/1968,475.723
5/10/1968,467.228
5/11/1968,475.723
5/12/1968,481.386
5/13/1968,492.713
5/14/1968,504.04
5/15/1968,515.367
5/16/1968,521.03
5/17/1968,552.179
5/18/1968,552.179
5/19/1968,555.01
5/20/1968,600.317
5/21/1968,645.624
5/22/1968,600.317
5/23/1968,577.664
5/24/1968,583.327
5/25/1968,574.832
5/26/1968,577.664
5/27/1968,597.485
5/28/1968,580.495
5/29/1968,614.476
5/30/1968,656.951
5/31/1968,685.268
6/1/1968,673.941
6/2/1968,665.446
6/3/1968,673.941
6/4/1968,673.941
6/5/1968,962.773
6/6/1968,1132.674
6/7/1968,1415.842
6/8/1968,1699.011
6/9/1968,1897.229
6/10/1968,2067.13
6/11/1968,1783.961
6/12/1968,2152.08
6/13/1968,1982.179
6/14/1968,2123.763
6/15/1968,2293.665
6/16/1968,2038.813
6/17/1968,1925.546
6/18/1968,1897.229
6/19/1968,1783.961
6/20/1968,1585.743
6/21/1968,1472.476
6/22/1968,1415.842
6/23/1968,1444.159
6/24/1968,1614.06
6/25/1968,1982.179
6/26/1968,2123.763
6/27/1968,2180.397
6/28/1968,1840.595
6/29/1968,1557.427
6/30/1968,1529.11
7/1/1968,1415.842
7/2/1968,1359.209
7/3/1968,1311.07
7/4/1968,1285.585
7/5/1968,1254.436
7/6/1968,1223.288
7/7/1968,1192.139
7/8/1968,1169.486
7/9/1968,1104.357
7/10/1968,1104.357
7/11/1968,1118.515
7/12/1968,1095.862
7/13/1968,1050.555
7/14/1968,1059.05
7/15/1968,1053.387
7/16/1968,1141.169
7/17/1968,1149.664
7/18/1968,1129.842
7/19/1968,1084.535
7/20/1968,1067.545
7/21/1968,1022.238
7/22/1968,1005.248
7/23/1968,951.446
7/24/1968,849.505
7/25/1968,790.04
7/26/1968,753.228
7/27/1968,724.911
7/28/1968,631.466
7/29/1968,586.159
7/30/1968,591.822
7/31/1968,622.971
8/1/1968,665.446
8/2/1968,654.119
8/3/1968,639.961
8/4/1968,639.961
8/5/1968,600.317
8/6/1968,620.139
8/7/1968,716.416
8/8/1968,651.287
8/9/1968,637.129
8/10/1968,617.307
8/11/1968,603.149
8/12/1968,586.159
8/13/1968,529.525
8/14/1968,515.367
8/15/1968,538.02
8/16/1968,535.188
8/17/1968,515.367
8/18/1968,515.367
8/19/1968,523.862
8/20/1968,560.674
8/21/1968,569.169
8/22/1968,574.832
8/23/1968,880.654
8/24/1968,1132.674
8/25/1968,1265.763
8/26/1968,1330.892
8/27/1968,1279.921
8/28/1968,1112.852
8/29/1968,957.109
8/30/1968,826.852
8/31/1968,753.228
9/1/1968,716.416
9/2/1968,841.01
9/3/1968,795.703
9/4/1968,773.05
9/5/1968,764.555
9/6/1968,758.891
9/7/1968,750.396
9/8/1968,688.099
9/9/1968,651.287
9/10/1968,566.337
9/11/1968,566.337
9/12/1968,572
9/13/1968,577.664
9/14/1968,583.327
9/15/1968,625.802
9/16/1968,722.08
9/17/1968,671.109
9/18/1968,690.931
9/19/1968,685.268
9/20/1968,719.248
9/21/1968,739.07
9/22/1968,773.05
9/23/1968,756.06
9/24/1968,679.604
9/25/1968,642.792
9/26/1968,614.476
9/27/1968,583.327
9/28/1968,591.822
9/29/1968,591.822
9/30/1968,569.169
10/1/1968,560.674
10/2/1968,580.495
10/3/1968,588.99
10/4/1968,588.99
10/5/1968,586.159
10/6/1968,580.495
10/7/1968,583.327
10/8/1968,586.159
10/9/1968,586.159
10/10/1968,597.485
10/11/1968,591.822
10/12/1968,594.654
10/13/1968,597.485
10/14/1968,614.476
10/15/1968,608.812
10/16/1968,611.644
10/17/1968,605.981
10/18/1968,611.644
10/19/1968,614.476
10/20/1968,614.476
10/21/1968,614.476
10/22/1968,611.644
10/23/1968,611.644
10/24/1968,614.476
10/25/1968,614.476
10/26/1968,605.981
10/27/1968,605.981
10/28/1968,608.812
10/29/1968,605.981
10/30/1968,600.317
10/31/1968,603.149
11/1/1968,588.99
11/2/1968,591.822
11/3/1968,586.159
11/4/1968,594.654
11/5/1968,597.485
11/6/1968,591.822
11/7/1968,605.981
11/8/1968,600.317
11/9/1968,617.307
11/10/1968,642.792
11/11/1968,690.931
11/12/1968,705.089
11/13/1968,705.089
11/14/1968,676.773
11/15/1968,662.614
11/16/1968,673.941
11/17/1968,676.773
11/18/1968,682.436
11/19/1968,662.614
11/20/1968,668.278
11/21/1968,665.446
11/22/1968,622.971
11/23/1968,574.832
11/24/1968,552.179
11/25/1968,535.188
11/26/1968,509.703
11/27/1968,495.545
11/28/1968,478.555
11/29/1968,455.901
11/30/1968,427.584
12/1/1968,436.079
12/2/1968,433.248
12/3/1968,433.248
12/4/1968,427.584
12/5/1968,438.911
12/6/1968,436.079
12/7/1968,438.911
12/8/1968,424.753
12/9/1968,416.258
12/10/1968,416.258
12/11/1968,427.584
12/12/1968,447.406
12/13/1968,433.248
12/14/1968,416.258
12/15/1968,373.782
12/16/1968,319.98
12/17/1968,322.812
12/18/1968,325.644
12/19/1968,368.119
12/20/1968,467.228
12/21/1968,464.396
12/22/1968,467.228
12/23/1968,470.06
12/24/1968,464.396
12/25/1968,453.07
12/26/1968,430.416
12/27/1968,407.763
12/28/1968,356.792
12/29/1968,308.654
12/30/1968,277.505
12/31/1968,291.664
1/1/1969,291.664
1/2/1969,305.822
1/3/1969,328.475
1/4/1969,334.139
1/5/1969,365.287
1/6/1969,379.446
1/7/1969,444.574
1/8/1969,461.565
1/9/1969,489.881
1/10/1969,506.872
1/11/1969,560.674
1/12/1969,577.664
1/13/1969,634.297
1/14/1969,631.466
1/15/1969,600.317
1/16/1969,583.327
1/17/1969,555.01
1/18/1969,555.01
1/19/1969,549.347
1/20/1969,560.674
1/21/1969,557.842
1/22/1969,566.337
1/23/1969,580.495
1/24/1969,583.327
1/25/1969,555.01
1/26/1969,526.693
1/27/1969,529.525
1/28/1969,504.04
1/29/1969,487.05
1/30/1969,492.713
1/31/1969,481.386
2/1/1969,478.555
2/2/1969,489.881
2/3/1969,487.05
2/4/1969,481.386
2/5/1969,512.535
2/6/1969,540.852
2/7/1969,543.683
2/8/1969,546.515
2/9/1969,546.515
2/10/1969,543.683
2/11/1969,543.683
2/12/1969,538.02
2/13/1969,538.02
2/14/1969,532.357
2/15/1969,540.852
2/16/1969,543.683
2/17/1969,552.179
2/18/1969,560.674
2/19/1969,555.01
2/20/1969,600.317
2/21/1969,637.129
2/22/1969,671.109
2/23/1969,693.763
2/24/1969,682.436
2/25/1969,688.099
2/26/1969,710.753
2/27/1969,659.783
2/28/1969,642.792
3/1/1969,605.981
3/2/1969,600.317
3/3/1969,617.307
3/4/1969,586.159
3/5/1969,603.149
3/6/1969,600.317
3/7/1969,594.654
3/8/1969,594.654
3/9/1969,611.644
3/10/1969,625.802
3/11/1969,639.961
3/12/1969,651.287
3/13/1969,645.624
3/14/1969,639.961
3/15/1969,634.297
3/16/1969,631.466
3/17/1969,634.297
3/18/1969,631.466
3/19/1969,642.792
3/20/1969,639.961
3/21/1969,889.149
3/22/1969,2126.595
3/23/1969,2967.606
3/24/1969,3290.418
3/25/1969,2551.348
3/26/1969,2118.1
3/27/1969,1721.664
3/28/1969,1350.714
3/29/1969,1084.535
3/30/1969,1078.872
3/31/1969,1118.515
4/1/1969,1237.446
4/2/1969,1373.367
4/3/1969,1500.793
4/4/1969,1670.694
4/5/1969,1783.961
4/6/1969,2067.13
4/7/1969,2265.348
4/8/1969,2378.615
4/9/1969,2152.08
4/10/1969,1529.11
4/11/1969,1330.892
4/12/1969,1203.466
4/13/1969,1076.04
4/14/1969,991.09
4/15/1969,962.773
4/16/1969,934.456
4/17/1969,951.446
4/18/1969,999.585
4/19/1969,968.436
4/20/1969,917.466
4/21/1969,925.961
4/22/1969,894.812
4/23/1969,860.832
4/24/1969,849.505
4/25/1969,835.347
4/26/1969,979.763
4/27/1969,1039.228
4/28/1969,951.446
4/29/1969,1262.931
4/30/1969,1160.991
5/1/1969,1172.317
5/2/1969,1078.872
5/3/1969,1073.208
5/4/1969,1294.08
5/5/1969,1262.931
5/6/1969,1039.228
5/7/1969,1022.238
5/8/1969,934.456
5/9/1969,940.119
5/10/1969,940.119
5/11/1969,945.783
5/12/1969,979.763
5/13/1969,996.753
5/14/1969,1019.406
5/15/1969,991.09
5/16/1969,971.268
5/17/1969,991.09
5/18/1969,1044.892
5/19/1969,1141.169
5/20/1969,991.09
5/21/1969,940.119
5/22/1969,942.951
5/23/1969,886.317
5/24/1969,923.129
5/25/1969,937.288
5/26/1969,1013.743
5/27/1969,1044.892
5/28/1969,942.951
5/29/1969,979.763
5/30/1969,1010.911
5/31/1969,1042.06
6/1/1969,1104.357
6/2/1969,1260.1
6/3/1969,1228.951
6/4/1969,1203.466
6/5/1969,1118.515
6/6/1969,1090.199
6/7/1969,1005.248
6/8/1969,1010.911
6/9/1969,1016.575
6/10/1969,1073.208
6/11/1969,1078.872
6/12/1969,1118.515
6/13/1969,1118.515
6/14/1969,1124.179
6/15/1969,1158.159
6/16/1969,1155.327
6/17/1969,1073.208
6/18/1969,917.466
6/19/1969,826.852
6/20/1969,727.743
6/21/1969,696.594
6/22/1969,784.377
6/23/1969,914.634
6/24/1969,1010.911
6/25/1969,1529.11
6/26/1969,2010.496
6/27/1969,1081.704
6/28/1969,1500.793
6/29/1969,1783.961
6/30/1969,2038.813
7/1/1969,1897.229
7/2/1969,1415.842
7/3/1969,1359.209
7/4/1969,1217.624
7/5/1969,1160.991
7/6/1969,1189.308
7/7/1969,1982.179
7/8/1969,2265.348
7/9/1969,1868.912
7/10/1969,1217.624
7/11/1969,1245.941
7/12/1969,1260.1
7/13/1969,1302.575
7/14/1969,1330.892
7/15/1969,1076.04
7/16/1969,1132.674
7/17/1969,1217.624
7/18/1969,1316.733
7/19/1969,1104.357
7/20/1969,1002.416
7/21/1969,1059.05
7/22/1969,1359.209
7/23/1969,1415.842
7/24/1969,940.119
7/25/1969,1008.08
7/26/1969,1022.238
7/27/1969,906.139
7/28/1969,843.842
7/29/1969,781.545
7/30/1969,784.377
7/31/1969,778.713
8/1/1969,798.535
8/2/1969,790.04
8/3/1969,790.04
8/4/1969,722.08
8/5/1969,724.911
8/6/1969,688.099
8/7/1969,651.287
8/8/1969,603.149
8/9/1969,611.644
8/10/1969,603.149
8/11/1969,569.169
8/12/1969,614.476
8/13/1969,634.297
8/14/1969,594.654
8/15/1969,600.317
8/16/1969,580.495
8/17/1969,580.495
8/18/1969,600.317
8/19/1969,569.169
8/20/1969,580.495
8/21/1969,555.01
8/22/1969,535.188
8/23/1969,521.03
8/24/1969,501.208
8/25/1969,467.228
8/26/1969,464.396
8/27/1969,455.901
8/28/1969,472.891
8/29/1969,506.872
8/30/1969,487.05
8/31/1969,470.06
9/1/1969,461.565
9/2/1969,455.901
9/3/1969,467.228
9/4/1969,461.565
9/5/1969,475.723
9/6/1969,467.228
9/7/1969,467.228
9/8/1969,453.07
9/9/1969,461.565
9/10/1969,472.891
9/11/1969,475.723
9/12/1969,478.555
9/13/1969,492.713
9/14/1969,489.881
9/15/1969,455.901
9/16/1969,441.743
9/17/1969,416.258
9/18/1969,407.763
9/19/1969,404.931
9/20/1969,419.089
9/21/1969,441.743
9/22/1969,441.743
9/23/1969,430.416
9/24/1969,402.099
9/25/1969,390.772
9/26/1969,382.277
9/27/1969,370.951
9/28/1969,370.951
9/29/1969,376.614
9/30/1969,495.545
10/1/1969,436.079
10/2/1969,421.921
10/3/1969,413.426
10/4/1969,410.594
10/5/1969,416.258
10/6/1969,433.248
10/7/1969,436.079
10/8/1969,450.238
10/9/1969,461.565
10/10/1969,453.07
10/11/1969,470.06
10/12/1969,455.901
10/13/1969,498.377
10/14/1969,509.703
10/15/1969,512.535
10/16/1969,492.713
10/17/1969,498.377
10/18/1969,487.05
10/19/1969,495.545
10/20/1969,481.386
10/21/1969,467.228
10/22/1969,436.079
10/23/1969,447.406
10/24/1969,433.248
10/25/1969,433.248
10/26/1969,441.743
10/27/1969,438.911
10/28/1969,444.574
10/29/1969,458.733
10/30/1969,478.555
10/31/1969,478.555
11/1/1969,487.05
11/2/1969,475.723
11/3/1969,481.386
11/4/1969,472.891
11/5/1969,526.693
11/6/1969,552.179
11/7/1969,574.832
11/8/1969,591.822
11/9/1969,634.297
11/10/1969,588.99
11/11/1969,560.674
11/12/1969,532.357
11/13/1969,509.703
11/14/1969,489.881
11/15/1969,472.891
11/16/1969,472.891
11/17/1969,464.396
11/18/1969,461.565
11/19/1969,455.901
11/20/1969,475.723
11/21/1969,495.545
11/22/1969,532.357
11/23/1969,543.683
11/24/1969,506.872
11/25/1969,501.208
11/26/1969,484.218
11/27/1969,487.05
11/28/1969,472.891
11/29/1969,433.248
11/30/1969,424.753
12/1/1969,404.931
12/2/1969,421.921
12/3/1969,424.753
12/4/1969,421.921
12/5/1969,410.594
12/6/1969,407.763
12/7/1969,416.258
12/8/1969,427.584
12/9/1969,433.248
12/10/1969,458.733
12/11/1969,413.426
12/12/1969,385.109
12/13/1969,353.961
12/14/1969,356.792
12/15/1969,365.287
12/16/1969,370.951
12/17/1969,385.109
12/18/1969,419.089
12/19/1969,455.901
12/20/1969,410.594
12/21/1969,393.604
12/22/1969,385.109
12/23/1969,385.109
12/24/1969,424.753
12/25/1969,450.238
12/26/1969,495.545
12/27/1969,472.891
12/28/1969,464.396
12/29/1969,455.901
12/30/1969,433.248
12/31/1969,379.446
1/1/1970,385.109
1/2/1970,382.277
1/3/1970,390.772
1/4/1970,413.426
1/5/1970,402.099
1/6/1970,404.931
1/7/1970,365.287
1/8/1970,322.812
1/9/1970,288.832
1/10/1970,277.505
1/11/1970,229.366
1/12/1970,274.673
1/13/1970,305.822
1/14/1970,328.475
1/15/1970,328.475
1/16/1970,334.139
1/17/1970,342.634
1/18/1970,339.802
1/19/1970,379.446
1/20/1970,407.763
1/21/1970,427.584
1/22/1970,470.06
1/23/1970,481.386
1/24/1970,472.891
1/25/1970,489.881
1/26/1970,521.03
1/27/1970,577.664
1/28/1970,642.792
1/29/1970,654.119
1/30/1970,671.109
1/31/1970,662.614
2/1/1970,642.792
2/2/1970,622.971
2/3/1970,605.981
2/4/1970,588.99
2/5/1970,572
2/6/1970,569.169
2/7/1970,572
2/8/1970,566.337
2/9/1970,617.307
2/10/1970,642.792
2/11/1970,659.783
2/12/1970,651.287
2/13/1970,665.446
2/14/1970,665.446
2/15/1970,656.951
2/16/1970,662.614
2/17/1970,659.783
2/18/1970,648.456
2/19/1970,634.297
2/20/1970,628.634
2/21/1970,622.971
2/22/1970,631.466
2/23/1970,639.961
2/24/1970,637.129
2/25/1970,631.466
2/26/1970,634.297
2/27/1970,637.129
2/28/1970,617.307
3/1/1970,614.476
3/2/1970,688.099
3/3/1970,739.07
3/4/1970,753.228
3/5/1970,716.416
3/6/1970,662.614
3/7/1970,620.139
3/8/1970,614.476
3/9/1970,617.307
3/10/1970,594.654
3/11/1970,574.832
3/12/1970,572
3/13/1970,572
3/14/1970,583.327
3/15/1970,586.159
3/16/1970,577.664
3/17/1970,560.674
3/18/1970,560.674
3/19/1970,552.179
3/20/1970,526.693
3/21/1970,492.713
3/22/1970,402.099
3/23/1970,359.624
3/24/1970,393.604
3/25/1970,419.089
3/26/1970,436.079
3/27/1970,438.911
3/28/1970,450.238
3/29/1970,461.565
3/30/1970,453.07
3/31/1970,453.07
4/1/1970,470.06
4/2/1970,464.396
4/3/1970,484.218
4/4/1970,501.208
4/5/1970,569.169
4/6/1970,586.159
4/7/1970,628.634
4/8/1970,668.278
4/9/1970,727.743
4/10/1970,770.218
4/11/1970,877.822
4/12/1970,906.139
4/13/1970,877.822
4/14/1970,801.367
4/15/1970,753.228
4/16/1970,730.575
4/17/1970,744.733
4/18/1970,753.228
4/19/1970,770.218
4/20/1970,824.02
4/21/1970,792.872
4/22/1970,758.891
4/23/1970,739.07
4/24/1970,705.089
4/25/1970,671.109
4/26/1970,719.248
4/27/1970,761.723
4/28/1970,891.981
4/29/1970,1132.674
4/30/1970,1146.832
5/1/1970,891.981
5/2/1970,724.911
5/3/1970,693.763
5/4/1970,807.03
5/5/1970,841.01
5/6/1970,863.664
5/7/1970,891.981
5/8/1970,1231.783
5/9/1970,1628.219
5/10/1970,1472.476
5/11/1970,1401.684
5/12/1970,1345.05
5/13/1970,1288.417
5/14/1970,1189.308
5/15/1970,1005.248
5/16/1970,962.773
5/17/1970,962.773
5/18/1970,948.614
5/19/1970,934.456
5/20/1970,948.614
5/21/1970,1019.406
5/22/1970,1076.04
5/23/1970,1203.466
5/24/1970,1373.367
5/25/1970,1486.634
5/26/1970,1529.11
5/27/1970,1614.06
5/28/1970,1699.011
5/29/1970,1783.961
5/30/1970,1868.912
5/31/1970,1953.862
6/1/1970,1968.021
6/2/1970,1883.07
6/3/1970,1812.278
6/4/1970,1656.536
6/5/1970,1500.793
6/6/1970,1274.258
6/7/1970,1413.011
6/8/1970,1571.585
6/9/1970,1826.437
6/10/1970,1982.179
6/11/1970,2421.09
6/12/1970,2307.823
6/13/1970,2208.714
6/14/1970,2166.239
6/15/1970,2081.288
6/16/1970,2038.813
6/17/1970,1939.704
6/18/1970,1769.803
6/19/1970,1614.06
6/20/1970,1571.585
6/21/1970,1529.11
6/22/1970,1529.11
6/23/1970,1585.743
6/24/1970,1670.694
6/25/1970,1755.644
6/26/1970,1854.753
6/27/1970,1982.179
6/28/1970,2137.922
6/29/1970,2194.556
6/30/1970,2265.348
7/1/1970,2265.348
7/2/1970,2208.714
7/3/1970,2152.08
7/4/1970,2095.447
7/5/1970,1854.753
7/6/1970,1713.169
7/7/1970,1628.219
7/8/1970,1628.219
7/9/1970,1585.743
7/10/1970,1529.11
7/11/1970,1415.842
7/12/1970,1245.941
7/13/1970,1217.624
7/14/1970,1189.308
7/15/1970,1175.149
7/16/1970,1160.991
7/17/1970,1132.674
7/18/1970,1076.04
7/19/1970,991.09
7/20/1970,934.456
7/21/1970,934.456
7/22/1970,948.614
7/23/1970,1557.427
7/24/1970,976.931
7/25/1970,877.822
7/26/1970,863.664
7/27/1970,849.505
7/28/1970,863.664
7/29/1970,906.139
7/30/1970,934.456
7/31/1970,849.505
8/1/1970,739.07
8/2/1970,730.575
8/3/1970,724.911
8/4/1970,727.743
8/5/1970,707.921
8/6/1970,707.921
8/7/1970,707.921
8/8/1970,707.921
8/9/1970,679.604
8/10/1970,665.446
8/11/1970,651.287
8/12/1970,622.971
8/13/1970,597.485
8/14/1970,594.654
8/15/1970,594.654
8/16/1970,566.337
8/17/1970,552.179
8/18/1970,538.02
8/19/1970,504.04
8/20/1970,495.545
8/21/1970,481.386
8/22/1970,467.228
8/23/1970,453.07
8/24/1970,438.911
8/25/1970,424.753
8/26/1970,424.753
8/27/1970,424.753
8/28/1970,396.436
8/29/1970,368.119
8/30/1970,368.119
8/31/1970,368.119
9/1/1970,396.436
9/2/1970,396.436
9/3/1970,396.436
9/4/1970,450.238
9/5/1970,475.723
9/6/1970,580.495
9/7/1970,637.129
9/8/1970,645.624
9/9/1970,679.604
9/10/1970,637.129
9/11/1970,566.337
9/12/1970,523.862
9/13/1970,515.367
9/14/1970,515.367
9/15/1970,509.703
9/16/1970,509.703
9/17/1970,538.02
9/18/1970,572
9/19/1970,597.485
9/20/1970,617.307
9/21/1970,611.644
9/22/1970,625.802
9/23/1970,679.604
9/24/1970,673.941
9/25/1970,637.129
9/26/1970,639.961
9/27/1970,651.287
9/28/1970,673.941
9/29/1970,665.446
9/30/1970,679.604
10/1/1970,656.951
10/2/1970,628.634
10/3/1970,614.476
10/4/1970,605.981
10/5/1970,605.981
10/6/1970,603.149
10/7/1970,577.664
10/8/1970,574.832
10/9/1970,538.02
10/10/1970,521.03
10/11/1970,464.396
10/12/1970,461.565
10/13/1970,467.228
10/14/1970,478.555
10/15/1970,538.02
10/16/1970,580.495
10/17/1970,611.644
10/18/1970,620.139
10/19/1970,614.476
10/20/1970,625.802
10/21/1970,631.466
10/22/1970,608.812
10/23/1970,597.485
10/24/1970,600.317
10/25/1970,603.149
10/26/1970,611.644
10/27/1970,622.971
10/28/1970,651.287
10/29/1970,622.971
10/30/1970,622.971
10/31/1970,622.971
11/1/1970,577.664
11/2/1970,569.169
11/3/1970,555.01
11/4/1970,546.515
11/5/1970,540.852
11/6/1970,521.03
11/7/1970,506.872
11/8/1970,512.535
11/9/1970,509.703
11/10/1970,506.872
11/11/1970,509.703
11/12/1970,504.04
11/13/1970,535.188
11/14/1970,560.674
11/15/1970,563.505
11/16/1970,566.337
11/17/1970,563.505
11/18/1970,563.505
11/19/1970,563.505
11/20/1970,563.505
11/21/1970,563.505
11/22/1970,529.525
11/23/1970,501.208
11/24/1970,487.05
11/25/1970,470.06
11/26/1970,444.574
11/27/1970,416.258
11/28/1970,390.772
11/29/1970,376.614
11/30/1970,382.277
12/1/1970,362.456
12/2/1970,331.307
12/3/1970,319.98
12/4/1970,322.812
12/5/1970,334.139
12/6/1970,348.297
12/7/1970,359.624
12/8/1970,365.287
12/9/1970,370.951
12/10/1970,376.614
12/11/1970,379.446
12/12/1970,382.277
12/13/1970,390.772
12/14/1970,407.763
12/15/1970,438.911
12/16/1970,481.386
12/17/1970,515.367
12/18/1970,529.525
12/19/1970,526.693
12/20/1970,470.06
12/21/1970,523.862
12/22/1970,512.535
12/23/1970,526.693
12/24/1970,458.733
12/25/1970,441.743
12/26/1970,433.248
12/27/1970,436.079
12/28/1970,441.743
12/29/1970,424.753
12/30/1970,453.07
12/31/1970,453.07
1/1/1971,461.565
1/2/1971,464.396
1/3/1971,458.733
1/4/1971,467.228
1/5/1971,461.565
1/6/1971,467.228
1/7/1971,472.891
1/8/1971,509.703
1/9/1971,509.703
1/10/1971,509.703
1/11/1971,509.703
1/12/1971,509.703
1/13/1971,509.703
1/14/1971,509.703
1/15/1971,481.386
1/16/1971,453.07
1/17/1971,453.07
1/18/1971,453.07
1/19/1971,453.07
1/20/1971,455.901
1/21/1971,489.881
1/22/1971,512.535
1/23/1971,540.852
1/24/1971,597.485
1/25/1971,693.763
1/26/1971,722.08
1/27/1971,744.733
1/28/1971,736.238
1/29/1971,713.585
1/30/1971,682.436
1/31/1971,654.119
2/1/1971,637.129
2/2/1971,614.476
2/3/1971,605.981
2/4/1971,563.505
2/5/1971,538.02
2/6/1971,552.179
2/7/1971,574.832
2/8/1971,597.485
2/9/1971,608.812
2/10/1971,622.971
2/11/1971,608.812
2/12/1971,594.654
2/13/1971,594.654
2/14/1971,597.485
2/15/1971,622.971
2/16/1971,637.129
2/17/1971,829.684
2/18/1971,1118.515
2/19/1971,2024.655
2/20/1971,2024.655
2/21/1971,1755.644
2/22/1971,1642.377
2/23/1971,1444.159
2/24/1971,1132.674
2/25/1971,1033.565
2/26/1971,891.981
2/27/1971,877.822
2/28/1971,877.822
3/1/1971,849.505
3/2/1971,849.505
3/3/1971,849.505
3/4/1971,849.505
3/5/1971,849.505
3/6/1971,795.703
3/7/1971,739.07
3/8/1971,739.07
3/9/1971,764.555
3/10/1971,807.03
3/11/1971,821.189
3/12/1971,934.456
3/13/1971,1316.733
3/14/1971,1330.892
3/15/1971,1514.951
3/16/1971,1656.536
3/17/1971,2194.556
3/18/1971,2081.288
3/19/1971,1599.902
3/20/1971,1387.525
3/21/1971,1274.258
3/22/1971,1146.832
3/23/1971,948.614
3/24/1971,976.931
3/25/1971,1104.357
3/26/1971,1146.832
3/27/1971,1146.832
3/28/1971,1146.832
3/29/1971,1401.684
3/30/1971,1769.803
3/31/1971,2647.625
4/1/1971,2293.665
4/2/1971,1925.546
4/3/1971,1642.377
4/4/1971,1373.367
4/5/1971,1245.941
4/6/1971,1160.991
4/7/1971,1104.357
4/8/1971,1076.04
4/9/1971,1047.723
4/10/1971,1019.406
4/11/1971,991.09
4/12/1971,962.773
4/13/1971,962.773
4/14/1971,991.09
4/15/1971,1047.723
4/16/1971,1076.04
4/17/1971,1090.199
4/18/1971,1076.04
4/19/1971,1005.248
4/20/1971,934.456
4/21/1971,906.139
4/22/1971,906.139
4/23/1971,906.139
4/24/1971,877.822
4/25/1971,877.822
4/26/1971,877.822
4/27/1971,906.139
4/28/1971,934.456
4/29/1971,962.773
4/30/1971,934.456
5/1/1971,877.822
5/2/1971,821.189
5/3/1971,891.981
5/4/1971,920.298
5/5/1971,948.614
5/6/1971,934.456
5/7/1971,934.456
5/8/1971,962.773
5/9/1971,962.773
5/10/1971,991.09
5/11/1971,1033.565
5/12/1971,1061.882
5/13/1971,1076.04
5/14/1971,1104.357
5/15/1971,1047.723
5/16/1971,1047.723
5/17/1971,1047.723
5/18/1971,1104.357
5/19/1971,1189.308
5/20/1971,1189.308
5/21/1971,1146.832
5/22/1971,1175.149
5/23/1971,1175.149
5/24/1971,1118.515
5/25/1971,1019.406
5/26/1971,976.931
5/27/1971,962.773
5/28/1971,1019.406
5/29/1971,1019.406
5/30/1971,1019.406
5/31/1971,1076.04
6/1/1971,1274.258
6/2/1971,1472.476
6/3/1971,1741.486
6/4/1971,1996.338
6/5/1971,2152.08
6/6/1971,2024.655
6/7/1971,1968.021
6/8/1971,1925.546
6/9/1971,1854.753
6/10/1971,1826.437
6/11/1971,1854.753
6/12/1971,1911.387
6/13/1971,1911.387
6/14/1971,1968.021
6/15/1971,2010.496
6/16/1971,2038.813
6/17/1971,2038.813
6/18/1971,1996.338
6/19/1971,1953.862
6/20/1971,1939.704
6/21/1971,1911.387
6/22/1971,1897.229
6/23/1971,1897.229
6/24/1971,1925.546
6/25/1971,1982.179
6/26/1971,2038.813
6/27/1971,2123.763
6/28/1971,2208.714
6/29/1971,2279.506
6/30/1971,2194.556
7/1/1971,2010.496
7/2/1971,1840.595
7/3/1971,1642.377
7/4/1971,1415.842
7/5/1971,1274.258
7/6/1971,1274.258
7/7/1971,1288.417
7/8/1971,1288.417
7/9/1971,1302.575
7/10/1971,1302.575
7/11/1971,1316.733
7/12/1971,1345.05
7/13/1971,1274.258
7/14/1971,1189.308
7/15/1971,1132.674
7/16/1971,1076.04
7/17/1971,1047.723
7/18/1971,1019.406
7/19/1971,1005.248
7/20/1971,991.09
7/21/1971,991.09
7/22/1971,962.773
7/23/1971,962.773
7/24/1971,962.773
7/25/1971,920.298
7/26/1971,891.981
7/27/1971,877.822
7/28/1971,877.822
7/29/1971,849.505
7/30/1971,835.347
7/31/1971,821.189
8/1/1971,792.872
8/2/1971,764.555
8/3/1971,736.238
8/4/1971,722.08
8/5/1971,707.921
8/6/1971,693.763
8/7/1971,679.604
8/8/1971,665.446
8/9/1971,651.287
8/10/1971,651.287
8/11/1971,651.287
8/12/1971,651.287
8/13/1971,637.129
8/14/1971,637.129
8/15/1971,637.129
8/16/1971,637.129
8/17/1971,622.971
8/18/1971,608.812
8/19/1971,566.337
8/20/1971,538.02
8/21/1971,509.703
8/22/1971,509.703
8/23/1971,509.703
8/24/1971,495.545
8/25/1971,481.386
8/26/1971,467.228
8/27/1971,453.07
8/28/1971,453.07
8/29/1971,467.228
8/30/1971,481.386
8/31/1971,495.545
9/1/1971,509.703
9/2/1971,538.02
9/3/1971,594.654
9/4/1971,679.604
9/5/1971,792.872
9/6/1971,849.505
9/7/1971,849.505
9/8/1971,821.189
9/9/1971,778.713
9/10/1971,736.238
9/11/1971,693.763
9/12/1971,665.446
9/13/1971,637.129
9/14/1971,622.971
9/15/1971,608.812
9/16/1971,594.654
9/17/1971,580.495
9/18/1971,566.337
9/19/1971,552.179
9/20/1971,538.02
9/21/1971,509.703
9/22/1971,481.386
9/23/1971,467.228
9/24/1971,453.07
9/25/1971,438.911
9/26/1971,444.574
9/27/1971,453.07
9/28/1971,467.228
9/29/1971,481.386
9/30/1971,509.703
10/1/1971,538.02
10/2/1971,594.654
10/3/1971,707.921
10/4/1971,962.773
10/5/1971,1160.991
10/6/1971,1104.357
10/7/1971,891.981
10/8/1971,764.555
10/9/1971,722.08
10/10/1971,668.278
10/11/1971,628.634
10/12/1971,580.495
10/13/1971,552.179
10/14/1971,523.862
10/15/1971,515.367
10/16/1971,515.367
10/17/1971,552.179
10/18/1971,679.604
10/19/1971,750.396
10/20/1971,792.872
10/21/1971,821.189
10/22/1971,821.189
10/23/1971,792.872
10/24/1971,736.238
10/25/1971,707.921
10/26/1971,679.604
10/27/1971,665.446
10/28/1971,665.446
10/29/1971,707.921
10/30/1971,722.08
10/31/1971,679.604
11/1/1971,608.812
11/2/1971,538.02
11/3/1971,481.386
11/4/1971,424.753
11/5/1971,382.277
11/6/1971,339.802
11/7/1971,317.149
11/8/1971,305.822
11/9/1971,317.149
11/10/1971,339.802
11/11/1971,424.753
11/12/1971,552.179
11/13/1971,665.446
11/14/1971,707.921
11/15/1971,707.921
11/16/1971,651.287
11/17/1971,594.654
11/18/1971,538.02
11/19/1971,509.703
11/20/1971,495.545
11/21/1971,495.545
11/22/1971,509.703
11/23/1971,523.862
11/24/1971,523.862
11/25/1971,509.703
11/26/1971,495.545
11/27/1971,481.386
11/28/1971,467.228
11/29/1971,453.07
11/30/1971,453.07
12/1/1971,481.386
12/2/1971,509.703
12/3/1971,509.703
12/4/1971,495.545
12/5/1971,481.386
12/6/1971,453.07
12/7/1971,424.753
12/8/1971,382.277
12/9/1971,339.802
12/10/1971,297.327
12/11/1971,254.852
12/12/1971,226.535
12/13/1971,198.218
12/14/1971,169.901
12/15/1971,155.743
12/16/1971,147.248
12/17/1971,150.079
12/18/1971,169.901
12/19/1971,226.535
12/20/1971,297.327
12/21/1971,353.961
12/22/1971,410.594
12/23/1971,438.911
12/24/1971,467.228
12/25/1971,495.545
12/26/1971,509.703
12/27/1971,523.862
12/28/1971,523.862
12/29/1971,509.703
12/30/1971,481.386
12/31/1971,424.753
1/1/1972,396.436
1/2/1972,368.119
1/3/1972,368.119
1/4/1972,399.268
1/5/1972,421.921
1/6/1972,441.743
1/7/1972,464.396
1/8/1972,489.881
1/9/1972,512.535
1/10/1972,540.852
1/11/1972,577.664
1/12/1972,622.971
1/13/1972,586.159
1/14/1972,555.01
1/15/1972,543.683
1/16/1972,532.357
1/17/1972,523.862
1/18/1972,515.367
1/19/1972,506.872
1/20/1972,498.377
1/21/1972,492.713
1/22/1972,487.05
1/23/1972,481.386
1/24/1972,481.386
1/25/1972,498.377
1/26/1972,506.872
1/27/1972,509.703
1/28/1972,509.703
1/29/1972,501.208
1/30/1972,489.881
1/31/1972,484.218
2/1/1972,495.545
2/2/1972,538.02
2/3/1972,566.337
2/4/1972,580.495
2/5/1972,594.654
2/6/1972,580.495
2/7/1972,566.337
2/8/1972,552.179
2/9/1972,538.02
2/10/1972,523.862
2/11/1972,509.703
2/12/1972,523.862
2/13/1972,538.02
2/14/1972,566.337
2/15/1972,580.495
2/16/1972,608.812
2/17/1972,622.971
2/18/1972,637.129
2/19/1972,665.446
2/20/1972,679.604
2/21/1972,693.763
2/22/1972,707.921
2/23/1972,722.08
2/24/1972,736.238
2/25/1972,778.713
2/26/1972,807.03
2/27/1972,835.347
2/28/1972,863.664
2/29/1972,891.981
3/1/1972,920.298
3/2/1972,934.456
3/3/1972,863.664
3/4/1972,792.872
3/5/1972,764.555
3/6/1972,792.872
3/7/1972,835.347
3/8/1972,891.981
3/9/1972,991.09
3/10/1972,1132.674
3/11/1972,1330.892
3/12/1972,1699.011
3/13/1972,2732.576
3/14/1972,4247.527
3/15/1972,5097.032
3/16/1972,5097.032
3/17/1972,4813.864
3/18/1972,4389.111
3/19/1972,3822.774
3/20/1972,3058.219
3/21/1972,2491.883
3/22/1972,2180.397
3/23/1972,1840.595
3/24/1972,1614.06
3/25/1972,1458.318
3/26/1972,1302.575
3/27/1972,1132.674
3/28/1972,1042.06
3/29/1972,976.931
3/30/1972,934.456
3/31/1972,906.139
4/1/1972,891.981
4/2/1972,891.981
4/3/1972,906.139
4/4/1972,920.298
4/5/1972,948.614
4/6/1972,976.931
4/7/1972,948.614
4/8/1972,934.456
4/9/1972,920.298
4/10/1972,934.456
4/11/1972,934.456
4/12/1972,1005.248
4/13/1972,1033.565
4/14/1972,1019.406
4/15/1972,962.773
4/16/1972,906.139
4/17/1972,877.822
4/18/1972,863.664
4/19/1972,877.822
4/20/1972,863.664
4/21/1972,863.664
4/22/1972,877.822
4/23/1972,877.822
4/24/1972,849.505
4/25/1972,807.03
4/26/1972,778.713
4/27/1972,750.396
4/28/1972,707.921
4/29/1972,679.604
4/30/1972,750.396
5/1/1972,736.238
5/2/1972,736.238
5/3/1972,707.921
5/4/1972,736.238
5/5/1972,764.555
5/6/1972,778.713
5/7/1972,792.872
5/8/1972,807.03
5/9/1972,821.189
5/10/1972,849.505
5/11/1972,991.09
5/12/1972,1160.991
5/13/1972,1146.832
5/14/1972,1104.357
5/15/1972,1090.199
5/16/1972,1061.882
5/17/1972,1047.723
5/18/1972,1033.565
5/19/1972,1019.406
5/20/1972,1005.248
5/21/1972,1019.406
5/22/1972,1047.723
5/23/1972,1132.674
5/24/1972,1203.466
5/25/1972,1543.268
5/26/1972,1812.278
5/27/1972,1387.525
5/28/1972,1274.258
5/29/1972,1189.308
5/30/1972,1160.991
5/31/1972,1160.991
6/1/1972,1160.991
6/2/1972,1160.991
6/3/1972,1132.674
6/4/1972,1203.466
6/5/1972,1415.842
6/6/1972,1444.159
6/7/1972,1699.011
6/8/1972,1699.011
6/9/1972,1812.278
6/10/1972,2208.714
6/11/1972,2265.348
6/12/1972,2321.981
6/13/1972,2406.932
6/14/1972,1925.546
6/15/1972,1840.595
6/16/1972,1543.268
6/17/1972,2067.13
6/18/1972,2123.763
6/19/1972,1415.842
6/20/1972,1415.842
6/21/1972,1387.525
6/22/1972,1274.258
6/23/1972,1415.842
6/24/1972,1458.318
6/25/1972,1557.427
6/26/1972,1614.06
6/27/1972,1642.377
6/28/1972,1387.525
6/29/1972,1373.367
6/30/1972,1359.209
7/1/1972,1217.624
7/2/1972,1090.199
7/3/1972,948.614
7/4/1972,906.139
7/5/1972,962.773
7/6/1972,991.09
7/7/1972,962.773
7/8/1972,877.822
7/9/1972,849.505
7/10/1972,792.872
7/11/1972,807.03
7/12/1972,792.872
7/13/1972,792.872
7/14/1972,792.872
7/15/1972,792.872
7/16/1972,778.713
7/17/1972,778.713
7/18/1972,778.713
7/19/1972,778.713
7/20/1972,778.713
7/21/1972,778.713
7/22/1972,778.713
7/23/1972,778.713
7/24/1972,778.713
7/25/1972,778.713
7/26/1972,792.872
7/27/1972,792.872
7/28/1972,792.872
7/29/1972,821.189
7/30/1972,821.189
7/31/1972,821.189
8/1/1972,778.713
8/2/1972,679.604
8/3/1972,651.287
8/4/1972,622.971
8/5/1972,764.555
8/6/1972,651.287
8/7/1972,651.287
8/8/1972,651.287
8/9/1972,622.971
8/10/1972,622.971
8/11/1972,622.971
8/12/1972,622.971
8/13/1972,594.654
8/14/1972,594.654
8/15/1972,651.287
8/16/1972,651.287
8/17/1972,651.287
8/18/1972,707.921
8/19/1972,792.872
8/20/1972,835.347
8/21/1972,736.238
8/22/1972,707.921
8/23/1972,679.604
8/24/1972,679.604
8/25/1972,679.604
8/26/1972,679.604
8/27/1972,679.604
8/28/1972,679.604
8/29/1972,679.604
8/30/1972,707.921
8/31/1972,693.763
9/1/1972,594.654
9/2/1972,538.02
9/3/1972,509.703
9/4/1972,481.386
9/5/1972,481.386
9/6/1972,481.386
9/7/1972,453.07
9/8/1972,453.07
9/9/1972,481.386
9/10/1972,481.386
9/11/1972,481.386
9/12/1972,538.02
9/13/1972,580.495
9/14/1972,594.654
9/15/1972,594.654
9/16/1972,566.337
9/17/1972,566.337
9/18/1972,566.337
9/19/1972,566.337
9/20/1972,538.02
9/21/1972,538.02
9/22/1972,538.02
9/23/1972,538.02
9/24/1972,538.02
9/25/1972,538.02
9/26/1972,538.02
9/27/1972,523.862
9/28/1972,509.703
9/29/1972,509.703
9/30/1972,509.703
10/1/1972,509.703
10/2/1972,509.703
10/3/1972,509.703
10/4/1972,509.703
10/5/1972,523.862
10/6/1972,509.703
10/7/1972,495.545
10/8/1972,495.545
10/9/1972,495.545
10/10/1972,509.703
10/11/1972,509.703
10/12/1972,523.862
10/13/1972,523.862
10/14/1972,523.862
10/15/1972,538.02
10/16/1972,523.862
10/17/1972,523.862
10/18/1972,523.862
10/19/1972,523.862
10/20/1972,523.862
10/21/1972,509.703
10/22/1972,509.703
10/23/1972,509.703
10/24/1972,509.703
10/25/1972,509.703
10/26/1972,509.703
10/27/1972,481.386
10/28/1972,453.07
10/29/1972,453.07
10/30/1972,481.386
10/31/1972,481.386
11/1/1972,509.703
11/2/1972,509.703
11/3/1972,509.703
11/4/1972,509.703
11/5/1972,538.02
11/6/1972,538.02
11/7/1972,538.02
11/8/1972,566.337
11/9/1972,566.337
11/10/1972,566.337
11/11/1972,538.02
11/12/1972,538.02
11/13/1972,538.02
11/14/1972,538.02
11/15/1972,566.337
11/16/1972,566.337
11/17/1972,566.337
11/18/1972,566.337
11/19/1972,566.337
11/20/1972,566.337
11/21/1972,566.337
11/22/1972,594.654
11/23/1972,594.654
11/24/1972,594.654
11/25/1972,594.654
11/26/1972,594.654
11/27/1972,594.654
11/28/1972,566.337
11/29/1972,566.337
11/30/1972,566.337
12/1/1972,594.654
12/2/1972,566.337
12/3/1972,481.386
12/4/1972,368.119
12/5/1972,226.535
12/6/1972,141.584
12/7/1972,141.584
12/8/1972,141.584
12/9/1972,141.584
12/10/1972,169.901
12/11/1972,226.535
12/12/1972,226.535
12/13/1972,226.535
12/14/1972,283.168
12/15/1972,311.485
12/16/1972,339.802
12/17/1972,368.119
12/18/1972,396.436
12/19/1972,424.753
12/20/1972,424.753
12/21/1972,453.07
12/22/1972,481.386
12/23/1972,509.703
12/24/1972,566.337
12/25/1972,622.971
12/26/1972,679.604
12/27/1972,707.921
12/28/1972,736.238
12/29/1972,679.604
12/30/1972,651.287
12/31/1972,637.129
1/1/1973,622.971
1/2/1973,594.654
1/3/1973,594.654
1/4/1973,538.02
1/5/1973,509.703
1/6/1973,481.386
1/7/1973,481.386
1/8/1973,481.386
1/9/1973,453.07
1/10/1973,424.753
1/11/1973,368.119
1/12/1973,368.119
1/13/1973,339.802
1/14/1973,283.168
1/15/1973,311.485
1/16/1973,339.802
1/17/1973,424.753
1/18/1973,481.386
1/19/1973,566.337
1/20/1973,566.337
1/21/1973,594.654
1/22/1973,594.654
1/23/1973,594.654
1/24/1973,594.654
1/25/1973,594.654
1/26/1973,566.337
1/27/1973,566.337
1/28/1973,566.337
1/29/1973,538.02
1/30/1973,538.02
1/31/1973,557.842
2/1/1973,538.02
2/2/1973,509.703
2/3/1973,509.703
2/4/1973,509.703
2/5/1973,538.02
2/6/1973,566.337
2/7/1973,566.337
2/8/1973,594.654
2/9/1973,538.02
2/10/1973,538.02
2/11/1973,566.337
2/12/1973,594.654
2/13/1973,594.654
2/14/1973,509.703
2/15/1973,424.753
2/16/1973,424.753
2/17/1973,509.703
2/18/1973,566.337
2/19/1973,594.654
2/20/1973,622.971
2/21/1973,622.971
2/22/1973,651.287
2/23/1973,651.287
2/24/1973,651.287
2/25/1973,651.287
2/26/1973,651.287
2/27/1973,651.287
2/28/1973,622.971
3/1/1973,792.872
3/2/1973,934.456
3/3/1973,1019.406
3/4/1973,1104.357
3/5/1973,1160.991
3/6/1973,991.09
3/7/1973,934.456
3/8/1973,877.822
3/9/1973,849.505
3/10/1973,849.505
3/11/1973,849.505
3/12/1973,849.505
3/13/1973,1019.406
3/14/1973,1104.357
3/15/1973,1047.723
3/16/1973,962.773
3/17/1973,906.139
3/18/1973,877.822
3/19/1973,849.505
3/20/1973,792.872
3/21/1973,736.238
3/22/1973,736.238
3/23/1973,707.921
3/24/1973,679.604
3/25/1973,622.971
3/26/1973,651.287
3/27/1973,622.971
3/28/1973,566.337
3/29/1973,566.337
3/30/1973,538.02
3/31/1973,481.386
4/1/1973,481.386
4/2/1973,481.386
4/3/1973,481.386
4/4/1973,481.386
4/5/1973,481.386
4/6/1973,481.386
4/7/1973,481.386
4/8/1973,509.703
4/9/1973,538.02
4/10/1973,538.02
4/11/1973,538.02
4/12/1973,509.703
4/13/1973,481.386
4/14/1973,481.386
4/15/1973,481.386
4/16/1973,453.07
4/17/1973,453.07
4/18/1973,453.07
4/19/1973,566.337
4/20/1973,821.189
4/21/1973,821.189
4/22/1973,792.872
4/23/1973,707.921
4/24/1973,707.921
4/25/1973,736.238
4/26/1973,651.287
4/27/1973,523.862
4/28/1973,509.703
4/29/1973,523.862
4/30/1973,552.179
5/1/1973,651.287
5/2/1973,651.287
5/3/1973,594.654
5/4/1973,651.287
5/5/1973,736.238
5/6/1973,849.505
5/7/1973,991.09
5/8/1973,736.238
5/9/1973,736.238
5/10/1973,736.238
5/11/1973,736.238
5/12/1973,736.238
5/13/1973,736.238
5/14/1973,736.238
5/15/1973,792.872
5/16/1973,736.238
5/17/1973,736.238
5/18/1973,679.604
5/19/1973,622.971
5/20/1973,622.971
5/21/1973,736.238
5/22/1973,792.872
5/23/1973,991.09
5/24/1973,1047.723
5/25/1973,1047.723
5/26/1973,1288.417
5/27/1973,1387.525
5/28/1973,1415.842
5/29/1973,1444.159
5/30/1973,1557.427
5/31/1973,1642.377
6/1/1973,1755.644
6/2/1973,1557.427
6/3/1973,1132.674
6/4/1973,991.09
6/5/1973,991.09
6/6/1973,1076.04
6/7/1973,1189.308
6/8/1973,1274.258
6/9/1973,1047.723
6/10/1973,962.773
6/11/1973,877.822
6/12/1973,934.456
6/13/1973,1104.357
6/14/1973,1359.209
6/15/1973,1699.011
6/16/1973,1699.011
6/17/1973,1557.427
6/18/1973,1529.11
6/19/1973,1699.011
6/20/1973,1529.11
6/21/1973,1529.11
6/22/1973,1472.476
6/23/1973,1274.258
6/24/1973,1132.674
6/25/1973,991.09
6/26/1973,906.139
6/27/1973,849.505
6/28/1973,849.505
6/29/1973,934.456
6/30/1973,991.09
7/1/1973,1274.258
7/2/1973,1217.624
7/3/1973,1132.674
7/4/1973,1047.723
7/5/1973,991.09
7/6/1973,962.773
7/7/1973,906.139
7/8/1973,821.189
7/9/1973,764.555
7/10/1973,736.238
7/11/1973,707.921
7/12/1973,651.287
7/13/1973,622.971
7/14/1973,566.337
7/15/1973,552.179
7/16/1973,538.02
7/17/1973,509.703
7/18/1973,481.386
7/19/1973,453.07
7/20/1973,424.753
7/21/1973,396.436
7/22/1973,396.436
7/23/1973,368.119
7/24/1973,368.119
7/25/1973,368.119
7/26/1973,396.436
7/27/1973,396.436
7/28/1973,424.753
7/29/1973,424.753
7/30/1973,453.07
7/31/1973,453.07
8/1/1973,424.753
8/2/1973,424.753
8/3/1973,396.436
8/4/1973,396.436
8/5/1973,368.119
8/6/1973,368.119
8/7/1973,368.119
8/8/1973,368.119
8/9/1973,368.119
8/10/1973,368.119
8/11/1973,368.119
8/12/1973,368.119
8/13/1973,339.802
8/14/1973,339.802
8/15/1973,339.802
8/16/1973,339.802
8/17/1973,368.119
8/18/1973,368.119
8/19/1973,368.119
8/20/1973,368.119
8/21/1973,368.119
8/22/1973,368.119
8/23/1973,368.119
8/24/1973,339.802
8/25/1973,424.753
8/26/1973,453.07
8/27/1973,481.386
8/28/1973,538.02
8/29/1973,509.703
8/30/1973,509.703
8/31/1973,509.703
9/1/1973,707.921
9/2/1973,849.505
9/3/1973,1557.427
9/4/1973,849.505
9/5/1973,566.337
9/6/1973,566.337
9/7/1973,566.337
9/8/1973,566.337
9/9/1973,566.337
9/10/1973,566.337
9/11/1973,566.337
9/12/1973,566.337
9/13/1973,566.337
9/14/1973,538.02
9/15/1973,481.386
9/16/1973,453.07
9/17/1973,495.545
9/18/1973,509.703
9/19/1973,509.703
9/20/1973,495.545
9/21/1973,453.07
9/22/1973,453.07
9/23/1973,453.07
9/24/1973,481.386
9/25/1973,509.703
9/26/1973,538.02
9/27/1973,538.02
9/28/1973,566.337
9/29/1973,566.337
9/30/1973,552.179
10/1/1973,594.654
10/2/1973,566.337
10/3/1973,566.337
10/4/1973,509.703
10/5/1973,509.703
10/6/1973,424.753
10/7/1973,453.07
10/8/1973,453.07
10/9/1973,481.386
10/10/1973,424.753
10/11/1973,453.07
10/12/1973,651.287
10/13/1973,424.753
10/14/1973,424.753
10/15/1973,396.436
10/16/1973,396.436
10/17/1973,368.119
10/18/1973,368.119
10/19/1973,368.119
10/20/1973,368.119
10/21/1973,368.119
10/22/1973,368.119
10/23/1973,368.119
10/24/1973,368.119
10/25/1973,368.119
10/26/1973,368.119
10/27/1973,368.119
10/28/1973,368.119
10/29/1973,368.119
10/30/1973,368.119
10/31/1973,368.119
11/1/1973,339.802
11/2/1973,368.119
11/3/1973,368.119
11/4/1973,368.119
11/5/1973,283.168
11/6/1973,198.218
11/7/1973,198.218
11/8/1973,198.218
11/9/1973,198.218
11/10/1973,198.218
11/11/1973,198.218
11/12/1973,198.218
11/13/1973,283.168
11/14/1973,424.753
11/15/1973,566.337
11/16/1973,622.971
11/17/1973,594.654
11/18/1973,594.654
11/19/1973,849.505
11/20/1973,481.386
11/21/1973,396.436
11/22/1973,311.485
11/23/1973,311.485
11/24/1973,311.485
11/25/1973,311.485
11/26/1973,283.168
11/27/1973,283.168
11/28/1973,339.802
11/29/1973,339.802
11/30/1973,339.802
12/1/1973,396.436
12/2/1973,424.753
12/3/1973,424.753
12/4/1973,396.436
12/5/1973,368.119
12/6/1973,339.802
12/7/1973,311.485
12/8/1973,311.485
12/9/1973,283.168
12/10/1973,311.485
12/11/1973,368.119
12/12/1973,396.436
12/13/1973,424.753
12/14/1973,424.753
12/15/1973,424.753
12/16/1973,424.753
12/17/1973,453.07
12/18/1973,453.07
12/19/1973,424.753
12/20/1973,424.753
12/21/1973,453.07
12/22/1973,453.07
12/23/1973,453.07
12/24/1973,453.07
12/25/1973,481.386
12/26/1973,481.386
12/27/1973,481.386
12/28/1973,481.386
12/29/1973,481.386
12/30/1973,481.386
12/31/1973,424.753
1/1/1974,396.436
1/2/1974,396.436
1/3/1974,362.456
1/4/1974,339.802
1/5/1974,283.168
1/6/1974,254.852
1/7/1974,254.852
1/8/1974,254.852
1/9/1974,254.852
1/10/1974,283.168
1/11/1974,311.485
1/12/1974,339.802
1/13/1974,368.119
1/14/1974,396.436
1/15/1974,396.436
1/16/1974,453.07
1/17/1974,566.337
1/18/1974,566.337
1/19/1974,566.337
1/20/1974,566.337
1/21/1974,594.654
1/22/1974,594.654
1/23/1974,594.654
1/24/1974,622.971
1/25/1974,622.971
1/26/1974,622.971
1/27/1974,622.971
1/28/1974,594.654
1/29/1974,594.654
1/30/1974,594.654
1/31/1974,566.337
2/1/1974,566.337
2/2/1974,538.02
2/3/1974,509.703
2/4/1974,509.703
2/5/1974,481.386
2/6/1974,424.753
2/7/1974,396.436
2/8/1974,396.436
2/9/1974,396.436
2/10/1974,396.436
2/11/1974,396.436
2/12/1974,410.594
2/13/1974,481.386
2/14/1974,566.337
2/15/1974,594.654
2/16/1974,594.654
2/17/1974,594.654
2/18/1974,594.654
2/19/1974,622.971
2/20/1974,622.971
2/21/1974,622.971
2/22/1974,594.654
2/23/1974,566.337
2/24/1974,509.703
2/25/1974,509.703
2/26/1974,566.337
2/27/1974,622.971
2/28/1974,637.129
3/1/1974,594.654
3/2/1974,594.654
3/3/1974,594.654
3/4/1974,651.287
3/5/1974,764.555
3/6/1974,707.921
3/7/1974,651.287
3/8/1974,622.971
3/9/1974,594.654
3/10/1974,651.287
3/11/1974,707.921
3/12/1974,764.555
3/13/1974,849.505
3/14/1974,906.139
3/15/1974,707.921
3/16/1974,679.604
3/17/1974,651.287
3/18/1974,651.287
3/19/1974,651.287
3/20/1974,651.287
3/21/1974,707.921
3/22/1974,707.921
3/23/1974,622.971
3/24/1974,566.337
3/25/1974,509.703
3/26/1974,453.07
3/27/1974,424.753
3/28/1974,481.386
3/29/1974,693.763
3/30/1974,707.921
3/31/1974,722.08
4/1/1974,849.505
4/2/1974,906.139
4/3/1974,906.139
4/4/1974,906.139
4/5/1974,962.773
4/6/1974,1076.04
4/7/1974,991.09
4/8/1974,962.773
4/9/1974,877.822
4/10/1974,934.456
4/11/1974,934.456
4/12/1974,934.456
4/13/1974,764.555
4/14/1974,707.921
4/15/1974,566.337
4/16/1974,622.971
4/17/1974,707.921
4/18/1974,622.971
4/19/1974,849.505
4/20/1974,906.139
4/21/1974,707.921
4/22/1974,566.337
4/23/1974,424.753
4/24/1974,424.753
4/25/1974,424.753
4/26/1974,651.287
4/27/1974,566.337
4/28/1974,566.337
4/29/1974,566.337
4/30/1974,509.703
5/1/1974,566.337
5/2/1974,566.337
5/3/1974,538.02
5/4/1974,509.703
5/5/1974,453.07
5/6/1974,509.703
5/7/1974,509.703
5/8/1974,566.337
5/9/1974,538.02
5/10/1974,651.287
5/11/1974,651.287
5/12/1974,707.921
5/13/1974,707.921
5/14/1974,622.971
5/15/1974,622.971
5/16/1974,566.337
5/17/1974,538.02
5/18/1974,538.02
5/19/1974,566.337
5/20/1974,1415.842
5/21/1974,1415.842
5/22/1974,849.505
5/23/1974,566.337
5/24/1974,566.337
5/25/1974,594.654
5/26/1974,651.287
5/27/1974,849.505
5/28/1974,991.09
5/29/1974,849.505
5/30/1974,849.505
5/31/1974,934.456
6/1/1974,1274.258
6/2/1974,1699.011
6/3/1974,1699.011
6/4/1974,1557.427
6/5/1974,1415.842
6/6/1974,1274.258
6/7/1974,1274.258
6/8/1974,1415.842
6/9/1974,1415.842
6/10/1974,1727.328
6/11/1974,1415.842
6/12/1974,1415.842
6/13/1974,1415.842
6/14/1974,1274.258
6/15/1974,1274.258
6/16/1974,1132.674
6/17/1974,1274.258
6/18/1974,1557.427
6/19/1974,1699.011
6/20/1974,1840.595
6/21/1974,2265.348
6/22/1974,2123.763
6/23/1974,2265.348
6/24/1974,2406.932
6/25/1974,2406.932
6/26/1974,2548.516
6/27/1974,2293.665
6/28/1974,2123.763
6/29/1974,1982.179
6/30/1974,1670.694
7/1/1974,1699.011
7/2/1974,1699.011
7/3/1974,1699.011
7/4/1974,1699.011
7/5/1974,1699.011
7/6/1974,1699.011
7/7/1974,1699.011
7/8/1974,1415.842
7/9/1974,1415.842
7/10/1974,1415.842
7/11/1974,1415.842
7/12/1974,1415.842
7/13/1974,1274.258
7/14/1974,1132.674
7/15/1974,1132.674
7/16/1974,1132.674
7/17/1974,1132.674
7/18/1974,1132.674
7/19/1974,1076.04
7/20/1974,1047.723
7/21/1974,962.773
7/22/1974,991.09
7/23/1974,991.09
7/24/1974,849.505
7/25/1974,849.505
7/26/1974,849.505
7/27/1974,792.872
7/28/1974,792.872
7/29/1974,707.921
7/30/1974,622.971
7/31/1974,569.169
8/1/1974,566.337
8/2/1974,566.337
8/3/1974,566.337
8/4/1974,566.337
8/5/1974,566.337
8/6/1974,566.337
8/7/1974,566.337
8/8/1974,566.337
8/9/1974,566.337
8/10/1974,566.337
8/11/1974,566.337
8/12/1974,566.337
8/13/1974,543.683
8/14/1974,849.505
8/15/1974,679.604
8/16/1974,651.287
8/17/1974,651.287
8/18/1974,622.971
8/19/1974,594.654
8/20/1974,566.337
8/21/1974,651.287
8/22/1974,651.287
8/23/1974,679.604
8/24/1974,651.287
8/25/1974,651.287
8/26/1974,707.921
8/27/1974,792.872
8/28/1974,764.555
8/29/1974,736.238
8/30/1974,651.287
8/31/1974,651.287
9/1/1974,622.971
9/2/1974,566.337
9/3/1974,538.02
9/4/1974,538.02
9/5/1974,538.02
9/6/1974,538.02
9/7/1974,538.02
9/8/1974,509.703
9/9/1974,509.703
9/10/1974,707.921
9/11/1974,707.921
9/12/1974,707.921
9/13/1974,566.337
9/14/1974,566.337
9/15/1974,566.337
9/16/1974,566.337
9/17/1974,622.971
9/18/1974,651.287
9/19/1974,707.921
9/20/1974,651.287
9/21/1974,622.971
9/22/1974,594.654
9/23/1974,566.337
9/24/1974,566.337
9/25/1974,566.337
9/26/1974,566.337
9/27/1974,566.337
9/28/1974,566.337
9/29/1974,566.337
9/30/1974,566.337
10/1/1974,566.337
10/2/1974,566.337
10/3/1974,566.337
10/4/1974,538.02
10/5/1974,538.02
10/6/1974,509.703
10/7/1974,509.703
10/8/1974,481.386
10/9/1974,481.386
10/10/1974,509.703
10/11/1974,538.02
10/12/1974,566.337
10/13/1974,566.337
10/14/1974,566.337
10/15/1974,566.337
10/16/1974,566.337
10/17/1974,566.337
10/18/1974,566.337
10/19/1974,566.337
10/20/1974,566.337
10/21/1974,566.337
10/22/1974,566.337
10/23/1974,566.337
10/24/1974,566.337
10/25/1974,566.337
10/26/1974,538.02
10/27/1974,538.02
10/28/1974,538.02
10/29/1974,538.02
10/30/1974,538.02
10/31/1974,538.02
11/1/1974,710.753
11/2/1974,707.921
11/3/1974,707.921
11/4/1974,707.921
11/5/1974,707.921
11/6/1974,707.921
11/7/1974,707.921
11/8/1974,707.921
11/9/1974,707.921
11/10/1974,707.921
11/11/1974,651.287
11/12/1974,622.971
11/13/1974,622.971
11/14/1974,594.654
11/15/1974,594.654
11/16/1974,594.654
11/17/1974,566.337
11/18/1974,566.337
11/19/1974,566.337
11/20/1974,509.703
11/21/1974,509.703
11/22/1974,509.703
11/23/1974,509.703
11/24/1974,509.703
11/25/1974,509.703
11/26/1974,509.703
11/27/1974,509.703
11/28/1974,509.703
11/29/1974,509.703
11/30/1974,509.703
12/1/1974,481.386
12/2/1974,453.07
12/3/1974,453.07
12/4/1974,453.07
12/5/1974,481.386
12/6/1974,509.703
12/7/1974,509.703
12/8/1974,509.703
12/9/1974,509.703
12/10/1974,481.386
12/11/1974,453.07
12/12/1974,453.07
12/13/1974,453.07
12/14/1974,453.07
12/15/1974,453.07
12/16/1974,453.07
12/17/1974,453.07
12/18/1974,453.07
12/19/1974,453.07
12/20/1974,481.386
12/21/1974,481.386
12/22/1974,481.386
12/23/1974,481.386
12/24/1974,481.386
12/25/1974,481.386
12/26/1974,481.386
12/27/1974,481.386
12/28/1974,453.07
12/29/1974,424.753
12/30/1974,339.802
12/31/1974,286
1/1/1975,283.168
1/2/1975,283.168
1/3/1975,283.168
1/4/1975,283.168
1/5/1975,283.168
1/6/1975,283.168
1/7/1975,283.168
1/8/1975,339.802
1/9/1975,339.802
1/10/1975,396.436
1/11/1975,396.436
1/12/1975,453.07
1/13/1975,453.07
1/14/1975,453.07
1/15/1975,339.802
1/16/1975,283.168
1/17/1975,198.218
1/18/1975,198.218
1/19/1975,198.218
1/20/1975,339.802
1/21/1975,424.753
1/22/1975,566.337
1/23/1975,622.971
1/24/1975,622.971
1/25/1975,651.287
1/26/1975,651.287
1/27/1975,707.921
1/28/1975,849.505
1/29/1975,849.505
1/30/1975,707.921
1/31/1975,594.654
2/1/1975,481.386
2/2/1975,481.386
2/3/1975,481.386
2/4/1975,481.386
2/5/1975,424.753
2/6/1975,424.753
2/7/1975,339.802
2/8/1975,226.535
2/9/1975,283.168
2/10/1975,339.802
2/11/1975,396.436
2/12/1975,453.07
2/13/1975,509.703
2/14/1975,509.703
2/15/1975,481.386
2/16/1975,453.07
2/17/1975,453.07
2/18/1975,453.07
2/19/1975,453.07
2/20/1975,566.337
2/21/1975,622.971
2/22/1975,566.337
2/23/1975,566.337
2/24/1975,622.971
2/25/1975,566.337
2/26/1975,509.703
2/27/1975,455.901
2/28/1975,453.07
3/1/1975,509.703
3/2/1975,509.703
3/3/1975,566.337
3/4/1975,566.337
3/5/1975,566.337
3/6/1975,622.971
3/7/1975,622.971
3/8/1975,651.287
3/9/1975,679.604
3/10/1975,707.921
3/11/1975,736.238
3/12/1975,764.555
3/13/1975,764.555
3/14/1975,707.921
3/15/1975,651.287
3/16/1975,622.971
3/17/1975,594.654
3/18/1975,566.337
3/19/1975,622.971
3/20/1975,736.238
3/21/1975,736.238
3/22/1975,750.396
3/23/1975,764.555
3/24/1975,792.872
3/25/1975,792.872
3/26/1975,849.505
3/27/1975,1132.674
3/28/1975,622.971
3/29/1975,566.337
3/30/1975,538.02
3/31/1975,509.703
4/1/1975,509.703
4/2/1975,481.386
4/3/1975,453.07
4/4/1975,481.386
4/5/1975,481.386
4/6/1975,481.386
4/7/1975,566.337
4/8/1975,849.505
4/9/1975,707.921
4/10/1975,707.921
4/11/1975,594.654
4/12/1975,594.654
4/13/1975,566.337
4/14/1975,991.09
4/15/1975,991.09
4/16/1975,1118.515
4/17/1975,1316.733
4/18/1975,1316.733
4/19/1975,1359.209
4/20/1975,1670.694
4/21/1975,1699.011
4/22/1975,2435.249
4/23/1975,2024.655
4/24/1975,1274.258
4/25/1975,1387.525
4/26/1975,1840.595
4/27/1975,1982.179
4/28/1975,1982.179
4/29/1975,1699.011
4/30/1975,1415.842
5/1/1975,1132.674
5/2/1975,1076.04
5/3/1975,991.09
5/4/1975,906.139
5/5/1975,821.189
5/6/1975,991.09
5/7/1975,1132.674
5/8/1975,1472.476
5/9/1975,1953.862
5/10/1975,1868.912
5/11/1975,1812.278
5/12/1975,1840.595
5/13/1975,1840.595
5/14/1975,1840.595
5/15/1975,1840.595
5/16/1975,1699.011
5/17/1975,1642.377
5/18/1975,1585.743
5/19/1975,1642.377
5/20/1975,1557.427
5/21/1975,1557.427
5/22/1975,1557.427
5/23/1975,1614.06
5/24/1975,1642.377
5/25/1975,1642.377
5/26/1975,1642.377
5/27/1975,1585.743
5/28/1975,1500.793
5/29/1975,1415.842
5/30/1975,1274.258
5/31/1975,1217.624
6/1/1975,1132.674
6/2/1975,1076.04
6/3/1975,1274.258
6/4/1975,1274.258
6/5/1975,1274.258
6/6/1975,1330.892
6/7/1975,1444.159
6/8/1975,1755.644
6/9/1975,3539.606
6/10/1975,2123.763
6/11/1975,2123.763
6/12/1975,2548.516
6/13/1975,2123.763
6/14/1975,2123.763
6/15/1975,1982.179
6/16/1975,1840.595
6/17/1975,1699.011
6/18/1975,1840.595
6/19/1975,2123.763
6/20/1975,2548.516
6/21/1975,2548.516
6/22/1975,2406.932
6/23/1975,2265.348
6/24/1975,2265.348
6/25/1975,2123.763
6/26/1975,2123.763
6/27/1975,2265.348
6/28/1975,2406.932
6/29/1975,2548.516
6/30/1975,2831.685
7/1/1975,2831.685
7/2/1975,2548.516
7/3/1975,2548.516
7/4/1975,2718.417
7/5/1975,2831.685
7/6/1975,2831.685
7/7/1975,3015.744
7/8/1975,3029.903
7/9/1975,3029.903
7/10/1975,2888.318
7/11/1975,2874.16
7/12/1975,2831.685
7/13/1975,2690.1
7/14/1975,2690.1
7/15/1975,2690.1
7/16/1975,2831.685
7/17/1975,2534.358
7/18/1975,2421.09
7/19/1975,2265.348
7/20/1975,2265.348
7/21/1975,1982.179
7/22/1975,2265.348
7/23/1975,1953.862
7/24/1975,1925.546
7/25/1975,1925.546
7/26/1975,1911.387
7/27/1975,1854.753
7/28/1975,1868.912
7/29/1975,1812.278
7/30/1975,1783.961
7/31/1975,1727.328
8/1/1975,1713.169
8/2/1975,1727.328
8/3/1975,1727.328
8/4/1975,1727.328
8/5/1975,1628.219
8/6/1975,1571.585
8/7/1975,1543.268
8/8/1975,1543.268
8/9/1975,1514.951
8/10/1975,1486.634
8/11/1975,1373.367
8/12/1975,1175.149
8/13/1975,976.931
8/14/1975,920.298
8/15/1975,821.189
8/16/1975,792.872
8/17/1975,764.555
8/18/1975,736.238
8/19/1975,736.238
8/20/1975,707.921
8/21/1975,679.604
8/22/1975,736.238
8/23/1975,764.555
8/24/1975,736.238
8/25/1975,736.238
8/26/1975,736.238
8/27/1975,736.238
8/28/1975,736.238
8/29/1975,736.238
8/30/1975,736.238
8/31/1975,736.238
9/1/1975,722.08
9/2/1975,750.396
9/3/1975,722.08
9/4/1975,722.08
9/5/1975,722.08
9/6/1975,707.921
9/7/1975,679.604
9/8/1975,679.604
9/9/1975,679.604
9/10/1975,679.604
9/11/1975,679.604
9/12/1975,679.604
9/13/1975,679.604
9/14/1975,679.604
9/15/1975,651.287
9/16/1975,637.129
9/17/1975,722.08
9/18/1975,863.664
9/19/1975,722.08
9/20/1975,693.763
9/21/1975,693.763
9/22/1975,665.446
9/23/1975,608.812
9/24/1975,608.812
9/25/1975,580.495
9/26/1975,580.495
9/27/1975,580.495
9/28/1975,580.495
9/29/1975,580.495
9/30/1975,594.654
10/1/1975,580.495
10/2/1975,580.495
10/3/1975,566.337
10/4/1975,566.337
10/5/1975,566.337
10/6/1975,566.337
10/7/1975,566.337
10/8/1975,707.921
10/9/1975,707.921
10/10/1975,651.287
10/11/1975,566.337
10/12/1975,566.337
10/13/1975,566.337
10/14/1975,707.921
10/15/1975,707.921
10/16/1975,707.921
10/17/1975,736.238
10/18/1975,736.238
10/19/1975,736.238
10/20/1975,736.238
10/21/1975,736.238
10/22/1975,736.238
10/23/1975,736.238
10/24/1975,750.396
10/25/1975,722.08
10/26/1975,679.604
10/27/1975,679.604
10/28/1975,679.604
10/29/1975,679.604
10/30/1975,679.604
10/31/1975,679.604
11/1/1975,651.287
11/2/1975,651.287
11/3/1975,622.971
11/4/1975,622.971
11/5/1975,622.971
11/6/1975,622.971
11/7/1975,679.604
11/8/1975,707.921
11/9/1975,707.921
11/10/1975,707.921
11/11/1975,764.555
11/12/1975,707.921
11/13/1975,707.921
11/14/1975,707.921
11/15/1975,707.921
11/16/1975,707.921
11/17/1975,707.921
11/18/1975,863.664
11/19/1975,778.713
11/20/1975,707.921
11/21/1975,679.604
11/22/1975,651.287
11/23/1975,622.971
11/24/1975,566.337
11/25/1975,509.703
11/26/1975,424.753
11/27/1975,424.753
11/28/1975,424.753
11/29/1975,424.753
11/30/1975,424.753
12/1/1975,339.802
12/2/1975,353.961
12/3/1975,353.961
12/4/1975,339.802
12/5/1975,353.961
12/6/1975,339.802
12/7/1975,339.802
12/8/1975,424.753
12/9/1975,424.753
12/10/1975,594.654
12/11/1975,594.654
12/12/1975,594.654
12/13/1975,594.654
12/14/1975,594.654
12/15/1975,594.654
12/16/1975,594.654
12/17/1975,566.337
12/18/1975,566.337
12/19/1975,538.02
12/20/1975,481.386
12/21/1975,481.386
12/22/1975,424.753
12/23/1975,424.753
12/24/1975,424.753
12/25/1975,481.386
12/26/1975,566.337
12/27/1975,594.654
12/28/1975,622.971
12/29/1975,651.287
12/30/1975,679.604
12/31/1975,679.604
1/1/1976,679.604
1/2/1976,736.238
1/3/1976,736.238
1/4/1976,736.238
1/5/1976,707.921
1/6/1976,566.337
1/7/1976,453.07
1/8/1976,396.436
1/9/1976,368.119
1/10/1976,339.802
1/11/1976,339.802
1/12/1976,339.802
1/13/1976,339.802
1/14/1976,339.802
1/15/1976,339.802
1/16/1976,396.436
1/17/1976,481.386
1/18/1976,538.02
1/19/1976,651.287
1/20/1976,707.921
1/21/1976,707.921
1/22/1976,707.921
1/23/1976,707.921
1/24/1976,707.921
1/25/1976,707.921
1/26/1976,707.921
1/27/1976,707.921
1/28/1976,707.921
1/29/1976,707.921
1/30/1976,679.604
1/31/1976,651.287
2/1/1976,651.287
2/2/1976,651.287
2/3/1976,651.287
2/4/1976,651.287
2/5/1976,651.287
2/6/1976,679.604
2/7/1976,679.604
2/8/1976,679.604
2/9/1976,736.238
2/10/1976,707.921
2/11/1976,679.604
2/12/1976,622.971
2/13/1976,707.921
2/14/1976,736.238
2/15/1976,764.555
2/16/1976,792.872
2/17/1976,906.139
2/18/1976,991.09
2/19/1976,1047.723
2/20/1976,934.456
2/21/1976,906.139
2/22/1976,906.139
2/23/1976,991.09
2/24/1976,991.09
2/25/1976,934.456
2/26/1976,934.456
2/27/1976,906.139
2/28/1976,877.822
2/29/1976,849.505
3/1/1976,1132.674
3/2/1976,849.505
3/3/1976,707.921
3/4/1976,651.287
3/5/1976,622.971
3/6/1976,566.337
3/7/1976,566.337
3/8/1976,538.02
3/9/1976,622.971
3/10/1976,622.971
3/11/1976,849.505
3/12/1976,849.505
3/13/1976,849.505
3/14/1976,849.505
3/15/1976,792.872
3/16/1976,736.238
3/17/1976,792.872
3/18/1976,1274.258
3/19/1976,1415.842
3/20/1976,1557.427
3/21/1976,1699.011
3/22/1976,1699.011
3/23/1976,1699.011
3/24/1976,1699.011
3/25/1976,1699.011
3/26/1976,1699.011
3/27/1976,1699.011
3/28/1976,1557.427
3/29/1976,1514.951
3/30/1976,1132.674
3/31/1976,1132.674
4/1/1976,1132.674
4/2/1976,1076.04
4/3/1976,991.09
4/4/1976,934.456
4/5/1976,707.921
4/6/1976,707.921
4/7/1976,849.505
4/8/1976,849.505
4/9/1976,849.505
4/10/1976,849.505
4/11/1976,849.505
4/12/1976,849.505
4/13/1976,849.505
4/14/1976,849.505
4/15/1976,849.505
4/16/1976,934.456
4/17/1976,962.773
4/18/1976,962.773
4/19/1976,849.505
4/20/1976,792.872
4/21/1976,792.872
4/22/1976,792.872
4/23/1976,934.456
4/24/1976,934.456
4/25/1976,906.139
4/26/1976,792.872
4/27/1976,849.505
4/28/1976,849.505
4/29/1976,849.505
4/30/1976,849.505
5/1/1976,849.505
5/2/1976,849.505
5/3/1976,792.872
5/4/1976,792.872
5/5/1976,792.872
5/6/1976,792.872
5/7/1976,849.505
5/8/1976,934.456
5/9/1976,991.09
5/10/1976,906.139
5/11/1976,991.09
5/12/1976,1132.674
5/13/1976,991.09
5/14/1976,991.09
5/15/1976,1019.406
5/16/1976,1019.406
5/17/1976,1019.406
5/18/1976,1132.674
5/19/1976,1274.258
5/20/1976,1274.258
5/21/1976,1359.209
5/22/1976,1415.842
5/23/1976,1500.793
5/24/1976,1529.11
5/25/1976,1557.427
5/26/1976,1557.427
5/27/1976,1699.011
5/28/1976,1642.377
5/29/1976,1614.06
5/30/1976,1557.427
5/31/1976,1500.793
6/1/1976,1557.427
6/2/1976,1557.427
6/3/1976,1557.427
6/4/1976,1642.377
6/5/1976,1840.595
6/6/1976,1840.595
6/7/1976,1982.179
6/8/1976,1982.179
6/9/1976,2265.348
6/10/1976,1982.179
6/11/1976,2010.496
6/12/1976,2038.813
6/13/1976,2067.13
6/14/1976,2265.348
6/15/1976,2265.348
6/16/1976,2265.348
6/17/1976,2123.763
6/18/1976,1982.179
6/19/1976,1840.595
6/20/1976,1699.011
6/21/1976,1699.011
6/22/1976,1699.011
6/23/1976,1897.229
6/24/1976,1840.595
6/25/1976,1783.961
6/26/1976,1755.644
6/27/1976,1727.328
6/28/1976,1557.427
6/29/1976,1415.842
6/30/1976,1288.417
7/1/1976,1274.258
7/2/1976,1415.842
7/3/1976,1415.842
7/4/1976,1415.842
7/5/1976,1500.793
7/6/1976,1529.11
7/7/1976,1472.476
7/8/1976,1415.842
7/9/1976,1415.842
7/10/1976,1274.258
7/11/1976,1274.258
7/12/1976,1245.941
7/13/1976,1217.624
7/14/1976,1189.308
7/15/1976,1160.991
7/16/1976,1160.991
7/17/1976,1132.674
7/18/1976,1132.674
7/19/1976,1132.674
7/20/1976,991.09
7/21/1976,906.139
7/22/1976,906.139
7/23/1976,849.505
7/24/1976,821.189
7/25/1976,821.189
7/26/1976,792.872
7/27/1976,764.555
7/28/1976,764.555
7/29/1976,764.555
7/30/1976,736.238
7/31/1976,707.921
8/1/1976,707.921
8/2/1976,707.921
8/3/1976,707.921
8/4/1976,707.921
8/5/1976,707.921
8/6/1976,707.921
8/7/1976,821.189
8/8/1976,877.822
8/9/1976,877.822
8/10/1976,821.189
8/11/1976,792.872
8/12/1976,792.872
8/13/1976,736.238
8/14/1976,707.921
8/15/1976,707.921
8/16/1976,707.921
8/17/1976,707.921
8/18/1976,707.921
8/19/1976,707.921
8/20/1976,679.604
8/21/1976,679.604
8/22/1976,679.604
8/23/1976,622.971
8/24/1976,622.971
8/25/1976,622.971
8/26/1976,566.337
8/27/1976,566.337
8/28/1976,566.337
8/29/1976,566.337
8/30/1976,566.337
8/31/1976,566.337
9/1/1976,509.703
9/2/1976,509.703
9/3/1976,566.337
9/4/1976,566.337
9/5/1976,566.337
9/6/1976,566.337
9/7/1976,566.337
9/8/1976,566.337
9/9/1976,566.337
9/10/1976,566.337
9/11/1976,566.337
9/12/1976,594.654
9/13/1976,594.654
9/14/1976,622.971
9/15/1976,651.287
9/16/1976,651.287
9/17/1976,651.287
9/18/1976,651.287
9/19/1976,651.287
9/20/1976,651.287
9/21/1976,651.287
9/22/1976,651.287
9/23/1976,651.287
9/24/1976,651.287
9/25/1976,651.287
9/26/1976,651.287
9/27/1976,566.337
9/28/1976,566.337
9/29/1976,566.337
9/30/1976,566.337
10/1/1976,594.654
10/2/1976,594.654
10/3/1976,622.971
10/4/1976,651.287
10/5/1976,651.287
10/6/1976,651.287
10/7/1976,651.287
10/8/1976,622.971
10/9/1976,622.971
10/10/1976,622.971
10/11/1976,622.971
10/12/1976,622.971
10/13/1976,594.654
10/14/1976,538.02
10/15/1976,509.703
10/16/1976,509.703
10/17/1976,509.703
10/18/1976,509.703
10/19/1976,509.703
10/20/1976,509.703
10/21/1976,509.703
10/22/1976,509.703
10/23/1976,509.703
10/24/1976,509.703
10/25/1976,509.703
10/26/1976,509.703
10/27/1976,509.703
10/28/1976,566.337
10/29/1976,566.337
10/30/1976,566.337
10/31/1976,566.337
11/1/1976,622.971
11/2/1976,622.971
11/3/1976,566.337
11/4/1976,566.337
11/5/1976,566.337
11/6/1976,566.337
11/7/1976,566.337
11/8/1976,622.971
11/9/1976,622.971
11/10/1976,679.604
11/11/1976,679.604
11/12/1976,679.604
11/13/1976,679.604
11/14/1976,679.604
11/15/1976,679.604
11/16/1976,679.604
11/17/1976,679.604
11/18/1976,679.604
11/19/1976,679.604
11/20/1976,679.604
11/21/1976,679.604
11/22/1976,679.604
11/23/1976,679.604
11/24/1976,651.287
11/25/1976,651.287
11/26/1976,453.07
11/27/1976,368.119
11/28/1976,283.168
11/29/1976,283.168
11/30/1976,283.168
12/1/1976,283.168
12/2/1976,396.436
12/3/1976,424.753
12/4/1976,424.753
12/5/1976,424.753
12/6/1976,424.753
12/7/1976,424.753
12/8/1976,424.753
12/9/1976,424.753
12/10/1976,424.753
12/11/1976,424.753
12/12/1976,424.753
12/13/1976,481.386
12/14/1976,481.386
12/15/1976,481.386
12/16/1976,481.386
12/17/1976,509.703
12/18/1976,509.703
12/19/1976,509.703
12/20/1976,509.703
12/21/1976,566.337
12/22/1976,566.337
12/23/1976,566.337
12/24/1976,566.337
12/25/1976,566.337
12/26/1976,566.337
12/27/1976,566.337
12/28/1976,566.337
12/29/1976,509.703
12/30/1976,453.07
12/31/1976,424.753
1/1/1977,424.753
1/2/1977,368.119
1/3/1977,339.802
1/4/1977,311.485
1/5/1977,283.168
1/6/1977,283.168
1/7/1977,283.168
1/8/1977,283.168
1/9/1977,283.168
1/10/1977,283.168
1/11/1977,283.168
1/12/1977,339.802
1/13/1977,424.753
1/14/1977,424.753
1/15/1977,424.753
1/16/1977,424.753
1/17/1977,424.753
1/18/1977,424.753
1/19/1977,424.753
1/20/1977,424.753
1/21/1977,509.703
1/22/1977,566.337
1/23/1977,566.337
1/24/1977,566.337
1/25/1977,566.337
1/26/1977,566.337
1/27/1977,622.971
1/28/1977,651.287
1/29/1977,651.287
1/30/1977,651.287
1/31/1977,651.287
2/1/1977,651.287
2/2/1977,566.337
2/3/1977,566.337
2/4/1977,509.703
2/5/1977,509.703
2/6/1977,509.703
2/7/1977,509.703
2/8/1977,566.337
2/9/1977,622.971
2/10/1977,622.971
2/11/1977,622.971
2/12/1977,622.971
2/13/1977,622.971
2/14/1977,622.971
2/15/1977,622.971
2/16/1977,707.921
2/17/1977,707.921
2/18/1977,679.604
2/19/1977,622.971
2/20/1977,622.971
2/21/1977,622.971
2/22/1977,622.971
2/23/1977,622.971
2/24/1977,622.971
2/25/1977,622.971
2/26/1977,622.971
2/27/1977,622.971
2/28/1977,622.971
3/1/1977,707.921
3/2/1977,707.921
3/3/1977,651.287
3/4/1977,622.971
3/5/1977,566.337
3/6/1977,538.02
3/7/1977,538.02
3/8/1977,566.337
3/9/1977,622.971
3/10/1977,651.287
3/11/1977,651.287
3/12/1977,651.287
3/13/1977,651.287
3/14/1977,651.287
3/15/1977,651.287
3/16/1977,622.971
3/17/1977,594.654
3/18/1977,566.337
3/19/1977,538.02
3/20/1977,509.703
3/21/1977,481.386
3/22/1977,453.07
3/23/1977,509.703
3/24/1977,566.337
3/25/1977,594.654
3/26/1977,594.654
3/27/1977,622.971
3/28/1977,622.971
3/29/1977,546.515
3/30/1977,509.703
3/31/1977,481.386
4/1/1977,410.594
4/2/1977,382.277
4/3/1977,339.802
4/4/1977,339.802
4/5/1977,382.277
4/6/1977,382.277
4/7/1977,382.277
4/8/1977,382.277
4/9/1977,382.277
4/10/1977,339.802
4/11/1977,424.753
4/12/1977,523.862
4/13/1977,538.02
4/14/1977,566.337
4/15/1977,566.337
4/16/1977,509.703
4/17/1977,481.386
4/18/1977,424.753
4/19/1977,396.436
4/20/1977,396.436
4/21/1977,396.436
4/22/1977,368.119
4/23/1977,368.119
4/24/1977,368.119
4/25/1977,368.119
4/26/1977,368.119
4/27/1977,368.119
4/28/1977,368.119
4/29/1977,368.119
4/30/1977,368.119
5/1/1977,368.119
5/2/1977,339.802
5/3/1977,339.802
5/4/1977,424.753
5/5/1977,453.07
5/6/1977,424.753
5/7/1977,424.753
5/8/1977,424.753
5/9/1977,424.753
5/10/1977,424.753
5/11/1977,509.703
5/12/1977,509.703
5/13/1977,481.386
5/14/1977,481.386
5/15/1977,481.386
5/16/1977,481.386
5/17/1977,509.703
5/18/1977,566.337
5/19/1977,679.604
5/20/1977,622.971
5/21/1977,566.337
5/22/1977,566.337
5/23/1977,509.703
5/24/1977,509.703
5/25/1977,679.604
5/26/1977,821.189
5/27/1977,736.238
5/28/1977,594.654
5/29/1977,538.02
5/30/1977,481.386
5/31/1977,481.386
6/1/1977,424.753
6/2/1977,424.753
6/3/1977,424.753
6/4/1977,424.753
6/5/1977,424.753
6/6/1977,424.753
6/7/1977,424.753
6/8/1977,424.753
6/9/1977,566.337
6/10/1977,821.189
6/11/1977,962.773
6/12/1977,1330.892
6/13/1977,849.505
6/14/1977,1132.674
6/15/1977,1415.842
6/16/1977,991.09
6/17/1977,962.773
6/18/1977,906.139
6/19/1977,849.505
6/20/1977,764.555
6/21/1977,764.555
6/22/1977,1245.941
6/23/1977,962.773
6/24/1977,707.921
6/25/1977,594.654
6/26/1977,566.337
6/27/1977,566.337
6/28/1977,566.337
6/29/1977,566.337
6/30/1977,566.337
7/1/1977,481.386
7/2/1977,424.753
7/3/1977,368.119
7/4/1977,368.119
7/5/1977,368.119
7/6/1977,424.753
7/7/1977,481.386
7/8/1977,424.753
7/9/1977,424.753
7/10/1977,424.753
7/11/1977,424.753
7/12/1977,424.753
7/13/1977,424.753
7/14/1977,424.753
7/15/1977,424.753
7/16/1977,424.753
7/17/1977,424.753
7/18/1977,424.753
7/19/1977,424.753
7/20/1977,424.753
7/21/1977,424.753
7/22/1977,368.119
7/23/1977,368.119
7/24/1977,368.119
7/25/1977,283.168
7/26/1977,283.168
7/27/1977,283.168
7/28/1977,283.168
7/29/1977,339.802
7/30/1977,339.802
7/31/1977,339.802
8/1/1977,396.436
8/2/1977,396.436
8/3/1977,396.436
8/4/1977,396.436
8/5/1977,368.119
8/6/1977,339.802
8/7/1977,311.485
8/8/1977,311.485
8/9/1977,311.485
8/10/1977,283.168
8/11/1977,283.168
8/12/1977,283.168
8/13/1977,283.168
8/14/1977,283.168
8/15/1977,283.168
8/16/1977,283.168
8/17/1977,283.168
8/18/1977,283.168
8/19/1977,283.168
8/20/1977,283.168
8/21/1977,283.168
8/22/1977,283.168
8/23/1977,283.168
8/24/1977,283.168
8/25/1977,283.168
8/26/1977,283.168
8/27/1977,283.168
8/28/1977,283.168
8/29/1977,283.168
8/30/1977,424.753
8/31/1977,453.07
9/1/1977,481.386
9/2/1977,481.386
9/3/1977,481.386
9/4/1977,481.386
9/5/1977,424.753
9/6/1977,424.753
9/7/1977,424.753
9/8/1977,566.337
9/9/1977,424.753
9/10/1977,424.753
9/11/1977,424.753
9/12/1977,424.753
9/13/1977,368.119
9/14/1977,339.802
9/15/1977,339.802
9/16/1977,339.802
9/17/1977,453.07
9/18/1977,509.703
9/19/1977,339.802
9/20/1977,339.802
9/21/1977,566.337
9/22/1977,424.753
9/23/1977,481.386
9/24/1977,509.703
9/25/1977,453.07
9/26/1977,396.436
9/27/1977,368.119
9/28/1977,339.802
9/29/1977,339.802
9/30/1977,339.802
10/1/1977,339.802
10/2/1977,339.802
10/3/1977,424.753
10/4/1977,424.753
10/5/1977,424.753
10/6/1977,339.802
10/7/1977,339.802
10/8/1977,339.802
10/9/1977,339.802
10/10/1977,339.802
10/11/1977,339.802
10/12/1977,339.802
10/13/1977,339.802
10/14/1977,339.802
10/15/1977,339.802
10/16/1977,339.802
10/17/1977,339.802
10/18/1977,311.485
10/19/1977,311.485
10/20/1977,311.485
10/21/1977,339.802
10/22/1977,339.802
10/23/1977,339.802
10/24/1977,339.802
10/25/1977,339.802
10/26/1977,339.802
10/27/1977,339.802
10/28/1977,339.802
10/29/1977,339.802
10/30/1977,339.802
10/31/1977,339.802
11/1/1977,339.802
11/2/1977,339.802
11/3/1977,283.168
11/4/1977,283.168
11/5/1977,283.168
11/6/1977,283.168
11/7/1977,283.168
11/8/1977,283.168
11/9/1977,283.168
11/10/1977,283.168
11/11/1977,283.168
11/12/1977,283.168
11/13/1977,283.168
11/14/1977,283.168
11/15/1977,283.168
11/16/1977,283.168
11/17/1977,283.168
11/18/1977,198.218
11/19/1977,141.584
11/20/1977,99.109
11/21/1977,84.951
11/22/1977,84.951
11/23/1977,84.951
11/24/1977,84.951
11/25/1977,84.951
11/26/1977,84.951
11/27/1977,84.951
11/28/1977,84.951
11/29/1977,141.584
11/30/1977,198.218
12/1/1977,198.218
12/2/1977,283.168
12/3/1977,424.753
12/4/1977,410.594
12/5/1977,424.753
12/6/1977,283.168
12/7/1977,283.168
12/8/1977,424.753
12/9/1977,424.753
12/10/1977,424.753
12/11/1977,424.753
12/12/1977,424.753
12/13/1977,424.753
12/14/1977,339.802
12/15/1977,339.802
12/16/1977,339.802
12/17/1977,396.436
12/18/1977,424.753
12/19/1977,481.386
12/20/1977,481.386
12/21/1977,481.386
12/22/1977,481.386
12/23/1977,453.07
12/24/1977,424.753
12/25/1977,424.753
12/26/1977,424.753
12/27/1977,424.753
12/28/1977,424.753
12/29/1977,339.802
12/30/1977,311.485
12/31/1977,297.327
1/1/1978,283.168
1/2/1978,283.168
1/3/1978,311.485
1/4/1978,368.119
1/5/1978,396.436
1/6/1978,368.119
1/7/1978,368.119
1/8/1978,368.119
1/9/1978,368.119
1/10/1978,339.802
1/11/1978,339.802
1/12/1978,339.802
1/13/1978,339.802
1/14/1978,339.802
1/15/1978,339.802
1/16/1978,339.802
1/17/1978,424.753
1/18/1978,566.337
1/19/1978,424.753
1/20/1978,424.753
1/21/1978,424.753
1/22/1978,424.753
1/23/1978,424.753
1/24/1978,566.337
1/25/1978,566.337
1/26/1978,424.753
1/27/1978,396.436
1/28/1978,368.119
1/29/1978,368.119
1/30/1978,368.119
1/31/1978,353.961
2/1/1978,424.753
2/2/1978,424.753
2/3/1978,424.753
2/4/1978,453.07
2/5/1978,481.386
2/6/1978,509.703
2/7/1978,566.337
2/8/1978,566.337
2/9/1978,509.703
2/10/1978,538.02
2/11/1978,538.02
2/12/1978,538.02
2/13/1978,538.02
2/14/1978,538.02
2/15/1978,538.02
2/16/1978,538.02
2/17/1978,538.02
2/18/1978,538.02
2/19/1978,509.703
2/20/1978,509.703
2/21/1978,509.703
2/22/1978,509.703
2/23/1978,509.703
2/24/1978,509.703
2/25/1978,509.703
2/26/1978,509.703
2/27/1978,509.703
2/28/1978,509.703
3/1/1978,566.337
3/2/1978,566.337
3/3/1978,566.337
3/4/1978,566.337
3/5/1978,566.337
3/6/1978,566.337
3/7/1978,509.703
3/8/1978,509.703
3/9/1978,509.703
3/10/1978,509.703
3/11/1978,509.703
3/12/1978,509.703
3/13/1978,566.337
3/14/1978,707.921
3/15/1978,707.921
3/16/1978,707.921
3/17/1978,707.921
3/18/1978,707.921
3/19/1978,764.555
3/20/1978,792.872
3/21/1978,1132.674
3/22/1978,1274.258
3/23/1978,1557.427
3/24/1978,1897.229
3/25/1978,2973.269
3/26/1978,3539.606
3/27/1978,4247.527
3/28/1978,3398.022
3/29/1978,3539.606
3/30/1978,3114.853
3/31/1978,3256.437
4/1/1978,2548.516
4/2/1978,2265.348
4/3/1978,1982.179
4/4/1978,1415.842
4/5/1978,1557.427
4/6/1978,1472.476
4/7/1978,1189.308
4/8/1978,1132.674
4/9/1978,1076.04
4/10/1978,1076.04
4/11/1978,1076.04
4/12/1978,1076.04
4/13/1978,991.09
4/14/1978,906.139
4/15/1978,877.822
4/16/1978,849.505
4/17/1978,1274.258
4/18/1978,1274.258
4/19/1978,991.09
4/20/1978,849.505
4/21/1978,849.505
4/22/1978,991.09
4/23/1978,934.456
4/24/1978,849.505
4/25/1978,707.921
4/26/1978,566.337
4/27/1978,566.337
4/28/1978,622.971
4/29/1978,651.287
4/30/1978,679.604
5/1/1978,622.971
5/2/1978,566.337
5/3/1978,707.921
5/4/1978,849.505
5/5/1978,849.505
5/6/1978,764.555
5/7/1978,934.456
5/8/1978,1132.674
5/9/1978,849.505
5/10/1978,991.09
5/11/1978,849.505
5/12/1978,991.09
5/13/1978,991.09
5/14/1978,991.09
5/15/1978,849.505
5/16/1978,991.09
5/17/1978,1132.674
5/18/1978,1132.674
5/19/1978,1189.308
5/20/1978,1217.624
5/21/1978,1953.862
5/22/1978,2831.685
5/23/1978,2973.269
5/24/1978,3114.853
5/25/1978,2831.685
5/26/1978,1982.179
5/27/1978,1699.011
5/28/1978,1557.427
5/29/1978,1557.427
5/30/1978,1699.011
5/31/1978,2265.348
6/1/1978,2123.763
6/2/1978,1840.595
6/3/1978,1840.595
6/4/1978,1840.595
6/5/1978,1699.011
6/6/1978,1557.427
6/7/1978,1557.427
6/8/1978,1415.842
6/9/1978,1472.476
6/10/1978,1500.793
6/11/1978,1642.377
6/12/1978,1840.595
6/13/1978,1982.179
6/14/1978,1982.179
6/15/1978,2123.763
6/16/1978,1982.179
6/17/1978,1840.595
6/18/1978,1699.011
6/19/1978,1840.595
6/20/1978,1840.595
6/21/1978,1699.011
6/22/1978,1557.427
6/23/1978,1699.011
6/24/1978,1557.427
6/25/1978,1557.427
6/26/1978,1840.595
6/27/1978,1699.011
6/28/1978,1699.011
6/29/1978,1840.595
6/30/1978,1840.595
7/1/1978,1840.595
7/2/1978,1812.278
7/3/1978,1840.595
7/4/1978,1982.179
7/5/1978,1982.179
7/6/1978,1840.595
7/7/1978,1699.011
7/8/1978,1642.377
7/9/1978,1585.743
7/10/1978,1415.842
7/11/1978,1699.011
7/12/1978,1529.11
7/13/1978,1472.476
7/14/1978,1472.476
7/15/1978,1444.159
7/16/1978,1444.159
7/17/1978,1415.842
7/18/1978,1557.427
7/19/1978,1415.842
7/20/1978,1415.842
7/21/1978,1217.624
7/22/1978,1160.991
7/23/1978,1132.674
7/24/1978,1132.674
7/25/1978,1132.674
7/26/1978,1132.674
7/27/1978,1132.674
7/28/1978,1132.674
7/29/1978,1132.674
7/30/1978,1132.674
7/31/1978,962.773
8/1/1978,962.773
8/2/1978,934.456
8/3/1978,934.456
8/4/1978,934.456
8/5/1978,906.139
8/6/1978,906.139
8/7/1978,877.822
8/8/1978,849.505
8/9/1978,849.505
8/10/1978,821.189
8/11/1978,792.872
8/12/1978,764.555
8/13/1978,764.555
8/14/1978,764.555
8/15/1978,764.555
8/16/1978,764.555
8/17/1978,764.555
8/18/1978,736.238
8/19/1978,707.921
8/20/1978,679.604
8/21/1978,679.604
8/22/1978,679.604
8/23/1978,679.604
8/24/1978,679.604
8/25/1978,679.604
8/26/1978,679.604
8/27/1978,679.604
8/28/1978,679.604
8/29/1978,679.604
8/30/1978,679.604
8/31/1978,679.604
9/1/1978,736.238
9/2/1978,736.238
9/3/1978,736.238
9/4/1978,736.238
9/5/1978,707.921
9/6/1978,707.921
9/7/1978,707.921
9/8/1978,707.921
9/9/1978,707.921
9/10/1978,707.921
9/11/1978,707.921
9/12/1978,849.505
9/13/1978,1132.674
9/14/1978,679.604
9/15/1978,622.971
9/16/1978,651.287
9/17/1978,707.921
9/18/1978,707.921
9/19/1978,991.09
9/20/1978,707.921
9/21/1978,707.921
9/22/1978,1104.357
9/23/1978,1217.624
9/24/1978,821.189
9/25/1978,1076.04
9/26/1978,991.09
9/27/1978,849.505
9/28/1978,849.505
9/29/1978,707.921
9/30/1978,707.921
10/1/1978,707.921
10/2/1978,707.921
10/3/1978,707.921
10/4/1978,849.505
10/5/1978,707.921
10/6/1978,707.921
10/7/1978,707.921
10/8/1978,707.921
10/9/1978,707.921
10/10/1978,707.921
10/11/1978,707.921
10/12/1978,651.287
10/13/1978,651.287
10/14/1978,651.287
10/15/1978,651.287
10/16/1978,651.287
10/17/1978,651.287
10/18/1978,651.287
10/19/1978,651.287
10/20/1978,651.287
10/21/1978,651.287
10/22/1978,651.287
10/23/1978,651.287
10/24/1978,651.287
10/25/1978,651.287
10/26/1978,622.971
10/27/1978,622.971
10/28/1978,622.971
10/29/1978,622.971
10/30/1978,622.971
10/31/1978,594.654
11/1/1978,566.337
11/2/1978,566.337
11/3/1978,566.337
11/4/1978,566.337
11/5/1978,566.337
11/6/1978,566.337
11/7/1978,566.337
11/8/1978,622.971
11/9/1978,622.971
11/10/1978,594.654
11/11/1978,566.337
11/12/1978,566.337
11/13/1978,622.971
11/14/1978,566.337
11/15/1978,566.337
11/16/1978,566.337
11/17/1978,509.703
11/18/1978,424.753
11/19/1978,283.168
11/20/1978,226.535
11/21/1978,198.218
11/22/1978,424.753
11/23/1978,566.337
11/24/1978,566.337
11/25/1978,566.337
11/26/1978,566.337
11/27/1978,424.753
11/28/1978,566.337
11/29/1978,566.337
11/30/1978,566.337
12/1/1978,622.971
12/2/1978,566.337
12/3/1978,566.337
12/4/1978,566.337
12/5/1978,566.337
12/6/1978,566.337
12/7/1978,566.337
12/8/1978,481.386
12/9/1978,453.07
12/10/1978,453.07
12/11/1978,424.753
12/12/1978,424.753
12/13/1978,424.753
12/14/1978,481.386
12/15/1978,481.386
12/16/1978,481.386
12/17/1978,566.337
12/18/1978,566.337
12/19/1978,566.337
12/20/1978,566.337
12/21/1978,566.337
12/22/1978,566.337
12/23/1978,566.337
12/24/1978,566.337
12/25/1978,566.337
12/26/1978,566.337
12/27/1978,566.337
12/28/1978,566.337
12/29/1978,566.337
12/30/1978,566.337
12/31/1978,566.337
1/1/1979,481.386
1/2/1979,424.753
1/3/1979,283.168
1/4/1979,141.584
1/5/1979,283.168
1/6/1979,424.753
1/7/1979,424.753
1/8/1979,283.168
1/9/1979,198.218
1/10/1979,198.218
1/11/1979,283.168
1/12/1979,481.386
1/13/1979,481.386
1/14/1979,481.386
1/15/1979,424.753
1/16/1979,424.753
1/17/1979,424.753
1/18/1979,424.753
1/19/1979,481.386
1/20/1979,481.386
1/21/1979,481.386
1/22/1979,509.703
1/23/1979,509.703
1/24/1979,566.337
1/25/1979,594.654
1/26/1979,594.654
1/27/1979,594.654
1/28/1979,594.654
1/29/1979,594.654
1/30/1979,566.337
1/31/1979,538.02
2/1/1979,538.02
2/2/1979,509.703
2/3/1979,509.703
2/4/1979,509.703
2/5/1979,509.703
2/6/1979,509.703
2/7/1979,509.703
2/8/1979,509.703
2/9/1979,566.337
2/10/1979,566.337
2/11/1979,566.337
2/12/1979,594.654
2/13/1979,594.654
2/14/1979,594.654
2/15/1979,594.654
2/16/1979,594.654
2/17/1979,594.654
2/18/1979,594.654
2/19/1979,594.654
2/20/1979,594.654
2/21/1979,594.654
2/22/1979,849.505
2/23/1979,707.921
2/24/1979,594.654
2/25/1979,594.654
2/26/1979,594.654
2/27/1979,594.654
2/28/1979,566.337
3/1/1979,566.337
3/2/1979,594.654
3/3/1979,594.654
3/4/1979,707.921
3/5/1979,707.921
3/6/1979,594.654
3/7/1979,594.654
3/8/1979,707.921
3/9/1979,707.921
3/10/1979,594.654
3/11/1979,594.654
3/12/1979,707.921
3/13/1979,594.654
3/14/1979,594.654
3/15/1979,707.921
3/16/1979,1019.406
3/17/1979,1132.674
3/18/1979,1415.842
3/19/1979,1132.674
3/20/1979,1132.674
3/21/1979,1699.011
3/22/1979,1982.179
3/23/1979,1557.427
3/24/1979,1557.427
3/25/1979,1699.011
3/26/1979,1415.842
3/27/1979,1614.06
3/28/1979,1699.011
3/29/1979,1699.011
3/30/1979,1415.842
3/31/1979,1274.258
4/1/1979,1274.258
4/2/1979,1274.258
4/3/1979,1274.258
4/4/1979,1274.258
4/5/1979,1132.674
4/6/1979,1132.674
4/7/1979,1132.674
4/8/1979,991.09
4/9/1979,1132.674
4/10/1979,1274.258
4/11/1979,2265.348
4/12/1979,2123.763
4/13/1979,1982.179
4/14/1979,1982.179
4/15/1979,1982.179
4/16/1979,1982.179
4/17/1979,2548.516
4/18/1979,4530.695
4/19/1979,4530.695
4/20/1979,2831.685
4/21/1979,2406.932
4/22/1979,1868.912
4/23/1979,1868.912
4/24/1979,1699.011
4/25/1979,1699.011
4/26/1979,1699.011
4/27/1979,1699.011
4/28/1979,1557.427
4/29/1979,1557.427
4/30/1979,1430.001
5/1/1979,1415.842
5/2/1979,1415.842
5/3/1979,1415.842
5/4/1979,1415.842
5/5/1979,1415.842
5/6/1979,1699.011
5/7/1979,1699.011
5/8/1979,1699.011
5/9/1979,1415.842
5/10/1979,1415.842
5/11/1979,1415.842
5/12/1979,1415.842
5/13/1979,1415.842
5/14/1979,1274.258
5/15/1979,1274.258
5/16/1979,1132.674
5/17/1979,991.09
5/18/1979,849.505
5/19/1979,849.505
5/20/1979,849.505
5/21/1979,849.505
5/22/1979,707.921
5/23/1979,707.921
5/24/1979,707.921
5/25/1979,849.505
5/26/1979,991.09
5/27/1979,991.09
5/28/1979,1274.258
5/29/1979,1274.258
5/30/1979,1274.258
5/31/1979,1245.941
6/1/1979,1274.258
6/2/1979,1274.258
6/3/1979,1274.258
6/4/1979,1274.258
6/5/1979,1274.258
6/6/1979,1217.624
6/7/1979,1217.624
6/8/1979,991.09
6/9/1979,849.505
6/10/1979,622.971
6/11/1979,991.09
6/12/1979,991.09
6/13/1979,1132.674
6/14/1979,1132.674
6/15/1979,849.505
6/16/1979,849.505
6/17/1979,849.505
6/18/1979,1132.674
6/19/1979,2123.763
6/20/1979,1274.258
6/21/1979,1132.674
6/22/1979,1132.674
6/23/1979,1132.674
6/24/1979,1132.674
6/25/1979,1415.842
6/26/1979,1415.842
6/27/1979,1415.842
6/28/1979,1274.258
6/29/1979,1132.674
6/30/1979,1132.674
7/1/1979,1132.674
7/2/1979,1132.674
7/3/1979,991.09
7/4/1979,991.09
7/5/1979,991.09
7/6/1979,1132.674
7/7/1979,1132.674
7/8/1979,1132.674
7/9/1979,991.09
7/10/1979,991.09
7/11/1979,991.09
7/12/1979,991.09
7/13/1979,849.505
7/14/1979,707.921
7/15/1979,707.921
7/16/1979,707.921
7/17/1979,707.921
7/18/1979,707.921
7/19/1979,707.921
7/20/1979,707.921
7/21/1979,707.921
7/22/1979,679.604
7/23/1979,651.287
7/24/1979,651.287
7/25/1979,651.287
7/26/1979,651.287
7/27/1979,622.971
7/28/1979,651.287
7/29/1979,651.287
7/30/1979,707.921
7/31/1979,622.971
8/1/1979,679.604
8/2/1979,651.287
8/3/1979,651.287
8/4/1979,651.287
8/5/1979,651.287
8/6/1979,651.287
8/7/1979,651.287
8/8/1979,622.971
8/9/1979,594.654
8/10/1979,566.337
8/11/1979,566.337
8/12/1979,538.02
8/13/1979,509.703
8/14/1979,509.703
8/15/1979,509.703
8/16/1979,509.703
8/17/1979,509.703
8/18/1979,509.703
8/19/1979,509.703
8/20/1979,566.337
8/21/1979,679.604
8/22/1979,651.287
8/23/1979,566.337
8/24/1979,538.02
8/25/1979,509.703
8/26/1979,481.386
8/27/1979,481.386
8/28/1979,481.386
8/29/1979,481.386
8/30/1979,481.386
8/31/1979,481.386
9/1/1979,453.07
9/2/1979,424.753
9/3/1979,424.753
9/4/1979,424.753
9/5/1979,481.386
9/6/1979,481.386
9/7/1979,566.337
9/8/1979,566.337
9/9/1979,566.337
9/10/1979,707.921
9/11/1979,707.921
9/12/1979,566.337
9/13/1979,509.703
9/14/1979,424.753
9/15/1979,424.753
9/16/1979,424.753
9/17/1979,424.753
9/18/1979,424.753
9/19/1979,424.753
9/20/1979,424.753
9/21/1979,396.436
9/22/1979,396.436
9/23/1979,396.436
9/24/1979,396.436
9/25/1979,368.119
9/26/1979,368.119
9/27/1979,368.119
9/28/1979,368.119
9/29/1979,368.119
9/30/1979,368.119
10/1/1979,368.119
10/2/1979,368.119
10/3/1979,368.119
10/4/1979,368.119
10/5/1979,368.119
10/6/1979,368.119
10/7/1979,368.119
10/8/1979,368.119
10/9/1979,368.119
10/10/1979,368.119
10/11/1979,368.119
10/12/1979,368.119
10/13/1979,368.119
10/14/1979,368.119
10/15/1979,368.119
10/16/1979,424.753
10/17/1979,424.753
10/18/1979,424.753
10/19/1979,424.753
10/20/1979,481.386
10/21/1979,481.386
10/22/1979,481.386
10/23/1979,481.386
10/24/1979,481.386
10/25/1979,481.386
10/26/1979,481.386
10/27/1979,481.386
10/28/1979,481.386
10/29/1979,424.753
10/30/1979,396.436
10/31/1979,339.802
11/1/1979,283.168
11/2/1979,283.168
11/3/1979,283.168
11/4/1979,283.168
11/5/1979,283.168
11/6/1979,254.852
11/7/1979,226.535
11/8/1979,226.535
11/9/1979,283.168
11/10/1979,283.168
11/11/1979,339.802
11/12/1979,424.753
11/13/1979,424.753
11/14/1979,424.753
11/15/1979,424.753
11/16/1979,481.386
11/17/1979,481.386
11/18/1979,481.386
11/19/1979,481.386
11/20/1979,424.753
11/21/1979,424.753
11/22/1979,368.119
11/23/1979,368.119
11/24/1979,368.119
11/25/1979,368.119
11/26/1979,368.119
11/27/1979,368.119
11/28/1979,424.753
11/29/1979,368.119
11/30/1979,283.168
12/1/1979,283.168
12/2/1979,283.168
12/3/1979,283.168
12/4/1979,283.168
12/5/1979,226.535
12/6/1979,226.535
12/7/1979,226.535
12/8/1979,226.535
12/9/1979,226.535
12/10/1979,226.535
12/11/1979,226.535
12/12/1979,226.535
12/13/1979,339.802
12/14/1979,339.802
12/15/1979,339.802
12/16/1979,339.802
12/17/1979,339.802
12/18/1979,424.753
12/19/1979,566.337
12/20/1979,566.337
12/21/1979,424.753
12/22/1979,424.753
12/23/1979,424.753
12/24/1979,424.753
12/25/1979,707.921
12/26/1979,849.505
12/27/1979,849.505
12/28/1979,594.654
12/29/1979,566.337
12/30/1979,538.02
12/31/1979,523.862
1/1/1980,481.386
1/2/1980,424.753
1/3/1980,396.436
1/4/1980,339.802
1/5/1980,396.436
1/6/1980,424.753
1/7/1980,424.753
1/8/1980,339.802
1/9/1980,283.168
1/10/1980,283.168
1/11/1980,226.535
1/12/1980,141.584
1/13/1980,141.584
1/14/1980,141.584
1/15/1980,141.584
1/16/1980,283.168
1/17/1980,424.753
1/18/1980,424.753
1/19/1980,424.753
1/20/1980,424.753
1/21/1980,566.337
1/22/1980,566.337
1/23/1980,566.337
1/24/1980,566.337
1/25/1980,509.703
1/26/1980,509.703
1/27/1980,509.703
1/28/1980,509.703
1/29/1980,424.753
1/30/1980,283.168
1/31/1980,297.327
2/1/1980,424.753
2/2/1980,424.753
2/3/1980,481.386
2/4/1980,707.921
2/5/1980,566.337
2/6/1980,424.753
2/7/1980,424.753
2/8/1980,566.337
2/9/1980,566.337
2/10/1980,566.337
2/11/1980,538.02
2/12/1980,509.703
2/13/1980,509.703
2/14/1980,509.703
2/15/1980,566.337
2/16/1980,566.337
2/17/1980,509.703
2/18/1980,509.703
2/19/1980,509.703
2/20/1980,509.703
2/21/1980,538.02
2/22/1980,538.02
2/23/1980,538.02
2/24/1980,509.703
2/25/1980,481.386
2/26/1980,481.386
2/27/1980,481.386
2/28/1980,481.386
2/29/1980,509.703
3/1/1980,509.703
3/2/1980,566.337
3/3/1980,622.971
3/4/1980,622.971
3/5/1980,566.337
3/6/1980,481.386
3/7/1980,566.337
3/8/1980,566.337
3/9/1980,566.337
3/10/1980,424.753
3/11/1980,424.753
3/12/1980,424.753
3/13/1980,424.753
3/14/1980,566.337
3/15/1980,566.337
3/16/1980,566.337
3/17/1980,566.337
3/18/1980,622.971
3/19/1980,707.921
3/20/1980,707.921
3/21/1980,622.971
3/22/1980,622.971
3/23/1980,566.337
3/24/1980,707.921
3/25/1980,707.921
3/26/1980,707.921
3/27/1980,707.921
3/28/1980,622.971
3/29/1980,622.971
3/30/1980,622.971
3/31/1980,637.129
4/1/1980,566.337
4/2/1980,566.337
4/3/1980,566.337
4/4/1980,707.921
4/5/1980,707.921
4/6/1980,707.921
4/7/1980,1132.674
4/8/1980,707.921
4/9/1980,566.337
4/10/1980,566.337
4/11/1980,481.386
4/12/1980,424.753
4/13/1980,424.753
4/14/1980,481.386
4/15/1980,481.386
4/16/1980,481.386
4/17/1980,424.753
4/18/1980,481.386
4/19/1980,481.386
4/20/1980,481.386
4/21/1980,481.386
4/22/1980,481.386
4/23/1980,481.386
4/24/1980,481.386
4/25/1980,481.386
4/26/1980,481.386
4/27/1980,481.386
4/28/1980,566.337
4/29/1980,566.337
4/30/1980,566.337
5/1/1980,566.337
5/2/1980,509.703
5/3/1980,509.703
5/4/1980,509.703
5/5/1980,509.703
5/6/1980,509.703
5/7/1980,424.753
5/8/1980,424.753
5/9/1980,509.703
5/10/1980,509.703
5/11/1980,509.703
5/12/1980,509.703
5/13/1980,509.703
5/14/1980,566.337
5/15/1980,566.337
5/16/1980,707.921
5/17/1980,651.287
5/18/1980,538.02
5/19/1980,481.386
5/20/1980,424.753
5/21/1980,424.753
5/22/1980,453.07
5/23/1980,481.386
5/24/1980,509.703
5/25/1980,566.337
5/26/1980,622.971
5/27/1980,991.09
5/28/1980,1132.674
5/29/1980,1274.258
5/30/1980,1132.674
5/31/1980,1005.248
6/1/1980,707.921
6/2/1980,707.921
6/3/1980,707.921
6/4/1980,707.921
6/5/1980,849.505
6/6/1980,849.505
6/7/1980,849.505
6/8/1980,849.505
6/9/1980,707.921
6/10/1980,594.654
6/11/1980,707.921
6/12/1980,877.822
6/13/1980,764.555
6/14/1980,764.555
6/15/1980,764.555
6/16/1980,1132.674
6/17/1980,1132.674
6/18/1980,1132.674
6/19/1980,1132.674
6/20/1980,1132.674
6/21/1980,1132.674
6/22/1980,991.09
6/23/1980,1132.674
6/24/1980,1132.674
6/25/1980,1132.674
6/26/1980,991.09
6/27/1980,1274.258
6/28/1980,1132.674
6/29/1980,1132.674
6/30/1980,1132.674
7/1/1980,1047.723
7/2/1980,962.773
7/3/1980,906.139
7/4/1980,849.505
7/5/1980,821.189
7/6/1980,792.872
7/7/1980,792.872
7/8/1980,792.872
7/9/1980,792.872
7/10/1980,792.872
7/11/1980,792.872
7/12/1980,792.872
7/13/1980,792.872
7/14/1980,736.238
7/15/1980,707.921
7/16/1980,707.921
7/17/1980,707.921
7/18/1980,707.921
7/19/1980,707.921
7/20/1980,707.921
7/21/1980,651.287
7/22/1980,651.287
7/23/1980,651.287
7/24/1980,651.287
7/25/1980,622.971
7/26/1980,594.654
7/27/1980,594.654
7/28/1980,594.654
7/29/1980,566.337
7/30/1980,566.337
7/31/1980,566.337
8/1/1980,563.505
8/2/1980,538.02
8/3/1980,538.02
8/4/1980,651.287
8/5/1980,538.02
8/6/1980,538.02
8/7/1980,509.703
8/8/1980,509.703
8/9/1980,509.703
8/10/1980,509.703
8/11/1980,481.386
8/12/1980,481.386
8/13/1980,453.07
8/14/1980,453.07
8/15/1980,481.386
8/16/1980,566.337
8/17/1980,651.287
8/18/1980,877.822
8/19/1980,821.189
8/20/1980,679.604
8/21/1980,509.703
8/22/1980,509.703
8/23/1980,509.703
8/24/1980,509.703
8/25/1980,509.703
8/26/1980,481.386
8/27/1980,481.386
8/28/1980,481.386
8/29/1980,481.386
8/30/1980,481.386
8/31/1980,481.386
9/1/1980,679.604
9/2/1980,792.872
9/3/1980,651.287
9/4/1980,651.287
9/5/1980,651.287
9/6/1980,651.287
9/7/1980,651.287
9/8/1980,566.337
9/9/1980,509.703
9/10/1980,509.703
9/11/1980,481.386
9/12/1980,481.386
9/13/1980,481.386
9/14/1980,481.386
9/15/1980,481.386
9/16/1980,481.386
9/17/1980,538.02
9/18/1980,538.02
9/19/1980,651.287
9/20/1980,707.921
9/21/1980,736.238
9/22/1980,736.238
9/23/1980,736.238
9/24/1980,736.238
9/25/1980,679.604
9/26/1980,651.287
9/27/1980,622.971
9/28/1980,622.971
9/29/1980,566.337
9/30/1980,622.971
10/1/1980,679.604
10/2/1980,679.604
10/3/1980,679.604
10/4/1980,679.604
10/5/1980,622.971
10/6/1980,622.971
10/7/1980,594.654
10/8/1980,594.654
10/9/1980,538.02
10/10/1980,594.654
10/11/1980,594.654
10/12/1980,594.654
10/13/1980,566.337
10/14/1980,707.921
10/15/1980,707.921
10/16/1980,991.09
10/17/1980,849.505
10/18/1980,707.921
10/19/1980,566.337
10/20/1980,538.02
10/21/1980,538.02
10/22/1980,594.654
10/23/1980,693.763
10/24/1980,736.238
10/25/1980,679.604
10/26/1980,651.287
10/27/1980,651.287
10/28/1980,594.654
10/29/1980,594.654
10/30/1980,594.654
10/31/1980,588.99
11/1/1980,566.337
11/2/1980,538.02
11/3/1980,509.703
11/4/1980,509.703
11/5/1980,481.386
11/6/1980,481.386
11/7/1980,481.386
11/8/1980,481.386
11/9/1980,481.386
11/10/1980,481.386
11/11/1980,481.386
11/12/1980,481.386
11/13/1980,481.386
11/14/1980,481.386
11/15/1980,481.386
11/16/1980,481.386
11/17/1980,509.703
11/18/1980,509.703
11/19/1980,509.703
11/20/1980,509.703
11/21/1980,481.386
11/22/1980,481.386
11/23/1980,481.386
11/24/1980,481.386
11/25/1980,481.386
11/26/1980,481.386
11/27/1980,453.07
11/28/1980,424.753
11/29/1980,424.753
11/30/1980,424.753
12/1/1980,283.168
12/2/1980,226.535
12/3/1980,169.901
12/4/1980,113.267
12/5/1980,113.267
12/6/1980,169.901
12/7/1980,226.535
12/8/1980,283.168
12/9/1980,283.168
12/10/1980,283.168
12/11/1980,283.168
12/12/1980,283.168
12/13/1980,283.168
12/14/1980,396.436
12/15/1980,481.386
12/16/1980,566.337
12/17/1980,622.971
12/18/1980,538.02
12/19/1980,481.386
12/20/1980,453.07
12/21/1980,453.07
12/22/1980,509.703
12/23/1980,509.703
12/24/1980,283.168
12/25/1980,283.168
12/26/1980,396.436
12/27/1980,396.436
12/28/1980,453.07
12/29/1980,424.753
12/30/1980,538.02
12/31/1980,538.02
1/1/1981,509.703
1/2/1981,509.703
1/3/1981,509.703
1/4/1981,509.703
1/5/1981,509.703
1/6/1981,509.703
1/7/1981,566.337
1/8/1981,566.337
1/9/1981,538.02
1/10/1981,538.02
1/11/1981,538.02
1/12/1981,538.02
1/13/1981,538.02
1/14/1981,566.337
1/15/1981,566.337
1/16/1981,566.337
1/17/1981,566.337
1/18/1981,566.337
1/19/1981,509.703
1/20/1981,509.703
1/21/1981,509.703
1/22/1981,509.703
1/23/1981,509.703
1/24/1981,509.703
1/25/1981,509.703
1/26/1981,509.703
1/27/1981,566.337
1/28/1981,566.337
1/29/1981,566.337
1/30/1981,566.337
1/31/1981,566.337
2/1/1981,566.337
2/2/1981,481.386
2/3/1981,396.436
2/4/1981,339.802
2/5/1981,283.168
2/6/1981,283.168
2/7/1981,339.802
2/8/1981,368.119
2/9/1981,396.436
2/10/1981,396.436
2/11/1981,396.436
2/12/1981,396.436
2/13/1981,396.436
2/14/1981,396.436
2/15/1981,453.07
2/16/1981,481.386
2/17/1981,566.337
2/18/1981,707.921
2/19/1981,707.921
2/20/1981,764.555
2/21/1981,821.189
2/22/1981,849.505
2/23/1981,792.872
2/24/1981,707.921
2/25/1981,622.971
2/26/1981,622.971
2/27/1981,622.971
2/28/1981,622.971
3/1/1981,563.505
3/2/1981,509.703
3/3/1981,453.07
3/4/1981,453.07
3/5/1981,453.07
3/6/1981,538.02
3/7/1981,566.337
3/8/1981,651.287
3/9/1981,736.238
3/10/1981,821.189
3/11/1981,764.555
3/12/1981,651.287
3/13/1981,651.287
3/14/1981,707.921
3/15/1981,764.555
3/16/1981,679.604
3/17/1981,622.971
3/18/1981,594.654
3/19/1981,566.337
3/20/1981,509.703
3/21/1981,453.07
3/22/1981,396.436
3/23/1981,396.436
3/24/1981,396.436
3/25/1981,396.436
3/26/1981,396.436
3/27/1981,396.436
3/28/1981,424.753
3/29/1981,453.07
3/30/1981,453.07
3/31/1981,467.228
4/1/1981,421.921
4/2/1981,396.436
4/3/1981,339.802
4/4/1981,283.168
4/5/1981,283.168
4/6/1981,283.168
4/7/1981,283.168
4/8/1981,283.168
4/9/1981,283.168
4/10/1981,283.168
4/11/1981,283.168
4/12/1981,283.168
4/13/1981,283.168
4/14/1981,283.168
4/15/1981,283.168
4/16/1981,283.168
4/17/1981,283.168
4/18/1981,283.168
4/19/1981,283.168
4/20/1981,283.168
4/21/1981,283.168
4/22/1981,283.168
4/23/1981,283.168
4/24/1981,339.802
4/25/1981,368.119
4/26/1981,396.436
4/27/1981,396.436
4/28/1981,396.436
4/29/1981,396.436
4/30/1981,396.436
5/1/1981,396.436
5/2/1981,396.436
5/3/1981,396.436
5/4/1981,396.436
5/5/1981,396.436
5/6/1981,396.436
5/7/1981,396.436
5/8/1981,453.07
5/9/1981,509.703
5/10/1981,538.02
5/11/1981,538.02
5/12/1981,538.02
5/13/1981,538.02
5/14/1981,538.02
5/15/1981,538.02
5/16/1981,538.02
5/17/1981,622.971
5/18/1981,651.287
5/19/1981,622.971
5/20/1981,622.971
5/21/1981,622.971
5/22/1981,821.189
5/23/1981,934.456
5/24/1981,849.505
5/25/1981,877.822
5/26/1981,934.456
5/27/1981,1019.406
5/28/1981,1217.624
5/29/1981,1274.258
5/30/1981,1302.575
5/31/1981,1330.892
6/1/1981,1696.179
6/2/1981,1812.278
6/3/1981,1812.278
6/4/1981,1812.278
6/5/1981,1840.595
6/6/1981,1868.912
6/7/1981,1755.644
6/8/1981,1500.793
6/9/1981,1472.476
6/10/1981,1444.159
6/11/1981,1472.476
6/12/1981,1585.743
6/13/1981,1699.011
6/14/1981,1897.229
6/15/1981,2010.496
6/16/1981,1783.961
6/17/1981,1642.377
6/18/1981,1529.11
6/19/1981,1472.476
6/20/1981,1359.209
6/21/1981,1302.575
6/22/1981,1189.308
6/23/1981,1132.674
6/24/1981,1132.674
6/25/1981,1076.04
6/26/1981,1132.674
6/27/1981,1245.941
6/28/1981,1245.941
6/29/1981,1245.941
6/30/1981,1245.941
7/1/1981,1240.278
7/2/1981,1302.575
7/3/1981,1330.892
7/4/1981,1274.258
7/5/1981,1132.674
7/6/1981,1076.04
7/7/1981,1019.406
7/8/1981,962.773
7/9/1981,906.139
7/10/1981,877.822
7/11/1981,849.505
7/12/1981,821.189
7/13/1981,821.189
7/14/1981,962.773
7/15/1981,792.872
7/16/1981,764.555
7/17/1981,821.189
7/18/1981,792.872
7/19/1981,764.555
7/20/1981,707.921
7/21/1981,651.287
7/22/1981,622.971
7/23/1981,594.654
7/24/1981,566.337
7/25/1981,538.02
7/26/1981,509.703
7/27/1981,509.703
7/28/1981,509.703
7/29/1981,509.703
7/30/1981,509.703
7/31/1981,509.703
8/1/1981,566.337
8/2/1981,707.921
8/3/1981,622.971
8/4/1981,849.505
8/5/1981,962.773
8/6/1981,707.921
8/7/1981,679.604
8/8/1981,651.287
8/9/1981,566.337
8/10/1981,538.02
8/11/1981,509.703
8/12/1981,509.703
8/13/1981,509.703
8/14/1981,481.386
8/15/1981,453.07
8/16/1981,424.753
8/17/1981,424.753
8/18/1981,424.753
8/19/1981,424.753
8/20/1981,481.386
8/21/1981,481.386
8/22/1981,481.386
8/23/1981,481.386
8/24/1981,481.386
8/25/1981,453.07
8/26/1981,453.07
8/27/1981,396.436
8/28/1981,396.436
8/29/1981,396.436
8/30/1981,396.436
8/31/1981,387.941
9/1/1981,453.07
9/2/1981,453.07
9/3/1981,453.07
9/4/1981,453.07
9/5/1981,453.07
9/6/1981,453.07
9/7/1981,481.386
9/8/1981,481.386
9/9/1981,481.386
9/10/1981,481.386
9/11/1981,453.07
9/12/1981,453.07
9/13/1981,453.07
9/14/1981,453.07
9/15/1981,424.753
9/16/1981,424.753
9/17/1981,424.753
9/18/1981,424.753
9/19/1981,424.753
9/20/1981,424.753
9/21/1981,424.753
9/22/1981,424.753
9/23/1981,424.753
9/24/1981,424.753
9/25/1981,424.753
9/26/1981,453.07
9/27/1981,481.386
9/28/1981,538.02
9/29/1981,538.02
9/30/1981,538.02
10/1/1981,538.02
10/2/1981,566.337
10/3/1981,566.337
10/4/1981,566.337
10/5/1981,566.337
10/6/1981,538.02
10/7/1981,538.02
10/8/1981,538.02
10/9/1981,538.02
10/10/1981,538.02
10/11/1981,538.02
10/12/1981,538.02
10/13/1981,538.02
10/14/1981,538.02
10/15/1981,538.02
10/16/1981,509.703
10/17/1981,509.703
10/18/1981,509.703
10/19/1981,481.386
10/20/1981,481.386
10/21/1981,481.386
10/22/1981,481.386
10/23/1981,481.386
10/24/1981,481.386
10/25/1981,481.386
10/26/1981,509.703
10/27/1981,509.703
10/28/1981,509.703
10/29/1981,538.02
10/30/1981,538.02
10/31/1981,538.02
11/1/1981,622.971
11/2/1981,622.971
11/3/1981,622.971
11/4/1981,594.654
11/5/1981,594.654
11/6/1981,594.654
11/7/1981,594.654
11/8/1981,566.337
11/9/1981,566.337
11/10/1981,566.337
11/11/1981,566.337
11/12/1981,566.337
11/13/1981,566.337
11/14/1981,566.337
11/15/1981,566.337
11/16/1981,566.337
11/17/1981,538.02
11/18/1981,538.02
11/19/1981,538.02
11/20/1981,538.02
11/21/1981,538.02
11/22/1981,538.02
11/23/1981,538.02
11/24/1981,538.02
11/25/1981,566.337
11/26/1981,594.654
11/27/1981,594.654
11/28/1981,594.654
11/29/1981,594.654
11/30/1981,622.971
12/1/1981,566.337
12/2/1981,538.02
12/3/1981,509.703
12/4/1981,481.386
12/5/1981,481.386
12/6/1981,481.386
12/7/1981,481.386
12/8/1981,481.386
12/9/1981,453.07
12/10/1981,453.07
12/11/1981,481.386
12/12/1981,509.703
12/13/1981,538.02
12/14/1981,566.337
12/15/1981,509.703
12/16/1981,368.119
12/17/1981,198.218
12/18/1981,198.218
12/19/1981,283.168
12/20/1981,424.753
12/21/1981,509.703
12/22/1981,509.703
12/23/1981,509.703
12/24/1981,481.386
12/25/1981,453.07
12/26/1981,424.753
12/27/1981,424.753
12/28/1981,396.436
12/29/1981,396.436
12/30/1981,396.436
12/31/1981,396.436
1/1/1982,396.436
1/2/1982,368.119
1/3/1982,339.802
1/4/1982,311.485
1/5/1982,254.852
1/6/1982,198.218
1/7/1982,254.852
1/8/1982,311.485
1/9/1982,311.485
1/10/1982,311.485
1/11/1982,311.485
1/12/1982,311.485
1/13/1982,339.802
1/14/1982,368.119
1/15/1982,396.436
1/16/1982,410.594
1/17/1982,453.07
1/18/1982,453.07
1/19/1982,538.02
1/20/1982,538.02
1/21/1982,538.02
1/22/1982,538.02
1/23/1982,538.02
1/24/1982,538.02
1/25/1982,566.337
1/26/1982,566.337
1/27/1982,594.654
1/28/1982,566.337
1/29/1982,566.337
1/30/1982,566.337
1/31/1982,566.337
2/1/1982,566.337
2/2/1982,566.337
2/3/1982,566.337
2/4/1982,566.337
2/5/1982,566.337
2/6/1982,566.337
2/7/1982,566.337
2/8/1982,566.337
2/9/1982,509.703
2/10/1982,453.07
2/11/1982,396.436
2/12/1982,339.802
2/13/1982,339.802
2/14/1982,396.436
2/15/1982,453.07
2/16/1982,538.02
2/17/1982,566.337
2/18/1982,481.386
2/19/1982,538.02
2/20/1982,538.02
2/21/1982,849.505
2/22/1982,849.505
2/23/1982,1019.406
2/24/1982,1189.308
2/25/1982,1302.575
2/26/1982,1189.308
2/27/1982,1047.723
2/28/1982,991.09
3/1/1982,934.456
3/2/1982,906.139
3/3/1982,849.505
3/4/1982,792.872
3/5/1982,594.654
3/6/1982,509.703
3/7/1982,481.386
3/8/1982,566.337
3/9/1982,622.971
3/10/1982,707.921
3/11/1982,707.921
3/12/1982,736.238
3/13/1982,792.872
3/14/1982,821.189
3/15/1982,1132.674
3/16/1982,1472.476
3/17/1982,1472.476
3/18/1982,1274.258
3/19/1982,1217.624
3/20/1982,991.09
3/21/1982,764.555
3/22/1982,962.773
3/23/1982,1104.357
3/24/1982,877.822
3/25/1982,707.921
3/26/1982,764.555
3/27/1982,849.505
3/28/1982,1047.723
3/29/1982,1274.258
3/30/1982,1359.209
3/31/1982,1302.575
4/1/1982,1359.209
4/2/1982,1302.575
4/3/1982,1132.674
4/4/1982,1076.04
4/5/1982,1076.04
4/6/1982,962.773
4/7/1982,991.09
4/8/1982,849.505
4/9/1982,877.822
4/10/1982,849.505
4/11/1982,849.505
4/12/1982,1076.04
4/13/1982,1274.258
4/14/1982,1868.912
4/15/1982,1670.694
4/16/1982,1274.258
4/17/1982,1217.624
4/18/1982,1302.575
4/19/1982,1415.842
4/20/1982,1245.941
4/21/1982,906.139
4/22/1982,792.872
4/23/1982,736.238
4/24/1982,849.505
4/25/1982,849.505
4/26/1982,707.921
4/27/1982,594.654
4/28/1982,509.703
4/29/1982,679.604
4/30/1982,736.238
5/1/1982,707.921
5/2/1982,679.604
5/3/1982,736.238
5/4/1982,764.555
5/5/1982,736.238
5/6/1982,792.872
5/7/1982,622.971
5/8/1982,481.386
5/9/1982,481.386
5/10/1982,566.337
5/11/1982,594.654
5/12/1982,538.02
5/13/1982,566.337
5/14/1982,679.604
5/15/1982,707.921
5/16/1982,707.921
5/17/1982,707.921
5/18/1982,651.287
5/19/1982,566.337
5/20/1982,679.604
5/21/1982,679.604
5/22/1982,792.872
5/23/1982,849.505
5/24/1982,962.773
5/25/1982,1047.723
5/26/1982,991.09
5/27/1982,991.09
5/28/1982,1330.892
5/29/1982,1274.258
5/30/1982,1415.842
5/31/1982,1189.308
6/1/1982,1019.406
6/2/1982,1359.209
6/3/1982,1274.258
6/4/1982,1245.941
6/5/1982,1132.674
6/6/1982,1274.258
6/7/1982,1415.842
6/8/1982,1699.011
6/9/1982,1840.595
6/10/1982,1699.011
6/11/1982,1670.694
6/12/1982,1557.427
6/13/1982,1472.476
6/14/1982,1302.575
6/15/1982,1245.941
6/16/1982,1359.209
6/17/1982,1132.674
6/18/1982,1189.308
6/19/1982,1245.941
6/20/1982,1472.476
6/21/1982,1330.892
6/22/1982,1614.06
6/23/1982,1699.011
6/24/1982,1557.427
6/25/1982,1557.427
6/26/1982,1557.427
6/27/1982,1614.06
6/28/1982,2123.763
6/29/1982,2180.397
6/30/1982,2123.763
7/1/1982,2038.813
7/2/1982,2038.813
7/3/1982,2067.13
7/4/1982,2123.763
7/5/1982,2208.714
7/6/1982,2038.813
7/7/1982,1925.546
7/8/1982,1585.743
7/9/1982,1529.11
7/10/1982,1359.209
7/11/1982,1415.842
7/12/1982,1302.575
7/13/1982,1189.308
7/14/1982,1189.308
7/15/1982,1245.941
7/16/1982,1359.209
7/17/1982,1585.743
7/18/1982,1472.476
7/19/1982,1415.842
7/20/1982,1330.892
7/21/1982,1189.308
7/22/1982,1104.357
7/23/1982,1076.04
7/24/1982,1189.308
7/25/1982,1104.357
7/26/1982,1047.723
7/27/1982,1019.406
7/28/1982,1132.674
7/29/1982,1132.674
7/30/1982,1132.674
7/31/1982,1104.357
8/1/1982,962.773
8/2/1982,934.456
8/3/1982,877.822
8/4/1982,934.456
8/5/1982,934.456
8/6/1982,906.139
8/7/1982,849.505
8/8/1982,849.505
8/9/1982,707.921
8/10/1982,736.238
8/11/1982,736.238
8/12/1982,736.238
8/13/1982,651.287
8/14/1982,622.971
8/15/1982,651.287
8/16/1982,622.971
8/17/1982,594.654
8/18/1982,651.287
8/19/1982,679.604
8/20/1982,679.604
8/21/1982,679.604
8/22/1982,622.971
8/23/1982,679.604
8/24/1982,594.654
8/25/1982,594.654
8/26/1982,566.337
8/27/1982,594.654
8/28/1982,509.703
8/29/1982,509.703
8/30/1982,481.386
8/31/1982,481.386
9/1/1982,481.386
9/2/1982,481.386
9/3/1982,453.07
9/4/1982,453.07
9/5/1982,424.753
9/6/1982,424.753
9/7/1982,453.07
9/8/1982,481.386
9/9/1982,509.703
9/10/1982,509.703
9/11/1982,509.703
9/12/1982,481.386
9/13/1982,453.07
9/14/1982,424.753
9/15/1982,424.753
9/16/1982,481.386
9/17/1982,509.703
9/18/1982,538.02
9/19/1982,538.02
9/20/1982,538.02
9/21/1982,538.02
9/22/1982,538.02
9/23/1982,538.02
9/24/1982,509.703
9/25/1982,481.386
9/26/1982,453.07
9/27/1982,509.703
9/28/1982,679.604
9/29/1982,764.555
9/30/1982,679.604
10/1/1982,622.971
10/2/1982,651.287
10/3/1982,651.287
10/4/1982,707.921
10/5/1982,764.555
10/6/1982,764.555
10/7/1982,679.604
10/8/1982,679.604
10/9/1982,707.921
10/10/1982,792.872
10/11/1982,934.456
10/12/1982,849.505
10/13/1982,764.555
10/14/1982,736.238
10/15/1982,651.287
10/16/1982,651.287
10/17/1982,622.971
10/18/1982,594.654
10/19/1982,566.337
10/20/1982,566.337
10/21/1982,538.02
10/22/1982,509.703
10/23/1982,481.386
10/24/1982,481.386
10/25/1982,424.753
10/26/1982,424.753
10/27/1982,424.753
10/28/1982,1019.406
10/29/1982,934.456
10/30/1982,764.555
10/31/1982,764.555
11/1/1982,707.921
11/2/1982,651.287
11/3/1982,594.654
11/4/1982,538.02
11/5/1982,538.02
11/6/1982,538.02
11/7/1982,538.02
11/8/1982,481.386
11/9/1982,481.386
11/10/1982,509.703
11/11/1982,538.02
11/12/1982,509.703
11/13/1982,481.386
11/14/1982,481.386
11/15/1982,481.386
11/16/1982,481.386
11/17/1982,424.753
11/18/1982,481.386
11/19/1982,509.703
11/20/1982,509.703
11/21/1982,509.703
11/22/1982,509.703
11/23/1982,453.07
11/24/1982,396.436
11/25/1982,396.436
11/26/1982,339.802
11/27/1982,396.436
11/28/1982,396.436
11/29/1982,368.119
11/30/1982,396.436
12/1/1982,396.436
12/2/1982,566.337
12/3/1982,651.287
12/4/1982,764.555
12/5/1982,679.604
12/6/1982,679.604
12/7/1982,622.971
12/8/1982,538.02
12/9/1982,481.386
12/10/1982,396.436
12/11/1982,339.802
12/12/1982,311.485
12/13/1982,311.485
12/14/1982,453.07
12/15/1982,509.703
12/16/1982,566.337
12/17/1982,594.654
12/18/1982,566.337
12/19/1982,538.02
12/20/1982,509.703
12/21/1982,481.386
12/22/1982,538.02
12/23/1982,594.654
12/24/1982,679.604
12/25/1982,622.971
12/26/1982,594.654
12/27/1982,538.02
12/28/1982,453.07
12/29/1982,396.436
12/30/1982,424.753
12/31/1982,424.753
1/1/1983,424.753
1/2/1983,368.119
1/3/1983,396.436
1/4/1983,424.753
1/5/1983,424.753
1/6/1983,509.703
1/7/1983,509.703
1/8/1983,509.703
1/9/1983,622.971
1/10/1983,594.654
1/11/1983,566.337
1/12/1983,622.971
1/13/1983,679.604
1/14/1983,651.287
1/15/1983,651.287
1/16/1983,651.287
1/17/1983,594.654
1/18/1983,594.654
1/19/1983,566.337
1/20/1983,566.337
1/21/1983,594.654
1/22/1983,622.971
1/23/1983,594.654
1/24/1983,622.971
1/25/1983,594.654
1/26/1983,509.703
1/27/1983,509.703
1/28/1983,481.386
1/29/1983,481.386
1/30/1983,481.386
1/31/1983,424.753
2/1/1983,481.386
2/2/1983,509.703
2/3/1983,509.703
2/4/1983,538.02
2/5/1983,594.654
2/6/1983,622.971
2/7/1983,622.971
2/8/1983,594.654
2/9/1983,566.337
2/10/1983,594.654
2/11/1983,566.337
2/12/1983,509.703
2/13/1983,594.654
2/14/1983,679.604
2/15/1983,764.555
2/16/1983,849.505
2/17/1983,849.505
2/18/1983,849.505
2/19/1983,877.822
2/20/1983,877.822
2/21/1983,962.773
2/22/1983,1047.723
2/23/1983,1189.308
2/24/1983,1076.04
2/25/1983,934.456
2/26/1983,934.456
2/27/1983,906.139
2/28/1983,849.505
3/1/1983,877.822
3/2/1983,906.139
3/3/1983,849.505
3/4/1983,962.773
3/5/1983,906.139
3/6/1983,821.189
3/7/1983,764.555
3/8/1983,707.921
3/9/1983,707.921
3/10/1983,707.921
3/11/1983,764.555
3/12/1983,906.139
3/13/1983,906.139
3/14/1983,849.505
3/15/1983,906.139
3/16/1983,906.139
3/17/1983,849.505
3/18/1983,792.872
3/19/1983,792.872
3/20/1983,736.238
3/21/1983,679.604
3/22/1983,566.337
3/23/1983,481.386
3/24/1983,509.703
3/25/1983,509.703
3/26/1983,509.703
3/27/1983,509.703
3/28/1983,509.703
3/29/1983,566.337
3/30/1983,622.971
3/31/1983,651.287
4/1/1983,622.971
4/2/1983,566.337
4/3/1983,566.337
4/4/1983,453.07
4/5/1983,368.119
4/6/1983,368.119
4/7/1983,396.436
4/8/1983,396.436
4/9/1983,509.703
4/10/1983,538.02
4/11/1983,651.287
4/12/1983,707.921
4/13/1983,509.703
4/14/1983,424.753
4/15/1983,396.436
4/16/1983,368.119
4/17/1983,396.436
4/18/1983,396.436
4/19/1983,424.753
4/20/1983,424.753
4/21/1983,396.436
4/22/1983,396.436
4/23/1983,368.119
4/24/1983,396.436
4/25/1983,396.436
4/26/1983,424.753
4/27/1983,424.753
4/28/1983,424.753
4/29/1983,424.753
4/30/1983,396.436
5/1/1983,396.436
5/2/1983,396.436
5/3/1983,396.436
5/4/1983,396.436
5/5/1983,368.119
5/6/1983,368.119
5/7/1983,368.119
5/8/1983,339.802
5/9/1983,396.436
5/10/1983,453.07
5/11/1983,368.119
5/12/1983,481.386
5/13/1983,453.07
5/14/1983,538.02
5/15/1983,566.337
5/16/1983,622.971
5/17/1983,736.238
5/18/1983,707.921
5/19/1983,679.604
5/20/1983,651.287
5/21/1983,707.921
5/22/1983,622.971
5/23/1983,622.971
5/24/1983,622.971
5/25/1983,594.654
5/26/1983,679.604
5/27/1983,622.971
5/28/1983,594.654
5/29/1983,622.971
5/30/1983,622.971
5/31/1983,679.604
6/1/1983,679.604
6/2/1983,1189.308
6/3/1983,1245.941
6/4/1983,1076.04
6/5/1983,1076.04
6/6/1983,877.822
6/7/1983,877.822
6/8/1983,877.822
6/9/1983,877.822
6/10/1983,991.09
6/11/1983,1047.723
6/12/1983,1076.04
6/13/1983,991.09
6/14/1983,962.773
6/15/1983,906.139
6/16/1983,1132.674
6/17/1983,1019.406
6/18/1983,1189.308
6/19/1983,1302.575
6/20/1983,1274.258
6/21/1983,1359.209
6/22/1983,1274.258
6/23/1983,1245.941
6/24/1983,962.773
6/25/1983,1047.723
6/26/1983,1047.723
6/27/1983,1047.723
6/28/1983,1104.357
6/29/1983,1076.04
6/30/1983,1245.941
7/1/1983,1444.159
7/2/1983,1529.11
7/3/1983,1415.842
7/4/1983,1019.406
7/5/1983,1047.723
7/6/1983,1132.674
7/7/1983,1217.624
7/8/1983,1245.941
7/9/1983,1132.674
7/10/1983,1189.308
7/11/1983,1189.308
7/12/1983,1019.406
7/13/1983,1019.406
7/14/1983,991.09
7/15/1983,1019.406
7/16/1983,1132.674
7/17/1983,1132.674
7/18/1983,1189.308
7/19/1983,1132.674
7/20/1983,1076.04
7/21/1983,1019.406
7/22/1983,991.09
7/23/1983,934.456
7/24/1983,934.456
7/25/1983,934.456
7/26/1983,934.456
7/27/1983,934.456
7/28/1983,934.456
7/29/1983,877.822
7/30/1983,736.238
7/31/1983,679.604
8/1/1983,707.921
8/2/1983,707.921
8/3/1983,707.921
8/4/1983,707.921
8/5/1983,707.921
8/6/1983,707.921
8/7/1983,679.604
8/8/1983,622.971
8/9/1983,622.971
8/10/1983,566.337
8/11/1983,566.337
8/12/1983,566.337
8/13/1983,566.337
8/14/1983,509.703
8/15/1983,509.703
8/16/1983,481.386
8/17/1983,481.386
8/18/1983,481.386
8/19/1983,453.07
8/20/1983,453.07
8/21/1983,424.753
8/22/1983,424.753
8/23/1983,424.753
8/24/1983,453.07
8/25/1983,509.703
8/26/1983,509.703
8/27/1983,509.703
8/28/1983,509.703
8/29/1983,509.703
8/30/1983,509.703
8/31/1983,509.703
9/1/1983,481.386
9/2/1983,509.703
9/3/1983,509.703
9/4/1983,509.703
9/5/1983,509.703
9/6/1983,481.386
9/7/1983,481.386
9/8/1983,424.753
9/9/1983,368.119
9/10/1983,311.485
9/11/1983,311.485
9/12/1983,339.802
9/13/1983,339.802
9/14/1983,339.802
9/15/1983,396.436
9/16/1983,396.436
9/17/1983,396.436
9/18/1983,396.436
9/19/1983,424.753
9/20/1983,424.753
9/21/1983,396.436
9/22/1983,339.802
9/23/1983,311.485
9/24/1983,311.485
9/25/1983,311.485
9/26/1983,311.485
9/27/1983,339.802
9/28/1983,368.119
9/29/1983,368.119
9/30/1983,424.753
10/1/1983,538.02
10/2/1983,566.337
10/3/1983,566.337
10/4/1983,594.654
10/5/1983,622.971
10/6/1983,594.654
10/7/1983,594.654
10/8/1983,538.02
10/9/1983,509.703
10/10/1983,509.703
10/11/1983,509.703
10/12/1983,509.703
10/13/1983,509.703
10/14/1983,509.703
10/15/1983,509.703
10/16/1983,509.703
10/17/1983,453.07
10/18/1983,424.753
10/19/1983,424.753
10/20/1983,424.753
10/21/1983,453.07
10/22/1983,453.07
10/23/1983,453.07
10/24/1983,481.386
10/25/1983,481.386
10/26/1983,509.703
10/27/1983,509.703
10/28/1983,509.703
10/29/1983,538.02
10/30/1983,538.02
10/31/1983,538.02
11/1/1983,538.02
11/2/1983,538.02
11/3/1983,538.02
11/4/1983,538.02
11/5/1983,538.02
11/6/1983,538.02
11/7/1983,538.02
11/8/1983,538.02
11/9/1983,538.02
11/10/1983,538.02
11/11/1983,538.02
11/12/1983,538.02
11/13/1983,538.02
11/14/1983,538.02
11/15/1983,538.02
11/16/1983,538.02
11/17/1983,538.02
11/18/1983,594.654
11/19/1983,594.654
11/20/1983,594.654
11/21/1983,594.654
11/22/1983,594.654
11/23/1983,594.654
11/24/1983,594.654
11/25/1983,566.337
11/26/1983,509.703
11/27/1983,481.386
11/28/1983,481.386
11/29/1983,481.386
11/30/1983,453.07
12/1/1983,339.802
12/2/1983,283.168
12/3/1983,254.852
12/4/1983,198.218
12/5/1983,198.218
12/6/1983,198.218
12/7/1983,198.218
12/8/1983,169.901
12/9/1983,169.901
12/10/1983,226.535
12/11/1983,368.119
12/12/1983,566.337
12/13/1983,594.654
12/14/1983,594.654
12/15/1983,509.703
12/16/1983,481.386
12/17/1983,481.386
12/18/1983,396.436
12/19/1983,396.436
12/20/1983,424.753
12/21/1983,424.753
12/22/1983,424.753
12/23/1983,424.753
12/24/1983,424.753
12/25/1983,339.802
12/26/1983,311.485
12/27/1983,311.485
12/28/1983,283.168
12/29/1983,283.168
12/30/1983,283.168
12/31/1983,311.485
1/1/1984,396.436
1/2/1984,396.436
1/3/1984,424.753
1/4/1984,453.07
1/5/1984,566.337
1/6/1984,566.337
1/7/1984,566.337
1/8/1984,566.337
1/9/1984,566.337
1/10/1984,679.604
1/11/1984,707.921
1/12/1984,707.921
1/13/1984,707.921
1/14/1984,679.604
1/15/1984,679.604
1/16/1984,679.604
1/17/1984,679.604
1/18/1984,594.654
1/19/1984,481.386
1/20/1984,481.386
1/21/1984,424.753
1/22/1984,368.119
1/23/1984,368.119
1/24/1984,453.07
1/25/1984,538.02
1/26/1984,538.02
1/27/1984,538.02
1/28/1984,538.02
1/29/1984,594.654
1/30/1984,594.654
1/31/1984,594.654
2/1/1984,594.654
2/2/1984,594.654
2/3/1984,594.654
2/4/1984,594.654
2/5/1984,594.654
2/6/1984,594.654
2/7/1984,594.654
2/8/1984,594.654
2/9/1984,594.654
2/10/1984,594.654
2/11/1984,594.654
2/12/1984,594.654
2/13/1984,594.654
2/14/1984,622.971
2/15/1984,651.287
2/16/1984,651.287
2/17/1984,651.287
2/18/1984,594.654
2/19/1984,594.654
2/20/1984,594.654
2/21/1984,622.971
2/22/1984,651.287
2/23/1984,651.287
2/24/1984,651.287
2/25/1984,651.287
2/26/1984,651.287
2/27/1984,651.287
2/28/1984,622.971
2/29/1984,594.654
3/1/1984,651.287
3/2/1984,651.287
3/3/1984,651.287
3/4/1984,651.287
3/5/1984,566.337
3/6/1984,566.337
3/7/1984,566.337
3/8/1984,566.337
3/9/1984,566.337
3/10/1984,566.337
3/11/1984,566.337
3/12/1984,566.337
3/13/1984,566.337
3/14/1984,566.337
3/15/1984,424.753
3/16/1984,396.436
3/17/1984,396.436
3/18/1984,481.386
3/19/1984,566.337
3/20/1984,594.654
3/21/1984,594.654
3/22/1984,594.654
3/23/1984,707.921
3/24/1984,707.921
3/25/1984,792.872
3/26/1984,877.822
3/27/1984,877.822
3/28/1984,764.555
3/29/1984,622.971
3/30/1984,481.386
3/31/1984,481.386
4/1/1984,481.386
4/2/1984,481.386
4/3/1984,481.386
4/4/1984,453.07
4/5/1984,453.07
4/6/1984,453.07
4/7/1984,453.07
4/8/1984,424.753
4/9/1984,453.07
4/10/1984,453.07
4/11/1984,509.703
4/12/1984,566.337
4/13/1984,566.337
4/14/1984,566.337
4/15/1984,424.753
4/16/1984,396.436
4/17/1984,396.436
4/18/1984,396.436
4/19/1984,396.436
4/20/1984,424.753
4/21/1984,424.753
4/22/1984,481.386
4/23/1984,481.386
4/24/1984,509.703
4/25/1984,538.02
4/26/1984,566.337
4/27/1984,594.654
4/28/1984,622.971
4/29/1984,622.971
4/30/1984,566.337
5/1/1984,509.703
5/2/1984,453.07
5/3/1984,481.386
5/4/1984,566.337
5/5/1984,651.287
5/6/1984,792.872
5/7/1984,792.872
5/8/1984,736.238
5/9/1984,736.238
5/10/1984,764.555
5/11/1984,764.555
5/12/1984,764.555
5/13/1984,736.238
5/14/1984,707.921
5/15/1984,679.604
5/16/1984,736.238
5/17/1984,736.238
5/18/1984,764.555
5/19/1984,877.822
5/20/1984,962.773
5/21/1984,1132.674
5/22/1984,1132.674
5/23/1984,1132.674
5/24/1984,1189.308
5/25/1984,1189.308
5/26/1984,1047.723
5/27/1984,991.09
5/28/1984,934.456
5/29/1984,877.822
5/30/1984,849.505
5/31/1984,991.09
6/1/1984,1076.04
6/2/1984,1076.04
6/3/1984,991.09
6/4/1984,991.09
6/5/1984,991.09
6/6/1984,1359.209
6/7/1984,1699.011
6/8/1984,1472.476
6/9/1984,991.09
6/10/1984,934.456
6/11/1984,934.456
6/12/1984,991.09
6/13/1984,991.09
6/14/1984,1047.723
6/15/1984,1104.357
6/16/1984,1189.308
6/17/1984,1189.308
6/18/1984,1076.04
6/19/1984,1019.406
6/20/1984,1160.991
6/21/1984,1472.476
6/22/1984,1953.862
6/23/1984,1840.595
6/24/1984,1755.644
6/25/1984,1727.328
6/26/1984,1670.694
6/27/1984,1642.377
6/28/1984,1472.476
6/29/1984,1500.793
6/30/1984,1500.793
7/1/1984,1472.476
7/2/1984,1415.842
7/3/1984,1302.575
7/4/1984,1245.941
7/5/1984,1245.941
7/6/1984,1217.624
7/7/1984,1217.624
7/8/1984,1217.624
7/9/1984,1217.624
7/10/1984,1104.357
7/11/1984,962.773
7/12/1984,906.139
7/13/1984,934.456
7/14/1984,934.456
7/15/1984,849.505
7/16/1984,792.872
7/17/1984,736.238
7/18/1984,736.238
7/19/1984,651.287
7/20/1984,651.287
7/21/1984,651.287
7/22/1984,651.287
7/23/1984,651.287
7/24/1984,566.337
7/25/1984,566.337
7/26/1984,566.337
7/27/1984,566.337
7/28/1984,566.337
7/29/1984,594.654
7/30/1984,651.287
7/31/1984,707.921
8/1/1984,707.921
8/2/1984,707.921
8/3/1984,764.555
8/4/1984,821.189
8/5/1984,849.505
8/6/1984,821.189
8/7/1984,792.872
8/8/1984,764.555
8/9/1984,707.921
8/10/1984,651.287
8/11/1984,622.971
8/12/1984,622.971
8/13/1984,594.654
8/14/1984,594.654
8/15/1984,566.337
8/16/1984,566.337
8/17/1984,538.02
8/18/1984,509.703
8/19/1984,509.703
8/20/1984,509.703
8/21/1984,509.703
8/22/1984,481.386
8/23/1984,424.753
8/24/1984,424.753
8/25/1984,424.753
8/26/1984,396.436
8/27/1984,396.436
8/28/1984,368.119
8/29/1984,396.436
8/30/1984,396.436
8/31/1984,368.119
9/1/1984,311.485
9/2/1984,283.168
9/3/1984,283.168
9/4/1984,283.168
9/5/1984,283.168
9/6/1984,311.485
9/7/1984,396.436
9/8/1984,481.386
9/9/1984,481.386
9/10/1984,481.386
9/11/1984,481.386
9/12/1984,509.703
9/13/1984,509.703
9/14/1984,509.703
9/15/1984,509.703
9/16/1984,509.703
9/17/1984,509.703
9/18/1984,509.703
9/19/1984,538.02
9/20/1984,509.703
9/21/1984,509.703
9/22/1984,509.703
9/23/1984,509.703
9/24/1984,509.703
9/25/1984,509.703
9/26/1984,509.703
9/27/1984,509.703
9/28/1984,481.386
9/29/1984,481.386
9/30/1984,453.07
10/1/1984,453.07
10/2/1984,453.07
10/3/1984,453.07
10/4/1984,509.703
10/5/1984,566.337
10/6/1984,566.337
10/7/1984,651.287
10/8/1984,651.287
10/9/1984,651.287
10/10/1984,651.287
10/11/1984,651.287
10/12/1984,651.287
10/13/1984,707.921
10/14/1984,707.921
10/15/1984,707.921
10/16/1984,707.921
10/17/1984,707.921
10/18/1984,707.921
10/19/1984,707.921
10/20/1984,707.921
10/21/1984,707.921
10/22/1984,651.287
10/23/1984,538.02
10/24/1984,481.386
10/25/1984,481.386
10/26/1984,509.703
10/27/1984,509.703
10/28/1984,509.703
10/29/1984,509.703
10/30/1984,509.703
10/31/1984,509.703
11/1/1984,453.07
11/2/1984,424.753
11/3/1984,424.753
11/4/1984,396.436
11/5/1984,396.436
11/6/1984,509.703
11/7/1984,622.971
11/8/1984,679.604
11/9/1984,707.921
11/10/1984,707.921
11/11/1984,707.921
11/12/1984,679.604
11/13/1984,651.287
11/14/1984,651.287
11/15/1984,651.287
11/16/1984,651.287
11/17/1984,622.971
11/18/1984,622.971
11/19/1984,594.654
11/20/1984,594.654
11/21/1984,651.287
11/22/1984,651.287
11/23/1984,707.921
11/24/1984,736.238
11/25/1984,764.555
11/26/1984,764.555
11/27/1984,764.555
11/28/1984,707.921
11/29/1984,622.971
11/30/1984,538.02
12/1/1984,509.703
12/2/1984,453.07
12/3/1984,424.753
12/4/1984,339.802
12/5/1984,141.584
12/6/1984,141.584
12/7/1984,198.218
12/8/1984,283.168
12/9/1984,368.119
12/10/1984,509.703
12/11/1984,509.703
12/12/1984,481.386
12/13/1984,538.02
12/14/1984,538.02
12/15/1984,509.703
12/16/1984,509.703
12/17/1984,509.703
12/18/1984,509.703
12/19/1984,453.07
12/20/1984,396.436
12/21/1984,396.436
12/22/1984,396.436
12/23/1984,339.802
12/24/1984,339.802
12/25/1984,339.802
12/26/1984,339.802
12/27/1984,481.386
12/28/1984,424.753
12/29/1984,368.119
12/30/1984,396.436
12/31/1984,396.436
1/1/1985,396.436
1/2/1985,396.436
1/3/1985,424.753
1/4/1985,424.753
1/5/1985,481.386
1/6/1985,509.703
1/7/1985,509.703
1/8/1985,424.753
1/9/1985,453.07
1/10/1985,509.703
1/11/1985,509.703
1/12/1985,538.02
1/13/1985,566.337
1/14/1985,538.02
1/15/1985,566.337
1/16/1985,538.02
1/17/1985,566.337
1/18/1985,594.654
1/19/1985,594.654
1/20/1985,538.02
1/21/1985,538.02
1/22/1985,538.02
1/23/1985,566.337
1/24/1985,509.703
1/25/1985,509.703
1/26/1985,509.703
1/27/1985,481.386
1/28/1985,481.386
1/29/1985,538.02
1/30/1985,566.337
1/31/1985,594.654
2/1/1985,566.337
2/2/1985,481.386
2/3/1985,481.386
2/4/1985,481.386
2/5/1985,481.386
2/6/1985,424.753
2/7/1985,424.753
2/8/1985,424.753
2/9/1985,424.753
2/10/1985,368.119
2/11/1985,368.119
2/12/1985,453.07
2/13/1985,509.703
2/14/1985,566.337
2/15/1985,538.02
2/16/1985,509.703
2/17/1985,509.703
2/18/1985,538.02
2/19/1985,538.02
2/20/1985,538.02
2/21/1985,538.02
2/22/1985,566.337
2/23/1985,594.654
2/24/1985,594.654
2/25/1985,651.287
2/26/1985,651.287
2/27/1985,651.287
2/28/1985,679.604
3/1/1985,679.604
3/2/1985,707.921
3/3/1985,792.872
3/4/1985,736.238
3/5/1985,651.287
3/6/1985,651.287
3/7/1985,566.337
3/8/1985,566.337
3/9/1985,566.337
3/10/1985,566.337
3/11/1985,509.703
3/12/1985,538.02
3/13/1985,538.02
3/14/1985,538.02
3/15/1985,651.287
3/16/1985,651.287
3/17/1985,594.654
3/18/1985,622.971
3/19/1985,594.654
3/20/1985,651.287
3/21/1985,622.971
3/22/1985,707.921
3/23/1985,764.555
3/24/1985,821.189
3/25/1985,934.456
3/26/1985,906.139
3/27/1985,906.139
3/28/1985,849.505
3/29/1985,849.505
3/30/1985,821.189
3/31/1985,849.505
4/1/1985,849.505
4/2/1985,849.505
4/3/1985,707.921
4/4/1985,538.02
4/5/1985,538.02
4/6/1985,594.654
4/7/1985,566.337
4/8/1985,509.703
4/9/1985,538.02
4/10/1985,509.703
4/11/1985,509.703
4/12/1985,566.337
4/13/1985,566.337
4/14/1985,566.337
4/15/1985,566.337
4/16/1985,538.02
4/17/1985,538.02
4/18/1985,538.02
4/19/1985,594.654
4/20/1985,594.654
4/21/1985,651.287
4/22/1985,651.287
4/23/1985,594.654
4/24/1985,594.654
4/25/1985,538.02
4/26/1985,509.703
4/27/1985,509.703
4/28/1985,509.703
4/29/1985,538.02
4/30/1985,538.02
5/1/1985,538.02
5/2/1985,566.337
5/3/1985,594.654
5/4/1985,594.654
5/5/1985,594.654
5/6/1985,594.654
5/7/1985,594.654
5/8/1985,651.287
5/9/1985,651.287
5/10/1985,736.238
5/11/1985,991.09
5/12/1985,1076.04
5/13/1985,877.822
5/14/1985,764.555
5/15/1985,764.555
5/16/1985,707.921
5/17/1985,707.921
5/18/1985,707.921
5/19/1985,594.654
5/20/1985,566.337
5/21/1985,594.654
5/22/1985,566.337
5/23/1985,566.337
5/24/1985,566.337
5/25/1985,538.02
5/26/1985,594.654
5/27/1985,538.02
5/28/1985,877.822
5/29/1985,962.773
5/30/1985,1189.308
5/31/1985,1104.357
6/1/1985,991.09
6/2/1985,877.822
6/3/1985,934.456
6/4/1985,849.505
6/5/1985,764.555
6/6/1985,792.872
6/7/1985,736.238
6/8/1985,736.238
6/9/1985,707.921
6/10/1985,707.921
6/11/1985,962.773
6/12/1985,962.773
6/13/1985,1132.674
6/14/1985,1189.308
6/15/1985,1019.406
6/16/1985,934.456
6/17/1985,792.872
6/18/1985,736.238
6/19/1985,594.654
6/20/1985,622.971
6/21/1985,622.971
6/22/1985,594.654
6/23/1985,538.02
6/24/1985,509.703
6/25/1985,622.971
6/26/1985,679.604
6/27/1985,736.238
6/28/1985,679.604
6/29/1985,679.604
6/30/1985,651.287
7/1/1985,764.555
7/2/1985,849.505
7/3/1985,792.872
7/4/1985,651.287
7/5/1985,566.337
7/6/1985,481.386
7/7/1985,424.753
7/8/1985,424.753
7/9/1985,424.753
7/10/1985,396.436
7/11/1985,396.436
7/12/1985,424.753
7/13/1985,368.119
7/14/1985,368.119
7/15/1985,368.119
7/16/1985,368.119
7/17/1985,368.119
7/18/1985,396.436
7/19/1985,424.753
7/20/1985,424.753
7/21/1985,396.436
7/22/1985,424.753
7/23/1985,424.753
7/24/1985,424.753
7/25/1985,424.753
7/26/1985,396.436
7/27/1985,396.436
7/28/1985,368.119
7/29/1985,368.119
7/30/1985,368.119
7/31/1985,339.802
8/1/1985,424.753
8/2/1985,509.703
8/3/1985,622.971
8/4/1985,622.971
8/5/1985,679.604
8/6/1985,707.921
8/7/1985,679.604
8/8/1985,622.971
8/9/1985,594.654
8/10/1985,538.02
8/11/1985,481.386
8/12/1985,509.703
8/13/1985,509.703
8/14/1985,481.386
8/15/1985,453.07
8/16/1985,481.386
8/17/1985,481.386
8/18/1985,481.386
8/19/1985,509.703
8/20/1985,509.703
8/21/1985,509.703
8/22/1985,538.02
8/23/1985,538.02
8/24/1985,538.02
8/25/1985,538.02
8/26/1985,538.02
8/27/1985,538.02
8/28/1985,481.386
8/29/1985,424.753
8/30/1985,481.386
8/31/1985,481.386
9/1/1985,396.436
9/2/1985,396.436
9/3/1985,396.436
9/4/1985,396.436
9/5/1985,396.436
9/6/1985,396.436
9/7/1985,368.119
9/8/1985,283.168
9/9/1985,254.852
9/10/1985,254.852
9/11/1985,311.485
9/12/1985,368.119
9/13/1985,396.436
9/14/1985,453.07
9/15/1985,509.703
9/16/1985,509.703
9/17/1985,509.703
9/18/1985,509.703
9/19/1985,509.703
9/20/1985,509.703
9/21/1985,509.703
9/22/1985,481.386
9/23/1985,453.07
9/24/1985,424.753
9/25/1985,424.753
9/26/1985,424.753
9/27/1985,424.753
9/28/1985,424.753
9/29/1985,424.753
9/30/1985,424.753
10/1/1985,368.119
10/2/1985,339.802
10/3/1985,424.753
10/4/1985,424.753
10/5/1985,424.753
10/6/1985,453.07
10/7/1985,453.07
10/8/1985,481.386
10/9/1985,481.386
10/10/1985,566.337
10/11/1985,594.654
10/12/1985,594.654
10/13/1985,622.971
10/14/1985,594.654
10/15/1985,509.703
10/16/1985,509.703
10/17/1985,509.703
10/18/1985,509.703
10/19/1985,509.703
10/20/1985,509.703
10/21/1985,509.703
10/22/1985,538.02
10/23/1985,566.337
10/24/1985,566.337
10/25/1985,566.337
10/26/1985,566.337
10/27/1985,566.337
10/28/1985,566.337
10/29/1985,509.703
10/30/1985,509.703
10/31/1985,509.703
11/1/1985,481.386
11/2/1985,453.07
11/3/1985,424.753
11/4/1985,396.436
11/5/1985,424.753
11/6/1985,424.753
11/7/1985,368.119
11/8/1985,368.119
11/9/1985,339.802
11/10/1985,283.168
11/11/1985,311.485
11/12/1985,311.485
11/13/1985,339.802
11/14/1985,283.168
11/15/1985,254.852
11/16/1985,254.852
11/17/1985,311.485
11/18/1985,396.436
11/19/1985,396.436
11/20/1985,339.802
11/21/1985,283.168
11/22/1985,311.485
11/23/1985,226.535
11/24/1985,226.535
11/25/1985,254.852
11/26/1985,254.852
11/27/1985,198.218
11/28/1985,198.218
11/29/1985,254.852
11/30/1985,254.852
12/1/1985,283.168
12/2/1985,283.168
12/3/1985,283.168
12/4/1985,311.485
12/5/1985,311.485
12/6/1985,368.119
12/7/1985,396.436
12/8/1985,368.119
12/9/1985,339.802
12/10/1985,368.119
12/11/1985,396.436
12/12/1985,396.436
12/13/1985,396.436
12/14/1985,453.07
12/15/1985,509.703
12/16/1985,509.703
12/17/1985,509.703
12/18/1985,509.703
12/19/1985,509.703
12/20/1985,566.337
12/21/1985,566.337
12/22/1985,594.654
12/23/1985,594.654
12/24/1985,594.654
12/25/1985,594.654
12/26/1985,594.654
12/27/1985,594.654
12/28/1985,594.654
12/29/1985,566.337
12/30/1985,566.337
12/31/1985,538.02
1/1/1986,538.02
1/2/1986,538.02
1/3/1986,566.337
1/4/1986,566.337
1/5/1986,566.337
1/6/1986,566.337
1/7/1986,538.02
1/8/1986,538.02
1/9/1986,566.337
1/10/1986,566.337
1/11/1986,566.337
1/12/1986,566.337
1/13/1986,566.337
1/14/1986,538.02
1/15/1986,509.703
1/16/1986,509.703
1/17/1986,538.02
1/18/1986,538.02
1/19/1986,566.337
1/20/1986,594.654
1/21/1986,566.337
1/22/1986,566.337
1/23/1986,566.337
1/24/1986,566.337
1/25/1986,538.02
1/26/1986,509.703
1/27/1986,538.02
1/28/1986,566.337
1/29/1986,566.337
1/30/1986,538.02
1/31/1986,538.02
2/1/1986,538.02
2/2/1986,509.703
2/3/1986,566.337
2/4/1986,594.654
2/5/1986,594.654
2/6/1986,622.971
2/7/1986,622.971
2/8/1986,594.654
2/9/1986,594.654
2/10/1986,538.02
2/11/1986,481.386
2/12/1986,424.753
2/13/1986,424.753
2/14/1986,339.802
2/15/1986,339.802
2/16/1986,368.119
2/17/1986,368.119
2/18/1986,424.753
2/19/1986,509.703
2/20/1986,509.703
2/21/1986,509.703
2/22/1986,453.07
2/23/1986,453.07
2/24/1986,453.07
2/25/1986,622.971
2/26/1986,877.822
2/27/1986,849.505
2/28/1986,906.139
3/1/1986,1359.209
3/2/1986,1897.229
3/3/1986,2548.516
3/4/1986,2690.1
3/5/1986,2123.763
3/6/1986,1868.912
3/7/1986,1614.06
3/8/1986,2010.496
3/9/1986,1699.011
3/10/1986,1557.427
3/11/1986,1727.328
3/12/1986,1699.011
3/13/1986,1472.476
3/14/1986,1415.842
3/15/1986,1330.892
3/16/1986,1189.308
3/17/1986,1047.723
3/18/1986,962.773
3/19/1986,821.189
3/20/1986,792.872
3/21/1986,792.872
3/22/1986,736.238
3/23/1986,622.971
3/24/1986,622.971
3/25/1986,679.604
3/26/1986,566.337
3/27/1986,509.703
3/28/1986,509.703
3/29/1986,509.703
3/30/1986,509.703
3/31/1986,509.703
4/1/1986,453.07
4/2/1986,453.07
4/3/1986,481.386
4/4/1986,481.386
4/5/1986,509.703
4/6/1986,509.703
4/7/1986,453.07
4/8/1986,424.753
4/9/1986,424.753
4/10/1986,424.753
4/11/1986,481.386
4/12/1986,481.386
4/13/1986,481.386
4/14/1986,481.386
4/15/1986,481.386
4/16/1986,481.386
4/17/1986,594.654
4/18/1986,594.654
4/19/1986,594.654
4/20/1986,566.337
4/21/1986,566.337
4/22/1986,651.287
4/23/1986,651.287
4/24/1986,566.337
4/25/1986,566.337
4/26/1986,594.654
4/27/1986,594.654
4/28/1986,594.654
4/29/1986,594.654
4/30/1986,594.654
5/1/1986,594.654
5/2/1986,566.337
5/3/1986,566.337
5/4/1986,651.287
5/5/1986,651.287
5/6/1986,707.921
5/7/1986,707.921
5/8/1986,707.921
5/9/1986,707.921
5/10/1986,962.773
5/11/1986,1160.991
5/12/1986,1415.842
5/13/1986,1274.258
5/14/1986,1415.842
5/15/1986,1614.06
5/16/1986,736.238
5/17/1986,707.921
5/18/1986,679.604
5/19/1986,679.604
5/20/1986,679.604
5/21/1986,679.604
5/22/1986,1302.575
5/23/1986,1330.892
5/24/1986,1104.357
5/25/1986,877.822
5/26/1986,736.238
5/27/1986,764.555
5/28/1986,934.456
5/29/1986,877.822
5/30/1986,792.872
5/31/1986,792.872
6/1/1986,736.238
6/2/1986,962.773
6/3/1986,1472.476
6/4/1986,1274.258
6/5/1986,1189.308
6/6/1986,1812.278
6/7/1986,1274.258
6/8/1986,1160.991
6/9/1986,1953.862
6/10/1986,2038.813
6/11/1986,1982.179
6/12/1986,1812.278
6/13/1986,1585.743
6/14/1986,1472.476
6/15/1986,1529.11
6/16/1986,1415.842
6/17/1986,1642.377
6/18/1986,1699.011
6/19/1986,1840.595
6/20/1986,1557.427
6/21/1986,1387.525
6/22/1986,1189.308
6/23/1986,1160.991
6/24/1986,1160.991
6/25/1986,1302.575
6/26/1986,1302.575
6/27/1986,1160.991
6/28/1986,1104.357
6/29/1986,934.456
6/30/1986,1415.842
7/1/1986,1415.842
7/2/1986,962.773
7/3/1986,1104.357
7/4/1986,962.773
7/5/1986,1274.258
7/6/1986,877.822
7/7/1986,792.872
7/8/1986,764.555
7/9/1986,792.872
7/10/1986,877.822
7/11/1986,1104.357
7/12/1986,1076.04
7/13/1986,934.456
7/14/1986,821.189
7/15/1986,821.189
7/16/1986,821.189
7/17/1986,1415.842
7/18/1986,1868.912
7/19/1986,1132.674
7/20/1986,736.238
7/21/1986,622.971
7/22/1986,622.971
7/23/1986,622.971
7/24/1986,651.287
7/25/1986,679.604
7/26/1986,707.921
7/27/1986,707.921
7/28/1986,651.287
7/29/1986,566.337
7/30/1986,566.337
7/31/1986,566.337
8/1/1986,509.703
8/2/1986,453.07
8/3/1986,453.07
8/4/1986,453.07
8/5/1986,509.703
8/6/1986,566.337
8/7/1986,509.703
8/8/1986,453.07
8/9/1986,424.753
8/10/1986,396.436
8/11/1986,368.119
8/12/1986,368.119
8/13/1986,396.436
8/14/1986,368.119
8/15/1986,396.436
8/16/1986,396.436
8/17/1986,396.436
8/18/1986,396.436
8/19/1986,396.436
8/20/1986,396.436
8/21/1986,396.436
8/22/1986,396.436
8/23/1986,339.802
8/24/1986,368.119
8/25/1986,368.119
8/26/1986,368.119
8/27/1986,368.119
8/28/1986,368.119
8/29/1986,339.802
8/30/1986,339.802
8/31/1986,339.802
9/1/1986,368.119
9/2/1986,396.436
9/3/1986,481.386
9/4/1986,509.703
9/5/1986,566.337
9/6/1986,566.337
9/7/1986,509.703
9/8/1986,424.753
9/9/1986,424.753
9/10/1986,424.753
9/11/1986,424.753
9/12/1986,396.436
9/13/1986,339.802
9/14/1986,339.802
9/15/1986,339.802
9/16/1986,368.119
9/17/1986,368.119
9/18/1986,368.119
9/19/1986,651.287
9/20/1986,792.872
9/21/1986,849.505
9/22/1986,622.971
9/23/1986,538.02
9/24/1986,509.703
9/25/1986,736.238
9/26/1986,1359.209
9/27/1986,1104.357
9/28/1986,1557.427
9/29/1986,1189.308
9/30/1986,849.505
10/1/1986,962.773
10/2/1986,849.505
10/3/1986,764.555
10/4/1986,764.555
10/5/1986,707.921
10/6/1986,651.287
10/7/1986,622.971
10/8/1986,622.971
10/9/1986,651.287
10/10/1986,792.872
10/11/1986,906.139
10/12/1986,849.505
10/13/1986,849.505
10/14/1986,764.555
10/15/1986,792.872
10/16/1986,707.921
10/17/1986,707.921
10/18/1986,707.921
10/19/1986,707.921
10/20/1986,679.604
10/21/1986,707.921
10/22/1986,679.604
10/23/1986,651.287
10/24/1986,538.02
10/25/1986,509.703
10/26/1986,509.703
10/27/1986,509.703
10/28/1986,509.703
10/29/1986,481.386
10/30/1986,509.703
10/31/1986,481.386
11/1/1986,481.386
11/2/1986,509.703
11/3/1986,509.703
11/4/1986,509.703
11/5/1986,509.703
11/6/1986,509.703
11/7/1986,538.02
11/8/1986,538.02
11/9/1986,538.02
11/10/1986,453.07
11/11/1986,368.119
11/12/1986,283.168
11/13/1986,283.168
11/14/1986,283.168
11/15/1986,283.168
11/16/1986,311.485
11/17/1986,311.485
11/18/1986,283.168
11/19/1986,368.119
11/20/1986,481.386
11/21/1986,594.654
11/22/1986,594.654
11/23/1986,594.654
11/24/1986,566.337
11/25/1986,566.337
11/26/1986,594.654
11/27/1986,622.971
11/28/1986,566.337
11/29/1986,566.337
11/30/1986,594.654
12/1/1986,594.654
12/2/1986,594.654
12/3/1986,594.654
12/4/1986,538.02
12/5/1986,509.703
12/6/1986,453.07
12/7/1986,453.07
12/8/1986,453.07
12/9/1986,453.07
12/10/1986,424.753
12/11/1986,141.584
12/12/1986,56.634
12/13/1986,198.218
12/14/1986,396.436
12/15/1986,396.436
12/16/1986,481.386
12/17/1986,481.386
12/18/1986,481.386
12/19/1986,424.753
12/20/1986,424.753
12/21/1986,424.753
12/22/1986,424.753
12/23/1986,424.753
12/24/1986,424.753
12/25/1986,396.436
12/26/1986,424.753
12/27/1986,453.07
12/28/1986,424.753
12/29/1986,396.436
12/30/1986,396.436
12/31/1986,396.436
1/1/1987,396.436
1/2/1987,396.436
1/3/1987,396.436
1/4/1987,396.436
1/5/1987,453.07
1/6/1987,424.753
1/7/1987,396.436
1/8/1987,424.753
1/9/1987,396.436
1/10/1987,368.119
1/11/1987,339.802
1/12/1987,339.802
1/13/1987,339.802
1/14/1987,339.802
1/15/1987,339.802
1/16/1987,311.485
1/17/1987,311.485
1/18/1987,339.802
1/19/1987,311.485
1/20/1987,283.168
1/21/1987,226.535
1/22/1987,198.218
1/23/1987,254.852
1/24/1987,311.485
1/25/1987,424.753
1/26/1987,396.436
1/27/1987,396.436
1/28/1987,396.436
1/29/1987,396.436
1/30/1987,424.753
1/31/1987,424.753
2/1/1987,424.753
2/2/1987,424.753
2/3/1987,453.07
2/4/1987,509.703
2/5/1987,566.337
2/6/1987,566.337
2/7/1987,538.02
2/8/1987,538.02
2/9/1987,538.02
2/10/1987,538.02
2/11/1987,509.703
2/12/1987,509.703
2/13/1987,509.703
2/14/1987,509.703
2/15/1987,566.337
2/16/1987,566.337
2/17/1987,566.337
2/18/1987,566.337
2/19/1987,566.337
2/20/1987,566.337
2/21/1987,538.02
2/22/1987,566.337
2/23/1987,566.337
2/24/1987,566.337
2/25/1987,566.337
2/26/1987,566.337
2/27/1987,566.337
2/28/1987,566.337
3/1/1987,424.753
3/2/1987,339.802
3/3/1987,368.119
3/4/1987,396.436
3/5/1987,566.337
3/6/1987,679.604
3/7/1987,906.139
3/8/1987,651.287
3/9/1987,566.337
3/10/1987,594.654
3/11/1987,538.02
3/12/1987,509.703
3/13/1987,538.02
3/14/1987,538.02
3/15/1987,566.337
3/16/1987,622.971
3/17/1987,679.604
3/18/1987,707.921
3/19/1987,707.921
3/20/1987,792.872
3/21/1987,1019.406
3/22/1987,736.238
3/23/1987,736.238
3/24/1987,736.238
3/25/1987,679.604
3/26/1987,622.971
3/27/1987,566.337
3/28/1987,509.703
3/29/1987,509.703
3/30/1987,566.337
3/31/1987,651.287
4/1/1987,707.921
4/2/1987,736.238
4/3/1987,679.604
4/4/1987,651.287
4/5/1987,651.287
4/6/1987,707.921
4/7/1987,736.238
4/8/1987,679.604
4/9/1987,679.604
4/10/1987,566.337
4/11/1987,509.703
4/12/1987,509.703
4/13/1987,509.703
4/14/1987,509.703
4/15/1987,509.703
4/16/1987,509.703
4/17/1987,453.07
4/18/1987,396.436
4/19/1987,368.119
4/20/1987,339.802
4/21/1987,311.485
4/22/1987,311.485
4/23/1987,311.485
4/24/1987,396.436
4/25/1987,424.753
4/26/1987,453.07
4/27/1987,453.07
4/28/1987,509.703
4/29/1987,509.703
4/30/1987,509.703
5/1/1987,679.604
5/2/1987,679.604
5/3/1987,679.604
5/4/1987,622.971
5/5/1987,509.703
5/6/1987,368.119
5/7/1987,368.119
5/8/1987,453.07
5/9/1987,453.07
5/10/1987,453.07
5/11/1987,424.753
5/12/1987,424.753
5/13/1987,424.753
5/14/1987,396.436
5/15/1987,396.436
5/16/1987,396.436
5/17/1987,396.436
5/18/1987,453.07
5/19/1987,566.337
5/20/1987,622.971
5/21/1987,679.604
5/22/1987,736.238
5/23/1987,707.921
5/24/1987,679.604
5/25/1987,622.971
5/26/1987,622.971
5/27/1987,622.971
5/28/1987,792.872
5/29/1987,792.872
5/30/1987,679.604
5/31/1987,736.238
6/1/1987,764.555
6/2/1987,764.555
6/3/1987,764.555
6/4/1987,707.921
6/5/1987,707.921
6/6/1987,707.921
6/7/1987,622.971
6/8/1987,594.654
6/9/1987,566.337
6/10/1987,622.971
6/11/1987,651.287
6/12/1987,651.287
6/13/1987,651.287
6/14/1987,594.654
6/15/1987,538.02
6/16/1987,622.971
6/17/1987,679.604
6/18/1987,679.604
6/19/1987,651.287
6/20/1987,651.287
6/21/1987,622.971
6/22/1987,594.654
6/23/1987,538.02
6/24/1987,509.703
6/25/1987,453.07
6/26/1987,368.119
6/27/1987,339.802
6/28/1987,339.802
6/29/1987,311.485
6/30/1987,311.485
7/1/1987,339.802
7/2/1987,339.802
7/3/1987,283.168
7/4/1987,283.168
7/5/1987,339.802
7/6/1987,396.436
7/7/1987,396.436
7/8/1987,396.436
7/9/1987,453.07
7/10/1987,481.386
7/11/1987,509.703
7/12/1987,481.386
7/13/1987,368.119
7/14/1987,368.119
7/15/1987,368.119
7/16/1987,368.119
7/17/1987,368.119
7/18/1987,934.456
7/19/1987,707.921
7/20/1987,679.604
7/21/1987,622.971
7/22/1987,821.189
7/23/1987,481.386
7/24/1987,396.436
7/25/1987,396.436
7/26/1987,396.436
7/27/1987,396.436
7/28/1987,453.07
7/29/1987,509.703
7/30/1987,849.505
7/31/1987,792.872
8/1/1987,792.872
8/2/1987,707.921
8/3/1987,538.02
8/4/1987,396.436
8/5/1987,424.753
8/6/1987,396.436
8/7/1987,339.802
8/8/1987,339.802
8/9/1987,283.168
8/10/1987,283.168
8/11/1987,311.485
8/12/1987,311.485
8/13/1987,311.485
8/14/1987,509.703
8/15/1987,509.703
8/16/1987,481.386
8/17/1987,509.703
8/18/1987,368.119
8/19/1987,311.485
8/20/1987,339.802
8/21/1987,283.168
8/22/1987,254.852
8/23/1987,254.852
8/24/1987,254.852
8/25/1987,481.386
8/26/1987,538.02
8/27/1987,396.436
8/28/1987,368.119
8/29/1987,396.436
8/30/1987,368.119
8/31/1987,368.119
9/1/1987,311.485
9/2/1987,339.802
9/3/1987,368.119
9/4/1987,424.753
9/5/1987,481.386
9/6/1987,509.703
9/7/1987,453.07
9/8/1987,368.119
9/9/1987,368.119
9/10/1987,339.802
9/11/1987,283.168
9/12/1987,283.168
9/13/1987,311.485
9/14/1987,311.485
9/15/1987,368.119
9/16/1987,396.436
9/17/1987,396.436
9/18/1987,424.753
9/19/1987,368.119
9/20/1987,339.802
9/21/1987,283.168
9/22/1987,283.168
9/23/1987,283.168
9/24/1987,283.168
9/25/1987,283.168
9/26/1987,453.07
9/27/1987,509.703
9/28/1987,509.703
9/29/1987,453.07
9/30/1987,396.436
10/1/1987,311.485
10/2/1987,226.535
10/3/1987,226.535
10/4/1987,226.535
10/5/1987,226.535
10/6/1987,254.852
10/7/1987,283.168
10/8/1987,311.485
10/9/1987,339.802
10/10/1987,368.119
10/11/1987,396.436
10/12/1987,396.436
10/13/1987,396.436
10/14/1987,339.802
10/15/1987,311.485
10/16/1987,311.485
10/17/1987,368.119
10/18/1987,368.119
10/19/1987,396.436
10/20/1987,339.802
10/21/1987,339.802
10/22/1987,311.485
10/23/1987,283.168
10/24/1987,283.168
10/25/1987,283.168
10/26/1987,283.168
10/27/1987,283.168
10/28/1987,311.485
10/29/1987,311.485
10/30/1987,283.168
10/31/1987,283.168
11/1/1987,339.802
11/2/1987,368.119
11/3/1987,368.119
11/4/1987,368.119
11/5/1987,368.119
11/6/1987,339.802
11/7/1987,339.802
11/8/1987,339.802
11/9/1987,368.119
11/10/1987,368.119
11/11/1987,368.119
11/12/1987,396.436
11/13/1987,396.436
11/14/1987,396.436
11/15/1987,396.436
11/16/1987,396.436
11/17/1987,339.802
11/18/1987,339.802
11/19/1987,339.802
11/20/1987,283.168
11/21/1987,283.168
11/22/1987,283.168
11/23/1987,283.168
11/24/1987,283.168
11/25/1987,311.485
11/26/1987,339.802
11/27/1987,368.119
11/28/1987,368.119
11/29/1987,396.436
11/30/1987,396.436
12/1/1987,368.119
12/2/1987,368.119
12/3/1987,339.802
12/4/1987,396.436
12/5/1987,424.753
12/6/1987,424.753
12/7/1987,424.753
12/8/1987,453.07
12/9/1987,453.07
12/10/1987,453.07
12/11/1987,453.07
12/12/1987,453.07
12/13/1987,453.07
12/14/1987,424.753
12/15/1987,339.802
12/16/1987,339.802
12/17/1987,396.436
12/18/1987,283.168
12/19/1987,283.168
12/20/1987,283.168
12/21/1987,226.535
12/22/1987,226.535
12/23/1987,226.535
12/24/1987,226.535
12/25/1987,198.218
12/26/1987,254.852
12/27/1987,283.168
12/28/1987,283.168
12/29/1987,339.802
12/30/1987,424.753
12/31/1987,453.07
1/1/1988,339.802
1/2/1988,283.168
1/3/1988,169.901
1/4/1988,113.267
1/5/1988,28.317
1/6/1988,28.317
1/7/1988,141.584
1/8/1988,141.584
1/9/1988,169.901
1/10/1988,283.168
1/11/1988,339.802
1/12/1988,311.485
1/13/1988,339.802
1/14/1988,311.485
1/15/1988,311.485
1/16/1988,311.485
1/17/1988,339.802
1/18/1988,368.119
1/19/1988,368.119
1/20/1988,368.119
1/21/1988,396.436
1/22/1988,424.753
1/23/1988,453.07
1/24/1988,453.07
1/25/1988,453.07
1/26/1988,453.07
1/27/1988,453.07
1/28/1988,453.07
1/29/1988,453.07
1/30/1988,481.386
1/31/1988,481.386
2/1/1988,594.654
2/2/1988,538.02
2/3/1988,538.02
2/4/1988,509.703
2/5/1988,453.07
2/6/1988,396.436
2/7/1988,339.802
2/8/1988,339.802
2/9/1988,339.802
2/10/1988,339.802
2/11/1988,339.802
2/12/1988,339.802
2/13/1988,339.802
2/14/1988,339.802
2/15/1988,396.436
2/16/1988,396.436
2/17/1988,424.753
2/18/1988,453.07
2/19/1988,453.07
2/20/1988,481.386
2/21/1988,481.386
2/22/1988,481.386
2/23/1988,453.07
2/24/1988,481.386
2/25/1988,424.753
2/26/1988,396.436
2/27/1988,396.436
2/28/1988,368.119
2/29/1988,368.119
3/1/1988,453.07
3/2/1988,509.703
3/3/1988,538.02
3/4/1988,566.337
3/5/1988,566.337
3/6/1988,622.971
3/7/1988,622.971
3/8/1988,622.971
3/9/1988,594.654
3/10/1988,594.654
3/11/1988,538.02
3/12/1988,509.703
3/13/1988,453.07
3/14/1988,453.07
3/15/1988,453.07
3/16/1988,453.07
3/17/1988,453.07
3/18/1988,424.753
3/19/1988,424.753
3/20/1988,424.753
3/21/1988,424.753
3/22/1988,481.386
3/23/1988,622.971
3/24/1988,651.287
3/25/1988,651.287
3/26/1988,594.654
3/27/1988,594.654
3/28/1988,509.703
3/29/1988,424.753
3/30/1988,368.119
3/31/1988,283.168
4/1/1988,311.485
4/2/1988,339.802
4/3/1988,396.436
4/4/1988,396.436
4/5/1988,396.436
4/6/1988,368.119
4/7/1988,368.119
4/8/1988,311.485
4/9/1988,311.485
4/10/1988,311.485
4/11/1988,311.485
4/12/1988,311.485
4/13/1988,311.485
4/14/1988,311.485
4/15/1988,254.852
4/16/1988,254.852
4/17/1988,254.852
4/18/1988,254.852
4/19/1988,254.852
4/20/1988,254.852
4/21/1988,254.852
4/22/1988,254.852
4/23/1988,311.485
4/24/1988,339.802
4/25/1988,339.802
4/26/1988,311.485
4/27/1988,311.485
4/28/1988,311.485
4/29/1988,311.485
4/30/1988,311.485
5/1/1988,311.485
5/2/1988,339.802
5/3/1988,339.802
5/4/1988,311.485
5/5/1988,311.485
5/6/1988,368.119
5/7/1988,368.119
5/8/1988,368.119
5/9/1988,368.119
5/10/1988,368.119
5/11/1988,368.119
5/12/1988,368.119
5/13/1988,453.07
5/14/1988,509.703
5/15/1988,566.337
5/16/1988,566.337
5/17/1988,679.604
5/18/1988,707.921
5/19/1988,736.238
5/20/1988,764.555
5/21/1988,764.555
5/22/1988,764.555
5/23/1988,792.872
5/24/1988,792.872
5/25/1988,821.189
5/26/1988,821.189
5/27/1988,821.189
5/28/1988,821.189
5/29/1988,792.872
5/30/1988,792.872
5/31/1988,821.189
6/1/1988,849.505
6/2/1988,906.139
6/3/1988,849.505
6/4/1988,849.505
6/5/1988,849.505
6/6/1988,849.505
6/7/1988,849.505
6/8/1988,792.872
6/9/1988,792.872
6/10/1988,821.189
6/11/1988,906.139
6/12/1988,962.773
6/13/1988,1047.723
6/14/1988,962.773
6/15/1988,792.872
6/16/1988,679.604
6/17/1988,679.604
6/18/1988,622.971
6/19/1988,622.971
6/20/1988,538.02
6/21/1988,538.02
6/22/1988,538.02
6/23/1988,538.02
6/24/1988,538.02
6/25/1988,509.703
6/26/1988,453.07
6/27/1988,481.386
6/28/1988,481.386
6/29/1988,481.386
6/30/1988,566.337
7/1/1988,651.287
7/2/1988,622.971
7/3/1988,736.238
7/4/1988,622.971
7/5/1988,509.703
7/6/1988,509.703
7/7/1988,481.386
7/8/1988,453.07
7/9/1988,424.753
7/10/1988,339.802
7/11/1988,283.168
7/12/1988,311.485
7/13/1988,311.485
7/14/1988,311.485
7/15/1988,311.485
7/16/1988,311.485
7/17/1988,311.485
7/18/1988,311.485
7/19/1988,226.535
7/20/1988,198.218
7/21/1988,169.901
7/22/1988,113.267
7/23/1988,226.535
7/24/1988,226.535
7/25/1988,226.535
7/26/1988,226.535
7/27/1988,254.852
7/28/1988,254.852
7/29/1988,254.852
7/30/1988,226.535
7/31/1988,226.535
8/1/1988,198.218
8/2/1988,226.535
8/3/1988,169.901
8/4/1988,141.584
8/5/1988,141.584
8/6/1988,198.218
8/7/1988,226.535
8/8/1988,226.535
8/9/1988,226.535
8/10/1988,226.535
8/11/1988,226.535
8/12/1988,226.535
8/13/1988,198.218
8/14/1988,198.218
8/15/1988,226.535
8/16/1988,226.535
8/17/1988,226.535
8/18/1988,226.535
8/19/1988,226.535
8/20/1988,226.535
8/21/1988,254.852
8/22/1988,254.852
8/23/1988,254.852
8/24/1988,226.535
8/25/1988,226.535
8/26/1988,254.852
8/27/1988,226.535
8/28/1988,198.218
8/29/1988,198.218
8/30/1988,198.218
8/31/1988,198.218
9/1/1988,198.218
9/2/1988,169.901
9/3/1988,169.901
9/4/1988,169.901
9/5/1988,141.584
9/6/1988,141.584
9/7/1988,141.584
9/8/1988,169.901
9/9/1988,169.901
9/10/1988,169.901
9/11/1988,198.218
9/12/1988,254.852
9/13/1988,254.852
9/14/1988,226.535
9/15/1988,226.535
9/16/1988,254.852
9/17/1988,311.485
9/18/1988,311.485
9/19/1988,311.485
9/20/1988,311.485
9/21/1988,311.485
9/22/1988,311.485
9/23/1988,283.168
9/24/1988,283.168
9/25/1988,283.168
9/26/1988,283.168
9/27/1988,283.168
9/28/1988,311.485
9/29/1988,311.485
9/30/1988,339.802
10/1/1988,339.802
10/2/1988,311.485
10/3/1988,226.535
10/4/1988,198.218
10/5/1988,226.535
10/6/1988,254.852
10/7/1988,311.485
10/8/1988,283.168
10/9/1988,283.168
10/10/1988,226.535
10/11/1988,226.535
10/12/1988,226.535
10/13/1988,254.852
10/14/1988,254.852
10/15/1988,254.852
10/16/1988,254.852
10/17/1988,254.852
10/18/1988,254.852
10/19/1988,254.852
10/20/1988,254.852
10/21/1988,283.168
10/22/1988,311.485
10/23/1988,311.485
10/24/1988,311.485
10/25/1988,311.485
10/26/1988,311.485
10/27/1988,311.485
10/28/1988,254.852
10/29/1988,254.852
10/30/1988,283.168
10/31/1988,254.852
11/1/1988,226.535
11/2/1988,396.436
11/3/1988,396.436
11/4/1988,396.436
11/5/1988,283.168
11/6/1988,311.485
11/7/1988,339.802
11/8/1988,339.802
11/9/1988,339.802
11/10/1988,339.802
11/11/1988,311.485
11/12/1988,339.802
11/13/1988,339.802
11/14/1988,339.802
11/15/1988,339.802
11/16/1988,339.802
11/17/1988,311.485
11/18/1988,311.485
11/19/1988,283.168
11/20/1988,254.852
11/21/1988,254.852
11/22/1988,198.218
11/23/1988,368.119
11/24/1988,368.119
11/25/1988,368.119
11/26/1988,396.436
11/27/1988,368.119
11/28/1988,368.119
11/29/1988,396.436
11/30/1988,424.753
12/1/1988,509.703
12/2/1988,509.703
12/3/1988,509.703
12/4/1988,538.02
12/5/1988,509.703
12/6/1988,481.386
12/7/1988,424.753
12/8/1988,283.168
12/9/1988,283.168
12/10/1988,283.168
12/11/1988,339.802
12/12/1988,311.485
12/13/1988,396.436
12/14/1988,453.07
12/15/1988,453.07
12/16/1988,339.802
12/17/1988,311.485
12/18/1988,339.802
12/19/1988,538.02
12/20/1988,481.386
12/21/1988,538.02
12/22/1988,339.802
12/23/1988,311.485
12/24/1988,283.168
12/25/1988,368.119
12/26/1988,339.802
12/27/1988,283.168
12/28/1988,311.485
12/29/1988,198.218
12/30/1988,169.901
12/31/1988,198.218
1/1/1989,198.218
1/2/1989,169.901
1/3/1989,226.535
1/4/1989,283.168
1/5/1989,368.119
1/6/1989,368.119
1/7/1989,368.119
1/8/1989,396.436
1/9/1989,368.119
1/10/1989,396.436
1/11/1989,368.119
1/12/1989,368.119
1/13/1989,368.119
1/14/1989,368.119
1/15/1989,368.119
1/16/1989,368.119
1/17/1989,396.436
1/18/1989,396.436
1/19/1989,396.436
1/20/1989,396.436
1/21/1989,453.07
1/22/1989,424.753
1/23/1989,424.753
1/24/1989,424.753
1/25/1989,453.07
1/26/1989,481.386
1/27/1989,481.386
1/28/1989,481.386
1/29/1989,481.386
1/30/1989,481.386
1/31/1989,509.703
2/1/1989,453.07
2/2/1989,453.07
2/3/1989,424.753
2/4/1989,339.802
2/5/1989,424.753
2/6/1989,311.485
2/7/1989,368.119
2/8/1989,226.535
2/9/1989,368.119
2/10/1989,424.753
2/11/1989,368.119
2/12/1989,453.07
2/13/1989,339.802
2/14/1989,424.753
2/15/1989,424.753
2/16/1989,509.703
2/17/1989,368.119
2/18/1989,453.07
2/19/1989,453.07
2/20/1989,453.07
2/21/1989,453.07
2/22/1989,283.168
2/23/1989,509.703
2/24/1989,481.386
2/25/1989,453.07
2/26/1989,453.07
2/27/1989,453.07
2/28/1989,424.753
3/1/1989,509.703
3/2/1989,424.753
3/3/1989,481.386
3/4/1989,481.386
3/5/1989,424.753
3/6/1989,424.753
3/7/1989,453.07
3/8/1989,424.753
3/9/1989,453.07
3/10/1989,622.971
3/11/1989,651.287
3/12/1989,792.872
3/13/1989,849.505
3/14/1989,792.872
3/15/1989,849.505
3/16/1989,849.505
3/17/1989,792.872
3/18/1989,792.872
3/19/1989,849.505
3/20/1989,622.971
3/21/1989,679.604
3/22/1989,707.921
3/23/1989,651.287
3/24/1989,594.654
3/25/1989,679.604
3/26/1989,764.555
3/27/1989,877.822
3/28/1989,934.456
3/29/1989,1104.357
3/30/1989,934.456
3/31/1989,1076.04
4/1/1989,1160.991
4/2/1989,1189.308
4/3/1989,1217.624
4/4/1989,962.773
4/5/1989,1160.991
4/6/1989,1160.991
4/7/1989,1274.258
4/8/1989,849.505
4/9/1989,622.971
4/10/1989,566.337
4/11/1989,481.386
4/12/1989,538.02
4/13/1989,538.02
4/14/1989,424.753
4/15/1989,424.753
4/16/1989,424.753
4/17/1989,396.436
4/18/1989,396.436
4/19/1989,396.436
4/20/1989,396.436
4/21/1989,396.436
4/22/1989,396.436
4/23/1989,453.07
4/24/1989,509.703
4/25/1989,566.337
4/26/1989,594.654
4/27/1989,594.654
4/28/1989,594.654
4/29/1989,594.654
4/30/1989,622.971
5/1/1989,651.287
5/2/1989,707.921
5/3/1989,707.921
5/4/1989,707.921
5/5/1989,707.921
5/6/1989,679.604
5/7/1989,622.971
5/8/1989,566.337
5/9/1989,509.703
5/10/1989,453.07
5/11/1989,538.02
5/12/1989,622.971
5/13/1989,622.971
5/14/1989,736.238
5/15/1989,849.505
5/16/1989,877.822
5/17/1989,962.773
5/18/1989,877.822
5/19/1989,877.822
5/20/1989,792.872
5/21/1989,792.872
5/22/1989,736.238
5/23/1989,736.238
5/24/1989,764.555
5/25/1989,821.189
5/26/1989,821.189
5/27/1989,877.822
5/28/1989,934.456
5/29/1989,934.456
5/30/1989,877.822
5/31/1989,821.189
6/1/1989,934.456
6/2/1989,821.189
6/3/1989,707.921
6/4/1989,707.921
6/5/1989,707.921
6/6/1989,707.921
6/7/1989,651.287
6/8/1989,651.287
6/9/1989,651.287
6/10/1989,962.773
6/11/1989,1160.991
6/12/1989,962.773
6/13/1989,906.139
6/14/1989,792.872
6/15/1989,906.139
6/16/1989,1047.723
6/17/1989,1047.723
6/18/1989,1047.723
6/19/1989,1047.723
6/20/1989,1047.723
6/21/1989,1104.357
6/22/1989,1160.991
6/23/1989,1160.991
6/24/1989,1047.723
6/25/1989,962.773
6/26/1989,906.139
6/27/1989,877.822
6/28/1989,877.822
6/29/1989,849.505
6/30/1989,849.505
7/1/1989,764.555
7/2/1989,707.921
7/3/1989,679.604
7/4/1989,679.604
7/5/1989,651.287
7/6/1989,651.287
7/7/1989,651.287
7/8/1989,651.287
7/9/1989,651.287
7/10/1989,594.654
7/11/1989,594.654
7/12/1989,594.654
7/13/1989,538.02
7/14/1989,538.02
7/15/1989,538.02
7/16/1989,566.337
7/17/1989,566.337
7/18/1989,594.654
7/19/1989,594.654
7/20/1989,594.654
7/21/1989,566.337
7/22/1989,509.703
7/23/1989,509.703
7/24/1989,509.703
7/25/1989,509.703
7/26/1989,481.386
7/27/1989,424.753
7/28/1989,396.436
7/29/1989,396.436
7/30/1989,368.119
7/31/1989,368.119
8/1/1989,339.802
8/2/1989,453.07
8/3/1989,509.703
8/4/1989,424.753
8/5/1989,396.436
8/6/1989,368.119
8/7/1989,339.802
8/8/1989,311.485
8/9/1989,311.485
8/10/1989,339.802
8/11/1989,339.802
8/12/1989,339.802
8/13/1989,339.802
8/14/1989,339.802
8/15/1989,339.802
8/16/1989,339.802
8/17/1989,339.802
8/18/1989,311.485
8/19/1989,311.485
8/20/1989,339.802
8/21/1989,368.119
8/22/1989,368.119
8/23/1989,368.119
8/24/1989,424.753
8/25/1989,481.386
8/26/1989,424.753
8/27/1989,368.119
8/28/1989,396.436
8/29/1989,424.753
8/30/1989,453.07
8/31/1989,481.386
9/1/1989,424.753
9/2/1989,396.436
9/3/1989,396.436
9/4/1989,396.436
9/5/1989,424.753
9/6/1989,424.753
9/7/1989,424.753
9/8/1989,424.753
9/9/1989,396.436
9/10/1989,368.119
9/11/1989,339.802
9/12/1989,339.802
9/13/1989,339.802
9/14/1989,339.802
9/15/1989,339.802
9/16/1989,339.802
9/17/1989,339.802
9/18/1989,368.119
9/19/1989,368.119
9/20/1989,396.436
9/21/1989,396.436
9/22/1989,396.436
9/23/1989,368.119
9/24/1989,339.802
9/25/1989,339.802
9/26/1989,368.119
9/27/1989,368.119
9/28/1989,368.119
9/29/1989,368.119
9/30/1989,368.119
10/1/1989,368.119
10/2/1989,368.119
10/3/1989,368.119
10/4/1989,368.119
10/5/1989,368.119
10/6/1989,368.119
10/7/1989,368.119
10/8/1989,396.436
10/9/1989,424.753
10/10/1989,453.07
10/11/1989,481.386
10/12/1989,481.386
10/13/1989,481.386
10/14/1989,481.386
10/15/1989,481.386
10/16/1989,481.386
10/17/1989,424.753
10/18/1989,396.436
10/19/1989,396.436
10/20/1989,481.386
10/21/1989,481.386
10/22/1989,509.703
10/23/1989,509.703
10/24/1989,509.703
10/25/1989,538.02
10/26/1989,566.337
10/27/1989,509.703
10/28/1989,481.386
10/29/1989,481.386
10/30/1989,481.386
10/31/1989,481.386
11/1/1989,453.07
11/2/1989,453.07
11/3/1989,538.02
11/4/1989,566.337
11/5/1989,566.337
11/6/1989,566.337
11/7/1989,566.337
11/8/1989,566.337
11/9/1989,509.703
11/10/1989,509.703
11/11/1989,509.703
11/12/1989,509.703
11/13/1989,538.02
11/14/1989,566.337
11/15/1989,566.337
11/16/1989,566.337
11/17/1989,538.02
11/18/1989,538.02
11/19/1989,538.02
11/20/1989,538.02
11/21/1989,481.386
11/22/1989,481.386
11/23/1989,481.386
11/24/1989,509.703
11/25/1989,538.02
11/26/1989,566.337
11/27/1989,509.703
11/28/1989,481.386
11/29/1989,481.386
11/30/1989,509.703
12/1/1989,509.703
12/2/1989,481.386
12/3/1989,566.337
12/4/1989,481.386
12/5/1989,481.386
12/6/1989,438.911
12/7/1989,424.753
12/8/1989,424.753
12/9/1989,424.753
12/10/1989,424.753
12/11/1989,368.119
12/12/1989,311.485
12/13/1989,254.852
12/14/1989,198.218
12/15/1989,198.218
12/16/1989,226.535
12/17/1989,283.168
12/18/1989,311.485
12/19/1989,339.802
12/20/1989,311.485
12/21/1989,283.168
12/22/1989,283.168
12/23/1989,339.802
12/24/1989,339.802
12/25/1989,339.802
12/26/1989,339.802
12/27/1989,339.802
12/28/1989,368.119
12/29/1989,368.119
12/30/1989,396.436
12/31/1989,368.119
1/1/1990,396.436
1/2/1990,453.07
1/3/1990,481.386
1/4/1990,481.386
1/5/1990,509.703
1/6/1990,509.703
1/7/1990,509.703
1/8/1990,538.02
1/9/1990,566.337
1/10/1990,566.337
1/11/1990,566.337
1/12/1990,566.337
1/13/1990,538.02
1/14/1990,538.02
1/15/1990,538.02
1/16/1990,538.02
1/17/1990,566.337
1/18/1990,594.654
1/19/1990,594.654
1/20/1990,594.654
1/21/1990,594.654
1/22/1990,594.654
1/23/1990,566.337
1/24/1990,538.02
1/25/1990,481.386
1/26/1990,481.386
1/27/1990,509.703
1/28/1990,538.02
1/29/1990,566.337
1/30/1990,566.337
1/31/1990,594.654
2/1/1990,538.02
2/2/1990,509.703
2/3/1990,453.07
2/4/1990,424.753
2/5/1990,396.436
2/6/1990,396.436
2/7/1990,396.436
2/8/1990,396.436
2/9/1990,396.436
2/10/1990,453.07
2/11/1990,509.703
2/12/1990,509.703
2/13/1990,509.703
2/14/1990,509.703
2/15/1990,538.02
2/16/1990,538.02
2/17/1990,509.703
2/18/1990,481.386
2/19/1990,509.703
2/20/1990,481.386
2/21/1990,453.07
2/22/1990,453.07
2/23/1990,453.07
2/24/1990,453.07
2/25/1990,481.386
2/26/1990,481.386
2/27/1990,509.703
2/28/1990,509.703
3/1/1990,566.337
3/2/1990,622.971
3/3/1990,651.287
3/4/1990,622.971
3/5/1990,622.971
3/6/1990,622.971
3/7/1990,622.971
3/8/1990,651.287
3/9/1990,651.287
3/10/1990,651.287
3/11/1990,679.604
3/12/1990,707.921
3/13/1990,707.921
3/14/1990,707.921
3/15/1990,651.287
3/16/1990,594.654
3/17/1990,566.337
3/18/1990,566.337
3/19/1990,566.337
3/20/1990,566.337
3/21/1990,566.337
3/22/1990,509.703
3/23/1990,509.703
3/24/1990,453.07
3/25/1990,396.436
3/26/1990,396.436
3/27/1990,396.436
3/28/1990,396.436
3/29/1990,396.436
3/30/1990,396.436
3/31/1990,368.119
4/1/1990,339.802
4/2/1990,339.802
4/3/1990,339.802
4/4/1990,339.802
4/5/1990,339.802
4/6/1990,339.802
4/7/1990,339.802
4/8/1990,339.802
4/9/1990,339.802
4/10/1990,339.802
4/11/1990,311.485
4/12/1990,311.485
4/13/1990,339.802
4/14/1990,339.802
4/15/1990,339.802
4/16/1990,339.802
4/17/1990,339.802
4/18/1990,339.802
4/19/1990,339.802
4/20/1990,339.802
4/21/1990,368.119
4/22/1990,396.436
4/23/1990,453.07
4/24/1990,509.703
4/25/1990,566.337
4/26/1990,622.971
4/27/1990,651.287
4/28/1990,679.604
4/29/1990,651.287
4/30/1990,651.287
5/1/1990,566.337
5/2/1990,538.02
5/3/1990,538.02
5/4/1990,509.703
5/5/1990,509.703
5/6/1990,538.02
5/7/1990,538.02
5/8/1990,509.703
5/9/1990,509.703
5/10/1990,509.703
5/11/1990,509.703
5/12/1990,509.703
5/13/1990,509.703
5/14/1990,509.703
5/15/1990,538.02
5/16/1990,566.337
5/17/1990,566.337
5/18/1990,566.337
5/19/1990,566.337
5/20/1990,594.654
5/21/1990,566.337
5/22/1990,538.02
5/23/1990,509.703
5/24/1990,566.337
5/25/1990,594.654
5/26/1990,594.654
5/27/1990,594.654
5/28/1990,594.654
5/29/1990,594.654
5/30/1990,594.654
5/31/1990,651.287
6/1/1990,707.921
6/2/1990,764.555
6/3/1990,821.189
6/4/1990,877.822
6/5/1990,877.822
6/6/1990,906.139
6/7/1990,934.456
6/8/1990,849.505
6/9/1990,792.872
6/10/1990,792.872
6/11/1990,849.505
6/12/1990,821.189
6/13/1990,906.139
6/14/1990,608.812
6/15/1990,849.505
6/16/1990,1132.674
6/17/1990,1359.209
6/18/1990,1132.674
6/19/1990,1274.258
6/20/1990,991.09
6/21/1990,707.921
6/22/1990,594.654
6/23/1990,622.971
6/24/1990,991.09
6/25/1990,877.822
6/26/1990,877.822
6/27/1990,1076.04
6/28/1990,1132.674
6/29/1990,1132.674
6/30/1990,849.505
7/1/1990,1076.04
7/2/1990,1104.357
7/3/1990,1104.357
7/4/1990,1104.357
7/5/1990,1132.674
7/6/1990,1189.308
7/7/1990,1076.04
7/8/1990,934.456
7/9/1990,962.773
7/10/1990,877.822
7/11/1990,792.872
7/12/1990,707.921
7/13/1990,679.604
7/14/1990,679.604
7/15/1990,622.971
7/16/1990,566.337
7/17/1990,566.337
7/18/1990,538.02
7/19/1990,453.07
7/20/1990,424.753
7/21/1990,396.436
7/22/1990,396.436
7/23/1990,396.436
7/24/1990,396.436
7/25/1990,453.07
7/26/1990,481.386
7/27/1990,509.703
7/28/1990,509.703
7/29/1990,509.703
7/30/1990,509.703
7/31/1990,481.386
8/1/1990,453.07
8/2/1990,424.753
8/3/1990,396.436
8/4/1990,368.119
8/5/1990,339.802
8/6/1990,339.802
8/7/1990,368.119
8/8/1990,396.436
8/9/1990,396.436
8/10/1990,339.802
8/11/1990,339.802
8/12/1990,339.802
8/13/1990,339.802
8/14/1990,311.485
8/15/1990,283.168
8/16/1990,283.168
8/17/1990,283.168
8/18/1990,283.168
8/19/1990,283.168
8/20/1990,283.168
8/21/1990,283.168
8/22/1990,396.436
8/23/1990,396.436
8/24/1990,396.436
8/25/1990,481.386
8/26/1990,509.703
8/27/1990,509.703
8/28/1990,509.703
8/29/1990,368.119
8/30/1990,339.802
8/31/1990,339.802
9/1/1990,339.802
9/2/1990,339.802
9/3/1990,339.802
9/4/1990,339.802
9/5/1990,424.753
9/6/1990,396.436
9/7/1990,424.753
9/8/1990,424.753
9/9/1990,424.753
9/10/1990,396.436
9/11/1990,396.436
9/12/1990,368.119
9/13/1990,368.119
9/14/1990,368.119
9/15/1990,339.802
9/16/1990,311.485
9/17/1990,339.802
9/18/1990,339.802
9/19/1990,339.802
9/20/1990,368.119
9/21/1990,368.119
9/22/1990,368.119
9/23/1990,368.119
9/24/1990,339.802
9/25/1990,368.119
9/26/1990,368.119
9/27/1990,368.119
9/28/1990,368.119
9/29/1990,339.802
9/30/1990,339.802
10/1/1990,339.802
10/2/1990,339.802
10/3/1990,339.802
10/4/1990,339.802
10/5/1990,339.802
10/6/1990,339.802
10/7/1990,339.802
10/8/1990,339.802
10/9/1990,339.802
10/10/1990,339.802
10/11/1990,368.119
10/12/1990,396.436
10/13/1990,424.753
10/14/1990,424.753
10/15/1990,424.753
10/16/1990,424.753
10/17/1990,424.753
10/18/1990,424.753
10/19/1990,424.753
10/20/1990,424.753
10/21/1990,424.753
10/22/1990,424.753
10/23/1990,424.753
10/24/1990,424.753
10/25/1990,424.753
10/26/1990,424.753
10/27/1990,424.753
10/28/1990,424.753
10/29/1990,453.07
10/30/1990,453.07
10/31/1990,453.07
11/1/1990,481.386
11/2/1990,453.07
11/3/1990,453.07
11/4/1990,453.07
11/5/1990,453.07
11/6/1990,453.07
11/7/1990,453.07
11/8/1990,396.436
11/9/1990,396.436
11/10/1990,396.436
11/11/1990,396.436
11/12/1990,424.753
11/13/1990,481.386
11/14/1990,509.703
11/15/1990,509.703
11/16/1990,481.386
11/17/1990,481.386
11/18/1990,481.386
11/19/1990,481.386
11/20/1990,481.386
11/21/1990,424.753
11/22/1990,424.753
11/23/1990,396.436
11/24/1990,396.436
11/25/1990,368.119
11/26/1990,339.802
11/27/1990,254.852
11/28/1990,226.535
11/29/1990,226.535
11/30/1990,226.535
12/1/1990,113.267
12/2/1990,113.267
12/3/1990,113.267
12/4/1990,169.901
12/5/1990,226.535
12/6/1990,198.218
12/7/1990,198.218
12/8/1990,198.218
12/9/1990,198.218
12/10/1990,283.168
12/11/1990,396.436
12/12/1990,538.02
12/13/1990,538.02
12/14/1990,538.02
12/15/1990,538.02
12/16/1990,481.386
12/17/1990,368.119
12/18/1990,368.119
12/19/1990,424.753
12/20/1990,283.168
12/21/1990,198.218
12/22/1990,141.584
12/23/1990,141.584
12/24/1990,141.584
12/25/1990,56.634
12/26/1990,28.317
12/27/1990,339.802
12/28/1990,339.802
12/29/1990,254.852
12/30/1990,254.852
12/31/1990,254.852
1/1/1991,254.852
1/2/1991,254.852
1/3/1991,283.168
1/4/1991,311.485
1/5/1991,311.485
1/6/1991,311.485
1/7/1991,339.802
1/8/1991,339.802
1/9/1991,339.802
1/10/1991,339.802
1/11/1991,339.802
1/12/1991,339.802
1/13/1991,339.802
1/14/1991,396.436
1/15/1991,396.436
1/16/1991,396.436
1/17/1991,368.119
1/18/1991,396.436
1/19/1991,396.436
1/20/1991,339.802
1/21/1991,339.802
1/22/1991,396.436
1/23/1991,396.436
1/24/1991,339.802
1/25/1991,368.119
1/26/1991,368.119
1/27/1991,368.119
1/28/1991,368.119
1/29/1991,339.802
1/30/1991,339.802
1/31/1991,339.802
2/1/1991,283.168
2/2/1991,339.802
2/3/1991,368.119
2/4/1991,368.119
2/5/1991,368.119
2/6/1991,311.485
2/7/1991,339.802
2/8/1991,396.436
2/9/1991,339.802
2/10/1991,396.436
2/11/1991,396.436
2/12/1991,396.436
2/13/1991,396.436
2/14/1991,339.802
2/15/1991,311.485
2/16/1991,311.485
2/17/1991,339.802
2/18/1991,396.436
2/19/1991,368.119
2/20/1991,368.119
2/21/1991,396.436
2/22/1991,396.436
2/23/1991,368.119
2/24/1991,453.07
2/25/1991,453.07
2/26/1991,396.436
2/27/1991,396.436
2/28/1991,424.753
3/1/1991,396.436
3/2/1991,339.802
3/3/1991,339.802
3/4/1991,339.802
3/5/1991,368.119
3/6/1991,368.119
3/7/1991,368.119
3/8/1991,368.119
3/9/1991,396.436
3/10/1991,396.436
3/11/1991,453.07
3/12/1991,424.753
3/13/1991,396.436
3/14/1991,424.753
3/15/1991,453.07
3/16/1991,481.386
3/17/1991,481.386
3/18/1991,424.753
3/19/1991,396.436
3/20/1991,424.753
3/21/1991,622.971
3/22/1991,679.604
3/23/1991,707.921
3/24/1991,736.238
3/25/1991,707.921
3/26/1991,594.654
3/27/1991,481.386
3/28/1991,396.436
3/29/1991,396.436
3/30/1991,396.436
3/31/1991,396.436
4/1/1991,396.436
4/2/1991,396.436
4/3/1991,396.436
4/4/1991,396.436
4/5/1991,396.436
4/6/1991,396.436
4/7/1991,396.436
4/8/1991,368.119
4/9/1991,311.485
4/10/1991,311.485
4/11/1991,311.485
4/12/1991,311.485
4/13/1991,311.485
4/14/1991,339.802
4/15/1991,339.802
4/16/1991,339.802
4/17/1991,339.802
4/18/1991,339.802
4/19/1991,283.168
4/20/1991,283.168
4/21/1991,339.802
4/22/1991,339.802
4/23/1991,339.802
4/24/1991,339.802
4/25/1991,368.119
4/26/1991,453.07
4/27/1991,622.971
4/28/1991,906.139
4/29/1991,821.189
4/30/1991,566.337
5/1/1991,424.753
5/2/1991,424.753
5/3/1991,424.753
5/4/1991,424.753
5/5/1991,424.753
5/6/1991,424.753
5/7/1991,424.753
5/8/1991,424.753
5/9/1991,481.386
5/10/1991,538.02
5/11/1991,538.02
5/12/1991,538.02
5/13/1991,566.337
5/14/1991,538.02
5/15/1991,622.971
5/16/1991,594.654
5/17/1991,566.337
5/18/1991,566.337
5/19/1991,651.287
5/20/1991,736.238
5/21/1991,1076.04
5/22/1991,1132.674
5/23/1991,1047.723
5/24/1991,991.09
5/25/1991,1076.04
5/26/1991,1529.11
5/27/1991,1529.11
5/28/1991,1529.11
5/29/1991,1529.11
5/30/1991,1557.427
5/31/1991,1812.278
6/1/1991,1415.842
6/2/1991,1132.674
6/3/1991,1274.258
6/4/1991,1076.04
6/5/1991,1132.674
6/6/1991,1132.674
6/7/1991,1132.674
6/8/1991,1189.308
6/9/1991,1557.427
6/10/1991,1840.595
6/11/1991,1557.427
6/12/1991,2123.763
6/13/1991,2123.763
6/14/1991,2067.13
6/15/1991,1783.961
6/16/1991,1812.278
6/17/1991,1727.328
6/18/1991,1699.011
6/19/1991,1699.011
6/20/1991,1642.377
6/21/1991,1642.377
6/22/1991,1642.377
6/23/1991,1670.694
6/24/1991,1642.377
6/25/1991,1812.278
6/26/1991,1840.595
6/27/1991,1812.278
6/28/1991,1642.377
6/29/1991,1557.427
6/30/1991,2378.615
7/1/1991,2406.932
7/2/1991,1415.842
7/3/1991,1387.525
7/4/1991,1387.525
7/5/1991,1642.377
7/6/1991,1642.377
7/7/1991,1019.406
7/8/1991,962.773
7/9/1991,962.773
7/10/1991,1047.723
7/11/1991,1104.357
7/12/1991,849.505
7/13/1991,849.505
7/14/1991,849.505
7/15/1991,849.505
7/16/1991,849.505
7/17/1991,707.921
7/18/1991,707.921
7/19/1991,651.287
7/20/1991,651.287
7/21/1991,566.337
7/22/1991,566.337
7/23/1991,566.337
7/24/1991,509.703
7/25/1991,481.386
7/26/1991,424.753
7/27/1991,424.753
7/28/1991,368.119
7/29/1991,339.802
7/30/1991,339.802
7/31/1991,339.802
8/1/1991,311.485
8/2/1991,368.119
8/3/1991,311.485
8/4/1991,311.485
8/5/1991,368.119
8/6/1991,368.119
8/7/1991,424.753
8/8/1991,424.753
8/9/1991,368.119
8/10/1991,368.119
8/11/1991,339.802
8/12/1991,339.802
8/13/1991,339.802
8/14/1991,368.119
8/15/1991,396.436
8/16/1991,396.436
8/17/1991,339.802
8/18/1991,311.485
8/19/1991,283.168
8/20/1991,339.802
8/21/1991,283.168
8/22/1991,254.852
8/23/1991,254.852
8/24/1991,311.485
8/25/1991,283.168
8/26/1991,254.852
8/27/1991,226.535
8/28/1991,283.168
8/29/1991,283.168
8/30/1991,283.168
8/31/1991,254.852
9/1/1991,254.852
9/2/1991,311.485
9/3/1991,283.168
9/4/1991,226.535
9/5/1991,254.852
9/6/1991,254.852
9/7/1991,254.852
9/8/1991,254.852
9/9/1991,226.535
9/10/1991,226.535
9/11/1991,339.802
9/12/1991,396.436
9/13/1991,453.07
9/14/1991,651.287
9/15/1991,679.604
9/16/1991,679.604
9/17/1991,679.604
9/18/1991,566.337
9/19/1991,566.337
9/20/1991,566.337
9/21/1991,651.287
9/22/1991,651.287
9/23/1991,651.287
9/24/1991,566.337
9/25/1991,509.703
9/26/1991,453.07
9/27/1991,453.07
9/28/1991,453.07
9/29/1991,509.703
9/30/1991,481.386
10/1/1991,538.02
10/2/1991,538.02
10/3/1991,509.703
10/4/1991,481.386
10/5/1991,481.386
10/6/1991,481.386
10/7/1991,453.07
10/8/1991,424.753
10/9/1991,424.753
10/10/1991,453.07
10/11/1991,453.07
10/12/1991,453.07
10/13/1991,481.386
10/14/1991,481.386
10/15/1991,509.703
10/16/1991,509.703
10/17/1991,509.703
10/18/1991,509.703
10/19/1991,481.386
10/20/1991,453.07
10/21/1991,424.753
10/22/1991,424.753
10/23/1991,396.436
10/24/1991,368.119
10/25/1991,368.119
10/26/1991,396.436
10/27/1991,396.436
10/28/1991,453.07
10/29/1991,453.07
10/30/1991,453.07
10/31/1991,453.07
11/1/1991,424.753
11/2/1991,396.436
11/3/1991,368.119
11/4/1991,339.802
11/5/1991,283.168
11/6/1991,254.852
11/7/1991,226.535
11/8/1991,254.852
11/9/1991,311.485
11/10/1991,368.119
11/11/1991,396.436
11/12/1991,424.753
11/13/1991,453.07
11/14/1991,453.07
11/15/1991,453.07
11/16/1991,453.07
11/17/1991,509.703
11/18/1991,509.703
11/19/1991,509.703
11/20/1991,509.703
11/21/1991,538.02
11/22/1991,509.703
11/23/1991,481.386
11/24/1991,481.386
11/25/1991,453.07
11/26/1991,481.386
11/27/1991,481.386
11/28/1991,424.753
11/29/1991,311.485
11/30/1991,254.852
12/1/1991,226.535
12/2/1991,198.218
12/3/1991,198.218
12/4/1991,198.218
12/5/1991,198.218
12/6/1991,226.535
12/7/1991,226.535
12/8/1991,254.852
12/9/1991,311.485
12/10/1991,368.119
12/11/1991,396.436
12/12/1991,396.436
12/13/1991,453.07
12/14/1991,453.07
12/15/1991,453.07
12/16/1991,481.386
12/17/1991,453.07
12/18/1991,396.436
12/19/1991,453.07
12/20/1991,424.753
12/21/1991,453.07
12/22/1991,453.07
12/23/1991,453.07
12/24/1991,396.436
12/25/1991,396.436
12/26/1991,396.436
12/27/1991,396.436
12/28/1991,424.753
12/29/1991,424.753
12/30/1991,424.753
12/31/1991,396.436
1/1/1992,424.753
1/2/1992,396.436
1/3/1992,339.802
1/4/1992,339.802
1/5/1992,368.119
1/6/1992,339.802
1/7/1992,339.802
1/8/1992,311.485
1/9/1992,339.802
1/10/1992,339.802
1/11/1992,368.119
1/12/1992,368.119
1/13/1992,339.802
1/14/1992,368.119
1/15/1992,368.119
1/16/1992,368.119
1/17/1992,368.119
1/18/1992,339.802
1/19/1992,339.802
1/20/1992,283.168
1/21/1992,283.168
1/22/1992,283.168
1/23/1992,283.168
1/24/1992,311.485
1/25/1992,339.802
1/26/1992,368.119
1/27/1992,396.436
1/28/1992,396.436
1/29/1992,396.436
1/30/1992,396.436
1/31/1992,396.436
2/1/1992,453.07
2/2/1992,453.07
2/3/1992,453.07
2/4/1992,424.753
2/5/1992,424.753
2/6/1992,424.753
2/7/1992,396.436
2/8/1992,368.119
2/9/1992,424.753
2/10/1992,396.436
2/11/1992,368.119
2/12/1992,368.119
2/13/1992,339.802
2/14/1992,339.802
2/15/1992,339.802
2/16/1992,339.802
2/17/1992,339.802
2/18/1992,339.802
2/19/1992,368.119
2/20/1992,368.119
2/21/1992,339.802
2/22/1992,311.485
2/23/1992,339.802
2/24/1992,368.119
2/25/1992,396.436
2/26/1992,368.119
2/27/1992,424.753
2/28/1992,424.753
2/29/1992,424.753
3/1/1992,424.753
3/2/1992,453.07
3/3/1992,453.07
3/4/1992,566.337
3/5/1992,566.337
3/6/1992,566.337
3/7/1992,566.337
3/8/1992,538.02
3/9/1992,538.02
3/10/1992,594.654
3/11/1992,594.654
3/12/1992,594.654
3/13/1992,622.971
3/14/1992,594.654
3/15/1992,566.337
3/16/1992,509.703
3/17/1992,453.07
3/18/1992,424.753
3/19/1992,424.753
3/20/1992,453.07
3/21/1992,453.07
3/22/1992,453.07
3/23/1992,453.07
3/24/1992,396.436
3/25/1992,368.119
3/26/1992,368.119
3/27/1992,368.119
3/28/1992,396.436
3/29/1992,396.436
3/30/1992,453.07
3/31/1992,453.07
4/1/1992,339.802
4/2/1992,283.168
4/3/1992,254.852
4/4/1992,254.852
4/5/1992,283.168
4/6/1992,311.485
4/7/1992,311.485
4/8/1992,283.168
4/9/1992,283.168
4/10/1992,368.119
4/11/1992,368.119
4/12/1992,339.802
4/13/1992,368.119
4/14/1992,424.753
4/15/1992,424.753
4/16/1992,368.119
4/17/1992,396.436
4/18/1992,481.386
4/19/1992,509.703
4/20/1992,594.654
4/21/1992,622.971
4/22/1992,622.971
4/23/1992,594.654
4/24/1992,538.02
4/25/1992,538.02
4/26/1992,481.386
4/27/1992,481.386
4/28/1992,538.02
4/29/1992,481.386
4/30/1992,481.386
5/1/1992,481.386
5/2/1992,509.703
5/3/1992,509.703
5/4/1992,368.119
5/5/1992,481.386
5/6/1992,481.386
5/7/1992,509.703
5/8/1992,594.654
5/9/1992,679.604
5/10/1992,736.238
5/11/1992,651.287
5/12/1992,707.921
5/13/1992,679.604
5/14/1992,707.921
5/15/1992,736.238
5/16/1992,736.238
5/17/1992,679.604
5/18/1992,651.287
5/19/1992,622.971
5/20/1992,622.971
5/21/1992,651.287
5/22/1992,509.703
5/23/1992,453.07
5/24/1992,453.07
5/25/1992,481.386
5/26/1992,509.703
5/27/1992,566.337
5/28/1992,651.287
5/29/1992,736.238
5/30/1992,792.872
5/31/1992,764.555
6/1/1992,707.921
6/2/1992,679.604
6/3/1992,707.921
6/4/1992,792.872
6/5/1992,707.921
6/6/1992,594.654
6/7/1992,509.703
6/8/1992,538.02
6/9/1992,566.337
6/10/1992,622.971
6/11/1992,538.02
6/12/1992,566.337
6/13/1992,509.703
6/14/1992,509.703
6/15/1992,509.703
6/16/1992,736.238
6/17/1992,792.872
6/18/1992,736.238
6/19/1992,679.604
6/20/1992,736.238
6/21/1992,1189.308
6/22/1992,1472.476
6/23/1992,1387.525
6/24/1992,1245.941
6/25/1992,906.139
6/26/1992,906.139
6/27/1992,1132.674
6/28/1992,1019.406
6/29/1992,849.505
6/30/1992,849.505
7/1/1992,1642.377
7/2/1992,1189.308
7/3/1992,792.872
7/4/1992,877.822
7/5/1992,906.139
7/6/1992,906.139
7/7/1992,906.139
7/8/1992,906.139
7/9/1992,906.139
7/10/1992,906.139
7/11/1992,906.139
7/12/1992,849.505
7/13/1992,849.505
7/14/1992,906.139
7/15/1992,906.139
7/16/1992,707.921
7/17/1992,594.654
7/18/1992,594.654
7/19/1992,566.337
7/20/1992,566.337
7/21/1992,481.386
7/22/1992,424.753
7/23/1992,509.703
7/24/1992,509.703
7/25/1992,509.703
7/26/1992,509.703
7/27/1992,566.337
7/28/1992,566.337
7/29/1992,622.971
7/30/1992,566.337
7/31/1992,566.337
8/1/1992,566.337
8/2/1992,481.386
8/3/1992,396.436
8/4/1992,311.485
8/5/1992,311.485
8/6/1992,368.119
8/7/1992,396.436
8/8/1992,424.753
8/9/1992,396.436
8/10/1992,396.436
8/11/1992,368.119
8/12/1992,339.802
8/13/1992,339.802
8/14/1992,339.802
8/15/1992,339.802
8/16/1992,311.485
8/17/1992,283.168
8/18/1992,283.168
8/19/1992,283.168
8/20/1992,368.119
8/21/1992,396.436
8/22/1992,368.119
8/23/1992,368.119
8/24/1992,339.802
8/25/1992,339.802
8/26/1992,311.485
8/27/1992,311.485
8/28/1992,311.485
8/29/1992,368.119
8/30/1992,311.485
8/31/1992,311.485
9/1/1992,283.168
9/2/1992,311.485
9/3/1992,311.485
9/4/1992,311.485
9/5/1992,311.485
9/6/1992,311.485
9/7/1992,311.485
9/8/1992,283.168
9/9/1992,254.852
9/10/1992,226.535
9/11/1992,226.535
9/12/1992,198.218
9/13/1992,169.901
9/14/1992,141.584
9/15/1992,141.584
9/16/1992,198.218
9/17/1992,198.218
9/18/1992,198.218
9/19/1992,226.535
9/20/1992,254.852
9/21/1992,254.852
9/22/1992,254.852
9/23/1992,254.852
9/24/1992,283.168
9/25/1992,339.802
9/26/1992,368.119
9/27/1992,368.119
9/28/1992,368.119
9/29/1992,396.436
9/30/1992,396.436
10/1/1992,311.485
10/2/1992,283.168
10/3/1992,283.168
10/4/1992,283.168
10/5/1992,311.485
10/6/1992,311.485
10/7/1992,283.168
10/8/1992,254.852
10/9/1992,283.168
10/10/1992,283.168
10/11/1992,283.168
10/12/1992,283.168
10/13/1992,254.852
10/14/1992,254.852
10/15/1992,254.852
10/16/1992,254.852
10/17/1992,254.852
10/18/1992,198.218
10/19/1992,254.852
10/20/1992,283.168
10/21/1992,311.485
10/22/1992,368.119
10/23/1992,368.119
10/24/1992,368.119
10/25/1992,339.802
10/26/1992,311.485
10/27/1992,311.485
10/28/1992,283.168
10/29/1992,283.168
10/30/1992,283.168
10/31/1992,283.168
11/1/1992,339.802
11/2/1992,339.802
11/3/1992,339.802
11/4/1992,339.802
11/5/1992,339.802
11/6/1992,339.802
11/7/1992,368.119
11/8/1992,424.753
11/9/1992,424.753
11/10/1992,368.119
11/11/1992,368.119
11/12/1992,283.168
11/13/1992,254.852
11/14/1992,226.535
11/15/1992,226.535
11/16/1992,226.535
11/17/1992,226.535
11/18/1992,311.485
11/19/1992,339.802
11/20/1992,339.802
11/21/1992,339.802
11/22/1992,396.436
11/23/1992,424.753
11/24/1992,424.753
11/25/1992,424.753
11/26/1992,368.119
11/27/1992,283.168
11/28/1992,283.168
11/29/1992,283.168
11/30/1992,283.168
12/1/1992,169.901
12/2/1992,169.901
12/3/1992,141.584
12/4/1992,84.951
12/5/1992,84.951
12/6/1992,84.951
12/7/1992,113.267
12/8/1992,226.535
12/9/1992,254.852
12/10/1992,226.535
12/11/1992,226.535
12/12/1992,254.852
12/13/1992,339.802
12/14/1992,339.802
12/15/1992,396.436
12/16/1992,396.436
12/17/1992,396.436
12/18/1992,453.07
12/19/1992,424.753
12/20/1992,424.753
12/21/1992,339.802
12/22/1992,283.168
12/23/1992,169.901
12/24/1992,254.852
12/25/1992,226.535
12/26/1992,226.535
12/27/1992,283.168
12/28/1992,339.802
12/29/1992,339.802
12/30/1992,339.802
12/31/1992,283.168
1/1/1993,283.168
1/2/1993,254.852
1/3/1993,254.852
1/4/1993,254.852
1/5/1993,198.218
1/6/1993,226.535
1/7/1993,198.218
1/8/1993,198.218
1/9/1993,198.218
1/10/1993,254.852
1/11/1993,339.802
1/12/1993,396.436
1/13/1993,368.119
1/14/1993,339.802
1/15/1993,339.802
1/16/1993,339.802
1/17/1993,339.802
1/18/1993,311.485
1/19/1993,311.485
1/20/1993,339.802
1/21/1993,368.119
1/22/1993,396.436
1/23/1993,396.436
1/24/1993,396.436
1/25/1993,396.436
1/26/1993,396.436
1/27/1993,396.436
1/28/1993,396.436
1/29/1993,396.436
1/30/1993,396.436
1/31/1993,368.119
2/1/1993,396.436
2/2/1993,424.753
2/3/1993,424.753
2/4/1993,424.753
2/5/1993,424.753
2/6/1993,396.436
2/7/1993,396.436
2/8/1993,424.753
2/9/1993,396.436
2/10/1993,396.436
2/11/1993,339.802
2/12/1993,424.753
2/13/1993,424.753
2/14/1993,396.436
2/15/1993,396.436
2/16/1993,368.119
2/17/1993,368.119
2/18/1993,396.436
2/19/1993,368.119
2/20/1993,396.436
2/21/1993,368.119
2/22/1993,368.119
2/23/1993,339.802
2/24/1993,254.852
2/25/1993,254.852
2/26/1993,283.168
2/27/1993,283.168
2/28/1993,283.168
3/1/1993,311.485
3/2/1993,283.168
3/3/1993,311.485
3/4/1993,311.485
3/5/1993,368.119
3/6/1993,509.703
3/7/1993,481.386
3/8/1993,509.703
3/9/1993,622.971
3/10/1993,509.703
3/11/1993,792.872
3/12/1993,622.971
3/13/1993,622.971
3/14/1993,622.971
3/15/1993,877.822
3/16/1993,538.02
3/17/1993,453.07
3/18/1993,566.337
3/19/1993,622.971
3/20/1993,594.654
3/21/1993,424.753
3/22/1993,509.703
3/23/1993,509.703
3/24/1993,538.02
3/25/1993,736.238
3/26/1993,707.921
3/27/1993,849.505
3/28/1993,1019.406
3/29/1993,1160.991
3/30/1993,962.773
3/31/1993,736.238
4/1/1993,594.654
4/2/1993,651.287
4/3/1993,594.654
4/4/1993,509.703
4/5/1993,453.07
4/6/1993,453.07
4/7/1993,453.07
4/8/1993,424.753
4/9/1993,424.753
4/10/1993,453.07
4/11/1993,453.07
4/12/1993,424.753
4/13/1993,396.436
4/14/1993,396.436
4/15/1993,396.436
4/16/1993,396.436
4/17/1993,396.436
4/18/1993,396.436
4/19/1993,396.436
4/20/1993,396.436
4/21/1993,396.436
4/22/1993,396.436
4/23/1993,396.436
4/24/1993,339.802
4/25/1993,368.119
4/26/1993,424.753
4/27/1993,481.386
4/28/1993,453.07
4/29/1993,396.436
4/30/1993,339.802
5/1/1993,339.802
5/2/1993,339.802
5/3/1993,339.802
5/4/1993,368.119
5/5/1993,311.485
5/6/1993,311.485
5/7/1993,481.386
5/8/1993,509.703
5/9/1993,509.703
5/10/1993,453.07
5/11/1993,509.703
5/12/1993,538.02
5/13/1993,566.337
5/14/1993,566.337
5/15/1993,538.02
5/16/1993,538.02
5/17/1993,594.654
5/18/1993,679.604
5/19/1993,792.872
5/20/1993,906.139
5/21/1993,991.09
5/22/1993,1189.308
5/23/1993,1189.308
5/24/1993,1189.308
5/25/1993,1189.308
5/26/1993,1189.308
5/27/1993,1189.308
5/28/1993,1189.308
5/29/1993,1132.674
5/30/1993,1047.723
5/31/1993,1047.723
6/1/1993,1132.674
6/2/1993,1160.991
6/3/1993,1189.308
6/4/1993,1076.04
6/5/1993,1132.674
6/6/1993,1189.308
6/7/1993,1302.575
6/8/1993,1359.209
6/9/1993,1529.11
6/10/1993,1330.892
6/11/1993,1472.476
6/12/1993,1217.624
6/13/1993,1359.209
6/14/1993,1104.357
6/15/1993,1076.04
6/16/1993,1132.674
6/17/1993,1217.624
6/18/1993,1189.308
6/19/1993,1132.674
6/20/1993,1132.674
6/21/1993,1160.991
6/22/1993,1330.892
6/23/1993,1274.258
6/24/1993,1160.991
6/25/1993,1076.04
6/26/1993,1076.04
6/27/1993,1076.04
6/28/1993,1076.04
6/29/1993,1076.04
6/30/1993,1104.357
7/1/1993,1047.723
7/2/1993,1019.406
7/3/1993,1245.941
7/4/1993,1500.793
7/5/1993,1670.694
7/6/1993,1387.525
7/7/1993,1585.743
7/8/1993,1642.377
7/9/1993,1755.644
7/10/1993,1670.694
7/11/1993,1245.941
7/12/1993,991.09
7/13/1993,1104.357
7/14/1993,962.773
7/15/1993,1359.209
7/16/1993,1330.892
7/17/1993,1217.624
7/18/1993,1189.308
7/19/1993,1076.04
7/20/1993,877.822
7/21/1993,1160.991
7/22/1993,1359.209
7/23/1993,1274.258
7/24/1993,1217.624
7/25/1993,1189.308
7/26/1993,1217.624
7/27/1993,1670.694
7/28/1993,1274.258
7/29/1993,1472.476
7/30/1993,1868.912
7/31/1993,2038.813
8/1/1993,1557.427
8/2/1993,1302.575
8/3/1993,1245.941
8/4/1993,991.09
8/5/1993,821.189
8/6/1993,736.238
8/7/1993,792.872
8/8/1993,821.189
8/9/1993,792.872
8/10/1993,707.921
8/11/1993,594.654
8/12/1993,566.337
8/13/1993,509.703
8/14/1993,594.654
8/15/1993,566.337
8/16/1993,594.654
8/17/1993,622.971
8/18/1993,566.337
8/19/1993,453.07
8/20/1993,453.07
8/21/1993,481.386
8/22/1993,679.604
8/23/1993,707.921
8/24/1993,679.604
8/25/1993,566.337
8/26/1993,566.337
8/27/1993,538.02
8/28/1993,538.02
8/29/1993,566.337
8/30/1993,622.971
8/31/1993,538.02
9/1/1993,566.337
9/2/1993,509.703
9/3/1993,509.703
9/4/1993,424.753
9/5/1993,368.119
9/6/1993,368.119
9/7/1993,339.802
9/8/1993,368.119
9/9/1993,339.802
9/10/1993,283.168
9/11/1993,254.852
9/12/1993,311.485
9/13/1993,283.168
9/14/1993,254.852
9/15/1993,339.802
9/16/1993,283.168
9/17/1993,311.485
9/18/1993,311.485
9/19/1993,339.802
9/20/1993,368.119
9/21/1993,396.436
9/22/1993,396.436
9/23/1993,396.436
9/24/1993,424.753
9/25/1993,396.436
9/26/1993,368.119
9/27/1993,368.119
9/28/1993,339.802
9/29/1993,339.802
9/30/1993,368.119
10/1/1993,339.802
10/2/1993,368.119
10/3/1993,339.802
10/4/1993,283.168
10/5/1993,311.485
10/6/1993,283.168
10/7/1993,311.485
10/8/1993,368.119
10/9/1993,424.753
10/10/1993,424.753
10/11/1993,368.119
10/12/1993,368.119
10/13/1993,396.436
10/14/1993,396.436
10/15/1993,424.753
10/16/1993,424.753
10/17/1993,424.753
10/18/1993,453.07
10/19/1993,424.753
10/20/1993,424.753
10/21/1993,453.07
10/22/1993,453.07
10/23/1993,453.07
10/24/1993,453.07
10/25/1993,424.753
10/26/1993,396.436
10/27/1993,424.753
10/28/1993,424.753
10/29/1993,396.436
10/30/1993,368.119
10/31/1993,396.436
11/1/1993,396.436
11/2/1993,396.436
11/3/1993,424.753
11/4/1993,453.07
11/5/1993,424.753
11/6/1993,453.07
11/7/1993,453.07
11/8/1993,453.07
11/9/1993,424.753
11/10/1993,453.07
11/11/1993,453.07
11/12/1993,453.07
11/13/1993,453.07
11/14/1993,424.753
11/15/1993,339.802
11/16/1993,339.802
11/17/1993,339.802
11/18/1993,339.802
11/19/1993,368.119
11/20/1993,368.119
11/21/1993,368.119
11/22/1993,368.119
11/23/1993,339.802
11/24/1993,339.802
11/25/1993,311.485
11/26/1993,198.218
11/27/1993,169.901
11/28/1993,169.901
11/29/1993,198.218
11/30/1993,254.852
12/1/1993,198.218
12/2/1993,226.535
12/3/1993,254.852
12/4/1993,396.436
12/5/1993,396.436
12/6/1993,424.753
12/7/1993,396.436
12/8/1993,396.436
12/9/1993,396.436
12/10/1993,339.802
12/11/1993,368.119
12/12/1993,481.386
12/13/1993,453.07
12/14/1993,424.753
12/15/1993,481.386
12/16/1993,509.703
12/17/1993,509.703
12/18/1993,481.386
12/19/1993,453.07
12/20/1993,453.07
12/21/1993,453.07
12/22/1993,453.07
12/23/1993,424.753
12/24/1993,424.753
12/25/1993,368.119
12/26/1993,339.802
12/27/1993,368.119
12/28/1993,396.436
12/29/1993,396.436
12/30/1993,283.168
12/31/1993,396.436
1/1/1994,396.436
1/2/1994,424.753
1/3/1994,368.119
1/4/1994,339.802
1/5/1994,368.119
1/6/1994,396.436
1/7/1994,396.436
1/8/1994,424.753
1/9/1994,396.436
1/10/1994,368.119
1/11/1994,368.119
1/12/1994,368.119
1/13/1994,339.802
1/14/1994,368.119
1/15/1994,368.119
1/16/1994,339.802
1/17/1994,339.802
1/18/1994,283.168
1/19/1994,254.852
1/20/1994,311.485
1/21/1994,283.168
1/22/1994,283.168
1/23/1994,311.485
1/24/1994,226.535
1/25/1994,254.852
1/26/1994,339.802
1/27/1994,368.119
1/28/1994,424.753
1/29/1994,396.436
1/30/1994,424.753
1/31/1994,424.753
2/1/1994,368.119
2/2/1994,339.802
2/3/1994,283.168
2/4/1994,283.168
2/5/1994,339.802
2/6/1994,368.119
2/7/1994,368.119
2/8/1994,339.802
2/9/1994,368.119
2/10/1994,368.119
2/11/1994,368.119
2/12/1994,283.168
2/13/1994,283.168
2/14/1994,254.852
2/15/1994,226.535
2/16/1994,254.852
2/17/1994,311.485
2/18/1994,368.119
2/19/1994,368.119
2/20/1994,368.119
2/21/1994,368.119
2/22/1994,339.802
2/23/1994,339.802
2/24/1994,396.436
2/25/1994,396.436
2/26/1994,368.119
2/27/1994,368.119
2/28/1994,339.802
3/1/1994,283.168
3/2/1994,339.802
3/3/1994,339.802
3/4/1994,396.436
3/5/1994,906.139
3/6/1994,736.238
3/7/1994,1160.991
3/8/1994,1415.842
3/9/1994,1953.862
3/10/1994,2123.763
3/11/1994,1953.862
3/12/1994,1614.06
3/13/1994,1330.892
3/14/1994,1245.941
3/15/1994,1132.674
3/16/1994,1557.427
3/17/1994,1699.011
3/18/1994,1585.743
3/19/1994,1557.427
3/20/1994,1359.209
3/21/1994,1245.941
3/22/1994,991.09
3/23/1994,906.139
3/24/1994,792.872
3/25/1994,821.189
3/26/1994,849.505
3/27/1994,622.971
3/28/1994,707.921
3/29/1994,594.654
3/30/1994,651.287
3/31/1994,509.703
4/1/1994,509.703
4/2/1994,481.386
4/3/1994,453.07
4/4/1994,368.119
4/5/1994,339.802
4/6/1994,339.802
4/7/1994,368.119
4/8/1994,453.07
4/9/1994,481.386
4/10/1994,509.703
4/11/1994,566.337
4/12/1994,538.02
4/13/1994,566.337
4/14/1994,594.654
4/15/1994,424.753
4/16/1994,339.802
4/17/1994,396.436
4/18/1994,396.436
4/19/1994,368.119
4/20/1994,368.119
4/21/1994,368.119
4/22/1994,396.436
4/23/1994,453.07
4/24/1994,339.802
4/25/1994,481.386
4/26/1994,481.386
4/27/1994,509.703
4/28/1994,679.604
4/29/1994,707.921
4/30/1994,622.971
5/1/1994,707.921
5/2/1994,736.238
5/3/1994,764.555
5/4/1994,792.872
5/5/1994,707.921
5/6/1994,764.555
5/7/1994,736.238
5/8/1994,736.238
5/9/1994,707.921
5/10/1994,707.921
5/11/1994,651.287
5/12/1994,764.555
5/13/1994,934.456
5/14/1994,849.505
5/15/1994,934.456
5/16/1994,1076.04
5/17/1994,1359.209
5/18/1994,1557.427
5/19/1994,1274.258
5/20/1994,1245.941
5/21/1994,1529.11
5/22/1994,1359.209
5/23/1994,1160.991
5/24/1994,1104.357
5/25/1994,962.773
5/26/1994,764.555
5/27/1994,792.872
5/28/1994,792.872
5/29/1994,934.456
5/30/1994,934.456
5/31/1994,849.505
6/1/1994,821.189
6/2/1994,849.505
6/3/1994,849.505
6/4/1994,849.505
6/5/1994,849.505
6/6/1994,849.505
6/7/1994,849.505
6/8/1994,1132.674
6/9/1994,2095.447
6/10/1994,1529.11
6/11/1994,1076.04
6/12/1994,877.822
6/13/1994,849.505
6/14/1994,991.09
6/15/1994,792.872
6/16/1994,679.604
6/17/1994,651.287
6/18/1994,651.287
6/19/1994,736.238
6/20/1994,849.505
6/21/1994,934.456
6/22/1994,962.773
6/23/1994,792.872
6/24/1994,849.505
6/25/1994,707.921
6/26/1994,566.337
6/27/1994,679.604
6/28/1994,566.337
6/29/1994,594.654
6/30/1994,651.287
7/1/1994,566.337
7/2/1994,509.703
7/3/1994,509.703
7/4/1994,509.703
7/5/1994,396.436
7/6/1994,339.802
7/7/1994,283.168
7/8/1994,283.168
7/9/1994,283.168
7/10/1994,311.485
7/11/1994,283.168
7/12/1994,283.168
7/13/1994,368.119
7/14/1994,396.436
7/15/1994,396.436
7/16/1994,339.802
7/17/1994,339.802
7/18/1994,339.802
7/19/1994,339.802
7/20/1994,311.485
7/21/1994,254.852
7/22/1994,254.852
7/23/1994,226.535
7/24/1994,226.535
7/25/1994,226.535
7/26/1994,226.535
7/27/1994,226.535
7/28/1994,198.218
7/29/1994,198.218
7/30/1994,198.218
7/31/1994,226.535
8/1/1994,226.535
8/2/1994,226.535
8/3/1994,226.535
8/4/1994,226.535
8/5/1994,226.535
8/6/1994,283.168
8/7/1994,226.535
8/8/1994,226.535
8/9/1994,226.535
8/10/1994,226.535
8/11/1994,226.535
8/12/1994,254.852
8/13/1994,283.168
8/14/1994,283.168
8/15/1994,283.168
8/16/1994,254.852
8/17/1994,226.535
8/18/1994,283.168
8/19/1994,283.168
8/20/1994,254.852
8/21/1994,283.168
8/22/1994,283.168
8/23/1994,254.852
8/24/1994,254.852
8/25/1994,254.852
8/26/1994,226.535
8/27/1994,226.535
8/28/1994,226.535
8/29/1994,226.535
8/30/1994,198.218
8/31/1994,226.535
9/1/1994,226.535
9/2/1994,198.218
9/3/1994,226.535
9/4/1994,283.168
9/5/1994,283.168
9/6/1994,283.168
9/7/1994,283.168
9/8/1994,283.168
9/9/1994,283.168
9/10/1994,283.168
9/11/1994,339.802
9/12/1994,368.119
9/13/1994,396.436
9/14/1994,396.436
9/15/1994,368.119
9/16/1994,311.485
9/17/1994,254.852
9/18/1994,226.535
9/19/1994,226.535
9/20/1994,283.168
9/21/1994,368.119
9/22/1994,368.119
9/23/1994,368.119
9/24/1994,368.119
9/25/1994,368.119
9/26/1994,339.802
9/27/1994,283.168
9/28/1994,283.168
9/29/1994,254.852
9/30/1994,226.535
10/1/1994,283.168
10/2/1994,339.802
10/3/1994,339.802
10/4/1994,339.802
10/5/1994,311.485
10/6/1994,424.753
10/7/1994,509.703
10/8/1994,509.703
10/9/1994,396.436
10/10/1994,368.119
10/11/1994,311.485
10/12/1994,368.119
10/13/1994,311.485
10/14/1994,339.802
10/15/1994,538.02
10/16/1994,651.287
10/17/1994,594.654
10/18/1994,622.971
10/19/1994,594.654
10/20/1994,594.654
10/21/1994,679.604
10/22/1994,622.971
10/23/1994,594.654
10/24/1994,509.703
10/25/1994,481.386
10/26/1994,538.02
10/27/1994,566.337
10/28/1994,566.337
10/29/1994,509.703
10/30/1994,396.436
10/31/1994,311.485
11/1/1994,396.436
11/2/1994,339.802
11/3/1994,311.485
11/4/1994,339.802
11/5/1994,339.802
11/6/1994,311.485
11/7/1994,283.168
11/8/1994,283.168
11/9/1994,254.852
11/10/1994,226.535
11/11/1994,226.535
11/12/1994,254.852
11/13/1994,254.852
11/14/1994,254.852
11/15/1994,226.535
11/16/1994,198.218
11/17/1994,198.218
11/18/1994,198.218
11/19/1994,254.852
11/20/1994,226.535
11/21/1994,198.218
11/22/1994,198.218
11/23/1994,169.901
11/24/1994,169.901
11/25/1994,169.901
11/26/1994,169.901
11/27/1994,169.901
11/28/1994,198.218
11/29/1994,198.218
11/30/1994,198.218
12/1/1994,198.218
12/2/1994,226.535
12/3/1994,283.168
12/4/1994,311.485
12/5/1994,311.485
12/6/1994,283.168
12/7/1994,311.485
12/8/1994,283.168
12/9/1994,283.168
12/10/1994,311.485
12/11/1994,311.485
12/12/1994,311.485
12/13/1994,396.436
12/14/1994,396.436
12/15/1994,396.436
12/16/1994,396.436
12/17/1994,396.436
12/18/1994,396.436
12/19/1994,396.436
12/20/1994,396.436
12/21/1994,396.436
12/22/1994,453.07
12/23/1994,481.386
12/24/1994,481.386
12/25/1994,509.703
12/26/1994,509.703
12/27/1994,509.703
12/28/1994,538.02
12/29/1994,566.337
12/30/1994,566.337
12/31/1994,566.337
1/1/1995,481.386
1/2/1995,424.753
1/3/1995,396.436
1/4/1995,226.535
1/5/1995,226.535
1/6/1995,169.901
1/7/1995,169.901
1/8/1995,169.901
1/9/1995,169.901
1/10/1995,198.218
1/11/1995,226.535
1/12/1995,254.852
1/13/1995,283.168
1/14/1995,283.168
1/15/1995,396.436
1/16/1995,481.386
1/17/1995,509.703
1/18/1995,509.703
1/19/1995,509.703
1/20/1995,481.386
1/21/1995,481.386
1/22/1995,424.753
1/23/1995,424.753
1/24/1995,424.753
1/25/1995,368.119
1/26/1995,368.119
1/27/1995,368.119
1/28/1995,368.119
1/29/1995,368.119
1/30/1995,368.119
1/31/1995,368.119
2/1/1995,368.119
2/2/1995,424.753
2/3/1995,453.07
2/4/1995,509.703
2/5/1995,509.703
2/6/1995,538.02
2/7/1995,566.337
2/8/1995,566.337
2/9/1995,566.337
2/10/1995,566.337
2/11/1995,538.02
2/12/1995,509.703
2/13/1995,481.386
2/14/1995,453.07
2/15/1995,453.07
2/16/1995,396.436
2/17/1995,339.802
2/18/1995,283.168
2/19/1995,339.802
2/20/1995,339.802
2/21/1995,424.753
2/22/1995,509.703
2/23/1995,566.337
2/24/1995,651.287
2/25/1995,679.604
2/26/1995,651.287
2/27/1995,651.287
2/28/1995,594.654
3/1/1995,453.07
3/2/1995,368.119
3/3/1995,396.436
3/4/1995,424.753
3/5/1995,424.753
3/6/1995,311.485
3/7/1995,311.485
3/8/1995,283.168
3/9/1995,254.852
3/10/1995,254.852
3/11/1995,226.535
3/12/1995,566.337
3/13/1995,566.337
3/14/1995,622.971
3/15/1995,679.604
3/16/1995,792.872
3/17/1995,1019.406
3/18/1995,962.773
3/19/1995,764.555
3/20/1995,679.604
3/21/1995,1104.357
3/22/1995,1019.406
3/23/1995,707.921
3/24/1995,707.921
3/25/1995,679.604
3/26/1995,566.337
3/27/1995,481.386
3/28/1995,368.119
3/29/1995,311.485
3/30/1995,339.802
3/31/1995,368.119
4/1/1995,396.436
4/2/1995,283.168
4/3/1995,311.485
4/4/1995,283.168
4/5/1995,283.168
4/6/1995,311.485
4/7/1995,283.168
4/8/1995,339.802
4/9/1995,339.802
4/10/1995,368.119
4/11/1995,339.802
4/12/1995,311.485
4/13/1995,254.852
4/14/1995,283.168
4/15/1995,764.555
4/16/1995,566.337
4/17/1995,424.753
4/18/1995,339.802
4/19/1995,339.802
4/20/1995,424.753
4/21/1995,481.386
4/22/1995,481.386
4/23/1995,453.07
4/24/1995,424.753
4/25/1995,424.753
4/26/1995,339.802
4/27/1995,339.802
4/28/1995,339.802
4/29/1995,368.119
4/30/1995,368.119
5/1/1995,396.436
5/2/1995,396.436
5/3/1995,368.119
5/4/1995,339.802
5/5/1995,339.802
5/6/1995,368.119
5/7/1995,481.386
5/8/1995,566.337
5/9/1995,509.703
5/10/1995,453.07
5/11/1995,453.07
5/12/1995,509.703
5/13/1995,849.505
5/14/1995,962.773
5/15/1995,1160.991
5/16/1995,1415.842
5/17/1995,1642.377
5/18/1995,1529.11
5/19/1995,1444.159
5/20/1995,962.773
5/21/1995,1245.941
5/22/1995,991.09
5/23/1995,1245.941
5/24/1995,991.09
5/25/1995,1019.406
5/26/1995,1245.941
5/27/1995,1189.308
5/28/1995,1076.04
5/29/1995,1019.406
5/30/1995,877.822
5/31/1995,849.505
6/1/1995,934.456
6/2/1995,934.456
6/3/1995,934.456
6/4/1995,934.456
6/5/1995,1076.04
6/6/1995,1189.308
6/7/1995,1245.941
6/8/1995,1274.258
6/9/1995,1302.575
6/10/1995,1472.476
6/11/1995,1585.743
6/12/1995,1755.644
6/13/1995,1670.694
6/14/1995,1444.159
6/15/1995,1132.674
6/16/1995,1274.258
6/17/1995,1614.06
6/18/1995,1642.377
6/19/1995,1642.377
6/20/1995,1783.961
6/21/1995,1783.961
6/22/1995,1897.229
6/23/1995,2067.13
6/24/1995,1529.11
6/25/1995,1387.525
6/26/1995,1302.575
6/27/1995,1274.258
6/28/1995,1274.258
6/29/1995,1274.258
6/30/1995,1245.941
7/1/1995,1189.308
7/2/1995,1217.624
7/3/1995,1472.476
7/4/1995,1670.694
7/5/1995,1415.842
7/6/1995,1160.991
7/7/1995,1359.209
7/8/1995,1217.624
7/9/1995,1330.892
7/10/1995,1415.842
7/11/1995,1557.427
7/12/1995,1585.743
7/13/1995,1330.892
7/14/1995,1359.209
7/15/1995,1529.11
7/16/1995,1500.793
7/17/1995,1500.793
7/18/1995,1415.842
7/19/1995,1529.11
7/20/1995,1245.941
7/21/1995,1359.209
7/22/1995,1047.723
7/23/1995,1076.04
7/24/1995,906.139
7/25/1995,906.139
7/26/1995,1076.04
7/27/1995,1019.406
7/28/1995,877.822
7/29/1995,792.872
7/30/1995,821.189
7/31/1995,679.604
8/1/1995,651.287
8/2/1995,566.337
8/3/1995,622.971
8/4/1995,622.971
8/5/1995,566.337
8/6/1995,566.337
8/7/1995,566.337
8/8/1995,566.337
8/9/1995,566.337
8/10/1995,509.703
8/11/1995,453.07
8/12/1995,453.07
8/13/1995,453.07
8/14/1995,368.119
8/15/1995,339.802
8/16/1995,396.436
8/17/1995,396.436
8/18/1995,396.436
8/19/1995,396.436
8/20/1995,396.436
8/21/1995,424.753
8/22/1995,396.436
8/23/1995,396.436
8/24/1995,453.07
8/25/1995,509.703
8/26/1995,481.386
8/27/1995,594.654
8/28/1995,594.654
8/29/1995,651.287
8/30/1995,679.604
8/31/1995,566.337
9/1/1995,481.386
9/2/1995,424.753
9/3/1995,424.753
9/4/1995,424.753
9/5/1995,453.07
9/6/1995,481.386
9/7/1995,481.386
9/8/1995,396.436
9/9/1995,396.436
9/10/1995,396.436
9/11/1995,481.386
9/12/1995,538.02
9/13/1995,566.337
9/14/1995,538.02
9/15/1995,566.337
9/16/1995,538.02
9/17/1995,538.02
9/18/1995,566.337
9/19/1995,566.337
9/20/1995,509.703
9/21/1995,453.07
9/22/1995,453.07
9/23/1995,509.703
9/24/1995,538.02
9/25/1995,622.971
9/26/1995,651.287
9/27/1995,707.921
9/28/1995,707.921
9/29/1995,707.921
9/30/1995,679.604
10/1/1995,707.921
10/2/1995,707.921
10/3/1995,622.971
10/4/1995,651.287
10/5/1995,594.654
10/6/1995,566.337
10/7/1995,509.703
10/8/1995,538.02
10/9/1995,594.654
10/10/1995,651.287
10/11/1995,622.971
10/12/1995,679.604
10/13/1995,622.971
10/14/1995,566.337
10/15/1995,509.703
10/16/1995,509.703
10/17/1995,566.337
10/18/1995,764.555
10/19/1995,679.604
10/20/1995,707.921
10/21/1995,764.555
10/22/1995,792.872
10/23/1995,764.555
10/24/1995,736.238
10/25/1995,707.921
10/26/1995,707.921
10/27/1995,707.921
10/28/1995,594.654
10/29/1995,651.287
10/30/1995,566.337
10/31/1995,622.971
11/1/1995,679.604
11/2/1995,679.604
11/3/1995,622.971
11/4/1995,622.971
11/5/1995,622.971
11/6/1995,538.02
11/7/1995,509.703
11/8/1995,453.07
11/9/1995,396.436
11/10/1995,396.436
11/11/1995,339.802
11/12/1995,283.168
11/13/1995,198.218
11/14/1995,283.168
11/15/1995,424.753
11/16/1995,538.02
11/17/1995,651.287
11/18/1995,679.604
11/19/1995,707.921
11/20/1995,679.604
11/21/1995,707.921
11/22/1995,707.921
11/23/1995,651.287
11/24/1995,622.971
11/25/1995,622.971
11/26/1995,679.604
11/27/1995,651.287
11/28/1995,594.654
11/29/1995,622.971
11/30/1995,651.287
12/1/1995,622.971
12/2/1995,594.654
12/3/1995,566.337
12/4/1995,538.02
12/5/1995,481.386
12/6/1995,424.753
12/7/1995,368.119
12/8/1995,198.218
12/9/1995,56.634
12/10/1995,28.317
12/11/1995,28.317
12/12/1995,226.535
12/13/1995,311.485
12/14/1995,311.485
12/15/1995,283.168
12/16/1995,311.485
12/17/1995,254.852
12/18/1995,339.802
12/19/1995,368.119
12/20/1995,481.386
12/21/1995,509.703
12/22/1995,538.02
12/23/1995,538.02
12/24/1995,538.02
12/25/1995,538.02
12/26/1995,481.386
12/27/1995,453.07
12/28/1995,509.703
12/29/1995,509.703
12/30/1995,509.703
12/31/1995,538.02
1/1/1996,509.703
1/2/1996,538.02
1/3/1996,538.02
1/4/1996,509.703
1/5/1996,481.386
1/6/1996,453.07
1/7/1996,481.386
1/8/1996,481.386
1/9/1996,481.386
1/10/1996,453.07
1/11/1996,453.07
1/12/1996,453.07
1/13/1996,453.07
1/14/1996,594.654
1/15/1996,651.287
1/16/1996,707.921
1/17/1996,651.287
1/18/1996,622.971
1/19/1996,622.971
1/20/1996,566.337
1/21/1996,538.02
1/22/1996,453.07
1/23/1996,424.753
1/24/1996,368.119
1/25/1996,339.802
1/26/1996,396.436
1/27/1996,481.386
1/28/1996,509.703
1/29/1996,453.07
1/30/1996,481.386
1/31/1996,566.337
2/1/1996,453.07
2/2/1996,396.436
2/3/1996,453.07
2/4/1996,481.386
2/5/1996,481.386
2/6/1996,481.386
2/7/1996,509.703
2/8/1996,538.02
2/9/1996,679.604
2/10/1996,679.604
2/11/1996,764.555
2/12/1996,679.604
2/13/1996,736.238
2/14/1996,962.773
2/15/1996,1189.308
2/16/1996,1330.892
2/17/1996,1132.674
2/18/1996,1104.357
2/19/1996,1132.674
2/20/1996,1189.308
2/21/1996,1160.991
2/22/1996,1189.308
2/23/1996,1217.624
2/24/1996,1189.308
2/25/1996,1132.674
2/26/1996,1104.357
2/27/1996,1076.04
2/28/1996,622.971
2/29/1996,764.555
3/1/1996,764.555
3/2/1996,622.971
3/3/1996,538.02
3/4/1996,509.703
3/5/1996,509.703
3/6/1996,453.07
3/7/1996,424.753
3/8/1996,368.119
3/9/1996,396.436
3/10/1996,509.703
3/11/1996,651.287
3/12/1996,707.921
3/13/1996,764.555
3/14/1996,1104.357
3/15/1996,1160.991
3/16/1996,1500.793
3/17/1996,1585.743
3/18/1996,1529.11
3/19/1996,1132.674
3/20/1996,1245.941
3/21/1996,1727.328
3/22/1996,1359.209
3/23/1996,1670.694
3/24/1996,1019.406
3/25/1996,622.971
3/26/1996,849.505
3/27/1996,707.921
3/28/1996,707.921
3/29/1996,792.872
3/30/1996,764.555
3/31/1996,764.555
4/1/1996,707.921
4/2/1996,792.872
4/3/1996,764.555
4/4/1996,821.189
4/5/1996,764.555
4/6/1996,991.09
4/7/1996,1189.308
4/8/1996,1472.476
4/9/1996,2180.397
4/10/1996,1982.179
4/11/1996,1076.04
4/12/1996,821.189
4/13/1996,906.139
4/14/1996,962.773
4/15/1996,906.139
4/16/1996,991.09
4/17/1996,991.09
4/18/1996,991.09
4/19/1996,877.822
4/20/1996,764.555
4/21/1996,707.921
4/22/1996,679.604
4/23/1996,707.921
4/24/1996,792.872
4/25/1996,792.872
4/26/1996,934.456
4/27/1996,991.09
4/28/1996,991.09
4/29/1996,962.773
4/30/1996,906.139
5/1/1996,877.822
5/2/1996,849.505
5/3/1996,877.822
5/4/1996,877.822
5/5/1996,821.189
5/6/1996,849.505
5/7/1996,934.456
5/8/1996,1104.357
5/9/1996,707.921
5/10/1996,764.555
5/11/1996,792.872
5/12/1996,792.872
5/13/1996,764.555
5/14/1996,792.872
5/15/1996,764.555
5/16/1996,934.456
5/17/1996,991.09
5/18/1996,991.09
5/19/1996,1076.04
5/20/1996,1160.991
5/21/1996,1189.308
5/22/1996,1217.624
5/23/1996,1330.892
5/24/1996,1415.842
5/25/1996,1472.476
5/26/1996,1359.209
5/27/1996,1359.209
5/28/1996,1330.892
5/29/1996,1330.892
5/30/1996,1557.427
5/31/1996,1783.961
6/1/1996,1925.546
6/2/1996,1557.427
6/3/1996,1359.209
6/4/1996,1642.377
6/5/1996,1670.694
6/6/1996,1614.06
6/7/1996,1472.476
6/8/1996,1585.743
6/9/1996,1642.377
6/10/1996,1982.179
6/11/1996,1982.179
6/12/1996,2067.13
6/13/1996,2067.13
6/14/1996,2067.13
6/15/1996,2067.13
6/16/1996,1925.546
6/17/1996,1982.179
6/18/1996,2520.199
6/19/1996,2350.298
6/20/1996,2293.665
6/21/1996,2123.763
6/22/1996,1982.179
6/23/1996,2463.566
6/24/1996,1840.595
6/25/1996,2123.763
6/26/1996,1840.595
6/27/1996,1897.229
6/28/1996,1953.862
6/29/1996,1585.743
6/30/1996,1529.11
7/1/1996,1444.159
7/2/1996,1387.525
7/3/1996,1642.377
7/4/1996,1783.961
7/5/1996,1699.011
7/6/1996,1642.377
7/7/1996,1415.842
7/8/1996,1274.258
7/9/1996,1132.674
7/10/1996,1444.159
7/11/1996,1500.793
7/12/1996,1444.159
7/13/1996,1302.575
7/14/1996,1245.941
7/15/1996,1076.04
7/16/1996,1076.04
7/17/1996,1076.04
7/18/1996,1076.04
7/19/1996,1160.991
7/20/1996,1245.941
7/21/1996,1132.674
7/22/1996,1019.406
7/23/1996,991.09
7/24/1996,764.555
7/25/1996,764.555
7/26/1996,792.872
7/27/1996,792.872
7/28/1996,849.505
7/29/1996,679.604
7/30/1996,679.604
7/31/1996,679.604
8/1/1996,736.238
8/2/1996,877.822
8/3/1996,934.456
8/4/1996,934.456
8/5/1996,792.872
8/6/1996,736.238
8/7/1996,594.654
8/8/1996,566.337
8/9/1996,538.02
8/10/1996,566.337
8/11/1996,594.654
8/12/1996,566.337
8/13/1996,538.02
8/14/1996,509.703
8/15/1996,538.02
8/16/1996,566.337
8/17/1996,594.654
8/18/1996,594.654
8/19/1996,538.02
8/20/1996,538.02
8/21/1996,509.703
8/22/1996,481.386
8/23/1996,481.386
8/24/1996,481.386
8/25/1996,453.07
8/26/1996,424.753
8/27/1996,424.753
8/28/1996,424.753
8/29/1996,566.337
8/30/1996,538.02
8/31/1996,566.337
9/1/1996,594.654
9/2/1996,566.337
9/3/1996,538.02
9/4/1996,509.703
9/5/1996,509.703
9/6/1996,453.07
9/7/1996,424.753
9/8/1996,453.07
9/9/1996,453.07
9/10/1996,453.07
9/11/1996,453.07
9/12/1996,396.436
9/13/1996,368.119
9/14/1996,339.802
9/15/1996,339.802
9/16/1996,396.436
9/17/1996,396.436
9/18/1996,622.971
9/19/1996,821.189
9/20/1996,906.139
9/21/1996,906.139
9/22/1996,651.287
9/23/1996,594.654
9/24/1996,424.753
9/25/1996,509.703
9/26/1996,509.703
9/27/1996,509.703
9/28/1996,509.703
9/29/1996,453.07
9/30/1996,396.436
10/1/1996,453.07
10/2/1996,453.07
10/3/1996,566.337
10/4/1996,622.971
10/5/1996,651.287
10/6/1996,651.287
10/7/1996,679.604
10/8/1996,622.971
10/9/1996,509.703
10/10/1996,538.02
10/11/1996,594.654
10/12/1996,424.753
10/13/1996,424.753
10/14/1996,538.02
10/15/1996,679.604
10/16/1996,679.604
10/17/1996,736.238
10/18/1996,679.604
10/19/1996,622.971
10/20/1996,622.971
10/21/1996,566.337
10/22/1996,538.02
10/23/1996,509.703
10/24/1996,453.07
10/25/1996,509.703
10/26/1996,566.337
10/27/1996,566.337
10/28/1996,538.02
10/29/1996,651.287
10/30/1996,707.921
10/31/1996,566.337
11/1/1996,453.07
11/2/1996,481.386
11/3/1996,566.337
11/4/1996,622.971
11/5/1996,651.287
11/6/1996,679.604
11/7/1996,679.604
11/8/1996,679.604
11/9/1996,679.604
11/10/1996,707.921
11/11/1996,651.287
11/12/1996,622.971
11/13/1996,594.654
11/14/1996,594.654
11/15/1996,594.654
11/16/1996,538.02
11/17/1996,481.386
11/18/1996,424.753
11/19/1996,424.753
11/20/1996,368.119
11/21/1996,339.802
11/22/1996,339.802
11/23/1996,368.119
11/24/1996,339.802
11/25/1996,311.485
11/26/1996,283.168
11/27/1996,254.852
11/28/1996,339.802
11/29/1996,424.753
11/30/1996,368.119
12/1/1996,424.753
12/2/1996,481.386
12/3/1996,509.703
12/4/1996,481.386
12/5/1996,538.02
12/6/1996,566.337
12/7/1996,538.02
12/8/1996,509.703
12/9/1996,566.337
12/10/1996,594.654
12/11/1996,622.971
12/12/1996,594.654
12/13/1996,509.703
12/14/1996,509.703
12/15/1996,509.703
12/16/1996,509.703
12/17/1996,481.386
12/18/1996,396.436
12/19/1996,396.436
12/20/1996,396.436
12/21/1996,424.753
12/22/1996,481.386
12/23/1996,424.753
12/24/1996,396.436
12/25/1996,396.436
12/26/1996,368.119
12/27/1996,368.119
12/28/1996,339.802
12/29/1996,339.802
12/30/1996,339.802
12/31/1996,368.119
1/1/1997,339.802
1/2/1997,283.168
1/3/1997,339.802
1/4/1997,368.119
1/5/1997,339.802
1/6/1997,368.119
1/7/1997,566.337
1/8/1997,679.604
1/9/1997,792.872
1/10/1997,736.238
1/11/1997,651.287
1/12/1997,594.654
1/13/1997,538.02
1/14/1997,566.337
1/15/1997,538.02
1/16/1997,481.386
1/17/1997,368.119
1/18/1997,424.753
1/19/1997,396.436
1/20/1997,453.07
1/21/1997,453.07
1/22/1997,453.07
1/23/1997,509.703
1/24/1997,538.02
1/25/1997,538.02
1/26/1997,594.654
1/27/1997,622.971
1/28/1997,651.287
1/29/1997,622.971
1/30/1997,622.971
1/31/1997,538.02
2/1/1997,509.703
2/2/1997,509.703
2/3/1997,566.337
2/4/1997,622.971
2/5/1997,651.287
2/6/1997,736.238
2/7/1997,707.921
2/8/1997,821.189
2/9/1997,821.189
2/10/1997,792.872
2/11/1997,764.555
2/12/1997,764.555
2/13/1997,764.555
2/14/1997,707.921
2/15/1997,679.604
2/16/1997,622.971
2/17/1997,651.287
2/18/1997,679.604
2/19/1997,736.238
2/20/1997,821.189
2/21/1997,906.139
2/22/1997,1132.674
2/23/1997,1104.357
2/24/1997,1160.991
2/25/1997,1330.892
2/26/1997,1189.308
2/27/1997,1189.308
2/28/1997,1245.941
3/1/1997,1047.723
3/2/1997,1019.406
3/3/1997,991.09
3/4/1997,764.555
3/5/1997,707.921
3/6/1997,707.921
3/7/1997,707.921
3/8/1997,821.189
3/9/1997,707.921
3/10/1997,736.238
3/11/1997,707.921
3/12/1997,792.872
3/13/1997,792.872
3/14/1997,764.555
3/15/1997,707.921
3/16/1997,764.555
3/17/1997,707.921
3/18/1997,679.604
3/19/1997,736.238
3/20/1997,1330.892
3/21/1997,1812.278
3/22/1997,2123.763
3/23/1997,2123.763
3/24/1997,2350.298
3/25/1997,1670.694
3/26/1997,2123.763
3/27/1997,2406.932
3/28/1997,1415.842
3/29/1997,2123.763
3/30/1997,1840.595
3/31/1997,1840.595
4/1/1997,1925.546
4/2/1997,1274.258
4/3/1997,1274.258
4/4/1997,1557.427
4/5/1997,1642.377
4/6/1997,906.139
4/7/1997,707.921
4/8/1997,792.872
4/9/1997,906.139
4/10/1997,934.456
4/11/1997,1076.04
4/12/1997,821.189
4/13/1997,906.139
4/14/1997,1019.406
4/15/1997,792.872
4/16/1997,622.971
4/17/1997,707.921
4/18/1997,821.189
4/19/1997,792.872
4/20/1997,821.189
4/21/1997,906.139
4/22/1997,849.505
4/23/1997,962.773
4/24/1997,991.09
4/25/1997,962.773
4/26/1997,934.456
4/27/1997,906.139
4/28/1997,849.505
4/29/1997,792.872
4/30/1997,764.555
5/1/1997,792.872
5/2/1997,764.555
5/3/1997,679.604
5/4/1997,622.971
5/5/1997,622.971
5/6/1997,566.337
5/7/1997,622.971
5/8/1997,622.971
5/9/1997,622.971
5/10/1997,622.971
5/11/1997,594.654
5/12/1997,622.971
5/13/1997,566.337
5/14/1997,566.337
5/15/1997,679.604
5/16/1997,679.604
5/17/1997,821.189
5/18/1997,849.505
5/19/1997,934.456
5/20/1997,1047.723
5/21/1997,1217.624
5/22/1997,1274.258
5/23/1997,1274.258
5/24/1997,1302.575
5/25/1997,1359.209
5/26/1997,1500.793
5/27/1997,1529.11
5/28/1997,1614.06
5/29/1997,1642.377
5/30/1997,1642.377
5/31/1997,1614.06
6/1/1997,1699.011
6/2/1997,1500.793
6/3/1997,1302.575
6/4/1997,1359.209
6/5/1997,1472.476
6/6/1997,1783.961
6/7/1997,1953.862
6/8/1997,1982.179
6/9/1997,2406.932
6/10/1997,2406.932
6/11/1997,2406.932
6/12/1997,2293.665
6/13/1997,2746.734
6/14/1997,2860.002
6/15/1997,2775.051
6/16/1997,2746.734
6/17/1997,2718.417
6/18/1997,2690.1
6/19/1997,2690.1
6/20/1997,2661.784
6/21/1997,2605.15
6/22/1997,2605.15
6/23/1997,2746.734
6/24/1997,2661.784
6/25/1997,2491.883
6/26/1997,2406.932
6/27/1997,2067.13
6/28/1997,1982.179
6/29/1997,1670.694
6/30/1997,1614.06
7/1/1997,2208.714
7/2/1997,2548.516
7/3/1997,2406.932
7/4/1997,2208.714
7/5/1997,1755.644
7/6/1997,1557.427
7/7/1997,1500.793
7/8/1997,1359.209
7/9/1997,1189.308
7/10/1997,1500.793
7/11/1997,1529.11
7/12/1997,1472.476
7/13/1997,1444.159
7/14/1997,1274.258
7/15/1997,1245.941
7/16/1997,1160.991
7/17/1997,1132.674
7/18/1997,1330.892
7/19/1997,1302.575
7/20/1997,1245.941
7/21/1997,991.09
7/22/1997,1076.04
7/23/1997,1189.308
7/24/1997,1359.209
7/25/1997,1245.941
7/26/1997,1132.674
7/27/1997,991.09
7/28/1997,962.773
7/29/1997,962.773
7/30/1997,962.773
7/31/1997,1019.406
8/1/1997,1642.377
8/2/1997,1529.11
8/3/1997,1387.525
8/4/1997,1302.575
8/5/1997,1302.575
8/6/1997,1104.357
8/7/1997,1047.723
8/8/1997,1047.723
8/9/1997,1019.406
8/10/1997,906.139
8/11/1997,934.456
8/12/1997,877.822
8/13/1997,877.822
8/14/1997,962.773
8/15/1997,962.773
8/16/1997,849.505
8/17/1997,792.872
8/18/1997,934.456
8/19/1997,962.773
8/20/1997,906.139
8/21/1997,1047.723
8/22/1997,1047.723
8/23/1997,1047.723
8/24/1997,1047.723
8/25/1997,991.09
8/26/1997,1076.04
8/27/1997,1104.357
8/28/1997,1189.308
8/29/1997,1217.624
8/30/1997,1217.624
8/31/1997,1217.624
9/1/1997,1104.357
9/2/1997,1019.406
9/3/1997,1019.406
9/4/1997,1160.991
9/5/1997,1076.04
9/6/1997,991.09
9/7/1997,934.456
9/8/1997,991.09
9/9/1997,934.456
9/10/1997,906.139
9/11/1997,849.505
9/12/1997,849.505
9/13/1997,849.505
9/14/1997,849.505
9/15/1997,849.505
9/16/1997,934.456
9/17/1997,991.09
9/18/1997,1076.04
9/19/1997,991.09
9/20/1997,906.139
9/21/1997,849.505
9/22/1997,849.505
9/23/1997,906.139
9/24/1997,849.505
9/25/1997,906.139
9/26/1997,934.456
9/27/1997,934.456
9/28/1997,934.456
9/29/1997,906.139
9/30/1997,849.505
10/1/1997,906.139
10/2/1997,906.139
10/3/1997,906.139
10/4/1997,934.456
10/5/1997,934.456
10/6/1997,849.505
10/7/1997,906.139
10/8/1997,906.139
10/9/1997,821.189
10/10/1997,849.505
10/11/1997,906.139
10/12/1997,877.822
10/13/1997,849.505
10/14/1997,849.505
10/15/1997,849.505
10/16/1997,849.505
10/17/1997,991.09
10/18/1997,1019.406
10/19/1997,1019.406
10/20/1997,1019.406
10/21/1997,962.773
10/22/1997,1019.406
10/23/1997,962.773
10/24/1997,1047.723
10/25/1997,849.505
10/26/1997,877.822
10/27/1997,877.822
10/28/1997,849.505
10/29/1997,906.139
10/30/1997,934.456
10/31/1997,991.09
11/1/1997,1019.406
11/2/1997,991.09
11/3/1997,1019.406
11/4/1997,991.09
11/5/1997,991.09
11/6/1997,1019.406
11/7/1997,1076.04
11/8/1997,1104.357
11/9/1997,1104.357
11/10/1997,1076.04
11/11/1997,1076.04
11/12/1997,1047.723
11/13/1997,1047.723
11/14/1997,849.505
11/15/1997,849.505
11/16/1997,906.139
11/17/1997,934.456
11/18/1997,934.456
11/19/1997,962.773
11/20/1997,906.139
11/21/1997,849.505
11/22/1997,792.872
11/23/1997,849.505
11/24/1997,877.822
11/25/1997,906.139
11/26/1997,877.822
11/27/1997,877.822
11/28/1997,849.505
11/29/1997,849.505
11/30/1997,821.189
12/1/1997,849.505
12/2/1997,877.822
12/3/1997,877.822
12/4/1997,849.505
12/5/1997,764.555
12/6/1997,679.604
12/7/1997,622.971
12/8/1997,594.654
12/9/1997,594.654
12/10/1997,566.337
12/11/1997,538.02
12/12/1997,481.386
12/13/1997,424.753
12/14/1997,424.753
12/15/1997,396.436
12/16/1997,396.436
12/17/1997,453.07
12/18/1997,594.654
12/19/1997,622.971
12/20/1997,594.654
12/21/1997,622.971
12/22/1997,622.971
12/23/1997,622.971
12/24/1997,594.654
12/25/1997,566.337
12/26/1997,481.386
12/27/1997,509.703
12/28/1997,481.386
12/29/1997,453.07
12/30/1997,424.753
12/31/1997,424.753
1/1/1998,424.753
1/2/1998,396.436
1/3/1998,368.119
1/4/1998,339.802
1/5/1998,339.802
1/6/1998,283.168
1/7/1998,339.802
1/8/1998,311.485
1/9/1998,311.485
1/10/1998,226.535
1/11/1998,226.535
1/12/1998,311.485
1/13/1998,311.485
1/14/1998,339.802
1/15/1998,368.119
1/16/1998,339.802
1/17/1998,311.485
1/18/1998,368.119
1/19/1998,396.436
1/20/1998,424.753
1/21/1998,424.753
1/22/1998,424.753
1/23/1998,424.753
1/24/1998,424.753
1/25/1998,566.337
1/26/1998,622.971
1/27/1998,622.971
1/28/1998,622.971
1/29/1998,651.287
1/30/1998,679.604
1/31/1998,622.971
2/1/1998,651.287
2/2/1998,622.971
2/3/1998,651.287
2/4/1998,651.287
2/5/1998,622.971
2/6/1998,622.971
2/7/1998,679.604
2/8/1998,679.604
2/9/1998,679.604
2/10/1998,651.287
2/11/1998,679.604
2/12/1998,622.971
2/13/1998,594.654
2/14/1998,651.287
2/15/1998,651.287
2/16/1998,651.287
2/17/1998,679.604
2/18/1998,679.604
2/19/1998,679.604
2/20/1998,651.287
2/21/1998,622.971
2/22/1998,622.971
2/23/1998,651.287
2/24/1998,679.604
2/25/1998,1160.991
2/26/1998,1047.723
2/27/1998,764.555
2/28/1998,622.971
3/1/1998,651.287
3/2/1998,651.287
3/3/1998,651.287
3/4/1998,651.287
3/5/1998,651.287
3/6/1998,538.02
3/7/1998,509.703
3/8/1998,481.386
3/9/1998,396.436
3/10/1998,396.436
3/11/1998,283.168
3/12/1998,339.802
3/13/1998,311.485
3/14/1998,339.802
3/15/1998,339.802
3/16/1998,339.802
3/17/1998,424.753
3/18/1998,453.07
3/19/1998,509.703
3/20/1998,509.703
3/21/1998,509.703
3/22/1998,566.337
3/23/1998,566.337
3/24/1998,651.287
3/25/1998,707.921
3/26/1998,736.238
3/27/1998,764.555
3/28/1998,821.189
3/29/1998,849.505
3/30/1998,991.09
3/31/1998,1019.406
4/1/1998,764.555
4/2/1998,679.604
4/3/1998,622.971
4/4/1998,622.971
4/5/1998,651.287
4/6/1998,622.971
4/7/1998,566.337
4/8/1998,566.337
4/9/1998,566.337
4/10/1998,566.337
4/11/1998,594.654
4/12/1998,566.337
4/13/1998,566.337
4/14/1998,566.337
4/15/1998,538.02
4/16/1998,538.02
4/17/1998,481.386
4/18/1998,481.386
4/19/1998,453.07
4/20/1998,453.07
4/21/1998,396.436
4/22/1998,396.436
4/23/1998,424.753
4/24/1998,481.386
4/25/1998,538.02
4/26/1998,538.02
4/27/1998,566.337
4/28/1998,566.337
4/29/1998,566.337
4/30/1998,594.654
5/1/1998,594.654
5/2/1998,566.337
5/3/1998,566.337
5/4/1998,594.654
5/5/1998,622.971
5/6/1998,679.604
5/7/1998,707.921
5/8/1998,792.872
5/9/1998,849.505
5/10/1998,906.139
5/11/1998,934.456
5/12/1998,877.822
5/13/1998,849.505
5/14/1998,906.139
5/15/1998,906.139
5/16/1998,821.189
5/17/1998,792.872
5/18/1998,736.238
5/19/1998,651.287
5/20/1998,594.654
5/21/1998,566.337
5/22/1998,566.337
5/23/1998,594.654
5/24/1998,566.337
5/25/1998,566.337
5/26/1998,509.703
5/27/1998,622.971
5/28/1998,622.971
5/29/1998,622.971
5/30/1998,679.604
5/31/1998,707.921
6/1/1998,707.921
6/2/1998,736.238
6/3/1998,764.555
6/4/1998,736.238
6/5/1998,736.238
6/6/1998,707.921
6/7/1998,679.604
6/8/1998,821.189
6/9/1998,792.872
6/10/1998,821.189
6/11/1998,792.872
6/12/1998,792.872
6/13/1998,849.505
6/14/1998,934.456
6/15/1998,792.872
6/16/1998,1019.406
6/17/1998,1245.941
6/18/1998,1529.11
6/19/1998,1444.159
6/20/1998,1104.357
6/21/1998,962.773
6/22/1998,934.456
6/23/1998,934.456
6/24/1998,1302.575
6/25/1998,1245.941
6/26/1998,1387.525
6/27/1998,1500.793
6/28/1998,1274.258
6/29/1998,1217.624
6/30/1998,1132.674
7/1/1998,1217.624
7/2/1998,1387.525
7/3/1998,1330.892
7/4/1998,1217.624
7/5/1998,1444.159
7/6/1998,1840.595
7/7/1998,1585.743
7/8/1998,1500.793
7/9/1998,1472.476
7/10/1998,1557.427
7/11/1998,1529.11
7/12/1998,1415.842
7/13/1998,1302.575
7/14/1998,1160.991
7/15/1998,934.456
7/16/1998,962.773
7/17/1998,1047.723
7/18/1998,1047.723
7/19/1998,962.773
7/20/1998,934.456
7/21/1998,849.505
7/22/1998,764.555
7/23/1998,736.238
7/24/1998,707.921
7/25/1998,736.238
7/26/1998,707.921
7/27/1998,651.287
7/28/1998,594.654
7/29/1998,538.02
7/30/1998,453.07
7/31/1998,453.07
8/1/1998,707.921
8/2/1998,849.505
8/3/1998,849.505
8/4/1998,707.921
8/5/1998,736.238
8/6/1998,651.287
8/7/1998,651.287
8/8/1998,877.822
8/9/1998,764.555
8/10/1998,792.872
8/11/1998,764.555
8/12/1998,707.921
8/13/1998,707.921
8/14/1998,622.971
8/15/1998,566.337
8/16/1998,566.337
8/17/1998,594.654
8/18/1998,622.971
8/19/1998,622.971
8/20/1998,566.337
8/21/1998,538.02
8/22/1998,509.703
8/23/1998,594.654
8/24/1998,566.337
8/25/1998,566.337
8/26/1998,538.02
8/27/1998,622.971
8/28/1998,594.654
8/29/1998,594.654
8/30/1998,622.971
8/31/1998,622.971
9/1/1998,594.654
9/2/1998,594.654
9/3/1998,538.02
9/4/1998,566.337
9/5/1998,509.703
9/6/1998,566.337
9/7/1998,509.703
9/8/1998,538.02
9/9/1998,566.337
9/10/1998,566.337
9/11/1998,651.287
9/12/1998,622.971
9/13/1998,566.337
9/14/1998,453.07
9/15/1998,396.436
9/16/1998,396.436
9/17/1998,453.07
9/18/1998,453.07
9/19/1998,481.386
9/20/1998,509.703
9/21/1998,509.703
9/22/1998,509.703
9/23/1998,481.386
9/24/1998,509.703
9/25/1998,509.703
9/26/1998,538.02
9/27/1998,538.02
9/28/1998,538.02
9/29/1998,566.337
9/30/1998,538.02
10/1/1998,453.07
10/2/1998,396.436
10/3/1998,424.753
10/4/1998,792.872
10/5/1998,906.139
10/6/1998,849.505
10/7/1998,679.604
10/8/1998,792.872
10/9/1998,764.555
10/10/1998,651.287
10/11/1998,707.921
10/12/1998,679.604
10/13/1998,566.337
10/14/1998,679.604
10/15/1998,622.971
10/16/1998,736.238
10/17/1998,679.604
10/18/1998,679.604
10/19/1998,651.287
10/20/1998,622.971
10/21/1998,679.604
10/22/1998,651.287
10/23/1998,736.238
10/24/1998,736.238
10/25/1998,679.604
10/26/1998,651.287
10/27/1998,566.337
10/28/1998,622.971
10/29/1998,622.971
10/30/1998,594.654
10/31/1998,538.02
11/1/1998,481.386
11/2/1998,509.703
11/3/1998,594.654
11/4/1998,679.604
11/5/1998,538.02
11/6/1998,509.703
11/7/1998,509.703
11/8/1998,566.337
11/9/1998,651.287
11/10/1998,679.604
11/11/1998,679.604
11/12/1998,679.604
11/13/1998,764.555
11/14/1998,679.604
11/15/1998,651.287
11/16/1998,679.604
11/17/1998,622.971
11/18/1998,622.971
11/19/1998,509.703
11/20/1998,509.703
11/21/1998,509.703
11/22/1998,594.654
11/23/1998,538.02
11/24/1998,594.654
11/25/1998,594.654
11/26/1998,594.654
11/27/1998,622.971
11/28/1998,538.02
11/29/1998,538.02
11/30/1998,538.02
12/1/1998,509.703
12/2/1998,509.703
12/3/1998,538.02
12/4/1998,566.337
12/5/1998,566.337
12/6/1998,566.337
12/7/1998,538.02
12/8/1998,538.02
12/9/1998,538.02
12/10/1998,509.703
12/11/1998,538.02
12/12/1998,509.703
12/13/1998,481.386
12/14/1998,509.703
12/15/1998,509.703
12/16/1998,509.703
12/17/1998,538.02
12/18/1998,424.753
12/19/1998,396.436
12/20/1998,311.485
12/21/1998,283.168
12/22/1998,226.535
12/23/1998,198.218
12/24/1998,141.584
12/25/1998,141.584
12/26/1998,198.218
12/27/1998,226.535
12/28/1998,339.802
12/29/1998,368.119
12/30/1998,368.119
12/31/1998,368.119
1/1/1999,368.119
1/2/1999,339.802
1/3/1999,368.119
1/4/1999,396.436
1/5/1999,453.07
1/6/1999,424.753
1/7/1999,453.07
1/8/1999,424.753
1/9/1999,453.07
1/10/1999,453.07
1/11/1999,424.753
1/12/1999,424.753
1/13/1999,424.753
1/14/1999,538.02
1/15/1999,622.971
1/16/1999,651.287
1/17/1999,651.287
1/18/1999,651.287
1/19/1999,622.971
1/20/1999,679.604
1/21/1999,764.555
1/22/1999,821.189
1/23/1999,764.555
1/24/1999,736.238
1/25/1999,736.238
1/26/1999,736.238
1/27/1999,707.921
1/28/1999,679.604
1/29/1999,566.337
1/30/1999,566.337
1/31/1999,594.654
2/1/1999,509.703
2/2/1999,509.703
2/3/1999,594.654
2/4/1999,594.654
2/5/1999,538.02
2/6/1999,566.337
2/7/1999,651.287
2/8/1999,679.604
2/9/1999,651.287
2/10/1999,679.604
2/11/1999,651.287
2/12/1999,566.337
2/13/1999,622.971
2/14/1999,736.238
2/15/1999,736.238
2/16/1999,651.287
2/17/1999,679.604
2/18/1999,736.238
2/19/1999,736.238
2/20/1999,651.287
2/21/1999,679.604
2/22/1999,736.238
2/23/1999,707.921
2/24/1999,707.921
2/25/1999,707.921
2/26/1999,736.238
2/27/1999,736.238
2/28/1999,736.238
3/1/1999,906.139
3/2/1999,1019.406
3/3/1999,1047.723
3/4/1999,1047.723
3/5/1999,1047.723
3/6/1999,991.09
3/7/1999,1019.406
3/8/1999,934.456
3/9/1999,849.505
3/10/1999,821.189
3/11/1999,792.872
3/12/1999,736.238
3/13/1999,736.238
3/14/1999,792.872
3/15/1999,877.822
3/16/1999,1019.406
3/17/1999,1160.991
3/18/1999,1217.624
3/19/1999,1444.159
3/20/1999,1444.159
3/21/1999,1585.743
3/22/1999,1585.743
3/23/1999,1472.476
3/24/1999,1302.575
3/25/1999,1160.991
3/26/1999,1359.209
3/27/1999,1444.159
3/28/1999,1132.674
3/29/1999,1132.674
3/30/1999,1132.674
3/31/1999,1160.991
4/1/1999,1104.357
4/2/1999,962.773
4/3/1999,849.505
4/4/1999,849.505
4/5/1999,736.238
4/6/1999,707.921
4/7/1999,707.921
4/8/1999,707.921
4/9/1999,679.604
4/10/1999,736.238
4/11/1999,707.921
4/12/1999,622.971
4/13/1999,679.604
4/14/1999,707.921
4/15/1999,707.921
4/16/1999,396.436
4/17/1999,339.802
4/18/1999,453.07
4/19/1999,509.703
4/20/1999,509.703
4/21/1999,538.02
4/22/1999,538.02
4/23/1999,481.386
4/24/1999,481.386
4/25/1999,538.02
4/26/1999,566.337
4/27/1999,566.337
4/28/1999,538.02
4/29/1999,566.337
4/30/1999,566.337
5/1/1999,509.703
5/2/1999,566.337
5/3/1999,679.604
5/4/1999,821.189
5/5/1999,962.773
5/6/1999,934.456
5/7/1999,821.189
5/8/1999,736.238
5/9/1999,821.189
5/10/1999,962.773
5/11/1999,962.773
5/12/1999,1104.357
5/13/1999,962.773
5/14/1999,1359.209
5/15/1999,1217.624
5/16/1999,1189.308
5/17/1999,991.09
5/18/1999,934.456
5/19/1999,991.09
5/20/1999,962.773
5/21/1999,962.773
5/22/1999,962.773
5/23/1999,991.09
5/24/1999,906.139
5/25/1999,849.505
5/26/1999,906.139
5/27/1999,877.822
5/28/1999,991.09
5/29/1999,1047.723
5/30/1999,1104.357
5/31/1999,1217.624
6/1/1999,1387.525
6/2/1999,1330.892
6/3/1999,1614.06
6/4/1999,1868.912
6/5/1999,1614.06
6/6/1999,1614.06
6/7/1999,1472.476
6/8/1999,1529.11
6/9/1999,1500.793
6/10/1999,1387.525
6/11/1999,1557.427
6/12/1999,1500.793
6/13/1999,1500.793
6/14/1999,1500.793
6/15/1999,1387.525
6/16/1999,1189.308
6/17/1999,1245.941
6/18/1999,1302.575
6/19/1999,1415.842
6/20/1999,1585.743
6/21/1999,1585.743
6/22/1999,1812.278
6/23/1999,1812.278
6/24/1999,1783.961
6/25/1999,1812.278
6/26/1999,1840.595
6/27/1999,1755.644
6/28/1999,1642.377
6/29/1999,1670.694
6/30/1999,1614.06
7/1/1999,1274.258
7/2/1999,1217.624
7/3/1999,1245.941
7/4/1999,1302.575
7/5/1999,1104.357
7/6/1999,1132.674
7/7/1999,1047.723
7/8/1999,1274.258
7/9/1999,1160.991
7/10/1999,1076.04
7/11/1999,1076.04
7/12/1999,1047.723
7/13/1999,962.773
7/14/1999,934.456
7/15/1999,1047.723
7/16/1999,962.773
7/17/1999,877.822
7/18/1999,962.773
7/19/1999,877.822
7/20/1999,1019.406
7/21/1999,1019.406
7/22/1999,906.139
7/23/1999,906.139
7/24/1999,792.872
7/25/1999,821.189
7/26/1999,764.555
7/27/1999,707.921
7/28/1999,707.921
7/29/1999,651.287
7/30/1999,622.971
7/31/1999,651.287
8/1/1999,622.971
8/2/1999,622.971
8/3/1999,651.287
8/4/1999,651.287
8/5/1999,651.287
8/6/1999,651.287
8/7/1999,622.971
8/8/1999,679.604
8/9/1999,622.971
8/10/1999,622.971
8/11/1999,622.971
8/12/1999,622.971
8/13/1999,566.337
8/14/1999,594.654
8/15/1999,736.238
8/16/1999,736.238
8/17/1999,764.555
8/18/1999,622.971
8/19/1999,622.971
8/20/1999,594.654
8/21/1999,622.971
8/22/1999,707.921
8/23/1999,622.971
8/24/1999,566.337
8/25/1999,566.337
8/26/1999,566.337
8/27/1999,368.119
8/28/1999,254.852
8/29/1999,368.119
8/30/1999,453.07
8/31/1999,566.337
9/1/1999,622.971
9/2/1999,566.337
9/3/1999,594.654
9/4/1999,594.654
9/5/1999,566.337
9/6/1999,679.604
9/7/1999,707.921
9/8/1999,651.287
9/9/1999,538.02
9/10/1999,538.02
9/11/1999,566.337
9/12/1999,509.703
9/13/1999,453.07
9/14/1999,396.436
9/15/1999,339.802
9/16/1999,339.802
9/17/1999,481.386
9/18/1999,538.02
9/19/1999,481.386
9/20/1999,481.386
9/21/1999,481.386
9/22/1999,453.07
9/23/1999,424.753
9/24/1999,424.753
9/25/1999,453.07
9/26/1999,481.386
9/27/1999,453.07
9/28/1999,424.753
9/29/1999,424.753
9/30/1999,396.436
10/1/1999,339.802
10/2/1999,311.485
10/3/1999,283.168
10/4/1999,283.168
10/5/1999,283.168
10/6/1999,311.485
10/7/1999,339.802
10/8/1999,311.485
10/9/1999,368.119
10/10/1999,424.753
10/11/1999,396.436
10/12/1999,424.753
10/13/1999,424.753
10/14/1999,424.753
10/15/1999,481.386
10/16/1999,481.386
10/17/1999,481.386
10/18/1999,453.07
10/19/1999,453.07
10/20/1999,396.436
10/21/1999,396.436
10/22/1999,339.802
10/23/1999,396.436
10/24/1999,424.753
10/25/1999,396.436
10/26/1999,481.386
10/27/1999,481.386
10/28/1999,453.07
10/29/1999,509.703
10/30/1999,481.386
10/31/1999,509.703
11/1/1999,509.703
11/2/1999,453.07
11/3/1999,396.436
11/4/1999,424.753
11/5/1999,396.436
11/6/1999,453.07
11/7/1999,509.703
11/8/1999,481.386
11/9/1999,424.753
11/10/1999,424.753
11/11/1999,424.753
11/12/1999,424.753
11/13/1999,453.07
11/14/1999,453.07
11/15/1999,368.119
11/16/1999,396.436
11/17/1999,396.436
11/18/1999,424.753
11/19/1999,368.119
11/20/1999,424.753
11/21/1999,424.753
11/22/1999,424.753
11/23/1999,424.753
11/24/1999,424.753
11/25/1999,396.436
11/26/1999,368.119
11/27/1999,368.119
11/28/1999,339.802
11/29/1999,368.119
11/30/1999,368.119
12/1/1999,453.07
12/2/1999,424.753
12/3/1999,424.753
12/4/1999,424.753
12/5/1999,396.436
12/6/1999,368.119
12/7/1999,424.753
12/8/1999,396.436
12/9/1999,368.119
12/10/1999,396.436
12/11/1999,396.436
12/12/1999,396.436
12/13/1999,396.436
12/14/1999,424.753
12/15/1999,396.436
12/16/1999,396.436
12/17/1999,396.436
12/18/1999,368.119
12/19/1999,368.119
12/20/1999,254.852
12/21/1999,226.535
12/22/1999,254.852
12/23/1999,311.485
12/24/1999,339.802
12/25/1999,396.436
12/26/1999,396.436
12/27/1999,424.753
12/28/1999,453.07
12/29/1999,424.753
12/30/1999,424.753
12/31/1999,453.07
1/1/2000,538.02
1/2/2000,594.654
1/3/2000,622.971
1/4/2000,566.337
1/5/2000,509.703
1/6/2000,424.753
1/7/2000,311.485
1/8/2000,311.485
1/9/2000,283.168
1/10/2000,311.485
1/11/2000,339.802
1/12/2000,396.436
1/13/2000,424.753
1/14/2000,424.753
1/15/2000,424.753
1/16/2000,368.119
1/17/2000,368.119
1/18/2000,368.119
1/19/2000,368.119
1/20/2000,368.119
1/21/2000,339.802
1/22/2000,339.802
1/23/2000,368.119
1/24/2000,396.436
1/25/2000,368.119
1/26/2000,368.119
1/27/2000,424.753
1/28/2000,396.436
1/29/2000,396.436
1/30/2000,424.753
1/31/2000,396.436
2/1/2000,424.753
2/2/2000,453.07
2/3/2000,453.07
2/4/2000,453.07
2/5/2000,424.753
2/6/2000,424.753
2/7/2000,453.07
2/8/2000,453.07
2/9/2000,481.386
2/10/2000,424.753
2/11/2000,396.436
2/12/2000,453.07
2/13/2000,424.753
2/14/2000,453.07
2/15/2000,453.07
2/16/2000,424.753
2/17/2000,396.436
2/18/2000,339.802
2/19/2000,311.485
2/20/2000,311.485
2/21/2000,368.119
2/22/2000,339.802
2/23/2000,396.436
2/24/2000,453.07
2/25/2000,538.02
2/26/2000,538.02
2/27/2000,538.02
2/28/2000,566.337
2/29/2000,538.02
3/1/2000,481.386
3/2/2000,509.703
3/3/2000,538.02
3/4/2000,566.337
3/5/2000,594.654
3/6/2000,594.654
3/7/2000,594.654
3/8/2000,566.337
3/9/2000,566.337
3/10/2000,566.337
3/11/2000,566.337
3/12/2000,566.337
3/13/2000,538.02
3/14/2000,538.02
3/15/2000,509.703
3/16/2000,453.07
3/17/2000,453.07
3/18/2000,453.07
3/19/2000,424.753
3/20/2000,424.753
3/21/2000,396.436
3/22/2000,339.802
3/23/2000,368.119
3/24/2000,368.119
3/25/2000,368.119
3/26/2000,368.119
3/27/2000,339.802
3/28/2000,311.485
3/29/2000,368.119
3/30/2000,368.119
3/31/2000,368.119
4/1/2000,368.119
4/2/2000,396.436
4/3/2000,396.436
4/4/2000,311.485
4/5/2000,311.485
4/6/2000,311.485
4/7/2000,339.802
4/8/2000,368.119
4/9/2000,283.168
4/10/2000,339.802
4/11/2000,339.802
4/12/2000,339.802
4/13/2000,368.119
4/14/2000,368.119
4/15/2000,283.168
4/16/2000,311.485
4/17/2000,396.436
4/18/2000,368.119
4/19/2000,396.436
4/20/2000,368.119
4/21/2000,396.436
4/22/2000,368.119
4/23/2000,453.07
4/24/2000,424.753
4/25/2000,424.753
4/26/2000,509.703
4/27/2000,538.02
4/28/2000,453.07
4/29/2000,481.386
4/30/2000,509.703
5/1/2000,453.07
5/2/2000,481.386
5/3/2000,453.07
5/4/2000,424.753
5/5/2000,481.386
5/6/2000,453.07
5/7/2000,509.703
5/8/2000,481.386
5/9/2000,509.703
5/10/2000,538.02
5/11/2000,849.505
5/12/2000,707.921
5/13/2000,679.604
5/14/2000,679.604
5/15/2000,566.337
5/16/2000,594.654
5/17/2000,566.337
5/18/2000,481.386
5/19/2000,509.703
5/20/2000,509.703
5/21/2000,453.07
5/22/2000,509.703
5/23/2000,538.02
5/24/2000,594.654
5/25/2000,509.703
5/26/2000,594.654
5/27/2000,849.505
5/28/2000,962.773
5/29/2000,1047.723
5/30/2000,991.09
5/31/2000,906.139
6/1/2000,1076.04
6/2/2000,1104.357
6/3/2000,1160.991
6/4/2000,1245.941
6/5/2000,1076.04
6/6/2000,1245.941
6/7/2000,1047.723
6/8/2000,906.139
6/9/2000,1189.308
6/10/2000,1104.357
6/11/2000,1132.674
6/12/2000,1274.258
6/13/2000,1444.159
6/14/2000,1415.842
6/15/2000,1387.525
6/16/2000,1132.674
6/17/2000,962.773
6/18/2000,849.505
6/19/2000,934.456
6/20/2000,991.09
6/21/2000,906.139
6/22/2000,906.139
6/23/2000,991.09
6/24/2000,877.822
6/25/2000,1047.723
6/26/2000,906.139
6/27/2000,792.872
6/28/2000,707.921
6/29/2000,736.238
6/30/2000,764.555
7/1/2000,736.238
7/2/2000,707.921
7/3/2000,679.604
7/4/2000,736.238
7/5/2000,679.604
7/6/2000,736.238
7/7/2000,906.139
7/8/2000,1019.406
7/9/2000,906.139
7/10/2000,764.555
7/11/2000,792.872
7/12/2000,736.238
7/13/2000,679.604
7/14/2000,622.971
7/15/2000,679.604
7/16/2000,566.337
7/17/2000,538.02
7/18/2000,509.703
7/19/2000,566.337
7/20/2000,481.386
7/21/2000,453.07
7/22/2000,538.02
7/23/2000,481.386
7/24/2000,566.337
7/25/2000,566.337
7/26/2000,396.436
7/27/2000,368.119
7/28/2000,396.436
7/29/2000,453.07
7/30/2000,453.07
7/31/2000,509.703
8/1/2000,453.07
8/2/2000,396.436
8/3/2000,424.753
8/4/2000,424.753
8/5/2000,481.386
8/6/2000,396.436
8/7/2000,424.753
8/8/2000,453.07
8/9/2000,226.535
8/10/2000,339.802
8/11/2000,396.436
8/12/2000,368.119
8/13/2000,368.119
8/14/2000,368.119
8/15/2000,311.485
8/16/2000,368.119
8/17/2000,339.802
8/18/2000,311.485
8/19/2000,368.119
8/20/2000,368.119
8/21/2000,339.802
8/22/2000,368.119
8/23/2000,368.119
8/24/2000,368.119
8/25/2000,339.802
8/26/2000,311.485
8/27/2000,339.802
8/28/2000,339.802
8/29/2000,311.485
8/30/2000,339.802
8/31/2000,311.485
9/1/2000,254.852
9/2/2000,254.852
9/3/2000,311.485
9/4/2000,722.08
9/5/2000,339.802
9/6/2000,453.07
9/7/2000,453.07
9/8/2000,424.753
9/9/2000,424.753
9/10/2000,424.753
9/11/2000,424.753
9/12/2000,396.436
9/13/2000,368.119
9/14/2000,254.852
9/15/2000,283.168
9/16/2000,311.485
9/17/2000,339.802
9/18/2000,396.436
9/19/2000,424.753
9/20/2000,283.168
9/21/2000,254.852
9/22/2000,283.168
9/23/2000,226.535
9/24/2000,254.852
9/25/2000,254.852
9/26/2000,254.852
9/27/2000,283.168
9/28/2000,368.119
9/29/2000,396.436
9/30/2000,396.436
10/1/2000,396.436
10/2/2000,424.753
10/3/2000,368.119
10/4/2000,396.436
10/5/2000,368.119
10/6/2000,254.852
10/7/2000,226.535
10/8/2000,226.535
10/9/2000,169.901
10/10/2000,311.485
10/11/2000,396.436
10/12/2000,509.703
10/13/2000,509.703
10/14/2000,509.703
10/15/2000,509.703
10/16/2000,509.703
10/17/2000,453.07
10/18/2000,453.07
10/19/2000,453.07
10/20/2000,339.802
10/21/2000,368.119
10/22/2000,368.119
10/23/2000,368.119
10/24/2000,396.436
10/25/2000,396.436
10/26/2000,396.436
10/27/2000,396.436
10/28/2000,396.436
10/29/2000,453.07
10/30/2000,538.02
10/31/2000,538.02
11/1/2000,1019.406
11/2/2000,764.555
11/3/2000,566.337
11/4/2000,481.386
11/5/2000,594.654
11/6/2000,651.287
11/7/2000,396.436
11/8/2000,226.535
11/9/2000,226.535
11/10/2000,141.584
11/11/2000,56.634
11/12/2000,28.317
11/13/2000,28.317
11/14/2000,424.753
11/15/2000,453.07
11/16/2000,169.901
11/17/2000,226.535
11/18/2000,283.168
11/19/2000,198.218
11/20/2000,141.584
11/21/2000,113.267
11/22/2000,339.802
11/23/2000,368.119
11/24/2000,453.07
11/25/2000,368.119
11/26/2000,481.386
11/27/2000,368.119
11/28/2000,453.07
11/29/2000,311.485
11/30/2000,339.802
12/1/2000,339.802
12/2/2000,453.07
12/3/2000,509.703
12/4/2000,396.436
12/5/2000,481.386
12/6/2000,424.753
12/7/2000,368.119
12/8/2000,368.119
12/9/2000,509.703
12/10/2000,509.703
12/11/2000,396.436
12/12/2000,283.168
12/13/2000,198.218
12/14/2000,283.168
12/15/2000,283.168
12/16/2000,198.218
12/17/2000,311.485
12/18/2000,226.535
12/19/2000,283.168
12/20/2000,254.852
12/21/2000,226.535
12/22/2000,311.485
12/23/2000,283.168
12/24/2000,339.802
12/25/2000,396.436
12/26/2000,396.436
12/27/2000,424.753
12/28/2000,424.753
12/29/2000,453.07
12/30/2000,453.07
12/31/2000,424.753
1/1/2001,481.386
1/2/2001,509.703
1/3/2001,481.386
1/4/2001,481.386
1/5/2001,453.07
1/6/2001,453.07
1/7/2001,453.07
1/8/2001,424.753
1/9/2001,481.386
1/10/2001,481.386
1/11/2001,481.386
1/12/2001,509.703
1/13/2001,566.337
1/14/2001,566.337
1/15/2001,538.02
1/16/2001,453.07
1/17/2001,538.02
1/18/2001,453.07
1/19/2001,481.386
1/20/2001,481.386
1/21/2001,481.386
1/22/2001,509.703
1/23/2001,509.703
1/24/2001,453.07
1/25/2001,481.386
1/26/2001,424.753
1/27/2001,481.386
1/28/2001,481.386
1/29/2001,538.02
1/30/2001,509.703
1/31/2001,538.02
2/1/2001,396.436
2/2/2001,424.753
2/3/2001,509.703
2/4/2001,509.703
2/5/2001,481.386
2/6/2001,481.386
2/7/2001,481.386
2/8/2001,509.703
2/9/2001,481.386
2/10/2001,424.753
2/11/2001,481.386
2/12/2001,453.07
2/13/2001,424.753
2/14/2001,368.119
2/15/2001,368.119
2/16/2001,339.802
2/17/2001,339.802
2/18/2001,424.753
2/19/2001,424.753
2/20/2001,368.119
2/21/2001,368.119
2/22/2001,396.436
2/23/2001,424.753
2/24/2001,509.703
2/25/2001,453.07
2/26/2001,424.753
2/27/2001,424.753
2/28/2001,396.436
3/1/2001,424.753
3/2/2001,396.436
3/3/2001,453.07
3/4/2001,368.119
3/5/2001,339.802
3/6/2001,396.436
3/7/2001,396.436
3/8/2001,283.168
3/9/2001,339.802
3/10/2001,368.119
3/11/2001,424.753
3/12/2001,594.654
3/13/2001,707.921
3/14/2001,1047.723
3/15/2001,906.139
3/16/2001,991.09
3/17/2001,1019.406
3/18/2001,1160.991
3/19/2001,1132.674
3/20/2001,934.456
3/21/2001,991.09
3/22/2001,849.505
3/23/2001,877.822
3/24/2001,736.238
3/25/2001,566.337
3/26/2001,538.02
3/27/2001,594.654
3/28/2001,538.02
3/29/2001,538.02
3/30/2001,566.337
3/31/2001,622.971
4/1/2001,509.703
4/2/2001,481.386
4/3/2001,679.604
4/4/2001,736.238
4/5/2001,651.287
4/6/2001,707.921
4/7/2001,651.287
4/8/2001,566.337
4/9/2001,566.337
4/10/2001,481.386
4/11/2001,453.07
4/12/2001,368.119
4/13/2001,396.436
4/14/2001,424.753
4/15/2001,453.07
4/16/2001,396.436
4/17/2001,339.802
4/18/2001,424.753
4/19/2001,396.436
4/20/2001,424.753
4/21/2001,339.802
4/22/2001,339.802
4/23/2001,311.485
4/24/2001,283.168
4/25/2001,311.485
4/26/2001,254.852
4/27/2001,226.535
4/28/2001,226.535
4/29/2001,254.852
4/30/2001,311.485
5/1/2001,311.485
5/2/2001,254.852
5/3/2001,254.852
5/4/2001,226.535
5/5/2001,368.119
5/6/2001,424.753
5/7/2001,453.07
5/8/2001,424.753
5/9/2001,509.703
5/10/2001,396.436
5/11/2001,311.485
5/12/2001,311.485
5/13/2001,339.802
5/14/2001,368.119
5/15/2001,368.119
5/16/2001,594.654
5/17/2001,594.654
5/18/2001,566.337
5/19/2001,594.654
5/20/2001,566.337
5/21/2001,509.703
5/22/2001,566.337
5/23/2001,509.703
5/24/2001,453.07
5/25/2001,396.436
5/26/2001,396.436
5/27/2001,396.436
5/28/2001,368.119
5/29/2001,424.753
5/30/2001,453.07
5/31/2001,481.386
6/1/2001,622.971
6/2/2001,538.02
6/3/2001,509.703
6/4/2001,594.654
6/5/2001,736.238
6/6/2001,906.139
6/7/2001,764.555
6/8/2001,736.238
6/9/2001,707.921
6/10/2001,651.287
6/11/2001,594.654
6/12/2001,538.02
6/13/2001,1076.04
6/14/2001,877.822
6/15/2001,906.139
6/16/2001,736.238
6/17/2001,792.872
6/18/2001,877.822
6/19/2001,877.822
6/20/2001,849.505
6/21/2001,792.872
6/22/2001,821.189
6/23/2001,821.189
6/24/2001,707.921
6/25/2001,679.604
6/26/2001,566.337
6/27/2001,679.604
6/28/2001,764.555
6/29/2001,792.872
6/30/2001,622.971
7/1/2001,679.604
7/2/2001,736.238
7/3/2001,509.703
7/4/2001,424.753
7/5/2001,509.703
7/6/2001,594.654
7/7/2001,566.337
7/8/2001,509.703
7/9/2001,396.436
7/10/2001,368.119
7/11/2001,339.802
7/12/2001,566.337
7/13/2001,594.654
7/14/2001,481.386
7/15/2001,424.753
7/16/2001,453.07
7/17/2001,368.119
7/18/2001,396.436
7/19/2001,396.436
7/20/2001,424.753
7/21/2001,509.703
7/22/2001,594.654
7/23/2001,566.337
7/24/2001,481.386
7/25/2001,481.386
7/26/2001,481.386
7/27/2001,509.703
7/28/2001,424.753
7/29/2001,566.337
7/30/2001,566.337
7/31/2001,566.337
8/1/2001,509.703
8/2/2001,453.07
8/3/2001,424.753
8/4/2001,481.386
8/5/2001,481.386
8/6/2001,396.436
8/7/2001,396.436
8/8/2001,339.802
8/9/2001,254.852
8/10/2001,198.218
8/11/2001,169.901
8/12/2001,169.901
8/13/2001,254.852
8/14/2001,254.852
8/15/2001,198.218
8/16/2001,198.218
8/17/2001,198.218
8/18/2001,198.218
8/19/2001,198.218
8/20/2001,198.218
8/21/2001,198.218
8/22/2001,169.901
8/23/2001,169.901
8/24/2001,254.852
8/25/2001,226.535
8/26/2001,226.535
8/27/2001,198.218
8/28/2001,226.535
8/29/2001,226.535
8/30/2001,169.901
8/31/2001,169.901
9/1/2001,198.218
9/2/2001,169.901
9/3/2001,169.901
9/4/2001,198.218
9/5/2001,283.168
9/6/2001,283.168
9/7/2001,283.168
9/8/2001,226.535
9/9/2001,198.218
9/10/2001,169.901
9/11/2001,198.218
9/12/2001,169.901
9/13/2001,169.901
9/14/2001,226.535
9/15/2001,311.485
9/16/2001,311.485
9/17/2001,283.168
9/18/2001,226.535
9/19/2001,311.485
9/20/2001,283.168
9/21/2001,198.218
9/22/2001,226.535
9/23/2001,169.901
9/24/2001,198.218
9/25/2001,198.218
9/26/2001,254.852
9/27/2001,311.485
9/28/2001,283.168
9/29/2001,311.485
9/30/2001,283.168
10/1/2001,254.852
10/2/2001,311.485
10/3/2001,339.802
10/4/2001,311.485
10/5/2001,254.852
10/6/2001,226.535
10/7/2001,254.852
10/8/2001,254.852
10/9/2001,254.852
10/10/2001,226.535
10/11/2001,226.535
10/12/2001,254.852
10/13/2001,283.168
10/14/2001,311.485
10/15/2001,254.852
10/16/2001,226.535
10/17/2001,198.218
10/18/2001,198.218
10/19/2001,198.218
10/20/2001,226.535
10/21/2001,198.218
10/22/2001,198.218
10/23/2001,198.218
10/24/2001,283.168
10/25/2001,311.485
10/26/2001,226.535
10/27/2001,283.168
10/28/2001,283.168
10/29/2001,254.852
10/30/2001,339.802
10/31/2001,339.802
11/1/2001,283.168
11/2/2001,283.168
11/3/2001,254.852
11/4/2001,311.485
11/5/2001,339.802
11/6/2001,254.852
11/7/2001,283.168
11/8/2001,283.168
11/9/2001,283.168
11/10/2001,254.852
11/11/2001,311.485
11/12/2001,283.168
11/13/2001,311.485
11/14/2001,311.485
11/15/2001,254.852
11/16/2001,339.802
11/17/2001,339.802
11/18/2001,339.802
11/19/2001,311.485
11/20/2001,311.485
11/21/2001,254.852
11/22/2001,283.168
11/23/2001,283.168
11/24/2001,283.168
11/25/2001,226.535
11/26/2001,254.852
11/27/2001,226.535
11/28/2001,198.218
11/29/2001,198.218
11/30/2001,226.535
12/1/2001,169.901
12/2/2001,198.218
12/3/2001,198.218
12/4/2001,198.218
12/5/2001,283.168
12/6/2001,254.852
12/7/2001,254.852
12/8/2001,226.535
12/9/2001,254.852
12/10/2001,226.535
12/11/2001,311.485
12/12/2001,254.852
12/13/2001,226.535
12/14/2001,254.852
12/15/2001,283.168
12/16/2001,254.852
12/17/2001,311.485
12/18/2001,226.535
12/19/2001,283.168
12/20/2001,283.168
12/21/2001,311.485
12/22/2001,311.485
12/23/2001,283.168
12/24/2001,283.168
12/25/2001,226.535
12/26/2001,254.852
12/27/2001,226.535
12/28/2001,226.535
12/29/2001,198.218
12/30/2001,141.584
12/31/2001,141.584
1/1/2002,141.584
1/2/2002,141.584
1/3/2002,141.584
1/4/2002,141.584
1/5/2002,113.267
1/6/2002,141.584
1/7/2002,141.584
1/8/2002,226.535
1/9/2002,226.535
1/10/2002,254.852
1/11/2002,254.852
1/12/2002,311.485
1/13/2002,339.802
1/14/2002,368.119
1/15/2002,368.119
1/16/2002,339.802
1/17/2002,311.485
1/18/2002,311.485
1/19/2002,283.168
1/20/2002,283.168
1/21/2002,283.168
1/22/2002,311.485
1/23/2002,226.535
1/24/2002,226.535
1/25/2002,254.852
1/26/2002,254.852
1/27/2002,254.852
1/28/2002,254.852
1/29/2002,226.535
1/30/2002,254.852
1/31/2002,254.852
2/1/2002,226.535
2/2/2002,226.535
2/3/2002,169.901
2/4/2002,198.218
2/5/2002,226.535
2/6/2002,226.535
2/7/2002,254.852
2/8/2002,311.485
2/9/2002,283.168
2/10/2002,254.852
2/11/2002,339.802
2/12/2002,311.485
2/13/2002,339.802
2/14/2002,339.802
2/15/2002,339.802
2/16/2002,311.485
2/17/2002,311.485
2/18/2002,254.852
2/19/2002,254.852
2/20/2002,254.852
2/21/2002,226.535
2/22/2002,368.119
2/23/2002,368.119
2/24/2002,368.119
2/25/2002,396.436
2/26/2002,311.485
2/27/2002,339.802
2/28/2002,311.485
3/1/2002,254.852
3/2/2002,226.535
3/3/2002,198.218
3/4/2002,226.535
3/5/2002,254.852
3/6/2002,226.535
3/7/2002,254.852
3/8/2002,283.168
3/9/2002,283.168
3/10/2002,311.485
3/11/2002,254.852
3/12/2002,283.168
3/13/2002,254.852
3/14/2002,254.852
3/15/2002,226.535
3/16/2002,283.168
3/17/2002,311.485
3/18/2002,368.119
3/19/2002,396.436
3/20/2002,368.119
3/21/2002,339.802
3/22/2002,339.802
3/23/2002,311.485
3/24/2002,283.168
3/25/2002,283.168
3/26/2002,254.852
3/27/2002,283.168
3/28/2002,311.485
3/29/2002,311.485
3/30/2002,339.802
3/31/2002,339.802
4/1/2002,453.07
4/2/2002,424.753
4/3/2002,396.436
4/4/2002,368.119
4/5/2002,311.485
4/6/2002,339.802
4/7/2002,368.119
4/8/2002,339.802
4/9/2002,368.119
4/10/2002,396.436
4/11/2002,368.119
4/12/2002,424.753
4/13/2002,538.02
4/14/2002,622.971
4/15/2002,594.654
4/16/2002,538.02
4/17/2002,509.703
4/18/2002,424.753
4/19/2002,339.802
4/20/2002,311.485
4/21/2002,283.168
4/22/2002,339.802
4/23/2002,424.753
4/24/2002,424.753
4/25/2002,368.119
4/26/2002,283.168
4/27/2002,311.485
4/28/2002,311.485
4/29/2002,283.168
4/30/2002,254.852
5/1/2002,141.584
5/2/2002,141.584
5/3/2002,226.535
5/4/2002,226.535
5/5/2002,254.852
5/6/2002,254.852
5/7/2002,283.168
5/8/2002,396.436
5/9/2002,481.386
5/10/2002,481.386
5/11/2002,481.386
5/12/2002,396.436
5/13/2002,368.119
5/14/2002,368.119
5/15/2002,368.119
5/16/2002,396.436
5/17/2002,396.436
5/18/2002,396.436
5/19/2002,339.802
5/20/2002,283.168
5/21/2002,368.119
5/22/2002,481.386
5/23/2002,566.337
5/24/2002,707.921
5/25/2002,849.505
5/26/2002,906.139
5/27/2002,906.139
5/28/2002,877.822
5/29/2002,849.505
5/30/2002,764.555
5/31/2002,679.604
6/1/2002,453.07
6/2/2002,594.654
6/3/2002,792.872
6/4/2002,962.773
6/5/2002,1019.406
6/6/2002,1387.525
6/7/2002,1330.892
6/8/2002,1217.624
6/9/2002,1585.743
6/10/2002,1557.427
6/11/2002,1444.159
6/12/2002,1359.209
6/13/2002,1189.308
6/14/2002,991.09
6/15/2002,962.773
6/16/2002,906.139
6/17/2002,906.139
6/18/2002,906.139
6/19/2002,849.505
6/20/2002,707.921
6/21/2002,736.238
6/22/2002,991.09
6/23/2002,1160.991
6/24/2002,1160.991
6/25/2002,1132.674
6/26/2002,877.822
6/27/2002,821.189
6/28/2002,962.773
6/29/2002,877.822
6/30/2002,849.505
7/1/2002,906.139
7/2/2002,849.505
7/3/2002,707.921
7/4/2002,792.872
7/5/2002,877.822
7/6/2002,764.555
7/7/2002,849.505
7/8/2002,764.555
7/9/2002,906.139
7/10/2002,679.604
7/11/2002,538.02
7/12/2002,566.337
7/13/2002,509.703
7/14/2002,509.703
7/15/2002,538.02
7/16/2002,538.02
7/17/2002,509.703
7/18/2002,594.654
7/19/2002,509.703
7/20/2002,622.971
7/21/2002,509.703
7/22/2002,424.753
7/23/2002,396.436
7/24/2002,481.386
7/25/2002,481.386
7/26/2002,481.386
7/27/2002,453.07
7/28/2002,453.07
7/29/2002,453.07
7/30/2002,396.436
7/31/2002,453.07
8/1/2002,368.119
8/2/2002,254.852
8/3/2002,254.852
8/4/2002,226.535
8/5/2002,283.168
8/6/2002,311.485
8/7/2002,424.753
8/8/2002,424.753
8/9/2002,424.753
8/10/2002,481.386
8/11/2002,509.703
8/12/2002,481.386
8/13/2002,453.07
8/14/2002,509.703
8/15/2002,453.07
8/16/2002,396.436
8/17/2002,368.119
8/18/2002,339.802
8/19/2002,339.802
8/20/2002,339.802
8/21/2002,368.119
8/22/2002,396.436
8/23/2002,453.07
8/24/2002,396.436
8/25/2002,396.436
8/26/2002,453.07
8/27/2002,453.07
8/28/2002,424.753
8/29/2002,396.436
8/30/2002,453.07
8/31/2002,481.386
9/1/2002,481.386
9/2/2002,368.119
9/3/2002,339.802
9/4/2002,396.436
9/5/2002,368.119
9/6/2002,453.07
9/7/2002,481.386
9/8/2002,481.386
9/9/2002,424.753
9/10/2002,311.485
9/11/2002,368.119
9/12/2002,368.119
9/13/2002,424.753
9/14/2002,368.119
9/15/2002,424.753
9/16/2002,424.753
9/17/2002,481.386
9/18/2002,424.753
9/19/2002,368.119
9/20/2002,339.802
9/21/2002,339.802
9/22/2002,283.168
9/23/2002,254.852
9/24/2002,283.168
9/25/2002,226.535
9/26/2002,198.218
9/27/2002,226.535
9/28/2002,198.218
9/29/2002,254.852
9/30/2002,254.852
10/1/2002,283.168
10/2/2002,283.168
10/3/2002,368.119
10/4/2002,453.07
10/5/2002,396.436
10/6/2002,339.802
10/7/2002,396.436
10/8/2002,396.436
10/9/2002,424.753
10/10/2002,368.119
10/11/2002,368.119
10/12/2002,339.802
10/13/2002,311.485
10/14/2002,339.802
10/15/2002,311.485
10/16/2002,311.485
10/17/2002,311.485
10/18/2002,339.802
10/19/2002,283.168
10/20/2002,283.168
10/21/2002,339.802
10/22/2002,396.436
10/23/2002,283.168
10/24/2002,226.535
10/25/2002,283.168
10/26/2002,283.168
10/27/2002,254.852
10/28/2002,339.802
10/29/2002,396.436
10/30/2002,396.436
10/31/2002,339.802
11/1/2002,311.485
11/2/2002,311.485
11/3/2002,254.852
11/4/2002,283.168
11/5/2002,283.168
11/6/2002,283.168
11/7/2002,283.168
11/8/2002,283.168
11/9/2002,283.168
11/10/2002,311.485
11/11/2002,283.168
11/12/2002,254.852
11/13/2002,283.168
11/14/2002,283.168
11/15/2002,368.119
11/16/2002,368.119
11/17/2002,339.802
11/18/2002,339.802
11/19/2002,368.119
11/20/2002,368.119
11/21/2002,311.485
11/22/2002,339.802
11/23/2002,311.485
11/24/2002,254.852
11/25/2002,283.168
11/26/2002,254.852
11/27/2002,283.168
11/28/2002,311.485
11/29/2002,311.485
11/30/2002,311.485
12/1/2002,254.852
12/2/2002,254.852
12/3/2002,368.119
12/4/2002,339.802
12/5/2002,283.168
12/6/2002,226.535
12/7/2002,226.535
12/8/2002,226.535
12/9/2002,226.535
12/10/2002,226.535
12/11/2002,254.852
12/12/2002,283.168
12/13/2002,311.485
12/14/2002,424.753
12/15/2002,424.753
12/16/2002,453.07
12/17/2002,481.386
12/18/2002,481.386
12/19/2002,566.337
12/20/2002,566.337
12/21/2002,538.02
12/22/2002,481.386
12/23/2002,424.753
12/24/2002,424.753
12/25/2002,339.802
12/26/2002,283.168
12/27/2002,283.168
12/28/2002,283.168
12/29/2002,311.485
12/30/2002,283.168
12/31/2002,283.168
1/1/2003,254.852
1/2/2003,283.168
1/3/2003,339.802
1/4/2003,368.119
1/5/2003,368.119
1/6/2003,424.753
1/7/2003,453.07
1/8/2003,453.07
1/9/2003,481.386
1/10/2003,481.386
1/11/2003,453.07
1/12/2003,453.07
1/13/2003,453.07
1/14/2003,396.436
1/15/2003,339.802
1/16/2003,283.168
1/17/2003,254.852
1/18/2003,226.535
1/19/2003,254.852
1/20/2003,254.852
1/21/2003,254.852
1/22/2003,254.852
1/23/2003,283.168
1/24/2003,311.485
1/25/2003,368.119
1/26/2003,339.802
1/27/2003,424.753
1/28/2003,453.07
1/29/2003,368.119
1/30/2003,396.436
1/31/2003,339.802
2/1/2003,396.436
2/2/2003,396.436
2/3/2003,396.436
2/4/2003,453.07
2/5/2003,481.386
2/6/2003,481.386
2/7/2003,481.386
2/8/2003,453.07
2/9/2003,481.386
2/10/2003,481.386
2/11/2003,509.703
2/12/2003,453.07
2/13/2003,453.07
2/14/2003,396.436
2/15/2003,396.436
2/16/2003,424.753
2/17/2003,453.07
2/18/2003,453.07
2/19/2003,453.07
2/20/2003,481.386
2/21/2003,481.386
2/22/2003,481.386
2/23/2003,453.07
2/24/2003,453.07
2/25/2003,481.386
2/26/2003,453.07
2/27/2003,396.436
2/28/2003,396.436
3/1/2003,368.119
3/2/2003,339.802
3/3/2003,311.485
3/4/2003,368.119
3/5/2003,311.485
3/6/2003,424.753
3/7/2003,396.436
3/8/2003,368.119
3/9/2003,368.119
3/10/2003,368.119
3/11/2003,311.485
3/12/2003,311.485
3/13/2003,339.802
3/14/2003,396.436
3/15/2003,509.703
3/16/2003,736.238
3/17/2003,1274.258
3/18/2003,1330.892
3/19/2003,1472.476
3/20/2003,1642.377
3/21/2003,1500.793
3/22/2003,1472.476
3/23/2003,1557.427
3/24/2003,1330.892
3/25/2003,1330.892
3/26/2003,1387.525
3/27/2003,1359.209
3/28/2003,1160.991
3/29/2003,651.287
3/30/2003,707.921
3/31/2003,736.238
4/1/2003,764.555
4/2/2003,594.654
4/3/2003,622.971
4/4/2003,509.703
4/5/2003,424.753
4/6/2003,396.436
4/7/2003,424.753
4/8/2003,424.753
4/9/2003,481.386
4/10/2003,509.703
4/11/2003,453.07
4/12/2003,481.386
4/13/2003,538.02
4/14/2003,453.07
4/15/2003,368.119
4/16/2003,396.436
4/17/2003,368.119
4/18/2003,396.436
4/19/2003,481.386
4/20/2003,453.07
4/21/2003,368.119
4/22/2003,396.436
4/23/2003,368.119
4/24/2003,424.753
4/25/2003,424.753
4/26/2003,424.753
4/27/2003,424.753
4/28/2003,396.436
4/29/2003,424.753
4/30/2003,453.07
5/1/2003,453.07
5/2/2003,396.436
5/3/2003,368.119
5/4/2003,396.436
5/5/2003,509.703
5/6/2003,651.287
5/7/2003,679.604
5/8/2003,792.872
5/9/2003,792.872
5/10/2003,707.921
5/11/2003,538.02
5/12/2003,509.703
5/13/2003,622.971
5/14/2003,764.555
5/15/2003,622.971
5/16/2003,707.921
5/17/2003,707.921
5/18/2003,651.287
5/19/2003,538.02
5/20/2003,538.02
5/21/2003,566.337
5/22/2003,538.02
5/23/2003,707.921
5/24/2003,679.604
5/25/2003,594.654
5/26/2003,679.604
5/27/2003,821.189
5/28/2003,736.238
5/29/2003,821.189
5/30/2003,792.872
5/31/2003,1076.04
6/1/2003,1330.892
6/2/2003,1359.209
6/3/2003,1500.793
6/4/2003,1614.06
6/5/2003,1840.595
6/6/2003,1727.328
6/7/2003,1557.427
6/8/2003,1302.575
6/9/2003,1472.476
6/10/2003,1189.308
6/11/2003,1189.308
6/12/2003,1104.357
6/13/2003,792.872
6/14/2003,962.773
6/15/2003,1444.159
6/16/2003,1217.624
6/17/2003,1047.723
6/18/2003,821.189
6/19/2003,849.505
6/20/2003,991.09
6/21/2003,1415.842
6/22/2003,1330.892
6/23/2003,1104.357
6/24/2003,1217.624
6/25/2003,1104.357
6/26/2003,1047.723
6/27/2003,991.09
6/28/2003,764.555
6/29/2003,679.604
6/30/2003,566.337
7/1/2003,679.604
7/2/2003,792.872
7/3/2003,792.872
7/4/2003,679.604
7/5/2003,651.287
7/6/2003,679.604
7/7/2003,622.971
7/8/2003,594.654
7/9/2003,651.287
7/10/2003,707.921
7/11/2003,707.921
7/12/2003,622.971
7/13/2003,566.337
7/14/2003,481.386
7/15/2003,424.753
7/16/2003,396.436
7/17/2003,424.753
7/18/2003,424.753
7/19/2003,481.386
7/20/2003,453.07
7/21/2003,453.07
7/22/2003,396.436
7/23/2003,396.436
7/24/2003,424.753
7/25/2003,424.753
7/26/2003,396.436
7/27/2003,339.802
7/28/2003,396.436
7/29/2003,368.119
7/30/2003,339.802
7/31/2003,339.802
8/1/2003,283.168
8/2/2003,254.852
8/3/2003,283.168
8/4/2003,339.802
8/5/2003,396.436
8/6/2003,339.802
8/7/2003,283.168
8/8/2003,283.168
8/9/2003,339.802
8/10/2003,311.485
8/11/2003,254.852
8/12/2003,254.852
8/13/2003,283.168
8/14/2003,339.802
8/15/2003,339.802
8/16/2003,283.168
8/17/2003,368.119
8/18/2003,311.485
8/19/2003,311.485
8/20/2003,254.852
8/21/2003,226.535
8/22/2003,198.218
8/23/2003,198.218
8/24/2003,198.218
8/25/2003,198.218
8/26/2003,198.218
8/27/2003,226.535
8/28/2003,226.535
8/29/2003,226.535
8/30/2003,198.218
8/31/2003,198.218
9/1/2003,198.218
9/2/2003,198.218
9/3/2003,198.218
9/4/2003,226.535
9/5/2003,254.852
9/6/2003,283.168
9/7/2003,283.168
9/8/2003,283.168
9/9/2003,339.802
9/10/2003,368.119
9/11/2003,368.119
9/12/2003,396.436
9/13/2003,339.802
9/14/2003,283.168
9/15/2003,339.802
9/16/2003,311.485
9/17/2003,283.168
9/18/2003,283.168
9/19/2003,254.852
9/20/2003,311.485
9/21/2003,311.485
9/22/2003,339.802
9/23/2003,311.485
9/24/2003,311.485
9/25/2003,339.802
9/26/2003,311.485
9/27/2003,311.485
9/28/2003,311.485
9/29/2003,339.802
9/30/2003,311.485
10/1/2003,226.535
10/2/2003,283.168
10/3/2003,254.852
10/4/2003,254.852
10/5/2003,254.852
10/6/2003,254.852
10/7/2003,283.168
10/8/2003,283.168
10/9/2003,283.168
10/10/2003,311.485
10/11/2003,283.168
10/12/2003,254.852
10/13/2003,226.535
10/14/2003,254.852
10/15/2003,226.535
10/16/2003,226.535
10/17/2003,254.852
10/18/2003,254.852
10/19/2003,254.852
10/20/2003,254.852
10/21/2003,283.168
10/22/2003,254.852
10/23/2003,283.168
10/24/2003,283.168
10/25/2003,283.168
10/26/2003,254.852
10/27/2003,283.168
10/28/2003,254.852
10/29/2003,283.168
10/30/2003,283.168
10/31/2003,283.168
11/1/2003,226.535
11/2/2003,226.535
11/3/2003,226.535
11/4/2003,226.535
11/5/2003,198.218
11/6/2003,169.901
11/7/2003,169.901
11/8/2003,169.901
11/9/2003,169.901
11/10/2003,226.535
11/11/2003,226.535
11/12/2003,254.852
11/13/2003,254.852
11/14/2003,254.852
11/15/2003,283.168
11/16/2003,339.802
11/17/2003,396.436
11/18/2003,368.119
11/19/2003,368.119
11/20/2003,339.802
11/21/2003,339.802
11/22/2003,368.119
11/23/2003,283.168
11/24/2003,283.168
11/25/2003,254.852
11/26/2003,254.852
11/27/2003,254.852
11/28/2003,226.535
11/29/2003,254.852
11/30/2003,254.852
12/1/2003,198.218
12/2/2003,254.852
12/3/2003,283.168
12/4/2003,339.802
12/5/2003,311.485
12/6/2003,453.07
12/7/2003,566.337
12/8/2003,509.703
12/9/2003,481.386
12/10/2003,453.07
12/11/2003,453.07
12/12/2003,424.753
12/13/2003,424.753
12/14/2003,396.436
12/15/2003,396.436
12/16/2003,396.436
12/17/2003,368.119
12/18/2003,396.436
12/19/2003,396.436
12/20/2003,396.436
12/21/2003,396.436
12/22/2003,396.436
12/23/2003,396.436
12/24/2003,424.753
12/25/2003,481.386
12/26/2003,481.386
12/27/2003,481.386
12/28/2003,453.07
12/29/2003,453.07
12/30/2003,396.436
12/31/2003,424.753
1/1/2004,396.436
1/2/2004,368.119
1/3/2004,311.485
1/4/2004,254.852
1/5/2004,254.852
1/6/2004,254.852
1/7/2004,226.535
1/8/2004,226.535
1/9/2004,226.535
1/10/2004,198.218
1/11/2004,198.218
1/12/2004,254.852
1/13/2004,311.485
1/14/2004,283.168
1/15/2004,339.802
1/16/2004,368.119
1/17/2004,368.119
1/18/2004,339.802
1/19/2004,424.753
1/20/2004,424.753
1/21/2004,453.07
1/22/2004,453.07
1/23/2004,453.07
1/24/2004,453.07
1/25/2004,453.07
1/26/2004,453.07
1/27/2004,453.07
1/28/2004,396.436
1/29/2004,368.119
1/30/2004,396.436
1/31/2004,396.436
2/1/2004,368.119
2/2/2004,368.119
2/3/2004,311.485
2/4/2004,283.168
2/5/2004,311.485
2/6/2004,311.485
2/7/2004,339.802
2/8/2004,339.802
2/9/2004,339.802
2/10/2004,368.119
2/11/2004,368.119
2/12/2004,368.119
2/13/2004,396.436
2/14/2004,368.119
2/15/2004,424.753
2/16/2004,396.436
2/17/2004,396.436
2/18/2004,396.436
2/19/2004,424.753
2/20/2004,396.436
2/21/2004,368.119
2/22/2004,368.119
2/23/2004,368.119
2/24/2004,368.119
2/25/2004,396.436
2/26/2004,424.753
2/27/2004,453.07
2/28/2004,538.02
2/29/2004,594.654
3/1/2004,453.07
3/2/2004,509.703
3/3/2004,481.386
3/4/2004,509.703
3/5/2004,509.703
3/6/2004,538.02
3/7/2004,509.703
3/8/2004,453.07
3/9/2004,424.753
3/10/2004,424.753
3/11/2004,368.119
3/12/2004,453.07
3/13/2004,622.971
3/14/2004,538.02
3/15/2004,538.02
3/16/2004,651.287
3/17/2004,679.604
3/18/2004,651.287
3/19/2004,651.287
3/20/2004,566.337
3/21/2004,566.337
3/22/2004,538.02
3/23/2004,538.02
3/24/2004,566.337
3/25/2004,707.921
3/26/2004,849.505
3/27/2004,1132.674
3/28/2004,1245.941
3/29/2004,1132.674
3/30/2004,707.921
3/31/2004,736.238
4/1/2004,566.337
4/2/2004,566.337
4/3/2004,566.337
4/4/2004,509.703
4/5/2004,481.386
4/6/2004,481.386
4/7/2004,424.753
4/8/2004,396.436
4/9/2004,396.436
4/10/2004,368.119
4/11/2004,368.119
4/12/2004,368.119
4/13/2004,339.802
4/14/2004,339.802
4/15/2004,396.436
4/16/2004,396.436
4/17/2004,368.119
4/18/2004,368.119
4/19/2004,311.485
4/20/2004,339.802
4/21/2004,283.168
4/22/2004,283.168
4/23/2004,226.535
4/24/2004,283.168
4/25/2004,311.485
4/26/2004,339.802
4/27/2004,339.802
4/28/2004,396.436
4/29/2004,368.119
4/30/2004,339.802
5/1/2004,311.485
5/2/2004,339.802
5/3/2004,368.119
5/4/2004,339.802
5/5/2004,368.119
5/6/2004,339.802
5/7/2004,396.436
5/8/2004,396.436
5/9/2004,368.119
5/10/2004,339.802
5/11/2004,396.436
5/12/2004,538.02
5/13/2004,538.02
5/14/2004,622.971
5/15/2004,566.337
5/16/2004,594.654
5/17/2004,594.654
5/18/2004,594.654
5/19/2004,538.02
5/20/2004,453.07
5/21/2004,509.703
5/22/2004,453.07
5/23/2004,481.386
5/24/2004,622.971
5/25/2004,566.337
5/26/2004,538.02
5/27/2004,594.654
5/28/2004,566.337
5/29/2004,849.505
5/30/2004,1047.723
5/31/2004,849.505
6/1/2004,538.02
6/2/2004,481.386
6/3/2004,453.07
6/4/2004,622.971
6/5/2004,566.337
6/6/2004,538.02
6/7/2004,538.02
6/8/2004,509.703
6/9/2004,424.753
6/10/2004,594.654
6/11/2004,991.09
6/12/2004,962.773
6/13/2004,962.773
6/14/2004,934.456
6/15/2004,934.456
6/16/2004,962.773
6/17/2004,991.09
6/18/2004,849.505
6/19/2004,792.872
6/20/2004,792.872
6/21/2004,679.604
6/22/2004,566.337
6/23/2004,622.971
6/24/2004,566.337
6/25/2004,538.02
6/26/2004,566.337
6/27/2004,509.703
6/28/2004,538.02
6/29/2004,538.02
6/30/2004,509.703
7/1/2004,622.971
7/2/2004,736.238
7/3/2004,679.604
7/4/2004,566.337
7/5/2004,651.287
7/6/2004,566.337
7/7/2004,509.703
7/8/2004,736.238
7/9/2004,877.822
7/10/2004,764.555
7/11/2004,651.287
7/12/2004,764.555
7/13/2004,651.287
7/14/2004,538.02
7/15/2004,622.971
7/16/2004,538.02
7/17/2004,453.07
7/18/2004,481.386
7/19/2004,481.386
7/20/2004,481.386
7/21/2004,424.753
7/22/2004,368.119
7/23/2004,339.802
7/24/2004,311.485
7/25/2004,311.485
7/26/2004,311.485
7/27/2004,339.802
7/28/2004,339.802
7/29/2004,311.485
7/30/2004,283.168
7/31/2004,368.119
8/1/2004,311.485
8/2/2004,283.168
8/3/2004,339.802
8/4/2004,339.802
8/5/2004,339.802
8/6/2004,396.436
8/7/2004,453.07
8/8/2004,453.07
8/9/2004,453.07
8/10/2004,453.07
8/11/2004,368.119
8/12/2004,339.802
8/13/2004,254.852
8/14/2004,283.168
8/15/2004,283.168
8/16/2004,339.802
8/17/2004,311.485
8/18/2004,254.852
8/19/2004,226.535
8/20/2004,226.535
8/21/2004,283.168
8/22/2004,226.535
8/23/2004,283.168
8/24/2004,254.852
8/25/2004,311.485
8/26/2004,311.485
8/27/2004,311.485
8/28/2004,283.168
8/29/2004,254.852
8/30/2004,254.852
8/31/2004,254.852
9/1/2004,254.852
9/2/2004,311.485
9/3/2004,368.119
9/4/2004,368.119
9/5/2004,368.119
9/6/2004,311.485
9/7/2004,283.168
9/8/2004,283.168
9/9/2004,283.168
9/10/2004,339.802
9/11/2004,283.168
9/12/2004,396.436
9/13/2004,481.386
9/14/2004,453.07
9/15/2004,424.753
9/16/2004,424.753
9/17/2004,396.436
9/18/2004,368.119
9/19/2004,396.436
9/20/2004,368.119
9/21/2004,368.119
9/22/2004,368.119
9/23/2004,368.119
9/24/2004,339.802
9/25/2004,368.119
9/26/2004,339.802
9/27/2004,339.802
9/28/2004,283.168
9/29/2004,368.119
9/30/2004,396.436
10/1/2004,339.802
10/2/2004,311.485
10/3/2004,283.168
10/4/2004,254.852
10/5/2004,283.168
10/6/2004,283.168
10/7/2004,283.168
10/8/2004,283.168
10/9/2004,283.168
10/10/2004,311.485
10/11/2004,339.802
10/12/2004,368.119
10/13/2004,339.802
10/14/2004,339.802
10/15/2004,339.802
10/16/2004,283.168
10/17/2004,283.168
10/18/2004,283.168
10/19/2004,311.485
10/20/2004,396.436
10/21/2004,424.753
10/22/2004,453.07
10/23/2004,424.753
10/24/2004,396.436
10/25/2004,339.802
10/26/2004,311.485
10/27/2004,424.753
10/28/2004,453.07
10/29/2004,509.703
10/30/2004,453.07
10/31/2004,481.386
11/1/2004,453.07
11/2/2004,396.436
11/3/2004,453.07
11/4/2004,368.119
11/5/2004,368.119
11/6/2004,283.168
11/7/2004,254.852
11/8/2004,254.852
11/9/2004,339.802
11/10/2004,311.485
11/11/2004,311.485
11/12/2004,311.485
11/13/2004,283.168
11/14/2004,311.485
11/15/2004,339.802
11/16/2004,368.119
11/17/2004,339.802
11/18/2004,339.802
11/19/2004,339.802
11/20/2004,339.802
11/21/2004,311.485
11/22/2004,311.485
11/23/2004,283.168
11/24/2004,283.168
11/25/2004,339.802
11/26/2004,339.802
11/27/2004,339.802
11/28/2004,339.802
11/29/2004,283.168
11/30/2004,254.852
12/1/2004,254.852
12/2/2004,254.852
12/3/2004,254.852
12/4/2004,226.535
12/5/2004,226.535
12/6/2004,226.535
12/7/2004,226.535
12/8/2004,226.535
12/9/2004,254.852
12/10/2004,226.535
12/11/2004,254.852
12/12/2004,254.852
12/13/2004,254.852
12/14/2004,283.168
12/15/2004,311.485
12/16/2004,311.485
12/17/2004,311.485
12/18/2004,283.168
12/19/2004,311.485
12/20/2004,254.852
12/21/2004,226.535
12/22/2004,141.584
12/23/2004,141.584
12/24/2004,169.901
12/25/2004,198.218
12/26/2004,198.218
12/27/2004,198.218
12/28/2004,141.584
12/29/2004,169.901
12/30/2004,283.168
12/31/2004,283.168
1/1/2005,339.802
1/2/2005,311.485
1/3/2005,254.852
1/4/2005,254.852
1/5/2005,226.535
1/6/2005,226.535
1/7/2005,198.218
1/8/2005,198.218
1/9/2005,169.901
1/10/2005,169.901
1/11/2005,169.901
1/12/2005,169.901
1/13/2005,169.901
1/14/2005,169.901
1/15/2005,226.535
1/16/2005,254.852
1/17/2005,254.852
1/18/2005,311.485
1/19/2005,311.485
1/20/2005,311.485
1/21/2005,311.485
1/22/2005,311.485
1/23/2005,311.485
1/24/2005,311.485
1/25/2005,311.485
1/26/2005,283.168
1/27/2005,368.119
1/28/2005,396.436
1/29/2005,396.436
1/30/2005,396.436
1/31/2005,396.436
2/1/2005,396.436
2/2/2005,424.753
2/3/2005,424.753
2/4/2005,424.753
2/5/2005,424.753
2/6/2005,424.753
2/7/2005,396.436
2/8/2005,368.119
2/9/2005,368.119
2/10/2005,368.119
2/11/2005,368.119
2/12/2005,339.802
2/13/2005,339.802
2/14/2005,339.802
2/15/2005,311.485
2/16/2005,311.485
2/17/2005,311.485
2/18/2005,339.802
2/19/2005,339.802
2/20/2005,339.802
2/21/2005,311.485
2/22/2005,311.485
2/23/2005,311.485
2/24/2005,311.485
2/25/2005,311.485
2/26/2005,311.485
2/27/2005,311.485
2/28/2005,311.485
3/1/2005,254.852
3/2/2005,283.168
3/3/2005,311.485
3/4/2005,339.802
3/5/2005,368.119
3/6/2005,368.119
3/7/2005,368.119
3/8/2005,396.436
3/9/2005,424.753
3/10/2005,396.436
3/11/2005,396.436
3/12/2005,396.436
3/13/2005,424.753
3/14/2005,424.753
3/15/2005,424.753
3/16/2005,368.119
3/17/2005,368.119
3/18/2005,368.119
3/19/2005,339.802
3/20/2005,311.485
3/21/2005,283.168
3/22/2005,311.485
3/23/2005,311.485
3/24/2005,368.119
3/25/2005,481.386
3/26/2005,481.386
3/27/2005,509.703
3/28/2005,509.703
3/29/2005,509.703
3/30/2005,566.337
3/31/2005,453.07
4/1/2005,396.436
4/2/2005,368.119
4/3/2005,368.119
4/4/2005,368.119
4/5/2005,311.485
4/6/2005,254.852
4/7/2005,283.168
4/8/2005,254.852
4/9/2005,339.802
4/10/2005,339.802
4/11/2005,311.485
4/12/2005,283.168
4/13/2005,226.535
4/14/2005,283.168
4/15/2005,226.535
4/16/2005,226.535
4/17/2005,283.168
4/18/2005,198.218
4/19/2005,198.218
4/20/2005,254.852
4/21/2005,254.852
4/22/2005,254.852
4/23/2005,254.852
4/24/2005,311.485
4/25/2005,311.485
4/26/2005,311.485
4/27/2005,311.485
4/28/2005,283.168
4/29/2005,283.168
4/30/2005,311.485
5/1/2005,311.485
5/2/2005,283.168
5/3/2005,226.535
5/4/2005,169.901
5/5/2005,198.218
5/6/2005,198.218
5/7/2005,368.119
5/8/2005,509.703
5/9/2005,481.386
5/10/2005,396.436
5/11/2005,339.802
5/12/2005,538.02
5/13/2005,594.654
5/14/2005,509.703
5/15/2005,509.703
5/16/2005,764.555
5/17/2005,1019.406
5/18/2005,1076.04
5/19/2005,991.09
5/20/2005,962.773
5/21/2005,962.773
5/22/2005,962.773
5/23/2005,849.505
5/24/2005,877.822
5/25/2005,906.139
5/26/2005,1076.04
5/27/2005,991.09
5/28/2005,1189.308
5/29/2005,1245.941
5/30/2005,1076.04
5/31/2005,1019.406
6/1/2005,1076.04
6/2/2005,1076.04
6/3/2005,1160.991
6/4/2005,1019.406
6/5/2005,792.872
6/6/2005,849.505
6/7/2005,821.189
6/8/2005,1387.525
6/9/2005,877.822
6/10/2005,849.505
6/11/2005,906.139
6/12/2005,991.09
6/13/2005,1019.406
6/14/2005,934.456
6/15/2005,991.09
6/16/2005,1019.406
6/17/2005,1019.406
6/18/2005,1019.406
6/19/2005,934.456
6/20/2005,849.505
6/21/2005,821.189
6/22/2005,1019.406
6/23/2005,1274.258
6/24/2005,1076.04
6/25/2005,1104.357
6/26/2005,1189.308
6/27/2005,1189.308
6/28/2005,1274.258
6/29/2005,2406.932
6/30/2005,1642.377
7/1/2005,1642.377
7/2/2005,1642.377
7/3/2005,1585.743
7/4/2005,934.456
7/5/2005,906.139
7/6/2005,1047.723
7/7/2005,1047.723
7/8/2005,962.773
7/9/2005,934.456
7/10/2005,849.505
7/11/2005,792.872
7/12/2005,594.654
7/13/2005,622.971
7/14/2005,679.604
7/15/2005,679.604
7/16/2005,764.555
7/17/2005,1019.406
7/18/2005,453.07
7/19/2005,396.436
7/20/2005,368.119
7/21/2005,424.753
7/22/2005,396.436
7/23/2005,424.753
7/24/2005,424.753
7/25/2005,424.753
7/26/2005,424.753
7/27/2005,424.753
7/28/2005,368.119
7/29/2005,311.485
7/30/2005,283.168
7/31/2005,254.852
8/1/2005,311.485
8/2/2005,424.753
8/3/2005,368.119
8/4/2005,339.802
8/5/2005,283.168
8/6/2005,283.168
8/7/2005,283.168
8/8/2005,283.168
8/9/2005,283.168
8/10/2005,339.802
8/11/2005,339.802
8/12/2005,339.802
8/13/2005,311.485
8/14/2005,254.852
8/15/2005,226.535
8/16/2005,283.168
8/17/2005,396.436
8/18/2005,339.802
8/19/2005,339.802
8/20/2005,339.802
8/21/2005,254.852
8/22/2005,254.852
8/23/2005,254.852
8/24/2005,849.505
8/25/2005,339.802
8/26/2005,311.485
8/27/2005,283.168
8/28/2005,254.852
8/29/2005,226.535
8/30/2005,226.535
8/31/2005,226.535
9/1/2005,226.535
9/2/2005,254.852
9/3/2005,311.485
9/4/2005,424.753
9/5/2005,481.386
9/6/2005,339.802
9/7/2005,283.168
9/8/2005,283.168
9/9/2005,254.852
9/10/2005,311.485
9/11/2005,283.168
9/12/2005,283.168
9/13/2005,283.168
9/14/2005,283.168
9/15/2005,283.168
9/16/2005,283.168
9/17/2005,311.485
9/18/2005,339.802
9/19/2005,283.168
9/20/2005,311.485
9/21/2005,339.802
9/22/2005,339.802
9/23/2005,339.802
9/24/2005,283.168
9/25/2005,283.168
9/26/2005,254.852
9/27/2005,198.218
9/28/2005,169.901
9/29/2005,169.901
9/30/2005,198.218
10/1/2005,226.535
10/2/2005,254.852
10/3/2005,254.852
10/4/2005,339.802
10/5/2005,339.802
10/6/2005,396.436
10/7/2005,509.703
10/8/2005,566.337
10/9/2005,594.654
10/10/2005,453.07
10/11/2005,453.07
10/12/2005,453.07
10/13/2005,453.07
10/14/2005,424.753
10/15/2005,424.753
10/16/2005,424.753
10/17/2005,396.436
10/18/2005,339.802
10/19/2005,283.168
10/20/2005,566.337
10/21/2005,509.703
10/22/2005,453.07
10/23/2005,339.802
10/24/2005,339.802
10/25/2005,311.485
10/26/2005,311.485
10/27/2005,339.802
10/28/2005,368.119
10/29/2005,396.436
10/30/2005,396.436
10/31/2005,368.119
11/1/2005,339.802
11/2/2005,339.802
11/3/2005,339.802
11/4/2005,481.386
11/5/2005,424.753
11/6/2005,424.753
11/7/2005,368.119
11/8/2005,368.119
11/9/2005,339.802
11/10/2005,339.802
11/11/2005,339.802
11/12/2005,396.436
11/13/2005,424.753
11/14/2005,424.753
11/15/2005,424.753
11/16/2005,368.119
11/17/2005,368.119
11/18/2005,368.119
11/19/2005,368.119
11/20/2005,368.119
11/21/2005,396.436
11/22/2005,368.119
11/23/2005,339.802
11/24/2005,311.485
11/25/2005,311.485
11/26/2005,339.802
11/27/2005,339.802
11/28/2005,339.802
11/29/2005,311.485
11/30/2005,311.485
12/1/2005,254.852
12/2/2005,113.267
12/3/2005,226.535
12/4/2005,169.901
12/5/2005,169.901
12/6/2005,56.634
12/7/2005,56.634
12/8/2005,141.584
12/9/2005,141.584
12/10/2005,141.584
12/11/2005,141.584
12/12/2005,283.168
12/13/2005,424.753
12/14/2005,453.07
12/15/2005,396.436
12/16/2005,396.436
12/17/2005,368.119
12/18/2005,311.485
12/19/2005,339.802
12/20/2005,339.802
12/21/2005,339.802
12/22/2005,339.802
12/23/2005,339.802
12/24/2005,339.802
12/25/2005,339.802
12/26/2005,481.386
12/27/2005,453.07
12/28/2005,453.07
12/29/2005,679.604
12/30/2005,509.703
12/31/2005,424.753
1/1/2006,453.07
1/2/2006,509.703
1/3/2006,509.703
1/4/2006,509.703
1/5/2006,509.703
1/6/2006,481.386
1/7/2006,481.386
1/8/2006,424.753
1/9/2006,396.436
1/10/2006,396.436
1/11/2006,453.07
1/12/2006,453.07
1/13/2006,453.07
1/14/2006,453.07
1/15/2006,481.386
1/16/2006,481.386
1/17/2006,453.07
1/18/2006,453.07
1/19/2006,453.07
1/20/2006,453.07
1/21/2006,424.753
1/22/2006,368.119
1/23/2006,368.119
1/24/2006,368.119
1/25/2006,368.119
1/26/2006,396.436
1/27/2006,396.436
1/28/2006,396.436
1/29/2006,424.753
1/30/2006,424.753
1/31/2006,453.07
2/1/2006,453.07
2/2/2006,453.07
2/3/2006,453.07
2/4/2006,453.07
2/5/2006,453.07
2/6/2006,453.07
2/7/2006,453.07
2/8/2006,453.07
2/9/2006,424.753
2/10/2006,396.436
2/11/2006,396.436
2/12/2006,339.802
2/13/2006,339.802
2/14/2006,311.485
2/15/2006,311.485
2/16/2006,339.802
2/17/2006,339.802
2/18/2006,339.802
2/19/2006,254.852
2/20/2006,254.852
2/21/2006,226.535
2/22/2006,226.535
2/23/2006,283.168
2/24/2006,283.168
2/25/2006,254.852
2/26/2006,254.852
2/27/2006,226.535
2/28/2006,311.485
3/1/2006,311.485
3/2/2006,368.119
3/3/2006,368.119
3/4/2006,368.119
3/5/2006,368.119
3/6/2006,453.07
3/7/2006,453.07
3/8/2006,453.07
3/9/2006,453.07
3/10/2006,453.07
3/11/2006,453.07
3/12/2006,453.07
3/13/2006,453.07
3/14/2006,453.07
3/15/2006,424.753
3/16/2006,396.436
3/17/2006,396.436
3/18/2006,396.436
3/19/2006,396.436
3/20/2006,396.436
3/21/2006,396.436
3/22/2006,396.436
3/23/2006,396.436
3/24/2006,396.436
3/25/2006,396.436
3/26/2006,396.436
3/27/2006,424.753
3/28/2006,481.386
3/29/2006,566.337
3/30/2006,679.604
3/31/2006,707.921
4/1/2006,736.238
4/2/2006,538.02
4/3/2006,481.386
4/4/2006,481.386
4/5/2006,509.703
4/6/2006,424.753
4/7/2006,424.753
4/8/2006,424.753
4/9/2006,538.02
4/10/2006,538.02
4/11/2006,538.02
4/12/2006,481.386
4/13/2006,424.753
4/14/2006,424.753
4/15/2006,368.119
4/16/2006,339.802
4/17/2006,424.753
4/18/2006,424.753
4/19/2006,622.971
4/20/2006,679.604
4/21/2006,707.921
4/22/2006,622.971
4/23/2006,622.971
4/24/2006,821.189
4/25/2006,991.09
4/26/2006,877.822
4/27/2006,651.287
4/28/2006,651.287
4/29/2006,707.921
4/30/2006,764.555
5/1/2006,707.921
5/2/2006,707.921
5/3/2006,651.287
5/4/2006,424.753
5/5/2006,368.119
5/6/2006,424.753
5/7/2006,424.753
5/8/2006,538.02
5/9/2006,566.337
5/10/2006,538.02
5/11/2006,481.386
5/12/2006,481.386
5/13/2006,509.703
5/14/2006,509.703
5/15/2006,509.703
5/16/2006,509.703
5/17/2006,509.703
5/18/2006,481.386
5/19/2006,453.07
5/20/2006,424.753
5/21/2006,424.753
5/22/2006,792.872
5/23/2006,1076.04
5/24/2006,1076.04
5/25/2006,1076.04
5/26/2006,1132.674
5/27/2006,1189.308
5/28/2006,1217.624
5/29/2006,1189.308
5/30/2006,1076.04
5/31/2006,906.139
6/1/2006,1076.04
6/2/2006,821.189
6/3/2006,1189.308
6/4/2006,792.872
6/5/2006,764.555
6/6/2006,736.238
6/7/2006,651.287
6/8/2006,509.703
6/9/2006,594.654
6/10/2006,1076.04
6/11/2006,1444.159
6/12/2006,1217.624
6/13/2006,849.505
6/14/2006,736.238
6/15/2006,1217.624
6/16/2006,1387.525
6/17/2006,1132.674
6/18/2006,991.09
6/19/2006,1019.406
6/20/2006,991.09
6/21/2006,877.822
6/22/2006,849.505
6/23/2006,849.505
6/24/2006,764.555
6/25/2006,736.238
6/26/2006,736.238
6/27/2006,566.337
6/28/2006,566.337
6/29/2006,594.654
6/30/2006,622.971
7/1/2006,566.337
7/2/2006,481.386
7/3/2006,481.386
7/4/2006,453.07
7/5/2006,396.436
7/6/2006,424.753
7/7/2006,453.07
7/8/2006,453.07
7/9/2006,368.119
7/10/2006,396.436
7/11/2006,396.436
7/12/2006,453.07
7/13/2006,538.02
7/14/2006,538.02
7/15/2006,509.703
7/16/2006,509.703
7/17/2006,509.703
7/18/2006,481.386
7/19/2006,368.119
7/20/2006,368.119
7/21/2006,339.802
7/22/2006,283.168
7/23/2006,254.852
7/24/2006,226.535
7/25/2006,283.168
7/26/2006,283.168
7/27/2006,283.168
7/28/2006,283.168
7/29/2006,283.168
7/30/2006,283.168
7/31/2006,283.168
8/1/2006,283.168
8/2/2006,283.168
8/3/2006,283.168
8/4/2006,283.168
8/5/2006,283.168
8/6/2006,283.168
8/7/2006,283.168
8/8/2006,283.168
8/9/2006,283.168
8/10/2006,283.168
8/11/2006,283.168
8/12/2006,283.168
8/13/2006,283.168
8/14/2006,283.168
8/15/2006,283.168
8/16/2006,283.168
8/17/2006,396.436
8/18/2006,368.119
8/19/2006,311.485
8/20/2006,311.485
8/21/2006,283.168
8/22/2006,283.168
8/23/2006,283.168
8/24/2006,481.386
8/25/2006,481.386
8/26/2006,311.485
8/27/2006,311.485
8/28/2006,283.168
8/29/2006,254.852
8/30/2006,254.852
8/31/2006,254.852
9/1/2006,311.485
9/2/2006,283.168
9/3/2006,254.852
9/4/2006,254.852
9/5/2006,254.852
9/6/2006,254.852
9/7/2006,254.852
9/8/2006,226.535
9/9/2006,226.535
9/10/2006,226.535
9/11/2006,226.535
9/12/2006,339.802
9/13/2006,254.852
9/14/2006,311.485
9/15/2006,396.436
9/16/2006,453.07
9/17/2006,453.07
9/18/2006,254.852
9/19/2006,254.852
9/20/2006,254.852
9/21/2006,254.852
9/22/2006,254.852
9/23/2006,396.436
9/24/2006,396.436
9/25/2006,368.119
9/26/2006,424.753
9/27/2006,396.436
9/28/2006,453.07
9/29/2006,424.753
9/30/2006,368.119
10/1/2006,396.436
10/2/2006,311.485
10/3/2006,311.485
10/4/2006,283.168
10/5/2006,368.119
10/6/2006,368.119
10/7/2006,396.436
10/8/2006,368.119
10/9/2006,368.119
10/10/2006,368.119
10/11/2006,368.119
10/12/2006,339.802
10/13/2006,311.485
10/14/2006,254.852
10/15/2006,283.168
10/16/2006,651.287
10/17/2006,396.436
10/18/2006,339.802
10/19/2006,339.802
10/20/2006,424.753
10/21/2006,424.753
10/22/2006,368.119
10/23/2006,339.802
10/24/2006,339.802
10/25/2006,339.802
10/26/2006,339.802
10/27/2006,368.119
10/28/2006,368.119
10/29/2006,368.119
10/30/2006,368.119
10/31/2006,368.119
11/1/2006,368.119
11/2/2006,339.802
11/3/2006,283.168
11/4/2006,283.168
11/5/2006,283.168
11/6/2006,339.802
11/7/2006,339.802
11/8/2006,339.802
11/9/2006,368.119
11/10/2006,368.119
11/11/2006,368.119
11/12/2006,396.436
11/13/2006,396.436
11/14/2006,396.436
11/15/2006,368.119
11/16/2006,453.07
11/17/2006,453.07
11/18/2006,453.07
11/19/2006,453.07
11/20/2006,453.07
11/21/2006,396.436
11/22/2006,396.436
11/23/2006,424.753
11/24/2006,424.753
11/25/2006,424.753
11/26/2006,424.753
11/27/2006,424.753
11/28/2006,424.753
11/29/2006,339.802
11/30/2006,339.802
12/1/2006,169.901
12/2/2006,141.584
12/3/2006,141.584
12/4/2006,113.267
12/5/2006,56.634
12/6/2006,28.317
12/7/2006,28.317
12/8/2006,141.584
12/9/2006,254.852
12/10/2006,226.535
12/11/2006,283.168
12/12/2006,283.168
12/13/2006,453.07
12/14/2006,453.07
12/15/2006,481.386
12/16/2006,481.386
12/17/2006,481.386
12/18/2006,481.386
12/19/2006,481.386
12/20/2006,481.386
12/21/2006,453.07
12/22/2006,651.287
12/23/2006,368.119
12/24/2006,424.753
12/25/2006,453.07
12/26/2006,396.436
12/27/2006,396.436
12/28/2006,424.753
12/29/2006,424.753
12/30/2006,481.386
12/31/2006,453.07
1/1/2007,453.07
1/2/2007,453.07
1/3/2007,396.436
1/4/2007,424.753
1/5/2007,453.07
1/6/2007,396.436
1/7/2007,368.119
1/8/2007,339.802
1/9/2007,339.802
1/10/2007,424.753
1/11/2007,424.753
1/12/2007,424.753
1/13/2007,424.753
1/14/2007,368.119
1/15/2007,339.802
1/16/2007,339.802
1/17/2007,339.802
1/18/2007,311.485
1/19/2007,311.485
1/20/2007,283.168
1/21/2007,283.168
1/22/2007,283.168
1/23/2007,311.485
1/24/2007,311.485
1/25/2007,424.753
1/26/2007,481.386
1/27/2007,311.485
1/28/2007,453.07
1/29/2007,424.753
1/30/2007,396.436
1/31/2007,453.07
2/1/2007,453.07
2/2/2007,453.07
2/3/2007,424.753
2/4/2007,368.119
2/5/2007,339.802
2/6/2007,368.119
2/7/2007,368.119
2/8/2007,368.119
2/9/2007,368.119
2/10/2007,396.436
2/11/2007,396.436
2/12/2007,481.386
2/13/2007,424.753
2/14/2007,339.802
2/15/2007,396.436
2/16/2007,481.386
2/17/2007,396.436
2/18/2007,453.07
2/19/2007,453.07
2/20/2007,453.07
2/21/2007,424.753
2/22/2007,396.436
2/23/2007,453.07
2/24/2007,509.703
2/25/2007,566.337
2/26/2007,509.703
2/27/2007,481.386
2/28/2007,566.337
3/1/2007,622.971
3/2/2007,566.337
3/3/2007,509.703
3/4/2007,368.119
3/5/2007,396.436
3/6/2007,424.753
3/7/2007,453.07
3/8/2007,424.753
3/9/2007,509.703
3/10/2007,651.287
3/11/2007,821.189
3/12/2007,849.505
3/13/2007,821.189
3/14/2007,679.604
3/15/2007,651.287
3/16/2007,651.287
3/17/2007,651.287
3/18/2007,651.287
3/19/2007,651.287
3/20/2007,566.337
3/21/2007,594.654
3/22/2007,566.337
3/23/2007,651.287
3/24/2007,594.654
3/25/2007,792.872
3/26/2007,877.822
3/27/2007,707.921
3/28/2007,622.971
3/29/2007,566.337
3/30/2007,481.386
3/31/2007,424.753
4/1/2007,368.119
4/2/2007,368.119
4/3/2007,368.119
4/4/2007,396.436
4/5/2007,396.436
4/6/2007,396.436
4/7/2007,424.753
4/8/2007,396.436
4/9/2007,481.386
4/10/2007,481.386
4/11/2007,424.753
4/12/2007,424.753
4/13/2007,424.753
4/14/2007,424.753
4/15/2007,424.753
4/16/2007,339.802
4/17/2007,311.485
4/18/2007,311.485
4/19/2007,311.485
4/20/2007,396.436
4/21/2007,481.386
4/22/2007,538.02
4/23/2007,368.119
4/24/2007,339.802
4/25/2007,339.802
4/26/2007,396.436
4/27/2007,311.485
4/28/2007,339.802
4/29/2007,339.802
4/30/2007,339.802
5/1/2007,339.802
5/2/2007,339.802
5/3/2007,339.802
5/4/2007,339.802
5/5/2007,622.971
5/6/2007,849.505
5/7/2007,877.822
5/8/2007,934.456
5/9/2007,962.773
5/10/2007,962.773
5/11/2007,849.505
5/12/2007,849.505
5/13/2007,849.505
5/14/2007,849.505
5/15/2007,849.505
5/16/2007,736.238
5/17/2007,821.189
5/18/2007,1019.406
5/19/2007,1047.723
5/20/2007,1047.723
5/21/2007,1047.723
5/22/2007,1047.723
5/23/2007,1047.723
5/24/2007,991.09
5/25/2007,962.773
5/26/2007,877.822
5/27/2007,821.189
5/28/2007,1019.406
5/29/2007,1104.357
5/30/2007,1415.842
5/31/2007,877.822
6/1/2007,849.505
6/2/2007,821.189
6/3/2007,849.505
6/4/2007,906.139
6/5/2007,877.822
6/6/2007,962.773
6/7/2007,962.773
6/8/2007,991.09
6/9/2007,1047.723
6/10/2007,1472.476
6/11/2007,1359.209
6/12/2007,1415.842
6/13/2007,1727.328
6/14/2007,1330.892
6/15/2007,1274.258
6/16/2007,1245.941
6/17/2007,1245.941
6/18/2007,1132.674
6/19/2007,1019.406
6/20/2007,1019.406
6/21/2007,1019.406
6/22/2007,1104.357
6/23/2007,1160.991
6/24/2007,1019.406
6/25/2007,1019.406
6/26/2007,849.505
6/27/2007,509.703
6/28/2007,453.07
6/29/2007,481.386
6/30/2007,509.703
7/1/2007,679.604
7/2/2007,707.921
7/3/2007,707.921
7/4/2007,622.971
7/5/2007,453.07
7/6/2007,424.753
7/7/2007,424.753
7/8/2007,424.753
7/9/2007,424.753
7/10/2007,396.436
7/11/2007,368.119
7/12/2007,368.119
7/13/2007,311.485
7/14/2007,254.852
7/15/2007,254.852
7/16/2007,254.852
7/17/2007,254.852
7/18/2007,254.852
7/19/2007,254.852
7/20/2007,254.852
7/21/2007,283.168
7/22/2007,283.168
7/23/2007,311.485
7/24/2007,283.168
7/25/2007,254.852
7/26/2007,226.535
7/27/2007,198.218
7/28/2007,198.218
7/29/2007,198.218
7/30/2007,198.218
7/31/2007,453.07
8/1/2007,226.535
8/2/2007,226.535
8/3/2007,226.535
8/4/2007,254.852
8/5/2007,226.535
8/6/2007,254.852
8/7/2007,226.535
8/8/2007,254.852
8/9/2007,396.436
8/10/2007,368.119
8/11/2007,339.802
8/12/2007,311.485
8/13/2007,311.485
8/14/2007,311.485
8/15/2007,311.485
8/16/2007,311.485
8/17/2007,311.485
8/18/2007,311.485
8/19/2007,254.852
8/20/2007,254.852
8/21/2007,226.535
8/22/2007,226.535
8/23/2007,254.852
8/24/2007,254.852
8/25/2007,226.535
8/26/2007,226.535
8/27/2007,254.852
8/28/2007,226.535
8/29/2007,226.535
8/30/2007,226.535
8/31/2007,226.535
9/1/2007,226.535
9/2/2007,226.535
9/3/2007,226.535
9/4/2007,226.535
9/5/2007,254.852
9/6/2007,283.168
9/7/2007,283.168
9/8/2007,368.119
9/9/2007,396.436
9/10/2007,254.852
9/11/2007,226.535
9/12/2007,254.852
9/13/2007,283.168
9/14/2007,283.168
9/15/2007,339.802
9/16/2007,339.802
9/17/2007,368.119
9/18/2007,368.119
9/19/2007,339.802
9/20/2007,311.485
9/21/2007,311.485
9/22/2007,226.535
9/23/2007,226.535
9/24/2007,226.535
9/25/2007,254.852
9/26/2007,254.852
9/27/2007,226.535
9/28/2007,254.852
9/29/2007,254.852
9/30/2007,254.852
10/1/2007,254.852
10/2/2007,254.852
10/3/2007,254.852
10/4/2007,283.168
10/5/2007,311.485
10/6/2007,311.485
10/7/2007,311.485
10/8/2007,311.485
10/9/2007,311.485
10/10/2007,311.485
10/11/2007,283.168
10/12/2007,339.802
10/13/2007,339.802
10/14/2007,339.802
10/15/2007,339.802
10/16/2007,339.802
10/17/2007,311.485
10/18/2007,311.485
10/19/2007,339.802
10/20/2007,339.802
10/21/2007,311.485
10/22/2007,311.485
10/23/2007,311.485
10/24/2007,283.168
10/25/2007,283.168
10/26/2007,254.852
10/27/2007,226.535
10/28/2007,254.852
10/29/2007,254.852
10/30/2007,254.852
10/31/2007,283.168
11/1/2007,283.168
11/2/2007,283.168
11/3/2007,283.168
11/4/2007,311.485
11/5/2007,339.802
11/6/2007,311.485
11/7/2007,339.802
11/8/2007,283.168
11/9/2007,311.485
11/10/2007,339.802
11/11/2007,339.802
11/12/2007,339.802
11/13/2007,339.802
11/14/2007,339.802
11/15/2007,339.802
11/16/2007,339.802
11/17/2007,283.168
11/18/2007,339.802
11/19/2007,339.802
11/20/2007,368.119
11/21/2007,368.119
11/22/2007,368.119
11/23/2007,396.436
11/24/2007,396.436
11/25/2007,368.119
11/26/2007,198.218
11/27/2007,198.218
11/28/2007,226.535
11/29/2007,198.218
11/30/2007,56.634
12/1/2007,28.317
12/2/2007,56.634
12/3/2007,56.634
12/4/2007,113.267
12/5/2007,169.901
12/6/2007,226.535
12/7/2007,141.584
12/8/2007,198.218
12/9/2007,226.535
12/10/2007,283.168
12/11/2007,283.168
12/12/2007,283.168
12/13/2007,311.485
12/14/2007,311.485
12/15/2007,283.168
12/16/2007,283.168
12/17/2007,283.168
12/18/2007,283.168
12/19/2007,283.168
12/20/2007,311.485
12/21/2007,311.485
12/22/2007,311.485
12/23/2007,311.485
12/24/2007,311.485
12/25/2007,311.485
12/26/2007,311.485
12/27/2007,283.168
12/28/2007,311.485
12/29/2007,311.485
12/30/2007,311.485
12/31/2007,311.485
1/1/2008,311.485
1/2/2008,311.485
1/3/2008,254.852
1/4/2008,226.535
1/5/2008,254.852
1/6/2008,254.852
1/7/2008,254.852
1/8/2008,254.852
1/9/2008,254.852
1/10/2008,254.852
1/11/2008,254.852
1/12/2008,311.485
1/13/2008,339.802
1/14/2008,339.802
1/15/2008,311.485
1/16/2008,311.485
1/17/2008,311.485
1/18/2008,254.852
1/19/2008,254.852
1/20/2008,254.852
1/21/2008,226.535
1/22/2008,226.535
1/23/2008,226.535
1/24/2008,226.535
1/25/2008,113.267
1/26/2008,141.584
1/27/2008,226.535
1/28/2008,226.535
1/29/2008,226.535
1/30/2008,198.218
1/31/2008,198.218
2/1/2008,198.218
2/2/2008,226.535
2/3/2008,283.168
2/4/2008,283.168
2/5/2008,283.168
2/6/2008,283.168
2/7/2008,283.168
2/8/2008,283.168
2/9/2008,283.168
2/10/2008,254.852
2/11/2008,198.218
2/12/2008,283.168
2/13/2008,424.753
2/14/2008,226.535
2/15/2008,283.168
2/16/2008,396.436
2/17/2008,283.168
2/18/2008,254.852
2/19/2008,254.852
2/20/2008,254.852
2/21/2008,283.168
2/22/2008,283.168
2/23/2008,311.485
2/24/2008,368.119
2/25/2008,283.168
2/26/2008,254.852
2/27/2008,226.535
2/28/2008,283.168
2/29/2008,283.168
3/1/2008,283.168
3/2/2008,311.485
3/3/2008,311.485
3/4/2008,339.802
3/5/2008,368.119
3/6/2008,311.485
3/7/2008,311.485
3/8/2008,283.168
3/9/2008,311.485
3/10/2008,311.485
3/11/2008,339.802
3/12/2008,311.485
3/13/2008,396.436
3/14/2008,339.802
3/15/2008,339.802
3/16/2008,368.119
3/17/2008,368.119
3/18/2008,339.802
3/19/2008,339.802
3/20/2008,396.436
3/21/2008,424.753
3/22/2008,424.753
3/23/2008,396.436
3/24/2008,396.436
3/25/2008,396.436
3/26/2008,396.436
3/27/2008,396.436
3/28/2008,396.436
3/29/2008,453.07
3/30/2008,453.07
3/31/2008,453.07
4/1/2008,396.436
4/2/2008,481.386
4/3/2008,481.386
4/4/2008,509.703
4/5/2008,622.971
4/6/2008,424.753
4/7/2008,396.436
4/8/2008,396.436
4/9/2008,396.436
4/10/2008,396.436
4/11/2008,396.436
4/12/2008,311.485
4/13/2008,311.485
4/14/2008,283.168
4/15/2008,368.119
4/16/2008,311.485
4/17/2008,283.168
4/18/2008,283.168
4/19/2008,368.119
4/20/2008,368.119
4/21/2008,368.119
4/22/2008,339.802
4/23/2008,311.485
4/24/2008,339.802
4/25/2008,311.485
4/26/2008,254.852
4/27/2008,226.535
4/28/2008,226.535
4/29/2008,254.852
4/30/2008,198.218
5/1/2008,453.07
5/2/2008,481.386
5/3/2008,339.802
5/4/2008,254.852
5/5/2008,311.485
5/6/2008,424.753
5/7/2008,424.753
5/8/2008,424.753
5/9/2008,566.337
5/10/2008,594.654
5/11/2008,481.386
5/12/2008,736.238
5/13/2008,538.02
5/14/2008,651.287
5/15/2008,707.921
5/16/2008,679.604
5/17/2008,566.337
5/18/2008,339.802
5/19/2008,339.802
5/20/2008,311.485
5/21/2008,254.852
5/22/2008,283.168
5/23/2008,707.921
5/24/2008,1132.674
5/25/2008,1415.842
5/26/2008,764.555
5/27/2008,1189.308
5/28/2008,1245.941
5/29/2008,1727.328
5/30/2008,1387.525
5/31/2008,1274.258
6/1/2008,1160.991
6/2/2008,1160.991
6/3/2008,1472.476
6/4/2008,1415.842
6/5/2008,1359.209
6/6/2008,1245.941
6/7/2008,1245.941
6/8/2008,1444.159
6/9/2008,1585.743
6/10/2008,1500.793
6/11/2008,2321.981
6/12/2008,2038.813
6/13/2008,1472.476
6/14/2008,1387.525
6/15/2008,1160.991
6/16/2008,1302.575
6/17/2008,1104.357
6/18/2008,1274.258
6/19/2008,1132.674
6/20/2008,1330.892
6/21/2008,1245.941
6/22/2008,1104.357
6/23/2008,1415.842
6/24/2008,1670.694
6/25/2008,1642.377
6/26/2008,1727.328
6/27/2008,2095.447
6/28/2008,1472.476
6/29/2008,1472.476
6/30/2008,1614.06
7/1/2008,2123.763
7/2/2008,1444.159
7/3/2008,1472.476
7/4/2008,1387.525
7/5/2008,1642.377
7/6/2008,1557.427
7/7/2008,1699.011
7/8/2008,1444.159
7/9/2008,1415.842
7/10/2008,1472.476
7/11/2008,1472.476
7/12/2008,1415.842
7/13/2008,1217.624
7/14/2008,1132.674
7/15/2008,1047.723
7/16/2008,1019.406
7/17/2008,962.773
7/18/2008,962.773
7/19/2008,962.773
7/20/2008,849.505
7/21/2008,792.872
7/22/2008,792.872
7/23/2008,764.555
7/24/2008,764.555
7/25/2008,764.555
7/26/2008,736.238
7/27/2008,651.287
7/28/2008,651.287
7/29/2008,707.921
7/30/2008,679.604
7/31/2008,707.921
8/1/2008,707.921
8/2/2008,622.971
8/3/2008,707.921
8/4/2008,679.604
8/5/2008,651.287
8/6/2008,594.654
8/7/2008,453.07
8/8/2008,453.07
8/9/2008,453.07
8/10/2008,453.07
8/11/2008,509.703
8/12/2008,509.703
8/13/2008,509.703
8/14/2008,481.386
8/15/2008,453.07
8/16/2008,396.436
8/17/2008,368.119
8/18/2008,368.119
8/19/2008,368.119
8/20/2008,368.119
8/21/2008,424.753
8/22/2008,424.753
8/23/2008,368.119
8/24/2008,311.485
8/25/2008,311.485
8/26/2008,339.802
8/27/2008,339.802
8/28/2008,339.802
8/29/2008,339.802
8/30/2008,339.802
8/31/2008,368.119
9/1/2008,424.753
9/2/2008,424.753
9/3/2008,481.386
9/4/2008,481.386
9/5/2008,481.386
9/6/2008,481.386
9/7/2008,424.753
9/8/2008,311.485
9/9/2008,339.802
9/10/2008,424.753
9/11/2008,424.753
9/12/2008,453.07
9/13/2008,481.386
9/14/2008,481.386
9/15/2008,453.07
9/16/2008,509.703
9/17/2008,509.703
9/18/2008,538.02
9/19/2008,509.703
9/20/2008,396.436
9/21/2008,453.07
9/22/2008,453.07
9/23/2008,453.07
9/24/2008,453.07
9/25/2008,396.436
9/26/2008,396.436
9/27/2008,368.119
9/28/2008,396.436
9/29/2008,396.436
9/30/2008,396.436
10/1/2008,424.753
10/2/2008,311.485
10/3/2008,283.168
10/4/2008,283.168
10/5/2008,396.436
10/6/2008,368.119
10/7/2008,396.436
10/8/2008,424.753
10/9/2008,509.703
10/10/2008,368.119
10/11/2008,368.119
10/12/2008,453.07
10/13/2008,453.07
10/14/2008,424.753
10/15/2008,368.119
10/16/2008,368.119
10/17/2008,368.119
10/18/2008,368.119
10/19/2008,368.119
10/20/2008,396.436
10/21/2008,481.386
10/22/2008,622.971
10/23/2008,651.287
10/24/2008,538.02
10/25/2008,481.386
10/26/2008,481.386
10/27/2008,368.119
10/28/2008,368.119
10/29/2008,368.119
10/30/2008,339.802
10/31/2008,339.802
11/1/2008,368.119
11/2/2008,339.802
11/3/2008,368.119
11/4/2008,368.119
11/5/2008,368.119
11/6/2008,368.119
11/7/2008,368.119
11/8/2008,396.436
11/9/2008,339.802
11/10/2008,339.802
11/11/2008,453.07
11/12/2008,424.753
11/13/2008,424.753
11/14/2008,339.802
11/15/2008,396.436
11/16/2008,453.07
11/17/2008,339.802
11/18/2008,396.436
11/19/2008,339.802
11/20/2008,339.802
11/21/2008,368.119
11/22/2008,368.119
11/23/2008,368.119
11/24/2008,339.802
11/25/2008,368.119
11/26/2008,396.436
11/27/2008,368.119
11/28/2008,368.119
11/29/2008,396.436
11/30/2008,339.802
12/1/2008,396.436
12/2/2008,396.436
12/3/2008,368.119
12/4/2008,339.802
12/5/2008,169.901
12/6/2008,141.584
12/7/2008,113.267
12/8/2008,113.267
12/9/2008,141.584
12/10/2008,169.901
12/11/2008,198.218
12/12/2008,198.218
12/13/2008,198.218
12/14/2008,283.168
12/15/2008,481.386
12/16/2008,481.386
12/17/2008,424.753
12/18/2008,339.802
12/19/2008,254.852
12/20/2008,198.218
12/21/2008,84.951
12/22/2008,113.267
12/23/2008,141.584
12/24/2008,254.852
12/25/2008,283.168
12/26/2008,283.168
12/27/2008,283.168
12/28/2008,283.168
12/29/2008,396.436
12/30/2008,368.119
12/31/2008,339.802
1/1/2009,339.802
1/2/2009,368.119
1/3/2009,368.119
1/4/2009,368.119
1/5/2009,368.119
1/6/2009,339.802
1/7/2009,339.802
1/8/2009,424.753
1/9/2009,453.07
1/10/2009,453.07
1/11/2009,453.07
1/12/2009,453.07
1/13/2009,424.753
1/14/2009,339.802
1/15/2009,339.802
1/16/2009,396.436
1/17/2009,339.802
1/18/2009,339.802
1/19/2009,339.802
1/20/2009,339.802
1/21/2009,339.802
1/22/2009,368.119
1/23/2009,368.119
1/24/2009,368.119
1/25/2009,368.119
1/26/2009,424.753
1/27/2009,424.753
1/28/2009,424.753
1/29/2009,339.802
1/30/2009,339.802
1/31/2009,339.802
2/1/2009,311.485
2/2/2009,311.485
2/3/2009,254.852
2/4/2009,169.901
2/5/2009,198.218
2/6/2009,283.168
2/7/2009,226.535
2/8/2009,311.485
2/9/2009,622.971
2/10/2009,453.07
2/11/2009,566.337
2/12/2009,566.337
2/13/2009,453.07
2/14/2009,396.436
2/15/2009,509.703
2/16/2009,311.485
2/17/2009,424.753
2/18/2009,368.119
2/19/2009,368.119
2/20/2009,368.119
2/21/2009,368.119
2/22/2009,339.802
2/23/2009,368.119
2/24/2009,424.753
2/25/2009,396.436
2/26/2009,339.802
2/27/2009,339.802
2/28/2009,283.168
3/1/2009,311.485
3/2/2009,283.168
3/3/2009,311.485
3/4/2009,396.436
3/5/2009,424.753
3/6/2009,311.485
3/7/2009,254.852
3/8/2009,453.07
3/9/2009,566.337
3/10/2009,566.337
3/11/2009,396.436
3/12/2009,509.703
3/13/2009,453.07
3/14/2009,396.436
3/15/2009,368.119
3/16/2009,424.753
3/17/2009,424.753
3/18/2009,509.703
3/19/2009,1019.406
3/20/2009,1047.723
3/21/2009,1076.04
3/22/2009,1614.06
3/23/2009,2010.496
3/24/2009,1189.308
3/25/2009,792.872
3/26/2009,736.238
3/27/2009,453.07
3/28/2009,679.604
3/29/2009,566.337
3/30/2009,622.971
3/31/2009,566.337
4/1/2009,481.386
4/2/2009,481.386
4/3/2009,707.921
4/4/2009,594.654
4/5/2009,566.337
4/6/2009,538.02
4/7/2009,509.703
4/8/2009,792.872
4/9/2009,906.139
4/10/2009,877.822
4/11/2009,877.822
4/12/2009,906.139
4/13/2009,849.505
4/14/2009,764.555
4/15/2009,821.189
4/16/2009,906.139
4/17/2009,877.822
4/18/2009,849.505
4/19/2009,821.189
4/20/2009,906.139
4/21/2009,906.139
4/22/2009,962.773
4/23/2009,934.456
4/24/2009,991.09
4/25/2009,594.654
4/26/2009,736.238
4/27/2009,453.07
4/28/2009,368.119
4/29/2009,991.09
4/30/2009,1132.674
5/1/2009,906.139
5/2/2009,509.703
5/3/2009,339.802
5/4/2009,651.287
5/5/2009,594.654
5/6/2009,509.703
5/7/2009,594.654
5/8/2009,622.971
5/9/2009,594.654
5/10/2009,792.872
5/11/2009,538.02
5/12/2009,566.337
5/13/2009,594.654
5/14/2009,594.654
5/15/2009,934.456
5/16/2009,566.337
5/17/2009,509.703
5/18/2009,566.337
5/19/2009,622.971
5/20/2009,651.287
5/21/2009,651.287
5/22/2009,736.238
5/23/2009,651.287
5/24/2009,877.822
5/25/2009,1840.595
5/26/2009,1076.04
5/27/2009,1245.941
5/28/2009,1104.357
5/29/2009,1217.624
5/30/2009,1302.575
5/31/2009,1359.209
6/1/2009,1302.575
6/2/2009,1076.04
6/3/2009,1160.991
6/4/2009,1585.743
6/5/2009,991.09
6/6/2009,1132.674
6/7/2009,1699.011
6/8/2009,1557.427
6/9/2009,1274.258
6/10/2009,1274.258
6/11/2009,1274.258
6/12/2009,1245.941
6/13/2009,1189.308
6/14/2009,1076.04
6/15/2009,1076.04
6/16/2009,1330.892
6/17/2009,1132.674
6/18/2009,1132.674
6/19/2009,1160.991
6/20/2009,991.09
6/21/2009,1104.357
6/22/2009,1557.427
6/23/2009,1642.377
6/24/2009,1472.476
6/25/2009,1274.258
6/26/2009,1727.328
6/27/2009,1699.011
6/28/2009,1302.575
6/29/2009,1104.357
6/30/2009,1302.575
7/1/2009,1614.06
7/2/2009,1557.427
7/3/2009,1415.842
7/4/2009,1387.525
7/5/2009,1245.941
7/6/2009,1132.674
7/7/2009,1160.991
7/8/2009,1217.624
7/9/2009,2152.08
7/10/2009,1160.991
7/11/2009,1444.159
7/12/2009,962.773
7/13/2009,962.773
7/14/2009,1642.377
7/15/2009,1076.04
7/16/2009,821.189
7/17/2009,792.872
7/18/2009,707.921
7/19/2009,1019.406
7/20/2009,962.773
7/21/2009,651.287
7/22/2009,651.287
7/23/2009,651.287
7/24/2009,594.654
7/25/2009,566.337
7/26/2009,651.287
7/27/2009,622.971
7/28/2009,594.654
7/29/2009,453.07
7/30/2009,424.753
7/31/2009,424.753
8/1/2009,509.703
8/2/2009,566.337
8/3/2009,566.337
8/4/2009,509.703
8/5/2009,509.703
8/6/2009,509.703
8/7/2009,509.703
8/8/2009,538.02
8/9/2009,622.971
8/10/2009,679.604
8/11/2009,679.604
8/12/2009,679.604
8/13/2009,622.971
8/14/2009,594.654
8/15/2009,566.337
8/16/2009,764.555
8/17/2009,509.703
8/18/2009,538.02
8/19/2009,538.02
8/20/2009,538.02
8/21/2009,509.703
8/22/2009,481.386
8/23/2009,368.119
8/24/2009,368.119
8/25/2009,453.07
8/26/2009,509.703
8/27/2009,509.703
8/28/2009,594.654
8/29/2009,283.168
8/30/2009,254.852
8/31/2009,339.802
9/1/2009,481.386
9/2/2009,424.753
9/3/2009,396.436
9/4/2009,396.436
9/5/2009,396.436
9/6/2009,368.119
9/7/2009,509.703
9/8/2009,424.753
9/9/2009,509.703
9/10/2009,509.703
9/11/2009,566.337
9/12/2009,622.971
9/13/2009,396.436
9/14/2009,481.386
9/15/2009,453.07
9/16/2009,424.753
9/17/2009,424.753
9/18/2009,424.753
9/19/2009,339.802
9/20/2009,424.753
9/21/2009,424.753
9/22/2009,368.119
9/23/2009,339.802
9/24/2009,311.485
9/25/2009,311.485
9/26/2009,339.802
9/27/2009,339.802
9/28/2009,283.168
9/29/2009,254.852
9/30/2009,311.485
10/1/2009,311.485
10/2/2009,311.485
10/3/2009,424.753
10/4/2009,339.802
10/5/2009,339.802
10/6/2009,368.119
10/7/2009,424.753
10/8/2009,368.119
10/9/2009,368.119
10/10/2009,368.119
10/11/2009,368.119
10/12/2009,368.119
10/13/2009,368.119
10/14/2009,368.119
10/15/2009,368.119
10/16/2009,339.802
10/17/2009,368.119
10/18/2009,453.07
10/19/2009,566.337
10/20/2009,538.02
10/21/2009,509.703
10/22/2009,538.02
10/23/2009,509.703
10/24/2009,509.703
10/25/2009,424.753
10/26/2009,424.753
10/27/2009,453.07
10/28/2009,424.753
10/29/2009,396.436
10/30/2009,424.753
10/31/2009,396.436
11/1/2009,424.753
11/2/2009,424.753
11/3/2009,424.753
11/4/2009,424.753
11/5/2009,396.436
11/6/2009,424.753
11/7/2009,396.436
11/8/2009,396.436
11/9/2009,396.436
11/10/2009,396.436
11/11/2009,396.436
11/12/2009,396.436
11/13/2009,396.436
11/14/2009,396.436
11/15/2009,396.436
11/16/2009,396.436
11/17/2009,396.436
11/18/2009,424.753
11/19/2009,424.753
11/20/2009,424.753
11/21/2009,424.753
11/22/2009,453.07
11/23/2009,509.703
11/24/2009,481.386
11/25/2009,424.753
11/26/2009,453.07
11/27/2009,453.07
11/28/2009,453.07
11/29/2009,453.07
11/30/2009,424.753
12/1/2009,368.119
12/2/2009,339.802
12/3/2009,283.168
12/4/2009,254.852
12/5/2009,226.535
12/6/2009,226.535
12/7/2009,169.901
12/8/2009,141.584
12/9/2009,113.267
12/10/2009,84.951
12/11/2009,28.317
12/12/2009,28.317
12/13/2009,28.317
12/14/2009,28.317
12/15/2009,28.317
12/16/2009,141.584
12/17/2009,141.584
12/18/2009,169.901
12/19/2009,311.485
12/20/2009,198.218
12/21/2009,226.535
12/22/2009,226.535
12/23/2009,566.337
12/24/2009,481.386
12/25/2009,481.386
12/26/2009,424.753
12/27/2009,368.119
12/28/2009,339.802
12/29/2009,368.119
12/30/2009,339.802
12/31/2009,339.802
1/1/2010,283.168
1/2/2010,283.168
1/3/2010,283.168
1/4/2010,283.168
1/5/2010,311.485
1/6/2010,311.485
1/7/2010,311.485
1/8/2010,254.852
1/9/2010,368.119
1/10/2010,339.802
1/11/2010,226.535
1/12/2010,283.168
1/13/2010,368.119
1/14/2010,311.485
1/15/2010,254.852
1/16/2010,283.168
1/17/2010,226.535
1/18/2010,226.535
1/19/2010,226.535
1/20/2010,283.168
1/21/2010,368.119
1/22/2010,453.07
1/23/2010,396.436
1/24/2010,368.119
1/25/2010,311.485
1/26/2010,311.485
1/27/2010,311.485
1/28/2010,339.802
1/29/2010,396.436
1/30/2010,339.802
1/31/2010,368.119
2/1/2010,339.802
2/2/2010,283.168
2/3/2010,283.168
2/4/2010,283.168
2/5/2010,283.168
2/6/2010,311.485
2/7/2010,396.436
2/8/2010,283.168
2/9/2010,283.168
2/10/2010,311.485
2/11/2010,311.485
2/12/2010,339.802
2/13/2010,368.119
2/14/2010,311.485
2/15/2010,254.852
2/16/2010,254.852
2/17/2010,283.168
2/18/2010,254.852
2/19/2010,283.168
2/20/2010,283.168
2/21/2010,254.852
2/22/2010,283.168
2/23/2010,226.535
2/24/2010,226.535
2/25/2010,339.802
2/26/2010,368.119
2/27/2010,339.802
2/28/2010,339.802
3/1/2010,283.168
3/2/2010,339.802
3/3/2010,283.168
3/4/2010,283.168
3/5/2010,283.168
3/6/2010,283.168
3/7/2010,311.485
3/8/2010,396.436
3/9/2010,481.386
3/10/2010,594.654
3/11/2010,424.753
3/12/2010,113.267
3/13/2010,481.386
3/14/2010,453.07
3/15/2010,368.119
3/16/2010,339.802
3/17/2010,368.119
3/18/2010,424.753
3/19/2010,424.753
3/20/2010,396.436
3/21/2010,566.337
3/22/2010,849.505
3/23/2010,509.703
3/24/2010,792.872
3/25/2010,707.921
3/26/2010,1019.406
3/27/2010,538.02
3/28/2010,538.02
3/29/2010,877.822
3/30/2010,877.822
3/31/2010,679.604
4/1/2010,792.872
4/2/2010,481.386
4/3/2010,481.386
4/4/2010,509.703
4/5/2010,453.07
4/6/2010,481.386
4/7/2010,481.386
4/8/2010,424.753
4/9/2010,368.119
4/10/2010,339.802
4/11/2010,424.753
4/12/2010,424.753
4/13/2010,396.436
4/14/2010,339.802
4/15/2010,283.168
4/16/2010,283.168
4/17/2010,283.168
4/18/2010,339.802
4/19/2010,339.802
4/20/2010,368.119
4/21/2010,311.485
4/22/2010,283.168
4/23/2010,311.485
4/24/2010,311.485
4/25/2010,368.119
4/26/2010,396.436
4/27/2010,368.119
4/28/2010,368.119
4/29/2010,424.753
4/30/2010,453.07
5/1/2010,991.09
5/2/2010,509.703
5/3/2010,368.119
5/4/2010,396.436
5/5/2010,453.07
5/6/2010,509.703
5/7/2010,453.07
5/8/2010,453.07
5/9/2010,453.07
5/10/2010,453.07
5/11/2010,509.703
5/12/2010,481.386
5/13/2010,509.703
5/14/2010,396.436
5/15/2010,424.753
5/16/2010,481.386
5/17/2010,566.337
5/18/2010,594.654
5/19/2010,594.654
5/20/2010,651.287
5/21/2010,707.921
5/22/2010,849.505
5/23/2010,877.822
5/24/2010,792.872
5/25/2010,1047.723
5/26/2010,934.456
5/27/2010,1897.229
5/28/2010,1585.743
5/29/2010,1274.258
5/30/2010,1189.308
5/31/2010,1274.258
6/1/2010,1132.674
6/2/2010,1019.406
6/3/2010,1444.159
6/4/2010,1359.209
6/5/2010,1415.842
6/6/2010,1387.525
6/7/2010,1104.357
6/8/2010,1076.04
6/9/2010,962.773
6/10/2010,1557.427
6/11/2010,2406.932
6/12/2010,1500.793
6/13/2010,1755.644
6/14/2010,1585.743
6/15/2010,1585.743
6/16/2010,1500.793
6/17/2010,1925.546
6/18/2010,1359.209
6/19/2010,1783.961
6/20/2010,1585.743
6/21/2010,1472.476
6/22/2010,1840.595
6/23/2010,1699.011
6/24/2010,1472.476
6/25/2010,1614.06
6/26/2010,1868.912
6/27/2010,1755.644
6/28/2010,1472.476
6/29/2010,1585.743
6/30/2010,1670.694
7/1/2010,1444.159
7/2/2010,1670.694
7/3/2010,1557.427
7/4/2010,1245.941
7/5/2010,1274.258
7/6/2010,1529.11
7/7/2010,1359.209
7/8/2010,1472.476
7/9/2010,1330.892
7/10/2010,1302.575
7/11/2010,906.139
7/12/2010,1076.04
7/13/2010,1189.308
7/14/2010,1019.406
7/15/2010,877.822
7/16/2010,792.872
7/17/2010,707.921
7/18/2010,622.971
7/19/2010,679.604
7/20/2010,566.337
7/21/2010,566.337
7/22/2010,594.654
7/23/2010,991.09
7/24/2010,622.971
7/25/2010,651.287
7/26/2010,792.872
7/27/2010,764.555
7/28/2010,453.07
7/29/2010,453.07
7/30/2010,792.872
7/31/2010,622.971
8/1/2010,622.971
8/2/2010,594.654
8/3/2010,538.02
8/4/2010,538.02
8/5/2010,396.436
8/6/2010,481.386
8/7/2010,538.02
8/8/2010,538.02
8/9/2010,481.386
8/10/2010,566.337
8/11/2010,481.386
8/12/2010,481.386
8/13/2010,509.703
8/14/2010,538.02
8/15/2010,509.703
8/16/2010,283.168
8/17/2010,198.218
8/18/2010,141.584
8/19/2010,538.02
8/20/2010,509.703
8/21/2010,339.802
8/22/2010,368.119
8/23/2010,368.119
8/24/2010,368.119
8/25/2010,311.485
8/26/2010,311.485
8/27/2010,311.485
8/28/2010,283.168
8/29/2010,453.07
8/30/2010,509.703
8/31/2010,481.386
9/1/2010,481.386
9/2/2010,509.703
9/3/2010,368.119
9/4/2010,283.168
9/5/2010,339.802
9/6/2010,481.386
9/7/2010,622.971
9/8/2010,509.703
9/9/2010,622.971
9/10/2010,679.604
9/11/2010,679.604
9/12/2010,396.436
9/13/2010,368.119
9/14/2010,424.753
9/15/2010,566.337
9/16/2010,538.02
9/17/2010,509.703
9/18/2010,481.386
9/19/2010,481.386
9/20/2010,849.505
9/21/2010,538.02
9/22/2010,481.386
9/23/2010,622.971
9/24/2010,594.654
9/25/2010,509.703
9/26/2010,481.386
9/27/2010,396.436
9/28/2010,538.02
9/29/2010,396.436
9/30/2010,368.119
10/1/2010,368.119
10/2/2010,368.119
10/3/2010,311.485
10/4/2010,396.436
10/5/2010,651.287
10/6/2010,509.703
10/7/2010,396.436
10/8/2010,453.07
10/9/2010,424.753
10/10/2010,396.436
10/11/2010,396.436
10/12/2010,396.436
10/13/2010,396.436
10/14/2010,368.119
10/15/2010,424.753
10/16/2010,368.119
10/17/2010,368.119
10/18/2010,453.07
10/19/2010,453.07
10/20/2010,594.654
10/21/2010,594.654
10/22/2010,453.07
10/23/2010,509.703
10/24/2010,453.07
10/25/2010,1019.406
10/26/2010,622.971
10/27/2010,509.703
10/28/2010,368.119
10/29/2010,368.119
10/30/2010,311.485
10/31/2010,396.436
11/1/2010,481.386
11/2/2010,453.07
11/3/2010,453.07
11/4/2010,396.436
11/5/2010,424.753
11/6/2010,396.436
11/7/2010,453.07
11/8/2010,538.02
11/9/2010,481.386
11/10/2010,424.753
11/11/2010,424.753
11/12/2010,481.386
11/13/2010,509.703
11/14/2010,481.386
11/15/2010,481.386
11/16/2010,509.703
11/17/2010,481.386
11/18/2010,339.802
11/19/2010,311.485
11/20/2010,311.485
11/21/2010,311.485
11/22/2010,254.852
11/23/2010,254.852
11/24/2010,254.852
11/25/2010,254.852
11/26/2010,198.218
11/27/2010,141.584
11/28/2010,141.584
11/29/2010,141.584
11/30/2010,141.584
12/1/2010,254.852
12/2/2010,254.852
12/3/2010,509.703
12/4/2010,368.119
12/5/2010,453.07
12/6/2010,453.07
12/7/2010,453.07
12/8/2010,453.07
12/9/2010,424.753
12/10/2010,538.02
12/11/2010,424.753
12/12/2010,481.386
12/13/2010,339.802
12/14/2010,453.07
12/15/2010,453.07
12/16/2010,481.386
12/17/2010,453.07
12/18/2010,481.386
12/19/2010,254.852
12/20/2010,566.337
12/21/2010,481.386
12/22/2010,424.753
12/23/2010,424.753
12/24/2010,396.436
12/25/2010,311.485
12/26/2010,283.168
12/27/2010,368.119
12/28/2010,368.119
12/29/2010,509.703
12/30/2010,566.337
12/31/2010,538.02
1/1/2011,424.753
1/2/2011,481.386
1/3/2011,368.119
1/4/2011,424.753
1/5/2011,453.07
1/6/2011,424.753
1/7/2011,254.852
1/8/2011,254.852
1/9/2011,254.852
1/10/2011,254.852
1/11/2011,254.852
1/12/2011,339.802
1/13/2011,453.07
1/14/2011,594.654
1/15/2011,424.753
1/16/2011,538.02
1/17/2011,424.753
1/18/2011,424.753
1/19/2011,311.485
1/20/2011,311.485
1/21/2011,396.436
1/22/2011,254.852
1/23/2011,566.337
1/24/2011,679.604
1/25/2011,481.386
1/26/2011,396.436
1/27/2011,368.119
1/28/2011,509.703
1/29/2011,566.337
1/30/2011,566.337
1/31/2011,566.337
2/1/2011,339.802
2/2/2011,481.386
2/3/2011,481.386
2/4/2011,481.386
2/5/2011,566.337
2/6/2011,453.07
2/7/2011,396.436
2/8/2011,453.07
2/9/2011,339.802
2/10/2011,283.168
2/11/2011,339.802
2/12/2011,481.386
2/13/2011,424.753
2/14/2011,622.971
2/15/2011,538.02
2/16/2011,622.971
2/17/2011,736.238
2/18/2011,566.337
2/19/2011,453.07
2/20/2011,594.654
2/21/2011,509.703
2/22/2011,821.189
2/23/2011,934.456
2/24/2011,481.386
2/25/2011,481.386
2/26/2011,424.753
2/27/2011,311.485
2/28/2011,679.604
3/1/2011,566.337
3/2/2011,396.436
3/3/2011,679.604
3/4/2011,311.485
3/5/2011,368.119
3/6/2011,651.287
3/7/2011,339.802
3/8/2011,622.971
3/9/2011,339.802
3/10/2011,509.703
3/11/2011,651.287
3/12/2011,509.703
3/13/2011,283.168
3/14/2011,566.337
3/15/2011,594.654
3/16/2011,877.822
3/17/2011,906.139
3/18/2011,877.822
3/19/2011,1132.674
3/20/2011,1160.991
3/21/2011,1472.476
3/22/2011,2605.15
3/23/2011,1614.06
3/24/2011,1727.328
3/25/2011,1727.328
3/26/2011,1500.793
3/27/2011,1529.11
3/28/2011,1274.258
3/29/2011,736.238
3/30/2011,991.09
3/31/2011,991.09
4/1/2011,934.456
4/2/2011,934.456
4/3/2011,1160.991
4/4/2011,1274.258
4/5/2011,1727.328
4/6/2011,1359.209
4/7/2011,1925.546
4/8/2011,2208.714
4/9/2011,1953.862
4/10/2011,1897.229
4/11/2011,1897.229
4/12/2011,1982.179
4/13/2011,1614.06
4/14/2011,1868.912
4/15/2011,1387.525
4/16/2011,1557.427
4/17/2011,1500.793
4/18/2011,1472.476
4/19/2011,1302.575
4/20/2011,1245.941
4/21/2011,1387.525
4/22/2011,1585.743
4/23/2011,1415.842
4/24/2011,1387.525
4/25/2011,1472.476
4/26/2011,1585.743
4/27/2011,1557.427
4/28/2011,1302.575
4/29/2011,1330.892
4/30/2011,1387.525
5/1/2011,1387.525
5/2/2011,1245.941
5/3/2011,1302.575
5/4/2011,1472.476
5/5/2011,1500.793
5/6/2011,1500.793
5/7/2011,1387.525
5/8/2011,1274.258
5/9/2011,1302.575
5/10/2011,2180.397
5/11/2011,1670.694
5/12/2011,2520.199
5/13/2011,2605.15
5/14/2011,2237.031
5/15/2011,1953.862
5/16/2011,1783.961
5/17/2011,1727.328
5/18/2011,1868.912
5/19/2011,1783.961
5/20/2011,1925.546
5/21/2011,2718.417
5/22/2011,2916.635
5/23/2011,3199.804
5/24/2011,3398.022
5/25/2011,4190.893
5/26/2011,4757.23
5/27/2011,4672.28
5/28/2011,4587.329
5/29/2011,4219.21
5/30/2011,4247.527
5/31/2011,3879.408
6/1/2011,3709.507
6/2/2011,3482.972
6/3/2011,3341.388
6/4/2011,3001.586
6/5/2011,2831.685
6/6/2011,2746.734
6/7/2011,2944.952
6/8/2011,3256.437
6/9/2011,3511.289
6/10/2011,3539.606
6/11/2011,3652.873
6/12/2011,4020.992
6/13/2011,5380.201
6/14/2011,5097.032
6/15/2011,4643.963
6/16/2011,4360.794
6/17/2011,4474.062
6/18/2011,4785.547
6/19/2011,4813.864
6/20/2011,5295.25
6/21/2011,5323.567
6/22/2011,4728.913
6/23/2011,4360.794
6/24/2011,4332.478
6/25/2011,4049.309
6/26/2011,4020.992
6/27/2011,4077.626
6/28/2011,4190.893
6/29/2011,4360.794
6/30/2011,4502.379
7/1/2011,4247.527
7/2/2011,4049.309
7/3/2011,3766.141
7/4/2011,3822.774
7/5/2011,3851.091
7/6/2011,3992.675
7/7/2011,4077.626
7/8/2011,4077.626
7/9/2011,3822.774
7/10/2011,3822.774
7/11/2011,3567.923
7/12/2011,3454.655
7/13/2011,3426.338
7/14/2011,3341.388
7/15/2011,3199.804
7/16/2011,3199.804
7/17/2011,3171.487
7/18/2011,3114.853
7/19/2011,2944.952
7/20/2011,2746.734
7/21/2011,2718.417
7/22/2011,2661.784
7/23/2011,2690.1
7/24/2011,2746.734
7/25/2011,2633.467
7/26/2011,2491.883
7/27/2011,2208.714
7/28/2011,2123.763
7/29/2011,2067.13
7/30/2011,2038.813
7/31/2011,1953.862
8/1/2011,2010.496
8/2/2011,2038.813
8/3/2011,1897.229
8/4/2011,1897.229
8/5/2011,1840.595
8/6/2011,1812.278
8/7/2011,1812.278
8/8/2011,1812.278
8/9/2011,1699.011
8/10/2011,1500.793
8/11/2011,1472.476
8/12/2011,1529.11
8/13/2011,1472.476
8/14/2011,1444.159
8/15/2011,1500.793
8/16/2011,1444.159
8/17/2011,1472.476
8/18/2011,1415.842
8/19/2011,1359.209
8/20/2011,1245.941
8/21/2011,1217.624
8/22/2011,1217.624
8/23/2011,1274.258
8/24/2011,1217.624
8/25/2011,1189.308
8/26/2011,1104.357
8/27/2011,1104.357
8/28/2011,1104.357
8/29/2011,1104.357
8/30/2011,1104.357
8/31/2011,1274.258
9/1/2011,1217.624
9/2/2011,1132.674
9/3/2011,1132.674
9/4/2011,1132.674
9/5/2011,1132.674
9/6/2011,1104.357
9/7/2011,1047.723
9/8/2011,1047.723
9/9/2011,1104.357
9/10/2011,1076.04
9/11/2011,1076.04
9/12/2011,1019.406
9/13/2011,1019.406
9/14/2011,1019.406
9/15/2011,991.09
9/16/2011,991.09
9/17/2011,1019.406
9/18/2011,1019.406
9/19/2011,1047.723
9/20/2011,1132.674
9/21/2011,1076.04
9/22/2011,1019.406
9/23/2011,1019.406
9/24/2011,1019.406
9/25/2011,1019.406
9/26/2011,1047.723
9/27/2011,1076.04
9/28/2011,1047.723
9/29/2011,991.09
9/30/2011,906.139
10/1/2011,849.505
10/2/2011,849.505
10/3/2011,792.872
10/4/2011,538.02
10/5/2011,509.703
10/6/2011,594.654
10/7/2011,736.238
10/8/2011,736.238
10/9/2011,707.921
10/10/2011,566.337
10/11/2011,622.971
10/12/2011,622.971
10/13/2011,622.971
10/14/2011,622.971
10/15/2011,566.337
10/16/2011,566.337
10/17/2011,566.337
10/18/2011,538.02
10/19/2011,538.02
10/20/2011,566.337
10/21/2011,566.337
10/22/2011,594.654
10/23/2011,707.921
10/24/2011,764.555
10/25/2011,651.287
10/26/2011,707.921
10/27/2011,679.604
10/28/2011,679.604
10/29/2011,594.654
10/30/2011,622.971
10/31/2011,622.971
11/1/2011,651.287
11/2/2011,594.654
11/3/2011,594.654
11/4/2011,594.654
11/5/2011,622.971
11/6/2011,622.971
11/7/2011,594.654
11/8/2011,594.654
11/9/2011,594.654
11/10/2011,594.654
11/11/2011,594.654
11/12/2011,566.337
11/13/2011,566.337
11/14/2011,566.337
11/15/2011,566.337
11/16/2011,424.753
11/17/2011,509.703
11/18/2011,566.337
11/19/2011,566.337
11/20/2011,566.337
11/21/2011,538.02
11/22/2011,538.02
11/23/2011,538.02
11/24/2011,509.703
11/25/2011,509.703
11/26/2011,566.337
11/27/2011,622.971
11/28/2011,622.971
11/29/2011,622.971
11/30/2011,651.287
12/1/2011,651.287
12/2/2011,594.654
12/3/2011,566.337
12/4/2011,538.02
12/5/2011,509.703
12/6/2011,453.07
12/7/2011,424.753
12/8/2011,424.753
12/9/2011,396.436
12/10/2011,396.436
12/11/2011,396.436
12/12/2011,396.436
12/13/2011,424.753
12/14/2011,424.753
12/15/2011,453.07
12/16/2011,481.386
12/17/2011,481.386
12/18/2011,538.02
12/19/2011,566.337
12/20/2011,594.654
12/21/2011,622.971
12/22/2011,622.971
12/23/2011,594.654
12/24/2011,622.971
12/25/2011,594.654
12/26/2011,594.654
12/27/2011,594.654
12/28/2011,622.971
12/29/2011,622.971
12/30/2011,622.971
12/31/2011,651.287
1/1/2012,651.287
1/2/2012,622.971
1/3/2012,622.971
1/4/2012,566.337
1/5/2012,679.604
1/6/2012,622.971
1/7/2012,622.971
1/8/2012,622.971
1/9/2012,594.654
1/10/2012,509.703
1/11/2012,509.703
1/12/2012,481.386
1/13/2012,481.386
1/14/2012,453.07
1/15/2012,424.753
1/16/2012,396.436
1/17/2012,368.119
1/18/2012,339.802
1/19/2012,283.168
1/20/2012,283.168
1/21/2012,283.168
1/22/2012,254.852
1/23/2012,254.852
1/24/2012,254.852
1/25/2012,254.852
1/26/2012,368.119
1/27/2012,481.386
1/28/2012,509.703
1/29/2012,566.337
1/30/2012,509.703
1/31/2012,622.971
2/1/2012,679.604
2/2/2012,679.604
2/3/2012,764.555
2/4/2012,707.921
2/5/2012,679.604
2/6/2012,707.921
2/7/2012,707.921
2/8/2012,707.921
2/9/2012,707.921
2/10/2012,651.287
2/11/2012,566.337
2/12/2012,538.02
2/13/2012,566.337
2/14/2012,566.337
2/15/2012,538.02
2/16/2012,538.02
2/17/2012,538.02
2/18/2012,538.02
2/19/2012,566.337
2/20/2012,594.654
2/21/2012,594.654
2/22/2012,622.971
2/23/2012,622.971
2/24/2012,594.654
2/25/2012,622.971
2/26/2012,622.971
2/27/2012,566.337
2/28/2012,538.02
2/29/2012,481.386
3/1/2012,509.703
3/2/2012,509.703
3/3/2012,509.703
3/4/2012,453.07
3/5/2012,509.703
3/6/2012,538.02
3/7/2012,566.337
3/8/2012,538.02
3/9/2012,622.971
3/10/2012,538.02
3/11/2012,538.02
3/12/2012,622.971
3/13/2012,622.971
3/14/2012,651.287
3/15/2012,707.921
3/16/2012,991.09
3/17/2012,934.456
3/18/2012,792.872
3/19/2012,679.604
3/20/2012,594.654
3/21/2012,594.654
3/22/2012,566.337
3/23/2012,566.337
3/24/2012,538.02
3/25/2012,509.703
3/26/2012,509.703
3/27/2012,481.386
3/28/2012,453.07
3/29/2012,453.07
3/30/2012,453.07
3/31/2012,453.07
4/1/2012,453.07
4/2/2012,453.07
4/3/2012,453.07
4/4/2012,424.753
4/5/2012,424.753
4/6/2012,453.07
4/7/2012,453.07
4/8/2012,424.753
4/9/2012,424.753
4/10/2012,424.753
4/11/2012,424.753
4/12/2012,396.436
4/13/2012,396.436
4/14/2012,396.436
4/15/2012,396.436
4/16/2012,396.436
4/17/2012,509.703
4/18/2012,594.654
4/19/2012,622.971
4/20/2012,453.07
4/21/2012,453.07
4/22/2012,453.07
4/23/2012,424.753
4/24/2012,481.386
4/25/2012,481.386
4/26/2012,509.703
4/27/2012,509.703
4/28/2012,509.703
4/29/2012,509.703
4/30/2012,509.703
5/1/2012,622.971
5/2/2012,736.238
5/3/2012,736.238
5/4/2012,764.555
5/5/2012,764.555
5/6/2012,821.189
5/7/2012,764.555
5/8/2012,679.604
5/9/2012,622.971
5/10/2012,622.971
5/11/2012,594.654
5/12/2012,594.654
5/13/2012,538.02
5/14/2012,594.654
5/15/2012,594.654
5/16/2012,594.654
5/17/2012,594.654
5/18/2012,622.971
5/19/2012,622.971
5/20/2012,622.971
5/21/2012,707.921
5/22/2012,736.238
5/23/2012,821.189
5/24/2012,934.456
5/25/2012,877.822
5/26/2012,877.822
5/27/2012,849.505
5/28/2012,877.822
5/29/2012,877.822
5/30/2012,877.822
5/31/2012,736.238
6/1/2012,821.189
6/2/2012,821.189
6/3/2012,821.189
6/4/2012,792.872
6/5/2012,764.555
6/6/2012,1076.04
6/7/2012,1160.991
6/8/2012,1189.308
6/9/2012,1500.793
6/10/2012,1529.11
6/11/2012,1415.842
6/12/2012,1359.209
6/13/2012,1160.991
6/14/2012,1132.674
6/15/2012,1104.357
6/16/2012,1076.04
6/17/2012,1047.723
6/18/2012,1047.723
6/19/2012,1019.406
6/20/2012,991.09
6/21/2012,934.456
6/22/2012,906.139
6/23/2012,877.822
6/24/2012,906.139
6/25/2012,906.139
6/26/2012,962.773
6/27/2012,991.09
6/28/2012,962.773
6/29/2012,991.09
6/30/2012,1019.406
7/1/2012,906.139
7/2/2012,906.139
7/3/2012,906.139
7/4/2012,962.773
7/5/2012,877.822
7/6/2012,821.189
7/7/2012,821.189
7/8/2012,764.555
7/9/2012,736.238
7/10/2012,679.604
7/11/2012,707.921
7/12/2012,679.604
7/13/2012,622.971
7/14/2012,622.971
7/15/2012,622.971
7/16/2012,622.971
7/17/2012,594.654
7/18/2012,594.654
7/19/2012,594.654
7/20/2012,566.337
7/21/2012,566.337
7/22/2012,566.337
7/23/2012,566.337
7/24/2012,566.337
7/25/2012,538.02
7/26/2012,509.703
7/27/2012,509.703
7/28/2012,509.703
7/29/2012,509.703
7/30/2012,509.703
7/31/2012,509.703
8/1/2012,481.386
8/2/2012,481.386
8/3/2012,509.703
8/4/2012,509.703
8/5/2012,481.386
8/6/2012,481.386
8/7/2012,453.07
8/8/2012,453.07
8/9/2012,424.753
8/10/2012,424.753
8/11/2012,481.386
8/12/2012,481.386
8/13/2012,481.386
8/14/2012,424.753
8/15/2012,453.07
8/16/2012,453.07
8/17/2012,453.07
8/18/2012,424.753
8/19/2012,424.753
8/20/2012,424.753
8/21/2012,396.436
8/22/2012,424.753
8/23/2012,424.753
8/24/2012,453.07
8/25/2012,453.07
8/26/2012,424.753
8/27/2012,396.436
8/28/2012,368.119
8/29/2012,339.802
8/30/2012,339.802
8/31/2012,339.802
9/1/2012,339.802
9/2/2012,339.802
9/3/2012,368.119
9/4/2012,396.436
9/5/2012,396.436
9/6/2012,396.436
9/7/2012,368.119
9/8/2012,396.436
9/9/2012,396.436
9/10/2012,396.436
9/11/2012,396.436
9/12/2012,396.436
9/13/2012,396.436
9/14/2012,396.436
9/15/2012,424.753
9/16/2012,453.07
9/17/2012,424.753
9/18/2012,481.386
9/19/2012,453.07
9/20/2012,453.07
9/21/2012,396.436
9/22/2012,396.436
9/23/2012,396.436
9/24/2012,396.436
9/25/2012,453.07
9/26/2012,481.386
9/27/2012,453.07
9/28/2012,481.386
9/29/2012,481.386
9/30/2012,453.07
10/1/2012,396.436
10/2/2012,396.436
10/3/2012,538.02
10/4/2012,736.238
10/5/2012,566.337
10/6/2012,566.337
10/7/2012,453.07
10/8/2012,453.07
10/9/2012,424.753
10/10/2012,424.753
10/11/2012,424.753
10/12/2012,481.386
10/13/2012,481.386
10/14/2012,481.386
10/15/2012,453.07
10/16/2012,453.07
10/17/2012,509.703
10/18/2012,509.703
10/19/2012,481.386
10/20/2012,509.703
10/21/2012,509.703
10/22/2012,481.386
10/23/2012,538.02
10/24/2012,566.337
10/25/2012,538.02
10/26/2012,481.386
10/27/2012,481.386
10/28/2012,481.386
10/29/2012,481.386
10/30/2012,481.386
10/31/2012,481.386
11/1/2012,481.386
11/2/2012,538.02
11/3/2012,594.654
11/4/2012,594.654
11/5/2012,594.654
11/6/2012,481.386
11/7/2012,481.386
11/8/2012,622.971
11/9/2012,651.287
11/10/2012,566.337
11/11/2012,594.654
11/12/2012,538.02
11/13/2012,594.654
11/14/2012,566.337
11/15/2012,509.703
11/16/2012,509.703
11/17/2012,481.386
11/18/2012,509.703
11/19/2012,481.386
11/20/2012,509.703
11/21/2012,538.02
11/22/2012,538.02
11/23/2012,538.02
11/24/2012,538.02
11/25/2012,538.02
11/26/2012,538.02
11/27/2012,538.02
11/28/2012,538.02
11/29/2012,509.703
11/30/2012,453.07
12/1/2012,453.07
12/2/2012,453.07
12/3/2012,481.386
12/4/2012,481.386
12/5/2012,481.386
12/6/2012,509.703
12/7/2012,481.386
12/8/2012,481.386
12/9/2012,453.07
12/10/2012,424.753
12/11/2012,226.535
12/12/2012,254.852
12/13/2012,226.535
12/14/2012,481.386
12/15/2012,481.386
12/16/2012,481.386
12/17/2012,453.07
12/18/2012,453.07
12/19/2012,424.753
12/20/2012,396.436
12/21/2012,424.753
12/22/2012,424.753
12/23/2012,424.753
12/24/2012,396.436
12/25/2012,339.802
12/26/2012,396.436
12/27/2012,396.436
12/28/2012,396.436
12/29/2012,368.119
12/30/2012,339.802
12/31/2012,339.802
1/1/2013,368.119
1/2/2013,368.119
1/3/2013,339.802
1/4/2013,368.119
1/5/2013,368.119
1/6/2013,368.119
1/7/2013,396.436
1/8/2013,396.436
1/9/2013,424.753
1/10/2013,481.386
1/11/2013,481.386
1/12/2013,509.703
1/13/2013,509.703
1/14/2013,538.02
1/15/2013,396.436
1/16/2013,424.753
1/17/2013,396.436
1/18/2013,453.07
1/19/2013,481.386
1/20/2013,509.703
1/21/2013,509.703
1/22/2013,538.02
1/23/2013,481.386
1/24/2013,509.703
1/25/2013,509.703
1/26/2013,509.703
1/27/2013,509.703
1/28/2013,509.703
1/29/2013,509.703
1/30/2013,509.703
1/31/2013,509.703
2/1/2013,509.703
2/2/2013,509.703
2/3/2013,509.703
2/4/2013,509.703
2/5/2013,509.703
2/6/2013,509.703
2/7/2013,509.703
2/8/2013,509.703
2/9/2013,538.02
2/10/2013,538.02
2/11/2013,566.337
2/12/2013,538.02
2/13/2013,622.971
2/14/2013,594.654
2/15/2013,538.02
2/16/2013,566.337
2/17/2013,594.654
2/18/2013,566.337
2/19/2013,538.02
2/20/2013,481.386
2/21/2013,509.703
2/22/2013,509.703
2/23/2013,538.02
2/24/2013,538.02
2/25/2013,538.02
2/26/2013,538.02
2/27/2013,538.02
2/28/2013,566.337
3/1/2013,594.654
3/2/2013,622.971
3/3/2013,651.287
3/4/2013,622.971
3/5/2013,594.654
3/6/2013,566.337
3/7/2013,566.337
3/8/2013,509.703
3/9/2013,481.386
3/10/2013,453.07
3/11/2013,396.436
3/12/2013,396.436
3/13/2013,396.436
3/14/2013,424.753
3/15/2013,481.386
3/16/2013,481.386
3/17/2013,481.386
3/18/2013,481.386
3/19/2013,481.386
3/20/2013,481.386
3/21/2013,481.386
3/22/2013,481.386
3/23/2013,481.386
3/24/2013,453.07
3/25/2013,396.436
3/26/2013,396.436
3/27/2013,424.753
3/28/2013,453.07
3/29/2013,481.386
3/30/2013,538.02
3/31/2013,566.337
4/1/2013,594.654
4/2/2013,622.971
4/3/2013,736.238
4/4/2013,736.238
4/5/2013,764.555
4/6/2013,792.872
4/7/2013,877.822
4/8/2013,962.773
4/9/2013,962.773
4/10/2013,991.09
4/11/2013,991.09
4/12/2013,934.456
4/13/2013,707.921
4/14/2013,707.921
4/15/2013,707.921
4/16/2013,594.654
4/17/2013,566.337
4/18/2013,453.07
4/19/2013,453.07
4/20/2013,424.753
4/21/2013,509.703
4/22/2013,509.703
4/23/2013,509.703
4/24/2013,538.02
4/25/2013,566.337
4/26/2013,566.337
4/27/2013,594.654
4/28/2013,594.654
4/29/2013,566.337
4/30/2013,566.337
5/1/2013,566.337
5/2/2013,509.703
5/3/2013,481.386
5/4/2013,424.753
5/5/2013,424.753
5/6/2013,424.753
5/7/2013,481.386
5/8/2013,509.703
5/9/2013,481.386
5/10/2013,509.703
5/11/2013,424.753
5/12/2013,424.753
5/13/2013,481.386
5/14/2013,424.753
5/15/2013,566.337
5/16/2013,566.337
5/17/2013,594.654
5/18/2013,679.604
5/19/2013,906.139
5/20/2013,991.09
5/21/2013,1019.406
5/22/2013,1047.723
5/23/2013,1076.04
5/24/2013,1132.674
5/25/2013,1132.674
5/26/2013,1132.674
5/27/2013,1132.674
5/28/2013,1160.991
5/29/2013,1189.308
5/30/2013,1444.159
5/31/2013,1727.328
6/1/2013,1840.595
6/2/2013,2038.813
6/3/2013,2038.813
6/4/2013,2321.981
6/5/2013,1953.862
6/6/2013,1387.525
6/7/2013,1415.842
6/8/2013,1614.06
6/9/2013,1472.476
6/10/2013,1500.793
6/11/2013,1500.793
6/12/2013,1132.674
6/13/2013,1160.991
6/14/2013,1387.525
6/15/2013,1415.842
6/16/2013,1614.06
6/17/2013,1642.377
6/18/2013,1444.159
6/19/2013,1387.525
6/20/2013,1585.743
6/21/2013,1387.525
6/22/2013,1444.159
6/23/2013,1330.892
6/24/2013,1189.308
6/25/2013,1302.575
6/26/2013,1047.723
6/27/2013,962.773
6/28/2013,821.189
6/29/2013,792.872
6/30/2013,707.921
7/1/2013,679.604
7/2/2013,736.238
7/3/2013,849.505
7/4/2013,736.238
7/5/2013,736.238
7/6/2013,849.505
7/7/2013,906.139
7/8/2013,849.505
7/9/2013,849.505
7/10/2013,792.872
7/11/2013,849.505
7/12/2013,962.773
7/13/2013,877.822
7/14/2013,707.921
7/15/2013,622.971
7/16/2013,566.337
7/17/2013,509.703
7/18/2013,481.386
7/19/2013,424.753
7/20/2013,396.436
7/21/2013,424.753
7/22/2013,424.753
7/23/2013,396.436
7/24/2013,396.436
7/25/2013,396.436
7/26/2013,368.119
7/27/2013,368.119
7/28/2013,339.802
7/29/2013,339.802
7/30/2013,283.168
7/31/2013,311.485
8/1/2013,339.802
8/2/2013,368.119
8/3/2013,368.119
8/4/2013,424.753
8/5/2013,566.337
8/6/2013,509.703
8/7/2013,509.703
8/8/2013,538.02
8/9/2013,396.436
8/10/2013,368.119
8/11/2013,424.753
8/12/2013,396.436
8/13/2013,396.436
8/14/2013,453.07
8/15/2013,453.07
8/16/2013,481.386
8/17/2013,509.703
8/18/2013,538.02
8/19/2013,424.753
8/20/2013,368.119
8/21/2013,339.802
8/22/2013,283.168
8/23/2013,311.485
8/24/2013,396.436
8/25/2013,424.753
8/26/2013,396.436
8/27/2013,396.436
8/28/2013,368.119
8/29/2013,396.436
8/30/2013,396.436
8/31/2013,368.119
9/1/2013,368.119
9/2/2013,311.485
9/3/2013,396.436
9/4/2013,453.07
9/5/2013,453.07
9/6/2013,453.07
9/7/2013,481.386
9/8/2013,538.02
9/9/2013,538.02
9/10/2013,509.703
9/11/2013,481.386
9/12/2013,453.07
9/13/2013,453.07
9/14/2013,481.386
9/15/2013,453.07
9/16/2013,396.436
9/17/2013,424.753
9/18/2013,481.386
9/19/2013,453.07
9/20/2013,424.753
9/21/2013,424.753
9/22/2013,396.436
9/23/2013,396.436
9/24/2013,424.753
9/25/2013,424.753
9/26/2013,424.753
9/27/2013,453.07
9/28/2013,424.753
9/29/2013,453.07
9/30/2013,481.386
10/1/2013,396.436
10/2/2013,424.753
10/3/2013,396.436
10/4/2013,396.436
10/5/2013,396.436
10/6/2013,424.753
10/7/2013,424.753
10/8/2013,424.753
10/9/2013,453.07
10/10/2013,453.07
10/11/2013,906.139
10/12/2013,622.971
10/13/2013,566.337
10/14/2013,1019.406
10/15/2013,509.703
10/16/2013,679.604
10/17/2013,538.02
10/18/2013,424.753
10/19/2013,424.753
10/20/2013,424.753
10/21/2013,453.07
10/22/2013,594.654
10/23/2013,594.654
10/24/2013,566.337
10/25/2013,566.337
10/26/2013,396.436
10/27/2013,396.436
10/28/2013,368.119
10/29/2013,368.119
10/30/2013,481.386
10/31/2013,509.703
11/1/2013,481.386
11/2/2013,481.386
11/3/2013,453.07
11/4/2013,481.386
11/5/2013,481.386
11/6/2013,481.386
11/7/2013,481.386
11/8/2013,453.07
11/9/2013,453.07
11/10/2013,396.436
11/11/2013,396.436
11/12/2013,396.436
11/13/2013,396.436
11/14/2013,396.436
11/15/2013,396.436
11/16/2013,424.753
11/17/2013,424.753
11/18/2013,424.753
11/19/2013,424.753
11/20/2013,453.07
11/21/2013,311.485
11/22/2013,198.218
11/23/2013,169.901
11/24/2013,169.901
11/25/2013,198.218
11/26/2013,254.852
11/27/2013,254.852
11/28/2013,283.168
11/29/2013,311.485
11/30/2013,283.168
12/1/2013,396.436
12/2/2013,453.07
12/3/2013,424.753
12/4/2013,453.07
12/5/2013,368.119
12/6/2013,339.802
12/7/2013,311.485
12/8/2013,283.168
12/9/2013,198.218
12/10/2013,198.218
12/11/2013,169.901
12/12/2013,169.901
12/13/2013,169.901
12/14/2013,226.535
12/15/2013,254.852
12/16/2013,254.852
12/17/2013,283.168
12/18/2013,339.802
12/19/2013,339.802
12/20/2013,509.703
12/21/2013,424.753
12/22/2013,424.753
12/23/2013,424.753
12/24/2013,424.753
12/25/2013,368.119
12/26/2013,396.436
12/27/2013,396.436
12/28/2013,453.07
12/29/2013,453.07
12/30/2013,424.753
12/31/2013,424.753
1/1/2014,396.436
1/2/2014,396.436
1/3/2014,396.436
1/4/2014,396.436
1/5/2014,368.119
1/6/2014,368.119
1/7/2014,396.436
1/8/2014,396.436
1/9/2014,396.436
1/10/2014,396.436
1/11/2014,396.436
1/12/2014,396.436
1/13/2014,396.436
1/14/2014,396.436
1/15/2014,396.436
1/16/2014,396.436
1/17/2014,396.436
1/18/2014,424.753
1/19/2014,424.753
1/20/2014,424.753
1/21/2014,453.07
1/22/2014,453.07
1/23/2014,453.07
1/24/2014,453.07
1/25/2014,453.07
1/26/2014,453.07
1/27/2014,424.753
1/28/2014,481.386
1/29/2014,481.386
1/30/2014,453.07
1/31/2014,538.02
2/1/2014,509.703
2/2/2014,396.436
2/3/2014,396.436
2/4/2014,368.119
2/5/2014,368.119
2/6/2014,339.802
2/7/2014,368.119
2/8/2014,339.802
2/9/2014,283.168
2/10/2014,283.168
2/11/2014,311.485
2/12/2014,311.485
2/13/2014,339.802
2/14/2014,311.485
2/15/2014,311.485
2/16/2014,339.802
2/17/2014,339.802
2/18/2014,396.436
2/19/2014,453.07
2/20/2014,509.703
2/21/2014,538.02
2/22/2014,538.02
2/23/2014,538.02
2/24/2014,538.02
2/25/2014,538.02
2/26/2014,538.02
2/27/2014,538.02
2/28/2014,509.703
3/1/2014,453.07
3/2/2014,424.753
3/3/2014,396.436
3/4/2014,396.436
3/5/2014,396.436
3/6/2014,368.119
3/7/2014,368.119
3/8/2014,368.119
3/9/2014,509.703
3/10/2014,764.555
3/11/2014,906.139
3/12/2014,962.773
3/13/2014,1302.575
3/14/2014,1217.624
3/15/2014,1614.06
3/16/2014,2237.031
3/17/2014,2463.566
3/18/2014,2095.447
3/19/2014,2010.496
3/20/2014,2123.763
3/21/2014,2067.13
3/22/2014,1132.674
3/23/2014,934.456
3/24/2014,934.456
3/25/2014,849.505
3/26/2014,849.505
3/27/2014,849.505
3/28/2014,849.505
3/29/2014,849.505
3/30/2014,849.505
3/31/2014,906.139
4/1/2014,792.872
4/2/2014,792.872
4/3/2014,792.872
4/4/2014,792.872
4/5/2014,877.822
4/6/2014,962.773
4/7/2014,991.09
4/8/2014,991.09
4/9/2014,962.773
4/10/2014,991.09
4/11/2014,962.773
4/12/2014,849.505
4/13/2014,764.555
4/14/2014,736.238
4/15/2014,764.555
4/16/2014,764.555
4/17/2014,736.238
4/18/2014,792.872
4/19/2014,764.555
4/20/2014,764.555
4/21/2014,764.555
4/22/2014,764.555
4/23/2014,764.555
4/24/2014,764.555
4/25/2014,736.238
4/26/2014,764.555
4/27/2014,934.456
4/28/2014,1019.406
4/29/2014,991.09
4/30/2014,991.09
5/1/2014,906.139
5/2/2014,906.139
5/3/2014,906.139
5/4/2014,962.773
5/5/2014,962.773
5/6/2014,991.09
5/7/2014,1019.406
5/8/2014,1047.723
5/9/2014,1047.723
5/10/2014,1245.941
5/11/2014,1160.991
5/12/2014,962.773
5/13/2014,962.773
5/14/2014,962.773
5/15/2014,962.773
5/16/2014,962.773
5/17/2014,991.09
5/18/2014,991.09
5/19/2014,991.09
5/20/2014,991.09
5/21/2014,1104.357
5/22/2014,1132.674
5/23/2014,1245.941
5/24/2014,1302.575
5/25/2014,1245.941
5/26/2014,1359.209
5/27/2014,1614.06
5/28/2014,1755.644
5/29/2014,1812.278
5/30/2014,2010.496
5/31/2014,2095.447
6/1/2014,2208.714
6/2/2014,2237.031
6/3/2014,2321.981
6/4/2014,2293.665
6/5/2014,2152.08
6/6/2014,1982.179
6/7/2014,1840.595
6/8/2014,1783.961
6/9/2014,1727.328
6/10/2014,1840.595
6/11/2014,1812.278
6/12/2014,1642.377
6/13/2014,1557.427
6/14/2014,1500.793
6/15/2014,1472.476
6/16/2014,1557.427
6/17/2014,1642.377
6/18/2014,1585.743
6/19/2014,1529.11
6/20/2014,1500.793
6/21/2014,1557.427
6/22/2014,1415.842
6/23/2014,1387.525
6/24/2014,1160.991
6/25/2014,1132.674
6/26/2014,1642.377
6/27/2014,1670.694
6/28/2014,1982.179
6/29/2014,1670.694
6/30/2014,1585.743
7/1/2014,1529.11
7/2/2014,1047.723
7/3/2014,877.822
7/4/2014,1699.011
7/5/2014,1599.902
7/6/2014,1415.842
7/7/2014,1359.209
7/8/2014,1189.308
7/9/2014,1132.674
7/10/2014,1132.674
7/11/2014,1104.357
7/12/2014,1047.723
7/13/2014,1047.723
7/14/2014,1019.406
7/15/2014,1019.406
7/16/2014,991.09
7/17/2014,991.09
7/18/2014,934.456
7/19/2014,934.456
7/20/2014,906.139
7/21/2014,877.822
7/22/2014,792.872
7/23/2014,764.555
7/24/2014,849.505
7/25/2014,821.189
7/26/2014,764.555
7/27/2014,707.921
7/28/2014,622.971
7/29/2014,594.654
7/30/2014,538.02
7/31/2014,538.02
8/1/2014,594.654
8/2/2014,566.337
8/3/2014,538.02
8/4/2014,566.337
8/5/2014,566.337
8/6/2014,538.02
8/7/2014,509.703
8/8/2014,566.337
8/9/2014,594.654
8/10/2014,481.386
8/11/2014,453.07
8/12/2014,453.07
8/13/2014,453.07
8/14/2014,453.07
8/15/2014,764.555
8/16/2014,934.456
8/17/2014,679.604
8/18/2014,622.971
8/19/2014,594.654
8/20/2014,594.654
8/21/2014,594.654
8/22/2014,594.654
8/23/2014,736.238
8/24/2014,764.555
8/25/2014,792.872
8/26/2014,792.872
8/27/2014,849.505
8/28/2014,1019.406
8/29/2014,1076.04
8/30/2014,962.773
8/31/2014,934.456
9/1/2014,962.773
9/2/2014,906.139
9/3/2014,991.09
9/4/2014,991.09
9/5/2014,1019.406
9/6/2014,906.139
9/7/2014,707.921
9/8/2014,679.604
9/9/2014,679.604
9/10/2014,679.604
9/11/2014,622.971
9/12/2014,622.971
9/13/2014,594.654
9/14/2014,538.02
9/15/2014,538.02
9/16/2014,538.02
9/17/2014,566.337
9/18/2014,594.654
9/19/2014,594.654
9/20/2014,594.654
9/21/2014,594.654
9/22/2014,594.654
9/23/2014,594.654
9/24/2014,566.337
9/25/2014,538.02
9/26/2014,481.386
9/27/2014,509.703
9/28/2014,509.703
9/29/2014,509.703
9/30/2014,594.654
10/1/2014,538.02
10/2/2014,566.337
10/3/2014,594.654
10/4/2014,622.971
10/5/2014,566.337
10/6/2014,566.337
10/7/2014,538.02
10/8/2014,538.02
10/9/2014,566.337
10/10/2014,538.02
10/11/2014,538.02
10/12/2014,538.02
10/13/2014,538.02
10/14/2014,509.703
10/15/2014,481.386
10/16/2014,481.386
10/17/2014,481.386
10/18/2014,481.386
10/19/2014,481.386
10/20/2014,453.07
10/21/2014,453.07
10/22/2014,453.07
10/23/2014,453.07
10/24/2014,453.07
10/25/2014,453.07
10/26/2014,453.07
10/27/2014,481.386
10/28/2014,453.07
10/29/2014,453.07
10/30/2014,453.07
10/31/2014,453.07
11/1/2014,424.753
11/2/2014,424.753
11/3/2014,424.753
11/4/2014,424.753
11/5/2014,424.753
11/6/2014,424.753
11/7/2014,424.753
11/8/2014,424.753
11/9/2014,453.07
11/10/2014,424.753
11/11/2014,424.753
11/12/2014,424.753
11/13/2014,339.802
11/14/2014,311.485
11/15/2014,254.852
11/16/2014,254.852
11/17/2014,226.535
11/18/2014,198.218
11/19/2014,198.218
11/20/2014,254.852
11/21/2014,283.168
11/22/2014,311.485
11/23/2014,283.168
11/24/2014,283.168
11/25/2014,283.168
11/26/2014,283.168
11/27/2014,283.168
11/28/2014,283.168
11/29/2014,339.802
11/30/2014,339.802
12/1/2014,368.119
12/2/2014,368.119
12/3/2014,368.119
12/4/2014,368.119
12/5/2014,339.802
12/6/2014,311.485
12/7/2014,283.168
12/8/2014,339.802
12/9/2014,339.802
12/10/2014,368.119
12/11/2014,481.386
12/12/2014,538.02
12/13/2014,566.337
12/14/2014,509.703
12/15/2014,453.07
12/16/2014,453.07
12/17/2014,424.753
12/18/2014,424.753
12/19/2014,424.753
12/20/2014,453.07
12/21/2014,453.07
12/22/2014,453.07
12/23/2014,424.753
12/24/2014,453.07
12/25/2014,453.07
12/26/2014,453.07
12/27/2014,453.07
12/28/2014,424.753
12/29/2014,396.436
12/30/2014,368.119
12/31/2014,368.119
1/1/2015,368.119
1/2/2015,339.802
1/3/2015,283.168
1/4/2015,283.168
1/5/2015,311.485
1/6/2015,311.485
1/7/2015,311.485
1/8/2015,254.852
1/9/2015,169.901
1/10/2015,169.901
1/11/2015,198.218
1/12/2015,254.852
1/13/2015,283.168
1/14/2015,311.485
1/15/2015,339.802
1/16/2015,368.119
1/17/2015,424.753
1/18/2015,424.753
1/19/2015,453.07
1/20/2015,453.07
1/21/2015,453.07
1/22/2015,453.07
1/23/2015,453.07
1/24/2015,509.703
1/25/2015,481.386
1/26/2015,481.386
1/27/2015,594.654
1/28/2015,651.287
1/29/2015,651.287
1/30/2015,651.287
1/31/2015,651.287
2/1/2015,651.287
2/2/2015,651.287
2/3/2015,651.287
2/4/2015,622.971
2/5/2015,453.07
2/6/2015,509.703
2/7/2015,481.386
2/8/2015,509.703
2/9/2015,509.703
2/10/2015,594.654
2/11/2015,679.604
2/12/2015,707.921
2/13/2015,736.238
2/14/2015,707.921
2/15/2015,679.604
2/16/2015,651.287
2/17/2015,594.654
2/18/2015,594.654
2/19/2015,594.654
2/20/2015,566.337
2/21/2015,538.02
2/22/2015,538.02
2/23/2015,538.02
2/24/2015,538.02
2/25/2015,538.02
2/26/2015,509.703
2/27/2015,453.07
2/28/2015,396.436
3/1/2015,396.436
3/2/2015,424.753
3/3/2015,424.753
3/4/2015,424.753
3/5/2015,424.753
3/6/2015,453.07
3/7/2015,481.386
3/8/2015,481.386
3/9/2015,566.337
3/10/2015,622.971
3/11/2015,707.921
3/12/2015,707.921
3/13/2015,679.604
3/14/2015,707.921
3/15/2015,707.921
3/16/2015,764.555
3/17/2015,764.555
3/18/2015,849.505
3/19/2015,877.822
3/20/2015,849.505
3/21/2015,821.189
3/22/2015,821.189
3/23/2015,877.822
3/24/2015,849.505
3/25/2015,792.872
3/26/2015,736.238
3/27/2015,679.604
3/28/2015,651.287
3/29/2015,622.971
3/30/2015,594.654
3/31/2015,566.337
4/1/2015,538.02
4/2/2015,509.703
4/3/2015,509.703
4/4/2015,509.703
4/5/2015,509.703
4/6/2015,538.02
4/7/2015,538.02
4/8/2015,566.337
4/9/2015,538.02
4/10/2015,481.386
4/11/2015,453.07
4/12/2015,453.07
4/13/2015,453.07
4/14/2015,453.07
4/15/2015,453.07
4/16/2015,453.07
4/17/2015,453.07
4/18/2015,453.07
4/19/2015,453.07
4/20/2015,453.07
4/21/2015,453.07
4/22/2015,453.07
4/23/2015,453.07
4/24/2015,453.07
4/25/2015,453.07
4/26/2015,453.07
4/27/2015,453.07
4/28/2015,453.07
4/29/2015,453.07
4/30/2015,453.07
5/1/2015,566.337
5/2/2015,566.337
5/3/2015,538.02
5/4/2015,509.703
5/5/2015,481.386
5/6/2015,622.971
5/7/2015,622.971
5/8/2015,651.287
5/9/2015,651.287
5/10/2015,679.604
5/11/2015,679.604
5/12/2015,679.604
5/13/2015,679.604
5/14/2015,679.604
5/15/2015,622.971
5/16/2015,679.604
5/17/2015,594.654
5/18/2015,566.337
5/19/2015,566.337
5/20/2015,622.971
5/21/2015,622.971
5/22/2015,651.287
5/23/2015,877.822
5/24/2015,821.189
5/25/2015,764.555
5/26/2015,764.555
5/27/2015,764.555
5/28/2015,792.872
5/29/2015,792.872
5/30/2015,792.872
5/31/2015,849.505
6/1/2015,1104.357
6/2/2015,1868.912
6/3/2015,1217.624
6/4/2015,1302.575
6/5/2015,1529.11
6/6/2015,1840.595
6/7/2015,2208.714
6/8/2015,1925.546
6/9/2015,2038.813
6/10/2015,1953.862
6/11/2015,1699.011
6/12/2015,1699.011
6/13/2015,1699.011
6/14/2015,1670.694
6/15/2015,1642.377
6/16/2015,1557.427
6/17/2015,1472.476
6/18/2015,1444.159
6/19/2015,1557.427
6/20/2015,1557.427
6/21/2015,1472.476
6/22/2015,1444.159
6/23/2015,1387.525
6/24/2015,1330.892
6/25/2015,1330.892
6/26/2015,1245.941
6/27/2015,1189.308
6/28/2015,1132.674
6/29/2015,1104.357
6/30/2015,1019.406
7/1/2015,991.09
7/2/2015,962.773
7/3/2015,877.822
7/4/2015,849.505
7/5/2015,962.773
7/6/2015,877.822
7/7/2015,764.555
7/8/2015,707.921
7/9/2015,736.238
7/10/2015,651.287
7/11/2015,594.654
7/12/2015,538.02
7/13/2015,509.703
7/14/2015,509.703
7/15/2015,622.971
7/16/2015,538.02
7/17/2015,538.02
7/18/2015,509.703
7/19/2015,509.703
7/20/2015,509.703
7/21/2015,481.386
7/22/2015,481.386
7/23/2015,481.386
7/24/2015,481.386
7/25/2015,509.703
7/26/2015,594.654
7/27/2015,566.337
7/28/2015,481.386
7/29/2015,396.436
7/30/2015,368.119
7/31/2015,396.436
8/1/2015,368.119
8/2/2015,368.119
8/3/2015,368.119
8/4/2015,368.119
8/5/2015,368.119
8/6/2015,368.119
8/7/2015,368.119
8/8/2015,509.703
8/9/2015,424.753
8/10/2015,396.436
8/11/2015,396.436
8/12/2015,396.436
8/13/2015,368.119
8/14/2015,368.119
8/15/2015,368.119
8/16/2015,339.802
8/17/2015,339.802
8/18/2015,368.119
8/19/2015,368.119
8/20/2015,368.119
8/21/2015,396.436
8/22/2015,566.337
8/23/2015,368.119
8/24/2015,368.119
8/25/2015,368.119
8/26/2015,368.119
8/27/2015,368.119
8/28/2015,368.119
8/29/2015,368.119
8/30/2015,368.119
8/31/2015,368.119
9/1/2015,453.07
9/2/2015,453.07
9/3/2015,453.07
9/4/2015,538.02
9/5/2015,594.654
9/6/2015,538.02
9/7/2015,538.02
9/8/2015,509.703
9/9/2015,453.07
9/10/2015,424.753
9/11/2015,396.436
9/12/2015,396.436
9/13/2015,396.436
9/14/2015,396.436
9/15/2015,396.436
9/16/2015,396.436
9/17/2015,396.436
9/18/2015,396.436
9/19/2015,368.119
9/20/2015,368.119
9/21/2015,368.119
9/22/2015,339.802
9/23/2015,339.802
9/24/2015,339.802
9/25/2015,311.485
9/26/2015,339.802
9/27/2015,339.802
9/28/2015,339.802
9/29/2015,339.802
9/30/2015,339.802
10/1/2015,339.802
10/2/2015,339.802
10/3/2015,339.802
10/4/2015,339.802
10/5/2015,339.802
10/6/2015,339.802
10/7/2015,368.119
10/8/2015,396.436
10/9/2015,396.436
10/10/2015,396.436
10/11/2015,424.753
10/12/2015,424.753
10/13/2015,396.436
10/14/2015,368.119
10/15/2015,368.119
10/16/2015,339.802
10/17/2015,339.802
10/18/2015,368.119
10/19/2015,339.802
10/20/2015,339.802
10/21/2015,368.119
10/22/2015,396.436
10/23/2015,396.436
10/24/2015,396.436
10/25/2015,396.436
10/26/2015,396.436
10/27/2015,396.436
10/28/2015,396.436
10/29/2015,396.436
10/30/2015,396.436
10/31/2015,396.436
11/1/2015,396.436
11/2/2015,396.436
11/3/2015,396.436
11/4/2015,396.436
11/5/2015,396.436
11/6/2015,396.436
11/7/2015,396.436
11/8/2015,396.436
11/9/2015,396.436
11/10/2015,396.436
11/11/2015,396.436
11/12/2015,396.436
11/13/2015,368.119
11/14/2015,368.119
11/15/2015,368.119
11/16/2015,368.119
11/17/2015,368.119
11/18/2015,368.119
11/19/2015,368.119
11/20/2015,339.802
11/21/2015,339.802
11/22/2015,339.802
11/23/2015,339.802
11/24/2015,339.802
11/25/2015,339.802
11/26/2015,311.485
11/27/2015,311.485
11/28/2015,169.901
11/29/2015,141.584
11/30/2015,198.218
12/1/2015,226.535
12/2/2015,283.168
12/3/2015,254.852
12/4/2015,254.852
12/5/2015,311.485
12/6/2015,311.485
12/7/2015,311.485
12/8/2015,311.485
12/9/2015,311.485
12/10/2015,339.802
12/11/2015,339.802
12/12/2015,368.119
12/13/2015,396.436
12/14/2015,396.436
12/15/2015,424.753
12/16/2015,424.753
12/17/2015,424.753
12/18/2015,396.436
12/19/2015,396.436
12/20/2015,368.119
12/21/2015,368.119
12/22/2015,424.753
12/23/2015,368.119
12/24/2015,424.753
12/25/2015,424.753
12/26/2015,424.753
12/27/2015,339.802
12/28/2015,339.802
12/29/2015,339.802
12/30/2015,339.802
12/31/2015,339.802
1/1/2016,226.535
1/2/2016,113.267
1/3/2016,84.951
1/4/2016,113.267
1/5/2016,141.584
1/6/2016,226.535
1/7/2016,254.852
1/8/2016,283.168
1/9/2016,283.168
1/10/2016,283.168
1/11/2016,311.485
1/12/2016,339.802
1/13/2016,368.119
1/14/2016,396.436
1/15/2016,396.436
1/16/2016,368.119
1/17/2016,368.119
1/18/2016,368.119
1/19/2016,368.119
1/20/2016,368.119
1/21/2016,368.119
1/22/2016,311.485
1/23/2016,311.485
1/24/2016,311.485
1/25/2016,339.802
1/26/2016,368.119
1/27/2016,396.436
1/28/2016,453.07
1/29/2016,481.386
1/30/2016,538.02
1/31/2016,509.703
2/1/2016,424.753
2/2/2016,424.753
2/3/2016,424.753
2/4/2016,424.753
2/5/2016,424.753
2/6/2016,424.753
2/7/2016,424.753
2/8/2016,368.119
2/9/2016,368.119
2/10/2016,368.119
2/11/2016,368.119
2/12/2016,396.436
2/13/2016,396.436
2/14/2016,424.753
2/15/2016,424.753
2/16/2016,424.753
2/17/2016,424.753
2/18/2016,424.753
2/19/2016,453.07
2/20/2016,453.07
2/21/2016,453.07
2/22/2016,509.703
2/23/2016,481.386
2/24/2016,453.07
2/25/2016,453.07
2/26/2016,453.07
2/27/2016,453.07
2/28/2016,453.07
2/29/2016,453.07
3/1/2016,481.386
3/2/2016,481.386
3/3/2016,453.07
3/4/2016,453.07
3/5/2016,453.07
3/6/2016,453.07
3/7/2016,453.07
3/8/2016,424.753
3/9/2016,424.753
3/10/2016,424.753
3/11/2016,424.753
3/12/2016,424.753
3/13/2016,424.753
3/14/2016,424.753
3/15/2016,396.436
3/16/2016,396.436
3/17/2016,396.436
3/18/2016,396.436
3/19/2016,396.436
3/20/2016,396.436
3/21/2016,368.119
3/22/2016,368.119
3/23/2016,368.119
3/24/2016,339.802
3/25/2016,339.802
3/26/2016,339.802
3/27/2016,339.802
3/28/2016,339.802
3/29/2016,339.802
3/30/2016,339.802
3/31/2016,368.119
4/1/2016,368.119
4/2/2016,339.802
4/3/2016,339.802
4/4/2016,339.802
4/5/2016,339.802
4/6/2016,339.802
4/7/2016,339.802
4/8/2016,339.802
4/9/2016,339.802
4/10/2016,339.802
4/11/2016,339.802
4/12/2016,339.802
4/13/2016,283.168
4/14/2016,283.168
4/15/2016,368.119
4/16/2016,368.119
4/17/2016,396.436
4/18/2016,396.436
4/19/2016,453.07
4/20/2016,453.07
4/21/2016,453.07
4/22/2016,453.07
4/23/2016,538.02
4/24/2016,566.337
4/25/2016,594.654
4/26/2016,566.337
4/27/2016,594.654
4/28/2016,679.604
4/29/2016,679.604
4/30/2016,707.921
5/1/2016,651.287
5/2/2016,651.287
5/3/2016,651.287
5/4/2016,622.971
5/5/2016,622.971
5/6/2016,566.337
5/7/2016,538.02
5/8/2016,538.02
5/9/2016,538.02
5/10/2016,622.971
5/11/2016,679.604
5/12/2016,707.921
5/13/2016,764.555
5/14/2016,821.189
5/15/2016,877.822
5/16/2016,877.822
5/17/2016,934.456
5/18/2016,934.456
5/19/2016,906.139
5/20/2016,906.139
5/21/2016,934.456
5/22/2016,934.456
5/23/2016,906.139
5/24/2016,906.139
5/25/2016,962.773
5/26/2016,1019.406
5/27/2016,1076.04
5/28/2016,1104.357
5/29/2016,1047.723
5/30/2016,962.773
5/31/2016,1415.842
6/1/2016,1245.941
6/2/2016,1160.991
6/3/2016,1019.406
6/4/2016,962.773
6/5/2016,934.456
6/6/2016,934.456
6/7/2016,906.139
6/8/2016,906.139
6/9/2016,1104.357
6/10/2016,1160.991
6/11/2016,1274.258
6/12/2016,1387.525
6/13/2016,1245.941
6/14/2016,1217.624
6/15/2016,1217.624
6/16/2016,1217.624
6/17/2016,1160.991
6/18/2016,1047.723
6/19/2016,934.456
6/20/2016,906.139
6/21/2016,877.822
6/22/2016,849.505
6/23/2016,764.555
6/24/2016,736.238
6/25/2016,736.238
6/26/2016,679.604
6/27/2016,651.287
6/28/2016,651.287
6/29/2016,622.971
6/30/2016,594.654
7/1/2016,594.654
7/2/2016,566.337
7/3/2016,538.02
7/4/2016,509.703
7/5/2016,509.703
7/6/2016,594.654
7/7/2016,509.703
7/8/2016,453.07
7/9/2016,453.07
7/10/2016,481.386
7/11/2016,566.337
7/12/2016,509.703
7/13/2016,509.703
7/14/2016,481.386
7/15/2016,509.703
7/16/2016,594.654
7/17/2016,566.337
7/18/2016,566.337
7/19/2016,538.02
7/20/2016,481.386
7/21/2016,453.07
7/22/2016,509.703
7/23/2016,566.337
7/24/2016,453.07
7/25/2016,453.07
7/26/2016,424.753
7/27/2016,424.753
7/28/2016,424.753
7/29/2016,424.753
7/30/2016,424.753
7/31/2016,424.753
8/1/2016,509.703
8/2/2016,424.753
8/3/2016,538.02
8/4/2016,424.753
8/5/2016,368.119
8/6/2016,339.802
8/7/2016,311.485
8/8/2016,311.485
8/9/2016,311.485
8/10/2016,311.485
8/11/2016,311.485
8/12/2016,311.485
8/13/2016,311.485
8/14/2016,311.485
8/15/2016,311.485
8/16/2016,311.485
8/17/2016,311.485
8/18/2016,311.485
8/19/2016,311.485
8/20/2016,311.485
8/21/2016,311.485
8/22/2016,339.802
8/23/2016,339.802
8/24/2016,339.802
8/25/2016,368.119
8/26/2016,368.119
8/27/2016,339.802
8/28/2016,311.485
8/29/2016,311.485
8/30/2016,311.485
8/31/2016,311.485
9/1/2016,339.802
9/2/2016,339.802
9/3/2016,339.802
9/4/2016,368.119
9/5/2016,368.119
9/6/2016,339.802
9/7/2016,424.753
9/8/2016,509.703
9/9/2016,424.753
9/10/2016,396.436
9/11/2016,396.436
9/12/2016,396.436
9/13/2016,396.436
9/14/2016,396.436
9/15/2016,453.07
9/16/2016,481.386
9/17/2016,453.07
9/18/2016,424.753
9/19/2016,424.753
9/20/2016,424.753
9/21/2016,424.753
9/22/2016,396.436
9/23/2016,538.02
9/24/2016,764.555
9/25/2016,509.703
9/26/2016,424.753
9/27/2016,424.753
9/28/2016,424.753
9/29/2016,424.753
9/30/2016,424.753
10/1/2016,396.436
10/2/2016,396.436
10/3/2016,594.654
10/4/2016,622.971
10/5/2016,736.238
10/6/2016,453.07
10/7/2016,368.119
10/8/2016,424.753
10/9/2016,453.07
10/10/2016,481.386
10/11/2016,509.703
10/12/2016,509.703
10/13/2016,538.02
10/14/2016,594.654
10/15/2016,679.604
10/16/2016,679.604
10/17/2016,651.287
10/18/2016,622.971
10/19/2016,594.654
10/20/2016,538.02
10/21/2016,509.703
10/22/2016,509.703
10/23/2016,509.703
10/24/2016,509.703
10/25/2016,481.386
10/26/2016,453.07
10/27/2016,453.07
10/28/2016,453.07
10/29/2016,453.07
10/30/2016,481.386
10/31/2016,453.07
11/1/2016,538.02
11/2/2016,509.703
11/3/2016,509.703
11/4/2016,509.703
11/5/2016,594.654
11/6/2016,594.654
11/7/2016,594.654
11/8/2016,566.337
11/9/2016,566.337
11/10/2016,538.02
11/11/2016,509.703
11/12/2016,481.386
11/13/2016,453.07
11/14/2016,453.07
11/15/2016,453.07
11/16/2016,453.07
11/17/2016,453.07
11/18/2016,453.07
11/19/2016,424.753
11/20/2016,424.753
11/21/2016,424.753
11/22/2016,424.753
11/23/2016,424.753
11/24/2016,424.753
11/25/2016,424.753
11/26/2016,424.753
11/27/2016,509.703
11/28/2016,651.287
11/29/2016,538.02
11/30/2016,481.386
12/1/2016,396.436
12/2/2016,396.436
12/3/2016,396.436
12/4/2016,368.119
12/5/2016,339.802
12/6/2016,169.901
12/7/2016,84.951
12/8/2016,84.951
12/9/2016,56.634
12/10/2016,56.634
12/11/2016,141.584
12/12/2016,198.218
12/13/2016,254.852
12/14/2016,254.852
12/15/2016,254.852
12/16/2016,254.852
12/17/2016,254.852
12/18/2016,254.852
12/19/2016,254.852
12/20/2016,254.852
12/21/2016,254.852
12/22/2016,254.852
12/23/2016,283.168
12/24/2016,283.168
12/25/2016,453.07
12/26/2016,622.971
12/27/2016,509.703
12/28/2016,453.07
12/29/2016,453.07
12/30/2016,481.386
12/31/2016,453.07
1/1/2017,424.753
1/2/2017,368.119
1/3/2017,368.119
1/4/2017,368.119
1/5/2017,339.802
1/6/2017,339.802
1/7/2017,339.802
1/8/2017,339.802
1/9/2017,339.802
1/10/2017,339.802
1/11/2017,339.802
1/12/2017,339.802
1/13/2017,339.802
1/14/2017,339.802
1/15/2017,339.802
1/16/2017,368.119
1/17/2017,368.119
1/18/2017,368.119
1/19/2017,368.119
1/20/2017,396.436
1/21/2017,396.436
1/22/2017,396.436
1/23/2017,396.436
1/24/2017,396.436
1/25/2017,396.436
1/26/2017,424.753
1/27/2017,424.753
1/28/2017,424.753
1/29/2017,424.753
1/30/2017,424.753
1/31/2017,424.753
2/1/2017,368.119
2/2/2017,368.119
2/3/2017,368.119
2/4/2017,368.119
2/5/2017,396.436
2/6/2017,396.436
2/7/2017,368.119
2/8/2017,368.119
2/9/2017,339.802
2/10/2017,339.802
2/11/2017,339.802
2/12/2017,339.802
2/13/2017,339.802
2/14/2017,368.119
2/15/2017,368.119
2/16/2017,396.436
2/17/2017,396.436
2/18/2017,424.753
2/19/2017,594.654
2/20/2017,594.654
2/21/2017,679.604
2/22/2017,679.604
2/23/2017,764.555
2/24/2017,764.555
2/25/2017,764.555
2/26/2017,821.189
2/27/2017,849.505
2/28/2017,849.505
3/1/2017,707.921
3/2/2017,651.287
3/3/2017,651.287
3/4/2017,651.287
3/5/2017,622.971
3/6/2017,622.971
3/7/2017,622.971
3/8/2017,622.971
3/9/2017,651.287
3/10/2017,651.287
3/11/2017,651.287
3/12/2017,594.654
3/13/2017,622.971
3/14/2017,594.654
3/15/2017,594.654
3/16/2017,594.654
3/17/2017,594.654
3/18/2017,679.604
3/19/2017,792.872
3/20/2017,1047.723
3/21/2017,1245.941
3/22/2017,1415.842
3/23/2017,1642.377
3/24/2017,1585.743
3/25/2017,1529.11
3/26/2017,1330.892
3/27/2017,1132.674
3/28/2017,1047.723
3/29/2017,934.456
3/30/2017,906.139
3/31/2017,934.456
4/1/2017,906.139
4/2/2017,877.822
4/3/2017,849.505
4/4/2017,821.189
4/5/2017,792.872
4/6/2017,764.555
4/7/2017,764.555
4/8/2017,764.555
4/9/2017,707.921
4/10/2017,679.604
4/11/2017,707.921
4/12/2017,707.921
4/13/2017,707.921
4/14/2017,736.238
4/15/2017,792.872
4/16/2017,792.872
4/17/2017,792.872
4/18/2017,792.872
4/19/2017,792.872
4/20/2017,792.872
4/21/2017,792.872
4/22/2017,792.872
4/23/2017,792.872
4/24/2017,764.555
4/25/2017,736.238
4/26/2017,736.238
4/27/2017,764.555
4/28/2017,764.555
4/29/2017,764.555
4/30/2017,764.555
5/1/2017,849.505
5/2/2017,1019.406
5/3/2017,906.139
5/4/2017,906.139
5/5/2017,906.139
5/6/2017,906.139
5/7/2017,934.456
5/8/2017,906.139
5/9/2017,906.139
5/10/2017,877.822
5/11/2017,877.822
5/12/2017,1047.723
5/13/2017,1274.258
5/14/2017,1359.209
5/15/2017,1444.159
5/16/2017,1472.476
5/17/2017,1472.476
5/18/2017,1472.476
5/19/2017,1472.476
5/20/2017,1415.842
5/21/2017,1415.842
5/22/2017,1359.209
5/23/2017,1330.892
5/24/2017,1274.258
5/25/2017,1245.941
5/26/2017,1245.941
5/27/2017,1217.624
5/28/2017,1189.308
5/29/2017,1189.308
5/30/2017,1189.308
5/31/2017,1132.674
6/1/2017,1302.575
6/2/2017,1217.624
6/3/2017,1245.941
6/4/2017,1302.575
6/5/2017,1387.525
6/6/2017,1529.11
6/7/2017,1642.377
6/8/2017,1755.644
6/9/2017,1783.961
6/10/2017,1812.278
6/11/2017,1868.912
6/12/2017,1925.546
6/13/2017,1897.229
6/14/2017,1897.229
6/15/2017,1868.912
6/16/2017,1812.278
6/17/2017,1642.377
6/18/2017,1585.743
6/19/2017,1529.11
6/20/2017,1330.892
6/21/2017,1274.258
6/22/2017,1330.892
6/23/2017,1387.525
6/24/2017,1330.892
6/25/2017,1330.892
6/26/2017,1415.842
6/27/2017,1472.476
6/28/2017,1444.159
6/29/2017,1359.209
6/30/2017,1245.941
7/1/2017,1132.674
7/2/2017,1132.674
7/3/2017,1189.308
7/4/2017,1189.308
7/5/2017,1132.674
7/6/2017,1076.04
7/7/2017,1019.406
7/8/2017,1019.406
7/9/2017,1019.406
7/10/2017,991.09
7/11/2017,991.09
7/12/2017,962.773
7/13/2017,962.773
7/14/2017,962.773
7/15/2017,962.773
7/16/2017,962.773
7/17/2017,962.773
7/18/2017,934.456
7/19/2017,906.139
7/20/2017,906.139
7/21/2017,849.505
7/22/2017,849.505
7/23/2017,792.872
7/24/2017,764.555
7/25/2017,736.238
7/26/2017,764.555
7/27/2017,764.555
7/28/2017,764.555
7/29/2017,764.555
7/30/2017,764.555
7/31/2017,736.238
8/1/2017,707.921
8/2/2017,707.921
8/3/2017,707.921
8/4/2017,707.921
8/5/2017,707.921
8/6/2017,679.604
8/7/2017,651.287
8/8/2017,651.287
8/9/2017,651.287
8/10/2017,622.971
8/11/2017,594.654
8/12/2017,566.337
8/13/2017,566.337
8/14/2017,566.337
8/15/2017,538.02
8/16/2017,538.02
8/17/2017,509.703
8/18/2017,509.703
8/19/2017,509.703
8/20/2017,509.703
8/21/2017,509.703
8/22/2017,481.386
8/23/2017,481.386
8/24/2017,481.386
8/25/2017,481.386
8/26/2017,481.386
8/27/2017,453.07
8/28/2017,453.07
8/29/2017,453.07
8/30/2017,453.07
8/31/2017,453.07
9/1/2017,453.07
9/2/2017,453.07
9/3/2017,453.07
9/4/2017,424.753
9/5/2017,396.436
9/6/2017,396.436
9/7/2017,396.436
9/8/2017,396.436
9/9/2017,396.436
9/10/2017,396.436
9/11/2017,396.436
9/12/2017,396.436
9/13/2017,368.119
9/14/2017,368.119
9/15/2017,566.337
9/16/2017,481.386
9/17/2017,481.386
9/18/2017,481.386
9/19/2017,509.703
9/20/2017,481.386
9/21/2017,481.386
9/22/2017,481.386
9/23/2017,481.386
9/24/2017,481.386
9/25/2017,481.386
9/26/2017,538.02
9/27/2017,622.971
9/28/2017,679.604
9/29/2017,622.971
9/30/2017,622.971
10/1/2017,538.02
10/2/2017,509.703
10/3/2017,509.703
10/4/2017,509.703
10/5/2017,509.703
10/6/2017,509.703
10/7/2017,509.703
10/8/2017,509.703
10/9/2017,509.703
10/10/2017,509.703
10/11/2017,509.703
10/12/2017,509.703
10/13/2017,509.703
10/14/2017,509.703
10/15/2017,509.703
10/16/2017,509.703
10/17/2017,509.703
10/18/2017,509.703
10/19/2017,509.703
10/20/2017,481.386
10/21/2017,481.386
10/22/2017,481.386
10/23/2017,481.386
10/24/2017,481.386
10/25/2017,481.386
10/26/2017,481.386
10/27/2017,481.386
10/28/2017,481.386
10/29/2017,481.386
10/30/2017,481.386
10/31/2017,481.386
11/1/2017,481.386
11/2/2017,481.386
11/3/2017,481.386
11/4/2017,481.386
11/5/2017,481.386
11/6/2017,481.386
11/7/2017,481.386
11/8/2017,481.386
11/9/2017,481.386
11/10/2017,481.386
11/11/2017,481.386
11/12/2017,481.386
11/13/2017,481.386
11/14/2017,481.386
11/15/2017,481.386
11/16/2017,481.386
11/17/2017,481.386
11/18/2017,481.386
11/19/2017,481.386
11/20/2017,481.386
11/21/2017,481.386
11/22/2017,509.703
11/23/2017,509.703
11/24/2017,509.703
11/25/2017,509.703
11/26/2017,509.703
11/27/2017,509.703
11/28/2017,509.703
11/29/2017,509.703
11/30/2017,481.386
12/1/2017,509.703
12/2/2017,509.703
12/3/2017,509.703
12/4/2017,509.703
12/5/2017,509.703
12/6/2017,509.703
12/7/2017,509.703
12/8/2017,509.703
12/9/2017,509.703
12/10/2017,509.703
12/11/2017,481.386
12/12/2017,481.386
12/13/2017,453.07
12/14/2017,453.07
12/15/2017,453.07
12/16/2017,453.07
12/17/2017,453.07
12/18/2017,481.386
12/19/2017,481.386
12/20/2017,481.386
12/21/2017,481.386
12/22/2017,481.386
12/23/2017,481.386
12/24/2017,424.753
12/25/2017,283.168
12/26/2017,141.584
12/27/2017,141.584
12/28/2017,141.584
12/29/2017,141.584
12/30/2017,141.584
12/31/2017,141.584
1/1/2018,141.584
1/2/2018,226.535
1/3/2018,226.535
1/4/2018,226.535
1/5/2018,226.535
1/6/2018,226.535
1/7/2018,283.168
1/8/2018,339.802
1/9/2018,453.07
1/10/2018,453.07
1/11/2018,453.07
1/12/2018,453.07
1/13/2018,453.07
1/14/2018,481.386
1/15/2018,481.386
1/16/2018,481.386
1/17/2018,509.703
1/18/2018,509.703
1/19/2018,509.703
1/20/2018,538.02
1/21/2018,566.337
1/22/2018,594.654
1/23/2018,594.654
1/24/2018,594.654
1/25/2018,594.654
1/26/2018,651.287
1/27/2018,651.287
1/28/2018,651.287
1/29/2018,651.287
1/30/2018,651.287
1/31/2018,651.287
2/1/2018,622.971
2/2/2018,594.654
2/3/2018,538.02
2/4/2018,481.386
2/5/2018,509.703
2/6/2018,538.02
2/7/2018,566.337
2/8/2018,566.337
2/9/2018,566.337
2/10/2018,509.703
2/11/2018,453.07
2/12/2018,424.753
2/13/2018,481.386
2/14/2018,538.02
2/15/2018,538.02
2/16/2018,538.02
2/17/2018,509.703
2/18/2018,509.703
2/19/2018,509.703
2/20/2018,509.703
2/21/2018,509.703
2/22/2018,481.386
2/23/2018,481.386
2/24/2018,509.703
2/25/2018,538.02
2/26/2018,538.02
2/27/2018,538.02
2/28/2018,538.02
3/1/2018,509.703
3/2/2018,538.02
3/3/2018,566.337
3/4/2018,622.971
3/5/2018,594.654
3/6/2018,566.337
3/7/2018,566.337
3/8/2018,566.337
3/9/2018,566.337
3/10/2018,566.337
3/11/2018,538.02
3/12/2018,509.703
3/13/2018,509.703
3/14/2018,509.703
3/15/2018,509.703
3/16/2018,538.02
3/17/2018,594.654
3/18/2018,651.287
3/19/2018,651.287
3/20/2018,651.287
3/21/2018,651.287
3/22/2018,651.287
3/23/2018,849.505
3/24/2018,1047.723
3/25/2018,1076.04
3/26/2018,1189.308
3/27/2018,1444.159
3/28/2018,1614.06
3/29/2018,1812.278
3/30/2018,1982.179
3/31/2018,1642.377
4/1/2018,1529.11
4/2/2018,1472.476
4/3/2018,1330.892
4/4/2018,1330.892
4/5/2018,1302.575
4/6/2018,1104.357
4/7/2018,1019.406
4/8/2018,991.09
4/9/2018,934.456
4/10/2018,934.456
4/11/2018,1019.406
4/12/2018,1076.04
4/13/2018,1160.991
4/14/2018,1245.941
4/15/2018,1359.209
4/16/2018,1472.476
4/17/2018,1783.961
4/18/2018,1925.546
4/19/2018,1585.743
4/20/2018,1500.793
4/21/2018,1500.793
4/22/2018,1500.793
4/23/2018,1387.525
4/24/2018,1302.575
4/25/2018,1302.575
4/26/2018,1274.258
4/27/2018,1274.258
4/28/2018,1330.892
4/29/2018,1415.842
4/30/2018,1415.842
5/1/2018,1330.892
5/2/2018,1330.892
5/3/2018,1387.525
5/4/2018,1444.159
5/5/2018,1500.793
5/6/2018,1500.793
5/7/2018,1500.793
5/8/2018,1472.476
5/9/2018,1472.476
5/10/2018,1472.476
5/11/2018,1500.793
5/12/2018,1557.427
5/13/2018,1614.06
5/14/2018,1642.377
5/15/2018,1699.011
5/16/2018,1755.644
5/17/2018,1783.961
5/18/2018,1727.328
5/19/2018,1670.694
5/20/2018,1670.694
5/21/2018,1670.694
5/22/2018,1783.961
5/23/2018,1868.912
5/24/2018,1897.229
5/25/2018,1897.229
5/26/2018,1953.862
5/27/2018,2123.763
5/28/2018,2265.348
5/29/2018,2321.981
5/30/2018,2435.249
5/31/2018,2491.883
6/1/2018,2775.051
6/2/2018,3058.219
6/3/2018,2944.952
6/4/2018,2831.685
6/5/2018,2718.417
6/6/2018,2576.833
6/7/2018,2548.516
6/8/2018,2520.199
6/9/2018,2378.615
6/10/2018,2463.566
6/11/2018,2463.566
6/12/2018,2520.199
6/13/2018,2463.566
6/14/2018,2463.566
6/15/2018,2406.932
6/16/2018,2520.199
6/17/2018,2237.031
6/18/2018,1982.179
6/19/2018,1982.179
6/20/2018,2067.13
6/21/2018,2067.13
6/22/2018,2180.397
6/23/2018,2350.298
6/24/2018,2548.516
6/25/2018,2633.467
6/26/2018,2633.467
6/27/2018,2463.566
6/28/2018,2378.615
6/29/2018,2435.249
6/30/2018,2265.348
7/1/2018,2152.08
7/2/2018,2152.08
7/3/2018,2038.813
7/4/2018,1982.179
7/5/2018,1953.862
7/6/2018,1868.912
7/7/2018,1727.328
7/8/2018,1614.06
7/9/2018,1585.743
7/10/2018,1557.427
7/11/2018,1472.476
7/12/2018,1415.842
7/13/2018,1359.209
7/14/2018,1302.575
7/15/2018,1245.941
7/16/2018,1217.624
7/17/2018,1189.308
7/18/2018,1132.674
7/19/2018,1132.674
7/20/2018,1076.04
7/21/2018,1076.04
7/22/2018,1047.723
7/23/2018,1019.406
7/24/2018,991.09
7/25/2018,962.773
7/26/2018,934.456
7/27/2018,906.139
7/28/2018,877.822
7/29/2018,877.822
7/30/2018,821.189
7/31/2018,764.555
8/1/2018,764.555
8/2/2018,764.555
8/3/2018,764.555
8/4/2018,764.555
8/5/2018,764.555
8/6/2018,764.555
8/7/2018,764.555
8/8/2018,764.555
8/9/2018,764.555
8/10/2018,736.238
8/11/2018,736.238
8/12/2018,707.921
8/13/2018,707.921
8/14/2018,707.921
8/15/2018,679.604
8/16/2018,679.604
8/17/2018,651.287
8/18/2018,651.287
8/19/2018,651.287
8/20/2018,651.287
8/21/2018,651.287
8/22/2018,651.287
8/23/2018,651.287
8/24/2018,651.287
8/25/2018,651.287
8/26/2018,651.287
8/27/2018,736.238
8/28/2018,736.238
8/29/2018,707.921
8/30/2018,707.921
8/31/2018,707.921
9/1/2018,736.238
9/2/2018,736.238
9/3/2018,736.238
9/4/2018,736.238
9/5/2018,736.238
9/6/2018,736.238
9/7/2018,736.238
9/8/2018,707.921
9/9/2018,679.604
9/10/2018,679.604
9/11/2018,679.604
9/12/2018,679.604
9/13/2018,679.604
9/14/2018,679.604
9/15/2018,679.604
9/16/2018,679.604
9/17/2018,679.604
9/18/2018,679.604
9/19/2018,651.287
9/20/2018,651.287
9/21/2018,622.971
9/22/2018,622.971
9/23/2018,594.654
9/24/2018,594.654
9/25/2018,594.654
9/26/2018,566.337
9/27/2018,566.337
9/28/2018,566.337
9/29/2018,566.337
9/30/2018,566.337
10/1/2018,566.337
10/2/2018,594.654
10/3/2018,594.654
10/4/2018,594.654
10/5/2018,594.654
10/6/2018,622.971
10/7/2018,622.971
10/8/2018,622.971
10/9/2018,594.654
10/10/2018,594.654
10/11/2018,594.654
10/12/2018,594.654
10/13/2018,594.654
10/14/2018,594.654
10/15/2018,594.654
10/16/2018,594.654
10/17/2018,594.654
10/18/2018,594.654
10/19/2018,594.654
10/20/2018,594.654
10/21/2018,594.654
10/22/2018,594.654
10/23/2018,594.654
10/24/2018,594.654
10/25/2018,594.654
10/26/2018,594.654
10/27/2018,594.654
10/28/2018,594.654
10/29/2018,594.654
10/30/2018,594.654
10/31/2018,594.654
11/1/2018,594.654
11/2/2018,594.654
11/3/2018,566.337
11/4/2018,566.337
11/5/2018,566.337
11/6/2018,566.337
11/7/2018,566.337
11/8/2018,566.337
11/9/2018,566.337
11/10/2018,566.337
11/11/2018,566.337
11/12/2018,566.337
11/13/2018,538.02
11/14/2018,538.02
11/15/2018,566.337
11/16/2018,566.337
11/17/2018,566.337
11/18/2018,594.654
11/19/2018,594.654
11/20/2018,594.654
11/21/2018,622.971
11/22/2018,622.971
11/23/2018,622.971
11/24/2018,622.971
11/25/2018,622.971
11/26/2018,622.971
11/27/2018,622.971
11/28/2018,622.971
11/29/2018,622.971
11/30/2018,622.971
12/1/2018,566.337
12/2/2018,566.337
12/3/2018,566.337
12/4/2018,566.337
12/5/2018,566.337
12/6/2018,538.02
12/7/2018,509.703
12/8/2018,509.703
12/9/2018,481.386
12/10/2018,481.386
12/11/2018,481.386
12/12/2018,481.386
12/13/2018,481.386
12/14/2018,481.386
12/15/2018,509.703
12/16/2018,509.703
12/17/2018,538.02
12/18/2018,566.337
12/19/2018,622.971
12/20/2018,622.971
12/21/2018,651.287
12/22/2018,651.287
12/23/2018,651.287
12/24/2018,651.287
12/25/2018,651.287
12/26/2018,622.971
12/27/2018,594.654
12/28/2018,509.703
12/29/2018,481.386
12/30/2018,481.386
12/31/2018,424.753
1/1/2019,424.753
1/2/2019,396.436
1/3/2019,396.436
1/4/2019,396.436
1/5/2019,396.436
1/6/2019,424.753
1/7/2019,453.07
1/8/2019,453.07
1/9/2019,424.753
1/10/2019,453.07
1/11/2019,453.07
1/12/2019,481.386
1/13/2019,481.386
1/14/2019,481.386
1/15/2019,481.386
1/16/2019,509.703
1/17/2019,509.703
1/18/2019,509.703
1/19/2019,509.703
1/20/2019,509.703
1/21/2019,509.703
1/22/2019,481.386
1/23/2019,453.07
1/24/2019,453.07
1/25/2019,453.07
1/26/2019,453.07
1/27/2019,453.07
1/28/2019,453.07
1/29/2019,453.07
1/30/2019,453.07
1/31/2019,453.07
2/1/2019,566.337
2/2/2019,707.921
2/3/2019,679.604
2/4/2019,622.971
2/5/2019,622.971
2/6/2019,566.337
2/7/2019,481.386
2/8/2019,424.753
2/9/2019,424.753
2/10/2019,424.753
2/11/2019,368.119
2/12/2019,368.119
2/13/2019,396.436
2/14/2019,424.753
2/15/2019,424.753
2/16/2019,453.07
2/17/2019,453.07
2/18/2019,453.07
2/19/2019,481.386
2/20/2019,509.703
2/21/2019,509.703
2/22/2019,566.337
2/23/2019,566.337
2/24/2019,566.337
2/25/2019,538.02
2/26/2019,509.703
2/27/2019,481.386
2/28/2019,453.07
3/1/2019,509.703
3/2/2019,538.02
3/3/2019,566.337
3/4/2019,566.337
3/5/2019,481.386
3/6/2019,453.07
3/7/2019,424.753
3/8/2019,424.753
3/9/2019,424.753
3/10/2019,396.436
3/11/2019,396.436
3/12/2019,396.436
3/13/2019,424.753
3/14/2019,424.753
3/15/2019,424.753
3/16/2019,424.753
3/17/2019,453.07
3/18/2019,509.703
3/19/2019,594.654
3/20/2019,764.555
3/21/2019,1019.406
3/22/2019,1160.991
3/23/2019,1897.229
3/24/2019,1897.229
3/25/2019,1897.229
3/26/2019,2633.467
3/27/2019,3766.141
3/28/2019,4502.379
3/29/2019,4502.379
3/30/2019,3398.022
3/31/2019,3114.853
4/1/2019,2916.635
4/2/2019,2406.932
4/3/2019,1557.427
4/4/2019,1557.427
4/5/2019,1302.575
4/6/2019,1217.624
4/7/2019,1217.624
4/8/2019,1076.04
4/9/2019,1019.406
4/10/2019,962.773
4/11/2019,962.773
4/12/2019,849.505
4/13/2019,792.872
4/14/2019,792.872
4/15/2019,792.872
4/16/2019,792.872
4/17/2019,764.555
4/18/2019,736.238
4/19/2019,707.921
4/20/2019,622.971
4/21/2019,594.654
4/22/2019,566.337
4/23/2019,566.337
4/24/2019,566.337
4/25/2019,594.654
4/26/2019,622.971
4/27/2019,679.604
4/28/2019,736.238
4/29/2019,792.872
4/30/2019,792.872
5/1/2019,707.921
5/2/2019,707.921
5/3/2019,707.921
5/4/2019,679.604
5/5/2019,651.287
5/6/2019,651.287
5/7/2019,622.971
5/8/2019,622.971
5/9/2019,622.971
5/10/2019,622.971
5/11/2019,622.971
5/12/2019,622.971
5/13/2019,651.287
5/14/2019,679.604
5/15/2019,679.604
5/16/2019,679.604
5/17/2019,849.505
5/18/2019,934.456
5/19/2019,934.456
5/20/2019,991.09
5/21/2019,1245.941
5/22/2019,1245.941
5/23/2019,1330.892
5/24/2019,1415.842
5/25/2019,1359.209
5/26/2019,1330.892
5/27/2019,1302.575
5/28/2019,1245.941
5/29/2019,1189.308
5/30/2019,1132.674
5/31/2019,1245.941
6/1/2019,1330.892
6/2/2019,1387.525
6/3/2019,1500.793
6/4/2019,1557.427
6/5/2019,1585.743
6/6/2019,1614.06
6/7/2019,1642.377
6/8/2019,1670.694
6/9/2019,1727.328
6/10/2019,1783.961
6/11/2019,1840.595
6/12/2019,1868.912
6/13/2019,1953.862
6/14/2019,1840.595
6/15/2019,1585.743
6/16/2019,1444.159
6/17/2019,1387.525
6/18/2019,1415.842
6/19/2019,1585.743
6/20/2019,1670.694
6/21/2019,1727.328
6/22/2019,1727.328
6/23/2019,1727.328
6/24/2019,1727.328
6/25/2019,1699.011
6/26/2019,1614.06
6/27/2019,1472.476
6/28/2019,1387.525
6/29/2019,1359.209
6/30/2019,1330.892
7/1/2019,1330.892
7/2/2019,1330.892
7/3/2019,1387.525
7/4/2019,1387.525
7/5/2019,1387.525
7/6/2019,1415.842
7/7/2019,1415.842
7/8/2019,1472.476
7/9/2019,2435.249
7/10/2019,1557.427
7/11/2019,1557.427
7/12/2019,1557.427
7/13/2019,1557.427
7/14/2019,1500.793
7/15/2019,1387.525
7/16/2019,1330.892
7/17/2019,1330.892
7/18/2019,1359.209
7/19/2019,1359.209
7/20/2019,1359.209
7/21/2019,1274.258
7/22/2019,1245.941
7/23/2019,1189.308
7/24/2019,1132.674
7/25/2019,1104.357
7/26/2019,1047.723
7/27/2019,1019.406
7/28/2019,962.773
7/29/2019,906.139
7/30/2019,906.139
7/31/2019,877.822
8/1/2019,877.822
8/2/2019,934.456
8/3/2019,962.773
8/4/2019,1019.406
8/5/2019,962.773
8/6/2019,934.456
8/7/2019,877.822
8/8/2019,821.189
8/9/2019,764.555
8/10/2019,736.238
8/11/2019,764.555
8/12/2019,906.139
8/13/2019,849.505
8/14/2019,792.872
8/15/2019,764.555
8/16/2019,764.555
8/17/2019,736.238
8/18/2019,736.238
8/19/2019,736.238
8/20/2019,707.921
8/21/2019,707.921
8/22/2019,707.921
8/23/2019,679.604
8/24/2019,679.604
8/25/2019,651.287
8/26/2019,651.287
8/27/2019,651.287
8/28/2019,651.287
8/29/2019,651.287
8/30/2019,651.287
8/31/2019,651.287
9/1/2019,679.604
9/2/2019,792.872
9/3/2019,906.139
9/4/2019,849.505
9/5/2019,821.189
9/6/2019,792.872
9/7/2019,877.822
9/8/2019,877.822
9/9/2019,934.456
9/10/2019,934.456
9/11/2019,1132.674
9/12/2019,1500.793
9/13/2019,1245.941
9/14/2019,1076.04
9/15/2019,1047.723
9/16/2019,1047.723
9/17/2019,1047.723
9/18/2019,1274.258
9/19/2019,1274.258
9/20/2019,1245.941
9/21/2019,1189.308
9/22/2019,1160.991
9/23/2019,1076.04
9/24/2019,1019.406
9/25/2019,962.773
9/26/2019,906.139
9/27/2019,877.822
9/28/2019,906.139
9/29/2019,991.09
9/30/2019,1047.723
10/1/2019,991.09
10/2/2019,991.09
10/3/2019,991.09
10/4/2019,991.09
10/5/2019,991.09
10/6/2019,991.09
10/7/2019,991.09
10/8/2019,991.09
10/9/2019,962.773
10/10/2019,934.456
10/11/2019,906.139
10/12/2019,906.139
10/13/2019,877.822
10/14/2019,849.505
10/15/2019,849.505
10/16/2019,821.189
10/17/2019,821.189
10/18/2019,821.189
10/19/2019,821.189
10/20/2019,821.189
10/21/2019,792.872
10/22/2019,764.555
10/23/2019,736.238
10/24/2019,736.238
10/25/2019,764.555
10/26/2019,764.555
10/27/2019,764.555
10/28/2019,764.555
10/29/2019,764.555
10/30/2019,764.555
10/31/2019,764.555
11/1/2019,764.555
11/2/2019,736.238
11/3/2019,736.238
11/4/2019,707.921
11/5/2019,707.921
11/6/2019,707.921
11/7/2019,707.921
11/8/2019,707.921
11/9/2019,707.921
11/10/2019,707.921
11/11/2019,707.921
11/12/2019,736.238
11/13/2019,764.555
11/14/2019,764.555
11/15/2019,764.555
11/16/2019,764.555
11/17/2019,792.872
11/18/2019,792.872
11/19/2019,792.872
11/20/2019,792.872
11/21/2019,792.872
11/22/2019,792.872
11/23/2019,792.872
11/24/2019,792.872
11/25/2019,792.872
11/26/2019,792.872
11/27/2019,792.872
11/28/2019,764.555
11/29/2019,764.555
11/30/2019,764.555
12/1/2019,792.872
12/2/2019,792.872
12/3/2019,792.872
12/4/2019,764.555
12/5/2019,764.555
12/6/2019,736.238
12/7/2019,707.921
12/8/2019,736.238
12/9/2019,622.971
12/10/2019,594.654
12/11/2019,566.337
12/12/2019,538.02
12/13/2019,509.703
12/14/2019,509.703
12/15/2019,481.386
12/16/2019,481.386
12/17/2019,481.386
12/18/2019,509.703
12/19/2019,538.02
12/20/2019,566.337
12/21/2019,622.971
12/22/2019,651.287
12/23/2019,651.287
12/24/2019,651.287
12/25/2019,679.604
12/26/2019,707.921
12/27/2019,736.238
12/28/2019,736.238
12/29/2019,707.921
12/30/2019,679.604
12/31/2019,679.604
1/1/2020,622.971
1/2/2020,566.337
1/3/2020,566.337
1/4/2020,594.654
1/5/2020,594.654
1/6/2020,594.654
1/7/2020,594.654
1/8/2020,594.654
1/9/2020,594.654
1/10/2020,622.971
1/11/2020,622.971
1/12/2020,622.971
1/13/2020,594.654
1/14/2020,509.703
1/15/2020,396.436
1/16/2020,396.436
1/17/2020,396.436
1/18/2020,339.802
1/19/2020,283.168
1/20/2020,311.485
1/21/2020,368.119
1/22/2020,396.436
1/23/2020,396.436
1/24/2020,396.436
1/25/2020,481.386
1/26/2020,566.337
1/27/2020,651.287
1/28/2020,679.604
1/29/2020,679.604
1/30/2020,679.604
1/31/2020,707.921
2/1/2020,707.921
2/2/2020,764.555
2/3/2020,764.555
2/4/2020,736.238
2/5/2020,707.921
2/6/2020,707.921
,
,
,
,
,
,
,
,
,
,
,
,
,
,
,
,
,
,
,
,
,
,
,
,
,
,
,
,
,
,
,
,
,
,
,
,
,
,
,
,
,
,
,
,
,
,
,
,
,
,
,
,
,
,
,
,
,
,
,
,
,
,
,
,
,
,
,
,
,
,
,
,
,
,
,
,
,
,
,
,
,
,
,
,
,
,
,
,
,
,
,
,
,
,
,
,
,
,
,
,
,
,
,
,
,
,
,
,
,
,
,
,
,
,
,
,
,
,
,
,
,
,
,
,
,
,
,
,
,
,
,
,
,
,
,
,
,
,
,
,
,
,
,
,
,
,
,
,
,
,
,
,
,
,
,
,
,
,
,
,
,
,
,
,
,
,
,
,
,
,
,
,
,
,
,
,
,
,
,
,
,
,
,
,
,
,
,
,
,
,
,
,
,
,
,
,
,
,
,
,
,
,
,
,
,
,
,
,
,
,
,
,
,
,
,
,
,
,
,
,
,
,
,
,
,
,
,
,
,
,
,
,
,
,
,
,
,
,
,
,
,
,
,
,
,
,
,
,
,
,
,
,
,
,
,
,
,
,
,
,
,
,
,
,
,
,
,
,
,
,
,
,
,
,
,
,
,
,
,
,
,
,
,
,
,
,
,
,
,
,
,
,
,
,
,
,
,
,
,
,
,
,
,
,
,
,
,
,
,
,
,
,
,
,
,
,
,
,
,
,
,
,
,
,
,
,
,
,
,
,
,
,
,
,
,
,
,
,
,
,
,
,
,
,
,
,
,
,
,
,
,
,
,
,
,
,
,
,
,
,
,
,
,
,
,
,
,
,
,
,
,
,
,
,
,
,
,
,
,
,
,
,
,
,
,
,
,
,
,
,
,
,
,
,
,
,
,
,
,
,
,
,
,
,
,
,
,
,
,
,
,
,
,
,
,
,
,
,
,
,
,
,
,
,
,
,
,
,
,
,
,
,
,
,
,
,
,
,
,
,
,
,
,
,
,
,
,
,
,
,
,
,
,
,
,
,
,
,
,
,
,
,
,
,
,
,
,
,
,
,
,
,
,
,
,
,
,
,
,
,
,
,
,
,
,
,
,
,
,
,
,
,
,
,
,
,
,
,
,
,
,
,
,
,
,
,
,
,
,
,
,
,
,
,
,
,
,
,
,
,
,
,
,
,
,
,
,
,
,
,
,
,
,
,
,
,
,
,
,
,
,
,
,
,
,
,
,
,
,
,
,
,
,
,
,
,
,
,
,
,
,
,
,
,
,
,
,
,
,
,
,
,
,
,
,
,
,
,
,
,
,
,
,
,
,
,
,
,
,
,
,
,
,
,
,
,
,
,
,
,
,
,
,
,
,
,
,
,
,
,
,
,
,
,
,
,
,
,
,
,
,
,
,
,
,
,
,
,
,
,
,
,
,
,
,
,
,
,
,
,
,
,
,
,
,
,
,
,
,
,
,
,
,
,
,
,
,
,
,
,
,
,
,
,
,
,
,
,
,
,
,
,
,
,
,
,
,
,
,
,
,
,
,
,
,
,
,
,
,
,
,
,
,
,
,
,
,
,
,
,
,
,
,
,
,
,
,
,
,
,
,
,
,
,
,
,
,
,
,
,
,
,
,
,
,
,
,
,
,
,
,
,
,
,
,
,
,
,
,
,
,
,
,
,
,
,
,
,
,
,
,
,
,
,
,
,
,
,
,
,
,
,
,
,
,
,
,
,
,
,
,
,
,
,
,
,
,
,
,
,
,
,
,
,
,
,
,
,
,
,
,
,
,
,
,
,
,
,
,
,
,
,
,
,
,
,
,
,
,
,
,
,
,
,
,
,
,
,
,
,
,
,
,
,
,
,
,
,
,
,
,
,
,
,
,
,
,
,
,
,
,
,
,
,
,
,
,
,
,
,
,
,
,
,
,
,
,
,
,
,
,
,
,
,
,
,
,
,
,
,
,
,
,
,
,
,
,
,
,
,
,
,
,
,
,
,
,
,
,
,
,
,
,
,
,
,
,
,
,
,
,
,
,
,
,
,
,
,
,
,
,
,
,
,
,
,
,
,
,
,
,
,
,
,
,
,
,
,
,
,
,
,
,
,
,
,
,
,
,
,
,
,
,
,
,
,
,
,
,
,
,
,
,
,
,
,
,
,
,
,
,
,
,
,
,
,
,
,
,
,
,
,
,
,
,
,
,
,
,
,
,
,
,
,
,
,
,
,
,
,
,
,
,
,
,
,
,
,
,
,
,
,
,
,
,
,
,
,
,
,
,
,
,
,
,
,
,
,
,
,
,
,
,
,
,
,
,
,
,
,
,
,
,
,
,
,
,
,
,
,
,
,
,
,
,
,
,
,
,
,
,
,
,
,
,
,
,
,
,
,
,
,
,
,
,
,
,
,
,
,
,
,
,
,
,
,
,
,
,
,
,
,
,
,
,
,
,
,
,
,
,
,
,
,
,
,
,
,
,
,
,
,
,
,
,
,
,
,
,
,
,
,
,
,
,
,
,
,
,
,
,
,
,
,
,
,
,
,
,
,
,
,
,
,
,
,
,
,
,
,
,
,
,
,
,
,
,
,
,
,
,
,
,
,
,
,
,
,
,
,
,
,
,
,
,
,
,
,
,
,
,
,
,
,
,
,
,
,
,
,
,
,
,
,
,
,
,
,
,
,
,
,
,
,
,
,
,
,
,
,
,
,
,
,
,
,
,
,
,
,
,
,
,
,
,
,
,
,
,
,
,
,
,
,
,
,
,
,
,
,
,
,
,
,
,
,
,
,
,
,
,
,
,
,
,
,
,
,
,
,
,
,
,
,
,
,
,
,
,
,
,
,
,
,
,
,
,
,
,
,
,
,
,
,
,
,
,
,
,
,
,
,
,
,
,
,
,
,
,
,
,
,
,
,
,
,
,
,
,
,
,
,
,
,
,
,
,
,
,
,
,
,
,
,
,
,
,
,
,
,
,
,
,
,
,
,
,
,
,
,
,
,
,
,
,
,
,
,
,
,
,
,
,
,
,
,
,
,
,
,
,
,
,
,
,
,
,
,
,
,
,
,
,
,
,
,
,
,
,
,
,
,
,
,
,
,
,
,
,
,
,
,
,
,
,
,
,
,
,
,
,
,
,
,
,
,
,
,
,
,
,
,
,
,
,
,
,
,
,
,
,
,
,
,
,
,
,
,
,
,
,
,
,
,
,
,
,
,
,
,
,
,
,
,
,
,
,
,
,
,
,
,
,
,
,
,
,
,
,
,
,
,
,
,
,
,
,
,
,
,
,
,
,
,
,
,
,
,
,
,
,
,
,
,
,
,
,
,
,
,
,
,
,
,
,
,
,
,
,
,
,
,
,
,
,
,
,
,
,
,
,
,
,
,
,
,
,
,
,
,
,
,
,
,
,
,
,
,
,
,
,
,
,
,
,
,
,
,
,
,
,
,
,
,
,
,
,
,
,
,
,
,
,
,
,
,
,
,
,
,
,
,
,
,
,
,
,
,
,
,
,
,
,
,
,
,
,
,
,
,
,
,
,
,
,
,
,
,
,
,
,
,
,
,
,
,
,
,
,
,
,
,
,
,
,
,
,
,
,
,
,
,
,
,
,
,
,
,
,
,
,
,
,
,
,
,
,
,
,
,
,
,
,
,
,
,
,
,
,
,
,
,
,
,
,
,
,
,
,
,
,
,
,
,
,
,
,
,
,
,
,
,
,
,
,
,
,
,
,
,
,
,
,
,
,
,
,
,
,
,
,
,
,
,
,
,
,
,
,
,
,
,
,
,
,
,
,
,
,
,
,
,
,
,
,
,
,
,
,
,
,
,
,
,
,
,
,
,
,
,
,
,
,
,
,
,
,
,
,
,
,
,
,
,
,
,
,
,
,
,
,
,
,
,
,
,
,
,
,
,
,
,
,
,
,
,
,
,
,
,
,
,
,
,
,
,
,
,
,
,
,
,
,
,
,
,
,
,
,
,
,
,
,
,
,
,
,
,
,
,
,
,
,
,
,
,
,
,
,
,
,
,
,
,
,
,
,
,
,
,
,
,
,
,
,
,
,
,
,
,
,
,
,
,
,
,
,
,
,
,
,
,
,
,
,
,
,
,
,
,
,
,
,
,
,
,
,
,
,
,
,
,
,
,
,
,
,
,
,
,
,
,
,
,
,
,
,
,
,
,
,
,
,
,
,
,
,
,
,
,
,
,
,
,
,
,
,
,
,
,
,
,
,
,
,
,
,
,
,
,
,
,
,
,
,
,
,
,
,
,
,
,
,
,
,
,
,
,
,
,
,
,
,
,
,
,
,
,
,
,
,
,
,
,
,
,
,
,
,
,
,
,
,
,
,
,
,
,
,
,
,
,
,
,
,
,
,
,
,
,
,
,
,
,
,
,
,
,
,
,
,
,
,
,
,
,
,
,
,
,
,
,
,
,
,
,
,
,
,
,
,
,
,
,
,
,
,
,
,
,
,
,
,
,
,
,
,
,
,
,
,
,
,
,
,
,
,
,
,
,
,
,
,
,
,
,
,
,
,
,
,
,
,
,
,
,
,
,
,
,
,
,
,
,
,
,
,
,
,
,
,
,
,
,
,
,
,
,
,
,
,
,
,
,
,
,
,
,
,
,
,
,
,
,
,
,
,
,
,
,
,
,
,
,
,
,
,
,
,
,
,
,
,
,
,
,
,
,
,
,
,
,
,
,
,
,
,
,
,
,
,
,
,
,
,
,
,
,
,
,
,
,
,
,
,
,
,
,
,
,
,
,
,
,
,
,
,
,
,
,
,
,
,
,
,
,
,
,
,
,
,
,
,
,
,
,
,
,
,
,
,
,
,
,
,
,
,
,
,
,
,
,
,
,
,
,
,
,
,
,
,
,
,
,
,
,
,
,
,
,
,
,
,
,
,
,
,
,
,
,
,
,
,
,
,
,
,
,
,
,
,
,
,
,
,
,
,
,
,
,
,
,
,
,
,
,
,
,
,
,
,
,
,
,
,
,
,
,
,
,
,
,
,
,
,
,
,
,
,
,
,
,
,
,
,
,
,
,
,
,
,
,
,
,
,
,
,
,
,
,
,
,
,
,
,
,
,
,
,
,
,
,
,
,
,
,
,
,
,
,
,
,
,
,
,
,
,
,
,
,
,
,
,
,
,
,
,
,
,
,
,
,
,
,
,
,
,
,
,
,
,
,
,
,
,
,
,
,
,
,
,
,
,
,
,
,
,
,
,
,
,
,
,
,
,
,
,
,
,
,
,
,
,
,
,
,
,
,
,
,
,
,
,
,
,
,
,
,
,
,
,
,
,
,
,
,
,
,
,
,
,
,
,
,
,
,
,
,
,
,
,
,
,
,
,
,
,
,
,
,
,
,
,
,
,
,
,
,
,
,
,
,
,
,
,
,
,
,
,
,
,
,
,
,
,
,
,
,
,
,
,
,
,
,
,
,
,
,
,
,
,
,
,
,
,
,
,
,
,
,
,
,
,
,
,
,
,
,
,
,
,
,
,
,
,
,
,
,
,
,
,
,
,
,
,
,
,
,
,
,
,
,
,
,
,
,
,
,
,
,
,
,
,
,
,
,
,
,
,
,
,
,
,
,
,
,
,
,
,
,
,
,
,
,
,
,
,
,
,
,
,
,
,
,
,
,
,
,
,
,
,
,
,
,
,
,
,
,
,
,
,
,
,
,
,
,
,
,
,
,
,
,
,
,
,
,
,
,
,
,
,
,
,
,
,
,
,
,
,
,
,
,
,
,
,
,
,
,
,
,
,
,
,
,
,
,
,
,
,
,
,
,
,
,
,
,
,
,
,
,
,
,
,
,
,
,
,
,
,
,
,
,
,
,
,
,
,
,
,
,
,
,
,
,
,
,
,
,
,
,
,
,
,
,
,
,
,
,
,
,
,
,
,
,
,
,
,
,
,
,
,
,
,
,
,
,
,
,
,
,
,
,
,
,
,
,
,
,
,
,
,
,
,
,
,
,
,
,
,
,
,
,
,
,
,
,
,
,
,
,
,
,
,
,
,
,
,
,
,
,
,
,
,
,
,
,
,
,
,
,
,
,
,
,
,
,
,
,
,
,
,
,
,
,
,
,
,
,
,
,
,
,
,
,
,
,
,
,
,
,
,
,
,
,
,
,
,
,
,
,
,
,
,
,
,
,
,
,
,
,
,
,
,
,
,
,
,
,
,
,
,
,
,
,
,
,
,
,
,
,
,
,
,
,
,
,
,
,
,
,
,
,
,
,
,
,
,
,
,
,
,
,
,
,
,
,
,
,
,
,
,
,
,
,
,
,
,
,
,
,
,
,
,
,
,
,
,
,
,
,
,
,
,
,
,
,
,
,
,
,
,
,
,
,
,
,
,
,
,
,
,
,
,
,
,
,
,
,
,
,
,
,
,
,
,
,
,
,
,
,
,
,
,
,
,
,
,
,
,
,
,
,
,
,
,
,
,
,
,
,
,
,
,
,
,
,
,
,
,
,
,
,
,
,
,
,
,
,
,
,
,
,
,
,
,
,
,
,
,
,
,
,
,
,
,
,
,
,
,
,
,
,
,
,
,
,
,
,
,
,
,
,
,
,
,
,
,
,
,
,
,
,
,
,
,
,
,
,
,
,
,
,
,
,
,
,
,
,
,
,
,
,
,
,
,
,
,
,
,
,
,
,
,
,
,
,
,
,
,
,
,
,
,
,
,
,
,
,
,
,
,
,
,
,
,
,
,
,
,
,
,
,
,
,
,
,
,
,
,
,
,
,
,
,
,
,
,
,
,
,
,
,
,
,
,
,
,
,
,
,
,
,
,
,
,
,
,
,
,
,
,
,
,
,
,
,
,
,
,
,
,
,
,
,
,
,
,
,
,
,
,
,
,
,
,
,
,
,
,
,
,
,
,
,
,
,
,
,
,
,
,
,
,
,
,
,
,
,
,
,
,
,
,
,
,
,
,
,
,
,
,
,
,
,
,
,
,
,
,
,
,
,
,
,
,
,
,
,
,
,
,
,
,
,
,
,
,
,
,
,
,
,
,
,
,
,
,
,
,
,
,
,
,
,
,
,
,
,
,
,
,
,
,
,
,
,
,
,
,
,
,
,
,
,
,
,
,
,
,
,
,
,
,
,
,
,
,
,
,
,
,
,
,
,
,
,
,
,
,
,
,
,
,
,
,
,
,
,
,
,
,
,
,
,
,
,
,
,
,
,
,
,
,
,
,
,
,
,
,
,
,
,
,
,
,
,
,
,
,
,
,
,
,
,
,
,
,
,
,
,
,
,
,
,
,
,
,
,
,
,
,
,
,
,
,
,
,
,
,
,
,
,
,
,
,
,
,
,
,
,
,
,
,
,
,
,
,
,
,
,
,
,
,
,
,
,
,
,
,
,
,
,
,
,
,
,
,
,
,
,
,
,
,
,
,
,
,
,
,
,
,
,
,
,
,
,
,
,
,
,
,
,
,
,
,
,
,
,
,
,
,
,
,
,
,
,
,
,
,
,
,
,
,
,
,
,
,
,
,
,
,
,
,
,
,
,
,
,
,
,
,
,
,
,
,
,
,
,
,
,
,
,
,
,
,
,
,
,
,
,
,
,
,
,
,
,
,
,
,
,
,
,
,
,
,
,
,
,
,
,
,
,
,
,
,
,
,
,
,
,
,
,
,
,
,
,
,
,
,
,
,
,
,
,
,
,
,
,
,
,
,
,
,
,
,
,
,
,
,
,
,
,
,
,
,
,
,
,
,
,
,
,
,
,
,
,
,
,
,
,
,
,
,
,
,
,
,
,
,
,
,
,
,
,
,
,
,
,
,
,
,
,
,
,
,
,
,
,
,
,
,
,
,
,
,
,
,
,
,
,
,
,
,
,
,
,
,
,
,
,
,
,
,
,
,
,
,
,
,
,
,
,
,
,
,
,
,
,
,
,
,
,
,
,
,
,
,
,
,
,
,
,
,
,
,
,
,
,
,
,
,
,
,
,
,
,
,
,
,
,
,
,
,
,
,
,
,
,
,
,
,
,
,
,
,
,
,
,
,
,
,
,
,
,
,
,
,
,
,
,
,
,
,
,
,
,
,
,
,
,
,
,
,
,
,
,
,
,
,
,
,
,
,
,
,
,
,
,
,
,
,
,
,
,
,
,
,
,
,
,
,
,
,
,
,
,
,
,
,
,
,
,
,
,
,
,
,
,
,
,
,
,
,
,
,
,
,
,
,
,
,
,
,
,
,
,
,
,
,
,
,
,
,
,
,
,
,
,
,
,
,
,
,
,
,
,
,
,
,
,
,
,
,
,
,
,
,
,
,
,
,
,
,
,
,
,
,
,
,
,
,
,
,
,
,
,
,
,
,
,
,
,
,
,
,
,
,
,
,
,
,
,
,
,
,
,
,
,
,
,
,
,
,
,
,
,
,
,
,
,
,
,
,
,
,
,
,
,
,
,
,
,
,
,
,
,
,
,
,
,
,
,
,
,
,
,
,
,
,
,
,
,
,
,
,
,
,
,
,
,
,
,
,
,
,
,
,
,
,
,
,
,
,
,
,
,
,
,
,
,
,
,
,
,
,
,
,
,
,
,
,
,
,
,
,
,
,
,
,
,
,
,
,
,
,
,
,
,
,
,
,
,
,
,
,
,
,
,
,
,
,
,
,
,
,
,
,
,
,
,
,
,
,
,
,
,
,
,
,
,
,
,
,
,
,
,
,
,
,
,
,
,
,
,
,
,
,
,
,
,
,
,
,
,
,
,
,
,
,
,
,
,
,
,
,
,
,
,
,
,
,
,
,
,
,
,
,
,
,
,
,
,
,
,
,
,
,
,
,
,
,
,
,
,
,
,
,
,
,
,
,
,
,
,
,
,
,
,
,
,
,
,
,
,
,
,
,
,
,
,
,
,
,
,
,
,
,
,
,
,
,
,
,
,
,
,
,
,
,
,
,
,
,
,
,
,
,
,
,
,
,
,
,
,
,
,
,
,
,
,
,
,
,
,
,
,
,
,
,
,
,
,
,
,
,
,
,
,
,
,
,
,
,
,
,
,
,
,
,
,
,
,
,
,
,
,
,
,
,
,
,
,
,
,
,
,
,
,
,
,
,
,
,
,
,
,
,
,
,
,
,
,
,
,
,
,
,
,
,
,
,
,
,
,
,
,
,
,
,
,
,
,
,
,
,
,
,
,
,
,
,
,
,
,
,
,
,
,
,
,
,
,
,
,
,
,
,
,
,
,
,
,
,
,
,
,
,
,
,
,
,
,
,
,
,
,
,
,
,
,
,
,
,
,
,
,
,
,
,
,
,
,
,
,
,
,
,
,
,
,
,
,
,
,
,
,
,
,
,
,
,
,
,
,
,
,
,
,
,
,
,
,
,
,
,
,
,
,
,
,
,
,
,
,
,
,
,
,
,
,
,
,
,
,
,
,
,
,
,
,
,
,
,
,
,
,
,
,
,
,
,
,
,
,
,
,
,
,
,
,
,
,
,
,
,
,
,
,
,
,
,
,
,
,
,
,
,
,
,
,
,
,
,
,
,
,
,
,
,
,
,
,
,
,
,
,
,
,
,
,
,
,
,
,
,
,
,
,
,
,
,
,
,
,
,
,
,
,
,
,
,
,
,
,
,
,
,
,
,
,
,
,
,
,
,
,
,
,
,
,
,
,
,
,
,
,
,
,
,
,
,
,
,
,
,
,
,
,
,
,
,
,
,
,
,
,
,
,
,
,
,
,
,
,
,
,
,
,
,
,
,
,
,
,
,
,
,
,
,
,
,
,
,
,
,
,
,
,
,
,
,
,
,
,
,
,
,
,
,
,
,
,
,
,
,
,
,
,
,
,
,
,
,
,
,
,
,
,
,
,
,
,
,
,
,
,
,
,
,
,
,
,
,
,
,
,
,
,
,
,
,
,
,
,
,
,
,
,
,
,
,
,
,
,
,
,
,
,
,
,
,
,
,
,
,
,
,
,
,
,
,
,
,
,
,
,
,
,
,
,
,
,
,
,
,
,
,
,
,
,
,
,
,
,
,
,
,
,
,
,
,
,
,
,
,
,
,
,
,
,
,
,
,
,
,
,
,
,
,
,
,
,
,
,
,
,
,
,
,
,
,
,
,
,
,
,
,
,
,
,
,
,
,
,
,
,
,
,
,
,
,
,
,
,
,
,
,
,
,
,
,
,
,
,
,
,
,
,
,
,
,
,
,
,
,
,
,
,
,
,
,
,
,
,
,
,
,
,
,
,
,
,
,
,
,
,
,
,
,
,
,
,
,
,
,
,
,
,
,
,
,
,
,
,
,
,
,
,
,
,
,
,
,
,
,
,
,
,
,
,
,
,
,
,
,
,
,
,
,
,
,
,
,
,
,
,
,
,
,
,
,
,
,
,
,
,
,
,
,
,
,
,
,
,
,
,
,
,
,
,
,
,
,
,
,
,
,
,
,
,
,
,
,
,
,
,
,
,
,
,
,
,
,
,
,
,
,
,
,
,
,
,
,
,
,
,
,
,
,
,
,
,
,
,
,
,
,
,
,
,
,
,
,
,
,
,
,
,
,
,
,
,
,
,
,
,
,
,
,
,
,
,
,
,
,
,
,
,
,
,
,
,
,
,
,
,
,
,
,
,
,
,
,
,
,
,
,
,
,
,
,
,
,
,
,
,
,
,
,
,
,
,
,
,
,
,
,
,
,
,
,
,
,
,
,
,
,
,
,
,
,
,
,
,
,
,
,
,
,
,
,
,
,
,
,
,
,
,
,
,
,
,
,
,
,
,
,
,
,
,
,
,
,
,
,
,
,
,
,
,
,
,
,
,
,
,
,
,
,
,
,
,
,
,
,
,
,
,
,
,
,
,
,
,
,
,
,
,
,
,
,
,
,
,
,
,
,
,
,
,
,
,
,
,
,
,
,
,
,
,
,
,
,
,
,
,
,
,
,
,
,
,
,
,
,
,
,
,
,
,
,
,
,
,
,
,
,
,
,
,
,
,
,
,
,
,
,
,
,
,
,
,
,
,
,
,
,
,
,
,
,
,
,
,
,
,
,
,
,
,
,
,
,
,
,
,
,
,
,
,
,
,
,
,
,
,
,
,
,
,
,
,
,
,
,
,
,
,
,
,
,
,
,
,
,
,
,
,
,
,
,
,
,
,
,
,
,
,
,
,
,
,
,
,
,
,
,
,
,
,
,
,
,
,
,
,
,
,
,
,
,
,
,
,
,
,
,
,
,
,
,
,
,
,
,
,
,
,
,
,
,
,
,
,
,
,
,
,
,
,
,
,
,
,
,
,
,
,
,
,
,
,
,
,
,
,
,
,
,
,
,
,
,
,
,
,
,
,
,
,
,
,
,
,
,
,
,
,
,
,
,
,
,
,
,
,
,
,
,
,
,
,
,
,
,
,
,
,
,
,
,
,
,
,
,
,
,
,
,
,
,
,
,
,
,
,
,
,
,
,
,
,
,
,
,
,
,
,
,
,
,
,
,
,
,
,
,
,
,
,
,
,
,
,
,
,
,
,
,
,
,
,
,
,
,
,
,
,
,
,
,
,
,
,
,
,
,
,
,
,
,
,
,
,
,
,
,
,
,
,
,
,
,
,
,
,
,
,
,
,
,
,
,
,
,
,
,
,
,
,
,
,
,
,
,
,
,
,
,
,
,
,
,
,
,
,
,
,
,
,
,
,
,
,
,
,
,
,
,
,
,
,
,
,
,
,
,
,
,
,
,
,
,
,
,
,
,
,
,
,
,
,
,
,
,
,
,
,
,
,
,
,
,
,
,
,
,
,
,
,
,
,
,
,
,
,
,
,
,
,
,
,
,
,
,
,
,
,
,
,
,
,
,
,
,
,
,
,
,
,
,
,
,
,
,
,
,
,
,
,
,
,
,
,
,
,
,
,
,
,
,
,
,
,
,
,
,
,
,
,
,
,
,
,
,
,
,
,
,
,
,
,
,
,
,
,
,
,
,
,
,
,
,
,
,
,
,
,
,
,
,
,
,
,
,
,
,
,
,
,
,
,
,
,
,
,
,
,
,
,
,
,
,
,
,
,
,
,
,
,
,
,
,
,
,
,
,
,
,
,
,
,
,
,
,
,
,
,
,
,
,
,
,
,
,
,
,
,
,
,
,
,
,
,
,
,
,
,
,
,
,
,
,
,
,
,
,
,
,
,
,
,
,
,
,
,
,
,
,
,
,
,
,
,
,
,
,
,
,
,
,
,
,
,
,
,
,
,
,
,
,
,
,
,
,
,
,
,
,
,
,
,
,
,
,
,
,
,
,
,
,
,
,
,
,
,
,
,
,
,
,
,
,
,
,
,
,
,
,
,
,
,
,
,
,
,
,
,
,
,
,
,
,
,
,
,
,
,
,
,
,
,
,
,
,
,
,
,
,
,
,
,
,
,
,
,
,
,
,
,
,
,
,
,
,
,
,
,
,
,
,
,
,
,
,
,
,
,
,
,
,
,
,
,
,
,
,
,
,
,
,
,
,
,
,
,
,
,
,
,
,
,
,
,
,
,
,
,
,
,
,
,
,
,
,
,
,
,
,
,
,
,
,
,
,
,
,
,
,
,
,
,
,
,
,
,
,
,
,
,
,
,
,
,
,
,
,
,
,
,
,
,
,
,
,
,
,
,
,
,
,
,
,
,
,
,
,
,
,
,
,
,
,
,
,
,
,
,
,
,
,
,
,
,
,
,
,
,
,
,
,
,
,
,
,
,
,
,
,
,
,
,
,
,
,
,
,
,
,
,
,
,
,
,
,
,
,
,
,
,
,
,
,
,
,
,
,
,
,
,
,
,
,
,
,
,
,
,
,
,
,
,
,
,
,
,
,
,
,
,
,
,
,
,
,
,
,
,
,
,
,
,
,
,
,
,
,
,
,
,
,
,
,
,
,
,
,
,
,
,
,
,
,
,
,
,
,
,
,
,
,
,
,
,
,
,
,
,
,
,
,
,
,
,
,
,
,
,
,
,
,
,
,
,
,
,
,
,
,
,
,
,
,
,
,
,
,
,
,
,
,
,
,
,
,
,
,
,
,
,
,
,
,
,
,
,
,
,
,
,
,
,
,
,
,
,
,
,
,
,
,
,
,
,
,
,
,
,
,
,
,
,
,
,
,
,
,
,
,
,
,
,
,
,
,
,
,
,
,
,
,
,
,
,
,
,
,
,
,
,
,
,
,
,
,
,
,
,
,
,
,
,
,
,
,
,
,
,
,
,
,
,
,
,
,
,
,
,
,
,
,
,
,
,
,
,
,
,
,
,
,
,
,
,
,
,
,
,
,
,
,
,
,
,
,
,
,
,
,
,
,
,
,
,
,
,
,
,
,
,
,
,
,
,
,
,
,
,
,
,
,
,
,
,
,
,
,
,
,
,
,
,
,
,
,
,
,
,
,
,
,
,
,
,
,
,
,
,
,
,
,
,
,
,
,
,
,
,
,
,
,
,
,
,
,
,
,
,
,
,
,
,
,
,
,
,
,
,
,
,
,
,
,
,
,
,
,
,
,
,
,
,
,
,
,
,
,
,
,
,
,
,
,
,
,
,
,
,
,
,
,
,
,
,
,
,
,
,
,
,
,
,
,
,
,
,
,
,
,
,
,
,
,
,
,
,
,
,
,
,
,
,
,
,
,
,
,
,
,
,
,
,
,
,
,
,
,
,
,
,
,
,
,
,
,
,
,
,
,
,
,
,
,
,
,
,
,
,
,
,
,
,
,
,
,
,
,
,
,
,
,
,
,
,
,
,
,
,
,
,
,
,
,
,
,
,
,
,
,
,
,
,
,
,
,
,
,
,
,
,
,
,
,
,
,
,
,
,
,
,
,
,
,
,
,
,
,
,
,
,
,
,
,
,
,
,
,
,
,
,
,
,
,
,
,
,
,
,
,
,
,
,
,
,
,
,
,
,
,
,
,
,
,
,
,
,
,
,
,
,
,
,
,
,
,
,
,
,
,
,
,
,
,
,
,
,
,
,
,
,
,
,
,
,
,
,
,
,
,
,
,
,
,
,
,
,
,
,
,
,
,
,
,
,
,
,
,
,
,
,
,
,
,
,
,
,
,
,
,
,
,
,
,
,
,
,
,
,
,
,
,
,
,
,
,
,
,
,
,
,
,
,
,
,
,
,
,
,
,
,
,
,
,
,
,
,
,
,
,
,
,
,
,
,
,
,
,
,
,
,
,
,
,
,
,
,
,
,
,
,
,
,
,
,
,
,
,
,
,
,
,
,
,
,
,
,
,
,
,
,
,
,
,
,
,
,
,
,
,
,
,
,
,
,
,
,
,
,
,
,
,
,
,
,
,
,
,
,
,
,
,
,
,
,
,
,
,
,
,
,
,
,
,
,
,
,
,
,
,
,
,
,
,
,
,
,
,
,
,
,
,
,
,
,
,
,
,
,
,
,
,
,
,
,
,
,
,
,
,
,
,
,
,
,
,
,
,
,
,
,
,
,
,
,
,
,
,
,
,
,
,
,
,
,
,
,
,
,
,
,
,
,
,
,
,
,
,
,
,
,
,
,
,
,
,
,
,
,
,
,
,
,
,
,
,
,
,
,
,
,
,
,
,
,
,
,
,
,
,
,
,
,
,
,
,
,
,
,
,
,
,
,
,
,
,
,
,
,
,
,
,
,
,
,
,
,
,
,
,
,
,
,
,
,
,
,
,
,
,
,
,
,
,
,
,
,
,
,
,
,
,
,
,
,
,
,
,
,
,
,
,
,
,
,
,
,
,
,
,
,
,
,
,
,
,
,
,
,
,
,
,
,
,
,
,
,
,
,
,
,
,
,
,
,
,
,
,
,
,
,
,
,
,
,
,
,
,
,
,
,
,
,
,
,
,
,
,
,
,
,
,
,
,
,
,
,
,
,
,
,
,
,
,
,
,
,
,
,
,
,
,
,
,
,
,
,
,
,
,
,
,
,
,
,
,
,
,
,
,
,
,
,
,
,
,
,
,
,
,
,
,
,
,
,
,
,
,
,
,
,
,
,
,
,
,
,
,
,
,
,
,
,
,
,
,
,
,
,
,
,
,
,
,
,
,
,
,
,
,
,
,
,
,
,
,
,
,
,
,
,
,
,
,
,
,
,
,
,
,
,
,
,
,
,
,
,
,
,
,
,
,
,
,
,
,
,
,
,
,
,
,
,
,
,
,
,
,
,
,
,
,
,
,
,
,
,
,
,
,
,
,
,
,
,
,
,
,
,
,
,
,
,
,
,
,
,
,
,
,
,
,
,
,
,
,
,
,
,
,
,
,
,
,
,
,
,
,
,
,
,
,
,
,
,
,
,
,
,
,
,
,
,
,
,
,
,
,
,
,
,
,
,
,
,
,
,
,
,
,
,
,
,
,
,
,
,
,
,
,
,
,
,
,
,
,
,
,
,
,
,
,
,
,
,
,
,
,
,
,
,
,
,
,
,
,
,
,
,
,
,
,
,
,
,
,
,
,
,
,
,
,
,
,
,
,
,
,
,
,
,
,
,
,
,
,
,
,
,
,
,
,
,
,
,
,
,
,
,
,
,
,
,
,
,
,
,
,
,
,
,
,
,
,
,
,
,
,
,
,
,
,
,
,
,
,
,
,
,
,
,
,
,
,
,
,
,
,
,
,
,
,
,
,
,
,
,
,
,
,
,
,
,
,
,
,
,
,
,
,
,
,
,
,
,
,
,
,
,
,
,
,
,
,
,
,
,
,
,
,
,
,
,
,
,
,
,
,
,
,
,
,
,
,
,
,
,
,
,
,
,
,
,
,
,
,
,
,
,
,
,
,
,
,
,
,
,
,
,
,
,
,
,
,
,
,
,
,
,
,
,
,
,
,
,
,
,
,
,
,
,
,
,
,
,
,
,
,
,
,
,
,
,
,
,
,
,
,
,
,
,
,
,
,
,
,
,
,
,
,
,
,
,
,
,
,
,
,
,
,
,
,
,
,
,
,
,
,
,
,
,
,
,
,
,
,
,
,
,
,
,
,
,
,
,
,
,
,
,
,
,
,
,
,
,
,
,
,
,
,
,
,
,
,
,
,
,
,
,
,
,
,
,
,
,
,
,
,
,
,
,
,
,
,
,
,
,
,
,
,
,
,
,
,
,
,
,
,
,
,
,
,
,
,
,
,
,
,
,
,
,
,
,
,
,
,
,
,
,
,
,
,
,
,
,
,
,
,
,
,
,
,
,
,
,
,
,
,
,
,
,
,
,
,
,
,
,
,
,
,
,
,
,
,
,
,
,
,
,
,
,
,
,
,
,
,
,
,
,
,
,
,
,
,
,
,
,
,
,
,
,
,
,
,
,
,
,
,
,
,
,
,
,
,
,
,
,
,
,
,
,
,
,
,
,
,
,
,
,
,
,
,
,
,
,
,
,
,
,
,
,
,
,
,
,
,
,
,
,
,
,
,
,
,
,
,
,
,
,
,
,
,
,
,
,
,
,
,
,
,
,
,
,
,
,
,
,
,
,
,
,
,
,
,
,
,
,
,
,
,
,
,
,
,
,
,
,
,
,
,
,
,
,
,
,
,
,
,
,
,
,
,
,
,
,
,
,
,
,
,
,
,
,
,
,
,
,
,
,
,
,
,
,
,
,
,
,
,
,
,
,
,
,
,
,
,
,
,
,
,
,
,
,
,
,
,
,
,
,
,
,
,
,
,
,
,
,
,
,
,
,
,
,
,
,
,
,
,
,
,
,
,
,
,
,
,
,
,
,
,
,
,
,
,
,
,
,
,
,
,
,
,
,
,
,
,
,
,
,
,
,
,
,
,
,
,
,
,
,
,
,
,
,
,
,
,
,
,
,
,
,
,
,
,
,
,
,
,
,
,
,
,
,
,
,
,
,
,
,
,
,
,
,
,
,
,
,
,
,
,
,
,
,
,
,
,
,
,
,
,
,
,
,
,
,
,
,
,
,
,
,
,
,
,
,
,
,
,
,
,
,
,
,
,
,
,
,
,
,
,
,
,
,
,
,
,
,
,
,
,
,
,
,
,
,
,
,
,
,
,
,
,
,
,
,
,
,
,
,
,
,
,
,
,
,
,
,
,
,
,
,
,
,
,
,
,
,
,
,
,
,
,
,
,
,
,
,
,
,
,
,
,
,
,
,
,
,
,
,
,
,
,
,
,
,
,
,
,
,
,
,
,
,
,
,
,
,
,
,
,
,
,
,
,
,
,
,
,
,
,
,
,
,
,
,
,
,
,
,
,
,
,
,
,
,
,
,
,
,
,
,
,
,
,
,
,
,
,
,
,
,
,
,
,
,
,
,
,
,
,
,
,
,
,
,
,
,
,
,
,
,
,
,
,
,
,
,
,
,
,
,
,
,
,
,
,
,
,
,
,
,
,
,
,
,
,
,
,
,
,
,
,
,
,
,
,
,
,
,
,
,
,
,
,
,
,
,
,
,
,
,
,
,
,
,
,
,
,
,
,
,
,
,
,
,
,
,
,
,
,
,
,
,
,
,
,
,
,
,
,
,
,
,
,
,
,
,
,
,
,
,
,
,
,
,
,
,
,
,
,
,
,
,
,
,
,
,
,
,
,
,
,
,
,
,
,
,
,
,
,
,
,
,
,
,
,
,
,
,
,
,
,
,
,
,
,
,
,
,
,
,
,
,
,
,
,
,
,
,
,
,
,
,
,
,
,
,
,
,
,
,
,
,
,
,
,
,
,
,
,
,
,
,
,
,
,
,
,
,
,
,
,
,
,
,
,
,
,
,
,
,
,
,
,
,
,
,
,
,
,
,
,
,
,
,
,
,
,
,
,
,
,
,
,
,
,
,
,
,
,
,
,
,
,
,
,
,
,
,
,
,
,
,
,
,
,
,
,
,
,
,
,
,
,
,
,
,
,
,
,
,
,
,
,
,
,
,
,
,
,
,
,
,
,
,
,
,
,
,
,
,
,
,
,
,
,
,
,
,
,
,
,
,
,
,
,
,
,
,
,
,
,
,
,
,
,
,
,
,
,
,
,
,
,
,
,
,
,
,
,
,
,
,
,
,
,
,
,
,
,
,
,
,
,
,
,
,
,
,
,
,
,
,
,
,
,
,
,
,
,
,
,
,
,
,
,
,
,
,
,
,
,
,
,
,
,
,
,
,
,
,
,
,
,
,
,
,
,
,
,
,
,
,
,
,
,
,
,
,
,
,
,
,
,
,
,
,
,
,
,
,
,
,
,
,
,
,
,
,
,
,
,
,
,
,
,
,
,
,
,
,
,
,
,
,
,
,
,
,
,
,
,
,
,
,
,
,
,
,
,
,
,
,
,
,
,
,
,
,
,
,
,
,
,
,
,
,
,
,
,
,
,
,
,
,
,
,
,
,
,
,
,
,
,
,
,
,
,
,
,
,
,
,
,
,
,
,
,
,
,
,
,
,
,
,
,
,
,
,
,
,
,
,
,
,
,
,
,
,
,
,
,
,
,
,
,
,
,
,
,
,
,
,
,
,
,
,
,
,
,
,
,
,
,
,
,
,
,
,
,
,
,
,
,
,
,
,
,
,
,
,
,
,
,
,
,
,
,
,
,
,
,
,
,
,
,
,
,
,
,
,
,
,
,
,
,
,
,
,
,
,
,
,
,
,
,
,
,
,
,
,
,
,
,
,
,
,
,
,
,
,
,
,
,
,
,
,
,
,
,
,
,
,
,
,
,
,
,
,
,
,
,
,
,
,
,
,
,
,
,
,
,
,
,
,
,
,
,
,
,
,
,
,
,
,
,
,
,
,
,
,
,
,
,
,
,
,
,
,
,
,
,
,
,
,
,
,
,
,
,
,
,
,
,
,
,
,
,
,
,
,
,
,
,
,
,
,
,
,
,
,
,
,
,
,
,
,
,
,
,
,
,
,
,
,
,
,
,
,
,
,
,
,
,
,
,
,
,
,
,
,
,
,
,
,
,
,
,
,
,
,
,
,
,
,
,
,
,
,
,
,
,
,
,
,
,
,
,
,
,
,
,
,
,
,
,
,
,
,
,
,
,
,
,
,
,
,
,
,
,
,
,
,
,
,
,
,
,
,
,
,
,
,
,
,
,
,
,
,
,
,
,
,
,
,
,
,
,
,
,
,
,
,
,
,
,
,
,
,
,
,
,
,
,
,
,
,
,
,
,
,
,
,
,
,
,
,
,
,
,
,
,
,
,
,
,
,
,
,
,
,
,
,
,
,
,
,
,
,
,
,
,
,
,
,
,
,
,
,
,
,
,
,
,
,
,
,
,
,
,
,
,
,
,
,
,
,
,
,
,
,
,
,
,
,
,
,
,
,
,
,
,
,
,
,
,
,
,
,
,
,
,
,
,
,
,
,
,
,
,
,
,
,
,
,
,
,
,
,
,
,
,
,
,
,
,
,
,
,
,
,
,
,
,
,
,
,
,
,
,
,
,
,
,
,
,
,
,
,
,
,
,
,
,
,
,
,
,
,
,
,
,
,
,
,
,
,
,
,
,
,
,
,
,
,
,
,
,
,
,
,
,
,
,
,
,
,
,
,
,
,
,
,
,
,
,
,
,
,
,
,
,
,
,
,
,
,
,
,
,
,
,
,
,
,
,
,
,
,
,
,
,
,
,
,
,
,
,
,
,
,
,
,
,
,
,
,
,
,
,
,
,
,
,
,
,
,
,
,
,
,
,
,
,
,
,
,
,
,
,
,
,
,
,
,
,
,
,
,
,
,
,
,
,
,
,
,
,
,
,
,
,
,
,
,
,
,
,
,
,
,
,
,
,
,
,
,
,
,
,
,
,
,
,
,
,
,
,
,
,
,
,
,
,
,
,
,
,
,
,
,
,
,
,
,
,
,
,
,
,
,
,
,
,
,
,
,
,
,
,
,
,
,
,
,
,
,
,
,
,
,
,
,
,
,
,
,
,
,
,
,
,
,
,
,
,
,
,
,
,
,
,
,
,
,
,
,
,
,
,
,
,
,
,
,
,
,
,
,
,
,
,
,
,
,
,
,
,
,
,
,
,
,
,
,
,
,
,
,
,
,
,
,
,
,
,
,
,
,
,
,
,
,
,
,
,
,
,
,
,
,
,
,
,
,
,
,
,
,
,
,
,
,
,
,
,
,
,
,
,
,
,
,
,
,
,
,
,
,
,
,
,
,
,
,
,
,
,
,
,
,
,
,
,
,
,
,
,
,
,
,
,
,
,
,
,
,
,
,
,
,
,
,
,
,
,
,
,
,
,
,
,
,
,
,
,
,
,
,
,
,
,
,
,
,
,
,
,
,
,
,
,
,
,
,
,
,
,
,
,
,
,
,
,
,
,
,
,
,
,
,
,
,
,
,
,
,
,
,
,
,
,
,
,
,
,
,
,
,
,
,
,
,
,
,
,
,
,
,
,
,
,
,
,
,
,
,
,
,
,
,
,
,
,
,
,
,
,
,
,
,
,
,
,
,
,
,
,
,
,
,
,
,
,
,
,
,
,
,
,
,
,
,
,
,
,
,
,
,
,
,
,
,
,
,
,
,
,
,
,
,
,
,
,
,
,
,
,
,
,
,
,
,
,
,
,
,
,
,
,
,
,
,
,
,
,
,
,
,
,
,
,
,
,
,
,
,
,
,
,
,
,
,
,
,
,
,
,
,
,
,
,
,
,
,
,
,
,
,
,
,
,
,
,
,
,
,
,
,
,
,
,
,
,
,
,
,
,
,
,
,
,
,
,
,
,
,
,
,
,
,
,
,
,
,
,
,
,
,
,
,
,
,
,
,
,
,
,
,
,
,
,
,
,
,
,
,
,
,
,
,
,
,
,
,
,
,
,
,
,
,
,
,
,
,
,
,
,
,
,
,
,
,
,
,
,
,
,
,
,
,
,
,
,
,
,
,
,
,
,
,
,
,
,
,
,
,
,
,
,
,
,
,
,
,
,
,
,
,
,
,
,
,
,
,
,
,
,
,
,
,
,
,
,
,
,
,
,
,
,
,
,
,
,
,
,
,
,
,
,
,
,
,
,
,
,
,
,
,
,
,
,
,
,
,
,
,
,
,
,
,
,
,
,
,
,
,
,
,
,
,
,
,
,
,
,
,
,
,
,
,
,
,
,
,
,
,
,
,
,
,
,
,
,
,
,
,
,
,
,
,
,
,
,
,
,
,
,
,
,
,
,
,
,
,
,
,
,
,
,
,
,
,
,
,
,
,
,
,
,
,
,
,
,
,
,
,
,
,
,
,
,
,
,
,
,
,
,
,
,
,
,
,
,
,
,
,
,
,
,
,
,
,
,
,
,
,
,
,
,
,
,
,
,
,
,
,
,
,
,
,
,
,
,
,
,
,
,
,
,
,
,
,
,
,
,
,
,
,
,
,
,
,
,
,
,
,
,
,
,
,
,
,
,
,
,
,
,
,
,
,
,
,
,
,
,
,
,
,
,
,
,
,
,
,
,
,
,
,
,
,
,
,
,
,
,
,
,
,
,
,
,
,
,
,
,
,
,
,
,
,
,
,
,
,
,
,
,
,
,
,
,
,
,
,
,
,
,
,
,
,
,
,
,
,
,
,
,
,
,
,
,
,
,
,
,
,
,
,
,
,
,
,
,
,
,
,
,
,
,
,
,
,
,
,
,
,
,
,
,
,
,
,
,
,
,
,
,
,
,
,
,
,
,
,
,
,
,
,
,
,
,
,
,
,
,
,
,
,
,
,
,
,
,
,
,
,
,
,
,
,
,
,
,
,
,
,
,
,
,
,
,
,
,
,
,
,
,
,
,
,
,
,
,
,
,
,
,
,
,
,
,
,
,
,
,
,
,
,
,
,
,
,
,
,
,
,
,
,
,
,
,
,
,
,
,
,
,
,
,
,
,
,
,
,
,
,
,
,
,
,
,
,
,
,
,
,
,
,
,
,
,
,
,
,
,
,
,
,
,
,
,
,
,
,
,
,
,
,
,
,
,
,
,
,
,
,
,
,
,
,
,
,
,
,
,
,
,
,
,
,
,
,
,
,
,
,
,
,
,
,
,
,
,
,
,
,
,
,
,
,
,
,
,
,
,
,
,
,
,
,
,
,
,
,
,
,
,
,
,
,
,
,
,
,
,
,
,
,
,
,
,
,
,
,
,
,
,
,
,
,
,
,
,
,
,
,
,
,
,
,
,
,
,
,
,
,
,
,
,
,
,
,
,
,
,
,
,
,
,
,
,
,
,
,
,
,
,
,
,
,
,
,
,
,
,
,
,
,
,
,
,
,
,
,
,
,
,
,
,
,
,
,
,
,
,
,
,
,
,
,
,
,
,
,
,
,
,
,
,
,
,
,
,
,
,
,
,
,
,
,
,
,
,
,
,
,
,
