Date,Inflows_m/s^3
3/11/1963,134.545
3/12/1963,132.529
3/13/1963,131.55
3/14/1963,134.459
3/15/1963,133.94
3/16/1963,135.726
3/17/1963,134.459
3/18/1963,128.325
3/19/1963,130.11
3/20/1963,123.775
3/21/1963,129.016
3/22/1963,127.461
3/23/1963,125.618
3/24/1963,125.848
3/25/1963,143.703
3/26/1963,176.475
3/27/1963,211.494
3/28/1963,227.506
3/29/1963,235.252
3/30/1963,256.016
3/31/1963,275.887
4/1/1963,294.222
4/2/1963,317.124
4/3/1963,314.969
4/4/1963,306.077
4/5/1963,283.714
4/6/1963,260.274
4/7/1963,233.438
4/8/1963,220.963
4/9/1963,209.054
4/10/1963,212.961
4/11/1963,226.298
4/12/1963,228.75
4/13/1963,224.978
4/14/1963,206.845
4/15/1963,191.002
4/16/1963,217.434
4/17/1963,252.191
4/18/1963,290.45
4/19/1963,286.948
4/20/1963,247.341
4/21/1963,216.086
4/22/1963,193.454
4/23/1963,172.169
4/24/1963,160.852
4/25/1963,152.5
4/26/1963,139.298
4/27/1963,130.945
4/28/1963,122.862
4/29/1963,126.041
4/30/1963,140.672
5/1/1963,169.94
5/2/1963,161.668
5/3/1963,143.736
5/4/1963,135.353
5/5/1963,135.88
5/6/1963,142.431
5/7/1963,168.136
5/8/1963,209.275
5/9/1963,290.359
5/10/1963,373.08
5/11/1963,423.324
5/12/1963,482.451
5/13/1963,519.093
5/14/1963,538.801
5/15/1963,556.567
5/16/1963,565.728
5/17/1963,580.44
5/18/1963,559.065
5/19/1963,544.908
5/20/1963,562.119
5/21/1963,575.998
5/22/1963,590.711
5/23/1963,597.373
5/24/1963,607.088
5/25/1963,582.938
5/26/1963,569.336
5/27/1963,559.343
5/28/1963,536.858
5/29/1963,504.935
5/30/1963,490.778
5/31/1963,484.116
6/1/1963,531.9
6/2/1963,522.354
6/3/1963,512.509
6/4/1963,478.203
6/5/1963,465.972
6/6/1963,484.169
6/7/1963,459.349
6/8/1963,438.169
6/9/1963,426.892
6/10/1963,416.063
6/11/1963,426.475
6/12/1963,425.61
6/13/1963,406.726
6/14/1963,358.279
6/15/1963,331.132
6/16/1963,306.969
6/17/1963,325.972
6/18/1963,339.545
6/19/1963,346.108
6/20/1963,361.859
6/21/1963,351.239
6/22/1963,351.15
6/23/1963,346.287
6/24/1963,336.442
6/25/1963,313.741
6/26/1963,287.22
6/27/1963,258.94
6/28/1963,232.18
6/29/1963,211.847
6/30/1963,139.069
7/1/1963,137.189
7/2/1963,143.409
7/3/1963,137.239
7/4/1963,99.78
7/5/1963,115.727
7/6/1963,89.53
7/7/1963,85.989
7/8/1963,84.388
7/9/1963,85.397
7/10/1963,75.769
7/11/1963,60.289
7/12/1963,65.819
7/13/1963,86.453
7/14/1963,93.391
7/15/1963,95.375
7/16/1963,88.237
7/17/1963,107.722
7/18/1963,87.635
7/19/1963,94.088
7/20/1963,95.216
7/21/1963,66.906
7/22/1963,64.536
7/23/1963,63.563
7/24/1963,78.068
7/25/1963,64.077
7/26/1963,61.195
7/27/1963,23.42
7/28/1963,52.273
7/29/1963,35.969
7/30/1963,48.777
7/31/1963,47.321
8/1/1963,43.179
8/2/1963,39.852
8/3/1963,39.493
8/4/1963,53.912
8/5/1963,54.171
8/6/1963,135.333
8/7/1963,112.505
8/8/1963,146.554
8/9/1963,125.924
8/10/1963,132.377
8/11/1963,144.855
8/12/1963,157.175
8/13/1963,149.364
8/14/1963,145.852
8/15/1963,136.986
8/16/1963,112.857
8/17/1963,108.06
8/18/1963,107.686
8/19/1963,124.937
8/20/1963,113.066
8/21/1963,109.054
8/22/1963,106.868
8/23/1963,97.531
8/24/1963,122.115
8/25/1963,128.625
8/26/1963,144.914
8/27/1963,165.684
8/28/1963,154.848
8/29/1963,201.889
8/30/1963,196.74
8/31/1963,295.766
9/1/1963,367.624
9/2/1963,325.737
9/3/1963,339.528
9/4/1963,284.321
9/5/1963,181.374
9/6/1963,210.058
9/7/1963,227.104
9/8/1963,195.208
9/9/1963,164.642
9/10/1963,179.93
9/11/1963,212.309
9/12/1963,181.855
9/13/1963,177.127
9/14/1963,135.011
9/15/1963,165.877
9/16/1963,124.266
9/17/1963,140.213
9/18/1963,126.45
9/19/1963,145.681
9/20/1963,133.431
9/21/1963,152.319
9/22/1963,140.927
9/23/1963,183.856
9/24/1963,168.625
9/25/1963,122.156
9/26/1963,119.814
9/27/1963,128.751
9/28/1963,118.943
9/29/1963,113.276
9/30/1963,96.087
10/1/1963,107.137
10/2/1963,89.363
10/3/1963,79.355
10/4/1963,85.165
10/5/1963,76.956
10/6/1963,83.852
10/7/1963,73.916
10/8/1963,93.788
10/9/1963,54.814
10/10/1963,54.799
10/11/1963,76.371
10/12/1963,54.214
10/13/1963,68.705
10/14/1963,53.586
10/15/1963,54.985
10/16/1963,77.713
10/17/1963,54.942
10/18/1963,70.975
10/19/1963,79.241
10/20/1963,85.494
10/21/1963,122.484
10/22/1963,133.291
10/23/1963,148.61
10/24/1963,154.606
10/25/1963,144.941
10/26/1963,120.071
10/27/1963,94.945
10/28/1963,124.668
10/29/1963,114.689
10/30/1963,135.275
10/31/1963,118.958
11/1/1963,118.529
11/2/1963,118.729
11/3/1963,131.078
11/4/1963,125.81
11/5/1963,125.125
11/6/1963,124.825
11/7/1963,111.348
11/8/1963,128.152
11/9/1963,148.824
11/10/1963,136.675
11/11/1963,154.506
11/12/1963,128.794
11/13/1963,128.78
11/14/1963,132.406
11/15/1963,144.769
11/16/1963,123.966
11/17/1963,172.094
11/18/1963,175.82
11/19/1963,131.649
11/20/1963,131.906
11/21/1963,135.304
11/22/1963,147.039
11/23/1963,123.255
11/24/1963,155.191
11/25/1963,129.265
11/26/1963,138.202
11/27/1963,127.338
11/28/1963,149.98
11/29/1963,137.417
11/30/1963,128.109
12/1/1963,132.163
12/2/1963,124.58
12/3/1963,130.659
12/4/1963,120.178
12/5/1963,127.174
12/6/1963,103.746
12/7/1963,114.082
12/8/1963,119.122
12/9/1963,107.087
12/10/1963,112.84
12/11/1963,92.097
12/12/1963,86.2
12/13/1963,93.995
12/14/1963,94.866
12/15/1963,92.482
12/16/1963,88.613
12/17/1963,66.456
12/18/1963,84.361
12/19/1963,95.011
12/20/1963,124.178
12/21/1963,107.375
12/22/1963,126.162
12/23/1963,136.225
12/24/1963,120.378
12/25/1963,132.042
12/26/1963,134.597
12/27/1963,146.39
12/28/1963,134.191
12/29/1963,125.045
12/30/1963,129.875
12/31/1963,128.724
1/1/1964,128.337
1/2/1964,125.04
1/3/1964,127.468
1/4/1964,128.569
1/5/1964,126.101
1/6/1964,128.872
1/7/1964,124.976
1/8/1964,124.092
1/9/1964,102.704
1/10/1964,124.249
1/11/1964,121.366
1/12/1964,93.3
1/13/1964,93.457
1/14/1964,94.886
1/15/1964,76.669
1/16/1964,91.874
1/17/1964,88.977
1/18/1964,91.304
1/19/1964,95.616
1/20/1964,100.685
1/21/1964,123.101
1/22/1964,129.326
1/23/1964,131.198
1/24/1964,136.279
1/25/1964,139.579
1/26/1964,133.513
1/27/1964,149.604
1/28/1964,123.565
1/29/1964,127.046
1/30/1964,132.501
1/31/1964,147.78
2/1/1964,124.405
2/2/1964,124.533
2/3/1964,123.843
2/4/1964,123.134
2/5/1964,103.104
2/6/1964,124.147
2/7/1964,123.619
2/8/1964,120.897
2/9/1964,122.343
2/10/1964,101.214
2/11/1964,121.814
2/12/1964,121.943
2/13/1964,124.584
2/14/1964,123.913
2/15/1964,128.31
2/16/1964,125.869
2/17/1964,148.426
2/18/1964,126.127
2/19/1964,131.804
2/20/1964,131.418
2/21/1964,132.147
2/22/1964,131.076
2/23/1964,128.977
2/24/1964,148.299
2/25/1964,125.014
2/26/1964,147.381
2/27/1964,127.197
2/28/1964,147.893
2/29/1964,124.604
3/1/1964,119.564
3/2/1964,118.583
3/3/1964,120.939
3/4/1964,121.396
3/5/1964,123.123
3/6/1964,124.689
3/7/1964,123.347
3/8/1964,125.008
3/9/1964,124.037
3/10/1964,142.836
3/11/1964,121.478
3/12/1964,121.478
3/13/1964,118.946
3/14/1964,119.86
3/15/1964,117.976
3/16/1964,121.559
3/17/1964,122.416
3/18/1964,120.645
3/19/1964,123.543
3/20/1964,125.87
3/21/1964,127.626
3/22/1964,127.013
3/23/1964,127.07
3/24/1964,126.584
3/25/1964,127.841
3/26/1964,166.156
3/27/1964,194.641
3/28/1964,131.801
3/29/1964,175.581
3/30/1964,134.157
3/31/1964,128.195
4/1/1964,118.245
4/2/1964,146.719
4/3/1964,162.306
4/4/1964,118.922
4/5/1964,128.61
4/6/1964,272.516
4/7/1964,229.668
4/8/1964,188.244
4/9/1964,211.294
4/10/1964,244.499
4/11/1964,120.522
4/12/1964,194.762
4/13/1964,171.526
4/14/1964,169.561
4/15/1964,170.709
4/16/1964,135.372
4/17/1964,142.631
4/18/1964,153.69
4/19/1964,186.177
4/20/1964,203.95
4/21/1964,216.849
4/22/1964,230.55
4/23/1964,223.136
4/24/1964,220.305
4/25/1964,205.965
4/26/1964,233.971
4/27/1964,299.741
4/28/1964,350.141
4/29/1964,255.066
4/30/1964,233.034
5/1/1964,196.207
5/2/1964,156.175
5/3/1964,255.524
5/4/1964,254.868
5/5/1964,298.291
5/6/1964,290.432
5/7/1964,269.117
5/8/1964,243.626
5/9/1964,249.9
5/10/1964,273.68
5/11/1964,216.782
5/12/1964,211.532
5/13/1964,205.3
5/14/1964,192.18
5/15/1964,225.316
5/16/1964,264.005
5/17/1964,281.406
5/18/1964,419.354
5/19/1964,571.03
5/20/1964,716.135
5/21/1964,877.468
5/22/1964,1036.144
5/23/1964,1156.89
5/24/1964,1332.642
5/25/1964,1357.487
5/26/1964,1404.53
5/27/1964,1414.732
5/28/1964,1437.516
5/29/1964,1477.709
5/30/1964,1449.344
5/31/1964,1321.91
6/1/1964,1164.314
6/2/1964,1039.173
6/3/1964,916.18
6/4/1964,857.1
6/5/1964,763.202
6/6/1964,712.852
6/7/1964,712.829
6/8/1964,728.195
6/9/1964,767.321
6/10/1964,882.703
6/11/1964,1049.888
6/12/1964,955.083
6/13/1964,872.84
6/14/1964,940.417
6/15/1964,941.194
6/16/1964,868.695
6/17/1964,804.45
6/18/1964,801.173
6/19/1964,810.245
6/20/1964,792.051
6/21/1964,807.564
6/22/1964,746.487
6/23/1964,656.008
6/24/1964,652.653
6/25/1964,626.194
6/26/1964,569.39
6/27/1964,530.226
6/28/1964,537.734
6/29/1964,549.883
6/30/1964,549.727
7/1/1964,580.761
7/2/1964,590.608
7/3/1964,579.648
7/4/1964,543.927
7/5/1964,545.026
7/6/1964,522.239
7/7/1964,489.351
7/8/1964,457.849
7/9/1964,415.563
7/10/1964,380.862
7/11/1964,363.253
7/12/1964,348.511
7/13/1964,341.164
7/14/1964,334.281
7/15/1964,349.294
7/16/1964,319.807
7/17/1964,299.621
7/18/1964,285.376
7/19/1964,265.869
7/20/1964,292.119
7/21/1964,298.993
7/22/1964,284.041
7/23/1964,234.86
7/24/1964,234.697
7/25/1964,221.64
7/26/1964,214.485
7/27/1964,219.384
7/28/1964,266.709
7/29/1964,269.646
7/30/1964,241.241
7/31/1964,236.313
8/1/1964,243.197
8/2/1964,305.153
8/3/1964,449.56
8/4/1964,475.859
8/5/1964,451.379
8/6/1964,339.889
8/7/1964,330.714
8/8/1964,285.543
8/9/1964,262.867
8/10/1964,235.519
8/11/1964,207.197
8/12/1964,208.715
8/13/1964,207.949
8/14/1964,357.011
8/15/1964,485.833
8/16/1964,362.234
8/17/1964,214.375
8/18/1964,301.642
8/19/1964,226.313
8/20/1964,223.252
8/21/1964,210.189
8/22/1964,196.924
8/23/1964,190.81
8/24/1964,181.105
8/25/1964,167.15
8/26/1964,145.859
8/27/1964,151.57
8/28/1964,168.751
8/29/1964,129.388
8/30/1964,137.787
8/31/1964,147.948
9/1/1964,111.996
9/2/1964,102.211
9/3/1964,91.782
9/4/1964,110.193
9/5/1964,112.687
9/6/1964,107.152
9/7/1964,100.427
9/8/1964,99.458
9/9/1964,110.589
9/10/1964,126.703
9/11/1964,123.972
9/12/1964,126.293
9/13/1964,102.474
9/14/1964,107.798
9/15/1964,109.671
9/16/1964,118.301
9/17/1964,118.279
9/18/1964,143.241
9/19/1964,135.726
9/20/1964,127.406
9/21/1964,396.393
9/22/1964,168.973
9/23/1964,182.089
9/24/1964,218.639
9/25/1964,185.635
9/26/1964,187.046
9/27/1964,194.628
9/28/1964,218.517
9/29/1964,177.058
9/30/1964,183
10/1/1964,189.383
10/2/1964,178.212
10/3/1964,186.932
10/4/1964,175.438
10/5/1964,178.435
10/6/1964,182.773
10/7/1964,186.39
10/8/1964,171.028
10/9/1964,181.105
10/10/1964,165.029
10/11/1964,127.352
10/12/1964,157.702
10/13/1964,145.182
10/14/1964,144.956
10/15/1964,153.118
10/16/1964,136.386
10/17/1964,172.123
10/18/1964,150.281
10/19/1964,146.083
10/20/1964,162.35
10/21/1964,159.513
10/22/1964,162.821
10/23/1964,169.364
10/24/1964,172.992
10/25/1964,163.903
10/26/1964,165.113
10/27/1964,152.354
10/28/1964,181.2
10/29/1964,159.119
10/30/1964,194.967
10/31/1964,152.94
11/1/1964,170.372
11/2/1964,164.655
11/3/1964,162.833
11/4/1964,164.249
11/5/1964,197.93
11/6/1964,172.885
11/7/1964,194.459
11/8/1964,181.66
11/9/1964,159.067
11/10/1964,219.479
11/11/1964,158.144
11/12/1964,147.859
11/13/1964,174.147
11/14/1964,174.708
11/15/1964,207.44
11/16/1964,154.19
11/17/1964,177.908
11/18/1964,194.038
11/19/1964,215.161
11/20/1964,215.761
11/21/1964,220.207
11/22/1964,219.736
11/23/1964,209
11/24/1964,211.337
11/25/1964,205.118
11/26/1964,187.819
11/27/1964,213.282
11/28/1964,188.622
11/29/1964,220.325
11/30/1964,207.591
12/1/1964,207.762
12/2/1964,222.755
12/3/1964,223.621
12/4/1964,199.808
12/5/1964,215.242
12/6/1964,216.357
12/7/1964,208.541
12/8/1964,210.102
12/9/1964,211.373
12/10/1964,198.625
12/11/1964,171.975
12/12/1964,238.961
12/13/1964,177.817
12/14/1964,213.805
12/15/1964,189.455
12/16/1964,202.228
12/17/1964,162.903
12/18/1964,119.275
12/19/1964,112.117
12/20/1964,107.823
12/21/1964,142.553
12/22/1964,192.569
12/23/1964,248.736
12/24/1964,225.785
12/25/1964,291.917
12/26/1964,285.559
12/27/1964,303.612
12/28/1964,369.983
12/29/1964,365.046
12/30/1964,339.302
12/31/1964,333.297
1/1/1965,283.489
1/2/1965,272.882
1/3/1965,229.445
1/4/1965,212.201
1/5/1965,196.668
1/6/1965,211.622
1/7/1965,217.65
1/8/1965,258.088
1/9/1965,283.486
1/10/1965,315.214
1/11/1965,297.697
1/12/1965,316.389
1/13/1965,280.443
1/14/1965,285.62
1/15/1965,266.058
1/16/1965,279.825
1/17/1965,280.263
1/18/1965,278.419
1/19/1965,274.913
1/20/1965,262.347
1/21/1965,271.165
1/22/1965,228.227
1/23/1965,281.093
1/24/1965,267.772
1/25/1965,262.337
1/26/1965,278.04
1/27/1965,271.629
1/28/1965,283.649
1/29/1965,268.236
1/30/1965,271.395
1/31/1965,252.654
2/1/1965,283.631
2/2/1965,267.555
2/3/1965,307.381
2/4/1965,330.189
2/5/1965,337.821
2/6/1965,308.233
2/7/1965,324.405
2/8/1965,294.032
2/9/1965,301.58
2/10/1965,325.79
2/11/1965,292.47
2/12/1965,310.874
2/13/1965,298.478
2/14/1965,304.005
2/15/1965,280.359
2/16/1965,259.324
2/17/1965,239.121
2/18/1965,253.311
2/19/1965,253.286
2/20/1965,249.404
2/21/1965,260.529
2/22/1965,283.025
2/23/1965,306.731
2/24/1965,251.576
2/25/1965,308.862
2/26/1965,294.827
2/27/1965,283.337
2/28/1965,302.149
3/1/1965,266.376
3/2/1965,268.826
3/3/1965,292.799
3/4/1965,283.061
3/5/1965,263.884
3/6/1965,267.679
3/7/1965,236.767
3/8/1965,229.56
3/9/1965,235.298
3/10/1965,255.19
3/11/1965,230.868
3/12/1965,254.424
3/13/1965,249.227
3/14/1965,239.26
3/15/1965,246.307
3/16/1965,159.988
3/17/1965,297.547
3/18/1965,356.889
3/19/1965,270.208
3/20/1965,269.626
3/21/1965,266.63
3/22/1965,259.545
3/23/1965,243.132
3/24/1965,265.57
3/25/1965,254.268
3/26/1965,298.195
3/27/1965,334.945
3/28/1965,330.215
3/29/1965,287.475
3/30/1965,282.918
3/31/1965,288.117
4/1/1965,312.427
4/2/1965,295.595
4/3/1965,347.853
4/4/1965,376.272
4/5/1965,435.811
4/6/1965,456.677
4/7/1965,503.481
4/8/1965,409.973
4/9/1965,405.893
4/10/1965,324.068
4/11/1965,367.839
4/12/1965,422.937
4/13/1965,396.286
4/14/1965,360.261
4/15/1965,361.574
4/16/1965,354.048
4/17/1965,359.828
4/18/1965,392.122
4/19/1965,388.505
4/20/1965,446.97
4/21/1965,552.459
4/22/1965,563.097
4/23/1965,771.672
4/24/1965,896.891
4/25/1965,961.132
4/26/1965,1034.17
4/27/1965,1028.106
4/28/1965,1044.819
4/29/1965,960.599
4/30/1965,873.752
5/1/1965,806.87
5/2/1965,794.348
5/3/1965,810.786
5/4/1965,1043.196
5/5/1965,1213.506
5/6/1965,1109.067
5/7/1965,1121.299
5/8/1965,1108.502
5/9/1965,1032.022
5/10/1965,959.602
5/11/1965,841.09
5/12/1965,808.506
5/13/1965,727.287
5/14/1965,689.141
5/15/1965,724.372
5/16/1965,747.182
5/17/1965,848.864
5/18/1965,819.411
5/19/1965,841.224
5/20/1965,966.64
5/21/1965,1087.331
5/22/1965,1202.599
5/23/1965,1369.031
5/24/1965,1563.769
5/25/1965,1746.25
5/26/1965,1650.14
5/27/1965,1560.603
5/28/1965,1457.78
5/29/1965,1315.23
5/30/1965,1196.564
5/31/1965,1024.042
6/1/1965,1029.844
6/2/1965,940.415
6/3/1965,971.403
6/4/1965,1041.184
6/5/1965,1057.39
6/6/1965,1124.941
6/7/1965,1232.734
6/8/1965,1182.081
6/9/1965,1192.796
6/10/1965,1274.506
6/11/1965,1406.621
6/12/1965,1498.73
6/13/1965,1631.831
6/14/1965,1698.004
6/15/1965,1896.019
6/16/1965,2022.4
6/17/1965,2061.491
6/18/1965,2142.534
6/19/1965,2195.697
6/20/1965,2150.524
6/21/1965,2124.513
6/22/1965,2107.019
6/23/1965,2104.633
6/24/1965,1993.758
6/25/1965,1872.855
6/26/1965,1796.011
6/27/1965,1774.028
6/28/1965,1690.35
6/29/1965,1527.289
6/30/1965,1428.527
7/1/1965,1396.496
7/2/1965,1362.765
7/3/1965,1316.389
7/4/1965,1290.012
7/5/1965,1280.184
7/6/1965,1261.692
7/7/1965,1219.951
7/8/1965,1211.319
7/9/1965,1166.958
7/10/1965,1145.45
7/11/1965,1098.649
7/12/1965,1048.272
7/13/1965,1003.033
7/14/1965,1005.614
7/15/1965,1096.202
7/16/1965,992.44
7/17/1965,886.903
7/18/1965,941.168
7/19/1965,816.437
7/20/1965,772.322
7/21/1965,808.5
7/22/1965,795.175
7/23/1965,789.025
7/24/1965,735.177
7/25/1965,718.906
7/26/1965,800.306
7/27/1965,809.207
7/28/1965,824.421
7/29/1965,825.021
7/30/1965,772.741
7/31/1965,685.067
8/1/1965,667.183
8/2/1965,675.38
8/3/1965,781.499
8/4/1965,950.482
8/5/1965,752.551
8/6/1965,664.135
8/7/1965,603.871
8/8/1965,538.276
8/9/1965,492.599
8/10/1965,462.041
8/11/1965,364.867
8/12/1965,398.142
8/13/1965,343.946
8/14/1965,304.721
8/15/1965,344.704
8/16/1965,332.275
8/17/1965,304.388
8/18/1965,328.4
8/19/1965,367.28
8/20/1965,376.286
8/21/1965,389.001
8/22/1965,373.587
8/23/1965,395.453
8/24/1965,385.313
8/25/1965,363.133
8/26/1965,352.658
8/27/1965,349.005
8/28/1965,343.505
8/29/1965,387.198
8/30/1965,288.251
8/31/1965,336.582
9/1/1965,325.905
9/2/1965,292.791
9/3/1965,279.271
9/4/1965,320.209
9/5/1965,337.591
9/6/1965,273.055
9/7/1965,335.909
9/8/1965,286.118
9/9/1965,351.276
9/10/1965,378.274
9/11/1965,335.935
9/12/1965,352.541
9/13/1965,350.854
9/14/1965,342.688
9/15/1965,301.732
9/16/1965,305.109
9/17/1965,242.364
9/18/1965,294.442
9/19/1965,294.874
9/20/1965,308.714
9/21/1965,438.214
9/22/1965,438.237
9/23/1965,498.043
9/24/1965,460.943
9/25/1965,439.132
9/26/1965,408.897
9/27/1965,413.399
9/28/1965,402.945
9/29/1965,425.198
9/30/1965,408.19
10/1/1965,400.047
10/2/1965,393.825
10/3/1965,362.084
10/4/1965,334.093
10/5/1965,402.117
10/6/1965,394.181
10/7/1965,386.593
10/8/1965,385.379
10/9/1965,355.248
10/10/1965,328.633
10/11/1965,313.532
10/12/1965,313.124
10/13/1965,306.186
10/14/1965,295.802
10/15/1965,310.055
10/16/1965,391.403
10/17/1965,439.963
10/18/1965,513.762
10/19/1965,524.862
10/20/1965,483.656
10/21/1965,461.141
10/22/1965,406.366
10/23/1965,383.786
10/24/1965,366.256
10/25/1965,365.226
10/26/1965,363.447
10/27/1965,356.199
10/28/1965,373.827
10/29/1965,363.849
10/30/1965,363.728
10/31/1965,346.692
11/1/1965,329.662
11/2/1965,294.425
11/3/1965,315.934
11/4/1965,329.991
11/5/1965,326.001
11/6/1965,316.566
11/7/1965,312.094
11/8/1965,295.81
11/9/1965,313.382
11/10/1965,295.587
11/11/1965,310.426
11/12/1965,313.09
11/13/1965,329.06
11/14/1965,280.028
11/15/1965,318.357
11/16/1965,327.678
11/17/1965,284.911
11/18/1965,276.729
11/19/1965,304.086
11/20/1965,324.913
11/21/1965,353.457
11/22/1965,371.204
11/23/1965,380.792
11/24/1965,416.558
11/25/1965,427.835
11/26/1965,452.237
11/27/1965,491.464
11/28/1965,445.203
11/29/1965,415.903
11/30/1965,416.088
12/1/1965,390.684
12/2/1965,356.804
12/3/1965,343.735
12/4/1965,333.462
12/5/1965,341.205
12/6/1965,337.09
12/7/1965,328.241
12/8/1965,327.496
12/9/1965,315.83
12/10/1965,380.57
12/11/1965,411.323
12/12/1965,392.186
12/13/1965,393.563
12/14/1965,382.712
12/15/1965,383.84
12/16/1965,393.925
12/17/1965,359.907
12/18/1965,343.56
12/19/1965,329.951
12/20/1965,289.644
12/21/1965,273.427
12/22/1965,297.308
12/23/1965,285.565
12/24/1965,323.748
12/25/1965,321.548
12/26/1965,347.951
12/27/1965,298.306
12/28/1965,298.372
12/29/1965,294.508
12/30/1965,305.146
12/31/1965,327.891
1/1/1966,335.012
1/2/1966,355.636
1/3/1966,299.294
1/4/1966,244.869
1/5/1966,261.315
1/6/1966,225.864
1/7/1966,251.929
1/8/1966,238.916
1/9/1966,258.274
1/10/1966,261.39
1/11/1966,244.412
1/12/1966,289.185
1/13/1966,299.576
1/14/1966,296.592
1/15/1966,283.061
1/16/1966,276.761
1/17/1966,263.826
1/18/1966,266.649
1/19/1966,258.196
1/20/1966,270.887
1/21/1966,230.771
1/22/1966,247.108
1/23/1966,213.94
1/24/1966,184.1
1/25/1966,227.315
1/26/1966,239.818
1/27/1966,215.014
1/28/1966,215.488
1/29/1966,236.189
1/30/1966,221.686
1/31/1966,211.791
2/1/1966,244.766
2/2/1966,269.234
2/3/1966,251.215
2/4/1966,256.59
2/5/1966,235.544
2/6/1966,233.342
2/7/1966,234.696
2/8/1966,265.828
2/9/1966,258.956
2/10/1966,268.768
2/11/1966,235.536
2/12/1966,244.469
2/13/1966,243.633
2/14/1966,225.399
2/15/1966,225.891
2/16/1966,212.65
2/17/1966,237.541
2/18/1966,227.991
2/19/1966,215.269
2/20/1966,205.943
2/21/1966,212.754
2/22/1966,228.617
2/23/1966,198.653
2/24/1966,236.198
2/25/1966,241.719
2/26/1966,217.068
2/27/1966,230.16
2/28/1966,221.094
3/1/1966,221.937
3/2/1966,193.741
3/3/1966,232.598
3/4/1966,239.092
3/5/1966,225.3
3/6/1966,226.012
3/7/1966,203.277
3/8/1966,209.663
3/9/1966,221.261
3/10/1966,254.134
3/11/1966,302.332
3/12/1966,331.111
3/13/1966,392.152
3/14/1966,417.087
3/15/1966,481.432
3/16/1966,524.707
3/17/1966,553.915
3/18/1966,614.049
3/19/1966,617.304
3/20/1966,589.866
3/21/1966,683.253
3/22/1966,372.155
3/23/1966,489.138
3/24/1966,430.701
3/25/1966,367.421
3/26/1966,369.223
3/27/1966,344.043
3/28/1966,376.758
3/29/1966,363.488
3/30/1966,391.606
3/31/1966,448.188
4/1/1966,451.633
4/2/1966,488.015
4/3/1966,492.963
4/4/1966,561.484
4/5/1966,591.282
4/6/1966,570.18
4/7/1966,521.963
4/8/1966,503.949
4/9/1966,510.726
4/10/1966,507.483
4/11/1966,503.84
4/12/1966,477.227
4/13/1966,483.089
4/14/1966,494.843
4/15/1966,484.798
4/16/1966,425.889
4/17/1966,434.648
4/18/1966,420.404
4/19/1966,428.065
4/20/1966,462.801
4/21/1966,472.83
4/22/1966,449.03
4/23/1966,426.596
4/24/1966,455.592
4/25/1966,483.593
4/26/1966,457.374
4/27/1966,433.051
4/28/1966,411.064
4/29/1966,444.935
4/30/1966,462.706
5/1/1966,477.252
5/2/1966,492.998
5/3/1966,541.187
5/4/1966,580.998
5/5/1966,622.405
5/6/1966,624.686
5/7/1966,654.245
5/8/1966,747.874
5/9/1966,763.461
5/10/1966,872.261
5/11/1966,950.809
5/12/1966,903.629
5/13/1966,912.618
5/14/1966,840.112
5/15/1966,805.231
5/16/1966,731.51
5/17/1966,697.341
5/18/1966,583.676
5/19/1966,554.496
5/20/1966,484.181
5/21/1966,536.299
5/22/1966,528.286
5/23/1966,595.17
5/24/1966,570.912
5/25/1966,615.385
5/26/1966,615.762
5/27/1966,615.763
5/28/1966,610.615
5/29/1966,626.044
5/30/1966,617.212
5/31/1966,580.647
6/1/1966,593.637
6/2/1966,630.879
6/3/1966,675.927
6/4/1966,658.353
6/5/1966,614.233
6/6/1966,638.514
6/7/1966,623.756
6/8/1966,512.551
6/9/1966,519.361
6/10/1966,466.053
6/11/1966,427.372
6/12/1966,456.858
6/13/1966,410.195
6/14/1966,384.924
6/15/1966,353.001
6/16/1966,391.982
6/17/1966,354.442
6/18/1966,371.49
6/19/1966,342.46
6/20/1966,319.113
6/21/1966,321.708
6/22/1966,307.466
6/23/1966,305.742
6/24/1966,314.89
6/25/1966,323.207
6/26/1966,307.517
6/27/1966,289.299
6/28/1966,293.077
6/29/1966,281.603
6/30/1966,242.493
7/1/1966,290.041
7/2/1966,229.756
7/3/1966,271.545
7/4/1966,259.859
7/5/1966,283.076
7/6/1966,241.863
7/7/1966,247.964
7/8/1966,236.181
7/9/1966,174.205
7/10/1966,247.048
7/11/1966,146.304
7/12/1966,154.775
7/13/1966,189.084
7/14/1966,123.241
7/15/1966,179.389
7/16/1966,114.056
7/17/1966,155.492
7/18/1966,163.658
7/19/1966,135.254
7/20/1966,147.414
7/21/1966,164.665
7/22/1966,124.172
7/23/1966,144.524
7/24/1966,157.609
7/25/1966,176.803
7/26/1966,194.604
7/27/1966,144.722
7/28/1966,195.783
7/29/1966,219.414
7/30/1966,103.422
7/31/1966,200.207
8/1/1966,210.027
8/2/1966,148.854
8/3/1966,208.573
8/4/1966,89.633
8/5/1966,221.336
8/6/1966,179.028
8/7/1966,207.446
8/8/1966,178.588
8/9/1966,272.346
8/10/1966,92.408
8/11/1966,134.247
8/12/1966,174.613
8/13/1966,118.978
8/14/1966,103.041
8/15/1966,140.744
8/16/1966,135.543
8/17/1966,128.525
8/18/1966,126.228
8/19/1966,167.754
8/20/1966,119.991
8/21/1966,124.712
8/22/1966,139.663
8/23/1966,139.464
8/24/1966,114.087
8/25/1966,126.425
8/26/1966,152.539
8/27/1966,148.33
8/28/1966,129.275
8/29/1966,118.656
8/30/1966,143.401
8/31/1966,200.751
9/1/1966,196.495
9/2/1966,215.991
9/3/1966,221.974
9/4/1966,215.098
9/5/1966,186.972
9/6/1966,190.921
9/7/1966,160.961
9/8/1966,164.12
9/9/1966,167.653
9/10/1966,138.928
9/11/1966,193.727
9/12/1966,119.271
9/13/1966,155.017
9/14/1966,150.709
9/15/1966,136.253
9/16/1966,167.302
9/17/1966,180.255
9/18/1966,141.159
9/19/1966,239.567
9/20/1966,163.973
9/21/1966,196.353
9/22/1966,178.766
9/23/1966,180.743
9/24/1966,170.24
9/25/1966,170.501
9/26/1966,179.482
9/27/1966,170.274
9/28/1966,168.114
9/29/1966,157.318
9/30/1966,191.302
10/1/1966,131.538
10/2/1966,120.583
10/3/1966,173.814
10/4/1966,131.888
10/5/1966,93.345
10/6/1966,217.379
10/7/1966,208.3
10/8/1966,230.709
10/9/1966,243.839
10/10/1966,238.508
10/11/1966,211.049
10/12/1966,213.389
10/13/1966,192.522
10/14/1966,239.607
10/15/1966,222.244
10/16/1966,195.745
10/17/1966,220.554
10/18/1966,256.838
10/19/1966,244.066
10/20/1966,265.615
10/21/1966,278.326
10/22/1966,253.064
10/23/1966,219.831
10/24/1966,230.8
10/25/1966,232.668
10/26/1966,207.65
10/27/1966,200.559
10/28/1966,212.308
10/29/1966,226.449
10/30/1966,188.669
10/31/1966,191.829
11/1/1966,202.275
11/2/1966,211.654
11/3/1966,192.505
11/4/1966,185.052
11/5/1966,180.294
11/6/1966,196.519
11/7/1966,215.207
11/8/1966,239.573
11/9/1966,241.069
11/10/1966,211.738
11/11/1966,187.272
11/12/1966,239.002
11/13/1966,217.945
11/14/1966,188.674
11/15/1966,203.405
11/16/1966,166.865
11/17/1966,178.983
11/18/1966,207.175
11/19/1966,169.442
11/20/1966,180.21
11/21/1966,173.521
11/22/1966,177.987
11/23/1966,184.04
11/24/1966,198.862
11/25/1966,161.791
11/26/1966,179.842
11/27/1966,196.325
11/28/1966,142.33
11/29/1966,170.498
11/30/1966,147.718
12/1/1966,175.348
12/2/1966,171.361
12/3/1966,204.136
12/4/1966,172.111
12/5/1966,175.183
12/6/1966,217.696
12/7/1966,322.955
12/8/1966,343.526
12/9/1966,384.244
12/10/1966,395.129
12/11/1966,292.359
12/12/1966,245.751
12/13/1966,216.436
12/14/1966,169.76
12/15/1966,165.602
12/16/1966,152.451
12/17/1966,165.982
12/18/1966,161.782
12/19/1966,184.511
12/20/1966,139.032
12/21/1966,149.605
12/22/1966,177.686
12/23/1966,148.765
12/24/1966,124.774
12/25/1966,161.42
12/26/1966,123.683
12/27/1966,165.11
12/28/1966,131.717
12/29/1966,116.528
12/30/1966,155.717
12/31/1966,131.503
1/1/1967,122.035
1/2/1967,141.793
1/3/1967,128.566
1/4/1967,128.457
1/5/1967,105.319
1/6/1967,191.598
1/7/1967,149.09
1/8/1967,168.457
1/9/1967,160.604
1/10/1967,136.327
1/11/1967,148.351
1/12/1967,155.075
1/13/1967,158.811
1/14/1967,158.929
1/15/1967,182.132
1/16/1967,223.535
1/17/1967,218.288
1/18/1967,190.884
1/19/1967,216.628
1/20/1967,192.993
1/21/1967,206.514
1/22/1967,217.097
1/23/1967,162.008
1/24/1967,227.827
1/25/1967,204.907
1/26/1967,209.382
1/27/1967,236.67
1/28/1967,231.315
1/29/1967,205.308
1/30/1967,229.713
1/31/1967,223.063
2/1/1967,229.724
2/2/1967,239.833
2/3/1967,246.964
2/4/1967,230.605
2/5/1967,241.658
2/6/1967,214.397
2/7/1967,218.87
2/8/1967,213.88
2/9/1967,195.202
2/10/1967,217.005
2/11/1967,202.174
2/12/1967,199.43
2/13/1967,182.769
2/14/1967,167.713
2/15/1967,198.324
2/16/1967,162.367
2/17/1967,194.325
2/18/1967,185.834
2/19/1967,206.041
2/20/1967,206.457
2/21/1967,157.211
2/22/1967,199.722
2/23/1967,190.893
2/24/1967,192.863
2/25/1967,175.77
2/26/1967,220.095
2/27/1967,217.361
2/28/1967,187.799
3/1/1967,198.909
3/2/1967,234.398
3/3/1967,238.409
3/4/1967,180.121
3/5/1967,254.043
3/6/1967,247.197
3/7/1967,289.327
3/8/1967,260.927
3/9/1967,263.648
3/10/1967,254.379
3/11/1967,255.278
3/12/1967,217.842
3/13/1967,234.199
3/14/1967,252.867
3/15/1967,286.609
3/16/1967,245.604
3/17/1967,295.123
3/18/1967,260.384
3/19/1967,238.854
3/20/1967,254.676
3/21/1967,233.061
3/22/1967,261.7
3/23/1967,279.431
3/24/1967,246.881
3/25/1967,240.677
3/26/1967,228.878
3/27/1967,235.844
3/28/1967,241.547
3/29/1967,236.194
3/30/1967,268.843
3/31/1967,225.397
4/1/1967,241.306
4/2/1967,242.064
4/3/1967,220.207
4/4/1967,209.19
4/5/1967,240.671
4/6/1967,231.919
4/7/1967,200.892
4/8/1967,248.483
4/9/1967,259.186
4/10/1967,241.589
4/11/1967,290.039
4/12/1967,226.425
4/13/1967,248.614
4/14/1967,247.657
4/15/1967,227.976
4/16/1967,301.134
4/17/1967,246.052
4/18/1967,219.972
4/19/1967,252.264
4/20/1967,217.586
4/21/1967,247.637
4/22/1967,224.771
4/23/1967,213.541
4/24/1967,237.652
4/25/1967,226.6
4/26/1967,243.973
4/27/1967,222.776
4/28/1967,208.931
4/29/1967,198.578
4/30/1967,181.482
5/1/1967,180.056
5/2/1967,182.717
5/3/1967,185.378
5/4/1967,120.967
5/5/1967,116.453
5/6/1967,152.686
5/7/1967,139.031
5/8/1967,99.629
5/9/1967,102.774
5/10/1967,94.361
5/11/1967,132.815
5/12/1967,23.561
5/13/1967,31.318
5/14/1967,231.552
5/15/1967,169.429
5/16/1967,277.213
5/17/1967,369.545
5/18/1967,307.246
5/19/1967,306.049
5/20/1967,205.353
5/21/1967,315.036
5/22/1967,366.923
5/23/1967,451.02
5/24/1967,625.863
5/25/1967,862.723
5/26/1967,1074.025
5/27/1967,1341.653
5/28/1967,1531.345
5/29/1967,1450.777
5/30/1967,1457.475
5/31/1967,1491.959
6/1/1967,1345.819
6/2/1967,1145.901
6/3/1967,1167.241
6/4/1967,1002.618
6/5/1967,962.936
6/6/1967,980.748
6/7/1967,1171.355
6/8/1967,1320.426
6/9/1967,1214.392
6/10/1967,1275.304
6/11/1967,1187.154
6/12/1967,1153.732
6/13/1967,1016.478
6/14/1967,1023.991
6/15/1967,1105.022
6/16/1967,1014.414
6/17/1967,1002.005
6/18/1967,826.329
6/19/1967,923.617
6/20/1967,926.009
6/21/1967,1194.206
6/22/1967,1098.853
6/23/1967,1346.336
6/24/1967,1039.62
6/25/1967,1173.487
6/26/1967,1182.246
6/27/1967,1095.062
6/28/1967,1085.806
6/29/1967,986.454
6/30/1967,870.606
7/1/1967,861.549
7/2/1967,802.912
7/3/1967,724.939
7/4/1967,660.378
7/5/1967,572.108
7/6/1967,577.783
7/7/1967,410.859
7/8/1967,482.337
7/9/1967,442.32
7/10/1967,427.704
7/11/1967,464.765
7/12/1967,340.054
7/13/1967,323.677
7/14/1967,399.395
7/15/1967,383.979
7/16/1967,493.168
7/17/1967,432.828
7/18/1967,604.141
7/19/1967,416.788
7/20/1967,510.856
7/21/1967,410.433
7/22/1967,242.994
7/23/1967,359.615
7/24/1967,247.524
7/25/1967,246.391
7/26/1967,197.657
7/27/1967,362.531
7/28/1967,219.93
7/29/1967,174.446
7/30/1967,216.472
7/31/1967,158.536
8/1/1967,155.606
8/2/1967,153.912
8/3/1967,51.956
8/4/1967,170.306
8/5/1967,82.347
8/6/1967,177.866
8/7/1967,152.049
8/8/1967,240.532
8/9/1967,408.147
8/10/1967,528.467
8/11/1967,516.644
8/12/1967,538.775
8/13/1967,521.393
8/14/1967,435.62
8/15/1967,331.838
8/16/1967,214.929
8/17/1967,287.021
8/18/1967,206.675
8/19/1967,158.359
8/20/1967,225.601
8/21/1967,111.774
8/22/1967,167.238
8/23/1967,162.507
8/24/1967,130.287
8/25/1967,237.281
8/26/1967,144.701
8/27/1967,97.132
8/28/1967,167.226
8/29/1967,151.542
8/30/1967,66.96
8/31/1967,229.102
9/1/1967,63.219
9/2/1967,174.532
9/3/1967,239.766
9/4/1967,177.874
9/5/1967,147.038
9/6/1967,127.646
9/7/1967,329.588
9/8/1967,287.528
9/9/1967,177.003
9/10/1967,180.249
9/11/1967,203.205
9/12/1967,356.678
9/13/1967,113.735
9/14/1967,216.67
9/15/1967,231.103
9/16/1967,179.631
9/17/1967,219.89
9/18/1967,205.142
9/19/1967,132.557
9/20/1967,99.066
9/21/1967,191.153
9/22/1967,119.127
9/23/1967,157.693
9/24/1967,458.258
9/25/1967,125.378
9/26/1967,276.678
9/27/1967,176.527
9/28/1967,185.463
9/29/1967,218.705
9/30/1967,188.711
10/1/1967,211.904
10/2/1967,130.885
10/3/1967,203.205
10/4/1967,165.012
10/5/1967,146.156
10/6/1967,164.75
10/7/1967,141.153
10/8/1967,174.891
10/9/1967,189.409
10/10/1967,160.523
10/11/1967,135.91
10/12/1967,211.856
10/13/1967,127.167
10/14/1967,193.215
10/15/1967,157.905
10/16/1967,140.086
10/17/1967,132.329
10/18/1967,162.128
10/19/1967,205.912
10/20/1967,113.421
10/21/1967,216.241
10/22/1967,185.636
10/23/1967,198.409
10/24/1967,162.526
10/25/1967,132.038
10/26/1967,228.999
10/27/1967,190.689
10/28/1967,338.618
10/29/1967,241.928
10/30/1967,244.081
10/31/1967,246.234
11/1/1967,248.387
11/2/1967,235.474
11/3/1967,200.837
11/4/1967,237.745
11/5/1967,247.559
11/6/1967,221.424
11/7/1967,235.545
11/8/1967,247.603
11/9/1967,254.547
11/10/1967,262.496
11/11/1967,255.101
11/12/1967,236.016
11/13/1967,237.567
11/14/1967,239.629
11/15/1967,262.908
11/16/1967,247.036
11/17/1967,241.73
11/18/1967,246.54
11/19/1967,276.491
11/20/1967,224.281
11/21/1967,244.797
11/22/1967,233.394
11/23/1967,242.939
11/24/1967,219.992
11/25/1967,250.03
11/26/1967,278.743
11/27/1967,242.966
11/28/1967,274.475
11/29/1967,219.176
11/30/1967,262.55
12/1/1967,234.564
12/2/1967,251.52
12/3/1967,233.37
12/4/1967,247.529
12/5/1967,226.613
12/6/1967,278.802
12/7/1967,192.45
12/8/1967,237.836
12/9/1967,234.781
12/10/1967,218.618
12/11/1967,197.342
12/12/1967,198.167
12/13/1967,203.937
12/14/1967,198.037
12/15/1967,238.064
12/16/1967,260.161
12/17/1967,182.637
12/18/1967,279.028
12/19/1967,190.003
12/20/1967,182.816
12/21/1967,217.662
12/22/1967,236.344
12/23/1967,286.737
12/24/1967,249.393
12/25/1967,225.651
12/26/1967,247.456
12/27/1967,242.281
12/28/1967,283.451
12/29/1967,261.166
12/30/1967,293.022
12/31/1967,320.993
1/1/1968,278.887
1/2/1968,316.159
1/3/1968,314.412
1/4/1968,327.5
1/5/1968,261.568
1/6/1968,295.965
1/7/1968,285.324
1/8/1968,292.59
1/9/1968,214.559
1/10/1968,192.646
1/11/1968,184.343
1/12/1968,198.421
1/13/1968,218.375
1/14/1968,232.778
1/15/1968,232.766
1/16/1968,245.291
1/17/1968,239.171
1/18/1968,224.394
1/19/1968,228.911
1/20/1968,233.624
1/21/1968,230.901
1/22/1968,217.911
1/23/1968,239.23
1/24/1968,203.148
1/25/1968,210.53
1/26/1968,227.019
1/27/1968,241.236
1/28/1968,250.549
1/29/1968,204.604
1/30/1968,208.766
1/31/1968,233.919
2/1/1968,243.003
2/2/1968,252.918
2/3/1968,232.06
2/4/1968,238.286
2/5/1968,248.51
2/6/1968,225.556
2/7/1968,220.555
2/8/1968,233.614
2/9/1968,248.646
2/10/1968,241.889
2/11/1968,215.959
2/12/1968,238.883
2/13/1968,218.894
2/14/1968,232.356
2/15/1968,271.873
2/16/1968,251.663
2/17/1968,217.389
2/18/1968,247.752
2/19/1968,233.815
2/20/1968,241.572
2/21/1968,250.477
2/22/1968,247.885
2/23/1968,261.751
2/24/1968,270.031
2/25/1968,244.059
2/26/1968,257.912
2/27/1968,256.193
2/28/1968,254.342
2/29/1968,272.826
3/1/1968,279.626
3/2/1968,253.316
3/3/1968,256.018
3/4/1968,275.224
3/5/1968,284.731
3/6/1968,270.875
3/7/1968,252.185
3/8/1968,303.873
3/9/1968,270.314
3/10/1968,275.553
3/11/1968,219.427
3/12/1968,238.723
3/13/1968,241.515
3/14/1968,232.602
3/15/1968,251.115
3/16/1968,187.548
3/17/1968,205.829
3/18/1968,227.995
3/19/1968,220.524
3/20/1968,242.324
3/21/1968,215.868
3/22/1968,227.165
3/23/1968,212.389
3/24/1968,211.393
3/25/1968,199.519
3/26/1968,221.171
3/27/1968,182.666
3/28/1968,192.011
3/29/1968,183.89
3/30/1968,198.085
3/31/1968,193.868
4/1/1968,181.759
4/2/1968,219.767
4/3/1968,224.778
4/4/1968,221.245
4/5/1968,226.711
4/6/1968,274.105
4/7/1968,208.972
4/8/1968,215.922
4/9/1968,220.745
4/10/1968,251.534
4/11/1968,220.831
4/12/1968,233.646
4/13/1968,244.34
4/14/1968,193.122
4/15/1968,215.717
4/16/1968,229.574
4/17/1968,330.066
4/18/1968,230.161
4/19/1968,284.552
4/20/1968,315.248
4/21/1968,354.083
4/22/1968,349.778
4/23/1968,341.356
4/24/1968,355.795
4/25/1968,387.076
4/26/1968,367.869
4/27/1968,321.15
4/28/1968,321.634
4/29/1968,340.267
4/30/1968,293.114
5/1/1968,308.413
5/2/1968,304.229
5/3/1968,291.82
5/4/1968,347.829
5/5/1968,348.357
5/6/1968,461.896
5/7/1968,537.54
5/8/1968,655.876
5/9/1968,692.294
5/10/1968,666.608
5/11/1968,658.827
5/12/1968,701.403
5/13/1968,649.565
5/14/1968,614.867
5/15/1968,645.306
5/16/1968,677.152
5/17/1968,650.669
5/18/1968,626.625
5/19/1968,620.692
5/20/1968,589.829
5/21/1968,566.767
5/22/1968,590.145
5/23/1968,612.115
5/24/1968,771.89
5/25/1968,876.43
5/26/1968,955.978
5/27/1968,934.957
5/28/1968,922.03
5/29/1968,888.471
5/30/1968,927.114
5/31/1968,981.909
6/1/1968,1119.184
6/2/1968,1207.028
6/3/1968,1310.389
6/4/1968,1455.132
6/5/1968,1509.452
6/6/1968,1650.856
6/7/1968,1667.868
6/8/1968,1727.613
6/9/1968,1764.799
6/10/1968,1679.324
6/11/1968,1558.164
6/12/1968,1397.441
6/13/1968,1240.582
6/14/1968,1146.615
6/15/1968,1084.78
6/16/1968,1162.758
6/17/1968,1171.901
6/18/1968,1211.709
6/19/1968,1216.733
6/20/1968,1270.691
6/21/1968,1262.617
6/22/1968,1253.885
6/23/1968,1220.782
6/24/1968,1259.393
6/25/1968,1181.33
6/26/1968,1133.438
6/27/1968,1002.145
6/28/1968,918.566
6/29/1968,873.479
6/30/1968,706.282
7/1/1968,786.989
7/2/1968,719.281
7/3/1968,698.695
7/4/1968,632.026
7/5/1968,568.091
7/6/1968,540.122
7/7/1968,588.957
7/8/1968,381.463
7/9/1968,443.432
7/10/1968,451.202
7/11/1968,420.398
7/12/1968,377.835
7/13/1968,371.983
7/14/1968,390.869
7/15/1968,357.907
7/16/1968,362.807
7/17/1968,344.733
7/18/1968,338.392
7/19/1968,332.987
7/20/1968,298.433
7/21/1968,289.101
7/22/1968,297.726
7/23/1968,229.94
7/24/1968,263.883
7/25/1968,275.738
7/26/1968,243.599
7/27/1968,309.638
7/28/1968,397.075
7/29/1968,336.505
7/30/1968,433.149
7/31/1968,408.961
8/1/1968,535.165
8/2/1968,684.611
8/3/1968,635.832
8/4/1968,580.348
8/5/1968,539.299
8/6/1968,430.928
8/7/1968,387.004
8/8/1968,449.573
8/9/1968,429.597
8/10/1968,470.81
8/11/1968,487.932
8/12/1968,528.143
8/13/1968,594.063
8/14/1968,540.603
8/15/1968,542.089
8/16/1968,540.523
8/17/1968,529.949
8/18/1968,495.958
8/19/1968,444.163
8/20/1968,450.506
8/21/1968,337.23
8/22/1968,342.69
8/23/1968,338.743
8/24/1968,293.99
8/25/1968,269.488
8/26/1968,287.647
8/27/1968,278.905
8/28/1968,287.099
8/29/1968,285.05
8/30/1968,245.974
8/31/1968,239.831
9/1/1968,246.413
9/2/1968,239.007
9/3/1968,278.263
9/4/1968,208.422
9/5/1968,227.488
9/6/1968,212.428
9/7/1968,190.347
9/8/1968,199.121
9/9/1968,194.111
9/10/1968,212.753
9/11/1968,222.012
9/12/1968,251.577
9/13/1968,221.926
9/14/1968,212.412
9/15/1968,213.246
9/16/1968,172.144
9/17/1968,215.105
9/18/1968,205.988
9/19/1968,202.514
9/20/1968,229.065
9/21/1968,220.611
9/22/1968,215.575
9/23/1968,191.089
9/24/1968,192.258
9/25/1968,210.881
9/26/1968,223.89
9/27/1968,238.617
9/28/1968,266.171
9/29/1968,228.342
9/30/1968,203.522
10/1/1968,224.232
10/2/1968,234.528
10/3/1968,271.153
10/4/1968,225.189
10/5/1968,221.793
10/6/1968,269.115
10/7/1968,269.293
10/8/1968,263.568
10/9/1968,252.731
10/10/1968,231.132
10/11/1968,213.31
10/12/1968,237.801
10/13/1968,249.737
10/14/1968,265.603
10/15/1968,220.071
10/16/1968,258.181
10/17/1968,234.23
10/18/1968,249.154
10/19/1968,229.107
10/20/1968,235.401
10/21/1968,251.915
10/22/1968,241.697
10/23/1968,252.36
10/24/1968,259.696
10/25/1968,242.406
10/26/1968,258.489
10/27/1968,226.923
10/28/1968,243.334
10/29/1968,229.114
10/30/1968,217.047
10/31/1968,252.251
11/1/1968,237.509
11/2/1968,230.513
11/3/1968,219.8
11/4/1968,270.87
11/5/1968,283.86
11/6/1968,271.058
11/7/1968,262.671
11/8/1968,237.354
11/9/1968,244.572
11/10/1968,253.923
11/11/1968,251.267
11/12/1968,219.097
11/13/1968,257.478
11/14/1968,236.442
11/15/1968,235.345
11/16/1968,270.029
11/17/1968,289.114
11/18/1968,290.361
11/19/1968,264.939
11/20/1968,280.982
11/21/1968,271.742
11/22/1968,280.822
11/23/1968,292.072
11/24/1968,277.021
11/25/1968,278.238
11/26/1968,264.764
11/27/1968,284.619
11/28/1968,299.958
11/29/1968,255.651
11/30/1968,293.753
12/1/1968,260.644
12/2/1968,260.086
12/3/1968,261.393
12/4/1968,255.128
12/5/1968,258.647
12/6/1968,276.786
12/7/1968,226.512
12/8/1968,241.153
12/9/1968,233.219
12/10/1968,251.98
12/11/1968,251.624
12/12/1968,206.371
12/13/1968,298.088
12/14/1968,265.15
12/15/1968,275.831
12/16/1968,243.603
12/17/1968,266.28
12/18/1968,248.343
12/19/1968,253.374
12/20/1968,290.228
12/21/1968,200.318
12/22/1968,228.223
12/23/1968,241.333
12/24/1968,216.983
12/25/1968,146.735
12/26/1968,177.834
12/27/1968,168.06
12/28/1968,193.55
12/29/1968,232.23
12/30/1968,238.048
12/31/1968,263.547
1/1/1969,247.23
1/2/1969,252.67
1/3/1969,241.244
1/4/1969,220.279
1/5/1969,212.132
1/6/1969,235.013
1/7/1969,202.835
1/8/1969,265.87
1/9/1969,225.645
1/10/1969,242.326
1/11/1969,234.098
1/12/1969,267.617
1/13/1969,238.19
1/14/1969,255.115
1/15/1969,248.112
1/16/1969,316.911
1/17/1969,287.462
1/18/1969,308.595
1/19/1969,295.778
1/20/1969,315.443
1/21/1969,325.128
1/22/1969,300.579
1/23/1969,334.088
1/24/1969,344.513
1/25/1969,353.484
1/26/1969,353.35
1/27/1969,399.738
1/28/1969,433.548
1/29/1969,389.676
1/30/1969,421.453
1/31/1969,352.991
2/1/1969,376.554
2/2/1969,364.405
2/3/1969,364.854
2/4/1969,322.143
2/5/1969,293.946
2/6/1969,309.883
2/7/1969,255.642
2/8/1969,275.03
2/9/1969,297.67
2/10/1969,278.482
2/11/1969,303.883
2/12/1969,304.158
2/13/1969,296.143
2/14/1969,334.198
2/15/1969,326.932
2/16/1969,331.027
2/17/1969,362.851
2/18/1969,354.143
2/19/1969,390.604
2/20/1969,348.774
2/21/1969,374.097
2/22/1969,391.019
2/23/1969,348.944
2/24/1969,367.88
2/25/1969,366.267
2/26/1969,381.85
2/27/1969,336.175
2/28/1969,348.895
3/1/1969,376.506
3/2/1969,329.602
3/3/1969,337.825
3/4/1969,385.266
3/5/1969,351.038
3/6/1969,381.875
3/7/1969,332.771
3/8/1969,376.109
3/9/1969,381.444
3/10/1969,349.244
3/11/1969,331.952
3/12/1969,366.245
3/13/1969,365.796
3/14/1969,320.917
3/15/1969,331.906
3/16/1969,351.685
3/17/1969,334.746
3/18/1969,322.052
3/19/1969,386.16
3/20/1969,330.168
3/21/1969,367.919
3/22/1969,304.831
3/23/1969,300.153
3/24/1969,385.861
3/25/1969,377.547
3/26/1969,344.302
3/27/1969,350.524
3/28/1969,346.19
3/29/1969,351.606
3/30/1969,374.59
3/31/1969,370.187
4/1/1969,348.636
4/2/1969,394.779
4/3/1969,427.126
4/4/1969,508.952
4/5/1969,536.121
4/6/1969,539.745
4/7/1969,587.172
4/8/1969,653.462
4/9/1969,586.705
4/10/1969,650.197
4/11/1969,627.041
4/12/1969,663.794
4/13/1969,697.145
4/14/1969,743.305
4/15/1969,752.963
4/16/1969,718.099
4/17/1969,762.182
4/18/1969,721.694
4/19/1969,659.945
4/20/1969,670.84
4/21/1969,651.866
4/22/1969,698.89
4/23/1969,723.117
4/24/1969,867.497
4/25/1969,884.076
4/26/1969,1008.477
4/27/1969,1033.129
4/28/1969,1041.826
4/29/1969,959.377
4/30/1969,918.489
5/1/1969,854.806
5/2/1969,819.299
5/3/1969,794.257
5/4/1969,812.063
5/5/1969,869.669
5/6/1969,967.257
5/7/1969,1002.309
5/8/1969,989.798
5/9/1969,1059.04
5/10/1969,1018.033
5/11/1969,996.841
5/12/1969,1024.349
5/13/1969,991.138
5/14/1969,1075.084
5/15/1969,1077.212
5/16/1969,1032.869
5/17/1969,1043.701
5/18/1969,1040.869
5/19/1969,1044.245
5/20/1969,1074.104
5/21/1969,1117.462
5/22/1969,1146.484
5/23/1969,1159.075
5/24/1969,1169.598
5/25/1969,1204.474
5/26/1969,1171.379
5/27/1969,1102.72
5/28/1969,1090.709
5/29/1969,1103.786
5/30/1969,1138.012
5/31/1969,1179.973
6/1/1969,1152.327
6/2/1969,1135.362
6/3/1969,1124.022
6/4/1969,1018.051
6/5/1969,871.854
6/6/1969,848.751
6/7/1969,812.188
6/8/1969,723.405
6/9/1969,739.118
6/10/1969,713.278
6/11/1969,804.379
6/12/1969,617.685
6/13/1969,717.998
6/14/1969,681.723
6/15/1969,604.111
6/16/1969,570.264
6/17/1969,536.109
6/18/1969,631.099
6/19/1969,697.313
6/20/1969,742.678
6/21/1969,825.184
6/22/1969,760.429
6/23/1969,824.417
6/24/1969,767.325
6/25/1969,931.118
6/26/1969,778.548
6/27/1969,942.847
6/28/1969,951.135
6/29/1969,916.333
6/30/1969,867.382
7/1/1969,877.911
7/2/1969,867.086
7/3/1969,840.911
7/4/1969,764.934
7/5/1969,698.38
7/6/1969,706.685
7/7/1969,675.957
7/8/1969,631.912
7/9/1969,611.096
7/10/1969,544.361
7/11/1969,519.656
7/12/1969,484.985
7/13/1969,442.627
7/14/1969,491.447
7/15/1969,556.445
7/16/1969,422.686
7/17/1969,442.947
7/18/1969,316.143
7/19/1969,590.606
7/20/1969,557.124
7/21/1969,549.892
7/22/1969,512.859
7/23/1969,438.094
7/24/1969,524.26
7/25/1969,441.571
7/26/1969,431.055
7/27/1969,325.977
7/28/1969,419.947
7/29/1969,383.357
7/30/1969,337.831
7/31/1969,310.069
8/1/1969,303.215
8/2/1969,246.466
8/3/1969,310.031
8/4/1969,255.784
8/5/1969,307.924
8/6/1969,271.163
8/7/1969,275.872
8/8/1969,261.462
8/9/1969,292.371
8/10/1969,222.265
8/11/1969,291.366
8/12/1969,209.304
8/13/1969,301.908
8/14/1969,265.254
8/15/1969,289.806
8/16/1969,320.286
8/17/1969,258.102
8/18/1969,275.524
8/19/1969,329.174
8/20/1969,330.298
8/21/1969,311.485
8/22/1969,269.528
8/23/1969,261.332
8/24/1969,202.726
8/25/1969,282.694
8/26/1969,260.032
8/27/1969,219.067
8/28/1969,302.314
8/29/1969,282.133
8/30/1969,252.797
8/31/1969,331.302
9/1/1969,295.377
9/2/1969,321.873
9/3/1969,313.743
9/4/1969,222.036
9/5/1969,202.014
9/6/1969,235.701
9/7/1969,263.457
9/8/1969,258.446
9/9/1969,227.366
9/10/1969,311.82
9/11/1969,336.041
9/12/1969,281.674
9/13/1969,401.685
9/14/1969,337.987
9/15/1969,307.637
9/16/1969,339.714
9/17/1969,333.14
9/18/1969,316.899
9/19/1969,281.758
9/20/1969,303.425
9/21/1969,345.532
9/22/1969,334.39
9/23/1969,335.875
9/24/1969,335.439
9/25/1969,334.268
9/26/1969,333.892
9/27/1969,335.816
9/28/1969,304.787
9/29/1969,297.491
9/30/1969,312.121
10/1/1969,287.885
10/2/1969,269.584
10/3/1969,365.587
10/4/1969,425.734
10/5/1969,375.479
10/6/1969,349.738
10/7/1969,332.09
10/8/1969,317.335
10/9/1969,324.956
10/10/1969,253.589
10/11/1969,394.997
10/12/1969,276.316
10/13/1969,255.269
10/14/1969,318.761
10/15/1969,387.669
10/16/1969,347.19
10/17/1969,345.255
10/18/1969,351.986
10/19/1969,371.315
10/20/1969,410.233
10/21/1969,375.053
10/22/1969,507.275
10/23/1969,685.545
10/24/1969,625.831
10/25/1969,420.45
10/26/1969,398.424
10/27/1969,355.61
10/28/1969,323.227
10/29/1969,413.278
10/30/1969,343.844
10/31/1969,394.602
11/1/1969,383.111
11/2/1969,375.896
11/3/1969,367.701
11/4/1969,343.642
11/5/1969,359.268
11/6/1969,338.667
11/7/1969,371.231
11/8/1969,319.824
11/9/1969,350.292
11/10/1969,325.741
11/11/1969,322.486
11/12/1969,343.631
11/13/1969,358.906
11/14/1969,335.93
11/15/1969,329.895
11/16/1969,328.923
11/17/1969,322.714
11/18/1969,322.305
11/19/1969,352.139
11/20/1969,370.906
11/21/1969,279.005
11/22/1969,292.763
11/23/1969,299.774
11/24/1969,288.494
11/25/1969,339.635
11/26/1969,325.95
11/27/1969,334.536
11/28/1969,284.281
11/29/1969,321.4
11/30/1969,287.082
12/1/1969,249.17
12/2/1969,279.92
12/3/1969,256.931
12/4/1969,316.508
12/5/1969,297.984
12/6/1969,278.387
12/7/1969,333.281
12/8/1969,292.959
12/9/1969,276.282
12/10/1969,316.954
12/11/1969,293.382
12/12/1969,308.217
12/13/1969,307.836
12/14/1969,284.002
12/15/1969,321.454
12/16/1969,331.779
12/17/1969,325.774
12/18/1969,321.756
12/19/1969,301.461
12/20/1969,331.707
12/21/1969,327.148
12/22/1969,329.094
12/23/1969,303.69
12/24/1969,371.21
12/25/1969,331.077
12/26/1969,360.426
12/27/1969,307.605
12/28/1969,367.342
12/29/1969,291.694
12/30/1969,299.855
12/31/1969,329.438
1/1/1970,297.011
1/2/1970,229.411
1/3/1970,223.756
1/4/1970,252.897
1/5/1970,141.465
1/6/1970,180.059
1/7/1970,196.468
1/8/1970,182.589
1/9/1970,212.156
1/10/1970,184.477
1/11/1970,219.68
1/12/1970,178.1
1/13/1970,252.82
1/14/1970,246.06
1/15/1970,289.203
1/16/1970,279.29
1/17/1970,284.006
1/18/1970,263.057
1/19/1970,253.978
1/20/1970,292.879
1/21/1970,268.292
1/22/1970,267.285
1/23/1970,279.723
1/24/1970,250.032
1/25/1970,243.769
1/26/1970,205.969
1/27/1970,244.233
1/28/1970,270.811
1/29/1970,235.547
1/30/1970,172.58
1/31/1970,213.038
2/1/1970,258.089
2/2/1970,258.401
2/3/1970,263.459
2/4/1970,236.448
2/5/1970,241.618
2/6/1970,261.782
2/7/1970,264.68
2/8/1970,244.31
2/9/1970,235.922
2/10/1970,265.59
2/11/1970,240.673
2/12/1970,248.805
2/13/1970,281.229
2/14/1970,266.107
2/15/1970,257.82
2/16/1970,285.426
2/17/1970,340.806
2/18/1970,256.335
2/19/1970,274.202
2/20/1970,306.536
2/21/1970,294.097
2/22/1970,278.524
2/23/1970,258.003
2/24/1970,288.03
2/25/1970,292.408
2/26/1970,291.667
2/27/1970,282.663
2/28/1970,316.47
3/1/1970,347.342
3/2/1970,285.985
3/3/1970,307.357
3/4/1970,317.43
3/5/1970,336.707
3/6/1970,298.216
3/7/1970,301.922
3/8/1970,257.68
3/9/1970,315.744
3/10/1970,336.955
3/11/1970,266.488
3/12/1970,279.045
3/13/1970,280.254
3/14/1970,272.149
3/15/1970,229.25
3/16/1970,251.174
3/17/1970,246.133
3/18/1970,315.433
3/19/1970,259.158
3/20/1970,255.521
3/21/1970,260.612
3/22/1970,250.368
3/23/1970,253.093
3/24/1970,224.049
3/25/1970,286.963
3/26/1970,260.142
3/27/1970,211.149
3/28/1970,238.113
3/29/1970,263.358
3/30/1970,263.692
3/31/1970,226.518
4/1/1970,225.5
4/2/1970,261.738
4/3/1970,231.365
4/4/1970,254.315
4/5/1970,219.297
4/6/1970,235.532
4/7/1970,222.514
4/8/1970,264.159
4/9/1970,171.843
4/10/1970,219.99
4/11/1970,293.122
4/12/1970,222.226
4/13/1970,210.215
4/14/1970,313.652
4/15/1970,344.969
4/16/1970,318.986
4/17/1970,321.801
4/18/1970,307.261
4/19/1970,349.341
4/20/1970,318.68
4/21/1970,270.047
4/22/1970,297.171
4/23/1970,300.67
4/24/1970,259.697
4/25/1970,266.358
4/26/1970,270.818
4/27/1970,284.79
4/28/1970,268.58
4/29/1970,340.712
4/30/1970,402.657
5/1/1970,442.49
5/2/1970,390.927
5/3/1970,364.026
5/4/1970,400.359
5/5/1970,423.423
5/6/1970,429.032
5/7/1970,532.727
5/8/1970,622.473
5/9/1970,692.442
5/10/1970,702.228
5/11/1970,815.125
5/12/1970,802.516
5/13/1970,862.707
5/14/1970,892.915
5/15/1970,994.426
5/16/1970,1013.745
5/17/1970,1016.808
5/18/1970,1070.93
5/19/1970,1171.466
5/20/1970,1239.004
5/21/1970,1365.06
5/22/1970,1426.72
5/23/1970,1483.988
5/24/1970,1521.803
5/25/1970,1605.096
5/26/1970,1639.651
5/27/1970,1509.775
5/28/1970,1619.919
5/29/1970,1396.281
5/30/1970,1475.714
5/31/1970,1343.558
6/1/1970,1452.677
6/2/1970,1432.428
6/3/1970,1417.561
6/4/1970,1292.867
6/5/1970,1186.734
6/6/1970,1163.056
6/7/1970,1170.01
6/8/1970,1125.425
6/9/1970,1123.474
6/10/1970,1203.502
6/11/1970,1310.773
6/12/1970,1281.801
6/13/1970,1386.4
6/14/1970,1427.7
6/15/1970,1392.584
6/16/1970,1310.312
6/17/1970,1270.191
6/18/1970,1151.518
6/19/1970,1036.295
6/20/1970,985.961
6/21/1970,982.606
6/22/1970,1056.208
6/23/1970,1143.245
6/24/1970,1158.487
6/25/1970,1116.995
6/26/1970,1063.718
6/27/1970,1104.711
6/28/1970,1093.143
6/29/1970,1105.465
6/30/1970,1188.224
7/1/1970,1150.237
7/2/1970,1002.378
7/3/1970,838.509
7/4/1970,815.498
7/5/1970,712.579
7/6/1970,798.576
7/7/1970,662.035
7/8/1970,724.548
7/9/1970,614.227
7/10/1970,649.865
7/11/1970,663.175
7/12/1970,575.178
7/13/1970,605.808
7/14/1970,589.039
7/15/1970,651.807
7/16/1970,435.195
7/17/1970,497.744
7/18/1970,333.589
7/19/1970,389.997
7/20/1970,279.792
7/21/1970,360.628
7/22/1970,354.09
7/23/1970,355.624
7/24/1970,306.66
7/25/1970,368.166
7/26/1970,318.779
7/27/1970,316.361
7/28/1970,275.19
7/29/1970,316.954
7/30/1970,309.381
7/31/1970,325.81
8/1/1970,238.347
8/2/1970,269.239
8/3/1970,281.143
8/4/1970,302.817
8/5/1970,232.022
8/6/1970,285.858
8/7/1970,278.174
8/8/1970,195.794
8/9/1970,318.071
8/10/1970,238.614
8/11/1970,238.334
8/12/1970,246.207
8/13/1970,254.319
8/14/1970,210.976
8/15/1970,222.529
8/16/1970,189.307
8/17/1970,195.928
8/18/1970,241.909
8/19/1970,179.884
8/20/1970,394.024
8/21/1970,315.43
8/22/1970,291.62
8/23/1970,325.724
8/24/1970,285.761
8/25/1970,287.516
8/26/1970,307.439
8/27/1970,261.925
8/28/1970,261.658
8/29/1970,253.524
8/30/1970,200.723
8/31/1970,201.015
9/1/1970,248.996
9/2/1970,184.99
9/3/1970,275.317
9/4/1970,236.228
9/5/1970,172.979
9/6/1970,714.769
9/7/1970,990.006
9/8/1970,872.791
9/9/1970,762.961
9/10/1970,486.228
9/11/1970,443.736
9/12/1970,480.761
9/13/1970,452.299
9/14/1970,538.635
9/15/1970,499.613
9/16/1970,620.33
9/17/1970,535.534
9/18/1970,447.496
9/19/1970,427.865
9/20/1970,402.207
9/21/1970,279.67
9/22/1970,451.597
9/23/1970,275.301
9/24/1970,429.105
9/25/1970,184.596
9/26/1970,348.259
9/27/1970,299.607
9/28/1970,272.509
9/29/1970,328.378
9/30/1970,304.077
10/1/1970,313.904
10/2/1970,291.241
10/3/1970,280.588
10/4/1970,305.076
10/5/1970,269.478
10/6/1970,292.205
10/7/1970,300.289
10/8/1970,348.691
10/9/1970,262.343
10/10/1970,317.588
10/11/1970,295.794
10/12/1970,284.846
10/13/1970,356.688
10/14/1970,350.825
10/15/1970,248.253
10/16/1970,342.834
10/17/1970,323.417
10/18/1970,333.631
10/19/1970,310.633
10/20/1970,313.701
10/21/1970,337.681
10/22/1970,329.092
10/23/1970,319.205
10/24/1970,339.835
10/25/1970,316.267
10/26/1970,298.513
10/27/1970,277.392
10/28/1970,317.651
10/29/1970,311.354
10/30/1970,301.089
10/31/1970,335.306
11/1/1970,274.878
11/2/1970,295.519
11/3/1970,307.505
11/4/1970,326.735
11/5/1970,300.986
11/6/1970,310.418
11/7/1970,327.689
11/8/1970,299.302
11/9/1970,295.557
11/10/1970,318.74
11/11/1970,278.221
11/12/1970,306.257
11/13/1970,285.79
11/14/1970,271.407
11/15/1970,316.165
11/16/1970,281.036
11/17/1970,274.634
11/18/1970,347.229
11/19/1970,291.453
11/20/1970,275.805
11/21/1970,311.434
11/22/1970,308.753
11/23/1970,313.174
11/24/1970,281.525
11/25/1970,305.525
11/26/1970,358.07
11/27/1970,289.979
11/28/1970,324.333
11/29/1970,315.517
11/30/1970,312.165
12/1/1970,317.361
12/2/1970,340.744
12/3/1970,286.318
12/4/1970,325.014
12/5/1970,304.377
12/6/1970,309.361
12/7/1970,299.687
12/8/1970,276.902
12/9/1970,276.321
12/10/1970,336.441
12/11/1970,289.312
12/12/1970,294.977
12/13/1970,288.396
12/14/1970,237.174
12/15/1970,307.289
12/16/1970,241.259
12/17/1970,288.856
12/18/1970,330.51
12/19/1970,262.776
12/20/1970,307.208
12/21/1970,274.322
12/22/1970,291.789
12/23/1970,313.261
12/24/1970,313.524
12/25/1970,292.84
12/26/1970,268.226
12/27/1970,254.187
12/28/1970,232.422
12/29/1970,251.109
12/30/1970,309.574
12/31/1970,275.885
1/1/1971,291.054
1/2/1971,280.692
1/3/1971,251.937
1/4/1971,250.009
1/5/1971,246.543
1/6/1971,234.142
1/7/1971,200.906
1/8/1971,197.061
1/9/1971,205.574
1/10/1971,176.597
1/11/1971,227.916
1/12/1971,253.41
1/13/1971,262.638
1/14/1971,336.988
1/15/1971,315.691
1/16/1971,305.61
1/17/1971,329.028
1/18/1971,327.373
1/19/1971,309.088
1/20/1971,336.269
1/21/1971,316.655
1/22/1971,395.293
1/23/1971,362.806
1/24/1971,291.201
1/25/1971,362.9
1/26/1971,323.812
1/27/1971,327.88
1/28/1971,320.581
1/29/1971,318.624
1/30/1971,358.906
1/31/1971,351.125
2/1/1971,310.263
2/2/1971,340.908
2/3/1971,339.553
2/4/1971,356.043
2/5/1971,386.023
2/6/1971,332.805
2/7/1971,360.549
2/8/1971,361.614
2/9/1971,308.133
2/10/1971,335.012
2/11/1971,343.458
2/12/1971,338.509
2/13/1971,317.828
2/14/1971,325.407
2/15/1971,312.455
2/16/1971,284.672
2/17/1971,269.876
2/18/1971,275.978
2/19/1971,345.35
2/20/1971,252.905
2/21/1971,346.678
2/22/1971,367.577
2/23/1971,331.561
2/24/1971,332.587
2/25/1971,309.81
2/26/1971,306.135
2/27/1971,372.787
2/28/1971,300.495
3/1/1971,260.879
3/2/1971,307.468
3/3/1971,278.053
3/4/1971,242.152
3/5/1971,383.888
3/6/1971,301.445
3/7/1971,323.912
3/8/1971,297.687
3/9/1971,333.562
3/10/1971,324.477
3/11/1971,310.846
3/12/1971,262.898
3/13/1971,287.681
3/14/1971,271.472
3/15/1971,277.838
3/16/1971,266.111
3/17/1971,276.425
3/18/1971,294.899
3/19/1971,304.005
3/20/1971,296.227
3/21/1971,276.384
3/22/1971,273.574
3/23/1971,292.921
3/24/1971,266.587
3/25/1971,220.216
3/26/1971,275.18
3/27/1971,372.023
3/28/1971,350.743
3/29/1971,392.004
3/30/1971,473.632
3/31/1971,547.427
4/1/1971,508.356
4/2/1971,512.931
4/3/1971,508.012
4/4/1971,483.324
4/5/1971,424.96
4/6/1971,433.151
4/7/1971,424.924
4/8/1971,396.014
4/9/1971,370.218
4/10/1971,396.905
4/11/1971,350.977
4/12/1971,429.524
4/13/1971,353.974
4/14/1971,430.565
4/15/1971,476.364
4/16/1971,547.777
4/17/1971,590.006
4/18/1971,649.079
4/19/1971,665.725
4/20/1971,694.527
4/21/1971,671.9
4/22/1971,708.544
4/23/1971,668.54
4/24/1971,614.332
4/25/1971,591.758
4/26/1971,491.703
4/27/1971,549.984
4/28/1971,545.701
4/29/1971,557.749
4/30/1971,521.547
5/1/1971,500.717
5/2/1971,491.633
5/3/1971,459.079
5/4/1971,448.996
5/5/1971,376.821
5/6/1971,477.424
5/7/1971,516.438
5/8/1971,544.856
5/9/1971,686.442
5/10/1971,645.779
5/11/1971,692.736
5/12/1971,747.605
5/13/1971,702.175
5/14/1971,692.461
5/15/1971,703.913
5/16/1971,745.238
5/17/1971,737.642
5/18/1971,741.923
5/19/1971,859.307
5/20/1971,928.541
5/21/1971,953.011
5/22/1971,843.119
5/23/1971,836.592
5/24/1971,725.161
5/25/1971,680.043
5/26/1971,640.893
5/27/1971,661.418
5/28/1971,564.477
5/29/1971,646.605
5/30/1971,798.617
5/31/1971,844.59
6/1/1971,1013.485
6/2/1971,972.818
6/3/1971,1008.974
6/4/1971,1052.378
6/5/1971,1035.978
6/6/1971,1017.767
6/7/1971,990.216
6/8/1971,935.362
6/9/1971,923.666
6/10/1971,986.169
6/11/1971,992.573
6/12/1971,1020.64
6/13/1971,942.878
6/14/1971,986.887
6/15/1971,1001.744
6/16/1971,966.233
6/17/1971,1042.449
6/18/1971,1079.45
6/19/1971,1188.468
6/20/1971,1224.602
6/21/1971,1310.47
6/22/1971,1297.851
6/23/1971,1304.658
6/24/1971,1305.79
6/25/1971,1260.3
6/26/1971,1266.652
6/27/1971,1233.49
6/28/1971,1185.815
6/29/1971,1181.912
6/30/1971,1135.288
7/1/1971,1069.211
7/2/1971,1038.889
7/3/1971,865.573
7/4/1971,874.926
7/5/1971,797.712
7/6/1971,736.966
7/7/1971,712.389
7/8/1971,584.687
7/9/1971,621.876
7/10/1971,593.633
7/11/1971,563.501
7/12/1971,502.963
7/13/1971,561.431
7/14/1971,409.799
7/15/1971,509.919
7/16/1971,405.512
7/17/1971,355.842
7/18/1971,513.936
7/19/1971,283.086
7/20/1971,285.531
7/21/1971,466.561
7/22/1971,344.297
7/23/1971,468.746
7/24/1971,405.239
7/25/1971,375.703
7/26/1971,418.358
7/27/1971,351.602
7/28/1971,367.839
7/29/1971,317.72
7/30/1971,246.887
7/31/1971,354.7
8/1/1971,294.189
8/2/1971,198.237
8/3/1971,277.97
8/4/1971,316.804
8/5/1971,183.677
8/6/1971,185.028
8/7/1971,249.433
8/8/1971,202.599
8/9/1971,253.906
8/10/1971,214.837
8/11/1971,185.233
8/12/1971,237.553
8/13/1971,229.749
8/14/1971,193.608
8/15/1971,247.528
8/16/1971,189.265
8/17/1971,158.503
8/18/1971,261.508
8/19/1971,144.126
8/20/1971,161.157
8/21/1971,242.983
8/22/1971,374.28
8/23/1971,325.638
8/24/1971,344.218
8/25/1971,311.772
8/26/1971,460.931
8/27/1971,280.491
8/28/1971,500.628
8/29/1971,297.115
8/30/1971,325.013
8/31/1971,440.513
9/1/1971,344.366
9/2/1971,269.632
9/3/1971,333.774
9/4/1971,273.748
9/5/1971,268.519
9/6/1971,238.761
9/7/1971,313.391
9/8/1971,266.523
9/9/1971,271.255
9/10/1971,306.26
9/11/1971,309.952
9/12/1971,332.442
9/13/1971,293.745
9/14/1971,271.044
9/15/1971,280.301
9/16/1971,285.791
9/17/1971,238.172
9/18/1971,203.908
9/19/1971,263.355
9/20/1971,244.834
9/21/1971,246.435
9/22/1971,232.37
9/23/1971,265.252
9/24/1971,258.153
9/25/1971,257.082
9/26/1971,223.049
9/27/1971,253.661
9/28/1971,227.134
9/29/1971,269.104
9/30/1971,165.388
10/1/1971,256.914
10/2/1971,406.973
10/3/1971,323.857
10/4/1971,269.484
10/5/1971,252.984
10/6/1971,259.051
10/7/1971,241.916
10/8/1971,286.29
10/9/1971,300.291
10/10/1971,261.853
10/11/1971,244.524
10/12/1971,240.963
10/13/1971,227.104
10/14/1971,210.603
10/15/1971,256.931
10/16/1971,194.777
10/17/1971,234.441
10/18/1971,324.985
10/19/1971,400.278
10/20/1971,397.087
10/21/1971,320.504
10/22/1971,250.818
10/23/1971,304.188
10/24/1971,244.004
10/25/1971,290.015
10/26/1971,273.866
10/27/1971,324.694
10/28/1971,354.333
10/29/1971,241.376
10/30/1971,358.269
10/31/1971,306.549
11/1/1971,250.52
11/2/1971,291.733
11/3/1971,289.363
11/4/1971,283.796
11/5/1971,352.213
11/6/1971,293.129
11/7/1971,282.034
11/8/1971,317.013
11/9/1971,301.059
11/10/1971,299.602
11/11/1971,309.586
11/12/1971,269.558
11/13/1971,339.873
11/14/1971,303.855
11/15/1971,284.081
11/16/1971,391.681
11/17/1971,271.214
11/18/1971,316.385
11/19/1971,304.503
11/20/1971,281.432
11/21/1971,314.437
11/22/1971,306.58
11/23/1971,304.05
11/24/1971,294.33
11/25/1971,324.598
11/26/1971,304.272
11/27/1971,341.077
11/28/1971,255.115
11/29/1971,302.472
11/30/1971,321.326
12/1/1971,262.787
12/2/1971,286.53
12/3/1971,310.957
12/4/1971,278.331
12/5/1971,317.994
12/6/1971,364.786
12/7/1971,333.737
12/8/1971,244.829
12/9/1971,267.026
12/10/1971,325.808
12/11/1971,275.917
12/12/1971,282.809
12/13/1971,294.792
12/14/1971,241.767
12/15/1971,237.551
12/16/1971,202.003
12/17/1971,310.366
12/18/1971,242.379
12/19/1971,270.93
12/20/1971,261.482
12/21/1971,302.073
12/22/1971,259.763
12/23/1971,273.658
12/24/1971,339.525
12/25/1971,441.755
12/26/1971,433.558
12/27/1971,459.916
12/28/1971,427.304
12/29/1971,453.958
12/30/1971,472.529
12/31/1971,396.286
1/1/1972,379.768
1/2/1972,350.965
1/3/1972,359.918
1/4/1972,283.745
1/5/1972,262.597
1/6/1972,261.989
1/7/1972,278.039
1/8/1972,294.158
1/9/1972,227.915
1/10/1972,281.759
1/11/1972,246.391
1/12/1972,323.394
1/13/1972,335.494
1/14/1972,337.35
1/15/1972,324.966
1/16/1972,331.481
1/17/1972,277.074
1/18/1972,303.009
1/19/1972,332.244
1/20/1972,324.525
1/21/1972,334.965
1/22/1972,300.138
1/23/1972,273.924
1/24/1972,330.239
1/25/1972,361.026
1/26/1972,295.802
1/27/1972,303.923
1/28/1972,391.08
1/29/1972,337.934
1/30/1972,262.391
1/31/1972,312.767
2/1/1972,327.169
2/2/1972,249.151
2/3/1972,278.82
2/4/1972,257.04
2/5/1972,285.21
2/6/1972,276.481
2/7/1972,254.994
2/8/1972,289.419
2/9/1972,331.541
2/10/1972,253.875
2/11/1972,324.963
2/12/1972,289.579
2/13/1972,294.656
2/14/1972,329.076
2/15/1972,303.049
2/16/1972,289.086
2/17/1972,321.163
2/18/1972,324.802
2/19/1972,331.996
2/20/1972,316.579
2/21/1972,375.361
2/22/1972,340.56
2/23/1972,391.062
2/24/1972,328.39
2/25/1972,377.807
2/26/1972,335.234
2/27/1972,351.702
2/28/1972,354.309
2/29/1972,384.68
3/1/1972,338.357
3/2/1972,352.537
3/3/1972,383.151
3/4/1972,317.368
3/5/1972,333.746
3/6/1972,335.057
3/7/1972,403.206
3/8/1972,327.627
3/9/1972,341.089
3/10/1972,390.133
3/11/1972,343.787
3/12/1972,334.329
3/13/1972,319.393
3/14/1972,397.188
3/15/1972,322.539
3/16/1972,362.058
3/17/1972,380.322
3/18/1972,331.912
3/19/1972,408.074
3/20/1972,336.007
3/21/1972,347.77
3/22/1972,369.065
3/23/1972,375.58
3/24/1972,279.377
3/25/1972,300.125
3/26/1972,396.03
3/27/1972,221.429
3/28/1972,247.386
3/29/1972,313.671
3/30/1972,274.317
3/31/1972,289.447
4/1/1972,263.658
4/2/1972,297.025
4/3/1972,277.487
4/4/1972,231.861
4/5/1972,257.242
4/6/1972,253.218
4/7/1972,220.268
4/8/1972,191.499
4/9/1972,222.656
4/10/1972,189.048
4/11/1972,261.836
4/12/1972,152.193
4/13/1972,239.723
4/14/1972,292.6
4/15/1972,319.398
4/16/1972,302.557
4/17/1972,354.857
4/18/1972,347.623
4/19/1972,322.722
4/20/1972,311.918
4/21/1972,310.289
4/22/1972,323.381
4/23/1972,216.176
4/24/1972,236.868
4/25/1972,267.557
4/26/1972,264.701
4/27/1972,258.419
4/28/1972,268.704
4/29/1972,347.452
4/30/1972,333.252
5/1/1972,257.053
5/2/1972,339.589
5/3/1972,331.149
5/4/1972,316.088
5/5/1972,351.004
5/6/1972,366.065
5/7/1972,283.8
5/8/1972,367.401
5/9/1972,419.717
5/10/1972,369.523
5/11/1972,421.238
5/12/1972,463.785
5/13/1972,450.655
5/14/1972,483.652
5/15/1972,488.426
5/16/1972,465.926
5/17/1972,465.08
5/18/1972,454.489
5/19/1972,439.88
5/20/1972,430.974
5/21/1972,487.551
5/22/1972,577.609
5/23/1972,621.072
5/24/1972,678.262
5/25/1972,709.913
5/26/1972,679.354
5/27/1972,640.105
5/28/1972,699.089
5/29/1972,697.986
5/30/1972,700.316
5/31/1972,763.45
6/1/1972,813.936
6/2/1972,903.707
6/3/1972,906.169
6/4/1972,987.218
6/5/1972,993.255
6/6/1972,1034.653
6/7/1972,1058.866
6/8/1972,1042.758
6/9/1972,1040.314
6/10/1972,1087.269
6/11/1972,1122.668
6/12/1972,1095.103
6/13/1972,1115.193
6/14/1972,1005.403
6/15/1972,1054.487
6/16/1972,961.051
6/17/1972,911.282
6/18/1972,737.443
6/19/1972,755.891
6/20/1972,707.163
6/21/1972,751.53
6/22/1972,907.984
6/23/1972,674.45
6/24/1972,608.059
6/25/1972,565.273
6/26/1972,573.504
6/27/1972,588.423
6/28/1972,537.896
6/29/1972,503.267
6/30/1972,458.433
7/1/1972,438.459
7/2/1972,431.49
7/3/1972,391.013
7/4/1972,327.197
7/5/1972,330.407
7/6/1972,238.003
7/7/1972,316.018
7/8/1972,320.445
7/9/1972,248.515
7/10/1972,313.095
7/11/1972,194.509
7/12/1972,269.325
7/13/1972,292.516
7/14/1972,271.494
7/15/1972,263.152
7/16/1972,236.379
7/17/1972,229.905
7/18/1972,232.108
7/19/1972,296.144
7/20/1972,157.001
7/21/1972,216.798
7/22/1972,208.247
7/23/1972,179.452
7/24/1972,191.045
7/25/1972,136.505
7/26/1972,261.445
7/27/1972,163.303
7/28/1972,191.439
7/29/1972,187.181
7/30/1972,171.705
7/31/1972,190.467
8/1/1972,220.749
8/2/1972,269.519
8/3/1972,140.638
8/4/1972,151.186
8/5/1972,222.016
8/6/1972,138.387
8/7/1972,188.514
8/8/1972,194.917
8/9/1972,184.31
8/10/1972,188.499
8/11/1972,145.426
8/12/1972,216.812
8/13/1972,188.441
8/14/1972,157.71
8/15/1972,112.908
8/16/1972,183.258
8/17/1972,170.905
8/18/1972,187.922
8/19/1972,178.329
8/20/1972,171.48
8/21/1972,171.443
8/22/1972,161.857
8/23/1972,241.321
8/24/1972,152.23
8/25/1972,177.77
8/26/1972,178.242
8/27/1972,261.316
8/28/1972,137.963
8/29/1972,276.835
8/30/1972,207.46
8/31/1972,206.289
9/1/1972,183.747
9/2/1972,173.385
9/3/1972,174.317
9/4/1972,163.039
9/5/1972,154.697
9/6/1972,199.125
9/7/1972,178.723
9/8/1972,165.916
9/9/1972,168.084
9/10/1972,164.053
9/11/1972,152.668
9/12/1972,224.733
9/13/1972,169.268
9/14/1972,189.504
9/15/1972,209.55
9/16/1972,211.792
9/17/1972,223.83
9/18/1972,133.194
9/19/1972,237.159
9/20/1972,208.947
9/21/1972,143.812
9/22/1972,284.441
9/23/1972,286.701
9/24/1972,262.881
9/25/1972,209.161
9/26/1972,228.008
9/27/1972,225.657
9/28/1972,202.151
9/29/1972,226.358
9/30/1972,207.213
10/1/1972,200.977
10/2/1972,153.897
10/3/1972,113.145
10/4/1972,339.231
10/5/1972,285.133
10/6/1972,246.505
10/7/1972,451.903
10/8/1972,419.887
10/9/1972,467.876
10/10/1972,387.725
10/11/1972,357.725
10/12/1972,306.19
10/13/1972,301.633
10/14/1972,254.525
10/15/1972,577.127
10/16/1972,374.927
10/17/1972,507.669
10/18/1972,912.079
10/19/1972,1390.338
10/20/1972,1511.087
10/21/1972,1127.639
10/22/1972,885.651
10/23/1972,665.288
10/24/1972,596.455
10/25/1972,464.578
10/26/1972,406.271
10/27/1972,483.55
10/28/1972,407.369
10/29/1972,457.662
10/30/1972,444.079
10/31/1972,343.387
11/1/1972,386.021
11/2/1972,391.323
11/3/1972,386.011
11/4/1972,368.539
11/5/1972,373.04
11/6/1972,389.139
11/7/1972,373.943
11/8/1972,331.593
11/9/1972,394.502
11/10/1972,370.633
11/11/1972,337.942
11/12/1972,421.446
11/13/1972,361.659
11/14/1972,379.613
11/15/1972,383.179
11/16/1972,385.167
11/17/1972,343.848
11/18/1972,374.331
11/19/1972,361.553
11/20/1972,406.318
11/21/1972,409.276
11/22/1972,394.677
11/23/1972,344.682
11/24/1972,396.969
11/25/1972,334.66
11/26/1972,327.43
11/27/1972,386.737
11/28/1972,322.266
11/29/1972,317.987
11/30/1972,293.112
12/1/1972,351.271
12/2/1972,292.237
12/3/1972,289.692
12/4/1972,364.117
12/5/1972,371.116
12/6/1972,331.952
12/7/1972,361.197
12/8/1972,315.16
12/9/1972,359.218
12/10/1972,353.02
12/11/1972,295.229
12/12/1972,305.795
12/13/1972,319.249
12/14/1972,298.503
12/15/1972,327.716
12/16/1972,255.687
12/17/1972,277.624
12/18/1972,180.649
12/19/1972,254.821
12/20/1972,254.887
12/21/1972,306.742
12/22/1972,334.824
12/23/1972,381.572
12/24/1972,358.65
12/25/1972,388.55
12/26/1972,385.384
12/27/1972,371.169
12/28/1972,361.35
12/29/1972,358.099
12/30/1972,390.231
12/31/1972,359.287
1/1/1973,253.283
1/2/1973,279.608
1/3/1973,258.01
1/4/1973,301.972
1/5/1973,295.572
1/6/1973,317.087
1/7/1973,327.592
1/8/1973,277.981
1/9/1973,291.014
1/10/1973,350.356
1/11/1973,355.926
1/12/1973,312.033
1/13/1973,405.517
1/14/1973,349.239
1/15/1973,323.009
1/16/1973,390.327
1/17/1973,338.376
1/18/1973,355.895
1/19/1973,362.782
1/20/1973,349.349
1/21/1973,372.94
1/22/1973,349.304
1/23/1973,338.014
1/24/1973,323.916
1/25/1973,323.457
1/26/1973,275.739
1/27/1973,320.022
1/28/1973,317.279
1/29/1973,289.304
1/30/1973,305.617
1/31/1973,315.661
2/1/1973,311.657
2/2/1973,311.745
2/3/1973,317.58
2/4/1973,275.686
2/5/1973,293.436
2/6/1973,336.269
2/7/1973,297.555
2/8/1973,367.392
2/9/1973,418.927
2/10/1973,391.455
2/11/1973,347.514
2/12/1973,364.801
2/13/1973,418.231
2/14/1973,428.51
2/15/1973,419.665
2/16/1973,378.598
2/17/1973,351.25
2/18/1973,357.528
2/19/1973,332.489
2/20/1973,403.118
2/21/1973,333.464
2/22/1973,349.868
2/23/1973,376.33
2/24/1973,344.706
2/25/1973,405.261
2/26/1973,380.922
2/27/1973,370.334
2/28/1973,448.633
3/1/1973,427.473
3/2/1973,438.334
3/3/1973,476.304
3/4/1973,375.804
3/5/1973,423.901
3/6/1973,436.581
3/7/1973,374.943
3/8/1973,385.285
3/9/1973,360.165
3/10/1973,356.54
3/11/1973,405.871
3/12/1973,293.282
3/13/1973,374.417
3/14/1973,320.825
3/15/1973,336.49
3/16/1973,355.619
3/17/1973,303.474
3/18/1973,280.786
3/19/1973,323.445
3/20/1973,315.438
3/21/1973,367.943
3/22/1973,410.195
3/23/1973,464.862
3/24/1973,439.638
3/25/1973,418.426
3/26/1973,349.398
3/27/1973,420.111
3/28/1973,420.407
3/29/1973,409.004
3/30/1973,337.17
3/31/1973,385.059
4/1/1973,381.732
4/2/1973,404.357
4/3/1973,308.974
4/4/1973,337.299
4/5/1973,369.105
4/6/1973,331.595
4/7/1973,342.394
4/8/1973,357.763
4/9/1973,342.405
4/10/1973,350.181
4/11/1973,315.846
4/12/1973,371.281
4/13/1973,319.354
4/14/1973,383.94
4/15/1973,487.203
4/16/1973,476.196
4/17/1973,525.216
4/18/1973,509.409
4/19/1973,450.352
4/20/1973,529.05
4/21/1973,516.55
4/22/1973,502.976
4/23/1973,463.996
4/24/1973,473.527
4/25/1973,416.404
4/26/1973,490.99
4/27/1973,543.442
4/28/1973,559.285
4/29/1973,644.631
4/30/1973,729.223
5/1/1973,861.659
5/2/1973,940.33
5/3/1973,893.299
5/4/1973,779.623
5/5/1973,842.321
5/6/1973,883.582
5/7/1973,1002.085
5/8/1973,989.136
5/9/1973,932.784
5/10/1973,910.646
5/11/1973,1016.206
5/12/1973,1247.06
5/13/1973,1450.269
5/14/1973,1618.317
5/15/1973,1682.378
5/16/1973,1640.054
5/17/1973,1663.801
5/18/1973,1631.278
5/19/1973,1734.145
5/20/1973,1753.91
5/21/1973,1987.851
5/22/1973,2040.378
5/23/1973,2112.586
5/24/1973,2122.548
5/25/1973,2086.649
5/26/1973,1760.471
5/27/1973,1846.543
5/28/1973,1814.286
5/29/1973,1695.516
5/30/1973,1482.639
5/31/1973,1295.538
6/1/1973,1315.946
6/2/1973,1266.493
6/3/1973,1316.031
6/4/1973,1441.505
6/5/1973,1421.866
6/6/1973,1481.63
6/7/1973,1433.24
6/8/1973,1354.862
6/9/1973,1287.719
6/10/1973,1339.584
6/11/1973,1524.153
6/12/1973,1695.648
6/13/1973,1923.005
6/14/1973,1981.722
6/15/1973,1962.848
6/16/1973,1981.503
6/17/1973,2088.853
6/18/1973,2016.86
6/19/1973,1686.971
6/20/1973,1603.406
6/21/1973,1453.24
6/22/1973,1325.886
6/23/1973,1225.698
6/24/1973,1185.059
6/25/1973,1264.592
6/26/1973,1157.5
6/27/1973,1139.289
6/28/1973,1198.148
6/29/1973,1146.339
6/30/1973,1285.636
7/1/1973,1403.7
7/2/1973,1363.963
7/3/1973,1357.397
7/4/1973,1307.466
7/5/1973,1188.134
7/6/1973,1114.439
7/7/1973,1083.417
7/8/1973,1031.004
7/9/1973,994.497
7/10/1973,925.888
7/11/1973,824.431
7/12/1973,840.212
7/13/1973,869.076
7/14/1973,679.271
7/15/1973,710.46
7/16/1973,763.369
7/17/1973,733.809
7/18/1973,674.286
7/19/1973,785.566
7/20/1973,814.336
7/21/1973,651.675
7/22/1973,754.859
7/23/1973,813.017
7/24/1973,799.067
7/25/1973,707.072
7/26/1973,668.661
7/27/1973,622.495
7/28/1973,599.4
7/29/1973,537.539
7/30/1973,577.616
7/31/1973,513.379
8/1/1973,480.275
8/2/1973,451.534
8/3/1973,409.936
8/4/1973,409.952
8/5/1973,388.181
8/6/1973,421.221
8/7/1973,371.024
8/8/1973,424.452
8/9/1973,445.087
8/10/1973,436.961
8/11/1973,462.499
8/12/1973,451.749
8/13/1973,416.936
8/14/1973,386.135
8/15/1973,345.117
8/16/1973,361.754
8/17/1973,346.667
8/18/1973,412.889
8/19/1973,413.318
8/20/1973,429.498
8/21/1973,335.384
8/22/1973,353.43
8/23/1973,377.625
8/24/1973,424.285
8/25/1973,386.694
8/26/1973,384.76
8/27/1973,376.428
8/28/1973,412.139
8/29/1973,343.739
8/30/1973,435.805
8/31/1973,293.623
9/1/1973,315.861
9/2/1973,308.125
9/3/1973,391.605
9/4/1973,316.489
9/5/1973,309.405
9/6/1973,294.826
9/7/1973,282.155
9/8/1973,382.783
9/9/1973,291.149
9/10/1973,371.24
9/11/1973,305.189
9/12/1973,362.8
9/13/1973,397.102
9/14/1973,347.726
9/15/1973,404.161
9/16/1973,318.681
9/17/1973,344.494
9/18/1973,294.618
9/19/1973,344.737
9/20/1973,253.432
9/21/1973,308.526
9/22/1973,260.344
9/23/1973,299.892
9/24/1973,225.787
9/25/1973,281.991
9/26/1973,265.622
9/27/1973,231.845
9/28/1973,298.022
9/29/1973,285.611
9/30/1973,176.495
10/1/1973,240.15
10/2/1973,241.465
10/3/1973,271.917
10/4/1973,206.747
10/5/1973,264.612
10/6/1973,210.919
10/7/1973,225.202
10/8/1973,227.534
10/9/1973,259.194
10/10/1973,252.821
10/11/1973,206.328
10/12/1973,322.68
10/13/1973,268.954
10/14/1973,244.927
10/15/1973,277.859
10/16/1973,311.522
10/17/1973,321.093
10/18/1973,329.965
10/19/1973,317.124
10/20/1973,279.779
10/21/1973,297.172
10/22/1973,271.127
10/23/1973,266.355
10/24/1973,291.702
10/25/1973,332.548
10/26/1973,266.581
10/27/1973,280.758
10/28/1973,290.453
10/29/1973,280.842
10/30/1973,263.271
10/31/1973,272.427
11/1/1973,356.201
11/2/1973,273.57
11/3/1973,368.67
11/4/1973,258.548
11/5/1973,263.193
11/6/1973,306.461
11/7/1973,285.68
11/8/1973,302.652
11/9/1973,321.392
11/10/1973,276.137
11/11/1973,268.219
11/12/1973,265.44
11/13/1973,276.45
11/14/1973,298.343
11/15/1973,271.142
11/16/1973,279.513
11/17/1973,308.9
11/18/1973,328.975
11/19/1973,237.285
11/20/1973,283.101
11/21/1973,381.585
11/22/1973,328.984
11/23/1973,302.667
11/24/1973,368.852
11/25/1973,265.732
11/26/1973,284.725
11/27/1973,385.521
11/28/1973,370.902
11/29/1973,319.844
11/30/1973,309.698
12/1/1973,254.045
12/2/1973,283.608
12/3/1973,451.795
12/4/1973,333.247
12/5/1973,336.502
12/6/1973,304.858
12/7/1973,292.079
12/8/1973,291.124
12/9/1973,273.844
12/10/1973,258.818
12/11/1973,228.481
12/12/1973,313.284
12/13/1973,284.51
12/14/1973,307.823
12/15/1973,298.979
12/16/1973,326.143
12/17/1973,319.01
12/18/1973,363.81
12/19/1973,279.033
12/20/1973,328.251
12/21/1973,318.33
12/22/1973,305.472
12/23/1973,304.72
12/24/1973,361.348
12/25/1973,340.952
12/26/1973,281.886
12/27/1973,279.376
12/28/1973,284.17
12/29/1973,281.443
12/30/1973,389.195
12/31/1973,295.772
1/1/1974,289.517
1/2/1974,237.714
1/3/1974,308.867
1/4/1974,327.041
1/5/1974,242.236
1/6/1974,235.425
1/7/1974,257.83
1/8/1974,277.799
1/9/1974,285.435
1/10/1974,364.467
1/11/1974,428.273
1/12/1974,425.017
1/13/1974,408.306
1/14/1974,387.62
1/15/1974,401.849
1/16/1974,370.706
1/17/1974,366.751
1/18/1974,312.339
1/19/1974,379.634
1/20/1974,271.856
1/21/1974,301.552
1/22/1974,306.96
1/23/1974,342.466
1/24/1974,272.886
1/25/1974,302.416
1/26/1974,239.536
1/27/1974,247.721
1/28/1974,324.375
1/29/1974,264.756
1/30/1974,237.624
1/31/1974,247.566
2/1/1974,305.067
2/2/1974,281.834
2/3/1974,235.532
2/4/1974,253.844
2/5/1974,311.976
2/6/1974,223.026
2/7/1974,263.559
2/8/1974,316.837
2/9/1974,278.964
2/10/1974,262.582
2/11/1974,265.182
2/12/1974,296.236
2/13/1974,237.788
2/14/1974,249.28
2/15/1974,271.261
2/16/1974,273.557
2/17/1974,281.933
2/18/1974,241.232
2/19/1974,249.637
2/20/1974,272.761
2/21/1974,318.569
2/22/1974,322.664
2/23/1974,217.775
2/24/1974,246.783
2/25/1974,300.273
2/26/1974,261.867
2/27/1974,228.578
2/28/1974,258.564
3/1/1974,321.096
3/2/1974,277.443
3/3/1974,256.412
3/4/1974,395.87
3/5/1974,403.01
3/6/1974,316.711
3/7/1974,326.04
3/8/1974,332.951
3/9/1974,327.966
3/10/1974,288.161
3/11/1974,379.232
3/12/1974,385.707
3/13/1974,377.002
3/14/1974,376.025
3/15/1974,388.732
3/16/1974,349.904
3/17/1974,374.903
3/18/1974,422.133
3/19/1974,389.007
3/20/1974,395.584
3/21/1974,402.068
3/22/1974,335.381
3/23/1974,398.623
3/24/1974,323.265
3/25/1974,340.963
3/26/1974,355.275
3/27/1974,310.384
3/28/1974,337.151
3/29/1974,297.483
3/30/1974,368.968
3/31/1974,221.394
4/1/1974,264.757
4/2/1974,278.105
4/3/1974,329.591
4/4/1974,356.384
4/5/1974,328.252
4/6/1974,351.126
4/7/1974,274.128
4/8/1974,275.149
4/9/1974,289.406
4/10/1974,260.167
4/11/1974,246.698
4/12/1974,156.781
4/13/1974,422.833
4/14/1974,166.52
4/15/1974,235.789
4/16/1974,241.157
4/17/1974,259.859
4/18/1974,203.108
4/19/1974,294.016
4/20/1974,306.82
4/21/1974,274.808
4/22/1974,307.315
4/23/1974,300.792
4/24/1974,299.345
4/25/1974,309.949
4/26/1974,387.246
4/27/1974,339.59
4/28/1974,548.529
4/29/1974,568.271
4/30/1974,685.458
5/1/1974,736.503
5/2/1974,833.228
5/3/1974,729.678
5/4/1974,830.045
5/5/1974,787.659
5/6/1974,703.761
5/7/1974,861.936
5/8/1974,872.353
5/9/1974,887.349
5/10/1974,1061.003
5/11/1974,1074.64
5/12/1974,1282.717
5/13/1974,1391.091
5/14/1974,1342.157
5/15/1974,1353.637
5/16/1974,1356.121
5/17/1974,1232.081
5/18/1974,1109.46
5/19/1974,1045.203
5/20/1974,1076.509
5/21/1974,1062.713
5/22/1974,1055.794
5/23/1974,1036.72
5/24/1974,1008.847
5/25/1974,980.534
5/26/1974,867.417
5/27/1974,812.136
5/28/1974,772.125
5/29/1974,821.321
5/30/1974,942.561
5/31/1974,994.966
6/1/1974,1093.472
6/2/1974,1159.776
6/3/1974,1102.289
6/4/1974,1087.711
6/5/1974,1122.746
6/6/1974,855.688
6/7/1974,1005.104
6/8/1974,713.352
6/9/1974,847.453
6/10/1974,897.112
6/11/1974,864.015
6/12/1974,819.833
6/13/1974,814.394
6/14/1974,784.579
6/15/1974,707.038
6/16/1974,749.138
6/17/1974,738.126
6/18/1974,809.312
6/19/1974,829.802
6/20/1974,764.138
6/21/1974,824.516
6/22/1974,837.082
6/23/1974,837.541
6/24/1974,845.63
6/25/1974,794.073
6/26/1974,767.959
6/27/1974,703.526
6/28/1974,654.384
6/29/1974,664.614
6/30/1974,606.254
7/1/1974,565.808
7/2/1974,504.24
7/3/1974,585.228
7/4/1974,474.287
7/5/1974,393.067
7/6/1974,436.894
7/7/1974,366.116
7/8/1974,255.024
7/9/1974,339.245
7/10/1974,279.368
7/11/1974,305.804
7/12/1974,256.864
7/13/1974,188.067
7/14/1974,280.875
7/15/1974,266.413
7/16/1974,274.416
7/17/1974,165.828
7/18/1974,249.971
7/19/1974,310.697
7/20/1974,310.052
7/21/1974,369.776
7/22/1974,292.478
7/23/1974,349.251
7/24/1974,433.435
7/25/1974,227.149
7/26/1974,369.492
7/27/1974,353.482
7/28/1974,318.96
7/29/1974,311.143
7/30/1974,238.048
7/31/1974,285.792
8/1/1974,229.258
8/2/1974,230.751
8/3/1974,224.865
8/4/1974,139.831
8/5/1974,211.665
8/6/1974,199.992
8/7/1974,174.9
8/8/1974,226.61
8/9/1974,230.97
8/10/1974,188.992
8/11/1974,241.885
8/12/1974,232.231
8/13/1974,197.579
8/14/1974,212.504
8/15/1974,233.611
8/16/1974,193.717
8/17/1974,204.777
8/18/1974,154.594
8/19/1974,174.318
8/20/1974,179.033
8/21/1974,185.786
8/22/1974,176.79
8/23/1974,151.716
8/24/1974,160.175
8/25/1974,186.193
8/26/1974,157.576
8/27/1974,179.72
8/28/1974,186.769
8/29/1974,115.476
8/30/1974,184.573
8/31/1974,146.018
9/1/1974,161.142
9/2/1974,182.758
9/3/1974,126.325
9/4/1974,141.414
9/5/1974,132.72
9/6/1974,183.37
9/7/1974,141.147
9/8/1974,136.126
9/9/1974,178.083
9/10/1974,126.297
9/11/1974,282.841
9/12/1974,101.633
9/13/1974,106.349
9/14/1974,139.503
9/15/1974,146.381
9/16/1974,126.027
9/17/1974,217.246
9/18/1974,259.291
9/19/1974,237.037
9/20/1974,256.438
9/21/1974,254.401
9/22/1974,271.308
9/23/1974,172.902
9/24/1974,278.188
9/25/1974,166.853
9/26/1974,231.778
9/27/1974,221.995
9/28/1974,132.632
9/29/1974,185.93
9/30/1974,169.863
10/1/1974,185.666
10/2/1974,169.401
10/3/1974,142.694
10/4/1974,160.099
10/5/1974,256.814
10/6/1974,103.83
10/7/1974,177.059
10/8/1974,225.815
10/9/1974,214.414
10/10/1974,202.238
10/11/1974,251.16
10/12/1974,157.972
10/13/1974,174.689
10/14/1974,222.361
10/15/1974,232.99
10/16/1974,256.053
10/17/1974,244.5
10/18/1974,236.875
10/19/1974,236.601
10/20/1974,216.726
10/21/1974,265.564
10/22/1974,200.696
10/23/1974,284.43
10/24/1974,278.685
10/25/1974,306.942
10/26/1974,338.87
10/27/1974,235.655
10/28/1974,302.711
10/29/1974,479.208
10/30/1974,296.723
10/31/1974,370.55
11/1/1974,420.461
11/2/1974,327.469
11/3/1974,363.822
11/4/1974,361.318
11/5/1974,339.122
11/6/1974,344.088
11/7/1974,343.469
11/8/1974,317.061
11/9/1974,359.104
11/10/1974,315.646
11/11/1974,297.519
11/12/1974,286.852
11/13/1974,302.702
11/14/1974,310.869
11/15/1974,230.975
11/16/1974,280.55
11/17/1974,287.944
11/18/1974,240.437
11/19/1974,308.399
11/20/1974,260.056
11/21/1974,259.537
11/22/1974,236.991
11/23/1974,259.988
11/24/1974,267.827
11/25/1974,255.249
11/26/1974,268.031
11/27/1974,271.876
11/28/1974,264.376
11/29/1974,196.179
11/30/1974,246.892
12/1/1974,232.963
12/2/1974,262.971
12/3/1974,241.075
12/4/1974,206.098
12/5/1974,221.72
12/6/1974,235.872
12/7/1974,290.494
12/8/1974,193.234
12/9/1974,273.338
12/10/1974,224.634
12/11/1974,230.984
12/12/1974,276.518
12/13/1974,211.081
12/14/1974,182.41
12/15/1974,272.122
12/16/1974,212.955
12/17/1974,230.843
12/18/1974,175.745
12/19/1974,284.996
12/20/1974,195.683
12/21/1974,212.608
12/22/1974,301.466
12/23/1974,232.506
12/24/1974,282.958
12/25/1974,230.94
12/26/1974,125.421
12/27/1974,222.338
12/28/1974,200.678
12/29/1974,125.315
12/30/1974,182.221
12/31/1974,192.695
1/1/1975,145.744
1/2/1975,231.867
1/3/1975,191.27
1/4/1975,239.562
1/5/1975,207.003
1/6/1975,207.499
1/7/1975,230.728
1/8/1975,222.775
1/9/1975,310.417
1/10/1975,236.836
1/11/1975,288.377
1/12/1975,259.875
1/13/1975,258.49
1/14/1975,259.157
1/15/1975,248.621
1/16/1975,220.397
1/17/1975,205.946
1/18/1975,259.303
1/19/1975,254.364
1/20/1975,251.537
1/21/1975,256.051
1/22/1975,260.142
1/23/1975,225.887
1/24/1975,210.447
1/25/1975,263.42
1/26/1975,231.672
1/27/1975,254.959
1/28/1975,241.403
1/29/1975,253.836
1/30/1975,243.63
1/31/1975,317.442
2/1/1975,268.231
2/2/1975,244.688
2/3/1975,241.39
2/4/1975,266.404
2/5/1975,246.777
2/6/1975,226.505
2/7/1975,247.102
2/8/1975,247.611
2/9/1975,260.244
2/10/1975,153.157
2/11/1975,308.903
2/12/1975,280.201
2/13/1975,242.966
2/14/1975,303.91
2/15/1975,276.878
2/16/1975,346.717
2/17/1975,228.668
2/18/1975,293.142
2/19/1975,253.638
2/20/1975,287.814
2/21/1975,316.504
2/22/1975,260.412
2/23/1975,281.377
2/24/1975,292.162
2/25/1975,270.943
2/26/1975,309.532
2/27/1975,284.631
2/28/1975,299.085
3/1/1975,288.773
3/2/1975,266.385
3/3/1975,332.083
3/4/1975,329.518
3/5/1975,346.22
3/6/1975,326.335
3/7/1975,319.81
3/8/1975,229.541
3/9/1975,288.78
3/10/1975,382.973
3/11/1975,293.487
3/12/1975,361.977
3/13/1975,367.987
3/14/1975,342.479
3/15/1975,227.52
3/16/1975,286.526
3/17/1975,314.806
3/18/1975,328.934
3/19/1975,276.636
3/20/1975,267.621
3/21/1975,257.893
3/22/1975,263.396
3/23/1975,206.672
3/24/1975,251.195
3/25/1975,402.498
3/26/1975,117.141
3/27/1975,294.19
3/28/1975,247.912
3/29/1975,216.691
3/30/1975,215.553
3/31/1975,239.204
4/1/1975,223.024
4/2/1975,223.408
4/3/1975,200.574
4/4/1975,193.255
4/5/1975,208.621
4/6/1975,285.915
4/7/1975,127.056
4/8/1975,213.577
4/9/1975,256.781
4/10/1975,230.981
4/11/1975,293.123
4/12/1975,255.785
4/13/1975,271.677
4/14/1975,283.32
4/15/1975,283.539
4/16/1975,293.705
4/17/1975,221.728
4/18/1975,281.478
4/19/1975,313.995
4/20/1975,382.078
4/21/1975,355.017
4/22/1975,324.16
4/23/1975,415.318
4/24/1975,395.526
4/25/1975,443.659
4/26/1975,500.97
4/27/1975,553.915
4/28/1975,666.87
4/29/1975,557.607
4/30/1975,571.202
5/1/1975,541.724
5/2/1975,497.753
5/3/1975,530.056
5/4/1975,571.926
5/5/1975,475.054
5/6/1975,540.082
5/7/1975,588.647
5/8/1975,580.709
5/9/1975,464.957
5/10/1975,448.631
5/11/1975,398.076
5/12/1975,568.899
5/13/1975,542.855
5/14/1975,737.03
5/15/1975,735.351
5/16/1975,834.186
5/17/1975,833.281
5/18/1975,947.934
5/19/1975,1026.642
5/20/1975,1183.162
5/21/1975,1112.203
5/22/1975,1304.473
5/23/1975,1378.329
5/24/1975,1395.818
5/25/1975,1383.965
5/26/1975,1277.902
5/27/1975,1143.104
5/28/1975,1158.653
5/29/1975,1211.532
5/30/1975,1152.568
5/31/1975,1111.034
6/1/1975,1139.603
6/2/1975,1088.784
6/3/1975,1101.458
6/4/1975,1118.034
6/5/1975,1186.515
6/6/1975,1341.438
6/7/1975,1410.513
6/8/1975,1620.611
6/9/1975,1667.713
6/10/1975,1728.989
6/11/1975,1751.466
6/12/1975,1707.009
6/13/1975,1615.065
6/14/1975,1503.188
6/15/1975,1318.871
6/16/1975,1340.404
6/17/1975,1375.319
6/18/1975,1699.905
6/19/1975,1585.544
6/20/1975,1566.237
6/21/1975,1803.551
6/22/1975,1369.036
6/23/1975,1305.141
6/24/1975,1188.023
6/25/1975,1139.238
6/26/1975,1164.118
6/27/1975,1135.141
6/28/1975,1243.681
6/29/1975,1209.298
6/30/1975,1204.287
7/1/1975,1323.879
7/2/1975,1332.758
7/3/1975,1262.556
7/4/1975,1354.357
7/5/1975,1443.646
7/6/1975,1383.834
7/7/1975,1468.14
7/8/1975,1307.314
7/9/1975,1428.169
7/10/1975,1327.187
7/11/1975,1401.128
7/12/1975,1424.605
7/13/1975,1222.201
7/14/1975,1278.036
7/15/1975,1153.188
7/16/1975,1094.102
7/17/1975,1007.054
7/18/1975,1044.612
7/19/1975,1063.356
7/20/1975,1005.49
7/21/1975,1004.047
7/22/1975,755.554
7/23/1975,862.192
7/24/1975,744.637
7/25/1975,729.086
7/26/1975,640.822
7/27/1975,613.236
7/28/1975,572.165
7/29/1975,729.492
7/30/1975,565.339
7/31/1975,557.191
8/1/1975,546.398
8/2/1975,511.523
8/3/1975,505.925
8/4/1975,479.911
8/5/1975,409.438
8/6/1975,503.304
8/7/1975,408.777
8/8/1975,408.737
8/9/1975,403.748
8/10/1975,382.609
8/11/1975,324.264
8/12/1975,381.225
8/13/1975,353.837
8/14/1975,293.175
8/15/1975,323.562
8/16/1975,366.688
8/17/1975,300.241
8/18/1975,264.987
8/19/1975,316.72
8/20/1975,312.742
8/21/1975,307.674
8/22/1975,249.786
8/23/1975,265.406
8/24/1975,332.893
8/25/1975,236.318
8/26/1975,311.682
8/27/1975,264.504
8/28/1975,203.597
8/29/1975,283.925
8/30/1975,233.516
8/31/1975,223.054
9/1/1975,239.799
9/2/1975,209.12
9/3/1975,240.822
9/4/1975,169.677
9/5/1975,189.303
9/6/1975,186.361
9/7/1975,254.634
9/8/1975,269.388
9/9/1975,205.657
9/10/1975,230.947
9/11/1975,350.66
9/12/1975,187.368
9/13/1975,355.098
9/14/1975,346.539
9/15/1975,269.891
9/16/1975,290.025
9/17/1975,293.995
9/18/1975,352.795
9/19/1975,256.18
9/20/1975,248.772
9/21/1975,223.49
9/22/1975,260.046
9/23/1975,227.93
9/24/1975,245.98
9/25/1975,265.529
9/26/1975,190.957
9/27/1975,270.094
9/28/1975,260.089
9/29/1975,210.047
9/30/1975,165.602
10/1/1975,235.941
10/2/1975,222.622
10/3/1975,229.105
10/4/1975,299.723
10/5/1975,126.516
10/6/1975,208.851
10/7/1975,230.655
10/8/1975,196.75
10/9/1975,191.337
10/10/1975,170.099
10/11/1975,213.216
10/12/1975,179.217
10/13/1975,231.806
10/14/1975,207.264
10/15/1975,227.947
10/16/1975,234.567
10/17/1975,237.71
10/18/1975,251.055
10/19/1975,216.401
10/20/1975,239.916
10/21/1975,209.304
10/22/1975,262.833
10/23/1975,234.727
10/24/1975,281.853
10/25/1975,230.506
10/26/1975,253.718
10/27/1975,265.817
10/28/1975,303.919
10/29/1975,287.491
10/30/1975,266.26
10/31/1975,288.264
11/1/1975,275.067
11/2/1975,238.111
11/3/1975,295.694
11/4/1975,313.462
11/5/1975,268.592
11/6/1975,252.735
11/7/1975,296.716
11/8/1975,291.601
11/9/1975,255.715
11/10/1975,310.802
11/11/1975,138.248
11/12/1975,267.104
11/13/1975,241.063
11/14/1975,249.512
11/15/1975,268.548
11/16/1975,276.112
11/17/1975,288.154
11/18/1975,280.335
11/19/1975,295.677
11/20/1975,342.171
11/21/1975,283.713
11/22/1975,325.064
11/23/1975,300.054
11/24/1975,273.65
11/25/1975,313.621
11/26/1975,299.422
11/27/1975,356.934
11/28/1975,362.639
11/29/1975,241.878
11/30/1975,293.7
12/1/1975,302.618
12/2/1975,313.159
12/3/1975,298.031
12/4/1975,245.564
12/5/1975,317.335
12/6/1975,341.212
12/7/1975,312.672
12/8/1975,320.263
12/9/1975,355.122
12/10/1975,322.068
12/11/1975,348.975
12/12/1975,348.712
12/13/1975,327.553
12/14/1975,307.411
12/15/1975,347.441
12/16/1975,335.074
12/17/1975,355.416
12/18/1975,329.453
12/19/1975,273.054
12/20/1975,335.699
12/21/1975,307.335
12/22/1975,330.035
12/23/1975,314.601
12/24/1975,307.674
12/25/1975,338.582
12/26/1975,320.1
12/27/1975,358.716
12/28/1975,261.151
12/29/1975,316.778
12/30/1975,395.591
12/31/1975,223.611
1/1/1976,253.569
1/2/1976,229.425
1/3/1976,285.926
1/4/1976,253.816
1/5/1976,186.112
1/6/1976,303.09
1/7/1976,236.307
1/8/1976,272.308
1/9/1976,320.496
1/10/1976,263.368
1/11/1976,337.983
1/12/1976,348.193
1/13/1976,277.634
1/14/1976,290.607
1/15/1976,306.242
1/16/1976,293.38
1/17/1976,249.482
1/18/1976,261.838
1/19/1976,300.385
1/20/1976,286.866
1/21/1976,249.869
1/22/1976,292.71
1/23/1976,277.344
1/24/1976,281.231
1/25/1976,248.418
1/26/1976,262.509
1/27/1976,279.851
1/28/1976,210.001
1/29/1976,188.665
1/30/1976,260.736
1/31/1976,245.624
2/1/1976,253.716
2/2/1976,281.41
2/3/1976,240.391
2/4/1976,251.418
2/5/1976,357.778
2/6/1976,375.429
2/7/1976,336.591
2/8/1976,288.571
2/9/1976,305.489
2/10/1976,311.588
2/11/1976,370.525
2/12/1976,315.768
2/13/1976,348.493
2/14/1976,269.76
2/15/1976,266.498
2/16/1976,181.134
2/17/1976,356.283
2/18/1976,306.319
2/19/1976,319.016
2/20/1976,222.978
2/21/1976,246.08
2/22/1976,310.449
2/23/1976,250.619
2/24/1976,220.714
2/25/1976,270.953
2/26/1976,283.998
2/27/1976,223.671
2/28/1976,222.354
2/29/1976,224.558
3/1/1976,311.467
3/2/1976,287.736
3/3/1976,174.299
3/4/1976,315.218
3/5/1976,324.287
3/6/1976,269.512
3/7/1976,288.683
3/8/1976,331.138
3/9/1976,301.942
3/10/1976,228.752
3/11/1976,281.158
3/12/1976,330.871
3/13/1976,268.887
3/14/1976,277.866
3/15/1976,279.463
3/16/1976,246.648
3/17/1976,277.197
3/18/1976,232.616
3/19/1976,292.602
3/20/1976,251.915
3/21/1976,253.452
3/22/1976,260.107
3/23/1976,267.877
3/24/1976,225.58
3/25/1976,237.281
3/26/1976,330.858
3/27/1976,328.417
3/28/1976,183.63
3/29/1976,292.074
3/30/1976,302.793
3/31/1976,273.703
4/1/1976,282.216
4/2/1976,255.97
4/3/1976,251.816
4/4/1976,231.048
4/5/1976,169.491
4/6/1976,291.828
4/7/1976,276.169
4/8/1976,211.006
4/9/1976,331.857
4/10/1976,251.329
4/11/1976,204.173
4/12/1976,255.786
4/13/1976,255.981
4/14/1976,311.393
4/15/1976,409.322
4/16/1976,256.535
4/17/1976,320.5
4/18/1976,334.046
4/19/1976,288.632
4/20/1976,320.551
4/21/1976,326.645
4/22/1976,333.698
4/23/1976,312.496
4/24/1976,296.808
4/25/1976,275.308
4/26/1976,297.39
4/27/1976,296.842
4/28/1976,367.831
4/29/1976,359.926
4/30/1976,303.672
5/1/1976,392.554
5/2/1976,397.389
5/3/1976,407.448
5/4/1976,399.196
5/5/1976,436.622
5/6/1976,543.003
5/7/1976,614.491
5/8/1976,528.418
5/9/1976,565.103
5/10/1976,641.082
5/11/1976,682.51
5/12/1976,565.099
5/13/1976,670.587
5/14/1976,626.66
5/15/1976,703.36
5/16/1976,715.685
5/17/1976,674.639
5/18/1976,790.603
5/19/1976,837.859
5/20/1976,873.018
5/21/1976,996.503
5/22/1976,823.338
5/23/1976,925.073
5/24/1976,908.551
5/25/1976,965.83
5/26/1976,912.284
5/27/1976,865.921
5/28/1976,859.271
5/29/1976,805.037
5/30/1976,854.188
5/31/1976,813.423
6/1/1976,869.208
6/2/1976,908.541
6/3/1976,856.557
6/4/1976,870.038
6/5/1976,848.096
6/6/1976,912.58
6/7/1976,876.807
6/8/1976,947.754
6/9/1976,902.719
6/10/1976,917.813
6/11/1976,821.276
6/12/1976,892.635
6/13/1976,859.213
6/14/1976,841.731
6/15/1976,755.385
6/16/1976,681.402
6/17/1976,716.739
6/18/1976,630.46
6/19/1976,579.552
6/20/1976,533.209
6/21/1976,607.871
6/22/1976,459.359
6/23/1976,521.165
6/24/1976,497.804
6/25/1976,533.723
6/26/1976,584.684
6/27/1976,520.929
6/28/1976,518.093
6/29/1976,520.901
6/30/1976,458.054
7/1/1976,434.53
7/2/1976,466.849
7/3/1976,409.387
7/4/1976,394.697
7/5/1976,409.656
7/6/1976,379.953
7/7/1976,389.136
7/8/1976,328.976
7/9/1976,382.327
7/10/1976,286.638
7/11/1976,277.081
7/12/1976,316.872
7/13/1976,322.083
7/14/1976,280.634
7/15/1976,314.947
7/16/1976,216.714
7/17/1976,263.142
7/18/1976,176.121
7/19/1976,299.479
7/20/1976,193.743
7/21/1976,213.849
7/22/1976,240.888
7/23/1976,181.133
7/24/1976,240.304
7/25/1976,289.725
7/26/1976,135.791
7/27/1976,245.564
7/28/1976,243.029
7/29/1976,259.426
7/30/1976,194.673
7/31/1976,446.749
8/1/1976,254.845
8/2/1976,196.194
8/3/1976,238.584
8/4/1976,226.097
8/5/1976,274.237
8/6/1976,193.262
8/7/1976,278.776
8/8/1976,234.524
8/9/1976,166.257
8/10/1976,224.962
8/11/1976,198.11
8/12/1976,185.278
8/13/1976,188.091
8/14/1976,208.319
8/15/1976,143.414
8/16/1976,185.479
8/17/1976,209.614
8/18/1976,131.056
8/19/1976,195.674
8/20/1976,202.797
8/21/1976,167.627
8/22/1976,186.971
8/23/1976,132.352
8/24/1976,222.866
8/25/1976,177.827
8/26/1976,222.244
8/27/1976,149.143
8/28/1976,171.976
8/29/1976,130.894
8/30/1976,217.922
8/31/1976,127.547
9/1/1976,158.506
9/2/1976,191.45
9/3/1976,163.893
9/4/1976,169.626
9/5/1976,154.492
9/6/1976,107.501
9/7/1976,205.357
9/8/1976,152.468
9/9/1976,158.648
9/10/1976,182.817
9/11/1976,139.168
9/12/1976,240.45
9/13/1976,218.767
9/14/1976,178.156
9/15/1976,234.062
9/16/1976,233.847
9/17/1976,208.197
9/18/1976,228.792
9/19/1976,239.44
9/20/1976,209.206
9/21/1976,200.784
9/22/1976,168.685
9/23/1976,230.124
9/24/1976,225.05
9/25/1976,201.656
9/26/1976,267.184
9/27/1976,424.068
9/28/1976,344.285
9/29/1976,303.676
9/30/1976,327.347
10/1/1976,257.356
10/2/1976,286.168
10/3/1976,237.288
10/4/1976,198.274
10/5/1976,241.936
10/6/1976,255.031
10/7/1976,204.652
10/8/1976,257.971
10/9/1976,223.645
10/10/1976,214.197
10/11/1976,239.961
10/12/1976,223.209
10/13/1976,246.259
10/14/1976,227.481
10/15/1976,248.541
10/16/1976,217.153
10/17/1976,171.888
10/18/1976,267.135
10/19/1976,206.737
10/20/1976,218.73
10/21/1976,208.266
10/22/1976,219.831
10/23/1976,210.713
10/24/1976,173.497
10/25/1976,194.125
10/26/1976,285.518
10/27/1976,211.069
10/28/1976,247.276
10/29/1976,222.845
10/30/1976,250.546
10/31/1976,243.731
11/1/1976,253.326
11/2/1976,250.334
11/3/1976,246.24
11/4/1976,265.903
11/5/1976,304.416
11/6/1976,259.845
11/7/1976,225.827
11/8/1976,258.127
11/9/1976,267.834
11/10/1976,238.687
11/11/1976,278.192
11/12/1976,272.228
11/13/1976,232.637
11/14/1976,276.194
11/15/1976,241.845
11/16/1976,268.268
11/17/1976,256.097
11/18/1976,236.072
11/19/1976,250.662
11/20/1976,246.414
11/21/1976,253.325
11/22/1976,264.065
11/23/1976,234.12
11/24/1976,251.563
11/25/1976,209.236
11/26/1976,285.188
11/27/1976,175.789
11/28/1976,242.386
11/29/1976,219.224
11/30/1976,229.712
12/1/1976,220.222
12/2/1976,185.914
12/3/1976,197.633
12/4/1976,171.17
12/5/1976,240.222
12/6/1976,273.202
12/7/1976,308.131
12/8/1976,283.434
12/9/1976,295.777
12/10/1976,301.211
12/11/1976,324.119
12/12/1976,291.814
12/13/1976,300.511
12/14/1976,264.496
12/15/1976,310.42
12/16/1976,287.148
12/17/1976,231.012
12/18/1976,271.515
12/19/1976,232.721
12/20/1976,186.81
12/21/1976,250.793
12/22/1976,216.428
12/23/1976,241.582
12/24/1976,213.304
12/25/1976,235.123
12/26/1976,214.365
12/27/1976,174.251
12/28/1976,254.843
12/29/1976,208.081
12/30/1976,222.421
12/31/1976,293.881
1/1/1977,233.911
1/2/1977,275.219
1/3/1977,249.579
1/4/1977,272.736
1/5/1977,328.239
1/6/1977,280.029
1/7/1977,272.84
1/8/1977,223.701
1/9/1977,226.439
1/10/1977,285.396
1/11/1977,248.662
1/12/1977,217.725
1/13/1977,212.764
1/14/1977,229.405
1/15/1977,189.927
1/16/1977,202.544
1/17/1977,207.712
1/18/1977,195.209
1/19/1977,244.319
1/20/1977,301.29
1/21/1977,299.727
1/22/1977,242.487
1/23/1977,304.522
1/24/1977,314.229
1/25/1977,286.847
1/26/1977,283.154
1/27/1977,301.61
1/28/1977,276.203
1/29/1977,276.737
1/30/1977,268.733
1/31/1977,232.517
2/1/1977,241.212
2/2/1977,268.819
2/3/1977,256.503
2/4/1977,230.733
2/5/1977,223.321
2/6/1977,272.958
2/7/1977,223.318
2/8/1977,266.763
2/9/1977,224.807
2/10/1977,212.213
2/11/1977,209.153
2/12/1977,214.478
2/13/1977,210.921
2/14/1977,225.802
2/15/1977,197.601
2/16/1977,237.44
2/17/1977,212.436
2/18/1977,187.556
2/19/1977,207.162
2/20/1977,185.509
2/21/1977,211.818
2/22/1977,188.817
2/23/1977,294.569
2/24/1977,207.535
2/25/1977,216.718
2/26/1977,232.633
2/27/1977,208.596
2/28/1977,236.291
3/1/1977,129.536
3/2/1977,179.731
3/3/1977,188.521
3/4/1977,216.99
3/5/1977,209.968
3/6/1977,243.647
3/7/1977,200.073
3/8/1977,193.135
3/9/1977,114.943
3/10/1977,288.144
3/11/1977,212.906
3/12/1977,210.259
3/13/1977,218.904
3/14/1977,183.571
3/15/1977,287.408
3/16/1977,114.676
3/17/1977,282.862
3/18/1977,256.648
3/19/1977,167.899
3/20/1977,206.555
3/21/1977,228.197
3/22/1977,255.785
3/23/1977,157.203
3/24/1977,216.554
3/25/1977,242.581
3/26/1977,170.158
3/27/1977,232.71
3/28/1977,196.116
3/29/1977,195.976
3/30/1977,185.624
3/31/1977,180.251
4/1/1977,180.948
4/2/1977,200.247
4/3/1977,185.875
4/4/1977,210.708
4/5/1977,219.1
4/6/1977,226.955
4/7/1977,183.144
4/8/1977,210.376
4/9/1977,168.099
4/10/1977,201.804
4/11/1977,192.161
4/12/1977,243.787
4/13/1977,94.139
4/14/1977,200.488
4/15/1977,123.291
4/16/1977,149.649
4/17/1977,116.054
4/18/1977,194.769
4/19/1977,123.899
4/20/1977,161.598
4/21/1977,208.032
4/22/1977,179.163
4/23/1977,169.846
4/24/1977,152.827
4/25/1977,194.243
4/26/1977,170.379
4/27/1977,135.928
4/28/1977,201.893
4/29/1977,175.231
4/30/1977,150.499
5/1/1977,112.823
5/2/1977,209.839
5/3/1977,139.867
5/4/1977,268.012
5/5/1977,187.675
5/6/1977,232.73
5/7/1977,219.988
5/8/1977,242.312
5/9/1977,238.266
5/10/1977,192.309
5/11/1977,269.04
5/12/1977,223.971
5/13/1977,255.8
5/14/1977,220.991
5/15/1977,240.507
5/16/1977,260.508
5/17/1977,169.847
5/18/1977,312.538
5/19/1977,237.747
5/20/1977,218.245
5/21/1977,227.915
5/22/1977,221.062
5/23/1977,245.046
5/24/1977,186.824
5/25/1977,263.578
5/26/1977,216.995
5/27/1977,212.215
5/28/1977,170.372
5/29/1977,172.002
5/30/1977,206.634
5/31/1977,180.032
6/1/1977,190.281
6/2/1977,303.614
6/3/1977,159.464
6/4/1977,185.377
6/5/1977,349.973
6/6/1977,201.722
6/7/1977,314.427
6/8/1977,393.691
6/9/1977,210.988
6/10/1977,356.64
6/11/1977,373.886
6/12/1977,381.043
6/13/1977,351.89
6/14/1977,331.45
6/15/1977,289.064
6/16/1977,243.781
6/17/1977,215.023
6/18/1977,255.479
6/19/1977,151.124
6/20/1977,188.626
6/21/1977,162.135
6/22/1977,166.577
6/23/1977,131.581
6/24/1977,157.675
6/25/1977,75.742
6/26/1977,169.847
6/27/1977,61.3
6/28/1977,160.064
6/29/1977,133.591
6/30/1977,128.987
7/1/1977,196.35
7/2/1977,87.107
7/3/1977,107.675
7/4/1977,238.928
7/5/1977,89.709
7/6/1977,89.968
7/7/1977,193.81
7/8/1977,167.726
7/9/1977,156.978
7/10/1977,154.778
7/11/1977,114.926
7/12/1977,163.918
7/13/1977,102.745
7/14/1977,130.178
7/15/1977,146.359
7/16/1977,100.893
7/17/1977,158.082
7/18/1977,74.067
7/19/1977,79.475
7/20/1977,195.164
7/21/1977,153.662
7/22/1977,165.844
7/23/1977,461.259
7/24/1977,357.029
7/25/1977,292.095
7/26/1977,300.598
7/27/1977,335.395
7/28/1977,267.876
7/29/1977,215.857
7/30/1977,340.091
7/31/1977,64.987
8/1/1977,183.193
8/2/1977,172.052
8/3/1977,161.121
8/4/1977,143.624
8/5/1977,161.53
8/6/1977,143.756
8/7/1977,240.82
8/8/1977,88.546
8/9/1977,91.961
8/10/1977,125.743
8/11/1977,114.546
8/12/1977,131.838
8/13/1977,196.924
8/14/1977,180.216
8/15/1977,158.187
8/16/1977,185.926
8/17/1977,342.693
8/18/1977,251.94
8/19/1977,362.369
8/20/1977,384.129
8/21/1977,234.282
8/22/1977,172.279
8/23/1977,223.34
8/24/1977,200.555
8/25/1977,175.264
8/26/1977,176.324
8/27/1977,159.749
8/28/1977,142.834
8/29/1977,132.776
8/30/1977,138.131
8/31/1977,157.649
9/1/1977,188.281
9/2/1977,186.887
9/3/1977,181.068
9/4/1977,192.966
9/5/1977,120.442
9/6/1977,168.017
9/7/1977,160.97
9/8/1977,153.388
9/9/1977,119.029
9/10/1977,182.748
9/11/1977,195.573
9/12/1977,121.381
9/13/1977,137.302
9/14/1977,229.638
9/15/1977,159.861
9/16/1977,178.235
9/17/1977,189.616
9/18/1977,195.073
9/19/1977,117.577
9/20/1977,139.787
9/21/1977,233.298
9/22/1977,123.751
9/23/1977,191.517
9/24/1977,149.79
9/25/1977,150.768
9/26/1977,130.451
9/27/1977,165.082
9/28/1977,154.07
9/29/1977,152.361
9/30/1977,211.211
10/1/1977,93.31
10/2/1977,121.048
10/3/1977,120.971
10/4/1977,134.199
10/5/1977,135.789
10/6/1977,153.658
10/7/1977,165.272
10/8/1977,121.206
10/9/1977,161.631
10/10/1977,209.473
10/11/1977,168.918
10/12/1977,139.759
10/13/1977,142.429
10/14/1977,155.03
10/15/1977,140.554
10/16/1977,142.459
10/17/1977,142.562
10/18/1977,150.022
10/19/1977,118.711
10/20/1977,165.394
10/21/1977,140.73
10/22/1977,137.024
10/23/1977,121.584
10/24/1977,141.094
10/25/1977,114.554
10/26/1977,139.417
10/27/1977,126.549
10/28/1977,139.984
10/29/1977,95.583
10/30/1977,172.665
10/31/1977,202.715
11/1/1977,87.862
11/2/1977,162.292
11/3/1977,141.453
11/4/1977,127.581
11/5/1977,134.914
11/6/1977,228.477
11/7/1977,139.181
11/8/1977,221.063
11/9/1977,162.928
11/10/1977,179.458
11/11/1977,162.366
11/12/1977,145.751
11/13/1977,168.623
11/14/1977,147.905
11/15/1977,158.605
11/16/1977,132.754
11/17/1977,160.02
11/18/1977,170.667
11/19/1977,140.173
11/20/1977,171.006
11/21/1977,111.084
11/22/1977,146.234
11/23/1977,155.458
11/24/1977,146.163
11/25/1977,120.943
11/26/1977,185.427
11/27/1977,130.76
11/28/1977,141.301
11/29/1977,170.381
11/30/1977,171.913
12/1/1977,124.945
12/2/1977,171.292
12/3/1977,190.667
12/4/1977,185.713
12/5/1977,133.627
12/6/1977,134.859
12/7/1977,136.303
12/8/1977,179.147
12/9/1977,142.701
12/10/1977,171.06
12/11/1977,125.482
12/12/1977,161.948
12/13/1977,132.706
12/14/1977,152.418
12/15/1977,136.411
12/16/1977,128.85
12/17/1977,192.324
12/18/1977,156.437
12/19/1977,178.016
12/20/1977,151.697
12/21/1977,170.639
12/22/1977,80.16
12/23/1977,146.717
12/24/1977,171.418
12/25/1977,107.61
12/26/1977,121.14
12/27/1977,128.11
12/28/1977,156.717
12/29/1977,158.634
12/30/1977,156.611
12/31/1977,223.772
1/1/1978,149.936
1/2/1978,179.224
1/3/1978,170.301
1/4/1978,112.95
1/5/1978,168.444
1/6/1978,180.883
1/7/1978,123.545
1/8/1978,145.974
1/9/1978,172.845
1/10/1978,148.822
1/11/1978,148.599
1/12/1978,175.735
1/13/1978,180.157
1/14/1978,189.354
1/15/1978,215.494
1/16/1978,183.818
1/17/1978,185.427
1/18/1978,221.843
1/19/1978,189.957
1/20/1978,175.601
1/21/1978,189.716
1/22/1978,161.372
1/23/1978,167.017
1/24/1978,195.825
1/25/1978,141.551
1/26/1978,184.03
1/27/1978,205.368
1/28/1978,155.564
1/29/1978,141.608
1/30/1978,169.026
1/31/1978,177.404
2/1/1978,166.179
2/2/1978,170.42
2/3/1978,176.471
2/4/1978,190.884
2/5/1978,129.593
2/6/1978,183.071
2/7/1978,131.027
2/8/1978,217.043
2/9/1978,201.045
2/10/1978,231.946
2/11/1978,194.431
2/12/1978,223.992
2/13/1978,248.383
2/14/1978,174.039
2/15/1978,158.088
2/16/1978,228.414
2/17/1978,185.901
2/18/1978,164.259
2/19/1978,161.772
2/20/1978,176.709
2/21/1978,153.57
2/22/1978,163.954
2/23/1978,152.462
2/24/1978,152.044
2/25/1978,160.576
2/26/1978,175.42
2/27/1978,149.252
2/28/1978,207.068
3/1/1978,241.343
3/2/1978,234.978
3/3/1978,217.581
3/4/1978,330.275
3/5/1978,322.26
3/6/1978,338.626
3/7/1978,326.235
3/8/1978,293.919
3/9/1978,296.534
3/10/1978,334.613
3/11/1978,241.443
3/12/1978,236.309
3/13/1978,258.11
3/14/1978,272.039
3/15/1978,279.596
3/16/1978,247.556
3/17/1978,255.647
3/18/1978,237.163
3/19/1978,240.157
3/20/1978,192.704
3/21/1978,181.99
3/22/1978,179.798
3/23/1978,230.932
3/24/1978,233.344
3/25/1978,233.693
3/26/1978,240.124
3/27/1978,176.866
3/28/1978,339.862
3/29/1978,248.006
3/30/1978,254.201
3/31/1978,329.838
4/1/1978,277.364
4/2/1978,276.438
4/3/1978,339.221
4/4/1978,378.62
4/5/1978,450.897
4/6/1978,383.313
4/7/1978,374.509
4/8/1978,323.343
4/9/1978,452.358
4/10/1978,548.461
4/11/1978,482.655
4/12/1978,475.234
4/13/1978,458.154
4/14/1978,351.638
4/15/1978,462.572
4/16/1978,580.377
4/17/1978,484.448
4/18/1978,518.381
4/19/1978,504.131
4/20/1978,486.321
4/21/1978,452.672
4/22/1978,417.677
4/23/1978,459.836
4/24/1978,494.104
4/25/1978,431.444
4/26/1978,396.853
4/27/1978,449.631
4/28/1978,462.659
4/29/1978,504.554
4/30/1978,544.847
5/1/1978,624.41
5/2/1978,481.888
5/3/1978,507.156
5/4/1978,703.101
5/5/1978,382.724
5/6/1978,602.34
5/7/1978,508.725
5/8/1978,601.986
5/9/1978,569.072
5/10/1978,579.082
5/11/1978,545.79
5/12/1978,575.948
5/13/1978,530.574
5/14/1978,502.556
5/15/1978,491.328
5/16/1978,570.31
5/17/1978,675.163
5/18/1978,818.333
5/19/1978,943.164
5/20/1978,1059.495
5/21/1978,945.747
5/22/1978,1049.278
5/23/1978,1074.423
5/24/1978,976.057
5/25/1978,1004.642
5/26/1978,1020.722
5/27/1978,1084.416
5/28/1978,1096.498
5/29/1978,1094.693
5/30/1978,1168.868
5/31/1978,1055.228
6/1/1978,1060.453
6/2/1978,1069.082
6/3/1978,1087.574
6/4/1978,1076.308
6/5/1978,1109.948
6/6/1978,1144.24
6/7/1978,1144.394
6/8/1978,1059.869
6/9/1978,1071.067
6/10/1978,1090.458
6/11/1978,1168.373
6/12/1978,1247.889
6/13/1978,1348.015
6/14/1978,1404.547
6/15/1978,1486.957
6/16/1978,1510.439
6/17/1978,1578.56
6/18/1978,1594.035
6/19/1978,1587.355
6/20/1978,1485.151
6/21/1978,1393.753
6/22/1978,1352.121
6/23/1978,1300.004
6/24/1978,1256.394
6/25/1978,1174.783
6/26/1978,1197.028
6/27/1978,1226.054
6/28/1978,1165.233
6/29/1978,1106.292
6/30/1978,1027.315
7/1/1978,1060.677
7/2/1978,1027.051
7/3/1978,1000.755
7/4/1978,892.821
7/5/1978,890.4
7/6/1978,863.149
7/7/1978,747.986
7/8/1978,752.917
7/9/1978,667.719
7/10/1978,666.188
7/11/1978,542.089
7/12/1978,539.105
7/13/1978,586.162
7/14/1978,507.433
7/15/1978,536.714
7/16/1978,594.892
7/17/1978,357.557
7/18/1978,531.495
7/19/1978,454.041
7/20/1978,445.538
7/21/1978,537.068
7/22/1978,432.859
7/23/1978,407.03
7/24/1978,428.37
7/25/1978,386.877
7/26/1978,416.896
7/27/1978,342.835
7/28/1978,330.214
7/29/1978,309.563
7/30/1978,284.729
7/31/1978,229.373
8/1/1978,195.213
8/2/1978,222.699
8/3/1978,259.979
8/4/1978,204.838
8/5/1978,195.364
8/6/1978,156.125
8/7/1978,191.834
8/8/1978,181.259
8/9/1978,185.074
8/10/1978,95.962
8/11/1978,185.045
8/12/1978,113.437
8/13/1978,143.897
8/14/1978,200.36
8/15/1978,78.19
8/16/1978,105.817
8/17/1978,181.741
8/18/1978,197.397
8/19/1978,120.578
8/20/1978,179.469
8/21/1978,175.936
8/22/1978,103.557
8/23/1978,198.694
8/24/1978,172.894
8/25/1978,143.243
8/26/1978,164.884
8/27/1978,186.173
8/28/1978,171.56
8/29/1978,162.255
8/30/1978,136.052
8/31/1978,175.391
9/1/1978,157.449
9/2/1978,168.08
9/3/1978,129.577
9/4/1978,81.292
9/5/1978,217.15
9/6/1978,114.85
9/7/1978,176.753
9/8/1978,146.898
9/9/1978,132.801
9/10/1978,129.715
9/11/1978,239.005
9/12/1978,113.059
9/13/1978,150.204
9/14/1978,271.385
9/15/1978,167.781
9/16/1978,166.898
9/17/1978,129.055
9/18/1978,213.1
9/19/1978,172.486
9/20/1978,134.907
9/21/1978,128.636
9/22/1978,195.459
9/23/1978,181.9
9/24/1978,193.777
9/25/1978,217.695
9/26/1978,220.431
9/27/1978,268.203
9/28/1978,207
9/29/1978,248.974
9/30/1978,201.324
10/1/1978,162.032
10/2/1978,189.888
10/3/1978,161.395
10/4/1978,164.189
10/5/1978,193.109
10/6/1978,174.015
10/7/1978,163.42
10/8/1978,169.966
10/9/1978,135.507
10/10/1978,160.765
10/11/1978,186.791
10/12/1978,167.179
10/13/1978,137.186
10/14/1978,158.224
10/15/1978,125.68
10/16/1978,130.568
10/17/1978,136.222
10/18/1978,180.776
10/19/1978,124.133
10/20/1978,210.674
10/21/1978,217.39
10/22/1978,228.675
10/23/1978,212.397
10/24/1978,151.714
10/25/1978,231.756
10/26/1978,200.721
10/27/1978,252.75
10/28/1978,236.425
10/29/1978,213.276
10/30/1978,270.135
10/31/1978,210.544
11/1/1978,248.978
11/2/1978,270.744
11/3/1978,335.947
11/4/1978,237.817
11/5/1978,287.329
11/6/1978,310.793
11/7/1978,246.685
11/8/1978,247.318
11/9/1978,236.92
11/10/1978,200.327
11/11/1978,334.713
11/12/1978,329.373
11/13/1978,255.059
11/14/1978,395.725
11/15/1978,320.563
11/16/1978,309.457
11/17/1978,261.968
11/18/1978,222.956
11/19/1978,207.226
11/20/1978,258.991
11/21/1978,250.846
11/22/1978,259.967
11/23/1978,290.494
11/24/1978,243.423
11/25/1978,212.147
11/26/1978,278.216
11/27/1978,265.125
11/28/1978,278.889
11/29/1978,279.53
11/30/1978,206.144
12/1/1978,339.253
12/2/1978,248.037
12/3/1978,282.399
12/4/1978,238.18
12/5/1978,342.42
12/6/1978,258.206
12/7/1978,234.764
12/8/1978,213.27
12/9/1978,204.772
12/10/1978,208.232
12/11/1978,170.973
12/12/1978,135.6
12/13/1978,154.939
12/14/1978,146.371
12/15/1978,212.104
12/16/1978,207.202
12/17/1978,264.077
12/18/1978,307.498
12/19/1978,347.13
12/20/1978,377.354
12/21/1978,382.602
12/22/1978,322.807
12/23/1978,307.178
12/24/1978,275.875
12/25/1978,218.021
12/26/1978,212.071
12/27/1978,239.785
12/28/1978,214.248
12/29/1978,244.117
12/30/1978,270.165
12/31/1978,228.262
1/1/1979,180.209
1/2/1979,221.777
1/3/1979,199.494
1/4/1979,192.171
1/5/1979,225.835
1/6/1979,181.617
1/7/1979,242.045
1/8/1979,216.679
1/9/1979,217.217
1/10/1979,209.383
1/11/1979,185.817
1/12/1979,291.259
1/13/1979,231.091
1/14/1979,255.996
1/15/1979,221.639
1/16/1979,278.721
1/17/1979,323.254
1/18/1979,335.133
1/19/1979,508.496
1/20/1979,546.945
1/21/1979,298.842
1/22/1979,287.581
1/23/1979,279.03
1/24/1979,237.353
1/25/1979,255.397
1/26/1979,208.265
1/27/1979,280.623
1/28/1979,237.779
1/29/1979,195.232
1/30/1979,248.171
1/31/1979,235.608
2/1/1979,237.828
2/2/1979,244.517
2/3/1979,251.316
2/4/1979,222.25
2/5/1979,194.451
2/6/1979,271.523
2/7/1979,230.867
2/8/1979,236.067
2/9/1979,258.993
2/10/1979,282.211
2/11/1979,256.565
2/12/1979,280.546
2/13/1979,196.343
2/14/1979,328.935
2/15/1979,361.599
2/16/1979,411.979
2/17/1979,519.042
2/18/1979,458.537
2/19/1979,396.455
2/20/1979,384.628
2/21/1979,415.994
2/22/1979,409.548
2/23/1979,360.567
2/24/1979,361.061
2/25/1979,328.346
2/26/1979,362.759
2/27/1979,241.758
2/28/1979,347.059
3/1/1979,335.427
3/2/1979,302.856
3/3/1979,398.574
3/4/1979,367.886
3/5/1979,380.644
3/6/1979,342.426
3/7/1979,324.55
3/8/1979,373.181
3/9/1979,378.253
3/10/1979,436.439
3/11/1979,421.545
3/12/1979,384.302
3/13/1979,353.223
3/14/1979,386.744
3/15/1979,376.376
3/16/1979,414.223
3/17/1979,418.316
3/18/1979,435.574
3/19/1979,481.28
3/20/1979,426.362
3/21/1979,382.777
3/22/1979,493.747
3/23/1979,504.192
3/24/1979,554.689
3/25/1979,533.331
3/26/1979,526.32
3/27/1979,529.179
3/28/1979,632.852
3/29/1979,494.5
3/30/1979,601.956
3/31/1979,685.984
4/1/1979,712.568
4/2/1979,645.615
4/3/1979,677.283
4/4/1979,553.097
4/5/1979,572.132
4/6/1979,502.895
4/7/1979,578.437
4/8/1979,582.622
4/9/1979,612.462
4/10/1979,725.459
4/11/1979,689.277
4/12/1979,747.226
4/13/1979,605.99
4/14/1979,618.614
4/15/1979,630.488
4/16/1979,677.367
4/17/1979,752.573
4/18/1979,790.587
4/19/1979,912.441
4/20/1979,989.244
4/21/1979,1031.114
4/22/1979,986.149
4/23/1979,960.864
4/24/1979,985.132
4/25/1979,1218.301
4/26/1979,1196.008
4/27/1979,1135.468
4/28/1979,1036.96
4/29/1979,990.361
4/30/1979,1002.4
5/1/1979,1033.182
5/2/1979,990.884
5/3/1979,1026.36
5/4/1979,983.573
5/5/1979,957.495
5/6/1979,959.101
5/7/1979,959.297
5/8/1979,982.739
5/9/1979,1097.282
5/10/1979,1141.132
5/11/1979,1040.282
5/12/1979,1012.502
5/13/1979,954.369
5/14/1979,912.834
5/15/1979,896.716
5/16/1979,825.492
5/17/1979,823.394
5/18/1979,923.214
5/19/1979,1027.993
5/20/1979,1164.31
5/21/1979,1245.583
5/22/1979,1498.288
5/23/1979,1695.155
5/24/1979,1765.807
5/25/1979,1813.138
5/26/1979,1901.735
5/27/1979,1927.18
5/28/1979,1962.867
5/29/1979,2071.333
5/30/1979,2227.634
5/31/1979,2255.132
6/1/1979,2385.239
6/2/1979,2209.872
6/3/1979,2111.851
6/4/1979,1776.036
6/5/1979,1625.394
6/6/1979,1532.302
6/7/1979,1516.709
6/8/1979,1555.907
6/9/1979,1717.781
6/10/1979,1789.663
6/11/1979,1784.975
6/12/1979,1615.797
6/13/1979,1504.863
6/14/1979,1449.592
6/15/1979,1429.25
6/16/1979,1443.338
6/17/1979,1568.399
6/18/1979,1604.791
6/19/1979,1693.658
6/20/1979,1690.308
6/21/1979,1505.751
6/22/1979,1361.37
6/23/1979,1245.58
6/24/1979,1186.224
6/25/1979,1160.29
6/26/1979,1161.092
6/27/1979,1173.261
6/28/1979,1153.378
6/29/1979,1202.552
6/30/1979,1152.284
7/1/1979,1194.395
7/2/1979,1214.837
7/3/1979,1206.054
7/4/1979,1238.526
7/5/1979,1195.188
7/6/1979,1147.68
7/7/1979,1093.128
7/8/1979,1036.019
7/9/1979,993.38
7/10/1979,911.825
7/11/1979,977.673
7/12/1979,873.978
7/13/1979,863.815
7/14/1979,806.043
7/15/1979,793.65
7/16/1979,740.374
7/17/1979,748.176
7/18/1979,669.463
7/19/1979,653.704
7/20/1979,578.857
7/21/1979,664.109
7/22/1979,550.28
7/23/1979,559.887
7/24/1979,558.308
7/25/1979,528.136
7/26/1979,478.754
7/27/1979,477.349
7/28/1979,480.306
7/29/1979,472.639
7/30/1979,406.655
7/31/1979,512.289
8/1/1979,426.866
8/2/1979,430.988
8/3/1979,393.186
8/4/1979,410.643
8/5/1979,290.345
8/6/1979,637.414
8/7/1979,332.076
8/8/1979,326.282
8/9/1979,311.731
8/10/1979,316.772
8/11/1979,224.767
8/12/1979,358.769
8/13/1979,206.307
8/14/1979,374.609
8/15/1979,204.382
8/16/1979,291.314
8/17/1979,209.34
8/18/1979,299.44
8/19/1979,282.326
8/20/1979,325.896
8/21/1979,265.65
8/22/1979,307.475
8/23/1979,278.826
8/24/1979,280.359
8/25/1979,300.952
8/26/1979,311.061
8/27/1979,255.506
8/28/1979,245.858
8/29/1979,230.143
8/30/1979,267.67
8/31/1979,228.099
9/1/1979,250.195
9/2/1979,218.566
9/3/1979,204.009
9/4/1979,217.323
9/5/1979,217.568
9/6/1979,208.112
9/7/1979,202.2
9/8/1979,178.141
9/9/1979,196.066
9/10/1979,197.255
9/11/1979,223.315
9/12/1979,159.283
9/13/1979,157.904
9/14/1979,193.14
9/15/1979,170.996
9/16/1979,153.621
9/17/1979,170.068
9/18/1979,247.201
9/19/1979,146.299
9/20/1979,202.023
9/21/1979,198.624
9/22/1979,168.602
9/23/1979,200.243
9/24/1979,191.562
9/25/1979,200.514
9/26/1979,215.58
9/27/1979,177.193
9/28/1979,193.953
9/29/1979,237.281
9/30/1979,192.454
10/1/1979,215.793
10/2/1979,170.624
10/3/1979,252.49
10/4/1979,216.509
10/5/1979,225.923
10/6/1979,180.884
10/7/1979,190.021
10/8/1979,183.162
10/9/1979,194.242
10/10/1979,205.431
10/11/1979,181.598
10/12/1979,179.387
10/13/1979,185.388
10/14/1979,133.975
10/15/1979,151.941
10/16/1979,197.246
10/17/1979,136.62
10/18/1979,169.156
10/19/1979,213.653
10/20/1979,279.833
10/21/1979,118.102
10/22/1979,161.069
10/23/1979,231.839
10/24/1979,204.341
10/25/1979,210.073
10/26/1979,271.5
10/27/1979,205.433
10/28/1979,180.594
10/29/1979,257.56
10/30/1979,228.069
10/31/1979,197.869
11/1/1979,196.144
11/2/1979,231.233
11/3/1979,195.805
11/4/1979,232.093
11/5/1979,306.615
11/6/1979,242.318
11/7/1979,288.444
11/8/1979,368.778
11/9/1979,244.772
11/10/1979,277.22
11/11/1979,257.39
11/12/1979,255.5
11/13/1979,272.923
11/14/1979,254.935
11/15/1979,260.77
11/16/1979,256.509
11/17/1979,206.073
11/18/1979,214.141
11/19/1979,172.034
11/20/1979,198.837
11/21/1979,275.376
11/22/1979,211.469
11/23/1979,203.271
11/24/1979,139.473
11/25/1979,259.543
11/26/1979,220.766
11/27/1979,243.491
11/28/1979,183.412
11/29/1979,176.645
11/30/1979,226.778
12/1/1979,178.378
12/2/1979,208.216
12/3/1979,175.589
12/4/1979,232.065
12/5/1979,207.468
12/6/1979,272.368
12/7/1979,315.715
12/8/1979,302.069
12/9/1979,304.113
12/10/1979,223.879
12/11/1979,395.105
12/12/1979,290.902
12/13/1979,273.463
12/14/1979,291.26
12/15/1979,242.116
12/16/1979,273.874
12/17/1979,236.247
12/18/1979,256.668
12/19/1979,254.827
12/20/1979,240.06
12/21/1979,270.647
12/22/1979,301.973
12/23/1979,260.292
12/24/1979,308.325
12/25/1979,291.602
12/26/1979,288.353
12/27/1979,302.563
12/28/1979,260.195
12/29/1979,219.627
12/30/1979,275.205
12/31/1979,277.609
1/1/1980,261.901
1/2/1980,252.312
1/3/1980,232.592
1/4/1980,249.767
1/5/1980,234.328
1/6/1980,269.8
1/7/1980,274.881
1/8/1980,252.167
1/9/1980,291.97
1/10/1980,355.575
1/11/1980,281.997
1/12/1980,251.872
1/13/1980,305.472
1/14/1980,267.716
1/15/1980,381.602
1/16/1980,358.326
1/17/1980,304.89
1/18/1980,541.386
1/19/1980,399.95
1/20/1980,330.969
1/21/1980,321.639
1/22/1980,315.144
1/23/1980,312.28
1/24/1980,286.365
1/25/1980,270.727
1/26/1980,292.274
1/27/1980,253.694
1/28/1980,306.255
1/29/1980,304.435
1/30/1980,317.192
1/31/1980,334.034
2/1/1980,209.738
2/2/1980,254.359
2/3/1980,246.488
2/4/1980,266.795
2/5/1980,235.178
2/6/1980,389.085
2/7/1980,278.062
2/8/1980,280.343
2/9/1980,301.427
2/10/1980,291.606
2/11/1980,262.273
2/12/1980,267.012
2/13/1980,288.071
2/14/1980,304.48
2/15/1980,324.315
2/16/1980,363.687
2/17/1980,355.761
2/18/1980,367.482
2/19/1980,415.976
2/20/1980,539.084
2/21/1980,496.918
2/22/1980,766.688
2/23/1980,573.02
2/24/1980,571.362
2/25/1980,543.864
2/26/1980,606.21
2/27/1980,536.215
2/28/1980,464.407
2/29/1980,498.969
3/1/1980,362.243
3/2/1980,346.142
3/3/1980,391.793
3/4/1980,308.621
3/5/1980,390.918
3/6/1980,448.413
3/7/1980,380.866
3/8/1980,385.524
3/9/1980,367.528
3/10/1980,404.708
3/11/1980,385.986
3/12/1980,401.098
3/13/1980,468.822
3/14/1980,355.038
3/15/1980,347.796
3/16/1980,369.34
3/17/1980,367.355
3/18/1980,352.876
3/19/1980,319.951
3/20/1980,361.26
3/21/1980,363.551
3/22/1980,346.335
3/23/1980,404.961
3/24/1980,377.112
3/25/1980,369.9
3/26/1980,379.638
3/27/1980,341.821
3/28/1980,349.131
3/29/1980,318.919
3/30/1980,273.801
3/31/1980,373.894
4/1/1980,240.119
4/2/1980,381.807
4/3/1980,328.569
4/4/1980,306.726
4/5/1980,261.128
4/6/1980,277.941
4/7/1980,341.173
4/8/1980,334.97
4/9/1980,315.85
4/10/1980,335.789
4/11/1980,316.896
4/12/1980,275.002
4/13/1980,282.076
4/14/1980,332.356
4/15/1980,355.975
4/16/1980,384.972
4/17/1980,370.216
4/18/1980,392.19
4/19/1980,445.923
4/20/1980,488.703
4/21/1980,641.339
4/22/1980,579.78
4/23/1980,807.547
4/24/1980,1002.823
4/25/1980,997.748
4/26/1980,1012.454
4/27/1980,929.788
4/28/1980,1021.072
4/29/1980,1131.183
4/30/1980,1060.588
5/1/1980,1202.373
5/2/1980,1177.047
5/3/1980,1219.088
5/4/1980,1194.877
5/5/1980,1086.08
5/6/1980,1164.101
5/7/1980,1298.34
5/8/1980,1218.26
5/9/1980,1337.659
5/10/1980,1426.228
5/11/1980,1547.13
5/12/1980,1411.59
5/13/1980,1467.963
5/14/1980,1444.955
5/15/1980,1516.588
5/16/1980,1359.92
5/17/1980,1323.395
5/18/1980,1280.975
5/19/1980,1275.875
5/20/1980,1229.943
5/21/1980,1195.285
5/22/1980,1193.103
5/23/1980,1368.893
5/24/1980,1583.817
5/25/1980,1552.503
5/26/1980,1712.512
5/27/1980,1670.767
5/28/1980,1546.15
5/29/1980,1523.567
5/30/1980,1410.088
5/31/1980,1475.184
6/1/1980,1451.798
6/2/1980,1421.762
6/3/1980,1503.375
6/4/1980,1431.76
6/5/1980,1415.558
6/6/1980,1375.74
6/7/1980,1460.298
6/8/1980,1499.382
6/9/1980,1585.785
6/10/1980,1578.992
6/11/1980,1571.735
6/12/1980,1774.346
6/13/1980,1786.025
6/14/1980,1921.851
6/15/1980,1955.433
6/16/1980,1863.718
6/17/1980,1771.622
6/18/1980,1641.344
6/19/1980,1572.493
6/20/1980,1466.572
6/21/1980,1391.965
6/22/1980,1395.31
6/23/1980,1250.571
6/24/1980,1240.22
6/25/1980,1253
6/26/1980,943.892
6/27/1980,1040.172
6/28/1980,9.589
6/29/1980,2075.516
6/30/1980,774.93
7/1/1980,912.686
7/2/1980,734.699
7/3/1980,769.78
7/4/1980,858.338
7/5/1980,754.804
7/6/1980,663.06
7/7/1980,960.173
7/8/1980,461.3
7/9/1980,667.778
7/10/1980,598.685
7/11/1980,501.995
7/12/1980,586.021
7/13/1980,318.394
7/14/1980,463.804
7/15/1980,395.901
7/16/1980,397.018
7/17/1980,409.51
7/18/1980,362.15
7/19/1980,352.805
7/20/1980,309.09
7/21/1980,320.377
7/22/1980,291.543
7/23/1980,171.786
7/24/1980,283.762
7/25/1980,223.775
7/26/1980,68.743
7/27/1980,366.12
7/28/1980,319.093
7/29/1980,38.123
7/30/1980,107.217
7/31/1980,235.109
8/1/1980,68.781
8/2/1980,200.318
8/3/1980,365.679
8/4/1980,120.468
8/5/1980,174.129
8/6/1980,155.069
8/7/1980,179.687
8/8/1980,157.375
8/9/1980,125.985
8/10/1980,133.267
8/11/1980,203.667
8/12/1980,77.695
8/13/1980,158.326
8/14/1980,72.954
8/15/1980,172.053
8/16/1980,112.534
8/17/1980,176.459
8/18/1980,44.333
8/19/1980,147.558
8/20/1980,276.28
8/21/1980,137.491
8/22/1980,79.334
8/23/1980,202.386
8/24/1980,339.749
8/25/1980,52.434
8/26/1980,330.501
8/27/1980,147.155
8/28/1980,192.222
8/29/1980,192.666
8/30/1980,312.914
8/31/1980,234.759
9/1/1980,235.532
9/2/1980,253.9
9/3/1980,195.358
9/4/1980,227.743
9/5/1980,367.213
9/6/1980,46.79
9/7/1980,191.778
9/8/1980,256.059
9/9/1980,580.351
9/10/1980,687.758
9/11/1980,583.194
9/12/1980,532.084
9/13/1980,443.958
9/14/1980,359.342
9/15/1980,290.142
9/16/1980,387.963
9/17/1980,295.571
9/18/1980,204.187
9/19/1980,266.93
9/20/1980,253.221
9/21/1980,373.359
9/22/1980,20.823
9/23/1980,198.864
9/24/1980,259.983
9/25/1980,179.47
9/26/1980,204.256
9/27/1980,218.258
9/28/1980,254.71
9/29/1980,187.993
9/30/1980,283.453
10/1/1980,209.577
10/2/1980,177.178
10/3/1980,231.445
10/4/1980,203.347
10/5/1980,148.697
10/6/1980,237.054
10/7/1980,140.62
10/8/1980,184.614
10/9/1980,132.554
10/10/1980,161.439
10/11/1980,240.725
10/12/1980,120.32
10/13/1980,264.783
10/14/1980,68.863
10/15/1980,103.764
10/16/1980,220.472
10/17/1980,317.236
10/18/1980,303.473
10/19/1980,236.934
10/20/1980,204.907
10/21/1980,238.404
10/22/1980,349.782
10/23/1980,146.685
10/24/1980,204.029
10/25/1980,235.386
10/26/1980,204.837
10/27/1980,285.068
10/28/1980,162.464
10/29/1980,258.819
10/30/1980,273.723
10/31/1980,267.579
11/1/1980,272.462
11/2/1980,291.348
11/3/1980,289.443
11/4/1980,283.773
11/5/1980,296.972
11/6/1980,228.163
11/7/1980,281.357
11/8/1980,211.14
11/9/1980,357.802
11/10/1980,283.335
11/11/1980,287.919
11/12/1980,257.463
11/13/1980,238.911
11/14/1980,346.971
11/15/1980,264.949
11/16/1980,148.827
11/17/1980,285.086
11/18/1980,212.036
11/19/1980,274.789
11/20/1980,233.7
11/21/1980,269.085
11/22/1980,209.601
11/23/1980,280.851
11/24/1980,230.454
11/25/1980,239.406
11/26/1980,327.531
11/27/1980,317.65
11/28/1980,306.442
11/29/1980,225.445
11/30/1980,269.276
12/1/1980,235.814
12/2/1980,225.545
12/3/1980,283.121
12/4/1980,284.403
12/5/1980,244.868
12/6/1980,230.455
12/7/1980,305.255
12/8/1980,205.303
12/9/1980,265.229
12/10/1980,222.972
12/11/1980,226.735
12/12/1980,285.001
12/13/1980,280.635
12/14/1980,237.563
12/15/1980,189.061
12/16/1980,347.473
12/17/1980,232.692
12/18/1980,248.883
12/19/1980,242.273
12/20/1980,250.862
12/21/1980,212.778
12/22/1980,238.288
12/23/1980,353.178
12/24/1980,200.835
12/25/1980,314.791
12/26/1980,311.796
12/27/1980,274.769
12/28/1980,287.23
12/29/1980,250.729
12/30/1980,306.331
12/31/1980,259.6
1/1/1981,277.92
1/2/1981,437.759
1/3/1981,78.029
1/4/1981,253.828
1/5/1981,131.943
1/6/1981,269.979
1/7/1981,292.276
1/8/1981,159.066
1/9/1981,264.665
1/10/1981,292.98
1/11/1981,215.456
1/12/1981,202.363
1/13/1981,285.093
1/14/1981,276.691
1/15/1981,159.411
1/16/1981,266.895
1/17/1981,239.879
1/18/1981,158.349
1/19/1981,186.069
1/20/1981,240.341
1/21/1981,255.668
1/22/1981,218.736
1/23/1981,29.143
1/24/1981,402.553
1/25/1981,195.703
1/26/1981,238.67
1/27/1981,203.397
1/28/1981,162.802
1/29/1981,279.729
1/30/1981,247.748
1/31/1981,63.106
2/1/1981,217.901
2/2/1981,277.834
2/3/1981,154.893
2/4/1981,135.168
2/5/1981,266.357
2/6/1981,160.528
2/7/1981,183.059
2/8/1981,163.351
2/9/1981,276.496
2/10/1981,349.049
2/11/1981,217.142
2/12/1981,181.275
2/13/1981,238.834
2/14/1981,193.295
2/15/1981,160.379
2/16/1981,244.49
2/17/1981,217.213
2/18/1981,250.692
2/19/1981,238.207
2/20/1981,204.654
2/21/1981,249.184
2/22/1981,177.134
2/23/1981,237.009
2/24/1981,279.333
2/25/1981,155.01
2/26/1981,193.763
2/27/1981,188.446
2/28/1981,235.642
3/1/1981,284.078
3/2/1981,129.884
3/3/1981,211.509
3/4/1981,226.367
3/5/1981,342.609
3/6/1981,119.156
3/7/1981,242.446
3/8/1981,171.873
3/9/1981,184.541
3/10/1981,261.418
3/11/1981,216.355
3/12/1981,235.393
3/13/1981,266.824
3/14/1981,158.922
3/15/1981,304.78
3/16/1981,117.995
3/17/1981,271.327
3/18/1981,169.991
3/19/1981,152.904
3/20/1981,131.754
3/21/1981,182.167
3/22/1981,216.095
3/23/1981,140.218
3/24/1981,212.746
3/25/1981,151.823
3/26/1981,167.393
3/27/1981,187.535
3/28/1981,226.651
3/29/1981,86.443
3/30/1981,222.297
3/31/1981,207.069
4/1/1981,210.727
4/2/1981,217.047
4/3/1981,102.302
4/4/1981,229.443
4/5/1981,131.843
4/6/1981,89.286
4/7/1981,282.718
4/8/1981,105.335
4/9/1981,156.367
4/10/1981,188.494
4/11/1981,179.841
4/12/1981,127.852
4/13/1981,211.833
4/14/1981,164.658
4/15/1981,215.225
4/16/1981,204.555
4/17/1981,160.686
4/18/1981,229.875
4/19/1981,256.382
4/20/1981,161.441
4/21/1981,290.604
4/22/1981,186.031
4/23/1981,297.109
4/24/1981,204.78
4/25/1981,293.139
4/26/1981,246.983
4/27/1981,226.361
4/28/1981,272.463
4/29/1981,338.676
4/30/1981,211.611
5/1/1981,270.409
5/2/1981,358.017
5/3/1981,223.909
5/4/1981,345.803
5/5/1981,289.062
5/6/1981,489.034
5/7/1981,429.992
5/8/1981,368.421
5/9/1981,559.603
5/10/1981,377.01
5/11/1981,424
5/12/1981,409.244
5/13/1981,222.233
5/14/1981,174.204
5/15/1981,338.425
5/16/1981,314.049
5/17/1981,168.009
5/18/1981,250.532
5/19/1981,171.945
5/20/1981,258.533
5/21/1981,151.989
5/22/1981,371.322
5/23/1981,219.251
5/24/1981,230.705
5/25/1981,233.695
5/26/1981,298.192
5/27/1981,348.048
5/28/1981,148.578
5/29/1981,250.122
5/30/1981,544.322
5/31/1981,443.8
6/1/1981,592.485
6/2/1981,558.616
6/3/1981,763.786
6/4/1981,707.083
6/5/1981,716.088
6/6/1981,690.684
6/7/1981,729.057
6/8/1981,689.662
6/9/1981,719.752
6/10/1981,810.01
6/11/1981,793.983
6/12/1981,745.758
6/13/1981,665.407
6/14/1981,771.285
6/15/1981,574.933
6/16/1981,534.145
6/17/1981,564.344
6/18/1981,285.742
6/19/1981,381.601
6/20/1981,353.578
6/21/1981,247.446
6/22/1981,284.089
6/23/1981,220.552
6/24/1981,307.206
6/25/1981,263.776
6/26/1981,241.705
6/27/1981,274.69
6/28/1981,165.783
6/29/1981,237.791
6/30/1981,28.305
7/1/1981,165.424
7/2/1981,131.866
7/3/1981,339.486
7/4/1981,197.914
7/5/1981,202.154
7/6/1981,141.07
7/7/1981,214.892
7/8/1981,259.837
7/9/1981,224.995
7/10/1981,136.48
7/11/1981,127.949
7/12/1981,619.593
7/13/1981,26.115
7/14/1981,391.025
7/15/1981,482.112
7/16/1981,138.537
7/17/1981,332.134
7/18/1981,354.994
7/19/1981,258.505
7/20/1981,203.739
7/21/1981,452.785
7/22/1981,122.758
7/23/1981,266.433
7/24/1981,93.67
7/25/1981,128.671
7/26/1981,210.871
7/27/1981,94.524
7/28/1981,108.165
7/29/1981,155.783
7/30/1981,110.794
7/31/1981,288.55
8/1/1981,138.862
8/2/1981,143.425
8/3/1981,47.365
8/4/1981,106.893
8/5/1981,79.825
8/6/1981,145.97
8/7/1981,128.918
8/8/1981,120.383
8/9/1981,105.511
8/10/1981,102.535
8/11/1981,65.683
8/12/1981,151.182
8/13/1981,175.573
8/14/1981,110.194
8/15/1981,229.433
8/16/1981,242.51
8/17/1981,49.378
8/18/1981,202.469
8/19/1981,199.134
8/20/1981,156.994
8/21/1981,185.752
8/22/1981,321.613
8/23/1981,67.137
8/24/1981,197.692
8/25/1981,138.085
8/26/1981,204.83
8/27/1981,82.813
8/28/1981,103.177
8/29/1981,185.822
8/30/1981,157.034
8/31/1981,178.007
9/1/1981,105.149
9/2/1981,113.243
9/3/1981,162.53
9/4/1981,236.693
9/5/1981,183.426
9/6/1981,304.172
9/7/1981,864.309
9/8/1981,323.95
9/9/1981,162.09
9/10/1981,345.503
9/11/1981,373.86
9/12/1981,297.33
9/13/1981,243.519
9/14/1981,196.486
9/15/1981,280.91
9/16/1981,250.258
9/17/1981,182.64
9/18/1981,270.028
9/19/1981,247.824
9/20/1981,167.77
9/21/1981,241.309
9/22/1981,237.76
9/23/1981,237.376
9/24/1981,112.431
9/25/1981,208.589
9/26/1981,195.181
9/27/1981,249.97
9/28/1981,217.354
9/29/1981,197.456
9/30/1981,184.567
10/1/1981,157.833
10/2/1981,714.792
10/3/1981,401.12
10/4/1981,637.446
10/5/1981,334.792
10/6/1981,181.136
10/7/1981,289.433
10/8/1981,319.929
10/9/1981,248.222
10/10/1981,247.373
10/11/1981,219.04
10/12/1981,265.785
10/13/1981,153.184
10/14/1981,381.573
10/15/1981,250.856
10/16/1981,357.639
10/17/1981,447.529
10/18/1981,412.951
10/19/1981,298.694
10/20/1981,355.682
10/21/1981,332.313
10/22/1981,306.441
10/23/1981,223.241
10/24/1981,315.574
10/25/1981,236.92
10/26/1981,282.162
10/27/1981,198.36
10/28/1981,315.569
10/29/1981,29.636
10/30/1981,245.119
10/31/1981,226.776
11/1/1981,211.158
11/2/1981,227.183
11/3/1981,262.555
11/4/1981,234.809
11/5/1981,290.337
11/6/1981,228.939
11/7/1981,150.205
11/8/1981,326.241
11/9/1981,72.73
11/10/1981,220.883
11/11/1981,263.308
11/12/1981,240.668
11/13/1981,161.368
11/14/1981,217.735
11/15/1981,205.69
11/16/1981,204.792
11/17/1981,159.972
11/18/1981,304.151
11/19/1981,92.035
11/20/1981,308.253
11/21/1981,118.186
11/22/1981,189.698
11/23/1981,157.993
11/24/1981,193.954
11/25/1981,182.547
11/26/1981,167.803
11/27/1981,282.334
11/28/1981,379.37
11/29/1981,168.534
11/30/1981,124.515
12/1/1981,150.845
12/2/1981,270.91
12/3/1981,195.291
12/4/1981,201.089
12/5/1981,215.089
12/6/1981,167.357
12/7/1981,176.129
12/8/1981,160.198
12/9/1981,212.209
12/10/1981,194.166
12/11/1981,150.76
12/12/1981,150.05
12/13/1981,211.966
12/14/1981,157.966
12/15/1981,229.069
12/16/1981,288.152
12/17/1981,88.115
12/18/1981,159.355
12/19/1981,204.268
12/20/1981,175.02
12/21/1981,263.635
12/22/1981,163.368
12/23/1981,177.733
12/24/1981,261.428
12/25/1981,122.694
12/26/1981,134.933
12/27/1981,297.683
12/28/1981,135.073
12/29/1981,149.22
12/30/1981,70.318
12/31/1981,174.257
1/1/1982,268.816
1/2/1982,152.127
1/3/1982,68.955
1/4/1982,115.472
1/5/1982,203.575
1/6/1982,87.002
1/7/1982,188.341
1/8/1982,98.937
1/9/1982,69.547
1/10/1982,100.645
1/11/1982,142.096
1/12/1982,112.687
1/13/1982,14.903
1/14/1982,8.551
1/15/1982,212.931
1/16/1982,160.264
1/17/1982,193.691
1/18/1982,211.783
1/19/1982,138.079
1/20/1982,308.746
1/21/1982,157.445
1/22/1982,197.081
1/23/1982,312.403
1/24/1982,148.384
1/25/1982,246.421
1/26/1982,148.997
1/27/1982,273.661
1/28/1982,122.982
1/29/1982,340.766
1/30/1982,208.741
1/31/1982,152.949
2/1/1982,237.067
2/2/1982,220.546
2/3/1982,267.759
2/4/1982,222.844
2/5/1982,265.533
2/6/1982,152.955
2/7/1982,151.406
2/8/1982,77.729
2/9/1982,153.33
2/10/1982,338.569
2/11/1982,288.662
2/12/1982,268.39
2/13/1982,251.171
2/14/1982,361.361
2/15/1982,245.602
2/16/1982,326.701
2/17/1982,303.768
2/18/1982,309.152
2/19/1982,274.665
2/20/1982,324.799
2/21/1982,282.763
2/22/1982,257.806
2/23/1982,319.942
2/24/1982,340.831
2/25/1982,338.222
2/26/1982,380.588
2/27/1982,363.318
2/28/1982,473.814
3/1/1982,436.791
3/2/1982,390.179
3/3/1982,431.588
3/4/1982,344.875
3/5/1982,430.971
3/6/1982,322.528
3/7/1982,315.961
3/8/1982,297.327
3/9/1982,353.692
3/10/1982,315.627
3/11/1982,296.389
3/12/1982,359.356
3/13/1982,293.724
3/14/1982,174.453
3/15/1982,587.223
3/16/1982,218.129
3/17/1982,354.917
3/18/1982,292.042
3/19/1982,341.88
3/20/1982,367.944
3/21/1982,313.814
3/22/1982,277.842
3/23/1982,284.195
3/24/1982,301.807
3/25/1982,332.257
3/26/1982,274.108
3/27/1982,331.648
3/28/1982,201.51
3/29/1982,337.154
3/30/1982,263.745
3/31/1982,225.916
4/1/1982,326.355
4/2/1982,247.738
4/3/1982,208.095
4/4/1982,384.951
4/5/1982,285.488
4/6/1982,128.465
4/7/1982,249.716
4/8/1982,234.566
4/9/1982,409.627
4/10/1982,117.433
4/11/1982,199.906
4/12/1982,339.669
4/13/1982,233.528
4/14/1982,318.472
4/15/1982,539.692
4/16/1982,557.612
4/17/1982,588.1
4/18/1982,553.466
4/19/1982,724.302
4/20/1982,409.076
4/21/1982,651.394
4/22/1982,568.435
4/23/1982,617.284
4/24/1982,511.666
4/25/1982,528.05
4/26/1982,574.006
4/27/1982,542.578
4/28/1982,471.859
4/29/1982,611.486
4/30/1982,512.314
5/1/1982,667.652
5/2/1982,765.459
5/3/1982,810.734
5/4/1982,777.4
5/5/1982,1128.573
5/6/1982,1189.85
5/7/1982,1303.578
5/8/1982,1233.896
5/9/1982,1260.272
5/10/1982,895.515
5/11/1982,970.674
5/12/1982,926.225
5/13/1982,835.955
5/14/1982,941.881
5/15/1982,924.91
5/16/1982,756.191
5/17/1982,888.599
5/18/1982,707.504
5/19/1982,831.449
5/20/1982,530.693
5/21/1982,683.211
5/22/1982,706.653
5/23/1982,762.007
5/24/1982,889.714
5/25/1982,819.734
5/26/1982,966.415
5/27/1982,889.987
5/28/1982,1022.111
5/29/1982,1096.955
5/30/1982,1480.548
5/31/1982,957.489
6/1/1982,1280.395
6/2/1982,1519.721
6/3/1982,999.182
6/4/1982,1179.039
6/5/1982,1116.369
6/6/1982,1047.018
6/7/1982,996.003
6/8/1982,1141.542
6/9/1982,1025.404
6/10/1982,1059.432
6/11/1982,1137.267
6/12/1982,1018.026
6/13/1982,1012.88
6/14/1982,1240.224
6/15/1982,1066.887
6/16/1982,1144.589
6/17/1982,1001.849
6/18/1982,1244.805
6/19/1982,936.782
6/20/1982,1193.89
6/21/1982,1255.516
6/22/1982,1114.608
6/23/1982,1052.828
6/24/1982,939.505
6/25/1982,1152.067
6/26/1982,1129.146
6/27/1982,1046.594
6/28/1982,1021.436
6/29/1982,625.369
6/30/1982,1552.106
7/1/1982,881.006
7/2/1982,1109.169
7/3/1982,1020.169
7/4/1982,1017.886
7/5/1982,984.091
7/6/1982,821.77
7/7/1982,852.489
7/8/1982,832.206
7/9/1982,622.212
7/10/1982,787.457
7/11/1982,601.431
7/12/1982,597.751
7/13/1982,502.272
7/14/1982,553.717
7/15/1982,531.54
7/16/1982,545.842
7/17/1982,410.088
7/18/1982,439.839
7/19/1982,449.933
7/20/1982,411.696
7/21/1982,524.484
7/22/1982,348.297
7/23/1982,405.533
7/24/1982,384.782
7/25/1982,264.143
7/26/1982,321.534
7/27/1982,470.689
7/28/1982,243.518
7/29/1982,454.759
7/30/1982,536.296
7/31/1982,352.697
8/1/1982,582.465
8/2/1982,266.491
8/3/1982,476.192
8/4/1982,359.597
8/5/1982,340.104
8/6/1982,275.552
8/7/1982,720.336
8/8/1982,33.642
8/9/1982,307.157
8/10/1982,319.283
8/11/1982,246.566
8/12/1982,327.733
8/13/1982,330.071
8/14/1982,274.96
8/15/1982,433.095
8/16/1982,316.834
8/17/1982,170.945
8/18/1982,426.405
8/19/1982,451.878
8/20/1982,390.859
8/21/1982,330.091
8/22/1982,360.303
8/23/1982,433.924
8/24/1982,494.817
8/25/1982,601.025
8/26/1982,915.075
8/27/1982,693.239
8/28/1982,572.302
8/29/1982,472.727
8/30/1982,408.501
8/31/1982,374.363
9/1/1982,356.936
9/2/1982,343.105
9/3/1982,280.458
9/4/1982,414.042
9/5/1982,143.105
9/6/1982,154.2
9/7/1982,421.328
9/8/1982,286.437
9/9/1982,340.365
9/10/1982,307.331
9/11/1982,427.911
9/12/1982,266.147
9/13/1982,577.41
9/14/1982,503.754
9/15/1982,281.441
9/16/1982,522.841
9/17/1982,485.03
9/18/1982,468.598
9/19/1982,463.272
9/20/1982,439.636
9/21/1982,403.897
9/22/1982,446.236
9/23/1982,490.476
9/24/1982,503.961
9/25/1982,470.004
9/26/1982,295.538
9/27/1982,242.862
9/28/1982,410.562
9/29/1982,526.691
9/30/1982,171.299
10/1/1982,442.175
10/2/1982,515.768
10/3/1982,430.881
10/4/1982,446.149
10/5/1982,586.073
10/6/1982,314.666
10/7/1982,232.27
10/8/1982,437.029
10/9/1982,432.322
10/10/1982,352.724
10/11/1982,355.72
10/12/1982,383.916
10/13/1982,487.535
10/14/1982,405.281
10/15/1982,468.052
10/16/1982,419.776
10/17/1982,403.395
10/18/1982,393.812
10/19/1982,548.082
10/20/1982,337.183
10/21/1982,378.7
10/22/1982,454.832
10/23/1982,437.507
10/24/1982,440.832
10/25/1982,389.249
10/26/1982,334.021
10/27/1982,561.98
10/28/1982,427.327
10/29/1982,309.317
10/30/1982,418.81
10/31/1982,466.151
11/1/1982,453.092
11/2/1982,317.485
11/3/1982,387.335
11/4/1982,428.513
11/5/1982,325.814
11/6/1982,309.419
11/7/1982,332.198
11/8/1982,404.272
11/9/1982,500.679
11/10/1982,383.012
11/11/1982,405.178
11/12/1982,374.015
11/13/1982,579.133
11/14/1982,265.001
11/15/1982,409.546
11/16/1982,358.571
11/17/1982,347.578
11/18/1982,302.24
11/19/1982,527.99
11/20/1982,313.714
11/21/1982,392.07
11/22/1982,425.101
11/23/1982,420.389
11/24/1982,319.833
11/25/1982,335.884
11/26/1982,351.918
11/27/1982,357.912
11/28/1982,325.463
11/29/1982,305.017
11/30/1982,500.547
12/1/1982,228.517
12/2/1982,472.067
12/3/1982,376.263
12/4/1982,389.469
12/5/1982,338.359
12/6/1982,352.15
12/7/1982,377.624
12/8/1982,476.742
12/9/1982,384.697
12/10/1982,344.094
12/11/1982,390.838
12/12/1982,398.404
12/13/1982,377.139
12/14/1982,339.37
12/15/1982,308.192
12/16/1982,332.848
12/17/1982,365.272
12/18/1982,438.924
12/19/1982,387.954
12/20/1982,294.603
12/21/1982,386.517
12/22/1982,435.603
12/23/1982,316.65
12/24/1982,744.765
12/25/1982,155.261
12/26/1982,323.58
12/27/1982,328.479
12/28/1982,332.716
12/29/1982,243.958
12/30/1982,184.12
12/31/1982,216.108
1/1/1983,122.745
1/2/1983,184.903
1/3/1983,166.974
1/4/1983,143.841
1/5/1983,247.676
1/6/1983,213.81
1/7/1983,229.136
1/8/1983,329.683
1/9/1983,375.939
1/10/1983,314.102
1/11/1983,436.895
1/12/1983,282.598
1/13/1983,309.488
1/14/1983,435.86
1/15/1983,365.542
1/16/1983,321.776
1/17/1983,380.174
1/18/1983,375.444
1/19/1983,402.469
1/20/1983,281.163
1/21/1983,347.83
1/22/1983,380.382
1/23/1983,409.883
1/24/1983,378.376
1/25/1983,353.481
1/26/1983,473.596
1/27/1983,404.687
1/28/1983,278.802
1/29/1983,420.625
1/30/1983,280.359
1/31/1983,338.27
2/1/1983,342.891
2/2/1983,404.235
2/3/1983,331.316
2/4/1983,187.128
2/5/1983,393.361
2/6/1983,340.623
2/7/1983,312.419
2/8/1983,346.276
2/9/1983,287.873
2/10/1983,406.564
2/11/1983,375.413
2/12/1983,372.462
2/13/1983,268.73
2/14/1983,341.905
2/15/1983,418.242
2/16/1983,316.061
2/17/1983,352.277
2/18/1983,455.997
2/19/1983,229.172
2/20/1983,412.53
2/21/1983,346.973
2/22/1983,361.606
2/23/1983,378.121
2/24/1983,340.136
2/25/1983,236.412
2/26/1983,380.901
2/27/1983,389.683
2/28/1983,457.881
3/1/1983,328.486
3/2/1983,491.081
3/3/1983,476.451
3/4/1983,509.843
3/5/1983,626.663
3/6/1983,453.608
3/7/1983,513.287
3/8/1983,604.737
3/9/1983,471.297
3/10/1983,476.847
3/11/1983,491.395
3/12/1983,479.009
3/13/1983,464.894
3/14/1983,517.588
3/15/1983,447.141
3/16/1983,521.737
3/17/1983,521.555
3/18/1983,623.105
3/19/1983,524.599
3/20/1983,591.329
3/21/1983,554.29
3/22/1983,666.691
3/23/1983,325.689
3/24/1983,644.639
3/25/1983,436.966
3/26/1983,475.206
3/27/1983,492.312
3/28/1983,492.211
3/29/1983,391.799
3/30/1983,481.957
3/31/1983,388.022
4/1/1983,508.755
4/2/1983,349.074
4/3/1983,712.197
4/4/1983,421.134
4/5/1983,502.569
4/6/1983,390.831
4/7/1983,452.675
4/8/1983,467.316
4/9/1983,368.67
4/10/1983,452.196
4/11/1983,480.036
4/12/1983,408.269
4/13/1983,339.937
4/14/1983,446.003
4/15/1983,462.054
4/16/1983,456.861
4/17/1983,498.403
4/18/1983,444.242
4/19/1983,520.103
4/20/1983,526.716
4/21/1983,367.171
4/22/1983,629.601
4/23/1983,652.142
4/24/1983,469.611
4/25/1983,757.059
4/26/1983,703.131
4/27/1983,1064.231
4/28/1983,1054.471
4/29/1983,1014.716
4/30/1983,962.002
5/1/1983,1177.03
5/2/1983,1123.725
5/3/1983,1100.156
5/4/1983,937.81
5/5/1983,920.842
5/6/1983,905.892
5/7/1983,1119.54
5/8/1983,974.079
5/9/1983,1037.342
5/10/1983,1061.092
5/11/1983,1318.15
5/12/1983,1448.725
5/13/1983,1338.657
5/14/1983,1301.072
5/15/1983,1281.429
5/16/1983,1092.27
5/17/1983,1278.987
5/18/1983,1152.864
5/19/1983,986.361
5/20/1983,1065.326
5/21/1983,1192.031
5/22/1983,829.877
5/23/1983,1129.989
5/24/1983,1057.662
5/25/1983,1306.469
5/26/1983,1527.311
5/27/1983,1785.618
5/28/1983,2028.715
5/29/1983,2142.839
5/30/1983,2504.243
5/31/1983,2525.491
6/1/1983,2740.515
6/2/1983,2884.329
6/3/1983,2826.171
6/4/1983,2682.062
6/5/1983,2565.436
6/6/1983,2489.386
6/7/1983,2264.562
6/8/1983,2562.497
6/9/1983,2131.944
6/10/1983,2359.974
6/11/1983,2365.727
6/12/1983,2250.39
6/13/1983,2570.979
6/14/1983,2472.007
6/15/1983,2532.292
6/16/1983,2409.616
6/17/1983,2182.193
6/18/1983,2262.253
6/19/1983,2273.627
6/20/1983,2336.614
6/21/1983,2589.555
6/22/1983,2685.348
6/23/1983,2830.656
6/24/1983,2752.259
6/25/1983,3066.396
6/26/1983,2858.834
6/27/1983,3061.984
6/28/1983,3216.877
6/29/1983,3201.835
6/30/1983,3101.877
7/1/1983,2804.79
7/2/1983,2685.249
7/3/1983,2734.059
7/4/1983,2332.162
7/5/1983,2226.176
7/6/1983,2138.942
7/7/1983,2231.491
7/8/1983,2091.222
7/9/1983,1711.339
7/10/1983,1939.83
7/11/1983,1983.893
7/12/1983,1881.997
7/13/1983,1893.354
7/14/1983,1739.182
7/15/1983,1514.847
7/16/1983,1491.454
7/17/1983,1366.201
7/18/1983,1304.612
7/19/1983,1121.992
7/20/1983,1067.993
7/21/1983,1184.802
7/22/1983,1077.366
7/23/1983,966.107
7/24/1983,1258.391
7/25/1983,1053.22
7/26/1983,1046.082
7/27/1983,1394.191
7/28/1983,1132.323
7/29/1983,1141.626
7/30/1983,913.148
7/31/1983,937.788
8/1/1983,840.027
8/2/1983,926.71
8/3/1983,977.833
8/4/1983,768.362
8/5/1983,839.767
8/6/1983,783.193
8/7/1983,831.219
8/8/1983,963.472
8/9/1983,697.54
8/10/1983,712.306
8/11/1983,955.466
8/12/1983,702.978
8/13/1983,823.749
8/14/1983,719.147
8/15/1983,540.266
8/16/1983,748.158
8/17/1983,705.762
8/18/1983,576.222
8/19/1983,372.653
8/20/1983,497.763
8/21/1983,473.059
8/22/1983,490.744
8/23/1983,523.88
8/24/1983,395.864
8/25/1983,459.493
8/26/1983,448.218
8/27/1983,424.799
8/28/1983,405.75
8/29/1983,424.969
8/30/1983,445.228
8/31/1983,378.127
9/1/1983,329.343
9/2/1983,374.519
9/3/1983,271.414
9/4/1983,352.583
9/5/1983,298.821
9/6/1983,392.777
9/7/1983,233.212
9/8/1983,464.202
9/9/1983,248.007
9/10/1983,340.416
9/11/1983,404.605
9/12/1983,315.666
9/13/1983,361.657
9/14/1983,269.879
9/15/1983,339.722
9/16/1983,228.12
9/17/1983,243.765
9/18/1983,444.171
9/19/1983,230.073
9/20/1983,238.483
9/21/1983,255.418
9/22/1983,258.197
9/23/1983,310.037
9/24/1983,371.389
9/25/1983,331.791
9/26/1983,357.484
9/27/1983,319.9
9/28/1983,469.427
9/29/1983,225.507
9/30/1983,773.083
10/1/1983,361.857
10/2/1983,535.343
10/3/1983,528.372
10/4/1983,545.821
10/5/1983,396.489
10/6/1983,437.311
10/7/1983,374.602
10/8/1983,484.587
10/9/1983,348.595
10/10/1983,489.388
10/11/1983,310.108
10/12/1983,445.242
10/13/1983,346.065
10/14/1983,403.065
10/15/1983,372.712
10/16/1983,389.682
10/17/1983,366.532
10/18/1983,362.137
10/19/1983,353.144
10/20/1983,377.792
10/21/1983,366.444
10/22/1983,385.43
10/23/1983,338.423
10/24/1983,425.366
10/25/1983,344.376
10/26/1983,347.655
10/27/1983,354.358
10/28/1983,304.988
10/29/1983,326.796
10/30/1983,315.44
10/31/1983,328.279
11/1/1983,416.562
11/2/1983,272.072
11/3/1983,333.524
11/4/1983,222.447
11/5/1983,209.067
11/6/1983,286.014
11/7/1983,285.172
11/8/1983,428.548
11/9/1983,377.899
11/10/1983,217.488
11/11/1983,306.921
11/12/1983,354.697
11/13/1983,274.775
11/14/1983,509.852
11/15/1983,390.297
11/16/1983,359.47
11/17/1983,338.339
11/18/1983,498.459
11/19/1983,312.686
11/20/1983,536.777
11/21/1983,298.969
11/22/1983,358.887
11/23/1983,360.408
11/24/1983,383.516
11/25/1983,477.555
11/26/1983,428.451
11/27/1983,263.446
11/28/1983,289.379
11/29/1983,405.252
11/30/1983,290.877
12/1/1983,331.185
12/2/1983,372.014
12/3/1983,205.471
12/4/1983,477.36
12/5/1983,352.957
12/6/1983,335.475
12/7/1983,283.537
12/8/1983,414.861
12/9/1983,219.779
12/10/1983,384.742
12/11/1983,435.106
12/12/1983,273.191
12/13/1983,250.041
12/14/1983,296.752
12/15/1983,487.68
12/16/1983,320.919
12/17/1983,391.829
12/18/1983,249.956
12/19/1983,257.614
12/20/1983,477.332
12/21/1983,338.296
12/22/1983,341.362
12/23/1983,336.971
12/24/1983,519.153
12/25/1983,241.598
12/26/1983,266.247
12/27/1983,312.483
12/28/1983,434.248
12/29/1983,341.245
12/30/1983,306.772
12/31/1983,254.018
1/1/1984,315.185
1/2/1984,278.708
1/3/1984,187.39
1/4/1984,260.413
1/5/1984,334.98
1/6/1984,293.091
1/7/1984,293.559
1/8/1984,359.63
1/9/1984,311.011
1/10/1984,391.716
1/11/1984,334.603
1/12/1984,415.784
1/13/1984,446.454
1/14/1984,281.721
1/15/1984,378.958
1/16/1984,338.004
1/17/1984,304.61
1/18/1984,369.614
1/19/1984,283.011
1/20/1984,213.62
1/21/1984,203.826
1/22/1984,118.51
1/23/1984,190.716
1/24/1984,306.096
1/25/1984,302.325
1/26/1984,352.34
1/27/1984,414.988
1/28/1984,434.806
1/29/1984,467.714
1/30/1984,404.241
1/31/1984,404.236
2/1/1984,338.975
2/2/1984,425.565
2/3/1984,414.232
2/4/1984,376.94
2/5/1984,460.477
2/6/1984,366.67
2/7/1984,378.465
2/8/1984,434.025
2/9/1984,457.623
2/10/1984,297.514
2/11/1984,533.948
2/12/1984,379.504
2/13/1984,445.799
2/14/1984,425.749
2/15/1984,493.334
2/16/1984,365.102
2/17/1984,519.283
2/18/1984,544.172
2/19/1984,420.063
2/20/1984,424.653
2/21/1984,470.43
2/22/1984,494.843
2/23/1984,294.394
2/24/1984,388.189
2/25/1984,365.054
2/26/1984,454.476
2/27/1984,388.17
2/28/1984,452.923
2/29/1984,312.77
3/1/1984,525.407
3/2/1984,442.701
3/3/1984,383.819
3/4/1984,464.744
3/5/1984,327.537
3/6/1984,436.999
3/7/1984,470.379
3/8/1984,384.025
3/9/1984,404.06
3/10/1984,416.919
3/11/1984,516.348
3/12/1984,457.72
3/13/1984,449.218
3/14/1984,497.572
3/15/1984,265.999
3/16/1984,696.932
3/17/1984,478.206
3/18/1984,474.301
3/19/1984,538.135
3/20/1984,619.88
3/21/1984,426.887
3/22/1984,576.694
3/23/1984,534.807
3/24/1984,531.377
3/25/1984,424.032
3/26/1984,571.007
3/27/1984,509.772
3/28/1984,533.488
3/29/1984,707.717
3/30/1984,426.838
3/31/1984,494.896
4/1/1984,550.234
4/2/1984,491.603
4/3/1984,579.481
4/4/1984,518.834
4/5/1984,498.527
4/6/1984,477.18
4/7/1984,474.083
4/8/1984,478.919
4/9/1984,647.706
4/10/1984,366.122
4/11/1984,780.883
4/12/1984,529.018
4/13/1984,714.574
4/14/1984,646.981
4/15/1984,703.244
4/16/1984,616.896
4/17/1984,717.398
4/18/1984,581.736
4/19/1984,776.855
4/20/1984,1054.432
4/21/1984,1051.614
4/22/1984,994.519
4/23/1984,1051.749
4/24/1984,1004.22
4/25/1984,844.156
4/26/1984,1041.531
4/27/1984,1017.721
4/28/1984,880.085
4/29/1984,943.307
4/30/1984,980.71
5/1/1984,865.451
5/2/1984,820.743
5/3/1984,777.574
5/4/1984,777.244
5/5/1984,756.134
5/6/1984,1006.226
5/7/1984,886.154
5/8/1984,1194.059
5/9/1984,1102.04
5/10/1984,1132.585
5/11/1984,1308.106
5/12/1984,1407.548
5/13/1984,1591.833
5/14/1984,2090.153
5/15/1984,2103.072
5/16/1984,2434.64
5/17/1984,2699.926
5/18/1984,3011.737
5/19/1984,3041.14
5/20/1984,5171.961
5/21/1984,736.025
5/22/1984,3058.663
5/23/1984,3021.765
5/24/1984,3211.28
5/25/1984,3334.753
5/26/1984,3254.921
5/27/1984,3475.511
5/28/1984,3519.606
5/29/1984,3479.68
5/30/1984,3510.651
5/31/1984,3105.002
6/1/1984,5417.116
6/2/1984,662.275
6/3/1984,2987.006
6/4/1984,2876.363
6/5/1984,2972.707
6/6/1984,2559.573
6/7/1984,2694.85
6/8/1984,2703.725
6/9/1984,2824.632
6/10/1984,2772.371
6/11/1984,2433.77
6/12/1984,2410.742
6/13/1984,2116.826
6/14/1984,2124.105
6/15/1984,2016.911
6/16/1984,1947.731
6/17/1984,2145.174
6/18/1984,2147.279
6/19/1984,2298.482
6/20/1984,1929.573
6/21/1984,2060.68
6/22/1984,2056.162
6/23/1984,2056.24
6/24/1984,2059.402
6/25/1984,1945.514
6/26/1984,1910.646
6/27/1984,2070.065
6/28/1984,1929.313
6/29/1984,1728.915
6/30/1984,2023.982
7/1/1984,1732.404
7/2/1984,1687.229
7/3/1984,1932.956
7/4/1984,1683.22
7/5/1984,1857.51
7/6/1984,1539.412
7/7/1984,1513.224
7/8/1984,1288.114
7/9/1984,1206.892
7/10/1984,1305.825
7/11/1984,987.416
7/12/1984,1295.759
7/13/1984,1458.206
7/14/1984,903.352
7/15/1984,1106.605
7/16/1984,1225.742
7/17/1984,1158.904
7/18/1984,882.082
7/19/1984,913.13
7/20/1984,856.486
7/21/1984,1086.376
7/22/1984,711.688
7/23/1984,678.166
7/24/1984,766.157
7/25/1984,741.404
7/26/1984,819.071
7/27/1984,692.636
7/28/1984,1097.931
7/29/1984,499.417
7/30/1984,900.317
7/31/1984,548.756
8/1/1984,897.252
8/2/1984,717.108
8/3/1984,763.873
8/4/1984,645.115
8/5/1984,638.157
8/6/1984,696.804
8/7/1984,628.196
8/8/1984,658.773
8/9/1984,629.719
8/10/1984,578.822
8/11/1984,636.982
8/12/1984,364.953
8/13/1984,546.654
8/14/1984,389.017
8/15/1984,418.722
8/16/1984,570.741
8/17/1984,510.87
8/18/1984,486.176
8/19/1984,606.682
8/20/1984,709.734
8/21/1984,908.654
8/22/1984,685.083
8/23/1984,663.24
8/24/1984,637.02
8/25/1984,663.227
8/26/1984,783.751
8/27/1984,651.902
8/28/1984,589.207
8/29/1984,612.324
8/30/1984,532.634
8/31/1984,412.086
9/1/1984,611.637
9/2/1984,413.998
9/3/1984,588.943
9/4/1984,497.198
9/5/1984,485.851
9/6/1984,277.944
9/7/1984,559.333
9/8/1984,303.376
9/9/1984,199.799
9/10/1984,295.604
9/11/1984,354.129
9/12/1984,280.079
9/13/1984,406.228
9/14/1984,339.388
9/15/1984,326.482
9/16/1984,528.194
9/17/1984,204.609
9/18/1984,278.576
9/19/1984,352.55
9/20/1984,423.699
9/21/1984,337.039
9/22/1984,188.973
9/23/1984,217.97
9/24/1984,342.573
9/25/1984,184.245
9/26/1984,426.288
9/27/1984,282.854
9/28/1984,294.616
9/29/1984,307.445
9/30/1984,233.39
10/1/1984,410.091
10/2/1984,429.08
10/3/1984,304.418
10/4/1984,415.694
10/5/1984,628.969
10/6/1984,485.31
10/7/1984,409.993
10/8/1984,475.493
10/9/1984,384.865
10/10/1984,402.993
10/11/1984,337.456
10/12/1984,427.622
10/13/1984,336.126
10/14/1984,427.582
10/15/1984,314.246
10/16/1984,497.179
10/17/1984,207.28
10/18/1984,610.592
10/19/1984,498.097
10/20/1984,462.877
10/21/1984,514.346
10/22/1984,543.219
10/23/1984,396.026
10/24/1984,505.202
10/25/1984,339.695
10/26/1984,380.041
10/27/1984,567.098
10/28/1984,401.846
10/29/1984,517.723
10/30/1984,426.482
10/31/1984,533.865
11/1/1984,518.887
11/2/1984,188.392
11/3/1984,501.373
11/4/1984,521.655
11/5/1984,398.538
11/6/1984,352.258
11/7/1984,206.001
11/8/1984,681.14
11/9/1984,407.679
11/10/1984,368.354
11/11/1984,394.292
11/12/1984,469.574
11/13/1984,277.066
11/14/1984,495.489
11/15/1984,449.216
11/16/1984,423.236
11/17/1984,401.377
11/18/1984,470.996
11/19/1984,372.547
11/20/1984,446.285
11/21/1984,447.809
11/22/1984,368.366
11/23/1984,298.704
11/24/1984,271.426
11/25/1984,478.522
11/26/1984,436.37
11/27/1984,319.164
11/28/1984,319.138
11/29/1984,452.476
11/30/1984,375.867
12/1/1984,394.612
12/2/1984,455.013
12/3/1984,368.285
12/4/1984,360.59
12/5/1984,366.238
12/6/1984,369.53
12/7/1984,391.355
12/8/1984,227.761
12/9/1984,424.347
12/10/1984,327.918
12/11/1984,401.184
12/12/1984,283.981
12/13/1984,610.847
12/14/1984,353.591
12/15/1984,401.12
12/16/1984,357.678
12/17/1984,386.112
12/18/1984,382.79
12/19/1984,348.318
12/20/1984,368.598
12/21/1984,330.343
12/22/1984,404.083
12/23/1984,359.099
12/24/1984,383.751
12/25/1984,337.475
12/26/1984,337.931
12/27/1984,431.494
12/28/1984,331.758
12/29/1984,362.072
12/30/1984,453.027
12/31/1984,363.581
1/1/1985,412.393
1/2/1985,418.051
1/3/1985,353.034
1/4/1985,394.911
1/5/1985,327.062
1/6/1985,282.341
1/7/1985,443.979
1/8/1985,263.574
1/9/1985,490.222
1/10/1985,421.085
1/11/1985,468.626
1/12/1985,354.523
1/13/1985,426.733
1/14/1985,380.471
1/15/1985,335.751
1/16/1985,358.872
1/17/1985,433.321
1/18/1985,274.028
1/19/1985,334.435
1/20/1985,356.015
1/21/1985,455.949
1/22/1985,515.069
1/23/1985,406.853
1/24/1985,474.467
1/25/1985,494.759
1/26/1985,454.162
1/27/1985,409.443
1/28/1985,477.28
1/29/1985,431.019
1/30/1985,455.684
1/31/1985,455.679
2/1/1985,287.432
2/2/1985,359.755
2/3/1985,254.393
2/4/1985,325.752
2/5/1985,373.171
2/6/1985,391.695
2/7/1985,346.973
2/8/1985,352.628
2/9/1985,551.774
2/10/1985,417.626
2/11/1985,414.787
2/12/1985,462.326
2/13/1985,443.565
2/14/1985,439.185
2/15/1985,489.808
2/16/1985,446.377
2/17/1985,473.62
2/18/1985,453.57
2/19/1985,385.72
2/20/1985,479.515
2/21/1985,610.569
2/22/1985,429.127
2/23/1985,390.069
2/24/1985,387.229
2/25/1985,436.309
2/26/1985,472.269
2/27/1985,436.295
2/28/1985,348.401
3/1/1985,438.636
3/2/1985,414.682
3/3/1985,311.926
3/4/1985,529.571
3/5/1985,394.128
3/6/1985,418.534
3/7/1985,482.467
3/8/1985,479.258
3/9/1985,515.103
3/10/1985,442.543
3/11/1985,522.999
3/12/1985,497.038
3/13/1985,678.476
3/14/1985,618.908
3/15/1985,624.572
3/16/1985,741.951
3/17/1985,716.103
3/18/1985,687.688
3/19/1985,909.358
3/20/1985,641.703
3/21/1985,810.161
3/22/1985,540.369
3/23/1985,744.94
3/24/1985,670.627
3/25/1985,624.048
3/26/1985,504.538
3/27/1985,1134.864
3/28/1985,707.69
3/29/1985,681.292
3/30/1985,686.486
3/31/1985,717.746
4/1/1985,703.264
4/2/1985,653.264
4/3/1985,646.065
4/4/1985,562.669
4/5/1985,596.056
4/6/1985,768.781
4/7/1985,730.436
4/8/1985,788.62
4/9/1985,889.135
4/10/1985,1021.638
4/11/1985,1104.955
4/12/1985,1231.701
4/13/1985,1103.134
4/14/1985,1286.516
4/15/1985,1322.772
4/16/1985,1542.859
4/17/1985,1480.378
4/18/1985,1529.997
4/19/1985,1555.915
4/20/1985,1830.174
4/21/1985,1583.526
4/22/1985,1776.035
4/23/1985,1614.104
4/24/1985,1600.726
4/25/1985,1427.443
4/26/1985,1496.056
4/27/1985,1284.886
4/28/1985,933.165
4/29/1985,1766.152
4/30/1985,1500.837
5/1/1985,1624.759
5/2/1985,1366.28
5/3/1985,1494.027
5/4/1985,1533.229
5/5/1985,1868.662
5/6/1985,2157.042
5/7/1985,2281.77
5/8/1985,2318.111
5/9/1985,2411.224
5/10/1985,2192.899
5/11/1985,2529.125
5/12/1985,2332.869
5/13/1985,2366.631
5/14/1985,2184.271
5/15/1985,2050.428
5/16/1985,1763.364
5/17/1985,1551.465
5/18/1985,1600.259
5/19/1985,1571.483
5/20/1985,1343.234
5/21/1985,1592.528
5/22/1985,1520.889
5/23/1985,1555.019
5/24/1985,1545.589
5/25/1985,1555.05
5/26/1985,1477.998
5/27/1985,1638.876
5/28/1985,1788.551
5/29/1985,1768.28
5/30/1985,1907.108
5/31/1985,2009.607
6/1/1985,1851.269
6/2/1985,1840.799
6/3/1985,1567.123
6/4/1985,1900.714
6/5/1985,1477.05
6/6/1985,1567.793
6/7/1985,1637.783
6/8/1985,1555.722
6/9/1985,1721.278
6/10/1985,1947.771
6/11/1985,2169.91
6/12/1985,2099.428
6/13/1985,2078.448
6/14/1985,1829.744
6/15/1985,1814.854
6/16/1985,1706.898
6/17/1985,1684.277
6/18/1985,1462.349
6/19/1985,1455.405
6/20/1985,1484.208
6/21/1985,1339.019
6/22/1985,1257.796
6/23/1985,1380.585
6/24/1985,1282.463
6/25/1985,1021.972
6/26/1985,1323.084
6/27/1985,1002.849
6/28/1985,1092.139
6/29/1985,959.146
6/30/1985,909.809
7/1/1985,915.723
7/2/1985,806.523
7/3/1985,796.475
7/4/1985,571.584
7/5/1985,751.461
7/6/1985,375.45
7/7/1985,863.428
7/8/1985,592.033
7/9/1985,538.285
7/10/1985,679.33
7/11/1985,465.757
7/12/1985,471.378
7/13/1985,656.629
7/14/1985,391.144
7/15/1985,430.444
7/16/1985,374.1
7/17/1985,645.104
7/18/1985,496.575
7/19/1985,471.053
7/20/1985,500.538
7/21/1985,687.369
7/22/1985,916.02
7/23/1985,672.395
7/24/1985,639.692
7/25/1985,881.55
7/26/1985,553.954
7/27/1985,607.168
7/28/1985,609.246
7/29/1985,611.714
7/30/1985,394.269
7/31/1985,635.843
8/1/1985,551.801
8/2/1985,523.01
8/3/1985,475.087
8/4/1985,533.902
8/5/1985,377.684
8/6/1985,528.502
8/7/1985,342.336
8/8/1985,358.466
8/9/1985,477.409
8/10/1985,102.137
8/11/1985,319.014
8/12/1985,242.369
8/13/1985,303.797
8/14/1985,312.715
8/15/1985,124.763
8/16/1985,234.709
8/17/1985,371.58
8/18/1985,109.874
8/19/1985,195.235
8/20/1985,369.306
8/21/1985,172.871
8/22/1985,253.307
8/23/1985,281.236
8/24/1985,276.339
8/25/1985,66.801
8/26/1985,214.849
8/27/1985,369.188
8/28/1985,135.801
8/29/1985,225.201
8/30/1985,145.1
8/31/1985,285.602
9/1/1985,138.811
9/2/1985,130.723
9/3/1985,190.177
9/4/1985,127.544
9/5/1985,192.743
9/6/1985,123.907
9/7/1985,339.951
9/8/1985,133.51
9/9/1985,210.387
9/10/1985,196.175
9/11/1985,564.828
9/12/1985,37.984
9/13/1985,293.668
9/14/1985,567.065
9/15/1985,100.778
9/16/1985,330.845
9/17/1985,389.934
9/18/1985,400.301
9/19/1985,710.527
9/20/1985,402.633
9/21/1985,458.313
9/22/1985,460.65
9/23/1985,419.219
9/24/1985,345.432
9/25/1985,359.561
9/26/1985,410.641
9/27/1985,227.343
9/28/1985,454.007
9/29/1985,226.949
9/30/1985,214.158
10/1/1985,391.268
10/2/1985,391.744
10/3/1985,405.428
10/4/1985,334.16
10/5/1985,293.009
10/6/1985,327.091
10/7/1985,299.23
10/8/1985,461.606
10/9/1985,241.648
10/10/1985,545.152
10/11/1985,493.719
10/12/1985,453.61
10/13/1985,531.617
10/14/1985,539.068
10/15/1985,499.435
10/16/1985,453.187
10/17/1985,438.561
10/18/1985,434.784
10/19/1985,452.391
10/20/1985,435.748
10/21/1985,307.829
10/22/1985,432.442
10/23/1985,398.467
10/24/1985,385.717
10/25/1985,402.707
10/26/1985,326.252
10/27/1985,348.905
10/28/1985,352.189
10/29/1985,327.51
10/30/1985,345.105
10/31/1985,350.765
11/1/1985,388.224
11/2/1985,331.115
11/3/1985,436.486
11/4/1985,348.591
11/5/1985,345.759
11/6/1985,402.393
11/7/1985,324.51
11/8/1985,359.437
11/9/1985,408.05
11/10/1985,307.99
11/11/1985,332.996
11/12/1985,272.099
11/13/1985,369.68
11/14/1985,402.37
11/15/1985,351.514
11/16/1985,432.924
11/17/1985,459.616
11/18/1985,302.653
11/19/1985,430.686
11/20/1985,365.671
11/21/1985,339.454
11/22/1985,408.497
11/23/1985,350.914
11/24/1985,261.238
11/25/1985,528.99
11/26/1985,309.734
11/27/1985,447.321
11/28/1985,494.011
11/29/1985,527.973
11/30/1985,400.294
12/1/1985,461.527
12/2/1985,373.85
12/3/1985,456.7
12/4/1985,561.837
12/5/1985,444.775
12/6/1985,410.795
12/7/1985,541.686
12/8/1985,303.588
12/9/1985,477.025
12/10/1985,442.914
12/11/1985,240.759
12/12/1985,237.441
12/13/1985,368.774
12/14/1985,365.482
12/15/1985,418.931
12/16/1985,250.321
12/17/1985,368.317
12/18/1985,205.349
12/19/1985,453.397
12/20/1985,334.334
12/21/1985,320.175
12/22/1985,426.724
12/23/1985,392.511
12/24/1985,334.355
12/25/1985,429.577
12/26/1985,404.935
12/27/1985,357.032
12/28/1985,348.537
12/29/1985,322.02
12/30/1985,441.53
12/31/1985,408.622
1/1/1986,303.012
1/2/1986,431.414
1/3/1986,334.395
1/4/1986,414.764
1/5/1986,275.063
1/6/1986,415.565
1/7/1986,266.095
1/8/1986,290.037
1/9/1986,374.647
1/10/1986,236.218
1/11/1986,449.216
1/12/1986,404.977
1/13/1986,377.476
1/14/1986,405.793
1/15/1986,291.917
1/16/1986,329.66
1/17/1986,287.64
1/18/1986,385.47
1/19/1986,391.487
1/20/1986,384.058
1/21/1986,358.912
1/22/1986,363.283
1/23/1986,379.796
1/24/1986,239.823
1/25/1986,279.238
1/26/1986,331.966
1/27/1986,316.037
1/28/1986,250.427
1/29/1986,390.613
1/30/1986,338.216
1/31/1986,426.959
2/1/1986,336.73
2/2/1986,304.627
2/3/1986,402.322
2/4/1986,381.205
2/5/1986,293.401
2/6/1986,480.184
2/7/1986,313.686
2/8/1986,339.639
2/9/1986,285.355
2/10/1986,424.117
2/11/1986,246.292
2/12/1986,384.461
2/13/1986,395.783
2/14/1986,319.915
2/15/1986,387.278
2/16/1986,328.401
2/17/1986,316.951
2/18/1986,396.234
2/19/1986,285.437
2/20/1986,499.472
2/21/1986,523.191
2/22/1986,650.38
2/23/1986,849.449
2/24/1986,671.16
2/25/1986,608.508
2/26/1986,517.538
2/27/1986,531.577
2/28/1986,530.153
3/1/1986,510.18
3/2/1986,490
3/3/1986,470.157
3/4/1986,480.661
3/5/1986,460.358
3/6/1986,470.61
3/7/1986,438.757
3/8/1986,348.591
3/9/1986,595.196
3/10/1986,554.716
3/11/1986,391.996
3/12/1986,542.898
3/13/1986,548.08
3/14/1986,1217.334
3/15/1986,132.183
3/16/1986,358.587
3/17/1986,583.944
3/18/1986,486.354
3/19/1986,506.642
3/20/1986,500.496
3/21/1986,468.048
3/22/1986,474.992
3/23/1986,493.515
3/24/1986,323.364
3/25/1986,555.672
3/26/1986,404.055
3/27/1986,496.78
3/28/1986,561.309
3/29/1986,550.926
3/30/1986,575.455
3/31/1986,584.419
4/1/1986,894.917
4/2/1986,690.69
4/3/1986,1178.1
4/4/1986,1170.694
4/5/1986,1211.649
4/6/1986,1029.975
4/7/1986,983.729
4/8/1986,917.436
4/9/1986,1008.754
4/10/1986,798.865
4/11/1986,879.322
4/12/1986,934.074
4/13/1986,887.817
4/14/1986,910.945
4/15/1986,717.555
4/16/1986,1008.412
4/17/1986,800.039
4/18/1986,849.242
4/19/1986,819.857
4/20/1986,914.022
4/21/1986,895.729
4/22/1986,852.556
4/23/1986,768.534
4/24/1986,928.413
4/25/1986,913.78
4/26/1986,910.949
4/27/1986,1088.523
4/28/1986,1152.616
4/29/1986,1096.339
4/30/1986,1219.205
5/1/1986,1077.641
5/2/1986,1158.848
5/3/1986,1088.193
5/4/1986,1221.071
5/5/1986,1541.821
5/6/1986,1584.818
5/7/1986,2113.753
5/8/1986,1587.193
5/9/1986,1657.303
5/10/1986,1737.549
5/11/1986,1448.472
5/12/1986,1375.783
5/13/1986,1413.524
5/14/1986,1408.33
5/15/1986,1375.412
5/16/1986,1154.966
5/17/1986,1256.433
5/18/1986,1474.366
5/19/1986,1360.26
5/20/1986,1293.696
5/21/1986,1612.528
5/22/1986,1346.567
5/23/1986,1442.722
5/24/1986,1585.616
5/25/1986,1744.693
5/26/1986,1767.838
5/27/1986,1721.596
5/28/1986,1814.127
5/29/1986,1720.088
5/30/1986,2045.452
5/31/1986,1840.155
6/1/1986,1934.287
6/2/1986,1798.996
6/3/1986,2195.914
6/4/1986,1582.62
6/5/1986,2151.933
6/6/1986,2106.49
6/7/1986,2165.705
6/8/1986,2196.131
6/9/1986,2576.984
6/10/1986,2182.058
6/11/1986,2299.616
6/12/1986,2121.908
6/13/1986,1932.603
6/14/1986,1767.701
6/15/1986,1821.97
6/16/1986,1721.375
6/17/1986,1824
6/18/1986,1565.024
6/19/1986,1714.146
6/20/1986,1670.785
6/21/1986,1718.65
6/22/1986,1658.299
6/23/1986,1584.261
6/24/1986,1623.965
6/25/1986,1411.708
6/26/1986,1361.257
6/27/1986,1452.785
6/28/1986,1316.724
6/29/1986,1298.481
6/30/1986,1496.929
7/1/1986,1294.682
7/2/1986,1340.965
7/3/1986,1194.069
7/4/1986,1231.328
7/5/1986,1190.457
7/6/1986,1143.193
7/7/1986,1304.238
7/8/1986,1088.174
7/9/1986,1080.539
7/10/1986,1163.095
7/11/1986,1161.044
7/12/1986,1191.49
7/13/1986,1161.533
7/14/1986,1060.513
7/15/1986,1219.454
7/16/1986,849.782
7/17/1986,1126.475
7/18/1986,962.315
7/19/1986,1189.218
7/20/1986,614.966
7/21/1986,1474.744
7/22/1986,731.575
7/23/1986,1043.763
7/24/1986,1051.551
7/25/1986,948.032
7/26/1986,737.318
7/27/1986,832.627
7/28/1986,685.94
7/29/1986,586.938
7/30/1986,684.786
7/31/1986,562.224
8/1/1986,437.319
8/2/1986,495.593
8/3/1986,412.571
8/4/1986,511.243
8/5/1986,484.463
8/6/1986,213.879
8/7/1986,473.097
8/8/1986,414.861
8/9/1986,170.562
8/10/1986,429.317
8/11/1986,278.414
8/12/1986,403.01
8/13/1986,406.052
8/14/1986,281.108
8/15/1986,514.009
8/16/1986,210.1
8/17/1986,306.372
8/18/1986,333.35
8/19/1986,145.148
8/20/1986,455.053
8/21/1986,243.257
8/22/1986,314.579
8/23/1986,167.86
8/24/1986,302.957
8/25/1986,289.561
8/26/1986,344.907
8/27/1986,247.382
8/28/1986,690.536
8/29/1986,451.263
8/30/1986,518.376
8/31/1986,381.89
9/1/1986,495.908
9/2/1986,446.195
9/3/1986,223.47
9/4/1986,390.548
9/5/1986,372.318
9/6/1986,288.338
9/7/1986,391.094
9/8/1986,343.248
9/9/1986,674.168
9/10/1986,160.949
9/11/1986,425.631
9/12/1986,460.046
9/13/1986,471.334
9/14/1986,320.935
9/15/1986,399.159
9/16/1986,312.011
9/17/1986,362.596
9/18/1986,300.115
9/19/1986,256.635
9/20/1986,374.024
9/21/1986,222.079
9/22/1986,449.704
9/23/1986,301.217
9/24/1986,571.672
9/25/1986,437.806
9/26/1986,623.538
9/27/1986,460.546
9/28/1986,608.52
9/29/1986,507.827
9/30/1986,412.196
10/1/1986,545.134
10/2/1986,393.625
10/3/1986,576.41
10/4/1986,499.818
10/5/1986,510.666
10/6/1986,532.839
10/7/1986,527.783
10/8/1986,590.08
10/9/1986,496.634
10/10/1986,416.12
10/11/1986,911.212
10/12/1986,573.578
10/13/1986,601.896
10/14/1986,627.045
10/15/1986,598.257
10/16/1986,490.857
10/17/1986,547.623
10/18/1986,469.012
10/19/1986,544.447
10/20/1986,561.779
10/21/1986,457.207
10/22/1986,556.107
10/23/1986,524.007
10/24/1986,470.54
10/25/1986,508.298
10/26/1986,476.67
10/27/1986,458.724
10/28/1986,455.884
10/29/1986,400.057
10/30/1986,437.335
10/31/1986,586.868
11/1/1986,459.194
11/2/1986,492.965
11/3/1986,663.477
11/4/1986,595.384
11/5/1986,547.584
11/6/1986,581.223
11/7/1986,503.816
11/8/1986,692.406
11/9/1986,443.768
11/10/1986,484.34
11/11/1986,470.175
11/12/1986,497.672
11/13/1986,472.721
11/14/1986,452.07
11/15/1986,431.759
11/16/1986,489.805
11/17/1986,503.477
11/18/1986,703.861
11/19/1986,490.851
11/20/1986,574.861
11/21/1986,526.579
11/22/1986,597.635
11/23/1986,555.021
11/24/1986,585.212
11/25/1986,605.638
11/26/1986,492.092
11/27/1986,551.683
11/28/1986,563.753
11/29/1986,404.293
11/30/1986,527.448
12/1/1986,455.961
12/2/1986,440.362
12/3/1986,452.01
12/4/1986,411.532
12/5/1986,544.285
12/6/1986,546.156
12/7/1986,547.434
12/8/1986,425.3
12/9/1986,586.711
12/10/1986,367.215
12/11/1986,430.442
12/12/1986,589.971
12/13/1986,277.485
12/14/1986,461.677
12/15/1986,390.734
12/16/1986,451.27
12/17/1986,404.049
12/18/1986,473.895
12/19/1986,460.539
12/20/1986,419.233
12/21/1986,612.151
12/22/1986,296.835
12/23/1986,483.862
12/24/1986,481.854
12/25/1986,492.245
12/26/1986,456.477
12/27/1986,426.133
12/28/1986,413.031
12/29/1986,328.523
12/30/1986,410.149
12/31/1986,465.949
1/1/1987,286.001
1/2/1987,437.971
1/3/1987,366.816
1/4/1987,432.293
1/5/1987,422.502
1/6/1987,328.575
1/7/1987,467.203
1/8/1987,488.561
1/9/1987,388.615
1/10/1987,352.862
1/11/1987,480.994
1/12/1987,352.257
1/13/1987,367.95
1/14/1987,361.687
1/15/1987,343.993
1/16/1987,449.812
1/17/1987,292.061
1/18/1987,217.732
1/19/1987,472.683
1/20/1987,107.996
1/21/1987,328.028
1/22/1987,256.636
1/23/1987,174.048
1/24/1987,312.08
1/25/1987,383.696
1/26/1987,374.72
1/27/1987,427.924
1/28/1987,359.853
1/29/1987,456.702
1/30/1987,429.448
1/31/1987,348.508
2/1/1987,524.754
2/2/1987,436.387
2/3/1987,476.381
2/4/1987,488.518
2/5/1987,409.121
2/6/1987,463.273
2/7/1987,525.195
2/8/1987,459.945
2/9/1987,476.933
2/10/1987,473.031
2/11/1987,451.443
2/12/1987,511.011
2/13/1987,466.073
2/14/1987,525.167
2/15/1987,563.626
2/16/1987,545.465
2/17/1987,496.746
2/18/1987,480.334
2/19/1987,559.028
2/20/1987,407.908
2/21/1987,505.709
2/22/1987,433.373
2/23/1987,548.181
2/24/1987,341.003
2/25/1987,461.681
2/26/1987,436.076
2/27/1987,386.395
2/28/1987,408.931
3/1/1987,403.311
3/2/1987,446.866
3/3/1987,369.234
3/4/1987,440.601
3/5/1987,418.537
3/6/1987,520.464
3/7/1987,477.99
3/8/1987,448.133
3/9/1987,583.938
3/10/1987,581.691
3/11/1987,759.017
3/12/1987,534.165
3/13/1987,759.986
3/14/1987,530.387
3/15/1987,678.613
3/16/1987,678.39
3/17/1987,522.891
3/18/1987,502.377
3/19/1987,563.97
3/20/1987,649.035
3/21/1987,494.138
3/22/1987,607.761
3/23/1987,566.953
3/24/1987,491.687
3/25/1987,410.755
3/26/1987,476.358
3/27/1987,566.487
3/28/1987,550.452
3/29/1987,435.069
3/30/1987,352.605
3/31/1987,448.76
4/1/1987,473.322
4/2/1987,557.098
4/3/1987,289.448
4/4/1987,648.127
4/5/1987,383.124
4/6/1987,518.087
4/7/1987,500.632
4/8/1987,555.87
4/9/1987,531.803
4/10/1987,591.754
4/11/1987,643.686
4/12/1987,699.742
4/13/1987,890.424
4/14/1987,858.127
4/15/1987,768.127
4/16/1987,720.715
4/17/1987,714.476
4/18/1987,700.925
4/19/1987,1002.063
4/20/1987,1129.881
4/21/1987,934.878
4/22/1987,885.815
4/23/1987,993.104
4/24/1987,811.658
4/25/1987,1130.972
4/26/1987,985.276
4/27/1987,1128.195
4/28/1987,1056.145
4/29/1987,977.48
4/30/1987,1300.586
5/1/1987,1191.585
5/2/1987,1514.954
5/3/1987,1229.135
5/4/1987,1346.493
5/5/1987,1282.014
5/6/1987,1212.207
5/7/1987,1158.094
5/8/1987,1155.559
5/9/1987,1024.734
5/10/1987,1108.456
5/11/1987,1078.874
5/12/1987,999.013
5/13/1987,1151.281
5/14/1987,1182.606
5/15/1987,1128.847
5/16/1987,1161.38
5/17/1987,1364.853
5/18/1987,1444.404
5/19/1987,1407.403
5/20/1987,1367.021
5/21/1987,1269.715
5/22/1987,1313.447
5/23/1987,1484.229
5/24/1987,879.549
5/25/1987,1053.694
5/26/1987,924.025
5/27/1987,900.921
5/28/1987,862.115
5/29/1987,853.643
5/30/1987,750.384
5/31/1987,640.641
6/1/1987,849.816
6/2/1987,627.676
6/3/1987,736.17
6/4/1987,723.192
6/5/1987,864.994
6/6/1987,924.079
6/7/1987,868.628
6/8/1987,1104.647
6/9/1987,705.616
6/10/1987,1098.12
6/11/1987,1056.18
6/12/1987,1164.964
6/13/1987,1084.878
6/14/1987,969.599
6/15/1987,1030.653
6/16/1987,916.651
6/17/1987,936.844
6/18/1987,972.059
6/19/1987,900.91
6/20/1987,827.26
6/21/1987,723.404
6/22/1987,682.089
6/23/1987,673.599
6/24/1987,684.93
6/25/1987,628.301
6/26/1987,552.271
6/27/1987,581.789
6/28/1987,587.452
6/29/1987,588.265
6/30/1987,430.448
7/1/1987,457.791
7/2/1987,545.142
7/3/1987,466.276
7/4/1987,484.041
7/5/1987,414.88
7/6/1987,440.786
7/7/1987,476.774
7/8/1987,383.742
7/9/1987,373.94
7/10/1987,358.615
7/11/1987,532.122
7/12/1987,373.161
7/13/1987,246.91
7/14/1987,355.692
7/15/1987,464.143
7/16/1987,463.318
7/17/1987,166.345
7/18/1987,252.862
7/19/1987,379.847
7/20/1987,423.21
7/21/1987,275.412
7/22/1987,371.713
7/23/1987,342.171
7/24/1987,323.866
7/25/1987,308.141
7/26/1987,25.985
7/27/1987,450.036
7/28/1987,267.052
7/29/1987,320.481
7/30/1987,305.813
7/31/1987,291.62
8/1/1987,282.875
8/2/1987,383.155
8/3/1987,360.949
8/4/1987,370.146
8/5/1987,334.936
8/6/1987,184.294
8/7/1987,484.661
8/8/1987,410.548
8/9/1987,316.219
8/10/1987,358.67
8/11/1987,427.951
8/12/1987,28.756
8/13/1987,310.445
8/14/1987,87.671
8/15/1987,145.795
8/16/1987,213.844
8/17/1987,227.341
8/18/1987,159.327
8/19/1987,141.414
8/20/1987,226.693
8/21/1987,131.032
8/22/1987,275.241
8/23/1987,346.525
8/24/1987,137.429
8/25/1987,373.928
8/26/1987,292.559
8/27/1987,310.575
8/28/1987,391.306
8/29/1987,448.058
8/30/1987,331.468
8/31/1987,337.451
9/1/1987,310.707
9/2/1987,310.207
9/3/1987,289.07
9/4/1987,157.582
9/5/1987,190.382
9/6/1987,246.656
9/7/1987,246.834
9/8/1987,164.545
9/9/1987,204.292
9/10/1987,252.54
9/11/1987,225.602
9/12/1987,161.733
9/13/1987,421.685
9/14/1987,40.095
9/15/1987,21.508
9/16/1987,306.246
9/17/1987,202.117
9/18/1987,236.197
9/19/1987,175.27
9/20/1987,210.304
9/21/1987,231.836
9/22/1987,208.022
9/23/1987,132.95
9/24/1987,313.703
9/25/1987,127.107
9/26/1987,112.103
9/27/1987,334.065
9/28/1987,244.232
9/29/1987,132.009
9/30/1987,230.506
10/1/1987,248.476
10/2/1987,188.187
10/3/1987,197.488
10/4/1987,211.787
10/5/1987,191.34
10/6/1987,205.782
10/7/1987,102.589
10/8/1987,307.286
10/9/1987,141.329
10/10/1987,234.654
10/11/1987,211.944
10/12/1987,76.135
10/13/1987,360.875
10/14/1987,394.38
10/15/1987,234.717
10/16/1987,291.956
10/17/1987,250.907
10/18/1987,284.745
10/19/1987,240.858
10/20/1987,233.898
10/21/1987,194.724
10/22/1987,240.412
10/23/1987,172.89
10/24/1987,331.082
10/25/1987,310.42
10/26/1987,227.787
10/27/1987,276.505
10/28/1987,265.492
10/29/1987,590.088
10/30/1987,258.789
10/31/1987,363.24
11/1/1987,681.287
11/2/1987,378.543
11/3/1987,322.755
11/4/1987,374.927
11/5/1987,202.99
11/6/1987,863.819
11/7/1987,578.088
11/8/1987,444.968
11/9/1987,376.767
11/10/1987,328.014
11/11/1987,351.611
11/12/1987,304.058
11/13/1987,263.679
11/14/1987,216.598
11/15/1987,357.38
11/16/1987,300.133
11/17/1987,259.056
11/18/1987,334.097
11/19/1987,308.267
11/20/1987,208.404
11/21/1987,239.677
11/22/1987,305.272
11/23/1987,246.59
11/24/1987,284.45
11/25/1987,181.899
11/26/1987,394.604
11/27/1987,233.95
11/28/1987,312.299
11/29/1987,245.028
11/30/1987,285.043
12/1/1987,178.044
12/2/1987,255.777
12/3/1987,242.674
12/4/1987,202.542
12/5/1987,221.895
12/6/1987,276.301
12/7/1987,215.744
12/8/1987,320.168
12/9/1987,219.035
12/10/1987,136.073
12/11/1987,419.744
12/12/1987,391.904
12/13/1987,217.59
12/14/1987,70.31
12/15/1987,330.963
12/16/1987,181.669
12/17/1987,204.443
12/18/1987,111.914
12/19/1987,236.057
12/20/1987,153.272
12/21/1987,233.455
12/22/1987,172.321
12/23/1987,351.205
12/24/1987,337.047
12/25/1987,258.7
12/26/1987,21.736
12/27/1987,279.92
12/28/1987,317.965
12/29/1987,178.434
12/30/1987,116.584
12/31/1987,180.77
1/1/1988,162.768
1/2/1988,102.216
1/3/1988,139.632
1/4/1988,148.581
1/5/1988,65.033
1/6/1988,179.259
1/7/1988,363.096
1/8/1988,263.157
1/9/1988,343.684
1/10/1988,317.908
1/11/1988,41.912
1/12/1988,392.477
1/13/1988,293.352
1/14/1988,294.417
1/15/1988,98.538
1/16/1988,177.837
1/17/1988,455.595
1/18/1988,31.149
1/19/1988,243.416
1/20/1988,185.488
1/21/1988,370.849
1/22/1988,178.394
1/23/1988,310.309
1/24/1988,69.019
1/25/1988,175.549
1/26/1988,265.582
1/27/1988,190.174
1/28/1988,237.849
1/29/1988,132.599
1/30/1988,263.475
1/31/1988,257.246
2/1/1988,241.146
2/2/1988,403.973
2/3/1988,300.607
2/4/1988,400.07
2/5/1988,339.314
2/6/1988,321.731
2/7/1988,207.797
2/8/1988,310.163
2/9/1988,209.627
2/10/1988,311.802
2/11/1988,286.093
2/12/1988,219.678
2/13/1988,227.558
2/14/1988,340.76
2/15/1988,218.111
2/16/1988,420.937
2/17/1988,156.992
2/18/1988,237.92
2/19/1988,248.427
2/20/1988,292.545
2/21/1988,290.66
2/22/1988,259.153
2/23/1988,388.697
2/24/1988,268.236
2/25/1988,279.559
2/26/1988,261.972
2/27/1988,398.46
2/28/1988,287.487
2/29/1988,324.51
3/1/1988,296.835
3/2/1988,488.104
3/3/1988,320.799
3/4/1988,458.96
3/5/1988,351.95
3/6/1988,293.376
3/7/1988,394.312
3/8/1988,417.086
3/9/1988,172.845
3/10/1988,588.872
3/11/1988,371.9
3/12/1988,292.136
3/13/1988,322.216
3/14/1988,353.838
3/15/1988,150.781
3/16/1988,474.544
3/17/1988,286.108
3/18/1988,302.859
3/19/1988,231.859
3/20/1988,303.102
3/21/1988,209.178
3/22/1988,349.116
3/23/1988,133.784
3/24/1988,330.695
3/25/1988,357.578
3/26/1988,215.198
3/27/1988,564.109
3/28/1988,182.648
3/29/1988,160.306
3/30/1988,428.279
3/31/1988,285.981
4/1/1988,370.594
4/2/1988,369.696
4/3/1988,260.281
4/4/1988,567.995
4/5/1988,129.311
4/6/1988,342.28
4/7/1988,345.463
4/8/1988,285.766
4/9/1988,322.435
4/10/1988,319.041
4/11/1988,364.635
4/12/1988,351.263
4/13/1988,264.413
4/14/1988,545.828
4/15/1988,194.812
4/16/1988,752.21
4/17/1988,314.549
4/18/1988,534.06
4/19/1988,581.395
4/20/1988,443.109
4/21/1988,478.805
4/22/1988,612.816
4/23/1988,654.088
4/24/1988,520.161
4/25/1988,646.042
4/26/1988,558.079
4/27/1988,549.601
4/28/1988,492.841
4/29/1988,502.829
4/30/1988,301.547
5/1/1988,455.038
5/2/1988,383.424
5/3/1988,464.621
5/4/1988,425.737
5/5/1988,564.305
5/6/1988,331.869
5/7/1988,452.366
5/8/1988,516.512
5/9/1988,522.939
5/10/1988,531.924
5/11/1988,431.416
5/12/1988,456.791
5/13/1988,394.141
5/14/1988,417.634
5/15/1988,400.769
5/16/1988,638.543
5/17/1988,356.992
5/18/1988,889.564
5/19/1988,627.979
5/20/1988,975.095
5/21/1988,1038.139
5/22/1988,1002.623
5/23/1988,1011.908
5/24/1988,860.558
5/25/1988,860.114
5/26/1988,670.262
5/27/1988,598.537
5/28/1988,627.494
5/29/1988,561.848
5/30/1988,648.723
5/31/1988,687.455
6/1/1988,795.245
6/2/1988,843.378
6/3/1988,805.732
6/4/1988,701.972
6/5/1988,694.28
6/6/1988,569.474
6/7/1988,722.283
6/8/1988,761.119
6/9/1988,855.347
6/10/1988,788.43
6/11/1988,810.206
6/12/1988,995.551
6/13/1988,814.655
6/14/1988,909.522
6/15/1988,700.658
6/16/1988,634.102
6/17/1988,794.245
6/18/1988,430.776
6/19/1988,764.804
6/20/1988,396.457
6/21/1988,618.765
6/22/1988,620.389
6/23/1988,421.524
6/24/1988,598.577
6/25/1988,598.082
6/26/1988,303.536
6/27/1988,700.981
6/28/1988,577.469
6/29/1988,235.392
6/30/1988,727.121
7/1/1988,636.713
7/2/1988,443.503
7/3/1988,531.922
7/4/1988,334.922
7/5/1988,422.268
7/6/1988,270.71
7/7/1988,346.676
7/8/1988,218.367
7/9/1988,579.899
7/10/1988,73.053
7/11/1988,224.408
7/12/1988,279.623
7/13/1988,166.541
7/14/1988,241.348
7/15/1988,245.452
7/16/1988,157.883
7/17/1988,257.529
7/18/1988,160.467
7/19/1988,97.536
7/20/1988,150.245
7/21/1988,134.295
7/22/1988,76.429
7/23/1988,272.969
7/24/1988,51.635
7/25/1988,157.668
7/26/1988,89.537
7/27/1988,33.202
7/28/1988,49.012
7/29/1988,84.894
7/30/1988,89.811
7/31/1988,25.406
8/1/1988,280.781
8/2/1988,52.38
8/3/1988,249.433
8/4/1988,86.911
8/5/1988,44.261
8/6/1988,407.181
8/7/1988,61.021
8/8/1988,188.558
8/9/1988,270.795
8/10/1988,139.765
8/11/1988,317.009
8/12/1988,8.372
8/13/1988,63.701
8/14/1988,239.657
8/15/1988,34.253
8/16/1988,249.364
8/17/1988,28.526
8/18/1988,89.632
8/19/1988,164.175
8/20/1988,221.074
8/21/1988,120.438
8/22/1988,144.781
8/23/1988,46.57
8/24/1988,292.245
8/25/1988,94.659
8/26/1988,394.277
8/27/1988,391.842
8/28/1988,189.639
8/29/1988,155.177
8/30/1988,409.36
8/31/1988,22.848
9/1/1988,268.283
9/2/1988,191.925
9/3/1988,218.64
9/4/1988,256.522
9/5/1988,182.947
9/6/1988,134.771
9/7/1988,80.806
9/8/1988,178.146
9/9/1988,110.027
9/10/1988,218.929
9/11/1988,87.583
9/12/1988,105.857
9/13/1988,71.375
9/14/1988,147.214
9/15/1988,222.496
9/16/1988,266.385
9/17/1988,151.746
9/18/1988,311.98
9/19/1988,116.596
9/20/1988,189.267
9/21/1988,35.356
9/22/1988,262.498
9/23/1988,197.328
9/24/1988,207.589
9/25/1988,183.635
9/26/1988,153.372
9/27/1988,223.54
9/28/1988,111.785
9/29/1988,173.126
9/30/1988,186.451
10/1/1988,159.374
10/2/1988,206.538
10/3/1988,178.38
10/4/1988,229.877
10/5/1988,264.8
10/6/1988,7.205
10/7/1988,78.477
10/8/1988,127.67
10/9/1988,268.896
10/10/1988,88.875
10/11/1988,182.368
10/12/1988,253.996
10/13/1988,20.606
10/14/1988,71.297
10/15/1988,203.578
10/16/1988,134.368
10/17/1988,187.045
10/18/1988,133.495
10/19/1988,242.401
10/20/1988,194.003
10/21/1988,93.792
10/22/1988,170.705
10/23/1988,120.598
10/24/1988,39.665
10/25/1988,266.428
10/26/1988,82.978
10/27/1988,170.385
10/28/1988,134.664
10/29/1988,238.002
10/30/1988,129.646
10/31/1988,148.761
11/1/1988,130.897
11/2/1988,77.396
11/3/1988,205.81
11/4/1988,218.245
11/5/1988,126.779
11/6/1988,83.451
11/7/1988,93.647
11/8/1988,127.741
11/9/1988,235.661
11/10/1988,73.668
11/11/1988,261.037
11/12/1988,31.356
11/13/1988,141.787
11/14/1988,370.896
11/15/1988,30.833
11/16/1988,93.692
11/17/1988,187.57
11/18/1988,193.165
11/19/1988,105.593
11/20/1988,125.055
11/21/1988,134.451
11/22/1988,148.462
11/23/1988,52.455
11/24/1988,334.178
11/25/1988,12.298
11/26/1988,151.291
11/27/1988,226.326
11/28/1988,64.381
11/29/1988,300.094
11/30/1988,192.212
12/1/1988,178.559
12/2/1988,131.177
12/3/1988,139.692
12/4/1988,237.961
12/5/1988,73.63
12/6/1988,148.094
12/7/1988,251.444
12/8/1988,41.713
12/9/1988,96.253
12/10/1988,142.842
12/11/1988,175.439
12/12/1988,149.699
12/13/1988,184.251
12/14/1988,356.339
12/15/1988,53.669
12/16/1988,68.516
12/17/1988,167.605
12/18/1988,96.429
12/19/1988,68.05
12/20/1988,153.847
12/21/1988,252.354
12/22/1988,103.389
12/23/1988,52.431
12/24/1988,174.051
12/25/1988,6.821
12/26/1988,159.8
12/27/1988,162.489
12/28/1988,122.77
12/29/1988,104.499
12/30/1988,87.86
12/31/1988,125.06
1/1/1989,64.887
1/2/1989,101.996
1/3/1989,137.969
1/4/1989,49.312
1/5/1989,203.263
1/6/1989,50.131
1/7/1989,85.817
1/8/1989,123.911
1/9/1989,52.684
1/10/1989,170.837
1/11/1989,165.035
1/12/1989,66.058
1/13/1989,90.62
1/14/1989,191.382
1/15/1989,57.938
1/16/1989,87.09
1/17/1989,28.703
1/18/1989,66.398
1/19/1989,65.95
1/20/1989,169.477
1/21/1989,150.617
1/22/1989,145.072
1/23/1989,97.826
1/24/1989,201.908
1/25/1989,190.64
1/26/1989,138.865
1/27/1989,11.405
1/28/1989,260.43
1/29/1989,148.349
1/30/1989,124.088
1/31/1989,85.209
2/1/1989,135.385
2/2/1989,179.252
2/3/1989,216.238
2/4/1989,235.89
2/5/1989,65.822
2/6/1989,101.994
2/7/1989,193.393
2/8/1989,54.319
2/9/1989,114.683
2/10/1989,47.829
2/11/1989,243.75
2/12/1989,137.117
2/13/1989,196.636
2/14/1989,194.962
2/15/1989,285.738
2/16/1989,183.691
2/17/1989,131.561
2/18/1989,205.883
2/19/1989,217.496
2/20/1989,198.995
2/21/1989,215.493
2/22/1989,208.778
2/23/1989,237.168
2/24/1989,159.268
2/25/1989,230.699
2/26/1989,237.211
2/27/1989,290.449
2/28/1989,190.134
3/1/1989,256.248
3/2/1989,227.481
3/3/1989,119.889
3/4/1989,551.207
3/5/1989,14.653
3/6/1989,244.285
3/7/1989,207.02
3/8/1989,216.988
3/9/1989,236.869
3/10/1989,187.018
3/11/1989,269.313
3/12/1989,275.118
3/13/1989,338.616
3/14/1989,221.208
3/15/1989,253.413
3/16/1989,235.199
3/17/1989,534.301
3/18/1989,340.871
3/19/1989,552.604
3/20/1989,166.158
3/21/1989,277.621
3/22/1989,302.945
3/23/1989,340.891
3/24/1989,271.021
3/25/1989,282.989
3/26/1989,236.059
3/27/1989,343.724
3/28/1989,262.245
3/29/1989,345.288
3/30/1989,347.64
3/31/1989,250.632
4/1/1989,380.54
4/2/1989,281.437
4/3/1989,309.828
4/4/1989,304.165
4/5/1989,310.601
4/6/1989,296.235
4/7/1989,261.981
4/8/1989,334.518
4/9/1989,333.615
4/10/1989,196.358
4/11/1989,305.485
4/12/1989,359.88
4/13/1989,369.278
4/14/1989,348.42
4/15/1989,353.362
4/16/1989,269.131
4/17/1989,434.555
4/18/1989,338.169
4/19/1989,294.562
4/20/1989,360.745
4/21/1989,410.565
4/22/1989,353.474
4/23/1989,302.012
4/24/1989,439.05
4/25/1989,474.029
4/26/1989,508.112
4/27/1989,490.668
4/28/1989,489.052
4/29/1989,597.991
4/30/1989,496.651
5/1/1989,508.024
5/2/1989,356.629
5/3/1989,609.578
5/4/1989,346.27
5/5/1989,408.283
5/6/1989,266.214
5/7/1989,251.306
5/8/1989,205.909
5/9/1989,275.971
5/10/1989,265.455
5/11/1989,234.307
5/12/1989,448.659
5/13/1989,298.452
5/14/1989,569.164
5/15/1989,609.485
5/16/1989,399.917
5/17/1989,412.271
5/18/1989,429.66
5/19/1989,499.034
5/20/1989,389.483
5/21/1989,382.533
5/22/1989,339.422
5/23/1989,387.382
5/24/1989,390.715
5/25/1989,525.333
5/26/1989,435.541
5/27/1989,436.082
5/28/1989,535.222
5/29/1989,372.184
5/30/1989,494.415
5/31/1989,503.093
6/1/1989,411.863
6/2/1989,536.294
6/3/1989,501.445
6/4/1989,473.838
6/5/1989,335.589
6/6/1989,688.961
6/7/1989,386.665
6/8/1989,400.845
6/9/1989,345.628
6/10/1989,498.595
6/11/1989,534.97
6/12/1989,315.707
6/13/1989,429.913
6/14/1989,471.525
6/15/1989,166.499
6/16/1989,475.878
6/17/1989,374.291
6/18/1989,321.996
6/19/1989,405.422
6/20/1989,319.432
6/21/1989,272.221
6/22/1989,385.983
6/23/1989,573.144
6/24/1989,30.836
6/25/1989,266.31
6/26/1989,214.1
6/27/1989,197.103
6/28/1989,442.257
6/29/1989,210.519
6/30/1989,182.331
7/1/1989,153.7
7/2/1989,36.877
7/3/1989,170.942
7/4/1989,130.091
7/5/1989,192.941
7/6/1989,168.106
7/7/1989,99.687
7/8/1989,85.839
7/9/1989,48.243
7/10/1989,142.526
7/11/1989,74.23
7/12/1989,148.485
7/13/1989,260.273
7/14/1989,24.457
7/15/1989,33.394
7/16/1989,107.62
7/17/1989,101.059
7/18/1989,140.67
7/19/1989,70.832
7/20/1989,9.941
7/21/1989,186.045
7/22/1989,44.687
7/23/1989,91.674
7/24/1989,19.169
7/25/1989,97.739
7/26/1989,46.089
7/27/1989,26.622
7/28/1989,297.161
7/29/1989,339.8
7/30/1989,149.782
7/31/1989,292.958
8/1/1989,78.675
8/2/1989,155.033
8/3/1989,365.121
8/4/1989,117.507
8/5/1989,135.972
8/6/1989,216.126
8/7/1989,182.967
8/8/1989,54.527
8/9/1989,161.664
8/10/1989,50.205
8/11/1989,356.627
8/12/1989,35.043
8/13/1989,109.722
8/14/1989,156.151
8/15/1989,179.602
8/16/1989,19.571
8/17/1989,381.559
8/18/1989,507.19
8/19/1989,235.456
8/20/1989,334.184
8/21/1989,188.552
8/22/1989,175.687
8/23/1989,90.025
8/24/1989,159.809
8/25/1989,205.04
8/26/1989,124.645
8/27/1989,126.056
8/28/1989,125.041
8/29/1989,91.206
8/30/1989,83.09
8/31/1989,78.409
9/1/1989,299.265
9/2/1989,61.398
9/3/1989,49.97
9/4/1989,42.53
9/5/1989,126.893
9/6/1989,109.942
9/7/1989,67.826
9/8/1989,12.828
9/9/1989,43.867
9/10/1989,212.242
9/11/1989,232.432
9/12/1989,66.763
9/13/1989,28.948
9/14/1989,82.254
9/15/1989,35.592
9/16/1989,91.022
9/17/1989,25.287
9/18/1989,123.57
9/19/1989,102.825
9/20/1989,123.573
9/21/1989,97.734
9/22/1989,71.431
9/23/1989,148.541
9/24/1989,148.506
9/25/1989,167.209
9/26/1989,104.374
9/27/1989,136.125
9/28/1989,158.725
9/29/1989,161.518
9/30/1989,40.358
10/1/1989,166.983
10/2/1989,62.717
10/3/1989,17.818
10/4/1989,174.294
10/5/1989,110.883
10/6/1989,132.145
10/7/1989,162.392
10/8/1989,162.109
10/9/1989,162.109
10/10/1989,136.1
10/11/1989,165.517
10/12/1989,192.619
10/13/1989,164.944
10/14/1989,132.054
10/15/1989,242.409
10/16/1989,195.678
10/17/1989,100.616
10/18/1989,117.292
10/19/1989,154.771
10/20/1989,175.166
10/21/1989,149.306
10/22/1989,179.308
10/23/1989,187.692
10/24/1989,210.367
10/25/1989,250.107
10/26/1989,342.876
10/27/1989,189.334
10/28/1989,165.238
10/29/1989,90.568
10/30/1989,77.442
10/31/1989,120.237
11/1/1989,76.073
11/2/1989,164.862
11/3/1989,159.556
11/4/1989,67.758
11/5/1989,34.516
11/6/1989,241.657
11/7/1989,262.853
11/8/1989,87.262
11/9/1989,248.87
11/10/1989,210.488
11/11/1989,126.829
11/12/1989,117.346
11/13/1989,130.099
11/14/1989,235.644
11/15/1989,172.581
11/16/1989,143.21
11/17/1989,131.236
11/18/1989,154.488
11/19/1989,291.079
11/20/1989,83.364
11/21/1989,205.417
11/22/1989,167.51
11/23/1989,114.333
11/24/1989,112.043
11/25/1989,222.902
11/26/1989,150.116
11/27/1989,143.761
11/28/1989,134.164
11/29/1989,96.508
11/30/1989,171.166
12/1/1989,56.087
12/2/1989,226.014
12/3/1989,134.885
12/4/1989,150.827
12/5/1989,131.168
12/6/1989,215.129
12/7/1989,79.473
12/8/1989,119.264
12/9/1989,116.764
12/10/1989,187.135
12/11/1989,45.551
12/12/1989,109.021
12/13/1989,83.91
12/14/1989,144.366
12/15/1989,55.767
12/16/1989,247.269
12/17/1989,33.005
12/18/1989,137.571
12/19/1989,77.356
12/20/1989,140.67
12/21/1989,91.574
12/22/1989,168.652
12/23/1989,149.524
12/24/1989,106.865
12/25/1989,161.834
12/26/1989,132.657
12/27/1989,107.535
12/28/1989,141.567
12/29/1989,81.482
12/30/1989,161.655
12/31/1989,117.637
1/1/1990,135.597
1/2/1990,165.529
1/3/1990,109.458
1/4/1990,133.068
1/5/1990,125.188
1/6/1990,127.973
1/7/1990,157.226
1/8/1990,108.713
1/9/1990,142.771
1/10/1990,83.414
1/11/1990,100.419
1/12/1990,109.413
1/13/1990,208.964
1/14/1990,235.748
1/15/1990,83.668
1/16/1990,174.826
1/17/1990,319.521
1/18/1990,92.061
1/19/1990,132.65
1/20/1990,135.251
1/21/1990,172.656
1/22/1990,124.508
1/23/1990,81.713
1/24/1990,187.067
1/25/1990,190.548
1/26/1990,204.13
1/27/1990,8.977
1/28/1990,103.323
1/29/1990,76.746
1/30/1990,161.408
1/31/1990,133.801
2/1/1990,164.973
2/2/1990,86.544
2/3/1990,203.044
2/4/1990,204.318
2/5/1990,117.087
2/6/1990,159.805
2/7/1990,119.543
2/8/1990,50.697
2/9/1990,199.8
2/10/1990,157.977
2/11/1990,172.918
2/12/1990,159.06
2/13/1990,70.266
2/14/1990,85.26
2/15/1990,198.301
2/16/1990,178.256
2/17/1990,107.113
2/18/1990,99.365
2/19/1990,90.346
2/20/1990,181.541
2/21/1990,141.957
2/22/1990,116.844
2/23/1990,144.337
2/24/1990,152.127
2/25/1990,168.765
2/26/1990,112.003
2/27/1990,91.439
2/28/1990,141.721
3/1/1990,189.622
3/2/1990,157.508
3/3/1990,164.952
3/4/1990,138.733
3/5/1990,158.436
3/6/1990,65.686
3/7/1990,230.214
3/8/1990,235.278
3/9/1990,93.077
3/10/1990,177.13
3/11/1990,342.367
3/12/1990,37.01
3/13/1990,132.188
3/14/1990,141.727
3/15/1990,213.082
3/16/1990,278.992
3/17/1990,220.659
3/18/1990,186.331
3/19/1990,143.137
3/20/1990,238.212
3/21/1990,169.609
3/22/1990,69.434
3/23/1990,167.307
3/24/1990,202.382
3/25/1990,162.849
3/26/1990,157.876
3/27/1990,146.716
3/28/1990,159.142
3/29/1990,221.062
3/30/1990,179.661
3/31/1990,105.643
4/1/1990,144.539
4/2/1990,281.421
4/3/1990,177.737
4/4/1990,147.574
4/5/1990,84.165
4/6/1990,205.403
4/7/1990,273.301
4/8/1990,61.234
4/9/1990,156.37
4/10/1990,228.782
4/11/1990,184.147
4/12/1990,171.171
4/13/1990,269.227
4/14/1990,181.709
4/15/1990,172.676
4/16/1990,212.721
4/17/1990,47.207
4/18/1990,260.787
4/19/1990,173.757
4/20/1990,167.684
4/21/1990,214.6
4/22/1990,197.417
4/23/1990,340.437
4/24/1990,93.37
4/25/1990,184.128
4/26/1990,378.098
4/27/1990,205.514
4/28/1990,263.501
4/29/1990,179.56
4/30/1990,244.535
5/1/1990,259.282
5/2/1990,356.109
5/3/1990,290.521
5/4/1990,250.013
5/5/1990,283.157
5/6/1990,255.691
5/7/1990,269.95
5/8/1990,226.678
5/9/1990,197.921
5/10/1990,109.364
5/11/1990,196.399
5/12/1990,290.124
5/13/1990,285.765
5/14/1990,241.964
5/15/1990,185.376
5/16/1990,327.655
5/17/1990,214.235
5/18/1990,176.31
5/19/1990,206.253
5/20/1990,207.738
5/21/1990,285.112
5/22/1990,203.161
5/23/1990,200.482
5/24/1990,226.511
5/25/1990,231.601
5/26/1990,307.668
5/27/1990,358.204
5/28/1990,416.728
5/29/1990,345.501
5/30/1990,372.138
5/31/1990,374.973
6/1/1990,628.461
6/2/1990,356.429
6/3/1990,413.501
6/4/1990,452.265
6/5/1990,401.736
6/6/1990,398.234
6/7/1990,372.599
6/8/1990,663.431
6/9/1990,645.282
6/10/1990,565.911
6/11/1990,741.946
6/12/1990,616.643
6/13/1990,702.325
6/14/1990,581.275
6/15/1990,735.466
6/16/1990,811.844
6/17/1990,655.873
6/18/1990,548.206
6/19/1990,623.132
6/20/1990,511.938
6/21/1990,437.549
6/22/1990,367.008
6/23/1990,231.575
6/24/1990,438.785
6/25/1990,415.053
6/26/1990,344.388
6/27/1990,273.279
6/28/1990,307.349
6/29/1990,320.639
6/30/1990,299.164
7/1/1990,226.57
7/2/1990,374.05
7/3/1990,50.637
7/4/1990,223.608
7/5/1990,224.199
7/6/1990,70.666
7/7/1990,339.182
7/8/1990,454.343
7/9/1990,377.582
7/10/1990,147.89
7/11/1990,415.967
7/12/1990,243.473
7/13/1990,171.478
7/14/1990,282.962
7/15/1990,321.072
7/16/1990,139.161
7/17/1990,102.249
7/18/1990,293.343
7/19/1990,274.758
7/20/1990,67.5
7/21/1990,201.01
7/22/1990,30.048
7/23/1990,125.729
7/24/1990,106.971
7/25/1990,144.85
7/26/1990,126.588
7/27/1990,149.76
7/28/1990,168.481
7/29/1990,109.82
7/30/1990,109.935
7/31/1990,119.397
8/1/1990,7.215
8/2/1990,63.623
8/3/1990,102.736
8/4/1990,58.276
8/5/1990,135.303
8/6/1990,39.767
8/7/1990,51.659
8/8/1990,50.448
8/9/1990,83.967
8/10/1990,84.455
8/11/1990,135.456
8/12/1990,78.453
8/13/1990,138.243
8/14/1990,118.433
8/15/1990,22.023
8/16/1990,225.947
8/17/1990,163.563
8/18/1990,183.51
8/19/1990,108.326
8/20/1990,119.042
8/21/1990,120.461
8/22/1990,156.629
8/23/1990,101.371
8/24/1990,120.41
8/25/1990,129.211
8/26/1990,100.282
8/27/1990,113.982
8/28/1990,131.769
8/29/1990,45.978
8/30/1990,166.385
8/31/1990,77.817
9/1/1990,123.945
9/2/1990,74.708
9/3/1990,99.418
9/4/1990,235.846
9/5/1990,120.454
9/6/1990,196.022
9/7/1990,223.179
9/8/1990,163.974
9/9/1990,59.433
9/10/1990,136.289
9/11/1990,192.48
9/12/1990,117.526
9/13/1990,121.742
9/14/1990,128.629
9/15/1990,56.257
9/16/1990,55.86
9/17/1990,138.179
9/18/1990,237.33
9/19/1990,237.418
9/20/1990,216.926
9/21/1990,129.05
9/22/1990,147.8
9/23/1990,273.876
9/24/1990,220.26
9/25/1990,166.298
9/26/1990,148.029
9/27/1990,220.674
9/28/1990,154.883
9/29/1990,164.948
9/30/1990,218.367
10/1/1990,219.027
10/2/1990,365.113
10/3/1990,255.587
10/4/1990,167.163
10/5/1990,184.452
10/6/1990,221.569
10/7/1990,221.299
10/8/1990,203.868
10/9/1990,113.968
10/10/1990,131.581
10/11/1990,257.531
10/12/1990,126.727
10/13/1990,123.908
10/14/1990,206.502
10/15/1990,196.952
10/16/1990,136.988
10/17/1990,227.098
10/18/1990,191.735
10/19/1990,227.942
10/20/1990,316.061
10/21/1990,245.06
10/22/1990,317.765
10/23/1990,263.894
10/24/1990,228.503
10/25/1990,209.987
10/26/1990,263.822
10/27/1990,232.586
10/28/1990,214.448
10/29/1990,230.915
10/30/1990,221.011
10/31/1990,157.868
11/1/1990,178.329
11/2/1990,190.173
11/3/1990,226.98
11/4/1990,121.786
11/5/1990,173.486
11/6/1990,306.951
11/7/1990,40.949
11/8/1990,179.267
11/9/1990,198.612
11/10/1990,251.496
11/11/1990,197.343
11/12/1990,211.697
11/13/1990,184.473
11/14/1990,176.906
11/15/1990,187.839
11/16/1990,195.414
11/17/1990,210.076
11/18/1990,174.971
11/19/1990,154.411
11/20/1990,316.26
11/21/1990,39.083
11/22/1990,184.386
11/23/1990,203.344
11/24/1990,220.173
11/25/1990,147.571
11/26/1990,90.211
11/27/1990,260.137
11/28/1990,215.406
11/29/1990,198.993
11/30/1990,166.722
12/1/1990,136.508
12/2/1990,212.864
12/3/1990,142.267
12/4/1990,159.774
12/5/1990,145.684
12/6/1990,101.19
12/7/1990,144.181
12/8/1990,151.355
12/9/1990,105.09
12/10/1990,112.438
12/11/1990,112.209
12/12/1990,183.003
12/13/1990,133.061
12/14/1990,206.709
12/15/1990,138.053
12/16/1990,155.815
12/17/1990,132.764
12/18/1990,181.147
12/19/1990,125.605
12/20/1990,145.82
12/21/1990,143.518
12/22/1990,110.583
12/23/1990,58.054
12/24/1990,40.138
12/25/1990,40.802
12/26/1990,41.018
12/27/1990,93.737
12/28/1990,60.559
12/29/1990,101.677
12/30/1990,206.854
12/31/1990,53.827
1/1/1991,43.134
1/2/1991,93.444
1/3/1991,148.801
1/4/1991,166.991
1/5/1991,166.74
1/6/1991,167.337
1/7/1991,167.101
1/8/1991,182.366
1/9/1991,185.348
1/10/1991,202.551
1/11/1991,264.041
1/12/1991,125.796
1/13/1991,178.786
1/14/1991,249.416
1/15/1991,234.777
1/16/1991,45.968
1/17/1991,222.594
1/18/1991,137.349
1/19/1991,174.572
1/20/1991,335.351
1/21/1991,78.45
1/22/1991,202.514
1/23/1991,93.607
1/24/1991,93.105
1/25/1991,236.738
1/26/1991,141.819
1/27/1991,89.941
1/28/1991,84.296
1/29/1991,120.033
1/30/1991,189.137
1/31/1991,137.112
2/1/1991,103.819
2/2/1991,120.852
2/3/1991,190.233
2/4/1991,121.416
2/5/1991,207.619
2/6/1991,190.333
2/7/1991,138.477
2/8/1991,142.383
2/9/1991,212.459
2/10/1991,230.342
2/11/1991,155.776
2/12/1991,149.116
2/13/1991,206.893
2/14/1991,241.921
2/15/1991,261.355
2/16/1991,152.431
2/17/1991,377.36
2/18/1991,254.973
2/19/1991,220.226
2/20/1991,237.43
2/21/1991,281.852
2/22/1991,198.212
2/23/1991,307.876
2/24/1991,194.325
2/25/1991,264.964
2/26/1991,224.836
2/27/1991,100.918
2/28/1991,133.98
3/1/1991,251.099
3/2/1991,187.749
3/3/1991,247.852
3/4/1991,261.98
3/5/1991,178.582
3/6/1991,259.791
3/7/1991,248.708
3/8/1991,268.955
3/9/1991,235.542
3/10/1991,216.536
3/11/1991,231.517
3/12/1991,270.758
3/13/1991,251.136
3/14/1991,273.601
3/15/1991,330.792
3/16/1991,236.988
3/17/1991,210.503
3/18/1991,296.639
3/19/1991,282.464
3/20/1991,299.639
3/21/1991,350.78
3/22/1991,2.647
3/23/1991,8.778
3/24/1991,26.068
3/25/1991,82.99
3/26/1991,117.13
3/27/1991,154.573
3/28/1991,117.616
3/29/1991,295.613
3/30/1991,188.358
3/31/1991,155.701
4/1/1991,106.952
4/2/1991,307.923
4/3/1991,157.042
4/4/1991,287.768
4/5/1991,116.695
4/6/1991,405.502
4/7/1991,101.466
4/8/1991,175.564
4/9/1991,219.661
4/10/1991,140.203
4/11/1991,361.437
4/12/1991,276.802
4/13/1991,324.285
4/14/1991,270.102
4/15/1991,381.422
4/16/1991,228.632
4/17/1991,352.84
4/18/1991,250.941
4/19/1991,225.114
4/20/1991,124.114
4/21/1991,430.948
4/22/1991,366.788
4/23/1991,203.031
4/24/1991,313.959
4/25/1991,392.815
4/26/1991,197.961
4/27/1991,334.252
4/28/1991,338.792
4/29/1991,303.824
4/30/1991,389.844
5/1/1991,259.66
5/2/1991,343.489
5/3/1991,673.93
5/4/1991,25.584
5/5/1991,116.545
5/6/1991,328.963
5/7/1991,257.814
5/8/1991,224.218
5/9/1991,462.605
5/10/1991,377.351
5/11/1991,173.285
5/12/1991,428.491
5/13/1991,547.745
5/14/1991,581.474
5/15/1991,667.23
5/16/1991,718.206
5/17/1991,677.46
5/18/1991,826.174
5/19/1991,742.211
5/20/1991,697.66
5/21/1991,766.322
5/22/1991,870.039
5/23/1991,1146.785
5/24/1991,923.525
5/25/1991,924.296
5/26/1991,1028.702
5/27/1991,925.984
5/28/1991,944.148
5/29/1991,875.255
5/30/1991,910.763
5/31/1991,1102.201
6/1/1991,987.826
6/2/1991,887.286
6/3/1991,962.833
6/4/1991,854.385
6/5/1991,708.467
6/6/1991,835.446
6/7/1991,723.487
6/8/1991,825.177
6/9/1991,958.108
6/10/1991,868.155
6/11/1991,904.197
6/12/1991,1008.015
6/13/1991,898.865
6/14/1991,812.853
6/15/1991,976.555
6/16/1991,946.624
6/17/1991,974.844
6/18/1991,859.064
6/19/1991,913.261
6/20/1991,912.254
6/21/1991,824.184
6/22/1991,808.843
6/23/1991,717.603
6/24/1991,692.22
6/25/1991,626.661
6/26/1991,582.494
6/27/1991,549.188
6/28/1991,438.921
6/29/1991,511.62
6/30/1991,566.095
7/1/1991,411.312
7/2/1991,400.578
7/3/1991,440.11
7/4/1991,331.077
7/5/1991,277.376
7/6/1991,349.405
7/7/1991,277.68
7/8/1991,187.627
7/9/1991,295.684
7/10/1991,242.241
7/11/1991,260.48
7/12/1991,322.849
7/13/1991,279.845
7/14/1991,315.924
7/15/1991,197.684
7/16/1991,241.796
7/17/1991,259.515
7/18/1991,170.297
7/19/1991,152.666
7/20/1991,296.389
7/21/1991,242.333
7/22/1991,153.437
7/23/1991,335.011
7/24/1991,171.805
7/25/1991,207.836
7/26/1991,213.386
7/27/1991,170.628
7/28/1991,224.198
7/29/1991,276.7
7/30/1991,82.5
7/31/1991,236.785
8/1/1991,95.382
8/2/1991,399.201
8/3/1991,37.544
8/4/1991,529.601
8/5/1991,138.384
8/6/1991,206.329
8/7/1991,280.685
8/8/1991,321.412
8/9/1991,209.906
8/10/1991,210.316
8/11/1991,210.416
8/12/1991,174.908
8/13/1991,309.69
8/14/1991,133.53
8/15/1991,169.085
8/16/1991,168.868
8/17/1991,211.019
8/18/1991,133.641
8/19/1991,240.211
8/20/1991,187.59
8/21/1991,105.205
8/22/1991,155.75
8/23/1991,135.63
8/24/1991,164.828
8/25/1991,171.859
8/26/1991,115.953
8/27/1991,104.032
8/28/1991,209.483
8/29/1991,157.335
8/30/1991,119.466
8/31/1991,94.296
9/1/1991,218.664
9/2/1991,185.001
9/3/1991,148.409
9/4/1991,143.037
9/5/1991,108.572
9/6/1991,353.912
9/7/1991,331.607
9/8/1991,254.145
9/9/1991,354.281
9/10/1991,449.414
9/11/1991,302.309
9/12/1991,308.438
9/13/1991,345.489
9/14/1991,334.496
9/15/1991,306.06
9/16/1991,308.086
9/17/1991,282.444
9/18/1991,270.761
9/19/1991,236.682
9/20/1991,279.374
9/21/1991,190.608
9/22/1991,290.371
9/23/1991,239.806
9/24/1991,190.371
9/25/1991,211.032
9/26/1991,168.294
9/27/1991,159.381
9/28/1991,234.576
9/29/1991,120.6
9/30/1991,281.092
10/1/1991,216.422
10/2/1991,228.513
10/3/1991,171.39
10/4/1991,230.216
10/5/1991,157.014
10/6/1991,180.385
10/7/1991,144.712
10/8/1991,243.124
10/9/1991,110.963
10/10/1991,144.841
10/11/1991,192.946
10/12/1991,130.847
10/13/1991,166.754
10/14/1991,169.108
10/15/1991,174.377
10/16/1991,153.218
10/17/1991,146.018
10/18/1991,257.675
10/19/1991,194.384
10/20/1991,135.407
10/21/1991,164.18
10/22/1991,143.986
10/23/1991,117.237
10/24/1991,219.907
10/25/1991,177.078
10/26/1991,126.018
10/27/1991,323.57
10/28/1991,208.88
10/29/1991,194.149
10/30/1991,362.629
10/31/1991,317.229
11/1/1991,207.325
11/2/1991,338.438
11/3/1991,206.539
11/4/1991,164.656
11/5/1991,235.705
11/6/1991,232.9
11/7/1991,231.479
11/8/1991,252.745
11/9/1991,260.705
11/10/1991,202.068
11/11/1991,274.844
11/12/1991,236.19
11/13/1991,204.631
11/14/1991,405.67
11/15/1991,292.409
11/16/1991,236.62
11/17/1991,372.71
11/18/1991,337.742
11/19/1991,326.4
11/20/1991,252.753
11/21/1991,269.757
11/22/1991,270.171
11/23/1991,165
11/24/1991,278.514
11/25/1991,215.983
11/26/1991,167.908
11/27/1991,269.761
11/28/1991,214.136
11/29/1991,282.783
11/30/1991,250.513
12/1/1991,93.612
12/2/1991,231.973
12/3/1991,204.202
12/4/1991,220.77
12/5/1991,170.018
12/6/1991,170.518
12/7/1991,167.278
12/8/1991,187.762
12/9/1991,179.131
12/10/1991,204.162
12/11/1991,254.854
12/12/1991,154.053
12/13/1991,325.238
12/14/1991,268.831
12/15/1991,284.903
12/16/1991,232.411
12/17/1991,167.854
12/18/1991,190.855
12/19/1991,257.859
12/20/1991,210.219
12/21/1991,160.024
12/22/1991,293.92
12/23/1991,249.466
12/24/1991,224.343
12/25/1991,237.809
12/26/1991,235.94
12/27/1991,241.243
12/28/1991,227.094
12/29/1991,240.399
12/30/1991,185.699
12/31/1991,227.399
1/1/1992,184.537
1/2/1992,241.109
1/3/1992,183.038
1/4/1992,226.837
1/5/1992,236.362
1/6/1992,138.508
1/7/1992,249.898
1/8/1992,230.427
1/9/1992,236.565
1/10/1992,219.54
1/11/1992,216.892
1/12/1992,170.951
1/13/1992,177.948
1/14/1992,300.775
1/15/1992,203.275
1/16/1992,134.401
1/17/1992,120.421
1/18/1992,184.287
1/19/1992,143.948
1/20/1992,91.016
1/21/1992,86.085
1/22/1992,88.818
1/23/1992,180.754
1/24/1992,210.268
1/25/1992,157.924
1/26/1992,243.952
1/27/1992,190.73
1/28/1992,141.772
1/29/1992,248.404
1/30/1992,207.404
1/31/1992,223.022
2/1/1992,261.256
2/2/1992,193.565
2/3/1992,218.5
2/4/1992,190.933
2/5/1992,237.469
2/6/1992,306.091
2/7/1992,223.923
2/8/1992,231.724
2/9/1992,247.498
2/10/1992,278.353
2/11/1992,204.772
2/12/1992,259.726
2/13/1992,279.378
2/14/1992,325.377
2/15/1992,299.891
2/16/1992,262.778
2/17/1992,300.475
2/18/1992,158.564
2/19/1992,254.162
2/20/1992,221.827
2/21/1992,237.829
2/22/1992,201.676
2/23/1992,260.498
2/24/1992,128.803
2/25/1992,270.677
2/26/1992,188.94
2/27/1992,199.033
2/28/1992,259.16
2/29/1992,217.227
3/1/1992,241.049
3/2/1992,190.24
3/3/1992,345.453
3/4/1992,223.477
3/5/1992,266.813
3/6/1992,264.831
3/7/1992,258.317
3/8/1992,342.414
3/9/1992,231.137
3/10/1992,282.953
3/11/1992,251.914
3/12/1992,329.09
3/13/1992,274.473
3/14/1992,259.166
3/15/1992,222.449
3/16/1992,231.163
3/17/1992,223.76
3/18/1992,234.006
3/19/1992,312.754
3/20/1992,133.355
3/21/1992,161.649
3/22/1992,286.553
3/23/1992,342.511
3/24/1992,174.241
3/25/1992,261.004
3/26/1992,170.2
3/27/1992,328.598
3/28/1992,265.563
3/29/1992,242.06
3/30/1992,312.742
3/31/1992,325.132
4/1/1992,304.842
4/2/1992,265.859
4/3/1992,327.935
4/4/1992,258.214
4/5/1992,280.08
4/6/1992,277.627
4/7/1992,282.156
4/8/1992,298.454
4/9/1992,255.624
4/10/1992,374.57
4/11/1992,347.365
4/12/1992,358.222
4/13/1992,393.199
4/14/1992,350.256
4/15/1992,379.653
4/16/1992,474.634
4/17/1992,409.121
4/18/1992,564.775
4/19/1992,381.686
4/20/1992,537.627
4/21/1992,470.776
4/22/1992,647.991
4/23/1992,536.353
4/24/1992,465.572
4/25/1992,464.747
4/26/1992,421.989
4/27/1992,549.908
4/28/1992,321.108
4/29/1992,418.25
4/30/1992,410.796
5/1/1992,468.157
5/2/1992,477.638
5/3/1992,582.019
5/4/1992,506.911
5/5/1992,609.166
5/6/1992,609.91
5/7/1992,656.734
5/8/1992,593.593
5/9/1992,781.678
5/10/1992,527.344
5/11/1992,829.937
5/12/1992,859.552
5/13/1992,732.397
5/14/1992,710.586
5/15/1992,758.666
5/16/1992,822.858
5/17/1992,793.416
5/18/1992,805.976
5/19/1992,809.689
5/20/1992,922.943
5/21/1992,904.604
5/22/1992,651.904
5/23/1992,969.161
5/24/1992,1015.939
5/25/1992,1131.821
5/26/1992,847.938
5/27/1992,953.857
5/28/1992,1032.495
5/29/1992,1007.465
5/30/1992,1051.286
5/31/1992,1129.01
6/1/1992,853.294
6/2/1992,642.768
6/3/1992,1086.83
6/4/1992,824.058
6/5/1992,699.979
6/6/1992,624.809
6/7/1992,642.231
6/8/1992,756.729
6/9/1992,681.408
6/10/1992,701.634
6/11/1992,511.796
6/12/1992,438.665
6/13/1992,542.276
6/14/1992,457.23
6/15/1992,430.374
6/16/1992,591.439
6/17/1992,498.214
6/18/1992,451.017
6/19/1992,435.818
6/20/1992,340.165
6/21/1992,391.183
6/22/1992,333.199
6/23/1992,438.482
6/24/1992,273.892
6/25/1992,312.042
6/26/1992,356.51
6/27/1992,391.156
6/28/1992,242.762
6/29/1992,297.018
6/30/1992,228.228
7/1/1992,283.889
7/2/1992,254.808
7/3/1992,468.973
7/4/1992,15.045
7/5/1992,247.325
7/6/1992,228.525
7/7/1992,146.84
7/8/1992,228.218
7/9/1992,240.664
7/10/1992,260.727
7/11/1992,165.102
7/12/1992,303.759
7/13/1992,372.268
7/14/1992,395.968
7/15/1992,282.315
7/16/1992,314.115
7/17/1992,235.195
7/18/1992,268.333
7/19/1992,273.71
7/20/1992,154.229
7/21/1992,143.068
7/22/1992,250.755
7/23/1992,253.242
7/24/1992,68.308
7/25/1992,190.817
7/26/1992,279.86
7/27/1992,260.501
7/28/1992,288.834
7/29/1992,334.949
7/30/1992,77.845
7/31/1992,133.391
8/1/1992,268.574
8/2/1992,184.129
8/3/1992,64.335
8/4/1992,176.504
8/5/1992,252.162
8/6/1992,133.847
8/7/1992,79.985
8/8/1992,149.462
8/9/1992,104.392
8/10/1992,267.186
8/11/1992,101.079
8/12/1992,106.658
8/13/1992,290.378
8/14/1992,78.972
8/15/1992,99.02
8/16/1992,168.6
8/17/1992,51.565
8/18/1992,176.691
8/19/1992,154.605
8/20/1992,146.354
8/21/1992,180.417
8/22/1992,155.119
8/23/1992,169.248
8/24/1992,87.671
8/25/1992,234.56
8/26/1992,220.904
8/27/1992,220.561
8/28/1992,164.562
8/29/1992,249.006
8/30/1992,392.746
8/31/1992,215.119
9/1/1992,160.774
9/2/1992,199.968
9/3/1992,206.031
9/4/1992,219.757
9/5/1992,151.962
9/6/1992,162.553
9/7/1992,203.974
9/8/1992,138.937
9/9/1992,166.846
9/10/1992,175.888
9/11/1992,125.162
9/12/1992,142.027
9/13/1992,139.987
9/14/1992,150.912
9/15/1992,111.439
9/16/1992,129.034
9/17/1992,170.519
9/18/1992,232.313
9/19/1992,317.911
9/20/1992,260.968
9/21/1992,234.526
9/22/1992,204.234
9/23/1992,168.478
9/24/1992,134.793
9/25/1992,296.521
9/26/1992,17.344
9/27/1992,156.005
9/28/1992,162.591
9/29/1992,157.432
9/30/1992,157.119
10/1/1992,193.842
10/2/1992,150.443
10/3/1992,115.004
10/4/1992,197.888
10/5/1992,138.454
10/6/1992,115.052
10/7/1992,60.625
10/8/1992,171.349
10/9/1992,174.772
10/10/1992,110.691
10/11/1992,125.872
10/12/1992,147.85
10/13/1992,133.469
10/14/1992,105.454
10/15/1992,186.468
10/16/1992,144.802
10/17/1992,221.543
10/18/1992,149.522
10/19/1992,171.543
10/20/1992,178.095
10/21/1992,184.183
10/22/1992,150.539
10/23/1992,172.738
10/24/1992,146.052
10/25/1992,250.223
10/26/1992,181.4
10/27/1992,219.77
10/28/1992,105.937
10/29/1992,210.398
10/30/1992,179.843
10/31/1992,411.76
11/1/1992,204.116
11/2/1992,286.603
11/3/1992,286.586
11/4/1992,225.169
11/5/1992,247.744
11/6/1992,216.266
11/7/1992,191.626
11/8/1992,174.972
11/9/1992,200.571
11/10/1992,237.3
11/11/1992,218.057
11/12/1992,174.495
11/13/1992,183.428
11/14/1992,179.097
11/15/1992,217.531
11/16/1992,188.208
11/17/1992,188.246
11/18/1992,202.244
11/19/1992,144.859
11/20/1992,213.228
11/21/1992,201.476
11/22/1992,275.112
11/23/1992,60.464
11/24/1992,142.712
11/25/1992,202.723
11/26/1992,158.273
11/27/1992,191.458
11/28/1992,169.89
11/29/1992,189.601
11/30/1992,178.063
12/1/1992,135.024
12/2/1992,140.4
12/3/1992,167.801
12/4/1992,168.08
12/5/1992,151.174
12/6/1992,134.268
12/7/1992,222.094
12/8/1992,73.576
12/9/1992,146.757
12/10/1992,163.462
12/11/1992,111.727
12/12/1992,211.459
12/13/1992,156.065
12/14/1992,93.421
12/15/1992,139.701
12/16/1992,172.117
12/17/1992,212.57
12/18/1992,149.634
12/19/1992,168.217
12/20/1992,134.484
12/21/1992,136.59
12/22/1992,134.258
12/23/1992,122.659
12/24/1992,120.311
12/25/1992,89.799
12/26/1992,123.37
12/27/1992,103.261
12/28/1992,113.209
12/29/1992,128.972
12/30/1992,137.967
12/31/1992,129.184
1/1/1993,224.488
1/2/1993,183.737
1/3/1993,230.809
1/4/1993,209.742
1/5/1993,177.452
1/6/1993,163.016
1/7/1993,183.37
1/8/1993,247.293
1/9/1993,340.963
1/10/1993,377.496
1/11/1993,332.747
1/12/1993,405.06
1/13/1993,202.71
1/14/1993,98.708
1/15/1993,253.178
1/16/1993,269.826
1/17/1993,318.298
1/18/1993,324.348
1/19/1993,386.258
1/20/1993,384.489
1/21/1993,296.433
1/22/1993,280.935
1/23/1993,238.119
1/24/1993,234.223
1/25/1993,166.99
1/26/1993,169.602
1/27/1993,155.979
1/28/1993,145.958
1/29/1993,177.408
1/30/1993,228.402
1/31/1993,358.434
2/1/1993,355.874
2/2/1993,249.937
2/3/1993,223.589
2/4/1993,164.878
2/5/1993,169.354
2/6/1993,145.249
2/7/1993,253.771
2/8/1993,340.498
2/9/1993,238.455
2/10/1993,304.826
2/11/1993,283.019
2/12/1993,290.296
2/13/1993,224.354
2/14/1993,180.293
2/15/1993,267.27
2/16/1993,120.137
2/17/1993,247.136
2/18/1993,137.321
2/19/1993,165.708
2/20/1993,599.171
2/21/1993,482.508
2/22/1993,338.853
2/23/1993,278.653
2/24/1993,388.958
2/25/1993,265.726
2/26/1993,292.825
2/27/1993,253.195
2/28/1993,283.48
3/1/1993,303.631
3/2/1993,409.81
3/3/1993,287.311
3/4/1993,289.859
3/5/1993,359.589
3/6/1993,359.875
3/7/1993,362.855
3/8/1993,313.369
3/9/1993,429
3/10/1993,351.851
3/11/1993,431.946
3/12/1993,422.052
3/13/1993,430.93
3/14/1993,329.872
3/15/1993,450.995
3/16/1993,413.683
3/17/1993,395.05
3/18/1993,592
3/19/1993,454.54
3/20/1993,523.044
3/21/1993,665.277
3/22/1993,697.277
3/23/1993,683.334
3/24/1993,673.944
3/25/1993,554.175
3/26/1993,599.592
3/27/1993,667.595
3/28/1993,720.319
3/29/1993,678.823
3/30/1993,738.603
3/31/1993,623.34
4/1/1993,613.44
4/2/1993,697.626
4/3/1993,670.122
4/4/1993,681.335
4/5/1993,585.308
4/6/1993,627.208
4/7/1993,562.725
4/8/1993,606.324
4/9/1993,660.984
4/10/1993,633.118
4/11/1993,620.953
4/12/1993,545.07
4/13/1993,686.995
4/14/1993,663.282
4/15/1993,584.565
4/16/1993,623.408
4/17/1993,538.441
4/18/1993,867.447
4/19/1993,433.172
4/20/1993,635.47
4/21/1993,685.138
4/22/1993,671.464
4/23/1993,592.763
4/24/1993,795.011
4/25/1993,733.607
4/26/1993,811.343
4/27/1993,831.705
4/28/1993,806.324
4/29/1993,872.616
4/30/1993,1012.231
5/1/1993,1067.545
5/2/1993,1030.113
5/3/1993,955.764
5/4/1993,1125.573
5/5/1993,1029.172
5/6/1993,1078.859
5/7/1993,1132.196
5/8/1993,1036.391
5/9/1993,1003.508
5/10/1993,1041.165
5/11/1993,994.546
5/12/1993,886.818
5/13/1993,913.991
5/14/1993,1116.066
5/15/1993,1152.805
5/16/1993,1395.568
5/17/1993,1449.105
5/18/1993,1743.714
5/19/1993,2146.3
5/20/1993,2239.591
5/21/1993,2189.657
5/22/1993,2147.25
5/23/1993,2277.752
5/24/1993,2358.327
5/25/1993,2304.005
5/26/1993,2290.098
5/27/1993,2160.336
5/28/1993,2269.681
5/29/1993,2308.132
5/30/1993,2506.502
5/31/1993,2389.812
6/1/1993,2327.567
6/2/1993,2387.468
6/3/1993,2421.537
6/4/1993,2080.763
6/5/1993,2259.114
6/6/1993,1884.685
6/7/1993,1897.586
6/8/1993,1780.848
6/9/1993,1700.886
6/10/1993,1532.006
6/11/1993,1383.32
6/12/1993,1366.991
6/13/1993,1315.787
6/14/1993,1264.627
6/15/1993,1451.892
6/16/1993,1509.421
6/17/1993,1422.968
6/18/1993,1810.293
6/19/1993,1743.814
6/20/1993,1621.629
6/21/1993,1512.788
6/22/1993,1542.382
6/23/1993,1698.732
6/24/1993,1392.008
6/25/1993,1454.341
6/26/1993,1351.146
6/27/1993,1292.553
6/28/1993,1188.796
6/29/1993,1059.124
6/30/1993,1042.349
7/1/1993,1032.548
7/2/1993,999.523
7/3/1993,976.576
7/4/1993,1099.013
7/5/1993,708.349
7/6/1993,871.123
7/7/1993,790.502
7/8/1993,832.576
7/9/1993,630.458
7/10/1993,618.704
7/11/1993,626.192
7/12/1993,585.579
7/13/1993,594.135
7/14/1993,569.637
7/15/1993,458.573
7/16/1993,458.573
7/17/1993,465.602
7/18/1993,451.361
7/19/1993,419.039
7/20/1993,390.803
7/21/1993,348.973
7/22/1993,345.634
7/23/1993,282.18
7/24/1993,423.187
7/25/1993,196.487
7/26/1993,303.473
7/27/1993,341.647
7/28/1993,260.545
7/29/1993,302.353
7/30/1993,197.443
7/31/1993,264.46
8/1/1993,230.439
8/2/1993,215.994
8/3/1993,95.581
8/4/1993,476.703
8/5/1993,116.983
8/6/1993,176.946
8/7/1993,190.157
8/8/1993,221.597
8/9/1993,246.569
8/10/1993,327.148
8/11/1993,222.518
8/12/1993,244.106
8/13/1993,218.924
8/14/1993,276.604
8/15/1993,131.667
8/16/1993,191.933
8/17/1993,257.248
8/18/1993,177.378
8/19/1993,265.135
8/20/1993,253.371
8/21/1993,117.89
8/22/1993,234.688
8/23/1993,227.199
8/24/1993,191.944
8/25/1993,585.318
8/26/1993,67.537
8/27/1993,227.999
8/28/1993,278.407
8/29/1993,127.654
8/30/1993,411.224
8/31/1993,376.369
9/1/1993,189.781
9/2/1993,423.464
9/3/1993,249.422
9/4/1993,265.342
9/5/1993,371.067
9/6/1993,27.648
9/7/1993,267.36
9/8/1993,246.717
9/9/1993,205.454
9/10/1993,223.823
9/11/1993,153.763
9/12/1993,257.682
9/13/1993,191.471
9/14/1993,138.683
9/15/1993,158.874
9/16/1993,156.652
9/17/1993,238.557
9/18/1993,286.892
9/19/1993,196.475
9/20/1993,230.097
9/21/1993,236.302
9/22/1993,185.502
9/23/1993,220.991
9/24/1993,282.64
9/25/1993,237.833
9/26/1993,169.234
9/27/1993,204.125
9/28/1993,212.635
9/29/1993,207.526
9/30/1993,163.245
10/1/1993,177.888
10/2/1993,210.831
10/3/1993,177.042
10/4/1993,191.347
10/5/1993,91.921
10/6/1993,338.66
10/7/1993,356.593
10/8/1993,349.593
10/9/1993,120.599
10/10/1993,268.292
10/11/1993,269.904
10/12/1993,300.843
10/13/1993,257.089
10/14/1993,200.202
10/15/1993,255.099
10/16/1993,290.164
10/17/1993,179.332
10/18/1993,378.449
10/19/1993,256.236
10/20/1993,271.317
10/21/1993,315.937
10/22/1993,288.026
10/23/1993,254.329
10/24/1993,283.659
10/25/1993,282.083
10/26/1993,307.359
10/27/1993,84.856
10/28/1993,346.944
10/29/1993,285.266
10/30/1993,149.947
10/31/1993,228.551
11/1/1993,239.188
11/2/1993,165.971
11/3/1993,137.037
11/4/1993,405.663
11/5/1993,239.386
11/6/1993,200.09
11/7/1993,322.142
11/8/1993,239.42
11/9/1993,274.525
11/10/1993,330.202
11/11/1993,266.153
11/12/1993,339.283
11/13/1993,378.156
11/14/1993,315.558
11/15/1993,176.592
11/16/1993,348.37
11/17/1993,263.909
11/18/1993,313.793
11/19/1993,243.504
11/20/1993,320.325
11/21/1993,230.81
11/22/1993,226.54
11/23/1993,334.168
11/24/1993,270.168
11/25/1993,202.759
11/26/1993,203.267
11/27/1993,329.707
11/28/1993,221.734
11/29/1993,214.04
11/30/1993,185.812
12/1/1993,220.52
12/2/1993,291.898
12/3/1993,213.804
12/4/1993,243.289
12/5/1993,325.213
12/6/1993,221.957
12/7/1993,269.357
12/8/1993,265.571
12/9/1993,274.605
12/10/1993,222.688
12/11/1993,203.897
12/12/1993,305.403
12/13/1993,211.027
12/14/1993,312.052
12/15/1993,170.666
12/16/1993,271.164
12/17/1993,320.657
12/18/1993,214.708
12/19/1993,356.363
12/20/1993,158.876
12/21/1993,263.36
12/22/1993,165.68
12/23/1993,211.391
12/24/1993,189.691
12/25/1993,192.79
12/26/1993,181.172
12/27/1993,154.878
12/28/1993,310.056
12/29/1993,169.675
12/30/1993,270.624
12/31/1993,213.207
1/1/1994,270.358
1/2/1994,204.944
1/3/1994,275.465
1/4/1994,232.928
1/5/1994,304.139
1/6/1994,289.725
1/7/1994,226.859
1/8/1994,304.777
1/9/1994,213.625
1/10/1994,215.234
1/11/1994,281.659
1/12/1994,175.278
1/13/1994,327.065
1/14/1994,178.782
1/15/1994,219.118
1/16/1994,277.024
1/17/1994,167.409
1/18/1994,276.554
1/19/1994,267.418
1/20/1994,224.634
1/21/1994,222.707
1/22/1994,208.436
1/23/1994,237.533
1/24/1994,188.175
1/25/1994,131.512
1/26/1994,222.318
1/27/1994,290.697
1/28/1994,205.795
1/29/1994,205.704
1/30/1994,268.474
1/31/1994,159.746
2/1/1994,232.805
2/2/1994,147.084
2/3/1994,201.157
2/4/1994,258.532
2/5/1994,221.286
2/6/1994,119.199
2/7/1994,182.025
2/8/1994,201.457
2/9/1994,119.847
2/10/1994,190.352
2/11/1994,309.396
2/12/1994,159.821
2/13/1994,245.409
2/14/1994,210.393
2/15/1994,207.643
2/16/1994,273.22
2/17/1994,154.053
2/18/1994,202.185
2/19/1994,228.072
2/20/1994,223.463
2/21/1994,264.394
2/22/1994,244.71
2/23/1994,138.056
2/24/1994,219.442
2/25/1994,253.309
2/26/1994,250.288
2/27/1994,260.759
2/28/1994,189.034
3/1/1994,245.129
3/2/1994,276.058
3/3/1994,281.721
3/4/1994,312.636
3/5/1994,347.249
3/6/1994,394.688
3/7/1994,208.123
3/8/1994,391.226
3/9/1994,292.372
3/10/1994,292.938
3/11/1994,163.433
3/12/1994,368.106
3/13/1994,281.61
3/14/1994,262.005
3/15/1994,262.004
3/16/1994,205.718
3/17/1994,264.847
3/18/1994,186.054
3/19/1994,318.279
3/20/1994,252.282
3/21/1994,209.081
3/22/1994,222.789
3/23/1994,239.644
3/24/1994,259.363
3/25/1994,228.344
3/26/1994,263.327
3/27/1994,216.468
3/28/1994,183.851
3/29/1994,357.101
3/30/1994,162.076
3/31/1994,171.804
4/1/1994,131.329
4/2/1994,396.42
4/3/1994,125.623
4/4/1994,164.426
4/5/1994,290.721
4/6/1994,232.266
4/7/1994,237.462
4/8/1994,161.775
4/9/1994,242.967
4/10/1994,197.582
4/11/1994,282.425
4/12/1994,229.709
4/13/1994,187.199
4/14/1994,324.485
4/15/1994,190.293
4/16/1994,234.758
4/17/1994,209.181
4/18/1994,254.827
4/19/1994,210.263
4/20/1994,246.635
4/21/1994,227.316
4/22/1994,274.237
4/23/1994,230.343
4/24/1994,340.125
4/25/1994,249.005
4/26/1994,492.301
4/27/1994,491.908
4/28/1994,531.605
4/29/1994,483.57
4/30/1994,541.079
5/1/1994,453.386
5/2/1994,551.216
5/3/1994,461.287
5/4/1994,416.106
5/5/1994,399.793
5/6/1994,416.641
5/7/1994,403.045
5/8/1994,449.293
5/9/1994,572.975
5/10/1994,497.986
5/11/1994,675.952
5/12/1994,543.371
5/13/1994,707.574
5/14/1994,769.538
5/15/1994,744.666
5/16/1994,897.971
5/17/1994,785.433
5/18/1994,933.547
5/19/1994,993.687
5/20/1994,941.266
5/21/1994,1031.269
5/22/1994,1017.179
5/23/1994,984.815
5/24/1994,968.211
5/25/1994,1087.855
5/26/1994,980.806
5/27/1994,977.116
5/28/1994,963.118
5/29/1994,815.198
5/30/1994,857.162
5/31/1994,1000.393
6/1/1994,867.544
6/2/1994,958.47
6/3/1994,988.657
6/4/1994,996.922
6/5/1994,1027.078
6/6/1994,978.109
6/7/1994,969.587
6/8/1994,1001.128
6/9/1994,884.657
6/10/1994,800.017
6/11/1994,785.36
6/12/1994,726.932
6/13/1994,687.792
6/14/1994,625.837
6/15/1994,602.956
6/16/1994,537.945
6/17/1994,576.319
6/18/1994,573.853
6/19/1994,467.053
6/20/1994,445.645
6/21/1994,418.177
6/22/1994,460.857
6/23/1994,309.377
6/24/1994,526.224
6/25/1994,423.622
6/26/1994,433.41
6/27/1994,399.494
6/28/1994,377.596
6/29/1994,340.524
6/30/1994,284.403
7/1/1994,339.973
7/2/1994,293.15
7/3/1994,183.556
7/4/1994,211.105
7/5/1994,200.039
7/6/1994,368.872
7/7/1994,137.857
7/8/1994,212.148
7/9/1994,155.202
7/10/1994,184.024
7/11/1994,182.32
7/12/1994,179.263
7/13/1994,182.656
7/14/1994,168.288
7/15/1994,117.807
7/16/1994,146.386
7/17/1994,244.925
7/18/1994,119.238
7/19/1994,166.358
7/20/1994,90.115
7/21/1994,131.299
7/22/1994,189.099
7/23/1994,143.932
7/24/1994,90.285
7/25/1994,183.885
7/26/1994,94.171
7/27/1994,117.299
7/28/1994,135.096
7/29/1994,62.725
7/30/1994,172.192
7/31/1994,66.285
8/1/1994,214.833
8/2/1994,37.783
8/3/1994,116.767
8/4/1994,79.25
8/5/1994,99.42
8/6/1994,72.442
8/7/1994,81.87
8/8/1994,109.593
8/9/1994,71.897
8/10/1994,109.882
8/11/1994,52.931
8/12/1994,144.786
8/13/1994,163.843
8/14/1994,132.632
8/15/1994,226.355
8/16/1994,94.132
8/17/1994,22.334
8/18/1994,281.205
8/19/1994,92.39
8/20/1994,155.873
8/21/1994,122.275
8/22/1994,107.155
8/23/1994,122.198
8/24/1994,136.063
8/25/1994,136.757
8/26/1994,79.866
8/27/1994,265.301
8/28/1994,40.969
8/29/1994,176.814
8/30/1994,103.299
8/31/1994,103.341
9/1/1994,130.965
9/2/1994,190.216
9/3/1994,117.106
9/4/1994,122.671
9/5/1994,163.004
9/6/1994,83.273
9/7/1994,298.221
9/8/1994,122.622
9/9/1994,168.508
9/10/1994,216.145
9/11/1994,164.95
9/12/1994,160.15
9/13/1994,9.986
9/14/1994,230.962
9/15/1994,47.001
9/16/1994,207.982
9/17/1994,182.655
9/18/1994,258.514
9/19/1994,165.909
9/20/1994,174.479
9/21/1994,174.539
9/22/1994,241.929
9/23/1994,146.279
9/24/1994,160.88
9/25/1994,193.457
9/26/1994,205.481
9/27/1994,146.979
9/28/1994,149.406
9/29/1994,360.066
9/30/1994,121.325
10/1/1994,134.702
10/2/1994,173.819
10/3/1994,260.872
10/4/1994,168.627
10/5/1994,217.91
10/6/1994,114.665
10/7/1994,166.986
10/8/1994,246.122
10/9/1994,209.339
10/10/1994,230.021
10/11/1994,172.608
10/12/1994,268.478
10/13/1994,273.575
10/14/1994,101.421
10/15/1994,149.298
10/16/1994,264.9
10/17/1994,185.258
10/18/1994,277.237
10/19/1994,237.103
10/20/1994,222.763
10/21/1994,221.672
10/22/1994,259.168
10/23/1994,217.424
10/24/1994,260.241
10/25/1994,190.194
10/26/1994,195.333
10/27/1994,213.753
10/28/1994,239.564
10/29/1994,231.069
10/30/1994,171.695
10/31/1994,204.641
11/1/1994,135.231
11/2/1994,225.744
11/3/1994,115.598
11/4/1994,132.713
11/5/1994,162.256
11/6/1994,179.269
11/7/1994,114.862
11/8/1994,167.114
11/9/1994,217.521
11/10/1994,163.738
11/11/1994,238.198
11/12/1994,174.217
11/13/1994,126.959
11/14/1994,214.642
11/15/1994,195.206
11/16/1994,121.142
11/17/1994,92.392
11/18/1994,266.749
11/19/1994,193.151
11/20/1994,167.814
11/21/1994,246.117
11/22/1994,191.043
11/23/1994,135.713
11/24/1994,201.44
11/25/1994,225.492
11/26/1994,180.042
11/27/1994,147.592
11/28/1994,179.162
11/29/1994,155.892
11/30/1994,146.933
12/1/1994,133.324
12/2/1994,125.206
12/3/1994,180.348
12/4/1994,106.911
12/5/1994,239.481
12/6/1994,248.016
12/7/1994,187.51
12/8/1994,156.816
12/9/1994,284.077
12/10/1994,255.316
12/11/1994,160.187
12/12/1994,142.91
12/13/1994,187.388
12/14/1994,193.583
12/15/1994,102.219
12/16/1994,207.433
12/17/1994,167.365
12/18/1994,203.579
12/19/1994,107.724
12/20/1994,99.426
12/21/1994,241.901
12/22/1994,170.958
12/23/1994,129.184
12/24/1994,239.125
12/25/1994,206.575
12/26/1994,153.269
12/27/1994,184.275
12/28/1994,269.752
12/29/1994,156.604
12/30/1994,62.262
12/31/1994,354.539
1/1/1995,28.317
1/2/1995,162.156
1/3/1995,213.362
1/4/1995,181.348
1/5/1995,117.22
1/6/1995,160.932
1/7/1995,182.183
1/8/1995,191.777
1/9/1995,98.061
1/10/1995,193.36
1/11/1995,288.968
1/12/1995,76.578
1/13/1995,138.506
1/14/1995,238.619
1/15/1995,166.059
1/16/1995,245.405
1/17/1995,69.587
1/18/1995,245.551
1/19/1995,206.747
1/20/1995,100.854
1/21/1995,217.426
1/22/1995,162.95
1/23/1995,169.051
1/24/1995,221.259
1/25/1995,110.791
1/26/1995,78.288
1/27/1995,197.404
1/28/1995,181.985
1/29/1995,106.373
1/30/1995,180.297
1/31/1995,196.321
2/1/1995,142.595
2/2/1995,235.796
2/3/1995,152.188
2/4/1995,190.504
2/5/1995,150.407
2/6/1995,215.078
2/7/1995,236.333
2/8/1995,276.939
2/9/1995,72.279
2/10/1995,216.156
2/11/1995,175.206
2/12/1995,141.3
2/13/1995,261.13
2/14/1995,117.73
2/15/1995,272.571
2/16/1995,268.425
2/17/1995,157.053
2/18/1995,244.398
2/19/1995,169.46
2/20/1995,204.093
2/21/1995,167.71
2/22/1995,208.591
2/23/1995,178.156
2/24/1995,161.254
2/25/1995,147.647
2/26/1995,183.591
2/27/1995,193.116
2/28/1995,161.046
3/1/1995,301.913
3/2/1995,181.29
3/3/1995,194.819
3/4/1995,265.391
3/5/1995,390.284
3/6/1995,494.731
3/7/1995,400.808
3/8/1995,403.779
3/9/1995,284.947
3/10/1995,215.798
3/11/1995,178.001
3/12/1995,244.436
3/13/1995,306.464
3/14/1995,254.334
3/15/1995,254.884
3/16/1995,297.953
3/17/1995,341.022
3/18/1995,224.019
3/19/1995,346.416
3/20/1995,282.084
3/21/1995,402.35
3/22/1995,216.215
3/23/1995,431.262
3/24/1995,216.067
3/25/1995,483.366
3/26/1995,450.902
3/27/1995,325.199
3/28/1995,325.184
3/29/1995,393.995
3/30/1995,338.274
3/31/1995,345.966
4/1/1995,339.096
4/2/1995,277.485
4/3/1995,293.536
4/4/1995,333.836
4/5/1995,254.292
4/6/1995,320.761
4/7/1995,304.859
4/8/1995,432.814
4/9/1995,218.141
4/10/1995,409.91
4/11/1995,452.646
4/12/1995,383.778
4/13/1995,402.53
4/14/1995,349.1
4/15/1995,335.66
4/16/1995,270.725
4/17/1995,506.679
4/18/1995,493.185
4/19/1995,386.681
4/20/1995,418.597
4/21/1995,493.77
4/22/1995,585.208
4/23/1995,500.868
4/24/1995,429.124
4/25/1995,486.189
4/26/1995,373.666
4/27/1995,456.537
4/28/1995,491.442
4/29/1995,384.963
4/30/1995,567.351
5/1/1995,439.147
5/2/1995,665.372
5/3/1995,549.429
5/4/1995,603.972
5/5/1995,812.075
5/6/1995,567.079
5/7/1995,691.666
5/8/1995,863.136
5/9/1995,861.123
5/10/1995,826.627
5/11/1995,786.325
5/12/1995,852.749
5/13/1995,800.448
5/14/1995,841.567
5/15/1995,974.905
5/16/1995,933.008
5/17/1995,1114.908
5/18/1995,1326.817
5/19/1995,1285.04
5/20/1995,1238.091
5/21/1995,1320.182
5/22/1995,1350.993
5/23/1995,1452.385
5/24/1995,1423.772
5/25/1995,1791.972
5/26/1995,1477.107
5/27/1995,1735.788
5/28/1995,1558.434
5/29/1995,1582.724
5/30/1995,1434.421
5/31/1995,1426.615
6/1/1995,1464.214
6/2/1995,1383.382
6/3/1995,1359.794
6/4/1995,1617.327
6/5/1995,1579.342
6/6/1995,1894.228
6/7/1995,1858.596
6/8/1995,1884.78
6/9/1995,2122.054
6/10/1995,2042.787
6/11/1995,1934.489
6/12/1995,1749.395
6/13/1995,1756.963
6/14/1995,1826.644
6/15/1995,1924.815
6/16/1995,2114.742
6/17/1995,2071.874
6/18/1995,2497.317
6/19/1995,2560.445
6/20/1995,2595.583
6/21/1995,2503.471
6/22/1995,2396.157
6/23/1995,2352.797
6/24/1995,2333.833
6/25/1995,2236.958
6/26/1995,2041.463
6/27/1995,2194.406
6/28/1995,1994.827
6/29/1995,1976.878
6/30/1995,2162.183
7/1/1995,1962.338
7/2/1995,1968.144
7/3/1995,2279.376
7/4/1995,2053.843
7/5/1995,2098.929
7/6/1995,1980.971
7/7/1995,1925.754
7/8/1995,1727.714
7/9/1995,1812.967
7/10/1995,1745.955
7/11/1995,1650.324
7/12/1995,1883.34
7/13/1995,1811.279
7/14/1995,1941.71
7/15/1995,1748.939
7/16/1995,1846.199
7/17/1995,1828.646
7/18/1995,1395.57
7/19/1995,1560.21
7/20/1995,1355.26
7/21/1995,1302.711
7/22/1995,1232.845
7/23/1995,1312.672
7/24/1995,1009.549
7/25/1995,1114.482
7/26/1995,968.809
7/27/1995,979.947
7/28/1995,865.73
7/29/1995,944.376
7/30/1995,532.64
7/31/1995,749.211
8/1/1995,689.011
8/2/1995,665.569
8/3/1995,749.164
8/4/1995,444.603
8/5/1995,495.608
8/6/1995,472.144
8/7/1995,447.506
8/8/1995,417.803
8/9/1995,439.071
8/10/1995,508.391
8/11/1995,251.642
8/12/1995,275.234
8/13/1995,353.635
8/14/1995,497.097
8/15/1995,257.199
8/16/1995,425.755
8/17/1995,254.599
8/18/1995,396.236
8/19/1995,270.295
8/20/1995,368.994
8/21/1995,337.211
8/22/1995,232.58
8/23/1995,272.596
8/24/1995,286.311
8/25/1995,379.057
8/26/1995,297.982
8/27/1995,419.144
8/28/1995,284.964
8/29/1995,292.943
8/30/1995,302.15
8/31/1995,394.667
9/1/1995,294.016
9/2/1995,228.982
9/3/1995,307.828
9/4/1995,200.954
9/5/1995,321.074
9/6/1995,127.89
9/7/1995,107.935
9/8/1995,117.834
9/9/1995,245.436
9/10/1995,204.519
9/11/1995,261.751
9/12/1995,251.165
9/13/1995,313.094
9/14/1995,280.738
9/15/1995,218.965
9/16/1995,196.157
9/17/1995,328.644
9/18/1995,131.589
9/19/1995,173.285
9/20/1995,336.64
9/21/1995,11.341
9/22/1995,188.268
9/23/1995,202.112
9/24/1995,171.035
9/25/1995,203.406
9/26/1995,54.694
9/27/1995,293.721
9/28/1995,244.505
9/29/1995,146.289
9/30/1995,321.103
10/1/1995,189.871
10/2/1995,280.922
10/3/1995,327.011
10/4/1995,307.239
10/5/1995,247.21
10/6/1995,258.074
10/7/1995,149.426
10/8/1995,359.65
10/9/1995,236.229
10/10/1995,279.32
10/11/1995,288.45
10/12/1995,369.366
10/13/1995,140.421
10/14/1995,241.025
10/15/1995,316.647
10/16/1995,236.688
10/17/1995,256.588
10/18/1995,245.434
10/19/1995,348.769
10/20/1995,150.322
10/21/1995,235.164
10/22/1995,368.557
10/23/1995,47.001
10/24/1995,177.051
10/25/1995,194.561
10/26/1995,206.551
10/27/1995,413.787
10/28/1995,250.449
10/29/1995,230.666
10/30/1995,255.423
10/31/1995,307.735
11/1/1995,306.894
11/2/1995,292.406
11/3/1995,209.194
11/4/1995,209.726
11/5/1995,298.844
11/6/1995,260.48
11/7/1995,295.4
11/8/1995,194.347
11/9/1995,323.881
11/10/1995,307.483
11/11/1995,310.317
11/12/1995,327.852
11/13/1995,366.972
11/14/1995,318.339
11/15/1995,322.007
11/16/1995,344.129
11/17/1995,350.045
11/18/1995,342.033
11/19/1995,333.779
11/20/1995,261.382
11/21/1995,299.241
11/22/1995,307.218
11/23/1995,330.717
11/24/1995,304.832
11/25/1995,305.04
11/26/1995,296.754
11/27/1995,296.346
11/28/1995,295.659
11/29/1995,318.194
11/30/1995,358.419
12/1/1995,262.086
12/2/1995,310.478
12/3/1995,279.49
12/4/1995,296.234
12/5/1995,348.176
12/6/1995,355.992
12/7/1995,279.079
12/8/1995,319.002
12/9/1995,307.925
12/10/1995,297.269
12/11/1995,333.327
12/12/1995,304.871
12/13/1995,404.347
12/14/1995,319.169
12/15/1995,302.624
12/16/1995,319.32
12/17/1995,353.546
12/18/1995,225.633
12/19/1995,311.366
12/20/1995,220.122
12/21/1995,310.929
12/22/1995,283.223
12/23/1995,291.223
12/24/1995,305.404
12/25/1995,45.557
12/26/1995,330.978
12/27/1995,277.286
12/28/1995,280.185
12/29/1995,232.767
12/30/1995,274.606
12/31/1995,302.769
1/1/1996,216.873
1/2/1996,233.608
1/3/1996,253.454
1/4/1996,248.545
1/5/1996,287.5
1/6/1996,242.393
1/7/1996,270.817
1/8/1996,228.368
1/9/1996,240.114
1/10/1996,246.294
1/11/1996,248.69
1/12/1996,252.181
1/13/1996,268.516
1/14/1996,309.827
1/15/1996,243.165
1/16/1996,241.196
1/17/1996,243.812
1/18/1996,222.363
1/19/1996,202.181
1/20/1996,196.957
1/21/1996,215.515
1/22/1996,175.211
1/23/1996,191.857
1/24/1996,203.622
1/25/1996,208.925
1/26/1996,245.352
1/27/1996,280.235
1/28/1996,226.462
1/29/1996,181.27
1/30/1996,214.44
1/31/1996,198.124
2/1/1996,191.12
2/2/1996,247.137
2/3/1996,276.048
2/4/1996,227.937
2/5/1996,226.081
2/6/1996,287.547
2/7/1996,223.366
2/8/1996,234.27
2/9/1996,245.143
2/10/1996,280.478
2/11/1996,260.713
2/12/1996,275.851
2/13/1996,251.946
2/14/1996,323.534
2/15/1996,279.31
2/16/1996,280.406
2/17/1996,253.912
2/18/1996,247.175
2/19/1996,277.165
2/20/1996,291.922
2/21/1996,258.034
2/22/1996,297.162
2/23/1996,327.715
2/24/1996,347.501
2/25/1996,352.574
2/26/1996,302.338
2/27/1996,347.657
2/28/1996,290.08
2/29/1996,334.775
3/1/1996,300.985
3/2/1996,177.703
3/3/1996,293.277
3/4/1996,255.776
3/5/1996,306.026
3/6/1996,319.642
3/7/1996,353
3/8/1996,336.008
3/9/1996,278.737
3/10/1996,258.898
3/11/1996,322.541
3/12/1996,325.925
3/13/1996,303.425
3/14/1996,273.682
3/15/1996,284.353
3/16/1996,320.555
3/17/1996,338.286
3/18/1996,308.488
3/19/1996,347.431
3/20/1996,315.413
3/21/1996,345.321
3/22/1996,333.583
3/23/1996,333.172
3/24/1996,332.666
3/25/1996,310.969
3/26/1996,183.776
3/27/1996,281.668
3/28/1996,246.607
3/29/1996,233.1
3/30/1996,300.893
3/31/1996,306.111
4/1/1996,272.185
4/2/1996,422.388
4/3/1996,364.615
4/4/1996,440.796
4/5/1996,356.154
4/6/1996,421.131
4/7/1996,442.79
4/8/1996,466.345
4/9/1996,461.079
4/10/1996,590.519
4/11/1996,445.184
4/12/1996,574.608
4/13/1996,636.492
4/14/1996,689.931
4/15/1996,718.508
4/16/1996,756.662
4/17/1996,702.777
4/18/1996,654.474
4/19/1996,511.65
4/20/1996,600.968
4/21/1996,485.132
4/22/1996,585.017
4/23/1996,522.966
4/24/1996,525.812
4/25/1996,522.979
4/26/1996,501.345
4/27/1996,533.267
4/28/1996,487.96
4/29/1996,566.212
4/30/1996,631.097
5/1/1996,690.176
5/2/1996,811.106
5/3/1996,635.733
5/4/1996,632.939
5/5/1996,590.711
5/6/1996,692.412
5/7/1996,703.827
5/8/1996,706.207
5/9/1996,942.866
5/10/1996,915.348
5/11/1996,1087.043
5/12/1996,1069.439
5/13/1996,1061.319
5/14/1996,1095.239
5/15/1996,1224.078
5/16/1996,1313.555
5/17/1996,1293.111
5/18/1996,1395.637
5/19/1996,1560.523
5/20/1996,1538.412
5/21/1996,1588.104
5/22/1996,1593.622
5/23/1996,1618.605
5/24/1996,1417.932
5/25/1996,1343.324
5/26/1996,1224.457
5/27/1996,1166.247
5/28/1996,1171.367
5/29/1996,930.253
5/30/1996,1082.912
5/31/1996,1047.066
6/1/1996,998.704
6/2/1996,953.428
6/3/1996,903.089
6/4/1996,824.058
6/5/1996,960.921
6/6/1996,1006.233
6/7/1996,1001.06
6/8/1996,1058.656
6/9/1996,1054.013
6/10/1996,1108.474
6/11/1996,1137.569
6/12/1996,1161.492
6/13/1996,1073.543
6/14/1996,1005.406
6/15/1996,1276.187
6/16/1996,984.792
6/17/1996,1001.663
6/18/1996,1120.249
6/19/1996,1100.776
6/20/1996,1199.627
6/21/1996,1015.942
6/22/1996,1043.567
6/23/1996,1126.856
6/24/1996,1157.14
6/25/1996,1180.715
6/26/1996,1123.727
6/27/1996,1077.86
6/28/1996,1011.923
6/29/1996,1038.051
6/30/1996,991.821
7/1/1996,825.335
7/2/1996,829.825
7/3/1996,722.692
7/4/1996,722.246
7/5/1996,626.497
7/6/1996,774.94
7/7/1996,626.703
7/8/1996,475.928
7/9/1996,307.436
7/10/1996,511.969
7/11/1996,457.191
7/12/1996,509.918
7/13/1996,328.992
7/14/1996,287.341
7/15/1996,408.377
7/16/1996,287.336
7/17/1996,335.662
7/18/1996,305.141
7/19/1996,296.117
7/20/1996,335.772
7/21/1996,286.962
7/22/1996,402.173
7/23/1996,217.781
7/24/1996,177.572
7/25/1996,342.089
7/26/1996,76.731
7/27/1996,238.346
7/28/1996,201.505
7/29/1996,106.087
7/30/1996,240.666
7/31/1996,178.933
8/1/1996,50.847
8/2/1996,198.311
8/3/1996,182.031
8/4/1996,84.801
8/5/1996,75.014
8/6/1996,296.687
8/7/1996,124.075
8/8/1996,164.34
8/9/1996,32.205
8/10/1996,201.022
8/11/1996,73.713
8/12/1996,104.916
8/13/1996,197.488
8/14/1996,93.393
8/15/1996,91.443
8/16/1996,103.142
8/17/1996,149.632
8/18/1996,176.946
8/19/1996,115.139
8/20/1996,115.886
8/21/1996,36.363
8/22/1996,238.958
8/23/1996,102.527
8/24/1996,162.227
8/25/1996,160.746
8/26/1996,176.655
8/27/1996,188.843
8/28/1996,171.316
8/29/1996,163.529
8/30/1996,143.336
8/31/1996,221.584
9/1/1996,135.891
9/2/1996,181.922
9/3/1996,104.805
9/4/1996,162.266
9/5/1996,133.579
9/6/1996,142.855
9/7/1996,238.721
9/8/1996,41.251
9/9/1996,148.507
9/10/1996,166.22
9/11/1996,189.01
9/12/1996,228.111
9/13/1996,256.338
9/14/1996,262.316
9/15/1996,213.655
9/16/1996,242.238
9/17/1996,310.007
9/18/1996,338.771
9/19/1996,341.052
9/20/1996,253.88
9/21/1996,245.146
9/22/1996,209.09
9/23/1996,225.941
9/24/1996,212.594
9/25/1996,226.327
9/26/1996,243.229
9/27/1996,159.571
9/28/1996,254.053
9/29/1996,178.415
9/30/1996,260.038
10/1/1996,222.445
10/2/1996,197.844
10/3/1996,370.989
10/4/1996,258.822
10/5/1996,434.148
10/6/1996,313.527
10/7/1996,334.159
10/8/1996,303.582
10/9/1996,256.043
10/10/1996,216.716
10/11/1996,264.545
10/12/1996,229.414
10/13/1996,252.308
10/14/1996,235.668
10/15/1996,157.676
10/16/1996,289.2
10/17/1996,110.836
10/18/1996,138.349
10/19/1996,112.245
10/20/1996,142.097
10/21/1996,258.447
10/22/1996,185.597
10/23/1996,249.646
10/24/1996,143.929
10/25/1996,313.657
10/26/1996,295.445
10/27/1996,50.046
10/28/1996,160.631
10/29/1996,355.721
10/30/1996,350.447
10/31/1996,202.755
11/1/1996,353.004
11/2/1996,348.8
11/3/1996,186.134
11/4/1996,346.934
11/5/1996,475.193
11/6/1996,27.363
11/7/1996,258.912
11/8/1996,319.407
11/9/1996,253.862
11/10/1996,249.057
11/11/1996,299.745
11/12/1996,241.402
11/13/1996,230.085
11/14/1996,260.809
11/15/1996,410.724
11/16/1996,218.619
11/17/1996,311.469
11/18/1996,239.856
11/19/1996,346.868
11/20/1996,313.323
11/21/1996,247.517
11/22/1996,212.601
11/23/1996,471.536
11/24/1996,275.368
11/25/1996,295.242
11/26/1996,406.752
11/27/1996,148.888
11/28/1996,354.852
11/29/1996,317.04
11/30/1996,218.826
12/1/1996,266.231
12/2/1996,310.099
12/3/1996,253.57
12/4/1996,212.14
12/5/1996,165.734
12/6/1996,347.62
12/7/1996,270.677
12/8/1996,224.869
12/9/1996,170.787
12/10/1996,212.335
12/11/1996,337.065
12/12/1996,196.16
12/13/1996,276.619
12/14/1996,320.754
12/15/1996,222.834
12/16/1996,317.497
12/17/1996,205.707
12/18/1996,230.173
12/19/1996,225.855
12/20/1996,82.262
12/21/1996,190.258
12/22/1996,316.729
12/23/1996,30.31
12/24/1996,238.176
12/25/1996,289.135
12/26/1996,164.583
12/27/1996,225.025
12/28/1996,233.446
12/29/1996,429.073
12/30/1996,157.216
12/31/1996,283.266
1/1/1997,294.35
1/2/1997,246.614
1/3/1997,306.896
1/4/1997,388.669
1/5/1997,304.553
1/6/1997,228.731
1/7/1997,264.347
1/8/1997,174.95
1/9/1997,212.593
1/10/1997,262.503
1/11/1997,118.856
1/12/1997,313.385
1/13/1997,228.384
1/14/1997,239.533
1/15/1997,328.797
1/16/1997,215.322
1/17/1997,220.671
1/18/1997,87.681
1/19/1997,92.717
1/20/1997,65.071
1/21/1997,181.458
1/22/1997,287.277
1/23/1997,203.481
1/24/1997,225.802
1/25/1997,286.117
1/26/1997,390.377
1/27/1997,343.458
1/28/1997,284.667
1/29/1997,312.483
1/30/1997,303.583
1/31/1997,266.933
2/1/1997,373.441
2/2/1997,315.239
2/3/1997,272.598
2/4/1997,277.931
2/5/1997,247.143
2/6/1997,220.364
2/7/1997,329.778
2/8/1997,324.264
2/9/1997,246.713
2/10/1997,300.389
2/11/1997,279.768
2/12/1997,339.015
2/13/1997,169.402
2/14/1997,276.091
2/15/1997,297.054
2/16/1997,255.278
2/17/1997,297.442
2/18/1997,210.791
2/19/1997,258.187
2/20/1997,219.376
2/21/1997,280.628
2/22/1997,302.296
2/23/1997,281.778
2/24/1997,290.523
2/25/1997,207.511
2/26/1997,166.15
2/27/1997,334.415
2/28/1997,209.862
3/1/1997,319.021
3/2/1997,256.432
3/3/1997,527.767
3/4/1997,154.443
3/5/1997,300.406
3/6/1997,279.908
3/7/1997,260.058
3/8/1997,240.042
3/9/1997,343.683
3/10/1997,302.949
3/11/1997,309.649
3/12/1997,362.914
3/13/1997,422.686
3/14/1997,402.787
3/15/1997,546.123
3/16/1997,669.377
3/17/1997,689.888
3/18/1997,607.912
3/19/1997,628.623
3/20/1997,650.155
3/21/1997,669.855
3/22/1997,628.749
3/23/1997,731.471
3/24/1997,772.987
3/25/1997,690.312
3/26/1997,772.557
3/27/1997,669.46
3/28/1997,834.068
3/29/1997,587.36
3/30/1997,731.082
3/31/1997,688.101
4/1/1997,635.099
4/2/1997,716.945
4/3/1997,799.096
4/4/1997,655.858
4/5/1997,861.639
4/6/1997,689.565
4/7/1997,757.931
4/8/1997,795.943
4/9/1997,467.957
4/10/1997,816.863
4/11/1997,652.946
4/12/1997,591.192
4/13/1997,653.076
4/14/1997,570.693
4/15/1997,589.548
4/16/1997,576.029
4/17/1997,526.729
4/18/1997,528.215
4/19/1997,575.362
4/20/1997,692.8
4/21/1997,611.666
4/22/1997,924.594
4/23/1997,772.677
4/24/1997,980.733
4/25/1997,859.77
4/26/1997,979.265
4/27/1997,966.351
4/28/1997,863.765
4/29/1997,896.605
4/30/1997,918.405
5/1/1997,1133.935
5/2/1997,799.87
5/3/1997,1031.064
5/4/1997,1134.664
5/5/1997,1050.863
5/6/1997,951.434
5/7/1997,963.638
5/8/1997,1092.264
5/9/1997,1157.657
5/10/1997,1241.688
5/11/1997,1329.039
5/12/1997,1452.393
5/13/1997,1432.786
5/14/1997,1454.175
5/15/1997,1585.574
5/16/1997,1605.621
5/17/1997,1697.877
5/18/1997,1782.266
5/19/1997,1787.907
5/20/1997,2005.337
5/21/1997,1965.459
5/22/1997,1927.08
5/23/1997,2125.41
5/24/1997,2286.426
5/25/1997,2183.488
5/26/1997,2337.752
5/27/1997,2188.535
5/28/1997,2234.313
5/29/1997,2070.013
5/30/1997,1800.88
5/31/1997,1673.749
6/1/1997,1757.872
6/2/1997,1920.482
6/3/1997,2047.6
6/4/1997,2277.422
6/5/1997,2444.792
6/6/1997,2274.316
6/7/1997,2374.734
6/8/1997,2293.359
6/9/1997,2372.544
6/10/1997,2282.881
6/11/1997,2374.888
6/12/1997,2330.147
6/13/1997,2030.976
6/14/1997,2010.924
6/15/1997,2200.674
6/16/1997,2085.807
6/17/1997,1948.007
6/18/1997,1761.465
6/19/1997,1620.739
6/20/1997,1645.337
6/21/1997,1832.557
6/22/1997,1742.314
6/23/1997,1816.182
6/24/1997,1793.529
6/25/1997,1769.951
6/26/1997,1580.568
6/27/1997,1437.113
6/28/1997,1365.318
6/29/1997,1245.122
6/30/1997,1028.634
7/1/1997,1251.317
7/2/1997,1034.709
7/3/1997,1067.483
7/4/1997,970.54
7/5/1997,886.96
7/6/1997,903.136
7/7/1997,809.501
7/8/1997,811.878
7/9/1997,715.636
7/10/1997,709.749
7/11/1997,614.765
7/12/1997,593.006
7/13/1997,613.201
7/14/1997,616.454
7/15/1997,541.577
7/16/1997,460.178
7/17/1997,430.738
7/18/1997,479.395
7/19/1997,274.76
7/20/1997,615.363
7/21/1997,396.777
7/22/1997,348.319
7/23/1997,437.716
7/24/1997,376.892
7/25/1997,353.014
7/26/1997,376.971
7/27/1997,377.783
7/28/1997,396.014
7/29/1997,347.525
7/30/1997,334.574
7/31/1997,500.914
8/1/1997,392.299
8/2/1997,305.49
8/3/1997,716.001
8/4/1997,328.944
8/5/1997,493.519
8/6/1997,660.587
8/7/1997,419.128
8/8/1997,359.811
8/9/1997,644.822
8/10/1997,479.856
8/11/1997,496.34
8/12/1997,736.776
8/13/1997,378.704
8/14/1997,472.653
8/15/1997,426.129
8/16/1997,470.624
8/17/1997,395.29
8/18/1997,539.501
8/19/1997,358.628
8/20/1997,425.174
8/21/1997,375.203
8/22/1997,190.937
8/23/1997,403.509
8/24/1997,290.994
8/25/1997,305.078
8/26/1997,326.085
8/27/1997,276.455
8/28/1997,312.478
8/29/1997,400.582
8/30/1997,285.934
8/31/1997,316.317
9/1/1997,456.912
9/2/1997,280.204
9/3/1997,627.284
9/4/1997,465.666
9/5/1997,357.104
9/6/1997,332.88
9/7/1997,461.13
9/8/1997,283.443
9/9/1997,424.924
9/10/1997,487.583
9/11/1997,428.355
9/12/1997,413.309
9/13/1997,427.525
9/14/1997,369.609
9/15/1997,1008.584
9/16/1997,483.918
9/17/1997,397.255
9/18/1997,504.659
9/19/1997,344.836
9/20/1997,387.238
9/21/1997,513.637
9/22/1997,915.142
9/23/1997,971.48
9/24/1997,818.329
9/25/1997,727.807
9/26/1997,743.628
9/27/1997,741.394
9/28/1997,539.226
9/29/1997,592.661
9/30/1997,593.617
10/1/1997,527.159
10/2/1997,662.379
10/3/1997,667.124
10/4/1997,474.099
10/5/1997,497.264
10/6/1997,470.81
10/7/1997,529.82
10/8/1997,500.539
10/9/1997,520.666
10/10/1997,421.763
10/11/1997,604.048
10/12/1997,282.44
10/13/1997,398.067
10/14/1997,471.331
10/15/1997,385.097
10/16/1997,483.216
10/17/1997,433.032
10/18/1997,471.53
10/19/1997,458.975
10/20/1997,506.936
10/21/1997,462.558
10/22/1997,425.97
10/23/1997,427.191
10/24/1997,364.18
10/25/1997,277.33
10/26/1997,454.139
10/27/1997,463.337
10/28/1997,361.197
10/29/1997,400.269
10/30/1997,367.552
10/31/1997,435.159
11/1/1997,446.633
11/2/1997,374.076
11/3/1997,299.937
11/4/1997,427.76
11/5/1997,388.143
11/6/1997,398.657
11/7/1997,372.43
11/8/1997,531.523
11/9/1997,391.906
11/10/1997,380.256
11/11/1997,443.593
11/12/1997,232.58
11/13/1997,403.393
11/14/1997,466.637
11/15/1997,281.359
11/16/1997,369.739
11/17/1997,342.982
11/18/1997,349.112
11/19/1997,283.513
11/20/1997,472.039
11/21/1997,286.118
11/22/1997,443.52
11/23/1997,423.277
11/24/1997,318.153
11/25/1997,454.152
11/26/1997,279.321
11/27/1997,464.253
11/28/1997,304.076
11/29/1997,401.789
11/30/1997,421.187
12/1/1997,305.442
12/2/1997,329.397
12/3/1997,377.738
12/4/1997,386.385
12/5/1997,398.815
12/6/1997,325.448
12/7/1997,318.217
12/8/1997,352.612
12/9/1997,333.353
12/10/1997,388.506
12/11/1997,280.762
12/12/1997,300.586
12/13/1997,301.95
12/14/1997,358.374
12/15/1997,341.797
12/16/1997,275.244
12/17/1997,379.344
12/18/1997,326.272
12/19/1997,374.012
12/20/1997,284.486
12/21/1997,512.357
12/22/1997,211.761
12/23/1997,227.922
12/24/1997,464.732
12/25/1997,341.84
12/26/1997,271.39
12/27/1997,299.365
12/28/1997,423.895
12/29/1997,267.082
12/30/1997,319.043
12/31/1997,296.268
1/1/1998,306.036
1/2/1998,261.93
1/3/1998,466.445
1/4/1998,359.069
1/5/1998,299.177
1/6/1998,382.19
1/7/1998,374.582
1/8/1998,341.431
1/9/1998,249.764
1/10/1998,387.194
1/11/1998,253.344
1/12/1998,394.651
1/13/1998,308.625
1/14/1998,288.399
1/15/1998,296.393
1/16/1998,385.814
1/17/1998,296.117
1/18/1998,310.557
1/19/1998,253.917
1/20/1998,373.907
1/21/1998,274.186
1/22/1998,347.948
1/23/1998,282.611
1/24/1998,207.815
1/25/1998,337.91
1/26/1998,291.937
1/27/1998,292.761
1/28/1998,283.883
1/29/1998,283.636
1/30/1998,215.514
1/31/1998,305.202
2/1/1998,291.148
2/2/1998,343.177
2/3/1998,392.927
2/4/1998,202.961
2/5/1998,317.966
2/6/1998,238.897
2/7/1998,392.114
2/8/1998,294.388
2/9/1998,260.852
2/10/1998,331.137
2/11/1998,272.541
2/12/1998,343.669
2/13/1998,331.213
2/14/1998,285.958
2/15/1998,389.746
2/16/1998,270.58
2/17/1998,266.404
2/18/1998,319.949
2/19/1998,342.961
2/20/1998,336.759
2/21/1998,208.581
2/22/1998,469.659
2/23/1998,197.38
2/24/1998,35.254
2/25/1998,403.616
2/26/1998,356.838
2/27/1998,284.538
2/28/1998,317.635
3/1/1998,315.614
3/2/1998,271.718
3/3/1998,252.791
3/4/1998,387.399
3/5/1998,240.703
3/6/1998,400.657
3/7/1998,367.044
3/8/1998,334.558
3/9/1998,241.726
3/10/1998,350.732
3/11/1998,285.832
3/12/1998,270.368
3/13/1998,331.917
3/14/1998,255.666
3/15/1998,270.306
3/16/1998,340.886
3/17/1998,478.529
3/18/1998,169.569
3/19/1998,367.976
3/20/1998,472.151
3/21/1998,522.415
3/22/1998,141.581
3/23/1998,474.757
3/24/1998,390.413
3/25/1998,481.148
3/26/1998,216.56
3/27/1998,431.772
3/28/1998,742.041
3/29/1998,446.737
3/30/1998,757.965
3/31/1998,930.032
4/1/1998,570.002
4/2/1998,864.257
4/3/1998,632.959
4/4/1998,532.491
4/5/1998,569.399
4/6/1998,544.918
4/7/1998,514.356
4/8/1998,534.463
4/9/1998,650.972
4/10/1998,567.201
4/11/1998,626.247
4/12/1998,419.572
4/13/1998,566.844
4/14/1998,567.677
4/15/1998,536.276
4/16/1998,709.834
4/17/1998,592.53
4/18/1998,628.194
4/19/1998,661.077
4/20/1998,624.984
4/21/1998,611.539
4/22/1998,556.152
4/23/1998,553.008
4/24/1998,579.915
4/25/1998,562.647
4/26/1998,887.964
4/27/1998,962.401
4/28/1998,738.604
4/29/1998,919.489
4/30/1998,944.802
5/1/1998,1055.704
5/2/1998,1116.469
5/3/1998,1230.215
5/4/1998,1282.227
5/5/1998,1374.051
5/6/1998,1527.903
5/7/1998,1467.17
5/8/1998,1487.034
5/9/1998,1523.438
5/10/1998,1366.013
5/11/1998,1329.193
5/12/1998,1306.201
5/13/1998,1334.882
5/14/1998,1322.976
5/15/1998,1424.553
5/16/1998,1322.915
5/17/1998,1268.352
5/18/1998,1291.356
5/19/1998,1202.314
5/20/1998,1311.042
5/21/1998,1198.99
5/22/1998,1500.216
5/23/1998,1477.974
5/24/1998,1699.977
5/25/1998,1608.332
5/26/1998,1578.511
5/27/1998,1477.191
5/28/1998,1427.847
5/29/1998,1430.512
5/30/1998,1426.252
5/31/1998,1492.601
6/1/1998,1615
6/2/1998,1593.174
6/3/1998,1694.352
6/4/1998,1442.346
6/5/1998,1652.547
6/6/1998,1497.593
6/7/1998,1416.69
6/8/1998,1252.748
6/9/1998,1280.811
6/10/1998,1165.739
6/11/1998,1065.388
6/12/1998,896.939
6/13/1998,1013.735
6/14/1998,1064.735
6/15/1998,828.064
6/16/1998,1045.38
6/17/1998,850.787
6/18/1998,921.166
6/19/1998,922.885
6/20/1998,1033.477
6/21/1998,870.34
6/22/1998,998.308
6/23/1998,897.491
6/24/1998,1018.633
6/25/1998,874.349
6/26/1998,945.01
6/27/1998,914.767
6/28/1998,880.136
6/29/1998,929.405
6/30/1998,876.814
7/1/1998,887.412
7/2/1998,873.195
7/3/1998,788.51
7/4/1998,789.708
7/5/1998,794.439
7/6/1998,748.051
7/7/1998,883.809
7/8/1998,500.188
7/9/1998,503.274
7/10/1998,742.359
7/11/1998,584.021
7/12/1998,571.883
7/13/1998,541.827
7/14/1998,576.124
7/15/1998,598.761
7/16/1998,498.364
7/17/1998,452.141
7/18/1998,389.344
7/19/1998,305.83
7/20/1998,475.183
7/21/1998,242.14
7/22/1998,448.617
7/23/1998,352.88
7/24/1998,181.529
7/25/1998,473.481
7/26/1998,237.915
7/27/1998,406.945
7/28/1998,455.843
7/29/1998,427.92
7/30/1998,481.444
7/31/1998,456.702
8/1/1998,373.401
8/2/1998,467.818
8/3/1998,427.139
8/4/1998,406.796
8/5/1998,387.923
8/6/1998,355.722
8/7/1998,257.962
8/8/1998,443.155
8/9/1998,205.33
8/10/1998,428.788
8/11/1998,212.873
8/12/1998,357.037
8/13/1998,166.161
8/14/1998,238.912
8/15/1998,301.122
8/16/1998,181.219
8/17/1998,312.375
8/18/1998,170.87
8/19/1998,142.566
8/20/1998,191.688
8/21/1998,240.248
8/22/1998,280.137
8/23/1998,188.108
8/24/1998,241.528
8/25/1998,432.215
8/26/1998,218.406
8/27/1998,289.257
8/28/1998,243.054
8/29/1998,237.299
8/30/1998,120.556
8/31/1998,409.722
9/1/1998,236.239
9/2/1998,167.851
9/3/1998,239.433
9/4/1998,306.686
9/5/1998,725.453
9/6/1998,227.941
9/7/1998,251.781
9/8/1998,296.341
9/9/1998,95.897
9/10/1998,310.186
9/11/1998,451.935
9/12/1998,596.11
9/13/1998,343.302
9/14/1998,287.374
9/15/1998,381.286
9/16/1998,287.364
9/17/1998,311.21
9/18/1998,270.118
9/19/1998,247.588
9/20/1998,227.448
9/21/1998,244.1
9/22/1998,192.944
9/23/1998,312.721
9/24/1998,171.934
9/25/1998,263.449
9/26/1998,219.962
9/27/1998,274.361
9/28/1998,262.725
9/29/1998,171.294
9/30/1998,170.152
10/1/1998,312.053
10/2/1998,154.496
10/3/1998,179.796
10/4/1998,144.197
10/5/1998,365.658
10/6/1998,202.149
10/7/1998,203.684
10/8/1998,296.4
10/9/1998,319.85
10/10/1998,227.507
10/11/1998,355.216
10/12/1998,320.046
10/13/1998,227.157
10/14/1998,243.473
10/15/1998,198.891
10/16/1998,413.843
10/17/1998,285.218
10/18/1998,237.243
10/19/1998,248.421
10/20/1998,249.455
10/21/1998,413.143
10/22/1998,574.195
10/23/1998,296.818
10/24/1998,376.133
10/25/1998,749.438
10/26/1998,365.923
10/27/1998,343.09
10/28/1998,782.194
10/29/1998,573.146
10/30/1998,504.162
10/31/1998,363.526
11/1/1998,433.737
11/2/1998,452.86
11/3/1998,359.701
11/4/1998,313.213
11/5/1998,289.728
11/6/1998,379.908
11/7/1998,295.866
11/8/1998,523.578
11/9/1998,357.829
11/10/1998,425.361
11/11/1998,544.007
11/12/1998,241.171
11/13/1998,356.822
11/14/1998,344.712
11/15/1998,292.951
11/16/1998,426.372
11/17/1998,259.351
11/18/1998,332.085
11/19/1998,287.387
11/20/1998,310.54
11/21/1998,249.081
11/22/1998,315.94
11/23/1998,357.289
11/24/1998,310.709
11/25/1998,321.014
11/26/1998,326.751
11/27/1998,310.41
11/28/1998,365.003
11/29/1998,178.673
11/30/1998,427.796
12/1/1998,255.744
12/2/1998,300.839
12/3/1998,255.951
12/4/1998,254.962
12/5/1998,378.623
12/6/1998,243.392
12/7/1998,226.79
12/8/1998,294.845
12/9/1998,371.65
12/10/1998,119.848
12/11/1998,281.758
12/12/1998,241.816
12/13/1998,269.808
12/14/1998,261.967
12/15/1998,217.538
12/16/1998,215.935
12/17/1998,213.349
12/18/1998,190.314
12/19/1998,85.273
12/20/1998,453.17
12/21/1998,421.559
12/22/1998,151.845
12/23/1998,166.75
12/24/1998,98.484
12/25/1998,117.353
12/26/1998,140.636
12/27/1998,119.751
12/28/1998,122.059
12/29/1998,223.173
12/30/1998,269.023
12/31/1998,109.173
1/1/1999,355.875
1/2/1999,249.07
1/3/1999,242.332
1/4/1999,313.069
1/5/1999,269.324
1/6/1999,269.117
1/7/1999,269.093
1/8/1999,359.031
1/9/1999,281.303
1/10/1999,265.911
1/11/1999,298.979
1/12/1999,241.533
1/13/1999,251.955
1/14/1999,228.863
1/15/1999,296.659
1/16/1999,202.134
1/17/1999,227.987
1/18/1999,297.589
1/19/1999,298.644
1/20/1999,252.35
1/21/1999,183.537
1/22/1999,275.699
1/23/1999,333.29
1/24/1999,318.386
1/25/1999,251.399
1/26/1999,185.789
1/27/1999,298.302
1/28/1999,253.93
1/29/1999,210.784
1/30/1999,291.382
1/31/1999,175.869
2/1/1999,306.979
2/2/1999,192.958
2/3/1999,351.732
2/4/1999,285.55
2/5/1999,213.979
2/6/1999,321.436
2/7/1999,170.865
2/8/1999,353.824
2/9/1999,375.675
2/10/1999,241.304
2/11/1999,285.453
2/12/1999,309.115
2/13/1999,257.906
2/14/1999,220.732
2/15/1999,308.288
2/16/1999,218.661
2/17/1999,310.229
2/18/1999,242.942
2/19/1999,332.832
2/20/1999,276.573
2/21/1999,16.555
2/22/1999,377.661
2/23/1999,385.998
2/24/1999,296.088
2/25/1999,229.115
2/26/1999,252.204
2/27/1999,328.956
2/28/1999,241.325
3/1/1999,303.443
3/2/1999,245.325
3/3/1999,193.716
3/4/1999,371.896
3/5/1999,349.899
3/6/1999,189.49
3/7/1999,205.413
3/8/1999,371.7
3/9/1999,308.097
3/10/1999,74.1
3/11/1999,148.384
3/12/1999,370.919
3/13/1999,324.696
3/14/1999,295.181
3/15/1999,214.743
3/16/1999,257.484
3/17/1999,305.012
3/18/1999,254.859
3/19/1999,345.382
3/20/1999,173.477
3/21/1999,188.667
3/22/1999,519.807
3/23/1999,277.013
3/24/1999,320.313
3/25/1999,319.783
3/26/1999,343.128
3/27/1999,370.319
3/28/1999,275.957
3/29/1999,276.485
3/30/1999,476.505
3/31/1999,209.643
4/1/1999,301.803
4/2/1999,249.701
4/3/1999,549.404
4/4/1999,195.152
4/5/1999,342.713
4/6/1999,363.559
4/7/1999,297.504
4/8/1999,426.883
4/9/1999,277.247
4/10/1999,372.168
4/11/1999,358.483
4/12/1999,249.927
4/13/1999,207.703
4/14/1999,323.494
4/15/1999,268.531
4/16/1999,268.78
4/17/1999,303.693
4/18/1999,269.97
4/19/1999,294.151
4/20/1999,474.67
4/21/1999,116.701
4/22/1999,426.889
4/23/1999,294.017
4/24/1999,417.41
4/25/1999,292.221
4/26/1999,360.375
4/27/1999,471.265
4/28/1999,575.288
4/29/1999,507.247
4/30/1999,441.945
5/1/1999,630.573
5/2/1999,634.788
5/3/1999,698.386
5/4/1999,826.347
5/5/1999,714.921
5/6/1999,683.063
5/7/1999,746.139
5/8/1999,679.825
5/9/1999,670.417
5/10/1999,672.872
5/11/1999,493.969
5/12/1999,493.608
5/13/1999,652.513
5/14/1999,520.706
5/15/1999,609.944
5/16/1999,877.131
5/17/1999,563.345
5/18/1999,652.721
5/19/1999,627.872
5/20/1999,808.492
5/21/1999,739.91
5/22/1999,795.997
5/23/1999,858.572
5/24/1999,964.987
5/25/1999,1189.956
5/26/1999,1143.111
5/27/1999,1309.327
5/28/1999,1345.169
5/29/1999,1423.352
5/30/1999,1334.276
5/31/1999,1529.645
6/1/1999,1433.928
6/2/1999,1577.795
6/3/1999,1585.902
6/4/1999,1382.058
6/5/1999,1655.832
6/6/1999,1453.178
6/7/1999,1502.136
6/8/1999,1389.103
6/9/1999,1320.477
6/10/1999,1509.198
6/11/1999,1324.925
6/12/1999,1441.076
6/13/1999,1391.313
6/14/1999,1302.987
6/15/1999,1259.223
6/16/1999,1688.35
6/17/1999,1005.953
6/18/1999,1570.645
6/19/1999,1489.883
6/20/1999,1670.565
6/21/1999,1556.94
6/22/1999,1183.908
6/23/1999,1516.437
6/24/1999,1435.486
6/25/1999,1451.106
6/26/1999,1295.625
6/27/1999,1163.382
6/28/1999,1174.414
6/29/1999,1176.207
6/30/1999,1004.408
7/1/1999,914.55
7/2/1999,885.866
7/3/1999,826.863
7/4/1999,827.752
7/5/1999,779.161
7/6/1999,657.497
7/7/1999,668.445
7/8/1999,936.542
7/9/1999,596.328
7/10/1999,605.937
7/11/1999,805.369
7/12/1999,597.287
7/13/1999,524.995
7/14/1999,522.99
7/15/1999,454.311
7/16/1999,828.203
7/17/1999,515.017
7/18/1999,518.989
7/19/1999,345.561
7/20/1999,562.901
7/21/1999,563.758
7/22/1999,319.926
7/23/1999,466.005
7/24/1999,325.393
7/25/1999,517.446
7/26/1999,240.249
7/27/1999,581.578
7/28/1999,269.703
7/29/1999,416.863
7/30/1999,339.655
7/31/1999,655.584
8/1/1999,409.935
8/2/1999,390.485
8/3/1999,655.517
8/4/1999,412.707
8/5/1999,487.153
8/6/1999,583.306
8/7/1999,582.392
8/8/1999,555.413
8/9/1999,493.27
8/10/1999,469.99
8/11/1999,567.823
8/12/1999,542.906
8/13/1999,684.092
8/14/1999,443.441
8/15/1999,650.739
8/16/1999,491.068
8/17/1999,493.885
8/18/1999,487.468
8/19/1999,556.446
8/20/1999,462.147
8/21/1999,653.058
8/22/1999,672.899
8/23/1999,461.699
8/24/1999,655.056
8/25/1999,487.237
8/26/1999,538.91
8/27/1999,604.736
8/28/1999,441.27
8/29/1999,460.918
8/30/1999,512.262
8/31/1999,584.45
9/1/1999,520.644
9/2/1999,397.739
9/3/1999,421.18
9/4/1999,538.158
9/5/1999,538.179
9/6/1999,561.57
9/7/1999,665.412
9/8/1999,469.841
9/9/1999,446.679
9/10/1999,474.945
9/11/1999,339.509
9/12/1999,532.121
9/13/1999,407.262
9/14/1999,498.044
9/15/1999,398.834
9/16/1999,374.569
9/17/1999,447.121
9/18/1999,170.429
9/19/1999,708.623
9/20/1999,356.541
9/21/1999,311.604
9/22/1999,384.104
9/23/1999,353.68
9/24/1999,425.655
9/25/1999,366.138
9/26/1999,443.556
9/27/1999,352.729
9/28/1999,210.638
9/29/1999,306.04
9/30/1999,305.695
10/1/1999,368.101
10/2/1999,316.69
10/3/1999,311.954
10/4/1999,358.544
10/5/1999,307.783
10/6/1999,218.081
10/7/1999,478.882
10/8/1999,268.094
10/9/1999,317.883
10/10/1999,335.902
10/11/1999,284.472
10/12/1999,310.508
10/13/1999,313.341
10/14/1999,218.963
10/15/1999,337.894
10/16/1999,125.95
10/17/1999,147.539
10/18/1999,358.301
10/19/1999,217.382
10/20/1999,240.542
10/21/1999,304.261
10/22/1999,278.906
10/23/1999,224.765
10/24/1999,287.363
10/25/1999,239.532
10/26/1999,216.396
10/27/1999,287.292
10/28/1999,146.869
10/29/1999,405.785
10/30/1999,249.267
10/31/1999,245.335
11/1/1999,299.722
11/2/1999,275.763
11/3/1999,255.732
11/4/1999,276.25
11/5/1999,280.555
11/6/1999,314.272
11/7/1999,193.801
11/8/1999,233.985
11/9/1999,280.073
11/10/1999,257.577
11/11/1999,281.287
11/12/1999,170.861
11/13/1999,238.827
11/14/1999,266.575
11/15/1999,198.234
11/16/1999,268.833
11/17/1999,316.231
11/18/1999,141.732
11/19/1999,208.538
11/20/1999,228.7
11/21/1999,289.39
11/22/1999,115.771
11/23/1999,212.762
11/24/1999,190.756
11/25/1999,221.121
11/26/1999,189.807
11/27/1999,322.908
11/28/1999,241.987
11/29/1999,233.851
11/30/1999,190.538
12/1/1999,304.483
12/2/1999,143.018
12/3/1999,296.272
12/4/1999,145.642
12/5/1999,324.305
12/6/1999,104.134
12/7/1999,218.688
12/8/1999,285.587
12/9/1999,239.715
12/10/1999,196.473
12/11/1999,230.231
12/12/1999,193.711
12/13/1999,285.37
12/14/1999,177.15
12/15/1999,243.461
12/16/1999,115.168
12/17/1999,274.375
12/18/1999,244.291
12/19/1999,146.919
12/20/1999,249.453
12/21/1999,181.832
12/22/1999,203.604
12/23/1999,317.994
12/24/1999,102.859
12/25/1999,315.395
12/26/1999,237.778
12/27/1999,204.984
12/28/1999,228.316
12/29/1999,228.26
12/30/1999,251.518
12/31/1999,218.711
1/1/2000,205.888
1/2/2000,200.421
1/3/2000,229.568
1/4/2000,138.514
1/5/2000,296.852
1/6/2000,117.033
1/7/2000,138.858
1/8/2000,121.83
1/9/2000,156.187
1/10/2000,138.717
1/11/2000,208.427
1/12/2000,252.71
1/13/2000,295.549
1/14/2000,252.797
1/15/2000,235.594
1/16/2000,291.671
1/17/2000,230.632
1/18/2000,275.366
1/19/2000,255.942
1/20/2000,209.668
1/21/2000,253.687
1/22/2000,304.033
1/23/2000,224.187
1/24/2000,298.243
1/25/2000,296.514
1/26/2000,117.733
1/27/2000,340.739
1/28/2000,203.981
1/29/2000,289.119
1/30/2000,212.264
1/31/2000,170.809
2/1/2000,323.083
2/2/2000,201.25
2/3/2000,223.096
2/4/2000,198.926
2/5/2000,240.843
2/6/2000,219.2
2/7/2000,111.468
2/8/2000,200.154
2/9/2000,222.296
2/10/2000,199.427
2/11/2000,266.66
2/12/2000,261.963
2/13/2000,196.012
2/14/2000,222.495
2/15/2000,310.766
2/16/2000,221.98
2/17/2000,133.91
2/18/2000,289.208
2/19/2000,284.82
2/20/2000,129.813
2/21/2000,63.58
2/22/2000,422.821
2/23/2000,244.551
2/24/2000,111.505
2/25/2000,377.911
2/26/2000,173.347
2/27/2000,242.578
2/28/2000,243.899
2/29/2000,223.673
3/1/2000,270.575
3/2/2000,221.367
3/3/2000,201.687
3/4/2000,319.565
3/5/2000,178.687
3/6/2000,315.26
3/7/2000,72.06
3/8/2000,208.12
3/9/2000,292.245
3/10/2000,292.615
3/11/2000,198.698
3/12/2000,312.131
3/13/2000,249.476
3/14/2000,226.549
3/15/2000,271.477
3/16/2000,144.342
3/17/2000,227.985
3/18/2000,205.554
3/19/2000,202.042
3/20/2000,471.539
3/21/2000,73.477
3/22/2000,162.272
3/23/2000,184.464
3/24/2000,359.156
3/25/2000,239.168
3/26/2000,348.731
3/27/2000,150.465
3/28/2000,339.224
3/29/2000,194.603
3/30/2000,392.63
3/31/2000,282.459
4/1/2000,46.705
4/2/2000,421.756
4/3/2000,311.688
4/4/2000,321.2
4/5/2000,334.11
4/6/2000,278.596
4/7/2000,368.531
4/8/2000,255.941
4/9/2000,278.623
4/10/2000,367.962
4/11/2000,322.723
4/12/2000,346.226
4/13/2000,346.281
4/14/2000,324.012
4/15/2000,477.678
4/16/2000,347.041
4/17/2000,456.59
4/18/2000,385.099
4/19/2000,456.126
4/20/2000,411.468
4/21/2000,390.972
4/22/2000,478.993
4/23/2000,368.046
4/24/2000,479.77
4/25/2000,370.59
4/26/2000,502.674
4/27/2000,388.946
4/28/2000,499.993
4/29/2000,279.807
4/30/2000,654.439
5/1/2000,636.557
5/2/2000,524.338
5/3/2000,489.2
5/4/2000,588.119
5/5/2000,653.822
5/6/2000,623.602
5/7/2000,814.969
5/8/2000,844.02
5/9/2000,831.089
5/10/2000,854.672
5/11/2000,985.478
5/12/2000,898.353
5/13/2000,744.901
5/14/2000,811.19
5/15/2000,744.501
5/16/2000,677.448
5/17/2000,589.85
5/18/2000,679.583
5/19/2000,451.391
5/20/2000,567.804
5/21/2000,523.924
5/22/2000,591.156
5/23/2000,603.064
5/24/2000,533.824
5/25/2000,713.384
5/26/2000,823.637
5/27/2000,828.176
5/28/2000,935.009
5/29/2000,979.961
5/30/2000,935.948
5/31/2000,1031.357
6/1/2000,1063.668
6/2/2000,1200.163
6/3/2000,1198.674
6/4/2000,1201.012
6/5/2000,1115.487
6/6/2000,1025.035
6/7/2000,1048.832
6/8/2000,892
6/9/2000,734.561
6/10/2000,826.04
6/11/2000,712.043
6/12/2000,714.475
6/13/2000,623.639
6/14/2000,555.609
6/15/2000,579.112
6/16/2000,464.311
6/17/2000,327.848
6/18/2000,444.222
6/19/2000,375.919
6/20/2000,307.92
6/21/2000,329.919
6/22/2000,375.133
6/23/2000,398.324
6/24/2000,238.129
6/25/2000,487.525
6/26/2000,307.863
6/27/2000,193.631
6/28/2000,330.129
6/29/2000,352.878
6/30/2000,373.887
7/1/2000,175.662
7/2/2000,288.884
7/3/2000,199.184
7/4/2000,174.194
7/5/2000,221.879
7/6/2000,154.784
7/7/2000,358.767
7/8/2000,83.197
7/9/2000,289.497
7/10/2000,129.903
7/11/2000,222.496
7/12/2000,153.937
7/13/2000,199.245
7/14/2000,244.269
7/15/2000,175.985
7/16/2000,106.668
7/17/2000,62.225
7/18/2000,222.084
7/19/2000,153.16
7/20/2000,155.32
7/21/2000,222.098
7/22/2000,130.902
7/23/2000,108.383
7/24/2000,267.559
7/25/2000,131.476
7/26/2000,63.225
7/27/2000,154.147
7/28/2000,63.317
7/29/2000,243.971
7/30/2000,39.269
7/31/2000,176.826
8/1/2000,85.454
8/2/2000,62.684
8/3/2000,154.48
8/4/2000,64.042
8/5/2000,244.57
8/6/2000,108.381
8/7/2000,109.239
8/8/2000,109.138
8/9/2000,41.128
8/10/2000,226.553
8/11/2000,85.954
8/12/2000,155.147
8/13/2000,132.246
8/14/2000,63.828
8/15/2000,130.561
8/16/2000,109.498
8/17/2000,131.463
8/18/2000,109.019
8/19/2000,132.307
8/20/2000,87.02
8/21/2000,199.935
8/22/2000,200.171
8/23/2000,87.58
8/24/2000,221.964
8/25/2000,199.926
8/26/2000,199.494
8/27/2000,266.221
8/28/2000,64.551
8/29/2000,175.967
8/30/2000,177.344
8/31/2000,87.477
9/1/2000,219.333
9/2/2000,131.319
9/3/2000,241.33
9/4/2000,157.004
9/5/2000,146.872
9/6/2000,137.276
9/7/2000,28.646
9/8/2000,265.492
9/9/2000,137.118
9/10/2000,108.339
9/11/2000,220.283
9/12/2000,264.179
9/13/2000,175.079
9/14/2000,197.444
9/15/2000,153.35
9/16/2000,197.441
9/17/2000,84.25
9/18/2000,125.26
9/19/2000,286.861
9/20/2000,106.885
9/21/2000,39.301
9/22/2000,97.651
9/23/2000,108.144
9/24/2000,174.561
9/25/2000,85.635
9/26/2000,152.402
9/27/2000,196.779
9/28/2000,327.291
9/29/2000,62.134
9/30/2000,219.88
10/1/2000,156.453
10/2/2000,152.415
10/3/2000,218.423
10/4/2000,86.576
10/5/2000,349.029
10/6/2000,172.859
10/7/2000,154.381
10/8/2000,158.182
10/9/2000,105.194
10/10/2000,128.302
10/11/2000,84.275
10/12/2000,86.502
10/13/2000,217.73
10/14/2000,155.654
10/15/2000,216.8
10/16/2000,162.399
10/17/2000,153.37
10/18/2000,221.895
10/19/2000,201.706
10/20/2000,178.018
10/21/2000,381.07
10/22/2000,353.359
10/23/2000,200.643
10/24/2000,464.241
10/25/2000,330.628
10/26/2000,243.228
10/27/2000,376.032
10/28/2000,132.186
10/29/2000,156.205
10/30/2000,333.462
10/31/2000,199.465
11/1/2000,289.854
11/2/2000,237.138
11/3/2000,215.143
11/4/2000,168.631
11/5/2000,231.97
11/6/2000,193.604
11/7/2000,125.028
11/8/2000,107.058
11/9/2000,192.539
11/10/2000,259.603
11/11/2000,151.668
11/12/2000,105.346
11/13/2000,195.467
11/14/2000,107.78
11/15/2000,193.668
11/16/2000,174.563
11/17/2000,217.531
11/18/2000,91.839
11/19/2000,204.131
11/20/2000,158.329
11/21/2000,176.715
11/22/2000,132.075
11/23/2000,137.684
11/24/2000,130.867
11/25/2000,136.613
11/26/2000,140.366
11/27/2000,244.848
11/28/2000,155.4
11/29/2000,262.491
11/30/2000,88.772
12/1/2000,247.128
12/2/2000,162.389
12/3/2000,143.244
12/4/2000,160.141
12/5/2000,184.783
12/6/2000,178.931
12/7/2000,191.022
12/8/2000,173.558
12/9/2000,159.483
12/10/2000,98.696
12/11/2000,305.272
12/12/2000,66.515
12/13/2000,149.848
12/14/2000,104.392
12/15/2000,341.668
12/16/2000,76.296
12/17/2000,74.431
12/18/2000,215.154
12/19/2000,193.509
12/20/2000,237.824
12/21/2000,44.742
12/22/2000,150.465
12/23/2000,160.459
12/24/2000,271.692
12/25/2000,12.007
12/26/2000,81.314
12/27/2000,145.142
12/28/2000,209.47
12/29/2000,145.994
12/30/2000,180.57
12/31/2000,113.918
1/1/2001,198.184
1/2/2001,189.535
1/3/2001,101.222
1/4/2001,145.25
1/5/2001,149.477
1/6/2001,169.005
1/7/2001,163.008
1/8/2001,111.16
1/9/2001,133.457
1/10/2001,75.695
1/11/2001,132.222
1/12/2001,196.286
1/13/2001,152.992
1/14/2001,227.847
1/15/2001,161.116
1/16/2001,180.173
1/17/2001,112.903
1/18/2001,156.68
1/19/2001,129.471
1/20/2001,88.337
1/21/2001,204.054
1/22/2001,108.246
1/23/2001,137.406
1/24/2001,171.617
1/25/2001,89.612
1/26/2001,227.405
1/27/2001,134.136
1/28/2001,136.31
1/29/2001,196.986
1/30/2001,142.572
1/31/2001,155.996
2/1/2001,195.71
2/2/2001,122.798
2/3/2001,95.583
2/4/2001,227.608
2/5/2001,133.279
2/6/2001,175.51
2/7/2001,51.356
2/8/2001,135.681
2/9/2001,220.089
2/10/2001,180.743
2/11/2001,148.545
2/12/2001,176.249
2/13/2001,113.319
2/14/2001,179.793
2/15/2001,207.324
2/16/2001,177.82
2/17/2001,225.426
2/18/2001,86.761
2/19/2001,178.026
2/20/2001,92.487
2/21/2001,235.688
2/22/2001,149.643
2/23/2001,192.705
2/24/2001,159.078
2/25/2001,269.855
2/26/2001,194.633
2/27/2001,216.947
2/28/2001,217.365
3/1/2001,257.111
3/2/2001,255.538
3/3/2001,255.197
3/4/2001,219.59
3/5/2001,204.914
3/6/2001,191.411
3/7/2001,238.711
3/8/2001,192.309
3/9/2001,169.818
3/10/2001,292.255
3/11/2001,206.34
3/12/2001,259.26
3/13/2001,258.03
3/14/2001,197.715
3/15/2001,195.287
3/16/2001,150.656
3/17/2001,297.758
3/18/2001,288.978
3/19/2001,198.01
3/20/2001,222.825
3/21/2001,207.085
3/22/2001,213.233
3/23/2001,251.424
3/24/2001,190.787
3/25/2001,175.711
3/26/2001,293.865
3/27/2001,173.477
3/28/2001,294.876
3/29/2001,254.102
3/30/2001,282.824
3/31/2001,256.228
4/1/2001,247.898
4/2/2001,360.133
4/3/2001,175.868
4/4/2001,298.143
4/5/2001,236.246
4/6/2001,277.215
4/7/2001,277.884
4/8/2001,207.665
4/9/2001,159.478
4/10/2001,338.982
4/11/2001,336.476
4/12/2001,235.171
4/13/2001,274.947
4/14/2001,295.979
4/15/2001,310.385
4/16/2001,269.885
4/17/2001,253.655
4/18/2001,194.772
4/19/2001,275.879
4/20/2001,155.026
4/21/2001,298.059
4/22/2001,291.724
4/23/2001,275.014
4/24/2001,294.604
4/25/2001,336.856
4/26/2001,297.588
4/27/2001,397.631
4/28/2001,297.661
4/29/2001,321.258
4/30/2001,380.217
5/1/2001,475.672
5/2/2001,369.438
5/3/2001,490.497
5/4/2001,471.13
5/5/2001,573.514
5/6/2001,698.842
5/7/2001,612.219
5/8/2001,587.675
5/9/2001,536.58
5/10/2001,492.514
5/11/2001,533.127
5/12/2001,470.483
5/13/2001,537.595
5/14/2001,404.955
5/15/2001,592.844
5/16/2001,899.088
5/17/2001,818.732
5/18/2001,1094.174
5/19/2001,1008.472
5/20/2001,1061.777
5/21/2001,1193.096
5/22/2001,1137.025
5/23/2001,1099.088
5/24/2001,1101.166
5/25/2001,1041.795
5/26/2001,960.831
5/27/2001,966.934
5/28/2001,920.017
5/29/2001,1145.846
5/30/2001,996.979
5/31/2001,956.032
6/1/2001,968.264
6/2/2001,815.743
6/3/2001,880.639
6/4/2001,757.668
6/5/2001,863.349
6/6/2001,864.511
6/7/2001,758.276
6/8/2001,696.024
6/9/2001,668.75
6/10/2001,582.139
6/11/2001,674.628
6/12/2001,892.364
6/13/2001,222.067
6/14/2001,567.765
6/15/2001,590.656
6/16/2001,498.436
6/17/2001,503.069
6/18/2001,438.475
6/19/2001,481.905
6/20/2001,394.507
6/21/2001,418.476
6/22/2001,245.085
6/23/2001,526.592
6/24/2001,223.537
6/25/2001,286.427
6/26/2001,460.596
6/27/2001,309.571
6/28/2001,204.616
6/29/2001,256.581
6/30/2001,343.604
7/1/2001,263.283
7/2/2001,150.116
7/3/2001,308.61
7/4/2001,123.196
7/5/2001,220.09
7/6/2001,106.958
7/7/2001,45.815
7/8/2001,81.401
7/9/2001,242.62
7/10/2001,284.165
7/11/2001,241.624
7/12/2001,176.22
7/13/2001,199.834
7/14/2001,262.299
7/15/2001,18.798
7/16/2001,220.725
7/17/2001,200.624
7/18/2001,177.613
7/19/2001,177.412
7/20/2001,135.841
7/21/2001,175.821
7/22/2001,104.098
7/23/2001,114.105
7/24/2001,201.331
7/25/2001,98.929
7/26/2001,97.83
7/27/2001,84.717
7/28/2001,34.127
7/29/2001,105.588
7/30/2001,139.095
7/31/2001,136.985
8/1/2001,116.61
8/2/2001,113.672
8/3/2001,7.669
8/4/2001,220.074
8/5/2001,186.612
8/6/2001,134.147
8/7/2001,116.434
8/8/2001,156.784
8/9/2001,516.896
8/10/2001,198.363
8/11/2001,94.376
8/12/2001,312.132
8/13/2001,284.257
8/14/2001,367.065
8/15/2001,325.137
8/16/2001,283.633
8/17/2001,95.661
8/18/2001,157.23
8/19/2001,311.653
8/20/2001,52.875
8/21/2001,346.029
8/22/2001,74.417
8/23/2001,180.865
8/24/2001,221.694
8/25/2001,200.696
8/26/2001,186.851
8/27/2001,200.895
8/28/2001,96.376
8/29/2001,202.548
8/30/2001,99.241
8/31/2001,139.975
9/1/2001,157.833
9/2/2001,120.652
9/3/2001,161.393
9/4/2001,170.359
9/5/2001,44.804
9/6/2001,253.662
9/7/2001,87.028
9/8/2001,64.425
9/9/2001,56.129
9/10/2001,149.694
9/11/2001,148.908
9/12/2001,191.512
9/13/2001,25.718
9/14/2001,234.033
9/15/2001,191.539
9/16/2001,80.649
9/17/2001,378.321
9/18/2001,151.176
9/19/2001,67.879
9/20/2001,172.457
9/21/2001,193.822
9/22/2001,231.864
9/23/2001,161.579
9/24/2001,131.286
9/25/2001,191.555
9/26/2001,192.405
9/27/2001,150.786
9/28/2001,152.29
9/29/2001,212.322
9/30/2001,85.02
10/1/2001,85.076
10/2/2001,121.264
10/3/2001,121.109
10/4/2001,103.197
10/5/2001,102.557
10/6/2001,103.512
10/7/2001,43.624
10/8/2001,83.944
10/9/2001,148.803
10/10/2001,191.308
10/11/2001,125.952
10/12/2001,146.281
10/13/2001,39.261
10/14/2001,207.841
10/15/2001,145.219
10/16/2001,125.27
10/17/2001,105.772
10/18/2001,207.35
10/19/2001,168.918
10/20/2001,163.886
10/21/2001,208.045
10/22/2001,106.166
10/23/2001,206.804
10/24/2001,107.274
10/25/2001,105.963
10/26/2001,188.18
10/27/2001,124.295
10/28/2001,167.109
10/29/2001,166.099
10/30/2001,123.867
10/31/2001,127.009
11/1/2001,192.076
11/2/2001,172.866
11/3/2001,166.838
11/4/2001,177.352
11/5/2001,133.286
11/6/2001,170.944
11/7/2001,213.239
11/8/2001,205.191
11/9/2001,90.197
11/10/2001,162.581
11/11/2001,169.447
11/12/2001,191.892
11/13/2001,150.962
11/14/2001,127.816
11/15/2001,148.186
11/16/2001,125.506
11/17/2001,144.338
11/18/2001,221.202
11/19/2001,116.004
11/20/2001,134.35
11/21/2001,172.724
11/22/2001,184.358
11/23/2001,74.416
11/24/2001,131.593
11/25/2001,227.68
11/26/2001,147.894
11/27/2001,29.879
11/28/2001,132.711
11/29/2001,228.16
11/30/2001,270.742
12/1/2001,171.641
12/2/2001,147.327
12/3/2001,251.197
12/4/2001,54.116
12/5/2001,29.745
12/6/2001,166.208
12/7/2001,65.423
12/8/2001,202.389
12/9/2001,216.143
12/10/2001,2.462
12/11/2001,183.133
12/12/2001,103.124
12/13/2001,99.391
12/14/2001,161.789
12/15/2001,109.858
12/16/2001,105.208
12/17/2001,43.611
12/18/2001,123.459
12/19/2001,173.962
12/20/2001,108.731
12/21/2001,28.112
12/22/2001,176.267
12/23/2001,145.789
12/24/2001,88.116
12/25/2001,177.763
12/26/2001,83.267
12/27/2001,169.957
12/28/2001,150.132
12/29/2001,150.739
12/30/2001,109.215
12/31/2001,212.307
1/1/2002,156.384
1/2/2002,49.751
1/3/2002,174.802
1/4/2002,163.884
1/5/2002,187.602
1/6/2002,144.303
1/7/2002,214.374
1/8/2002,156.988
1/9/2002,138.123
1/10/2002,58.632
1/11/2002,218.915
1/12/2002,32.218
1/13/2002,218.33
1/14/2002,114.668
1/15/2002,186.365
1/16/2002,103.792
1/17/2002,139.127
1/18/2002,40.079
1/19/2002,138.291
1/20/2002,84.033
1/21/2002,121.19
1/22/2002,200.113
1/23/2002,159.823
1/24/2002,81.752
1/25/2002,82.236
1/26/2002,138.598
1/27/2002,152.049
1/28/2002,88.719
1/29/2002,93.672
1/30/2002,189.712
1/31/2002,93.234
2/1/2002,188.329
2/2/2002,72.501
2/3/2002,139.556
2/4/2002,93.484
2/5/2002,189.532
2/6/2002,105.272
2/7/2002,121.81
2/8/2002,106.979
2/9/2002,153.502
2/10/2002,104.466
2/11/2002,137.617
2/12/2002,174.429
2/13/2002,95.015
2/14/2002,170.849
2/15/2002,132.284
2/16/2002,133.355
2/17/2002,89.49
2/18/2002,171.596
2/19/2002,115.198
2/20/2002,210.488
2/21/2002,133.186
2/22/2002,134.152
2/23/2002,153.344
2/24/2002,129.062
2/25/2002,193.595
2/26/2002,95.804
2/27/2002,186.468
2/28/2002,127.1
3/1/2002,126.42
3/2/2002,157.038
3/3/2002,138.818
3/4/2002,193.49
3/5/2002,99.946
3/6/2002,101.396
3/7/2002,236.894
3/8/2002,200.064
3/9/2002,105.778
3/10/2002,79.399
3/11/2002,103.863
3/12/2002,98.302
3/13/2002,160.961
3/14/2002,161.33
3/15/2002,104.587
3/16/2002,203.471
3/17/2002,142.783
3/18/2002,151.307
3/19/2002,159.833
3/20/2002,234.855
3/21/2002,180.282
3/22/2002,104.028
3/23/2002,171.316
3/24/2002,138.11
3/25/2002,135.515
3/26/2002,343.04
3/27/2002,142.838
3/28/2002,196.137
3/29/2002,120.786
3/30/2002,211.819
3/31/2002,136.949
4/1/2002,156.336
4/2/2002,192.217
4/3/2002,191.744
4/4/2002,248.478
4/5/2002,136.834
4/6/2002,278.323
4/7/2002,202.023
4/8/2002,155.53
4/9/2002,176.247
4/10/2002,383.151
4/11/2002,88.075
4/12/2002,271.649
4/13/2002,112.974
4/14/2002,164.772
4/15/2002,101.557
4/16/2002,176.56
4/17/2002,346.888
4/18/2002,140.63
4/19/2002,67.053
4/20/2002,304.437
4/21/2002,203.649
4/22/2002,164.247
4/23/2002,178.909
4/24/2002,234.672
4/25/2002,141.271
4/26/2002,272.146
4/27/2002,58.71
4/28/2002,164.264
4/29/2002,121.207
4/30/2002,178.456
5/1/2002,209.075
5/2/2002,105.219
5/3/2002,210.681
5/4/2002,186.328
5/5/2002,170.157
5/6/2002,149.106
5/7/2002,199.902
5/8/2002,143.002
5/9/2002,236.043
5/10/2002,219.089
5/11/2002,161.036
5/12/2002,243.674
5/13/2002,161.222
5/14/2002,141.812
5/15/2002,180.563
5/16/2002,314.432
5/17/2002,84.012
5/18/2002,189.938
5/19/2002,223.684
5/20/2002,77.101
5/21/2002,141.945
5/22/2002,197.875
5/23/2002,229.468
5/24/2002,240.948
5/25/2002,204.362
5/26/2002,204.96
5/27/2002,316.685
5/28/2002,334.543
5/29/2002,354.042
5/30/2002,261.432
5/31/2002,261.049
6/1/2002,267.926
6/2/2002,285.595
6/3/2002,191.315
6/4/2002,247.758
6/5/2002,390.274
6/6/2002,316.19
6/7/2002,224.61
6/8/2002,293.387
6/9/2002,154.674
6/10/2002,130.601
6/11/2002,223.034
6/12/2002,204.319
6/13/2002,223.054
6/14/2002,113.402
6/15/2002,182.835
6/16/2002,137.907
6/17/2002,186.79
6/18/2002,149.019
6/19/2002,147.047
6/20/2002,37.786
6/21/2002,114.958
6/22/2002,55.995
6/23/2002,154.884
6/24/2002,77.075
6/25/2002,24.195
6/26/2002,80.561
6/27/2002,43.238
6/28/2002,61.635
6/29/2002,114.006
6/30/2002,86.314
7/1/2002,34.78
7/2/2002,128.647
7/3/2002,17.278
7/4/2002,167.553
7/5/2002,28.239
7/6/2002,23.373
7/7/2002,95.602
7/8/2002,62.042
7/9/2002,79.05
7/10/2002,7.857
7/11/2002,65.652
7/12/2002,78.892
7/13/2002,59.598
7/14/2002,62.16
7/15/2002,61.549
7/16/2002,60.583
7/17/2002,25.916
7/18/2002,22.881
7/19/2002,53.296
7/20/2002,53.091
7/21/2002,48.555
7/22/2002,59.283
7/23/2002,8.874
7/24/2002,39.063
7/25/2002,21.861
7/26/2002,42.116
7/27/2002,53.888
7/28/2002,126.525
7/29/2002,61.61
7/30/2002,28.18
7/31/2002,68.569
8/1/2002,71.684
8/2/2002,123.827
8/3/2002,58.968
8/4/2002,40.076
8/5/2002,15.65
8/6/2002,79.971
8/7/2002,31.685
8/8/2002,53.907
8/9/2002,63.72
8/10/2002,110.999
8/11/2002,7.842
8/12/2002,112.288
8/13/2002,60.888
8/14/2002,45.326
8/15/2002,31.278
8/16/2002,32.872
8/17/2002,101.684
8/18/2002,49.677
8/19/2002,103.841
8/20/2002,46.379
8/21/2002,34.384
8/22/2002,15.139
8/23/2002,17.09
8/24/2002,121.234
8/25/2002,11.748
8/26/2002,21.43
8/27/2002,96.632
8/28/2002,229.98
8/29/2002,20.704
8/30/2002,39.274
8/31/2002,10.551
9/1/2002,84.522
9/2/2002,80.166
9/3/2002,48.126
9/4/2002,93.184
9/5/2002,126.63
9/6/2002,143.331
9/7/2002,401.686
9/8/2002,368.171
9/9/2002,160.649
9/10/2002,335.317
9/11/2002,420.984
9/12/2002,385.686
9/13/2002,606.865
9/14/2002,402.484
9/15/2002,318.484
9/16/2002,212.31
9/17/2002,176.466
9/18/2002,108.678
9/19/2002,182.486
9/20/2002,216.512
9/21/2002,214.273
9/22/2002,131.099
9/23/2002,143.707
9/24/2002,108.722
9/25/2002,278.82
9/26/2002,23.828
9/27/2002,92.2
9/28/2002,61.523
9/29/2002,64.438
9/30/2002,143.222
10/1/2002,284.38
10/2/2002,64.948
10/3/2002,83.491
10/4/2002,201.038
10/5/2002,177.108
10/6/2002,132.121
10/7/2002,168.234
10/8/2002,167.291
10/9/2002,144.702
10/10/2002,131.92
10/11/2002,201.844
10/12/2002,140.146
10/13/2002,117.074
10/14/2002,131.432
10/15/2002,150.524
10/16/2002,116.369
10/17/2002,66.381
10/18/2002,135.007
10/19/2002,156.459
10/20/2002,116.134
10/21/2002,101.915
10/22/2002,151.238
10/23/2002,68.019
10/24/2002,166.692
10/25/2002,166.486
10/26/2002,210.9
10/27/2002,115.282
10/28/2002,117.4
10/29/2002,235.794
10/30/2002,121.174
10/31/2002,241.808
11/1/2002,201.705
11/2/2002,272.727
11/3/2002,15.622
11/4/2002,117.511
11/5/2002,118.72
11/6/2002,185.416
11/7/2002,99.811
11/8/2002,132.653
11/9/2002,174.305
11/10/2002,203.807
11/11/2002,281.939
11/12/2002,250.277
11/13/2002,183.724
11/14/2002,133.531
11/15/2002,251.22
11/16/2002,141.302
11/17/2002,114.929
11/18/2002,184.859
11/19/2002,150.186
11/20/2002,167.065
11/21/2002,119.616
11/22/2002,183.682
11/23/2002,92.134
11/24/2002,119.85
11/25/2002,267.54
11/26/2002,50.498
11/27/2002,150.546
11/28/2002,136.145
11/29/2002,185.101
11/30/2002,174.803
12/1/2002,108.963
12/2/2002,150.448
12/3/2002,68.508
12/4/2002,133.777
12/5/2002,132.887
12/6/2002,152.818
12/7/2002,120.307
12/8/2002,107.9
12/9/2002,118.789
12/10/2002,151.864
12/11/2002,169.362
12/12/2002,109.262
12/13/2002,119.966
12/14/2002,171.462
12/15/2002,95.078
12/16/2002,185.975
12/17/2002,38.181
12/18/2002,86.334
12/19/2002,139.466
12/20/2002,55.655
12/21/2002,217.674
12/22/2002,129.992
12/23/2002,85.105
12/24/2002,120.134
12/25/2002,144.415
12/26/2002,72.583
12/27/2002,187.049
12/28/2002,105.122
12/29/2002,64.49
12/30/2002,187.707
12/31/2002,73.327
1/1/2003,103.979
1/2/2003,107.017
1/3/2003,88.146
1/4/2003,58.217
1/5/2003,140.247
1/6/2003,123.515
1/7/2003,157.002
1/8/2003,74.25
1/9/2003,139.809
1/10/2003,107.717
1/11/2003,156.203
1/12/2003,140.976
1/13/2003,156.132
1/14/2003,75.392
1/15/2003,123.556
1/16/2003,115.712
1/17/2003,92.659
1/18/2003,109.669
1/19/2003,76.671
1/20/2003,126.675
1/21/2003,60.829
1/22/2003,119.18
1/23/2003,157.14
1/24/2003,110.635
1/25/2003,93.153
1/26/2003,124.495
1/27/2003,122.989
1/28/2003,128.653
1/29/2003,94.557
1/30/2003,111.199
1/31/2003,143.015
2/1/2003,48.219
2/2/2003,127.734
2/3/2003,83.174
2/4/2003,208.299
2/5/2003,49.516
2/6/2003,134.301
2/7/2003,132.517
2/8/2003,65.738
2/9/2003,131.666
2/10/2003,99.32
2/11/2003,84.568
2/12/2003,147.042
2/13/2003,138.554
2/14/2003,130.054
2/15/2003,132.175
2/16/2003,86.009
2/17/2003,147.379
2/18/2003,148.015
2/19/2003,227.77
2/20/2003,116.845
2/21/2003,86.646
2/22/2003,101.457
2/23/2003,85.274
2/24/2003,196.498
2/25/2003,258.963
2/26/2003,88.707
2/27/2003,135.342
2/28/2003,213.49
3/1/2003,246.333
3/2/2003,91.322
3/3/2003,122.623
3/4/2003,136.162
3/5/2003,135.781
3/6/2003,182.645
3/7/2003,152.463
3/8/2003,187.332
3/9/2003,171.252
3/10/2003,152.561
3/11/2003,152.323
3/12/2003,168.937
3/13/2003,105.034
3/14/2003,122.735
3/15/2003,138.02
3/16/2003,216.042
3/17/2003,249.638
3/18/2003,169.357
3/19/2003,215.916
3/20/2003,323.445
3/21/2003,189.391
3/22/2003,199.274
3/23/2003,184.329
3/24/2003,139.313
3/25/2003,293.268
3/26/2003,185.657
3/27/2003,186.074
3/28/2003,94.134
3/29/2003,185.058
3/30/2003,202.357
3/31/2003,139.904
4/1/2003,189.743
4/2/2003,141.771
4/3/2003,217.573
4/4/2003,171.456
4/5/2003,81.592
4/6/2003,150.12
4/7/2003,203.164
4/8/2003,166.679
4/9/2003,170.573
4/10/2003,140.232
4/11/2003,231.104
4/12/2003,141.298
4/13/2003,164.153
4/14/2003,125.324
4/15/2003,155.456
4/16/2003,217.905
4/17/2003,202.472
4/18/2003,125.876
4/19/2003,247.482
4/20/2003,240.583
4/21/2003,232.736
4/22/2003,231.791
4/23/2003,307.834
4/24/2003,248.175
4/25/2003,201.929
4/26/2003,232.382
4/27/2003,271.374
4/28/2003,198.086
4/29/2003,172.497
4/30/2003,253.323
5/1/2003,257.456
5/2/2003,348.943
5/3/2003,398.397
5/4/2003,353.826
5/5/2003,440.083
5/6/2003,364.649
5/7/2003,286.397
5/8/2003,455.035
5/9/2003,256.644
5/10/2003,306.228
5/11/2003,262.635
5/12/2003,334.383
5/13/2003,287.427
5/14/2003,317.652
5/15/2003,271.567
5/16/2003,272.093
5/17/2003,215.938
5/18/2003,429.124
5/19/2003,407.194
5/20/2003,484.302
5/21/2003,605.756
5/22/2003,696.356
5/23/2003,801.849
5/24/2003,941.952
5/25/2003,973.147
5/26/2003,959.573
5/27/2003,1130.77
5/28/2003,1066.865
5/29/2003,1096.558
5/30/2003,1172.177
5/31/2003,1423.179
6/1/2003,1380.001
6/2/2003,1398.304
6/3/2003,1527.55
6/4/2003,1498.061
6/5/2003,1297.424
6/6/2003,1347.936
6/7/2003,1266.02
6/8/2003,1073.077
6/9/2003,909.421
6/10/2003,733.508
6/11/2003,719.504
6/12/2003,687.834
6/13/2003,575.335
6/14/2003,629.42
6/15/2003,547.856
6/16/2003,656.822
6/17/2003,482.901
6/18/2003,690.561
6/19/2003,418.603
6/20/2003,401.433
6/21/2003,439.3
6/22/2003,483.583
6/23/2003,508.694
6/24/2003,355.674
6/25/2003,373.847
6/26/2003,357.945
6/27/2003,390.929
6/28/2003,371.502
6/29/2003,277.647
6/30/2003,261.189
7/1/2003,290.24
7/2/2003,225.913
7/3/2003,273.722
7/4/2003,283.854
7/5/2003,202.404
7/6/2003,219.393
7/7/2003,225.602
7/8/2003,178.894
7/9/2003,209.958
7/10/2003,193.704
7/11/2003,131.334
7/12/2003,168.623
7/13/2003,139.116
7/14/2003,133.953
7/15/2003,133.131
7/16/2003,149.258
7/17/2003,68.542
7/18/2003,52.304
7/19/2003,201.264
7/20/2003,172.472
7/21/2003,103.687
7/22/2003,108.396
7/23/2003,131.513
7/24/2003,24.773
7/25/2003,191.44
7/26/2003,15.936
7/27/2003,80.186
7/28/2003,123.184
7/29/2003,96.295
7/30/2003,132.393
7/31/2003,177.996
8/1/2003,62.531
8/2/2003,267.983
8/3/2003,128.293
8/4/2003,76.155
8/5/2003,122.388
8/6/2003,170.74
8/7/2003,140.824
8/8/2003,139.859
8/9/2003,22.104
8/10/2003,52.522
8/11/2003,140.785
8/12/2003,94.44
8/13/2003,111.05
8/14/2003,172.559
8/15/2003,114.15
8/16/2003,75.167
8/17/2003,87.424
8/18/2003,145.651
8/19/2003,70.783
8/20/2003,176.803
8/21/2003,146.165
8/22/2003,146.669
8/23/2003,79.354
8/24/2003,135.188
8/25/2003,191.824
8/26/2003,86.895
8/27/2003,178.811
8/28/2003,86.186
8/29/2003,131.915
8/30/2003,198.76
8/31/2003,44.004
9/1/2003,110.64
9/2/2003,117.723
9/3/2003,178.242
9/4/2003,118.265
9/5/2003,179.593
9/6/2003,91.024
9/7/2003,73.283
9/8/2003,150.778
9/9/2003,615.315
9/10/2003,416.969
9/11/2003,706.299
9/12/2003,540.891
9/13/2003,481.271
9/14/2003,281.837
9/15/2003,227.328
9/16/2003,180.096
9/17/2003,255.825
9/18/2003,134.503
9/19/2003,181.122
9/20/2003,181.07
9/21/2003,147.231
9/22/2003,150.799
9/23/2003,149.724
9/24/2003,195.907
9/25/2003,132.302
9/26/2003,150.887
9/27/2003,136.458
9/28/2003,131.511
9/29/2003,104.019
9/30/2003,191.813
10/1/2003,232.151
10/2/2003,142.207
10/3/2003,141.302
10/4/2003,212.635
10/5/2003,213.046
10/6/2003,216.086
10/7/2003,142.381
10/8/2003,245.986
10/9/2003,170.642
10/10/2003,216.787
10/11/2003,49.173
10/12/2003,63.824
10/13/2003,202.076
10/14/2003,111.853
10/15/2003,141.293
10/16/2003,155.261
10/17/2003,171.425
10/18/2003,167.897
10/19/2003,168.011
10/20/2003,155.205
10/21/2003,154.301
10/22/2003,156.693
10/23/2003,156.105
10/24/2003,141.218
10/25/2003,123.946
10/26/2003,38.007
10/27/2003,126.334
10/28/2003,155.62
10/29/2003,171.308
10/30/2003,156.726
10/31/2003,81.893
11/1/2003,127.586
11/2/2003,152.592
11/3/2003,111.219
11/4/2003,171.482
11/5/2003,185.685
11/6/2003,155.471
11/7/2003,111.263
11/8/2003,183.144
11/9/2003,107.7
11/10/2003,423.789
11/11/2003,168.166
11/12/2003,229.712
11/13/2003,347.498
11/14/2003,169.553
11/15/2003,225.343
11/16/2003,108.514
11/17/2003,184.718
11/18/2003,200.39
11/19/2003,184.471
11/20/2003,156.857
11/21/2003,140.992
11/22/2003,184.699
11/23/2003,91.752
11/24/2003,110.319
11/25/2003,96.327
11/26/2003,139.999
11/27/2003,210.74
11/28/2003,141.85
11/29/2003,184.345
11/30/2003,76.734
12/1/2003,64.63
12/2/2003,193.702
12/3/2003,136.359
12/4/2003,137.555
12/5/2003,136.855
12/6/2003,116.638
12/7/2003,173.03
12/8/2003,119.174
12/9/2003,178.961
12/10/2003,134.481
12/11/2003,179.113
12/12/2003,90.815
12/13/2003,145.673
12/14/2003,76.14
12/15/2003,308.724
12/16/2003,75.555
12/17/2003,161.509
12/18/2003,105.564
12/19/2003,135.197
12/20/2003,132.883
12/21/2003,96.193
12/22/2003,140.048
12/23/2003,121.22
12/24/2003,111.089
12/25/2003,180.52
12/26/2003,22.926
12/27/2003,147.738
12/28/2003,138.311
12/29/2003,154.909
12/30/2003,169.457
12/31/2003,97.265
1/1/2004,134.674
1/2/2004,134.672
1/3/2004,20.242
1/4/2004,236.363
1/5/2004,80.394
1/6/2004,177.914
1/7/2004,79.11
1/8/2004,108.573
1/9/2004,50.343
1/10/2004,78.205
1/11/2004,105.362
1/12/2004,94.22
1/13/2004,122.659
1/14/2004,122.483
1/15/2004,80.424
1/16/2004,122.822
1/17/2004,52.131
1/18/2004,152.503
1/19/2004,96.25
1/20/2004,139.25
1/21/2004,139.143
1/22/2004,152.899
1/23/2004,81.661
1/24/2004,97.66
1/25/2004,125.275
1/26/2004,168.212
1/27/2004,68.121
1/28/2004,111.914
1/29/2004,154.599
1/30/2004,70.401
1/31/2004,259.156
2/1/2004,29.239
2/2/2004,211.816
2/3/2004,71.111
2/4/2004,86.971
2/5/2004,134.846
2/6/2004,121.574
2/7/2004,121.979
2/8/2004,171.084
2/9/2004,147.674
2/10/2004,66.554
2/11/2004,220.873
2/12/2004,25.71
2/13/2004,137.503
2/14/2004,137.898
2/15/2004,86.264
2/16/2004,107.978
2/17/2004,125.657
2/18/2004,152.464
2/19/2004,97.273
2/20/2004,111.216
2/21/2004,208.708
2/22/2004,61.591
2/23/2004,220.637
2/24/2004,98.336
2/25/2004,194.834
2/26/2004,153.583
2/27/2004,99.678
2/28/2004,292.365
2/29/2004,118.499
3/1/2004,223.346
3/2/2004,165.673
3/3/2004,157.723
3/4/2004,76.008
3/5/2004,185.084
3/6/2004,131.549
3/7/2004,228.788
3/8/2004,196.896
3/9/2004,145.067
3/10/2004,174.101
3/11/2004,159.738
3/12/2004,173.807
3/13/2004,227.445
3/14/2004,132.964
3/15/2004,224.388
3/16/2004,200.136
3/17/2004,172.98
3/18/2004,165.425
3/19/2004,186.984
3/20/2004,146.71
3/21/2004,172.2
3/22/2004,199.271
3/23/2004,228.069
3/24/2004,188.144
3/25/2004,201.639
3/26/2004,308.776
3/27/2004,174.867
3/28/2004,304.521
3/29/2004,333.253
3/30/2004,285.447
3/31/2004,297.97
4/1/2004,316.817
4/2/2004,220.413
4/3/2004,335.969
4/4/2004,289.424
4/5/2004,416.991
4/6/2004,371.6
4/7/2004,382.842
4/8/2004,381.144
4/9/2004,371.055
4/10/2004,350.564
4/11/2004,371.209
4/12/2004,408.091
4/13/2004,381.491
4/14/2004,381.536
4/15/2004,369.517
4/16/2004,341.096
4/17/2004,295.85
4/18/2004,382.192
4/19/2004,273.84
4/20/2004,289.705
4/21/2004,368.695
4/22/2004,221.66
4/23/2004,248.624
4/24/2004,347.408
4/25/2004,273.343
4/26/2004,328.975
4/27/2004,277.069
4/28/2004,326.211
4/29/2004,139.781
4/30/2004,313.903
5/1/2004,246.46
5/2/2004,298.224
5/3/2004,308.55
5/4/2004,283.201
5/5/2004,302.27
5/6/2004,269.125
5/7/2004,310.157
5/8/2004,425.473
5/9/2004,429.055
5/10/2004,417.718
5/11/2004,592.537
5/12/2004,541.083
5/13/2004,689.284
5/14/2004,607.543
5/15/2004,617.158
5/16/2004,677.007
5/17/2004,647.9
5/18/2004,502.885
5/19/2004,518.918
5/20/2004,493.14
5/21/2004,504.157
5/22/2004,485.914
5/23/2004,487.094
5/24/2004,600.294
5/25/2004,587.228
5/26/2004,410.861
5/27/2004,479.478
5/28/2004,443.521
5/29/2004,500.417
5/30/2004,456.655
5/31/2004,470.346
6/1/2004,476.811
6/2/2004,418.898
6/3/2004,395.641
6/4/2004,347.115
6/5/2004,358.694
6/6/2004,343.401
6/7/2004,374.691
6/8/2004,401.716
6/9/2004,427.525
6/10/2004,429.52
6/11/2004,436.389
6/12/2004,437.7
6/13/2004,496.892
6/14/2004,477.797
6/15/2004,353.465
6/16/2004,423.659
6/17/2004,270.506
6/18/2004,409.464
6/19/2004,271.925
6/20/2004,315.669
6/21/2004,299.662
6/22/2004,272.219
6/23/2004,259.296
6/24/2004,300.537
6/25/2004,312.317
6/26/2004,204.672
6/27/2004,192.853
6/28/2004,475.758
6/29/2004,176.313
6/30/2004,244.315
7/1/2004,166.602
7/2/2004,179.625
7/3/2004,212.964
7/4/2004,245.833
7/5/2004,204.922
7/6/2004,197.841
7/7/2004,156.862
7/8/2004,190.451
7/9/2004,170.196
7/10/2004,176.332
7/11/2004,162.251
7/12/2004,166.566
7/13/2004,125.276
7/14/2004,147.384
7/15/2004,120.433
7/16/2004,106.42
7/17/2004,69.282
7/18/2004,233.675
7/19/2004,133.181
7/20/2004,131.841
7/21/2004,108.232
7/22/2004,230.919
7/23/2004,111.767
7/24/2004,150.187
7/25/2004,105.415
7/26/2004,139.191
7/27/2004,289.371
7/28/2004,29.342
7/29/2004,136.402
7/30/2004,99.519
7/31/2004,112.093
8/1/2004,238.116
8/2/2004,158.182
8/3/2004,101.709
8/4/2004,114.326
8/5/2004,115.656
8/6/2004,154.525
8/7/2004,27.219
8/8/2004,156.322
8/9/2004,117.068
8/10/2004,105.655
8/11/2004,52.957
8/12/2004,104.585
8/13/2004,145.121
8/14/2004,82.99
8/15/2004,195.992
8/16/2004,107.874
8/17/2004,31.617
8/18/2004,31.111
8/19/2004,160.483
8/20/2004,147.094
8/21/2004,123.826
8/22/2004,67.816
8/23/2004,150.417
8/24/2004,58.712
8/25/2004,157.075
8/26/2004,186.535
8/27/2004,33.284
8/28/2004,125.579
8/29/2004,109.394
8/30/2004,114.359
8/31/2004,110.579
9/1/2004,118.781
9/2/2004,73.423
9/3/2004,46.869
9/4/2004,229.152
9/5/2004,68.547
9/6/2004,181.851
9/7/2004,198.198
9/8/2004,186.978
9/9/2004,212.083
9/10/2004,198.448
9/11/2004,203.604
9/12/2004,118.415
9/13/2004,134.627
9/14/2004,173.596
9/15/2004,84.888
9/16/2004,148.268
9/17/2004,110.907
9/18/2004,53.519
9/19/2004,456.166
9/20/2004,211.22
9/21/2004,210.723
9/22/2004,210.908
9/23/2004,285.897
9/24/2004,311.561
9/25/2004,279.08
9/26/2004,234.133
9/27/2004,225.244
9/28/2004,212.398
9/29/2004,326.051
9/30/2004,264.386
10/1/2004,284.664
10/2/2004,320.818
10/3/2004,254.424
10/4/2004,191.01
10/5/2004,284.36
10/6/2004,384.168
10/7/2004,210.008
10/8/2004,233.488
10/9/2004,281.243
10/10/2004,226.021
10/11/2004,196.195
10/12/2004,184.41
10/13/2004,208.797
10/14/2004,146.696
10/15/2004,183.607
10/16/2004,185.219
10/17/2004,152.676
10/18/2004,196.683
10/19/2004,195.891
10/20/2004,147.119
10/21/2004,145.71
10/22/2004,321.166
10/23/2004,196.781
10/24/2004,215.576
10/25/2004,208.034
10/26/2004,233.91
10/27/2004,260.066
10/28/2004,295.314
10/29/2004,222.091
10/30/2004,198.291
10/31/2004,314.36
11/1/2004,282.8
11/2/2004,188.718
11/3/2004,290.872
11/4/2004,240.351
11/5/2004,216.021
11/6/2004,215.348
11/7/2004,268.174
11/8/2004,160.989
11/9/2004,337.254
11/10/2004,270.782
11/11/2004,259.175
11/12/2004,270.564
11/13/2004,284.475
11/14/2004,232.452
11/15/2004,245.231
11/16/2004,219.545
11/17/2004,209.985
11/18/2004,237.489
11/19/2004,241.349
11/20/2004,218.439
11/21/2004,243.26
11/22/2004,110.333
11/23/2004,73.333
11/24/2004,88.16
11/25/2004,165.467
11/26/2004,227.867
11/27/2004,227.658
11/28/2004,178.932
11/29/2004,179.213
11/30/2004,214.799
12/1/2004,179.459
12/2/2004,193.047
12/3/2004,162.256
12/4/2004,165.564
12/5/2004,136.58
12/6/2004,132.172
12/7/2004,155.103
12/8/2004,142.333
12/9/2004,142.873
12/10/2004,144.551
12/11/2004,175.135
12/12/2004,171
12/13/2004,191.411
12/14/2004,155.344
12/15/2004,155.367
12/16/2004,216.776
12/17/2004,179.663
12/18/2004,199.794
12/19/2004,183.376
12/20/2004,191.609
12/21/2004,179.901
12/22/2004,167.524
12/23/2004,150.99
12/24/2004,136.037
12/25/2004,161.612
12/26/2004,98.326
12/27/2004,75.868
12/28/2004,193.207
12/29/2004,290.334
12/30/2004,280.6
12/31/2004,254.23
1/1/2005,256.821
1/2/2005,292.003
1/3/2005,316.382
1/4/2005,329.05
1/5/2005,269.329
1/6/2005,244.117
1/7/2005,185.14
1/8/2005,159.106
1/9/2005,218.559
1/10/2005,244.359
1/11/2005,434.834
1/12/2005,376.697
1/13/2005,400.385
1/14/2005,399.701
1/15/2005,351.899
1/16/2005,278.671
1/17/2005,280.012
1/18/2005,255.019
1/19/2005,245.084
1/20/2005,232.305
1/21/2005,264.83
1/22/2005,171.869
1/23/2005,230.277
1/24/2005,161.661
1/25/2005,256.518
1/26/2005,224.569
1/27/2005,281.449
1/28/2005,255.721
1/29/2005,235.403
1/30/2005,276.853
1/31/2005,233.373
2/1/2005,248.284
2/2/2005,187.303
2/3/2005,235.344
2/4/2005,200.608
2/5/2005,212.014
2/6/2005,206.855
2/7/2005,222.076
2/8/2005,146.539
2/9/2005,212.332
2/10/2005,201.963
2/11/2005,224.902
2/12/2005,273.274
2/13/2005,254.762
2/14/2005,330.027
2/15/2005,302.761
2/16/2005,246.318
2/17/2005,247.446
2/18/2005,176.353
2/19/2005,294.088
2/20/2005,241.939
2/21/2005,316.453
2/22/2005,364.317
2/23/2005,330.176
2/24/2005,315.13
2/25/2005,235.364
2/26/2005,271.268
2/27/2005,278.483
2/28/2005,248.18
3/1/2005,284.211
3/2/2005,215.935
3/3/2005,308.954
3/4/2005,249.31
3/5/2005,215.011
3/6/2005,207.729
3/7/2005,224.907
3/8/2005,213.978
3/9/2005,201.253
3/10/2005,237.627
3/11/2005,250.068
3/12/2005,226.752
3/13/2005,265.655
3/14/2005,216.522
3/15/2005,168.942
3/16/2005,251.205
3/17/2005,273.247
3/18/2005,274.6
3/19/2005,251.623
3/20/2005,289.554
3/21/2005,307.956
3/22/2005,252.404
3/23/2005,274.88
3/24/2005,266.15
3/25/2005,206.911
3/26/2005,287.629
3/27/2005,278.009
3/28/2005,286.822
3/29/2005,252.142
3/30/2005,240.346
3/31/2005,278.654
4/1/2005,278.306
4/2/2005,244.679
4/3/2005,266.567
4/4/2005,268.8
4/5/2005,246.216
4/6/2005,233.671
4/7/2005,279.876
4/8/2005,301.314
4/9/2005,366.153
4/10/2005,384.41
4/11/2005,442.651
4/12/2005,453.467
4/13/2005,396.392
4/14/2005,428.243
4/15/2005,408.408
4/16/2005,454.021
4/17/2005,522.892
4/18/2005,569.683
4/19/2005,651.027
4/20/2005,734.137
4/21/2005,770.697
4/22/2005,760.468
4/23/2005,651.098
4/24/2005,855.495
4/25/2005,727.339
4/26/2005,817.14
4/27/2005,873.295
4/28/2005,840.623
4/29/2005,830.816
4/30/2005,753.206
5/1/2005,740.097
5/2/2005,816.27
5/3/2005,782.492
5/4/2005,735.79
5/5/2005,713.005
5/6/2005,677.451
5/7/2005,808.003
5/8/2005,749.124
5/9/2005,765.211
5/10/2005,852.197
5/11/2005,755.593
5/12/2005,854.74
5/13/2005,965.868
5/14/2005,988.959
5/15/2005,981.446
5/16/2005,947.508
5/17/2005,1025.297
5/18/2005,1053.347
5/19/2005,1132.319
5/20/2005,1197.924
5/21/2005,1297.827
5/22/2005,1482.114
5/23/2005,1760.525
5/24/2005,2017.773
5/25/2005,2071.76
5/26/2005,2238.558
5/27/2005,2283.647
5/28/2005,2232.284
5/29/2005,2250.284
5/30/2005,2104.174
5/31/2005,1938.427
6/1/2005,1865.063
6/2/2005,1832.823
6/3/2005,1586.847
6/4/2005,1742.221
6/5/2005,1660.936
6/6/2005,1630.661
6/7/2005,1553.569
6/8/2005,1458.522
6/9/2005,1419.148
6/10/2005,1481.603
6/11/2005,1353.396
6/12/2005,1408.235
6/13/2005,1288.861
6/14/2005,1250.526
6/15/2005,1194.068
6/16/2005,1095.227
6/17/2005,1057.038
6/18/2005,1116.493
6/19/2005,1148.112
6/20/2005,1208.731
6/21/2005,1271.674
6/22/2005,1205.975
6/23/2005,1177.594
6/24/2005,1337.229
6/25/2005,1194.311
6/26/2005,1260.661
6/27/2005,1215.405
6/28/2005,1144.761
6/29/2005,1093.542
6/30/2005,1019.62
7/1/2005,947.657
7/2/2005,889.814
7/3/2005,905.571
7/4/2005,752.614
7/5/2005,715.445
7/6/2005,722.263
7/7/2005,659.205
7/8/2005,583.228
7/9/2005,572.88
7/10/2005,476.94
7/11/2005,474.484
7/12/2005,475.508
7/13/2005,419.416
7/14/2005,448.835
7/15/2005,278.955
7/16/2005,311.32
7/17/2005,386.521
7/18/2005,370.672
7/19/2005,263.985
7/20/2005,248.267
7/21/2005,261.397
7/22/2005,152.918
7/23/2005,215.358
7/24/2005,340.288
7/25/2005,293.347
7/26/2005,262.324
7/27/2005,276.905
7/28/2005,292.874
7/29/2005,209.179
7/30/2005,317.432
7/31/2005,265.755
8/1/2005,223.709
8/2/2005,238.925
8/3/2005,268.544
8/4/2005,255.16
8/5/2005,209.247
8/6/2005,174.495
8/7/2005,251.485
8/8/2005,149.583
8/9/2005,362.285
8/10/2005,270.965
8/11/2005,409.134
8/12/2005,271.7
8/13/2005,340.6
8/14/2005,206.442
8/15/2005,213.95
8/16/2005,331.811
8/17/2005,211.45
8/18/2005,239.911
8/19/2005,298.591
8/20/2005,144.595
8/21/2005,206.612
8/22/2005,268.636
8/23/2005,133.542
8/24/2005,150.215
8/25/2005,213.574
8/26/2005,184.247
8/27/2005,129.781
8/28/2005,170.286
8/29/2005,212.072
8/30/2005,224.804
8/31/2005,120.992
9/1/2005,86.359
9/2/2005,217.788
9/3/2005,136.442
9/4/2005,284.909
9/5/2005,105.788
9/6/2005,106.455
9/7/2005,180.31
9/8/2005,210.277
9/9/2005,120.068
9/10/2005,460.992
9/11/2005,238.117
9/12/2005,267.95
9/13/2005,284.68
9/14/2005,268.061
9/15/2005,284.201
9/16/2005,151.245
9/17/2005,209.204
9/18/2005,209.789
9/19/2005,209.788
9/20/2005,153.071
9/21/2005,204.387
9/22/2005,190.159
9/23/2005,204.049
9/24/2005,278.312
9/25/2005,187.846
9/26/2005,174.8
9/27/2005,293.367
9/28/2005,188.395
9/29/2005,219.069
9/30/2005,352.742
10/1/2005,346.289
10/2/2005,287.699
10/3/2005,258.497
10/4/2005,228.658
10/5/2005,177.201
10/6/2005,237.151
10/7/2005,221.968
10/8/2005,261.937
10/9/2005,189.085
10/10/2005,308.702
10/11/2005,263.564
10/12/2005,315.978
10/13/2005,285.7
10/14/2005,285.777
10/15/2005,256.469
10/16/2005,242.162
10/17/2005,256.343
10/18/2005,643.547
10/19/2005,437.856
10/20/2005,326.935
10/21/2005,311.625
10/22/2005,312.16
10/23/2005,312.162
10/24/2005,327.879
10/25/2005,281.899
10/26/2005,267.481
10/27/2005,252.413
10/28/2005,266.49
10/29/2005,296.809
10/30/2005,295.08
10/31/2005,236.958
11/1/2005,294.296
11/2/2005,292.789
11/3/2005,232.802
11/4/2005,218.508
11/5/2005,285.315
11/6/2005,250.048
11/7/2005,249.052
11/8/2005,338.351
11/9/2005,263.94
11/10/2005,219.645
11/11/2005,205.908
11/12/2005,260.966
11/13/2005,238.291
11/14/2005,175.764
11/15/2005,220.546
11/16/2005,235.452
11/17/2005,304.036
11/18/2005,188.278
11/19/2005,240.808
11/20/2005,232.398
11/21/2005,233.344
11/22/2005,233.414
11/23/2005,248.466
11/24/2005,230.657
11/25/2005,187.082
11/26/2005,256.147
11/27/2005,246.114
11/28/2005,169.998
11/29/2005,194.678
11/30/2005,230.508
12/1/2005,176.319
12/2/2005,282.71
12/3/2005,152.399
12/4/2005,216.155
12/5/2005,179.026
12/6/2005,211.708
12/7/2005,214.834
12/8/2005,194.66
12/9/2005,153.143
12/10/2005,89.358
12/11/2005,130.845
12/12/2005,63.084
12/13/2005,77.736
12/14/2005,137.377
12/15/2005,93.112
12/16/2005,152.342
12/17/2005,153.731
12/18/2005,188.575
12/19/2005,170.487
12/20/2005,167.188
12/21/2005,257.382
12/22/2005,181.626
12/23/2005,255.054
12/24/2005,246.961
12/25/2005,239.87
12/26/2005,189.1
12/27/2005,241.184
12/28/2005,151.363
12/29/2005,288.608
12/30/2005,171.794
12/31/2005,197.218
1/1/2006,279.385
1/2/2006,133.752
1/3/2006,243.698
1/4/2006,304.445
1/5/2006,156.951
1/6/2006,217.405
1/7/2006,188.26
1/8/2006,278.518
1/9/2006,159.1
1/10/2006,185.012
1/11/2006,157.927
1/12/2006,227.718
1/13/2006,184.722
1/14/2006,138.967
1/15/2006,202.198
1/16/2006,144.795
1/17/2006,166.814
1/18/2006,155.391
1/19/2006,192.833
1/20/2006,171.479
1/21/2006,209.435
1/22/2006,173.979
1/23/2006,203.065
1/24/2006,182.684
1/25/2006,253.246
1/26/2006,71.424
1/27/2006,183.408
1/28/2006,87.663
1/29/2006,315.747
1/30/2006,103.103
1/31/2006,145.329
2/1/2006,194.836
2/2/2006,167.13
2/3/2006,195.936
2/4/2006,229.781
2/5/2006,300.103
2/6/2006,153.196
2/7/2006,166.662
2/8/2006,192.626
2/9/2006,239.243
2/10/2006,198.948
2/11/2006,128.914
2/12/2006,171.308
2/13/2006,201.889
2/14/2006,178.813
2/15/2006,99.914
2/16/2006,254.998
2/17/2006,130.136
2/18/2006,233.904
2/19/2006,174.595
2/20/2006,185.245
2/21/2006,175.279
2/22/2006,187.337
2/23/2006,200.339
2/24/2006,168.513
2/25/2006,189.577
2/26/2006,174.383
2/27/2006,167.887
2/28/2006,114.588
3/1/2006,265.376
3/2/2006,220.103
3/3/2006,178.17
3/4/2006,246.306
3/5/2006,252.646
3/6/2006,232.444
3/7/2006,261.689
3/8/2006,289.151
3/9/2006,262.886
3/10/2006,235.816
3/11/2006,261.007
3/12/2006,234.704
3/13/2006,276.039
3/14/2006,277.888
3/15/2006,315.699
3/16/2006,179.646
3/17/2006,248.544
3/18/2006,232.387
3/19/2006,178.762
3/20/2006,233.949
3/21/2006,275.106
3/22/2006,233.484
3/23/2006,220.069
3/24/2006,235.44
3/25/2006,190.114
3/26/2006,289.107
3/27/2006,165.349
3/28/2006,276.161
3/29/2006,205.804
3/30/2006,265.546
3/31/2006,167.842
4/1/2006,312.975
4/2/2006,292.135
4/3/2006,275.479
4/4/2006,286.453
4/5/2006,370.323
4/6/2006,288.559
4/7/2006,191.641
4/8/2006,297.885
4/9/2006,333.929
4/10/2006,358.66
4/11/2006,369.232
4/12/2006,358.121
4/13/2006,411.377
4/14/2006,371.592
4/15/2006,547.769
4/16/2006,459.535
4/17/2006,621.77
4/18/2006,636.751
4/19/2006,651.01
4/20/2006,707.554
4/21/2006,749.732
4/22/2006,689.904
4/23/2006,684.593
4/24/2006,652.599
4/25/2006,625.831
4/26/2006,653.078
4/27/2006,627.117
4/28/2006,670.576
4/29/2006,646.698
4/30/2006,768.727
5/1/2006,778.5
5/2/2006,721.113
5/3/2006,651.319
5/4/2006,723.445
5/5/2006,709.459
5/6/2006,785.077
5/7/2006,721.956
5/8/2006,781.258
5/9/2006,655.022
5/10/2006,742.153
5/11/2006,714.285
5/12/2006,653.207
5/13/2006,671.775
5/14/2006,631.641
5/15/2006,678.814
5/16/2006,617.791
5/17/2006,699.551
5/18/2006,691.232
5/19/2006,847.132
5/20/2006,851.444
5/21/2006,990.885
5/22/2006,819.171
5/23/2006,1100.548
5/24/2006,1176.675
5/25/2006,1181.412
5/26/2006,1287.635
5/27/2006,1198.928
5/28/2006,1368.777
5/29/2006,1162.688
5/30/2006,1212.869
5/31/2006,1100.373
6/1/2006,1020.519
6/2/2006,975.851
6/3/2006,916.388
6/4/2006,922.696
6/5/2006,917.334
6/6/2006,888.39
6/7/2006,737.27
6/8/2006,1075.436
6/9/2006,968.11
6/10/2006,879.852
6/11/2006,962.355
6/12/2006,925.04
6/13/2006,823.304
6/14/2006,806.393
6/15/2006,831.96
6/16/2006,679.353
6/17/2006,668.644
6/18/2006,580.162
6/19/2006,522.243
6/20/2006,463.712
6/21/2006,447.922
6/22/2006,462.83
6/23/2006,353.995
6/24/2006,404.817
6/25/2006,298.106
6/26/2006,353.739
6/27/2006,213.446
6/28/2006,322.94
6/29/2006,260.602
6/30/2006,215.212
7/1/2006,289.599
7/2/2006,231.589
7/3/2006,195.509
7/4/2006,248.232
7/5/2006,300.003
7/6/2006,174.72
7/7/2006,411.124
7/8/2006,104.156
7/9/2006,231.703
7/10/2006,274.132
7/11/2006,442.549
7/12/2006,302.056
7/13/2006,318.627
7/14/2006,348.611
7/15/2006,321.031
7/16/2006,234.404
7/17/2006,332.855
7/18/2006,253.701
7/19/2006,165.167
7/20/2006,166.056
7/21/2006,136.301
7/22/2006,262.154
7/23/2006,216.558
7/24/2006,197.318
7/25/2006,122.1
7/26/2006,228.619
7/27/2006,88.76
7/28/2006,104.329
7/29/2006,121.845
7/30/2006,177.524
7/31/2006,197.59
8/1/2006,226.639
8/2/2006,152.455
8/3/2006,243.46
8/4/2006,260.023
8/5/2006,265.092
8/6/2006,196.49
8/7/2006,426.233
8/8/2006,214.043
8/9/2006,304.795
8/10/2006,183.198
8/11/2006,330.776
8/12/2006,98.384
8/13/2006,181.026
8/14/2006,260.207
8/15/2006,185.069
8/16/2006,214.569
8/17/2006,182.942
8/18/2006,168.66
8/19/2006,208.202
8/20/2006,213.236
8/21/2006,177.883
8/22/2006,155.91
8/23/2006,125.215
8/24/2006,223.794
8/25/2006,179.537
8/26/2006,190.708
8/27/2006,109.405
8/28/2006,157.328
8/29/2006,171.682
8/30/2006,212.662
8/31/2006,182.191
9/1/2006,239.671
9/2/2006,203.306
9/3/2006,156.31
9/4/2006,164.901
9/5/2006,150.222
9/6/2006,210.959
9/7/2006,299.444
9/8/2006,105.364
9/9/2006,136.772
9/10/2006,237.968
9/11/2006,270.032
9/12/2006,269.88
9/13/2006,236.131
9/14/2006,205.795
9/15/2006,235.831
9/16/2006,225.954
9/17/2006,133.378
9/18/2006,281.08
9/19/2006,220.34
9/20/2006,129.483
9/21/2006,364.642
9/22/2006,261.061
9/23/2006,191.586
9/24/2006,289.204
9/25/2006,318.122
9/26/2006,260.779
9/27/2006,275.421
9/28/2006,233.231
9/29/2006,232.057
9/30/2006,238.826
10/1/2006,269.918
10/2/2006,180.658
10/3/2006,388.031
10/4/2006,178.555
10/5/2006,832.907
10/6/2006,2280.587
10/7/2006,1744.805
10/8/2006,1396.721
10/9/2006,1007.939
10/10/2006,921.062
10/11/2006,768.991
10/12/2006,648.555
10/13/2006,465.452
10/14/2006,702.854
10/15/2006,542.783
10/16/2006,495.545
10/17/2006,435.787
10/18/2006,604.466
10/19/2006,575.046
10/20/2006,467.441
10/21/2006,383.646
10/22/2006,407.796
10/23/2006,328.67
10/24/2006,297.317
10/25/2006,220.144
10/26/2006,450.404
10/27/2006,328.481
10/28/2006,349.91
10/29/2006,267.397
10/30/2006,284.476
10/31/2006,298.812
11/1/2006,350.732
11/2/2006,277.017
11/3/2006,274.311
11/4/2006,255.319
11/5/2006,245.396
11/6/2006,276.295
11/7/2006,212.6
11/8/2006,227.885
11/9/2006,335.287
11/10/2006,197.208
11/11/2006,254.578
11/12/2006,233.419
11/13/2006,183.764
11/14/2006,335.47
11/15/2006,167.234
11/16/2006,260.571
11/17/2006,213.716
11/18/2006,240.191
11/19/2006,235.034
11/20/2006,230.244
11/21/2006,213.674
11/22/2006,229.371
11/23/2006,279.364
11/24/2006,229.054
11/25/2006,242.294
11/26/2006,220.362
11/27/2006,211.526
11/28/2006,266.032
11/29/2006,280.877
11/30/2006,191.792
12/1/2006,184.639
12/2/2006,224.825
12/3/2006,198.696
12/4/2006,166.383
12/5/2006,180.524
12/6/2006,121.201
12/7/2006,196.212
12/8/2006,149.867
12/9/2006,176.291
12/10/2006,215.181
12/11/2006,196.745
12/12/2006,195.274
12/13/2006,228.366
12/14/2006,242.949
12/15/2006,228.248
12/16/2006,302.046
12/17/2006,185.445
12/18/2006,244.226
12/19/2006,214.259
12/20/2006,244.223
12/21/2006,244.013
12/22/2006,243.009
12/23/2006,203.503
12/24/2006,247.404
12/25/2006,185.27
12/26/2006,183.175
12/27/2006,199.01
12/28/2006,276.434
12/29/2006,199.459
12/30/2006,255.926
12/31/2006,232.666
1/1/2007,193.076
1/2/2007,201.279
1/3/2007,171.924
1/4/2007,201.869
1/5/2007,276.894
1/6/2007,135.805
1/7/2007,253.82
1/8/2007,187.625
1/9/2007,202.809
1/10/2007,188.491
1/11/2007,188.677
1/12/2007,143.808
1/13/2007,250.246
1/14/2007,210.181
1/15/2007,236.752
1/16/2007,144.764
1/17/2007,99.173
1/18/2007,98.609
1/19/2007,85.63
1/20/2007,87.096
1/21/2007,269.569
1/22/2007,100.525
1/23/2007,189.724
1/24/2007,174.506
1/25/2007,175.596
1/26/2007,175.446
1/27/2007,264.306
1/28/2007,188.479
1/29/2007,224.795
1/30/2007,195.527
1/31/2007,267.866
2/1/2007,210.302
2/2/2007,177.492
2/3/2007,199.013
2/4/2007,251.574
2/5/2007,203.484
2/6/2007,189.866
2/7/2007,248.973
2/8/2007,189.662
2/9/2007,248.923
2/10/2007,242.912
2/11/2007,222.885
2/12/2007,233.97
2/13/2007,292.078
2/14/2007,213.113
2/15/2007,272.137
2/16/2007,286.542
2/17/2007,253.792
2/18/2007,187.887
2/19/2007,256.792
2/20/2007,156.131
2/21/2007,257.385
2/22/2007,201.395
2/23/2007,257.661
2/24/2007,224.551
2/25/2007,233.194
2/26/2007,198.685
2/27/2007,286.029
2/28/2007,214.038
3/1/2007,258.42
3/2/2007,191.065
3/3/2007,255.663
3/4/2007,276.729
3/5/2007,189.214
3/6/2007,219.234
3/7/2007,217.154
3/8/2007,215.792
3/9/2007,247.248
3/10/2007,225.236
3/11/2007,231.733
3/12/2007,276.423
3/13/2007,202.962
3/14/2007,306.658
3/15/2007,264.813
3/16/2007,223.938
3/17/2007,326.823
3/18/2007,363.5
3/19/2007,372.643
3/20/2007,526.341
3/21/2007,410.253
3/22/2007,366.731
3/23/2007,464.186
3/24/2007,529.881
3/25/2007,352.086
3/26/2007,451.482
3/27/2007,511.192
3/28/2007,372.996
3/29/2007,395.021
3/30/2007,453.069
3/31/2007,409.272
4/1/2007,376.019
4/2/2007,440.653
4/3/2007,424.402
4/4/2007,381.378
4/5/2007,452.684
4/6/2007,366.617
4/7/2007,314.442
4/8/2007,373.264
4/9/2007,420.328
4/10/2007,456.389
4/11/2007,426.732
4/12/2007,423.218
4/13/2007,469.181
4/14/2007,432.48
4/15/2007,388.08
4/16/2007,365.504
4/17/2007,308.974
4/18/2007,323.55
4/19/2007,349.096
4/20/2007,305.404
4/21/2007,257.855
4/22/2007,228.418
4/23/2007,349.063
4/24/2007,403.437
4/25/2007,385.876
4/26/2007,342.108
4/27/2007,356.317
4/28/2007,351.998
4/29/2007,369.713
4/30/2007,312.669
5/1/2007,402.334
5/2/2007,299.35
5/3/2007,505.283
5/4/2007,579.712
5/5/2007,695.718
5/6/2007,773.635
5/7/2007,757.436
5/8/2007,788.221
5/9/2007,760.011
5/10/2007,744.396
5/11/2007,717.445
5/12/2007,580.803
5/13/2007,658.938
5/14/2007,629.068
5/15/2007,661.676
5/16/2007,886.227
5/17/2007,707.56
5/18/2007,917.798
5/19/2007,977.706
5/20/2007,1011.649
5/21/2007,1012.248
5/22/2007,1061.068
5/23/2007,940.809
5/24/2007,897.328
5/25/2007,913.967
5/26/2007,835.816
5/27/2007,731.295
5/28/2007,700.279
5/29/2007,657.047
5/30/2007,593.098
5/31/2007,578.7
6/1/2007,601.411
6/2/2007,559.598
6/3/2007,545.34
6/4/2007,600.256
6/5/2007,540.593
6/6/2007,572.424
6/7/2007,635.114
6/8/2007,526.184
6/9/2007,560.547
6/10/2007,503.561
6/11/2007,511.232
6/12/2007,497.469
6/13/2007,446.563
6/14/2007,480.165
6/15/2007,557.791
6/16/2007,530.238
6/17/2007,487.65
6/18/2007,558.156
6/19/2007,494.515
6/20/2007,574.12
6/21/2007,528.637
6/22/2007,544.636
6/23/2007,439.706
6/24/2007,518.013
6/25/2007,450.425
6/26/2007,352.597
6/27/2007,385.931
6/28/2007,386.218
6/29/2007,325.216
6/30/2007,313.96
7/1/2007,287.891
7/2/2007,250.127
7/3/2007,281.363
7/4/2007,241.251
7/5/2007,281.855
7/6/2007,157.002
7/7/2007,152.738
7/8/2007,208.809
7/9/2007,203.805
7/10/2007,155.76
7/11/2007,282.686
7/12/2007,92.999
7/13/2007,218.561
7/14/2007,139.628
7/15/2007,119.291
7/16/2007,144.02
7/17/2007,208.15
7/18/2007,67.118
7/19/2007,144.718
7/20/2007,98.545
7/21/2007,185.166
7/22/2007,196.869
7/23/2007,143.407
7/24/2007,82.56
7/25/2007,186.556
7/26/2007,233.812
7/27/2007,219.323
7/28/2007,184.912
7/29/2007,269.785
7/30/2007,336.238
7/31/2007,46.842
8/1/2007,159.476
8/2/2007,373.841
8/3/2007,112.041
8/4/2007,368.395
8/5/2007,176.779
8/6/2007,218.023
8/7/2007,371.822
8/8/2007,312.813
8/9/2007,295.331
8/10/2007,281.022
8/11/2007,230.247
8/12/2007,239.589
8/13/2007,281.298
8/14/2007,37.577
8/15/2007,169.178
8/16/2007,186.687
8/17/2007,187.621
8/18/2007,152.376
8/19/2007,105.468
8/20/2007,176.685
8/21/2007,173.872
8/22/2007,160.675
8/23/2007,115.731
8/24/2007,116.038
8/25/2007,100.358
8/26/2007,257.181
8/27/2007,371.799
8/28/2007,160.978
8/29/2007,191.287
8/30/2007,100.933
8/31/2007,324.645
9/1/2007,145.267
9/2/2007,170.857
9/3/2007,155.284
9/4/2007,111.121
9/5/2007,171.021
9/6/2007,199.854
9/7/2007,126.363
9/8/2007,149.298
9/9/2007,81.875
9/10/2007,229.25
9/11/2007,114.759
9/12/2007,184.479
9/13/2007,139.212
9/14/2007,152.082
9/15/2007,157.9
9/16/2007,175.568
9/17/2007,142.488
9/18/2007,228.047
9/19/2007,170.906
9/20/2007,244.082
9/21/2007,327.644
9/22/2007,304.567
9/23/2007,462.776
9/24/2007,504.526
9/25/2007,289.489
9/26/2007,402
9/27/2007,343.55
9/28/2007,268.882
9/29/2007,281.622
9/30/2007,309.511
10/1/2007,238.561
10/2/2007,313.955
10/3/2007,223.496
10/4/2007,240.658
10/5/2007,146.543
10/6/2007,341.822
10/7/2007,232.637
10/8/2007,253.078
10/9/2007,223.769
10/10/2007,224.321
10/11/2007,276.814
10/12/2007,208.618
10/13/2007,295.241
10/14/2007,203.147
10/15/2007,239.224
10/16/2007,194.58
10/17/2007,180.655
10/18/2007,210.902
10/19/2007,222.352
10/20/2007,276.583
10/21/2007,247.107
10/22/2007,175.964
10/23/2007,203.1
10/24/2007,204.778
10/25/2007,204.161
10/26/2007,220.544
10/27/2007,233.533
10/28/2007,242.031
10/29/2007,230.182
10/30/2007,248.5
10/31/2007,234.606
11/1/2007,263.595
11/2/2007,214.674
11/3/2007,215.602
11/4/2007,270.557
11/5/2007,212.675
11/6/2007,201.561
11/7/2007,198.473
11/8/2007,230.169
11/9/2007,218.983
11/10/2007,189.214
11/11/2007,201.209
11/12/2007,231.74
11/13/2007,214.516
11/14/2007,258.653
11/15/2007,170.705
11/16/2007,184.02
11/17/2007,225.191
11/18/2007,203.82
11/19/2007,187.204
11/20/2007,174.508
11/21/2007,190.231
11/22/2007,220.958
11/23/2007,175.989
11/24/2007,178.612
11/25/2007,141.696
11/26/2007,255.997
11/27/2007,109.812
11/28/2007,210.907
11/29/2007,210.017
11/30/2007,172.816
12/1/2007,311.158
12/2/2007,271.349
12/3/2007,218.833
12/4/2007,233.359
12/5/2007,232.47
12/6/2007,177.161
12/7/2007,319.35
12/8/2007,139.231
12/9/2007,214.015
12/10/2007,249.584
12/11/2007,205.374
12/12/2007,207.94
12/13/2007,235.093
12/14/2007,216.224
12/15/2007,193.086
12/16/2007,215.765
12/17/2007,174.966
12/18/2007,180.388
12/19/2007,137.067
12/20/2007,179.891
12/21/2007,157.274
12/22/2007,125.167
12/23/2007,183.287
12/24/2007,113.947
12/25/2007,204.906
12/26/2007,173.935
12/27/2007,169.59
12/28/2007,148.358
12/29/2007,151.795
12/30/2007,181.936
12/31/2007,117.963
1/1/2008,166.509
1/2/2008,129.146
1/3/2008,85.002
1/4/2008,113.847
1/5/2008,197.485
1/6/2008,223.23
1/7/2008,241.919
1/8/2008,226.049
1/9/2008,253.62
1/10/2008,226.175
1/11/2008,127.372
1/12/2008,236.178
1/13/2008,194.683
1/14/2008,143.558
1/15/2008,164.131
1/16/2008,197.38
1/17/2008,103.728
1/18/2008,171.108
1/19/2008,140.922
1/20/2008,130.374
1/21/2008,125.505
1/22/2008,155.446
1/23/2008,253.739
1/24/2008,96.714
1/25/2008,252.253
1/26/2008,236.341
1/27/2008,250.637
1/28/2008,164.804
1/29/2008,351.031
1/30/2008,316.49
1/31/2008,225.623
2/1/2008,256.558
2/2/2008,201.298
2/3/2008,246.693
2/4/2008,214.71
2/5/2008,217.268
2/6/2008,245.368
2/7/2008,131.968
2/8/2008,217.548
2/9/2008,261.357
2/10/2008,224.993
2/11/2008,190.405
2/12/2008,285.518
2/13/2008,78.892
2/14/2008,512.006
2/15/2008,358.048
2/16/2008,398.504
2/17/2008,323.057
2/18/2008,386.745
2/19/2008,359.348
2/20/2008,250.76
2/21/2008,317.658
2/22/2008,377.218
2/23/2008,351.378
2/24/2008,298.477
2/25/2008,431.667
2/26/2008,388.71
2/27/2008,418.607
2/28/2008,388.48
2/29/2008,376.897
3/1/2008,274.966
3/2/2008,336.448
3/3/2008,363.816
3/4/2008,532.394
3/5/2008,257.131
3/6/2008,93.231
3/7/2008,145.567
3/8/2008,236.906
3/9/2008,199.05
3/10/2008,349.504
3/11/2008,265.967
3/12/2008,418.068
3/13/2008,376.197
3/14/2008,402.138
3/15/2008,421.487
3/16/2008,401.627
3/17/2008,373.533
3/18/2008,401.402
3/19/2008,360.396
3/20/2008,413.673
3/21/2008,412.257
3/22/2008,363.3
3/23/2008,360.39
3/24/2008,330.653
3/25/2008,344.445
3/26/2008,350.323
3/27/2008,414.715
3/28/2008,332.686
3/29/2008,323.961
3/30/2008,425.428
3/31/2008,516.804
4/1/2008,356.475
4/2/2008,440.039
4/3/2008,476.741
4/4/2008,454.998
4/5/2008,547.958
4/6/2008,435.464
4/7/2008,496.646
4/8/2008,524.769
4/9/2008,300.386
4/10/2008,554.851
4/11/2008,414.716
4/12/2008,410.022
4/13/2008,423.144
4/14/2008,370.616
4/15/2008,430.73
4/16/2008,276.466
4/17/2008,457.903
4/18/2008,527.715
4/19/2008,555.48
4/20/2008,478.284
4/21/2008,514.989
4/22/2008,542.766
4/23/2008,706.69
4/24/2008,802.833
4/25/2008,647.227
4/26/2008,756.727
4/27/2008,822.519
4/28/2008,821.502
4/29/2008,772.381
4/30/2008,763.583
5/1/2008,778.259
5/2/2008,831.859
5/3/2008,848.71
5/4/2008,797.651
5/5/2008,718.522
5/6/2008,836.646
5/7/2008,755.022
5/8/2008,797.912
5/9/2008,840.2
5/10/2008,888.082
5/11/2008,937.259
5/12/2008,972.811
5/13/2008,1195.472
5/14/2008,1268.781
5/15/2008,1158.584
5/16/2008,1010.586
5/17/2008,1025.023
5/18/2008,1005.886
5/19/2008,1015.629
5/20/2008,1053.176
5/21/2008,1160.066
5/22/2008,1371.542
5/23/2008,1675.207
5/24/2008,1906.164
5/25/2008,1847.077
5/26/2008,1884.749
5/27/2008,1715.288
5/28/2008,1586.876
5/29/2008,1557.666
5/30/2008,1575.901
5/31/2008,1586.232
6/1/2008,1706.132
6/2/2008,1719.76
6/3/2008,1856.964
6/4/2008,2026.841
6/5/2008,1938.298
6/6/2008,1977.257
6/7/2008,2126.888
6/8/2008,1723.698
6/9/2008,1800.894
6/10/2008,1738.669
6/11/2008,1782.418
6/12/2008,1637.488
6/13/2008,1493.881
6/14/2008,1480.996
6/15/2008,1380.802
6/16/2008,1341.777
6/17/2008,1344.498
6/18/2008,1331.674
6/19/2008,1465.739
6/20/2008,1406.637
6/21/2008,1410.182
6/22/2008,1439.402
6/23/2008,1381.422
6/24/2008,1234.327
6/25/2008,1181.964
6/26/2008,1166.355
6/27/2008,1051.254
6/28/2008,1070.028
6/29/2008,1063.393
6/30/2008,1002.707
7/1/2008,847.859
7/2/2008,971.43
7/3/2008,919.098
7/4/2008,837.844
7/5/2008,829.129
7/6/2008,821.571
7/7/2008,734.855
7/8/2008,682.614
7/9/2008,736.964
7/10/2008,651.816
7/11/2008,650.504
7/12/2008,532.052
7/13/2008,475.102
7/14/2008,579.682
7/15/2008,493.036
7/16/2008,582.824
7/17/2008,352.576
7/18/2008,393.275
7/19/2008,376.594
7/20/2008,366.668
7/21/2008,410.25
7/22/2008,354.07
7/23/2008,285.32
7/24/2008,409.527
7/25/2008,339.149
7/26/2008,379.332
7/27/2008,277.696
7/28/2008,425.439
7/29/2008,302.605
7/30/2008,321.089
7/31/2008,317.621
8/1/2008,255.019
8/2/2008,306.467
8/3/2008,192.914
8/4/2008,201.793
8/5/2008,238.528
8/6/2008,359.338
8/7/2008,252.293
8/8/2008,409.709
8/9/2008,392.136
8/10/2008,242.857
8/11/2008,393.312
8/12/2008,342.452
8/13/2008,308.04
8/14/2008,236.728
8/15/2008,325.534
8/16/2008,114.459
8/17/2008,247.758
8/18/2008,204.708
8/19/2008,149.08
8/20/2008,201.923
8/21/2008,168.564
8/22/2008,221.57
8/23/2008,204.23
8/24/2008,210.778
8/25/2008,254.753
8/26/2008,117.607
8/27/2008,222.055
8/28/2008,135.138
8/29/2008,200.333
8/30/2008,264.681
8/31/2008,214.793
9/1/2008,251.265
9/2/2008,148.672
9/3/2008,130.847
9/4/2008,249.659
9/5/2008,284.601
9/6/2008,198.62
9/7/2008,250.081
9/8/2008,164.234
9/9/2008,318.516
9/10/2008,197.758
9/11/2008,267.545
9/12/2008,164.838
9/13/2008,164.839
9/14/2008,232.595
9/15/2008,249.904
9/16/2008,214.354
9/17/2008,269.134
9/18/2008,217.781
9/19/2008,269.468
9/20/2008,183.621
9/21/2008,200.341
9/22/2008,320.48
9/23/2008,185.611
9/24/2008,201.954
9/25/2008,234.27
9/26/2008,217.831
9/27/2008,217.365
9/28/2008,218.175
9/29/2008,219.063
9/30/2008,153.559
10/1/2008,195.275
10/2/2008,194.305
10/3/2008,137.273
10/4/2008,293.146
10/5/2008,159.264
10/6/2008,229.654
10/7/2008,210.813
10/8/2008,225.795
10/9/2008,178.602
10/10/2008,193.584
10/11/2008,145.436
10/12/2008,209.964
10/13/2008,142.427
10/14/2008,176.385
10/15/2008,177.016
10/16/2008,176.577
10/17/2008,210.441
10/18/2008,177.419
10/19/2008,261.656
10/20/2008,144.463
10/21/2008,310.497
10/22/2008,125.775
10/23/2008,128.642
10/24/2008,230.415
10/25/2008,198.319
10/26/2008,213.076
10/27/2008,197.581
10/28/2008,192.94
10/29/2008,175.187
10/30/2008,226.079
10/31/2008,211.244
11/1/2008,215.217
11/2/2008,196.106
11/3/2008,160.881
11/4/2008,243.41
11/5/2008,179.223
11/6/2008,161.773
11/7/2008,227.736
11/8/2008,210.459
11/9/2008,127.306
11/10/2008,230.732
11/11/2008,178.815
11/12/2008,244.452
11/13/2008,146.553
11/14/2008,195.118
11/15/2008,246.279
11/16/2008,160.269
11/17/2008,207.41
11/18/2008,226.051
11/19/2008,193.193
11/20/2008,209.105
11/21/2008,208.033
11/22/2008,146.289
11/23/2008,241.856
11/24/2008,225.133
11/25/2008,190.171
11/26/2008,108.307
11/27/2008,259.727
11/28/2008,225.957
11/29/2008,179.506
11/30/2008,193.262
12/1/2008,196.364
12/2/2008,195.963
12/3/2008,244.91
12/4/2008,159.29
12/5/2008,191.174
12/6/2008,207.191
12/7/2008,113.577
12/8/2008,223.509
12/9/2008,238.067
12/10/2008,114.384
12/11/2008,193.639
12/12/2008,142.558
12/13/2008,144.429
12/14/2008,161.156
12/15/2008,225.433
12/16/2008,212.94
12/17/2008,259.186
12/18/2008,74.135
12/19/2008,178.428
12/20/2008,245.686
12/21/2008,181.015
12/22/2008,161.843
12/23/2008,129.792
12/24/2008,196.766
12/25/2008,131.184
12/26/2008,118.272
12/27/2008,155.125
12/28/2008,170.577
12/29/2008,115.91
12/30/2008,85.918
12/31/2008,119.214
1/1/2009,145.52
1/2/2009,189.001
1/3/2009,179.726
1/4/2009,181.467
1/5/2009,94.639
1/6/2009,107.619
1/7/2009,184.117
1/8/2009,141.978
1/9/2009,157.021
1/10/2009,146.522
1/11/2009,161.556
1/12/2009,237.512
1/13/2009,191.845
1/14/2009,161.381
1/15/2009,193.267
1/16/2009,190.437
1/17/2009,180.943
1/18/2009,195.593
1/19/2009,174.464
1/20/2009,206.162
1/21/2009,153.374
1/22/2009,206.807
1/23/2009,160.989
1/24/2009,197.054
1/25/2009,197.752
1/26/2009,256.823
1/27/2009,129.204
1/28/2009,255.095
1/29/2009,223.505
1/30/2009,206.107
1/31/2009,215.778
2/1/2009,189.907
2/2/2009,171.874
2/3/2009,236.295
2/4/2009,207.113
2/5/2009,191.307
2/6/2009,189.812
2/7/2009,207.576
2/8/2009,216.689
2/9/2009,145.046
2/10/2009,145.199
2/11/2009,253.017
2/12/2009,206.107
2/13/2009,174.157
2/14/2009,190.363
2/15/2009,167.846
2/16/2009,173.343
2/17/2009,204.249
2/18/2009,253.667
2/19/2009,155.745
2/20/2009,188.335
2/21/2009,188.869
2/22/2009,182.503
2/23/2009,172.296
2/24/2009,160.397
2/25/2009,191.361
2/26/2009,226.268
2/27/2009,195.21
2/28/2009,195.655
3/1/2009,221.511
3/2/2009,192.799
3/3/2009,225.132
3/4/2009,207.002
3/5/2009,222.757
3/6/2009,184.953
3/7/2009,236.893
3/8/2009,250.381
3/9/2009,203.601
3/10/2009,239.823
3/11/2009,240.581
3/12/2009,222.869
3/13/2009,191.095
3/14/2009,233.262
3/15/2009,202.291
3/16/2009,208.851
3/17/2009,193.336
3/18/2009,223.712
3/19/2009,195.137
3/20/2009,177.742
3/21/2009,173.555
3/22/2009,174.62
3/23/2009,207.963
3/24/2009,207.829
3/25/2009,175.248
3/26/2009,207.488
3/27/2009,219.762
3/28/2009,245.287
3/29/2009,235.068
3/30/2009,266.282
3/31/2009,240.789
4/1/2009,171.819
4/2/2009,274.709
4/3/2009,192.346
4/4/2009,254.421
4/5/2009,271.175
4/6/2009,213.473
4/7/2009,181.435
4/8/2009,179.711
4/9/2009,272.779
4/10/2009,241.415
4/11/2009,259.81
4/12/2009,162.665
4/13/2009,272.982
4/14/2009,226.466
4/15/2009,257.379
4/16/2009,274.02
4/17/2009,273.803
4/18/2009,304.423
4/19/2009,335.962
4/20/2009,384.033
4/21/2009,365.935
4/22/2009,347.414
4/23/2009,394.214
4/24/2009,472.379
4/25/2009,502.332
4/26/2009,623.241
4/27/2009,440.771
4/28/2009,705.871
4/29/2009,691.238
4/30/2009,719.027
5/1/2009,759.477
5/2/2009,687.618
5/3/2009,760.459
5/4/2009,792.401
5/5/2009,855.809
5/6/2009,929.374
5/7/2009,823.883
5/8/2009,838.923
5/9/2009,879.498
5/10/2009,968.845
5/11/2009,1048.527
5/12/2009,1151.114
5/13/2009,1195.239
5/14/2009,1198.263
5/15/2009,1313.645
5/16/2009,1389.283
5/17/2009,1385.719
5/18/2009,1387.771
5/19/2009,1482.848
5/20/2009,1421.131
5/21/2009,1432.944
5/22/2009,1709.843
5/23/2009,1650.726
5/24/2009,1606.909
5/25/2009,1512.3
5/26/2009,1535.964
5/27/2009,1595.541
5/28/2009,1585.219
5/29/2009,1436.559
5/30/2009,1423.98
5/31/2009,1190.453
6/1/2009,1318.894
6/2/2009,1235.971
6/3/2009,1224.409
6/4/2009,1167.006
6/5/2009,1216.963
6/6/2009,1219.831
6/7/2009,1247.993
6/8/2009,1312.286
6/9/2009,1262.556
6/10/2009,1232.873
6/11/2009,1055.199
6/12/2009,1020.408
6/13/2009,982.592
6/14/2009,847.175
6/15/2009,871.195
6/16/2009,870.298
6/17/2009,886.565
6/18/2009,798.182
6/19/2009,798.499
6/20/2009,902.419
6/21/2009,718.68
6/22/2009,856.318
6/23/2009,845.68
6/24/2009,845.908
6/25/2009,847.998
6/26/2009,973.468
6/27/2009,845.339
6/28/2009,986.859
6/29/2009,1057.015
6/30/2009,994.366
7/1/2009,890.234
7/2/2009,908.079
7/3/2009,772.672
7/4/2009,851.151
7/5/2009,648.077
7/6/2009,623.834
7/7/2009,624.851
7/8/2009,624.45
7/9/2009,568.848
7/10/2009,557.079
7/11/2009,521.569
7/12/2009,435.983
7/13/2009,426.046
7/14/2009,403.46
7/15/2009,372.036
7/16/2009,446.943
7/17/2009,269.506
7/18/2009,281.255
7/19/2009,287.888
7/20/2009,311.632
7/21/2009,270.161
7/22/2009,302.564
7/23/2009,248.499
7/24/2009,223.698
7/25/2009,312.43
7/26/2009,280.919
7/27/2009,170.321
7/28/2009,225.636
7/29/2009,126.246
7/30/2009,317.472
7/31/2009,300.941
8/1/2009,190.034
8/2/2009,227.916
8/3/2009,208.868
8/4/2009,265.425
8/5/2009,211.26
8/6/2009,155.518
8/7/2009,116.976
8/8/2009,191.747
8/9/2009,213.063
8/10/2009,207.791
8/11/2009,187.878
8/12/2009,153.271
8/13/2009,208.9
8/14/2009,206.74
8/15/2009,246.681
8/16/2009,153.823
8/17/2009,187.332
8/18/2009,171.009
8/19/2009,99.537
8/20/2009,151.766
8/21/2009,151.274
8/22/2009,153.49
8/23/2009,173.535
8/24/2009,242.133
8/25/2009,171.003
8/26/2009,173.409
8/27/2009,209.831
8/28/2009,206.773
8/29/2009,149.4
8/30/2009,202.953
8/31/2009,195.746
9/1/2009,148.865
9/2/2009,203.183
9/3/2009,206.099
9/4/2009,171.97
9/5/2009,207.612
9/6/2009,136.365
9/7/2009,155.869
9/8/2009,152.792
9/9/2009,133.176
9/10/2009,240.757
9/11/2009,169.255
9/12/2009,169.223
9/13/2009,151.529
9/14/2009,224.339
9/15/2009,223.334
9/16/2009,136.006
9/17/2009,225.6
9/18/2009,172.424
9/19/2009,161.213
9/20/2009,187.488
9/21/2009,206.007
9/22/2009,223.267
9/23/2009,151.561
9/24/2009,205.203
9/25/2009,223.088
9/26/2009,205.837
9/27/2009,257.812
9/28/2009,188.016
9/29/2009,223.341
9/30/2009,116.916
10/1/2009,179.228
10/2/2009,179.69
10/3/2009,162.075
10/4/2009,179.639
10/5/2009,144.602
10/6/2009,144.825
10/7/2009,145.133
10/8/2009,164.336
10/9/2009,214.455
10/10/2009,178.953
10/11/2009,231.136
10/12/2009,160.685
10/13/2009,195.874
10/14/2009,250.013
10/15/2009,266.58
10/16/2009,158.892
10/17/2009,213.315
10/18/2009,159.943
10/19/2009,231.504
10/20/2009,249.167
10/21/2009,162.593
10/22/2009,219.96
10/23/2009,188.382
10/24/2009,289.014
10/25/2009,236.568
10/26/2009,129.264
10/27/2009,235.04
10/28/2009,252.577
10/29/2009,129.578
10/30/2009,288.145
10/31/2009,217.664
11/1/2009,218.684
11/2/2009,246.836
11/3/2009,194.376
11/4/2009,211.443
11/5/2009,192.316
11/6/2009,212.302
11/7/2009,195.722
11/8/2009,256.062
11/9/2009,204.796
11/10/2009,252.419
11/11/2009,212.474
11/12/2009,159.724
11/13/2009,234.969
11/14/2009,180.598
11/15/2009,241.527
11/16/2009,202.021
11/17/2009,184.055
11/18/2009,215.289
11/19/2009,178.292
11/20/2009,164.73
11/21/2009,172.898
11/22/2009,202.271
11/23/2009,230.559
11/24/2009,211.16
11/25/2009,225.2
11/26/2009,193.205
11/27/2009,241.281
11/28/2009,251.807
11/29/2009,156.461
11/30/2009,153.51
12/1/2009,217.989
12/2/2009,218.595
12/3/2009,96.519
12/4/2009,109.173
12/5/2009,173.82
12/6/2009,195.607
12/7/2009,258.146
12/8/2009,173.354
12/9/2009,101.518
12/10/2009,102.228
12/11/2009,88.635
12/12/2009,93.332
12/13/2009,93.424
12/14/2009,120.275
12/15/2009,138.182
12/16/2009,194.652
12/17/2009,126.432
12/18/2009,177.257
12/19/2009,131.764
12/20/2009,181.885
12/21/2009,177.059
12/22/2009,263.131
12/23/2009,265.101
12/24/2009,164.086
12/25/2009,148.967
12/26/2009,187.268
12/27/2009,185.109
12/28/2009,162.952
12/29/2009,144.992
12/30/2009,77.973
12/31/2009,162.079
1/1/2010,220.656
1/2/2010,136.622
1/3/2010,172.96
1/4/2010,163.029
1/5/2010,133.539
1/6/2010,114.778
1/7/2010,212.446
1/8/2010,149.709
1/9/2010,202.37
1/10/2010,129.389
1/11/2010,164.11
1/12/2010,147.988
1/13/2010,184.714
1/14/2010,152.343
1/15/2010,149.933
1/16/2010,126.437
1/17/2010,217.481
1/18/2010,202.348
1/19/2010,252.631
1/20/2010,154.077
1/21/2010,435.561
1/22/2010,247.108
1/23/2010,251.865
1/24/2010,232.417
1/25/2010,287.836
1/26/2010,260.693
1/27/2010,261.398
1/28/2010,147.14
1/29/2010,214.319
1/30/2010,239.119
1/31/2010,199.197
2/1/2010,224.609
2/2/2010,238.639
2/3/2010,174.406
2/4/2010,188.66
2/5/2010,195.344
2/6/2010,306.624
2/7/2010,264.492
2/8/2010,225.954
2/9/2010,259.601
2/10/2010,193.72
2/11/2010,193.843
2/12/2010,195.907
2/13/2010,220.437
2/14/2010,244.696
2/15/2010,207.356
2/16/2010,139.348
2/17/2010,177.024
2/18/2010,226.951
2/19/2010,191.948
2/20/2010,154.606
2/21/2010,196.321
2/22/2010,322.603
2/23/2010,222.891
2/24/2010,161.311
2/25/2010,176.683
2/26/2010,245.056
2/27/2010,172.989
2/28/2010,164.228
3/1/2010,209.048
3/2/2010,210.998
3/3/2010,194.153
3/4/2010,113.757
3/5/2010,324.177
3/6/2010,345.651
3/7/2010,265.091
3/8/2010,307.825
3/9/2010,233.32
3/10/2010,307.802
3/11/2010,382.881
3/12/2010,291.104
3/13/2010,313.492
3/14/2010,179.701
3/15/2010,227.511
3/16/2010,259.904
3/17/2010,278.315
3/18/2010,295.429
3/19/2010,256.114
3/20/2010,250.823
3/21/2010,237.885
3/22/2010,183.182
3/23/2010,231.971
3/24/2010,246.297
3/25/2010,249.314
3/26/2010,216.65
3/27/2010,207.114
3/28/2010,221.283
3/29/2010,184.023
3/30/2010,217.678
3/31/2010,169.633
4/1/2010,174.532
4/2/2010,176.392
4/3/2010,179.553
4/4/2010,264.502
4/5/2010,159.42
4/6/2010,225.54
4/7/2010,242.762
4/8/2010,209.702
4/9/2010,207.194
4/10/2010,179.581
4/11/2010,215.613
4/12/2010,242.748
4/13/2010,241.726
4/14/2010,205.505
4/15/2010,340.948
4/16/2010,304.161
4/17/2010,375.197
4/18/2010,376.33
4/19/2010,354.632
4/20/2010,571.123
4/21/2010,450.382
4/22/2010,550.466
4/23/2010,588.925
4/24/2010,566.688
4/25/2010,672.071
4/26/2010,567.596
4/27/2010,548.847
4/28/2010,452.602
4/29/2010,583.791
4/30/2010,517.823
5/1/2010,488.003
5/2/2010,556.175
5/3/2010,411.567
5/4/2010,542.223
5/5/2010,414.946
5/6/2010,495.918
5/7/2010,314.999
5/8/2010,354.961
5/9/2010,392.811
5/10/2010,327.491
5/11/2010,362.978
5/12/2010,412.152
5/13/2010,461.372
5/14/2010,409.763
5/15/2010,469.806
5/16/2010,409.536
5/17/2010,509.765
5/18/2010,408.494
5/19/2010,574.624
5/20/2010,541.3
5/21/2010,625.632
5/22/2010,537.813
5/23/2010,593.161
5/24/2010,778.354
5/25/2010,911.303
5/26/2010,943.111
5/27/2010,1010.461
5/28/2010,791.356
5/29/2010,1056.742
5/30/2010,861.824
5/31/2010,1150.269
6/1/2010,1244.995
6/2/2010,1302.251
6/3/2010,1316.5
6/4/2010,1287.503
6/5/2010,1192.948
6/6/2010,1122.342
6/7/2010,1210.637
6/8/2010,1419.351
6/9/2010,1510.097
6/10/2010,1567.537
6/11/2010,1588.268
6/12/2010,1617.831
6/13/2010,1546.231
6/14/2010,1357.869
6/15/2010,1290.828
6/16/2010,1187.488
6/17/2010,1048.305
6/18/2010,1085.735
6/19/2010,968.645
6/20/2010,817.458
6/21/2010,767.442
6/22/2010,783.597
6/23/2010,677.179
6/24/2010,662.039
6/25/2010,638.09
6/26/2010,573.91
6/27/2010,530.455
6/28/2010,567.277
6/29/2010,486.85
6/30/2010,460.654
7/1/2010,409.71
7/2/2010,355.828
7/3/2010,369.997
7/4/2010,384.172
7/5/2010,384.018
7/6/2010,374.591
7/7/2010,392.992
7/8/2010,319.435
7/9/2010,245.506
7/10/2010,315.295
7/11/2010,257.713
7/12/2010,210.745
7/13/2010,265.595
7/14/2010,300.771
7/15/2010,227.502
7/16/2010,82.656
7/17/2010,315.875
7/18/2010,258.012
7/19/2010,161.246
7/20/2010,232.21
7/21/2010,175.467
7/22/2010,157.083
7/23/2010,267.332
7/24/2010,224.605
7/25/2010,205.08
7/26/2010,180.55
7/27/2010,124.985
7/28/2010,373.221
7/29/2010,139.395
7/30/2010,318.44
7/31/2010,219.037
8/1/2010,809.212
8/2/2010,374.115
8/3/2010,304.42
8/4/2010,571.878
8/5/2010,247.378
8/6/2010,388.284
8/7/2010,474.498
8/8/2010,237.902
8/9/2010,337.558
8/10/2010,228.265
8/11/2010,299.477
8/12/2010,246.158
8/13/2010,195.89
8/14/2010,229.414
8/15/2010,235.93
8/16/2010,319.53
8/17/2010,195.067
8/18/2010,297.638
8/19/2010,248.37
8/20/2010,390.609
8/21/2010,318.273
8/22/2010,236.937
8/23/2010,356.081
8/24/2010,143.183
8/25/2010,231.75
8/26/2010,178.316
8/27/2010,196.035
8/28/2010,123.796
8/29/2010,119.61
8/30/2010,146.727
8/31/2010,174.496
9/1/2010,185.43
9/2/2010,203.606
9/3/2010,219.498
9/4/2010,166.372
9/5/2010,148.956
9/6/2010,220.541
9/7/2010,132.779
9/8/2010,97.456
9/9/2010,185.222
9/10/2010,256.463
9/11/2010,185.724
9/12/2010,184.715
9/13/2010,202.118
9/14/2010,203.835
9/15/2010,204.29
9/16/2010,204.056
9/17/2010,186.478
9/18/2010,186.124
9/19/2010,169.162
9/20/2010,188.012
9/21/2010,169.55
9/22/2010,346.139
9/23/2010,274.772
9/24/2010,237.194
9/25/2010,253.348
9/26/2010,237.219
9/27/2010,222.418
9/28/2010,223.534
9/29/2010,203.117
9/30/2010,220.395
10/1/2010,157.368
10/2/2010,175.02
10/3/2010,266.201
10/4/2010,194.651
10/5/2010,687.327
10/6/2010,811.316
10/7/2010,493.682
10/8/2010,423.652
10/9/2010,247.693
10/10/2010,229.187
10/11/2010,212.951
10/12/2010,249.002
10/13/2010,214.273
10/14/2010,214.333
10/15/2010,195.51
10/16/2010,193.236
10/17/2010,175.653
10/18/2010,246.96
10/19/2010,192.364
10/20/2010,174.933
10/21/2010,176.049
10/22/2010,210.396
10/23/2010,263.527
10/24/2010,263.958
10/25/2010,282.03
10/26/2010,227.259
10/27/2010,264.673
10/28/2010,229.617
10/29/2010,211.525
10/30/2010,263.178
10/31/2010,246.345
11/1/2010,209.544
11/2/2010,213.746
11/3/2010,234.296
11/4/2010,222.007
11/5/2010,183.217
11/6/2010,199.385
11/7/2010,180.321
11/8/2010,87.576
11/9/2010,271.152
11/10/2010,238.24
11/11/2010,113.737
11/12/2010,220.571
11/13/2010,185.577
11/14/2010,169.355
11/15/2010,254.823
11/16/2010,81.609
11/17/2010,293.095
11/18/2010,148.489
11/19/2010,168.372
11/20/2010,151.017
11/21/2010,293.094
11/22/2010,102.343
11/23/2010,85.188
11/24/2010,346.922
11/25/2010,101.563
11/26/2010,170.877
11/27/2010,169.745
11/28/2010,120.447
11/29/2010,205.674
11/30/2010,103.641
12/1/2010,182.705
12/2/2010,76.527
12/3/2010,220.445
12/4/2010,147.4
12/5/2010,164.413
12/6/2010,164.716
12/7/2010,184.381
12/8/2010,183.318
12/9/2010,197.998
12/10/2010,183.876
12/11/2010,250.427
12/12/2010,133.712
12/13/2010,236.875
12/14/2010,168.206
12/15/2010,235.284
12/16/2010,186.151
12/17/2010,133.984
12/18/2010,230.473
12/19/2010,116.526
12/20/2010,184.058
12/21/2010,219.855
12/22/2010,216.592
12/23/2010,257.33
12/24/2010,233.414
12/25/2010,286.31
12/26/2010,204.781
12/27/2010,218.338
12/28/2010,203.795
12/29/2010,257.766
12/30/2010,203.132
12/31/2010,179.347
1/1/2011,210.051
1/2/2011,141.924
1/3/2011,48.272
1/4/2011,67.234
1/5/2011,85.78
1/6/2011,33.374
1/7/2011,32.831
1/8/2011,42.837
1/9/2011,184.325
1/10/2011,151.187
1/11/2011,140.365
1/12/2011,42.215
1/13/2011,207.46
1/14/2011,58.271
1/15/2011,183.624
1/16/2011,155.985
1/17/2011,190.444
1/18/2011,159.557
1/19/2011,211.423
1/20/2011,144.769
1/21/2011,145.432
1/22/2011,264.168
1/23/2011,124.998
1/24/2011,225.801
1/25/2011,196.91
1/26/2011,163.129
1/27/2011,146.354
1/28/2011,230.721
1/29/2011,172.062
1/30/2011,176.676
1/31/2011,48.079
2/1/2011,58.614
2/2/2011,191.054
2/3/2011,140.412
2/4/2011,88.271
2/5/2011,95.846
2/6/2011,143.501
2/7/2011,217.229
2/8/2011,216.016
2/9/2011,71.977
2/10/2011,180.6
2/11/2011,167.449
2/12/2011,193.256
2/13/2011,157.664
2/14/2011,165.061
2/15/2011,195.56
2/16/2011,135.488
2/17/2011,230.643
2/18/2011,192.939
2/19/2011,63.341
2/20/2011,272.705
2/21/2011,245.78
2/22/2011,213.9
2/23/2011,208.03
2/24/2011,192.233
2/25/2011,224.27
2/26/2011,240.652
2/27/2011,144.483
2/28/2011,209.039
3/1/2011,216.993
3/2/2011,196.591
3/3/2011,213.161
3/4/2011,228.882
3/5/2011,181.306
3/6/2011,211.929
3/7/2011,198.033
3/8/2011,245.893
3/9/2011,223.631
3/10/2011,239.215
3/11/2011,243.254
3/12/2011,248.345
3/13/2011,296
3/14/2011,167.347
3/15/2011,310.349
3/16/2011,277.646
3/17/2011,311.293
3/18/2011,295.061
3/19/2011,380.701
3/20/2011,379.952
3/21/2011,301.901
3/22/2011,293.267
3/23/2011,246.176
3/24/2011,351.095
3/25/2011,293.087
3/26/2011,341.303
3/27/2011,294.242
3/28/2011,278.841
3/29/2011,324.127
3/30/2011,277.108
3/31/2011,262.502
4/1/2011,298.73
4/2/2011,265.68
4/3/2011,201.362
4/4/2011,262.95
4/5/2011,321.465
4/6/2011,367.554
4/7/2011,368.207
4/8/2011,369.562
4/9/2011,322.214
4/10/2011,523.45
4/11/2011,472.17
4/12/2011,464.311
4/13/2011,389.096
4/14/2011,606.805
4/15/2011,482.041
4/16/2011,496.816
4/17/2011,511.537
4/18/2011,558.527
4/19/2011,437.377
4/20/2011,506.889
4/21/2011,558.533
4/22/2011,743.895
4/23/2011,697.874
4/24/2011,698.518
4/25/2011,823.239
4/26/2011,698.591
4/27/2011,886.015
4/28/2011,791.763
4/29/2011,666.752
4/30/2011,854.979
5/1/2011,575.387
5/2/2011,621.648
5/3/2011,621.222
5/4/2011,668.936
5/5/2011,597.531
5/6/2011,609.965
5/7/2011,563.015
5/8/2011,561.744
5/9/2011,783.711
5/10/2011,957.104
5/11/2011,1144.083
5/12/2011,1279.176
5/13/2011,1264.469
5/14/2011,1253.386
5/15/2011,1190.908
5/16/2011,1112.519
5/17/2011,1177.091
5/18/2011,1096.306
5/19/2011,1468.777
5/20/2011,1422.38
5/21/2011,1487.732
5/22/2011,1488.812
5/23/2011,1393.948
5/24/2011,1480.167
5/25/2011,1313.912
5/26/2011,1363.615
5/27/2011,1381.443
5/28/2011,1480.779
5/29/2011,1393.298
5/30/2011,1691.047
5/31/2011,1782.382
6/1/2011,1916.488
6/2/2011,1929.478
6/3/2011,1864.823
6/4/2011,1873.11
6/5/2011,1976.154
6/6/2011,1916.065
6/7/2011,2086.616
6/8/2011,2208.764
6/9/2011,2437.152
6/10/2011,2448.179
6/11/2011,2620.46
6/12/2011,2587.209
6/13/2011,2585.226
6/14/2011,2575.527
6/15/2011,2494.288
6/16/2011,2637.31
6/17/2011,2309.903
6/18/2011,2301.901
6/19/2011,2387.425
6/20/2011,2396.551
6/21/2011,2293.606
6/22/2011,2237.169
6/23/2011,2158.8
6/24/2011,2054.129
6/25/2011,2000.661
6/26/2011,2021.015
6/27/2011,2052.544
6/28/2011,2064.813
6/29/2011,2016.326
6/30/2011,2096.312
7/1/2011,1931.499
7/2/2011,2049.801
7/3/2011,2158.466
7/4/2011,1915.65
7/5/2011,1965.371
7/6/2011,1827.621
7/7/2011,1983.175
7/8/2011,1867.866
7/9/2011,1830.882
7/10/2011,1773.713
7/11/2011,1786.246
7/12/2011,1845.22
7/13/2011,1847.299
7/14/2011,1747.882
7/15/2011,1791.122
7/16/2011,1673.951
7/17/2011,1575.424
7/18/2011,1284.037
7/19/2011,1295.774
7/20/2011,1226.248
7/21/2011,1143.05
7/22/2011,1083.073
7/23/2011,1121.701
7/24/2011,1061.937
7/25/2011,1103.441
7/26/2011,719.307
7/27/2011,819.921
7/28/2011,861.03
7/29/2011,861.019
7/30/2011,820
7/31/2011,638.114
8/1/2011,611.948
8/2/2011,576.933
8/3/2011,609.99
8/4/2011,576.708
8/5/2011,455.086
8/6/2011,435.708
8/7/2011,538.618
8/8/2011,417.067
8/9/2011,489.542
8/10/2011,327.937
8/11/2011,409.944
8/12/2011,350.427
8/13/2011,270.456
8/14/2011,351.125
8/15/2011,372.174
8/16/2011,252.661
8/17/2011,293.903
8/18/2011,353.285
8/19/2011,255.101
8/20/2011,315.399
8/21/2011,257.598
8/22/2011,317.545
8/23/2011,256.698
8/24/2011,297.973
8/25/2011,213.81
8/26/2011,294.716
8/27/2011,236.781
8/28/2011,337.607
8/29/2011,150.383
8/30/2011,262.487
8/31/2011,238.969
9/1/2011,215.446
9/2/2011,272.878
9/3/2011,312.464
9/4/2011,275.882
9/5/2011,198.204
9/6/2011,290.54
9/7/2011,249.373
9/8/2011,231.871
9/9/2011,392.074
9/10/2011,274.566
9/11/2011,253.499
9/12/2011,313.309
9/13/2011,314.769
9/14/2011,569.137
9/15/2011,372.912
9/16/2011,337.85
9/17/2011,373.963
9/18/2011,492.951
9/19/2011,375.495
9/20/2011,368.63
9/21/2011,407.522
9/22/2011,313.357
9/23/2011,333.528
9/24/2011,332.915
9/25/2011,352.688
9/26/2011,274.872
9/27/2011,295.268
9/28/2011,276.032
9/29/2011,293.165
9/30/2011,178.844
10/1/2011,226.333
10/2/2011,382.261
10/3/2011,267.026
10/4/2011,148.847
10/5/2011,266.614
10/6/2011,250.864
10/7/2011,218.932
10/8/2011,489.755
10/9/2011,232.892
10/10/2011,349.614
10/11/2011,303.513
10/12/2011,363.647
10/13/2011,304.072
10/14/2011,307.435
10/15/2011,268.764
10/16/2011,308.623
10/17/2011,308.184
10/18/2011,284.047
10/19/2011,246.983
10/20/2011,305.071
10/21/2011,266.334
10/22/2011,304.81
10/23/2011,285.642
10/24/2011,246.62
10/25/2011,324.728
10/26/2011,286.291
10/27/2011,208.722
10/28/2011,324.034
10/29/2011,286.359
10/30/2011,342.252
10/31/2011,286.387
11/1/2011,304.147
11/2/2011,313.586
11/3/2011,236.866
11/4/2011,354.897
11/5/2011,221.291
11/6/2011,235.185
11/7/2011,331.83
11/8/2011,292.586
11/9/2011,214.118
11/10/2011,293.657
11/11/2011,197.483
11/12/2011,236.532
11/13/2011,223.422
11/14/2011,261.793
11/15/2011,344.813
11/16/2011,205.149
11/17/2011,220.6
11/18/2011,260.838
11/19/2011,250.392
11/20/2011,271.205
11/21/2011,157.857
11/22/2011,281.804
11/23/2011,264.551
11/24/2011,172.893
11/25/2011,211.822
11/26/2011,268.207
11/27/2011,250.804
11/28/2011,213.259
11/29/2011,211.702
11/30/2011,263.98
12/1/2011,267.932
12/2/2011,194.235
12/3/2011,307.095
12/4/2011,179.613
12/5/2011,215.594
12/6/2011,291.97
12/7/2011,197.364
12/8/2011,217.225
12/9/2011,182.009
12/10/2011,163.493
12/11/2011,182.573
12/12/2011,202.306
12/13/2011,182.741
12/14/2011,200.834
12/15/2011,294.314
12/16/2011,183.32
12/17/2011,312.975
12/18/2011,185.434
12/19/2011,313.753
12/20/2011,222.87
12/21/2011,259.629
12/22/2011,296.274
12/23/2011,113.832
12/24/2011,242.745
12/25/2011,169.418
12/26/2011,225.011
12/27/2011,189.308
12/28/2011,238.001
12/29/2011,208.514
12/30/2011,137.335
12/31/2011,424.753
1/1/2012,209.371
1/2/2012,209.642
1/3/2012,258.023
1/4/2012,221.212
1/5/2012,244.162
1/6/2012,226.476
1/7/2012,296.202
1/8/2012,229.569
1/9/2012,205.885
1/10/2012,228.101
1/11/2012,310.348
1/12/2012,196.888
1/13/2012,230.661
1/14/2012,198.445
1/15/2012,196.392
1/16/2012,268.647
1/17/2012,177.532
1/18/2012,164.284
1/19/2012,167.329
1/20/2012,288.678
1/21/2012,147.621
1/22/2012,323.112
1/23/2012,234.498
1/24/2012,285.267
1/25/2012,195.85
1/26/2012,273.799
1/27/2012,274.02
1/28/2012,221.308
1/29/2012,249.337
1/30/2012,197.397
1/31/2012,252.335
2/1/2012,266.483
2/2/2012,192.132
2/3/2012,230.691
2/4/2012,269.032
2/5/2012,191.49
2/6/2012,211.727
2/7/2012,247.17
2/8/2012,262.677
2/9/2012,232.051
2/10/2012,177.086
2/11/2012,288.034
2/12/2012,142.656
2/13/2012,264.04
2/14/2012,208.6
2/15/2012,302.723
2/16/2012,246.645
2/17/2012,193.888
2/18/2012,267.766
2/19/2012,140.447
2/20/2012,264.948
2/21/2012,262.338
2/22/2012,176.11
2/23/2012,291.792
2/24/2012,177.946
2/25/2012,163.991
2/26/2012,235.411
2/27/2012,188.058
2/28/2012,240.338
2/29/2012,229.15
3/1/2012,255.907
3/2/2012,241.524
3/3/2012,222.679
3/4/2012,259.477
3/5/2012,210.601
3/6/2012,186.241
3/7/2012,274.568
3/8/2012,175.381
3/9/2012,259.864
3/10/2012,234.708
3/11/2012,234.098
3/12/2012,255.406
3/13/2012,249.105
3/14/2012,297.335
3/15/2012,311.501
3/16/2012,317.484
3/17/2012,322.744
3/18/2012,304.98
3/19/2012,280.339
3/20/2012,352.246
3/21/2012,343.51
3/22/2012,330.514
3/23/2012,332.169
3/24/2012,361.123
3/25/2012,323.552
3/26/2012,273.399
3/27/2012,329.368
3/28/2012,307.388
3/29/2012,358.882
3/30/2012,371.688
3/31/2012,341.418
4/1/2012,373.988
4/2/2012,348.454
4/3/2012,421.893
4/4/2012,414.046
4/5/2012,428.622
4/6/2012,351.231
4/7/2012,342.421
4/8/2012,392.447
4/9/2012,381.549
4/10/2012,363.52
4/11/2012,478.281
4/12/2012,230.783
4/13/2012,333.572
4/14/2012,238.072
4/15/2012,446.195
4/16/2012,363.494
4/17/2012,295.698
4/18/2012,362.911
4/19/2012,281.689
4/20/2012,328.681
4/21/2012,283.402
4/22/2012,250.625
4/23/2012,191.038
4/24/2012,200.688
4/25/2012,300.225
4/26/2012,295.227
4/27/2012,291.696
4/28/2012,268.192
4/29/2012,250.916
4/30/2012,331.759
5/1/2012,336.758
5/2/2012,366.837
5/3/2012,302.676
5/4/2012,323.323
5/5/2012,474.675
5/6/2012,190.36
5/7/2012,395.023
5/8/2012,145.732
5/9/2012,359.481
5/10/2012,305.828
5/11/2012,305.165
5/12/2012,386.04
5/13/2012,277.102
5/14/2012,357.655
5/15/2012,325.34
5/16/2012,285.519
5/17/2012,215.899
5/18/2012,272.347
5/19/2012,352.729
5/20/2012,292.454
5/21/2012,245.404
5/22/2012,308.635
5/23/2012,360.335
5/24/2012,173.033
5/25/2012,455.876
5/26/2012,310.744
5/27/2012,671.546
5/28/2012,545.034
5/29/2012,537.243
5/30/2012,613.334
5/31/2012,495.809
6/1/2012,494.611
6/2/2012,276.021
6/3/2012,368.617
6/4/2012,292.033
6/5/2012,260.663
6/6/2012,277.802
6/7/2012,295.379
6/8/2012,206.804
6/9/2012,174.869
6/10/2012,373.289
6/11/2012,170.519
6/12/2012,191.399
6/13/2012,198.352
6/14/2012,197.165
6/15/2012,217.408
6/16/2012,131.059
6/17/2012,135.844
6/18/2012,113.781
6/19/2012,123.773
6/20/2012,149.434
6/21/2012,69.766
6/22/2012,135.966
6/23/2012,116.764
6/24/2012,105.994
6/25/2012,117.295
6/26/2012,84.936
6/27/2012,88.982
6/28/2012,143.14
6/29/2012,73.925
6/30/2012,89.696
7/1/2012,63.23
7/2/2012,94.728
7/3/2012,92.455
7/4/2012,121.115
7/5/2012,116.708
7/6/2012,89.295
7/7/2012,105.805
7/8/2012,114.918
7/9/2012,96.086
7/10/2012,123.086
7/11/2012,109.561
7/12/2012,117.853
7/13/2012,136.718
7/14/2012,143.04
7/15/2012,136.838
7/16/2012,203.131
7/17/2012,135.91
7/18/2012,133.482
7/19/2012,178.17
7/20/2012,99.656
7/21/2012,165.566
7/22/2012,147.436
7/23/2012,119.73
7/24/2012,83.518
7/25/2012,161.809
7/26/2012,130.844
7/27/2012,200.352
7/28/2012,142.55
7/29/2012,165.3
7/30/2012,191.141
7/31/2012,142.062
8/1/2012,78.638
8/2/2012,156.184
8/3/2012,92.1
8/4/2012,181.317
8/5/2012,118.62
8/6/2012,113.962
8/7/2012,141.37
8/8/2012,148.169
8/9/2012,138.847
8/10/2012,106.441
8/11/2012,70.432
8/12/2012,139.643
8/13/2012,84.118
8/14/2012,214.385
8/15/2012,94.055
8/16/2012,111.4
8/17/2012,113.779
8/18/2012,99.58
8/19/2012,104.641
8/20/2012,89.802
8/21/2012,151.122
8/22/2012,164.02
8/23/2012,170.109
8/24/2012,196.183
8/25/2012,159.269
8/26/2012,108.157
8/27/2012,149.821
8/28/2012,163.663
8/29/2012,180.876
8/30/2012,106.579
8/31/2012,172.681
9/1/2012,139.358
9/2/2012,127.126
9/3/2012,127.556
9/4/2012,130.952
9/5/2012,129.244
9/6/2012,127.027
9/7/2012,110.47
9/8/2012,153.773
9/9/2012,135.047
9/10/2012,137.761
9/11/2012,137.177
9/12/2012,219.216
9/13/2012,170.319
9/14/2012,153.982
9/15/2012,136.425
9/16/2012,137.308
9/17/2012,155.096
9/18/2012,137.468
9/19/2012,138.468
9/20/2012,153.901
9/21/2012,123.027
9/22/2012,138.58
9/23/2012,138.986
9/24/2012,147.204
9/25/2012,145.669
9/26/2012,136.453
9/27/2012,120.667
9/28/2012,120.42
9/29/2012,137.778
9/30/2012,154.926
10/1/2012,114.91
10/2/2012,133.841
10/3/2012,107.229
10/4/2012,106.604
10/5/2012,178.849
10/6/2012,128.893
10/7/2012,97.784
10/8/2012,98.034
10/9/2012,131.678
10/10/2012,115.855
10/11/2012,209.24
10/12/2012,209.105
10/13/2012,209.805
10/14/2012,132.245
10/15/2012,115.028
10/16/2012,97.78
10/17/2012,115.271
10/18/2012,194.417
10/19/2012,161.486
10/20/2012,83.237
10/21/2012,163.278
10/22/2012,114.341
10/23/2012,149.666
10/24/2012,133.334
10/25/2012,133.011
10/26/2012,99.395
10/27/2012,116.42
10/28/2012,131.661
10/29/2012,133.751
10/30/2012,134.023
10/31/2012,147.976
11/1/2012,116.562
11/2/2012,174.087
11/3/2012,144.996
11/4/2012,147.33
11/5/2012,161.42
11/6/2012,130.489
11/7/2012,166.549
11/8/2012,87.004
11/9/2012,214.37
11/10/2012,62.106
11/11/2012,126.857
11/12/2012,175.673
11/13/2012,58.785
11/14/2012,151.91
11/15/2012,131.897
11/16/2012,182.244
11/17/2012,84.662
11/18/2012,147.205
11/19/2012,85.47
11/20/2012,56.742
11/21/2012,49.843
11/22/2012,91.966
11/23/2012,121.882
11/24/2012,164.532
11/25/2012,130.314
11/26/2012,162.217
11/27/2012,119.475
11/28/2012,133.512
11/29/2012,85.994
11/30/2012,230.73
12/1/2012,87.24
12/2/2012,91.694
12/3/2012,175.15
12/4/2012,134.836
12/5/2012,91.323
12/6/2012,138.004
12/7/2012,137.314
12/8/2012,117.387
12/9/2012,96.352
12/10/2012,83.53
12/11/2012,121.541
12/12/2012,94.602
12/13/2012,206.074
12/14/2012,140.202
12/15/2012,60.575
12/16/2012,104.517
12/17/2012,170.935
12/18/2012,127.355
12/19/2012,220.059
12/20/2012,203.805
12/21/2012,94.449
12/22/2012,75.581
12/23/2012,110.967
12/24/2012,62.18
12/25/2012,64.154
12/26/2012,56.251
12/27/2012,60.467
12/28/2012,128.732
12/29/2012,94.063
12/30/2012,92.126
12/31/2012,86.001
1/1/2013,60.555
1/2/2013,51.102
1/3/2013,82.21
1/4/2013,55.042
1/5/2013,135.11
1/6/2013,82.422
1/7/2013,68.47
1/8/2013,52.001
1/9/2013,55.616
1/10/2013,59.903
1/11/2013,55.767
1/12/2013,121.142
1/13/2013,76.971
1/14/2013,100.74
1/15/2013,100.564
1/16/2013,98.727
1/17/2013,83.426
1/18/2013,99.425
1/19/2013,96.282
1/20/2013,84.608
1/21/2013,87.534
1/22/2013,149.124
1/23/2013,66.422
1/24/2013,135.135
1/25/2013,114.426
1/26/2013,203.293
1/27/2013,142.725
1/28/2013,183.246
1/29/2013,167.366
1/30/2013,243.37
1/31/2013,177.449
2/1/2013,212.719
2/2/2013,170.116
2/3/2013,225.045
2/4/2013,155.805
2/5/2013,141.819
2/6/2013,154.12
2/7/2013,151.238
2/8/2013,152.595
2/9/2013,124.29
2/10/2013,171.638
2/11/2013,145.484
2/12/2013,167.457
2/13/2013,123.595
2/14/2013,187.719
2/15/2013,157.615
2/16/2013,155.534
2/17/2013,105.623
2/18/2013,174.007
2/19/2013,178.734
2/20/2013,96.033
2/21/2013,140.405
2/22/2013,183.471
2/23/2013,171.39
2/24/2013,141.158
2/25/2013,94.06
2/26/2013,135.249
2/27/2013,121.991
2/28/2013,137.572
3/1/2013,160.557
3/2/2013,136.027
3/3/2013,181.173
3/4/2013,131.763
3/5/2013,184.824
3/6/2013,83.38
3/7/2013,129.008
3/8/2013,172.173
3/9/2013,230.867
3/10/2013,218.256
3/11/2013,190.488
3/12/2013,144.124
3/13/2013,174.566
3/14/2013,132.572
3/15/2013,116.011
3/16/2013,199.04
3/17/2013,209.869
3/18/2013,133.279
3/19/2013,235.685
3/20/2013,160.829
3/21/2013,323.169
3/22/2013,168.036
3/23/2013,145.543
3/24/2013,121.136
3/25/2013,129.843
3/26/2013,135.725
3/27/2013,107.352
3/28/2013,163.534
3/29/2013,135.79
3/30/2013,184.968
3/31/2013,152.266
4/1/2013,152.846
4/2/2013,79.997
4/3/2013,168.596
4/4/2013,106.502
4/5/2013,185.072
4/6/2013,130.87
4/7/2013,124.356
4/8/2013,243.718
4/9/2013,135.904
4/10/2013,102.754
4/11/2013,101.461
4/12/2013,167.306
4/13/2013,187.865
4/14/2013,194.994
4/15/2013,256.106
4/16/2013,95.162
4/17/2013,169.693
4/18/2013,124.964
4/19/2013,148.391
4/20/2013,166.755
4/21/2013,206.8
4/22/2013,183.544
4/23/2013,176.651
4/24/2013,117.435
4/25/2013,132.264
4/26/2013,157.16
4/27/2013,147.019
4/28/2013,142.212
4/29/2013,218.028
4/30/2013,128.175
5/1/2013,71.47
5/2/2013,160.529
5/3/2013,246.251
5/4/2013,253.743
5/5/2013,322.642
5/6/2013,202.422
5/7/2013,198.246
5/8/2013,269.684
5/9/2013,372.83
5/10/2013,328.397
5/11/2013,296.005
5/12/2013,323.114
5/13/2013,304.767
5/14/2013,298.954
5/15/2013,332.219
5/16/2013,329.723
5/17/2013,440.66
5/18/2013,611.366
5/19/2013,538.762
5/20/2013,731.683
5/21/2013,754.379
5/22/2013,680.352
5/23/2013,545.602
5/24/2013,630.918
5/25/2013,518.865
5/26/2013,475.856
5/27/2013,560.241
5/28/2013,606.701
5/29/2013,607.365
5/30/2013,651.152
5/31/2013,534.586
6/1/2013,594.639
6/2/2013,528.068
6/3/2013,502.994
6/4/2013,479.194
6/5/2013,558.217
6/6/2013,498.404
6/7/2013,498.12
6/8/2013,519.084
6/9/2013,538.603
6/10/2013,630.227
6/11/2013,555.849
6/12/2013,613.638
6/13/2013,585.115
6/14/2013,568.609
6/15/2013,566.489
6/16/2013,554.127
6/17/2013,498.856
6/18/2013,482.237
6/19/2013,395.238
6/20/2013,351.743
6/21/2013,337.689
6/22/2013,300.612
6/23/2013,256.589
6/24/2013,254.836
6/25/2013,237.493
6/26/2013,249.219
6/27/2013,243.916
6/28/2013,231.724
6/29/2013,214.857
6/30/2013,95.776
7/1/2013,216.973
7/2/2013,190.507
7/3/2013,159.282
7/4/2013,117.048
7/5/2013,161.601
7/6/2013,145.27
7/7/2013,134.409
7/8/2013,103.519
7/9/2013,101.538
7/10/2013,101.3
7/11/2013,107.238
7/12/2013,84.466
7/13/2013,135.173
7/14/2013,108.056
7/15/2013,166.663
7/16/2013,128.261
7/17/2013,128.876
7/18/2013,135.254
7/19/2013,243.159
7/20/2013,163.18
7/21/2013,143.265
7/22/2013,121.648
7/23/2013,147.634
7/24/2013,171.89
7/25/2013,90.07
7/26/2013,124.855
7/27/2013,109.781
7/28/2013,94.541
7/29/2013,119.983
7/30/2013,117.914
7/31/2013,177.012
8/1/2013,232.175
8/2/2013,148.113
8/3/2013,203.349
8/4/2013,132.888
8/5/2013,180.007
8/6/2013,102.4
8/7/2013,244.978
8/8/2013,121.426
8/9/2013,153.005
8/10/2013,225.881
8/11/2013,185.547
8/12/2013,195.072
8/13/2013,64.487
8/14/2013,165.698
8/15/2013,163.277
8/16/2013,109.111
8/17/2013,180.964
8/18/2013,127.935
8/19/2013,110.468
8/20/2013,77.61
8/21/2013,123.835
8/22/2013,127.505
8/23/2013,188.514
8/24/2013,91.533
8/25/2013,198.384
8/26/2013,323.08
8/27/2013,499.296
8/28/2013,303.125
8/29/2013,247.404
8/30/2013,221.556
8/31/2013,274.746
9/1/2013,239.754
9/2/2013,232.565
9/3/2013,175.775
9/4/2013,137.726
9/5/2013,195.688
9/6/2013,192.787
9/7/2013,157.466
9/8/2013,415.795
9/9/2013,431.459
9/10/2013,766.81
9/11/2013,764.984
9/12/2013,752.584
9/13/2013,431.903
9/14/2013,661.649
9/15/2013,677.513
9/16/2013,496.981
9/17/2013,485.658
9/18/2013,389.636
9/19/2013,340.596
9/20/2013,337.602
9/21/2013,285.547
9/22/2013,270.3
9/23/2013,321.744
9/24/2013,352.055
9/25/2013,546.804
9/26/2013,321.735
9/27/2013,343.421
9/28/2013,254.699
9/29/2013,235.392
9/30/2013,229.997
10/1/2013,241.099
10/2/2013,238.848
10/3/2013,272.337
10/4/2013,202.488
10/5/2013,161.691
10/6/2013,183.423
10/7/2013,214.993
10/8/2013,174.144
10/9/2013,204.574
10/10/2013,258.534
10/11/2013,169.987
10/12/2013,281.835
10/13/2013,231.092
10/14/2013,349.977
10/15/2013,188.649
10/16/2013,202.206
10/17/2013,311.233
10/18/2013,197.017
10/19/2013,212.117
10/20/2013,202.25
10/21/2013,226.346
10/22/2013,227.282
10/23/2013,209.685
10/24/2013,237.628
10/25/2013,179.403
10/26/2013,209.635
10/27/2013,214.048
10/28/2013,236.158
10/29/2013,135.901
10/30/2013,246.731
10/31/2013,160.665
11/1/2013,189.232
11/2/2013,259.082
11/3/2013,315.578
11/4/2013,189.152
11/5/2013,117.362
11/6/2013,175.524
11/7/2013,203.235
11/8/2013,173.382
11/9/2013,231.466
11/10/2013,205.387
11/11/2013,177.337
11/12/2013,139.485
11/13/2013,88.147
11/14/2013,113.459
11/15/2013,76.204
11/16/2013,140.32
11/17/2013,204.044
11/18/2013,202.309
11/19/2013,161.968
11/20/2013,204.498
11/21/2013,299.371
11/22/2013,369.304
11/23/2013,328.492
11/24/2013,284.703
11/25/2013,286.668
11/26/2013,244.781
11/27/2013,243.923
11/28/2013,216.687
11/29/2013,189.204
11/30/2013,176.537
12/1/2013,150.387
12/2/2013,135.885
12/3/2013,134.427
12/4/2013,199.454
12/5/2013,205.369
12/6/2013,183.374
12/7/2013,115.405
12/8/2013,191.448
12/9/2013,88.481
12/10/2013,119.808
12/11/2013,38.29
12/12/2013,37.019
12/13/2013,36.649
12/14/2013,62.986
12/15/2013,81.27
12/16/2013,76.774
12/17/2013,105.924
12/18/2013,119.237
12/19/2013,120.403
12/20/2013,174.488
12/21/2013,171.657
12/22/2013,181.06
12/23/2013,176.189
12/24/2013,176.032
12/25/2013,150.542
12/26/2013,191.221
12/27/2013,133.581
12/28/2013,201.441
12/29/2013,114.076
12/30/2013,108.123
12/31/2013,176.076
1/1/2014,77.231
1/2/2014,120.654
1/3/2014,93.907
1/4/2014,96.908
1/5/2014,143.474
1/6/2014,108.863
1/7/2014,94.265
1/8/2014,89.362
1/9/2014,73.648
1/10/2014,105.846
1/11/2014,109.234
1/12/2014,157.749
1/13/2014,110.059
1/14/2014,167.121
1/15/2014,155.448
1/16/2014,99.907
1/17/2014,196.116
1/18/2014,107.797
1/19/2014,135.614
1/20/2014,157.96
1/21/2014,129.717
1/22/2014,113.879
1/23/2014,183.822
1/24/2014,92.613
1/25/2014,137.826
1/26/2014,86.958
1/27/2014,169.397
1/28/2014,129.144
1/29/2014,134.401
1/30/2014,135.583
1/31/2014,158.893
2/1/2014,163.361
2/2/2014,120.965
2/3/2014,128.708
2/4/2014,191.228
2/5/2014,132.439
2/6/2014,133.242
2/7/2014,160.709
2/8/2014,85.615
2/9/2014,179.035
2/10/2014,216.54
2/11/2014,136.19
2/12/2014,109.085
2/13/2014,189.588
2/14/2014,164.546
2/15/2014,165.058
2/16/2014,187.909
2/17/2014,150.501
2/18/2014,177.45
2/19/2014,174.435
2/20/2014,162.777
2/21/2014,188.368
2/22/2014,176.83
2/23/2014,165.275
2/24/2014,191.124
2/25/2014,151.347
2/26/2014,173.385
2/27/2014,214.788
2/28/2014,188.217
3/1/2014,282.26
3/2/2014,173.96
3/3/2014,239.62
3/4/2014,253.434
3/5/2014,238.77
3/6/2014,201.019
3/7/2014,267.378
3/8/2014,205.911
3/9/2014,225.607
3/10/2014,176.249
3/11/2014,280.187
3/12/2014,191.759
3/13/2014,215.19
3/14/2014,190.874
3/15/2014,222.978
3/16/2014,174.986
3/17/2014,214.52
3/18/2014,195.177
3/19/2014,178.743
3/20/2014,202.746
3/21/2014,214.658
3/22/2014,219.386
3/23/2014,190.803
3/24/2014,166.525
3/25/2014,177.853
3/26/2014,127.484
3/27/2014,171.682
3/28/2014,222.134
3/29/2014,170.044
3/30/2014,172.252
3/31/2014,178.96
4/1/2014,239.638
4/2/2014,114.352
4/3/2014,192.435
4/4/2014,213.405
4/5/2014,203.927
4/6/2014,168.945
4/7/2014,204.969
4/8/2014,208.001
4/9/2014,138.662
4/10/2014,254.582
4/11/2014,178.966
4/12/2014,179.476
4/13/2014,310.684
4/14/2014,307.747
4/15/2014,318.572
4/16/2014,444.736
4/17/2014,394.25
4/18/2014,321.32
4/19/2014,359.547
4/20/2014,414.07
4/21/2014,414.08
4/22/2014,396.455
4/23/2014,584.212
4/24/2014,521.632
4/25/2014,641.273
4/26/2014,629.642
4/27/2014,581.009
4/28/2014,694.418
4/29/2014,723.614
4/30/2014,696.16
5/1/2014,613.289
5/2/2014,626.889
5/3/2014,556.385
5/4/2014,557.695
5/5/2014,460.771
5/6/2014,420.89
5/7/2014,445.656
5/8/2014,591.688
5/9/2014,619.856
5/10/2014,716.625
5/11/2014,721.963
5/12/2014,858.14
5/13/2014,712.172
5/14/2014,768.073
5/15/2014,703.813
5/16/2014,657.083
5/17/2014,618.514
5/18/2014,576.252
5/19/2014,550.815
5/20/2014,469.361
5/21/2014,498.86
5/22/2014,561.536
5/23/2014,821.404
5/24/2014,833.321
5/25/2014,1029.008
5/26/2014,979.121
5/27/2014,1113.856
5/28/2014,1264.058
5/29/2014,1147.912
5/30/2014,1345.218
5/31/2014,1458.939
6/1/2014,1586.091
6/2/2014,1665.964
6/3/2014,1717.103
6/4/2014,1792.561
6/5/2014,1812.609
6/6/2014,1776.251
6/7/2014,1800.109
6/8/2014,1719.527
6/9/2014,1725.728
6/10/2014,1624.755
6/11/2014,1540.747
6/12/2014,1499.734
6/13/2014,1435.694
6/14/2014,1412.37
6/15/2014,1201.161
6/16/2014,1234.524
6/17/2014,1266.467
6/18/2014,1134.164
6/19/2014,1155.995
6/20/2014,1048.926
6/21/2014,1072.164
6/22/2014,902.233
6/23/2014,946.145
6/24/2014,843.333
6/25/2014,826.57
6/26/2014,808.362
6/27/2014,737.921
6/28/2014,620.876
6/29/2014,632.381
6/30/2014,661.343
7/1/2014,514.113
7/2/2014,529.509
7/3/2014,573.976
7/4/2014,487.456
7/5/2014,407.46
7/6/2014,401.098
7/7/2014,435.2
7/8/2014,430.253
7/9/2014,465.947
7/10/2014,428.671
7/11/2014,426.672
7/12/2014,329.108
7/13/2014,316.505
7/14/2014,308.613
7/15/2014,265.184
7/16/2014,388.965
7/17/2014,294.826
7/18/2014,297.404
7/19/2014,298.79
7/20/2014,302.083
7/21/2014,310.835
7/22/2014,264.533
7/23/2014,235.85
7/24/2014,252.423
7/25/2014,186.256
7/26/2014,211.988
7/27/2014,198.022
7/28/2014,221.633
7/29/2014,222.965
7/30/2014,213.432
7/31/2014,208.473
8/1/2014,383.926
8/2/2014,343.79
8/3/2014,356.397
8/4/2014,333.457
8/5/2014,288.296
8/6/2014,302.016
8/7/2014,283.215
8/8/2014,312.834
8/9/2014,372.178
8/10/2014,173.186
8/11/2014,223.832
8/12/2014,252.154
8/13/2014,421.062
8/14/2014,299.122
8/15/2014,329.737
8/16/2014,281.903
8/17/2014,250.458
8/18/2014,252.763
8/19/2014,161.558
8/20/2014,333.402
8/21/2014,175.287
8/22/2014,239.828
8/23/2014,222.894
8/24/2014,159.767
8/25/2014,210.401
8/26/2014,279.09
8/27/2014,280.27
8/28/2014,326.873
8/29/2014,295.058
8/30/2014,283.157
8/31/2014,354.377
9/1/2014,311.487
9/2/2014,272.474
9/3/2014,287.249
9/4/2014,257.074
9/5/2014,349.7
9/6/2014,249.17
9/7/2014,266.152
9/8/2014,272.287
9/9/2014,412.936
9/10/2014,415.92
9/11/2014,255.406
9/12/2014,375.978
9/13/2014,323.501
9/14/2014,324.866
9/15/2014,301.954
9/16/2014,239.791
9/17/2014,303.642
9/18/2014,257.832
9/19/2014,256.979
9/20/2014,242.516
9/21/2014,228.79
9/22/2014,195.831
9/23/2014,221.918
9/24/2014,249.153
9/25/2014,280.013
9/26/2014,248.85
9/27/2014,334.76
9/28/2014,320.511
9/29/2014,370.79
9/30/2014,447.246
10/1/2014,500.087
10/2/2014,438.906
10/3/2014,481.111
10/4/2014,431.28
10/5/2014,358.34
10/6/2014,362.107
10/7/2014,334.802
10/8/2014,303.689
10/9/2014,319.148
10/10/2014,284.435
10/11/2014,254.153
10/12/2014,248.673
10/13/2014,336.195
10/14/2014,302.551
10/15/2014,270.856
10/16/2014,242.117
10/17/2014,265.176
10/18/2014,300.266
10/19/2014,286.758
10/20/2014,245.573
10/21/2014,240.804
10/22/2014,239.474
10/23/2014,241.883
10/24/2014,240.678
10/25/2014,221.375
10/26/2014,223.773
10/27/2014,265.077
10/28/2014,207.514
10/29/2014,214.823
10/30/2014,230.612
10/31/2014,184.133
11/1/2014,205.306
11/2/2014,251.966
11/3/2014,225.689
11/4/2014,201.221
11/5/2014,242.805
11/6/2014,227.035
11/7/2014,242.993
11/8/2014,225.48
11/9/2014,138.174
11/10/2014,266.311
11/11/2014,167.051
11/12/2014,168.324
11/13/2014,165.419
11/14/2014,93.986
11/15/2014,199.812
11/16/2014,198.627
11/17/2014,181.226
11/18/2014,174.834
11/19/2014,210.223
11/20/2014,224.133
11/21/2014,165.916
11/22/2014,153.923
11/23/2014,195.488
11/24/2014,195.878
11/25/2014,165.213
11/26/2014,227.215
11/27/2014,226.566
11/28/2014,213.172
11/29/2014,210.368
11/30/2014,227.345
12/1/2014,229.424
12/2/2014,198.291
12/3/2014,237.73
12/4/2014,183.092
12/5/2014,196.214
12/6/2014,196.922
12/7/2014,253.67
12/8/2014,227.826
12/9/2014,198.822
12/10/2014,212.604
12/11/2014,244.227
12/12/2014,111.674
12/13/2014,303.381
12/14/2014,195.769
12/15/2014,243.681
12/16/2014,211.264
12/17/2014,197.968
12/18/2014,231.235
12/19/2014,229.037
12/20/2014,155.348
12/21/2014,222.448
12/22/2014,243.362
12/23/2014,242.814
12/24/2014,168.365
12/25/2014,280.88
12/26/2014,170.694
12/27/2014,171.562
12/28/2014,180.863
12/29/2014,287.933
12/30/2014,258.724
12/31/2014,155.883
1/1/2015,141.198
1/2/2015,137.007
1/3/2015,121.357
1/4/2015,94.77
1/5/2015,111.199
1/6/2015,110.882
1/7/2015,124.832
1/8/2015,167.648
1/9/2015,154.592
1/10/2015,232.601
1/11/2015,259.13
1/12/2015,270.887
1/13/2015,299.73
1/14/2015,298.711
1/15/2015,239.707
1/16/2015,254.939
1/17/2015,244.238
1/18/2015,232.378
1/19/2015,256.962
1/20/2015,157.288
1/21/2015,255.499
1/22/2015,157.101
1/23/2015,200.173
1/24/2015,246.508
1/25/2015,189.715
1/26/2015,263.159
1/27/2015,180.44
1/28/2015,207.253
1/29/2015,208.059
1/30/2015,303.104
1/31/2015,281.931
2/1/2015,248.439
2/2/2015,230.118
2/3/2015,262.224
2/4/2015,259.672
2/5/2015,237.338
2/6/2015,224.243
2/7/2015,256.793
2/8/2015,260.11
2/9/2015,242.002
2/10/2015,284.79
2/11/2015,185.08
2/12/2015,214.042
2/13/2015,199.624
2/14/2015,219.262
2/15/2015,250.048
2/16/2015,115.959
2/17/2015,229.36
2/18/2015,242.376
2/19/2015,185.158
2/20/2015,243.177
2/21/2015,301.203
2/22/2015,303.579
2/23/2015,173.405
2/24/2015,214.319
2/25/2015,270.268
2/26/2015,268.859
2/27/2015,227.088
2/28/2015,277.427
3/1/2015,309.622
3/2/2015,348.524
3/3/2015,313.972
3/4/2015,311.054
3/5/2015,244.68
3/6/2015,256.355
3/7/2015,227.53
3/8/2015,230.128
3/9/2015,193.876
3/10/2015,194.198
3/11/2015,257.509
3/12/2015,285.189
3/13/2015,287.082
3/14/2015,222.738
3/15/2015,197.113
3/16/2015,237.362
3/17/2015,204.705
3/18/2015,152.5
3/19/2015,185.758
3/20/2015,244.612
3/21/2015,215.018
3/22/2015,241.057
3/23/2015,211.212
3/24/2015,287.498
3/25/2015,275.252
3/26/2015,234.205
3/27/2015,276.363
3/28/2015,301.996
3/29/2015,270.451
3/30/2015,276.917
3/31/2015,263.773
4/1/2015,215.665
4/2/2015,319.166
4/3/2015,289.149
4/4/2015,268.747
4/5/2015,269.156
4/6/2015,300.585
4/7/2015,289.553
4/8/2015,309.852
4/9/2015,306.384
4/10/2015,301.044
4/11/2015,197.422
4/12/2015,248.05
4/13/2015,282.616
4/14/2015,223.679
4/15/2015,226.905
4/16/2015,175.926
4/17/2015,296.182
4/18/2015,273.042
4/19/2015,185.063
4/20/2015,219.997
4/21/2015,231.989
4/22/2015,289.388
4/23/2015,234.1
4/24/2015,304.411
4/25/2015,281.823
4/26/2015,199.76
4/27/2015,248.436
4/28/2015,238.22
4/29/2015,222.217
4/30/2015,250.489
5/1/2015,224.107
5/2/2015,284.384
5/3/2015,256.408
5/4/2015,219.634
5/5/2015,225.608
5/6/2015,345.848
5/7/2015,305.594
5/8/2015,472.901
5/9/2015,618.461
5/10/2015,672.684
5/11/2015,637.831
5/12/2015,624.404
5/13/2015,737.009
5/14/2015,754.055
5/15/2015,726.542
5/16/2015,690.522
5/17/2015,690.479
5/18/2015,672.085
5/19/2015,716.423
5/20/2015,798.929
5/21/2015,757.35
5/22/2015,960.394
5/23/2015,828.351
5/24/2015,883.472
5/25/2015,943.916
5/26/2015,879.368
5/27/2015,1006.017
5/28/2015,834.597
5/29/2015,867
5/30/2015,911.533
5/31/2015,887.083
6/1/2015,869.66
6/2/2015,918.044
6/3/2015,921.07
6/4/2015,932.401
6/5/2015,1370.416
6/6/2015,1495.089
6/7/2015,1427.094
6/8/2015,1366.523
6/9/2015,1368.335
6/10/2015,1452.222
6/11/2015,1380.968
6/12/2015,1432.533
6/13/2015,1466.525
6/14/2015,1504.579
6/15/2015,1481.517
6/16/2015,1338.971
6/17/2015,1309.441
6/18/2015,1278.392
6/19/2015,1332.612
6/20/2015,1355.984
6/21/2015,1284.134
6/22/2015,1308.146
6/23/2015,1297.762
6/24/2015,1254.377
6/25/2015,1083.802
6/26/2015,1047.702
6/27/2015,1041.722
6/28/2015,807.191
6/29/2015,751.699
6/30/2015,810.761
7/1/2015,578.173
7/2/2015,673.726
7/3/2015,578.212
7/4/2015,595.622
7/5/2015,545.856
7/6/2015,579.61
7/7/2015,566.017
7/8/2015,636.516
7/9/2015,636.851
7/10/2015,596.22
7/11/2015,582.618
7/12/2015,596.933
7/13/2015,571.861
7/14/2015,568.783
7/15/2015,485.607
7/16/2015,486.663
7/17/2015,470.59
7/18/2015,424.229
7/19/2015,438.952
7/20/2015,405.61
7/21/2015,406.786
7/22/2015,361.048
7/23/2015,346.276
7/24/2015,362.506
7/25/2015,329.756
7/26/2015,277.162
7/27/2015,279.427
7/28/2015,265.798
7/29/2015,204.467
7/30/2015,226.041
7/31/2015,223.66
8/1/2015,232.808
8/2/2015,309.864
8/3/2015,288.389
8/4/2015,290.483
8/5/2015,266.623
8/6/2015,264.813
8/7/2015,335.371
8/8/2015,305.486
8/9/2015,262.974
8/10/2015,186.888
8/11/2015,343.502
8/12/2015,280.25
8/13/2015,170.467
8/14/2015,201.685
8/15/2015,210.726
8/16/2015,193.107
8/17/2015,185.944
8/18/2015,157.256
8/19/2015,187.972
8/20/2015,141.981
8/21/2015,142.101
8/22/2015,109.014
8/23/2015,161.872
8/24/2015,211.241
8/25/2015,149.007
8/26/2015,150.123
8/27/2015,206.55
8/28/2015,142.391
8/29/2015,171.752
8/30/2015,170.115
8/31/2015,219.415
9/1/2015,249.31
9/2/2015,155.642
9/3/2015,171.978
9/4/2015,195.024
9/5/2015,172.122
9/6/2015,210.261
9/7/2015,209.77
9/8/2015,263.746
9/9/2015,248.413
9/10/2015,216.954
9/11/2015,185.061
9/12/2015,224.508
9/13/2015,185.054
9/14/2015,226.017
9/15/2015,205.271
9/16/2015,203.629
9/17/2015,187.78
9/18/2015,219.337
9/19/2015,194.33
9/20/2015,239.814
9/21/2015,204.498
9/22/2015,190.635
9/23/2015,202.705
9/24/2015,217.415
9/25/2015,204.993
9/26/2015,214.307
9/27/2015,210.796
9/28/2015,182.544
9/29/2015,199.312
9/30/2015,213.222
10/1/2015,148.847
10/2/2015,180.872
10/3/2015,185.921
10/4/2015,190.975
10/5/2015,768.498
10/6/2015,707.249
10/7/2015,316.402
10/8/2015,304.508
10/9/2015,237.322
10/10/2015,229.8
10/11/2015,265.016
10/12/2015,191.717
10/13/2015,210.617
10/14/2015,212.829
10/15/2015,214.271
10/16/2015,196.179
10/17/2015,176.332
10/18/2015,294.921
10/19/2015,529.416
10/20/2015,500.949
10/21/2015,345.122
10/22/2015,498.263
10/23/2015,391.915
10/24/2015,413.883
10/25/2015,356.393
10/26/2015,295.777
10/27/2015,340.398
10/28/2015,251.913
10/29/2015,236.832
10/30/2015,236.625
10/31/2015,273.811
11/1/2015,238.826
11/2/2015,260.268
11/3/2015,318.432
11/4/2015,262.931
11/5/2015,263.78
11/6/2015,282.413
11/7/2015,250.601
11/8/2015,252.226
11/9/2015,182.503
11/10/2015,233.846
11/11/2015,272.543
11/12/2015,276.667
11/13/2015,258.629
11/14/2015,218.612
11/15/2015,270.466
11/16/2015,98.217
11/17/2015,319.444
11/18/2015,276.665
11/19/2015,233.915
11/20/2015,291.877
11/21/2015,238.831
11/22/2015,244.404
11/23/2015,213.098
11/24/2015,160.896
11/25/2015,270.019
11/26/2015,228.39
11/27/2015,155.354
11/28/2015,178.24
11/29/2015,240.458
11/30/2015,234.077
12/1/2015,208.657
12/2/2015,220.112
12/3/2015,205.13
12/4/2015,151.445
12/5/2015,182.806
12/6/2015,241.375
12/7/2015,130.318
12/8/2015,160.725
12/9/2015,112.963
12/10/2015,221.324
12/11/2015,161.363
12/12/2015,159.609
12/13/2015,212.112
12/14/2015,181.579
12/15/2015,187.43
12/16/2015,177.293
12/17/2015,192.437
12/18/2015,267.286
12/19/2015,172.904
12/20/2015,165.334
12/21/2015,160.42
12/22/2015,208.139
12/23/2015,173.922
12/24/2015,171.308
12/25/2015,166.15
12/26/2015,260.343
12/27/2015,163.562
12/28/2015,176.56
12/29/2015,140.105
12/30/2015,140.368
12/31/2015,143.462
1/1/2016,146.825
1/2/2016,114.081
1/3/2016,144.385
1/4/2016,86.83
1/5/2016,157.894
1/6/2016,160.937
1/7/2016,225.527
1/8/2016,225.647
1/9/2016,250.44
1/10/2016,251.999
1/11/2016,208.438
1/12/2016,199.605
1/13/2016,211.556
1/14/2016,167.871
1/15/2016,197.27
1/16/2016,163.471
1/17/2016,255.238
1/18/2016,223.987
1/19/2016,194.997
1/20/2016,168.869
1/21/2016,189.283
1/22/2016,227.421
1/23/2016,179.021
1/24/2016,209.257
1/25/2016,210.41
1/26/2016,187.237
1/27/2016,210.727
1/28/2016,190.416
1/29/2016,167.35
1/30/2016,353.17
1/31/2016,304.205
2/1/2016,127.981
2/2/2016,226.354
2/3/2016,240.815
2/4/2016,240.859
2/5/2016,223.64
2/6/2016,192.535
2/7/2016,191.381
2/8/2016,180.553
2/9/2016,186.321
2/10/2016,192.058
2/11/2016,220.692
2/12/2016,223.598
2/13/2016,247.127
2/14/2016,261.904
2/15/2016,220.899
2/16/2016,264.007
2/17/2016,249.515
2/18/2016,235.25
2/19/2016,209.493
2/20/2016,310.316
2/21/2016,279.167
2/22/2016,232.596
2/23/2016,275.596
2/24/2016,304.227
2/25/2016,301.425
2/26/2016,304.27
2/27/2016,241.718
2/28/2016,336.39
2/29/2016,272.896
3/1/2016,266.55
3/2/2016,302.998
3/3/2016,248.439
3/4/2016,291.449
3/5/2016,171.594
3/6/2016,241.188
3/7/2016,307.254
3/8/2016,237.974
3/9/2016,226.217
3/10/2016,211.433
3/11/2016,253.119
3/12/2016,233.264
3/13/2016,217.93
3/14/2016,264.785
3/15/2016,182.734
3/16/2016,199.791
3/17/2016,241.868
3/18/2016,227.46
3/19/2016,190.325
3/20/2016,201.611
3/21/2016,197.252
3/22/2016,166.978
3/23/2016,193.258
3/24/2016,185.03
3/25/2016,257.336
3/26/2016,110.556
3/27/2016,230.78
3/28/2016,125.025
3/29/2016,309.86
3/30/2016,142.148
3/31/2016,297.897
4/1/2016,153.471
4/2/2016,210.958
4/3/2016,195.673
4/4/2016,193.701
4/5/2016,158.051
4/6/2016,210.587
4/7/2016,201.475
4/8/2016,193.403
4/9/2016,238.469
4/10/2016,268.82
4/11/2016,239.03
4/12/2016,267.046
4/13/2016,336.238
4/14/2016,320.212
4/15/2016,250.468
4/16/2016,407.147
4/17/2016,310.447
4/18/2016,393.728
4/19/2016,465.107
4/20/2016,462.45
4/21/2016,449.048
4/22/2016,464.064
4/23/2016,397.498
4/24/2016,352.529
4/25/2016,364.003
4/26/2016,310.106
4/27/2016,452.39
4/28/2016,368.096
4/29/2016,521.442
4/30/2016,563.524
5/1/2016,496.084
5/2/2016,501.768
5/3/2016,503.276
5/4/2016,489.57
5/5/2016,358.542
5/6/2016,361.128
5/7/2016,407.458
5/8/2016,425.57
5/9/2016,546.501
5/10/2016,688.552
5/11/2016,615.573
5/12/2016,771.343
5/13/2016,904.977
5/14/2016,879.717
5/15/2016,1008.587
5/16/2016,787.418
5/17/2016,966.019
5/18/2016,1052.556
5/19/2016,1083.135
5/20/2016,1190.353
5/21/2016,1150.805
5/22/2016,1242.259
5/23/2016,1266.374
5/24/2016,1344.791
5/25/2016,1333.983
5/26/2016,1440.152
5/27/2016,1370.597
5/28/2016,1242.663
5/29/2016,1069.338
5/30/2016,971.388
5/31/2016,1010.354
6/1/2016,906.804
6/2/2016,877.511
6/3/2016,954.625
6/4/2016,978.671
6/5/2016,1053.745
6/6/2016,1214.13
6/7/2016,1428.254
6/8/2016,1620.271
6/9/2016,1577.76
6/10/2016,1599.998
6/11/2016,1669.111
6/12/2016,1567.666
6/13/2016,1560.273
6/14/2016,1634.597
6/15/2016,1623.563
6/16/2016,1458.649
6/17/2016,1426.456
6/18/2016,1375.581
6/19/2016,1310.406
6/20/2016,1226.413
6/21/2016,1167.131
6/22/2016,1181.987
6/23/2016,1087.263
6/24/2016,1123.777
6/25/2016,1131.733
6/26/2016,1020.539
6/27/2016,995.223
6/28/2016,1031.783
6/29/2016,865.967
6/30/2016,705.798
7/1/2016,1053.419
7/2/2016,908.416
7/3/2016,806.763
7/4/2016,706.454
7/5/2016,762.006
7/6/2016,604.517
7/7/2016,632.317
7/8/2016,563.935
7/9/2016,467.672
7/10/2016,398.179
7/11/2016,368.769
7/12/2016,340.33
7/13/2016,318.353
7/14/2016,297.213
7/15/2016,220.658
7/16/2016,218.645
7/17/2016,214.101
7/18/2016,208.744
7/19/2016,185.174
7/20/2016,189.324
7/21/2016,203.21
7/22/2016,154.537
7/23/2016,212.458
7/24/2016,140.12
7/25/2016,164.391
7/26/2016,186.011
7/27/2016,173.463
7/28/2016,173.445
7/29/2016,207.718
7/30/2016,199.348
7/31/2016,197.717
8/1/2016,92.04
8/2/2016,157.499
8/3/2016,142.109
8/4/2016,143.869
8/5/2016,415.49
8/6/2016,287.812
8/7/2016,339.987
8/8/2016,319.845
8/9/2016,224.197
8/10/2016,335.487
8/11/2016,188.24
8/12/2016,238.846
8/13/2016,190.632
8/14/2016,196.858
8/15/2016,160.069
8/16/2016,145.888
8/17/2016,98.675
8/18/2016,149.197
8/19/2016,146.356
8/20/2016,145.753
8/21/2016,183.407
8/22/2016,145.56
8/23/2016,196.428
8/24/2016,152.707
8/25/2016,129.499
8/26/2016,194.832
8/27/2016,301.009
8/28/2016,196.006
8/29/2016,170.191
8/30/2016,192.205
8/31/2016,188.66
9/1/2016,191.45
9/2/2016,196.151
9/3/2016,230.142
9/4/2016,148.243
9/5/2016,198.76
9/6/2016,178.311
9/7/2016,210.252
9/8/2016,161.791
9/9/2016,274.255
9/10/2016,153.091
9/11/2016,141.093
9/12/2016,148.328
9/13/2016,158.672
9/14/2016,143.514
9/15/2016,134.902
9/16/2016,152.33
9/17/2016,156.78
9/18/2016,139.269
9/19/2016,179.205
9/20/2016,210.644
9/21/2016,146.435
9/22/2016,135.59
9/23/2016,276.535
9/24/2016,422.587
9/25/2016,287.209
9/26/2016,365.021
9/27/2016,402.483
9/28/2016,289.557
9/29/2016,458.12
9/30/2016,291.654
10/1/2016,264.735
10/2/2016,263.415
10/3/2016,284.505
10/4/2016,238.537
10/5/2016,258.624
10/6/2016,258.929
10/7/2016,238.35
10/8/2016,222.363
10/9/2016,235.022
10/10/2016,252.563
10/11/2016,222.796
10/12/2016,242.253
10/13/2016,179.057
10/14/2016,191.098
10/15/2016,186.485
10/16/2016,160.059
10/17/2016,282.456
10/18/2016,158.189
10/19/2016,129.691
10/20/2016,200.439
10/21/2016,177.318
10/22/2016,189.561
10/23/2016,218.88
10/24/2016,239.461
10/25/2016,299.93
10/26/2016,188.366
10/27/2016,231.323
10/28/2016,176.312
10/29/2016,238.039
10/30/2016,129.564
10/31/2016,255.868
11/1/2016,177.159
11/2/2016,243.578
11/3/2016,225.407
11/4/2016,203.417
11/5/2016,240.585
11/6/2016,195.114
11/7/2016,169.908
11/8/2016,135.422
11/9/2016,94.121
11/10/2016,100.081
11/11/2016,145.041
11/12/2016,167.187
11/13/2016,190.05
11/14/2016,176.998
11/15/2016,194.285
11/16/2016,134.24
11/17/2016,181.4
11/18/2016,195.39
11/19/2016,208.423
11/20/2016,222.534
11/21/2016,180.732
11/22/2016,272.599
11/23/2016,122.416
11/24/2016,289.374
11/25/2016,241.951
11/26/2016,181.35
11/27/2016,144.981
11/28/2016,141.755
11/29/2016,226.73
11/30/2016,152.623
12/1/2016,150.593
12/2/2016,164.921
12/3/2016,160.422
12/4/2016,130.296
12/5/2016,231.729
12/6/2016,204.216
12/7/2016,82.243
12/8/2016,145.975
12/9/2016,180.55
12/10/2016,90.162
12/11/2016,161.032
12/12/2016,126.586
12/13/2016,77.645
12/14/2016,127.57
12/15/2016,176.369
12/16/2016,138.487
12/17/2016,222.382
12/18/2016,241.532
12/19/2016,147.356
12/20/2016,199.724
12/21/2016,159.624
12/22/2016,247.528
12/23/2016,110.148
12/24/2016,249.874
12/25/2016,176.63
12/26/2016,245.382
12/27/2016,141.203
12/28/2016,201.074
12/29/2016,168.724
12/30/2016,148.097
12/31/2016,220.846
1/1/2017,140.816
1/2/2017,187.426
1/3/2017,171.603
1/4/2017,129.085
1/5/2017,138.4
1/6/2017,242.182
1/7/2017,247.206
1/8/2017,169.369
1/9/2017,72.761
1/10/2017,114.453
1/11/2017,198.295
1/12/2017,109.672
1/13/2017,171.984
1/14/2017,291.296
1/15/2017,255.432
1/16/2017,202.882
1/17/2017,189.884
1/18/2017,208.857
1/19/2017,209.514
1/20/2017,252.05
1/21/2017,254.812
1/22/2017,284.435
1/23/2017,150.108
1/24/2017,219.839
1/25/2017,196.207
1/26/2017,211.923
1/27/2017,152.179
1/28/2017,237.757
1/29/2017,159.155
1/30/2017,156.81
1/31/2017,204.127
2/1/2017,164.115
2/2/2017,233.283
2/3/2017,157.522
2/4/2017,167.363
2/5/2017,210.548
2/6/2017,176.024
2/7/2017,194.924
2/8/2017,235.591
2/9/2017,210.357
2/10/2017,231.147
2/11/2017,341.561
2/12/2017,244.687
2/13/2017,295.67
2/14/2017,300.48
2/15/2017,342.852
2/16/2017,410.294
2/17/2017,396.825
2/18/2017,450.366
2/19/2017,390.224
2/20/2017,312.581
2/21/2017,330.682
2/22/2017,243.105
2/23/2017,337.015
2/24/2017,402.724
2/25/2017,264.251
2/26/2017,274.662
2/27/2017,350.896
2/28/2017,397.743
3/1/2017,270.545
3/2/2017,275.428
3/3/2017,288.097
3/4/2017,274.855
3/5/2017,213.714
3/6/2017,375.727
3/7/2017,262.772
3/8/2017,303.18
3/9/2017,288.233
3/10/2017,290.23
3/11/2017,303.005
3/12/2017,352.047
3/13/2017,270.714
3/14/2017,303.887
3/15/2017,323.507
3/16/2017,383.108
3/17/2017,400.355
3/18/2017,435.548
3/19/2017,465.075
3/20/2017,454.946
3/21/2017,434.14
3/22/2017,497.275
3/23/2017,528.159
3/24/2017,679.538
3/25/2017,569.283
3/26/2017,580.294
3/27/2017,616.138
3/28/2017,536.324
3/29/2017,607.168
3/30/2017,622.237
3/31/2017,570.755
4/1/2017,578.669
4/2/2017,626.708
4/3/2017,694.964
4/4/2017,682.716
4/5/2017,707.866
4/6/2017,666.292
4/7/2017,677.554
4/8/2017,555.911
4/9/2017,764.173
4/10/2017,593.881
4/11/2017,581.628
4/12/2017,651.095
4/13/2017,619.108
4/14/2017,609.915
4/15/2017,664.383
4/16/2017,680.67
4/17/2017,687.07
4/18/2017,752.051
4/19/2017,748.297
4/20/2017,870.961
4/21/2017,823.232
4/22/2017,773.993
4/23/2017,806.809
4/24/2017,941.842
4/25/2017,798.793
4/26/2017,814.202
4/27/2017,664.573
4/28/2017,665.038
4/29/2017,784.431
4/30/2017,837.46
5/1/2017,728.61
5/2/2017,765.002
5/3/2017,676.792
5/4/2017,658.676
5/5/2017,665.485
5/6/2017,617.041
5/7/2017,529.372
5/8/2017,916.761
5/9/2017,831.676
5/10/2017,1015.159
5/11/2017,1078.17
5/12/2017,1053.033
5/13/2017,1136.685
5/14/2017,1124.22
5/15/2017,1204.785
5/16/2017,1268.15
5/17/2017,1508.759
5/18/2017,1296.333
5/19/2017,1343.754
5/20/2017,1338.907
5/21/2017,1314.966
5/22/2017,1193.661
5/23/2017,1150.625
5/24/2017,1108.397
5/25/2017,1226.9
5/26/2017,1034.244
5/27/2017,1215.27
5/28/2017,1243.37
5/29/2017,1292.922
5/30/2017,1256.28
5/31/2017,1334.564
6/1/2017,1235.057
6/2/2017,1258.951
6/3/2017,1230.095
6/4/2017,1237.177
6/5/2017,1327.592
6/6/2017,1345.957
6/7/2017,1447.703
6/8/2017,1508.926
6/9/2017,1576.911
6/10/2017,1572.338
6/11/2017,1654.947
6/12/2017,1556.396
6/13/2017,1716.047
6/14/2017,1611.127
6/15/2017,1540.785
6/16/2017,1453.442
6/17/2017,1372.839
6/18/2017,1236.808
6/19/2017,1142.7
6/20/2017,1160.94
6/21/2017,1204.343
6/22/2017,1196.028
6/23/2017,1182.811
6/24/2017,1059.951
6/25/2017,1060.139
6/26/2017,943.054
6/27/2017,936.794
6/28/2017,895.245
6/29/2017,901.778
6/30/2017,691.69
7/1/2017,718.013
7/2/2017,651.805
7/3/2017,608.173
7/4/2017,621.321
7/5/2017,580.253
7/6/2017,613.548
7/7/2017,435.325
7/8/2017,543.239
7/9/2017,403.702
7/10/2017,473.027
7/11/2017,541.441
7/12/2017,324.961
7/13/2017,448.768
7/14/2017,349.44
7/15/2017,366.522
7/16/2017,380.359
7/17/2017,242.514
7/18/2017,350.979
7/19/2017,254.55
7/20/2017,437.552
7/21/2017,359.775
7/22/2017,84.467
7/23/2017,243.324
7/24/2017,296.402
7/25/2017,402.832
7/26/2017,366.482
7/27/2017,290.543
7/28/2017,347.785
7/29/2017,365.454
7/30/2017,281.171
7/31/2017,312.469
8/1/2017,327.312
8/2/2017,330.559
8/3/2017,308.564
8/4/2017,203.235
8/5/2017,245.927
8/6/2017,274.94
8/7/2017,328.051
8/8/2017,225.886
8/9/2017,224.428
8/10/2017,259.835
8/11/2017,173.723
8/12/2017,326.549
8/13/2017,218.972
8/14/2017,223.939
8/15/2017,272.948
8/16/2017,218.338
8/17/2017,228.162
8/18/2017,222.635
8/19/2017,221.635
8/20/2017,134.876
8/21/2017,275.385
8/22/2017,145.871
8/23/2017,142.048
8/24/2017,198.808
8/25/2017,192.655
8/26/2017,193.622
8/27/2017,192.1
8/28/2017,195.99
8/29/2017,168.962
8/30/2017,215.149
8/31/2017,178.222
9/1/2017,151.393
9/2/2017,165.947
9/3/2017,164.22
9/4/2017,173.346
9/5/2017,135.423
9/6/2017,155.878
9/7/2017,115.373
9/8/2017,196.608
9/9/2017,153.265
9/10/2017,242.863
9/11/2017,171.862
9/12/2017,203.15
9/13/2017,203.048
9/14/2017,192.71
9/15/2017,403.91
9/16/2017,177.616
9/17/2017,148.716
9/18/2017,170.643
9/19/2017,217.326
9/20/2017,183.643
9/21/2017,217.155
9/22/2017,141.44
9/23/2017,155.136
9/24/2017,254.596
9/25/2017,169.453
9/26/2017,203.94
9/27/2017,255.085
9/28/2017,221.985
9/29/2017,269.801
9/30/2017,231.847
10/1/2017,442.353
10/2/2017,158.878
10/3/2017,267.06
10/4/2017,235.565
10/5/2017,269.339
10/6/2017,317.678
10/7/2017,242.075
10/8/2017,461.574
10/9/2017,148
10/10/2017,221.48
10/11/2017,255.724
10/12/2017,320.472
10/13/2017,230.273
10/14/2017,344.725
10/15/2017,232.308
10/16/2017,212.374
10/17/2017,245.456
10/18/2017,228.514
10/19/2017,203.804
10/20/2017,254.86
10/21/2017,90.919
10/22/2017,222.324
10/23/2017,259.737
10/24/2017,169.276
10/25/2017,218.116
10/26/2017,269.042
10/27/2017,224.459
10/28/2017,197.686
10/29/2017,213.327
10/30/2017,269.872
10/31/2017,187.361
11/1/2017,134.531
11/2/2017,278.491
11/3/2017,219.182
11/4/2017,188.289
11/5/2017,203.565
11/6/2017,201.824
11/7/2017,335.236
11/8/2017,127.064
11/9/2017,179.942
11/10/2017,211.695
11/11/2017,292.369
11/12/2017,236.32
11/13/2017,130.882
11/14/2017,242.989
11/15/2017,180.706
11/16/2017,217.733
11/17/2017,184.395
11/18/2017,214.338
11/19/2017,130.091
11/20/2017,238.776
11/21/2017,200.985
11/22/2017,233.255
11/23/2017,240.117
11/24/2017,209.452
11/25/2017,283.757
11/26/2017,252.593
11/27/2017,144.576
11/28/2017,312.105
11/29/2017,259.448
11/30/2017,195.802
12/1/2017,203.991
12/2/2017,209.899
12/3/2017,241.27
12/4/2017,166.38
12/5/2017,242.79
12/6/2017,257.058
12/7/2017,212.248
12/8/2017,228.597
12/9/2017,249.409
12/10/2017,200.36
12/11/2017,233.113
12/12/2017,215.425
12/13/2017,147.156
12/14/2017,296.506
12/15/2017,180.61
12/16/2017,235.325
12/17/2017,210.776
12/18/2017,196.389
12/19/2017,183.201
12/20/2017,142.515
12/21/2017,368.669
12/22/2017,163.341
12/23/2017,275.256
12/24/2017,242.639
12/25/2017,194.277
12/26/2017,297.155
12/27/2017,213.948
12/28/2017,214.157
12/29/2017,212.726
12/30/2017,184.631
12/31/2017,278.297
1/1/2018,188.569
1/2/2018,244.667
1/3/2018,211.58
1/4/2018,209.869
1/5/2018,212.586
1/6/2018,232.95
1/7/2018,215.436
1/8/2018,265.153
1/9/2018,180.941
1/10/2018,227.37
1/11/2018,198.985
1/12/2018,298.104
1/13/2018,223.897
1/14/2018,176.109
1/15/2018,199.939
1/16/2018,204.231
1/17/2018,163.476
1/18/2018,174.371
1/19/2018,208.313
1/20/2018,136.892
1/21/2018,268.665
1/22/2018,195.263
1/23/2018,180.836
1/24/2018,239.724
1/25/2018,134.098
1/26/2018,275.768
1/27/2018,158.231
1/28/2018,201.082
1/29/2018,149.784
1/30/2018,171.567
1/31/2018,168.531
2/1/2018,223.36
2/2/2018,203.549
2/3/2018,202.456
2/4/2018,206.34
2/5/2018,218.507
2/6/2018,183.427
2/7/2018,201.427
2/8/2018,184.04
2/9/2018,201.597
2/10/2018,213.897
2/11/2018,158.42
2/12/2018,267.906
2/13/2018,283.807
2/14/2018,120.91
2/15/2018,333.052
2/16/2018,95.923
2/17/2018,158.948
2/18/2018,136.779
2/19/2018,291.62
2/20/2018,170.281
2/21/2018,187.36
2/22/2018,186.967
2/23/2018,150.025
2/24/2018,216.422
2/25/2018,234.601
2/26/2018,170.423
2/27/2018,107.443
2/28/2018,211.121
3/1/2018,207.32
3/2/2018,145.962
3/3/2018,181.605
3/4/2018,191.395
3/5/2018,243.063
3/6/2018,172.734
3/7/2018,169.564
3/8/2018,182.29
3/9/2018,175.075
3/10/2018,195.844
3/11/2018,270.671
3/12/2018,96.871
3/13/2018,199.949
3/14/2018,69.144
3/15/2018,229.894
3/16/2018,134.439
3/17/2018,161.261
3/18/2018,192.643
3/19/2018,208.702
3/20/2018,177.371
3/21/2018,124.984
3/22/2018,247.582
3/23/2018,219.313
3/24/2018,161.207
3/25/2018,154.276
3/26/2018,261.29
3/27/2018,133.801
3/28/2018,217.051
3/29/2018,215.448
3/30/2018,120.823
3/31/2018,177.434
4/1/2018,189.452
4/2/2018,270.521
4/3/2018,185.818
4/4/2018,161.344
4/5/2018,189.827
4/6/2018,178.725
4/7/2018,277.176
4/8/2018,182.368
4/9/2018,171.711
4/10/2018,175.355
4/11/2018,186.637
4/12/2018,151.153
4/13/2018,201.936
4/14/2018,246.503
4/15/2018,207.505
4/16/2018,248.968
4/17/2018,199.695
4/18/2018,184.173
4/19/2018,204.875
4/20/2018,220.223
4/21/2018,185.783
4/22/2018,247.937
4/23/2018,225.321
4/24/2018,235.515
4/25/2018,103.339
4/26/2018,225.621
4/27/2018,161.806
4/28/2018,148.222
4/29/2018,258.913
4/30/2018,162.045
5/1/2018,211.32
5/2/2018,260.187
5/3/2018,397.337
5/4/2018,350.051
5/5/2018,381.096
5/6/2018,380.271
5/7/2018,395.226
5/8/2018,381.983
5/9/2018,288.211
5/10/2018,361.694
5/11/2018,287.684
5/12/2018,282.821
5/13/2018,406.66
5/14/2018,504.78
5/15/2018,554.023
5/16/2018,526.704
5/17/2018,549.791
5/18/2018,594.837
5/19/2018,583.167
5/20/2018,536.576
5/21/2018,552.156
5/22/2018,406.427
5/23/2018,534.283
5/24/2018,493.478
5/25/2018,432.796
5/26/2018,454.642
5/27/2018,501.266
5/28/2018,475.83
5/29/2018,660.38
5/30/2018,551.796
5/31/2018,521.534
6/1/2018,623.07
6/2/2018,457.239
6/3/2018,538.538
6/4/2018,514.371
6/5/2018,552.965
6/6/2018,477.621
6/7/2018,421.096
6/8/2018,463.203
6/9/2018,365.36
6/10/2018,411.496
6/11/2018,340.423
6/12/2018,314.469
6/13/2018,244.596
6/14/2018,373.508
6/15/2018,182.347
6/16/2018,235.419
6/17/2018,171.973
6/18/2018,198.597
6/19/2018,281.65
6/20/2018,195.505
6/21/2018,167.599
6/22/2018,262.675
6/23/2018,212.548
6/24/2018,212.546
6/25/2018,124.035
6/26/2018,166.794
6/27/2018,167.795
6/28/2018,118.509
6/29/2018,105.05
6/30/2018,164.317
7/1/2018,77.11
7/2/2018,103.635
7/3/2018,151.765
7/4/2018,108.472
7/5/2018,118.565
7/6/2018,122.892
7/7/2018,111.677
7/8/2018,94.819
7/9/2018,91.033
7/10/2018,120.519
7/11/2018,120.755
7/12/2018,118.252
7/13/2018,108.258
7/14/2018,145.79
7/15/2018,84.32
7/16/2018,108.608
7/17/2018,158.217
7/18/2018,160.219
7/19/2018,121.855
7/20/2018,146.938
7/21/2018,177.044
7/22/2018,118.122
7/23/2018,127.508
7/24/2018,121.62
7/25/2018,63.311
7/26/2018,125.257
7/27/2018,104.258
7/28/2018,84.873
7/29/2018,85.653
7/30/2018,116.107
7/31/2018,98.207
8/1/2018,108.446
8/2/2018,79.788
8/3/2018,110.927
8/4/2018,125.878
8/5/2018,57.137
8/6/2018,176.467
8/7/2018,98.142
8/8/2018,94.515
8/9/2018,96.016
8/10/2018,129.446
8/11/2018,38.891
8/12/2018,79.201
8/13/2018,55.472
8/14/2018,182.993
8/15/2018,85.589
8/16/2018,72.234
8/17/2018,71.776
8/18/2018,159.193
8/19/2018,99.191
8/20/2018,75.862
8/21/2018,178.29
8/22/2018,181.268
8/23/2018,154.769
8/24/2018,209.846
8/25/2018,61.982
8/26/2018,61.886
8/27/2018,186.931
8/28/2018,168.48
8/29/2018,151.396
8/30/2018,123.075
8/31/2018,238.316
9/1/2018,44.981
9/2/2018,190.473
9/3/2018,92.043
9/4/2018,123.51
9/5/2018,119.011
9/6/2018,165.791
9/7/2018,137.296
9/8/2018,118.333
9/9/2018,88.798
9/10/2018,108.624
9/11/2018,125.005
9/12/2018,80.377
9/13/2018,110.943
9/14/2018,109.48
9/15/2018,94.956
9/16/2018,103.633
9/17/2018,128.084
9/18/2018,107.868
9/19/2018,136.708
9/20/2018,104.776
9/21/2018,104.278
9/22/2018,92.351
9/23/2018,90.216
9/24/2018,118.502
9/25/2018,95.814
9/26/2018,65.29
9/27/2018,109.664
9/28/2018,97.069
9/29/2018,83.782
9/30/2018,129.551
10/1/2018,130.63
10/2/2018,151.373
10/3/2018,125.293
10/4/2018,124.476
10/5/2018,206.172
10/6/2018,204.715
10/7/2018,370.433
10/8/2018,420.313
10/9/2018,316.019
10/10/2018,384.487
10/11/2018,463.134
10/12/2018,223.1
10/13/2018,275.36
10/14/2018,253.713
10/15/2018,123.516
10/16/2018,166.619
10/17/2018,261.82
10/18/2018,280.855
10/19/2018,167.835
10/20/2018,232.545
10/21/2018,231.145
10/22/2018,261.438
10/23/2018,94.765
10/24/2018,180.442
10/25/2018,196.106
10/26/2018,157.929
10/27/2018,152.24
10/28/2018,173.209
10/29/2018,153.613
10/30/2018,168.439
10/31/2018,157.771
11/1/2018,218.702
11/2/2018,161.451
11/3/2018,173.038
11/4/2018,163.031
11/5/2018,124.687
11/6/2018,39.134
11/7/2018,84.601
11/8/2018,88.62
11/9/2018,92.827
11/10/2018,160.897
11/11/2018,146.322
11/12/2018,146.642
11/13/2018,146.259
11/14/2018,175.185
11/15/2018,162.707
11/16/2018,170.191
11/17/2018,176.757
11/18/2018,162.841
11/19/2018,149.504
11/20/2018,150.375
11/21/2018,147.832
11/22/2018,151.186
11/23/2018,122.799
11/24/2018,123.51
11/25/2018,177.87
11/26/2018,137.882
11/27/2018,136.644
11/28/2018,150.188
11/29/2018,204.347
11/30/2018,137.723
12/1/2018,215.938
12/2/2018,83.666
12/3/2018,203.933
12/4/2018,119.416
12/5/2018,162.609
12/6/2018,132.555
12/7/2018,135.811
12/8/2018,121.785
12/9/2018,166.249
12/10/2018,162.347
12/11/2018,173.324
12/12/2018,91.965
12/13/2018,109.781
12/14/2018,163.916
12/15/2018,188.387
12/16/2018,96.694
12/17/2018,158.928
12/18/2018,140.258
12/19/2018,150.565
12/20/2018,140.158
12/21/2018,112.902
12/22/2018,170.719
12/23/2018,117.403
12/24/2018,168.179
12/25/2018,95.493
12/26/2018,170.405
12/27/2018,186.234
12/28/2018,107.921
12/29/2018,206.115
12/30/2018,153.051
12/31/2018,192.451
1/1/2019,63.107
1/2/2019,93.007
1/3/2019,65.92
1/4/2019,70.689
1/5/2019,69.255
1/6/2019,12.395
1/7/2019,72.398
1/8/2019,77.119
1/9/2019,94.526
1/10/2019,81.176
1/11/2019,162.632
1/12/2019,183.039
1/13/2019,203.931
1/14/2019,213.788
1/15/2019,299.914
1/16/2019,110.377
1/17/2019,113.285
1/18/2019,256.38
1/19/2019,154.696
1/20/2019,202.604
1/21/2019,295.249
1/22/2019,92.537
1/23/2019,88.109
1/24/2019,78.655
1/25/2019,232.517
1/26/2019,162.708
1/27/2019,125.082
1/28/2019,164.249
1/29/2019,178.306
1/30/2019,163.622
1/31/2019,145.861
2/1/2019,113.761
2/2/2019,112.162
2/3/2019,108.413
2/4/2019,221.487
2/5/2019,105.067
2/6/2019,108.902
2/7/2019,234.532
2/8/2019,164.544
2/9/2019,185.092
2/10/2019,141.854
2/11/2019,152.333
2/12/2019,195.263
2/13/2019,135.757
2/14/2019,224.472
2/15/2019,235.674
2/16/2019,167.307
2/17/2019,252.962
2/18/2019,221.076
2/19/2019,159.596
2/20/2019,252.514
2/21/2019,214.422
2/22/2019,129.684
2/23/2019,199.666
2/24/2019,160.376
2/25/2019,138.689
2/26/2019,209.025
2/27/2019,134.213
2/28/2019,163.772
3/1/2019,149.866
3/2/2019,215.014
3/3/2019,252.842
3/4/2019,276.199
3/5/2019,314.509
3/6/2019,319.869
3/7/2019,302.163
3/8/2019,166.286
3/9/2019,362.016
3/10/2019,318.017
3/11/2019,279.661
3/12/2019,228.656
3/13/2019,179.569
3/14/2019,426.361
3/15/2019,423.042
3/16/2019,331.107
3/17/2019,265.287
3/18/2019,239.197
3/19/2019,257.474
3/20/2019,295.826
3/21/2019,299.208
3/22/2019,261.609
3/23/2019,241.796
3/24/2019,205.158
3/25/2019,303.206
3/26/2019,194.44
3/27/2019,206.563
3/28/2019,177.489
3/29/2019,261.691
3/30/2019,238.209
3/31/2019,203.364
4/1/2019,265.038
4/2/2019,334.817
4/3/2019,181.33
4/4/2019,256.359
4/5/2019,213.297
4/6/2019,307.882
4/7/2019,231.37
4/8/2019,275.929
4/9/2019,282.056
4/10/2019,181.554
4/11/2019,416.914
4/12/2019,386.077
4/13/2019,444.021
4/14/2019,392.235
4/15/2019,389.452
4/16/2019,379.79
4/17/2019,364.125
4/18/2019,369.728
4/19/2019,377.933
4/20/2019,359.677
4/21/2019,389.777
4/22/2019,553.343
4/23/2019,473.621
4/24/2019,573.266
4/25/2019,613.05
4/26/2019,746.624
4/27/2019,614.099
4/28/2019,727.801
4/29/2019,750.058
4/30/2019,980.75
5/1/2019,1016.16
5/2/2019,1117.355
5/3/2019,1277.356
5/4/2019,1170.033
5/5/2019,979.709
5/6/2019,806.625
5/7/2019,915.991
5/8/2019,775.734
5/9/2019,791.865
5/10/2019,831.656
5/11/2019,820.286
5/12/2019,822.015
5/13/2019,791.283
5/14/2019,842.777
5/15/2019,695.355
5/16/2019,730.38
5/17/2019,744.343
5/18/2019,841.959
5/19/2019,986.715
5/20/2019,946.812
5/21/2019,1028.002
5/22/2019,1088.816
5/23/2019,981.329
5/24/2019,977.192
5/25/2019,850.325
5/26/2019,812.193
5/27/2019,1012.397
5/28/2019,875.609
5/29/2019,892.105
5/30/2019,911.369
5/31/2019,926.362
6/1/2019,862.891
6/2/2019,941.049
6/3/2019,979.966
6/4/2019,1067.265
6/5/2019,1174.788
6/6/2019,1265.942
6/7/2019,1391.434
6/8/2019,1536.611
6/9/2019,1821.39
6/10/2019,2057.904
6/11/2019,2206.08
6/12/2019,2153.593
6/13/2019,2131.99
6/14/2019,2060.067
6/15/2019,2154.283
6/16/2019,2125.154
6/17/2019,2211.339
6/18/2019,2215.828
6/19/2019,1939.274
6/20/2019,1930.985
6/21/2019,2039.677
6/22/2019,1853.89
6/23/2019,1951.453
6/24/2019,1956.972
6/25/2019,1778.967
6/26/2019,1553.212
6/27/2019,1522.557
6/28/2019,1429.154
6/29/2019,1434.063
6/30/2019,1406.347
7/1/2019,1496.314
7/2/2019,1514.498
7/3/2019,1621.962
7/4/2019,1629.483
7/5/2019,1621.695
7/6/2019,1481.403
7/7/2019,1451.539
7/8/2019,1287.292
7/9/2019,1211.015
7/10/2019,1127.904
7/11/2019,1171.152
7/12/2019,905.261
7/13/2019,1018.36
7/14/2019,743.22
7/15/2019,882.096
7/16/2019,773.276
7/17/2019,760.569
7/18/2019,723.613
7/19/2019,749.818
7/20/2019,681.216
7/21/2019,667.696
7/22/2019,640.679
7/23/2019,562.665
7/24/2019,545.072
7/25/2019,473.793
7/26/2019,601.828
7/27/2019,435.43
7/28/2019,583.575
7/29/2019,489.603
7/30/2019,456.86
7/31/2019,457.642
8/1/2019,488.578
8/2/2019,369.196
8/3/2019,585.882
8/4/2019,321.603
8/5/2019,366.202
8/6/2019,491.853
8/7/2019,364.417
8/8/2019,377.282
8/9/2019,394.661
8/10/2019,283.563
8/11/2019,303.813
8/12/2019,340.564
8/13/2019,246.054
8/14/2019,312.076
8/15/2019,265.84
8/16/2019,242.636
8/17/2019,223.258
8/18/2019,224.234
8/19/2019,261.48
8/20/2019,203.855
8/21/2019,198.425
8/22/2019,217.278
8/23/2019,147.968
8/24/2019,160.401
8/25/2019,190.508
8/26/2019,264.494
8/27/2019,155.115
8/28/2019,141.93
8/29/2019,150.461
8/30/2019,199.791
8/31/2019,192.686
9/1/2019,185.607
9/2/2019,130.042
9/3/2019,243.656
9/4/2019,173.701
9/5/2019,174.139
9/6/2019,199.795
9/7/2019,169.394
9/8/2019,149.235
9/9/2019,131.288
9/10/2019,172.341
9/11/2019,172.369
9/12/2019,124.62
9/13/2019,173.906
9/14/2019,199.797
9/15/2019,212.153
9/16/2019,149.437
9/17/2019,150.883
9/18/2019,233.786
9/19/2019,170.051
9/20/2019,205.114
9/21/2019,186.575
9/22/2019,248.473
9/23/2019,174.196
9/24/2019,233.982
9/25/2019,171.736
9/26/2019,155.733
9/27/2019,219.085
9/28/2019,194.905
9/29/2019,152.341
9/30/2019,154.716
10/1/2019,177.213
10/2/2019,176.772
10/3/2019,149.081
10/4/2019,169.589
10/5/2019,167.219
10/6/2019,228.685
10/7/2019,165.056
10/8/2019,142.643
10/9/2019,181.029
10/10/2019,181.31
10/11/2019,138.24
10/12/2019,160.678
10/13/2019,173.359
10/14/2019,179.149
10/15/2019,213.552
10/16/2019,197.705
10/17/2019,114.291
10/18/2019,270.185
10/19/2019,112.97
10/20/2019,234.168
10/21/2019,201.243
10/22/2019,172.438
10/23/2019,188.024
10/24/2019,184.984
10/25/2019,199.843
10/26/2019,149.994
10/27/2019,201.531
10/28/2019,238.78
10/29/2019,108.733
10/30/2019,279.425
10/31/2019,214.429
11/1/2019,216.575
11/2/2019,252.905
11/3/2019,218.266
11/4/2019,229.908
11/5/2019,227.14
11/6/2019,237.336
11/7/2019,222.331
11/8/2019,216.606
11/9/2019,193.499
11/10/2019,236.361
11/11/2019,228.692
11/12/2019,196.982
11/13/2019,220.075
11/14/2019,212.455
11/15/2019,208.995
11/16/2019,223.427
11/17/2019,217.519
11/18/2019,213.248
11/19/2019,263.48
11/20/2019,143.673
11/21/2019,248.626
11/22/2019,297.074
11/23/2019,218.714
11/24/2019,207.049
11/25/2019,157.625
11/26/2019,269.061
11/27/2019,175.83
11/28/2019,201.55
11/29/2019,189.296
11/30/2019,314.574
12/1/2019,267.956
12/2/2019,180.963
12/3/2019,276.999
12/4/2019,172.982
12/5/2019,264.418
12/6/2019,245.635
12/7/2019,188.56
12/8/2019,210.279
12/9/2019,245.767
12/10/2019,260.589
12/11/2019,196.788
12/12/2019,198.61
12/13/2019,244.284
12/14/2019,317.617
12/15/2019,208.517
12/16/2019,273.784
12/17/2019,210.276
12/18/2019,270.202
12/19/2019,206.461
12/20/2019,217.23
12/21/2019,256.129
12/22/2019,186.306
12/23/2019,198.543
12/24/2019,253.591
12/25/2019,242.76
12/26/2019,290.031
12/27/2019,153.924
12/28/2019,249.34
12/29/2019,267.997
12/30/2019,256.927
12/31/2019,213.197
1/1/2020,196.219
1/2/2020,254.212
1/3/2020,204.319
1/4/2020,185.116
1/5/2020,159.19
1/6/2020,154.084
1/7/2020,173.684
1/8/2020,118.476
1/9/2020,211.321
1/10/2020,114.175
1/11/2020,159.652
1/12/2020,173.055
1/13/2020,134.722
1/14/2020,191.53
1/15/2020,261.214
1/16/2020,196.378
1/17/2020,188.847
1/18/2020,221.104
1/19/2020,209.883
1/20/2020,172.333
1/21/2020,170.092
1/22/2020,247.821
1/23/2020,187.724
1/24/2020,228.529
1/25/2020,189.77
1/26/2020,144.97
1/27/2020,240.214
1/28/2020,227.393
1/29/2020,198.71
1/30/2020,195.264
1/31/2020,272.006
2/1/2020,200.868
2/2/2020,204.109
2/3/2020,170.392
2/4/2020,216.897
2/5/2020,187.108
2/6/2020,171.259
2/7/2020,181.663
2/8/2020,177.307
2/9/2020,208.297
2/10/2020,223.408
2/11/2020,94.187
2/12/2020,237.995
2/13/2020,154.703
2/14/2020,156.928
2/15/2020,234.523
2/16/2020,210.654
2/17/2020,211.078
2/18/2020,217.659
2/19/2020,227.724
2/20/2020,147.369
2/21/2020,177.709
2/22/2020,192.367
2/23/2020,238.386
2/24/2020,249.142
2/25/2020,134.864
2/26/2020,137.865
2/27/2020,249.185
2/28/2020,201.844
2/29/2020,197.534
3/1/2020,247.15
3/2/2020,157.72
3/3/2020,166.797
3/4/2020,216.811
3/5/2020,201.59
3/6/2020,175.378
3/7/2020,195.522
3/8/2020,185.509
3/9/2020,203.31
3/10/2020,188.492
3/11/2020,204.97
3/12/2020,243.906
3/13/2020,286.228
3/14/2020,272.95
3/15/2020,259.438
3/16/2020,223.33
3/17/2020,235.236
3/18/2020,235.383
3/19/2020,243.205
3/20/2020,237.409
3/21/2020,248.901
3/22/2020,284.959
3/23/2020,264.775
3/24/2020,290.742
3/25/2020,296.418
3/26/2020,221.822
3/27/2020,220.378
3/28/2020,281.995
3/29/2020,185.437
3/30/2020,264.932
3/31/2020,274.195
4/1/2020,205.967
4/2/2020,281.18
4/3/2020,279.619
4/4/2020,184.24
4/5/2020,203.976
4/6/2020,227.841
4/7/2020,249.454
4/8/2020,190.483
4/9/2020,260.115
4/10/2020,266.725
4/11/2020,235.81
4/12/2020,196.594
4/13/2020,261.467
4/14/2020,259.826
4/15/2020,247.081
4/16/2020,292.683
4/17/2020,298.335
4/18/2020,293.479
4/19/2020,253.604
4/20/2020,294.612
4/21/2020,297.283
4/22/2020,288.65
4/23/2020,182.007
4/24/2020,218.168
4/25/2020,231.724
4/26/2020,218.486
4/27/2020,179.714
4/28/2020,257.635
4/29/2020,202.325
4/30/2020,217.667
5/1/2020,227.516
5/2/2020,282.006
5/3/2020,294.702
5/4/2020,426.435
5/5/2020,514.387
5/6/2020,544.138
5/7/2020,621.038
5/8/2020,674.256
5/9/2020,662.73
5/10/2020,678.406
5/11/2020,604.247
5/12/2020,503.877
5/13/2020,499.386
5/14/2020,542.588
5/15/2020,545.49
5/16/2020,577.907
5/17/2020,578.014
5/18/2020,575.096
5/19/2020,608.068
5/20/2020,623.714
5/21/2020,681.208
5/22/2020,670.019
5/23/2020,836.831
5/24/2020,702.612
5/25/2020,718.959
5/26/2020,750.994
5/27/2020,726.175
5/28/2020,572.248
5/29/2020,548.589
5/30/2020,656.737
5/31/2020,445.324
6/1/2020,658.379
6/2/2020,871.285
6/3/2020,956.978
6/4/2020,1076.183
6/5/2020,1204.362
6/6/2020,817.09
6/7/2020,958.829
6/8/2020,1000.253
6/9/2020,1050.251
6/10/2020,1033.552
6/11/2020,897.601
6/12/2020,831.328
6/13/2020,660.774
6/14/2020,689.598
6/15/2020,566.223
6/16/2020,496.891
6/17/2020,694.398
6/18/2020,345.02
6/19/2020,413.281
6/20/2020,379.86
6/21/2020,411.996
6/22/2020,407.466
6/23/2020,311.955
6/24/2020,290.459
6/25/2020,288.903
6/26/2020,333.651
6/27/2020,223.699
6/28/2020,192.214
6/29/2020,228.088
6/30/2020,171.692
7/1/2020,260.072
7/2/2020,53.516
7/3/2020,395.715
7/4/2020,134.167
7/5/2020,242.09
7/6/2020,213.275
7/7/2020,166.617
7/8/2020,111.664
7/9/2020,160.04
7/10/2020,147.961
7/11/2020,149.297
7/12/2020,178.678
7/13/2020,88.486
7/14/2020,120.225
7/15/2020,131.414
7/16/2020,104.835
7/17/2020,154.93
7/18/2020,71.425
7/19/2020,103.029
7/20/2020,102.036
7/21/2020,106.721
7/22/2020,155.097
7/23/2020,155.431
7/24/2020,159.649
7/25/2020,90.072
7/26/2020,135.201
7/27/2020,293.986
7/28/2020,150.206
7/29/2020,149.916
7/30/2020,156.442
7/31/2020,97.082
8/1/2020,142.387
8/2/2020,126.487
8/3/2020,93.593
8/4/2020,112.197
8/5/2020,83.859
8/6/2020,111.68
8/7/2020,121.73
8/8/2020,50.887
8/9/2020,52.238
8/10/2020,74.654
8/11/2020,119.914
8/12/2020,67.081
8/13/2020,86.318
8/14/2020,134.518
8/15/2020,61.339
8/16/2020,86.469
8/17/2020,115.257
8/18/2020,76.309
8/19/2020,86.652
8/20/2020,30.971
8/21/2020,127.12
8/22/2020,87.586
8/23/2020,43.954
8/24/2020,188.659
8/25/2020,129.358
8/26/2020,69.529
8/27/2020,68.164
8/28/2020,101.601
8/29/2020,45.823
8/30/2020,59.861
8/31/2020,105.698
9/1/2020,72.019
9/2/2020,150.443
9/3/2020,123.236
9/4/2020,109.67
9/5/2020,94.977
9/6/2020,177.462
9/7/2020,52.28
9/8/2020,79.455
9/9/2020,76.947
9/10/2020,142.034
9/11/2020,111.49
9/12/2020,140.965
9/13/2020,184.637
9/14/2020,167.631
9/15/2020,162.482
9/16/2020,158.933
9/17/2020,150.281
9/18/2020,131.528
9/19/2020,123.584
9/20/2020,156.712
9/21/2020,125.257
9/22/2020,168.456
9/23/2020,157.646
9/24/2020,86.35
9/25/2020,82.879
9/26/2020,165.805
9/27/2020,157.444
9/28/2020,68.241
9/29/2020,100.247
9/30/2020,127.796
10/1/2020,100.261
10/2/2020,114.692
10/3/2020,115.021
10/4/2020,106.725
10/5/2020,114.957
10/6/2020,115.114
10/7/2020,127.373
10/8/2020,101.141
10/9/2020,119.033
10/10/2020,138.401
10/11/2020,112.073
10/12/2020,81.849
10/13/2020,81.783
10/14/2020,126.847
10/15/2020,98.959
10/16/2020,96.211
10/17/2020,95.739
10/18/2020,81.143
10/19/2020,102.239
10/20/2020,101.575
10/21/2020,103.719
10/22/2020,130.272
10/23/2020,105.409
10/24/2020,116.345
10/25/2020,116.237
10/26/2020,109.59
10/27/2020,105.555
10/28/2020,118.081
10/29/2020,143.409
10/30/2020,145.556
10/31/2020,186.426
11/1/2020,170.62
11/2/2020,141.115
11/3/2020,133.065
11/4/2020,156.327
11/5/2020,140.874
11/6/2020,131.546
11/7/2020,120.571
11/8/2020,140.327
11/9/2020,116.019
11/10/2020,176.623
11/11/2020,88.126
11/12/2020,170.101
11/13/2020,78.256
11/14/2020,163.747
11/15/2020,118.436
11/16/2020,157.443
11/17/2020,103.86
11/18/2020,121.724
11/19/2020,156.222
11/20/2020,153.244
11/21/2020,153.769
11/22/2020,124.995
11/23/2020,120.311
11/24/2020,102.404
11/25/2020,107.739
11/26/2020,192.503
11/27/2020,70.53
11/28/2020,128.114
11/29/2020,123.814
11/30/2020,118.318
12/1/2020,129.915
12/2/2020,120.15
12/3/2020,63.191
12/4/2020,133.635
12/5/2020,88.755
12/6/2020,109.441
12/7/2020,104.396
12/8/2020,104.009
12/9/2020,107.425
12/10/2020,106.453
12/11/2020,79.975
12/12/2020,66.695
12/13/2020,124.304
12/14/2020,55.358
12/15/2020,68.606
12/16/2020,97.795
12/17/2020,91.602
12/18/2020,106.446
12/19/2020,100.302
12/20/2020,113.336
12/21/2020,109.246
12/22/2020,135.761
12/23/2020,119.771
12/24/2020,111.297
12/25/2020,73.338
12/26/2020,72.565
12/27/2020,150.464
12/28/2020,42.335
12/29/2020,122.512
12/30/2020,134.669
12/31/2020,58.539
1/1/2021,109.588
1/2/2021,138.815
1/3/2021,145.125
1/4/2021,75.491
1/5/2021,86.586
1/6/2021,88.359
1/7/2021,96.412
1/8/2021,108.394
1/9/2021,87.844
1/10/2021,133.149
1/11/2021,64.72
1/12/2021,67.378
1/13/2021,104.802
1/14/2021,96.759
1/15/2021,60.302
1/16/2021,107.757
1/17/2021,136.081
1/18/2021,156.088
1/19/2021,126.845
1/20/2021,32.848
1/21/2021,108.212
1/22/2021,139.699
1/23/2021,131.845
1/24/2021,119.164
1/25/2021,99.026
1/26/2021,118.127
1/27/2021,126.505
,
,
,
,
,
,
,
,
,
,
,
,
,
,
,
,
,
,
,
,
,
,
,
,
,
,
,
,
,
,
,
,
,
,
,
,
,
,
,
,
,
,
,
,
,
,
,
,
,
,
,
,
,
,
,
,
,
,
,
,
,
,
,
,
,
,
,
,
,
,
,
,
,
,
,
,
,
,
,
,
,
,
,
,
,
,
,
,
,
,
,
,
,
,
,
,
,
,
,
,
,
,
,
,
,
,
,
,
,
,
,
,
,
,
,
,
,
,
,
,
,
,
,
,
,
,
,
,
,
,
,
,
,
,
,
,
,
,
,
,
,
,
,
,
,
,
,
,
,
,
,
,
,
,
,
,
,
,
,
,
,
,
,
,
,
,
,
,
,
,
,
,
,
,
,
,
,
,
,
,
,
,
,
,
,
,
,
,
,
,
,
,
,
,
,
,
,
,
,
,
,
,
,
,
,
,
,
,
,
,
,
,
,
,
,
,
,
,
,
,
,
,
,
,
,
,
,
,
,
,
,
,
,
,
,
,
,
,
,
,
,
,
,
,
,
,
,
,
,
,
,
,
,
,
,
,
,
,
,
,
,
,
,
,
,
,
,
,
,
,
,
,
,
,
,
,
,
,
,
,
,
,
,
,
,
,
,
,
,
,
,
,
,
,
,
,
,
,
,
,
,
,
,
,
,
,
,
,
,
,
,
,
,
,
,
,
,
,
,
,
,
,
,
,
,
,
,
,
,
,
,
,
,
,
,
,
,
,
,
,
,
,
,
,
,
,
,
,
,
,
,
,
,
,
,
,
,
,
,
,
,
,
,
,
,
,
,
,
,
,
,
,
,
,
,
,
,
,
,
,
,
,
,
,
,
,
,
,
,
,
,
,
,
,
,
,
,
,
,
,
,
,
,
,
,
,
,
,
,
,
,
,
,
,
,
,
,
,
,
,
,
,
,
,
,
,
,
,
,
,
,
,
,
,
,
,
,
,
,
,
,
,
,
,
,
,
,
,
,
,
,
,
,
,
,
,
,
,
,
,
,
,
,
,
,
,
,
,
,
,
,
,
,
,
,
,
,
,
,
,
,
,
,
,
,
,
,
,
,
,
,
,
,
,
,
,
,
,
,
,
,
,
,
,
,
,
,
,
,
,
,
,
,
,
,
,
,
,
,
,
,
,
,
,
,
,
,
,
,
,
,
,
,
,
,
,
,
,
,
,
,
,
,
,
,
,
,
,
,
,
,
,
,
,
,
,
,
,
,
,
,
,
,
,
,
,
,
,
,
,
,
,
,
,
,
,
,
,
,
,
,
,
,
,
,
,
,
,
,
,
,
,
,
,
,
,
,
,
,
,
,
,
,
,
,
,
,
,
,
,
,
,
,
,
,
,
,
,
,
,
,
,
,
,
,
,
,
,
,
,
,
,
,
,
,
,
,
,
,
,
,
,
,
,
,
,
,
,
,
,
,
,
,
,
,
,
,
,
,
,
,
,
,
,
,
,
,
,
,
,
,
,
,
,
,
,
,
,
,
,
,
,
,
,
,
,
,
,
,
,
,
,
,
,
,
,
,
,
,
,
,
,
,
,
,
,
,
,
,
,
,
,
,
,
,
,
,
,
,
,
,
,
,
,
,
,
,
,
,
,
,
,
,
,
,
,
,
,
,
,
,
,
,
,
,
,
,
,
,
,
,
,
,
,
,
,
,
,
,
,
,
,
,
,
,
,
,
,
,
,
,
,
,
,
,
,
,
,
,
,
,
,
,
,
,
,
,
,
,
,
,
,
,
,
,
,
,
,
,
,
,
,
,
,
,
,
,
,
,
,
,
,
,
,
,
,
,
,
,
,
,
,
,
,
,
,
,
,
,
,
,
,
,
,
,
,
,
,
,
,
,
,
,
,
,
,
,
,
,
,
,
,
,
,
,
,
,
,
,
,
,
,
,
,
,
,
,
,
,
,
,
,
,
,
,
,
,
,
,
,
,
,
,
,
,
,
,
,
,
,
,
,
,
,
,
,
,
,
,
,
,
,
,
,
,
,
,
,
,
,
,
,
,
,
,
,
,
,
,
,
,
,
,
,
,
,
,
,
,
,
,
,
,
,
,
,
,
,
,
,
,
,
,
,
,
,
,
,
,
,
,
,
,
,
,
,
,
,
,
,
,
,
,
,
,
,
,
,
,
,
,
,
,
,
,
,
,
,
,
,
,
,
,
,
,
,
,
,
,
,
,
,
,
,
,
,
,
,
,
,
,
,
,
,
,
,
,
,
,
,
,
,
,
,
,
,
,
,
,
,
,
,
,
,
,
,
,
,
,
,
,
,
,
,
,
,
,
,
,
,
,
,
,
,
,
,
,
,
,
,
,
,
,
,
,
,
,
,
,
,
,
,
,
,
,
,
,
,
,
,
,
,
,
,
,
,
,
,
,
,
,
,
,
,
,
,
,
,
,
,
,
,
,
,
,
,
,
,
,
,
,
,
,
,
,
,
,
,
,
,
,
,
,
,
,
,
,
,
,
,
,
,
,
,
,
,
,
,
,
,
,
,
,
,
,
,
,
,
,
,
,
,
,
,
,
,
,
,
,
,
,
,
,
,
,
,
,
,
,
,
,
,
,
,
,
,
,
,
,
,
,
,
,
,
,
,
,
,
,
,
,
,
,
,
,
,
,
,
,
,
,
,
,
,
,
,
,
,
,
,
,
,
,
,
,
,
,
,
,
,
,
,
,
,
,
,
,
,
,
,
,
,
,
,
,
,
,
,
,
,
,
,
,
,
,
,
,
,
,
,
,
,
,
,
,
,
,
,
,
,
,
,
,
,
,
,
,
,
,
,
,
,
,
,
,
,
,
,
,
,
,
,
,
,
,
,
,
,
,
,
,
,
,
,
,
,
,
,
,
,
,
,
,
,
,
,
,
,
,
,
,
,
,
,
,
,
,
,
,
,
,
,
,
,
,
,
,
,
,
,
,
,
,
,
,
,
,
,
,
,
,
,
,
,
,
,
,
,
,
,
,
,
,
,
,
,
,
,
,
,
,
,
,
,
,
,
,
,
,
,
,
,
,
,
,
,
,
,
,
,
,
,
,
,
,
,
,
,
,
,
,
,
,
,
,
,
,
,
,
,
,
,
,
,
,
,
,
,
,
,
,
,
,
,
,
,
,
,
,
,
,
,
,
,
,
,
,
,
,
,
,
,
,
,
,
,
,
,
,
,
,
,
,
,
,
,
,
,
,
,
,
,
,
,
,
,
,
,
,
,
,
,
,
,
,
,
,
,
,
,
,
,
,
,
,
,
,
,
,
,
,
,
,
,
,
,
,
,
,
,
,
,
,
,
,
,
,
,
,
,
,
,
,
,
,
,
,
,
,
,
,
,
,
,
,
,
,
,
,
,
,
,
,
,
,
,
,
,
,
,
,
,
,
,
,
,
,
,
,
,
,
,
,
,
,
,
,
,
,
,
,
,
,
,
,
,
,
,
,
,
,
,
,
,
,
,
,
,
,
,
,
,
,
,
,
,
,
,
,
,
,
,
,
,
,
,
,
,
,
,
,
,
,
,
,
,
,
,
,
,
,
,
,
,
,
,
,
,
,
,
,
,
,
,
,
,
,
,
,
,
,
,
,
,
,
,
,
,
,
,
,
,
,
,
,
,
,
,
,
,
,
,
,
,
,
,
,
,
,
,
,
,
,
,
,
,
,
,
,
,
,
,
,
,
,
,
,
,
,
,
,
,
,
,
,
,
,
,
,
,
,
,
,
,
,
,
,
,
,
,
,
,
,
,
,
,
,
,
,
,
,
,
,
,
,
,
,
,
,
,
,
,
,
,
,
,
,
,
,
,
,
,
,
,
,
,
,
,
,
,
,
,
,
,
,
,
,
,
,
,
,
,
,
,
,
,
,
,
,
,
,
,
,
,
,
,
,
,
,
,
,
,
,
,
,
,
,
,
,
,
,
,
,
,
,
,
,
,
,
,
,
,
,
,
,
,
,
,
,
,
,
,
,
,
,
,
,
,
,
,
,
,
,
,
,
,
,
,
,
,
,
,
,
,
,
,
,
,
,
,
,
,
,
,
,
,
,
,
,
,
,
,
,
,
,
,
,
,
,
,
,
,
,
,
,
,
,
,
,
,
,
,
,
,
,
,
,
,
,
,
,
,
,
,
,
,
,
,
,
,
,
,
,
,
,
,
,
,
,
,
,
,
,
,
,
,
,
,
,
,
,
,
,
,
,
,
,
,
,
,
,
,
,
,
,
,
,
,
,
,
,
,
,
,
,
,
,
,
,
,
,
,
,
,
,
,
,
,
,
,
,
,
,
,
,
,
,
,
,
,
,
,
,
,
,
,
,
,
,
,
,
,
,
,
,
,
,
,
,
,
,
,
,
,
,
,
,
,
,
,
,
,
,
,
,
,
,
,
,
,
,
,
,
,
,
,
,
,
,
,
,
,
,
,
,
,
,
,
,
,
,
,
,
,
,
,
,
,
,
,
,
,
,
,
,
,
,
,
,
,
,
,
,
,
,
,
,
,
,
,
,
,
,
,
,
,
,
,
,
,
,
,
,
,
,
,
,
,
,
,
,
,
,
,
,
,
,
,
,
,
,
,
,
,
,
,
,
,
,
,
,
,
,
,
,
,
,
,
,
,
,
,
,
,
,
,
,
,
,
,
,
,
,
,
,
,
,
,
,
,
,
,
,
,
,
,
,
,
,
,
,
,
,
,
,
,
,
,
,
,
,
,
,
,
,
,
,
,
,
,
,
,
,
,
,
,
,
,
,
,
,
,
,
,
,
,
,
,
,
,
,
,
,
,
,
,
,
,
,
,
,
,
,
,
,
,
,
,
,
,
,
,
,
,
,
,
,
,
,
,
,
,
,
,
,
,
,
,
,
,
,
,
,
,
,
,
,
,
,
,
,
,
,
,
,
,
,
,
,
,
,
,
,
,
,
,
,
,
,
,
,
,
,
,
,
,
,
,
,
,
,
,
,
,
,
,
,
,
,
,
,
,
,
,
,
,
,
,
,
,
,
,
,
,
,
,
,
,
,
,
,
,
,
,
,
,
,
,
,
,
,
,
,
,
,
,
,
,
,
,
,
,
,
,
,
,
,
,
,
,
,
,
,
,
,
,
,
,
,
,
,
,
,
,
,
,
,
,
,
,
,
,
,
,
,
,
,
,
,
,
,
,
,
,
,
,
,
,
,
,
,
,
,
,
,
,
,
,
,
,
,
,
,
,
,
,
,
,
,
,
,
,
,
,
,
,
,
,
,
,
,
,
,
,
,
,
,
,
,
,
,
,
,
,
,
,
,
,
,
,
,
,
,
,
,
,
,
,
,
,
,
,
,
,
,
,
,
,
,
,
,
,
,
,
,
,
,
,
,
,
,
,
,
,
,
,
,
,
,
,
,
,
,
,
,
,
,
,
,
,
,
,
,
,
,
,
,
,
,
,
,
,
,
,
,
,
,
,
,
,
,
,
,
,
,
,
,
,
,
,
,
,
,
,
,
,
,
,
,
,
,
,
,
,
,
,
,
,
,
,
,
,
,
,
,
,
,
,
,
,
,
,
,
,
,
,
,
,
,
,
,
,
,
,
,
,
,
,
,
,
,
,
,
,
,
,
,
,
,
,
,
,
,
,
,
,
,
,
,
,
,
,
,
,
,
,
,
,
,
,
,
,
,
,
,
,
,
,
,
,
,
,
,
,
,
,
,
,
,
,
,
,
,
,
,
,
,
,
,
,
,
,
,
,
,
,
,
,
,
,
,
,
,
,
,
,
,
,
,
,
,
,
,
,
,
,
,
,
,
,
,
,
,
,
,
,
,
,
,
,
,
,
,
,
,
,
,
,
,
,
,
,
,
,
,
,
,
,
,
,
,
,
,
,
,
,
,
,
,
,
,
,
,
,
,
,
,
,
,
,
,
,
,
,
,
,
,
,
,
,
,
,
,
,
,
,
,
,
,
,
,
,
,
,
,
,
,
,
,
,
,
,
,
,
,
,
,
,
,
,
,
,
,
,
,
,
,
,
,
,
,
,
,
,
,
,
,
,
,
,
,
,
,
,
,
,
,
,
,
,
,
,
,
,
,
,
,
,
,
,
,
,
,
,
,
,
,
,
,
,
,
,
,
,
,
,
,
,
,
,
,
,
,
,
,
,
,
,
,
,
,
,
,
,
,
,
,
,
,
,
,
,
,
,
,
,
,
,
,
,
,
,
,
,
,
,
,
,
,
,
,
,
,
,
,
,
,
,
,
,
,
,
,
,
,
,
,
,
,
,
,
,
,
,
,
,
,
,
,
,
,
,
,
,
,
,
,
,
,
,
,
,
,
,
,
,
,
,
,
,
,
,
,
,
,
,
,
,
,
,
,
,
,
,
,
,
,
,
,
,
,
,
,
,
,
,
,
,
,
,
,
,
,
,
,
,
,
,
,
,
,
,
,
,
,
,
,
,
,
,
,
,
,
,
,
,
,
,
,
,
,
,
,
,
,
,
,
,
,
,
,
,
,
,
,
,
,
,
,
,
,
,
,
,
,
,
,
,
,
,
,
,
,
,
,
,
,
,
,
,
,
,
,
,
,
,
,
,
,
,
,
,
,
,
,
,
,
,
,
,
,
,
,
,
,
,
,
,
,
,
,
,
,
,
,
,
,
,
,
,
,
,
,
,
,
,
,
,
,
,
,
,
,
,
,
,
,
,
,
,
,
,
,
,
,
,
,
,
,
,
,
,
,
,
,
,
,
,
,
,
,
,
,
,
,
,
,
,
,
,
,
,
,
,
,
,
,
,
,
,
,
,
,
,
,
,
,
,
,
,
,
,
,
,
,
,
,
,
,
,
,
,
,
,
,
,
,
,
,
,
,
,
,
,
,
,
,
,
,
,
,
,
,
,
,
,
,
,
,
,
,
,
,
,
,
,
,
,
,
,
,
,
,
,
,
,
,
,
,
,
,
,
,
,
,
,
,
,
,
,
,
,
,
,
,
,
,
,
,
,
,
,
,
,
,
,
,
,
,
,
,
,
,
,
,
,
,
,
,
,
,
,
,
,
,
,
,
,
,
,
,
,
,
,
,
,
,
,
,
,
,
,
,
,
,
,
,
,
,
,
,
,
,
,
,
,
,
,
,
,
,
,
,
,
,
,
,
,
,
,
,
,
,
,
,
,
,
,
,
,
,
,
,
,
,
,
,
,
,
,
,
,
,
,
,
,
,
,
,
,
,
,
,
,
,
,
,
,
,
,
,
,
,
,
,
,
,
,
,
,
,
,
,
,
,
,
,
,
,
,
,
,
,
,
,
,
,
,
,
,
,
,
,
,
,
,
,
,
,
,
,
,
,
,
,
,
,
,
,
,
,
,
,
,
,
,
,
,
,
,
,
,
,
,
,
,
,
,
,
,
,
,
,
,
,
,
,
,
,
,
,
,
,
,
,
,
,
,
,
,
,
,
,
,
,
,
,
,
,
,
,
,
,
,
,
,
,
,
,
,
,
,
,
,
,
,
,
,
,
,
,
,
,
,
,
,
,
,
,
,
,
,
,
,
,
,
,
,
,
,
,
,
,
,
,
,
,
,
,
,
,
,
,
,
,
,
,
,
,
,
,
,
,
,
,
,
,
,
,
,
,
,
,
,
,
,
,
,
,
,
,
,
,
,
,
,
,
,
,
,
,
,
,
,
,
,
,
,
,
,
,
,
,
,
,
,
,
,
,
,
,
,
,
,
,
,
,
,
,
,
,
,
,
,
,
,
,
,
,
,
,
,
,
,
,
,
,
,
,
,
,
,
,
,
,
,
,
,
,
,
,
,
,
,
,
,
,
,
,
,
,
,
,
,
,
,
,
,
,
,
,
,
,
,
,
,
,
,
,
,
,
,
,
,
,
,
,
,
,
,
,
,
,
,
,
,
,
,
,
,
,
,
,
,
,
,
,
,
,
,
,
,
,
,
,
,
,
,
,
,
,
,
,
,
,
,
,
,
,
,
,
,
,
,
,
,
,
,
,
,
,
,
,
,
,
,
,
,
,
,
,
,
,
,
,
,
,
,
,
,
,
,
,
,
,
,
,
,
,
,
,
,
,
,
,
,
,
,
,
,
,
,
,
,
,
,
,
,
,
,
,
,
,
,
,
,
,
,
,
,
,
,
,
,
,
,
,
,
,
,
,
,
,
,
,
,
,
,
,
,
,
,
,
,
,
,
,
,
,
,
,
,
,
,
,
,
,
,
,
,
,
,
,
,
,
,
,
,
,
,
,
,
,
,
,
,
,
,
,
,
,
,
,
,
,
,
,
,
,
,
,
,
,
,
,
,
,
,
,
,
,
,
,
,
,
,
,
,
,
,
,
,
,
,
,
,
,
,
,
,
,
,
,
,
,
,
,
,
,
,
,
,
,
,
,
,
,
,
,
,
,
,
,
,
,
,
,
,
,
,
,
,
,
,
,
,
,
,
,
,
,
,
,
,
,
,
,
,
,
,
,
,
,
,
,
,
,
,
,
,
,
,
,
,
,
,
,
,
,
,
,
,
,
,
,
,
,
,
,
,
,
,
,
,
,
,
,
,
,
,
,
,
,
,
,
,
,
,
,
,
,
,
,
,
,
,
,
,
,
,
,
,
,
,
,
,
,
,
,
,
,
,
,
,
,
,
,
,
,
,
,
,
,
,
,
,
,
,
,
,
,
,
,
,
,
,
,
,
,
,
,
,
,
,
,
,
,
,
,
,
,
,
,
,
,
,
,
,
,
,
,
,
,
,
,
,
,
,
,
,
,
,
,
,
,
,
,
,
,
,
,
,
,
,
,
,
,
,
,
,
,
,
,
,
,
,
,
,
,
,
,
,
,
,
,
,
,
,
,
,
,
,
,
,
,
,
,
,
,
,
,
,
,
,
,
,
,
,
,
,
,
,
,
,
,
,
,
,
,
,
,
,
,
,
,
,
,
,
,
,
,
,
,
,
,
,
,
,
,
,
,
,
,
,
,
,
,
,
,
,
,
,
,
,
,
,
,
,
,
,
,
,
,
,
,
,
,
,
,
,
,
,
,
,
,
,
,
,
,
,
,
,
,
,
,
,
,
,
,
,
,
,
,
,
,
,
,
,
,
,
,
,
,
,
,
,
,
,
,
,
,
,
,
,
,
,
,
,
,
,
,
,
,
,
,
,
,
,
,
,
,
,
,
,
,
,
,
,
,
,
,
,
,
,
,
,
,
,
,
,
,
,
,
,
,
,
,
,
,
,
,
,
,
,
,
,
,
,
,
,
,
,
,
,
,
,
,
,
,
,
,
,
,
,
,
,
,
,
,
,
,
,
,
,
,
,
,
,
,
,
,
,
,
,
,
,
,
,
,
,
,
,
,
,
,
,
,
,
,
,
,
,
,
,
,
,
,
,
,
,
,
,
,
,
,
,
,
,
,
,
,
,
,
,
,
,
,
,
,
,
,
,
,
,
,
,
,
,
,
,
,
,
,
,
,
,
,
,
,
,
,
,
,
,
,
,
,
,
,
,
,
,
,
,
,
,
,
,
,
,
,
,
,
,
,
,
,
,
,
,
,
,
,
,
,
,
,
,
,
,
,
,
,
,
,
,
,
,
,
,
,
,
,
,
,
,
,
,
,
,
,
,
,
,
,
,
,
,
,
,
,
,
,
,
,
,
,
,
,
,
,
,
,
,
,
,
,
,
,
,
,
,
,
,
,
,
,
,
,
,
,
,
,
,
,
,
,
,
,
,
,
,
,
,
,
,
,
,
,
,
,
,
,
,
,
,
,
,
,
,
,
,
,
,
,
,
,
,
,
,
,
,
,
,
,
,
,
,
,
,
,
,
,
,
,
,
,
,
,
,
,
,
,
,
,
,
,
,
,
,
,
,
,
,
,
,
,
,
,
,
,
,
,
,
,
,
,
,
,
,
,
,
,
,
,
,
,
,
,
,
,
,
,
,
,
,
,
,
,
,
,
,
,
,
,
,
,
,
,
,
,
,
,
,
,
,
,
,
,
,
,
,
,
,
,
,
,
,
,
,
,
,
,
,
,
,
,
,
,
,
,
,
,
,
,
,
,
,
,
,
,
,
,
,
,
,
,
,
,
,
,
,
,
,
,
,
,
,
,
,
,
,
,
,
,
,
,
,
,
,
,
,
,
,
,
,
,
,
,
,
,
,
,
,
,
,
,
,
,
,
,
,
,
,
,
,
,
,
,
,
,
,
,
,
,
,
,
,
,
,
,
,
,
,
,
,
,
,
,
,
,
,
,
,
,
,
,
,
,
,
,
,
,
,
,
,
,
,
,
,
,
,
,
,
,
,
,
,
,
,
,
,
,
,
,
,
,
,
,
,
,
,
,
,
,
,
,
,
,
,
,
,
,
,
,
,
,
,
,
,
,
,
,
,
,
,
,
,
,
,
,
,
,
,
,
,
,
,
,
,
,
,
,
,
,
,
,
,
,
,
,
,
,
,
,
,
,
,
,
,
,
,
,
,
,
,
,
,
,
,
,
,
,
,
,
,
,
,
,
,
,
,
,
,
,
,
,
,
,
,
,
,
,
,
,
,
,
,
,
,
,
,
,
,
,
,
,
,
,
,
,
,
,
,
,
,
,
,
,
,
,
,
,
,
,
,
,
,
,
,
,
,
,
,
,
,
,
,
,
,
,
,
,
,
,
,
,
,
,
,
,
,
,
,
,
,
,
,
,
,
,
,
,
,
,
,
,
,
,
,
,
,
,
,
,
,
,
,
,
,
,
,
,
,
,
,
,
,
,
,
,
,
,
,
,
,
,
,
,
,
,
,
,
,
,
,
,
,
,
,
,
,
,
,
,
,
,
,
,
,
,
,
,
,
,
,
,
,
,
,
,
,
,
,
,
,
,
,
,
,
,
,
,
,
,
,
,
,
,
,
,
,
,
,
,
,
,
,
,
,
,
,
,
,
,
,
,
,
,
,
,
,
,
,
,
,
,
,
,
,
,
,
,
,
,
,
,
,
,
,
,
,
,
,
,
,
,
,
,
,
,
,
,
,
,
,
,
,
,
,
,
,
,
,
,
,
,
,
,
,
,
,
,
,
,
,
,
,
,
,
,
,
,
,
,
,
,
,
,
,
,
,
,
,
,
,
,
,
,
,
,
,
,
,
,
,
,
,
,
,
,
,
,
,
,
,
,
,
,
,
,
,
,
,
,
,
,
,
,
,
,
,
,
,
,
,
,
,
,
,
,
,
,
,
,
,
,
,
,
,
,
,
,
,
,
,
,
,
,
,
,
,
,
,
,
,
,
,
,
,
,
,
,
,
,
,
,
,
,
,
,
,
,
,
,
,
,
,
,
,
,
,
,
,
,
,
,
,
,
,
,
,
,
,
,
,
,
,
,
,
,
,
,
,
,
,
,
,
,
,
,
,
,
,
,
,
,
,
,
,
,
,
,
,
,
,
,
,
,
,
,
,
,
,
,
,
,
,
,
,
,
,
,
,
,
,
,
,
,
,
,
,
,
,
,
,
,
,
,
,
,
,
,
,
,
,
,
,
,
,
,
,
,
,
,
,
,
,
,
,
,
,
,
,
,
,
,
,
,
,
,
,
,
,
,
,
,
,
,
,
,
,
,
,
,
,
,
,
,
,
,
,
,
,
,
,
,
,
,
,
,
,
,
,
,
,
,
,
,
,
,
,
,
,
,
,
,
,
,
,
,
,
,
,
,
,
,
,
,
,
,
,
,
,
,
,
,
,
,
,
,
,
,
,
,
,
,
,
,
,
,
,
,
,
,
,
,
,
,
,
,
,
,
,
,
,
,
,
,
,
,
,
,
,
,
,
,
,
,
,
,
,
,
,
,
,
,
,
,
,
,
,
,
,
,
,
,
,
,
,
,
,
,
,
,
,
,
,
,
,
,
,
,
,
,
,
,
,
,
,
,
,
,
,
,
,
,
,
,
,
,
,
,
,
,
,
,
,
,
,
,
,
,
,
,
,
,
,
,
,
,
,
,
,
,
,
,
,
,
,
,
,
,
,
,
,
,
,
,
,
,
,
,
,
,
,
,
,
,
,
,
,
,
,
,
,
,
,
,
,
,
,
,
,
,
,
,
,
,
,
,
,
,
,
,
,
,
,
,
,
,
,
,
,
,
,
,
,
,
,
,
,
,
,
,
,
,
,
,
,
,
,
,
,
,
,
,
,
,
,
,
,
,
,
,
,
,
,
,
,
,
,
,
,
,
,
,
,
,
,
,
,
,
,
,
,
,
,
,
,
,
,
,
,
,
,
,
,
,
,
,
,
,
,
,
,
,
,
,
,
,
,
,
,
,
,
,
,
,
,
,
,
,
,
,
,
,
,
,
,
,
,
,
,
,
,
,
,
,
,
,
,
,
,
,
,
,
,
,
,
,
,
,
,
,
,
,
,
,
,
,
,
,
,
,
,
,
,
,
,
,
,
,
,
,
,
,
,
,
,
,
,
,
,
,
,
,
,
,
,
,
,
,
,
,
,
,
,
,
,
,
,
,
,
,
,
,
,
,
,
,
,
,
,
,
,
,
,
,
,
,
,
,
,
,
,
,
,
,
,
,
,
,
,
,
,
,
,
,
,
,
,
,
,
,
,
,
,
,
,
,
,
,
,
,
,
,
,
,
,
,
,
,
,
,
,
,
,
,
,
,
,
,
,
,
,
,
,
,
,
,
,
,
,
,
,
,
,
,
,
,
,
,
,
,
,
,
,
,
,
,
,
,
,
,
,
,
,
,
,
,
,
,
,
,
,
,
,
,
,
,
,
,
,
,
,
,
,
,
,
,
,
,
,
,
,
,
,
,
,
,
,
,
,
,
,
,
,
,
,
,
,
,
,
,
,
,
,
,
,
,
,
,
,
,
,
,
,
,
,
,
,
,
,
,
,
,
,
,
,
,
,
,
,
,
,
,
,
,
,
,
,
,
,
,
,
,
,
,
,
,
,
,
,
,
,
,
,
,
,
,
,
,
,
,
,
,
,
,
,
,
,
,
,
,
,
,
,
,
,
,
,
,
,
,
,
,
,
,
,
,
,
,
,
,
,
,
,
,
,
,
,
,
,
,
,
,
,
,
,
,
,
,
,
,
,
,
,
,
,
,
,
,
,
,
,
,
,
,
,
,
,
,
,
,
,
,
,
,
,
,
,
,
,
,
,
,
,
,
,
,
,
,
,
,
,
,
,
,
,
,
,
,
,
,
,
,
,
,
,
,
,
,
,
,
,
,
,
,
,
,
,
,
,
,
,
,
,
,
,
,
,
,
,
,
,
,
,
,
,
,
,
,
,
,
,
,
,
,
,
,
,
,
,
,
,
,
,
,
,
,
,
,
,
,
,
,
,
,
,
,
,
,
,
,
,
,
,
,
,
,
,
,
,
,
,
,
,
,
,
,
,
,
,
,
,
,
,
,
,
,
,
,
,
,
,
,
,
,
,
,
,
,
,
,
,
,
,
,
,
,
,
,
,
,
,
,
,
,
,
,
,
,
,
,
,
,
,
,
,
,
,
,
,
,
,
,
,
,
,
,
,
,
,
,
,
,
,
,
,
,
,
,
,
,
,
,
,
,
,
,
,
,
,
,
,
,
,
,
,
,
,
,
,
,
,
,
,
,
,
,
,
,
,
,
,
,
,
,
,
,
,
,
,
,
,
,
,
,
,
,
,
,
,
,
,
,
,
,
,
,
,
,
,
,
,
,
,
,
,
,
,
,
,
,
,
,
,
,
,
,
,
,
,
,
,
,
,
,
,
,
,
,
,
,
,
,
,
,
,
,
,
,
,
,
,
,
,
,
,
,
,
,
,
,
,
,
,
,
,
,
,
,
,
,
,
,
,
,
,
,
,
,
,
,
,
,
,
,
,
,
,
,
,
,
,
,
,
,
,
,
,
,
,
,
,
,
,
,
,
,
,
,
,
,
,
,
,
,
,
,
,
,
,
,
,
,
,
,
,
,
,
,
,
,
,
,
,
,
,
,
,
,
,
,
,
,
,
,
,
,
,
,
,
,
,
,
,
,
,
,
,
,
,
,
,
,
,
,
,
,
,
,
,
,
,
,
,
,
,
,
,
,
,
,
,
,
,
,
,
,
,
,
,
,
,
,
,
,
,
,
,
,
,
,
,
,
,
,
,
,
,
,
,
,
,
,
,
,
,
,
,
,
,
,
,
,
,
,
,
,
,
,
,
,
,
,
,
,
,
,
,
,
,
,
,
,
,
,
,
,
,
,
,
,
,
,
,
,
,
,
,
,
,
,
,
,
,
,
,
,
,
,
,
,
,
,
,
,
,
,
,
,
,
,
,
,
,
,
,
,
,
,
,
,
,
,
,
,
,
,
,
,
,
,
,
,
,
,
,
,
,
,
,
,
,
,
,
,
,
,
,
,
,
,
,
,
,
,
,
,
,
,
,
,
,
,
,
,
,
,
,
,
,
,
,
,
,
,
,
,
,
,
,
,
,
,
,
,
,
,
,
,
,
,
,
,
,
,
,
,
,
,
,
,
,
,
,
,
,
,
,
,
,
,
,
,
,
,
,
,
,
,
,
,
,
,
,
,
,
,
,
,
,
,
,
,
,
,
,
,
,
,
,
,
,
,
,
,
,
,
,
,
,
,
,
,
,
,
,
,
,
,
,
,
,
,
,
,
,
,
,
,
,
,
,
,
,
,
,
,
,
,
,
,
,
,
,
,
,
,
,
,
,
,
,
,
,
,
,
,
,
,
,
,
,
,
,
,
,
,
,
,
,
,
,
,
,
,
,
,
,
,
,
,
,
,
,
,
,
,
,
,
,
,
,
,
,
,
,
,
,
,
,
,
,
,
,
,
,
,
,
,
,
,
,
,
,
,
,
,
,
,
,
,
,
,
,
,
,
,
,
,
,
,
,
,
,
,
,
,
,
,
,
,
,
,
,
,
,
,
,
,
,
,
,
,
,
,
,
,
,
,
,
,
,
,
,
,
,
,
,
,
,
,
,
,
,
,
,
,
,
,
,
,
,
,
,
,
,
,
,
,
,
,
,
,
,
,
,
,
,
,
,
,
,
,
,
,
,
,
,
,
,
,
,
,
,
,
,
,
,
,
,
,
,
,
,
,
,
,
,
,
,
,
,
,
,
,
,
,
,
,
,
,
,
,
,
,
,
,
,
,
,
,
,
,
,
,
,
,
,
,
,
,
,
,
,
,
,
,
,
,
,
,
,
,
,
,
,
,
,
,
,
,
,
,
,
,
,
,
,
,
,
,
,
,
,
,
,
,
,
,
,
,
,
,
,
,
,
,
,
,
,
,
,
,
,
,
,
,
,
,
,
,
,
,
,
,
,
,
,
,
,
,
,
,
,
,
,
,
,
,
,
,
,
,
,
,
,
,
,
,
,
,
,
,
,
,
,
,
,
,
,
,
,
,
,
,
,
,
,
,
,
,
,
,
,
,
,
,
,
,
,
,
,
,
,
,
,
,
,
,
,
,
,
,
,
,
,
,
,
,
,
,
,
,
,
,
,
,
,
,
,
,
,
,
,
,
,
,
,
,
,
,
,
,
,
,
,
,
,
,
,
,
,
,
,
,
,
,
,
,
,
,
,
,
,
,
,
,
,
,
,
,
,
,
,
,
,
,
,
,
,
,
,
,
,
,
,
,
,
,
,
,
,
,
,
,
,
,
,
,
,
,
,
,
,
,
,
,
,
,
,
,
,
,
,
,
,
,
,
,
,
,
,
,
,
,
,
,
,
,
,
,
,
,
,
,
,
,
,
,
,
,
,
,
,
,
,
,
,
,
,
,
,
,
,
,
,
,
,
,
,
,
,
,
,
,
,
,
,
,
,
,
,
,
,
,
,
,
,
,
,
,
,
,
,
,
,
,
,
,
,
,
,
,
,
,
,
,
,
,
,
,
,
,
,
,
,
,
,
,
,
,
,
,
,
,
,
,
,
,
,
,
,
,
,
,
,
,
,
,
,
,
,
,
,
,
,
,
,
,
,
,
,
,
,
,
,
,
,
,
,
,
,
,
,
,
,
,
,
,
,
,
,
,
,
,
,
,
,
,
,
,
,
,
,
,
,
,
,
,
,
,
,
,
,
,
,
,
,
,
,
,
,
,
,
,
,
,
,
,
,
,
,
,
,
,
,
,
,
,
,
,
,
,
,
,
,
,
,
,
,
,
,
,
,
,
,
,
,
,
,
,
,
,
,
,
,
,
,
,
,
,
,
,
,
,
,
,
,
,
,
,
,
,
,
,
,
,
,
,
,
,
,
,
,
,
,
,
,
,
,
,
,
,
,
,
,
,
,
,
,
,
,
,
,
,
,
,
,
,
,
,
,
,
,
,
,
,
,
,
,
,
,
,
,
,
,
,
,
,
,
,
,
,
,
,
,
,
,
,
,
,
,
,
,
,
,
,
,
,
,
,
,
,
,
,
,
,
,
,
,
,
,
,
,
,
,
,
,
,
,
,
,
,
,
,
,
,
,
,
,
,
,
,
,
,
,
,
,
,
,
,
,
,
,
,
,
,
,
,
,
,
,
,
,
,
,
,
,
,
,
,
,
,
,
,
,
,
,
,
,
,
,
,
,
,
,
,
,
,
,
,
,
,
,
,
,
,
,
,
,
,
,
,
,
,
,
,
,
,
,
,
,
,
,
,
,
,
,
,
,
,
,
,
,
,
,
,
,
,
,
,
,
,
,
,
,
,
,
,
,
,
,
,
,
,
,
,
,
,
,
,
,
,
,
,
,
,
,
,
,
,
,
,
,
,
,
,
,
,
,
,
,
,
,
,
,
,
,
,
,
,
,
,
,
,
,
,
,
,
,
,
,
,
,
,
,
,
,
,
,
,
,
,
,
,
,
,
,
,
,
,
,
,
,
,
,
,
,
,
,
,
,
,
,
,
,
,
,
,
,
,
,
,
,
,
,
,
,
,
,
,
,
,
,
,
,
,
,
,
,
,
,
,
,
,
,
,
,
,
,
,
,
,
,
,
,
,
,
,
,
,
,
,
,
,
,
,
,
,
,
,
,
,
,
,
,
,
,
,
,
,
,
,
,
,
,
,
,
,
,
,
,
,
,
,
,
,
,
,
,
,
,
,
,
,
,
,
,
,
,
,
,
,
,
,
,
,
,
,
,
,
,
,
,
,
,
,
,
,
,
,
,
,
,
,
,
,
,
,
,
,
,
,
,
,
,
,
,
,
,
,
,
,
,
,
,
,
,
,
,
,
,
,
,
,
,
,
,
,
,
,
,
,
,
,
,
,
,
,
,
,
,
,
,
,
,
,
,
,
,
,
,
,
,
,
,
,
,
,
,
,
,
,
,
,
,
,
,
,
,
,
,
,
,
,
,
,
,
,
,
,
,
,
,
,
,
,
,
,
,
,
,
,
,
,
,
,
,
,
,
,
,
,
,
,
,
,
,
,
,
,
,
,
,
,
,
,
,
,
,
,
,
,
,
,
,
,
,
,
,
,
,
,
,
,
,
,
,
,
,
,
,
,
,
,
,
,
,
,
,
,
,
,
,
,
,
,
,
,
,
,
,
,
,
,
,
,
,
,
,
,
,
,
,
,
,
,
,
,
,
,
,
,
,
,
,
,
,
,
,
,
,
,
,
,
,
,
,
,
,
,
,
,
,
,
,
,
,
,
,
,
,
,
,
,
,
,
,
,
,
,
,
,
,
,
,
,
,
,
,
,
,
,
,
,
,
,
,
,
,
,
,
,
,
,
,
,
,
,
,
,
,
,
,
,
,
,
,
,
,
,
,
,
,
,
,
,
,
,
,
,
,
,
,
,
,
,
,
,
,
,
,
,
,
,
,
,
,
,
,
,
,
,
,
,
,
,
,
,
,
,
,
,
,
,
,
,
,
,
,
,
,
,
,
,
,
,
,
,
,
,
,
,
,
,
,
,
,
,
,
,
,
,
,
,
,
,
,
,
,
,
,
,
,
,
,
,
,
,
,
,
,
,
,
,
,
,
,
,
,
,
,
,
,
,
,
,
,
,
,
,
,
,
,
,
,
,
,
,
,
,
,
,
,
,
,
,
,
,
,
,
,
,
,
,
,
,
,
,
,
,
,
,
,
,
,
,
,
,
,
,
,
,
,
,
,
,
,
,
,
,
,
,
,
,
,
,
,
,
,
,
,
,
,
,
,
,
,
,
,
,
,
,
,
,
,
,
,
,
,
,
,
,
,
,
,
,
,
,
,
,
,
,
,
,
,
,
,
,
,
,
,
,
,
,
,
,
,
,
,
,
,
,
,
,
,
,
,
,
,
,
,
,
,
,
,
,
,
,
,
,
,
,
,
,
,
,
,
,
,
,
,
,
,
,
,
,
,
,
,
,
,
,
,
,
,
,
,
,
,
,
,
,
,
,
,
,
,
,
,
,
,
,
,
,
,
,
,
,
,
,
,
,
,
,
,
,
,
,
,
,
,
,
,
,
,
,
,
,
,
,
,
,
,
,
,
,
,
,
,
,
,
,
,
,
,
,
,
,
,
,
,
,
,
,
,
,
,
,
,
,
,
,
,
,
,
,
,
,
,
,
,
,
,
,
,
,
,
,
,
,
,
,
,
,
,
,
,
,
,
,
,
,
,
,
,
,
,
,
,
,
,
,
,
,
,
,
,
,
,
,
,
,
,
,
,
,
,
,
,
,
,
,
,
,
,
,
,
,
,
,
,
,
,
,
,
,
,
,
,
,
,
,
,
,
,
,
,
,
,
,
,
,
,
,
,
,
,
,
,
,
,
,
,
,
,
,
,
,
,
,
,
,
,
,
,
,
,
,
,
,
,
,
,
,
,
,
,
,
,
,
,
,
,
,
,
,
,
,
,
,
,
,
,
,
,
,
,
,
,
,
,
,
,
,
,
,
,
,
,
,
,
,
,
,
,
,
,
,
,
,
,
,
,
,
,
,
,
,
,
,
,
,
,
,
,
,
,
,
,
,
,
,
,
,
,
,
,
,
,
,
,
,
,
,
,
,
,
,
,
,
,
,
,
,
,
,
,
,
,
,
,
,
,
,
,
,
,
,
,
,
,
,
,
,
,
,
,
,
,
,
,
,
,
,
,
,
,
,
,
,
,
,
,
,
,
,
,
,
,
,
,
,
,
,
,
,
,
,
,
,
,
,
,
,
,
,
,
,
,
,
,
,
,
,
,
,
,
,
,
,
,
,
,
,
,
,
,
,
,
,
,
,
,
,
,
,
,
,
,
,
,
,
,
,
,
,
,
,
,
,
,
,
,
,
,
,
,
,
,
,
,
,
,
,
,
,
,
,
,
,
,
,
,
,
,
,
,
,
,
,
,
,
,
,
,
,
,
,
,
,
,
,
,
,
,
,
,
,
,
,
,
,
,
,
,
,
,
,
,
,
,
,
,
,
,
,
,
,
,
,
,
,
,
,
,
,
,
,
,
,
,
,
,
,
,
,
,
,
,
,
,
,
,
,
,
,
,
,
,
,
,
,
,
,
,
,
,
,
,
,
,
,
,
,
,
,
,
,
,
,
,
,
,
,
,
,
,
,
,
,
,
,
,
,
,
,
,
,
,
,
,
,
,
,
,
,
,
,
,
,
,
,
,
,
,
,
,
,
,
,
,
,
,
,
,
,
,
,
,
,
,
,
,
,
,
,
,
,
,
,
,
,
,
,
,
,
,
,
,
,
,
,
,
,
,
,
,
,
,
,
,
,
,
,
,
,
,
,
,
,
,
,
,
,
,
,
,
,
,
,
,
,
,
,
,
,
,
,
,
,
,
,
,
,
,
,
,
,
,
,
,
,
,
,
,
,
,
,
,
,
,
,
,
,
,
,
,
,
,
,
,
,
,
,
,
,
,
,
,
,
,
,
,
,
,
,
,
,
,
,
,
,
,
,
,
,
,
,
,
,
,
,
,
,
,
,
,
,
,
,
,
,
,
,
,
,
,
,
,
,
,
,
,
,
,
,
,
,
,
,
,
,
,
,
,
,
,
,
,
,
,
,
,
,
,
,
,
,
,
,
,
,
,
,
,
,
,
,
,
,
,
,
,
,
,
,
,
,
,
,
,
,
,
,
,
,
,
,
,
,
,
,
,
,
,
,
,
,
,
,
,
,
,
,
,
,
,
,
,
,
,
,
,
,
,
,
,
,
,
,
,
,
,
,
,
,
,
,
,
,
,
,
,
,
,
,
,
,
,
,
,
,
,
,
,
,
,
,
,
,
,
,
,
,
,
,
,
,
,
,
,
,
,
,
,
,
,
,
,
,
,
,
,
,
,
,
,
,
,
,
,
,
,
,
,
,
,
,
,
,
,
,
,
,
,
,
,
,
,
,
,
,
,
,
,
,
,
,
,
,
,
,
,
,
,
,
,
,
,
,
,
,
,
,
,
,
,
,
,
,
,
,
,
,
,
,
,
,
,
,
,
,
,
,
,
,
,
,
,
,
,
,
,
,
,
,
,
,
,
,
,
,
,
,
,
,
,
,
,
,
,
,
,
,
,
,
,
,
,
,
,
,
,
,
,
,
,
,
,
,
,
,
,
,
,
,
,
,
,
,
,
,
,
,
,
,
,
,
,
,
,
,
,
,
,
,
,
,
,
,
,
,
,
,
,
,
,
,
,
,
,
,
,
,
,
,
,
,
,
,
,
,
,
,
,
,
,
,
,
,
,
,
,
,
,
,
,
,
,
,
,
,
,
,
,
,
,
,
,
,
,
,
,
,
,
,
,
,
,
,
,
,
,
,
,
,
,
,
,
,
,
,
,
,
,
,
,
,
,
,
,
,
,
,
,
,
,
,
,
,
,
,
,
,
,
,
,
,
,
,
,
,
,
,
,
,
,
,
,
,
,
,
,
,
,
,
,
,
,
,
,
,
,
,
,
,
,
,
,
,
,
,
,
,
,
,
,
,
,
,
,
,
,
,
,
,
,
,
,
,
,
,
,
,
,
,
,
,
,
,
,
,
,
,
,
,
,
,
,
,
,
,
,
,
,
,
,
,
,
,
,
,
,
,
,
,
,
,
,
,
,
,
,
,
,
,
,
,
,
,
,
,
,
,
,
,
,
,
,
,
,
,
,
,
,
,
,
,
,
,
,
,
,
,
,
,
,
,
,
,
,
,
,
,
,
,
,
,
,
,
,
,
,
,
,
,
,
,
,
,
,
,
,
,
,
,
,
,
,
,
,
,
,
,
,
,
,
,
,
,
,
,
,
,
,
,
,
,
,
,
,
,
,
,
,
,
,
,
,
,
,
,
,
,
,
,
,
,
,
,
,
,
,
,
,
,
,
,
,
,
,
,
,
,
,
,
,
,
,
,
,
,
,
,
,
,
,
,
,
,
,
,
,
,
,
,
,
,
,
,
,
,
,
,
,
,
,
,
,
,
,
,
,
,
,
,
,
,
,
,
,
,
,
,
,
,
,
,
,
,
,
,
,
,
,
,
,
,
,
,
,
,
,
,
,
,
,
,
,
,
,
,
,
,
,
,
,
,
,
,
,
,
,
,
,
,
,
,
,
,
,
,
,
,
,
,
,
,
,
,
,
,
,
,
,
,
,
,
,
,
,
,
,
,
,
,
,
,
,
,
,
,
,
,
,
,
,
,
,
,
,
,
,
,
,
,
,
,
,
,
,
,
,
,
,
,
,
,
,
,
,
,
,
,
,
,
,
,
,
,
,
,
,
,
,
,
,
,
,
,
,
,
,
,
,
,
,
,
,
,
,
,
,
,
,
,
,
,
,
,
,
,
,
,
,
,
,
,
,
,
,
,
,
,
,
,
,
,
,
,
,
,
,
,
,
,
,
,
,
,
,
,
,
,
,
,
,
,
,
,
,
,
,
,
,
,
,
,
,
,
,
,
,
,
,
,
,
,
,
,
,
,
,
,
,
,
,
,
,
,
,
,
,
,
,
,
,
,
,
,
,
,
,
,
,
,
,
,
,
,
,
,
,
,
,
,
,
,
,
,
,
,
,
,
,
,
,
,
,
,
,
,
,
,
,
,
,
,
,
,
,
,
,
,
,
,
,
,
,
,
,
,
,
,
,
,
,
,
,
,
,
,
,
,
,
,
,
,
,
,
,
,
,
,
,
,
,
,
,
,
,
,
,
,
,
,
,
,
,
,
,
,
,
,
,
,
,
,
,
,
,
,
,
,
,
,
,
,
,
,
,
,
,
,
,
,
,
,
,
,
,
,
,
,
,
,
,
,
,
,
,
,
,
,
,
,
,
,
,
,
,
,
,
,
,
,
,
,
,
,
,
,
,
,
,
,
,
,
,
,
,
,
,
,
,
,
,
,
,
,
,
,
,
,
,
,
,
,
,
,
,
,
,
,
,
,
,
,
,
,
,
,
,
,
,
,
,
,
,
,
,
,
,
,
,
,
,
,
,
,
,
,
,
,
,
,
,
,
,
,
,
,
,
,
,
,
,
,
,
,
,
,
,
,
,
,
,
,
,
,
,
,
,
,
,
,
,
,
,
,
,
,
,
,
,
,
,
,
,
,
,
,
,
,
,
,
,
,
,
,
,
,
,
,
,
,
,
,
,
,
,
,
,
,
,
,
,
,
,
,
,
,
,
,
,
,
,
,
,
,
,
,
,
,
,
,
,
,
,
,
,
,
,
,
,
,
,
,
,
,
,
,
,
,
,
,
,
,
,
,
,
,
,
,
,
,
,
,
,
,
,
,
,
,
,
,
,
,
,
,
,
,
,
,
,
,
,
,
,
,
,
,
,
,
,
,
,
,
,
,
,
,
,
,
,
,
,
,
,
,
,
,
,
,
,
,
,
,
,
,
,
,
,
,
,
,
,
,
,
,
,
,
,
,
,
,
,
,
,
,
,
,
,
,
,
,
,
,
,
,
,
,
,
,
,
,
,
,
,
,
,
,
,
,
,
,
,
,
,
,
,
,
,
,
,
,
,
,
,
,
,
,
,
,
,
,
,
,
,
,
,
,
,
,
,
,
,
,
,
,
,
,
,
,
,
,
,
,
,
,
,
,
,
,
,
,
,
,
,
,
,
,
,
,
,
,
,
,
,
,
,
,
,
,
,
,
,
,
,
,
,
,
,
,
,
,
,
,
,
,
,
,
,
,
,
,
,
,
,
,
,
,
,
,
,
,
,
,
,
,
,
,
,
,
,
,
,
,
,
,
,
,
,
,
,
,
,
,
,
,
,
,
,
,
,
,
,
,
,
,
,
,
,
,
,
,
,
,
,
,
,
,
,
,
,
,
,
,
,
,
,
,
,
,
,
,
,
,
,
,
,
,
,
,
,
,
,
,
,
,
,
,
,
,
,
,
,
,
,
,
,
,
,
,
,
,
,
,
,
,
,
,
,
,
,
,
,
,
,
,
,
,
,
,
,
,
,
,
,
,
,
,
,
,
,
,
,
,
,
,
,
,
,
,
,
,
,
,
,
,
,
,
,
,
,
,
,
,
,
,
,
,
,
,
,
,
,
,
,
,
,
,
,
,
,
,
,
,
,
,
,
,
,
,
,
,
,
,
,
,
,
,
,
,
,
,
,
,
,
,
,
,
,
,
,
,
,
,
,
,
,
,
,
,
,
,
,
,
,
,
,
,
,
,
,
,
,
,
,
,
,
,
,
,
,
,
,
,
,
,
,
,
,
,
,
,
,
,
,
,
,
,
,
,
,
,
,
,
,
,
,
,
,
,
,
,
,
,
,
,
,
,
,
,
,
,
,
,
,
,
,
,
,
,
,
,
,
,
,
,
,
,
,
,
,
,
,
,
,
,
,
,
,
,
,
,
,
,
,
,
,
,
,
,
,
,
,
,
,
,
,
,
,
,
,
,
,
,
,
,
,
,
,
,
,
,
,
,
,
,
,
,
,
,
,
,
,
,
,
,
,
,
,
,
,
,
,
,
,
,
,
,
,
,
,
,
,
,
,
,
,
,
,
,
,
,
,
,
,
,
,
,
,
,
,
,
,
,
,
,
,
,
,
,
,
,
,
,
,
,
,
,
,
,
,
,
,
,
,
,
,
,
,
,
,
,
,
,
,
,
,
,
,
,
,
,
,
,
,
,
,
,
,
,
,
,
,
,
,
,
,
,
,
,
,
,
,
,
,
,
,
,
,
,
,
,
,
,
,
,
,
,
,
,
,
,
,
,
,
,
,
,
,
,
,
,
,
,
,
,
,
,
,
,
,
,
,
,
,
,
,
,
,
,
,
,
,
,
,
,
,
,
,
,
,
,
,
,
,
,
,
,
,
,
,
,
,
,
,
,
,
,
,
,
,
,
,
,
,
,
,
,
,
,
,
,
,
,
,
,
,
,
,
,
,
,
,
,
,
,
,
,
,
,
,
,
,
,
,
,
,
,
,
,
,
,
,
,
,
,
,
,
,
,
,
,
,
,
,
,
,
,
,
,
,
,
,
,
,
,
,
,
,
,
,
,
,
,
,
,
,
,
,
,
,
,
,
,
,
,
,
,
,
,
,
,
,
,
,
,
,
,
,
,
,
,
,
,
,
,
,
,
,
,
,
,
,
,
,
,
,
,
,
,
,
,
,
,
,
,
,
,
,
,
,
,
,
,
,
,
,
,
,
,
,
,
,
,
,
,
,
,
,
,
,
,
,
,
,
,
,
,
,
,
,
,
,
,
,
,
,
,
,
,
,
,
,
,
,
,
,
,
,
,
,
,
,
,
,
,
,
,
,
,
,
,
,
,
,
,
,
,
,
,
,
,
,
,
,
,
,
,
,
,
,
,
,
,
,
,
,
,
,
,
,
,
,
,
,
,
,
,
,
,
,
,
,
,
,
,
,
,
,
,
,
,
,
,
,
,
,
,
,
,
,
,
,
,
,
,
,
,
,
,
,
,
,
,
,
,
,
,
,
,
,
,
,
,
,
,
,
,
,
,
,
,
,
,
,
,
,
,
,
,
,
,
,
,
,
,
,
,
,
,
,
,
,
,
,
,
,
,
,
,
,
,
,
,
,
,
,
,
,
,
,
,
,
,
,
,
,
,
,
,
,
,
,
,
,
,
,
,
,
,
,
,
,
,
,
,
,
,
,
,
,
,
,
,
,
,
,
,
,
,
,
,
,
,
,
,
,
,
,
,
,
,
,
,
,
,
,
,
,
,
,
,
,
,
,
,
,
,
,
,
,
,
,
,
,
,
,
,
,
,
,
,
,
,
,
,
,
,
,
,
,
,
,
,
,
,
,
,
,
,
,
,
,
,
,
,
,
,
,
,
,
,
,
,
,
,
,
,
,
,
,
,
,
,
,
,
,
,
,
,
,
,
,
,
,
,
,
,
,
,
,
,
,
,
,
,
,
,
,
,
,
,
,
,
,
,
,
,
,
,
,
,
,
,
,
,
,
,
,
,
,
,
,
,
,
,
,
,
,
,
,
,
,
,
,
,
,
,
,
,
,
,
,
,
,
,
,
,
,
,
,
,
,
,
,
,
,
,
,
,
,
,
,
,
,
,
,
,
,
,
,
,
,
,
,
,
,
,
,
,
,
,
,
,
,
,
,
,
,
,
,
,
,
,
,
,
,
,
,
,
,
,
,
,
,
,
,
,
,
,
,
,
,
,
,
,
,
,
,
,
,
,
,
,
,
,
,
,
,
,
,
,
,
,
,
,
,
,
,
,
,
,
,
,
,
,
,
,
,
,
,
,
,
,
,
,
,
,
,
,
,
,
,
,
,
,
,
,
,
,
,
,
,
,
,
,
,
,
,
,
,
,
,
,
,
,
,
,
,
,
,
,
,
,
,
,
,
,
,
,
,
,
,
,
,
,
,
,
,
,
,
,
,
,
,
,
,
,
,
,
,
,
,
,
,
,
,
,
,
,
,
,
,
,
,
,
,
,
,
,
,
,
,
,
,
,
,
,
,
,
,
,
,
,
,
,
,
,
,
,
,
,
,
,
,
,
,
,
,
,
,
,
,
,
,
,
,
,
,
,
,
,
,
,
,
,
,
,
,
,
,
,
,
,
,
,
,
,
,
,
,
,
,
,
,
,
,
,
,
,
,
,
,
,
,
,
,
,
,
,
,
,
,
,
,
,
,
,
,
,
,
,
,
,
,
,
,
,
,
,
,
,
,
,
,
,
,
,
,
,
,
,
,
,
,
,
,
,
,
,
,
,
,
,
,
,
,
,
,
,
,
,
,
,
,
,
,
,
,
,
,
,
,
,
,
,
,
,
,
,
,
,
,
,
,
,
,
,
,
,
,
,
,
,
,
,
,
,
,
,
,
,
,
,
,
,
,
,
,
,
,
,
,
,
,
,
,
,
,
,
,
,
,
,
,
,
,
,
,
,
,
,
,
,
,
,
,
,
,
,
,
,
,
,
,
,
,
,
,
,
,
,
,
,
,
,
,
,
,
,
,
,
,
,
,
,
,
,
,
,
,
,
,
,
,
,
,
,
,
,
,
,
,
,
,
,
,
,
,
,
,
,
,
,
,
,
,
,
,
,
,
,
,
,
,
,
,
,
,
,
,
,
,
,
,
,
,
,
,
,
,
,
,
,
,
,
,
,
,
,
,
,
,
,
,
,
,
,
,
,
,
,
,
,
,
,
,
,
,
,
,
,
,
,
,
,
,
,
,
,
,
,
,
,
,
,
,
,
,
,
,
,
,
,
,
,
,
,
,
,
,
,
,
,
,
,
,
,
,
,
,
,
,
,
,
,
,
,
,
,
,
,
,
,
,
,
,
,
,
,
,
,
,
,
,
,
,
,
,
,
,
,
,
,
,
,
,
,
,
,
,
,
,
,
,
,
,
,
,
,
,
,
,
,
,
,
,
,
,
,
,
,
,
,
,
,
,
,
,
,
,
,
,
,
,
,
,
,
,
,
,
,
,
,
,
,
,
,
,
,
,
,
,
,
,
,
,
,
,
,
,
,
,
,
,
,
,
,
,
,
,
,
,
,
,
,
,
,
,
,
,
,
,
,
,
,
,
,
,
,
,
,
,
,
,
,
,
,
,
,
,
,
,
,
,
,
,
,
,
,
,
,
,
,
,
,
,
,
,
,
,
,
,
,
,
,
,
,
,
,
,
,
,
,
,
,
,
,
,
,
,
,
,
,
,
,
,
,
,
,
,
,
,
,
,
,
,
,
,
,
,
,
,
,
,
,
,
,
,
,
,
,
,
,
,
,
,
,
,
,
,
,
,
,
,
,
,
,
,
,
,
,
,
,
,
,
,
,
,
,
,
,
,
,
,
,
,
,
,
,
,
,
,
,
,
,
,
,
,
,
,
,
,
,
,
,
,
,
,
,
,
,
,
,
,
,
,
,
,
,
,
,
,
,
,
,
,
,
,
,
,
,
,
,
,
,
,
,
,
,
,
,
,
,
,
,
,
,
,
,
,
,
,
,
,
,
,
,
,
,
,
,
,
,
,
,
,
,
,
,
,
,
,
,
,
,
,
,
,
,
,
,
,
,
,
,
,
,
,
,
,
,
,
,
,
,
,
,
,
,
,
,
,
,
,
,
,
,
,
,
,
,
,
,
,
,
,
,
,
,
,
,
,
,
,
,
,
,
,
,
,
,
,
,
,
,
,
,
,
,
,
,
,
,
,
,
,
,
,
,
,
,
,
,
,
,
,
,
,
,
,
,
,
,
,
,
,
,
,
,
,
,
,
,
,
,
,
,
,
,
,
,
,
,
,
,
,
,
,
,
,
,
,
,
,
,
,
,
,
,
,
,
,
,
,
,
,
,
,
,
,
,
,
,
,
,
,
,
,
,
,
,
,
,
,
,
,
,
,
,
,
,
,
,
,
,
,
,
,
,
,
,
,
,
,
,
,
,
,
,
,
,
,
,
,
,
,
,
,
,
,
,
,
,
,
,
,
,
,
,
,
,
,
,
,
,
,
,
,
,
,
,
,
,
,
,
,
,
,
,
,
,
,
,
,
,
,
,
,
,
,
,
,
,
,
,
,
,
,
,
,
,
,
,
,
,
,
,
,
,
,
,
,
,
,
,
,
,
,
,
,
,
,
,
,
,
,
,
,
,
,
,
,
,
,
,
,
,
,
,
,
,
,
,
,
,
,
,
,
,
,
,
,
,
,
,
,
,
,
,
,
,
,
,
,
,
,
,
,
,
,
,
,
,
,
,
,
,
,
,
,
,
,
,
,
,
,
,
,
,
,
,
,
,
,
,
,
,
,
,
,
,
,
,
,
,
,
,
,
,
,
,
,
,
,
,
,
,
,
,
,
,
,
,
,
,
,
,
,
,
,
,
,
,
,
,
,
,
,
,
,
,
,
,
,
,
,
,
,
,
,
,
,
,
,
,
,
,
,
,
,
,
,
,
,
,
,
,
,
,
,
,
,
,
,
,
,
,
,
,
,
,
,
,
,
,
,
,
,
,
,
,
,
,
,
,
,
,
,
,
,
,
,
,
,
,
,
,
,
,
,
,
,
,
,
,
,
,
,
,
,
,
,
,
,
,
,
,
,
,
,
,
,
,
,
,
,
,
,
,
,
,
,
,
,
,
,
,
,
,
,
,
,
,
,
,
,
,
,
,
,
,
,
,
,
,
,
,
,
,
,
,
,
,
,
,
,
,
,
,
,
,
,
,
,
,
,
,
,
,
,
,
,
,
,
,
,
,
,
,
,
,
,
,
,
,
,
,
,
,
,
,
,
,
,
,
,
,
,
,
,
,
,
,
,
,
,
,
,
,
,
,
,
,
,
,
,
,
,
,
,
,
,
,
,
,
,
,
,
,
,
,
,
,
,
,
,
,
,
,
,
,
,
,
,
,
,
,
,
,
,
,
,
,
,
,
,
,
,
,
,
,
,
,
,
,
,
,
,
,
,
,
,
,
,
,
,
,
,
,
,
,
,
,
,
,
,
,
,
,
,
,
,
,
,
,
,
,
,
,
,
,
,
,
,
,
,
,
,
,
,
,
,
,
,
,
,
,
,
,
,
,
,
,
,
,
,
,
,
,
,
,
,
,
,
,
,
,
,
,
,
,
,
,
,
,
,
,
,
,
,
,
,
,
,
,
,
,
,
,
,
,
,
,
,
,
,
,
,
,
,
,
,
,
,
,
,
,
,
,
,
,
,
,
,
,
,
,
,
,
,
,
,
,
,
,
,
,
,
,
,
,
,
,
,
,
,
,
,
,
,
,
,
,
,
,
,
,
,
,
,
,
,
,
,
,
,
,
,
,
,
,
,
,
,
,
,
,
,
,
,
,
,
,
,
,
,
,
,
,
,
,
,
,
,
,
,
,
,
,
,
,
,
,
,
,
,
,
,
,
,
,
,
,
,
,
,
,
,
,
,
,
,
,
,
,
,
,
,
,
,
,
,
,
,
,
,
,
,
,
,
,
,
,
,
,
,
,
,
,
,
,
,
,
,
,
,
,
,
,
,
,
,
,
,
,
,
,
,
,
,
,
,
,
,
,
,
,
,
,
,
,
,
,
,
,
,
,
,
,
,
,
,
,
,
,
,
,
,
,
,
,
,
,
,
,
,
,
,
,
,
,
,
,
,
,
,
,
,
,
,
,
,
,
,
,
,
,
,
,
,
,
,
,
,
,
,
,
,
,
,
,
,
,
,
,
,
,
,
,
,
,
,
,
,
,
,
,
,
,
,
,
,
,
,
,
,
,
,
,
,
,
,
,
,
,
,
,
,
,
,
,
,
,
,
,
,
,
,
,
,
,
,
,
,
,
,
,
,
,
,
,
,
,
,
,
,
,
,
,
,
,
,
,
,
,
,
,
,
,
,
,
,
,
,
,
,
,
,
,
,
,
,
,
,
,
,
,
,
,
,
,
,
,
,
,
,
,
,
,
,
,
,
,
,
,
,
,
,
,
,
,
,
,
,
,
,
,
,
,
,
,
,
,
,
,
,
,
,
,
,
,
,
,
,
,
,
,
,
,
,
,
,
,
,
,
,
,
,
,
,
,
,
,
,
,
,
,
,
,
,
,
,
,
,
,
,
,
,
,
,
,
,
,
,
,
,
,
,
,
,
,
,
,
,
,
,
,
,
,
,
,
,
,
,
,
,
,
,
,
,
,
,
,
,
,
,
,
,
,
,
,
,
,
,
,
,
,
,
,
,
,
,
,
,
,
,
,
,
,
,
,
,
,
,
,
,
,
,
,
,
,
,
,
,
,
,
,
,
,
,
,
,
,
,
,
,
,
,
,
,
,
,
,
,
,
,
,
,
,
,
,
,
,
,
,
,
,
,
,
,
,
,
,
,
,
,
,
,
,
,
,
,
,
,
,
,
,
,
,
,
,
,
,
,
,
,
,
,
,
,
,
,
,
,
,
,
,
,
,
,
,
,
,
,
,
,
,
,
,
,
,
,
,
,
,
,
,
,
,
,
,
,
,
,
,
,
,
,
,
,
,
,
,
,
,
,
,
,
,
,
,
,
,
,
,
,
,
,
,
,
,
,
,
,
,
,
,
,
,
,
,
,
,
,
,
,
,
,
,
,
,
,
,
,
,
,
,
,
,
,
,
,
,
,
,
,
,
,
,
,
,
,
,
,
,
,
,
,
,
,
,
,
,
,
,
,
,
,
,
,
,
,
,
,
,
,
,
,
,
,
,
,
,
,
,
,
,
,
,
,
,
,
,
,
,
,
,
,
,
,
,
,
,
,
,
,
,
,
,
,
,
,
,
,
,
,
,
,
,
,
,
,
,
,
,
,
,
,
,
,
,
,
,
,
,
,
,
,
,
,
,
,
,
,
,
,
,
,
,
,
,
,
,
,
,
,
,
,
,
,
,
,
,
,
,
,
,
,
,
,
,
,
,
,
,
,
,
,
,
,
,
,
,
,
,
,
,
,
,
,
,
,
,
,
,
,
,
,
,
,
,
,
,
,
,
,
,
,
,
,
,
,
,
,
,
,
,
,
,
,
,
,
,
,
,
,
,
,
,
,
,
,
,
,
,
,
,
,
,
,
,
,
,
,
,
,
,
,
,
,
,
,
,
,
,
,
,
,
,
,
,
,
,
,
,
,
,
,
,
,
,
,
,
,
,
,
,
,
,
,
,
,
,
,
,
,
,
,
,
,
,
,
,
,
,
,
,
,
