Date,Inflows_m/s^3
7/1/1952,97.495
7/2/1952,101.771
7/3/1952,90.019
7/4/1952,81.751
7/5/1952,66.884
7/6/1952,108.991
7/7/1952,114.088
7/8/1952,231.971
7/9/1952,435.484
7/10/1952,300.809
7/11/1952,183.125
7/12/1952,120.035
7/13/1952,106.613
7/14/1952,88.603
7/15/1952,74.332
7/16/1952,71.188
7/17/1952,90.614
7/18/1952,108.85
7/19/1952,122.867
7/20/1952,101.714
7/21/1952,80.59
7/22/1952,75.323
7/23/1952,70.027
7/24/1952,76.739
7/25/1952,72.859
7/26/1952,67.592
7/27/1952,64.421
7/28/1952,65.072
7/29/1952,87.98
7/30/1952,73.992
7/31/1952,97.098
8/1/1952,163.501
8/2/1952,155.148
8/3/1952,168.202
8/4/1952,93.049
8/5/1952,147.644
8/6/1952,105.169
8/7/1952,166.559
8/8/1952,224.524
8/9/1952,210.366
8/10/1952,463.065
8/11/1952,568.403
8/12/1952,322.84
8/13/1952,179.925
8/14/1952,127.709
8/15/1952,119.355
8/16/1952,119.355
8/17/1952,169.476
8/18/1952,161.123
8/19/1952,161.123
8/20/1952,161.123
8/21/1952,237.493
8/22/1952,201.814
8/23/1952,153.987
8/24/1952,144.416
8/25/1952,125.274
8/26/1952,79.967
8/27/1952,114.032
8/28/1952,80.505
8/29/1952,86.253
8/30/1952,88.15
8/31/1952,313.722
9/1/1952,910.13
9/2/1952,1108.914
9/3/1952,1490.285
9/4/1952,766.309
9/5/1952,250.292
9/6/1952,165.965
9/7/1952,144.274
9/8/1952,126.519
9/9/1952,112.814
9/10/1952,107.83
9/11/1952,117.741
9/12/1952,116.835
9/13/1952,103.866
9/14/1952,101.487
9/15/1952,86.31
9/16/1952,99.817
9/17/1952,89
9/18/1952,89
9/19/1952,94.408
9/20/1952,91.718
9/21/1952,95.484
9/22/1952,115.306
9/23/1952,120.205
9/24/1952,116.354
9/25/1952,100.185
9/26/1952,94.238
9/27/1952,88.32
9/28/1952,82.912
9/29/1952,76.597
9/30/1952,75.662
10/1/1952,72.831
10/2/1952,72.831
10/3/1952,72.831
10/4/1952,68.838
10/5/1952,63.316
10/6/1952,64.251
10/7/1952,66.318
10/8/1952,66.318
10/9/1952,96.928
10/10/1952,107.491
10/11/1952,101.402
10/12/1952,106.811
10/13/1952,96.022
10/14/1952,89.679
10/15/1952,83.62
10/16/1952,75.521
10/17/1952,80.929
10/18/1952,78.211
10/19/1952,64.732
10/20/1952,70.112
10/21/1952,67.422
10/22/1952,70.282
10/23/1952,69.603
10/24/1952,76.427
10/25/1952,72.746
10/26/1952,72.746
10/27/1952,81.071
10/28/1952,75.521
10/29/1952,64.449
10/30/1952,67.224
10/31/1952,70.849
11/1/1952,71.103
11/2/1952,73.963
11/3/1952,79.655
11/4/1952,91.01
11/5/1952,61.108
11/6/1952,76.937
11/7/1952,78.636
11/8/1952,78.636
11/9/1952,49.243
11/10/1952,78.636
11/11/1952,108.057
11/12/1952,80.363
11/13/1952,80.363
11/14/1952,47.261
11/15/1952,196.745
11/16/1952,107.944
11/17/1952,144.897
11/18/1952,133.032
11/19/1952,99.08
11/20/1952,1032.232
11/21/1952,923.043
11/22/1952,761.552
11/23/1952,459.695
11/24/1952,313.75
11/25/1952,179.727
11/26/1952,162.227
11/27/1952,112.984
11/28/1952,150.391
11/29/1952,79.825
11/30/1952,122.697
12/1/1952,101.601
12/2/1952,134.59
12/3/1952,122.867
12/4/1952,123.886
12/5/1952,113.579
12/6/1952,158.857
12/7/1952,133.429
12/8/1952,134.901
12/9/1952,124.849
12/10/1952,146.086
12/11/1952,400.003
12/12/1952,544.051
12/13/1952,431.52
12/14/1952,230.131
12/15/1952,194.565
12/16/1952,163.614
12/17/1952,137.931
12/18/1952,130.937
12/19/1952,117.26
12/20/1952,135.043
12/21/1952,137.167
12/22/1952,144.217
12/23/1952,133.429
12/24/1952,133.146
12/25/1952,130.54
12/26/1952,118.194
12/27/1952,97.976
12/28/1952,113.692
12/29/1952,112.219
12/30/1952,95.003
12/31/1952,317.375
1/1/1953,386.977
1/2/1953,424.186
1/3/1953,343.341
1/4/1953,235.426
1/5/1953,190.515
1/6/1953,163.53
1/7/1953,166.729
1/8/1953,197.934
1/9/1953,258.362
1/10/1953,580.863
1/11/1953,751.839
1/12/1953,571.745
1/13/1953,350.93
1/14/1953,232.028
1/15/1953,200.993
1/16/1953,182.728
1/17/1953,167.296
1/18/1953,155.403
1/19/1953,154.327
1/20/1953,153.052
1/21/1953,190.657
1/22/1953,250.066
1/23/1953,357.16
1/24/1953,799.61
1/25/1953,793.239
1/26/1953,671.505
1/27/1953,354.64
1/28/1953,268.783
1/29/1953,240.834
1/30/1953,224.184
1/31/1953,202.777
2/1/1953,166.474
2/2/1953,172.251
2/3/1953,164.719
2/4/1953,164.351
2/5/1953,148.465
2/6/1953,147.332
2/7/1953,255.984
2/8/1953,337.536
2/9/1953,312.844
2/10/1953,205.014
2/11/1953,205.297
2/12/1953,214.16
2/13/1953,211.895
2/14/1953,214.471
2/15/1953,703.729
2/16/1953,695.999
2/17/1953,664.539
2/18/1953,433.077
2/19/1953,295.203
2/20/1953,242.363
2/21/1953,470.002
2/22/1953,919.531
2/23/1953,1171.664
2/24/1953,635.684
2/25/1953,359.765
2/26/1953,306.133
2/27/1953,262.865
2/28/1953,219.908
3/1/1953,202.408
3/2/1953,262.582
3/3/1953,329.211
3/4/1953,533.517
3/5/1953,641.545
3/6/1953,801.45
3/7/1953,459.78
3/8/1953,335.781
3/9/1953,301.772
3/10/1953,218.181
3/11/1953,247.914
3/12/1953,305.538
3/13/1953,381.739
3/14/1953,431.973
3/15/1953,409.942
3/16/1953,525.871
3/17/1953,573.953
3/18/1953,408.611
3/19/1953,302.99
3/20/1953,246.526
3/21/1953,270.029
3/22/1953,217.133
3/23/1953,234.435
3/24/1953,846.474
3/25/1953,1259.758
3/26/1953,1326.132
3/27/1953,714.093
3/28/1953,452.219
3/29/1953,394.765
3/30/1953,265.64
3/31/1953,244.997
4/1/1953,222.768
4/2/1953,203.683
4/3/1953,190.544
4/4/1953,203.569
4/5/1953,167.947
4/6/1953,198.784
4/7/1953,270.652
4/8/1953,277.391
4/9/1953,258.504
4/10/1953,233.67
4/11/1953,174.431
4/12/1953,314.968
4/13/1953,542.691
4/14/1953,439.363
4/15/1953,334.025
4/16/1953,289.454
4/17/1953,218.436
4/18/1953,240.042
4/19/1953,189.723
4/20/1953,173.44
4/21/1953,137.535
4/22/1953,154.27
4/23/1953,152.939
4/24/1953,133.712
4/25/1953,151.268
4/26/1953,167.381
4/27/1953,136.43
4/28/1953,149.598
4/29/1953,142.434
4/30/1953,247.744
5/1/1953,204.929
5/2/1953,223.731
5/3/1953,172.025
5/4/1953,166.163
5/5/1953,165.54
5/6/1953,163.218
5/7/1953,153.59
5/8/1953,178.962
5/9/1953,187.089
5/10/1953,163.02
5/11/1953,152.967
5/12/1953,130.71
5/13/1953,133.259
5/14/1953,106.868
5/15/1953,117.118
5/16/1953,110.322
5/17/1953,118.138
5/18/1953,95.201
5/19/1953,146.964
5/20/1953,165.37
5/21/1953,249.273
5/22/1953,201.559
5/23/1953,116.722
5/24/1953,131.9
5/25/1953,114.513
5/26/1953,104.376
5/27/1953,78.777
5/28/1953,72.604
5/29/1953,74.586
5/30/1953,67.281
5/31/1953,79.91
6/1/1953,117.175
6/2/1953,65.468
6/3/1953,57.596
6/4/1953,58.163
6/5/1953,64.902
6/6/1953,64.562
6/7/1953,73.171
6/8/1953,98.656
6/9/1953,141.811
6/10/1953,79.74
6/11/1953,119.61
6/12/1953,265.074
6/13/1953,214.953
6/14/1953,140.848
6/15/1953,101.997
6/16/1953,79.457
6/17/1953,336.8
6/18/1953,225.034
6/19/1953,258.391
6/20/1953,169.334
6/21/1953,107.83
6/22/1953,92.794
6/23/1953,124.282
6/24/1953,156.79
6/25/1953,114.032
6/26/1953,82.94
6/27/1953,159.027
6/28/1953,158.461
6/29/1953,107.604
6/30/1953,154.836
7/1/1953,91.633
7/2/1953,72.095
7/3/1953,84.752
7/4/1953,69.971
7/5/1953,118.506
7/6/1953,81.156
7/7/1953,121.224
7/8/1953,104.319
7/9/1953,89
7/10/1953,62.92
7/11/1953,67.904
7/12/1953,48.705
7/13/1953,38.426
7/14/1953,59.38
7/15/1953,44.854
7/16/1953,46.27
7/17/1953,44.967
7/18/1953,36.812
7/19/1953,123.716
7/20/1953,26.476
7/21/1953,48.648
7/22/1953,47.799
7/23/1953,45.25
7/24/1953,46.1
7/25/1953,64.053
7/26/1953,56.294
7/27/1953,35.453
7/28/1953,34.603
7/29/1953,32.111
7/30/1953,39.7
7/31/1953,27.014
8/1/1953,18.604
8/2/1953,113.862
8/3/1953,99.732
8/4/1953,59.041
8/5/1953,60.683
8/6/1953,38.624
8/7/1953,38.398
8/8/1953,78.636
8/9/1953,101.063
8/10/1953,32.593
8/11/1953,49.243
8/12/1953,42.928
8/13/1953,51.225
8/14/1953,21.039
8/15/1953,27.014
8/16/1953,24.494
8/17/1953,36.925
8/18/1953,41.088
8/19/1953,33.81
8/20/1953,38.624
8/21/1953,49.469
8/22/1953,39.36
8/23/1953,35.424
8/24/1953,22.399
8/25/1953,29.365
8/26/1953,27.949
8/27/1953,20.841
8/28/1953,20.19
8/29/1953,27.666
8/30/1953,17.33
8/31/1953,12.629
9/1/1953,28.43
9/2/1953,4.474
9/3/1953,17.67
9/4/1953,6.626
9/5/1953,38.228
9/6/1953,102.847
9/7/1953,69.404
9/8/1953,38.567
9/9/1953,44.825
9/10/1953,37.322
9/11/1953,39.587
9/12/1953,37.945
9/13/1953,13.535
9/14/1953,21.719
9/15/1953,41.852
9/16/1953,23.135
9/17/1953,10.675
9/18/1953,29.393
9/19/1953,41.059
9/20/1953,32.281
9/21/1953,21.407
9/22/1953,19.51
9/23/1953,12.771
9/24/1953,27.92
9/25/1953,19.425
9/26/1953,83.846
9/27/1953,83.846
9/28/1953,33.952
9/29/1953,26.391
9/30/1953,38.567
10/1/1953,35.028
10/2/1953,14.725
10/3/1953,43.296
10/4/1953,34.008
10/5/1953,13.507
10/6/1953,29.534
10/7/1953,12.573
10/8/1953,29.11
10/9/1953,31.092
10/10/1953,24.352
10/11/1953,24.098
10/12/1953,14.555
10/13/1953,22.625
10/14/1953,28.855
10/15/1953,26.476
10/16/1953,26.561
10/17/1953,41.314
10/18/1953,35.679
10/19/1953,29.166
10/20/1953,26.051
10/21/1953,20.671
10/22/1953,45.732
10/23/1953,25.428
10/24/1953,30.044
10/25/1953,32.281
10/26/1953,23.786
10/27/1953,27.411
10/28/1953,46.326
10/29/1953,83.365
10/30/1953,131.163
10/31/1953,92.568
11/1/1953,59.805
11/2/1953,56.152
11/3/1953,48.762
11/4/1953,27.043
11/5/1953,48.592
11/6/1953,80.137
11/7/1953,25.485
11/8/1953,44.287
11/9/1953,40.125
11/10/1953,43.806
11/11/1953,42.305
11/12/1953,37.52
11/13/1953,43.721
11/14/1953,58.418
11/15/1953,44.287
11/16/1953,45.703
11/17/1953,49.923
11/18/1953,38.936
11/19/1953,49.923
11/20/1953,46.298
11/21/1953,62.099
11/22/1953,48.507
11/23/1953,45.76
11/24/1953,64.789
11/25/1953,48.167
11/26/1953,48.563
11/27/1953,49.016
11/28/1953,38.058
11/29/1953,33.244
11/30/1953,36.161
12/1/1953,38.822
12/2/1953,48.082
12/3/1953,53.547
12/4/1953,85.29
12/5/1953,48.818
12/6/1953,84.922
12/7/1953,81.779
12/8/1953,119.582
12/9/1953,127.992
12/10/1953,106.528
12/11/1953,109.756
12/12/1953,163.53
12/13/1953,183.946
12/14/1953,398.417
12/15/1953,516.413
12/16/1953,346.796
12/17/1953,176.159
12/18/1953,133.231
12/19/1953,84.979
12/20/1953,69.829
12/21/1953,103.13
12/22/1953,73.171
12/23/1953,83.903
12/24/1953,85.517
12/25/1953,86.933
12/26/1953,55.982
12/27/1953,61.051
12/28/1953,61.447
12/29/1953,72.661
12/30/1953,66.629
12/31/1953,62.41
1/1/1954,69.348
1/2/1954,57.625
1/3/1954,69.348
1/4/1954,53.632
1/5/1954,63.033
1/6/1954,49.526
1/7/1954,60.57
1/8/1954,55.02
1/9/1954,52.981
1/10/1954,82.77
1/11/1954,117.713
1/12/1954,84.469
1/13/1954,136.855
1/14/1954,138.837
1/15/1954,204.617
1/16/1954,641.602
1/17/1954,786.442
1/18/1954,564.609
1/19/1954,278.694
1/20/1954,199.633
1/21/1954,429.991
1/22/1954,814.419
1/23/1954,1229.119
1/24/1954,1455.172
1/25/1954,1168.266
1/26/1954,624.782
1/27/1954,543.654
1/28/1954,400.853
1/29/1954,300.215
1/30/1954,222.57
1/31/1954,173.837
2/1/1954,168.4
2/2/1954,137.931
2/3/1954,150.221
2/4/1954,132.324
2/5/1954,126.321
2/6/1954,114.23
2/7/1954,107.887
2/8/1954,131.22
2/9/1954,84.639
2/10/1954,113.324
2/11/1954,74.473
2/12/1954,86.649
2/13/1954,84.696
2/14/1954,92.709
2/15/1954,89.793
2/16/1954,74.247
2/17/1954,112.418
2/18/1954,92.2
2/19/1954,86.621
2/20/1954,104.687
2/21/1954,313.269
2/22/1954,346.201
2/23/1954,470.172
2/24/1954,279.147
2/25/1954,200.313
2/26/1954,182.19
2/27/1954,153.675
2/28/1954,124.028
3/1/1954,732.414
3/2/1954,734.991
3/3/1954,799.44
3/4/1954,394.028
3/5/1954,285.433
3/6/1954,231.575
3/7/1954,195.754
3/8/1954,152.741
3/9/1954,145.322
3/10/1954,137.308
3/11/1954,132.947
3/12/1954,143.623
3/13/1954,165.512
3/14/1954,570.159
3/15/1954,510.325
3/16/1954,375.537
3/17/1954,260.09
3/18/1954,170.722
3/19/1954,200.511
3/20/1954,206.883
3/21/1954,423.874
3/22/1954,317.403
3/23/1954,212.772
3/24/1954,168.485
3/25/1954,197.085
3/26/1954,165.88
3/27/1954,146.794
3/28/1954,155.119
3/29/1954,130.654
3/30/1954,109.756
3/31/1954,232.311
4/1/1954,169.674
4/2/1954,262.893
4/3/1954,158.291
4/4/1954,192.554
4/5/1954,134.448
4/6/1954,134.845
4/7/1954,136.204
4/8/1954,146.624
4/9/1954,146.511
4/10/1954,134.165
4/11/1954,147.077
4/12/1954,115.419
4/13/1954,100.241
4/14/1954,116.835
4/15/1954,102.733
4/16/1954,278.213
4/17/1954,605.243
4/18/1954,511.713
4/19/1954,324.992
4/20/1954,216.935
4/21/1954,157.979
4/22/1954,136.232
4/23/1954,125.557
4/24/1954,129.379
4/25/1954,123.631
4/26/1954,160.216
4/27/1954,125.274
4/28/1954,93.87
4/29/1954,103.611
4/30/1954,102.988
5/1/1954,105.622
5/2/1954,83.704
5/3/1954,136.94
5/4/1954,93.955
5/5/1954,128.728
5/6/1954,119.044
5/7/1954,106.075
5/8/1954,87.272
5/9/1954,88.688
5/10/1954,69.914
5/11/1954,70.367
5/12/1954,52.641
5/13/1954,98.061
5/14/1954,173.44
5/15/1954,190.232
5/16/1954,302.82
5/17/1954,270.51
5/18/1954,220.701
5/19/1954,193.517
5/20/1954,346.909
5/21/1954,458.279
5/22/1954,349.826
5/23/1954,235.737
5/24/1954,154.412
5/25/1954,125.783
5/26/1954,116.977
5/27/1954,109.275
5/28/1954,97.778
5/29/1954,105.225
5/30/1954,93.955
5/31/1954,72.944
6/1/1954,73.227
6/2/1954,74.983
6/3/1954,71.585
6/4/1954,69.659
6/5/1954,31.432
6/6/1954,56.86
6/7/1954,55.501
6/8/1954,40.805
6/9/1954,68.045
6/10/1954,71.358
6/11/1954,77.305
6/12/1954,110.69
6/13/1954,110.294
6/14/1954,107.037
6/15/1954,88.915
6/16/1954,133.429
6/17/1954,344.927
6/18/1954,339.49
6/19/1954,342.01
6/20/1954,139.205
6/21/1954,92.596
6/22/1954,79.938
6/23/1954,67.281
6/24/1954,46.694
6/25/1954,54.708
6/26/1954,44.939
6/27/1954,35.764
6/28/1954,23.645
6/29/1954,41.767
6/30/1954,19.652
7/1/1954,27.92
7/2/1954,43.721
7/3/1954,39.19
7/4/1954,32.734
7/5/1954,39.474
7/6/1954,23.107
7/7/1954,13.734
7/8/1954,51.537
7/9/1954,39.87
7/10/1954,34.83
7/11/1954,52.952
7/12/1954,44.741
7/13/1954,28.572
7/14/1954,15.291
7/15/1954,136.968
7/16/1954,133.797
7/17/1954,82.6
7/18/1954,53.236
7/19/1954,46.779
7/20/1954,76.484
7/21/1954,62.807
7/22/1954,290.615
7/23/1954,215.094
7/24/1954,168.74
7/25/1954,83.535
7/26/1954,51.197
7/27/1954,32.621
7/28/1954,53.49
7/29/1954,31.262
7/30/1954,22.399
7/31/1954,34.83
8/1/1954,17.5
8/2/1954,49.215
8/3/1954,67.451
8/4/1954,57.313
8/5/1954,48.592
8/6/1954,63.968
8/7/1954,35.113
8/8/1954,12.233
8/9/1954,44.118
8/10/1954,41.965
8/11/1954,17.755
8/12/1954,21.662
8/13/1954,21.039
8/14/1954,22.285
8/15/1954,18.632
8/16/1954,23.078
8/17/1954,21.096
8/18/1954,19.963
8/19/1954,41.031
8/20/1954,50.517
8/21/1954,53.066
8/22/1954,63.515
8/23/1954,37.633
8/24/1954,36.387
8/25/1954,25.004
8/26/1954,52.216
8/27/1954,53.179
8/28/1954,65.865
8/29/1954,50.97
8/30/1954,62.92
8/31/1954,35.906
9/1/1954,32.479
9/2/1954,29.081
9/3/1954,22.682
9/4/1954,18.378
9/5/1954,23.05
9/6/1954,10.137
9/7/1954,3.058
9/8/1954,42.872
9/9/1954,13.45
9/10/1954,14.838
9/11/1954,3.37
9/12/1954,5.918
9/13/1954,0.368
9/14/1954,18.094
9/15/1954,3.568
9/16/1954,16.027
9/17/1954,11.327
9/18/1954,0.227
9/19/1954,17.613
9/20/1954,23.984
9/21/1954,15.376
9/22/1954,17.811
9/23/1954,25.174
9/24/1954,29.619
9/25/1954,24.154
9/26/1954,20.756
9/27/1954,11.525
9/28/1954,16.197
9/29/1954,26.023
9/30/1954,6.4
10/1/1954,30.186
10/2/1954,29.449
10/3/1954,13.082
10/4/1954,15.716
10/5/1954,21.323
10/6/1954,5.748
10/7/1954,6.201
10/8/1954,12.941
10/9/1954,13.139
10/10/1954,8.353
10/11/1954,6.371
10/12/1954,21.521
10/13/1954,11.44
10/14/1954,21.832
10/15/1954,339.943
10/16/1954,747.139
10/17/1954,1362.321
10/18/1954,1847.048
10/19/1954,526.692
10/20/1954,116.75
10/21/1954,102.337
10/22/1954,77.984
10/23/1954,77.277
10/24/1954,75.804
10/25/1954,53.689
10/26/1954,57.058
10/27/1954,58.956
10/28/1954,28.062
10/29/1954,17.103
10/30/1954,71.557
10/31/1954,62.07
11/1/1954,83.393
11/2/1954,73.68
11/3/1954,59.72
11/4/1954,67.054
11/5/1954,98.344
11/6/1954,88.547
11/7/1954,77.871
11/8/1954,87.924
11/9/1954,64.704
11/10/1954,65.1
11/11/1954,70.452
11/12/1954,65.383
11/13/1954,64.222
11/14/1954,75.464
11/15/1954,51.565
11/16/1954,65.95
11/17/1954,63.231
11/18/1954,62.693
11/19/1954,191.11
11/20/1954,243.185
11/21/1954,527.032
11/22/1954,758.522
11/23/1954,502.283
11/24/1954,200.511
11/25/1954,201.304
11/26/1954,153.958
11/27/1954,131.163
11/28/1954,170.014
11/29/1954,108.737
11/30/1954,169.731
12/1/1954,195.244
12/2/1954,134.986
12/3/1954,126.746
12/4/1954,102.79
12/5/1954,133.372
12/6/1954,148.72
12/7/1954,179.783
12/8/1954,179.33
12/9/1954,204.674
12/10/1954,232.764
12/11/1954,232.821
12/12/1954,183.634
12/13/1954,273.908
12/14/1954,523.748
12/15/1954,725.278
12/16/1954,541.191
12/17/1954,346.116
12/18/1954,246.469
12/19/1954,202.89
12/20/1954,226.166
12/21/1954,161.321
12/22/1954,158.631
12/23/1954,133.344
12/24/1954,131.447
12/25/1954,127.114
12/26/1954,121.309
12/27/1954,111.993
12/28/1954,94.606
12/29/1954,104.857
12/30/1954,118.534
12/31/1954,192.158
1/1/1955,267.027
1/2/1955,137.846
1/3/1955,148.182
1/4/1955,121.762
1/5/1955,133.995
1/6/1955,101.091
1/7/1955,106.386
1/8/1955,101.006
1/9/1955,122.074
1/10/1955,87.867
1/11/1955,151.721
1/12/1955,119.214
1/13/1955,120.488
1/14/1955,107.972
1/15/1955,111.03
1/16/1955,101.148
1/17/1955,96.645
1/18/1955,88.943
1/19/1955,122.498
1/20/1955,76.569
1/21/1955,118.846
1/22/1955,139.97
1/23/1955,143.085
1/24/1955,144.133
1/25/1955,134.618
1/26/1955,112.616
1/27/1955,107.547
1/28/1955,109.529
1/29/1955,129.861
1/30/1955,117.345
1/31/1955,89.821
2/1/1955,69.603
2/2/1955,109.529
2/3/1955,102.648
2/4/1955,96.872
2/5/1955,99.958
2/6/1955,291.975
2/7/1955,767.895
2/8/1955,1098.267
2/9/1955,928.111
2/10/1955,383.693
2/11/1955,443.356
2/12/1955,300.498
2/13/1955,253.435
2/14/1955,196.688
2/15/1955,170.864
2/16/1955,172.11
2/17/1955,175.026
2/18/1955,158.064
2/19/1955,150.929
2/20/1955,137.875
2/21/1955,124.962
2/22/1955,132.608
2/23/1955,135.354
2/24/1955,199.662
2/25/1955,211.555
2/26/1955,212.829
2/27/1955,286.056
2/28/1955,353.903
3/1/1955,466.123
3/2/1955,511.968
3/3/1955,447.632
3/4/1955,349.599
3/5/1955,509.476
3/6/1955,1038.179
3/7/1955,1014.704
3/8/1955,778.004
3/9/1955,428.773
3/10/1955,285.801
3/11/1955,268.84
3/12/1955,246.413
3/13/1955,212.857
3/14/1955,233.868
3/15/1955,252.274
3/16/1955,285.263
3/17/1955,313.694
3/18/1955,452.616
3/19/1955,415.068
3/20/1955,441.77
3/21/1955,440.071
3/22/1955,426.762
3/23/1955,327.455
3/24/1955,390.545
3/25/1955,290.389
3/26/1955,350.477
3/27/1955,156.224
3/28/1955,200.455
3/29/1955,179.585
3/30/1955,166.474
3/31/1955,181.086
4/1/1955,146.426
4/2/1955,159.622
4/3/1955,124.82
4/4/1955,41.937
4/5/1955,142.122
4/6/1955,122.3
4/7/1955,138.922
4/8/1955,117.826
4/9/1955,126.519
4/10/1955,106.245
4/11/1955,132.098
4/12/1955,136.317
4/13/1955,281.016
4/14/1955,1031.128
4/15/1955,1432.434
4/16/1955,1526.814
4/17/1955,1271.934
4/18/1955,529.439
4/19/1955,242.165
4/20/1955,246.186
4/21/1955,276.514
4/22/1955,202.04
4/23/1955,225.628
4/24/1955,200.568
4/25/1955,608.556
4/26/1955,513.157
4/27/1955,352.884
4/28/1955,237.776
4/29/1955,193.517
4/30/1955,175.253
5/1/1955,167.522
5/2/1955,126.973
5/3/1955,127.086
5/4/1955,136.968
5/5/1955,129.833
5/6/1955,116.071
5/7/1955,97.325
5/8/1955,104.829
5/9/1955,90.585
5/10/1955,93.559
5/11/1955,124.226
5/12/1955,144.586
5/13/1955,324.595
5/14/1955,286.368
5/15/1955,213.509
5/16/1955,167.975
5/17/1955,111.88
5/18/1955,108.085
5/19/1955,99.449
5/20/1955,90.614
5/21/1955,78.126
5/22/1955,141.697
5/23/1955,226.025
5/24/1955,383.296
5/25/1955,424.497
5/26/1955,279.175
5/27/1955,167.154
5/28/1955,137.535
5/29/1955,128.162
5/30/1955,123.065
5/31/1955,92.709
6/1/1955,99.505
6/2/1955,76.965
6/3/1955,86.848
6/4/1955,68.838
6/5/1955,64.421
6/6/1955,49.186
6/7/1955,187.486
6/8/1955,188.675
6/9/1955,218.861
6/10/1955,149.286
6/11/1955,240.042
6/12/1955,477.818
6/13/1955,447.236
6/14/1955,191.591
6/15/1955,125.443
6/16/1955,113.72
6/17/1955,89.991
6/18/1955,96.277
6/19/1955,85.092
6/20/1955,90.161
6/21/1955,72.633
6/22/1955,84.384
6/23/1955,85.772
6/24/1955,79.882
6/25/1955,148.069
6/26/1955,124.169
6/27/1955,94.012
6/28/1955,74.332
6/29/1955,69.32
6/30/1955,50.885
7/1/1955,50.461
7/2/1955,49.838
7/3/1955,54.425
7/4/1955,55.501
7/5/1955,61.787
7/6/1955,122.414
7/7/1955,144.671
7/8/1955,107.037
7/9/1955,130.059
7/10/1955,98.599
7/11/1955,192.243
7/12/1955,438.259
7/13/1955,776.05
7/14/1955,497.583
7/15/1955,220.928
7/16/1955,166.531
7/17/1955,98.656
7/18/1955,72.972
7/19/1955,58.701
7/20/1955,63.543
7/21/1955,55.189
7/22/1955,56.152
7/23/1955,48.308
7/24/1955,53.49
7/25/1955,58.163
7/26/1955,70.424
7/27/1955,94.805
7/28/1955,56.435
7/29/1955,48.648
7/30/1955,92.907
7/31/1955,89.764
8/1/1955,74.218
8/2/1955,53.689
8/3/1955,54.198
8/4/1955,58.134
8/5/1955,45.703
8/6/1955,41.173
8/7/1955,54.793
8/8/1955,105.537
8/9/1955,102.818
8/10/1955,127.624
8/11/1955,128.615
8/12/1955,301.8
8/13/1955,94.267
8/14/1955,400.286
8/15/1955,619.317
8/16/1955,343.653
8/17/1955,1340.008
8/18/1955,2094.282
8/19/1955,1890.656
8/20/1955,1702.179
8/21/1955,642.763
8/22/1955,226.931
8/23/1955,291.72
8/24/1955,135.524
8/25/1955,127.171
8/26/1955,110.577
8/27/1955,110.719
8/28/1955,96.22
8/29/1955,76.512
8/30/1955,68.782
8/31/1955,53.802
9/1/1955,109.558
9/2/1955,117.656
9/3/1955,188.901
9/4/1955,267.594
9/5/1955,219.54
9/6/1955,140.055
9/7/1955,102.252
9/8/1955,80.363
9/9/1955,77.446
9/10/1955,66.828
9/11/1955,115.816
9/12/1955,51.622
9/13/1955,57.087
9/14/1955,60.173
9/15/1955,82.77
9/16/1955,55.416
9/17/1955,52.273
9/18/1955,54.708
9/19/1955,155.799
9/20/1955,6.286
9/21/1955,45.024
9/22/1955,42.447
9/23/1955,56.209
9/24/1955,58.842
9/25/1955,64.987
9/26/1955,44.882
9/27/1955,64.845
9/28/1955,42.645
9/29/1955,52.273
9/30/1955,91.095
10/1/1955,695.97
10/2/1955,334.308
10/3/1955,240.636
10/4/1955,199.265
10/5/1955,100.779
10/6/1955,66.969
10/7/1955,74.53
10/8/1955,76.399
10/9/1955,69.093
10/10/1955,79.91
10/11/1955,70.311
10/12/1955,60.909
10/13/1955,125.047
10/14/1955,217.501
10/15/1955,85.573
10/16/1955,65.893
10/17/1955,66.063
10/18/1955,58.078
10/19/1955,45.08
10/20/1955,54.991
10/21/1955,55.246
10/22/1955,47.912
10/23/1955,69.461
10/24/1955,50.319
10/25/1955,50.999
10/26/1955,42.135
10/27/1955,46.298
10/28/1955,51.99
10/29/1955,71.896
10/30/1955,77.701
10/31/1955,50.291
11/1/1955,59.522
11/2/1955,50.687
11/3/1955,56.294
11/4/1955,41.711
11/5/1955,34.801
11/6/1955,67.196
11/7/1955,44.882
11/8/1955,53.774
11/9/1955,55.218
11/10/1955,151.552
11/11/1955,113.975
11/12/1955,109.728
11/13/1955,120.346
11/14/1955,94.975
11/15/1955,75.832
11/16/1955,91.718
11/17/1955,54.028
11/18/1955,59.55
11/19/1955,108.793
11/20/1955,73.086
11/21/1955,77.928
11/22/1955,70.056
11/23/1955,82.289
11/24/1955,72.548
11/25/1955,89.878
11/26/1955,71.783
11/27/1955,91.35
11/28/1955,106.641
11/29/1955,64.789
11/30/1955,50.97
12/1/1955,66.233
12/2/1955,76.739
12/3/1955,61.079
12/4/1955,114.881
12/5/1955,85.573
12/6/1955,82.374
12/7/1955,63.062
12/8/1955,74.162
12/9/1955,100.779
12/10/1955,66.148
12/11/1955,72.887
12/12/1955,71.557
12/13/1955,57.908
12/14/1955,62.212
12/15/1955,62.92
12/16/1955,60.57
12/17/1955,52.641
12/18/1955,81.156
12/19/1955,54.595
12/20/1955,76.257
12/21/1955,60.994
12/22/1955,50.772
12/23/1955,71.783
12/24/1955,82.968
12/25/1955,70.849
12/26/1955,76.144
12/27/1955,72.151
12/28/1955,53.774
12/29/1955,68.215
12/30/1955,65.865
12/31/1955,68.045
1/1/1956,57.653
1/2/1956,70.905
1/3/1956,49.158
1/4/1956,75.804
1/5/1956,44.769
1/6/1956,61.872
1/7/1956,76.569
1/8/1956,65.667
1/9/1956,75.917
1/10/1956,59.239
1/11/1956,47.063
1/12/1956,86.989
1/13/1956,77.192
1/14/1956,68.13
1/15/1956,63.43
1/16/1956,79.372
1/17/1956,40.266
1/18/1956,58.304
1/19/1956,76.427
1/20/1956,77.984
1/21/1956,66.29
1/22/1956,70.424
1/23/1956,70.707
1/24/1956,54.085
1/25/1956,73.086
1/26/1956,70.594
1/27/1956,73.879
1/28/1956,62.948
1/29/1956,77.248
1/30/1956,74.417
1/31/1956,50.942
2/1/1956,81.609
2/2/1956,77.248
2/3/1956,124.396
2/4/1956,432.766
2/5/1956,497.951
2/6/1956,713.782
2/7/1956,754.161
2/8/1956,697.273
2/9/1956,469.521
2/10/1956,261.506
2/11/1956,250.859
2/12/1956,217.105
2/13/1956,199.52
2/14/1956,160.698
2/15/1956,158.206
2/16/1956,122.074
2/17/1956,155.969
2/18/1956,173.582
2/19/1956,179.613
2/20/1956,206.656
2/21/1956,194.678
2/22/1956,170.099
2/23/1956,138.837
2/24/1956,157.979
2/25/1956,223.674
2/26/1956,187.032
2/27/1956,203.031
2/28/1956,150.192
2/29/1956,153.59
3/1/1956,135.213
3/2/1956,137.591
3/3/1956,132.947
3/4/1956,141.782
3/5/1956,127.001
3/6/1956,127.737
3/7/1956,115.249
3/8/1956,154.327
3/9/1956,159.197
3/10/1956,157.102
3/11/1956,156.903
3/12/1956,126.208
3/13/1956,121.876
3/14/1956,148.125
3/15/1956,215.576
3/16/1956,810.993
3/17/1956,866.211
3/18/1956,853.808
3/19/1956,479.941
3/20/1956,313.92
3/21/1956,227.384
3/22/1956,195.754
3/23/1956,167.919
3/24/1956,166.503
3/25/1956,137.563
3/26/1956,115.986
3/27/1956,100.157
3/28/1956,106.471
3/29/1956,124.99
3/30/1956,117.656
3/31/1956,121.904
4/1/1956,109.303
4/2/1956,116.552
4/3/1956,100.1
4/4/1956,116.354
4/5/1956,100.978
4/6/1956,215.774
4/7/1956,384.259
4/8/1956,418.947
4/9/1956,265.102
4/10/1956,167.947
4/11/1956,531.308
4/12/1956,795.136
4/13/1956,745.043
4/14/1956,501.491
4/15/1956,348.608
4/16/1956,435.116
4/17/1956,860.661
4/18/1956,798.392
4/19/1956,354.243
4/20/1956,251.765
4/21/1956,216.369
4/22/1956,198.076
4/23/1956,138.866
4/24/1956,146.908
4/25/1956,126.095
4/26/1956,150.589
4/27/1956,139.177
4/28/1956,132.183
4/29/1956,139.432
4/30/1956,92.03
5/1/1956,121.196
5/2/1956,155.091
5/3/1956,226.11
5/4/1956,353.224
5/5/1956,235.681
5/6/1956,209.488
5/7/1956,189.779
5/8/1956,132.353
5/9/1956,137.535
5/10/1956,118.931
5/11/1956,108.17
5/12/1956,107.321
5/13/1956,89.708
5/14/1956,101.629
5/15/1956,81.637
5/16/1956,113.267
5/17/1956,103.753
5/18/1956,61.476
5/19/1956,96.872
5/20/1956,70.565
5/21/1956,68.668
5/22/1956,64.506
5/23/1956,67.989
5/24/1956,72.576
5/25/1956,56.039
5/26/1956,75.719
5/27/1956,62.099
5/28/1956,59.635
5/29/1956,40.493
5/30/1956,69.631
5/31/1956,65.893
6/1/1956,86.791
6/2/1956,326.323
6/3/1956,153.279
6/4/1956,139.743
6/5/1956,104.8
6/6/1956,85.035
6/7/1956,78.579
6/8/1956,67.337
6/9/1956,63.571
6/10/1956,56.719
6/11/1956,47.232
6/12/1956,41.088
6/13/1956,58.672
6/14/1956,47.261
6/15/1956,44.542
6/16/1956,33.159
6/17/1956,48.818
6/18/1956,54.397
6/19/1956,37.463
6/20/1956,67.111
6/21/1956,58.304
6/22/1956,67.196
6/23/1956,55.558
6/24/1956,48.79
6/25/1956,46.156
6/26/1956,62.155
6/27/1956,50.036
6/28/1956,32.338
6/29/1956,22.908
6/30/1956,41.116
7/1/1956,27.949
7/2/1956,30.072
7/3/1956,17.103
7/4/1956,54.085
7/5/1956,113.182
7/6/1956,90.246
7/7/1956,67.394
7/8/1956,93.729
7/9/1956,255.786
7/10/1956,119.667
7/11/1956,93.332
7/12/1956,56.719
7/13/1956,66.035
7/14/1956,14.81
7/15/1956,41.116
7/16/1956,33.839
7/17/1956,29.874
7/18/1956,18.916
7/19/1956,34.207
7/20/1956,101.969
7/21/1956,93.757
7/22/1956,87.187
7/23/1956,41.852
7/24/1956,55.841
7/25/1956,48.45
7/26/1956,65.383
7/27/1956,43.438
7/28/1956,81.439
7/29/1956,40.097
7/30/1956,33.046
7/31/1956,22.625
8/1/1956,31.686
8/2/1956,38.907
8/3/1956,45.448
8/4/1956,91.01
8/5/1956,84.979
8/6/1956,41.427
8/7/1956,43.721
8/8/1956,21.011
8/9/1956,27.014
8/10/1956,32.678
8/11/1956,81.581
8/12/1956,58.049
8/13/1956,28.968
8/14/1956,9.458
8/15/1956,20.926
8/16/1956,18.491
8/17/1956,23.616
8/18/1956,50.687
8/19/1956,19.963
8/20/1956,83.903
8/21/1956,74.756
8/22/1956,68.102
8/23/1956,84.214
8/24/1956,50.574
8/25/1956,50.376
8/26/1956,44.344
8/27/1956,19.369
8/28/1956,16.452
8/29/1956,14.583
8/30/1956,22.37
8/31/1956,6.541
9/1/1956,29.449
9/2/1956,67.139
9/3/1956,28.175
9/4/1956,25.712
9/5/1956,23.928
9/6/1956,26.731
9/7/1956,36.104
9/8/1956,54.651
9/9/1956,19.312
9/10/1956,41.909
9/11/1956,16.707
9/12/1956,14.527
9/13/1956,23.305
9/14/1956,12.686
9/15/1956,8.835
9/16/1956,24.749
9/17/1956,5.21
9/18/1956,1.954
9/19/1956,6.286
9/20/1956,2.464
9/21/1956,2.945
9/22/1956,8.269
9/23/1956,13.082
9/24/1956,18.434
9/25/1956,31.148
9/26/1956,73.51
9/27/1956,187.316
9/28/1956,525.418
9/29/1956,589.499
9/30/1956,226.648
10/1/1956,108.935
10/2/1956,85.035
10/3/1956,60.4
10/4/1956,63.911
10/5/1956,70.82
10/6/1956,85.715
10/7/1956,46.241
10/8/1956,38.454
10/9/1956,28.543
10/10/1956,43.013
10/11/1956,35
10/12/1956,25.825
10/13/1956,39.813
10/14/1956,34.377
10/15/1956,34.66
10/16/1956,30.894
10/17/1956,81.014
10/18/1956,22.653
10/19/1956,47.685
10/20/1956,53.83
10/21/1956,98.458
10/22/1956,143.651
10/23/1956,357.33
10/24/1956,644.774
10/25/1956,308.88
10/26/1956,174.885
10/27/1956,146.993
10/28/1956,413.907
10/29/1956,450.011
10/30/1956,228.488
10/31/1956,182.304
11/1/1956,264.904
11/2/1956,322.472
11/3/1956,236.502
11/4/1956,181.964
11/5/1956,130.002
11/6/1956,107.349
11/7/1956,118.534
11/8/1956,110.662
11/9/1956,118.732
11/10/1956,89.991
11/11/1956,92.907
11/12/1956,61.985
11/13/1956,89.736
11/14/1956,65.015
11/15/1956,69.942
11/16/1956,79.372
11/17/1956,93.53
11/18/1956,152.599
11/19/1956,310.012
11/20/1956,225.572
11/21/1956,175.281
11/22/1956,149.994
11/23/1956,149.399
11/24/1956,133.032
11/25/1956,112.078
11/26/1956,111.625
11/27/1956,92.879
11/28/1956,80.023
11/29/1956,92.313
11/30/1956,85.63
12/1/1956,60.938
12/2/1956,108.255
12/3/1956,82.713
12/4/1956,57.681
12/5/1956,72.434
12/6/1956,75.946
12/7/1956,68.47
12/8/1956,63.826
12/9/1956,81.213
12/10/1956,66.771
12/11/1956,70.112
12/12/1956,59.805
12/13/1956,70.735
12/14/1956,117.005
12/15/1956,136.6
12/16/1956,373.385
12/17/1956,592.784
12/18/1956,293.022
12/19/1956,98.939
12/20/1956,150.107
12/21/1956,127.369
12/22/1956,133.542
12/23/1956,268.132
12/24/1956,332.977
12/25/1956,372.677
12/26/1956,286.934
12/27/1956,208.497
12/28/1956,146.624
12/29/1956,179.585
12/30/1956,113.918
12/31/1956,98.741
1/1/1957,93.899
1/2/1957,113.834
1/3/1957,78.268
1/4/1957,89
1/5/1957,111.03
1/6/1957,85.687
1/7/1957,101.261
1/8/1957,78.522
1/9/1957,103.724
1/10/1957,79.995
1/11/1957,89.056
1/12/1957,103.356
1/13/1957,92.738
1/14/1957,85.46
1/15/1957,108.935
1/16/1957,89.991
1/17/1957,84.582
1/18/1957,63.175
1/19/1957,60.57
1/20/1957,62.835
1/21/1957,82.402
1/22/1957,114.626
1/23/1957,162.029
1/24/1957,124.084
1/25/1957,208.78
1/26/1957,148.437
1/27/1957,158.857
1/28/1957,171.685
1/29/1957,283.706
1/30/1957,477.45
1/31/1957,1067.062
2/1/1957,1396.528
2/2/1957,1334.996
2/3/1957,1427.79
2/4/1957,1094.671
2/5/1957,574.378
2/6/1957,373.923
2/7/1957,309.474
2/8/1957,339.632
2/9/1957,566.194
2/10/1957,743.882
2/11/1957,687.079
2/12/1957,422.94
2/13/1957,308.738
2/14/1957,275.579
2/15/1957,211.753
2/16/1957,227.752
2/17/1957,186.891
2/18/1957,157.64
2/19/1957,215.179
2/20/1957,246.753
2/21/1957,268.217
2/22/1957,262.412
2/23/1957,227.582
2/24/1957,196.207
2/25/1957,171.798
2/26/1957,497.696
2/27/1957,479.687
2/28/1957,708.571
3/1/1957,906.647
3/2/1957,999.866
3/3/1957,660.235
3/4/1957,375.594
3/5/1957,279.374
3/6/1957,259.495
3/7/1957,220.163
3/8/1957,435.059
3/9/1957,383.183
3/10/1957,342.322
3/11/1957,212.036
3/12/1957,220.956
3/13/1957,188.108
3/14/1957,194.848
3/15/1957,204.702
3/16/1957,231.008
3/17/1957,217.954
3/18/1957,179.472
3/19/1957,236.417
3/20/1957,166.276
3/21/1957,139.63
3/22/1957,243.751
3/23/1957,234.916
3/24/1957,234.775
3/25/1957,195.471
3/26/1957,203.909
3/27/1957,173.61
3/28/1957,156.422
3/29/1957,131.843
3/30/1957,140.48
3/31/1957,118.704
4/1/1957,149.824
4/2/1957,144.133
4/3/1957,183.011
4/4/1957,315.223
4/5/1957,332.439
4/6/1957,824.415
4/7/1957,1262.505
4/8/1957,1419.493
4/9/1957,1120.637
4/10/1957,1200.576
4/11/1957,801.649
4/12/1957,439.109
4/13/1957,320.858
4/14/1957,270.114
4/15/1957,216.142
4/16/1957,212.744
4/17/1957,199.548
4/18/1957,214.415
4/19/1957,171.458
4/20/1957,174.007
4/21/1957,173.044
4/22/1957,211.81
4/23/1957,283.564
4/24/1957,248.14
4/25/1957,202.72
4/26/1957,200.03
4/27/1957,167.635
4/28/1957,139.885
4/29/1957,126.604
4/30/1957,123.773
5/1/1957,141.641
5/2/1957,131.985
5/3/1957,121.904
5/4/1957,112.304
5/5/1957,94.408
5/6/1957,109.614
5/7/1957,87.64
5/8/1957,95.796
5/9/1957,83.988
5/10/1957,98.373
5/11/1957,112.106
5/12/1957,120.375
5/13/1957,84.469
5/14/1957,93.729
5/15/1957,82.119
5/16/1957,72.944
5/17/1957,74.048
5/18/1957,138.724
5/19/1957,135.439
5/20/1957,251.51
5/21/1957,181.199
5/22/1957,195.726
5/23/1957,117.401
5/24/1957,101.119
5/25/1957,101.176
5/26/1957,222.74
5/27/1957,129.153
5/28/1957,179.245
5/29/1957,180.576
5/30/1957,142.434
5/31/1957,79.372
6/1/1957,88.32
6/2/1957,91.86
6/3/1957,70.141
6/4/1957,89.226
6/5/1957,282.035
6/6/1957,656.921
6/7/1957,593.917
6/8/1957,313.014
6/9/1957,311.4
6/10/1957,139.545
6/11/1957,138.073
6/12/1957,119.384
6/13/1957,103.045
6/14/1957,119.525
6/15/1957,97.919
6/16/1957,148.465
6/17/1957,147.304
6/18/1957,122.074
6/19/1957,168.966
6/20/1957,145.718
6/21/1957,106.641
6/22/1957,86.536
6/23/1957,84.894
6/24/1957,158.433
6/25/1957,100.723
6/26/1957,137.931
6/27/1957,157.385
6/28/1957,163.813
6/29/1957,91.633
6/30/1957,133.117
7/1/1957,96.249
7/2/1957,72.293
7/3/1957,64.449
7/4/1957,57.172
7/5/1957,61.079
7/6/1957,55.614
7/7/1957,57.115
7/8/1957,55.643
7/9/1957,44.344
7/10/1957,27.297
7/11/1957,39.559
7/12/1957,45.93
7/13/1957,36.019
7/14/1957,42.588
7/15/1957,35.339
7/16/1957,60.74
7/17/1957,148.72
7/18/1957,71.67
7/19/1957,72.718
7/20/1957,121.932
7/21/1957,69.461
7/22/1957,84.441
7/23/1957,114.23
7/24/1957,75.889
7/25/1957,88.348
7/26/1957,75.776
7/27/1957,69.518
7/28/1957,69.461
7/29/1957,37.378
7/30/1957,43.976
7/31/1957,43.976
8/1/1957,47.997
8/2/1957,81.354
8/3/1957,51.027
8/4/1957,15.178
8/5/1957,12.148
8/6/1957,10.534
8/7/1957,41.371
8/8/1957,35.254
8/9/1957,30.639
8/10/1957,8.608
8/11/1957,28.43
8/12/1957,31.148
8/13/1957,13.705
8/14/1957,18.151
8/15/1957,60.003
8/16/1957,24.267
8/17/1957,27.382
8/18/1957,98.061
8/19/1957,175.111
8/20/1957,188.392
8/21/1957,103.894
8/22/1957,77.758
8/23/1957,52.443
8/24/1957,115.334
8/25/1957,385.675
8/26/1957,213.197
8/27/1957,137.308
8/28/1957,60.57
8/29/1957,59.409
8/30/1957,49.894
8/31/1957,41.059
9/1/1957,40.408
9/2/1957,53.49
9/3/1957,34.547
9/4/1957,28.628
9/5/1957,37.548
9/6/1957,87.782
9/7/1957,162.284
9/8/1957,114.91
9/9/1957,197.028
9/10/1957,264.649
9/11/1957,226.987
9/12/1957,152.599
9/13/1957,91.661
9/14/1957,72.18
9/15/1957,58.559
9/16/1957,79.514
9/17/1957,337.791
9/18/1957,996.043
9/19/1957,1198.763
9/20/1957,743.373
9/21/1957,325.926
9/22/1957,224.552
9/23/1957,226.336
9/24/1957,198.048
9/25/1957,153.93
9/26/1957,90.189
9/27/1957,157.328
9/28/1957,96.843
9/29/1957,186.438
9/30/1957,132.608
10/1/1957,232.679
10/2/1957,259.014
10/3/1957,260.005
10/4/1957,181.058
10/5/1957,176.584
10/6/1957,123.15
10/7/1957,104.687
10/8/1957,98.712
10/9/1957,103.017
10/10/1957,99.477
10/11/1957,89.085
10/12/1957,98.967
10/13/1957,98.288
10/14/1957,59.607
10/15/1957,87.386
10/16/1957,71.557
10/17/1957,95.966
10/18/1957,96.334
10/19/1957,177.829
10/20/1957,228.064
10/21/1957,123.603
10/22/1957,103.215
10/23/1957,105.367
10/24/1957,139.007
10/25/1957,109.841
10/26/1957,131.107
10/27/1957,115.476
10/28/1957,93.219
10/29/1957,98.996
10/30/1957,78.891
10/31/1957,111.71
11/1/1957,106.188
11/2/1957,113.522
11/3/1957,120.261
11/4/1957,85.97
11/5/1957,119.695
11/6/1957,55.926
11/7/1957,72.236
11/8/1957,116.892
11/9/1957,104.319
11/10/1957,133.4
11/11/1957,122.895
11/12/1957,88.745
11/13/1957,97.297
11/14/1957,103.498
11/15/1957,106.868
11/16/1957,174.573
11/17/1957,141.584
11/18/1957,208.667
11/19/1957,577.663
11/20/1957,967.727
11/21/1957,989.446
11/22/1957,711.488
11/23/1957,536.745
11/24/1957,608.755
11/25/1957,1130.662
11/26/1957,1154.278
11/27/1957,1139.751
11/28/1957,888.411
11/29/1957,494.383
11/30/1957,499.763
12/1/1957,305.878
12/2/1957,281.384
12/3/1957,227.865
12/4/1957,374.235
12/5/1957,271.785
12/6/1957,267.396
12/7/1957,202.692
12/8/1957,471.645
12/9/1957,1077.964
12/10/1957,928.848
12/11/1957,553.792
12/12/1957,294.806
12/13/1957,324.935
12/14/1957,147.87
12/15/1957,211.215
12/16/1957,209.459
12/17/1957,167.296
12/18/1957,188.816
12/19/1957,135.921
12/20/1957,361.209
12/21/1957,249.471
12/22/1957,237.436
12/23/1957,183.125
12/24/1957,171.288
12/25/1957,155.516
12/26/1957,349.797
12/27/1957,348.297
12/28/1957,467.963
12/29/1957,319.159
12/30/1957,234.208
12/31/1957,242.363
1/1/1958,202.012
1/2/1958,185.985
1/3/1958,188.901
1/4/1958,166.729
1/5/1958,155.856
1/6/1958,117.26
1/7/1958,172.449
1/8/1958,145.378
1/9/1958,135.071
1/10/1958,139.828
1/11/1958,130.71
1/12/1958,143.453
1/13/1958,98.826
1/14/1958,892.97
1/15/1958,864.455
1/16/1958,800.969
1/17/1958,490.192
1/18/1958,380.238
1/19/1958,241.457
1/20/1958,180.576
1/21/1958,226.28
1/22/1958,317.969
1/23/1958,378.029
1/24/1958,512.138
1/25/1958,985.566
1/26/1958,1111.151
1/27/1958,984.83
1/28/1958,500.33
1/29/1958,351.468
1/30/1958,288.237
1/31/1958,262.582
2/1/1958,345.946
2/2/1958,373.923
2/3/1958,381.88
2/4/1958,281.979
2/5/1958,272.861
2/6/1958,252.02
2/7/1958,410.99
2/8/1958,464.707
2/9/1958,346.06
2/10/1958,282.8
2/11/1958,203.598
2/12/1958,237.663
2/13/1958,225.402
2/14/1958,179.302
2/15/1958,257.343
2/16/1958,207.336
2/17/1958,139.715
2/18/1958,101.601
2/19/1958,110.86
2/20/1958,143.651
2/21/1958,203.201
2/22/1958,229.055
2/23/1958,271.926
2/24/1958,284.669
2/25/1958,262.553
2/26/1958,627.245
2/27/1958,1104.497
2/28/1958,1288.896
3/1/1958,1087.79
3/2/1958,619.911
3/3/1958,381.286
3/4/1958,273.512
3/5/1958,267.339
3/6/1958,248.791
3/7/1958,255.559
3/8/1958,230.584
3/9/1958,277.958
3/10/1958,225.855
3/11/1958,235.426
3/12/1958,212.319
3/13/1958,249.896
3/14/1958,291.408
3/15/1958,252.331
3/16/1958,245.422
3/17/1958,226.846
3/18/1958,230.64
3/19/1958,346.541
3/20/1958,330.457
3/21/1958,318.224
3/22/1958,216.878
3/23/1958,223.193
3/24/1958,189.213
3/25/1958,448.227
3/26/1958,528.845
3/27/1958,609.123
3/28/1958,694.838
3/29/1958,702.455
3/30/1958,471.758
3/31/1958,613.483
4/1/1958,1068.421
4/2/1958,1081.758
4/3/1958,569.394
4/4/1958,436.758
4/5/1958,384.146
4/6/1958,804.537
4/7/1958,925.308
4/8/1958,797.344
4/9/1958,429.453
4/10/1958,714.15
4/11/1958,855.904
4/12/1958,721.569
4/13/1958,537.113
4/14/1958,386.836
4/15/1958,310.975
4/16/1958,292.003
4/17/1958,327.059
4/18/1958,246.611
4/19/1958,270.624
4/20/1958,240.948
4/21/1958,215.236
4/22/1958,361.521
4/23/1958,362.37
4/24/1958,641.602
4/25/1958,498.885
4/26/1958,365.372
4/27/1958,282.63
4/28/1958,527.91
4/29/1958,1057.717
4/30/1958,1226.004
5/1/1958,995.76
5/2/1958,600.911
5/3/1958,677.451
5/4/1958,527.797
5/5/1958,608.358
5/6/1958,1184.832
5/7/1958,1501.3
5/8/1958,1515.232
5/9/1958,1284.705
5/10/1958,751.216
5/11/1958,465.415
5/12/1958,413.284
5/13/1958,371.545
5/14/1958,330.032
5/15/1958,288.35
5/16/1958,253.379
5/17/1958,261.874
5/18/1958,276.259
5/19/1958,393.462
5/20/1958,345.295
5/21/1958,304.915
5/22/1958,225.996
5/23/1958,247.517
5/24/1958,223.589
5/25/1958,235.143
5/26/1958,281.242
5/27/1958,230.159
5/28/1958,333.487
5/29/1958,249.358
5/30/1958,215.463
5/31/1958,179.642
6/1/1958,181.822
6/2/1958,182.955
6/3/1958,190.629
6/4/1958,201.474
6/5/1958,165.398
6/6/1958,162.199
6/7/1958,181.199
6/8/1958,166.078
6/9/1958,166.984
6/10/1958,176.697
6/11/1958,167.041
6/12/1958,170.071
6/13/1958,188.278
6/14/1958,177.575
6/15/1958,209.431
6/16/1958,194.31
6/17/1958,168.711
6/18/1958,168.542
6/19/1958,99.675
6/20/1958,161.491
6/21/1958,136.6
6/22/1958,214.358
6/23/1958,185.39
6/24/1958,145.322
6/25/1958,139.517
6/26/1958,326.691
6/27/1958,217.218
6/28/1958,197.255
6/29/1958,153.647
6/30/1958,116.75
7/1/1958,99.59
7/2/1958,92.766
7/3/1958,82.232
7/4/1958,120.658
7/5/1958,104.262
7/6/1958,97.523
7/7/1958,76.937
7/8/1958,101.402
7/9/1958,121.564
7/10/1958,112.276
7/11/1958,114.06
7/12/1958,234.152
7/13/1958,222.825
7/14/1958,164.804
7/15/1958,163.869
7/16/1958,158.687
7/17/1958,108.963
7/18/1958,127.482
7/19/1958,124.622
7/20/1958,222.853
7/21/1958,142.745
7/22/1958,105.197
7/23/1958,91.435
7/24/1958,270.765
7/25/1958,143.991
7/26/1958,124.537
7/27/1958,112.531
7/28/1958,108.595
7/29/1958,101.431
7/30/1958,106.783
7/31/1958,112.899
8/1/1958,62.07
8/2/1958,91.095
8/3/1958,251.538
8/4/1958,166.106
8/5/1958,142.462
8/6/1958,123.744
8/7/1958,92.341
8/8/1958,74.955
8/9/1958,82.968
8/10/1958,89.821
8/11/1958,70.112
8/12/1958,86.451
8/13/1958,270.652
8/14/1958,190.261
8/15/1958,144.331
8/16/1958,278.354
8/17/1958,197.566
8/18/1958,150.532
8/19/1958,119.893
8/20/1958,87.98
8/21/1958,77.701
8/22/1958,79.485
8/23/1958,114.457
8/24/1958,103.243
8/25/1958,228.488
8/26/1958,363.701
8/27/1958,262.497
8/28/1958,150.051
8/29/1958,117.373
8/30/1958,106.811
8/31/1958,107.519
9/1/1958,68.725
9/2/1958,43.919
9/3/1958,64.562
9/4/1958,63.316
9/5/1958,63.09
9/6/1958,64.307
9/7/1958,72.718
9/8/1958,41.031
9/9/1958,42.56
9/10/1958,55.048
9/11/1958,37.973
9/12/1958,38.426
9/13/1958,58.729
9/14/1958,62.948
9/15/1958,41.173
9/16/1958,39.672
9/17/1958,28.09
9/18/1958,71.5
9/19/1958,49.356
9/20/1958,60.966
9/21/1958,118.138
9/22/1958,56.039
9/23/1958,66.884
9/24/1958,84.639
9/25/1958,72.038
9/26/1958,50.999
9/27/1958,88.575
9/28/1958,55.897
9/29/1958,26.051
9/30/1958,48.677
10/1/1958,197.028
10/2/1958,247.036
10/3/1958,168.06
10/4/1958,129.125
10/5/1958,91.973
10/6/1958,70.707
10/7/1958,75.747
10/8/1958,68.413
10/9/1958,70.056
10/10/1958,83.251
10/11/1958,50.262
10/12/1958,72.095
10/13/1958,52.358
10/14/1958,35.906
10/15/1958,58.672
10/16/1958,61.221
10/17/1958,58.644
10/18/1958,56.492
10/19/1958,64.591
10/20/1958,49.668
10/21/1958,57.738
10/22/1958,79.599
10/23/1958,86.225
10/24/1958,89.255
10/25/1958,86.48
10/26/1958,90.84
10/27/1958,58.191
10/28/1958,49.3
10/29/1958,68.328
10/30/1958,71.5
10/31/1958,68.159
11/1/1958,126.633
11/2/1958,134.958
11/3/1958,83.535
11/4/1958,113.918
11/5/1958,98.854
11/6/1958,95.569
11/7/1958,67.649
11/8/1958,90.529
11/9/1958,64.647
11/10/1958,85.602
11/11/1958,68.3
11/12/1958,60.258
11/13/1958,70.396
11/14/1958,78.579
11/15/1958,76.059
11/16/1958,71.896
11/17/1958,81.892
11/18/1958,75.634
11/19/1958,59.833
11/20/1958,78.268
11/21/1958,67.281
11/22/1958,70.112
11/23/1958,79.485
11/24/1958,72.236
11/25/1958,65.61
11/26/1958,71.188
11/27/1958,48.28
11/28/1958,111.172
11/29/1958,89.679
11/30/1958,75.776
12/1/1958,106.386
12/2/1958,87.527
12/3/1958,109.586
12/4/1958,54.453
12/5/1958,97.268
12/6/1958,85.092
12/7/1958,73.397
12/8/1958,70.084
12/9/1958,64.477
12/10/1958,49.101
12/11/1958,120.007
12/12/1958,48.252
12/13/1958,53.689
12/14/1958,79.032
12/15/1958,58.701
12/16/1958,51.65
12/17/1958,63.996
12/18/1958,70.565
12/19/1958,94.238
12/20/1958,100.326
12/21/1958,94.04
12/22/1958,101.827
12/23/1958,73.963
12/24/1958,82.402
12/25/1958,95.428
12/26/1958,93.729
12/27/1958,79.032
12/28/1958,723.466
12/29/1958,1768.384
12/30/1958,1750.092
12/31/1958,2108.95
1/1/1959,1317.269
1/2/1959,511.486
1/3/1959,445.31
1/4/1959,336.63
1/5/1959,226.195
1/6/1959,133.712
1/7/1959,170.665
1/8/1959,177.745
1/9/1959,153.505
1/10/1959,133.485
1/11/1959,103.47
1/12/1959,132.239
1/13/1959,121.734
1/14/1959,133.854
1/15/1959,181.681
1/16/1959,245.422
1/17/1959,183.691
1/18/1959,190.176
1/19/1959,108.708
1/20/1959,137.591
1/21/1959,172.902
1/22/1959,333.43
1/23/1959,315.053
1/24/1959,361.181
1/25/1959,245.733
1/26/1959,188.307
1/27/1959,150.475
1/28/1959,155.686
1/29/1959,154.638
1/30/1959,129.606
1/31/1959,130.965
2/1/1959,139.347
2/2/1959,103.951
2/3/1959,125.019
2/4/1959,303.131
2/5/1959,303.188
2/6/1959,270.68
2/7/1959,225.487
2/8/1959,164.945
2/9/1959,142.773
2/10/1959,168.627
2/11/1959,107.094
2/12/1959,132.239
2/13/1959,214.075
2/14/1959,239.532
2/15/1959,341.387
2/16/1959,248.282
2/17/1959,225.402
2/18/1959,205.325
2/19/1959,123.178
2/20/1959,147.134
2/21/1959,109.614
2/22/1959,117.6
2/23/1959,174.092
2/24/1959,98.882
2/25/1959,146.171
2/26/1959,136.6
2/27/1959,120.715
2/28/1959,118.477
3/1/1959,119.78
3/2/1959,145.463
3/3/1959,127.001
3/4/1959,104.432
3/5/1959,85.46
3/6/1959,293.9
3/7/1959,580.976
3/8/1959,487.106
3/9/1959,274.446
3/10/1959,184.852
3/11/1959,206.883
3/12/1959,161.321
3/13/1959,117.855
3/14/1959,142.009
3/15/1959,174.516
3/16/1959,98.996
3/17/1959,139.347
3/18/1959,103.215
3/19/1959,99.25
3/20/1959,114.541
3/21/1959,130.314
3/22/1959,91.661
3/23/1959,109.784
3/24/1959,108.737
3/25/1959,102.365
3/26/1959,133.485
3/27/1959,247.347
3/28/1959,102.224
3/29/1959,194.338
3/30/1959,280.676
3/31/1959,213.99
4/1/1959,217.643
4/2/1959,387.147
4/3/1959,307.237
4/4/1959,315.364
4/5/1959,233.472
4/6/1959,205.467
4/7/1959,169.986
4/8/1959,147.417
4/9/1959,155.091
4/10/1959,138.129
4/11/1959,165.851
4/12/1959,471.56
4/13/1959,746.374
4/14/1959,942.128
4/15/1959,566.053
4/16/1959,332.552
4/17/1959,255.927
4/18/1959,257.655
4/19/1959,257.258
4/20/1959,562.145
4/21/1959,500.216
4/22/1959,394.481
4/23/1959,424.922
4/24/1959,465.953
4/25/1959,419.513
4/26/1959,281.073
4/27/1959,229.649
4/28/1959,252.727
4/29/1959,246.554
4/30/1959,276.344
5/1/1959,176.215
5/2/1959,171.345
5/3/1959,167.324
5/4/1959,163.445
5/5/1959,133.485
5/6/1959,156.224
5/7/1959,168.23
5/8/1959,105.99
5/9/1959,115.476
5/10/1959,111.313
5/11/1959,104.914
5/12/1959,89.623
5/13/1959,148.635
5/14/1959,103.47
5/15/1959,89.764
5/16/1959,127.284
5/17/1959,83.676
5/18/1959,106.188
5/19/1959,89.736
5/20/1959,126.689
5/21/1959,147.587
5/22/1959,140.904
5/23/1959,139.347
5/24/1959,90.274
5/25/1959,68.782
5/26/1959,83.053
5/27/1959,66.346
5/28/1959,73.454
5/29/1959,68.64
5/30/1959,70.226
5/31/1959,91.237
6/1/1959,116.807
6/2/1959,141.414
6/3/1959,178.934
6/4/1959,392.499
6/5/1959,273.427
6/6/1959,184.937
6/7/1959,108.142
6/8/1959,96.475
6/9/1959,67.875
6/10/1959,82.26
6/11/1959,53.321
6/12/1959,44.967
6/13/1959,77.73
6/14/1959,36.642
6/15/1959,54
6/16/1959,25.287
6/17/1959,41.824
6/18/1959,38.426
6/19/1959,45.222
6/20/1959,46.921
6/21/1959,42.617
6/22/1959,46.496
6/23/1959,25.57
6/24/1959,45.873
6/25/1959,50.234
6/26/1959,47.516
6/27/1959,39.049
6/28/1959,42.702
6/29/1959,43.948
6/30/1959,16.197
7/1/1959,39.927
7/2/1959,30.157
7/3/1959,62.184
7/4/1959,21.719
7/5/1959,35.028
7/6/1959,38.058
7/7/1959,4.559
7/8/1959,10.874
7/9/1959,22.03
7/10/1959,292.994
7/11/1959,114.003
7/12/1959,127.256
7/13/1959,84.101
7/14/1959,70.707
7/15/1959,196.915
7/16/1959,200.625
7/17/1959,115.533
7/18/1959,95.682
7/19/1959,74.615
7/20/1959,65.582
7/21/1959,105.31
7/22/1959,227.95
7/23/1959,144.302
7/24/1959,84.016
7/25/1959,81.184
7/26/1959,61.447
7/27/1959,107.292
7/28/1959,101.601
7/29/1959,125.5
7/30/1959,113.522
7/31/1959,102.932
8/1/1959,98.996
8/2/1959,103.186
8/3/1959,71.868
8/4/1959,105.508
8/5/1959,66.799
8/6/1959,78.324
8/7/1959,108.652
8/8/1959,113.975
8/9/1959,61.419
8/10/1959,83.676
8/11/1959,72.208
8/12/1959,49.866
8/13/1959,37.435
8/14/1959,35.085
8/15/1959,42.22
8/16/1959,27.779
8/17/1959,30.412
8/18/1959,37.803
8/19/1959,26.618
8/20/1959,15.065
8/21/1959,42.277
8/22/1959,40.238
8/23/1959,115.221
8/24/1959,59.805
8/25/1959,62.184
8/26/1959,82.572
8/27/1959,43.749
8/28/1959,43.438
8/29/1959,51.395
8/30/1959,99.93
8/31/1959,47.516
9/1/1959,93.276
9/2/1959,265.3
9/3/1959,208.553
9/4/1959,137.79
9/5/1959,154.808
9/6/1959,270.482
9/7/1959,248.678
9/8/1959,441.884
9/9/1959,364.267
9/10/1959,168.202
9/11/1959,95.966
9/12/1959,83.931
9/13/1959,72.038
9/14/1959,56.634
9/15/1959,42.673
9/16/1959,38.652
9/17/1959,54.821
9/18/1959,32.281
9/19/1959,41.427
9/20/1959,63.543
9/21/1959,35.877
9/22/1959,27.949
9/23/1959,36.076
9/24/1959,41.456
9/25/1959,36.812
9/26/1959,40.521
9/27/1959,49.753
9/28/1959,31.488
9/29/1959,79.117
9/30/1959,320.716
10/1/1959,610.369
10/2/1959,968.576
10/3/1959,1079.295
10/4/1959,337.536
10/5/1959,178.764
10/6/1959,162.199
10/7/1959,122.47
10/8/1959,132.636
10/9/1959,209.969
10/10/1959,657.771
10/11/1959,838.545
10/12/1959,929.357
10/13/1959,962.941
10/14/1959,794.739
10/15/1959,518.962
10/16/1959,537.849
10/17/1959,335.186
10/18/1959,244.855
10/19/1959,138.413
10/20/1959,126.18
10/21/1959,147.361
10/22/1959,122.074
10/23/1959,158.376
10/24/1959,362.767
10/25/1959,350.166
10/26/1959,299.79
10/27/1959,243.015
10/28/1959,164.379
10/29/1959,127.114
10/30/1959,143.028
10/31/1959,175.083
11/1/1959,148.352
11/2/1959,129.04
11/3/1959,124.084
11/4/1959,116.099
11/5/1959,130.087
11/6/1959,152.005
11/7/1959,392.188
11/8/1959,178.141
11/9/1959,135.553
11/10/1959,122.045
11/11/1959,111.823
11/12/1959,108.029
11/13/1959,125.981
11/14/1959,117.062
11/15/1959,111.483
11/16/1959,96.9
11/17/1959,110.464
11/18/1959,87.697
11/19/1959,83.591
11/20/1959,69.999
11/21/1959,135.354
11/22/1959,79.117
11/23/1959,113.494
11/24/1959,709.789
11/25/1959,458.222
11/26/1959,544.419
11/27/1959,373.159
11/28/1959,289.483
11/29/1959,203.286
11/30/1959,176.81
12/1/1959,157.583
12/2/1959,143.198
12/3/1959,159.282
12/4/1959,137.082
12/5/1959,112.616
12/6/1959,216.34
12/7/1959,79.797
12/8/1959,109.133
12/9/1959,146.624
12/10/1959,114.088
12/11/1959,118.449
12/12/1959,176.64
12/13/1959,169.703
12/14/1959,207.081
12/15/1959,197.368
12/16/1959,160.471
12/17/1959,147.332
12/18/1959,246.583
12/19/1959,733.037
12/20/1959,900.418
12/21/1959,894.981
12/22/1959,421.043
12/23/1959,306.359
12/24/1959,244.147
12/25/1959,196.972
12/26/1959,221.636
12/27/1959,155.431
12/28/1959,223.958
12/29/1959,249.414
12/30/1959,212.319
12/31/1959,188.76
1/1/1960,176.669
1/2/1960,160.839
1/3/1960,289.766
1/4/1960,394.963
1/5/1960,411.896
1/6/1960,373.895
1/7/1960,512.591
1/8/1960,518.084
1/9/1960,485.435
1/10/1960,355.744
1/11/1960,220.446
1/12/1960,250.859
1/13/1960,204.362
1/14/1960,200.455
1/15/1960,210.535
1/16/1960,178.226
1/17/1960,177.122
1/18/1960,156.875
1/19/1960,168.853
1/20/1960,148.21
1/21/1960,131.786
1/22/1960,119.242
1/23/1960,122.81
1/24/1960,123.999
1/25/1960,119.412
1/26/1960,109.813
1/27/1960,150.136
1/28/1960,147.162
1/29/1960,174.885
1/30/1960,175.054
1/31/1960,438.967
2/1/1960,570.329
2/2/1960,613.852
2/3/1960,422.6
2/4/1960,229.904
2/5/1960,430.302
2/6/1960,914.859
2/7/1960,1178.97
2/8/1960,1086.601
2/9/1960,454.456
2/10/1960,379.672
2/11/1960,604.535
2/12/1960,820.678
2/13/1960,893.678
2/14/1960,547.166
2/15/1960,371.969
2/16/1960,365.598
2/17/1960,417.729
2/18/1960,1086.912
2/19/1960,1231.526
2/20/1960,1517.526
2/21/1960,1495.693
2/22/1960,739.748
2/23/1960,451.426
2/24/1960,434.068
2/25/1960,637.808
2/26/1960,721.229
2/27/1960,685.295
2/28/1960,488.267
2/29/1960,377.491
3/1/1960,320.971
3/2/1960,358.519
3/3/1960,418.805
3/4/1960,232.396
3/5/1960,272.493
3/6/1960,255.418
3/7/1960,255.163
3/8/1960,225.288
3/9/1960,265.3
3/10/1960,221.975
3/11/1960,222.882
3/12/1960,266.999
3/13/1960,243.496
3/14/1960,259.807
3/15/1960,259.778
3/16/1960,501.236
3/17/1960,642.621
3/18/1960,790.379
3/19/1960,949.292
3/20/1960,876.773
3/21/1960,749.574
3/22/1960,657.686
3/23/1960,523.04
3/24/1960,491.042
3/25/1960,418.89
3/26/1960,438.259
3/27/1960,378.029
3/28/1960,347.447
3/29/1960,361.039
3/30/1960,645.481
3/31/1960,812.239
4/1/1960,1023.766
4/2/1960,838.687
4/3/1960,820.932
4/4/1960,819.998
4/5/1960,1556.659
4/6/1960,1549.042
4/7/1960,1608.762
4/8/1960,897.954
4/9/1960,439.817
4/10/1960,389.696
4/11/1960,330.627
4/12/1960,298.091
4/13/1960,270.057
4/14/1960,268.16
4/15/1960,249.726
4/16/1960,240.126
4/17/1960,232.538
4/18/1960,239.588
4/19/1960,193.517
4/20/1960,224.411
4/21/1960,214.188
4/22/1960,244.601
4/23/1960,239.22
4/24/1960,201.163
4/25/1960,182.502
4/26/1960,193.659
4/27/1960,319.668
4/28/1960,392.358
4/29/1960,286.538
4/30/1960,230.754
5/1/1960,219.314
5/2/1960,178.169
5/3/1960,195.131
5/4/1960,167.126
5/5/1960,139.404
5/6/1960,160.585
5/7/1960,178.707
5/8/1960,611.105
5/9/1960,840.981
5/10/1960,678.669
5/11/1960,350.562
5/12/1960,319.867
5/13/1960,259.354
5/14/1960,215.519
5/15/1960,214.981
5/16/1960,184.512
5/17/1960,174.148
5/18/1960,147.134
5/19/1960,165.002
5/20/1960,140.593
5/21/1960,153.024
5/22/1960,132.523
5/23/1960,127.652
5/24/1960,124.594
5/25/1960,119.327
5/26/1960,117.062
5/27/1960,290.842
5/28/1960,579.871
5/29/1960,623.253
5/30/1960,349.712
5/31/1960,240.834
6/1/1960,197.623
6/2/1960,174.063
6/3/1960,147.247
6/4/1960,192.639
6/5/1960,213.764
6/6/1960,143.623
6/7/1960,149.116
6/8/1960,174.007
6/9/1960,131.475
6/10/1960,131.815
6/11/1960,106.641
6/12/1960,125.217
6/13/1960,113.494
6/14/1960,82.175
6/15/1960,119.61
6/16/1960,100.921
6/17/1960,84.611
6/18/1960,97.976
6/19/1960,100.893
6/20/1960,107.009
6/21/1960,68.555
6/22/1960,117.345
6/23/1960,96.504
6/24/1960,155.912
6/25/1960,78.919
6/26/1960,115.193
6/27/1960,88.377
6/28/1960,115.079
6/29/1960,49.554
6/30/1960,95.626
7/1/1960,74.926
7/2/1960,105.792
7/3/1960,119.327
7/4/1960,86.395
7/5/1960,77.022
7/6/1960,78.947
7/7/1960,71.217
7/8/1960,69.631
7/9/1960,66.998
7/10/1960,153.902
7/11/1960,134.307
7/12/1960,124.566
7/13/1960,110.549
7/14/1960,86.819
7/15/1960,60.824
7/16/1960,67.281
7/17/1960,78.069
7/18/1960,57.2
7/19/1960,29.506
7/20/1960,52.414
7/21/1960,43.721
7/22/1960,59.918
7/23/1960,70.764
7/24/1960,56.096
7/25/1960,47.119
7/26/1960,38.001
7/27/1960,142.207
7/28/1960,80.306
7/29/1960,206.061
7/30/1960,107.349
7/31/1960,83.478
8/1/1960,147.021
8/2/1960,129.804
8/3/1960,83.336
8/4/1960,39.672
8/5/1960,81.92
8/6/1960,104.8
8/7/1960,69.574
8/8/1960,73.539
8/9/1960,71.698
8/10/1960,95.937
8/11/1960,76.625
8/12/1960,104.602
8/13/1960,113.834
8/14/1960,157.187
8/15/1960,196.264
8/16/1960,97.381
8/17/1960,86.621
8/18/1960,80.165
8/19/1960,52.698
8/20/1960,66.828
8/21/1960,56.124
8/22/1960,125.642
8/23/1960,161.915
8/24/1960,121.819
8/25/1960,140.791
8/26/1960,154.95
8/27/1960,168.881
8/28/1960,104.97
8/29/1960,78.211
8/30/1960,49.724
8/31/1960,106.528
9/1/1960,58.899
9/2/1960,119.893
9/3/1960,104.687
9/4/1960,124.509
9/5/1960,119.185
9/6/1960,77.277
9/7/1960,57.568
9/8/1960,57.228
9/9/1960,64.987
9/10/1960,95.088
9/11/1960,194.65
9/12/1960,310.55
9/13/1960,192.129
9/14/1960,112.106
9/15/1960,91.52
9/16/1960,57.228
9/17/1960,75.549
9/18/1960,86.026
9/19/1960,143.481
9/20/1960,268.443
9/21/1960,223.023
9/22/1960,159.99
9/23/1960,107.83
9/24/1960,88.688
9/25/1960,92.03
9/26/1960,56.379
9/27/1960,70.792
9/28/1960,37.69
9/29/1960,153.42
9/30/1960,102.932
10/1/1960,129.776
10/2/1960,102.309
10/3/1960,57.54
10/4/1960,82.289
10/5/1960,70.99
10/6/1960,82.345
10/7/1960,90.925
10/8/1960,117.855
10/9/1960,88.971
10/10/1960,87.357
10/11/1960,73.765
10/12/1960,80.476
10/13/1960,81.949
10/14/1960,65.383
10/15/1960,90.5
10/16/1960,90.246
10/17/1960,53.151
10/18/1960,66.516
10/19/1960,78.296
10/20/1960,120.545
10/21/1960,100.836
10/22/1960,137.28
10/23/1960,111.88
10/24/1960,56.039
10/25/1960,70.282
10/26/1960,64.959
10/27/1960,52.471
10/28/1960,96.107
10/29/1960,72.321
10/30/1960,92.709
10/31/1960,91.378
11/1/1960,81.156
11/2/1960,92.681
11/3/1960,103.498
11/4/1960,85.234
11/5/1960,119.893
11/6/1960,59.975
11/7/1960,44.91
11/8/1960,76.484
11/9/1960,51.197
11/10/1960,101.346
11/11/1960,58.729
11/12/1960,86.819
11/13/1960,91.152
11/14/1960,73.624
11/15/1960,72.802
11/16/1960,72.406
11/17/1960,65.327
11/18/1960,88.348
11/19/1960,63.656
11/20/1960,95.626
11/21/1960,72.887
11/22/1960,56.804
11/23/1960,88.094
11/24/1960,76.682
11/25/1960,71.698
11/26/1960,91.18
11/27/1960,77.758
11/28/1960,74.332
11/29/1960,84.554
11/30/1960,60.655
12/1/1960,70.99
12/2/1960,59.324
12/3/1960,78.268
12/4/1960,69.036
12/5/1960,71.613
12/6/1960,58.842
12/7/1960,67.621
12/8/1960,57.653
12/9/1960,58.729
12/10/1960,76.059
12/11/1960,187.372
12/12/1960,106.811
12/13/1960,137.336
12/14/1960,146.596
12/15/1960,126.973
12/16/1960,83.166
12/17/1960,114.117
12/18/1960,98.797
12/19/1960,63.203
12/20/1960,64.987
12/21/1960,110.974
12/22/1960,79.372
12/23/1960,62.977
12/24/1960,71.896
12/25/1960,55.699
12/26/1960,70.226
12/27/1960,77.418
12/28/1960,98.939
12/29/1960,103.158
12/30/1960,90.897
12/31/1960,115.533
1/1/1961,201.955
1/2/1961,219.908
1/3/1961,207.675
1/4/1961,144.048
1/5/1961,137.45
1/6/1961,105.848
1/7/1961,112.304
1/8/1961,121.026
1/9/1961,61.561
1/10/1961,84.894
1/11/1961,74.218
1/12/1961,76.059
1/13/1961,80.193
1/14/1961,127.227
1/15/1961,144.586
1/16/1961,152.429
1/17/1961,234.123
1/18/1961,219.257
1/19/1961,184.286
1/20/1961,198.359
1/21/1961,222.032
1/22/1961,168.117
1/23/1961,119.893
1/24/1961,102.705
1/25/1961,88.83
1/26/1961,117.005
1/27/1961,62.75
1/28/1961,85.517
1/29/1961,87.952
1/30/1961,94.408
1/31/1961,95.711
2/1/1961,90.755
2/2/1961,106.103
2/3/1961,145.945
2/4/1961,81.439
2/5/1961,91.237
2/6/1961,88.292
2/7/1961,138.073
2/8/1961,631.493
2/9/1961,551.017
2/10/1961,468.303
2/11/1961,404.307
2/12/1961,326.238
2/13/1961,289.539
2/14/1961,287.161
2/15/1961,269.548
2/16/1961,238.796
2/17/1961,216.68
2/18/1961,252.274
2/19/1961,326.464
2/20/1961,599.58
2/21/1961,473.655
2/22/1961,450.747
2/23/1961,924.544
2/24/1961,1125.395
2/25/1961,1343.745
2/26/1961,821.895
2/27/1961,840.273
2/28/1961,465.217
3/1/1961,339.83
3/2/1961,255.248
3/3/1961,246.639
3/4/1961,213.31
3/5/1961,194.027
3/6/1961,203.881
3/7/1961,146.454
3/8/1961,334.506
3/9/1961,712.224
3/10/1961,818.271
3/11/1961,564.042
3/12/1961,268.528
3/13/1961,198.642
3/14/1961,313.41
3/15/1961,288.123
3/16/1961,242.25
3/17/1961,234.803
3/18/1961,202.04
3/19/1961,254.823
3/20/1961,171.968
3/21/1961,362.767
3/22/1961,795.957
3/23/1961,1012.099
3/24/1961,1090.423
3/25/1961,642.678
3/26/1961,456.184
3/27/1961,347.9
3/28/1961,248.735
3/29/1961,254.936
3/30/1961,196.15
3/31/1961,433.049
4/1/1961,780.581
4/2/1961,780.1
4/3/1961,525.645
4/4/1961,353.903
4/5/1961,261.392
4/6/1961,270.567
4/7/1961,238.144
4/8/1961,173.554
4/9/1961,206.854
4/10/1961,729.809
4/11/1961,968.038
4/12/1961,817.449
4/13/1961,663.463
4/14/1961,786.216
4/15/1961,575.567
4/16/1961,523.804
4/17/1961,466.661
4/18/1961,430.444
4/19/1961,310.918
4/20/1961,271.417
4/21/1961,259.127
4/22/1961,222.315
4/23/1961,242.675
4/24/1961,205.212
4/25/1961,186.693
4/26/1961,187.316
4/27/1961,195.386
4/28/1961,231.603
4/29/1961,102.563
4/30/1961,167.975
5/1/1961,190.204
5/2/1961,180.435
5/3/1961,213.452
5/4/1961,196.207
5/5/1961,156.026
5/6/1961,171.515
5/7/1961,172.563
5/8/1961,144.982
5/9/1961,198.104
5/10/1961,197.311
5/11/1961,325.926
5/12/1961,526.692
5/13/1961,711.941
5/14/1961,578.031
5/15/1961,373.98
5/16/1961,283.508
5/17/1961,185.73
5/18/1961,205.438
5/19/1961,168.343
5/20/1961,150.56
5/21/1961,169.589
5/22/1961,112.814
5/23/1961,123.631
5/24/1961,127.426
5/25/1961,105.14
5/26/1961,181.256
5/27/1961,136.232
5/28/1961,127.227
5/29/1961,126.519
5/30/1961,99.732
5/31/1961,98.174
6/1/1961,91.746
6/2/1961,87.187
6/3/1961,149.626
6/4/1961,63.062
6/5/1961,101.856
6/6/1961,114.23
6/7/1961,164.634
6/8/1961,140.508
6/9/1961,106.499
6/10/1961,129.493
6/11/1961,139.574
6/12/1961,113.437
6/13/1961,103.923
6/14/1961,160.131
6/15/1961,163.388
6/16/1961,98.429
6/17/1961,147.219
6/18/1961,133.372
6/19/1961,86.564
6/20/1961,76.172
6/21/1961,206.571
6/22/1961,533.913
6/23/1961,768.405
6/24/1961,488.946
6/25/1961,420.958
6/26/1961,408.413
6/27/1961,409.206
6/28/1961,323.576
6/29/1961,236.162
6/30/1961,156.337
7/1/1961,139.035
7/2/1961,141.499
7/3/1961,89.566
7/4/1961,94.182
7/5/1961,73.51
7/6/1961,108.567
7/7/1961,95.598
7/8/1961,136.232
7/9/1961,92.001
7/10/1961,122.272
7/11/1961,87.216
7/12/1961,90.557
7/13/1961,75.662
7/14/1961,85.205
7/15/1961,102.62
7/16/1961,112.616
7/17/1961,98.174
7/18/1961,83.535
7/19/1961,79.57
7/20/1961,75.181
7/21/1961,81.467
7/22/1961,87.725
7/23/1961,130.144
7/24/1961,143.849
7/25/1961,158.178
7/26/1961,93.757
7/27/1961,77.248
7/28/1961,73.85
7/29/1961,95.598
7/30/1961,62.75
7/31/1961,56.888
8/1/1961,38.851
8/2/1961,63.458
8/3/1961,61.108
8/4/1961,80.561
8/5/1961,197.623
8/6/1961,157.187
8/7/1961,140.904
8/8/1961,112.361
8/9/1961,108.85
8/10/1961,80.505
8/11/1961,77.39
8/12/1961,103.356
8/13/1961,62.892
8/14/1961,66.573
8/15/1961,50.064
8/16/1961,51.395
8/17/1961,32.593
8/18/1961,45.562
8/19/1961,52.896
8/20/1961,190.855
8/21/1961,151.806
8/22/1961,178.339
8/23/1961,285.773
8/24/1961,278.892
8/25/1961,427.64
8/26/1961,691.893
8/27/1961,455.816
8/28/1961,307.974
8/29/1961,198.331
8/30/1961,110.407
8/31/1961,92.115
9/1/1961,79.797
9/2/1961,74.898
9/3/1961,87.612
9/4/1961,88.886
9/5/1961,62.354
9/6/1961,57.54
9/7/1961,50.234
9/8/1961,72.095
9/9/1961,76.031
9/10/1961,81.184
9/11/1961,47.431
9/12/1961,40.805
9/13/1961,33.329
9/14/1961,66.375
9/15/1961,56.209
9/16/1961,34.49
9/17/1961,47.289
9/18/1961,42.277
9/19/1961,58.644
9/20/1961,70.339
9/21/1961,132.494
9/22/1961,180.718
9/23/1961,99.08
9/24/1961,83.903
9/25/1961,47.119
9/26/1961,33.074
9/27/1961,68.3
9/28/1961,41.031
9/29/1961,40.974
9/30/1961,52.584
10/1/1961,52.556
10/2/1961,49.866
10/3/1961,43.721
10/4/1961,37.463
10/5/1961,43.948
10/6/1961,58.163
10/7/1961,65.582
10/8/1961,63.43
10/9/1961,33.357
10/10/1961,51.876
10/11/1961,40.691
10/12/1961,48.988
10/13/1961,40.776
10/14/1961,63.854
10/15/1961,45.307
10/16/1961,31.545
10/17/1961,39.672
10/18/1961,33.584
10/19/1961,32.593
10/20/1961,65.752
10/21/1961,126.746
10/22/1961,246.781
10/23/1961,183.748
10/24/1961,124.99
10/25/1961,82.77
10/26/1961,42.504
10/27/1961,48.478
10/28/1961,75.917
10/29/1961,52.669
10/30/1961,50.517
10/31/1961,55.699
11/1/1961,41.116
11/2/1961,66.884
11/3/1961,56.152
11/4/1961,65.157
11/5/1961,69.489
11/6/1961,61.306
11/7/1961,76.965
11/8/1961,189.298
11/9/1961,130.512
11/10/1961,100.072
11/11/1961,86.423
11/12/1961,95.541
11/13/1961,69.206
11/14/1961,82.94
11/15/1961,71.217
11/16/1961,84.639
11/17/1961,90.84
11/18/1961,78.381
11/19/1961,121.989
11/20/1961,87.754
11/21/1961,77.192
11/22/1961,64.194
11/23/1961,115.561
11/24/1961,95.909
11/25/1961,157.583
11/26/1961,242.109
11/27/1961,149.145
11/28/1961,112.871
11/29/1961,95.824
11/30/1961,90.755
12/1/1961,96.39
12/2/1961,93.134
12/3/1961,87.272
12/4/1961,87.669
12/5/1961,71.103
12/6/1961,71.188
12/7/1961,68.017
12/8/1961,57.71
12/9/1961,74.983
12/10/1961,166.588
12/11/1961,286.878
12/12/1961,808.983
12/13/1961,1139.128
12/14/1961,1356.007
12/15/1961,647.209
12/16/1961,324.426
12/17/1961,371.913
12/18/1961,711.714
12/19/1961,957.164
12/20/1961,897.274
12/21/1961,436.079
12/22/1961,275.154
12/23/1961,296.958
12/24/1961,268.443
12/25/1961,229.225
12/26/1961,168.768
12/27/1961,166.305
12/28/1961,168.343
12/29/1961,186.919
12/30/1961,173.101
12/31/1961,160.556
1/1/1962,223.731
1/2/1962,161.491
1/3/1962,179.274
1/4/1962,206.854
1/5/1962,190.147
1/6/1962,1346.549
1/7/1962,1489.52
1/8/1962,1472.105
1/9/1962,1208.646
1/10/1962,527.542
1/11/1962,326.238
1/12/1962,208.072
1/13/1962,151.438
1/14/1962,191.903
1/15/1962,273.569
1/16/1962,331.25
1/17/1962,294.155
1/18/1962,245.139
1/19/1962,196.972
1/20/1962,216.397
1/21/1962,181.171
1/22/1962,182.615
1/23/1962,155.403
1/24/1962,212.093
1/25/1962,199.379
1/26/1962,197.849
1/27/1962,235.199
1/28/1962,650.635
1/29/1962,514.771
1/30/1962,590.037
1/31/1962,528.391
2/1/1962,546.033
2/2/1962,404.959
2/3/1962,361.181
2/4/1962,314.883
2/5/1962,299.705
2/6/1962,284.924
2/7/1962,204.447
2/8/1962,194.961
2/9/1962,270.114
2/10/1962,260.458
2/11/1962,303.698
2/12/1962,235.709
2/13/1962,197.906
2/14/1962,211.725
2/15/1962,171.317
2/16/1962,215.491
2/17/1962,232.481
2/18/1962,248.168
2/19/1962,550.479
2/20/1962,634.551
2/21/1962,478.922
2/22/1962,373.046
2/23/1962,664.68
2/24/1962,766.423
2/25/1962,816.175
2/26/1962,820.961
2/27/1962,712.564
2/28/1962,625.292
3/1/1962,467.567
3/2/1962,391.735
3/3/1962,360.841
3/4/1962,292.088
3/5/1962,310.692
3/6/1962,291.691
3/7/1962,296.279
3/8/1962,356.735
3/9/1962,399.578
3/10/1962,420.448
3/11/1962,519.783
3/12/1962,871.789
3/13/1962,1123.865
3/14/1962,1186.191
3/15/1962,808.501
3/16/1962,435.994
3/17/1962,318.026
3/18/1962,277.759
3/19/1962,233.784
3/20/1962,219.568
3/21/1962,479.149
3/22/1962,584.147
3/23/1962,525.758
3/24/1962,433.162
3/25/1962,304.774
3/26/1962,319.442
3/27/1962,277.052
3/28/1962,224.439
3/29/1962,203.683
3/30/1962,199.747
3/31/1962,391.593
4/1/1962,594.002
4/2/1962,534.366
4/3/1962,461.366
4/4/1962,343.256
4/5/1962,266.036
4/6/1962,251.312
4/7/1962,340.311
4/8/1962,875.442
4/9/1962,1119.731
4/10/1962,1055.424
4/11/1962,643.584
4/12/1962,532.922
4/13/1962,639.96
4/14/1962,522.049
4/15/1962,432.143
4/16/1962,278.609
4/17/1962,271.445
4/18/1962,267.027
4/19/1962,228.233
4/20/1962,217.388
4/21/1962,250.094
4/22/1962,210.79
4/23/1962,195.273
4/24/1962,173.384
4/25/1962,159.112
4/26/1962,170.807
4/27/1962,172.789
4/28/1962,173.044
4/29/1962,264.337
4/30/1962,190.487
5/1/1962,166.928
5/2/1962,242.675
5/3/1962,216.482
5/4/1962,187.231
5/5/1962,152.656
5/6/1962,143.878
5/7/1962,112.106
5/8/1962,171.571
5/9/1962,96.39
5/10/1962,107.604
5/11/1962,131.277
5/12/1962,138.101
5/13/1962,158.036
5/14/1962,136.459
5/15/1962,112.531
5/16/1962,122.81
5/17/1962,130.201
5/18/1962,122.017
5/19/1962,121.168
5/20/1962,112.814
5/21/1962,79.315
5/22/1962,100.553
5/23/1962,114.938
5/24/1962,114.202
5/25/1962,72.576
5/26/1962,175.649
5/27/1962,133.684
5/28/1962,202.437
5/29/1962,206.005
5/30/1962,223.023
5/31/1962,160.556
6/1/1962,197.085
6/2/1962,135.099
6/3/1962,166.22
6/4/1962,148.776
6/5/1962,181.369
6/6/1962,165.512
6/7/1962,199.775
6/8/1962,144.104
6/9/1962,136.572
6/10/1962,119.61
6/11/1962,86.395
6/12/1962,127.822
6/13/1962,421.156
6/14/1962,1117.041
6/15/1962,1100.193
6/16/1962,476.005
6/17/1962,205.92
6/18/1962,138.356
6/19/1962,115.872
6/20/1962,307.266
6/21/1962,288.69
6/22/1962,191.11
6/23/1962,160.16
6/24/1962,242.448
6/25/1962,201.474
6/26/1962,334.45
6/27/1962,335.781
6/28/1962,328.673
6/29/1962,213.82
6/30/1962,167.041
7/1/1962,130.031
7/2/1962,99.534
7/3/1962,206.458
7/4/1962,332.552
7/5/1962,347.39
7/6/1962,265.074
7/7/1962,181.199
7/8/1962,153.704
7/9/1962,129.493
7/10/1962,114.202
7/11/1962,110.294
7/12/1962,104.064
7/13/1962,82.77
7/14/1962,126.01
7/15/1962,119.355
7/16/1962,128.275
7/17/1962,88.462
7/18/1962,110.974
7/19/1962,92.341
7/20/1962,71.726
7/21/1962,156.224
7/22/1962,84.78
7/23/1962,78.636
7/24/1962,81.213
7/25/1962,144.84
7/26/1962,91.775
7/27/1962,94.125
7/28/1962,84.865
7/29/1962,126.236
7/30/1962,99.279
7/31/1962,111.37
8/1/1962,138.724
8/2/1962,136.94
8/3/1962,132.041
8/4/1962,132.693
8/5/1962,202.125
8/6/1962,222.174
8/7/1962,154.581
8/8/1962,105.084
8/9/1962,182.077
8/10/1962,207.364
8/11/1962,156.45
8/12/1962,106.245
8/13/1962,75.464
8/14/1962,66.941
8/15/1962,59.833
8/16/1962,79.712
8/17/1962,79.853
8/18/1962,103.3
8/19/1962,91.803
8/20/1962,74.926
8/21/1962,37.152
8/22/1962,118.223
8/23/1962,138.044
8/24/1962,108.283
8/25/1962,83.138
8/26/1962,75.719
8/27/1962,70.962
8/28/1962,46.326
8/29/1962,62.552
8/30/1962,47.912
8/31/1962,44.089
9/1/1962,48.195
9/2/1962,55.643
9/3/1962,49.3
9/4/1962,66.799
9/5/1962,43.863
9/6/1962,46.383
9/7/1962,55.784
9/8/1962,61.731
9/9/1962,68.159
9/10/1962,52.981
9/11/1962,52.896
9/12/1962,41.456
9/13/1962,42.447
9/14/1962,54.227
9/15/1962,60.003
9/16/1962,104.942
9/17/1962,186.466
9/18/1962,193.121
9/19/1962,201.587
9/20/1962,92.228
9/21/1962,73.425
9/22/1962,75.068
9/23/1962,68.413
9/24/1962,56.435
9/25/1962,50.432
9/26/1962,73.341
9/27/1962,139.545
9/28/1962,102.535
9/29/1962,124.736
9/30/1962,101.289
10/1/1962,49.923
10/2/1962,38.992
10/3/1962,44.825
10/4/1962,71.896
10/5/1962,76.116
10/6/1962,72.916
10/7/1962,85.63
10/8/1962,44.401
10/9/1962,47.147
10/10/1962,34.801
10/11/1962,55.388
10/12/1962,50.092
10/13/1962,38.086
10/14/1962,39.53
10/15/1962,24.692
10/16/1962,16.877
10/17/1962,43.806
10/18/1962,56.096
10/19/1962,26.023
10/20/1962,74.02
10/21/1962,73.963
10/22/1962,38.907
10/23/1962,60.626
10/24/1962,27.835
10/25/1962,91.577
10/26/1962,14.866
10/27/1962,55.303
10/28/1962,60.938
10/29/1962,34.15
10/30/1962,65.865
10/31/1962,88.632
11/1/1962,45.675
11/2/1962,56.69
11/3/1962,130.654
11/4/1962,84.271
11/5/1962,106.188
11/6/1962,110.209
11/7/1962,71.245
11/8/1962,46.411
11/9/1962,357.245
11/10/1962,857.829
11/11/1962,1171.126
11/12/1962,1302.12
11/13/1962,615.239
11/14/1962,219.597
11/15/1962,155.318
11/16/1962,154.383
11/17/1962,158.744
11/18/1962,310.749
11/19/1962,477.166
11/20/1962,428.235
11/21/1962,408.272
11/22/1962,545.013
11/23/1962,446.528
11/24/1962,335.752
11/25/1962,258.901
11/26/1962,178.254
11/27/1962,154.666
11/28/1962,155.544
11/29/1962,140.338
11/30/1962,129.719
12/1/1962,158.659
12/2/1962,118.223
12/3/1962,131.305
12/4/1962,120.998
12/5/1962,149.654
12/6/1962,409.716
12/7/1962,303.131
12/8/1962,252.303
12/9/1962,225.147
12/10/1962,123.546
12/11/1962,160.585
12/12/1962,99.392
12/13/1962,96.362
12/14/1962,106.726
12/15/1962,95.031
12/16/1962,126.35
12/17/1962,113.182
12/18/1962,119.185
12/19/1962,114.202
12/20/1962,128.672
12/21/1962,146.086
12/22/1962,127.596
12/23/1962,146.511
12/24/1962,142.887
12/25/1962,268.528
12/26/1962,240.07
12/27/1962,276.089
12/28/1962,306.926
12/29/1962,386.043
12/30/1962,586.271
12/31/1962,576.926
1/1/1963,366.051
1/2/1963,244.176
1/3/1963,193.319
1/4/1963,197.849
1/5/1963,191.818
1/6/1963,182.275
1/7/1963,165.71
1/8/1963,156.309
1/9/1963,166.616
1/10/1963,158.772
1/11/1963,200.426
1/12/1963,208.468
1/13/1963,366.221
1/14/1963,375.962
1/15/1963,277.703
1/16/1963,217.02
1/17/1963,176.329
1/18/1963,217.7
1/19/1963,288.973
1/20/1963,465.103
1/21/1963,562.768
1/22/1963,479.375
1/23/1963,426.026
1/24/1963,143.255
1/25/1963,168.825
1/26/1963,173.667
1/27/1963,172.732
1/28/1963,135.099
1/29/1963,119.978
1/30/1963,119.61
1/31/1963,128.615
2/1/1963,167.267
2/2/1963,185.9
2/3/1963,190.6
2/4/1963,215.123
2/5/1963,198.303
2/6/1963,169.618
2/7/1963,146.511
2/8/1963,153.76
2/9/1963,154.242
2/10/1963,144.925
2/11/1963,171.713
2/12/1963,357.698
2/13/1963,448.595
2/14/1963,435.229
2/15/1963,304.434
2/16/1963,189.015
2/17/1963,200.596
2/18/1963,126.774
2/19/1963,253.096
2/20/1963,295.089
2/21/1963,289.454
2/22/1963,174.658
2/23/1963,159.678
2/24/1963,196.349
2/25/1963,159.254
2/26/1963,217.756
2/27/1963,141.301
2/28/1963,172.025
3/1/1963,202.692
3/2/1963,490.107
3/3/1963,623.224
3/4/1963,388.875
3/5/1963,308.115
3/6/1963,1483.999
3/7/1963,1368.919
3/8/1963,1456.106
3/9/1963,1013.685
3/10/1963,355.234
3/11/1963,255.446
3/12/1963,729.101
3/13/1963,1264.232
3/14/1963,1662.111
3/15/1963,1529.079
3/16/1963,994.741
3/17/1963,653.099
3/18/1963,621.95
3/19/1963,560.078
3/20/1963,434.153
3/21/1963,306.643
3/22/1963,235.822
3/23/1963,200.455
3/24/1963,229.989
3/25/1963,204.929
3/26/1963,232.679
3/27/1963,212.546
3/28/1963,187.655
3/29/1963,183.011
3/30/1963,178.764
3/31/1963,150.192
4/1/1963,164.351
4/2/1963,143.651
4/3/1963,152.203
4/4/1963,132.013
4/5/1963,97.919
4/6/1963,148.323
4/7/1963,191.535
4/8/1963,152.996
4/9/1963,154.638
4/10/1963,106.386
4/11/1963,126.548
4/12/1963,124.452
4/13/1963,134.816
4/14/1963,129.464
4/15/1963,115.051
4/16/1963,112.899
4/17/1963,145.803
4/18/1963,132.834
4/19/1963,113.579
4/20/1963,144.048
4/21/1963,143.481
4/22/1963,140.168
4/23/1963,111.2
4/24/1963,117.26
4/25/1963,104.036
4/26/1963,65.44
4/27/1963,68.159
4/28/1963,84.299
4/29/1963,138.752
4/30/1963,181.199
5/1/1963,98.174
5/2/1963,134.561
5/3/1963,120.828
5/4/1963,121.366
5/5/1963,98.939
5/6/1963,76.059
5/7/1963,95.031
5/8/1963,106.103
5/9/1963,84.469
5/10/1963,80.533
5/11/1963,74.756
5/12/1963,104.489
5/13/1963,96.815
5/14/1963,112.05
5/15/1963,64.138
5/16/1963,99.675
5/17/1963,90.869
5/18/1963,111.228
5/19/1963,118.534
5/20/1963,111.143
5/21/1963,102.28
5/22/1963,89.424
5/23/1963,99.788
5/24/1963,87.386
5/25/1963,94.125
5/26/1963,101.204
5/27/1963,63.571
5/28/1963,72.491
5/29/1963,108.368
5/30/1963,127.256
5/31/1963,179.189
6/1/1963,180.888
6/2/1963,172.166
6/3/1963,137.959
6/4/1963,106.584
6/5/1963,100.893
6/6/1963,83.846
6/7/1963,79.938
6/8/1963,78.098
6/9/1963,78.154
6/10/1963,50.489
6/11/1963,69.603
6/12/1963,52.216
6/13/1963,53.859
6/14/1963,70.509
6/15/1963,49.385
6/16/1963,76.37
6/17/1963,55.444
6/18/1963,45.392
6/19/1963,51.084
6/20/1963,78.041
6/21/1963,130.342
6/22/1963,90.019
6/23/1963,89.991
6/24/1963,61.957
6/25/1963,55.416
6/26/1963,52.669
6/27/1963,52.273
6/28/1963,57.03
6/29/1963,53.037
6/30/1963,87.697
7/1/1963,76.314
7/2/1963,44.769
7/3/1963,114.598
7/4/1963,107.632
7/5/1963,79.202
7/6/1963,41.682
7/7/1963,42.164
7/8/1963,48.025
7/9/1963,105.395
7/10/1963,55.558
7/11/1963,36.699
7/12/1963,49.611
7/13/1963,48.365
7/14/1963,68.017
7/15/1963,42.702
7/16/1963,35.877
7/17/1963,27.722
7/18/1963,57.143
7/19/1963,69.376
7/20/1963,43.353
7/21/1963,40.861
7/22/1963,61.164
7/23/1963,29.874
7/24/1963,40.266
7/25/1963,71.443
7/26/1963,57.398
7/27/1963,53.632
7/28/1963,85.715
7/29/1963,23.673
7/30/1963,31.828
7/31/1963,102.648
8/1/1963,70.82
8/2/1963,40.097
8/3/1963,66.488
8/4/1963,47.232
8/5/1963,33.244
8/6/1963,19.85
8/7/1963,26.136
8/8/1963,27.552
8/9/1963,48.252
8/10/1963,46.213
8/11/1963,46.241
8/12/1963,14.611
8/13/1963,13.79
8/14/1963,17.33
8/15/1963,17.67
8/16/1963,15.433
8/17/1963,33.697
8/18/1963,14.895
8/19/1963,42.73
8/20/1963,43.721
8/21/1963,11.497
8/22/1963,40.465
8/23/1963,27.92
8/24/1963,32.819
8/25/1963,44.967
8/26/1963,44.401
8/27/1963,25.23
8/28/1963,32.961
8/29/1963,29.393
8/30/1963,52.669
8/31/1963,49.979
9/1/1963,32.083
9/2/1963,30.044
9/3/1963,15.263
9/4/1963,28.204
9/5/1963,16.197
9/6/1963,39.19
9/7/1963,47.487
9/8/1963,77.588
9/9/1963,46.156
9/10/1963,28.855
9/11/1963,42.985
9/12/1963,41.597
9/13/1963,22.115
9/14/1963,74.077
9/15/1963,85.12
9/16/1963,83.789
9/17/1963,50.942
9/18/1963,43.07
9/19/1963,14.527
9/20/1963,34.207
9/21/1963,28.005
9/22/1963,13.196
9/23/1963,14.498
9/24/1963,17.896
9/25/1963,6.003
9/26/1963,12.488
9/27/1963,27.467
9/28/1963,50.744
9/29/1963,90.699
9/30/1963,78.862
10/1/1963,126.689
10/2/1963,54.482
10/3/1963,57.511
10/4/1963,28.911
10/5/1963,37.067
10/6/1963,38.426
10/7/1963,18.717
10/8/1963,6.371
10/9/1963,20.898
10/10/1963,20.53
10/11/1963,29.534
10/12/1963,22.087
10/13/1963,27.212
10/14/1963,22.257
10/15/1963,14.3
10/16/1963,7.646
10/17/1963,39.644
10/18/1963,26.08
10/19/1963,42.787
10/20/1963,34.801
10/21/1963,38.539
10/22/1963,19.086
10/23/1963,22.682
10/24/1963,37.746
10/25/1963,53.405
10/26/1963,42.617
10/27/1963,60.513
10/28/1963,40.068
10/29/1963,32.281
10/30/1963,16.764
10/31/1963,37.322
11/1/1963,102.507
11/2/1963,46.694
11/3/1963,56.888
11/4/1963,63.713
11/5/1963,45.335
11/6/1963,314.996
11/7/1963,286.481
11/8/1963,298.629
11/9/1963,218.124
11/10/1963,142.179
11/11/1963,77.163
11/12/1963,47.317
11/13/1963,49.3
11/14/1963,48.563
11/15/1963,32.111
11/16/1963,53.321
11/17/1963,53.066
11/18/1963,54.708
11/19/1963,27.014
11/20/1963,46.525
11/21/1963,44.231
11/22/1963,49.809
11/23/1963,98.033
11/24/1963,55.048
11/25/1963,53.915
11/26/1963,55.331
11/27/1963,56.067
11/28/1963,73.199
11/29/1963,197.793
11/30/1963,253.888
12/1/1963,411.443
12/2/1963,191.79
12/3/1963,120.318
12/4/1963,82.034
12/5/1963,69.886
12/6/1963,54.312
12/7/1963,71.981
12/8/1963,116.665
12/9/1963,64.109
12/10/1963,52.783
12/11/1963,56.237
12/12/1963,106.641
12/13/1963,97.721
12/14/1963,143.594
12/15/1963,129.663
12/16/1963,86.168
12/17/1963,71.783
12/18/1963,92.115
12/19/1963,43.268
12/20/1963,79.259
12/21/1963,64.506
12/22/1963,71.358
12/23/1963,100.1
12/24/1963,67.705
12/25/1963,75.379
12/26/1963,88.518
12/27/1963,93.417
12/28/1963,88.037
12/29/1963,114.145
12/30/1963,74.275
12/31/1963,57.115
1/1/1964,148.437
1/2/1964,126.066
1/3/1964,150.136
1/4/1964,169.334
1/5/1964,196.009
1/6/1964,171.571
1/7/1964,187.74
1/8/1964,251.283
1/9/1964,93.983
1/10/1964,943.856
1/11/1964,503.303
1/12/1964,329.041
1/13/1964,227.327
1/14/1964,107.604
1/15/1964,118.562
1/16/1964,101.063
1/17/1964,109.02
1/18/1964,121.168
1/19/1964,132.721
1/20/1964,226.676
1/21/1964,282.8
1/22/1964,416.993
1/23/1964,269.859
1/24/1964,193.913
1/25/1964,474.533
1/26/1964,866.975
1/27/1964,876.207
1/28/1964,431.831
1/29/1964,221.522
1/30/1964,160.953
1/31/1964,168.287
2/1/1964,172.874
2/2/1964,155.516
2/3/1964,136.629
2/4/1964,112.757
2/5/1964,111.228
2/6/1964,581.089
2/7/1964,816.203
2/8/1964,804.225
2/9/1964,400.824
2/10/1964,219.229
2/11/1964,202.097
2/12/1964,178.537
2/13/1964,155.657
2/14/1964,151.693
2/15/1964,211.017
2/16/1964,446.075
2/17/1964,471.956
2/18/1964,497.328
2/19/1964,603.431
2/20/1964,764.922
2/21/1964,438.571
2/22/1964,284.867
2/23/1964,211.951
2/24/1964,155.657
2/25/1964,178.99
2/26/1964,146.454
2/27/1964,130.654
2/28/1964,205.014
2/29/1964,178.254
3/1/1964,197.821
3/2/1964,197.878
3/3/1964,248.678
3/4/1964,319.895
3/5/1964,350.42
3/6/1964,222.882
3/7/1964,229.423
3/8/1964,187.344
3/9/1964,166.333
3/10/1964,183.238
3/11/1964,131.701
3/12/1964,134.675
3/13/1964,123.433
3/14/1964,154.1
3/15/1964,215.094
3/16/1964,195.471
3/17/1964,241.712
3/18/1964,163.841
3/19/1964,134.278
3/20/1964,150.136
3/21/1964,212.206
3/22/1964,199.01
3/23/1964,159.678
3/24/1964,158.716
3/25/1964,132.693
3/26/1964,171.543
3/27/1964,124.254
3/28/1964,130.597
3/29/1964,104.659
3/30/1964,109.586
3/31/1964,99.137
4/1/1964,59.409
4/2/1964,115.476
4/3/1964,106.839
4/4/1964,90.359
4/5/1964,97.75
4/6/1964,110.379
4/7/1964,287.982
4/8/1964,577.295
4/9/1964,550.195
4/10/1964,295.967
4/11/1964,200.228
4/12/1964,170.58
4/13/1964,143.793
4/14/1964,174.092
4/15/1964,185.617
4/16/1964,134.108
4/17/1964,156.28
4/18/1964,143.878
4/19/1964,93.389
4/20/1964,120.092
4/21/1964,98.174
4/22/1964,122.329
4/23/1964,100.157
4/24/1964,85.432
4/25/1964,82.912
4/26/1964,94.04
4/27/1964,78.324
4/28/1964,115.702
4/29/1964,95.229
4/30/1964,118.676
5/1/1964,94.521
5/2/1964,99.42
5/3/1964,107.406
5/4/1964,106.131
5/5/1964,87.216
5/6/1964,87.725
5/7/1964,101.119
5/8/1964,79.938
5/9/1964,65.61
5/10/1964,60.258
5/11/1964,68.668
5/12/1964,71.358
5/13/1964,126.123
5/14/1964,80.108
5/15/1964,69.376
5/16/1964,99.024
5/17/1964,85.262
5/18/1964,47.714
5/19/1964,44.004
5/20/1964,34.603
5/21/1964,41.371
5/22/1964,55.812
5/23/1964,49.469
5/24/1964,43.608
5/25/1964,37.888
5/26/1964,38.879
5/27/1964,40.521
5/28/1964,41.512
5/29/1964,55.133
5/30/1964,49.753
5/31/1964,56.464
6/1/1964,76.427
6/2/1964,74.105
6/3/1964,54.935
6/4/1964,58.191
6/5/1964,59.89
6/6/1964,56.265
6/7/1964,42.702
6/8/1964,51.423
6/9/1964,22.625
6/10/1964,37.265
6/11/1964,21.917
6/12/1964,33.47
6/13/1964,61.617
6/14/1964,22.087
6/15/1964,21.096
6/16/1964,10.76
6/17/1964,26.674
6/18/1964,39.417
6/19/1964,50.857
6/20/1964,41.682
6/21/1964,33.669
6/22/1964,29.874
6/23/1964,47.997
6/24/1964,67.677
6/25/1964,39.021
6/26/1964,47.997
6/27/1964,38.964
6/28/1964,8.382
6/29/1964,35.792
6/30/1964,1.614
7/1/1964,6.541
7/2/1964,8.863
7/3/1964,12.035
7/4/1964,20.19
7/5/1964,14.243
7/6/1964,16.905
7/7/1964,4.87
7/8/1964,9.826
7/9/1964,22.937
7/10/1964,5.55
7/11/1964,38.029
7/12/1964,73.794
7/13/1964,144.501
7/14/1964,352.431
7/15/1964,200.511
7/16/1964,92.766
7/17/1964,74.841
7/18/1964,49.951
7/19/1964,104.772
7/20/1964,69.065
7/21/1964,224.892
7/22/1964,235.992
7/23/1964,283.649
7/24/1964,204.221
7/25/1964,105.99
7/26/1964,101.091
7/27/1964,55.841
7/28/1964,50.744
7/29/1964,164.832
7/30/1964,54.085
7/31/1964,69.263
8/1/1964,120.46
8/2/1964,90.047
8/3/1964,55.359
8/4/1964,96.362
8/5/1964,84.384
8/6/1964,60.994
8/7/1964,34.631
8/8/1964,58.729
8/9/1964,2.294
8/10/1964,49.979
8/11/1964,22.144
8/12/1964,43.07
8/13/1964,39.36
8/14/1964,40.578
8/15/1964,14.555
8/16/1964,51.112
8/17/1964,27.977
8/18/1964,22.229
8/19/1964,23.786
8/20/1964,22.71
8/21/1964,19.227
8/22/1964,34.235
8/23/1964,32.111
8/24/1964,8.58
8/25/1964,14.583
8/26/1964,18.689
8/27/1964,1.444
8/28/1964,27.467
8/29/1964,24.975
8/30/1964,41.852
8/31/1964,314.09
9/1/1964,791.313
9/2/1964,999.385
9/3/1964,444.687
9/4/1964,118.874
9/5/1964,80.476
9/6/1964,75.549
9/7/1964,50.744
9/8/1964,24.947
9/9/1964,32.536
9/10/1964,64.591
9/11/1964,102.394
9/12/1964,130.399
9/13/1964,140.112
9/14/1964,61.731
9/15/1964,39.813
9/16/1964,34.15
9/17/1964,21.917
9/18/1964,29.789
9/19/1964,44.372
9/20/1964,44.146
9/21/1964,35.056
9/22/1964,44.203
9/23/1964,34.575
9/24/1964,30.639
9/25/1964,27.75
9/26/1964,31.743
9/27/1964,31.517
9/28/1964,37.803
9/29/1964,53.802
9/30/1964,55.982
10/1/1964,191.79
10/2/1964,174.998
10/3/1964,144.727
10/4/1964,426.819
10/5/1964,769.169
10/6/1964,560.22
10/7/1964,289.822
10/8/1964,137.62
10/9/1964,110.464
10/10/1964,63.968
10/11/1964,71.925
10/12/1964,58.304
10/13/1964,33.98
10/14/1964,54.793
10/15/1964,27.524
10/16/1964,198.331
10/17/1964,375.396
10/18/1964,544.504
10/19/1964,587.545
10/20/1964,322.16
10/21/1964,109.02
10/22/1964,84.214
10/23/1964,89.594
10/24/1964,80.25
10/25/1964,75.408
10/26/1964,66.205
10/27/1964,53.405
10/28/1964,71.613
10/29/1964,63.345
10/30/1964,62.693
10/31/1964,64.959
11/1/1964,75.747
11/2/1964,47.459
11/3/1964,55.982
11/4/1964,61.844
11/5/1964,58.474
11/6/1964,43.268
11/7/1964,63.684
11/8/1964,86.281
11/9/1964,55.727
11/10/1964,48.677
11/11/1964,53.264
11/12/1964,46.921
11/13/1964,34.405
11/14/1964,57.342
11/15/1964,53.094
11/16/1964,64.364
11/17/1964,32.281
11/18/1964,52.754
11/19/1964,93.53
11/20/1964,67.762
11/21/1964,73.171
11/22/1964,67.451
11/23/1964,51.99
11/24/1964,31.715
11/25/1964,139.687
11/26/1964,197.311
11/27/1964,519.358
11/28/1964,238.427
11/29/1964,144.161
11/30/1964,110.351
12/1/1964,67.309
12/2/1964,103.045
12/3/1964,102.96
12/4/1964,105.027
12/5/1964,180.491
12/6/1964,172.874
12/7/1964,98.712
12/8/1964,109.982
12/9/1964,81.298
12/10/1964,87.159
12/11/1964,79.938
12/12/1964,126.831
12/13/1964,128.218
12/14/1964,111.115
12/15/1964,99.958
12/16/1964,99.477
12/17/1964,115.702
12/18/1964,56.011
12/19/1964,97.863
12/20/1964,128.502
12/21/1964,116.269
12/22/1964,93.332
12/23/1964,111.766
12/24/1964,113.805
12/25/1964,100.298
12/26/1964,187.57
12/27/1964,300.639
12/28/1964,540.596
12/29/1964,641.885
12/30/1964,310.777
12/31/1964,203.116
1/1/1965,157.979
1/2/1965,164.237
1/3/1965,108.623
1/4/1965,96.22
1/5/1965,90.161
1/6/1965,131.786
1/7/1965,88.801
1/8/1965,126.123
1/9/1965,102.025
1/10/1965,116.58
1/11/1965,97.778
1/12/1965,131.39
1/13/1965,97.24
1/14/1965,113.267
1/15/1965,122.357
1/16/1965,129.04
1/17/1965,105.622
1/18/1965,84.299
1/19/1965,63.373
1/20/1965,104.546
1/21/1965,107.547
1/22/1965,130.909
1/23/1965,206.911
1/24/1965,369.874
1/25/1965,411.245
1/26/1965,425.602
1/27/1965,275.891
1/28/1965,228.715
1/29/1965,187.316
1/30/1965,207.052
1/31/1965,155.629
2/1/1965,115.249
2/2/1965,110.889
2/3/1965,95.144
2/4/1965,123.093
2/5/1965,99.873
2/6/1965,108.765
2/7/1965,570.612
2/8/1965,1119.703
2/9/1965,1228.581
2/10/1965,917.436
2/11/1965,410.933
2/12/1965,355.886
2/13/1965,334.421
2/14/1965,356.452
2/15/1965,202.097
2/16/1965,246.101
2/17/1965,286.339
2/18/1965,285.688
2/19/1965,180.718
2/20/1965,175.876
2/21/1965,175.819
2/22/1965,127.426
2/23/1965,93.247
2/24/1965,136.006
2/25/1965,252.841
2/26/1965,342.039
2/27/1965,372.224
2/28/1965,236.53
3/1/1965,176.782
3/2/1965,152.996
3/3/1965,237.125
3/4/1965,441.176
3/5/1965,940.373
3/6/1965,935.814
3/7/1965,523.974
3/8/1965,307.889
3/9/1965,271.785
3/10/1965,243.949
3/11/1965,200.908
3/12/1965,199.039
3/13/1965,202.692
3/14/1965,258.079
3/15/1965,82.317
3/16/1965,128.247
3/17/1965,344.785
3/18/1965,536.773
3/19/1965,525.9
3/20/1965,413.992
3/21/1965,282.064
3/22/1965,226.364
3/23/1965,209.374
3/24/1965,177.801
3/25/1965,243.949
3/26/1965,561.692
3/27/1965,842.481
3/28/1965,786.726
3/29/1965,441.714
3/30/1965,251.736
3/31/1965,235.284
4/1/1965,221.834
4/2/1965,179.613
4/3/1965,181.482
4/4/1965,166.644
4/5/1965,141.244
4/6/1965,151.297
4/7/1965,155.488
4/8/1965,161.292
4/9/1965,172.591
4/10/1965,159.678
4/11/1965,152.061
4/12/1965,150.475
4/13/1965,86.48
4/14/1965,117.033
4/15/1965,132.862
4/16/1965,152.033
4/17/1965,136.374
4/18/1965,139.46
4/19/1965,112.757
4/20/1965,121.111
4/21/1965,132.466
4/22/1965,113.72
4/23/1965,114.258
4/24/1965,91.52
4/25/1965,147.842
4/26/1965,122.13
4/27/1965,294.551
4/28/1965,408.895
4/29/1965,458.845
4/30/1965,315.421
5/1/1965,193.97
5/2/1965,169.872
5/3/1965,112.673
5/4/1965,112.899
5/5/1965,119.469
5/6/1965,102.592
5/7/1965,206.345
5/8/1965,173.525
5/9/1965,191.308
5/10/1965,133.287
5/11/1965,111.398
5/12/1965,118.562
5/13/1965,117.458
5/14/1965,92.851
5/15/1965,113.607
5/16/1965,106.046
5/17/1965,107.632
5/18/1965,78.211
5/19/1965,77.701
5/20/1965,85.12
5/21/1965,76.399
5/22/1965,96.334
5/23/1965,103.498
5/24/1965,54.397
5/25/1965,70.254
5/26/1965,77.107
5/27/1965,113.664
5/28/1965,113.579
5/29/1965,115.561
5/30/1965,154.242
5/31/1965,112.389
6/1/1965,59.324
6/2/1965,65.808
6/3/1965,43.495
6/4/1965,66.29
6/5/1965,81.807
6/6/1965,67.224
6/7/1965,49.101
6/8/1965,58.248
6/9/1965,80.675
6/10/1965,65.355
6/11/1965,62.325
6/12/1965,115.079
6/13/1965,58.531
6/14/1965,53.434
6/15/1965,204.447
6/16/1965,287.727
6/17/1965,181.709
6/18/1965,193.574
6/19/1965,132.523
6/20/1965,81.751
6/21/1965,66.686
6/22/1965,52.103
6/23/1965,60.117
6/24/1965,69.32
6/25/1965,67.167
6/26/1965,74.728
6/27/1965,81.977
6/28/1965,57.313
6/29/1965,33.555
6/30/1965,48.252
7/1/1965,35.764
7/2/1965,46.893
7/3/1965,58.503
7/4/1965,65.553
7/5/1965,46.525
7/6/1965,26.476
7/7/1965,55.104
7/8/1965,66.969
7/9/1965,67.337
7/10/1965,92.624
7/11/1965,134.76
7/12/1965,509.561
7/13/1965,612.974
7/14/1965,350.194
7/15/1965,207.392
7/16/1965,154.298
7/17/1965,172.987
7/18/1965,139.489
7/19/1965,78.239
7/20/1965,84.95
7/21/1965,81.637
7/22/1965,78.381
7/23/1965,68.243
7/24/1965,53.066
7/25/1965,58.021
7/26/1965,35.424
7/27/1965,157.441
7/28/1965,143.878
7/29/1965,100.468
7/30/1965,82.487
7/31/1965,51.82
8/1/1965,110.69
8/2/1965,125.755
8/3/1965,77.73
8/4/1965,72.264
8/5/1965,52.075
8/6/1965,41.626
8/7/1965,51.565
8/8/1965,44.486
8/9/1965,47.94
8/10/1965,62.495
8/11/1965,59.975
8/12/1965,40.663
8/13/1965,41.767
8/14/1965,36.33
8/15/1965,48.846
8/16/1965,30.979
8/17/1965,19.567
8/18/1965,48.988
8/19/1965,55.614
8/20/1965,61.476
8/21/1965,35.368
8/22/1965,55.869
8/23/1965,100.525
8/24/1965,131.956
8/25/1965,82.572
8/26/1965,122.64
8/27/1965,136.629
8/28/1965,111.965
8/29/1965,48.422
8/30/1965,40.38
8/31/1965,14.583
9/1/1965,25.06
9/2/1965,33.527
9/3/1965,15.829
9/4/1965,28.402
9/5/1965,35.056
9/6/1965,35.396
9/7/1965,7.787
9/8/1965,13.847
9/9/1965,11.95
9/10/1965,11.327
9/11/1965,42.334
9/12/1965,34.178
9/13/1965,56.804
9/14/1965,33.499
9/15/1965,77.248
9/16/1965,29.053
9/17/1965,59.012
9/18/1965,70.905
9/19/1965,83.903
9/20/1965,44.627
9/21/1965,41.399
9/22/1965,77.135
9/23/1965,56.181
9/24/1965,74.218
9/25/1965,58.389
9/26/1965,83.308
9/27/1965,50.8
9/28/1965,33.046
9/29/1965,58.786
9/30/1965,12.686
10/1/1965,78.438
10/2/1965,34.66
10/3/1965,44.599
10/4/1965,73.114
10/5/1965,42.135
10/6/1965,84.95
10/7/1965,99.732
10/8/1965,145.152
10/9/1965,329.183
10/10/1965,135.581
10/11/1965,70.141
10/12/1965,51.197
10/13/1965,52.556
10/14/1965,53.859
10/15/1965,68.13
10/16/1965,51.537
10/17/1965,43.523
10/18/1965,43.042
10/19/1965,34.943
10/20/1965,39.445
10/21/1965,56.747
10/22/1965,52.896
10/23/1965,43.438
10/24/1965,42.843
10/25/1965,37.86
10/26/1965,47.742
10/27/1965,38.652
10/28/1965,24.352
10/29/1965,49.441
10/30/1965,39.728
10/31/1965,47.402
11/1/1965,30.469
11/2/1965,34.207
11/3/1965,41.003
11/4/1965,25.457
11/5/1965,59.72
11/6/1965,51.31
11/7/1965,40.465
11/8/1965,62.523
11/9/1965,33.527
11/10/1965,58.106
11/11/1965,102.96
11/12/1965,48.507
11/13/1965,110.067
11/14/1965,67.281
11/15/1965,76.767
11/16/1965,43.183
11/17/1965,82.289
11/18/1965,48.393
11/19/1965,69.716
11/20/1965,62.042
11/21/1965,78.041
11/22/1965,68.895
11/23/1965,42.56
11/24/1965,66.828
11/25/1965,73.935
11/26/1965,82.657
11/27/1965,67.111
11/28/1965,62.127
11/29/1965,42.673
11/30/1965,32.111
12/1/1965,73.482
12/2/1965,60.74
12/3/1965,80.221
12/4/1965,59.097
12/5/1965,62.552
12/6/1965,55.104
12/7/1965,37.293
12/8/1965,64.789
12/9/1965,60.202
12/10/1965,79.457
12/11/1965,78.636
12/12/1965,78.126
12/13/1965,78.664
12/14/1965,43.495
12/15/1965,57.172
12/16/1965,62.127
12/17/1965,65.129
12/18/1965,63.571
12/19/1965,66.46
12/20/1965,44.344
12/21/1965,37.095
12/22/1965,47.374
12/23/1965,66.856
12/24/1965,63.005
12/25/1965,91.265
12/26/1965,66.205
12/27/1965,37.633
12/28/1965,43.834
12/29/1965,44.599
12/30/1965,52.018
12/31/1965,66.375
1/1/1966,70.565
1/2/1966,80.675
1/3/1966,51.423
1/4/1966,37.152
1/5/1966,83.591
1/6/1966,90.189
1/7/1966,87.98
1/8/1966,88.462
1/9/1966,94.861
1/10/1966,53.774
1/11/1966,17.047
1/12/1966,61.221
1/13/1966,51.65
1/14/1966,93.417
1/15/1966,96.022
1/16/1966,85.375
1/17/1966,50.829
1/18/1966,38.879
1/19/1966,66.771
1/20/1966,73.312
1/21/1966,93.955
1/22/1966,165.172
1/23/1966,140.366
1/24/1966,123.546
1/25/1966,110.605
1/26/1966,189.326
1/27/1966,87.669
1/28/1966,86.848
1/29/1966,138.328
1/30/1966,101.261
1/31/1966,44.231
2/1/1966,35
2/2/1966,86.876
2/3/1966,138.809
2/4/1966,151.268
2/5/1966,108.283
2/6/1966,114.343
2/7/1966,74.87
2/8/1966,86.366
2/9/1966,150.277
2/10/1966,234.576
2/11/1966,435.258
2/12/1966,687.872
2/13/1966,974.155
2/14/1966,1057.378
2/15/1966,1098.437
2/16/1966,1064.287
2/17/1966,698.83
2/18/1966,608.273
2/19/1966,363.984
2/20/1966,253.86
2/21/1966,167.834
2/22/1966,142.547
2/23/1966,161.179
2/24/1966,239.645
2/25/1966,217.869
2/26/1966,221.777
2/27/1966,183.719
2/28/1966,574.491
3/1/1966,1064.683
3/2/1966,1227.533
3/3/1966,1010.485
3/4/1966,682.718
3/5/1966,643.556
3/6/1966,554.047
3/7/1966,285.886
3/8/1966,179.613
3/9/1966,205.155
3/10/1966,210.167
3/11/1966,172.506
3/12/1966,161.802
3/13/1966,119.327
3/14/1966,112.644
3/15/1966,94.861
3/16/1966,81.977
3/17/1966,114.966
3/18/1966,110.294
3/19/1966,120.545
3/20/1966,99.364
3/21/1966,83.336
3/22/1966,88.575
3/23/1966,89.283
3/24/1966,144.727
3/25/1966,91.492
3/26/1966,137.705
3/27/1966,97.325
3/28/1966,93.049
3/29/1966,44.825
3/30/1966,91.746
3/31/1966,89.962
4/1/1966,104.744
4/2/1966,52.811
4/3/1966,92.341
4/4/1966,75.408
4/5/1966,60.655
4/6/1966,67.904
4/7/1966,84.78
4/8/1966,84.497
4/9/1966,91.378
4/10/1966,68.668
4/11/1966,58.899
4/12/1966,56.294
4/13/1966,147.276
4/14/1966,119.157
4/15/1966,114.23
4/16/1966,120.516
4/17/1966,94.238
4/18/1966,80.137
4/19/1966,77.843
4/20/1966,91.492
4/21/1966,93.87
4/22/1966,123.829
4/23/1966,93.247
4/24/1966,94.55
4/25/1966,72.689
4/26/1966,72.406
4/27/1966,115.787
4/28/1966,111.908
4/29/1966,104.121
4/30/1966,107.66
5/1/1966,159.877
5/2/1966,313.212
5/3/1966,476.657
5/4/1966,449.416
5/5/1966,336.97
5/6/1966,239.277
5/7/1966,167.805
5/8/1966,156.535
5/9/1966,215.349
5/10/1966,183.011
5/11/1966,125.245
5/12/1966,138.724
5/13/1966,104.744
5/14/1966,121.592
5/15/1966,101.402
5/16/1966,117.09
5/17/1966,92.058
5/18/1966,81.326
5/19/1966,111.851
5/20/1966,120.176
5/21/1966,157.668
5/22/1966,78.069
5/23/1966,84.582
5/24/1966,95.569
5/25/1966,106.499
5/26/1966,115.136
5/27/1966,187.627
5/28/1966,243.949
5/29/1966,206.345
5/30/1966,129.04
5/31/1966,154.355
6/1/1966,98.996
6/2/1966,89.594
6/3/1966,96.872
6/4/1966,77.786
6/5/1966,72.661
6/6/1966,69.971
6/7/1966,44.259
6/8/1966,85.375
6/9/1966,81.269
6/10/1966,115.787
6/11/1966,181.624
6/12/1966,142.405
6/13/1966,67.677
6/14/1966,55.104
6/15/1966,60.881
6/16/1966,71.783
6/17/1966,130.371
6/18/1966,92.313
6/19/1966,86.848
6/20/1966,50.376
6/21/1966,45.307
6/22/1966,66.828
6/23/1966,62.778
6/24/1966,50.942
6/25/1966,56.265
6/26/1966,64.392
6/27/1966,40.889
6/28/1966,2.803
6/29/1966,40.182
6/30/1966,40.946
7/1/1966,45.958
7/2/1966,53.49
7/3/1966,34.235
7/4/1966,20.7
7/5/1966,8.127
7/6/1966,35.141
7/7/1966,39.474
7/8/1966,38.794
7/9/1966,22.257
7/10/1966,49.158
7/11/1966,14.98
7/12/1966,8.155
7/13/1966,13.281
7/14/1966,41.937
7/15/1966,52.641
7/16/1966,41.711
7/17/1966,54.821
7/18/1966,43.155
7/19/1966,8.41
7/20/1966,28.09
7/21/1966,42.957
7/22/1966,40.833
7/23/1966,40.606
7/24/1966,53.405
7/25/1966,29.619
7/26/1966,4.276
7/27/1966,8.099
7/28/1966,30.101
7/29/1966,69.603
7/30/1966,206.826
7/31/1966,193.857
8/1/1966,112.135
8/2/1966,76.399
8/3/1966,56.888
8/4/1966,168.4
8/5/1966,106.471
8/6/1966,174.658
8/7/1966,111.71
8/8/1966,49.356
8/9/1966,65.893
8/10/1966,62.042
8/11/1966,98.174
8/12/1966,130.569
8/13/1966,74.785
8/14/1966,100.695
8/15/1966,72.123
8/16/1966,73.256
8/17/1966,80.052
8/18/1966,88.32
8/19/1966,76.654
8/20/1966,199.945
8/21/1966,98.061
8/22/1966,50.914
8/23/1966,30.724
8/24/1966,28.119
8/25/1966,59.041
8/26/1966,50.291
8/27/1966,48.988
8/28/1966,53.207
8/29/1966,36.84
8/30/1966,13.309
8/31/1966,22.144
9/1/1966,48.337
9/2/1966,33.47
9/3/1966,30.526
9/4/1966,45.873
9/5/1966,36.076
9/6/1966,2.039
9/7/1966,6.966
9/8/1966,10.109
9/9/1966,27.722
9/10/1966,32.876
9/11/1966,26.505
9/12/1966,13.564
9/13/1966,2.492
9/14/1966,31.035
9/15/1966,77.333
9/16/1966,89.283
9/17/1966,71.443
9/18/1966,66.771
9/19/1966,71.188
9/20/1966,154.383
9/21/1966,502.453
9/22/1966,310.012
9/23/1966,160.131
9/24/1966,96.872
9/25/1966,90.982
9/26/1966,46.751
9/27/1966,33.244
9/28/1966,59.239
9/29/1966,98.429
9/30/1966,58.106
10/1/1966,187.627
10/2/1966,173.95
10/3/1966,241.259
10/4/1966,131.815
10/5/1966,94.861
10/6/1966,85.035
10/7/1966,70.537
10/8/1966,72.349
10/9/1966,67.281
10/10/1966,40.012
10/11/1966,35.311
10/12/1966,28.458
10/13/1966,42.73
10/14/1966,42.475
10/15/1966,73.709
10/16/1966,52.499
10/17/1966,26.844
10/18/1966,70.509
10/19/1966,228.488
10/20/1966,340.906
10/21/1966,431.718
10/22/1966,169.533
10/23/1966,129.125
10/24/1966,77.333
10/25/1966,88.745
10/26/1966,92.879
10/27/1966,86.111
10/28/1966,89
10/29/1966,83.846
10/30/1966,77.56
10/31/1966,46.978
11/1/1966,43.211
11/2/1966,104.461
11/3/1966,106.103
11/4/1966,144.982
11/5/1966,154.383
11/6/1966,78.041
11/7/1966,69.121
11/8/1966,57.115
11/9/1966,65.978
11/10/1966,85.488
11/11/1966,80.505
11/12/1966,104.234
11/13/1966,77.9
11/14/1966,48.025
11/15/1966,51.99
11/16/1966,75.691
11/17/1966,67.309
11/18/1966,75.719
11/19/1966,60.23
11/20/1966,70.65
11/21/1966,52.556
11/22/1966,28.402
11/23/1966,63.401
11/24/1966,71.302
11/25/1966,76.172
11/26/1966,61.731
11/27/1966,75.408
11/28/1966,98.911
11/29/1966,36.585
11/30/1966,108.765
12/1/1966,99.76
12/2/1966,99.958
12/3/1966,50.432
12/4/1966,91.548
12/5/1966,63.146
12/6/1966,81.524
12/7/1966,122.329
12/8/1966,79.061
12/9/1966,84.469
12/10/1966,111.54
12/11/1966,74.105
12/12/1966,54.821
12/13/1966,107.462
12/14/1966,106.839
12/15/1966,111.993
12/16/1966,137.648
12/17/1966,121.762
12/18/1966,106.556
12/19/1966,52.301
12/20/1966,81.496
12/21/1966,85.885
12/22/1966,95.513
12/23/1966,99.534
12/24/1966,150.136
12/25/1966,88.292
12/26/1966,82.798
12/27/1966,49.923
12/28/1966,114.258
12/29/1966,306.501
12/30/1966,285.037
12/31/1966,267.367
1/1/1967,230.159
1/2/1967,173.724
1/3/1967,161.321
1/4/1967,256.465
1/5/1967,344.927
1/6/1967,316.638
1/7/1967,349.373
1/8/1967,310.918
1/9/1967,339.603
1/10/1967,341.671
1/11/1967,248.876
1/12/1967,184.682
1/13/1967,147.672
1/14/1967,224.326
1/15/1967,208.468
1/16/1967,155.629
1/17/1967,143.651
1/18/1967,156.337
1/19/1967,180.067
1/20/1967,158.574
1/21/1967,149.173
1/22/1967,121.677
1/23/1967,100.298
1/24/1967,107.321
1/25/1967,117.685
1/26/1967,97.75
1/27/1967,170.042
1/28/1967,190.091
1/29/1967,301.149
1/30/1967,199.633
1/31/1967,144.925
2/1/1967,174.403
2/2/1967,165.002
2/3/1967,94.38
2/4/1967,125.047
2/5/1967,86.31
2/6/1967,108.935
2/7/1967,106.103
2/8/1967,136.714
2/9/1967,168.796
2/10/1967,139.29
2/11/1967,130.257
2/12/1967,145.209
2/13/1967,131.192
2/14/1967,130.059
2/15/1967,175.762
2/16/1967,113.041
2/17/1967,342.35
2/18/1967,486.058
2/19/1967,443.922
2/20/1967,478.101
2/21/1967,666.861
2/22/1967,604.535
2/23/1967,476.175
2/24/1967,360.558
2/25/1967,238.144
2/26/1967,200.681
2/27/1967,130.456
2/28/1967,183.153
3/1/1967,152.769
3/2/1967,113.89
3/3/1967,137.79
3/4/1967,124.877
3/5/1967,125.047
3/6/1967,80.958
3/7/1967,106.584
3/8/1967,259.977
3/9/1967,421.184
3/10/1967,270.425
3/11/1967,203.23
3/12/1967,121.649
3/13/1967,102.478
3/14/1967,140.791
3/15/1967,300.073
3/16/1967,159.933
3/17/1967,190.685
3/18/1967,221.041
3/19/1967,160.386
3/20/1967,95.484
3/21/1967,187.231
3/22/1967,227.101
3/23/1967,231.008
3/24/1967,180.35
3/25/1967,191.365
3/26/1967,157.611
3/27/1967,135.014
3/28/1967,115.023
3/29/1967,143.991
3/30/1967,149.286
3/31/1967,144.189
4/1/1967,123.886
4/2/1967,105.48
4/3/1967,73.171
4/4/1967,41.824
4/5/1967,113.182
4/6/1967,105.877
4/7/1967,92.851
4/8/1967,76.654
4/9/1967,103.696
4/10/1967,65.695
4/11/1967,58.672
4/12/1967,85.63
4/13/1967,96.532
4/14/1967,90.5
4/15/1967,109.897
4/16/1967,76.484
4/17/1967,102.422
4/18/1967,50.121
4/19/1967,65.242
4/20/1967,106.896
4/21/1967,76.37
4/22/1967,119.723
4/23/1967,43.891
4/24/1967,68.951
4/25/1967,51.706
4/26/1967,155.686
4/27/1967,115.334
4/28/1967,121.168
4/29/1967,134.08
4/30/1967,110.775
5/1/1967,102.847
5/2/1967,109.331
5/3/1967,102.139
5/4/1967,110.804
5/5/1967,104.432
5/6/1967,101.261
5/7/1967,235.539
5/8/1967,297.072
5/9/1967,276.344
5/10/1967,133.174
5/11/1967,130.371
5/12/1967,116.269
5/13/1967,138.639
5/14/1967,122.329
5/15/1967,154.865
5/16/1967,93.842
5/17/1967,141.584
5/18/1967,102.932
5/19/1967,104.489
5/20/1967,112.701
5/21/1967,115.759
5/22/1967,101.119
5/23/1967,120.007
5/24/1967,110.322
5/25/1967,121.621
5/26/1967,90.302
5/27/1967,93.814
5/28/1967,72.321
5/29/1967,124.028
5/30/1967,66.658
5/31/1967,171.741
6/1/1967,127.312
6/2/1967,106.584
6/3/1967,98.967
6/4/1967,98.797
6/5/1967,58.616
6/6/1967,55.784
6/7/1967,64.591
6/8/1967,74.643
6/9/1967,59.182
6/10/1967,59.352
6/11/1967,55.926
6/12/1967,36.444
6/13/1967,31.941
6/14/1967,40.266
6/15/1967,65.072
6/16/1967,70.481
6/17/1967,95.144
6/18/1967,432.681
6/19/1967,76.201
6/20/1967,63.401
6/21/1967,50.772
6/22/1967,76.285
6/23/1967,157.696
6/24/1967,62.637
6/25/1967,123.121
6/26/1967,55.02
6/27/1967,20.615
6/28/1967,54.17
6/29/1967,54.198
6/30/1967,77.73
7/1/1967,56.379
7/2/1967,82.77
7/3/1967,27.439
7/4/1967,56.011
7/5/1967,33.442
7/6/1967,43.806
7/7/1967,61.221
7/8/1967,81.014
7/9/1967,55.756
7/10/1967,40.068
7/11/1967,49.526
7/12/1967,45.732
7/13/1967,56.237
7/14/1967,128.218
7/15/1967,47.742
7/16/1967,61.079
7/17/1967,47.091
7/18/1967,35.538
7/19/1967,55.756
7/20/1967,59.38
7/21/1967,63.6
7/22/1967,67.705
7/23/1967,80.788
7/24/1967,40.776
7/25/1967,36.614
7/26/1967,33.64
7/27/1967,42.56
7/28/1967,44.004
7/29/1967,38.822
7/30/1967,66.176
7/31/1967,33.64
8/1/1967,7.589
8/2/1967,26.901
8/3/1967,50.432
8/4/1967,39.275
8/5/1967,139.602
8/6/1967,70.99
8/7/1967,82.742
8/8/1967,28.204
8/9/1967,82.685
8/10/1967,86.055
8/11/1967,56.096
8/12/1967,76.795
8/13/1967,39.417
8/14/1967,28.855
8/15/1967,5.975
8/16/1967,16.424
8/17/1967,21.662
8/18/1967,31.545
8/19/1967,44.599
8/20/1967,43.721
8/21/1967,53.179
8/22/1967,42.702
8/23/1967,127.596
8/24/1967,291.267
8/25/1967,862.105
8/26/1967,1013.317
8/27/1967,738.162
8/28/1967,256.947
8/29/1967,147.332
8/30/1967,109.19
8/31/1967,84.299
9/1/1967,73.624
9/2/1967,68.866
9/3/1967,55.02
9/4/1967,43.863
9/5/1967,25.655
9/6/1967,33.924
9/7/1967,40.323
9/8/1967,42.39
9/9/1967,96.928
9/10/1967,59.777
9/11/1967,34.716
9/12/1967,63.883
9/13/1967,56.124
9/14/1967,44.061
9/15/1967,50.942
9/16/1967,51.65
9/17/1967,77.22
9/18/1967,79.74
9/19/1967,28.458
9/20/1967,33.216
9/21/1967,80.335
9/22/1967,69.801
9/23/1967,56.945
9/24/1967,63.033
9/25/1967,7.277
9/26/1967,22.427
9/27/1967,43.183
9/28/1967,77.078
9/29/1967,71.868
9/30/1967,67.252
10/1/1967,68.697
10/2/1967,42.277
10/3/1967,33.924
10/4/1967,44.91
10/5/1967,35.538
10/6/1967,46.751
10/7/1967,65.157
10/8/1967,59.833
10/9/1967,24.692
10/10/1967,51.593
10/11/1967,42.362
10/12/1967,60.598
10/13/1967,53.207
10/14/1967,58.078
10/15/1967,69.291
10/16/1967,29.846
10/17/1967,62.127
10/18/1967,48.478
10/19/1967,60.768
10/20/1967,61.306
10/21/1967,66.913
10/22/1967,67.139
10/23/1967,22.059
10/24/1967,29.874
10/25/1967,72.406
10/26/1967,52.131
10/27/1967,59.918
10/28/1967,68.782
10/29/1967,59.607
10/30/1967,32.366
10/31/1967,40.295
11/1/1967,36.246
11/2/1967,92.228
11/3/1967,59.267
11/4/1967,73.114
11/5/1967,60.853
11/6/1967,30.072
11/7/1967,18.094
11/8/1967,33.046
11/9/1967,43.126
11/10/1967,49.866
11/11/1967,57.257
11/12/1967,69.15
11/13/1967,31.517
11/14/1967,29.11
11/15/1967,16.65
11/16/1967,45.25
11/17/1967,51.197
11/18/1967,59.748
11/19/1967,56.634
11/20/1967,14.073
11/21/1967,41.059
11/22/1967,53.632
11/23/1967,75.04
11/24/1967,107.321
11/25/1967,27.552
11/26/1967,85.63
11/27/1967,71.047
11/28/1967,33.102
11/29/1967,50.291
11/30/1967,95.852
12/1/1967,59.494
12/2/1967,74.813
12/3/1967,190.742
12/4/1967,93.304
12/5/1967,142.405
12/6/1967,130.229
12/7/1967,106.726
12/8/1967,98.174
12/9/1967,91.208
12/10/1967,199.775
12/11/1967,313.75
12/12/1967,468.643
12/13/1967,436.9
12/14/1967,260.26
12/15/1967,168.372
12/16/1967,144.302
12/17/1967,117.345
12/18/1967,89.283
12/19/1967,91.293
12/20/1967,106.584
12/21/1967,126.859
12/22/1967,150.985
12/23/1967,414.501
12/24/1967,472.636
12/25/1967,319.498
12/26/1967,165.285
12/27/1967,141.386
12/28/1967,314.458
12/29/1967,633.305
12/30/1967,774.719
12/31/1967,456.155
1/1/1968,206.741
1/2/1968,162.737
1/3/1968,157.017
1/4/1968,187.372
1/5/1968,152.656
1/6/1968,196.32
1/7/1968,224.439
1/8/1968,121.876
1/9/1968,141.811
1/10/1968,161.887
1/11/1968,180.605
1/12/1968,144.416
1/13/1968,229.621
1/14/1968,727.855
1/15/1968,878.982
1/16/1968,724.882
1/17/1968,488.465
1/18/1968,367.439
1/19/1968,299.648
1/20/1968,298.091
1/21/1968,266.801
1/22/1968,257.4
1/23/1968,366.334
1/24/1968,369.138
1/25/1968,363.956
1/26/1968,343.2
1/27/1968,273.795
1/28/1968,205.212
1/29/1968,171.147
1/30/1968,164.804
1/31/1968,172.704
2/1/1968,213.877
2/2/1968,295.089
2/3/1968,251.028
2/4/1968,232.509
2/5/1968,162.227
2/6/1968,123.348
2/7/1968,149.711
2/8/1968,139.007
2/9/1968,135.751
2/10/1968,127.822
2/11/1968,94.635
2/12/1968,85.007
2/13/1968,85.234
2/14/1968,104.546
2/15/1968,125.783
2/16/1968,96.136
2/17/1968,138.101
2/18/1968,85.234
2/19/1968,53.83
2/20/1968,72.689
2/21/1968,123.235
2/22/1968,101.034
2/23/1968,101.771
2/24/1968,94.663
2/25/1968,83.874
2/26/1968,66.544
2/27/1968,72.519
2/28/1968,93.417
2/29/1968,170.071
3/1/1968,83.138
3/2/1968,116.212
3/3/1968,122.81
3/4/1968,74.247
3/5/1968,77.531
3/6/1968,85.234
3/7/1968,98.089
3/8/1968,93.474
3/9/1968,102.762
3/10/1968,115.334
3/11/1968,39.87
3/12/1968,610.765
3/13/1968,789.784
3/14/1968,866.607
3/15/1968,664.227
3/16/1968,358.434
3/17/1968,403.684
3/18/1968,608.981
3/19/1968,547.109
3/20/1968,338.131
3/21/1968,241.457
3/22/1968,213.848
3/23/1968,336.035
3/24/1968,151.75
3/25/1968,176.669
3/26/1968,184.909
3/27/1968,178.821
3/28/1968,161.831
3/29/1968,128.785
3/30/1968,114.23
3/31/1968,136.119
4/1/1968,71.188
4/2/1968,97.183
4/3/1968,144.954
4/4/1968,162.369
4/5/1968,170.637
4/6/1968,205.637
4/7/1968,253.407
4/8/1968,163.614
4/9/1968,137.336
4/10/1968,139.29
4/11/1968,173.129
4/12/1968,149.739
4/13/1968,129.238
4/14/1968,101.572
4/15/1968,102.394
4/16/1968,86.819
4/17/1968,87.499
4/18/1968,108.198
4/19/1968,92.822
4/20/1968,106.443
4/21/1968,69.206
4/22/1968,98.712
4/23/1968,96.39
4/24/1968,205.382
4/25/1968,82.345
4/26/1968,178.934
4/27/1968,160.245
4/28/1968,72.236
4/29/1968,98.571
4/30/1968,123.886
5/1/1968,164.011
5/2/1968,133.57
5/3/1968,118.109
5/4/1968,110.577
5/5/1968,81.637
5/6/1968,120.969
5/7/1968,98.571
5/8/1968,110.237
5/9/1968,84.469
5/10/1968,75.209
5/11/1968,100.864
5/12/1968,136.175
5/13/1968,78.098
5/14/1968,165.313
5/15/1968,116.694
5/16/1968,136.175
5/17/1968,115.759
5/18/1968,149.853
5/19/1968,115.023
5/20/1968,87.102
5/21/1968,100.1
5/22/1968,93.445
5/23/1968,65.355
5/24/1968,83.251
5/25/1968,79.061
5/26/1968,91.803
5/27/1968,741.022
5/28/1968,698.604
5/29/1968,487.644
5/30/1968,314.033
5/31/1968,179.642
6/1/1968,113.55
6/2/1968,120.913
6/3/1968,222.372
6/4/1968,155.969
6/5/1968,127.341
6/6/1968,80.448
6/7/1968,74.19
6/8/1968,95.06
6/9/1968,153.902
6/10/1968,117.939
6/11/1968,138.186
6/12/1968,142.717
6/13/1968,106.896
6/14/1968,72.463
6/15/1968,83.874
6/16/1968,67.224
6/17/1968,77.475
6/18/1968,77.956
6/19/1968,122.329
6/20/1968,87.386
6/21/1968,89.793
6/22/1968,70.537
6/23/1968,62.042
6/24/1968,26.476
6/25/1968,24.381
6/26/1968,39.36
6/27/1968,39.219
6/28/1968,50.432
6/29/1968,56.011
6/30/1968,55.982
7/1/1968,33.697
7/2/1968,12.884
7/3/1968,35.962
7/4/1968,76.116
7/5/1968,43.608
7/6/1968,49.243
7/7/1968,49.215
7/8/1968,38.058
7/9/1968,37.123
7/10/1968,72.802
7/11/1968,81.779
7/12/1968,70.396
7/13/1968,131.418
7/14/1968,86.281
7/15/1968,68.697
7/16/1968,40.578
7/17/1968,84.186
7/18/1968,114.145
7/19/1968,97.155
7/20/1968,52.216
7/21/1968,83.393
7/22/1968,56.719
7/23/1968,31.233
7/24/1968,38.369
7/25/1968,50.574
7/26/1968,32.621
7/27/1968,170.779
7/28/1968,70.905
7/29/1968,46.525
7/30/1968,48.393
7/31/1968,63.231
8/1/1968,26.759
8/2/1968,48.393
8/3/1968,119.44
8/4/1968,108.17
8/5/1968,59.89
8/6/1968,37.52
8/7/1968,61.844
8/8/1968,60.626
8/9/1968,76.229
8/10/1968,45.618
8/11/1968,43.58
8/12/1968,31.856
8/13/1968,50.63
8/14/1968,62.439
8/15/1968,73.029
8/16/1968,69.858
8/17/1968,69.235
8/18/1968,73.341
8/19/1968,37.491
8/20/1968,40.38
8/21/1968,41.173
8/22/1968,69.744
8/23/1968,131.163
8/24/1968,119.922
8/25/1968,97.268
8/26/1968,30.327
8/27/1968,2.407
8/28/1968,13.564
8/29/1968,30.327
8/30/1968,25.06
8/31/1968,26.193
9/1/1968,47.006
9/2/1968,29.421
9/3/1968,5.975
9/4/1968,9.741
9/5/1968,5.409
9/6/1968,75.153
9/7/1968,45.364
9/8/1968,61.561
9/9/1968,48.195
9/10/1968,20.813
9/11/1968,33.47
9/12/1968,49.951
9/13/1968,47.204
9/14/1968,40.465
9/15/1968,51.508
9/16/1968,26.108
9/17/1968,15.149
9/18/1968,21.096
9/19/1968,37.86
9/20/1968,52.216
9/21/1968,49.583
9/22/1968,40.097
9/23/1968,20.105
9/24/1968,8.976
9/25/1968,6.315
9/26/1968,88.773
9/27/1968,45.364
9/28/1968,48.535
9/29/1968,43.381
9/30/1968,38.284
10/1/1968,13.394
10/2/1968,25.712
10/3/1968,49.838
10/4/1968,32.281
10/5/1968,36.897
10/6/1968,48.62
10/7/1968,47.572
10/8/1968,19.624
10/9/1968,33.301
10/10/1968,64.761
10/11/1968,54.312
10/12/1968,74.898
10/13/1968,58.672
10/14/1968,38.398
10/15/1968,26.221
10/16/1968,55.699
10/17/1968,45.052
10/18/1968,73.652
10/19/1968,151.976
10/20/1968,191.931
10/21/1968,443.384
10/22/1968,194.876
10/23/1968,102.478
10/24/1968,112.418
10/25/1968,58.814
10/26/1968,58.871
10/27/1968,66.403
10/28/1968,63.741
10/29/1968,14.555
10/30/1968,49.101
10/31/1968,69.858
11/1/1968,59.777
11/2/1968,89.878
11/3/1968,58.757
11/4/1968,60.626
11/5/1968,47.657
11/6/1968,46.015
11/7/1968,96.164
11/8/1968,69.971
11/9/1968,103.385
11/10/1968,131.56
11/11/1968,72.038
11/12/1968,220.191
11/13/1968,179.302
11/14/1968,246.016
11/15/1968,186.834
11/16/1968,151.438
11/17/1968,112.984
11/18/1968,162.538
11/19/1968,103.385
11/20/1968,200.851
11/21/1968,186.24
11/22/1968,139.234
11/23/1968,103.979
11/24/1968,113.749
11/25/1968,83.081
11/26/1968,68.13
11/27/1968,65.893
11/28/1968,97.183
11/29/1968,71.585
11/30/1968,76.455
12/1/1968,104.234
12/2/1968,75.351
12/3/1968,52.443
12/4/1968,104.008
12/5/1968,75.011
12/6/1968,90.331
12/7/1968,139.46
12/8/1968,62.92
12/9/1968,48.28
12/10/1968,31.46
12/11/1968,41.597
12/12/1968,75.153
12/13/1968,89.991
12/14/1968,124.905
12/15/1968,78.296
12/16/1968,77.446
12/17/1968,52.952
12/18/1968,52.924
12/19/1968,86.848
12/20/1968,83.11
12/21/1968,83.11
12/22/1968,120.658
12/23/1968,107.151
12/24/1968,74.501
12/25/1968,144.501
12/26/1968,137.761
12/27/1968,82.543
12/28/1968,152.996
12/29/1968,121.451
12/30/1968,107.264
12/31/1968,127.029
1/1/1969,145.067
1/2/1969,148.267
1/3/1969,99.109
1/4/1969,105.593
1/5/1969,120.29
1/6/1969,60.456
1/7/1969,43.042
1/8/1969,74.643
1/9/1969,107.434
1/10/1969,85.743
1/11/1969,91.577
1/12/1969,64.392
1/13/1969,61.929
1/14/1969,41.144
1/15/1969,71.868
1/16/1969,90.557
1/17/1969,93.814
1/18/1969,92.568
1/19/1969,120.941
1/20/1969,289.143
1/21/1969,487.983
1/22/1969,512.138
1/23/1969,418.211
1/24/1969,262.61
1/25/1969,193.234
1/26/1969,179.472
1/27/1969,123.546
1/28/1969,93.276
1/29/1969,117.26
1/30/1969,93.219
1/31/1969,116.948
2/1/1969,182.558
2/2/1969,484.416
2/3/1969,537
2/4/1969,500.896
2/5/1969,336.347
2/6/1969,241.259
2/7/1969,160.047
2/8/1969,205.891
2/9/1969,380.663
2/10/1969,287.274
2/11/1969,311.428
2/12/1969,276.995
2/13/1969,212.687
2/14/1969,205.325
2/15/1969,151.325
2/16/1969,136.204
2/17/1969,97.013
2/18/1969,104.631
2/19/1969,114.995
2/20/1969,98.797
2/21/1969,91.633
2/22/1969,102.337
2/23/1969,182.417
2/24/1969,101.771
2/25/1969,119.469
2/26/1969,123.291
2/27/1969,131.786
2/28/1969,113.635
3/1/1969,210.196
3/2/1969,105.565
3/3/1969,136.062
3/4/1969,207.364
3/5/1969,300.158
3/6/1969,368.487
3/7/1969,702.455
3/8/1969,733.518
3/9/1969,652.985
3/10/1969,436.758
3/11/1969,363.248
3/12/1969,325.162
3/13/1969,271.926
3/14/1969,197.623
3/15/1969,181.171
3/16/1969,142.15
3/17/1969,118.336
3/18/1969,144.812
3/19/1969,378.284
3/20/1969,293.674
3/21/1969,276.174
3/22/1969,207.449
3/23/1969,143.17
3/24/1969,185.843
3/25/1969,506.134
3/26/1969,909.281
3/27/1969,775.144
3/28/1969,461.139
3/29/1969,279.855
3/30/1969,173.186
3/31/1969,162.397
4/1/1969,187.401
4/2/1969,194.338
4/3/1969,133.315
4/4/1969,140.055
4/5/1969,125.613
4/6/1969,183.719
4/7/1969,134.25
4/8/1969,120.346
4/9/1969,132.636
4/10/1969,166.021
4/11/1969,127.992
4/12/1969,118.308
4/13/1969,84.186
4/14/1969,106.046
4/15/1969,99.788
4/16/1969,148.408
4/17/1969,231.122
4/18/1969,421.552
4/19/1969,442.818
4/20/1969,291.946
4/21/1969,268.783
4/22/1969,238.937
4/23/1969,178.99
4/24/1969,141.188
4/25/1969,135.637
4/26/1969,133.938
4/27/1969,113.324
4/28/1969,123.376
4/29/1969,131.362
4/30/1969,91.293
5/1/1969,109.303
5/2/1969,90.557
5/3/1969,85.658
5/4/1969,78.183
5/5/1969,75.351
5/6/1969,143.849
5/7/1969,93.899
5/8/1969,79.457
5/9/1969,101.629
5/10/1969,53.122
5/11/1969,96.079
5/12/1969,73.256
5/13/1969,75.351
5/14/1969,67.337
5/15/1969,84.384
5/16/1969,83.535
5/17/1969,62.665
5/18/1969,63.316
5/19/1969,172.591
5/20/1969,137.62
5/21/1969,290.644
5/22/1969,183.068
5/23/1969,141.556
5/24/1969,84.611
5/25/1969,99.675
5/26/1969,41.824
5/27/1969,111.172
5/28/1969,97.466
5/29/1969,102.167
5/30/1969,130.201
5/31/1969,100.355
6/1/1969,65.553
6/2/1969,66.091
6/3/1969,40.097
6/4/1969,59.805
6/5/1969,57.37
6/6/1969,75.747
6/7/1969,71.103
6/8/1969,64.194
6/9/1969,54.227
6/10/1969,54.793
6/11/1969,65.922
6/12/1969,47.232
6/13/1969,131.956
6/14/1969,120.233
6/15/1969,216.255
6/16/1969,237.012
6/17/1969,414.162
6/18/1969,369.563
6/19/1969,189.326
6/20/1969,98.627
6/21/1969,113.211
6/22/1969,94.691
6/23/1969,129.295
6/24/1969,178.254
6/25/1969,100.383
6/26/1969,107.915
6/27/1969,151.891
6/28/1969,179.33
6/29/1969,86.933
6/30/1969,67.96
7/1/1969,75.379
7/2/1969,87.697
7/3/1969,87.329
7/4/1969,91.718
7/5/1969,115.164
7/6/1969,80.703
7/7/1969,63.005
7/8/1969,83.931
7/9/1969,204.504
7/10/1969,149.796
7/11/1969,81.836
7/12/1969,80.306
7/13/1969,72.689
7/14/1969,87.64
7/15/1969,50.262
7/16/1969,82.43
7/17/1969,67.196
7/18/1969,73.794
7/19/1969,65.582
7/20/1969,27.92
7/21/1969,57.823
7/22/1969,59.012
7/23/1969,112.531
7/24/1969,116.382
7/25/1969,75.974
7/26/1969,66.063
7/27/1969,55.756
7/28/1969,115.986
7/29/1969,69.291
7/30/1969,115.872
7/31/1969,96.56
8/1/1969,84.752
8/2/1969,129.776
8/3/1969,156.62
8/4/1969,144.302
8/5/1969,126.35
8/6/1969,139.007
8/7/1969,126.236
8/8/1969,91.123
8/9/1969,43.41
8/10/1969,119.44
8/11/1969,63.543
8/12/1969,29.619
8/13/1969,112.984
8/14/1969,71.783
8/15/1969,70.509
8/16/1969,44.656
8/17/1969,146.823
8/18/1969,269.887
8/19/1969,134.845
8/20/1969,222.91
8/21/1969,163.388
8/22/1969,237.351
8/23/1969,124.311
8/24/1969,91.775
8/25/1969,68.555
8/26/1969,84.441
8/27/1969,87.669
8/28/1969,85.941
8/29/1969,79.882
8/30/1969,57.568
8/31/1969,71.783
9/1/1969,45.505
9/2/1969,88.009
9/3/1969,29.959
9/4/1969,64.138
9/5/1969,71.132
9/6/1969,71.103
9/7/1969,41.427
9/8/1969,101.289
9/9/1969,23.503
9/10/1969,56.634
9/11/1969,31.573
9/12/1969,48.677
9/13/1969,47.997
9/14/1969,52.952
9/15/1969,24.947
9/16/1969,10.647
9/17/1969,85.064
9/18/1969,43.948
9/19/1969,41.116
9/20/1969,110.917
9/21/1969,78.976
9/22/1969,144.755
9/23/1969,87.046
9/24/1969,192.186
9/25/1969,119.27
9/26/1969,140.536
9/27/1969,116.439
9/28/1969,74.162
9/29/1969,50.744
9/30/1969,25.967
10/1/1969,34.915
10/2/1969,220.899
10/3/1969,96.73
10/4/1969,138.611
10/5/1969,104.489
10/6/1969,58.842
10/7/1969,25.598
10/8/1969,88.773
10/9/1969,62.637
10/10/1969,78.409
10/11/1969,82.827
10/12/1969,64.591
10/13/1969,26.023
10/14/1969,38.454
10/15/1969,48.988
10/16/1969,65.723
10/17/1969,36.161
10/18/1969,68.923
10/19/1969,61.504
10/20/1969,41.088
10/21/1969,40.578
10/22/1969,23.163
10/23/1969,29.053
10/24/1969,102.45
10/25/1969,125.585
10/26/1969,81.524
10/27/1969,32.423
10/28/1969,43.863
10/29/1969,82.855
10/30/1969,55.926
10/31/1969,28.657
11/1/1969,41.569
11/2/1969,77.192
11/3/1969,46.213
11/4/1969,54.821
11/5/1969,84.554
11/6/1969,78.976
11/7/1969,84.129
11/8/1969,101.148
11/9/1969,33.612
11/10/1969,28.77
11/11/1969,35.283
11/12/1969,58.984
11/13/1969,50.036
11/14/1969,71.387
11/15/1969,27.722
11/16/1969,65.497
11/17/1969,34.093
11/18/1969,44.146
11/19/1969,107.292
11/20/1969,41.711
11/21/1969,71.783
11/22/1969,107.604
11/23/1969,80.986
11/24/1969,63.854
11/25/1969,44.712
11/26/1969,55.133
11/27/1969,71.019
11/28/1969,69.065
11/29/1969,60.768
11/30/1969,81.382
12/1/1969,42.334
12/2/1969,39.077
12/3/1969,50.347
12/4/1969,58.446
12/5/1969,61.051
12/6/1969,69.801
12/7/1969,117.486
12/8/1969,44.203
12/9/1969,72.972
12/10/1969,185.702
12/11/1969,182.898
12/12/1969,385.986
12/13/1969,257.938
12/14/1969,160.415
12/15/1969,101.006
12/16/1969,65.015
12/17/1969,105.877
12/18/1969,122.725
12/19/1969,149.626
12/20/1969,175.394
12/21/1969,112.446
12/22/1969,163.246
12/23/1969,169.25
12/24/1969,263.743
12/25/1969,275.098
12/26/1969,315.647
12/27/1969,199.01
12/28/1969,139.262
12/29/1969,140.281
12/30/1969,120.092
12/31/1969,188.901
1/1/1970,519.387
1/2/1970,470.767
1/3/1970,272.578
1/4/1970,192.554
1/5/1970,123.631
1/6/1970,163.728
1/7/1970,207.562
1/8/1970,236.275
1/9/1970,326.606
1/10/1970,373.499
1/11/1970,229.621
1/12/1970,90.217
1/13/1970,95.399
1/14/1970,104.744
1/15/1970,125.245
1/16/1970,172.959
1/17/1970,209.233
1/18/1970,149.343
1/19/1970,115.023
1/20/1970,159.99
1/21/1970,223.08
1/22/1970,414.53
1/23/1970,361.634
1/24/1970,246.498
1/25/1970,112.729
1/26/1970,99.987
1/27/1970,101.601
1/28/1970,134.703
1/29/1970,194.197
1/30/1970,158.744
1/31/1970,253.719
2/1/1970,168.428
2/2/1970,211.526
2/3/1970,320.15
2/4/1970,415.776
2/5/1970,341.642
2/6/1970,216.595
2/7/1970,190.487
2/8/1970,153.817
2/9/1970,165.002
2/10/1970,180.831
2/11/1970,229.847
2/12/1970,190.317
2/13/1970,167.097
2/14/1970,169.419
2/15/1970,124.509
2/16/1970,157.668
2/17/1970,497.215
2/18/1970,653.75
2/19/1970,634.891
2/20/1970,381.172
2/21/1970,263.375
2/22/1970,194.989
2/23/1970,139.262
2/24/1970,126.435
2/25/1970,151.75
2/26/1970,148.012
2/27/1970,121.734
2/28/1970,130.484
3/1/1970,132.381
3/2/1970,102.62
3/3/1970,81.213
3/4/1970,143.934
3/5/1970,114.683
3/6/1970,119.865
3/7/1970,139.149
3/8/1970,128.049
3/9/1970,59.522
3/10/1970,103.668
3/11/1970,82.034
3/12/1970,101.997
3/13/1970,202.578
3/14/1970,171.232
3/15/1970,125.868
3/16/1970,55.699
3/17/1970,66.205
3/18/1970,156.96
3/19/1970,186.24
3/20/1970,227.695
3/21/1970,183.861
3/22/1970,272.776
3/23/1970,283.763
3/24/1970,257.881
3/25/1970,205.523
3/26/1970,244.289
3/27/1970,112.956
3/28/1970,142.065
3/29/1970,185.05
3/30/1970,146.511
3/31/1970,246.045
4/1/1970,304.774
4/2/1970,456.184
4/3/1970,545.523
4/4/1970,580.721
4/5/1970,273.031
4/6/1970,229.564
4/7/1970,154.185
4/8/1970,165.625
4/9/1970,172.308
4/10/1970,142.235
4/11/1970,128.19
4/12/1970,126.066
4/13/1970,181.171
4/14/1970,182.615
4/15/1970,163.699
4/16/1970,156.082
4/17/1970,137.28
4/18/1970,98.967
4/19/1970,146.936
4/20/1970,120.092
4/21/1970,94.04
4/22/1970,112.219
4/23/1970,93.474
4/24/1970,113.72
4/25/1970,79.57
4/26/1970,148.663
4/27/1970,162.822
4/28/1970,156.026
4/29/1970,136.572
4/30/1970,179.925
5/1/1970,125.698
5/2/1970,141.442
5/3/1970,158.376
5/4/1970,225.005
5/5/1970,370.582
5/6/1970,429.877
5/7/1970,303.953
5/8/1970,224.014
5/9/1970,187.797
5/10/1970,108.963
5/11/1970,121.819
5/12/1970,120.12
5/13/1970,111.143
5/14/1970,128.36
5/15/1970,119.752
5/16/1970,96.305
5/17/1970,161.462
5/18/1970,131.871
5/19/1970,170.212
5/20/1970,104.857
5/21/1970,90.246
5/22/1970,127.68
5/23/1970,116.41
5/24/1970,81.836
5/25/1970,79.372
5/26/1970,114.938
5/27/1970,44.118
5/28/1970,64.166
5/29/1970,52.188
5/30/1970,83.336
5/31/1970,70.877
6/1/1970,26.873
6/2/1970,27.043
6/3/1970,59.664
6/4/1970,87.556
6/5/1970,43.296
6/6/1970,87.018
6/7/1970,44.571
6/8/1970,57.087
6/9/1970,36.699
6/10/1970,50.404
6/11/1970,61.957
6/12/1970,42.277
6/13/1970,36.84
6/14/1970,50.574
6/15/1970,48.28
6/16/1970,31.771
6/17/1970,43.891
6/18/1970,59.805
6/19/1970,63.175
6/20/1970,35.906
6/21/1970,49.328
6/22/1970,90.585
6/23/1970,74.105
6/24/1970,56.067
6/25/1970,151.835
6/26/1970,76.285
6/27/1970,161.038
6/28/1970,105.877
6/29/1970,50.63
6/30/1970,25.712
7/1/1970,34.716
7/2/1970,72.066
7/3/1970,73.001
7/4/1970,91.039
7/5/1970,9.09
7/6/1970,22.908
7/7/1970,16.197
7/8/1970,14.951
7/9/1970,44.712
7/10/1970,239.22
7/11/1970,147.361
7/12/1970,140.366
7/13/1970,59.154
7/14/1970,38.907
7/15/1970,31.375
7/16/1970,58.757
7/17/1970,43.693
7/18/1970,61.334
7/19/1970,36.755
7/20/1970,54.623
7/21/1970,16.056
7/22/1970,78.268
7/23/1970,188.845
7/24/1970,107.094
7/25/1970,136.232
7/26/1970,120.856
7/27/1970,92.03
7/28/1970,50.036
7/29/1970,62.439
7/30/1970,80.844
7/31/1970,94.153
8/1/1970,57.625
8/2/1970,78.296
8/3/1970,39.559
8/4/1970,81.326
8/5/1970,135.637
8/6/1970,144.048
8/7/1970,112.219
8/8/1970,161.264
8/9/1970,105.905
8/10/1970,270.51
8/11/1970,607.169
8/12/1970,649.474
8/13/1970,686.824
8/14/1970,695.149
8/15/1970,189.383
8/16/1970,139.8
8/17/1970,91.039
8/18/1970,64.704
8/19/1970,104.262
8/20/1970,150.929
8/21/1970,59.38
8/22/1970,102.96
8/23/1970,137.676
8/24/1970,112.219
8/25/1970,83.138
8/26/1970,142.094
8/27/1970,83.45
8/28/1970,57.483
8/29/1970,69.574
8/30/1970,103.186
8/31/1970,37.916
9/1/1970,25.485
9/2/1970,38.539
9/3/1970,59.182
9/4/1970,76.597
9/5/1970,54.736
9/6/1970,48.224
9/7/1970,41.597
9/8/1970,38.284
9/9/1970,19.737
9/10/1970,36.047
9/11/1970,48.195
9/12/1970,67.847
9/13/1970,67.875
9/14/1970,41.286
9/15/1970,23.928
9/16/1970,19.624
9/17/1970,43.693
9/18/1970,39.587
9/19/1970,46.015
9/20/1970,58.503
9/21/1970,21.181
9/22/1970,28.119
9/23/1970,86.848
9/24/1970,61.731
9/25/1970,16.056
9/26/1970,20.558
9/27/1970,81.241
9/28/1970,26.618
9/29/1970,1.359
9/30/1970,34.377
10/1/1970,38.341
10/2/1970,43.126
10/3/1970,50.8
10/4/1970,35.028
10/5/1970,8.863
10/6/1970,14.725
10/7/1970,12.714
10/8/1970,33.612
10/9/1970,36.755
10/10/1970,49.498
10/11/1970,43.58
10/12/1970,33.017
10/13/1970,20.077
10/14/1970,39.842
10/15/1970,108.821
10/16/1970,65.723
10/17/1970,60.626
10/18/1970,79.457
10/19/1970,4.899
10/20/1970,32.763
10/21/1970,71.925
10/22/1970,77.418
10/23/1970,92.851
10/24/1970,92.794
10/25/1970,79.91
10/26/1970,26.193
10/27/1970,27.184
10/28/1970,50.404
10/29/1970,38.086
10/30/1970,155.261
10/31/1970,191.648
11/1/1970,647.35
11/2/1970,684.275
11/3/1970,429.566
11/4/1970,279.827
11/5/1970,247.857
11/6/1970,321.877
11/7/1970,208.412
11/8/1970,104.829
11/9/1970,77.305
11/10/1970,132.438
11/11/1970,185.758
11/12/1970,279.374
11/13/1970,285.348
11/14/1970,283.281
11/15/1970,390.064
11/16/1970,293.532
11/17/1970,248.565
11/18/1970,249.584
11/19/1970,132.551
11/20/1970,132.211
11/21/1970,88.858
11/22/1970,109.586
11/23/1970,95.343
11/24/1970,136.798
11/25/1970,197.566
11/26/1970,126.916
11/27/1970,106.528
11/28/1970,49.356
11/29/1970,109.784
11/30/1970,67.281
12/1/1970,47.516
12/2/1970,93.53
12/3/1970,79.768
12/4/1970,104.772
12/5/1970,107.802
12/6/1970,66.006
12/7/1970,20.133
12/8/1970,53.236
12/9/1970,69.036
12/10/1970,72.576
12/11/1970,82.742
12/12/1970,100.638
12/13/1970,107.349
12/14/1970,38.794
12/15/1970,53.972
12/16/1970,128.955
12/17/1970,131.39
12/18/1970,139.517
12/19/1970,152.09
12/20/1970,81.411
12/21/1970,152.514
12/22/1970,262.61
12/23/1970,335.243
12/24/1970,249.641
12/25/1970,247.149
12/26/1970,103.555
12/27/1970,97.495
12/28/1970,86.055
12/29/1970,75.634
12/30/1970,96.334
12/31/1970,206.061
1/1/1971,93.955
1/2/1971,108.085
1/3/1971,93.927
1/4/1971,131.758
1/5/1971,290.615
1/6/1971,601.279
1/7/1971,636.562
1/8/1971,443.3
1/9/1971,394.963
1/10/1971,211.725
1/11/1971,152.514
1/12/1971,126.038
1/13/1971,180.151
1/14/1971,141.159
1/15/1971,193.885
1/16/1971,152.854
1/17/1971,98.458
1/18/1971,86.338
1/19/1971,89.113
1/20/1971,101.516
1/21/1971,155.346
1/22/1971,170.977
1/23/1971,216.425
1/24/1971,191.79
1/25/1971,151.778
1/26/1971,186.948
1/27/1971,144.302
1/28/1971,350.137
1/29/1971,364.409
1/30/1971,257.541
1/31/1971,130.569
2/1/1971,92.086
2/2/1971,91.208
2/3/1971,197.425
2/4/1971,203.06
2/5/1971,209.233
2/6/1971,265.923
2/7/1971,593.775
2/8/1971,1045.683
2/9/1971,1089.149
2/10/1971,931.311
2/11/1971,538.897
2/12/1971,332.156
2/13/1971,486.653
2/14/1971,640.13
2/15/1971,618.835
2/16/1971,427.81
2/17/1971,306.926
2/18/1971,264.62
2/19/1971,234.916
2/20/1971,188.193
2/21/1971,165.851
2/22/1971,218.691
2/23/1971,389.979
2/24/1971,831.863
2/25/1971,678.839
2/26/1971,466.095
2/27/1971,381.541
2/28/1971,255.446
3/1/1971,173.525
3/2/1971,181.85
3/3/1971,574.718
3/4/1971,802.073
3/5/1971,924.628
3/6/1971,611.643
3/7/1971,325.672
3/8/1971,207.307
3/9/1971,191.846
3/10/1971,230.867
3/11/1971,238.173
3/12/1971,191.931
3/13/1971,144.274
3/14/1971,148.89
3/15/1971,124.792
3/16/1971,223.476
3/17/1971,167.607
3/18/1971,228.743
3/19/1971,201.899
3/20/1971,238.739
3/21/1971,203.768
3/22/1971,151.523
3/23/1971,230.584
3/24/1971,157.781
3/25/1971,124.084
3/26/1971,189.1
3/27/1971,132.239
3/28/1971,159.877
3/29/1971,232.991
3/30/1971,198.019
3/31/1971,185.277
4/1/1971,154.751
4/2/1971,163.303
4/3/1971,195.301
4/4/1971,147.587
4/5/1971,133.061
4/6/1971,545.551
4/7/1971,595.701
4/8/1971,620.166
4/9/1971,511.232
4/10/1971,326.493
4/11/1971,189.383
4/12/1971,167.635
4/13/1971,177.773
4/14/1971,139.574
4/15/1971,147.7
4/16/1971,139.404
4/17/1971,135.099
4/18/1971,119.044
4/19/1971,114.003
4/20/1971,117.77
4/21/1971,119.412
4/22/1971,122.187
4/23/1971,121.876
4/24/1971,114.202
4/25/1971,87.924
4/26/1971,119.497
4/27/1971,124.424
4/28/1971,155.261
4/29/1971,111.398
4/30/1971,114.343
5/1/1971,114.088
5/2/1971,128.841
5/3/1971,120.884
5/4/1971,83.166
5/5/1971,91.067
5/6/1971,121.762
5/7/1971,120.318
5/8/1971,212.263
5/9/1971,161.576
5/10/1971,130.456
5/11/1971,128.445
5/12/1971,122.244
5/13/1971,423.619
5/14/1971,1008.276
5/15/1971,1214.961
5/16/1971,1330.38
5/17/1971,1249.932
5/18/1971,1332.617
5/19/1971,640.838
5/20/1971,370.186
5/21/1971,223.023
5/22/1971,173.865
5/23/1971,185.249
5/24/1971,116.439
5/25/1971,146.001
5/26/1971,130.371
5/27/1971,78.806
5/28/1971,315.279
5/29/1971,714.348
5/30/1971,1196.385
5/31/1971,1016.8
6/1/1971,858.056
6/2/1971,553.707
6/3/1971,327.824
6/4/1971,360.19
6/5/1971,378.143
6/6/1971,200.285
6/7/1971,85.205
6/8/1971,157.611
6/9/1971,143.878
6/10/1971,111.2
6/11/1971,116.807
6/12/1971,186.07
6/13/1971,132.155
6/14/1971,88.065
6/15/1971,88.405
6/16/1971,163.898
6/17/1971,204.702
6/18/1971,255.644
6/19/1971,195.896
6/20/1971,113.126
6/21/1971,100.1
6/22/1971,107.462
6/23/1971,117.005
6/24/1971,89.085
6/25/1971,163.416
6/26/1971,162.907
6/27/1971,101.289
6/28/1971,71.16
6/29/1971,158.234
6/30/1971,171.43
7/1/1971,228.432
7/2/1971,191.931
7/3/1971,150.844
7/4/1971,122.612
7/5/1971,94.267
7/6/1971,76.427
7/7/1971,84.752
7/8/1971,123.631
7/9/1971,207.336
7/10/1971,111.087
7/11/1971,143.679
7/12/1971,108.283
7/13/1971,101.884
7/14/1971,101.516
7/15/1971,101.969
7/16/1971,88.688
7/17/1971,96.617
7/18/1971,94.465
7/19/1971,52.613
7/20/1971,50.291
7/21/1971,65.865
7/22/1971,82.345
7/23/1971,60.173
7/24/1971,67.649
7/25/1971,74.643
7/26/1971,55.529
7/27/1971,46.156
7/28/1971,77.531
7/29/1971,86.536
7/30/1971,132.551
7/31/1971,187.061
8/1/1971,133.57
8/2/1971,88.292
8/3/1971,87.244
8/4/1971,239.843
8/5/1971,157.102
8/6/1971,132.749
8/7/1971,125.132
8/8/1971,61.901
8/9/1971,46.694
8/10/1971,58.729
8/11/1971,151.127
8/12/1971,88.348
8/13/1971,102.79
8/14/1971,93.7
8/15/1971,117.911
8/16/1971,55.982
8/17/1971,53.575
8/18/1971,95.201
8/19/1971,150.872
8/20/1971,144.501
8/21/1971,111.455
8/22/1971,136.572
8/23/1971,55.926
8/24/1971,59.21
8/25/1971,77.475
8/26/1971,78.268
8/27/1971,397.398
8/28/1971,595.899
8/29/1971,282.007
8/30/1971,159.424
8/31/1971,56.237
9/1/1971,73.312
9/2/1971,73.227
9/3/1971,76.144
9/4/1971,79.514
9/5/1971,44.769
9/6/1971,47.884
9/7/1971,32.281
9/8/1971,36.868
9/9/1971,51.933
9/10/1971,78.409
9/11/1971,180.321
9/12/1971,885.976
9/13/1971,851.458
9/14/1971,343.539
9/15/1971,149.399
9/16/1971,99.307
9/17/1971,99.024
9/18/1971,140.423
9/19/1971,112.786
9/20/1971,83.393
9/21/1971,156.054
9/22/1971,221.466
9/23/1971,138.526
9/24/1971,104.206
9/25/1971,98.939
9/26/1971,92.03
9/27/1971,54.85
9/28/1971,50.715
9/29/1971,50.517
9/30/1971,101.374
10/1/1971,179.897
10/2/1971,251.028
10/3/1971,230.839
10/4/1971,196.717
10/5/1971,154.412
10/6/1971,123.206
10/7/1971,103.101
10/8/1971,99.392
10/9/1971,124.509
10/10/1971,625.943
10/11/1971,542.635
10/12/1971,382.22
10/13/1971,211.158
10/14/1971,146.936
10/15/1971,145.916
10/16/1971,143.849
10/17/1971,116.41
10/18/1971,121.394
10/19/1971,93.559
10/20/1971,103.045
10/21/1971,106.386
10/22/1971,118.987
10/23/1971,1322.14
10/24/1971,1611.934
10/25/1971,2320.052
10/26/1971,1846.17
10/27/1971,1332.164
10/28/1971,687.022
10/29/1971,434.889
10/30/1971,335.044
10/31/1971,247.234
11/1/1971,173.101
11/2/1971,168.315
11/3/1971,325.983
11/4/1971,548.185
11/5/1971,631.21
11/6/1971,426.366
11/7/1971,208.327
11/8/1971,117.288
11/9/1971,160.726
11/10/1971,208.751
11/11/1971,189.524
11/12/1971,138.809
11/13/1971,91.718
11/14/1971,139.687
11/15/1971,99.534
11/16/1971,90.416
11/17/1971,143.17
11/18/1971,79.259
11/19/1971,114.57
11/20/1971,135.241
11/21/1971,139.347
11/22/1971,37.52
11/23/1971,61.872
11/24/1971,350.307
11/25/1971,513.695
11/26/1971,431.038
11/27/1971,412.519
11/28/1971,329.154
11/29/1971,290.162
11/30/1971,261.166
12/1/1971,241.599
12/2/1971,202.55
12/3/1971,187.401
12/4/1971,157.725
12/5/1971,184.286
12/6/1971,148.493
12/7/1971,160.726
12/8/1971,246.016
12/9/1971,350.166
12/10/1971,269.689
12/11/1971,267.027
12/12/1971,215.944
12/13/1971,149.739
12/14/1971,140.083
12/15/1971,158.687
12/16/1971,269.887
12/17/1971,169.391
12/18/1971,170.042
12/19/1971,181.228
12/20/1971,145.577
12/21/1971,99.703
12/22/1971,187.061
12/23/1971,178.651
12/24/1971,116.127
12/25/1971,128.558
12/26/1971,121.536
12/27/1971,92.709
12/28/1971,114.06
12/29/1971,89.594
12/30/1971,156.875
12/31/1971,99.902
1/1/1972,138.384
1/2/1972,115.193
1/3/1972,98.911
1/4/1972,84.526
1/5/1972,190.515
1/6/1972,217.133
1/7/1972,209.261
1/8/1972,145.52
1/9/1972,147.276
1/10/1972,130.824
1/11/1972,135.553
1/12/1972,179.953
1/13/1972,223.505
1/14/1972,304.604
1/15/1972,613.399
1/16/1972,344.134
1/17/1972,183.918
1/18/1972,144.925
1/19/1972,214.953
1/20/1972,168.881
1/21/1972,178.481
1/22/1972,242.675
1/23/1972,217.615
1/24/1972,153.958
1/25/1972,138.752
1/26/1972,140.536
1/27/1972,150.504
1/28/1972,188.307
1/29/1972,235.794
1/30/1972,209.743
1/31/1972,115.023
2/1/1972,137.223
2/2/1972,279.713
2/3/1972,479.432
2/4/1972,817.789
2/5/1972,973.786
2/6/1972,556.963
2/7/1972,278.071
2/8/1972,261.676
2/9/1972,229.451
2/10/1972,262.412
2/11/1972,310.352
2/12/1972,291.238
2/13/1972,826.822
2/14/1972,998.649
2/15/1972,926.837
2/16/1972,557.529
2/17/1972,346.031
2/18/1972,357.273
2/19/1972,516.498
2/20/1972,326.804
2/21/1972,261.676
2/22/1972,207.449
2/23/1972,308.257
2/24/1972,344.474
2/25/1972,395.331
2/26/1972,432.511
2/27/1972,305.227
2/28/1972,298.261
2/29/1972,329.494
3/1/1972,280.138
3/2/1972,333.232
3/3/1972,335.186
3/4/1972,391.055
3/5/1972,306.784
3/6/1972,144.217
3/7/1972,170.184
3/8/1972,205.382
3/9/1972,218.889
3/10/1972,238.144
3/11/1972,198.331
3/12/1972,171.515
3/13/1972,165.682
3/14/1972,146.624
3/15/1972,139.743
3/16/1972,201.219
3/17/1972,270.284
3/18/1972,256.663
3/19/1972,205.325
3/20/1972,145.888
3/21/1972,153.42
3/22/1972,262.723
3/23/1972,254.426
3/24/1972,289.624
3/25/1972,279.657
3/26/1972,226.336
3/27/1972,150.306
3/28/1972,140.791
3/29/1972,177.235
3/30/1972,152.656
3/31/1972,195.244
4/1/1972,205.637
4/2/1972,212.263
4/3/1972,163.841
4/4/1972,180.69
4/5/1972,152.429
4/6/1972,158.178
4/7/1972,148.748
4/8/1972,466.802
4/9/1972,675.441
4/10/1972,396.718
4/11/1972,340.056
4/12/1972,266.263
4/13/1972,292.937
4/14/1972,432.482
4/15/1972,572.141
4/16/1972,495.742
4/17/1972,221.296
4/18/1972,256.125
4/19/1972,242.25
4/20/1972,206.514
4/21/1972,230.357
4/22/1972,376.472
4/23/1972,340.963
4/24/1972,308.596
4/25/1972,225.232
4/26/1972,203.4
4/27/1972,147.389
4/28/1972,222.598
4/29/1972,249.131
4/30/1972,185.107
5/1/1972,147.87
5/2/1972,73.85
5/3/1972,326.946
5/4/1972,487.275
5/5/1972,861.51
5/6/1972,994.316
5/7/1972,495.742
5/8/1972,370.497
5/9/1972,423.11
5/10/1972,503.02
5/11/1972,317.63
5/12/1972,213.622
5/13/1972,204.929
5/14/1972,599.863
5/15/1972,1155.92
5/16/1972,1260.721
5/17/1972,1116.192
5/18/1972,673.147
5/19/1972,475.071
5/20/1972,415.351
5/21/1972,372.253
5/22/1972,256.041
5/23/1972,264.309
5/24/1972,307.974
5/25/1972,246.441
5/26/1972,199.492
5/27/1972,153.619
5/28/1972,159.452
5/29/1972,129.464
5/30/1972,138.328
5/31/1972,200.171
6/1/1972,189.043
6/2/1972,229.338
6/3/1972,191.195
6/4/1972,156.903
6/5/1972,122.3
6/6/1972,118.279
6/7/1972,119.837
6/8/1972,136.43
6/9/1972,176.244
6/10/1972,120.346
6/11/1972,118.053
6/12/1972,88.292
6/13/1972,82.685
6/14/1972,117.09
6/15/1972,107.207
6/16/1972,111.512
6/17/1972,108.991
6/18/1972,125.274
6/19/1972,143.056
6/20/1972,264.451
6/21/1972,1422.126
6/22/1972,1955.445
6/23/1972,3531.02
6/24/1972,3519.269
6/25/1972,2358.959
6/26/1972,1044.069
6/27/1972,584.147
6/28/1972,515.536
6/29/1972,387.232
6/30/1972,405.723
7/1/1972,365.655
7/2/1972,251.68
7/3/1972,144.614
7/4/1972,95.711
7/5/1972,380.889
7/6/1972,827.219
7/7/1972,911.518
7/8/1972,726.269
7/9/1972,265.612
7/10/1972,247.545
7/11/1972,219.88
7/12/1972,362.682
7/13/1972,400.654
7/14/1972,384.174
7/15/1972,273.739
7/16/1972,160.924
7/17/1972,158.008
7/18/1972,96.136
7/19/1972,153.873
7/20/1972,154.185
7/21/1972,162.425
7/22/1972,265.81
7/23/1972,123.518
7/24/1972,55.699
7/25/1972,95.909
7/26/1972,93.814
7/27/1972,88.207
7/28/1972,105.338
7/29/1972,129.804
7/30/1972,145.407
7/31/1972,215.887
8/1/1972,192.186
8/2/1972,194.508
8/3/1972,158.602
8/4/1972,262.497
8/5/1972,227.78
8/6/1972,158.263
8/7/1972,99.222
8/8/1972,61.051
8/9/1972,119.808
8/10/1972,138.922
8/11/1972,112.503
8/12/1972,119.695
8/13/1972,150.844
8/14/1972,86.593
8/15/1972,29.846
8/16/1972,104.404
8/17/1972,123.631
8/18/1972,87.442
8/19/1972,118.506
8/20/1972,104.149
8/21/1972,95.173
8/22/1972,74.332
8/23/1972,93.87
8/24/1972,85.432
8/25/1972,81.071
8/26/1972,106.103
8/27/1972,96.589
8/28/1972,77.446
8/29/1972,58.191
8/30/1972,73.227
8/31/1972,85.064
9/1/1972,81.382
9/2/1972,72.349
9/3/1972,72.406
9/4/1972,57.88
9/5/1972,186.778
9/6/1972,99.449
9/7/1972,135.156
9/8/1972,132.438
9/9/1972,108.17
9/10/1972,80.76
9/11/1972,82.77
9/12/1972,37.067
9/13/1972,77.616
9/14/1972,115.901
9/15/1972,120.686
9/16/1972,65.582
9/17/1972,68.243
9/18/1972,55.926
9/19/1972,46.921
9/20/1972,73.567
9/21/1972,127.765
9/22/1972,86.564
9/23/1972,66.035
9/24/1972,86.734
9/25/1972,53.915
9/26/1972,44.316
9/27/1972,109.473
9/28/1972,121.989
9/29/1972,216.284
9/30/1972,404.647
10/1/1972,512.789
10/2/1972,339.887
10/3/1972,134.788
10/4/1972,118.874
10/5/1972,910.045
10/6/1972,1567.222
10/7/1972,1258.852
10/8/1972,906.902
10/9/1972,347.617
10/10/1972,141.697
10/11/1972,158.121
10/12/1972,161.859
10/13/1972,101.148
10/14/1972,143.255
10/15/1972,115.051
10/16/1972,112.984
10/17/1972,74.473
10/18/1972,82.912
10/19/1972,168.995
10/20/1972,113.211
10/21/1972,172.308
10/22/1972,132.919
10/23/1972,105.395
10/24/1972,79.91
10/25/1972,103.696
10/26/1972,128.7
10/27/1972,102.054
10/28/1972,261.251
10/29/1972,321.339
10/30/1972,253.237
10/31/1972,146.936
11/1/1972,151.75
11/2/1972,151.41
11/3/1972,155.204
11/4/1972,173.384
11/5/1972,133.967
11/6/1972,98.288
11/7/1972,81.241
11/8/1972,529.581
11/9/1972,408.158
11/10/1972,318.507
11/11/1972,289.681
11/12/1972,208.695
11/13/1972,140.848
11/14/1972,309.219
11/15/1972,932.472
11/16/1972,1259.022
11/17/1972,1162.093
11/18/1972,625.292
11/19/1972,561.72
11/20/1972,957.221
11/21/1972,1052.224
11/22/1972,839.99
11/23/1972,493.788
11/24/1972,278.722
11/25/1972,279.657
11/26/1972,655.619
11/27/1972,663.378
11/28/1972,536.49
11/29/1972,375.113
11/30/1972,336.319
12/1/1972,426.536
12/2/1972,430.444
12/3/1972,318.649
12/4/1972,229.564
12/5/1972,195.131
12/6/1972,236.021
12/7/1972,208.865
12/8/1972,278.128
12/9/1972,323.718
12/10/1972,219.71
12/11/1972,220.871
12/12/1972,307.237
12/13/1972,283.451
12/14/1972,355.178
12/15/1972,990.663
12/16/1972,1000.829
12/17/1972,1005.756
12/18/1972,600.231
12/19/1972,375.254
12/20/1972,307.294
12/21/1972,344.757
12/22/1972,781.855
12/23/1972,1112.284
12/24/1972,1064.712
12/25/1972,464.197
12/26/1972,313.325
12/27/1972,384.995
12/28/1972,347.9
12/29/1972,245.62
12/30/1972,316.554
12/31/1972,241.995
1/1/1973,304.519
1/2/1973,234.775
1/3/1973,305.793
1/4/1973,447.151
1/5/1973,463.574
1/6/1973,448.68
1/7/1973,253.152
1/8/1973,261.562
1/9/1973,237.266
1/10/1973,286.962
1/11/1973,329.381
1/12/1973,260.061
1/13/1973,283.451
1/14/1973,205.75
1/15/1973,139.035
1/16/1973,216.85
1/17/1973,226.364
1/18/1973,199.294
1/19/1973,228.46
1/20/1973,196.009
1/21/1973,202.947
1/22/1973,231.093
1/23/1973,459.468
1/24/1973,631.691
1/25/1973,393.405
1/26/1973,297.723
1/27/1973,377.463
1/28/1973,447.802
1/29/1973,637.893
1/30/1973,602.327
1/31/1973,469.521
2/1/1973,337.734
2/2/1973,1461.373
2/3/1973,1484.423
2/4/1973,1798.457
2/5/1973,1604.77
2/6/1973,774.606
2/7/1973,426.876
2/8/1973,483.453
2/9/1973,402.353
2/10/1973,394.736
2/11/1973,241.995
2/12/1973,229.649
2/13/1973,280.138
2/14/1973,299.11
2/15/1973,361.464
2/16/1973,421.439
2/17/1973,357.754
2/18/1973,247.262
2/19/1973,184.965
2/20/1973,244.261
2/21/1973,260.345
2/22/1973,224.212
2/23/1973,270.171
2/24/1973,245.705
2/25/1973,199.379
2/26/1973,175.904
2/27/1973,252.529
2/28/1973,268.84
3/1/1973,278.099
3/2/1973,241.089
3/3/1973,396.803
3/4/1973,506.163
3/5/1973,564.948
3/6/1973,765.828
3/7/1973,704.777
3/8/1973,677.678
3/9/1973,599.127
3/10/1973,571.716
3/11/1973,408.583
3/12/1973,310.55
3/13/1973,352.714
3/14/1973,362.03
3/15/1973,317.941
3/16/1973,292.144
3/17/1973,552.97
3/18/1973,725.873
3/19/1973,641.347
3/20/1973,423.619
3/21/1973,555.009
3/22/1973,557.275
3/23/1973,704.522
3/24/1973,535.584
3/25/1973,350.477
3/26/1973,428.178
3/27/1973,730.517
3/28/1973,679.49
3/29/1973,570.159
3/30/1973,460.063
3/31/1973,619.826
4/1/1973,810.568
4/2/1973,783.837
4/3/1973,878.387
4/4/1973,665.955
4/5/1973,525.475
4/6/1973,483.877
4/7/1973,502.623
4/8/1973,819.432
4/9/1973,763.251
4/10/1973,730.149
4/11/1973,636.194
4/12/1973,566.449
4/13/1973,482.971
4/14/1973,383.098
4/15/1973,272.691
4/16/1973,216.567
4/17/1973,239.107
4/18/1973,290.474
4/19/1973,286.736
4/20/1973,257.286
4/21/1973,284.81
4/22/1973,177.546
4/23/1973,195.669
4/24/1973,217.53
4/25/1973,341.104
4/26/1973,267.877
4/27/1973,1327.18
4/28/1973,1195.62
4/29/1973,1129.359
4/30/1973,777.494
5/1/1973,539.718
5/2/1973,318.394
5/3/1973,359.652
5/4/1973,393.66
5/5/1973,364.607
5/6/1973,218.719
5/7/1973,182.955
5/8/1973,280.478
5/9/1973,321.396
5/10/1973,417.191
5/11/1973,319.725
5/12/1973,248.253
5/13/1973,209.516
5/14/1973,150.362
5/15/1973,192.469
5/16/1973,180.293
5/17/1973,158.348
5/18/1973,194.168
5/19/1973,185.871
5/20/1973,247.914
5/21/1973,149.314
5/22/1973,198.982
5/23/1973,191.195
5/24/1973,288.577
5/25/1973,315.931
5/26/1973,278.014
5/27/1973,221.267
5/28/1973,445.055
5/29/1973,635.854
5/30/1973,762.288
5/31/1973,573.472
6/1/1973,497.328
6/2/1973,413.85
6/3/1973,215.717
6/4/1973,140.565
6/5/1973,183.408
6/6/1973,264.734
6/7/1973,191.025
6/8/1973,203.145
6/9/1973,255.333
6/10/1973,140.791
6/11/1973,112.984
6/12/1973,176.697
6/13/1973,195.697
6/14/1973,138.158
6/15/1973,171.43
6/16/1973,204.532
6/17/1973,170.609
6/18/1973,142.915
6/19/1973,209.771
6/20/1973,291.493
6/21/1973,189.213
6/22/1973,318.422
6/23/1973,200.455
6/24/1973,203.116
6/25/1973,143.34
6/26/1973,149.116
6/27/1973,166.956
6/28/1973,276.315
6/29/1973,291.21
6/30/1973,277.25
7/1/1973,204.674
7/2/1973,232.084
7/3/1973,209.658
7/4/1973,233.189
7/5/1973,154.638
7/6/1973,137.988
7/7/1973,160.16
7/8/1973,123.801
7/9/1973,69.603
7/10/1973,68.838
7/11/1973,178.537
7/12/1973,157.583
7/13/1973,126.491
7/14/1973,103.271
7/15/1973,241.174
7/16/1973,84.837
7/17/1973,136.034
7/18/1973,126.576
7/19/1973,232.311
7/20/1973,100.836
7/21/1973,105.282
7/22/1973,179.812
7/23/1973,76.625
7/24/1973,93.7
7/25/1973,115.391
7/26/1973,113.635
7/27/1973,126.151
7/28/1973,161.292
7/29/1973,129.493
7/30/1973,92.738
7/31/1973,96.136
8/1/1973,225.147
8/2/1973,220.475
8/3/1973,489.937
8/4/1973,322.613
8/5/1973,210.819
8/6/1973,147.021
8/7/1973,166.871
8/8/1973,132.239
8/9/1973,141.103
8/10/1973,104.121
8/11/1973,126.265
8/12/1973,129.266
8/13/1973,92.341
8/14/1973,110.804
8/15/1973,206.543
8/16/1973,223.136
8/17/1973,164.86
8/18/1973,882.606
8/19/1973,337.395
8/20/1973,207.534
8/21/1973,161.349
8/22/1973,199.888
8/23/1973,165.682
8/24/1973,141.018
8/25/1973,128.445
8/26/1973,99.618
8/27/1973,83.903
8/28/1973,129.21
8/29/1973,126.095
8/30/1973,112.304
8/31/1973,79.712
9/1/1973,68.555
9/2/1973,81.609
9/3/1973,50.687
9/4/1973,50.772
9/5/1973,76.654
9/6/1973,151.891
9/7/1973,120.318
9/8/1973,123.32
9/9/1973,136.798
9/10/1973,57.087
9/11/1973,58.757
9/12/1973,63.543
9/13/1973,71.698
9/14/1973,169.391
9/15/1973,164.152
9/16/1973,112.786
9/17/1973,89.198
9/18/1973,72.859
9/19/1973,85.234
9/20/1973,89.198
9/21/1973,61.872
9/22/1973,69.376
9/23/1973,74.077
9/24/1973,53.944
9/25/1973,29.733
9/26/1973,19.086
9/27/1973,90.869
9/28/1973,51.282
9/29/1973,99.505
9/30/1973,72.944
10/1/1973,59.21
10/2/1973,10.336
10/3/1973,151.835
10/4/1973,238.456
10/5/1973,134.165
10/6/1973,129.974
10/7/1973,66.29
10/8/1973,103.753
10/9/1973,78.409
10/10/1973,85.092
10/11/1973,96.305
10/12/1973,99.817
10/13/1973,100.666
10/14/1973,87.442
10/15/1973,67.96
10/16/1973,50.404
10/17/1973,62.41
10/18/1973,76.569
10/19/1973,62.863
10/20/1973,87.895
10/21/1973,57.2
10/22/1973,39.955
10/23/1973,67.196
10/24/1973,68.47
10/25/1973,72.123
10/26/1973,91.407
10/27/1973,67.96
10/28/1973,65.327
10/29/1973,129.578
10/30/1973,134.392
10/31/1973,127.142
11/1/1973,119.78
11/2/1973,125.868
11/3/1973,118.704
11/4/1973,98.231
11/5/1973,135.383
11/6/1973,64.449
11/7/1973,90.132
11/8/1973,108.283
11/9/1973,90.67
11/10/1973,65.497
11/11/1973,94.04
11/12/1973,53.717
11/13/1973,62.184
11/14/1973,88.348
11/15/1973,110.917
11/16/1973,85.177
11/17/1973,80.278
11/18/1973,67.111
11/19/1973,50.744
11/20/1973,55.954
11/21/1973,99.392
11/22/1973,101.204
11/23/1973,119.469
11/24/1973,97.891
11/25/1973,98.316
11/26/1973,59.607
11/27/1973,82.147
11/28/1973,109.586
11/29/1973,46.043
11/30/1973,148.295
12/1/1973,117.6
12/2/1973,101.487
12/3/1973,76.484
12/4/1973,58.729
12/5/1973,110.945
12/6/1973,138.611
12/7/1973,212.829
12/8/1973,338.726
12/9/1973,291.72
12/10/1973,548.893
12/11/1973,368.996
12/12/1973,280.081
12/13/1973,232.198
12/14/1973,210.875
12/15/1973,259.212
12/16/1973,300.696
12/17/1973,240.636
12/18/1973,118.024
12/19/1973,155.799
12/20/1973,468.162
12/21/1973,978.062
12/22/1973,1187.975
12/23/1973,1398.963
12/24/1973,759.598
12/25/1973,373.697
12/26/1973,326.096
12/27/1973,356.169
12/28/1973,510.155
12/29/1973,409.857
12/30/1973,354.413
12/31/1973,312.844
1/1/1974,545.297
1/2/1974,629.681
1/3/1974,509.023
1/4/1974,533.658
1/5/1974,505.483
1/6/1974,381.71
1/7/1974,297.015
1/8/1974,214.5
1/9/1974,447.264
1/10/1974,562.258
1/11/1974,508.4
1/12/1974,365.938
1/13/1974,298.969
1/14/1974,215.774
1/15/1974,156.479
1/16/1974,238.314
1/17/1974,154.695
1/18/1974,182.53
1/19/1974,181.511
1/20/1974,166.39
1/21/1974,321.084
1/22/1974,654.571
1/23/1974,903.532
1/24/1974,581.74
1/25/1974,423.761
1/26/1974,611.586
1/27/1974,627.359
1/28/1974,583.807
1/29/1974,528.363
1/30/1974,542.72
1/31/1974,445.027
2/1/1974,321.028
2/2/1974,324.68
2/3/1974,254.37
2/4/1974,229.423
2/5/1974,226.676
2/6/1974,341.246
2/7/1974,357.415
2/8/1974,554.783
2/9/1974,587.828
2/10/1974,393.83
2/11/1974,220.276
2/12/1974,242.732
2/13/1974,261.676
2/14/1974,277.505
2/15/1974,283.196
2/16/1974,410.112
2/17/1974,430.614
2/18/1974,315.109
2/19/1974,350.987
2/20/1974,330.315
2/21/1974,268.528
2/22/1974,439.958
2/23/1974,410.848
2/24/1974,369.648
2/25/1974,250.83
2/26/1974,175.904
2/27/1974,262.837
2/28/1974,241.769
3/1/1974,224.609
3/2/1974,235.483
3/3/1974,165.002
3/4/1974,144.416
3/5/1974,168.711
3/6/1974,217.246
3/7/1974,224.75
3/8/1974,220.588
3/9/1974,190.487
3/10/1974,158.008
3/11/1974,133.344
3/12/1974,188.137
3/13/1974,227.497
3/14/1974,221.466
3/15/1974,173.95
3/16/1974,291.295
3/17/1974,177.008
3/18/1974,160.981
3/19/1974,190.855
3/20/1974,212.801
3/21/1974,368.77
3/22/1974,578.484
3/23/1974,631.266
3/24/1974,332.014
3/25/1974,205.155
3/26/1974,203.088
3/27/1974,178.283
3/28/1974,181.114
3/29/1974,330.4
3/30/1974,477.818
3/31/1974,402.891
4/1/1974,361.804
4/2/1974,264.139
4/3/1974,263.063
4/4/1974,329.494
4/5/1974,652.957
4/6/1974,995.052
4/7/1974,1075.076
4/8/1974,685.578
4/9/1974,696.961
4/10/1974,547.958
4/11/1974,385.024
4/12/1974,290.134
4/13/1974,279.26
4/14/1974,263.884
4/15/1974,204.107
4/16/1974,150.164
4/17/1974,315.647
4/18/1974,212.263
4/19/1974,186.579
4/20/1974,213.424
4/21/1974,201.587
4/22/1974,148.89
4/23/1974,247.574
4/24/1974,215.123
4/25/1974,244.714
4/26/1974,145.888
4/27/1974,157.781
4/28/1974,173.072
4/29/1974,163.756
4/30/1974,142.009
5/1/1974,130.456
5/2/1974,190.657
5/3/1974,219.115
5/4/1974,147.021
5/5/1974,256.975
5/6/1974,258.447
5/7/1974,188.731
5/8/1974,144.557
5/9/1974,259.75
5/10/1974,278.354
5/11/1974,252.699
5/12/1974,349.628
5/13/1974,322.727
5/14/1974,444.97
5/15/1974,355.234
5/16/1974,209.941
5/17/1974,219.37
5/18/1974,304.066
5/19/1974,248.168
5/20/1974,174.318
5/21/1974,230.187
5/22/1974,219.568
5/23/1974,162.935
5/24/1974,162
5/25/1974,150.674
5/26/1974,171.09
5/27/1974,173.469
5/28/1974,155.459
5/29/1974,249.386
5/30/1974,277.844
5/31/1974,172.959
6/1/1974,221.664
6/2/1974,263.856
6/3/1974,306.331
6/4/1974,239.617
6/5/1974,217.898
6/6/1974,213.141
6/7/1974,195.612
6/8/1974,254.964
6/9/1974,159.82
6/10/1974,96.192
6/11/1974,155.771
6/12/1974,158.008
6/13/1974,105.169
6/14/1974,113.465
6/15/1974,126.095
6/16/1974,147.814
6/17/1974,86.055
6/18/1974,86.848
6/19/1974,102.847
6/20/1974,103.866
6/21/1974,142.972
6/22/1974,75.606
6/23/1974,115.759
6/24/1974,62.778
6/25/1974,66.941
6/26/1974,105.508
6/27/1974,142.349
6/28/1974,123.886
6/29/1974,137.875
6/30/1974,105.905
7/1/1974,81.467
7/2/1974,59.494
7/3/1974,64.902
7/4/1974,90.076
7/5/1974,56.747
7/6/1974,117.373
7/7/1974,259.552
7/8/1974,333.459
7/9/1974,204.815
7/10/1974,186.608
7/11/1974,118.704
7/12/1974,71.019
7/13/1974,80.023
7/14/1974,63.6
7/15/1974,70.594
7/16/1974,27.354
7/17/1974,79.882
7/18/1974,95.399
7/19/1974,54.34
7/20/1974,64.789
7/21/1974,95.966
7/22/1974,49.469
7/23/1974,46.071
7/24/1974,123.065
7/25/1974,123.461
7/26/1974,75.068
7/27/1974,212.971
7/28/1974,232.113
7/29/1974,143.311
7/30/1974,71.019
7/31/1974,86.593
8/1/1974,85.403
8/2/1974,101.629
8/3/1974,135.383
8/4/1974,142.717
8/5/1974,250.604
8/6/1974,527.74
8/7/1974,345.012
8/8/1974,270.907
8/9/1974,167.777
8/10/1974,143.538
8/11/1974,170.411
8/12/1974,127.992
8/13/1974,89.793
8/14/1974,119.554
8/15/1974,119.214
8/16/1974,109.756
8/17/1974,94.097
8/18/1974,89.708
8/19/1974,27.241
8/20/1974,147.077
8/21/1974,166.474
8/22/1974,133.854
8/23/1974,97.127
8/24/1974,107.66
8/25/1974,82.94
8/26/1974,82.685
8/27/1974,85.262
8/28/1974,129.464
8/29/1974,109.02
8/30/1974,123.036
8/31/1974,105.792
9/1/1974,135.128
9/2/1974,267.424
9/3/1974,262.129
9/4/1974,438.231
9/5/1974,249.018
9/6/1974,1048.146
9/7/1974,2022.952
9/8/1974,1877.517
9/9/1974,1703.935
9/10/1974,624.64
9/11/1974,287.387
9/12/1974,193.97
9/13/1974,169.589
9/14/1974,137.082
9/15/1974,113.834
9/16/1974,95.399
9/17/1974,106.528
9/18/1974,105.225
9/19/1974,123.518
9/20/1974,115.646
9/21/1974,147.049
9/22/1974,96.305
9/23/1974,75.408
9/24/1974,63.316
9/25/1974,87.725
9/26/1974,88.575
9/27/1974,87.187
9/28/1974,122.555
9/29/1974,109.728
9/30/1974,31.771
10/1/1974,61.476
10/2/1974,71.84
10/3/1974,59.069
10/4/1974,46.468
10/5/1974,76.71
10/6/1974,78.834
10/7/1974,71.16
10/8/1974,55.812
10/9/1974,70.481
10/10/1974,83.931
10/11/1974,90.047
10/12/1974,82.997
10/13/1974,76.172
10/14/1974,71.387
10/15/1974,54.708
10/16/1974,115.561
10/17/1974,86.564
10/18/1974,77.39
10/19/1974,149.314
10/20/1974,74.898
10/21/1974,66.261
10/22/1974,33.442
10/23/1974,73.794
10/24/1974,67.734
10/25/1974,103.753
10/26/1974,95.824
10/27/1974,80.08
10/28/1974,54.595
10/29/1974,60.711
10/30/1974,87.895
10/31/1974,86.31
11/1/1974,74.473
11/2/1974,113.664
11/3/1974,80.59
11/4/1974,52.414
11/5/1974,63.628
11/6/1974,78.522
11/7/1974,74.7
11/8/1974,76.54
11/9/1974,87.924
11/10/1974,81.156
11/11/1974,59.635
11/12/1974,96.164
11/13/1974,62.58
11/14/1974,52.924
11/15/1974,110.549
11/16/1974,67.111
11/17/1974,107.151
11/18/1974,60.088
11/19/1974,65.072
11/20/1974,140.366
11/21/1974,78.607
11/22/1974,95.569
11/23/1974,124.084
11/24/1974,47.94
11/25/1974,93.87
11/26/1974,10.421
11/27/1974,22.625
11/28/1974,67.847
11/29/1974,83.676
11/30/1974,112.673
12/1/1974,165.568
12/2/1974,162.312
12/3/1974,164.634
12/4/1974,227.384
12/5/1974,149.994
12/6/1974,117.43
12/7/1974,139.942
12/8/1974,290.672
12/9/1974,599.693
12/10/1974,498.97
12/11/1974,298.884
12/12/1974,225.543
12/13/1974,177.263
12/14/1974,155.601
12/15/1974,144.614
12/16/1974,157.215
12/17/1974,235.029
12/18/1974,215.831
12/19/1974,177.886
12/20/1974,187.825
12/21/1974,158.659
12/22/1974,154.242
12/23/1974,102.875
12/24/1974,117.373
12/25/1974,159.848
12/26/1974,119.384
12/27/1974,136.742
12/28/1974,168.57
12/29/1974,150.334
12/30/1974,135.071
12/31/1974,134.675
1/1/1975,166.786
1/2/1975,96.589
1/3/1975,126.661
1/4/1975,168.287
1/5/1975,134.25
1/6/1975,137.959
1/7/1975,164.549
1/8/1975,219.172
1/9/1975,193.234
1/10/1975,196.49
1/11/1975,819.658
1/12/1975,848.909
1/13/1975,1263.637
1/14/1975,1079.974
1/15/1975,888.779
1/16/1975,503.501
1/17/1975,280.563
1/18/1975,231.235
1/19/1975,218.124
1/20/1975,336.149
1/21/1975,314.26
1/22/1975,441.969
1/23/1975,262.242
1/24/1975,319.329
1/25/1975,545.467
1/26/1975,493.647
1/27/1975,498.432
1/28/1975,433.275
1/29/1975,386.977
1/30/1975,241.174
1/31/1975,209.799
2/1/1975,228.743
2/2/1975,227.724
2/3/1975,201.587
2/4/1975,325.134
2/5/1975,604.819
2/6/1975,617.335
2/7/1975,806.491
2/8/1975,809.436
2/9/1975,443.696
2/10/1975,277.165
2/11/1975,303.471
2/12/1975,330.032
2/13/1975,313.354
2/14/1975,311.315
2/15/1975,314.571
2/16/1975,265.3
2/17/1975,191.252
2/18/1975,246.979
2/19/1975,291.493
2/20/1975,256.72
2/21/1975,208.836
2/22/1975,225.515
2/23/1975,222.598
2/24/1975,222.485
2/25/1975,286.538
2/26/1975,338.159
2/27/1975,254.71
2/28/1975,205.382
3/1/1975,215.491
3/2/1975,227.129
3/3/1975,131.758
3/4/1975,121.422
3/5/1975,177.49
3/6/1975,175.111
3/7/1975,158.857
3/8/1975,186.494
3/9/1975,136.572
3/10/1975,168.853
3/11/1975,116.156
3/12/1975,265.357
3/13/1975,895.774
3/14/1975,1850.786
3/15/1975,1883.577
3/16/1975,2599.68
3/17/1975,2565.474
3/18/1975,1764.561
3/19/1975,2008.737
3/20/1975,2190.503
3/21/1975,2841.166
3/22/1975,2219.896
3/23/1975,1083.599
3/24/1975,765.601
3/25/1975,701.464
3/26/1975,606.008
3/27/1975,405.468
3/28/1975,328.673
3/29/1975,366.448
3/30/1975,1648.632
3/31/1975,2109.403
4/1/1975,2208.682
4/2/1975,1524.661
4/3/1975,691.383
4/4/1975,448.595
4/5/1975,323.746
4/6/1975,247.291
4/7/1975,205.523
4/8/1975,240.891
4/9/1975,214.896
4/10/1975,225.26
4/11/1975,232.028
4/12/1975,230.414
4/13/1975,197.057
4/14/1975,141.839
4/15/1975,389.866
4/16/1975,253.407
4/17/1975,221.947
4/18/1975,197.255
4/19/1975,215.321
4/20/1975,187.655
4/21/1975,167.012
4/22/1975,133.457
4/23/1975,223.731
4/24/1975,146.568
4/25/1975,181.143
4/26/1975,238.739
4/27/1975,200.511
4/28/1975,182.757
4/29/1975,167.239
4/30/1975,190.629
5/1/1975,199.973
5/2/1975,145.718
5/3/1975,314.458
5/4/1975,253.832
5/5/1975,224.212
5/6/1975,345.833
5/7/1975,232.113
5/8/1975,185.9
5/9/1975,177.093
5/10/1975,177.178
5/11/1975,205.778
5/12/1975,211.923
5/13/1975,137.62
5/14/1975,173.157
5/15/1975,198.784
5/16/1975,216.369
5/17/1975,369.166
5/18/1975,344.417
5/19/1975,276.429
5/20/1975,276.457
5/21/1975,212.093
5/22/1975,182.36
5/23/1975,177.093
5/24/1975,146.568
5/25/1975,173.327
5/26/1975,136.091
5/27/1975,130.54
5/28/1975,137.591
5/29/1975,183.181
5/30/1975,172.676
5/31/1975,288.831
6/1/1975,388.761
6/2/1975,678.131
6/3/1975,635.372
6/4/1975,355.178
6/5/1975,285.32
6/6/1975,170.241
6/7/1975,211.923
6/8/1975,165.823
6/9/1975,133.344
6/10/1975,112.927
6/11/1975,103.498
6/12/1975,148.776
6/13/1975,161.972
6/14/1975,267.112
6/15/1975,161.717
6/16/1975,98.203
6/17/1975,117.741
6/18/1975,73.284
6/19/1975,111.285
6/20/1975,125.783
6/21/1975,126.746
6/22/1975,140.536
6/23/1975,69.121
6/24/1975,68.838
6/25/1975,88.632
6/26/1975,140.791
6/27/1975,105.99
6/28/1975,133.599
6/29/1975,126.689
6/30/1975,66.205
7/1/1975,65.922
7/2/1975,84.865
7/3/1975,108
7/4/1975,147.417
7/5/1975,101.091
7/6/1975,65.922
7/7/1975,129.606
7/8/1975,101.827
7/9/1975,107.236
7/10/1975,192.668
7/11/1975,292.597
7/12/1975,355.687
7/13/1975,830.588
7/14/1975,1798.683
7/15/1975,1571.469
7/16/1975,1411.479
7/17/1975,1246.109
7/18/1975,777.551
7/19/1975,334.959
7/20/1975,217.53
7/21/1975,135.439
7/22/1975,155.034
7/23/1975,165.71
7/24/1975,212.603
7/25/1975,290.87
7/26/1975,513.752
7/27/1975,302.876
7/28/1975,171.741
7/29/1975,99.647
7/30/1975,171.345
7/31/1975,122.838
8/1/1975,114.145
8/2/1975,116.58
8/3/1975,119.667
8/4/1975,53.377
8/5/1975,143.849
8/6/1975,318.168
8/7/1975,264.96
8/8/1975,180.718
8/9/1975,116.609
8/10/1975,108.482
8/11/1975,75.832
8/12/1975,49.101
8/13/1975,87.301
8/14/1975,101.289
8/15/1975,80.646
8/16/1975,85.262
8/17/1975,133.372
8/18/1975,98.203
8/19/1975,88.971
8/20/1975,101.119
8/21/1975,109.331
8/22/1975,103.073
8/23/1975,76.342
8/24/1975,122.357
8/25/1975,58.729
8/26/1975,70.056
8/27/1975,107.236
8/28/1975,74.53
8/29/1975,104.149
8/30/1975,83.053
8/31/1975,62.835
9/1/1975,96.447
9/2/1975,53.094
9/3/1975,55.331
9/4/1975,79.797
9/5/1975,83.789
9/6/1975,136.77
9/7/1975,150.277
9/8/1975,146.596
9/9/1975,116.609
9/10/1975,112.135
9/11/1975,129.068
9/12/1975,110.52
9/13/1975,136.742
9/14/1975,125.16
9/15/1975,105.961
9/16/1975,77.163
9/17/1975,89.764
9/18/1975,107.859
9/19/1975,114.117
9/20/1975,195.811
9/21/1975,195.782
9/22/1975,108.198
9/23/1975,426.309
9/24/1975,1125.819
9/25/1975,1426.402
9/26/1975,1321.828
9/27/1975,828.012
9/28/1975,381.88
9/29/1975,232
9/30/1975,157.583
10/1/1975,191.167
10/2/1975,141.414
10/3/1975,143.736
10/4/1975,130.625
10/5/1975,107.915
10/6/1975,83.393
10/7/1975,63.826
10/8/1975,145.293
10/9/1975,184.88
10/10/1975,205.637
10/11/1975,178.141
10/12/1975,106.415
10/13/1975,99.788
10/14/1975,81.524
10/15/1975,97.098
10/16/1975,115.221
10/17/1975,109.954
10/18/1975,463.008
10/19/1975,594.341
10/20/1975,272.946
10/21/1975,249.188
10/22/1975,209.346
10/23/1975,198.274
10/24/1975,196.32
10/25/1975,155.827
10/26/1975,138.781
10/27/1975,40.04
10/28/1975,120.035
10/29/1975,104.008
10/30/1975,103.017
10/31/1975,96.645
11/1/1975,91.633
11/2/1975,119.837
11/3/1975,95.201
11/4/1975,68.838
11/5/1975,106.471
11/6/1975,97.297
11/7/1975,114.315
11/8/1975,123.263
11/9/1975,103.498
11/10/1975,101.686
11/11/1975,75.549
11/12/1975,202.805
11/13/1975,275.126
11/14/1975,362.795
11/15/1975,427.669
11/16/1975,200.426
11/17/1975,104.262
11/18/1975,119.865
11/19/1975,129.578
11/20/1975,117.685
11/21/1975,127.539
11/22/1975,113.522
11/23/1975,144.784
11/24/1975,73.822
11/25/1975,99.93
11/26/1975,91.435
11/27/1975,139.658
11/28/1975,94.153
11/29/1975,93.785
11/30/1975,99.873
12/1/1975,102.224
12/2/1975,64.081
12/3/1975,64.732
12/4/1975,112.927
12/5/1975,85.46
12/6/1975,125.868
12/7/1975,140.225
12/8/1975,250.887
12/9/1975,210.422
12/10/1975,210.79
12/11/1975,183.918
12/12/1975,113.777
12/13/1975,126.123
12/14/1975,166.701
12/15/1975,128.955
12/16/1975,112.842
12/17/1975,118.732
12/18/1975,138.497
12/19/1975,173.27
12/20/1975,167.834
12/21/1975,55.189
12/22/1975,117.713
12/23/1975,80.505
12/24/1975,103.611
12/25/1975,151.438
12/26/1975,319.074
12/27/1975,388.393
12/28/1975,319.159
12/29/1975,216.708
12/30/1975,211.498
12/31/1975,459.525
1/1/1976,1122.251
1/2/1976,1170.617
1/3/1976,943.771
1/4/1976,391.112
1/5/1976,260.769
1/6/1976,246.951
1/7/1976,301.631
1/8/1976,313.382
1/9/1976,243.694
1/10/1976,236.219
1/11/1976,210.62
1/12/1976,133.202
1/13/1976,188.052
1/14/1976,165.115
1/15/1976,157.583
1/16/1976,180.35
1/17/1976,164.266
1/18/1976,146.483
1/19/1976,102.648
1/20/1976,97.438
1/21/1976,184.456
1/22/1976,119.469
1/23/1976,140.083
1/24/1976,122.017
1/25/1976,136.685
1/26/1976,268.67
1/27/1976,654.43
1/28/1976,891.271
1/29/1976,1010.825
1/30/1976,551.271
1/31/1976,360.841
2/1/1976,261.845
2/2/1976,535.188
2/3/1976,382.107
2/4/1976,343.483
2/5/1976,282.064
2/6/1976,225.062
2/7/1976,220.135
2/8/1976,199.435
2/9/1976,143.198
2/10/1976,137.223
2/11/1976,173.554
2/12/1976,134.646
2/13/1976,164.492
2/14/1976,133.032
2/15/1976,176.952
2/16/1976,126.774
2/17/1976,134.193
2/18/1976,172.166
2/19/1976,166.05
2/20/1976,142.462
2/21/1976,156.932
2/22/1976,192.583
2/23/1976,193.744
2/24/1976,278.411
2/25/1976,248.905
2/26/1976,213.707
2/27/1976,226.846
2/28/1976,211.64
2/29/1976,177.858
3/1/1976,142.434
3/2/1976,101.572
3/3/1976,129.266
3/4/1976,149.003
3/5/1976,148.408
3/6/1976,146.341
3/7/1976,135.099
3/8/1976,111.143
3/9/1976,276.712
3/10/1976,352.006
3/11/1976,378.596
3/12/1976,258.278
3/13/1976,268.33
3/14/1976,177.603
3/15/1976,123.433
3/16/1976,255.361
3/17/1976,112.899
3/18/1976,160.131
3/19/1976,180.944
3/20/1976,158.517
3/21/1976,165.115
3/22/1976,112.021
3/23/1976,119.525
3/24/1976,130.937
3/25/1976,152.259
3/26/1976,130.257
3/27/1976,168.683
3/28/1976,100.921
3/29/1976,114.541
3/30/1976,113.211
3/31/1976,158.149
4/1/1976,337.055
4/2/1976,612.011
4/3/1976,531.988
4/4/1976,394.481
4/5/1976,207.93
4/6/1976,233.897
4/7/1976,162
4/8/1976,203.23
4/9/1976,159.14
4/10/1976,148.805
4/11/1976,129.351
4/12/1976,118.223
4/13/1976,123.518
4/14/1976,129.351
4/15/1976,128.049
4/16/1976,124.424
4/17/1976,125.104
4/18/1976,97.325
4/19/1976,119.469
4/20/1976,105.31
4/21/1976,92.313
4/22/1976,130.625
4/23/1976,87.187
4/24/1976,89.141
4/25/1976,115.533
4/26/1976,82.77
4/27/1976,88.773
4/28/1976,65.497
4/29/1976,85.432
4/30/1976,71.103
5/1/1976,174.601
5/2/1976,132.749
5/3/1976,140.734
5/4/1976,116.354
5/5/1976,61.985
5/6/1976,85.035
5/7/1976,113.522
5/8/1976,78.268
5/9/1976,85.941
5/10/1976,83.676
5/11/1976,88.009
5/12/1976,60.711
5/13/1976,85.375
5/14/1976,96.815
5/15/1976,142.349
5/16/1976,170.297
5/17/1976,179.217
5/18/1976,169.533
5/19/1976,93.162
5/20/1976,93.955
5/21/1976,87.329
5/22/1976,68.697
5/23/1976,79.853
5/24/1976,72.831
5/25/1976,90.387
5/26/1976,64.619
5/27/1976,104.659
5/28/1976,93.672
5/29/1976,179.245
5/30/1976,183.266
5/31/1976,425.885
6/1/1976,344.672
6/2/1976,292.852
6/3/1976,347.164
6/4/1976,274.758
6/5/1976,279.062
6/6/1976,221.551
6/7/1976,142.858
6/8/1976,75.464
6/9/1976,108.142
6/10/1976,88.915
6/11/1976,114.683
6/12/1976,114.4
6/13/1976,101.318
6/14/1976,67.337
6/15/1976,50.659
6/16/1976,88.915
6/17/1976,165.229
6/18/1976,233.274
6/19/1976,299.139
6/20/1976,178.99
6/21/1976,247.262
6/22/1976,283.848
6/23/1976,241.854
6/24/1976,260.061
6/25/1976,229.281
6/26/1976,180.774
6/27/1976,137.28
6/28/1976,101.204
6/29/1976,56.464
6/30/1976,92.653
7/1/1976,84.752
7/2/1976,90.246
7/3/1976,106.471
7/4/1976,157.81
7/5/1976,74.02
7/6/1976,47.317
7/7/1976,78.749
7/8/1976,108.425
7/9/1976,97.608
7/10/1976,97.41
7/11/1976,101.431
7/12/1976,19.397
7/13/1976,37.718
7/14/1976,70.962
7/15/1976,38.058
7/16/1976,76.002
7/17/1976,57.596
7/18/1976,57.625
7/19/1976,37.548
7/20/1976,19.086
7/21/1976,49.639
7/22/1976,61.504
7/23/1976,47.091
7/24/1976,147.984
7/25/1976,43.693
7/26/1976,35.991
7/27/1976,24.607
7/28/1976,68.753
7/29/1976,57.398
7/30/1976,84.101
7/31/1976,76.37
8/1/1976,62.92
8/2/1976,36.076
8/3/1976,29.308
8/4/1976,36.415
8/5/1976,48.988
8/6/1976,32.168
8/7/1976,46.949
8/8/1976,56.096
8/9/1976,39.898
8/10/1976,36.047
8/11/1976,49.498
8/12/1976,58.701
8/13/1976,44.91
8/14/1976,182.36
8/15/1976,223.816
8/16/1976,49.498
8/17/1976,36.019
8/18/1976,42.787
8/19/1976,47.997
8/20/1976,42.305
8/21/1976,49.923
8/22/1976,61.561
8/23/1976,34.093
8/24/1976,10.732
8/25/1976,32.423
8/26/1976,33.357
8/27/1976,55.756
8/28/1976,66.318
8/29/1976,47.742
8/30/1976,15.404
8/31/1976,32.253
9/1/1976,26.335
9/2/1976,85.545
9/3/1976,41.682
9/4/1976,39.53
9/5/1976,48.224
9/6/1976,35.113
9/7/1976,19.935
9/8/1976,3.936
9/9/1976,31.12
9/10/1976,98.911
9/11/1976,34.292
9/12/1976,49.441
9/13/1976,9.769
9/14/1976,58.163
9/15/1976,178.169
9/16/1976,83.931
9/17/1976,93.304
9/18/1976,85.347
9/19/1976,40.38
9/20/1976,53.462
9/21/1976,27.92
9/22/1976,40.776
9/23/1976,34.462
9/24/1976,33.102
9/25/1976,35.623
9/26/1976,64.053
9/27/1976,25.712
9/28/1976,51.593
9/29/1976,46.185
9/30/1976,89.34
10/1/1976,65.808
10/2/1976,133.4
10/3/1976,114.711
10/4/1976,105.112
10/5/1976,59.154
10/6/1976,75.436
10/7/1976,54.935
10/8/1976,84.441
10/9/1976,360.331
10/10/1976,779.533
10/11/1976,891.356
10/12/1976,397.171
10/13/1976,295.486
10/14/1976,235.483
10/15/1976,157.017
10/16/1976,103.441
10/17/1976,143.793
10/18/1976,108.595
10/19/1976,81.779
10/20/1976,494.128
10/21/1976,734.736
10/22/1976,731.14
10/23/1976,406.658
10/24/1976,206.769
10/25/1976,149.314
10/26/1976,289.199
10/27/1976,646.104
10/28/1976,509.051
10/29/1976,320.858
10/30/1976,299.79
10/31/1976,247.602
11/1/1976,200.115
11/2/1976,166.078
11/3/1976,122.3
11/4/1976,175.366
11/5/1976,130.88
11/6/1976,132.834
11/7/1976,140.565
11/8/1976,43.58
11/9/1976,67.196
11/10/1976,93.587
11/11/1976,103.668
11/12/1976,93.842
11/13/1976,94.606
11/14/1976,93.219
11/15/1976,58.276
11/16/1976,23.531
11/17/1976,101.629
11/18/1976,87.442
11/19/1976,100.525
11/20/1976,101.742
11/21/1976,136.572
11/22/1976,146.993
11/23/1976,33.98
11/24/1976,84.78
11/25/1976,77.163
11/26/1976,110.436
11/27/1976,87.895
11/28/1976,161.859
11/29/1976,202.295
11/30/1976,485.293
12/1/1976,404.562
12/2/1976,259.892
12/3/1976,170.467
12/4/1976,150.164
12/5/1976,137.875
12/6/1976,80.137
12/7/1976,286.198
12/8/1976,850.892
12/9/1976,872.894
12/10/1976,569.423
12/11/1976,439.448
12/12/1976,409.772
12/13/1976,253.832
12/14/1976,415.464
12/15/1976,351.808
12/16/1976,304.406
12/17/1976,340.764
12/18/1976,301.461
12/19/1976,207.052
12/20/1976,171.77
12/21/1976,158.772
12/22/1976,204.759
12/23/1976,188.958
12/24/1976,173.016
12/25/1976,169.165
12/26/1976,176.215
12/27/1976,141.98
12/28/1976,201.701
12/29/1976,216.369
12/30/1976,170.722
12/31/1976,185.305
1/1/1977,103.526
1/2/1977,93.219
1/3/1977,45.222
1/4/1977,117.571
1/5/1977,129.946
1/6/1977,171.826
1/7/1977,159.678
1/8/1977,121.422
1/9/1977,206.316
1/10/1977,228.148
1/11/1977,170.892
1/12/1977,182.728
1/13/1977,197.028
1/14/1977,274.673
1/15/1977,287.161
1/16/1977,244.232
1/17/1977,155.034
1/18/1977,175.564
1/19/1977,204.221
1/20/1977,134.108
1/21/1977,147.389
1/22/1977,137.082
1/23/1977,125.925
1/24/1977,130.484
1/25/1977,105.14
1/26/1977,126.265
1/27/1977,148.21
1/28/1977,129.549
1/29/1977,181.454
1/30/1977,101.346
1/31/1977,64.364
2/1/1977,67.394
2/2/1977,100.864
2/3/1977,123.631
2/4/1977,124.962
2/5/1977,172.421
2/6/1977,119.072
2/7/1977,85.687
2/8/1977,50.772
2/9/1977,113.494
2/10/1977,116.24
2/11/1977,135.241
2/12/1977,147.247
2/13/1977,162.538
2/14/1977,114.23
2/15/1977,138.837
2/16/1977,151.863
2/17/1977,123.773
2/18/1977,150.985
2/19/1977,130.88
2/20/1977,135.298
2/21/1977,54.482
2/22/1977,107.066
2/23/1977,117.033
2/24/1977,196.462
2/25/1977,180.491
2/26/1977,210.62
2/27/1977,275.268
2/28/1977,203.513
3/1/1977,197.651
3/2/1977,155.714
3/3/1977,154.298
3/4/1977,224.552
3/5/1977,181.511
3/6/1977,303.386
3/7/1977,365.768
3/8/1977,340.679
3/9/1977,251.312
3/10/1977,203.371
3/11/1977,174.063
3/12/1977,158.999
3/13/1977,204.192
3/14/1977,192.583
3/15/1977,280.704
3/16/1977,266.801
3/17/1977,245.337
3/18/1977,227.752
3/19/1977,147.615
3/20/1977,224.807
3/21/1977,204.334
3/22/1977,484.5
3/23/1977,366.193
3/24/1977,321.566
3/25/1977,208.808
3/26/1977,232.623
3/27/1977,155.148
3/28/1977,132.296
3/29/1977,145.577
3/30/1977,223.929
3/31/1977,184.427
4/1/1977,129.917
4/2/1977,159.254
4/3/1977,160.556
4/4/1977,168.06
4/5/1977,626.594
4/6/1977,957.306
4/7/1977,1031.638
4/8/1977,595.078
4/9/1977,406.431
4/10/1977,347.362
4/11/1977,258.702
4/12/1977,246.526
4/13/1977,225.685
4/14/1977,159.084
4/15/1977,166.418
4/16/1977,169.306
4/17/1977,105.905
4/18/1977,130.399
4/19/1977,111.257
4/20/1977,112.673
4/21/1977,108.142
4/22/1977,114.626
4/23/1977,133.684
4/24/1977,170.665
4/25/1977,106.754
4/26/1977,120.516
4/27/1977,111.738
4/28/1977,96.957
4/29/1977,179.84
4/30/1977,141.442
5/1/1977,118.279
5/2/1977,92.511
5/3/1977,73.482
5/4/1977,104.064
5/5/1977,148.295
5/6/1977,127.142
5/7/1977,152.118
5/8/1977,132.494
5/9/1977,118.166
5/10/1977,80.476
5/11/1977,73.935
5/12/1977,99.505
5/13/1977,55.756
5/14/1977,74.105
5/15/1977,63.458
5/16/1977,70.339
5/17/1977,58.786
5/18/1977,60.796
5/19/1977,68.64
5/20/1977,49.441
5/21/1977,82.543
5/22/1977,76.965
5/23/1977,62.92
5/24/1977,65.299
5/25/1977,210.904
5/26/1977,142.915
5/27/1977,129.436
5/28/1977,103.3
5/29/1977,83.053
5/30/1977,75.096
5/31/1977,105.877
6/1/1977,92.058
6/2/1977,69.716
6/3/1977,48.224
6/4/1977,2.492
6/5/1977,36.047
6/6/1977,40.068
6/7/1977,9.26
6/8/1977,110.209
6/9/1977,111.851
6/10/1977,44.825
6/11/1977,89.906
6/12/1977,42.815
6/13/1977,54.821
6/14/1977,64.081
6/15/1977,137.421
6/16/1977,120.686
6/17/1977,86.508
6/18/1977,9.146
6/19/1977,9.09
6/20/1977,52.584
6/21/1977,74.955
6/22/1977,66.403
6/23/1977,100.695
6/24/1977,190.487
6/25/1977,146.823
6/26/1977,212.631
6/27/1977,10.959
6/28/1977,64.902
6/29/1977,80.59
6/30/1977,62.665
7/1/1977,72.604
7/2/1977,92.2
7/3/1977,57.625
7/4/1977,36.897
7/5/1977,23.871
7/6/1977,27.156
7/7/1977,72.406
7/8/1977,36.161
7/9/1977,30.554
7/10/1977,41.909
7/11/1977,80.476
7/12/1977,31.913
7/13/1977,56.69
7/14/1977,84.101
7/15/1977,73.341
7/16/1977,48.28
7/17/1977,74.501
7/18/1977,20.756
7/19/1977,12.743
7/20/1977,32.083
7/21/1977,41.541
7/22/1977,8.552
7/23/1977,27.014
7/24/1977,35.368
7/25/1977,21.974
7/26/1977,12.176
7/27/1977,16.452
7/28/1977,29.393
7/29/1977,40.408
7/30/1977,50.319
7/31/1977,21.521
8/1/1977,81.637
8/2/1977,15.178
8/3/1977,21.606
8/4/1977,25.995
8/5/1977,29.308
8/6/1977,24.89
8/7/1977,47.119
8/8/1977,14.98
8/9/1977,20.586
8/10/1977,6.541
8/11/1977,34.518
8/12/1977,38.369
8/13/1977,30.724
8/14/1977,64.817
8/15/1977,34.207
8/16/1977,26.476
8/17/1977,78.721
8/18/1977,90.274
8/19/1977,65.412
8/20/1977,52.329
8/21/1977,33.584
8/22/1977,56.124
8/23/1977,42.362
8/24/1977,94.89
8/25/1977,39.615
8/26/1977,27.099
8/27/1977,27.099
8/28/1977,109.444
8/29/1977,28.119
8/30/1977,9.684
8/31/1977,5.663
9/1/1977,46.015
9/2/1977,57.002
9/3/1977,36.727
9/4/1977,50.885
9/5/1977,26.589
9/6/1977,8.665
9/7/1977,54.963
9/8/1977,119.185
9/9/1977,201.672
9/10/1977,226.619
9/11/1977,95.881
9/12/1977,85.347
9/13/1977,44.344
9/14/1977,56.181
9/15/1977,66.714
9/16/1977,85.347
9/17/1977,42.872
9/18/1977,83.478
9/19/1977,36.5
9/20/1977,23.05
9/21/1977,39.7
9/22/1977,44.741
9/23/1977,53.604
9/24/1977,56.888
9/25/1977,39.842
9/26/1977,18.887
9/27/1977,13.988
9/28/1977,38.822
9/29/1977,25.372
9/30/1977,57.03
10/1/1977,62.948
10/2/1977,72.18
10/3/1977,19.001
10/4/1977,30.582
10/5/1977,60.4
10/6/1977,44.401
10/7/1977,53.434
10/8/1977,75.181
10/9/1977,93.36
10/10/1977,28.317
10/11/1977,40.125
10/12/1977,42.362
10/13/1977,80.59
10/14/1977,256.579
10/15/1977,149.994
10/16/1977,180.831
10/17/1977,67.309
10/18/1977,68.102
10/19/1977,84.186
10/20/1977,68.583
10/21/1977,68.328
10/22/1977,66.488
10/23/1977,69.235
10/24/1977,22.512
10/25/1977,71.132
10/26/1977,365.825
10/27/1977,712.847
10/28/1977,651.116
10/29/1977,509.079
10/30/1977,116.071
10/31/1977,99.137
11/1/1977,82.402
11/2/1977,110.86
11/3/1977,91.718
11/4/1977,97.297
11/5/1977,149.881
11/6/1977,615.324
11/7/1977,524.965
11/8/1977,412.519
11/9/1977,373.47
11/10/1977,335.356
11/11/1977,193.064
11/12/1977,198.303
11/13/1977,65.582
11/14/1977,75.804
11/15/1977,75.323
11/16/1977,82.997
11/17/1977,130.257
11/18/1977,81.043
11/19/1977,126.774
11/20/1977,88.83
11/21/1977,84.158
11/22/1977,137.223
11/23/1977,69.404
11/24/1977,140.678
11/25/1977,164.464
11/26/1977,165.144
11/27/1977,166.644
11/28/1977,127.057
11/29/1977,181.935
11/30/1977,176.527
12/1/1977,171.203
12/2/1977,230.64
12/3/1977,246.215
12/4/1977,219.908
12/5/1977,263.573
12/6/1977,385.901
12/7/1977,453.069
12/8/1977,317.035
12/9/1977,296.137
12/10/1977,225.94
12/11/1977,157.243
12/12/1977,200.03
12/13/1977,102.535
12/14/1977,140.933
12/15/1977,296.109
12/16/1977,210.366
12/17/1977,213.99
12/18/1977,327.625
12/19/1977,356.395
12/20/1977,358.632
12/21/1977,463.999
12/22/1977,331.222
12/23/1977,247.461
12/24/1977,232.028
12/25/1977,231.971
12/26/1977,130.371
12/27/1977,122.81
12/28/1977,111.71
12/29/1977,136.006
12/30/1977,184.484
12/31/1977,182.162
1/1/1978,187.344
1/2/1978,129.776
1/3/1978,105.707
1/4/1978,122.3
1/5/1978,148.89
1/6/1978,169.872
1/7/1978,180.973
1/8/1978,457.005
1/9/1978,1423.287
1/10/1978,1339.951
1/11/1978,1146.462
1/12/1978,588.395
1/13/1978,509.901
1/14/1978,704.777
1/15/1978,591.595
1/16/1978,408.47
1/17/1978,433.162
1/18/1978,799.865
1/19/1978,965.943
1/20/1978,1005.784
1/21/1978,746.629
1/22/1978,527.4
1/23/1978,379.927
1/24/1978,303.245
1/25/1978,852.506
1/26/1978,1841.583
1/27/1978,2498.788
1/28/1978,2882.962
1/29/1978,2080.945
1/30/1978,890.507
1/31/1978,493.052
2/1/1978,400.06
2/2/1978,331.901
2/3/1978,213.282
2/4/1978,284.386
2/5/1978,146.426
2/6/1978,195.499
2/7/1978,77.56
2/8/1978,164.577
2/9/1978,196.688
2/10/1978,183.408
2/11/1978,139.035
2/12/1978,125.245
2/13/1978,122.697
2/14/1978,134.986
2/15/1978,194.055
2/16/1978,193.036
2/17/1978,150.759
2/18/1978,211.158
2/19/1978,181.199
2/20/1978,106.415
2/21/1978,147.106
2/22/1978,157.611
2/23/1978,188.647
2/24/1978,155.742
2/25/1978,169.165
2/26/1978,187.967
2/27/1978,99.845
2/28/1978,215.038
3/1/1978,243.355
3/2/1978,180.208
3/3/1978,228.233
3/4/1978,264.252
3/5/1978,189.666
3/6/1978,181.737
3/7/1978,164.945
3/8/1978,318.706
3/9/1978,395.812
3/10/1978,1357.083
3/11/1978,1681.225
3/12/1978,2115.463
3/13/1978,1729.958
3/14/1978,911.489
3/15/1978,716.302
3/16/1978,744.958
3/17/1978,591.226
3/18/1978,408.357
3/19/1978,257.032
3/20/1978,154.1
3/21/1978,262.893
3/22/1978,256.918
3/23/1978,225.911
3/24/1978,179.953
3/25/1978,254.88
3/26/1978,363.843
3/27/1978,777.013
3/28/1978,805.33
3/29/1978,571.405
3/30/1978,347.985
3/31/1978,315.138
4/1/1978,307.039
4/2/1978,234.605
4/3/1978,183.804
4/4/1978,189.638
4/5/1978,142.49
4/6/1978,217.7
4/7/1978,186.579
4/8/1978,168.995
4/9/1978,175.961
4/10/1978,128.077
4/11/1978,135.128
4/12/1978,171.543
4/13/1978,157.045
4/14/1978,128.049
4/15/1978,111.342
4/16/1978,130.201
4/17/1978,124.792
4/18/1978,152.628
4/19/1978,189.609
4/20/1978,168.995
4/21/1978,237.068
4/22/1978,215.831
4/23/1978,166.276
4/24/1978,106.216
4/25/1978,210.167
4/26/1978,2049.315
4/27/1978,2948.43
4/28/1978,3865.187
4/29/1978,3435.253
4/30/1978,1980.704
5/1/1978,1185.766
5/2/1978,970.445
5/3/1978,594.568
5/4/1978,1016.516
5/5/1978,1389.166
5/6/1978,1672.022
5/7/1978,1444.27
5/8/1978,971.408
5/9/1978,1501.413
5/10/1978,1325.141
5/11/1978,957.108
5/12/1978,368.6
5/13/1978,569.621
5/14/1978,777.183
5/15/1978,635.571
5/16/1978,500.245
5/17/1978,459.78
5/18/1978,401.023
5/19/1978,327.569
5/20/1978,255.672
5/21/1978,209.006
5/22/1978,192.214
5/23/1978,203.088
5/24/1978,242.59
5/25/1978,214.188
5/26/1978,201.955
5/27/1978,191.96
5/28/1978,136.402
5/29/1978,128.049
5/30/1978,139.262
5/31/1978,166.701
6/1/1978,183.918
6/2/1978,165.823
6/3/1978,172.648
6/4/1978,136.374
6/5/1978,114.938
6/6/1978,126.491
6/7/1978,125.189
6/8/1978,213.905
6/9/1978,331.731
6/10/1978,300.215
6/11/1978,165.002
6/12/1978,83.62
6/13/1978,144.812
6/14/1978,134.392
6/15/1978,116.863
6/16/1978,94.295
6/17/1978,111.936
6/18/1978,113.211
6/19/1978,64.109
6/20/1978,103.809
6/21/1978,142.207
6/22/1978,195.301
6/23/1978,136.94
6/24/1978,180.916
6/25/1978,137.705
6/26/1978,144.472
6/27/1978,331.76
6/28/1978,303.443
6/29/1978,186.098
6/30/1978,129.266
7/1/1978,103.526
7/2/1978,103.498
7/3/1978,170.524
7/4/1978,345.097
7/5/1978,385.448
7/6/1978,207.421
7/7/1978,197.906
7/8/1978,185.702
7/9/1978,148.578
7/10/1978,70.99
7/11/1978,89.028
7/12/1978,102.988
7/13/1978,135.977
7/14/1978,146.908
7/15/1978,100.157
7/16/1978,527.061
7/17/1978,316.865
7/18/1978,283.989
7/19/1978,162.029
7/20/1978,147.247
7/21/1978,131.192
7/22/1978,130.597
7/23/1978,101.686
7/24/1978,129.295
7/25/1978,137.988
7/26/1978,189.751
7/27/1978,142.377
7/28/1978,161.094
7/29/1978,119.27
7/30/1978,112.842
7/31/1978,88.518
8/1/1978,111.993
8/2/1978,224.184
8/3/1978,221.352
8/4/1978,328.22
8/5/1978,308.766
8/6/1978,335.101
8/7/1978,317.007
8/8/1978,306.048
8/9/1978,319.782
8/10/1978,262.61
8/11/1978,213.367
8/12/1978,185.871
8/13/1978,163.699
8/14/1978,97.268
8/15/1978,141.527
8/16/1978,144.586
8/17/1978,128.332
8/18/1978,135.128
8/19/1978,137.535
8/20/1978,125.302
8/21/1978,78.438
8/22/1978,58.644
8/23/1978,63.854
8/24/1978,62.155
8/25/1978,92.539
8/26/1978,80.023
8/27/1978,119.865
8/28/1978,79.825
8/29/1978,37.435
8/30/1978,115.702
8/31/1978,155.941
9/1/1978,558.69
9/2/1978,416.399
9/3/1978,221.352
9/4/1978,90.189
9/5/1978,68.243
9/6/1978,85.8
9/7/1978,76.682
9/8/1978,83.676
9/9/1978,86.168
9/10/1978,221.267
9/11/1978,94.097
9/12/1978,55.586
9/13/1978,82.798
9/14/1978,74.53
9/15/1978,82.572
9/16/1978,92.001
9/17/1978,75.493
9/18/1978,30.044
9/19/1978,32.366
9/20/1978,71.387
9/21/1978,88.66
9/22/1978,100.383
9/23/1978,85.149
9/24/1978,85.149
9/25/1978,50.63
9/26/1978,38.652
9/27/1978,94.068
9/28/1978,45.25
9/29/1978,61.334
9/30/1978,79.882
10/1/1978,189.354
10/2/1978,52.103
10/3/1978,34.745
10/4/1978,70.282
10/5/1978,101.516
10/6/1978,86.819
10/7/1978,94.04
10/8/1978,58.757
10/9/1978,59.777
10/10/1978,51.99
10/11/1978,49.809
10/12/1978,92.341
10/13/1978,66.913
10/14/1978,109.699
10/15/1978,30.667
10/16/1978,33.159
10/17/1978,41.937
10/18/1978,86.508
10/19/1978,66.318
10/20/1978,53.944
10/21/1978,88.49
10/22/1978,64.477
10/23/1978,76.88
10/24/1978,21.549
10/25/1978,57.426
10/26/1978,75.634
10/27/1978,35.311
10/28/1978,98.146
10/29/1978,65.865
10/30/1978,61.136
10/31/1978,45.817
11/1/1978,50.63
11/2/1978,72.293
11/3/1978,88.518
11/4/1978,76.484
11/5/1978,56.181
11/6/1978,69.291
11/7/1978,44.174
11/8/1978,100.61
11/9/1978,96.051
11/10/1978,79.74
11/11/1978,93.445
11/12/1978,69.801
11/13/1978,45.307
11/14/1978,67.847
11/15/1978,59.239
11/16/1978,125.613
11/17/1978,160.924
11/18/1978,151.297
11/19/1978,117.033
11/20/1978,82.883
11/21/1978,74.813
11/22/1978,84.696
11/23/1978,139.064
11/24/1978,58.021
11/25/1978,81.043
11/26/1978,88.66
11/27/1978,116.014
11/28/1978,71.5
11/29/1978,202.635
11/30/1978,145.435
12/1/1978,145.605
12/2/1978,141.952
12/3/1978,143.736
12/4/1978,184.965
12/5/1978,458.421
12/6/1978,487.247
12/7/1978,342.662
12/8/1978,206.175
12/9/1978,409.263
12/10/1978,434.521
12/11/1978,473.853
12/12/1978,266.15
12/13/1978,184.314
12/14/1978,163.728
12/15/1978,105.877
12/16/1978,158.149
12/17/1978,127.879
12/18/1978,78.862
12/19/1978,95.229
12/20/1978,95.088
12/21/1978,142.15
12/22/1978,105.763
12/23/1978,126.463
12/24/1978,223.335
12/25/1978,263.884
12/26/1978,276.174
12/27/1978,189.128
12/28/1978,169.051
12/29/1978,124.622
12/30/1978,163.388
12/31/1978,165.059
1/1/1979,144.444
1/2/1979,516.725
1/3/1979,771.406
1/4/1979,903.278
1/5/1979,423.619
1/6/1979,240.268
1/7/1979,315.591
1/8/1979,400.456
1/9/1979,397.285
1/10/1979,345.295
1/11/1979,255.474
1/12/1979,187.655
1/13/1979,343.454
1/14/1979,350.477
1/15/1979,333.77
1/16/1979,264.422
1/17/1979,231.263
1/18/1979,202.862
1/19/1979,206.826
1/20/1979,268.868
1/21/1979,1352.58
1/22/1979,1455.455
1/23/1979,1749.638
1/24/1979,1735.848
1/25/1979,1228.921
1/26/1979,1005.615
1/27/1979,631.521
1/28/1979,389.243
1/29/1979,287.472
1/30/1979,221.919
1/31/1979,247.545
2/1/1979,212.886
2/2/1979,152.344
2/3/1979,168.683
2/4/1979,157.923
2/5/1979,141.811
2/6/1979,71.953
2/7/1979,228.602
2/8/1979,126.689
2/9/1979,170.127
2/10/1979,158.319
2/11/1979,136.968
2/12/1979,95.541
2/13/1979,79.967
2/14/1979,169.646
2/15/1979,123.121
2/16/1979,203.739
2/17/1979,228.092
2/18/1979,263.091
2/19/1979,154.468
2/20/1979,60.315
2/21/1979,366.618
2/22/1979,616.343
2/23/1979,913.783
2/24/1979,1666.585
2/25/1979,2617.152
2/26/1979,3571.825
2/27/1979,3548.888
2/28/1979,2828.48
3/1/1979,1654.862
3/2/1979,901.777
3/3/1979,629.596
3/4/1979,378.539
3/5/1979,361.351
3/6/1979,927.942
3/7/1979,1275.7
3/8/1979,1314.069
3/9/1979,770.217
3/10/1979,663.831
3/11/1979,498.347
3/12/1979,370.214
3/13/1979,365.258
3/14/1979,419.089
3/15/1979,314.713
3/16/1979,274.192
3/17/1979,260.175
3/18/1979,167.267
3/19/1979,165.738
3/20/1979,223.221
3/21/1979,198.586
3/22/1979,175.819
3/23/1979,230.952
3/24/1979,1389.562
3/25/1979,1009.097
3/26/1979,810.2
3/27/1979,539.973
3/28/1979,410.254
3/29/1979,364.522
3/30/1979,323.633
3/31/1979,238.881
4/1/1979,208.723
4/2/1979,195.612
4/3/1979,261.109
4/4/1979,540.03
4/5/1979,610.17
4/6/1979,473.655
4/7/1979,386.071
4/8/1979,250.774
4/9/1979,248.083
4/10/1979,179.868
4/11/1979,224.212
4/12/1979,216.878
4/13/1979,639.79
4/14/1979,978.119
4/15/1979,825.605
4/16/1979,340.255
4/17/1979,348.07
4/18/1979,333.77
4/19/1979,258.164
4/20/1979,230.47
4/21/1979,225.798
4/22/1979,196.434
4/23/1979,153.704
4/24/1979,179.387
4/25/1979,215.972
4/26/1979,284.64
4/27/1979,382.022
4/28/1979,501.859
4/29/1979,347.73
4/30/1979,243.27
5/1/1979,182.02
5/2/1979,220.56
5/3/1979,230.612
5/4/1979,193.29
5/5/1979,264.366
5/6/1979,246.215
5/7/1979,159.084
5/8/1979,166.474
5/9/1979,162.142
5/10/1979,198.189
5/11/1979,198.671
5/12/1979,207.534
5/13/1979,345.635
5/14/1979,365.74
5/15/1979,443.016
5/16/1979,385.845
5/17/1979,314.713
5/18/1979,274.05
5/19/1979,162.227
5/20/1979,200.228
5/21/1979,178.396
5/22/1979,173.242
5/23/1979,183.578
5/24/1979,199.577
5/25/1979,216.34
5/26/1979,184.767
5/27/1979,210.45
5/28/1979,171.345
5/29/1979,154.836
5/30/1979,170.552
5/31/1979,141.584
6/1/1979,189.128
6/2/1979,162.765
6/3/1979,270.595
6/4/1979,531.082
6/5/1979,481.98
6/6/1979,294.58
6/7/1979,203.116
6/8/1979,162.992
6/9/1979,164.209
6/10/1979,107.207
6/11/1979,111.257
6/12/1979,153.59
6/13/1979,125.783
6/14/1979,133.91
6/15/1979,131.078
6/16/1979,190.374
6/17/1979,219.285
6/18/1979,290.332
6/19/1979,247.092
6/20/1979,225.373
6/21/1979,239.56
6/22/1979,240.268
6/23/1979,156.394
6/24/1979,168.995
6/25/1979,92.115
6/26/1979,147.984
6/27/1979,198.954
6/28/1979,120.969
6/29/1979,123.178
6/30/1979,183.946
7/1/1979,137.676
7/2/1979,82.657
7/3/1979,97.127
7/4/1979,123.206
7/5/1979,89.878
7/6/1979,92.115
7/7/1979,108.198
7/8/1979,101.176
7/9/1979,73.879
7/10/1979,70.226
7/11/1979,80.731
7/12/1979,82.374
7/13/1979,88.179
7/14/1979,112.333
7/15/1979,112.814
7/16/1979,78.353
7/17/1979,74.133
7/18/1979,107.604
7/19/1979,146.03
7/20/1979,163.784
7/21/1979,160.726
7/22/1979,221.211
7/23/1979,144.302
7/24/1979,148.352
7/25/1979,208.327
7/26/1979,171.883
7/27/1979,163.756
7/28/1979,134.137
7/29/1979,148.635
7/30/1979,81.128
7/31/1979,68.498
8/1/1979,66.771
8/2/1979,135.864
8/3/1979,169.986
8/4/1979,126.633
8/5/1979,115.221
8/6/1979,58.446
8/7/1979,52.188
8/8/1979,43.296
8/9/1979,88.235
8/10/1979,70.367
8/11/1979,104.489
8/12/1979,204.023
8/13/1979,204.419
8/14/1979,147.446
8/15/1979,118.817
8/16/1979,84.186
8/17/1979,87.131
8/18/1979,62.07
8/19/1979,85.488
8/20/1979,72.406
8/21/1979,40.635
8/22/1979,71.783
8/23/1979,108.114
8/24/1979,78.211
8/25/1979,89.793
8/26/1979,99.052
8/27/1979,66.488
8/28/1979,124.028
8/29/1979,73.227
8/30/1979,80.023
8/31/1979,106.754
9/1/1979,116.665
9/2/1979,103.271
9/3/1979,98.627
9/4/1979,82.6
9/5/1979,513.129
9/6/1979,903.334
9/7/1979,1036.65
9/8/1979,629.143
9/9/1979,302.423
9/10/1979,183.465
9/11/1979,126.519
9/12/1979,118.024
9/13/1979,178.056
9/14/1979,264.649
9/15/1979,168.145
9/16/1979,99.788
9/17/1979,87.301
9/18/1979,77.446
9/19/1979,81.524
9/20/1979,94.295
9/21/1979,254.823
9/22/1979,1647.811
9/23/1979,1970.113
9/24/1979,2834.908
9/25/1979,2634.51
9/26/1979,1657.892
9/27/1979,649.021
9/28/1979,364.777
9/29/1979,300.385
9/30/1979,801.337
10/1/1979,611.077
10/2/1979,748.555
10/3/1979,1412.3
10/4/1979,1314.721
10/5/1979,1093.566
10/6/1979,969.539
10/7/1979,697.556
10/8/1979,305.708
10/9/1979,244.516
10/10/1979,378.454
10/11/1979,580.296
10/12/1979,541.049
10/13/1979,437.948
10/14/1979,229.819
10/15/1979,179.585
10/16/1979,279.798
10/17/1979,229.819
10/18/1979,179.783
10/19/1979,164.124
10/20/1979,186.523
10/21/1979,157.668
10/22/1979,97.693
10/23/1979,239.56
10/24/1979,177.603
10/25/1979,140.621
10/26/1979,246.866
10/27/1979,97.325
10/28/1979,122.697
10/29/1979,95.371
10/30/1979,109.388
10/31/1979,131.447
11/1/1979,131.928
11/2/1979,167.975
11/3/1979,326.125
11/4/1979,285.377
11/5/1979,230.47
11/6/1979,167.239
11/7/1979,202.692
11/8/1979,147.531
11/9/1979,162
11/10/1979,155.318
11/11/1979,965.433
11/12/1979,872.299
11/13/1979,665.671
11/14/1979,557.076
11/15/1979,484.755
11/16/1979,308.936
11/17/1979,306.756
11/18/1979,180.661
11/19/1979,171.402
11/20/1979,144.557
11/21/1979,197.113
11/22/1979,206.005
11/23/1979,194.763
11/24/1979,171.911
11/25/1979,160.528
11/26/1979,408.243
11/27/1979,387.232
11/28/1979,480.989
11/29/1979,310.805
11/30/1979,292.059
12/1/1979,269.123
12/2/1979,185.164
12/3/1979,161.661
12/4/1979,123.008
12/5/1979,188.986
12/6/1979,214.33
12/7/1979,201.927
12/8/1979,198.416
12/9/1979,178.028
12/10/1979,128.303
12/11/1979,156.932
12/12/1979,194.536
12/13/1979,160.528
12/14/1979,238.031
12/15/1979,208.298
12/16/1979,200.625
12/17/1979,139.489
12/18/1979,106.103
12/19/1979,166.984
12/20/1979,130.597
12/21/1979,164.436
12/22/1979,177.093
12/23/1979,144.869
12/24/1979,138.243
12/25/1979,159.848
12/26/1979,156.394
12/27/1979,155.431
12/28/1979,208.582
12/29/1979,173.978
12/30/1979,157.583
12/31/1979,126.718
1/1/1980,152.288
1/2/1980,160.301
1/3/1980,126.236
1/4/1980,114.485
1/5/1980,208.327
1/6/1980,165.172
1/7/1980,166.758
1/8/1980,199.803
1/9/1980,194.848
1/10/1980,194.027
1/11/1980,227.695
1/12/1980,636.42
1/13/1980,507.012
1/14/1980,267.452
1/15/1980,522.275
1/16/1980,672.241
1/17/1980,489.654
1/18/1980,802.385
1/19/1980,1036.055
1/20/1980,1128.255
1/21/1980,637.383
1/22/1980,492.457
1/23/1980,445.99
1/24/1980,512.789
1/25/1980,403.571
1/26/1980,286.538
1/27/1980,235.284
1/28/1980,176.98
1/29/1980,256.89
1/30/1980,250.859
1/31/1980,236.162
2/1/1980,212.857
2/2/1980,223.023
2/3/1980,128.303
2/4/1980,86.338
2/5/1980,149.994
2/6/1980,145.067
2/7/1980,180.746
2/8/1980,183.606
2/9/1980,208.072
2/10/1980,198.331
2/11/1980,190.459
2/12/1980,179.217
2/13/1980,209.714
2/14/1980,194.565
2/15/1980,244.232
2/16/1980,215.717
2/17/1980,221.551
2/18/1980,163.756
2/19/1980,184.824
2/20/1980,212.178
2/21/1980,201.87
2/22/1980,249.244
2/23/1980,198.784
2/24/1980,125.727
2/25/1980,200.709
2/26/1980,159.509
2/27/1980,239.985
2/28/1980,211.498
2/29/1980,164.436
3/1/1980,242.618
3/2/1980,165.653
3/3/1980,107.576
3/4/1980,210.394
3/5/1980,306.076
3/6/1980,474.958
3/7/1980,498.914
3/8/1980,345.55
3/9/1980,273.229
3/10/1980,245.988
3/11/1980,249.358
3/12/1980,230.98
3/13/1980,316.667
3/14/1980,382.815
3/15/1980,367.071
3/16/1980,166.106
3/17/1980,426.706
3/18/1980,463.971
3/19/1980,492.854
3/20/1980,470.965
3/21/1980,853.695
3/22/1980,1089.8
3/23/1980,1391.091
3/24/1980,972.54
3/25/1980,640.384
3/26/1980,587.375
3/27/1980,399.946
3/28/1980,395.076
3/29/1980,521.086
3/30/1980,372.253
3/31/1980,387.827
4/1/1980,324.256
4/2/1980,366.731
4/3/1980,278.241
4/4/1980,308.766
4/5/1980,283.989
4/6/1980,209.403
4/7/1980,184.484
4/8/1980,204.249
4/9/1980,671.816
4/10/1980,1152.154
4/11/1980,1374.413
4/12/1980,1131.398
4/13/1980,642.537
4/14/1980,742.806
4/15/1980,965.206
4/16/1980,1002.5
4/17/1980,799.921
4/18/1980,677.933
4/19/1980,459.242
4/20/1980,348.098
4/21/1980,292.626
4/22/1980,325.7
4/23/1980,259.155
4/24/1980,231.801
4/25/1980,290.729
4/26/1980,219.71
4/27/1980,249.641
4/28/1980,188.59
4/29/1980,333.629
4/30/1980,276.117
5/1/1980,215.774
5/2/1980,203.909
5/3/1980,217.416
5/4/1980,195.301
5/5/1980,140.621
5/6/1980,145.35
5/7/1980,184.739
5/8/1980,145.633
5/9/1980,184.088
5/10/1980,147.191
5/11/1980,155.346
5/12/1980,151.353
5/13/1980,132.608
5/14/1980,194.197
5/15/1980,170.212
5/16/1980,147.899
5/17/1980,119.667
5/18/1980,226.081
5/19/1980,147.615
5/20/1980,395.727
5/21/1980,761.694
5/22/1980,606.291
5/23/1980,388.818
5/24/1980,341.755
5/25/1980,342.209
5/26/1980,236.105
5/27/1980,225.288
5/28/1980,212.546
5/29/1980,218.379
5/30/1980,201.984
5/31/1980,187.344
6/1/1980,145.124
6/2/1980,161.123
6/3/1980,136.147
6/4/1980,80.023
6/5/1980,152.684
6/6/1980,192.384
6/7/1980,160.245
6/8/1980,159.537
6/9/1980,88.122
6/10/1980,88.122
6/11/1980,110.351
6/12/1980,131.871
6/13/1980,130.257
6/14/1980,113.437
6/15/1980,105.905
6/16/1980,44.599
6/17/1980,111.455
6/18/1980,124.141
6/19/1980,84.611
6/20/1980,96.107
6/21/1980,107.576
6/22/1980,72.661
6/23/1980,53.321
6/24/1980,53.575
6/25/1980,130.739
6/26/1980,282.913
6/27/1980,440.411
6/28/1980,321.311
6/29/1980,230.357
6/30/1980,84.894
7/1/1980,92.454
7/2/1980,152.826
7/3/1980,84.611
7/4/1980,120.658
7/5/1980,121.989
7/6/1980,80.023
7/7/1980,90.217
7/8/1980,118.534
7/9/1980,138.979
7/10/1980,252.529
7/11/1980,131.673
7/12/1980,173.412
7/13/1980,154.27
7/14/1980,102.903
7/15/1980,99.562
7/16/1980,78.381
7/17/1980,93.191
7/18/1980,116.58
7/19/1980,111.285
7/20/1980,130.456
7/21/1980,83.336
7/22/1980,103.979
7/23/1980,140.451
7/24/1980,178.622
7/25/1980,177.688
7/26/1980,114.711
7/27/1980,85.177
7/28/1980,72.576
7/29/1980,67.337
7/30/1980,95.201
7/31/1980,97.58
8/1/1980,83.081
8/2/1980,85.205
8/3/1980,85.205
8/4/1980,38.228
8/5/1980,44.146
8/6/1980,51.452
8/7/1980,63.175
8/8/1980,80.958
8/9/1980,99.76
8/10/1980,82.345
8/11/1980,42.334
8/12/1980,15.461
8/13/1980,48.252
8/14/1980,72.18
8/15/1980,48.195
8/16/1980,48.054
8/17/1980,87.357
8/18/1980,24.777
8/19/1980,31.828
8/20/1980,58.134
8/21/1980,60.938
8/22/1980,68.102
8/23/1980,90.302
8/24/1980,79.599
8/25/1980,68.64
8/26/1980,41.711
8/27/1980,40.606
8/28/1980,43.58
8/29/1980,63.373
8/30/1980,50.829
8/31/1980,78.777
9/1/1980,27.524
9/2/1980,32.196
9/3/1980,27.609
9/4/1980,33.952
9/5/1980,77.588
9/6/1980,79.57
9/7/1980,53.349
9/8/1980,42.928
9/9/1980,18.972
9/10/1980,27.864
9/11/1980,44.259
9/12/1980,34.66
9/13/1980,62.014
9/14/1980,69.942
9/15/1980,7.051
9/16/1980,33.924
9/17/1980,68.555
9/18/1980,58.559
9/19/1980,51.905
9/20/1980,76.795
9/21/1980,67.621
9/22/1980,36.217
9/23/1980,22.399
9/24/1980,39.87
9/25/1980,67.111
9/26/1980,86.225
9/27/1980,83.081
9/28/1980,66.176
9/29/1980,32.366
9/30/1980,101.346
10/1/1980,81.524
10/2/1980,102.847
10/3/1980,96.249
10/4/1980,75.662
10/5/1980,96.249
10/6/1980,52.216
10/7/1980,41.994
10/8/1980,74.53
10/9/1980,36.189
10/10/1980,91.973
10/11/1980,78.692
10/12/1980,45.958
10/13/1980,33.329
10/14/1980,18.519
10/15/1980,38.766
10/16/1980,62.297
10/17/1980,67.79
10/18/1980,70.877
10/19/1980,185.673
10/20/1980,102.054
10/21/1980,73.142
10/22/1980,71.528
10/23/1980,65.27
10/24/1980,73.963
10/25/1980,177.291
10/26/1980,36.302
10/27/1980,54.651
10/28/1980,95.003
10/29/1980,59.38
10/30/1980,109.756
10/31/1980,98.146
11/1/1980,97.098
11/2/1980,74.162
11/3/1980,75.747
11/4/1980,123.15
11/5/1980,58.701
11/6/1980,106.783
11/7/1980,112.814
11/8/1980,83.365
11/9/1980,92.426
11/10/1980,59.635
11/11/1980,38.228
11/12/1980,66.856
11/13/1980,74.87
11/14/1980,67.422
11/15/1980,95.088
11/16/1980,67.705
11/17/1980,63.939
11/18/1980,60.824
11/19/1980,63.26
11/20/1980,155.941
11/21/1980,115.391
11/22/1980,75.889
11/23/1980,72.18
11/24/1980,140.027
11/25/1980,93.983
11/26/1980,76.767
11/27/1980,181.907
11/28/1980,113.267
11/29/1980,86.168
11/30/1980,95.088
12/1/1980,69.858
12/2/1980,82.77
12/3/1980,39.474
12/4/1980,53.944
12/5/1980,105.622
12/6/1980,92.596
12/7/1980,94.606
12/8/1980,72.264
12/9/1980,72.236
12/10/1980,107.236
12/11/1980,57.143
12/12/1980,103.243
12/13/1980,107.689
12/14/1980,56.379
12/15/1980,66.006
12/16/1980,63.062
12/17/1980,82.005
12/18/1980,51.961
12/19/1980,75.153
12/20/1980,90.925
12/21/1980,55.104
12/22/1980,43.466
12/23/1980,59.409
12/24/1980,93.389
12/25/1980,35.934
12/26/1980,96.22
12/27/1980,56.605
12/28/1980,87.187
12/29/1980,67.479
12/30/1980,64.194
12/31/1980,112.899
1/1/1981,105.622
1/2/1981,67.932
1/3/1981,24.069
1/4/1981,108.963
1/5/1981,15.489
1/6/1981,34.575
1/7/1981,116.694
1/8/1981,15.744
1/9/1981,126.038
1/10/1981,77.107
1/11/1981,41.654
1/12/1981,33.244
1/13/1981,11.723
1/14/1981,47.601
1/15/1981,5.635
1/16/1981,164.577
1/17/1981,110.86
1/18/1981,68.074
1/19/1981,48.931
1/20/1981,37.548
1/21/1981,118.534
1/22/1981,106.188
1/23/1981,105.282
1/24/1981,76.597
1/25/1981,112.135
1/26/1981,63.458
1/27/1981,52.754
1/28/1981,79.259
1/29/1981,76.71
1/30/1981,69.688
1/31/1981,86.706
2/1/1981,69.942
2/2/1981,104.546
2/3/1981,85.828
2/4/1981,96.305
2/5/1981,115.108
2/6/1981,106.443
2/7/1981,105.14
2/8/1981,106.103
2/9/1981,54
2/10/1981,51.848
2/11/1981,342.492
2/12/1981,326.634
2/13/1981,291.238
2/14/1981,207.874
2/15/1981,115.193
2/16/1981,125.189
2/17/1981,94.182
2/18/1981,98.882
2/19/1981,161.094
2/20/1981,268.5
2/21/1981,484.076
2/22/1981,294.891
2/23/1981,161.236
2/24/1981,148.607
2/25/1981,98.344
2/26/1981,132.523
2/27/1981,95.626
2/28/1981,108.085
3/1/1981,80.391
3/2/1981,45.137
3/3/1981,106.528
3/4/1981,102.478
3/5/1981,109.416
3/6/1981,119.242
3/7/1981,103.356
3/8/1981,86.14
3/9/1981,81.269
3/10/1981,87.867
3/11/1981,73.482
3/12/1981,76.908
3/13/1981,89.623
3/14/1981,43.211
3/15/1981,51.282
3/16/1981,111.2
3/17/1981,19.086
3/18/1981,61.674
3/19/1981,67.96
3/20/1981,80.675
3/21/1981,30.922
3/22/1981,76.852
3/23/1981,114.173
3/24/1981,113.692
3/25/1981,128.162
3/26/1981,116.269
3/27/1981,145.18
3/28/1981,104.291
3/29/1981,77.984
3/30/1981,119.355
3/31/1981,108.397
4/1/1981,208.751
4/2/1981,151.382
4/3/1981,132.324
4/4/1981,96.617
4/5/1981,149.484
4/6/1981,100.666
4/7/1981,111.936
4/8/1981,101.176
4/9/1981,134.505
4/10/1981,108.906
4/11/1981,117.458
4/12/1981,103.639
4/13/1981,85.573
4/14/1981,88.688
4/15/1981,114.796
4/16/1981,66.29
4/17/1981,102.025
4/18/1981,91.746
4/19/1981,81.241
4/20/1981,107.689
4/21/1981,90.755
4/22/1981,128.53
4/23/1981,142.575
4/24/1981,155.063
4/25/1981,96.815
4/26/1981,161.519
4/27/1981,47.601
4/28/1981,94.238
4/29/1981,101.459
4/30/1981,64.364
5/1/1981,129.833
5/2/1981,60.994
5/3/1981,75.408
5/4/1981,77.418
5/5/1981,76.031
5/6/1981,67.196
5/7/1981,66.063
5/8/1981,69.546
5/9/1981,51.423
5/10/1981,115.759
5/11/1981,174.007
5/12/1981,104.687
5/13/1981,73.199
5/14/1981,76.285
5/15/1981,90.699
5/16/1981,37.237
5/17/1981,72.293
5/18/1981,59.862
5/19/1981,100.638
5/20/1981,131.928
5/21/1981,149.286
5/22/1981,106.16
5/23/1981,100.157
5/24/1981,79.315
5/25/1981,97.919
5/26/1981,44.118
5/27/1981,58.672
5/28/1981,96.985
5/29/1981,65.837
5/30/1981,75.606
5/31/1981,88.518
6/1/1981,54.623
6/2/1981,138.129
6/3/1981,76.144
6/4/1981,72.519
6/5/1981,94.805
6/6/1981,138.441
6/7/1981,198.501
6/8/1981,342.095
6/9/1981,164.719
6/10/1981,114.117
6/11/1981,64.421
6/12/1981,65.299
6/13/1981,55.161
6/14/1981,50.744
6/15/1981,43.07
6/16/1981,16.82
6/17/1981,32.649
6/18/1981,93.842
6/19/1981,64.534
6/20/1981,44.684
6/21/1981,23.758
6/22/1981,27.043
6/23/1981,6.23
6/24/1981,58.078
6/25/1981,31.517
6/26/1981,13.45
6/27/1981,22.229
6/28/1981,28.883
6/29/1981,10.959
6/30/1981,31.12
7/1/1981,51.848
7/2/1981,45.08
7/3/1981,112.078
7/4/1981,315.336
7/5/1981,259.523
7/6/1981,223.873
7/7/1981,194.367
7/8/1981,113.012
7/9/1981,114.74
7/10/1981,24.296
7/11/1981,46.468
7/12/1981,57.71
7/13/1981,35.226
7/14/1981,29.619
7/15/1981,27.269
7/16/1981,64.902
7/17/1981,65.61
7/18/1981,35.566
7/19/1981,35.566
7/20/1981,48.762
7/21/1981,62.835
7/22/1981,21.323
7/23/1981,34.575
7/24/1981,108.17
7/25/1981,122.017
7/26/1981,80.703
7/27/1981,46.156
7/28/1981,35
7/29/1981,23.758
7/30/1981,33.329
7/31/1981,30.469
8/1/1981,34.518
8/2/1981,40.889
8/3/1981,28.43
8/4/1981,47.317
8/5/1981,25.259
8/6/1981,30.157
8/7/1981,30.526
8/8/1981,60.4
8/9/1981,53.944
8/10/1981,79.768
8/11/1981,48.28
8/12/1981,56.407
8/13/1981,42.22
8/14/1981,52.839
8/15/1981,34.603
8/16/1981,51.027
8/17/1981,46.666
8/18/1981,15.801
8/19/1981,112.05
8/20/1981,35.311
8/21/1981,23.928
8/22/1981,72.264
8/23/1981,13.62
8/24/1981,31.517
8/25/1981,22.285
8/26/1981,1.048
8/27/1981,13.79
8/28/1981,18.944
8/29/1981,33.725
8/30/1981,27.467
8/31/1981,36.642
9/1/1981,18.887
9/2/1981,47.742
9/3/1981,20.869
9/4/1981,66.516
9/5/1981,70.877
9/6/1981,96.56
9/7/1981,140.848
9/8/1981,190.402
9/9/1981,203.853
9/10/1981,116.722
9/11/1981,69.263
9/12/1981,65.072
9/13/1981,65.072
9/14/1981,31.12
9/15/1981,41.343
9/16/1981,92.738
9/17/1981,111.115
9/18/1981,152.458
9/19/1981,103.611
9/20/1981,52.499
9/21/1981,43.749
9/22/1981,51.791
9/23/1981,32.394
9/24/1981,53.179
9/25/1981,40.351
9/26/1981,32.14
9/27/1981,24.692
9/28/1981,44.882
9/29/1981,17.868
9/30/1981,44.146
10/1/1981,14.668
10/2/1981,86.451
10/3/1981,19.114
10/4/1981,30.214
10/5/1981,30.214
10/6/1981,27.835
10/7/1981,19.34
10/8/1981,24.069
10/9/1981,24.947
10/10/1981,26.816
10/11/1981,32.847
10/12/1981,30.61
10/13/1981,11.723
10/14/1981,32.451
10/15/1981,36.614
10/16/1981,27.411
10/17/1981,32.281
10/18/1981,49.923
10/19/1981,22.427
10/20/1981,29.053
10/21/1981,13.026
10/22/1981,37.718
10/23/1981,63.543
10/24/1981,20.558
10/25/1981,99.562
10/26/1981,54.085
10/27/1981,373.187
10/28/1981,704.607
10/29/1981,464.82
10/30/1981,185.079
10/31/1981,112.361
11/1/1981,86.508
11/2/1981,75.917
11/3/1981,55.529
11/4/1981,72.604
11/5/1981,65.95
11/6/1981,76.427
11/7/1981,39.36
11/8/1981,55.303
11/9/1981,40.663
11/10/1981,40.918
11/11/1981,52.896
11/12/1981,52.103
11/13/1981,46.949
11/14/1981,43.296
11/15/1981,47.317
11/16/1981,44.429
11/17/1981,49.583
11/18/1981,31.97
11/19/1981,58.276
11/20/1981,44.684
11/21/1981,38.511
11/22/1981,34.49
11/23/1981,34.207
11/24/1981,87.216
11/25/1981,42.843
11/26/1981,68.838
11/27/1981,65.638
11/28/1981,53.066
11/29/1981,41.654
11/30/1981,54.425
12/1/1981,68.583
12/2/1981,52.811
12/3/1981,51.225
12/4/1981,56.379
12/5/1981,64.138
12/6/1981,59.125
12/7/1981,48.11
12/8/1981,85.177
12/9/1981,7.957
12/10/1981,38.992
12/11/1981,41.484
12/12/1981,33.187
12/13/1981,53.887
12/14/1981,89.651
12/15/1981,187.712
12/16/1981,273.512
12/17/1981,452.418
12/18/1981,249.471
12/19/1981,147.899
12/20/1981,97.155
12/21/1981,81.156
12/22/1981,110.067
12/23/1981,125.5
12/24/1981,147.899
12/25/1981,319.81
12/26/1981,425.205
12/27/1981,375.934
12/28/1981,285.971
12/29/1981,178.028
12/30/1981,131.9
12/31/1981,243.326
1/1/1982,409.886
1/2/1982,425.828
1/3/1982,486.681
1/4/1982,807.17
1/5/1982,1131.511
1/6/1982,1107.357
1/7/1982,512.846
1/8/1982,297.213
1/9/1982,222.344
1/10/1982,145.747
1/11/1982,69.546
1/12/1982,7.844
1/13/1982,76.654
1/14/1982,136.374
1/15/1982,77.39
1/16/1982,134.137
1/17/1982,105.225
1/18/1982,78.324
1/19/1982,119.469
1/20/1982,128.813
1/21/1982,143.736
1/22/1982,227.525
1/23/1982,334.308
1/24/1982,350.307
1/25/1982,209.035
1/26/1982,207.024
1/27/1982,175.168
1/28/1982,162
1/29/1982,145.548
1/30/1982,144.727
1/31/1982,176.98
2/1/1982,258.561
2/2/1982,352.233
2/3/1982,765.063
2/4/1982,1285.498
2/5/1982,1459.08
2/6/1982,880.624
2/7/1982,373.499
2/8/1982,217.501
2/9/1982,240.891
2/10/1982,213.282
2/11/1982,225.742
2/12/1982,141.159
2/13/1982,167.777
2/14/1982,149.343
2/15/1982,152.599
2/16/1982,195.443
2/17/1982,593.718
2/18/1982,700.812
2/19/1982,654.571
2/20/1982,492.627
2/21/1982,307.719
2/22/1982,226.789
2/23/1982,231.263
2/24/1982,222.513
2/25/1982,132.721
2/26/1982,147.842
2/27/1982,292.654
2/28/1982,318.677
3/1/1982,299.733
3/2/1982,379.388
3/3/1982,433.19
3/4/1982,484.982
3/5/1982,398.842
3/6/1982,346.768
3/7/1982,590.887
3/8/1982,713.923
3/9/1982,798.704
3/10/1982,449.784
3/11/1982,310.239
3/12/1982,265.102
3/13/1982,262.327
3/14/1982,170.354
3/15/1982,115.702
3/16/1982,229.083
3/17/1982,264.309
3/18/1982,170.071
3/19/1982,192.894
3/20/1982,252.048
3/21/1982,229.763
3/22/1982,200.2
3/23/1982,273.484
3/24/1982,207.449
3/25/1982,158.008
3/26/1982,172.166
3/27/1982,141.584
3/28/1982,152.628
3/29/1982,121.054
3/30/1982,138.894
3/31/1982,170.609
4/1/1982,134.845
4/2/1982,124.651
4/3/1982,210.705
4/4/1982,90.614
4/5/1982,106.584
4/6/1982,135.184
4/7/1982,83.506
4/8/1982,127.454
4/9/1982,168.089
4/10/1982,107.915
4/11/1982,117.458
4/12/1982,97.268
4/13/1982,95.314
4/14/1982,109.982
4/15/1982,126.944
4/16/1982,122.838
4/17/1982,164.266
4/18/1982,83.336
4/19/1982,116.042
4/20/1982,145.435
4/21/1982,130.994
4/22/1982,122.074
4/23/1982,120.573
4/24/1982,100.298
4/25/1982,112.361
4/26/1982,168.117
4/27/1982,157.611
4/28/1982,184.852
4/29/1982,341.161
4/30/1982,221.239
5/1/1982,151.778
5/2/1982,175.706
5/3/1982,117.855
5/4/1982,88.801
5/5/1982,107.519
5/6/1982,127.822
5/7/1982,105.31
5/8/1982,135.043
5/9/1982,112.729
5/10/1982,88.688
5/11/1982,85.857
5/12/1982,91.492
5/13/1982,84.582
5/14/1982,84.384
5/15/1982,94.748
5/16/1982,118.308
5/17/1982,97.381
5/18/1982,67.309
5/19/1982,76.031
5/20/1982,160.556
5/21/1982,184.456
5/22/1982,163.388
5/23/1982,206.373
5/24/1982,269.944
5/25/1982,321.367
5/26/1982,230.301
5/27/1982,208.865
5/28/1982,299.224
5/29/1982,249.867
5/30/1982,495.771
5/31/1982,398.729
6/1/1982,319.782
6/2/1982,315.676
6/3/1982,321.339
6/4/1982,433.785
6/5/1982,688.806
6/6/1982,636.137
6/7/1982,315.194
6/8/1982,265.328
6/9/1982,344.814
6/10/1982,380.096
6/11/1982,711.148
6/12/1982,726.977
6/13/1982,592.671
6/14/1982,792.247
6/15/1982,931.481
6/16/1982,522.87
6/17/1982,489.428
6/18/1982,447.802
6/19/1982,388.025
6/20/1982,232.311
6/21/1982,198.841
6/22/1982,172.591
6/23/1982,149.513
6/24/1982,108.198
6/25/1982,114.117
6/26/1982,99.25
6/27/1982,89.793
6/28/1982,58.418
6/29/1982,70.905
6/30/1982,169.844
7/1/1982,118.053
7/2/1982,120.998
7/3/1982,127.341
7/4/1982,251.425
7/5/1982,448.906
7/6/1982,239.9
7/7/1982,158.517
7/8/1982,72.18
7/9/1982,84.865
7/10/1982,132.749
7/11/1982,119.723
7/12/1982,405.327
7/13/1982,217.586
7/14/1982,309.333
7/15/1982,205.637
7/16/1982,127.511
7/17/1982,105.395
7/18/1982,110.067
7/19/1982,60.485
7/20/1982,50.772
7/21/1982,79.967
7/22/1982,65.1
7/23/1982,103.47
7/24/1982,139.035
7/25/1982,123.858
7/26/1982,77.022
7/27/1982,56.747
7/28/1982,85.573
7/29/1982,98.174
7/30/1982,157.583
7/31/1982,117.628
8/1/1982,81.581
8/2/1982,76.031
8/3/1982,48.11
8/4/1982,77.503
8/5/1982,63.203
8/6/1982,68.357
8/7/1982,81.382
8/8/1982,96.9
8/9/1982,279.43
8/10/1982,240.183
8/11/1982,301.319
8/12/1982,309.531
8/13/1982,293.9
8/14/1982,211.187
8/15/1982,134.816
8/16/1982,97.127
8/17/1982,74.36
8/18/1982,127.171
8/19/1982,122.64
8/20/1982,121.394
8/21/1982,59.918
8/22/1982,64.251
8/23/1982,52.499
8/24/1982,7.787
8/25/1982,62.92
8/26/1982,79.061
8/27/1982,65.185
8/28/1982,37.322
8/29/1982,72.321
8/30/1982,39.757
8/31/1982,34.433
9/1/1982,48.478
9/2/1982,68.498
9/3/1982,79.712
9/4/1982,37.152
9/5/1982,44.344
9/6/1982,45.533
9/7/1982,36.5
9/8/1982,34.716
9/9/1982,60.032
9/10/1982,52.16
9/11/1982,47.685
9/12/1982,70.735
9/13/1982,7.192
9/14/1982,44.797
9/15/1982,47.261
9/16/1982,45.788
9/17/1982,56.86
9/18/1982,43.155
9/19/1982,49.979
9/20/1982,45.392
9/21/1982,39.672
9/22/1982,52.641
9/23/1982,35.254
9/24/1982,61.759
9/25/1982,46.326
9/26/1982,101.94
9/27/1982,44.259
9/28/1982,64.421
9/29/1982,67.139
9/30/1982,75.238
10/1/1982,64.166
10/2/1982,91.095
10/3/1982,65.015
10/4/1982,29.761
10/5/1982,28.572
10/6/1982,45.958
10/7/1982,55.982
10/8/1982,49.469
10/9/1982,55.529
10/10/1982,75.946
10/11/1982,47.685
10/12/1982,51.82
10/13/1982,178.792
10/14/1982,87.329
10/15/1982,123.036
10/16/1982,88.745
10/17/1982,62.269
10/18/1982,40.833
10/19/1982,44.769
10/20/1982,77.248
10/21/1982,61.164
10/22/1982,53.207
10/23/1982,41.739
10/24/1982,115.844
10/25/1982,563.986
10/26/1982,456.325
10/27/1982,294.891
10/28/1982,185.56
10/29/1982,144.812
10/30/1982,97.325
10/31/1982,96.475
11/1/1982,69.291
11/2/1982,60.456
11/3/1982,68.725
11/4/1982,164.86
11/5/1982,142.632
11/6/1982,168.173
11/7/1982,167.466
11/8/1982,95.881
11/9/1982,61.702
11/10/1982,95.003
11/11/1982,95.314
11/12/1982,73.341
11/13/1982,129.748
11/14/1982,211.442
11/15/1982,202.975
11/16/1982,141.329
11/17/1982,113.635
11/18/1982,94.238
11/19/1982,79.967
11/20/1982,114.145
11/21/1982,111.002
11/22/1982,64.789
11/23/1982,88.886
11/24/1982,75.747
11/25/1982,111.115
11/26/1982,94.012
11/27/1982,59.295
11/28/1982,94.833
11/29/1982,122.98
11/30/1982,129.946
12/1/1982,207.789
12/2/1982,179.698
12/3/1982,148.522
12/4/1982,162.284
12/5/1982,140.366
12/6/1982,159.735
12/7/1982,147.389
12/8/1982,106.669
12/9/1982,119.355
12/10/1982,118.109
12/11/1982,157.866
12/12/1982,326.663
12/13/1982,205.92
12/14/1982,200.2
12/15/1982,202.21
12/16/1982,832.486
12/17/1982,1024.049
12/18/1982,958.382
12/19/1982,537.623
12/20/1982,264.422
12/21/1982,263.346
12/22/1982,199.973
12/23/1982,208.95
12/24/1982,177.575
12/25/1982,176.782
12/26/1982,145.605
12/27/1982,122.81
12/28/1982,110.492
12/29/1982,129.436
12/30/1982,184.456
12/31/1982,135.439
1/1/1983,124.226
1/2/1983,164.832
1/3/1983,161.264
1/4/1983,152.967
1/5/1983,228.432
1/6/1983,187.486
1/7/1983,178.906
1/8/1983,120.488
1/9/1983,156.111
1/10/1983,107.094
1/11/1983,133.344
1/12/1983,96.589
1/13/1983,87.924
1/14/1983,125.472
1/15/1983,151.721
1/16/1983,67.139
1/17/1983,84.497
1/18/1983,84.809
1/19/1983,93.276
1/20/1983,47.544
1/21/1983,61.334
1/22/1983,176.046
1/23/1983,157.583
1/24/1983,149.569
1/25/1983,223.165
1/26/1983,213.99
1/27/1983,187.599
1/28/1983,116.694
1/29/1983,151.042
1/30/1983,87.046
1/31/1983,125.67
2/1/1983,94.833
2/2/1983,279.062
2/3/1983,528.278
2/4/1983,710.638
2/5/1983,460.969
2/6/1983,339.547
2/7/1983,219.54
2/8/1983,260.373
2/9/1983,286.368
2/10/1983,261.307
2/11/1983,360.02
2/12/1983,324.454
2/13/1983,334.676
2/14/1983,464.82
2/15/1983,592.303
2/16/1983,688.438
2/17/1983,677.423
2/18/1983,662.047
2/19/1983,637.326
2/20/1983,481.187
2/21/1983,328.05
2/22/1983,291.946
2/23/1983,429.424
2/24/1983,453.692
2/25/1983,530.402
2/26/1983,488.352
2/27/1983,311.4
2/28/1983,198.048
3/1/1983,396.775
3/2/1983,369.109
3/3/1983,290.898
3/4/1983,225.572
3/5/1983,206.288
3/6/1983,330.57
3/7/1983,427.839
3/8/1983,541.927
3/9/1983,557.303
3/10/1983,547.59
3/11/1983,493.817
3/12/1983,432.171
3/13/1983,349.005
3/14/1983,230.357
3/15/1983,117.939
3/16/1983,159.282
3/17/1983,153.335
3/18/1983,724.74
3/19/1983,1248.771
3/20/1983,1421.447
3/21/1983,1643.111
3/22/1983,886.259
3/23/1983,561.437
3/24/1983,445.423
3/25/1983,293.249
3/26/1983,244.176
3/27/1983,415.861
3/28/1983,668.107
3/29/1983,853.752
3/30/1983,540.454
3/31/1983,429.113
4/1/1983,440.185
4/2/1983,410.452
4/3/1983,858.849
4/4/1983,1313.305
4/5/1983,1154.306
4/6/1983,558.379
4/7/1983,478.979
4/8/1983,511.826
4/9/1983,589.981
4/10/1983,1051.714
4/11/1983,1312.569
4/12/1983,1665.198
4/13/1983,1236.028
4/14/1983,755.351
4/15/1983,1449.282
4/16/1983,1578.378
4/17/1983,1016.8
4/18/1983,601.392
4/19/1983,593.095
4/20/1983,437.636
4/21/1983,356.282
4/22/1983,291.55
4/23/1983,339.377
4/24/1983,1110.726
4/25/1983,1161.753
4/26/1983,1081.079
4/27/1983,705.825
4/28/1983,404.109
4/29/1983,379.955
4/30/1983,329.523
5/1/1983,336.432
5/2/1983,208.893
5/3/1983,242.335
5/4/1983,289.992
5/5/1983,252.699
5/6/1983,195.782
5/7/1983,152.486
5/8/1983,211.951
5/9/1983,126.265
5/10/1983,133.712
5/11/1983,154.015
5/12/1983,117.685
5/13/1983,163.501
5/14/1983,163.36
5/15/1983,155.912
5/16/1983,218.776
5/17/1983,163.784
5/18/1983,143.198
5/19/1983,216.765
5/20/1983,291.352
5/21/1983,242.986
5/22/1983,269.944
5/23/1983,498.008
5/24/1983,417.361
5/25/1983,295.656
5/26/1983,281.696
5/27/1983,183.663
5/28/1983,162.623
5/29/1983,169.391
5/30/1983,183.804
5/31/1983,183.634
6/1/1983,183.776
6/2/1983,128.87
6/3/1983,135.354
6/4/1983,162.34
6/5/1983,154.383
6/6/1983,129.351
6/7/1983,127.284
6/8/1983,154.666
6/9/1983,144.614
6/10/1983,133.712
6/11/1983,110.322
6/12/1983,139.432
6/13/1983,52.867
6/14/1983,106.584
6/15/1983,90.585
6/16/1983,126.066
6/17/1983,125.019
6/18/1983,121.366
6/19/1983,142.434
6/20/1983,122.838
6/21/1983,256.125
6/22/1983,221.834
6/23/1983,181.312
6/24/1983,156.422
6/25/1983,130.314
6/26/1983,110.322
6/27/1983,39.134
6/28/1983,95.994
6/29/1983,136.515
6/30/1983,136.714
7/1/1983,162.822
7/2/1983,123.575
7/3/1983,124.736
7/4/1983,131.928
7/5/1983,99.703
7/6/1983,122.782
7/7/1983,113.211
7/8/1983,106.443
7/9/1983,82.034
7/10/1983,85.29
7/11/1983,44.401
7/12/1983,39.162
7/13/1983,70.197
7/14/1983,54.623
7/15/1983,64.732
7/16/1983,50.007
7/17/1983,60.371
7/18/1983,59.154
7/19/1983,14.215
7/20/1983,62.212
7/21/1983,22.03
7/22/1983,68.498
7/23/1983,65.327
7/24/1983,105.763
7/25/1983,64.789
7/26/1983,36.557
7/27/1983,61.929
7/28/1983,66.998
7/29/1983,59.975
7/30/1983,51.395
7/31/1983,43.749
8/1/1983,73.992
8/2/1983,52.811
8/3/1983,36.897
8/4/1983,83.365
8/5/1983,48.875
8/6/1983,91.039
8/7/1983,59.805
8/8/1983,34.49
8/9/1983,14.781
8/10/1983,46.241
8/11/1983,89.906
8/12/1983,17.217
8/13/1983,47.402
8/14/1983,59.635
8/15/1983,36.217
8/16/1983,21.662
8/17/1983,38.737
8/18/1983,62.58
8/19/1983,39.417
8/20/1983,36.585
8/21/1983,47.459
8/22/1983,31.29
8/23/1983,15.829
8/24/1983,14.102
8/25/1983,74.586
8/26/1983,70.197
8/27/1983,54.312
8/28/1983,52.556
8/29/1983,28.232
8/30/1983,29.619
8/31/1983,32.734
9/1/1983,52.018
9/2/1983,51.282
9/3/1983,45.335
9/4/1983,55.643
9/5/1983,10.987
9/6/1983,32.111
9/7/1983,12.148
9/8/1983,39.417
9/9/1983,44.854
9/10/1983,53.915
9/11/1983,50.885
9/12/1983,31.913
9/13/1983,134.505
9/14/1983,58.304
9/15/1983,58.672
9/16/1983,81.411
9/17/1983,50.036
9/18/1983,48.733
9/19/1983,43.806
9/20/1983,16.112
9/21/1983,76.37
9/22/1983,23.475
9/23/1983,56.039
9/24/1983,38.879
9/25/1983,61.221
9/26/1983,35.906
9/27/1983,24.437
9/28/1983,31.262
9/29/1983,60.57
9/30/1983,53.66
10/1/1983,63.996
10/2/1983,50.347
10/3/1983,54.595
10/4/1983,30.526
10/5/1983,37.916
10/6/1983,80.476
10/7/1983,42.872
10/8/1983,55.586
10/9/1983,43.749
10/10/1983,37.123
10/11/1983,13.819
10/12/1983,58.956
10/13/1983,144.246
10/14/1983,67.479
10/15/1983,85.234
10/16/1983,95.881
10/17/1983,61.532
10/18/1983,38.992
10/19/1983,47.147
10/20/1983,81.609
10/21/1983,120.913
10/22/1983,61.702
10/23/1983,226.506
10/24/1983,200.54
10/25/1983,314.232
10/26/1983,213.962
10/27/1983,115.986
10/28/1983,109.954
10/29/1983,74.133
10/30/1983,71.217
10/31/1983,61.929
11/1/1983,51.338
11/2/1983,85.772
11/3/1983,70.452
11/4/1983,57.228
11/5/1983,90.359
11/6/1983,57.257
11/7/1983,41.711
11/8/1983,44.656
11/9/1983,65.299
11/10/1983,109.246
11/11/1983,141.301
11/12/1983,187.655
11/13/1983,117.996
11/14/1983,83.195
11/15/1983,168.627
11/16/1983,251.793
11/17/1983,394.878
11/18/1983,172.506
11/19/1983,176.725
11/20/1983,176.867
11/21/1983,147.559
11/22/1983,172.591
11/23/1983,141.471
11/24/1983,157.951
11/25/1983,532.554
11/26/1983,791.964
11/27/1983,463.235
11/28/1983,243.524
11/29/1983,102.224
11/30/1983,142.349
12/1/1983,130.994
12/2/1983,140.904
12/3/1983,132.947
12/4/1983,300.215
12/5/1983,604.167
12/6/1983,675.129
12/7/1983,506.05
12/8/1983,351.015
12/9/1983,280.053
12/10/1983,222.91
12/11/1983,126.548
12/12/1983,436.39
12/13/1983,918.484
12/14/1983,968.548
12/15/1983,561.126
12/16/1983,340.028
12/17/1983,278.071
12/18/1983,193.092
12/19/1983,107.462
12/20/1983,121.139
12/21/1983,137.903
12/22/1983,381.172
12/23/1983,423.195
12/24/1983,423.818
12/25/1983,280.053
12/26/1983,235.652
12/27/1983,157.441
12/28/1983,328.39
12/29/1983,407.252
12/30/1983,406.176
12/31/1983,318.932
1/1/1984,228.46
1/2/1984,163.869
1/3/1984,100.326
1/4/1984,156.252
1/5/1984,187.401
1/6/1984,183.918
1/7/1984,211.753
1/8/1984,190.43
1/9/1984,120.856
1/10/1984,302.593
1/11/1984,994.458
1/12/1984,869.694
1/13/1984,546.033
1/14/1984,406.459
1/15/1984,258.362
1/16/1984,183.04
1/17/1984,166.305
1/18/1984,288.661
1/19/1984,521.737
1/20/1984,446.159
1/21/1984,349.146
1/22/1984,213.452
1/23/1984,129.606
1/24/1984,224.807
1/25/1984,467.171
1/26/1984,357.301
1/27/1984,333.091
1/28/1984,295.996
1/29/1984,208.015
1/30/1984,167.466
1/31/1984,111.54
2/1/1984,162.142
2/2/1984,138.639
2/3/1984,202.493
2/4/1984,221.409
2/5/1984,188.647
2/6/1984,187.004
2/7/1984,128.417
2/8/1984,178.792
2/9/1984,172.506
2/10/1984,140.31
2/11/1984,196.462
2/12/1984,136.742
2/13/1984,155.544
2/14/1984,589.896
2/15/1984,1431.131
2/16/1984,1957.059
2/17/1984,1441.042
2/18/1984,651.201
2/19/1984,345.465
2/20/1984,221.126
2/21/1984,191.931
2/22/1984,213.226
2/23/1984,575.85
2/24/1984,956.74
2/25/1984,1286.517
2/26/1984,955.041
2/27/1984,563.646
2/28/1984,582.392
2/29/1984,496.337
3/1/1984,407.564
3/2/1984,284.386
3/3/1984,286.255
3/4/1984,186.636
3/5/1984,513.497
3/6/1984,918.286
3/7/1984,718.142
3/8/1984,574.774
3/9/1984,467.029
3/10/1984,348.127
3/11/1984,266.801
3/12/1984,149.286
3/13/1984,373.725
3/14/1984,668.814
3/15/1984,600.26
3/16/1984,453.154
3/17/1984,385.618
3/18/1984,243.921
3/19/1984,216.51
3/20/1984,186.07
3/21/1984,554.443
3/22/1984,712.422
3/23/1984,524.37
3/24/1984,399.72
3/25/1984,471.163
3/26/1984,958.92
3/27/1984,1094.897
3/28/1984,1106.139
3/29/1984,1588.148
3/30/1984,1746.467
3/31/1984,1770.706
4/1/1984,957.589
4/2/1984,509.278
4/3/1984,351.185
4/4/1984,618.524
4/5/1984,945.809
4/6/1984,902.4
4/7/1984,605.13
4/8/1984,363.928
4/9/1984,282.177
4/10/1984,720.804
4/11/1984,798.59
4/12/1984,664.878
4/13/1984,482.433
4/14/1984,532.639
4/15/1984,669.324
4/16/1984,616.598
4/17/1984,484.784
4/18/1984,418.777
4/19/1984,286.198
4/20/1984,280.874
4/21/1984,285.377
4/22/1984,301.234
4/23/1984,464.65
4/24/1984,399.663
4/25/1984,300.441
4/26/1984,307.974
4/27/1984,258.306
4/28/1984,244.261
4/29/1984,197
4/30/1984,202.72
5/1/1984,157.838
5/2/1984,280.421
5/3/1984,238.711
5/4/1984,225.458
5/5/1984,403.458
5/6/1984,377.689
5/7/1984,410.112
5/8/1984,544.306
5/9/1984,489.654
5/10/1984,345.946
5/11/1984,311.57
5/12/1984,228.602
5/13/1984,206.26
5/14/1984,105.678
5/15/1984,154.978
5/16/1984,189.383
5/17/1984,138.554
5/18/1984,149.768
5/19/1984,183.011
5/20/1984,149.966
5/21/1984,111.965
5/22/1984,96.277
5/23/1984,187.231
5/24/1984,179.274
5/25/1984,192.469
5/26/1984,146.313
5/27/1984,155.856
5/28/1984,181.992
5/29/1984,494.978
5/30/1984,985.821
5/31/1984,692.006
6/1/1984,325.53
6/2/1984,206.061
6/3/1984,178.113
6/4/1984,129.974
6/5/1984,125.019
6/6/1984,113.38
6/7/1984,131.645
6/8/1984,124.764
6/9/1984,114.06
6/10/1984,120.799
6/11/1984,79.995
6/12/1984,74.105
6/13/1984,91.831
6/14/1984,108.057
6/15/1984,76.795
6/16/1984,110.945
6/17/1984,171.43
6/18/1984,86.225
6/19/1984,64.591
6/20/1984,118.138
6/21/1984,114.995
6/22/1984,75.294
6/23/1984,88.405
6/24/1984,76.54
6/25/1984,77.673
6/26/1984,89.056
6/27/1984,78.607
6/28/1984,312.759
6/29/1984,218.606
6/30/1984,189.524
7/1/1984,160.67
7/2/1984,130.031
7/3/1984,95.966
7/4/1984,121.536
7/5/1984,148.748
7/6/1984,88.263
7/7/1984,177.801
7/8/1984,175.139
7/9/1984,101.459
7/10/1984,81.92
7/11/1984,49.979
7/12/1984,169.872
7/13/1984,246.639
7/14/1984,192.724
7/15/1984,133.202
7/16/1984,122.017
7/17/1984,125.5
7/18/1984,325.332
7/19/1984,542.182
7/20/1984,400.485
7/21/1984,333.6
7/22/1984,508.966
7/23/1984,258.901
7/24/1984,181.454
7/25/1984,154.496
7/26/1984,168.542
7/27/1984,165.229
7/28/1984,795.136
7/29/1984,557.926
7/30/1984,437.438
7/31/1984,348.042
8/1/1984,222.089
8/2/1984,132.523
8/3/1984,125.104
8/4/1984,112.956
8/5/1984,95.937
8/6/1984,79.259
8/7/1984,58.078
8/8/1984,105.933
8/9/1984,92.256
8/10/1984,136.345
8/11/1984,149.768
8/12/1984,191.082
8/13/1984,387.346
8/14/1984,573.812
8/15/1984,636.618
8/16/1984,409.234
8/17/1984,241.599
8/18/1984,224.92
8/19/1984,155.941
8/20/1984,72.378
8/21/1984,88.83
8/22/1984,103.951
8/23/1984,91.746
8/24/1984,101.884
8/25/1984,96.107
8/26/1984,114.287
8/27/1984,54.198
8/28/1984,48.507
8/29/1984,129.606
8/30/1984,130.059
8/31/1984,73.737
9/1/1984,176.131
9/2/1984,164.917
9/3/1984,90.529
9/4/1984,89.34
9/5/1984,153.845
9/6/1984,132.891
9/7/1984,100.779
9/8/1984,83.591
9/9/1984,78.494
9/10/1984,60.824
9/11/1984,32.621
9/12/1984,112.842
9/13/1984,103.243
9/14/1984,56.379
9/15/1984,41.201
9/16/1984,40.691
9/17/1984,60.626
9/18/1984,22.002
9/19/1984,56.945
9/20/1984,50.319
9/21/1984,66.403
9/22/1984,75.861
9/23/1984,80.505
9/24/1984,30.582
9/25/1984,45.165
9/26/1984,57.823
9/27/1984,64.024
9/28/1984,70.056
9/29/1984,64.93
9/30/1984,83.931
10/1/1984,159.282
10/2/1984,106.075
10/3/1984,137.195
10/4/1984,85.97
10/5/1984,97.042
10/6/1984,86.933
10/7/1984,75.464
10/8/1984,82.119
10/9/1984,49.696
10/10/1984,81.581
10/11/1984,76.172
10/12/1984,95.909
10/13/1984,62.099
10/14/1984,68.753
10/15/1984,61.844
10/16/1984,39.757
10/17/1984,96.815
10/18/1984,82.09
10/19/1984,85.035
10/20/1984,75.351
10/21/1984,81.241
10/22/1984,74.728
10/23/1984,81.184
10/24/1984,99.335
10/25/1984,142.292
10/26/1984,120.913
10/27/1984,113.805
10/28/1984,101.771
10/29/1984,68.187
10/30/1984,93.332
10/31/1984,125.585
11/1/1984,111.54
11/2/1984,103.979
11/3/1984,42.56
11/4/1984,138.894
11/5/1984,51.763
11/6/1984,60.74
11/7/1984,89.226
11/8/1984,91.407
11/9/1984,79.882
11/10/1984,81.864
11/11/1984,122.102
11/12/1984,46.128
11/13/1984,53.717
11/14/1984,52.981
11/15/1984,85.545
11/16/1984,74.671
11/17/1984,81.099
11/18/1984,69.546
11/19/1984,98.741
11/20/1984,60.768
11/21/1984,82.798
11/22/1984,114.23
11/23/1984,109.105
11/24/1984,69.858
11/25/1984,71.302
11/26/1984,78.069
11/27/1984,63.741
11/28/1984,169.278
11/29/1984,100.949
11/30/1984,196.405
12/1/1984,164.379
12/2/1984,186.353
12/3/1984,114.032
12/4/1984,81.836
12/5/1984,216.199
12/6/1984,236.842
12/7/1984,154.128
12/8/1984,193.744
12/9/1984,122.3
12/10/1984,112.333
12/11/1984,97.325
12/12/1984,85.545
12/13/1984,113.437
12/14/1984,124.934
12/15/1984,107.009
12/16/1984,102.988
12/17/1984,82.459
12/18/1984,83.733
12/19/1984,110.605
12/20/1984,74.19
12/21/1984,97.778
12/22/1984,115.617
12/23/1984,98.939
12/24/1984,94.805
12/25/1984,65.44
12/26/1984,88.518
12/27/1984,72.463
12/28/1984,101.402
12/29/1984,126.803
12/30/1984,78.069
12/31/1984,41.711
1/1/1985,76.342
1/2/1985,173.752
1/3/1985,677.593
1/4/1985,1079.55
1/5/1985,1106.451
1/6/1985,856.442
1/7/1985,435.456
1/8/1985,226.449
1/9/1985,206.798
1/10/1985,201.899
1/11/1985,153.845
1/12/1985,150.192
1/13/1985,111.398
1/14/1985,108.114
1/15/1985,81.92
1/16/1985,92.851
1/17/1985,105.055
1/18/1985,93.785
1/19/1985,133.74
1/20/1985,53.717
1/21/1985,52.896
1/22/1985,52.245
1/23/1985,98.174
1/24/1985,165.936
1/25/1985,133.57
1/26/1985,72.406
1/27/1985,81.496
1/28/1985,89.623
1/29/1985,91.605
1/30/1985,129.181
1/31/1985,173.78
2/1/1985,570.668
2/2/1985,1039.453
2/3/1985,989.474
2/4/1985,713.668
2/5/1985,536.518
2/6/1985,329.664
2/7/1985,338.329
2/8/1985,234.435
2/9/1985,196.688
2/10/1985,195.386
2/11/1985,86.366
2/12/1985,481.952
2/13/1985,648.172
2/14/1985,584.515
2/15/1985,324.114
2/16/1985,244.94
2/17/1985,175.253
2/18/1985,130.229
2/19/1985,154.978
2/20/1985,144.557
2/21/1985,156.309
2/22/1985,154.44
2/23/1985,130.88
2/24/1985,137.167
2/25/1985,148.805
2/26/1985,237.238
2/27/1985,282.234
2/28/1985,211.753
3/1/1985,200.058
3/2/1985,183.833
3/3/1985,162.963
3/4/1985,109.161
3/5/1985,134.335
3/6/1985,153.675
3/7/1985,134.958
3/8/1985,152.713
3/9/1985,107.151
3/10/1985,150.136
3/11/1985,91.577
3/12/1985,79.853
3/13/1985,131.418
3/14/1985,141.895
3/15/1985,99.052
3/16/1985,123.32
3/17/1985,124.197
3/18/1985,58.078
3/19/1985,63.43
3/20/1985,103.724
3/21/1985,91.973
3/22/1985,171.317
3/23/1985,117.656
3/24/1985,154.581
3/25/1985,137.846
3/26/1985,139.828
3/27/1985,138.384
3/28/1985,149.314
3/29/1985,139.715
3/30/1985,161.802
3/31/1985,138.837
4/1/1985,89.538
4/2/1985,83.365
4/3/1985,117.883
4/4/1985,110.266
4/5/1985,91.803
4/6/1985,111.37
4/7/1985,83.166
4/8/1985,56.464
4/9/1985,81.864
4/10/1985,78.721
4/11/1985,89.056
4/12/1985,87.924
4/13/1985,95.286
4/14/1985,104.602
4/15/1985,81.439
4/16/1985,105.169
4/17/1985,80.221
4/18/1985,126.774
4/19/1985,115.051
4/20/1985,94.493
4/21/1985,79.287
4/22/1985,73.68
4/23/1985,68.159
4/24/1985,127.397
4/25/1985,64.987
4/26/1985,73.001
4/27/1985,100.326
4/28/1985,97.438
4/29/1985,95.229
4/30/1985,79.514
5/1/1985,83.11
5/2/1985,77.22
5/3/1985,145.35
5/4/1985,100.553
5/5/1985,93.389
5/6/1985,104.234
5/7/1985,53.49
5/8/1985,81.156
5/9/1985,80.165
5/10/1985,56.039
5/11/1985,116.637
5/12/1985,33.216
5/13/1985,92.964
5/14/1985,150.504
5/15/1985,71.755
5/16/1985,105.423
5/17/1985,155.318
5/18/1985,156.422
5/19/1985,93.332
5/20/1985,77.701
5/21/1985,109.954
5/22/1985,84.526
5/23/1985,240.551
5/24/1985,280.308
5/25/1985,360.53
5/26/1985,221.636
5/27/1985,163.53
5/28/1985,90.274
5/29/1985,134.392
5/30/1985,165.851
5/31/1985,114.202
6/1/1985,115.533
6/2/1985,94.408
6/3/1985,93.021
6/4/1985,29.789
6/5/1985,107.632
6/6/1985,84.497
6/7/1985,97.693
6/8/1985,75.662
6/9/1985,94.38
6/10/1985,40.125
6/11/1985,65.893
6/12/1985,131.985
6/13/1985,28.288
6/14/1985,78.636
6/15/1985,79.344
6/16/1985,117.458
6/17/1985,39.219
6/18/1985,27.807
6/19/1985,72.661
6/20/1985,51.367
6/21/1985,46.071
6/22/1985,46.015
6/23/1985,53.519
6/24/1985,33.839
6/25/1985,19.057
6/26/1985,34.915
6/27/1985,40.097
6/28/1985,55.048
6/29/1985,47.855
6/30/1985,70.905
7/1/1985,73.341
7/2/1985,26.901
7/3/1985,64.138
7/4/1985,73.539
7/5/1985,52.613
7/6/1985,61.731
7/7/1985,63.656
7/8/1985,30.695
7/9/1985,10.336
7/10/1985,48.903
7/11/1985,63.741
7/12/1985,79.004
7/13/1985,91.01
7/14/1985,70.537
7/15/1985,51.084
7/16/1985,61.674
7/17/1985,60.315
7/18/1985,58.304
7/19/1985,56.407
7/20/1985,52.018
7/21/1985,36.415
7/22/1985,28.458
7/23/1985,49.583
7/24/1985,30.497
7/25/1985,92.794
7/26/1985,79.457
7/27/1985,211.583
7/28/1985,193.319
7/29/1985,141.329
7/30/1985,126.859
7/31/1985,131.05
8/1/1985,113.579
8/2/1985,122.017
8/3/1985,138.724
8/4/1985,122.102
8/5/1985,30.837
8/6/1985,47.912
8/7/1985,49.215
8/8/1985,95.003
8/9/1985,82.628
8/10/1985,97.721
8/11/1985,88.518
8/12/1985,49.3
8/13/1985,24.041
8/14/1985,66.828
8/15/1985,28.119
8/16/1985,59.409
8/17/1985,112.191
8/18/1985,417.899
8/19/1985,1036.253
8/20/1985,1657.269
8/21/1985,1960.287
8/22/1985,1359.886
8/23/1985,573.642
8/24/1985,233.67
8/25/1985,164.096
8/26/1985,168.457
8/27/1985,464.084
8/28/1985,386.751
8/29/1985,263.205
8/30/1985,238.626
8/31/1985,209.969
9/1/1985,192.384
9/2/1985,95.682
9/3/1985,50.149
9/4/1985,94.125
9/5/1985,97.381
9/6/1985,106.273
9/7/1985,114.57
9/8/1985,102.62
9/9/1985,51.31
9/10/1985,39.502
9/11/1985,69.801
9/12/1985,72.972
9/13/1985,44.118
9/14/1985,61.363
9/15/1985,70.99
9/16/1985,25.004
9/17/1985,21.747
9/18/1985,56.747
9/19/1985,57.71
9/20/1985,64.732
9/21/1985,63.826
9/22/1985,104.093
9/23/1985,21.719
9/24/1985,44.429
9/25/1985,35.453
9/26/1985,92.738
9/27/1985,97.523
9/28/1985,41.937
9/29/1985,50.007
9/30/1985,43.098
10/1/1985,18.774
10/2/1985,61.731
10/3/1985,145.548
10/4/1985,147.984
10/5/1985,212.206
10/6/1985,85.63
10/7/1985,58.587
10/8/1985,38.992
10/9/1985,55.897
10/10/1985,80.25
10/11/1985,43.636
10/12/1985,68.697
10/13/1985,74.586
10/14/1985,49.186
10/15/1985,52.641
10/16/1985,64.279
10/17/1985,46.355
10/18/1985,78.607
10/19/1985,69.574
10/20/1985,48.733
10/21/1985,103.866
10/22/1985,73.284
10/23/1985,127.68
10/24/1985,123.32
10/25/1985,88.717
10/26/1985,82.204
10/27/1985,85.488
10/28/1985,28.487
10/29/1985,35.962
10/30/1985,63.911
10/31/1985,86.253
11/1/1985,126.236
11/2/1985,293.079
11/3/1985,534.621
11/4/1985,1347.597
11/5/1985,1624.365
11/6/1985,1885.021
11/7/1985,2153.691
11/8/1985,1508.549
11/9/1985,1119.023
11/10/1985,686.286
11/11/1985,270.34
11/12/1985,217.218
11/13/1985,182.049
11/14/1985,178.339
11/15/1985,119.78
11/16/1985,152.401
11/17/1985,106.443
11/18/1985,72.972
11/19/1985,116.495
11/20/1985,207.052
11/21/1985,844.011
11/22/1985,1137.033
11/23/1985,1105.318
11/24/1985,729.073
11/25/1985,368.118
11/26/1985,281.554
11/27/1985,228.064
11/28/1985,239.872
11/29/1985,188.873
11/30/1985,589.414
12/1/1985,779.788
12/2/1985,651.598
12/3/1985,459.185
12/4/1985,353.932
12/5/1985,295.797
12/6/1985,272.153
12/7/1985,160.16
12/8/1985,162.312
12/9/1985,107.689
12/10/1985,125.727
12/11/1985,173.582
12/12/1985,181.454
12/13/1985,335.384
12/14/1985,194.31
12/15/1985,244.799
12/16/1985,183.04
12/17/1985,141.301
12/18/1985,154.1
12/19/1985,147.559
12/20/1985,190.657
12/21/1985,117.939
12/22/1985,102.394
12/23/1985,90.529
12/24/1985,105.622
12/25/1985,169.193
12/26/1985,103.47
12/27/1985,110.351
12/28/1985,123.348
12/29/1985,136.685
12/30/1985,75.917
12/31/1985,89.453
1/1/1986,131.616
1/2/1986,133.967
1/3/1986,104.461
1/4/1986,145.662
1/5/1986,103.215
1/6/1986,88.037
1/7/1986,83.846
1/8/1986,81.467
1/9/1986,96.702
1/10/1986,101.997
1/11/1986,105.254
1/12/1986,107.264
1/13/1986,95.229
1/14/1986,61.957
1/15/1986,89.849
1/16/1986,94.606
1/17/1986,114.513
1/18/1986,117.656
1/19/1986,144.274
1/20/1986,114.145
1/21/1986,63.005
1/22/1986,121.734
1/23/1986,136.374
1/24/1986,101.827
1/25/1986,136.289
1/26/1986,216.454
1/27/1986,162.793
1/28/1986,82.034
1/29/1986,181.114
1/30/1986,143.963
1/31/1986,116.41
2/1/1986,114.825
2/2/1986,96.362
2/3/1986,121.054
2/4/1986,107.122
2/5/1986,126.066
2/6/1986,130.031
2/7/1986,225.458
2/8/1986,244.544
2/9/1986,414.445
2/10/1986,149.626
2/11/1986,249.414
2/12/1986,264.366
2/13/1986,258.787
2/14/1986,213.82
2/15/1986,199.633
2/16/1986,170.892
2/17/1986,132.523
2/18/1986,162.142
2/19/1986,190.204
2/20/1986,238.711
2/21/1986,239.334
2/22/1986,244.346
2/23/1986,171.996
2/24/1986,158.178
2/25/1986,128.02
2/26/1986,196.292
2/27/1986,228.715
2/28/1986,197.849
3/1/1986,239.532
3/2/1986,161.321
3/3/1986,123.121
3/4/1986,111.342
3/5/1986,121.054
3/6/1986,148.38
3/7/1986,115.872
3/8/1986,92.653
3/9/1986,166.361
3/10/1986,98.203
3/11/1986,65.1
3/12/1986,124.877
3/13/1986,158.036
3/14/1986,508.088
3/15/1986,461.507
3/16/1986,427.272
3/17/1986,358.746
3/18/1986,314.345
3/19/1986,317.007
3/20/1986,401.532
3/21/1986,349.033
3/22/1986,255.956
3/23/1986,219.993
3/24/1986,132.636
3/25/1986,164.152
3/26/1986,152.033
3/27/1986,182.558
3/28/1986,150.022
3/29/1986,163.586
3/30/1986,133.174
3/31/1986,96.985
4/1/1986,113.947
4/2/1986,119.837
4/3/1986,121.762
4/4/1986,109.218
4/5/1986,103.781
4/6/1986,135.326
4/7/1986,68.951
4/8/1986,71.953
4/9/1986,122.13
4/10/1986,73.425
4/11/1986,81.666
4/12/1986,110.889
4/13/1986,73.171
4/14/1986,70.226
4/15/1986,105.537
4/16/1986,139.828
4/17/1986,100.383
4/18/1986,112.163
4/19/1986,94.182
4/20/1986,103.186
4/21/1986,135.298
4/22/1986,124.82
4/23/1986,69.716
4/24/1986,73.397
4/25/1986,103.413
4/26/1986,89.311
4/27/1986,94.38
4/28/1986,83.874
4/29/1986,95.484
4/30/1986,70.622
5/1/1986,73.709
5/2/1986,90.104
5/3/1986,56.124
5/4/1986,64.534
5/5/1986,58.984
5/6/1986,77.786
5/7/1986,72.802
5/8/1986,74.02
5/9/1986,66.375
5/10/1986,84.78
5/11/1986,25.655
5/12/1986,49.441
5/13/1986,125.84
5/14/1986,98.826
5/15/1986,137.875
5/16/1986,134.788
5/17/1986,83.931
5/18/1986,91.152
5/19/1986,144.897
5/20/1986,173.355
5/21/1986,174.431
5/22/1986,110.832
5/23/1986,105.169
5/24/1986,93.106
5/25/1986,97.58
5/26/1986,57.71
5/27/1986,81.552
5/28/1986,87.187
5/29/1986,91.605
5/30/1986,90.699
5/31/1986,85.177
6/1/1986,85.149
6/2/1986,55.756
6/3/1986,32.14
6/4/1986,63.854
6/5/1986,51.197
6/6/1986,67.337
6/7/1986,79.57
6/8/1986,56.747
6/9/1986,41.711
6/10/1986,21.832
6/11/1986,56.096
6/12/1986,80.42
6/13/1986,61.419
6/14/1986,49.979
6/15/1986,63.6
6/16/1986,29.959
6/17/1986,18.463
6/18/1986,42.362
6/19/1986,36.472
6/20/1986,18.519
6/21/1986,61.674
6/22/1986,54.963
6/23/1986,19.142
6/24/1986,16.905
6/25/1986,25.145
6/26/1986,42.504
6/27/1986,30.95
6/28/1986,27.354
6/29/1986,39.332
6/30/1986,11.667
7/1/1986,32.706
7/2/1986,65.893
7/3/1986,60.286
7/4/1986,47.261
7/5/1986,68.102
7/6/1986,15.546
7/7/1986,41.229
7/8/1986,18.576
7/9/1986,23.078
7/10/1986,32.763
7/11/1986,66.743
7/12/1986,53.83
7/13/1986,53.859
7/14/1986,33.924
7/15/1986,25.967
7/16/1986,44.203
7/17/1986,26.335
7/18/1986,22.568
7/19/1986,14.923
7/20/1986,53.434
7/21/1986,39.219
7/22/1986,3.568
7/23/1986,57.964
7/24/1986,54.368
7/25/1986,50.574
7/26/1986,57.993
7/27/1986,48.931
7/28/1986,38.596
7/29/1986,39.332
7/30/1986,35.028
7/31/1986,45.137
8/1/1986,32.281
8/2/1986,53.915
8/3/1986,27.382
8/4/1986,32.819
8/5/1986,4.191
8/6/1986,131.022
8/7/1986,41.682
8/8/1986,60.994
8/9/1986,58.842
8/10/1986,71.387
8/11/1986,105.055
8/12/1986,74.813
8/13/1986,122.13
8/14/1986,93.559
8/15/1986,78.268
8/16/1986,77.616
8/17/1986,109.02
8/18/1986,29.818
8/19/1986,82.77
8/20/1986,357.075
8/21/1986,267.084
8/22/1986,218.889
8/23/1986,154.44
8/24/1986,99.052
8/25/1986,57.766
8/26/1986,85.885
8/27/1986,104.744
8/28/1986,120.205
8/29/1986,57.313
8/30/1986,48.931
8/31/1986,62.155
9/1/1986,42.22
9/2/1986,33.499
9/3/1986,54.935
9/4/1986,84.554
9/5/1986,107.604
9/6/1986,155.261
9/7/1986,148.125
9/8/1986,85.319
9/9/1986,52.896
9/10/1986,8.891
9/11/1986,99.08
9/12/1986,67.224
9/13/1986,43.438
9/14/1986,48.818
9/15/1986,63.118
9/16/1986,8.637
9/17/1986,37.18
9/18/1986,56.719
9/19/1986,53.094
9/20/1986,54.821
9/21/1986,72.378
9/22/1986,36.104
9/23/1986,5.777
9/24/1986,40.663
9/25/1986,20.388
9/26/1986,52.046
9/27/1986,59.465
9/28/1986,46.298
9/29/1986,56.435
9/30/1986,17.613
10/1/1986,16.849
10/2/1986,39.983
10/3/1986,43.353
10/4/1986,14.215
10/5/1986,51.112
10/6/1986,6.626
10/7/1986,20.586
10/8/1986,33.442
10/9/1986,34.377
10/10/1986,15.036
10/11/1986,39.049
10/12/1986,46.1
10/13/1986,52.301
10/14/1986,80.901
10/15/1986,64.449
10/16/1986,97.41
10/17/1986,69.518
10/18/1986,63.684
10/19/1986,45.505
10/20/1986,31.63
10/21/1986,26.958
10/22/1986,39.247
10/23/1986,57.426
10/24/1986,22.965
10/25/1986,100.015
10/26/1986,101.629
10/27/1986,63.033
10/28/1986,71.33
10/29/1986,80.703
10/30/1986,63.231
10/31/1986,76.144
11/1/1986,32.763
11/2/1986,69.291
11/3/1986,49.3
11/4/1986,26.788
11/5/1986,87.216
11/6/1986,35.594
11/7/1986,133.995
11/8/1986,102.847
11/9/1986,127.879
11/10/1986,112.503
11/11/1986,97.183
11/12/1986,96.73
11/13/1986,122.782
11/14/1986,99.675
11/15/1986,127.029
11/16/1986,87.81
11/17/1986,67.564
11/18/1986,62.439
11/19/1986,26.844
11/20/1986,125.557
11/21/1986,91.633
11/22/1986,88.207
11/23/1986,128.134
11/24/1986,85.29
11/25/1986,26.42
11/26/1986,139.489
11/27/1986,67.96
11/28/1986,136.459
11/29/1986,104.262
11/30/1986,98.741
12/1/1986,54.595
12/2/1986,145.832
12/3/1986,176.244
12/4/1986,234.038
12/5/1986,169.25
12/6/1986,145.152
12/7/1986,121.337
12/8/1986,68.385
12/9/1986,121.876
12/10/1986,169.278
12/11/1986,320.49
12/12/1986,455.9
12/13/1986,511.968
12/14/1986,352.346
12/15/1986,164.379
12/16/1986,157.017
12/17/1986,143.849
12/18/1986,142.972
12/19/1986,131.56
12/20/1986,156.082
12/21/1986,125.302
12/22/1986,71.585
12/23/1986,105.65
12/24/1986,416.342
12/25/1986,878.953
12/26/1986,1080.201
12/27/1986,778.401
12/28/1986,346.371
12/29/1986,223.505
12/30/1986,262.893
12/31/1986,178.169
1/1/1987,342.973
1/2/1987,353.762
1/3/1987,234.491
1/4/1987,211.385
1/5/1987,121.96
1/6/1987,114.032
1/7/1987,139.913
1/8/1987,109.586
1/9/1987,105.622
1/10/1987,142.943
1/11/1987,147.417
1/12/1987,86.083
1/13/1987,54.142
1/14/1987,117.826
1/15/1987,113.664
1/16/1987,112.673
1/17/1987,106.075
1/18/1987,261.364
1/19/1987,786.584
1/20/1987,790.747
1/21/1987,719.671
1/22/1987,652.702
1/23/1987,402.523
1/24/1987,354.073
1/25/1987,297.808
1/26/1987,154.043
1/27/1987,234.435
1/28/1987,242.052
1/29/1987,204.023
1/30/1987,250.519
1/31/1987,285.575
2/1/1987,315.647
2/2/1987,358.944
2/3/1987,436.135
2/4/1987,626.424
2/5/1987,703.276
2/6/1987,541.389
2/7/1987,391.083
2/8/1987,408.753
2/9/1987,158.178
2/10/1987,226.789
2/11/1987,335.328
2/12/1987,246.611
2/13/1987,183.634
2/14/1987,250.943
2/15/1987,180.435
2/16/1987,216.765
2/17/1987,185.475
2/18/1987,222.202
2/19/1987,222.825
2/20/1987,282.715
2/21/1987,251.793
2/22/1987,385.42
2/23/1987,819.432
2/24/1987,991.399
2/25/1987,978.742
2/26/1987,703.757
2/27/1987,558.181
2/28/1987,964.697
3/1/1987,1934.377
3/2/1987,2217.375
3/3/1987,2936.934
3/4/1987,2594.159
3/5/1987,1610.15
3/6/1987,624.272
3/7/1987,406.063
3/8/1987,384.939
3/9/1987,389.554
3/10/1987,543.088
3/11/1987,452.587
3/12/1987,436.787
3/13/1987,339.32
3/14/1987,296.562
3/15/1987,232.311
3/16/1987,218.719
3/17/1987,202.493
3/18/1987,214.16
3/19/1987,272.549
3/20/1987,242.986
3/21/1987,258.646
3/22/1987,212.857
3/23/1987,104.291
3/24/1987,170.042
3/25/1987,209.827
3/26/1987,225.09
3/27/1987,315.053
3/28/1987,246.243
3/29/1987,186.891
3/30/1987,146.228
3/31/1987,363.758
4/1/1987,554.075
4/2/1987,456.184
4/3/1987,346.258
4/4/1987,335.554
4/5/1987,247.262
4/6/1987,216.539
4/7/1987,286.962
4/8/1987,276.74
4/9/1987,245.677
4/10/1987,235.794
4/11/1987,241.741
4/12/1987,253.407
4/13/1987,102.988
4/14/1987,192.526
4/15/1987,651.173
4/16/1987,1691.957
4/17/1987,2787.534
4/18/1987,3926.577
4/19/1987,3342.628
4/20/1987,2052.005
4/21/1987,1306.197
4/22/1987,925.308
4/23/1987,636.873
4/24/1987,663.661
4/25/1987,1553.828
4/26/1987,1924.806
4/27/1987,2363.348
4/28/1987,2057.81
4/29/1987,1195.62
4/30/1987,839.395
5/1/1987,678.584
5/2/1987,531.28
5/3/1987,294.863
5/4/1987,223.476
5/5/1987,256.409
5/6/1987,262.78
5/7/1987,252.048
5/8/1987,292.201
5/9/1987,242.42
5/10/1987,218.719
5/11/1987,211.13
5/12/1987,207.647
5/13/1987,261.562
5/14/1987,277.278
5/15/1987,248.621
5/16/1987,245.563
5/17/1987,216.454
5/18/1987,163.303
5/19/1987,186.891
5/20/1987,204.504
5/21/1987,185.22
5/22/1987,250.377
5/23/1987,158.404
5/24/1987,183.493
5/25/1987,137.733
5/26/1987,150.391
5/27/1987,314.6
5/28/1987,287.755
5/29/1987,231.462
5/30/1987,161.038
5/31/1987,210.366
6/1/1987,85.658
6/2/1987,174.347
6/3/1987,210.677
6/4/1987,278.354
6/5/1987,265.895
6/6/1987,268.925
6/7/1987,249.075
6/8/1987,108.68
6/9/1987,86.904
6/10/1987,109.359
6/11/1987,104.376
6/12/1987,95.824
6/13/1987,127.369
6/14/1987,119.865
6/15/1987,71.188
6/16/1987,95.031
6/17/1987,116.127
6/18/1987,129.634
6/19/1987,101.063
6/20/1987,215.576
6/21/1987,63.656
6/22/1987,74.332
6/23/1987,80.929
6/24/1987,129.804
6/25/1987,115.702
6/26/1987,97.891
6/27/1987,111.143
6/28/1987,77.305
6/29/1987,84.95
6/30/1987,36.076
7/1/1987,68.782
7/2/1987,152.429
7/3/1987,346.088
7/4/1987,360.388
7/5/1987,392.358
7/6/1987,272.436
7/7/1987,189.241
7/8/1987,176.782
7/9/1987,147.644
7/10/1987,163.586
7/11/1987,132.041
7/12/1987,103.186
7/13/1987,81.581
7/14/1987,83.251
7/15/1987,124.424
7/16/1987,91.633
7/17/1987,92.369
7/18/1987,64.845
7/19/1987,88.801
7/20/1987,24.409
7/21/1987,49.753
7/22/1987,30.044
7/23/1987,74.388
7/24/1987,36.104
7/25/1987,56.86
7/26/1987,90.925
7/27/1987,34.915
7/28/1987,10.562
7/29/1987,49.781
7/30/1987,39.7
7/31/1987,43.749
8/1/1987,55.954
8/2/1987,70.452
8/3/1987,18.548
8/4/1987,46.949
8/5/1987,49.668
8/6/1987,82.94
8/7/1987,62.155
8/8/1987,64.817
8/9/1987,93.077
8/10/1987,46.666
8/11/1987,28.911
8/12/1987,44.514
8/13/1987,35.594
8/14/1987,48.846
8/15/1987,98.004
8/16/1987,62.127
8/17/1987,29.308
8/18/1987,53.037
8/19/1987,54.028
8/20/1987,56.181
8/21/1987,47.516
8/22/1987,86.196
8/23/1987,41.003
8/24/1987,31.998
8/25/1987,18.887
8/26/1987,32.111
8/27/1987,58.418
8/28/1987,128.162
8/29/1987,53.944
8/30/1987,60.371
8/31/1987,77.73
9/1/1987,23.333
9/2/1987,30.384
9/3/1987,11.61
9/4/1987,47.431
9/5/1987,92.568
9/6/1987,91.378
9/7/1987,136.402
9/8/1987,935.814
9/9/1987,1890.061
9/10/1987,3218.941
9/11/1987,2398.037
9/12/1987,1366.059
9/13/1987,1004.029
9/14/1987,484.5
9/15/1987,264.309
9/16/1987,173.582
9/17/1987,151.098
9/18/1987,130.201
9/19/1987,57.002
9/20/1987,168.457
9/21/1987,121.96
9/22/1987,114.457
9/23/1987,98.741
9/24/1987,82.827
9/25/1987,65.922
9/26/1987,68.413
9/27/1987,127.369
9/28/1987,46.581
9/29/1987,36.557
9/30/1987,129.21
10/1/1987,110.492
10/2/1987,72.576
10/3/1987,127.709
10/4/1987,82.657
10/5/1987,32.111
10/6/1987,38.058
10/7/1987,114.4
10/8/1987,50.149
10/9/1987,64.053
10/10/1987,70.99
10/11/1987,81.779
10/12/1987,56.492
10/13/1987,26.901
10/14/1987,57.37
10/15/1987,48.252
10/16/1987,45.562
10/17/1987,73.765
10/18/1987,55.954
10/19/1987,56.86
10/20/1987,46.213
10/21/1987,82.005
10/22/1987,48.478
10/23/1987,70.65
10/24/1987,69.065
10/25/1987,66.346
10/26/1987,56.804
10/27/1987,171.571
10/28/1987,73.765
10/29/1987,100.864
10/30/1987,68.3
10/31/1987,75.521
11/1/1987,82.317
11/2/1987,75.889
11/3/1987,72.378
11/4/1987,49.583
11/5/1987,83.789
11/6/1987,60.994
11/7/1987,87.159
11/8/1987,69.065
11/9/1987,62.58
11/10/1987,74.077
11/11/1987,254.71
11/12/1987,244.402
11/13/1987,258.278
11/14/1987,173.497
11/15/1987,129.21
11/16/1987,83.988
11/17/1987,111.625
11/18/1987,106.924
11/19/1987,114.91
11/20/1987,120.488
11/21/1987,53.037
11/22/1987,84.214
11/23/1987,49.809
11/24/1987,65.327
11/25/1987,73.057
11/26/1987,125.698
11/27/1987,161.151
11/28/1987,177.49
11/29/1987,376.132
11/30/1987,393.49
12/1/1987,341.076
12/2/1987,254.766
12/3/1987,201.644
12/4/1987,175.423
12/5/1987,125.896
12/6/1987,137.676
12/7/1987,81.581
12/8/1987,73.029
12/9/1987,112.559
12/10/1987,283.593
12/11/1987,316.384
12/12/1987,519.5
12/13/1987,323.321
12/14/1987,193.715
12/15/1987,272.521
12/16/1987,294.127
12/17/1987,319.244
12/18/1987,202.04
12/19/1987,197.396
12/20/1987,190.515
12/21/1987,107.774
12/22/1987,149.881
12/23/1987,111.087
12/24/1987,133.57
12/25/1987,193.63
12/26/1987,175.026
12/27/1987,235.511
12/28/1987,445.678
12/29/1987,591.34
12/30/1987,348.382
12/31/1987,278.156
1/1/1988,260.345
1/2/1988,156.932
1/3/1988,234.322
1/4/1988,208.751
1/5/1988,175.932
1/6/1988,199.265
1/7/1988,206.146
1/8/1988,159.395
1/9/1988,153.449
1/10/1988,161.689
1/11/1988,120.856
1/12/1988,94.521
1/13/1988,125.755
1/14/1988,132.919
1/15/1988,163.841
1/16/1988,122.583
1/17/1988,147.247
1/18/1988,194.395
1/19/1988,270.227
1/20/1988,661.962
1/21/1988,857.829
1/22/1988,642.197
1/23/1988,383.126
1/24/1988,345.097
1/25/1988,302.508
1/26/1988,223.08
1/27/1988,326.748
1/28/1988,226.421
1/29/1988,210.111
1/30/1988,195.811
1/31/1988,200.171
2/1/1988,175.989
2/2/1988,183.663
2/3/1988,173.186
2/4/1988,340.764
2/5/1988,358.915
2/6/1988,311.173
2/7/1988,239.56
2/8/1988,197.34
2/9/1988,189.468
2/10/1988,146.426
2/11/1988,228.63
2/12/1988,238.597
2/13/1988,173.893
2/14/1988,146.313
2/15/1988,160.415
2/16/1988,125.698
2/17/1988,165.285
2/18/1988,172.987
2/19/1988,199.237
2/20/1988,157.668
2/21/1988,141.074
2/22/1988,126.435
2/23/1988,151.778
2/24/1988,115.957
2/25/1988,114.088
2/26/1988,128.02
2/27/1988,134.137
2/28/1988,107.179
2/29/1988,109.841
3/1/1988,101.714
3/2/1988,123.744
3/3/1988,104.206
3/4/1988,123.121
3/5/1988,106.471
3/6/1988,135.383
3/7/1988,108.397
3/8/1988,98.882
3/9/1988,152.769
3/10/1988,161.094
3/11/1988,156.847
3/12/1988,159.48
3/13/1988,174.46
3/14/1988,126.208
3/15/1988,88.547
3/16/1988,77.22
3/17/1988,99.505
3/18/1988,125.868
3/19/1988,112.701
3/20/1988,111.54
3/21/1988,128.53
3/22/1988,95.371
3/23/1988,111.172
3/24/1988,128.87
3/25/1988,88.377
3/26/1988,159.225
3/27/1988,152.571
3/28/1988,206.458
3/29/1988,177.886
3/30/1988,133.259
3/31/1988,137.676
4/1/1988,137.988
4/2/1988,107.434
4/3/1988,119.214
4/4/1988,156.847
4/5/1988,158.999
4/6/1988,200.398
4/7/1988,254.2
4/8/1988,281.724
4/9/1988,235.652
4/10/1988,180.293
4/11/1988,125.019
4/12/1988,204.051
4/13/1988,197.255
4/14/1988,184.031
4/15/1988,219.399
4/16/1988,189.269
4/17/1988,75.379
4/18/1988,165.398
4/19/1988,300.158
4/20/1988,286.962
4/21/1988,264.337
4/22/1988,232.906
4/23/1988,222.485
4/24/1988,260.515
4/25/1988,182.927
4/26/1988,165.54
4/27/1988,201.248
4/28/1988,263.714
4/29/1988,134.448
4/30/1988,140.734
5/1/1988,122.725
5/2/1988,72.576
5/3/1988,98.769
5/4/1988,158.574
5/5/1988,208.638
5/6/1988,282.092
5/7/1988,204.447
5/8/1988,122.895
5/9/1988,165.059
5/10/1988,99.562
5/11/1988,138.356
5/12/1988,108.821
5/13/1988,109.756
5/14/1988,101.261
5/15/1988,99.534
5/16/1988,64.789
5/17/1988,148.323
5/18/1988,100.949
5/19/1988,142.518
5/20/1988,197.821
5/21/1988,147.984
5/22/1988,153.619
5/23/1988,145.52
5/24/1988,105.452
5/25/1988,166.843
5/26/1988,105.792
5/27/1988,101.148
5/28/1988,73.171
5/29/1988,66.488
5/30/1988,106.868
5/31/1988,45.873
6/1/1988,64.194
6/2/1988,73.341
6/3/1988,132.947
6/4/1988,56.379
6/5/1988,95.994
6/6/1988,97.778
6/7/1988,27.297
6/8/1988,56.577
6/9/1988,92.879
6/10/1988,57.964
6/11/1988,67.507
6/12/1988,77.022
6/13/1988,56.549
6/14/1988,50.404
6/15/1988,44.316
6/16/1988,66.516
6/17/1988,48.478
6/18/1988,83.308
6/19/1988,104.149
6/20/1988,83.365
6/21/1988,60.683
6/22/1988,66.375
6/23/1988,66.743
6/24/1988,36.415
6/25/1988,70.509
6/26/1988,136.062
6/27/1988,88.433
6/28/1988,47.714
6/29/1988,49.469
6/30/1988,50.064
7/1/1988,51.112
7/2/1988,45.364
7/3/1988,43.183
7/4/1988,36.359
7/5/1988,54.028
7/6/1988,29.195
7/7/1988,23.107
7/8/1988,51.282
7/9/1988,37.35
7/10/1988,43.211
7/11/1988,43.296
7/12/1988,76.342
7/13/1988,66.46
7/14/1988,134.646
7/15/1988,76.116
7/16/1988,57.2
7/17/1988,42.645
7/18/1988,79.542
7/19/1988,104.574
7/20/1988,91.01
7/21/1988,111.653
7/22/1988,132.126
7/23/1988,200.285
7/24/1988,173.157
7/25/1988,203.938
7/26/1988,163.671
7/27/1988,116.099
7/28/1988,127.624
7/29/1988,163.02
7/30/1988,136.175
7/31/1988,68.583
8/1/1988,61.561
8/2/1988,54.765
8/3/1988,51.395
8/4/1988,63.203
8/5/1988,43.749
8/6/1988,74.445
8/7/1988,30.299
8/8/1988,50.177
8/9/1988,35.651
8/10/1988,46.864
8/11/1988,46.298
8/12/1988,34.207
8/13/1988,36.614
8/14/1988,44.316
8/15/1988,41.144
8/16/1988,28.175
8/17/1988,33.782
8/18/1988,9.911
8/19/1988,52.046
8/20/1988,50.064
8/21/1988,43.24
8/22/1988,36.472
8/23/1988,46.298
8/24/1988,33.301
8/25/1988,38.794
8/26/1988,26.873
8/27/1988,34.603
8/28/1988,104.404
8/29/1988,175.536
8/30/1988,104.716
8/31/1988,181.029
9/1/1988,120.403
9/2/1988,44.118
9/3/1988,50.829
9/4/1988,138.809
9/5/1988,64.845
9/6/1988,44.854
9/7/1988,58.106
9/8/1988,58.418
9/9/1988,129.153
9/10/1988,81.298
9/11/1988,104.716
9/12/1988,98.316
9/13/1988,69.744
9/14/1988,51.48
9/15/1988,22.2
9/16/1988,50.177
9/17/1988,95.003
9/18/1988,59.069
9/19/1988,71.16
9/20/1988,42.843
9/21/1988,52.273
9/22/1988,56.832
9/23/1988,59.607
9/24/1988,44.316
9/25/1988,55.246
9/26/1988,42.249
9/27/1988,76.37
9/28/1988,28.26
9/29/1988,49.838
9/30/1988,34.32
10/1/1988,42.192
10/2/1988,89.849
10/3/1988,154.128
10/4/1988,168.711
10/5/1988,125.557
10/6/1988,82.005
10/7/1988,102.365
10/8/1988,40.408
10/9/1988,49.441
10/10/1988,65.185
10/11/1988,40.889
10/12/1988,48.337
10/13/1988,35.453
10/14/1988,35.594
10/15/1988,39.898
10/16/1988,55.756
10/17/1988,54.708
10/18/1988,43.042
10/19/1988,222.004
10/20/1988,47.516
10/21/1988,146.624
10/22/1988,56.011
10/23/1988,69.093
10/24/1988,56.86
10/25/1988,37.435
10/26/1988,55.982
10/27/1988,42.702
10/28/1988,62.127
10/29/1988,26.703
10/30/1988,43.325
10/31/1988,83.648
11/1/1988,362.738
11/2/1988,175.677
11/3/1988,106.415
11/4/1988,98.939
11/5/1988,118.336
11/6/1988,70.735
11/7/1988,89.764
11/8/1988,85.262
11/9/1988,48.478
11/10/1988,71.047
11/11/1988,80.363
11/12/1988,65.752
11/13/1988,69.433
11/14/1988,69.914
11/15/1988,34.207
11/16/1988,56.096
11/17/1988,194.112
11/18/1988,62.693
11/19/1988,108.595
11/20/1988,157.583
11/21/1988,58.672
11/22/1988,110.294
11/23/1988,65.157
11/24/1988,71.33
11/25/1988,87.159
11/26/1988,67.451
11/27/1988,93.191
11/28/1988,462.527
11/29/1988,530.572
11/30/1988,376.727
12/1/1988,196.179
12/2/1988,143.255
12/3/1988,91.775
12/4/1988,112.361
12/5/1988,91.265
12/6/1988,72.038
12/7/1988,65.667
12/8/1988,56.577
12/9/1988,123.178
12/10/1988,87.584
12/11/1988,92.596
12/12/1988,61.957
12/13/1988,79.655
12/14/1988,79.344
12/15/1988,31.347
12/16/1988,43.976
12/17/1988,111.908
12/18/1988,52.528
12/19/1988,48.11
12/20/1988,66.856
12/21/1988,91.69
12/22/1988,66.828
12/23/1988,79.259
12/24/1988,116.439
12/25/1988,85.319
12/26/1988,78.721
12/27/1988,92.115
12/28/1988,66.375
12/29/1988,79.655
12/30/1988,83.789
12/31/1988,73.142
1/1/1989,142.377
1/2/1989,128.02
1/3/1989,233.472
1/4/1989,30.072
1/5/1989,92.511
1/6/1989,122.414
1/7/1989,81.354
1/8/1989,126.463
1/9/1989,110.039
1/10/1989,94.55
1/11/1989,110.181
1/12/1989,139.63
1/13/1989,139.177
1/14/1989,160.556
1/15/1989,152.656
1/16/1989,128.247
1/17/1989,136.94
1/18/1989,116.665
1/19/1989,148.493
1/20/1989,81.382
1/21/1989,94.833
1/22/1989,101.346
1/23/1989,93.049
1/24/1989,63.628
1/25/1989,108.425
1/26/1989,76.795
1/27/1989,101.374
1/28/1989,87.924
1/29/1989,81.354
1/30/1989,89.198
1/31/1989,34.235
2/1/1989,77.758
2/2/1989,98.854
2/3/1989,60.343
2/4/1989,90.331
2/5/1989,147.134
2/6/1989,92.284
2/7/1989,140.168
2/8/1989,141.556
2/9/1989,105.508
2/10/1989,77.163
2/11/1989,111.88
2/12/1989,82.997
2/13/1989,102.507
2/14/1989,95.569
2/15/1989,82.062
2/16/1989,96.419
2/17/1989,86.281
2/18/1989,178.509
2/19/1989,141.329
2/20/1989,119.667
2/21/1989,791.228
2/22/1989,1000.093
2/23/1989,853.072
2/24/1989,744.024
2/25/1989,419.117
2/26/1989,337.168
2/27/1989,346.768
2/28/1989,718.199
3/1/1989,574.661
3/2/1989,591.821
3/3/1989,402.948
3/4/1989,318.592
3/5/1989,306.473
3/6/1989,509.448
3/7/1989,699.906
3/8/1989,968.151
3/9/1989,537.226
3/10/1989,304.179
3/11/1989,230.895
3/12/1989,237.918
3/13/1989,217.983
3/14/1989,218.351
3/15/1989,340.396
3/16/1989,322.868
3/17/1989,229.791
3/18/1989,244.657
3/19/1989,240.58
3/20/1989,148.238
3/21/1989,232.481
3/22/1989,229.791
3/23/1989,362.512
3/24/1989,1039.396
3/25/1989,1086.657
3/26/1989,968.265
3/27/1989,498.715
3/28/1989,331.25
3/29/1989,201.587
3/30/1989,347.532
3/31/1989,266.404
4/1/1989,220.645
4/2/1989,194.848
4/3/1989,176.414
4/4/1989,218.124
4/5/1989,198.926
4/6/1989,332.977
4/7/1989,554.641
4/8/1989,640.753
4/9/1989,542.352
4/10/1989,445.933
4/11/1989,341.444
4/12/1989,221.324
4/13/1989,184.994
4/14/1989,147.276
4/15/1989,291.663
4/16/1989,257.655
4/17/1989,231.292
4/18/1989,189.779
4/19/1989,177.065
4/20/1989,172.648
4/21/1989,97.551
4/22/1989,141.612
4/23/1989,135.043
4/24/1989,137.308
4/25/1989,196.122
4/26/1989,408.838
4/27/1989,414.53
4/28/1989,377.831
4/29/1989,341.529
4/30/1989,369.619
5/1/1989,290.077
5/2/1989,1295.295
5/3/1989,1404.683
5/4/1989,1064.598
5/5/1989,669.211
5/6/1989,1031.864
5/7/1989,1348.474
5/8/1989,1511.806
5/9/1989,926.356
5/10/1989,724.74
5/11/1989,577.464
5/12/1989,339.264
5/13/1989,294.523
5/14/1989,218.379
5/15/1989,222.768
5/16/1989,310.918
5/17/1989,262.525
5/18/1989,218.068
5/19/1989,133.514
5/20/1989,168.938
5/21/1989,128.955
5/22/1989,107.122
5/23/1989,128.87
5/24/1989,218.889
5/25/1989,170.184
5/26/1989,97.721
5/27/1989,103.951
5/28/1989,70.792
5/29/1989,84.327
5/30/1989,84.639
5/31/1989,73.567
6/1/1989,86.083
6/2/1989,74.586
6/3/1989,65.95
6/4/1989,146.426
6/5/1989,269.576
6/6/1989,392.952
6/7/1989,267.424
6/8/1989,585.478
6/9/1989,806.321
6/10/1989,854.544
6/11/1989,659.13
6/12/1989,282.092
6/13/1989,318.337
6/14/1989,397.709
6/15/1989,401.334
6/16/1989,510.24
6/17/1989,632.654
6/18/1989,528.278
6/19/1989,234.973
6/20/1989,214.132
6/21/1989,274.56
6/22/1989,291.861
6/23/1989,301.234
6/24/1989,298.119
6/25/1989,302.395
6/26/1989,234.548
6/27/1989,101.487
6/28/1989,105.622
6/29/1989,129.464
6/30/1989,87.357
7/1/1989,110.294
7/2/1989,87.754
7/3/1989,29.393
7/4/1989,72.802
7/5/1989,139.007
7/6/1989,624.782
7/7/1989,943.884
7/8/1989,929.244
7/9/1989,382.503
7/10/1989,199.747
7/11/1989,140.565
7/12/1989,168.57
7/13/1989,178.651
7/14/1989,205.863
7/15/1989,333.94
7/16/1989,460.856
7/17/1989,486.964
7/18/1989,435.031
7/19/1989,258.023
7/20/1989,231.093
7/21/1989,218.832
7/22/1989,269.01
7/23/1989,170.977
7/24/1989,99.25
7/25/1989,121.762
7/26/1989,143.226
7/27/1989,254.596
7/28/1989,359.963
7/29/1989,313.41
7/30/1989,189.723
7/31/1989,288.322
8/1/1989,648.511
8/2/1989,653.099
8/3/1989,397.54
8/4/1989,179.444
8/5/1989,144.274
8/6/1989,86.678
8/7/1989,102.705
8/8/1989,68.668
8/9/1989,81.694
8/10/1989,178.509
8/11/1989,125.472
8/12/1989,135.694
8/13/1989,116.495
8/14/1989,97.297
8/15/1989,114.457
8/16/1989,102.224
8/17/1989,141.216
8/18/1989,196.83
8/19/1989,149.484
8/20/1989,184.512
8/21/1989,188.873
8/22/1989,224.269
8/23/1989,211.668
8/24/1989,174.177
8/25/1989,340.141
8/26/1989,276.23
8/27/1989,168.06
8/28/1989,137.45
8/29/1989,121.819
8/30/1989,113.38
8/31/1989,131.701
9/1/1989,114.287
9/2/1989,98.684
9/3/1989,88.745
9/4/1989,95.937
9/5/1989,63.005
9/6/1989,47.685
9/7/1989,84.696
9/8/1989,33.102
9/9/1989,76.965
9/10/1989,100.949
9/11/1989,66.488
9/12/1989,72.378
9/13/1989,95.909
9/14/1989,100.468
9/15/1989,99.222
9/16/1989,205.552
9/17/1989,725.052
9/18/1989,849.504
9/19/1989,694.441
9/20/1989,318.507
9/21/1989,248.678
9/22/1989,421.496
9/23/1989,275.806
9/24/1989,281.412
9/25/1989,267.905
9/26/1989,610.822
9/27/1989,920.239
9/28/1989,794.484
9/29/1989,333.685
9/30/1989,258.447
10/1/1989,508.938
10/2/1989,1079.267
10/3/1989,1428.639
10/4/1989,1565.862
10/5/1989,1320.441
10/6/1989,562.91
10/7/1989,298.261
10/8/1989,205.863
10/9/1989,160.188
10/10/1989,188.25
10/11/1989,140.621
10/12/1989,118.761
10/13/1989,122.13
10/14/1989,151.353
10/15/1989,111.427
10/16/1989,89.17
10/17/1989,179.953
10/18/1989,258.079
10/19/1989,508.173
10/20/1989,735.529
10/21/1989,485.86
10/22/1989,226.987
10/23/1989,174.318
10/24/1989,108.51
10/25/1989,162.623
10/26/1989,117.911
10/27/1989,278.241
10/28/1989,168.655
10/29/1989,166.05
10/30/1989,126.746
10/31/1989,147.304
11/1/1989,204.9
11/2/1989,248.282
11/3/1989,242.165
11/4/1989,225.317
11/5/1989,179.047
11/6/1989,165.965
11/7/1989,117.147
11/8/1989,123.518
11/9/1989,234.095
11/10/1989,227.78
11/11/1989,200.653
11/12/1989,144.217
11/13/1989,138.243
11/14/1989,120.601
11/15/1989,143.538
11/16/1989,190.77
11/17/1989,399.295
11/18/1989,430.415
11/19/1989,245.988
11/20/1989,189.128
11/21/1989,131.786
11/22/1989,159.48
11/23/1989,231.66
11/24/1989,326.946
11/25/1989,251.425
11/26/1989,248.282
11/27/1989,184.229
11/28/1989,204.192
11/29/1989,182.219
11/30/1989,186.183
12/1/1989,186.041
12/2/1989,201.644
12/3/1989,130.54
12/4/1989,127.624
12/5/1989,113.579
12/6/1989,123.518
12/7/1989,105.508
12/8/1989,200.455
12/9/1989,187.769
12/10/1989,189.808
12/11/1989,188.505
12/12/1989,400.06
12/13/1989,678.386
12/14/1989,646.189
12/15/1989,528.731
12/16/1989,301.347
12/17/1989,289.681
12/18/1989,180.746
12/19/1989,190.402
12/20/1989,176.3
12/21/1989,155.601
12/22/1989,106.16
12/23/1989,73.907
12/24/1989,51.593
12/25/1989,114.258
12/26/1989,140.48
12/27/1989,152.288
12/28/1989,155.488
12/29/1989,151.212
12/30/1989,217.416
12/31/1989,275.466
1/1/1990,912.792
1/2/1990,1181.434
1/3/1990,1016.375
1/4/1990,506.078
1/5/1990,325.587
1/6/1990,386.015
1/7/1990,345.323
1/8/1990,589.726
1/9/1990,847.635
1/10/1990,955.692
1/11/1990,585.167
1/12/1990,389.951
1/13/1990,267.509
1/14/1990,245.62
1/15/1990,161.406
1/16/1990,184.965
1/17/1990,201.163
1/18/1990,156.79
1/19/1990,166.588
1/20/1990,177.065
1/21/1990,254.795
1/22/1990,168.627
1/23/1990,212.999
1/24/1990,182.049
1/25/1990,328.645
1/26/1990,929.187
1/27/1990,995.42
1/28/1990,668.701
1/29/1990,423.308
1/30/1990,266.659
1/31/1990,359.17
2/1/1990,349.911
2/2/1990,290.332
2/3/1990,292.088
2/4/1990,479.941
2/5/1990,604.309
2/6/1990,583.411
2/7/1990,430.755
2/8/1990,310.069
2/9/1990,293.277
2/10/1990,492.826
2/11/1990,903.334
2/12/1990,1143.942
2/13/1990,679.83
2/14/1990,374.603
2/15/1990,333.997
2/16/1990,578.031
2/17/1990,823.594
2/18/1990,845.172
2/19/1990,703.219
2/20/1990,570.244
2/21/1990,497.554
2/22/1990,458.138
2/23/1990,498.659
2/24/1990,678.159
2/25/1990,389.498
2/26/1990,348.891
2/27/1990,225.09
2/28/1990,227.865
3/1/1990,201.106
3/2/1990,241.825
3/3/1990,378.681
3/4/1990,400.23
3/5/1990,389.129
3/6/1990,258.844
3/7/1990,202.465
3/8/1990,197.113
3/9/1990,207.59
3/10/1990,257.201
3/11/1990,258.164
3/12/1990,236.134
3/13/1990,202.408
3/14/1990,200.285
3/15/1990,208.327
3/16/1990,223.646
3/17/1990,325.785
3/18/1990,744.59
3/19/1990,1184.067
3/20/1990,865.418
3/21/1990,329.523
3/22/1990,315.138
3/23/1990,246.498
3/24/1990,234.548
3/25/1990,286.396
3/26/1990,245.054
3/27/1990,231.688
3/28/1990,226.704
3/29/1990,330.004
3/30/1990,295.429
3/31/1990,465.387
4/1/1990,573.217
4/2/1990,666.606
4/3/1990,663.944
4/4/1990,565.968
4/5/1990,387.685
4/6/1990,319.612
4/7/1990,534.536
4/8/1990,576.757
4/9/1990,390.942
4/10/1990,323.689
4/11/1990,311.853
4/12/1990,273.229
4/13/1990,295.514
4/14/1990,249.698
4/15/1990,467.142
4/16/1990,622.97
4/17/1990,550.507
4/18/1990,312.108
4/19/1990,239.56
4/20/1990,238.258
4/21/1990,324.029
4/22/1990,277.646
4/23/1990,241.146
4/24/1990,252.02
4/25/1990,238.796
4/26/1990,228.347
4/27/1990,174.29
4/28/1990,205.495
4/29/1990,236.275
4/30/1990,262.072
5/1/1990,206.741
5/2/1990,195.584
5/3/1990,249.669
5/4/1990,304.179
5/5/1990,384.995
5/6/1990,347.249
5/7/1990,332.637
5/8/1990,227.894
5/9/1990,182.473
5/10/1990,383.579
5/11/1990,497.413
5/12/1990,590.405
5/13/1990,333.26
5/14/1990,231.348
5/15/1990,218.889
5/16/1990,194.48
5/17/1990,165.625
5/18/1990,174.516
5/19/1990,134.59
5/20/1990,174.913
5/21/1990,103.158
5/22/1990,309.927
5/23/1990,416.115
5/24/1990,436.135
5/25/1990,244.685
5/26/1990,289.624
5/27/1990,378.709
5/28/1990,356.367
5/29/1990,1538.254
5/30/1990,1420.88
5/31/1990,1440.419
6/1/1990,670.315
6/2/1990,299.96
6/3/1990,291.72
6/4/1990,230.527
6/5/1990,171.685
6/6/1990,190.232
6/7/1990,130.739
6/8/1990,255.163
6/9/1990,255.956
6/10/1990,429.991
6/11/1990,221.466
6/12/1990,166.418
6/13/1990,159.905
6/14/1990,138.413
6/15/1990,132.919
6/16/1990,127.964
6/17/1990,154.525
6/18/1990,131.362
6/19/1990,120.233
6/20/1990,113.834
6/21/1990,105.027
6/22/1990,148.125
6/23/1990,155.572
6/24/1990,150.306
6/25/1990,105.48
6/26/1990,87.924
6/27/1990,103.13
6/28/1990,110.237
6/29/1990,114.485
6/30/1990,103.3
7/1/1990,100.411
7/2/1990,90.585
7/3/1990,79.174
7/4/1990,87.924
7/5/1990,63.373
7/6/1990,68.328
7/7/1990,79.4
7/8/1990,79.372
7/9/1990,39.87
7/10/1990,194.48
7/11/1990,155.261
7/12/1990,103.271
7/13/1990,152.713
7/14/1990,166.729
7/15/1990,578.144
7/16/1990,718.85
7/17/1990,526.692
7/18/1990,303.641
7/19/1990,180.151
7/20/1990,118.138
7/21/1990,90.585
7/22/1990,128.672
7/23/1990,117.571
7/24/1990,116.92
7/25/1990,73.652
7/26/1990,72.434
7/27/1990,75.804
7/28/1990,86.791
7/29/1990,89.255
7/30/1990,67.422
7/31/1990,70.027
8/1/1990,62.948
8/2/1990,75.436
8/3/1990,70.962
8/4/1990,48.648
8/5/1990,84.044
8/6/1990,134.618
8/7/1990,91.322
8/8/1990,123.206
8/9/1990,197.821
8/10/1990,71.925
8/11/1990,79.91
8/12/1990,69.32
8/13/1990,69.461
8/14/1990,75.181
8/15/1990,90.869
8/16/1990,224.241
8/17/1990,143.623
8/18/1990,141.867
8/19/1990,121.281
8/20/1990,47.572
8/21/1990,98.231
8/22/1990,121.253
8/23/1990,289.398
8/24/1990,169.476
8/25/1990,194.197
8/26/1990,139.12
8/27/1990,104.347
8/28/1990,46.156
8/29/1990,66.035
8/30/1990,75.917
8/31/1990,78.183
9/1/1990,80.278
9/2/1990,72.236
9/3/1990,65.242
9/4/1990,58.474
9/5/1990,31.602
9/6/1990,11.978
9/7/1990,71.217
9/8/1990,54.368
9/9/1990,77.22
9/10/1990,76.427
9/11/1990,49.866
9/12/1990,63.6
9/13/1990,76.314
9/14/1990,90.869
9/15/1990,80.929
9/16/1990,104.461
9/17/1990,59.692
9/18/1990,54.028
9/19/1990,61.476
9/20/1990,54.566
9/21/1990,56.973
9/22/1990,83.393
9/23/1990,72.038
9/24/1990,49.894
9/25/1990,31.46
9/26/1990,48.365
9/27/1990,46.071
9/28/1990,53.236
9/29/1990,56.747
9/30/1990,71.84
10/1/1990,42.56
10/2/1990,49.951
10/3/1990,56.775
10/4/1990,78.749
10/5/1990,46.156
10/6/1990,47.317
10/7/1990,70.396
10/8/1990,32.819
10/9/1990,54.482
10/10/1990,33.216
10/11/1990,171.6
10/12/1990,740.06
10/13/1990,913.217
10/14/1990,1026.286
10/15/1990,904.297
10/16/1990,309.503
10/17/1990,180.463
10/18/1990,190.912
10/19/1990,149.853
10/20/1990,389.583
10/21/1990,298.742
10/22/1990,141.924
10/23/1990,918.342
10/24/1990,1570.648
10/25/1990,2442.494
10/26/1990,1984.866
10/27/1990,614.021
10/28/1990,294.212
10/29/1990,225.572
10/30/1990,154.072
10/31/1990,149.201
11/1/1990,111.087
11/2/1990,121.026
11/3/1990,99.562
11/4/1990,93.332
11/5/1990,66.091
11/6/1990,92.228
11/7/1990,60.145
11/8/1990,50.234
11/9/1990,85.319
11/10/1990,284.414
11/11/1990,508.202
11/12/1990,235.681
11/13/1990,182.927
11/14/1990,142.349
11/15/1990,121.734
11/16/1990,157.555
11/17/1990,141.839
11/18/1990,111.568
11/19/1990,126.18
11/20/1990,91.718
11/21/1990,89.821
11/22/1990,126.406
11/23/1990,143.878
11/24/1990,112.219
11/25/1990,112.163
11/26/1990,121.224
11/27/1990,99.052
11/28/1990,135.751
11/29/1990,128.785
11/30/1990,108.793
12/1/1990,97.098
12/2/1990,112.361
12/3/1990,147.361
12/4/1990,295.542
12/5/1990,729.894
12/6/1990,549.742
12/7/1990,323.208
12/8/1990,248.65
12/9/1990,200.964
12/10/1990,157.668
12/11/1990,153.505
12/12/1990,171.883
12/13/1990,153.166
12/14/1990,135.722
12/15/1990,150.192
12/16/1990,164.294
12/17/1990,129.436
12/18/1990,136.034
12/19/1990,127.68
12/20/1990,165.03
12/21/1990,178.877
12/22/1990,179.925
12/23/1990,193.97
12/24/1990,291.55
12/25/1990,827.672
12/26/1990,609.887
12/27/1990,327.909
12/28/1990,287.132
12/29/1990,356.367
12/30/1990,431.86
12/31/1990,422.288
1/1/1991,364.919
1/2/1991,318.677
1/3/1991,223.788
1/4/1991,197.538
1/5/1991,228.064
1/6/1991,181.539
1/7/1991,248.65
1/8/1991,414.02
1/9/1991,466.831
1/10/1991,362.682
1/11/1991,715.566
1/12/1991,1382.568
1/13/1991,1708.437
1/14/1991,1622.723
1/15/1991,842.142
1/16/1991,651.258
1/17/1991,655.251
1/18/1991,575.001
1/19/1991,328.956
1/20/1991,507.239
1/21/1991,501.207
1/22/1991,358.038
1/23/1991,301.489
1/24/1991,299.224
1/25/1991,205.863
1/26/1991,247.376
1/27/1991,180.803
1/28/1991,152.797
1/29/1991,131.673
1/30/1991,183.663
1/31/1991,159.225
2/1/1991,166.22
2/2/1991,107.66
2/3/1991,131.73
2/4/1991,134.278
2/5/1991,95.852
2/6/1991,149.286
2/7/1991,101.289
2/8/1991,94.04
2/9/1991,213.31
2/10/1991,204.674
2/11/1991,161.887
2/12/1991,163.331
2/13/1991,174.488
2/14/1991,168.089
2/15/1991,166.333
2/16/1991,141.273
2/17/1991,161.094
2/18/1991,177.575
2/19/1991,195.329
2/20/1991,313.155
2/21/1991,389.328
2/22/1991,168.825
2/23/1991,168.145
2/24/1991,139.913
2/25/1991,179.783
2/26/1991,201.276
2/27/1991,214.953
2/28/1991,231.518
3/1/1991,107.944
3/2/1991,281.752
3/3/1991,380.578
3/4/1991,773.473
3/5/1991,1214.111
3/6/1991,1237.501
3/7/1991,712.451
3/8/1991,482.943
3/9/1991,326.436
3/10/1991,278.637
3/11/1991,223.505
3/12/1991,208.667
3/13/1991,237.776
3/14/1991,274.022
3/15/1991,286.481
3/16/1991,297.185
3/17/1991,277.023
3/18/1991,454.343
3/19/1991,543.031
3/20/1991,470.823
3/21/1991,304.915
3/22/1991,308.568
3/23/1991,330.146
3/24/1991,372.989
3/25/1991,343.37
3/26/1991,234.548
3/27/1991,268.726
3/28/1991,233.699
3/29/1991,1019.801
3/30/1991,1817.287
3/31/1991,2416.244
4/1/1991,2360.885
4/2/1991,1298.608
4/3/1991,485.492
4/4/1991,381.767
4/5/1991,305.821
4/6/1991,280.478
4/7/1991,284.952
4/8/1991,224.014
4/9/1991,288.067
4/10/1991,170.297
4/11/1991,235.454
4/12/1991,219.597
4/13/1991,235.907
4/14/1991,219.597
4/15/1991,242.42
4/16/1991,243.836
4/17/1991,310.834
4/18/1991,223.929
4/19/1991,282.913
4/20/1991,345.55
4/21/1991,431.803
4/22/1991,298.94
4/23/1991,285.603
4/24/1991,244.374
4/25/1991,208.667
4/26/1991,213.282
4/27/1991,223.221
4/28/1991,263.771
4/29/1991,205.382
4/30/1991,289.256
5/1/1991,482.66
5/2/1991,397.285
5/3/1991,218.634
5/4/1991,223.505
5/5/1991,204.929
5/6/1991,194.423
5/7/1991,157.611
5/8/1991,174.97
5/9/1991,190.091
5/10/1991,166.135
5/11/1991,152.967
5/12/1991,173.214
5/13/1991,151.806
5/14/1991,113.834
5/15/1991,131.956
5/16/1991,161.689
5/17/1991,175.168
5/18/1991,140.338
5/19/1991,274.786
5/20/1991,279.657
5/21/1991,347.674
5/22/1991,479.998
5/23/1991,347.475
5/24/1991,261.449
5/25/1991,209.573
5/26/1991,168.004
5/27/1991,203.173
5/28/1991,118.676
5/29/1991,140.423
5/30/1991,187.117
5/31/1991,159.99
6/1/1991,144.557
6/2/1991,146.653
6/3/1991,105.961
6/4/1991,113.352
6/5/1991,133.174
6/6/1991,117.656
6/7/1991,112.814
6/8/1991,76.654
6/9/1991,85.658
6/10/1991,93.36
6/11/1991,82.317
6/12/1991,82.374
6/13/1991,86.338
6/14/1991,100.836
6/15/1991,72.548
6/16/1991,44.287
6/17/1991,145.832
6/18/1991,154.978
6/19/1991,124.877
6/20/1991,196.773
6/21/1991,247.659
6/22/1991,174.8
6/23/1991,153.619
6/24/1991,117.543
6/25/1991,102.847
6/26/1991,111.738
6/27/1991,72.434
6/28/1991,73.227
6/29/1991,104.008
6/30/1991,100.411
7/1/1991,54.028
7/2/1991,177.688
7/3/1991,85.177
7/4/1991,198.501
7/5/1991,144.444
7/6/1991,140.791
7/7/1991,125.16
7/8/1991,91.548
7/9/1991,95.739
7/10/1991,121.479
7/11/1991,78.692
7/12/1991,51.933
7/13/1991,120.12
7/14/1991,128.417
7/15/1991,94.663
7/16/1991,72.321
7/17/1991,70.027
7/18/1991,85.998
7/19/1991,65.808
7/20/1991,79.344
7/21/1991,78.579
7/22/1991,65.383
7/23/1991,62.523
7/24/1991,49.243
7/25/1991,55.529
7/26/1991,81.864
7/27/1991,93.36
7/28/1991,100.355
7/29/1991,135.411
7/30/1991,297.921
7/31/1991,161.689
8/1/1991,158.263
8/2/1991,54.595
8/3/1991,71.613
8/4/1991,79.429
8/5/1991,49.101
8/6/1991,77.05
8/7/1991,72.944
8/8/1991,73.114
8/9/1991,142.518
8/10/1991,93.417
8/11/1991,98.288
8/12/1991,87.527
8/13/1991,54.057
8/14/1991,111.002
8/15/1991,71.755
8/16/1991,66.261
8/17/1991,81.807
8/18/1991,93.389
8/19/1991,93.417
8/20/1991,79.344
8/21/1991,30.752
8/22/1991,60.74
8/23/1991,43.042
8/24/1991,65.327
8/25/1991,47.94
8/26/1991,62.325
8/27/1991,76.965
8/28/1991,68.697
8/29/1991,62.948
8/30/1991,81.298
8/31/1991,70.112
9/1/1991,50.007
9/2/1991,52.867
9/3/1991,48.139
9/4/1991,40.889
9/5/1991,58.248
9/6/1991,77.333
9/7/1991,63.684
9/8/1991,77.305
9/9/1991,87.216
9/10/1991,57.002
9/11/1991,30.894
9/12/1991,28.628
9/13/1991,63.741
9/14/1991,50.206
9/15/1991,51.253
9/16/1991,43.891
9/17/1991,39.106
9/18/1991,15.914
9/19/1991,95.456
9/20/1991,48.903
9/21/1991,42.645
9/22/1991,50.319
9/23/1991,52.783
9/24/1991,197.142
9/25/1991,149.513
9/26/1991,113.38
9/27/1991,80.335
9/28/1991,71.217
9/29/1991,56.86
9/30/1991,27.552
10/1/1991,71.84
10/2/1991,68.668
10/3/1991,68.612
10/4/1991,41.852
10/5/1991,44.91
10/6/1991,66.686
10/7/1991,57.172
10/8/1991,51.168
10/9/1991,62.184
10/10/1991,59.182
10/11/1991,44.429
10/12/1991,59.635
10/13/1991,55.501
10/14/1991,32.961
10/15/1991,82.062
10/16/1991,49.158
10/17/1991,128.587
10/18/1991,41.343
10/19/1991,35.623
10/20/1991,69.036
10/21/1991,48.563
10/22/1991,55.756
10/23/1991,42.39
10/24/1991,49.016
10/25/1991,66.148
10/26/1991,51.735
10/27/1991,66.261
10/28/1991,58.248
10/29/1991,35.453
10/30/1991,40.21
10/31/1991,42.107
11/1/1991,52.584
11/2/1991,68.951
11/3/1991,42.957
11/4/1991,54.906
11/5/1991,33.301
11/6/1991,71.047
11/7/1991,47.289
11/8/1991,60.513
11/9/1991,55.643
11/10/1991,96.136
11/11/1991,88.886
11/12/1991,88.179
11/13/1991,107.802
11/14/1991,72.463
11/15/1991,75.747
11/16/1991,62.382
11/17/1991,53.122
11/18/1991,70.056
11/19/1991,49.526
11/20/1991,53.575
11/21/1991,59.182
11/22/1991,81.071
11/23/1991,79.599
11/24/1991,82.487
11/25/1991,84.186
11/26/1991,40.918
11/27/1991,47.827
11/28/1991,72.887
11/29/1991,66.091
11/30/1991,61.476
12/1/1991,92.709
12/2/1991,83.535
12/3/1991,178.424
12/4/1991,147.361
12/5/1991,217.19
12/6/1991,175.026
12/7/1991,106.103
12/8/1991,99.562
12/9/1991,105.848
12/10/1991,75.238
12/11/1991,90.076
12/12/1991,103.809
12/13/1991,80.165
12/14/1991,92.936
12/15/1991,71.755
12/16/1991,78.891
12/17/1991,67.649
12/18/1991,77.475
12/19/1991,44.429
12/20/1991,77.333
12/21/1991,61.334
12/22/1991,93.587
12/23/1991,58.559
12/24/1991,80.42
12/25/1991,84.129
12/26/1991,51.508
12/27/1991,66.346
12/28/1991,152.429
12/29/1991,215.349
12/30/1991,207.534
12/31/1991,207.052
1/1/1992,139.857
1/2/1992,101.034
1/3/1992,335.809
1/4/1992,1279.126
1/5/1992,1334.797
1/6/1992,1305.291
1/7/1992,708.288
1/8/1992,286.113
1/9/1992,238.711
1/10/1992,159.593
1/11/1992,164.917
1/12/1992,171.515
1/13/1992,83.591
1/14/1992,111.625
1/15/1992,95.824
1/16/1992,27.382
1/17/1992,94.408
1/18/1992,96.957
1/19/1992,94.748
1/20/1992,93.785
1/21/1992,91.152
1/22/1992,52.443
1/23/1992,187.174
1/24/1992,142.292
1/25/1992,151.382
1/26/1992,160.245
1/27/1992,145.86
1/28/1992,117.09
1/29/1992,113.777
1/30/1992,121.677
1/31/1992,99.392
2/1/1992,109.954
2/2/1992,108.708
2/3/1992,70.594
2/4/1992,89.566
2/5/1992,88.971
2/6/1992,82.883
2/7/1992,86.083
2/8/1992,97.438
2/9/1992,84.894
2/10/1992,72.236
2/11/1992,91.01
2/12/1992,71.358
2/13/1992,98.316
2/14/1992,73.482
2/15/1992,156.337
2/16/1992,139.007
2/17/1992,159.82
2/18/1992,173.27
2/19/1992,177.008
2/20/1992,146.228
2/21/1992,136.827
2/22/1992,139.064
2/23/1992,118.846
2/24/1992,91.039
2/25/1992,205.325
2/26/1992,655.449
2/27/1992,836.025
2/28/1992,842.538
2/29/1992,448.085
3/1/1992,302.367
3/2/1992,239.758
3/3/1992,142.802
3/4/1992,138.214
3/5/1992,129.068
3/6/1992,226.789
3/7/1992,640.611
3/8/1992,402.268
3/9/1992,442.705
3/10/1992,354.47
3/11/1992,336.064
3/12/1992,341.359
3/13/1992,310.211
3/14/1992,248.452
3/15/1992,184.654
3/16/1992,119.27
3/17/1992,152.967
3/18/1992,122.414
3/19/1992,173.129
3/20/1992,130.654
3/21/1992,132.523
3/22/1992,164.011
3/23/1992,120.941
3/24/1992,107.802
3/25/1992,126.803
3/26/1992,276.598
3/27/1992,226.166
3/28/1992,228.29
3/29/1992,199.888
3/30/1992,169.08
3/31/1992,152.939
4/1/1992,130.824
4/2/1992,134.816
4/3/1992,90.472
4/4/1992,147.615
4/5/1992,127.567
4/6/1992,106.443
4/7/1992,90.359
4/8/1992,99.93
4/9/1992,103.923
4/10/1992,87.301
4/11/1992,106.386
4/12/1992,145.35
4/13/1992,89.17
4/14/1992,109.388
4/15/1992,110.379
4/16/1992,106.131
4/17/1992,95.881
4/18/1992,73.482
4/19/1992,103.017
4/20/1992,78.239
4/21/1992,246.356
4/22/1992,1129.897
4/23/1992,1640.93
4/24/1992,1966.8
4/25/1992,1352.892
4/26/1992,1011.561
4/27/1992,309.786
4/28/1992,359.199
4/29/1992,190.346
4/30/1992,220.843
5/1/1992,147.446
5/2/1992,170.892
5/3/1992,176.555
5/4/1992,54.765
5/5/1992,115.844
5/6/1992,121.224
5/7/1992,143.906
5/8/1992,222.712
5/9/1992,355.942
5/10/1992,313.75
5/11/1992,183.323
5/12/1992,180.236
5/13/1992,195.754
5/14/1992,142.49
5/15/1992,130.965
5/16/1992,369.704
5/17/1992,327.286
5/18/1992,323.095
5/19/1992,235.964
5/20/1992,236.36
5/21/1992,256.409
5/22/1992,171.855
5/23/1992,166.843
5/24/1992,102.507
5/25/1992,105.82
5/26/1992,118.166
5/27/1992,96.475
5/28/1992,84.186
5/29/1992,110.379
5/30/1992,273.002
5/31/1992,232.311
6/1/1992,211.328
6/2/1992,171.798
6/3/1992,114.173
6/4/1992,160.16
6/5/1992,283.366
6/6/1992,762.09
6/7/1992,754.756
6/8/1992,486.794
6/9/1992,460.544
6/10/1992,456.722
6/11/1992,427.669
6/12/1992,294.41
6/13/1992,226.959
6/14/1992,203.485
6/15/1992,132.976
6/16/1992,137.336
6/17/1992,178.283
6/18/1992,211.47
6/19/1992,149.994
6/20/1992,171.203
6/21/1992,181.454
6/22/1992,111.483
6/23/1992,99.675
6/24/1992,136.402
6/25/1992,107.576
6/26/1992,297.893
6/27/1992,172.732
6/28/1992,139.149
6/29/1992,114.173
6/30/1992,71.245
7/1/1992,99.364
7/2/1992,110.917
7/3/1992,124.792
7/4/1992,238.116
7/5/1992,169.221
7/6/1992,134.958
7/7/1992,81.184
7/8/1992,102.394
7/9/1992,88.094
7/10/1992,50.007
7/11/1992,83.874
7/12/1992,73.425
7/13/1992,67.819
7/14/1992,8.353
7/15/1992,69.036
7/16/1992,51.197
7/17/1992,55.473
7/18/1992,98.939
7/19/1992,58.361
7/20/1992,56.181
7/21/1992,48.308
7/22/1992,81.014
7/23/1992,69.121
7/24/1992,84.242
7/25/1992,105.565
7/26/1992,124.169
7/27/1992,155.006
7/28/1992,161.434
7/29/1992,171.713
7/30/1992,106.131
7/31/1992,137.167
8/1/1992,51.31
8/2/1992,72.293
8/3/1992,79.4
8/4/1992,49.526
8/5/1992,116.156
8/6/1992,282.687
8/7/1992,87.131
8/8/1992,63.968
8/9/1992,72.349
8/10/1992,73.624
8/11/1992,66.29
8/12/1992,56.435
8/13/1992,199.52
8/14/1992,290.587
8/15/1992,374.263
8/16/1992,247.885
8/17/1992,142.49
8/18/1992,103.781
8/19/1992,61.985
8/20/1992,74.077
8/21/1992,57.143
8/22/1992,46.326
8/23/1992,72.264
8/24/1992,58.757
8/25/1992,38.483
8/26/1992,78.324
8/27/1992,84.158
8/28/1992,114.06
8/29/1992,127.992
8/30/1992,86.281
8/31/1992,87.442
9/1/1992,59.918
9/2/1992,44.741
9/3/1992,56.69
9/4/1992,61.759
9/5/1992,104.744
9/6/1992,149.399
9/7/1992,229.876
9/8/1992,136.062
9/9/1992,69.178
9/10/1992,119.525
9/11/1992,58.276
9/12/1992,92.228
9/13/1992,79.259
9/14/1992,72.264
9/15/1992,51.197
9/16/1992,52.443
9/17/1992,78.353
9/18/1992,43.211
9/19/1992,65.723
9/20/1992,121.989
9/21/1992,103.526
9/22/1992,64.959
9/23/1992,52.075
9/24/1992,47.855
9/25/1992,138.384
9/26/1992,142.32
9/27/1992,127.992
9/28/1992,120.375
9/29/1992,91.86
9/30/1992,107.321
10/1/1992,77.05
10/2/1992,76.285
10/3/1992,72.18
10/4/1992,128.275
10/5/1992,136.26
10/6/1992,142.264
10/7/1992,139.574
10/8/1992,112.559
10/9/1992,86.14
10/10/1992,79.259
10/11/1992,142.773
10/12/1992,119.893
10/13/1992,53.802
10/14/1992,75.889
10/15/1992,48.705
10/16/1992,46.496
10/17/1992,58.219
10/18/1992,58.757
10/19/1992,37.152
10/20/1992,31.12
10/21/1992,56.237
10/22/1992,57.03
10/23/1992,63.571
10/24/1992,70.367
10/25/1992,57.002
10/26/1992,53.151
10/27/1992,49.866
10/28/1992,67.054
10/29/1992,101.176
10/30/1992,96.957
10/31/1992,190.062
11/1/1992,118.477
11/2/1992,144.359
11/3/1992,208.242
11/4/1992,255.361
11/5/1992,285.292
11/6/1992,287.104
11/7/1992,220.106
11/8/1992,156.139
11/9/1992,111.823
11/10/1992,104.999
11/11/1992,103.951
11/12/1992,155.006
11/13/1992,199.633
11/14/1992,549.516
11/15/1992,370.695
11/16/1992,211.272
11/17/1992,140.196
11/18/1992,166.078
11/19/1992,80.278
11/20/1992,135.156
11/21/1992,111.597
11/22/1992,132.834
11/23/1992,269.491
11/24/1992,278.354
11/25/1992,307.237
11/26/1992,340.311
11/27/1992,597.173
11/28/1992,485.265
11/29/1992,320.291
11/30/1992,200.709
12/1/1992,167.551
12/2/1992,158.914
12/3/1992,140.621
12/4/1992,141.471
12/5/1992,144.246
12/6/1992,87.895
12/7/1992,107.406
12/8/1992,76.172
12/9/1992,78.183
12/10/1992,541.899
12/11/1992,833.363
12/12/1992,675.667
12/13/1992,394.057
12/14/1992,240.268
12/15/1992,166.673
12/16/1992,138.186
12/17/1992,143.793
12/18/1992,175.196
12/19/1992,300.243
12/20/1992,309.786
12/21/1992,214.5
12/22/1992,248.735
12/23/1992,186.608
12/24/1992,188.958
12/25/1992,201.842
12/26/1992,115.901
12/27/1992,142.065
12/28/1992,165.88
12/29/1992,239.815
12/30/1992,293.192
12/31/1992,255.644
1/1/1993,230.102
1/2/1993,187.372
1/3/1993,181.935
1/4/1993,119.412
1/5/1993,574.378
1/6/1993,822.405
1/7/1993,734.934
1/8/1993,643.188
1/9/1993,1051.601
1/10/1993,1369.287
1/11/1993,1478.873
1/12/1993,852.845
1/13/1993,664.086
1/14/1993,470.37
1/15/1993,369.364
1/16/1993,285.065
1/17/1993,261.477
1/18/1993,193.121
1/19/1993,212.687
1/20/1993,175.508
1/21/1993,364.522
1/22/1993,551.753
1/23/1993,605.498
1/24/1993,444.574
1/25/1993,298.969
1/26/1993,376.302
1/27/1993,323.604
1/28/1993,226.676
1/29/1993,240.919
1/30/1993,197.396
1/31/1993,228.092
2/1/1993,129.21
2/2/1993,154.61
2/3/1993,141.386
2/4/1993,115.108
2/5/1993,126.066
2/6/1993,96.504
2/7/1993,172.789
2/8/1993,135.694
2/9/1993,138.951
2/10/1993,162.765
2/11/1993,145.067
2/12/1993,256.777
2/13/1993,385.108
2/14/1993,410.282
2/15/1993,301.574
2/16/1993,335.781
2/17/1993,265.159
2/18/1993,326.521
2/19/1993,282.262
2/20/1993,268.472
2/21/1993,337.933
2/22/1993,743.543
2/23/1993,800.176
2/24/1993,535.131
2/25/1993,424.101
2/26/1993,391.905
2/27/1993,289.851
2/28/1993,282.46
3/1/1993,254.172
3/2/1993,223.165
3/3/1993,344.729
3/4/1993,2240.369
3/5/1993,2332.455
3/6/1993,3050.399
3/7/1993,2359.073
3/8/1993,1231.073
3/9/1993,577.691
3/10/1993,410.933
3/11/1993,352.459
3/12/1993,310.579
3/13/1993,964.385
3/14/1993,582.618
3/15/1993,559.342
3/16/1993,356.254
3/17/1993,646.416
3/18/1993,1075.67
3/19/1993,1215.697
3/20/1993,877.226
3/21/1993,572.028
3/22/1993,515.451
3/23/1993,606.319
3/24/1993,888.808
3/25/1993,1187.975
3/26/1993,1420.937
3/27/1993,1761.588
3/28/1993,1658.034
3/29/1993,1755.925
3/30/1993,1157.506
3/31/1993,750.65
4/1/1993,710.638
4/2/1993,793.777
4/3/1993,484.812
4/4/1993,399.465
4/5/1993,496.705
4/6/1993,853.129
4/7/1993,762.628
4/8/1993,619.798
4/9/1993,465.415
4/10/1993,1023.879
4/11/1993,1049.959
4/12/1993,868.59
4/13/1993,568.488
4/14/1993,444.347
4/15/1993,366.023
4/16/1993,910.782
4/17/1993,1194.006
4/18/1993,1049.336
4/19/1993,459.412
4/20/1993,380.804
4/21/1993,416.993
4/22/1993,441.714
4/23/1993,368.883
4/24/1993,332.637
4/25/1993,295.231
4/26/1993,357.358
4/27/1993,327.087
4/28/1993,363.786
4/29/1993,265.159
4/30/1993,252.02
5/1/1993,237.918
5/2/1993,220.984
5/3/1993,200.823
5/4/1993,172.308
5/5/1993,344.191
5/6/1993,310.692
5/7/1993,206.231
5/8/1993,194.621
5/9/1993,228.403
5/10/1993,208.383
5/11/1993,247.545
5/12/1993,217.53
5/13/1993,341.189
5/14/1993,359.34
5/15/1993,336.375
5/16/1993,340.566
5/17/1993,168.457
5/18/1993,171.09
5/19/1993,256.862
5/20/1993,257.513
5/21/1993,249.528
5/22/1993,193.29
5/23/1993,192.328
5/24/1993,142.49
5/25/1993,144.387
5/26/1993,208.072
5/27/1993,157.328
5/28/1993,158.801
5/29/1993,136.487
5/30/1993,149.258
5/31/1993,192.243
6/1/1993,136.006
6/2/1993,151.268
6/3/1993,156.564
6/4/1993,300.866
6/5/1993,342.378
6/6/1993,278.269
6/7/1993,185.928
6/8/1993,162.68
6/9/1993,152.713
6/10/1993,125.642
6/11/1993,130.399
6/12/1993,149.569
6/13/1993,167.494
6/14/1993,78.947
6/15/1993,137.025
6/16/1993,91.378
6/17/1993,98.401
6/18/1993,86.989
6/19/1993,91.067
6/20/1993,74.87
6/21/1993,71.67
6/22/1993,78.154
6/23/1993,104.291
6/24/1993,90.614
6/25/1993,93.134
6/26/1993,107.179
6/27/1993,72.095
6/28/1993,86.933
6/29/1993,121.394
6/30/1993,78.183
7/1/1993,152.939
7/2/1993,153.505
7/3/1993,265.697
7/4/1993,387.147
7/5/1993,218.464
7/6/1993,163.869
7/7/1993,119.214
7/8/1993,88.717
7/9/1993,95.031
7/10/1993,103.271
7/11/1993,81.467
7/12/1993,70.197
7/13/1993,51.961
7/14/1993,70.169
7/15/1993,89.424
7/16/1993,83.988
7/17/1993,79.174
7/18/1993,114.287
7/19/1993,130.371
7/20/1993,84.865
7/21/1993,114.4
7/22/1993,90.529
7/23/1993,67.79
7/24/1993,79.174
7/25/1993,86.281
7/26/1993,70.962
7/27/1993,66.686
7/28/1993,77.984
7/29/1993,63.43
7/30/1993,53.292
7/31/1993,56.719
8/1/1993,56.634
8/2/1993,59.607
8/3/1993,25.513
8/4/1993,78.268
8/5/1993,62.269
8/6/1993,79.202
8/7/1993,83.988
8/8/1993,107.094
8/9/1993,86.281
8/10/1993,62.863
8/11/1993,69.829
8/12/1993,65.553
8/13/1993,71.585
8/14/1993,48.733
8/15/1993,93.219
8/16/1993,90.331
8/17/1993,51.905
8/18/1993,41.937
8/19/1993,59.494
8/20/1993,104.461
8/21/1993,30.044
8/22/1993,63.515
8/23/1993,46.779
8/24/1993,43.268
8/25/1993,51.452
8/26/1993,60.202
8/27/1993,65.95
8/28/1993,63.543
8/29/1993,71.868
8/30/1993,38.029
8/31/1993,29.223
9/1/1993,69.461
9/2/1993,46.071
9/3/1993,36.217
9/4/1993,104.489
9/5/1993,70.396
9/6/1993,78.154
9/7/1993,62.693
9/8/1993,73.256
9/9/1993,47.034
9/10/1993,59.918
9/11/1993,35.792
9/12/1993,49.838
9/13/1993,44.259
9/14/1993,54.651
9/15/1993,35.254
9/16/1993,111.908
9/17/1993,42.05
9/18/1993,107.122
9/19/1993,152.033
9/20/1993,138.667
9/21/1993,101.233
9/22/1993,56.662
9/23/1993,69.461
9/24/1993,35.028
9/25/1993,83.931
9/26/1993,63.543
9/27/1993,79.202
9/28/1993,46.44
9/29/1993,48.818
9/30/1993,31.743
10/1/1993,63.543
10/2/1993,49.894
10/3/1993,56.719
10/4/1993,52.329
10/5/1993,30.214
10/6/1993,21.832
10/7/1993,79.599
10/8/1993,64.704
10/9/1993,42.957
10/10/1993,34.49
10/11/1993,79.74
10/12/1993,27.694
10/13/1993,34.886
10/14/1993,81.326
10/15/1993,49.866
10/16/1993,61.929
10/17/1993,77.815
10/18/1993,35.736
10/19/1993,84.073
10/20/1993,41.427
10/21/1993,102.677
10/22/1993,38.596
10/23/1993,57.908
10/24/1993,70.594
10/25/1993,46.071
10/26/1993,58.333
10/27/1993,81.92
10/28/1993,48.903
10/29/1993,67.082
10/30/1993,141.98
10/31/1993,91.916
11/1/1993,45.165
11/2/1993,86.734
11/3/1993,76.116
11/4/1993,63.146
11/5/1993,109.444
11/6/1993,102.818
11/7/1993,76.484
11/8/1993,70.934
11/9/1993,68.64
11/10/1993,55.699
11/11/1993,47.431
11/12/1993,67.281
11/13/1993,69.461
11/14/1993,75.946
11/15/1993,63.939
11/16/1993,44.882
11/17/1993,101.034
11/18/1993,50.234
11/19/1993,86.281
11/20/1993,56.124
11/21/1993,63.118
11/22/1993,54.198
11/23/1993,63.345
11/24/1993,55.048
11/25/1993,56.435
11/26/1993,62.269
11/27/1993,269.123
11/28/1993,1099.202
11/29/1993,919.22
11/30/1993,480.791
12/1/1993,183.606
12/2/1993,156.932
12/3/1993,87.187
12/4/1993,131.56
12/5/1993,378.822
12/6/1993,811.05
12/7/1993,559.597
12/8/1993,239.164
12/9/1993,142.405
12/10/1993,164.917
12/11/1993,109.19
12/12/1993,92.568
12/13/1993,91.208
12/14/1993,52.358
12/15/1993,263.884
12/16/1993,229.083
12/17/1993,304.151
12/18/1993,226.251
12/19/1993,201.021
12/20/1993,204.221
12/21/1993,437.693
12/22/1993,397.851
12/23/1993,349.854
12/24/1993,214.217
12/25/1993,188.335
12/26/1993,85.743
12/27/1993,109.982
12/28/1993,96.815
12/29/1993,119.978
12/30/1993,112.333
12/31/1993,123.829
1/1/1994,166.616
1/2/1994,183.436
1/3/1994,205.24
1/4/1994,315.449
1/5/1994,402.042
1/6/1994,513.553
1/7/1994,322.783
1/8/1994,284.102
1/9/1994,376.67
1/10/1994,390.121
1/11/1994,235.794
1/12/1994,325.955
1/13/1994,565.26
1/14/1994,785.961
1/15/1994,344.332
1/16/1994,264.111
1/17/1994,231.008
1/18/1994,242.448
1/19/1994,237.55
1/20/1994,418.381
1/21/1994,326.125
1/22/1994,178.537
1/23/1994,189.043
1/24/1994,139.885
1/25/1994,156.111
1/26/1994,158.376
1/27/1994,165.285
1/28/1994,309.163
1/29/1994,584.487
1/30/1994,756.2
1/31/1994,431.152
2/1/1994,324.312
2/2/1994,287.359
2/3/1994,217.501
2/4/1994,207.392
2/5/1994,209.997
2/6/1994,185.107
2/7/1994,151.863
2/8/1994,161.208
2/9/1994,197.538
2/10/1994,247.715
2/11/1994,481.301
2/12/1994,666.577
2/13/1994,993.438
2/14/1994,829.342
2/15/1994,707.212
2/16/1994,577.691
2/17/1994,470.512
2/18/1994,413.057
2/19/1994,356.707
2/20/1994,325.502
2/21/1994,279.827
2/22/1994,254.2
2/23/1994,465.33
2/24/1994,994.713
2/25/1994,1264.373
2/26/1994,951.841
2/27/1994,447.575
2/28/1994,337.65
3/1/1994,292.173
3/2/1994,1474.088
3/3/1994,1775.86
3/4/1994,2087.968
3/5/1994,1897.254
3/6/1994,893.508
3/7/1994,546.514
3/8/1994,389.271
3/9/1994,453.04
3/10/1994,546.118
3/11/1994,751.981
3/12/1994,523.096
3/13/1994,362.54
3/14/1994,305.283
3/15/1994,250.83
3/16/1994,274.22
3/17/1994,203.654
3/18/1994,221.975
3/19/1994,178.99
3/20/1994,173.724
3/21/1994,225.232
3/22/1994,208.213
3/23/1994,204.646
3/24/1994,227.299
3/25/1994,260.911
3/26/1994,215.236
3/27/1994,461.479
3/28/1994,1247.468
3/29/1994,2014.457
3/30/1994,2521.923
3/31/1994,2397.867
4/1/1994,1494.702
4/2/1994,735.076
4/3/1994,541.984
4/4/1994,377.916
4/5/1994,329.608
4/6/1994,355.659
4/7/1994,286.509
4/8/1994,275.381
4/9/1994,254.172
4/10/1994,244.402
4/11/1994,200.511
4/12/1994,241.656
4/13/1994,329.551
4/14/1994,217.841
4/15/1994,214.188
4/16/1994,445.168
4/17/1994,344.077
4/18/1994,291.097
4/19/1994,207.619
4/20/1994,180.293
4/21/1994,156.224
4/22/1994,180.35
4/23/1994,159.197
4/24/1994,153.619
4/25/1994,156.847
4/26/1994,162.17
4/27/1994,151.297
4/28/1994,161.746
4/29/1994,150.164
4/30/1994,198.642
5/1/1994,247.404
5/2/1994,216.029
5/3/1994,162.425
5/4/1994,209.516
5/5/1994,223.306
5/6/1994,259.439
5/7/1994,216.963
5/8/1994,215.916
5/9/1994,151.098
5/10/1994,161.915
5/11/1994,142.235
5/12/1994,128.445
5/13/1994,132.777
5/14/1994,129.266
5/15/1994,107.802
5/16/1994,134.222
5/17/1994,112.135
5/18/1994,158.574
5/19/1994,99.109
5/20/1994,124.537
5/21/1994,88.745
5/22/1994,101.148
5/23/1994,82.997
5/24/1994,120.233
5/25/1994,115.136
5/26/1994,189.949
5/27/1994,111.88
5/28/1994,99.222
5/29/1994,79.429
5/30/1994,114.4
5/31/1994,94.691
6/1/1994,86.678
6/2/1994,74.247
6/3/1994,87.612
6/4/1994,80.137
6/5/1994,82.487
6/6/1994,76.993
6/7/1994,78.126
6/8/1994,94.72
6/9/1994,105.848
6/10/1994,129.974
6/11/1994,147.984
6/12/1994,93.729
6/13/1994,97.466
6/14/1994,97.24
6/15/1994,91.067
6/16/1994,116.92
6/17/1994,162.425
6/18/1994,104.659
6/19/1994,72.208
6/20/1994,48.365
6/21/1994,71.132
6/22/1994,58.304
6/23/1994,75.747
6/24/1994,74.303
6/25/1994,72.151
6/26/1994,75.804
6/27/1994,75.493
6/28/1994,53.377
6/29/1994,139.375
6/30/1994,245.11
7/1/1994,114.287
7/2/1994,160.868
7/3/1994,232.849
7/4/1994,120.573
7/5/1994,148.72
7/6/1994,152.486
7/7/1994,56.011
7/8/1994,88.32
7/9/1994,53.349
7/10/1994,85.205
7/11/1994,64.591
7/12/1994,66.29
7/13/1994,96.532
7/14/1994,62.24
7/15/1994,66.799
7/16/1994,72.123
7/17/1994,107.236
7/18/1994,80.788
7/19/1994,104.404
7/20/1994,96.843
7/21/1994,148.21
7/22/1994,138.696
7/23/1994,254.455
7/24/1994,289.539
7/25/1994,206.798
7/26/1994,156.026
7/27/1994,129.238
7/28/1994,295.457
7/29/1994,558.804
7/30/1994,625.518
7/31/1994,365.06
8/1/1994,196.802
8/2/1994,167.579
8/3/1994,179.189
8/4/1994,182.955
8/5/1994,298.119
8/6/1994,131.673
8/7/1994,110.124
8/8/1994,75.266
8/9/1994,63.288
8/10/1994,83.506
8/11/1994,76.54
8/12/1994,59.182
8/13/1994,95.116
8/14/1994,79.457
8/15/1994,100.298
8/16/1994,90.274
8/17/1994,286.793
8/18/1994,468.53
8/19/1994,552.489
8/20/1994,180.321
8/21/1994,250.575
8/22/1994,175.111
8/23/1994,143.17
8/24/1994,111.342
8/25/1994,105.707
8/26/1994,84.299
8/27/1994,114.202
8/28/1994,90.812
8/29/1994,64.704
8/30/1994,86.706
8/31/1994,83.138
9/1/1994,52.811
9/2/1994,140.112
9/3/1994,114.202
9/4/1994,101.233
9/5/1994,80.25
9/6/1994,105.65
9/7/1994,85.828
9/8/1994,76.625
9/9/1994,86.536
9/10/1994,41.456
9/11/1994,63.486
9/12/1994,67.054
9/13/1994,59.89
9/14/1994,49.526
9/15/1994,69.603
9/16/1994,37.718
9/17/1994,71.245
9/18/1994,49.753
9/19/1994,61.249
9/20/1994,49.838
9/21/1994,70.311
9/22/1994,104.999
9/23/1994,49.753
9/24/1994,63.43
9/25/1994,56.662
9/26/1994,79.315
9/27/1994,97.551
9/28/1994,159.48
9/29/1994,74.077
9/30/1994,80.448
10/1/1994,63.401
10/2/1994,44.882
10/3/1994,70.537
10/4/1994,55.586
10/5/1994,40.295
10/6/1994,61.363
10/7/1994,39.927
10/8/1994,66.714
10/9/1994,59.72
10/10/1994,46.921
10/11/1994,41.965
10/12/1994,61.108
10/13/1994,56.52
10/14/1994,137.676
10/15/1994,77.107
10/16/1994,77.305
10/17/1994,76.285
10/18/1994,80.561
10/19/1994,54.34
10/20/1994,77.078
10/21/1994,73.595
10/22/1994,63.543
10/23/1994,97.636
10/24/1994,71.019
10/25/1994,79.938
10/26/1994,85.432
10/27/1994,61.164
10/28/1994,67.705
10/29/1994,68.045
10/30/1994,67.932
10/31/1994,65.412
11/1/1994,91.435
11/2/1994,57.426
11/3/1994,72.151
11/4/1994,22.03
11/5/1994,115.901
11/6/1994,101.204
11/7/1994,47.402
11/8/1994,56.662
11/9/1994,57.342
11/10/1994,83.988
11/11/1994,75.181
11/12/1994,89.991
11/13/1994,80.476
11/14/1994,73.114
11/15/1994,78.919
11/16/1994,83.45
11/17/1994,59.097
11/18/1994,52.556
11/19/1994,73.227
11/20/1994,73.369
11/21/1994,176.838
11/22/1994,282.46
11/23/1994,189.015
11/24/1994,160.301
11/25/1994,106.868
11/26/1994,73.68
11/27/1994,131.815
11/28/1994,94.238
11/29/1994,102.535
11/30/1994,104.999
12/1/1994,83.931
12/2/1994,75.408
12/3/1994,92.568
12/4/1994,86.395
12/5/1994,94.295
12/6/1994,72.18
12/7/1994,133.089
12/8/1994,81.156
12/9/1994,88.235
12/10/1994,115.646
12/11/1994,88.292
12/12/1994,76.54
12/13/1994,117.147
12/14/1994,99.08
12/15/1994,90.047
12/16/1994,101.034
12/17/1994,126.604
12/18/1994,90.784
12/19/1994,81.184
12/20/1994,93.219
12/21/1994,73.624
12/22/1994,106.499
12/23/1994,75.238
12/24/1994,84.497
12/25/1994,78.211
12/26/1994,78.749
12/27/1994,75.068
12/28/1994,81.779
12/29/1994,57.964
12/30/1994,81.014
12/31/1994,103.583
1/1/1995,78.381
1/2/1995,71.981
1/3/1995,69.15
1/4/1995,96.022
1/5/1995,35.679
1/6/1995,156.762
1/7/1995,255.927
1/8/1995,278.156
1/9/1995,280.478
1/10/1995,143.17
1/11/1995,142.972
1/12/1995,129.096
1/13/1995,111.228
1/14/1995,120.035
1/15/1995,528.222
1/16/1995,983.358
1/17/1995,1226.117
1/18/1995,870.458
1/19/1995,496.507
1/20/1995,443.611
1/21/1995,448.623
1/22/1995,334.648
1/23/1995,207.336
1/24/1995,170.694
1/25/1995,125.528
1/26/1995,148.748
1/27/1995,145.718
1/28/1995,170.354
1/29/1995,187.287
1/30/1995,174.431
1/31/1995,193.574
2/1/1995,198.642
2/2/1995,161.406
2/3/1995,138.639
2/4/1995,198.529
2/5/1995,200.455
2/6/1995,177.829
2/7/1995,138.384
2/8/1995,109.331
2/9/1995,118.534
2/10/1995,137.648
2/11/1995,150.957
2/12/1995,104.036
2/13/1995,90.104
2/14/1995,95.682
2/15/1995,211.187
2/16/1995,426.791
2/17/1995,667.2
2/18/1995,679.207
2/19/1995,535.442
2/20/1995,385.675
2/21/1995,293.164
2/22/1995,205.552
2/23/1995,189.808
2/24/1995,175.139
2/25/1995,145.945
2/26/1995,128.615
2/27/1995,129.719
2/28/1995,191.252
3/1/1995,381.427
3/2/1995,504.209
3/3/1995,454.286
3/4/1995,310.975
3/5/1995,264.139
3/6/1995,260.486
3/7/1995,233.161
3/8/1995,460.205
3/9/1995,854.035
3/10/1995,761.609
3/11/1995,491.806
3/12/1995,333.94
3/13/1995,224.354
3/14/1995,207.675
3/15/1995,147.304
3/16/1995,167.041
3/17/1995,177.66
3/18/1995,122.753
3/19/1995,128.955
3/20/1995,117.911
3/21/1995,168.938
3/22/1995,104.716
3/23/1995,134.392
3/24/1995,152.656
3/25/1995,109.728
3/26/1995,120.488
3/27/1995,99.392
3/28/1995,109.02
3/29/1995,116.297
3/30/1995,116.042
3/31/1995,89.028
4/1/1995,109.161
4/2/1995,113.38
4/3/1995,55.303
4/4/1995,117.317
4/5/1995,78.494
4/6/1995,78.721
4/7/1995,101.969
4/8/1995,101.657
4/9/1995,83.251
4/10/1995,84.356
4/11/1995,85.517
4/12/1995,86.14
4/13/1995,136.232
4/14/1995,79.967
4/15/1995,116.524
4/16/1995,86.083
4/17/1995,97.835
4/18/1995,107.802
4/19/1995,138.837
4/20/1995,89.226
4/21/1995,114.315
4/22/1995,93.304
4/23/1995,93.615
4/24/1995,152.939
4/25/1995,92.143
4/26/1995,112.333
4/27/1995,98.231
4/28/1995,82.742
4/29/1995,91.973
4/30/1995,90.954
5/1/1995,85.517
5/2/1995,229.763
5/3/1995,239.447
5/4/1995,227.554
5/5/1995,159.509
5/6/1995,134.76
5/7/1995,95.229
5/8/1995,87.527
5/9/1995,87.895
5/10/1995,122.329
5/11/1995,151.92
5/12/1995,179.698
5/13/1995,168.258
5/14/1995,147.332
5/15/1995,121.876
5/16/1995,109.161
5/17/1995,88.433
5/18/1995,83.138
5/19/1995,88.632
5/20/1995,124.707
5/21/1995,117.543
5/22/1995,93.247
5/23/1995,69.518
5/24/1995,76.342
5/25/1995,69.546
5/26/1995,73.142
5/27/1995,88.632
5/28/1995,232.877
5/29/1995,140.848
5/30/1995,113.805
5/31/1995,88.49
6/1/1995,73.907
6/2/1995,188.986
6/3/1995,319.272
6/4/1995,391.933
6/5/1995,229.196
6/6/1995,193.659
6/7/1995,186.041
6/8/1995,224.127
6/9/1995,142.037
6/10/1995,186.211
6/11/1995,315.959
6/12/1995,609.179
6/13/1995,665.785
6/14/1995,388.563
6/15/1995,222.627
6/16/1995,133.514
6/17/1995,126.123
6/18/1995,73.709
6/19/1995,114.598
6/20/1995,74.955
6/21/1995,63.741
6/22/1995,133.231
6/23/1995,1055.197
6/24/1995,1718.49
6/25/1995,1909.175
6/26/1995,1213.856
6/27/1995,703.389
6/28/1995,620.081
6/29/1995,1476.126
6/30/1995,1651.039
7/1/1995,2278.596
7/2/1995,1848.153
7/3/1995,944.988
7/4/1995,414.218
7/5/1995,365.457
7/6/1995,396.152
7/7/1995,375.821
7/8/1995,294.268
7/9/1995,250.236
7/10/1995,177.943
7/11/1995,136.855
7/12/1995,123.546
7/13/1995,92.794
7/14/1995,83.081
7/15/1995,79.712
7/16/1995,123.348
7/17/1995,156.195
7/18/1995,97.778
7/19/1995,79.4
7/20/1995,77.107
7/21/1995,99.222
7/22/1995,173.61
7/23/1995,162.992
7/24/1995,175.706
7/25/1995,108.17
7/26/1995,114.428
7/27/1995,164.266
7/28/1995,126.973
7/29/1995,185.39
7/30/1995,160.613
7/31/1995,100.072
8/1/1995,83.931
8/2/1995,54.198
8/3/1995,46.581
8/4/1995,72.491
8/5/1995,44.712
8/6/1995,50.744
8/7/1995,44.089
8/8/1995,75.323
8/9/1995,29.223
8/10/1995,59.182
8/11/1995,75.578
8/12/1995,63.175
8/13/1995,61.844
8/14/1995,76.059
8/15/1995,47.997
8/16/1995,32.961
8/17/1995,177.348
8/18/1995,98.854
8/19/1995,48.677
8/20/1995,53.547
8/21/1995,53.632
8/22/1995,41.767
8/23/1995,42.362
8/24/1995,40.38
8/25/1995,37.576
8/26/1995,73.086
8/27/1995,115.702
8/28/1995,122.414
8/29/1995,395.926
8/30/1995,344.417
8/31/1995,195.358
9/1/1995,123.461
9/2/1995,89.906
9/3/1995,77.135
9/4/1995,83.988
9/5/1995,54.566
9/6/1995,49.413
9/7/1995,69.15
9/8/1995,50.687
9/9/1995,74.983
9/10/1995,29.365
9/11/1995,62.41
9/12/1995,37.52
9/13/1995,57.37
9/14/1995,57.88
9/15/1995,15.348
9/16/1995,75.209
9/17/1995,48.677
9/18/1995,50.092
9/19/1995,55.331
9/20/1995,60.683
9/21/1995,39.757
9/22/1995,67.281
9/23/1995,81.864
9/24/1995,88.575
9/25/1995,95.343
9/26/1995,49.753
9/27/1995,78.721
9/28/1995,65.072
9/29/1995,55.274
9/30/1995,69.518
10/1/1995,56.096
10/2/1995,59.862
10/3/1995,24.324
10/4/1995,150.929
10/5/1995,190.997
10/6/1995,274.984
10/7/1995,327.993
10/8/1995,168.542
10/9/1995,101.176
10/10/1995,70.311
10/11/1995,70.424
10/12/1995,75.408
10/13/1995,56.634
10/14/1995,148.663
10/15/1995,158.971
10/16/1995,227.327
10/17/1995,145.662
10/18/1995,94.691
10/19/1995,91.831
10/20/1995,127.737
10/21/1995,876.093
10/22/1995,763.704
10/23/1995,414.388
10/24/1995,282.828
10/25/1995,139.687
10/26/1995,97.891
10/27/1995,214.358
10/28/1995,605.47
10/29/1995,580.891
10/30/1995,372.649
10/31/1995,221.721
11/1/1995,142.349
11/2/1995,112.474
11/3/1995,164.577
11/4/1995,109.954
11/5/1995,116.354
11/6/1995,96.787
11/7/1995,252.104
11/8/1995,292.767
11/9/1995,291.465
11/10/1995,219.002
11/11/1995,364.607
11/12/1995,484.047
11/13/1995,741.985
11/14/1995,515.422
11/15/1995,286.962
11/16/1995,191.705
11/17/1995,178.651
11/18/1995,141.159
11/19/1995,123.376
11/20/1995,131.022
11/21/1995,104.744
11/22/1995,107.179
11/23/1995,104.064
11/24/1995,89.226
11/25/1995,118.704
11/26/1995,102.28
11/27/1995,96.051
11/28/1995,90.642
11/29/1995,137.506
11/30/1995,126.633
12/1/1995,191.082
12/2/1995,111.115
12/3/1995,116.948
12/4/1995,99.703
12/5/1995,115.504
12/6/1995,83.025
12/7/1995,105.48
12/8/1995,110.832
12/9/1995,201.219
12/10/1995,133.655
12/11/1995,119.723
12/12/1995,105.112
12/13/1995,110.181
12/14/1995,134.222
12/15/1995,92.907
12/16/1995,96.957
12/17/1995,134.986
12/18/1995,100.525
12/19/1995,177.688
12/20/1995,188.08
12/21/1995,178.707
12/22/1995,183.351
12/23/1995,142.179
12/24/1995,144.954
12/25/1995,120.035
12/26/1995,102.082
12/27/1995,99.93
12/28/1995,107.151
12/29/1995,81.581
12/30/1995,90.132
12/31/1995,121.989
1/1/1996,113.89
1/2/1996,111.285
1/3/1996,142.49
1/4/1996,120.46
1/5/1996,131.333
1/6/1996,137.676
1/7/1996,185.588
1/8/1996,119.157
1/9/1996,128.473
1/10/1996,178.736
1/11/1996,210.649
1/12/1996,296.279
1/13/1996,160.67
1/14/1996,178.509
1/15/1996,153.251
1/16/1996,240.976
1/17/1996,363.786
1/18/1996,566.874
1/19/1996,1308.293
1/20/1996,1477.825
1/21/1996,1937.039
1/22/1996,1470.378
1/23/1996,846.927
1/24/1996,540.596
1/25/1996,580.834
1/26/1996,393.802
1/27/1996,685.946
1/28/1996,1083.231
1/29/1996,1237.104
1/30/1996,582.703
1/31/1996,451.37
2/1/1996,348.636
2/2/1996,462.838
2/3/1996,399.38
2/4/1996,390.177
2/5/1996,252.274
2/6/1996,207.675
2/7/1996,231.971
2/8/1996,268.698
2/9/1996,532.469
2/10/1996,908.233
2/11/1996,1121.345
2/12/1996,732.556
2/13/1996,498.404
2/14/1996,372.451
2/15/1996,296.958
2/16/1996,362.2
2/17/1996,244.714
2/18/1996,260.939
2/19/1996,210.45
2/20/1996,428.858
2/21/1996,447.094
2/22/1996,412.378
2/23/1996,470.71
2/24/1996,371.007
2/25/1996,288.265
2/26/1996,254.71
2/27/1996,206.514
2/28/1996,236.247
2/29/1996,160.131
3/1/1996,145.662
3/2/1996,181.879
3/3/1996,139.177
3/4/1996,125.443
3/5/1996,145.265
3/6/1996,173.695
3/7/1996,316.638
3/8/1996,350.364
3/9/1996,271.671
3/10/1996,231.122
3/11/1996,208.128
3/12/1996,168.655
3/13/1996,191.167
3/14/1996,179.5
3/15/1996,209.601
3/16/1996,187.146
3/17/1996,378.822
3/18/1996,446.669
3/19/1996,578.371
3/20/1996,827.898
3/21/1996,912.367
3/22/1996,494.978
3/23/1996,322.16
3/24/1996,238.399
3/25/1996,256.494
3/26/1996,191.931
3/27/1996,182.7
3/28/1996,326.153
3/29/1996,475.269
3/30/1996,623.904
3/31/1996,447.122
4/1/1996,405.666
4/2/1996,341.217
4/3/1996,448.255
4/4/1996,319.159
4/5/1996,243.921
4/6/1996,266.376
4/7/1996,224.354
4/8/1996,194.508
4/9/1996,289.794
4/10/1996,236.728
4/11/1996,225.94
4/12/1996,201.842
4/13/1996,213.31
4/14/1996,173.95
4/15/1996,223.335
4/16/1996,243.355
4/17/1996,217.473
4/18/1996,229.309
4/19/1996,184.201
4/20/1996,239.957
4/21/1996,201.417
4/22/1996,146.256
4/23/1996,180.038
4/24/1996,126.265
4/25/1996,114.513
4/26/1996,190.6
4/27/1996,166.248
4/28/1996,130.767
4/29/1996,184.031
4/30/1996,344.502
5/1/1996,324.482
5/2/1996,346.343
5/3/1996,273.739
5/4/1996,214.84
5/5/1996,167.381
5/6/1996,342.916
5/7/1996,531.761
5/8/1996,481.357
5/9/1996,334.874
5/10/1996,257.343
5/11/1996,250.632
5/12/1996,134.618
5/13/1996,167.041
5/14/1996,162.652
5/15/1996,142.405
5/16/1996,158.602
5/17/1996,279.204
5/18/1996,417.729
5/19/1996,257.655
5/20/1996,162.623
5/21/1996,143.623
5/22/1996,135.099
5/23/1996,147.757
5/24/1996,127.68
5/25/1996,87.442
5/26/1996,149.853
5/27/1996,177.603
5/28/1996,250.009
5/29/1996,501.406
5/30/1996,319.017
5/31/1996,196.264
6/1/1996,181.964
6/2/1996,158.971
6/3/1996,104.234
6/4/1996,117.77
6/5/1996,135.326
6/6/1996,123.858
6/7/1996,112.559
6/8/1996,106.245
6/9/1996,156.762
6/10/1996,390.092
6/11/1996,925.648
6/12/1996,1038.972
6/13/1996,591.255
6/14/1996,292.343
6/15/1996,246.639
6/16/1996,172.279
6/17/1996,162.935
6/18/1996,108.991
6/19/1996,109.444
6/20/1996,95.088
6/21/1996,107.717
6/22/1996,187.882
6/23/1996,104.376
6/24/1996,120.403
6/25/1996,67.451
6/26/1996,93.814
6/27/1996,94.521
6/28/1996,81.128
6/29/1996,82.827
6/30/1996,78.409
7/1/1996,63.684
7/2/1996,77.22
7/3/1996,64.364
7/4/1996,67.082
7/5/1996,71.443
7/6/1996,84.299
7/7/1996,53.575
7/8/1996,67.847
7/9/1996,71.613
7/10/1996,80.391
7/11/1996,116.524
7/12/1996,180.406
7/13/1996,85.602
7/14/1996,66.035
7/15/1996,98.061
7/16/1996,80.137
7/17/1996,118.024
7/18/1996,108.595
7/19/1996,92.001
7/20/1996,32.819
7/21/1996,71.953
7/22/1996,84.356
7/23/1996,65.412
7/24/1996,87.64
7/25/1996,184.342
7/26/1996,196.802
7/27/1996,304.349
7/28/1996,182.247
7/29/1996,102.082
7/30/1996,120.488
7/31/1996,151.013
8/1/1996,165.965
8/2/1996,202.947
8/3/1996,238.059
8/4/1996,156.365
8/5/1996,117.401
8/6/1996,111.257
8/7/1996,793.663
8/8/1996,443.413
8/9/1996,232.934
8/10/1996,124.226
8/11/1996,116.778
8/12/1996,186.353
8/13/1996,518.112
8/14/1996,1119.25
8/15/1996,959.6
8/16/1996,360.53
8/17/1996,226.931
8/18/1996,133.032
8/19/1996,138.809
8/20/1996,94.89
8/21/1996,80.533
8/22/1996,88.462
8/23/1996,92.936
8/24/1996,98.316
8/25/1996,113.918
8/26/1996,97.098
8/27/1996,98.401
8/28/1996,114.258
8/29/1996,90.954
8/30/1996,95.343
8/31/1996,121.168
9/1/1996,103.3
9/2/1996,81.354
9/3/1996,127.001
9/4/1996,502.595
9/5/1996,1493.938
9/6/1996,4167.242
9/7/1996,4015.917
9/8/1996,4614.987
9/9/1996,3379.667
9/10/1996,1481.28
9/11/1996,875.527
9/12/1996,722.871
9/13/1996,517.518
9/14/1996,283.819
9/15/1996,233.868
9/16/1996,223.703
9/17/1996,338.811
9/18/1996,277.306
9/19/1996,222.683
9/20/1996,165.625
9/21/1996,144.246
9/22/1996,211.158
9/23/1996,125.585
9/24/1996,137.11
9/25/1996,79.259
9/26/1996,42.73
9/27/1996,95.229
9/28/1996,152.854
9/29/1996,97.523
9/30/1996,148.21
10/1/1996,171.203
10/2/1996,245.195
10/3/1996,335.951
10/4/1996,245.252
10/5/1996,192.214
10/6/1996,119.1
10/7/1996,118.449
10/8/1996,461.026
10/9/1996,560.616
10/10/1996,513.638
10/11/1996,392.839
10/12/1996,271.898
10/13/1996,197.991
10/14/1996,151.438
10/15/1996,137.138
10/16/1996,128.785
10/17/1996,121.932
10/18/1996,172.166
10/19/1996,180.435
10/20/1996,156.365
10/21/1996,122.329
10/22/1996,128.332
10/23/1996,152.911
10/24/1996,138.866
10/25/1996,117.232
10/26/1996,117.939
10/27/1996,114.626
10/28/1996,102.422
10/29/1996,104.574
10/30/1996,127.964
10/31/1996,112.729
11/1/1996,124.566
11/2/1996,152.118
11/3/1996,139.432
11/4/1996,103.243
11/5/1996,136.232
11/6/1996,124.82
11/7/1996,132.834
11/8/1996,315.987
11/9/1996,261.845
11/10/1996,456.722
11/11/1996,341.586
11/12/1996,226.591
11/13/1996,166.758
11/14/1996,172.194
11/15/1996,136.119
11/16/1996,145.633
11/17/1996,150.192
11/18/1996,157.187
11/19/1996,145.152
11/20/1996,135.071
11/21/1996,207.704
11/22/1996,202.607
11/23/1996,223.674
11/24/1996,232.169
11/25/1996,185.9
11/26/1996,315.704
11/27/1996,302.792
11/28/1996,372.621
11/29/1996,253.945
11/30/1996,207.789
12/1/1996,689.316
12/2/1996,1248.176
12/3/1996,1513.193
12/4/1996,1346.067
12/5/1996,714.433
12/6/1996,765.545
12/7/1996,781.572
12/8/1996,892.97
12/9/1996,691.468
12/10/1996,481.669
12/11/1996,374.66
12/12/1996,279.543
12/13/1996,334.535
12/14/1996,470.908
12/15/1996,421.043
12/16/1996,317.063
12/17/1996,241.797
12/18/1996,280.789
12/19/1996,333.968
12/20/1996,273.031
12/21/1996,276.655
12/22/1996,209.743
12/23/1996,203.116
12/24/1996,231.575
12/25/1996,186.721
12/26/1996,231.66
12/27/1996,237.691
12/28/1996,245.818
12/29/1996,200.143
12/30/1996,161.576
12/31/1996,214.302
1/1/1997,199.152
1/2/1997,187.542
1/3/1997,179.245
1/4/1997,186.296
1/5/1997,202.012
1/6/1997,180.831
1/7/1997,208.95
1/8/1997,191.28
1/9/1997,361.804
1/10/1997,409.603
1/11/1997,405.78
1/12/1997,333.091
1/13/1997,222.542
1/14/1997,224.75
1/15/1997,220.418
1/16/1997,349.486
1/17/1997,355.631
1/18/1997,356.225
1/19/1997,273.512
1/20/1997,259.665
1/21/1997,206.854
1/22/1997,259.212
1/23/1997,248.593
1/24/1997,238.909
1/25/1997,302.537
1/26/1997,322.642
1/27/1997,320.291
1/28/1997,323.973
1/29/1997,375.141
1/30/1997,497.271
1/31/1997,379.304
2/1/1997,311.456
2/2/1997,278.892
2/3/1997,210.762
2/4/1997,226.874
2/5/1997,260.515
2/6/1997,221.154
2/7/1997,213.679
2/8/1997,268.019
2/9/1997,271.53
2/10/1997,274.56
2/11/1997,265.47
2/12/1997,276.655
2/13/1997,243.043
2/14/1997,457.061
2/15/1997,967.925
2/16/1997,1053.158
2/17/1997,892.092
2/18/1997,601.675
2/19/1997,459.044
2/20/1997,325.756
2/21/1997,312.504
2/22/1997,439.845
2/23/1997,529.552
2/24/1997,414.671
2/25/1997,305.029
2/26/1997,303.301
2/27/1997,299.309
2/28/1997,335.951
3/1/1997,397.058
3/2/1997,472.466
3/3/1997,575.652
3/4/1997,941.165
3/5/1997,1151.361
3/6/1997,879.803
3/7/1997,692.601
3/8/1997,517.433
3/9/1997,434.804
3/10/1997,360.501
3/11/1997,352.289
3/12/1997,310.947
3/13/1997,256.182
3/14/1997,347.192
3/15/1997,311.881
3/16/1997,368.147
3/17/1997,283.479
3/18/1997,242.817
3/19/1997,445.452
3/20/1997,625.15
3/21/1997,688.551
3/22/1997,455.504
3/23/1997,345.238
3/24/1997,273.314
3/25/1997,304.774
3/26/1997,330.853
3/27/1997,333.459
3/28/1997,300.696
3/29/1997,277.363
3/30/1997,282.205
3/31/1997,236.559
4/1/1997,175.054
4/2/1997,228.602
4/3/1997,213.565
4/4/1997,199.209
4/5/1997,190.204
4/6/1997,229.196
4/7/1997,243.581
4/8/1997,250.207
4/9/1997,189.411
4/10/1997,191.875
4/11/1997,166.22
4/12/1997,229.847
4/13/1997,271.218
4/14/1997,385.816
4/15/1997,274.22
4/16/1997,214.047
4/17/1997,247.149
4/18/1997,215.661
4/19/1997,185.843
4/20/1997,197.283
4/21/1997,194.763
4/22/1997,239.56
4/23/1997,351.1
4/24/1997,544.022
4/25/1997,433.757
4/26/1997,283.876
4/27/1997,312.816
4/28/1997,759.74
4/29/1997,1592.905
4/30/1997,1550.458
5/1/1997,1531.203
5/2/1997,826.652
5/3/1997,544.447
5/4/1997,334.761
5/5/1997,300.838
5/6/1997,245.422
5/7/1997,218.747
5/8/1997,208.865
5/9/1997,206.231
5/10/1997,212.659
5/11/1997,125.274
5/12/1997,150.419
5/13/1997,181.312
5/14/1997,164.747
5/15/1997,205.099
5/16/1997,104.206
5/17/1997,155.261
5/18/1997,130.71
5/19/1997,113.607
5/20/1997,145.832
5/21/1997,148.352
5/22/1997,131.078
5/23/1997,141.103
5/24/1997,127.369
5/25/1997,147.049
5/26/1997,142.349
5/27/1997,164.068
5/28/1997,164.747
5/29/1997,134.42
5/30/1997,134.335
5/31/1997,136.94
6/1/1997,233.132
6/2/1997,316.129
6/3/1997,432.992
6/4/1997,553.225
6/5/1997,444.177
6/6/1997,283.14
6/7/1997,219.059
6/8/1997,183.181
6/9/1997,138.243
6/10/1997,157.81
6/11/1997,153.93
6/12/1997,228.233
6/13/1997,149.683
6/14/1997,186.834
6/15/1997,142.264
6/16/1997,169.929
6/17/1997,160.471
6/18/1997,129.634
6/19/1997,159.65
6/20/1997,127.284
6/21/1997,105.338
6/22/1997,99.165
6/23/1997,93.927
6/24/1997,74.7
6/25/1997,104.97
6/26/1997,80.986
6/27/1997,100.779
6/28/1997,114.457
6/29/1997,115.023
6/30/1997,89.17
7/1/1997,150.249
7/2/1997,105.961
7/3/1997,107.915
7/4/1997,114.23
7/5/1997,77.248
7/6/1997,93.417
7/7/1997,66.544
7/8/1997,67.082
7/9/1997,67.904
7/10/1997,79.202
7/11/1997,69.574
7/12/1997,70.962
7/13/1997,74.247
7/14/1997,41.512
7/15/1997,69.914
7/16/1997,77.758
7/17/1997,106.415
7/18/1997,102.337
7/19/1997,70.509
7/20/1997,80.023
7/21/1997,114.4
7/22/1997,116.807
7/23/1997,97.693
7/24/1997,285.065
7/25/1997,212.149
7/26/1997,121.422
7/27/1997,111.172
7/28/1997,69.999
7/29/1997,70.311
7/30/1997,91.35
7/31/1997,83.704
8/1/1997,62.552
8/2/1997,77.192
8/3/1997,56.804
8/4/1997,72.831
8/5/1997,90.642
8/6/1997,83.506
8/7/1997,78.891
8/8/1997,58.956
8/9/1997,56.775
8/10/1997,72.859
8/11/1997,55.331
8/12/1997,43.806
8/13/1997,45.845
8/14/1997,112.701
8/15/1997,90.67
8/16/1997,51.763
8/17/1997,62.977
8/18/1997,38.511
8/19/1997,46.666
8/20/1997,164.379
8/21/1997,198.048
8/22/1997,178.226
8/23/1997,107.406
8/24/1997,72.095
8/25/1997,55.104
8/26/1997,52.103
8/27/1997,48.365
8/28/1997,70.056
8/29/1997,57.37
8/30/1997,55.388
8/31/1997,47.827
9/1/1997,50.234
9/2/1997,19.057
9/3/1997,44.259
9/4/1997,55.359
9/5/1997,35.594
9/6/1997,54.17
9/7/1997,51.905
9/8/1997,35.821
9/9/1997,66.714
9/10/1997,103.668
9/11/1997,157.272
9/12/1997,187.882
9/13/1997,135.156
9/14/1997,101.912
9/15/1997,197.142
9/16/1997,97.466
9/17/1997,77.277
9/18/1997,78.324
9/19/1997,75.493
9/20/1997,66.629
9/21/1997,38.398
9/22/1997,67.621
9/23/1997,56.152
9/24/1997,75.351
9/25/1997,66.091
9/26/1997,69.744
9/27/1997,83.421
9/28/1997,108.51
9/29/1997,58.361
9/30/1997,75.266
10/1/1997,75.323
10/2/1997,70.594
10/3/1997,64.251
10/4/1997,65.355
10/5/1997,59.465
10/6/1997,32.763
10/7/1997,52.273
10/8/1997,41.456
10/9/1997,62.382
10/10/1997,59.097
10/11/1997,47.232
10/12/1997,60.173
10/13/1997,67.819
10/14/1997,73.171
10/15/1997,86.055
10/16/1997,65.497
10/17/1997,83.903
10/18/1997,88.122
10/19/1997,122.385
10/20/1997,105.905
10/21/1997,92.539
10/22/1997,95.711
10/23/1997,70.764
10/24/1997,73.879
10/25/1997,68.64
10/26/1997,121.876
10/27/1997,103.611
10/28/1997,90.246
10/29/1997,112.871
10/30/1997,100.185
10/31/1997,88.405
11/1/1997,110.775
11/2/1997,135.298
11/3/1997,126.123
11/4/1997,117.345
11/5/1997,78.268
11/6/1997,110.889
11/7/1997,125.755
11/8/1997,138.951
11/9/1997,125.217
11/10/1997,87.386
11/11/1997,97.806
11/12/1997,84.299
11/13/1997,129.691
11/14/1997,148.012
11/15/1997,116.467
11/16/1997,101.261
11/17/1997,89.481
11/18/1997,73.737
11/19/1997,76.285
11/20/1997,69.461
11/21/1997,103.186
11/22/1997,307.492
11/23/1997,186.211
11/24/1997,123.943
11/25/1997,110.067
11/26/1997,106.386
11/27/1997,69.546
11/28/1997,96.957
11/29/1997,65.667
11/30/1997,117.288
12/1/1997,100.666
12/2/1997,117.062
12/3/1997,104.121
12/4/1997,124.424
12/5/1997,113.324
12/6/1997,102.365
12/7/1997,81.128
12/8/1997,76.682
12/9/1997,97.381
12/10/1997,105.395
12/11/1997,99.307
12/12/1997,121.762
12/13/1997,93.814
12/14/1997,104.772
12/15/1997,69.688
12/16/1997,83.818
12/17/1997,72.746
12/18/1997,100.836
12/19/1997,66.375
12/20/1997,101.572
12/21/1997,80.08
12/22/1997,108.68
12/23/1997,98.826
12/24/1997,127.312
12/25/1997,141.103
12/26/1997,166.305
12/27/1997,225.713
12/28/1997,257.513
12/29/1997,266.008
12/30/1997,223.42
12/31/1997,155.119
1/1/1998,139.545
1/2/1998,115.051
1/3/1998,138.639
1/4/1998,120.686
1/5/1998,122.47
1/6/1998,125.84
1/7/1998,130.852
1/8/1998,350.732
1/9/1998,678.867
1/10/1998,557.161
1/11/1998,285.518
1/12/1998,200.511
1/13/1998,192.498
1/14/1998,181.397
1/15/1998,468.53
1/16/1998,965.971
1/17/1998,1134.966
1/18/1998,713.867
1/19/1998,429.113
1/20/1998,303.301
1/21/1998,266.603
1/22/1998,191.903
1/23/1998,655.222
1/24/1998,992.362
1/25/1998,857.065
1/26/1998,538.982
1/27/1998,576.672
1/28/1998,1517.412
1/29/1998,1931.631
1/30/1998,2422.417
1/31/1998,1572.035
2/1/1998,873.488
2/2/1998,561.834
2/3/1998,439.703
2/4/1998,1460.92
2/5/1998,1557.113
2/6/1998,1748.534
2/7/1998,1533.298
2/8/1998,920.211
2/9/1998,660.461
2/10/1998,527.882
2/11/1998,394.17
2/12/1998,448.821
2/13/1998,575.058
2/14/1998,408.357
2/15/1998,304.547
2/16/1998,339.009
2/17/1998,1309.029
2/18/1998,1547.4
2/19/1998,1710.137
2/20/1998,1163.877
2/21/1998,701.181
2/22/1998,381.541
2/23/1998,522.105
2/24/1998,642.735
2/25/1998,600.458
2/26/1998,379.955
2/27/1998,341.217
2/28/1998,279.94
3/1/1998,301.149
3/2/1998,275.862
3/3/1998,270.68
3/4/1998,242.505
3/5/1998,210.79
3/6/1998,207.307
3/7/1998,216.34
3/8/1998,496.733
3/9/1998,962.941
3/10/1998,1076.945
3/11/1998,822.32
3/12/1998,488.635
3/13/1998,409.801
3/14/1998,326.464
3/15/1998,214.953
3/16/1998,207.109
3/17/1998,237.889
3/18/1998,609.151
3/19/1998,2099.408
3/20/1998,1588.261
3/21/1998,1906.853
3/22/1998,1907.278
3/23/1998,1449.537
3/24/1998,919.871
3/25/1998,525.985
3/26/1998,341.048
3/27/1998,319.272
3/28/1998,295.571
3/29/1998,292.144
3/30/1998,248.706
3/31/1998,231.292
4/1/1998,291.295
4/2/1998,215.236
4/3/1998,208.1
4/4/1998,422.77
4/5/1998,405.497
4/6/1998,359.369
4/7/1998,294.013
4/8/1998,250.575
4/9/1998,319.385
4/10/1998,301.687
4/11/1998,297.949
4/12/1998,233.557
4/13/1998,219.484
4/14/1998,222.853
4/15/1998,215.774
4/16/1998,219.937
4/17/1998,863.492
4/18/1998,1358.612
4/19/1998,1548.504
4/20/1998,1151.304
4/21/1998,1229.289
4/22/1998,1048.628
4/23/1998,529.637
4/24/1998,403.741
4/25/1998,317.148
4/26/1998,281.752
4/27/1998,222.23
4/28/1998,224.609
4/29/1998,185.617
4/30/1998,216.284
5/1/1998,254.681
5/2/1998,294.183
5/3/1998,394.736
5/4/1998,296.024
5/5/1998,365.173
5/6/1998,352.063
5/7/1998,356.877
5/8/1998,956.938
5/9/1998,1294.531
5/10/1998,1019.575
5/11/1998,481.216
5/12/1998,381.342
5/13/1998,358.208
5/14/1998,291.55
5/15/1998,267.849
5/16/1998,233.161
5/17/1998,204.136
5/18/1998,234.831
5/19/1998,193.97
5/20/1998,191.053
5/21/1998,157.187
5/22/1998,160.585
5/23/1998,191.422
5/24/1998,171.94
5/25/1998,212.149
5/26/1998,228.29
5/27/1998,252.614
5/28/1998,271.048
5/29/1998,239.617
5/30/1998,244.346
5/31/1998,207.845
6/1/1998,133.91
6/2/1998,141.782
6/3/1998,162.623
6/4/1998,165.851
6/5/1998,141.641
6/6/1998,171.175
6/7/1998,134.023
6/8/1998,133.004
6/9/1998,117.062
6/10/1998,137.393
6/11/1998,129.833
6/12/1998,137.733
6/13/1998,159.509
6/14/1998,145.463
6/15/1998,160.358
6/16/1998,144.755
6/17/1998,139.404
6/18/1998,109.897
6/19/1998,152.571
6/20/1998,132.749
6/21/1998,121.309
6/22/1998,106.131
6/23/1998,135.637
6/24/1998,108.737
6/25/1998,116.014
6/26/1998,63.883
6/27/1998,86.281
6/28/1998,100.949
6/29/1998,182.049
6/30/1998,103.809
7/1/1998,76.257
7/2/1998,100.779
7/3/1998,79.712
7/4/1998,97.693
7/5/1998,104.517
7/6/1998,76.767
7/7/1998,90.331
7/8/1998,114.541
7/9/1998,137.195
7/10/1998,104.999
7/11/1998,97.75
7/12/1998,83.931
7/13/1998,63.968
7/14/1998,75.266
7/15/1998,72.095
7/16/1998,63.401
7/17/1998,71.443
7/18/1998,53.632
7/19/1998,99.902
7/20/1998,67.054
7/21/1998,54.85
7/22/1998,66.261
7/23/1998,70.99
7/24/1998,50.602
7/25/1998,66.714
7/26/1998,87.074
7/27/1998,83.648
7/28/1998,61.532
7/29/1998,46.723
7/30/1998,58.616
7/31/1998,61.561
8/1/1998,54.793
8/2/1998,50.829
8/3/1998,37.067
8/4/1998,27.043
8/5/1998,50.885
8/6/1998,47.912
8/7/1998,59.267
8/8/1998,70.735
8/9/1998,96.39
8/10/1998,154.808
8/11/1998,136.572
8/12/1998,105.452
8/13/1998,80.42
8/14/1998,81.071
8/15/1998,86.026
8/16/1998,144.133
8/17/1998,84.242
8/18/1998,148.323
8/19/1998,117.798
8/20/1998,91.718
8/21/1998,75.549
8/22/1998,57.342
8/23/1998,56.549
8/24/1998,52.245
8/25/1998,37.18
8/26/1998,53.66
8/27/1998,131.305
8/28/1998,35.906
8/29/1998,54.198
8/30/1998,73.199
8/31/1998,77.73
9/1/1998,34.008
9/2/1998,44.825
9/3/1998,86.225
9/4/1998,151.778
9/5/1998,60.258
9/6/1998,66.743
9/7/1998,61.278
9/8/1998,47.374
9/9/1998,21.577
9/10/1998,37.69
9/11/1998,38.341
9/12/1998,47.289
9/13/1998,47.317
9/14/1998,39.87
9/15/1998,36.274
9/16/1998,27.779
9/17/1998,52.839
9/18/1998,31.517
9/19/1998,52.471
9/20/1998,59.918
9/21/1998,73.595
9/22/1998,26.363
9/23/1998,27.411
9/24/1998,58.786
9/25/1998,31.602
9/26/1998,51.452
9/27/1998,46.128
9/28/1998,1.133
9/29/1998,45.364
9/30/1998,24.551
10/1/1998,22.399
10/2/1998,50.885
10/3/1998,38.766
10/4/1998,83.195
10/5/1998,48.45
10/6/1998,40.323
10/7/1998,47.459
10/8/1998,101.912
10/9/1998,57.2
10/10/1998,74.728
10/11/1998,60.145
10/12/1998,37.322
10/13/1998,53.859
10/14/1998,44.91
10/15/1998,31.46
10/16/1998,56.067
10/17/1998,44.882
10/18/1998,50.177
10/19/1998,33.244
10/20/1998,47.487
10/21/1998,43.126
10/22/1998,42.872
10/23/1998,40.097
10/24/1998,44.91
10/25/1998,54.878
10/26/1998,38.936
10/27/1998,36.784
10/28/1998,63.118
10/29/1998,38.681
10/30/1998,55.501
10/31/1998,57.002
11/1/1998,44.939
11/2/1998,39.615
11/3/1998,92.143
11/4/1998,46.893
11/5/1998,41.059
11/6/1998,77.135
11/7/1998,51.338
11/8/1998,57.455
11/9/1998,48.393
11/10/1998,50.999
11/11/1998,72.151
11/12/1998,33.244
11/13/1998,64.421
11/14/1998,81.581
11/15/1998,67.309
11/16/1998,67.96
11/17/1998,63.231
11/18/1998,47.289
11/19/1998,65.299
11/20/1998,81.581
11/21/1998,45.109
11/22/1998,61.759
11/23/1998,51.622
11/24/1998,57.002
11/25/1998,44.118
11/26/1998,99.873
11/27/1998,46.496
11/28/1998,59.267
11/29/1998,48.025
11/30/1998,63.883
12/1/1998,53.745
12/2/1998,52.528
12/3/1998,68.413
12/4/1998,63.175
12/5/1998,63.288
12/6/1998,63.26
12/7/1998,67.875
12/8/1998,65.95
12/9/1998,104.206
12/10/1998,90.755
12/11/1998,98.967
12/12/1998,100.128
12/13/1998,218.804
12/14/1998,215.661
12/15/1998,252.727
12/16/1998,187.259
12/17/1998,105.169
12/18/1998,52.471
12/19/1998,96.928
12/20/1998,71.67
12/21/1998,77.984
12/22/1998,79.882
12/23/1998,77.758
12/24/1998,147.559
12/25/1998,131.956
12/26/1998,145.039
12/27/1998,125.613
12/28/1998,81.269
12/29/1998,112.927
12/30/1998,89.085
12/31/1998,60.909
1/1/1999,67.592
1/2/1999,106.33
1/3/1999,576.388
1/4/1999,401.815
1/5/1999,301.8
1/6/1999,165.88
1/7/1999,110.067
1/8/1999,105.169
1/9/1999,125.84
1/10/1999,98.656
1/11/1999,66.969
1/12/1999,95.144
1/13/1999,81.184
1/14/1999,69.461
1/15/1999,139.998
1/16/1999,153.76
1/17/1999,167.409
1/18/1999,175.649
1/19/1999,237.182
1/20/1999,286.368
1/21/1999,179.529
1/22/1999,139.687
1/23/1999,169.674
1/24/1999,766.281
1/25/1999,1059.615
1/26/1999,895.179
1/27/1999,492.656
1/28/1999,205.07
1/29/1999,137.79
1/30/1999,103.724
1/31/1999,100.638
2/1/1999,94.238
2/2/1999,180.774
2/3/1999,238.088
2/4/1999,261.874
2/5/1999,198.642
2/6/1999,145.775
2/7/1999,174.743
2/8/1999,107.292
2/9/1999,120.913
2/10/1999,96.645
2/11/1999,98.089
2/12/1999,144.387
2/13/1999,61.957
2/14/1999,76.116
2/15/1999,101.148
2/16/1999,88.292
2/17/1999,89.566
2/18/1999,121.904
2/19/1999,153.477
2/20/1999,165.313
2/21/1999,170.354
2/22/1999,106.245
2/23/1999,109.19
2/24/1999,76.767
2/25/1999,117.09
2/26/1999,73.935
2/27/1999,104.347
2/28/1999,145.747
3/1/1999,94.04
3/2/1999,88.235
3/3/1999,208.015
3/4/1999,50.234
3/5/1999,71.868
3/6/1999,159.877
3/7/1999,90.897
3/8/1999,118.591
3/9/1999,84.299
3/10/1999,99.364
3/11/1999,108.68
3/12/1999,96.277
3/13/1999,103.668
3/14/1999,192.809
3/15/1999,311.032
3/16/1999,396.775
3/17/1999,419.372
3/18/1999,328.588
3/19/1999,221.89
3/20/1999,172.619
3/21/1999,337.083
3/22/1999,353.62
3/23/1999,315.251
3/24/1999,270.227
3/25/1999,187.032
3/26/1999,192.073
3/27/1999,139.687
3/28/1999,139.574
3/29/1999,144.076
3/30/1999,93.814
3/31/1999,103.47
4/1/1999,248.99
4/2/1999,311.711
4/3/1999,267.396
4/4/1999,259.439
4/5/1999,207.732
4/6/1999,138.582
4/7/1999,168.627
4/8/1999,85.149
4/9/1999,186.778
4/10/1999,113.182
4/11/1999,188.533
4/12/1999,361.945
4/13/1999,283.281
4/14/1999,208.383
4/15/1999,235.426
4/16/1999,234.86
4/17/1999,145.548
4/18/1999,187.684
4/19/1999,71.443
4/20/1999,117.09
4/21/1999,91.803
4/22/1999,99.109
4/23/1999,104.178
4/24/1999,68.753
4/25/1999,112.757
4/26/1999,131.22
4/27/1999,98.741
4/28/1999,118.449
4/29/1999,180.067
4/30/1999,202.607
5/1/1999,401.617
5/2/1999,376.359
5/3/1999,199.124
5/4/1999,146.341
5/5/1999,116.863
5/6/1999,137.535
5/7/1999,110.351
5/8/1999,71.217
5/9/1999,131.022
5/10/1999,173.922
5/11/1999,48.535
5/12/1999,82.827
5/13/1999,104.234
5/14/1999,234.888
5/15/1999,205.976
5/16/1999,409.801
5/17/1999,212.829
5/18/1999,122.017
5/19/1999,96.9
5/20/1999,133.854
5/21/1999,99.024
5/22/1999,46.808
5/23/1999,113.041
5/24/1999,84.554
5/25/1999,131.616
5/26/1999,30.214
5/27/1999,115.901
5/28/1999,5.748
5/29/1999,60.796
5/30/1999,51.508
5/31/1999,41.994
6/1/1999,60.4
6/2/1999,21.577
6/3/1999,51.367
6/4/1999,37.803
6/5/1999,57.313
6/6/1999,55.274
6/7/1999,85.97
6/8/1999,20.303
6/9/1999,1.642
6/10/1999,55.699
6/11/1999,18.774
6/12/1999,84.667
6/13/1999,70.679
6/14/1999,24.352
6/15/1999,54.028
6/16/1999,77.05
6/17/1999,61.306
6/18/1999,43.976
6/19/1999,2.237
6/20/1999,67.677
6/21/1999,100.213
6/22/1999,31.318
6/23/1999,35.679
6/24/1999,54.736
6/25/1999,2.152
6/26/1999,49.923
6/27/1999,83.591
6/28/1999,104.687
6/29/1999,42.475
6/30/1999,36.33
7/1/1999,95.088
7/2/1999,43.495
7/3/1999,34.433
7/4/1999,65.893
7/5/1999,130.201
7/6/1999,61.334
7/7/1999,2.265
7/8/1999,45.137
7/9/1999,72.378
7/10/1999,30.327
7/11/1999,8.75
7/12/1999,74.133
7/13/1999,62.297
7/14/1999,175.904
7/15/1999,141.839
7/16/1999,114.23
7/17/1999,31.064
7/18/1999,55.444
7/19/1999,139.743
7/20/1999,16.792
7/21/1999,34.462
7/22/1999,42.504
7/23/1999,41.144
7/24/1999,131.39
7/25/1999,111.625
7/26/1999,28.09
7/27/1999,100.808
7/28/1999,1.133
7/29/1999,33.187
7/30/1999,59.267
7/31/1999,18.066
8/1/1999,61.164
8/2/1999,23.418
8/3/1999,18.632
8/4/1999,25.145
8/5/1999,23.56
8/6/1999,9.684
8/7/1999,30.724
8/8/1999,31.064
8/9/1999,4.332
8/10/1999,22.314
8/11/1999,21.521
8/12/1999,6.371
8/13/1999,14.527
8/14/1999,26.051
8/15/1999,31.97
8/16/1999,63.231
8/17/1999,9.514
8/18/1999,17.528
8/19/1999,11.865
8/20/1999,25.032
8/21/1999,20.643
8/22/1999,62.41
8/23/1999,3.313
8/24/1999,45.647
8/25/1999,6.541
8/26/1999,11.667
8/27/1999,114.117
8/28/1999,164.889
8/29/1999,73.482
8/30/1999,48.762
8/31/1999,2.124
9/1/1999,3.568
9/2/1999,26.363
9/3/1999,19.454
9/4/1999,133.797
9/5/1999,273.314
9/6/1999,292.541
9/7/1999,376.613
9/8/1999,373.046
9/9/1999,262.978
9/10/1999,159.933
9/11/1999,96.39
9/12/1999,90.161
9/13/1999,119.638
9/14/1999,46.751
9/15/1999,208.44
9/16/1999,1778.352
9/17/1999,826.511
9/18/1999,513.95
9/19/1999,322.443
9/20/1999,153.647
9/21/1999,182.473
9/22/1999,269.944
9/23/1999,176.98
9/24/1999,84.384
9/25/1999,86.083
9/26/1999,39.106
9/27/1999,381.314
9/28/1999,456.269
9/29/1999,664.935
9/30/1999,866.834
10/1/1999,1206.919
10/2/1999,761.58
10/3/1999,277.221
10/4/1999,200.171
10/5/1999,85.177
10/6/1999,122.555
10/7/1999,41.626
10/8/1999,90.614
10/9/1999,58.106
10/10/1999,111.54
10/11/1999,129.776
10/12/1999,61.221
10/13/1999,128.275
10/14/1999,59.748
10/15/1999,98.203
10/16/1999,30.809
10/17/1999,180.69
10/18/1999,145.945
10/19/1999,90.585
10/20/1999,183.323
10/21/1999,168.683
10/22/1999,155.488
10/23/1999,182.077
10/24/1999,105.112
10/25/1999,53.405
10/26/1999,92.879
10/27/1999,85.12
10/28/1999,39.077
10/29/1999,113.72
10/30/1999,79.089
10/31/1999,100.553
11/1/1999,94.72
11/2/1999,83.053
11/3/1999,126.406
11/4/1999,60.626
11/5/1999,77.418
11/6/1999,68.753
11/7/1999,86.423
11/8/1999,114.372
11/9/1999,45.986
11/10/1999,68.697
11/11/1999,95.541
11/12/1999,79.627
11/13/1999,48.846
11/14/1999,98.231
11/15/1999,113.097
11/16/1999,90.925
11/17/1999,7.929
11/18/1999,88.801
11/19/1999,3.03
11/20/1999,42.22
11/21/1999,68.81
11/22/1999,101.912
11/23/1999,101.091
11/24/1999,38.567
11/25/1999,48.677
11/26/1999,121.847
11/27/1999,193.744
11/28/1999,272.323
11/29/1999,196.066
11/30/1999,130.625
12/1/1999,91.208
12/2/1999,90.699
12/3/1999,2.209
12/4/1999,68.923
12/5/1999,82.175
12/6/1999,221.154
12/7/1999,41.626
12/8/1999,96.419
12/9/1999,8.353
12/10/1999,133.485
12/11/1999,80.137
12/12/1999,50.206
12/13/1999,86.876
12/14/1999,186.126
12/15/1999,184.569
12/16/1999,369.478
12/17/1999,202.72
12/18/1999,159.509
12/19/1999,132.268
12/20/1999,147.984
12/21/1999,152.854
12/22/1999,128.332
12/23/1999,214.641
12/24/1999,161.094
12/25/1999,108.17
12/26/1999,131.475
12/27/1999,119.1
12/28/1999,178.679
12/29/1999,7.447
12/30/1999,107.349
12/31/1999,105.112
1/1/2000,115.759
1/2/2000,105.14
1/3/2000,84.242
1/4/2000,114.995
1/5/2000,218.153
1/6/2000,79.429
1/7/2000,131.248
1/8/2000,105.197
1/9/2000,142.065
1/10/2000,338.301
1/11/2000,543.711
1/12/2000,516.045
1/13/2000,412.916
1/14/2000,222.797
1/15/2000,124.481
1/16/2000,130.937
1/17/2000,132.862
1/18/2000,120.063
1/19/2000,64.534
1/20/2000,196.972
1/21/2000,88.773
1/22/2000,71.981
1/23/2000,135.496
1/24/2000,124.084
1/25/2000,199.775
1/26/2000,138.979
1/27/2000,119.412
1/28/2000,62.892
1/29/2000,89.141
1/30/2000,228.205
1/31/2000,387.515
2/1/2000,351.213
2/2/2000,275.098
2/3/2000,233.557
2/4/2000,275.494
2/5/2000,253.832
2/6/2000,200.426
2/7/2000,205.552
2/8/2000,211.696
2/9/2000,212.178
2/10/2000,211.838
2/11/2000,230.697
2/12/2000,256.522
2/13/2000,230.555
2/14/2000,316.61
2/15/2000,320.32
2/16/2000,300.073
2/17/2000,246.073
2/18/2000,256.097
2/19/2000,347.532
2/20/2000,317.035
2/21/2000,316.865
2/22/2000,216.992
2/23/2000,203.938
2/24/2000,187.316
2/25/2000,157.781
2/26/2000,147.417
2/27/2000,164.634
2/28/2000,156.309
2/29/2000,124.622
3/1/2000,140.65
3/2/2000,125.727
3/3/2000,84.299
3/4/2000,131.39
3/5/2000,98.458
3/6/2000,104.291
3/7/2000,115.929
3/8/2000,115.986
3/9/2000,108.85
3/10/2000,77.39
3/11/2000,93.502
3/12/2000,114.74
3/13/2000,94.918
3/14/2000,104.97
3/15/2000,112.276
3/16/2000,154.865
3/17/2000,364.579
3/18/2000,240.778
3/19/2000,231.178
3/20/2000,226.166
3/21/2000,327.767
3/22/2000,602.978
3/23/2000,604.592
3/24/2000,312.674
3/25/2000,243.043
3/26/2000,205.608
3/27/2000,214.471
3/28/2000,262.865
3/29/2000,171.203
3/30/2000,177.461
3/31/2000,156.422
4/1/2000,102.847
4/2/2000,133.542
4/3/2000,237.465
4/4/2000,373.329
4/5/2000,302.537
4/6/2000,209.12
4/7/2000,164.266
4/8/2000,191.79
4/9/2000,253.209
4/10/2000,256.154
4/11/2000,209.884
4/12/2000,174.743
4/13/2000,178.821
4/14/2000,182.502
4/15/2000,188.958
4/16/2000,172.081
4/17/2000,138.866
4/18/2000,594.285
4/19/2000,777.721
4/20/2000,894.131
4/21/2000,673.883
4/22/2000,505.512
4/23/2000,230.47
4/24/2000,180.265
4/25/2000,277.731
4/26/2000,324.709
4/27/2000,364.749
4/28/2000,369.279
4/29/2000,303.981
4/30/2000,276.825
5/1/2000,211.951
5/2/2000,231.008
5/3/2000,213.792
5/4/2000,112.418
5/5/2000,109.133
5/6/2000,120.035
5/7/2000,123.121
5/8/2000,128.275
5/9/2000,64.562
5/10/2000,134.93
5/11/2000,125.047
5/12/2000,37.661
5/13/2000,65.893
5/14/2000,45.279
5/15/2000,108.708
5/16/2000,72.406
5/17/2000,103.526
5/18/2000,55.784
5/19/2000,90.784
5/20/2000,16.112
5/21/2000,128.7
5/22/2000,196.264
5/23/2000,113.55
5/24/2000,234.18
5/25/2000,65.383
5/26/2000,83.761
5/27/2000,119.185
5/28/2000,146.2
5/29/2000,501.802
5/30/2000,306.161
5/31/2000,190.034
6/1/2000,215.519
6/2/2000,53.434
6/3/2000,43.551
6/4/2000,31.46
6/5/2000,152.203
6/6/2000,250.66
6/7/2000,332.581
6/8/2000,203.06
6/9/2000,95.881
6/10/2000,111.965
6/11/2000,71.273
6/12/2000,4.474
6/13/2000,114.4
6/14/2000,62.552
6/15/2000,104.319
6/16/2000,765.262
6/17/2000,621.016
6/18/2000,343.2
6/19/2000,211.98
6/20/2000,197
6/21/2000,265.074
6/22/2000,134.476
6/23/2000,228.658
6/24/2000,-27.014
6/25/2000,75.521
6/26/2000,47.232
6/27/2000,33.754
6/28/2000,161.576
6/29/2000,162.255
6/30/2000,184.654
7/1/2000,120.658
7/2/2000,82.09
7/3/2000,138.073
7/4/2000,27.439
7/5/2000,122.867
7/6/2000,64.138
7/7/2000,69.688
7/8/2000,-26.703
7/9/2000,93.304
7/10/2000,51.735
7/11/2000,50.914
7/12/2000,110.266
7/13/2000,31.29
7/14/2000,136.629
7/15/2000,-22.54
7/16/2000,136.968
7/17/2000,47.685
7/18/2000,74.332
7/19/2000,74.756
7/20/2000,36.868
7/21/2000,46.609
7/22/2000,60.032
7/23/2000,96.334
7/24/2000,168.032
7/25/2000,96.051
7/26/2000,173.525
7/27/2000,109.529
7/28/2000,52.075
7/29/2000,81.467
7/30/2000,171.26
7/31/2000,233.189
8/1/2000,115.278
8/2/2000,125.415
8/3/2000,106.046
8/4/2000,146.398
8/5/2000,175.168
8/6/2000,104.008
8/7/2000,166.474
8/8/2000,37.01
8/9/2000,51.395
8/10/2000,57.964
8/11/2000,91.039
8/12/2000,42.135
8/13/2000,52.584
8/14/2000,112.786
8/15/2000,39.219
8/16/2000,30.441
8/17/2000,33.839
8/18/2000,41.201
8/19/2000,14.413
8/20/2000,62.948
8/21/2000,60.938
8/22/2000,26.335
8/23/2000,47.176
8/24/2000,59.72
8/25/2000,-36.67
8/26/2000,29.081
8/27/2000,51.197
8/28/2000,161.746
8/29/2000,123.206
8/30/2000,106.924
8/31/2000,149.456
9/1/2000,80.986
9/2/2000,65.214
9/3/2000,242.477
9/4/2000,334.79
9/5/2000,288.661
9/6/2000,178.056
9/7/2000,131.418
9/8/2000,91.378
9/9/2000,162.907
9/10/2000,1.727
9/11/2000,124.962
9/12/2000,-18.208
9/13/2000,67.366
9/14/2000,8.891
9/15/2000,51.225
9/16/2000,9.118
9/17/2000,79.202
9/18/2000,203.711
9/19/2000,73.057
9/20/2000,14.413
9/21/2000,326.917
9/22/2000,174.8
9/23/2000,95.399
9/24/2000,134.363
9/25/2000,76.937
9/26/2000,63.543
9/27/2000,164.407
9/28/2000,179.217
9/29/2000,166.644
9/30/2000,124.141
10/1/2000,65.072
10/2/2000,49.923
10/3/2000,58.078
10/4/2000,175.536
10/5/2000,60.824
10/6/2000,50.772
10/7/2000,5.72
10/8/2000,53.575
10/9/2000,41.796
10/10/2000,72.01
10/11/2000,50.206
10/12/2000,32.168
10/13/2000,19.907
10/14/2000,55.812
10/15/2000,35.651
10/16/2000,107.377
10/17/2000,54.057
10/18/2000,-11.525
10/19/2000,98.967
10/20/2000,13.677
10/21/2000,45.222
10/22/2000,65.865
10/23/2000,90.557
10/24/2000,-37.888
10/25/2000,86.989
10/26/2000,39.36
10/27/2000,34.15
10/28/2000,52.584
10/29/2000,50.319
10/30/2000,82.317
10/31/2000,34.235
11/1/2000,52.018
11/2/2000,53.292
11/3/2000,74.501
11/4/2000,-17.726
11/5/2000,35.594
11/6/2000,78.522
11/7/2000,60.994
11/8/2000,90.755
11/9/2000,19.17
11/10/2000,58.927
11/11/2000,49.385
11/12/2000,40.408
11/13/2000,91.463
11/14/2000,75.209
11/15/2000,56.69
11/16/2000,26.788
11/17/2000,41.399
11/18/2000,102.167
11/19/2000,88.32
11/20/2000,28.204
11/21/2000,49.498
11/22/2000,14.47
11/23/2000,41.371
11/24/2000,46.496
11/25/2000,77.531
11/26/2000,81.439
11/27/2000,98.174
11/28/2000,88.462
11/29/2000,95.428
11/30/2000,145.52
12/1/2000,17.925
12/2/2000,45.703
12/3/2000,10.845
12/4/2000,76.455
12/5/2000,94.267
12/6/2000,59.635
12/7/2000,29.704
12/8/2000,21.181
12/9/2000,62.382
12/10/2000,4.389
12/11/2000,121.026
12/12/2000,-2.18
12/13/2000,58.134
12/14/2000,53.292
12/15/2000,92.568
12/16/2000,10.704
12/17/2000,152.401
12/18/2000,155.856
12/19/2000,166.701
12/20/2000,182.587
12/21/2000,60.202
12/22/2000,16.537
12/23/2000,9.968
12/24/2000,42.135
12/25/2000,55.133
12/26/2000,128.445
12/27/2000,54.793
12/28/2000,64.845
12/29/2000,80.873
12/30/2000,52.811
12/31/2000,-1.926
1/1/2001,23.871
1/2/2001,147.899
1/3/2001,64.138
1/4/2001,-12.176
1/5/2001,40.153
1/6/2001,10.704
1/7/2001,69.036
1/8/2001,67.167
1/9/2001,70.99
1/10/2001,74.926
1/11/2001,66.743
1/12/2001,27.269
1/13/2001,81.779
1/14/2001,23.135
1/15/2001,84.073
1/16/2001,127.142
1/17/2001,95.314
1/18/2001,47.855
1/19/2001,41.711
1/20/2001,175.366
1/21/2001,501.179
1/22/2001,349.514
1/23/2001,199.973
1/24/2001,144.104
1/25/2001,156.224
1/26/2001,100.695
1/27/2001,37.633
1/28/2001,107.689
1/29/2001,58.106
1/30/2001,67.875
1/31/2001,100.043
2/1/2001,60.853
2/2/2001,90.5
2/3/2001,34.688
2/4/2001,62.807
2/5/2001,101.827
2/6/2001,53.547
2/7/2001,62.863
2/8/2001,71.84
2/9/2001,72.18
2/10/2001,69.518
2/11/2001,67.337
2/12/2001,117.685
2/13/2001,2.69
2/14/2001,74.53
2/15/2001,82.77
2/16/2001,124.736
2/17/2001,189.553
2/18/2001,210.762
2/19/2001,231.15
2/20/2001,166.503
2/21/2001,135.553
2/22/2001,97.268
2/23/2001,80.533
2/24/2001,97.381
2/25/2001,163.756
2/26/2001,75.776
2/27/2001,118.506
2/28/2001,135.807
3/1/2001,99.817
3/2/2001,82.034
3/3/2001,100.864
3/4/2001,99.562
3/5/2001,140.706
3/6/2001,107.292
3/7/2001,111.37
3/8/2001,86.395
3/9/2001,95.144
3/10/2001,61.901
3/11/2001,84.044
3/12/2001,101.063
3/13/2001,106.528
3/14/2001,60.598
3/15/2001,137.393
3/16/2001,122.385
3/17/2001,160.981
3/18/2001,126.944
3/19/2001,120.12
3/20/2001,140.734
3/21/2001,912.056
3/22/2001,1161.357
3/23/2001,978.006
3/24/2001,565.571
3/25/2001,313.665
3/26/2001,217.473
3/27/2001,131.928
3/28/2001,98.429
3/29/2001,441.827
3/30/2001,1219.35
3/31/2001,1318.685
4/1/2001,1128.538
4/2/2001,775.71
4/3/2001,679.83
4/4/2001,501.264
4/5/2001,343.596
4/6/2001,212.178
4/7/2001,152.09
4/8/2001,160.556
4/9/2001,144.755
4/10/2001,65.582
4/11/2001,130.059
4/12/2001,112.333
4/13/2001,112.588
4/14/2001,113.664
4/15/2001,116.212
4/16/2001,125.812
4/17/2001,112.984
4/18/2001,40.068
4/19/2001,85.772
4/20/2001,42.39
4/21/2001,95.682
4/22/2001,98.146
4/23/2001,57.03
4/24/2001,90.359
4/25/2001,125.698
4/26/2001,118.506
4/27/2001,121.592
4/28/2001,61.929
4/29/2001,81.722
4/30/2001,103.243
5/1/2001,88.518
5/2/2001,95.796
5/3/2001,92.03
5/4/2001,63.798
5/5/2001,58.842
5/6/2001,91.577
5/7/2001,51.565
5/8/2001,129.436
5/9/2001,86.111
5/10/2001,102.224
5/11/2001,69.603
5/12/2001,69.461
5/13/2001,65.468
5/14/2001,88.886
5/15/2001,75.578
5/16/2001,58.049
5/17/2001,150.9
5/18/2001,143.679
5/19/2001,143.679
5/20/2001,182.219
5/21/2001,260.515
5/22/2001,291.861
5/23/2001,476.713
5/24/2001,532.837
5/25/2001,377.548
5/26/2001,282.46
5/27/2001,440.241
5/28/2001,439.901
5/29/2001,231.433
5/30/2001,206.458
5/31/2001,124.197
6/1/2001,231.716
6/2/2001,407.252
6/3/2001,216.085
6/4/2001,131.22
6/5/2001,134.561
6/6/2001,255.049
6/7/2001,237.493
6/8/2001,186.268
6/9/2001,273.314
6/10/2001,98.373
6/11/2001,40.805
6/12/2001,63.656
6/13/2001,67.932
6/14/2001,94.21
6/15/2001,128.218
6/16/2001,152.996
6/17/2001,130.399
6/18/2001,104.291
6/19/2001,87.386
6/20/2001,57.115
6/21/2001,19.822
6/22/2001,86.508
6/23/2001,58.106
6/24/2001,87.697
6/25/2001,118.761
6/26/2001,86.48
6/27/2001,5.947
6/28/2001,69.093
6/29/2001,47.629
6/30/2001,38.681
7/1/2001,71.358
7/2/2001,-2.973
7/3/2001,84.724
7/4/2001,33.527
7/5/2001,65.61
7/6/2001,72.066
7/7/2001,76.342
7/8/2001,92.086
7/9/2001,39.19
7/10/2001,50.885
7/11/2001,20.643
7/12/2001,35.481
7/13/2001,29.449
7/14/2001,-15.829
7/15/2001,49.016
7/16/2001,10.222
7/17/2001,27.779
7/18/2001,43.07
7/19/2001,37.322
7/20/2001,42.362
7/21/2001,24.522
7/22/2001,48.167
7/23/2001,86.196
7/24/2001,-51.112
7/25/2001,22.399
7/26/2001,237.125
7/27/2001,202.295
7/28/2001,70.65
7/29/2001,140.621
7/30/2001,57.002
7/31/2001,102.648
8/1/2001,93.389
8/2/2001,75.238
8/3/2001,55.671
8/4/2001,46.666
8/5/2001,81.128
8/6/2001,12.488
8/7/2001,42.673
8/8/2001,33.81
8/9/2001,35.821
8/10/2001,15.008
8/11/2001,68.81
8/12/2001,62.155
8/13/2001,98.174
8/14/2001,102.648
8/15/2001,65.667
8/16/2001,68.98
8/17/2001,68.159
8/18/2001,75.379
8/19/2001,88.717
8/20/2001,68.187
8/21/2001,62.07
8/22/2001,73.85
8/23/2001,69.574
8/24/2001,39.785
8/25/2001,41.654
8/26/2001,71.868
8/27/2001,39.615
8/28/2001,45.505
8/29/2001,15.206
8/30/2001,22.285
8/31/2001,44.995
9/1/2001,54.878
9/2/2001,42.192
9/3/2001,74.756
9/4/2001,26.051
9/5/2001,12.884
9/6/2001,24.437
9/7/2001,21.323
9/8/2001,21.521
9/9/2001,57.851
9/10/2001,55.926
9/11/2001,17.075
9/12/2001,21.832
9/13/2001,20.133
9/14/2001,25.457
9/15/2001,23.701
9/16/2001,17.358
9/17/2001,12.091
9/18/2001,31.771
9/19/2001,7.108
9/20/2001,38.029
9/21/2001,40.266
9/22/2001,4.927
9/23/2001,26.646
9/24/2001,84.016
9/25/2001,43.466
9/26/2001,8.325
9/27/2001,57.964
9/28/2001,32.649
9/29/2001,47.374
9/30/2001,2.209
10/1/2001,72.208
10/2/2001,-8.693
10/3/2001,31.148
10/4/2001,29.11
10/5/2001,-33.301
10/6/2001,48.025
10/7/2001,14.073
10/8/2001,64.874
10/9/2001,-35.141
10/10/2001,8.722
10/11/2001,59.522
10/12/2001,-3.426
10/13/2001,36.982
10/14/2001,54.85
10/15/2001,68.782
10/16/2001,41.258
10/17/2001,-29.761
10/18/2001,46.383
10/19/2001,-11.978
10/20/2001,25.542
10/21/2001,25.598
10/22/2001,75.181
10/23/2001,30.922
10/24/2001,26.759
10/25/2001,-9.09
10/26/2001,23.531
10/27/2001,2.605
10/28/2001,23.503
10/29/2001,21.634
10/30/2001,15.688
10/31/2001,22.314
11/1/2001,31.941
11/2/2001,9.486
11/3/2001,24.664
11/4/2001,25.485
11/5/2001,69.688
11/6/2001,13.054
11/7/2001,20.388
11/8/2001,43.013
11/9/2001,25.825
11/10/2001,8.353
11/11/2001,19.397
11/12/2001,66.091
11/13/2001,4.701
11/14/2001,28.742
11/15/2001,27.326
11/16/2001,17.273
11/17/2001,13.904
11/18/2001,50.545
11/19/2001,56.011
11/20/2001,37.718
11/21/2001,-4.587
11/22/2001,23.645
11/23/2001,42.504
11/24/2001,8.24
11/25/2001,35.877
11/26/2001,100.468
11/27/2001,45.222
11/28/2001,39.36
11/29/2001,21.124
11/30/2001,46.213
12/1/2001,51.508
12/2/2001,54
12/3/2001,34.008
12/4/2001,30.922
12/5/2001,30.384
12/6/2001,44.089
12/7/2001,38.539
12/8/2001,38.567
12/9/2001,26.816
12/10/2001,38.766
12/11/2001,58.814
12/12/2001,75.917
12/13/2001,120.148
12/14/2001,123.008
12/15/2001,59.55
12/16/2001,78.579
12/17/2001,38.822
12/18/2001,80.816
12/19/2001,37.265
12/20/2001,81.552
12/21/2001,70.452
12/22/2001,56.265
12/23/2001,43.834
12/24/2001,59.975
12/25/2001,41.343
12/26/2001,39.021
12/27/2001,58.672
12/28/2001,31.602
12/29/2001,51.48
12/30/2001,43.976
12/31/2001,45.93
1/1/2002,35.424
1/2/2002,13.564
1/3/2002,76.172
1/4/2002,52.414
1/5/2002,49.781
1/6/2002,76.342
1/7/2002,81.949
1/8/2002,49.441
1/9/2002,68.866
1/10/2002,64.081
1/11/2002,90.784
1/12/2002,61.957
1/13/2002,42.079
1/14/2002,86.083
1/15/2002,75.181
1/16/2002,24.098
1/17/2002,47.431
1/18/2002,52.499
1/19/2002,56.577
1/20/2002,123.348
1/21/2002,143.255
1/22/2002,132.155
1/23/2002,129.295
1/24/2002,153.166
1/25/2002,223.929
1/26/2002,207.619
1/27/2002,186.409
1/28/2002,142.235
1/29/2002,130.937
1/30/2002,93.587
1/31/2002,57.908
2/1/2002,91.888
2/2/2002,56.209
2/3/2002,101.374
2/4/2002,96.645
2/5/2002,16.395
2/6/2002,15.206
2/7/2002,98.174
2/8/2002,121.111
2/9/2002,103.894
2/10/2002,150.787
2/11/2002,132.976
2/12/2002,77.248
2/13/2002,91.01
2/14/2002,54.425
2/15/2002,62.439
2/16/2002,51.565
2/17/2002,113.664
2/18/2002,48.478
2/19/2002,27.269
2/20/2002,14.81
2/21/2002,70.905
2/22/2002,50.8
2/23/2002,43.891
2/24/2002,50.545
2/25/2002,50.659
2/26/2002,39.842
2/27/2002,115.533
2/28/2002,11.1
3/1/2002,18.604
3/2/2002,14.442
3/3/2002,103.328
3/4/2002,94.21
3/5/2002,94.55
3/6/2002,104.432
3/7/2002,80.335
3/8/2002,86.961
3/9/2002,74.133
3/10/2002,78.834
3/11/2002,58.219
3/12/2002,8.891
3/13/2002,67.309
3/14/2002,100.779
3/15/2002,52.924
3/16/2002,74.558
3/17/2002,87.329
3/18/2002,205.353
3/19/2002,485.378
3/20/2002,546.911
3/21/2002,347.419
3/22/2002,164.945
3/23/2002,176.81
3/24/2002,69.659
3/25/2002,97.58
3/26/2002,117.345
3/27/2002,146.511
3/28/2002,75.124
3/29/2002,93.757
3/30/2002,97.976
3/31/2002,130.739
4/1/2002,76.993
4/2/2002,98.542
4/3/2002,127.85
4/4/2002,66.771
4/5/2002,83.28
4/6/2002,49.385
4/7/2002,53.264
4/8/2002,62.523
4/9/2002,100.043
4/10/2002,75.662
4/11/2002,47.714
4/12/2002,71.613
4/13/2002,31.885
4/14/2002,79.627
4/15/2002,64.987
4/16/2002,67.904
4/17/2002,57.426
4/18/2002,38.907
4/19/2002,71.443
4/20/2002,77.984
4/21/2002,50.206
4/22/2002,93.87
4/23/2002,63.43
4/24/2002,73.907
4/25/2002,93.729
4/26/2002,17.556
4/27/2002,16.395
4/28/2002,65.383
4/29/2002,76.285
4/30/2002,79.599
5/1/2002,77.616
5/2/2002,76.455
5/3/2002,199.803
5/4/2002,205.665
5/5/2002,218.691
5/6/2002,175.876
5/7/2002,154.893
5/8/2002,82.515
5/9/2002,166.22
5/10/2002,302.622
5/11/2002,148.607
5/12/2002,142.32
5/13/2002,156.733
5/14/2002,152.684
5/15/2002,131.22
5/16/2002,98.854
5/17/2002,77.843
5/18/2002,46.411
5/19/2002,61.164
5/20/2002,110.605
5/21/2002,81.099
5/22/2002,88.433
5/23/2002,65.865
5/24/2002,120.913
5/25/2002,-78.664
5/26/2002,17.075
5/27/2002,64.138
5/28/2002,97.24
5/29/2002,54.255
5/30/2002,-11.978
5/31/2002,59.295
6/1/2002,12.912
6/2/2002,46.864
6/3/2002,48.45
6/4/2002,79.145
6/5/2002,33.357
6/6/2002,42.843
6/7/2002,14.045
6/8/2002,-26.476
6/9/2002,16.792
6/10/2002,126.633
6/11/2002,46.156
6/12/2002,30.016
6/13/2002,-7.532
6/14/2002,5.805
6/15/2002,-19.34
6/16/2002,2.265
6/17/2002,85.262
6/18/2002,29.506
6/19/2002,1.303
6/20/2002,9.514
6/21/2002,30.894
6/22/2002,-75.634
6/23/2002,-11.836
6/24/2002,52.329
6/25/2002,31.885
6/26/2002,1.699
6/27/2002,25.967
6/28/2002,31.658
6/29/2002,-39.87
6/30/2002,45.364
7/1/2002,65.638
7/2/2002,46.978
7/3/2002,3.058
7/4/2002,12.289
7/5/2002,1.557
7/6/2002,-59.239
7/7/2002,-4.644
7/8/2002,81.014
7/9/2002,42.985
7/10/2002,-4.474
7/11/2002,-31.63
7/12/2002,9.826
7/13/2002,-70.99
7/14/2002,8.863
7/15/2002,118.619
7/16/2002,27.467
7/17/2002,27.977
7/18/2002,-37.916
7/19/2002,46.921
7/20/2002,-55.812
7/21/2002,15.149
7/22/2002,74.332
7/23/2002,-5.607
7/24/2002,24.89
7/25/2002,11.157
7/26/2002,73.369
7/27/2002,-35.453
7/28/2002,33.669
7/29/2002,120.573
7/30/2002,27.184
7/31/2002,33.895
8/1/2002,0.623
8/2/2002,42.588
8/3/2002,-54.283
8/4/2002,2.294
8/5/2002,51.14
8/6/2002,1.926
8/7/2002,-22.653
8/8/2002,22.427
8/9/2002,-16.849
8/10/2002,-58.503
8/11/2002,-9.883
8/12/2002,33.64
8/13/2002,-2.973
8/14/2002,-13.167
8/15/2002,8.835
8/16/2002,3.256
8/17/2002,-9.571
8/18/2002,14.102
8/19/2002,52.075
8/20/2002,-7.334
8/21/2002,7.164
8/22/2002,1.954
8/23/2002,3.993
8/24/2002,-32.026
8/25/2002,2.294
8/26/2002,269.689
8/27/2002,42.588
8/28/2002,47.431
8/29/2002,18.293
8/30/2002,12.516
8/31/2002,111.483
9/1/2002,215.604
9/2/2002,144.246
9/3/2002,113.918
9/4/2002,38.058
9/5/2002,24.041
9/6/2002,33.329
9/7/2002,-21.379
9/8/2002,14.158
9/9/2002,38.398
9/10/2002,51.82
9/11/2002,-37.916
9/12/2002,43.381
9/13/2002,-26.306
9/14/2002,-9.345
9/15/2002,31.743
9/16/2002,133.061
9/17/2002,29.846
9/18/2002,30.78
9/19/2002,29.563
9/20/2002,32.423
9/21/2002,-9.146
9/22/2002,19.51
9/23/2002,46.015
9/24/2002,16.509
9/25/2002,17.075
9/26/2002,1.812
9/27/2002,49.866
9/28/2002,-14.781
9/29/2002,25.174
9/30/2002,71.698
10/1/2002,58.786
10/2/2002,-9.288
10/3/2002,24.664
10/4/2002,18.406
10/5/2002,-25.513
10/6/2002,7.787
10/7/2002,49.781
10/8/2002,-15.546
10/9/2002,0.311
10/10/2002,28.94
10/11/2002,1064.938
10/12/2002,740.683
10/13/2002,288.718
10/14/2002,180.831
10/15/2002,103.045
10/16/2002,185.588
10/17/2002,196.207
10/18/2002,136.459
10/19/2002,146.709
10/20/2002,115.278
10/21/2002,172.053
10/22/2002,132.155
10/23/2002,94.72
10/24/2002,92.2
10/25/2002,63.458
10/26/2002,28.26
10/27/2002,45.788
10/28/2002,118.506
10/29/2002,167.012
10/30/2002,289.539
10/31/2002,317.941
11/1/2002,268.84
11/2/2002,163.926
11/3/2002,42.815
11/4/2002,173.639
11/5/2002,88.858
11/6/2002,333.119
11/7/2002,238.569
11/8/2002,176.131
11/9/2002,125.443
11/10/2002,100.185
11/11/2002,136.572
11/12/2002,281.724
11/13/2002,803.376
11/14/2002,696.31
11/15/2002,328.815
11/16/2002,230.867
11/17/2002,456.75
11/18/2002,809.549
11/19/2002,704.918
11/20/2002,437.749
11/21/2002,215.123
11/22/2002,148.154
11/23/2002,152.967
11/24/2002,28.628
11/25/2002,114.966
11/26/2002,33.074
11/27/2002,41.937
11/28/2002,89.566
11/29/2002,77.135
11/30/2002,75.153
12/1/2002,37.803
12/2/2002,144.614
12/3/2002,-11.836
12/4/2002,34.547
12/5/2002,206.599
12/6/2002,79.372
12/7/2002,9.628
12/8/2002,105.565
12/9/2002,149.654
12/10/2002,87.867
12/11/2002,170.212
12/12/2002,344.276
12/13/2002,598.674
12/14/2002,974.098
12/15/2002,1021.868
12/16/2002,771.689
12/17/2002,441.6
12/18/2002,290.077
12/19/2002,99.477
12/20/2002,274.078
12/21/2002,189.977
12/22/2002,329.239
12/23/2002,136.289
12/24/2002,311.06
12/25/2002,769.707
12/26/2002,973.079
12/27/2002,862.756
12/28/2002,385.618
12/29/2002,221.183
12/30/2002,230.612
12/31/2002,163.841
1/1/2003,206.996
1/2/2003,318.847
1/3/2003,382.815
1/4/2003,366.221
1/5/2003,313.694
1/6/2003,355.376
1/7/2003,163.756
1/8/2003,172.478
1/9/2003,172.931
1/10/2003,144.019
1/11/2003,115.957
1/12/2003,214.585
1/13/2003,63.515
1/14/2003,122.074
1/15/2003,137.365
1/16/2003,103.979
1/17/2003,136.034
1/18/2003,29.053
1/19/2003,101.374
1/20/2003,140.876
1/21/2003,57.88
1/22/2003,60.768
1/23/2003,104.97
1/24/2003,78.607
1/25/2003,29.393
1/26/2003,69.489
1/27/2003,129.691
1/28/2003,32.536
1/29/2003,88.745
1/30/2003,221.749
1/31/2003,177.745
2/1/2003,193.659
2/2/2003,156.62
2/3/2003,167.352
2/4/2003,131.532
2/5/2003,150.022
2/6/2003,135.694
2/7/2003,275.353
2/8/2003,255.134
2/9/2003,215.887
2/10/2003,238.173
2/11/2003,191.507
2/12/2003,196.122
2/13/2003,173.157
2/14/2003,161.915
2/15/2003,170.58
2/16/2003,361.549
2/17/2003,480.083
2/18/2003,548.836
2/19/2003,420.589
2/20/2003,405.61
2/21/2003,412.151
2/22/2003,753.199
2/23/2003,1329.332
2/24/2003,1601.711
2/25/2003,1979.344
2/26/2003,1224.928
2/27/2003,853.836
2/28/2003,575.086
3/1/2003,763.109
3/2/2003,919.22
3/3/2003,697.754
3/4/2003,528.59
3/5/2003,451.879
3/6/2003,502.963
3/7/2003,443.441
3/8/2003,265.951
3/9/2003,405.072
3/10/2003,243.298
3/11/2003,164.124
3/12/2003,160.698
3/13/2003,213.254
3/14/2003,164.691
3/15/2003,129.153
3/16/2003,228.545
3/17/2003,343.115
3/18/2003,409.546
3/19/2003,311.456
3/20/2003,1528.031
3/21/2003,2125.657
3/22/2003,2653.624
3/23/2003,2564.624
3/24/2003,1404.57
3/25/2003,429
3/26/2003,371.46
3/27/2003,289.313
3/28/2003,276.429
3/29/2003,211.47
3/30/2003,478.724
3/31/2003,483.708
4/1/2003,509.646
4/2/2003,387.855
4/3/2003,275.607
4/4/2003,264.139
4/5/2003,312.872
4/6/2003,194.282
4/7/2003,865.843
4/8/2003,958.382
4/9/2003,1751.139
4/10/2003,1779.286
4/11/2003,2204.208
4/12/2003,2206.898
4/13/2003,2020.913
4/14/2003,1066.297
4/15/2003,417.022
4/16/2003,375.311
4/17/2003,268.188
4/18/2003,339.122
4/19/2003,295.486
4/20/2003,315.421
4/21/2003,294.948
4/22/2003,282.998
4/23/2003,228.658
4/24/2003,242.08
4/25/2003,241.684
4/26/2003,255.163
4/27/2003,224.014
4/28/2003,240.325
4/29/2003,191.422
4/30/2003,174.885
5/1/2003,177.688
5/2/2003,239.305
5/3/2003,207.222
5/4/2003,220.418
5/5/2003,229.055
5/6/2003,195.443
5/7/2003,334.478
5/8/2003,212.886
5/9/2003,249.386
5/10/2003,543.286
5/11/2003,619.968
5/12/2003,273.88
5/13/2003,147.7
5/14/2003,134.59
5/15/2003,177.631
5/16/2003,211.668
5/17/2003,186.126
5/18/2003,351.978
5/19/2003,799.128
5/20/2003,904.042
5/21/2003,840.103
5/22/2003,910.244
5/23/2003,979.053
5/24/2003,829.116
5/25/2003,674.478
5/26/2003,2020.659
5/27/2003,1496.43
5/28/2003,1275.36
5/29/2003,883.031
5/30/2003,582.646
5/31/2003,470.937
6/1/2003,482.377
6/2/2003,387.232
6/3/2003,259.523
6/4/2003,374.348
6/5/2003,637.185
6/6/2003,684.7
6/7/2003,663.293
6/8/2003,946.772
6/9/2003,1378.688
6/10/2003,1259.361
6/11/2003,841.122
6/12/2003,515.904
6/13/2003,620.223
6/14/2003,620.025
6/15/2003,650.04
6/16/2003,821.81
6/17/2003,1005.076
6/18/2003,1114.578
6/19/2003,1018.584
6/20/2003,847.805
6/21/2003,726.637
6/22/2003,524.37
6/23/2003,362.908
6/24/2003,261.392
6/25/2003,244.289
6/26/2003,190.657
6/27/2003,159.707
6/28/2003,214.217
6/29/2003,168.485
6/30/2003,197.765
7/1/2003,244.742
7/2/2003,447.717
7/3/2003,828.125
7/4/2003,916.218
7/5/2003,811.418
7/6/2003,493.534
7/7/2003,303.386
7/8/2003,359.51
7/9/2003,276.259
7/10/2003,310.38
7/11/2003,244.402
7/12/2003,211.158
7/13/2003,219.852
7/14/2003,270.454
7/15/2003,313.184
7/16/2003,352.289
7/17/2003,239.39
7/18/2003,177.122
7/19/2003,179.953
7/20/2003,153.364
7/21/2003,128.728
7/22/2003,147.814
7/23/2003,198.642
7/24/2003,219.087
7/25/2003,264.677
7/26/2003,192.837
7/27/2003,94.238
7/28/2003,136.402
7/29/2003,116.127
7/30/2003,124.566
7/31/2003,205.806
8/1/2003,246.441
8/2/2003,255.644
8/3/2003,231.716
8/4/2003,395.331
8/5/2003,612.86
8/6/2003,498.036
8/7/2003,467.454
8/8/2003,501.491
8/9/2003,701.209
8/10/2003,1096.2
8/11/2003,857.036
8/12/2003,885.495
8/13/2003,927.149
8/14/2003,541.304
8/15/2003,334.733
8/16/2003,222.966
8/17/2003,222.768
8/18/2003,192.045
8/19/2003,196.377
8/20/2003,269.406
8/21/2003,215.689
8/22/2003,174.516
8/23/2003,104.687
8/24/2003,190.034
8/25/2003,165.115
8/26/2003,189.071
8/27/2003,83.62
8/28/2003,118.676
8/29/2003,109.529
8/30/2003,98.996
8/31/2003,216.992
9/1/2003,141.811
9/2/2003,143.963
9/3/2003,158.461
9/4/2003,335.894
9/5/2003,659.555
9/6/2003,692.204
9/7/2003,353.96
9/8/2003,214.726
9/9/2003,160.273
9/10/2003,159.084
9/11/2003,105.14
9/12/2003,122.244
9/13/2003,148.182
9/14/2003,135.694
9/15/2003,133.315
9/16/2003,77.05
9/17/2003,65.242
9/18/2003,441.091
9/19/2003,792.7
9/20/2003,1021.16
9/21/2003,743.826
9/22/2003,465.953
9/23/2003,772.482
9/24/2003,1583.447
9/25/2003,1284.648
9/26/2003,626.424
9/27/2003,426.649
9/28/2003,237.663
9/29/2003,203.966
9/30/2003,194.65
10/1/2003,162.397
10/2/2003,92.907
10/3/2003,72.151
10/4/2003,47.063
10/5/2003,134.618
10/6/2003,183.323
10/7/2003,118.081
10/8/2003,54.312
10/9/2003,163.558
10/10/2003,76.625
10/11/2003,143.934
10/12/2003,134.618
10/13/2003,217.162
10/14/2003,62.07
10/15/2003,146.738
10/16/2003,172.138
10/17/2003,111.002
10/18/2003,130.484
10/19/2003,47.346
10/20/2003,221.154
10/21/2003,107.774
10/22/2003,85.998
10/23/2003,126.123
10/24/2003,91.35
10/25/2003,55.671
10/26/2003,174.148
10/27/2003,240.863
10/28/2003,140.338
10/29/2003,197.963
10/30/2003,247.687
10/31/2003,160.443
11/1/2003,128.332
11/2/2003,253.294
11/3/2003,200.455
11/4/2003,85.828
11/5/2003,174.46
11/6/2003,68.243
11/7/2003,272.493
11/8/2003,471.871
11/9/2003,478.299
11/10/2003,290.219
11/11/2003,138.724
11/12/2003,288.237
11/13/2003,166.843
11/14/2003,121.706
11/15/2003,38.199
11/16/2003,136.94
11/17/2003,252.161
11/18/2003,89.453
11/19/2003,200.058
11/20/2003,410.707
11/21/2003,366.08
11/22/2003,338.782
11/23/2003,385.392
11/24/2003,370.582
11/25/2003,205.75
11/26/2003,125.302
11/27/2003,205.608
11/28/2003,197.255
11/29/2003,188.392
11/30/2003,291.465
12/1/2003,251.51
12/2/2003,186.523
12/3/2003,181.935
12/4/2003,184.994
12/5/2003,200.143
12/6/2003,265.98
12/7/2003,368.515
12/8/2003,349.684
12/9/2003,181.511
12/10/2003,336.29
12/11/2003,552.008
12/12/2003,927.828
12/13/2003,1027.928
12/14/2003,853.638
12/15/2003,813.315
12/16/2003,724.882
12/17/2003,624.414
12/18/2003,588.055
12/19/2003,425.205
12/20/2003,529.383
12/21/2003,416.965
12/22/2003,204.079
12/23/2003,224.807
12/24/2003,229.508
12/25/2003,232.906
12/26/2003,218.153
12/27/2003,81.807
12/28/2003,197.906
12/29/2003,209.827
12/30/2003,118.562
12/31/2003,163.275
1/1/2004,175.479
1/2/2004,197.453
1/3/2004,-6.513
1/4/2004,190.884
1/5/2004,280.535
1/6/2004,212.603
1/7/2004,216.312
1/8/2004,185.956
1/9/2004,167.466
1/10/2004,169.306
1/11/2004,235.709
1/12/2004,107.037
1/13/2004,176.074
1/14/2004,196.547
1/15/2004,257.258
1/16/2004,160.471
1/17/2004,106.868
1/18/2004,157.64
1/19/2004,242.76
1/20/2004,140.819
1/21/2004,222.683
1/22/2004,136.714
1/23/2004,154.61
1/24/2004,123.49
1/25/2004,165.823
1/26/2004,233.727
1/27/2004,246.696
1/28/2004,170.127
1/29/2004,142.915
1/30/2004,183.521
1/31/2004,202.465
2/1/2004,186.438
2/2/2004,224.156
2/3/2004,243.496
2/4/2004,350.052
2/5/2004,463.999
2/6/2004,502.51
2/7/2004,926.554
2/8/2004,1330.663
2/9/2004,1206.749
2/10/2004,660.971
2/11/2004,502
2/12/2004,367.722
2/13/2004,326.974
2/14/2004,184.682
2/15/2004,337.763
2/16/2004,270.454
2/17/2004,222.4
2/18/2004,211.781
2/19/2004,211.951
2/20/2004,228.29
2/21/2004,212.546
2/22/2004,206.543
2/23/2004,193.942
2/24/2004,209.459
2/25/2004,158.348
2/26/2004,152.486
2/27/2004,160.33
2/28/2004,34.235
2/29/2004,164.379
3/1/2004,226.449
3/2/2004,182.813
3/3/2004,177.433
3/4/2004,185.192
3/5/2004,172.789
3/6/2004,89
3/7/2004,205.099
3/8/2004,267.82
3/9/2004,133.202
3/10/2004,184.257
3/11/2004,170.354
3/12/2004,162.114
3/13/2004,138.752
3/14/2004,127.964
3/15/2004,201.276
3/16/2004,192.186
3/17/2004,277.986
3/18/2004,203.456
3/19/2004,212.036
3/20/2004,229.394
3/21/2004,247.914
3/22/2004,189.071
3/23/2004,215.859
3/24/2004,165.851
3/25/2004,109.105
3/26/2004,124.254
3/27/2004,128.587
3/28/2004,161.972
3/29/2004,148.833
3/30/2004,159.593
3/31/2004,154.44
4/1/2004,239.22
4/2/2004,206.429
4/3/2004,205.806
4/4/2004,212.857
4/5/2004,136.544
4/6/2004,121.621
4/7/2004,129.436
4/8/2004,129.21
4/9/2004,168.542
4/10/2004,135.099
4/11/2004,133.259
4/12/2004,193.234
4/13/2004,355.263
4/14/2004,726.099
4/15/2004,1083.118
4/16/2004,811.163
4/17/2004,686.371
4/18/2004,483.396
4/19/2004,298.233
4/20/2004,187.061
4/21/2004,276.259
4/22/2004,177.858
4/23/2004,198.444
4/24/2004,181.397
4/25/2004,166.644
4/26/2004,140.989
4/27/2004,196.066
4/28/2004,139.517
4/29/2004,215.576
4/30/2004,160.301
5/1/2004,168.372
5/2/2004,199.605
5/3/2004,418.551
5/4/2004,308.172
5/5/2004,248.282
5/6/2004,198.642
5/7/2004,144.161
5/8/2004,134.93
5/9/2004,130.795
5/10/2004,111.427
5/11/2004,137.818
5/12/2004,136.657
5/13/2004,135.694
5/14/2004,92.341
5/15/2004,98.089
5/16/2004,99.647
5/17/2004,138.696
5/18/2004,141.98
5/19/2004,149.286
5/20/2004,136.119
5/21/2004,134.335
5/22/2004,139.942
5/23/2004,174.148
5/24/2004,153.392
5/25/2004,114.513
5/26/2004,130.201
5/27/2004,145.916
5/28/2004,141.952
5/29/2004,88.886
5/30/2004,153.052
5/31/2004,142.518
6/1/2004,92.483
6/2/2004,83.251
6/3/2004,82.062
6/4/2004,247.262
6/5/2004,231.348
6/6/2004,242.024
6/7/2004,266.263
6/8/2004,174.431
6/9/2004,83.761
6/10/2004,164.634
6/11/2004,126.378
6/12/2004,78.239
6/13/2004,102.875
6/14/2004,100.241
6/15/2004,76.654
6/16/2004,131.362
6/17/2004,389.526
6/18/2004,403.486
6/19/2004,208.638
6/20/2004,137.308
6/21/2004,112.984
6/22/2004,123.376
6/23/2004,110.747
6/24/2004,123.943
6/25/2004,141.641
6/26/2004,254.936
6/27/2004,328.701
6/28/2004,282.064
6/29/2004,229.763
6/30/2004,199.718
7/1/2004,187.797
7/2/2004,128.049
7/3/2004,98.996
7/4/2004,120.856
7/5/2004,126.038
7/6/2004,116.325
7/7/2004,80.108
7/8/2004,95.428
7/9/2004,79.599
7/10/2004,13.819
7/11/2004,90.67
7/12/2004,244.77
7/13/2004,199.35
7/14/2004,131.645
7/15/2004,108.397
7/16/2004,89.991
7/17/2004,45.703
7/18/2004,63.713
7/19/2004,125.5
7/20/2004,82.034
7/21/2004,64.845
7/22/2004,94.975
7/23/2004,106.33
7/24/2004,27.581
7/25/2004,99.732
7/26/2004,163.501
7/27/2004,100.468
7/28/2004,162.85
7/29/2004,230.499
7/30/2004,243.864
7/31/2004,239.305
8/1/2004,176.131
8/2/2004,239.419
8/3/2004,343.115
8/4/2004,372.621
8/5/2004,275.098
8/6/2004,169.193
8/7/2004,155.488
8/8/2004,80.646
8/9/2004,153.732
8/10/2004,88.462
8/11/2004,63.543
8/12/2004,104.744
8/13/2004,138.101
8/14/2004,593.52
8/15/2004,400.513
8/16/2004,423.364
8/17/2004,129.804
8/18/2004,103.526
8/19/2004,174.913
8/20/2004,151.07
8/21/2004,114.117
8/22/2004,177.546
8/23/2004,80.363
8/24/2004,95.796
8/25/2004,59.918
8/26/2004,81.411
8/27/2004,77.163
8/28/2004,56.209
8/29/2004,87.131
8/30/2004,655.562
8/31/2004,794.003
9/1/2004,257.258
9/2/2004,152.231
9/3/2004,85.319
9/4/2004,39.077
9/5/2004,72.802
9/6/2004,108.227
9/7/2004,68.527
9/8/2004,136.657
9/9/2004,526.154
9/10/2004,857.999
9/11/2004,666.861
9/12/2004,466.264
9/13/2004,286.453
9/14/2004,139.12
9/15/2004,123.263
9/16/2004,181.935
9/17/2004,288.322
9/18/2004,494.468
9/19/2004,453.918
9/20/2004,336.97
9/21/2004,322.783
9/22/2004,170.156
9/23/2004,80.137
9/24/2004,64.194
9/25/2004,-3.03
9/26/2004,72.633
9/27/2004,79.683
9/28/2004,115.193
9/29/2004,331.788
9/30/2004,1077.737
10/1/2004,1260.267
10/2/2004,966.396
10/3/2004,646.642
10/4/2004,410.141
10/5/2004,249.782
10/6/2004,213.226
10/7/2004,183.153
10/8/2004,134.958
10/9/2004,112.163
10/10/2004,110.549
10/11/2004,114.428
10/12/2004,83.959
10/13/2004,118.987
10/14/2004,147.87
10/15/2004,286.962
10/16/2004,240.58
10/17/2004,153.789
10/18/2004,117.118
10/19/2004,161.689
10/20/2004,211.753
10/21/2004,184.71
10/22/2004,120.998
10/23/2004,141.669
10/24/2004,82.459
10/25/2004,157.498
10/26/2004,114.91
10/27/2004,100.808
10/28/2004,120.913
10/29/2004,80.108
10/30/2004,134.901
10/31/2004,136.6
11/1/2004,102.875
11/2/2004,109.926
11/3/2004,106.811
11/4/2004,165.625
11/5/2004,168.74
11/6/2004,94.437
11/7/2004,177.858
11/8/2004,221.183
11/9/2004,122.47
11/10/2004,129.436
11/11/2004,100.128
11/12/2004,171.288
11/13/2004,552.432
11/14/2004,583.977
11/15/2004,531.874
11/16/2004,358.83
11/17/2004,289.624
11/18/2004,201.701
11/19/2004,184.767
11/20/2004,124.679
11/21/2004,239.249
11/22/2004,165.851
11/23/2004,169.618
11/24/2004,267.509
11/25/2004,548.015
11/26/2004,814.533
11/27/2004,777.409
11/28/2004,648.426
11/29/2004,445.763
11/30/2004,369.874
12/1/2004,461.139
12/2/2004,341.699
12/3/2004,307.492
12/4/2004,135.666
12/5/2004,229.196
12/6/2004,231.49
12/7/2004,252.558
12/8/2004,243.27
12/9/2004,305.567
12/10/2004,833.618
12/11/2004,1123.526
12/12/2004,996.893
12/13/2004,646.756
12/14/2004,461.875
12/15/2004,312.051
12/16/2004,205.438
12/17/2004,255.644
12/18/2004,309.361
12/19/2004,232.821
12/20/2004,164.492
12/21/2004,114.173
12/22/2004,117.656
12/23/2004,158.546
12/24/2004,154.213
12/25/2004,252.416
12/26/2004,290.53
12/27/2004,250.434
12/28/2004,206.656
12/29/2004,178.622
12/30/2004,138.271
12/31/2004,174.573
1/1/2005,136.657
1/2/2005,107.547
1/3/2005,172.506
1/4/2005,30.922
1/5/2005,44.457
1/6/2005,149.937
1/7/2005,252.869
1/8/2005,186.353
1/9/2005,156.224
1/10/2005,121.139
1/11/2005,86.168
1/12/2005,128.162
1/13/2005,143.283
1/14/2005,514.46
1/15/2005,1147.085
1/16/2005,1436.2
1/17/2005,935.219
1/18/2005,517.716
1/19/2005,414.983
1/20/2005,359.737
1/21/2005,256.069
1/22/2005,239.645
1/23/2005,238.909
1/24/2005,135.807
1/25/2005,144.444
1/26/2005,96.277
1/27/2005,176.385
1/28/2005,151.24
1/29/2005,86.055
1/30/2005,237.691
1/31/2005,194.65
2/1/2005,178.707
2/2/2005,146.426
2/3/2005,268.075
2/4/2005,295.967
2/5/2005,307.237
2/6/2005,293.419
2/7/2005,245.393
2/8/2005,236.672
2/9/2005,233.217
2/10/2005,245.677
2/11/2005,175.677
2/12/2005,188.222
2/13/2005,170.552
2/14/2005,152.146
2/15/2005,183.21
2/16/2005,222.882
2/17/2005,163.048
2/18/2005,164.068
2/19/2005,178.056
2/20/2005,174.347
2/21/2005,123.801
2/22/2005,167.069
2/23/2005,169.986
2/24/2005,238.484
2/25/2005,186.041
2/26/2005,134.165
2/27/2005,166.531
2/28/2005,306.614
3/1/2005,337.678
3/2/2005,349.458
3/3/2005,315.109
3/4/2005,283.14
3/5/2005,272.011
3/6/2005,271.7
3/7/2005,235.114
3/8/2005,357.5
3/9/2005,199.039
3/10/2005,246.526
3/11/2005,291.493
3/12/2005,269.349
3/13/2005,220.729
3/14/2005,225.09
3/15/2005,217.615
3/16/2005,188.307
3/17/2005,313.694
3/18/2005,404.421
3/19/2005,487.049
3/20/2005,368.118
3/21/2005,279.09
3/22/2005,237.153
3/23/2005,176.329
3/24/2005,284.329
3/25/2005,414.643
3/26/2005,448
3/27/2005,353.026
3/28/2005,574.718
3/29/2005,1117.976
3/30/2005,1287.14
3/31/2005,946.914
4/1/2005,622.318
4/2/2005,634.41
4/3/2005,617.958
4/4/2005,448.481
4/5/2005,487.049
4/6/2005,187.117
4/7/2005,287.359
4/8/2005,268.585
4/9/2005,203.654
4/10/2005,256.295
4/11/2005,166.984
4/12/2005,217.643
4/13/2005,214.755
4/14/2005,192.866
4/15/2005,159.933
4/16/2005,202.154
4/17/2005,198.614
4/18/2005,218.266
4/19/2005,214.132
4/20/2005,189.836
4/21/2005,119.95
4/22/2005,150.136
4/23/2005,145.888
4/24/2005,191.846
4/25/2005,150.391
4/26/2005,182.558
4/27/2005,191.988
4/28/2005,151.75
4/29/2005,158.263
4/30/2005,100.128
5/1/2005,208.412
5/2/2005,315.817
5/3/2005,153.251
5/4/2005,160.613
5/5/2005,170.75
5/6/2005,139.432
5/7/2005,151.92
5/8/2005,125.245
5/9/2005,262.95
5/10/2005,189.439
5/11/2005,86.168
5/12/2005,118.902
5/13/2005,167.692
5/14/2005,104.178
5/15/2005,182.417
5/16/2005,248.565
5/17/2005,99.703
5/18/2005,149.003
5/19/2005,204.815
5/20/2005,196.292
5/21/2005,107.321
5/22/2005,159.933
5/23/2005,247.347
5/24/2005,199.209
5/25/2005,155.601
5/26/2005,132.155
5/27/2005,135.326
5/28/2005,75.549
5/29/2005,95.767
5/30/2005,107.179
5/31/2005,249.329
6/1/2005,84.894
6/2/2005,110.209
6/3/2005,149.371
6/4/2005,59.692
6/5/2005,199.35
6/6/2005,239.107
6/7/2005,88.745
6/8/2005,105.48
6/9/2005,170.75
6/10/2005,219.115
6/11/2005,119.78
6/12/2005,102.988
6/13/2005,304.151
6/14/2005,123.291
6/15/2005,127.312
6/16/2005,102.025
6/17/2005,-10.59
6/18/2005,21.832
6/19/2005,9.316
6/20/2005,191.195
6/21/2005,101.346
6/22/2005,62.552
6/23/2005,82.345
6/24/2005,81.609
6/25/2005,-23.22
6/26/2005,53.321
6/27/2005,91.746
6/28/2005,79.202
6/29/2005,43.665
6/30/2005,125.415
7/1/2005,105.905
7/2/2005,41.456
7/3/2005,37.237
7/4/2005,135.383
7/5/2005,122.3
7/6/2005,78.154
7/7/2005,133.627
7/8/2005,345.04
7/9/2005,629.822
7/10/2005,565.94
7/11/2005,309.135
7/12/2005,132.041
7/13/2005,68.895
7/14/2005,156.677
7/15/2005,168.91
7/16/2005,-34.263
7/17/2005,132.523
7/18/2005,110.747
7/19/2005,42.107
7/20/2005,103.668
7/21/2005,141.386
7/22/2005,51.791
7/23/2005,37.803
7/24/2005,107.207
7/25/2005,208.723
7/26/2005,119.27
7/27/2005,91.378
7/28/2005,-54.963
7/29/2005,79.117
7/30/2005,121.337
7/31/2005,163.416
8/1/2005,209.488
8/2/2005,351.355
8/3/2005,198.982
8/4/2005,131.701
8/5/2005,75.776
8/6/2005,36.868
8/7/2005,45.448
8/8/2005,144.048
8/9/2005,116.467
8/10/2005,159.99
8/11/2005,197.057
8/12/2005,154.978
8/13/2005,37.633
8/14/2005,113.89
8/15/2005,90.557
8/16/2005,39.304
8/17/2005,30.837
8/18/2005,79.315
8/19/2005,74.671
8/20/2005,87.102
8/21/2005,113.635
8/22/2005,23.503
8/23/2005,-11.468
8/24/2005,82.997
8/25/2005,74.162
8/26/2005,62.835
8/27/2005,-4.701
8/28/2005,76.059
8/29/2005,131.05
8/30/2005,43.438
8/31/2005,110.577
9/1/2005,42.56
9/2/2005,26.278
9/3/2005,81.581
9/4/2005,35.368
9/5/2005,55.473
9/6/2005,11.836
9/7/2005,42.277
9/8/2005,67.79
9/9/2005,28.826
9/10/2005,-11.497
9/11/2005,22.653
9/12/2005,101.827
9/13/2005,67.904
9/14/2005,32.196
9/15/2005,39.728
9/16/2005,2.124
9/17/2005,110.945
9/18/2005,-11.836
9/19/2005,89.962
9/20/2005,54.651
9/21/2005,21.521
9/22/2005,44.061
9/23/2005,57.993
9/24/2005,58.899
9/25/2005,52.952
9/26/2005,125.387
9/27/2005,-37.718
9/28/2005,26.278
9/29/2005,75.011
9/30/2005,-9.543
10/1/2005,75.493
10/2/2005,-4.446
10/3/2005,93.077
10/4/2005,77.475
10/5/2005,19.68
10/6/2005,34.377
10/7/2005,92.171
10/8/2005,256.748
10/9/2005,354.158
10/10/2005,669.154
10/11/2005,359.963
10/12/2005,202.493
10/13/2005,195.867
10/14/2005,219.314
10/15/2005,179.047
10/16/2005,160.839
10/17/2005,50.121
10/18/2005,62.354
10/19/2005,78.211
10/20/2005,54.028
10/21/2005,78.834
10/22/2005,126.293
10/23/2005,30.554
10/24/2005,116.835
10/25/2005,65.61
10/26/2005,49.526
10/27/2005,69.178
10/28/2005,47.317
10/29/2005,86.168
10/30/2005,161.576
10/31/2005,86.763
11/1/2005,77.333
11/2/2005,38.936
11/3/2005,73.85
11/4/2005,7.872
11/5/2005,63.826
11/6/2005,37.831
11/7/2005,126.435
11/8/2005,-27.297
11/9/2005,94.465
11/10/2005,139.46
11/11/2005,66.148
11/12/2005,-7.362
11/13/2005,58.021
11/14/2005,55.02
11/15/2005,117.911
11/16/2005,54.708
11/17/2005,97.495
11/18/2005,29.733
11/19/2005,34.603
11/20/2005,16.82
11/21/2005,125.812
11/22/2005,185.787
11/23/2005,200.115
11/24/2005,60.909
11/25/2005,137.62
11/26/2005,60.853
11/27/2005,68.413
11/28/2005,132.693
11/29/2005,150.759
11/30/2005,224.496
12/1/2005,493.335
12/2/2005,520.123
12/3/2005,371.148
12/4/2005,249.754
12/5/2005,383.551
12/6/2005,455.136
12/7/2005,490.758
12/8/2005,515.989
12/9/2005,348.523
12/10/2005,273.739
12/11/2005,219.71
12/12/2005,302.622
12/13/2005,103.526
12/14/2005,62.014
12/15/2005,236.502
12/16/2005,394.906
12/17/2005,635.854
12/18/2005,424.157
12/19/2005,497.696
12/20/2005,300.639
12/21/2005,217.445
12/22/2005,305.708
12/23/2005,32.168
12/24/2005,241.825
12/25/2005,183.861
12/26/2005,16.226
12/27/2005,105.933
12/28/2005,146.879
12/29/2005,145.18
12/30/2005,156.762
12/31/2005,77.588
1/1/2006,130.824
1/2/2006,203.428
1/3/2006,221.098
1/4/2006,255.842
1/5/2006,353.62
1/6/2006,327.116
1/7/2006,237.918
1/8/2006,187.117
1/9/2006,265.215
1/10/2006,102.309
1/11/2006,140.65
1/12/2006,116.58
1/13/2006,158.433
1/14/2006,152.797
1/15/2006,309.333
1/16/2006,550.988
1/17/2006,407.535
1/18/2006,345.465
1/19/2006,356.254
1/20/2006,297.525
1/21/2006,290.898
1/22/2006,200.823
1/23/2006,287.076
1/24/2006,216.284
1/25/2006,201.842
1/26/2006,301.546
1/27/2006,220.928
1/28/2006,295.457
1/29/2006,61.504
1/30/2006,149.314
1/31/2006,84.412
2/1/2006,130.031
2/2/2006,191.365
2/3/2006,20.586
2/4/2006,37.208
2/5/2006,194.735
2/6/2006,309.135
2/7/2006,224.043
2/8/2006,235.029
2/9/2006,207.477
2/10/2006,108.453
2/11/2006,106.33
2/12/2006,302.65
2/13/2006,332.807
2/14/2006,237.776
2/15/2006,-25.513
2/16/2006,81.836
2/17/2006,123.773
2/18/2006,164.662
2/19/2006,171.685
2/20/2006,388.563
2/21/2006,101.969
2/22/2006,-12.799
2/23/2006,111.143
2/24/2006,157.385
2/25/2006,31.007
2/26/2006,92.539
2/27/2006,404.534
2/28/2006,27.241
3/1/2006,69.744
3/2/2006,66.431
3/3/2006,158.517
3/4/2006,10.675
3/5/2006,51.593
3/6/2006,209.629
3/7/2006,89.934
3/8/2006,92.03
3/9/2006,80.59
3/10/2006,91.378
3/11/2006,71.557
3/12/2006,85.149
3/13/2006,105.593
3/14/2006,112.446
3/15/2006,178.622
3/16/2006,119.384
3/17/2006,171.996
3/18/2006,-10.109
3/19/2006,24.126
3/20/2006,114.711
3/21/2006,153.081
3/22/2006,115.872
3/23/2006,70.962
3/24/2006,65.553
3/25/2006,59.833
3/26/2006,245.535
3/27/2006,-3.285
3/28/2006,93.757
3/29/2006,94.352
3/30/2006,67.479
3/31/2006,58.559
4/1/2006,86.423
4/2/2006,82.713
4/3/2006,146.766
4/4/2006,159.197
4/5/2006,185.928
4/6/2006,118.336
4/7/2006,-4.842
4/8/2006,44.259
4/9/2006,136.26
4/10/2006,186.891
4/11/2006,106.953
4/12/2006,31.686
4/13/2006,16.226
4/14/2006,58.219
4/15/2006,79.23
4/16/2006,80.816
4/17/2006,193.715
4/18/2006,163.133
4/19/2006,140.451
4/20/2006,136.742
4/21/2006,112.276
4/22/2006,52.613
4/23/2006,185.164
4/24/2006,266.574
4/25/2006,115.023
4/26/2006,278.326
4/27/2006,92.511
4/28/2006,196.32
4/29/2006,-5.012
4/30/2006,105.423
5/1/2006,159.197
5/2/2006,55.812
5/3/2006,91.548
5/4/2006,312.136
5/5/2006,106.103
5/6/2006,-91.548
5/7/2006,30.526
5/8/2006,144.019
5/9/2006,97.495
5/10/2006,198.642
5/11/2006,158.489
5/12/2006,13.762
5/13/2006,-33.867
5/14/2006,45.618
5/15/2006,221.381
5/16/2006,72.293
5/17/2006,90.67
5/18/2006,351.978
5/19/2006,62.835
5/20/2006,-48.139
5/21/2006,23.984
5/22/2006,191.96
5/23/2006,50.432
5/24/2006,138.186
5/25/2006,234.01
5/26/2006,72.406
5/27/2006,-90.161
5/28/2006,-4.701
5/29/2006,32.338
5/30/2006,261.902
5/31/2006,94.323
6/1/2006,-1.841
6/2/2006,-95.682
6/3/2006,-4.559
6/4/2006,44.514
6/5/2006,44.514
6/6/2006,176.102
6/7/2006,71.557
6/8/2006,106.726
6/9/2006,-41.654
6/10/2006,-18.321
6/11/2006,8.976
6/12/2006,56.775
6/13/2006,180.633
6/14/2006,151.268
6/15/2006,77.163
6/16/2006,119.638
6/17/2006,37.265
6/18/2006,51.31
6/19/2006,182.417
6/20/2006,71.868
6/21/2006,67.167
6/22/2006,77.192
6/23/2006,-18.094
6/24/2006,-38.369
6/25/2006,29.903
6/26/2006,98.146
6/27/2006,158.744
6/28/2006,387.147
6/29/2006,743.203
6/30/2006,595.361
7/1/2006,390.715
7/2/2006,276.032
7/3/2006,211.017
7/4/2006,42.39
7/5/2006,157.498
7/6/2006,489.739
7/7/2006,550.365
7/8/2006,396.209
7/9/2006,241.033
7/10/2006,308.993
7/11/2006,277.391
7/12/2006,204.73
7/13/2006,100.44
7/14/2006,-61.193
7/15/2006,-3.738
7/16/2006,0.396
7/17/2006,116.41
7/18/2006,88.263
7/19/2006,83.506
7/20/2006,2.407
7/21/2006,40.351
7/22/2006,-14.527
7/23/2006,140.536
7/24/2006,14.64
7/25/2006,215.434
7/26/2006,162
7/27/2006,100.213
7/28/2006,35.028
7/29/2006,22.625
7/30/2006,81.892
7/31/2006,175.762
8/1/2006,127.765
8/2/2006,58.672
8/3/2006,38.567
8/4/2006,-24.013
8/5/2006,47.261
8/6/2006,41.088
8/7/2006,95.682
8/8/2006,40.748
8/9/2006,42.588
8/10/2006,34.575
8/11/2006,-30.61
8/12/2006,22.653
8/13/2006,42.617
8/14/2006,153.675
8/15/2006,63.062
8/16/2006,51.027
8/17/2006,42.277
8/18/2006,-33.442
8/19/2006,54.227
8/20/2006,50.489
8/21/2006,32.536
8/22/2006,30.724
8/23/2006,27.722
8/24/2006,33.584
8/25/2006,6.938
8/26/2006,65.157
8/27/2006,53.037
8/28/2006,68.923
8/29/2006,28.855
8/30/2006,-21.889
8/31/2006,216.907
9/1/2006,364.296
9/2/2006,229.225
9/3/2006,275.409
9/4/2006,153.59
9/5/2006,168.74
9/6/2006,176.3
9/7/2006,408.442
9/8/2006,297.468
9/9/2006,53.774
9/10/2006,56.634
9/11/2006,163.303
9/12/2006,62.41
9/13/2006,30.242
9/14/2006,238.456
9/15/2006,437.07
9/16/2006,411.302
9/17/2006,370.752
9/18/2006,393.604
9/19/2006,52.952
9/20/2006,37.775
9/21/2006,83.11
9/22/2006,116.665
9/23/2006,92.568
9/24/2006,141.188
9/25/2006,-8.438
9/26/2006,23.729
9/27/2006,73.879
9/28/2006,240.523
9/29/2006,38.454
9/30/2006,35.169
10/1/2006,81.213
10/2/2006,106.811
10/3/2006,130.937
10/4/2006,206.345
10/5/2006,-122.47
10/6/2006,72.802
10/7/2006,345.975
10/8/2006,517.376
10/9/2006,688.863
10/10/2006,259.155
10/11/2006,314.316
10/12/2006,283.451
10/13/2006,46.071
10/14/2006,230.442
10/15/2006,81.411
10/16/2006,39.559
10/17/2006,-8.637
10/18/2006,163.869
10/19/2006,76.002
10/20/2006,-101.431
10/21/2006,22.172
10/22/2006,143.51
10/23/2006,257.371
10/24/2006,163.756
10/25/2006,18.519
10/26/2006,33.81
10/27/2006,45.533
10/28/2006,9.628
10/29/2006,207.336
10/30/2006,403.26
10/31/2006,255.474
11/1/2006,318.791
11/2/2006,418.069
11/3/2006,290.729
11/4/2006,23.022
11/5/2006,52.358
11/6/2006,192.752
11/7/2006,-38.539
11/8/2006,92.2
11/9/2006,374.093
11/10/2006,423.987
11/11/2006,313.665
11/12/2006,529.326
11/13/2006,666.323
11/14/2006,405.1
11/15/2006,239.957
11/16/2006,376.33
11/17/2006,766.479
11/18/2006,989.757
11/19/2006,966.82
11/20/2006,711.176
11/21/2006,394.028
11/22/2006,402.41
11/23/2006,884.589
11/24/2006,1300.591
11/25/2006,993.637
11/26/2006,612.86
11/27/2006,469.946
11/28/2006,331.278
11/29/2006,147.757
11/30/2006,227.752
12/1/2006,214.443
12/2/2006,246.894
12/3/2006,245.11
12/4/2006,112.616
12/5/2006,-286.255
12/6/2006,9.996
12/7/2006,158.602
12/8/2006,1.614
12/9/2006,181.143
12/10/2006,90.614
12/11/2006,122.47
12/12/2006,83.478
12/13/2006,111.653
12/14/2006,123.178
12/15/2006,103.413
12/16/2006,98.203
12/17/2006,120.715
12/18/2006,140.933
12/19/2006,94.521
12/20/2006,74.728
12/21/2006,126.208
12/22/2006,100.128
12/23/2006,228.347
12/24/2006,209.091
12/25/2006,410.99
12/26/2006,467.227
12/27/2006,410.31
12/28/2006,362.002
12/29/2006,235.114
12/30/2006,235.596
12/31/2006,203.315
1/1/2007,536.632
1/2/2007,1466.527
1/3/2007,2009.728
1/4/2007,1450.103
1/5/2007,502.538
1/6/2007,465.613
1/7/2007,476.317
1/8/2007,717.406
1/9/2007,945.073
1/10/2007,753.567
1/11/2007,500.726
1/12/2007,377.236
1/13/2007,294.75
1/14/2007,223.901
1/15/2007,210.479
1/16/2007,93.276
1/17/2007,292.994
1/18/2007,196.349
1/19/2007,203.626
1/20/2007,44.91
1/21/2007,305
1/22/2007,170.495
1/23/2007,174.46
1/24/2007,166.22
1/25/2007,198.529
1/26/2007,147.927
1/27/2007,155.997
1/28/2007,184.994
1/29/2007,77.645
1/30/2007,176.046
1/31/2007,107.151
2/1/2007,96.334
2/2/2007,194.678
2/3/2007,150.164
2/4/2007,134.363
2/5/2007,117.062
2/6/2007,110.747
2/7/2007,86.055
2/8/2007,150.306
2/9/2007,117.628
2/10/2007,145.124
2/11/2007,96.249
2/12/2007,102.733
2/13/2007,174.488
2/14/2007,346.654
2/15/2007,863.549
2/16/2007,668.928
2/17/2007,372.196
2/18/2007,271.02
2/19/2007,234.293
2/20/2007,205.722
2/21/2007,208.327
2/22/2007,243.213
2/23/2007,130.909
2/24/2007,149.937
2/25/2007,221.041
2/26/2007,193.262
2/27/2007,227.242
2/28/2007,222.4
3/1/2007,224.326
3/2/2007,335.894
3/3/2007,698.151
3/4/2007,775.824
3/5/2007,407.564
3/6/2007,269.293
3/7/2007,205.24
3/8/2007,256.182
3/9/2007,211.725
3/10/2007,201.842
3/11/2007,171.543
3/12/2007,168.768
3/13/2007,134.873
3/14/2007,154.185
3/15/2007,148.21
3/16/2007,458.874
3/17/2007,1010.627
3/18/2007,1234.046
3/19/2007,804.424
3/20/2007,395.982
3/21/2007,317.46
3/22/2007,272.464
3/23/2007,234.35
3/24/2007,223.448
3/25/2007,191.931
3/26/2007,192.837
3/27/2007,159.282
3/28/2007,215.179
3/29/2007,408.017
3/30/2007,349.939
3/31/2007,271.671
4/1/2007,273.654
4/2/2007,209.743
4/3/2007,153.76
4/4/2007,203.003
4/5/2007,159.197
4/6/2007,205.835
4/7/2007,76.257
4/8/2007,122.697
4/9/2007,126.519
4/10/2007,132.126
4/11/2007,176.187
4/12/2007,295.373
4/13/2007,357.67
4/14/2007,360.501
4/15/2007,838.347
4/16/2007,860.321
4/17/2007,889.459
4/18/2007,580.636
4/19/2007,357.103
4/20/2007,240.353
4/21/2007,250.632
4/22/2007,185.135
4/23/2007,141.782
4/24/2007,168.457
4/25/2007,142.009
4/26/2007,129.04
4/27/2007,204.362
4/28/2007,152.628
4/29/2007,177.518
4/30/2007,146.936
5/1/2007,126.066
5/2/2007,146.058
5/3/2007,133.967
5/4/2007,130.087
5/5/2007,152.203
5/6/2007,130.512
5/7/2007,124.934
5/8/2007,162.907
5/9/2007,149.739
5/10/2007,112.191
5/11/2007,112.135
5/12/2007,149.654
5/13/2007,125.245
5/14/2007,108.17
5/15/2007,112.927
5/16/2007,144.529
5/17/2007,132.777
5/18/2007,97.891
5/19/2007,121.649
5/20/2007,107.236
5/21/2007,85.092
5/22/2007,101.544
5/23/2007,101.742
5/24/2007,97.325
5/25/2007,67.564
5/26/2007,68.612
5/27/2007,83.733
5/28/2007,69.178
5/29/2007,71.273
5/30/2007,70.481
5/31/2007,52.556
6/1/2007,68.102
6/2/2007,75.832
6/3/2007,224.297
6/4/2007,138.809
6/5/2007,253.775
6/6/2007,129.776
6/7/2007,114.938
6/8/2007,109.161
6/9/2007,36.047
6/10/2007,72.095
6/11/2007,100.921
6/12/2007,51.084
6/13/2007,88.292
6/14/2007,82.997
6/15/2007,76.172
6/16/2007,93.729
6/17/2007,79.315
6/18/2007,77.163
6/19/2007,51.735
6/20/2007,64.506
6/21/2007,69.291
6/22/2007,63.316
6/23/2007,70.084
6/24/2007,56.067
6/25/2007,60.57
6/26/2007,65.044
6/27/2007,56.039
6/28/2007,83.733
6/29/2007,80.221
6/30/2007,51.168
7/1/2007,63.09
7/2/2007,56.067
7/3/2007,66.035
7/4/2007,47.629
7/5/2007,42.957
7/6/2007,51.197
7/7/2007,70.084
7/8/2007,59.579
7/9/2007,45.703
7/10/2007,43.013
7/11/2007,79.344
7/12/2007,55.784
7/13/2007,68.243
7/14/2007,61.419
7/15/2007,47.77
7/16/2007,59.89
7/17/2007,93.247
7/18/2007,63.684
7/19/2007,72.463
7/20/2007,54.595
7/21/2007,47.77
7/22/2007,54.595
7/23/2007,40.946
7/24/2007,40.493
7/25/2007,45.42
7/26/2007,38.256
7/27/2007,83.563
7/28/2007,52.471
7/29/2007,61.419
7/30/2007,119.157
7/31/2007,74.332
8/1/2007,85.687
8/2/2007,52.783
8/3/2007,59.89
8/4/2007,38.737
8/5/2007,46.581
8/6/2007,46.355
8/7/2007,36.953
8/8/2007,25.797
8/9/2007,23.475
8/10/2007,37.152
8/11/2007,19.963
8/12/2007,39.927
8/13/2007,9.005
8/14/2007,34.235
8/15/2007,22.597
8/16/2007,18.179
8/17/2007,32.253
8/18/2007,25.825
8/19/2007,32.253
8/20/2007,26.646
8/21/2007,44.287
8/22/2007,27.949
8/23/2007,3.171
8/24/2007,5.833
8/25/2007,21.096
8/26/2007,61.108
8/27/2007,28.798
8/28/2007,28.6
8/29/2007,18.689
8/30/2007,27.297
8/31/2007,33.81
9/1/2007,30.667
9/2/2007,32.649
9/3/2007,94.04
9/4/2007,45.109
9/5/2007,19.029
9/6/2007,1.784
9/7/2007,36.812
9/8/2007,41.512
9/9/2007,34.716
9/10/2007,17.387
9/11/2007,19.482
9/12/2007,21.974
9/13/2007,21.577
9/14/2007,106.556
9/15/2007,0
9/16/2007,134.108
9/17/2007,121.111
9/18/2007,73.086
9/19/2007,30.469
9/20/2007,28.572
9/21/2007,48.903
9/22/2007,48.365
9/23/2007,35
9/24/2007,31.715
9/25/2007,47.147
9/26/2007,6.768
9/27/2007,27.496
9/28/2007,24.607
9/29/2007,17.783
9/30/2007,17.783
10/1/2007,28.996
10/2/2007,35.085
10/3/2007,27.779
10/4/2007,-11.582
10/5/2007,59.239
10/6/2007,29.619
10/7/2007,35.538
10/8/2007,41.484
10/9/2007,25.485
10/10/2007,14.781
10/11/2007,19.199
10/12/2007,11.836
10/13/2007,17.783
10/14/2007,23.701
10/15/2007,36.444
10/16/2007,19.397
10/17/2007,4.163
10/18/2007,26.335
10/19/2007,42.617
10/20/2007,17.188
10/21/2007,28.628
10/22/2007,31.064
10/23/2007,25.4
10/24/2007,136.6
10/25/2007,122.923
10/26/2007,269.349
10/27/2007,500.075
10/28/2007,637.326
10/29/2007,317.318
10/30/2007,143.849
10/31/2007,99.165
11/1/2007,66.998
11/2/2007,75.379
11/3/2007,62.807
11/4/2007,42.22
11/5/2007,40.663
11/6/2007,56.86
11/7/2007,29.931
11/8/2007,41.597
11/9/2007,52.443
11/10/2007,43.976
11/11/2007,43.976
11/12/2007,69.404
11/13/2007,41.456
11/14/2007,53.859
11/15/2007,82.289
11/16/2007,36.387
11/17/2007,25.117
11/18/2007,56.549
11/19/2007,34.603
11/20/2007,71.84
11/21/2007,51.225
11/22/2007,56.549
11/23/2007,40.889
11/24/2007,43.976
11/25/2007,37.69
11/26/2007,72.689
11/27/2007,40.408
11/28/2007,22.03
11/29/2007,78.919
11/30/2007,35.509
12/1/2007,49.13
12/2/2007,50.262
12/3/2007,75.493
12/4/2007,37.152
12/5/2007,46.27
12/6/2007,-16.933
12/7/2007,71.103
12/8/2007,48.762
12/9/2007,67.054
12/10/2007,54.878
12/11/2007,32.989
12/12/2007,46.1
12/13/2007,46.326
12/14/2007,65.723
12/15/2007,54.878
12/16/2007,140.196
12/17/2007,32.876
12/18/2007,83.336
12/19/2007,82.543
12/20/2007,61.419
12/21/2007,68.866
12/22/2007,65.355
12/23/2007,85.347
12/24/2007,42.673
12/25/2007,54.878
12/26/2007,140.055
12/27/2007,141.641
12/28/2007,85.432
12/29/2007,67.054
12/30/2007,274.333
12/31/2007,317.403
1/1/2008,345.493
1/2/2008,191.223
1/3/2008,112.135
1/4/2008,131.758
1/5/2008,71.755
1/6/2008,75.379
1/7/2008,77.446
1/8/2008,91.039
1/9/2008,75.379
1/10/2008,70.934
1/11/2008,112.163
1/12/2008,57.228
1/13/2008,70.99
1/14/2008,106.584
1/15/2008,55.558
1/16/2008,65.723
1/17/2008,100.241
1/18/2008,74.586
1/19/2008,106.953
1/20/2008,107.519
1/21/2008,50.489
1/22/2008,102.139
1/23/2008,74.926
1/24/2008,78.239
1/25/2008,61.844
1/26/2008,71.047
1/27/2008,64.534
1/28/2008,84.327
1/29/2008,35.594
1/30/2008,113.041
1/31/2008,-0.991
2/1/2008,159.282
2/2/2008,169.618
2/3/2008,250.972
2/4/2008,200.653
2/5/2008,141.782
2/6/2008,154.865
2/7/2008,89.226
2/8/2008,143.878
2/9/2008,116.156
2/10/2008,84.214
2/11/2008,25.938
2/12/2008,145.463
2/13/2008,143.51
2/14/2008,109.529
2/15/2008,139.715
2/16/2008,139.715
2/17/2008,106.443
2/18/2008,113.097
2/19/2008,127.567
2/20/2008,57.313
2/21/2008,75.776
2/22/2008,95.513
2/23/2008,79.825
2/24/2008,86.48
2/25/2008,99.732
2/26/2008,106.443
2/27/2008,80.505
2/28/2008,23.56
2/29/2008,117.571
3/1/2008,78.381
3/2/2008,71.387
3/3/2008,69.546
3/4/2008,172.959
3/5/2008,433.077
3/6/2008,306.756
3/7/2008,360.048
3/8/2008,329.466
3/9/2008,235.511
3/10/2008,246.923
3/11/2008,207.392
3/12/2008,168.542
3/13/2008,142.292
3/14/2008,122.555
3/15/2008,136.968
3/16/2008,175.224
3/17/2008,175.791
3/18/2008,122.867
3/19/2008,143.594
3/20/2008,133.854
3/21/2008,81.099
3/22/2008,103.13
3/23/2008,117.855
3/24/2008,114.598
3/25/2008,82.487
3/26/2008,86.026
3/27/2008,85.857
3/28/2008,110.152
3/29/2008,70.226
3/30/2008,133.061
3/31/2008,126.18
4/1/2008,309.389
4/2/2008,253.945
4/3/2008,302.905
4/4/2008,316.582
4/5/2008,600.996
4/6/2008,597.739
4/7/2008,734.963
4/8/2008,667.512
4/9/2008,444.177
4/10/2008,271.473
4/11/2008,213.169
4/12/2008,200.823
4/13/2008,179.047
4/14/2008,177.15
4/15/2008,163.983
4/16/2008,111.738
4/17/2008,121.932
4/18/2008,126.803
4/19/2008,86.989
4/20/2008,195.782
4/21/2008,149.768
4/22/2008,214.896
4/23/2008,221.721
4/24/2008,157.102
4/25/2008,171.487
4/26/2008,161.377
4/27/2008,133.485
4/28/2008,377.18
4/29/2008,528.901
4/30/2008,589.046
5/1/2008,415.436
5/2/2008,252.642
5/3/2008,202.918
5/4/2008,162.425
5/5/2008,164.775
5/6/2008,140.678
5/7/2008,92.539
5/8/2008,86.706
5/9/2008,666.238
5/10/2008,1069.441
5/11/2008,1022.831
5/12/2008,501.321
5/13/2008,374.546
5/14/2008,296.137
5/15/2008,182.332
5/16/2008,182.275
5/17/2008,161.859
5/18/2008,167.551
5/19/2008,94.012
5/20/2008,120.431
5/21/2008,128.332
5/22/2008,97.806
5/23/2008,87.81
5/24/2008,115.617
5/25/2008,74.133
5/26/2008,93.134
5/27/2008,147.077
5/28/2008,115.986
5/29/2008,74.02
5/30/2008,88.745
5/31/2008,81.014
6/1/2008,65.922
6/2/2008,91.945
6/3/2008,22.087
6/4/2008,77.843
6/5/2008,55.274
6/6/2008,0
6/7/2008,45.817
6/8/2008,-51.565
6/9/2008,-111.993
6/10/2008,17.528
6/11/2008,39.275
6/12/2008,29.449
6/13/2008,43.07
6/14/2008,49.951
6/15/2008,37.86
6/16/2008,68.102
6/17/2008,2.294
6/18/2008,45.618
6/19/2008,40.21
6/20/2008,42.39
6/21/2008,19.454
6/22/2008,46.864
6/23/2008,53.122
6/24/2008,28.94
6/25/2008,48.054
6/26/2008,28.034
6/27/2008,51.395
6/28/2008,43.749
6/29/2008,80.363
6/30/2008,45.024
7/1/2008,54.538
7/2/2008,50.092
7/3/2008,44.429
7/4/2008,16.31
7/5/2008,207.222
7/6/2008,47.487
7/7/2008,62.41
7/8/2008,105.169
7/9/2008,105.112
7/10/2008,30.78
7/11/2008,67.366
7/12/2008,52.641
7/13/2008,53.972
7/14/2008,74.841
7/15/2008,30.384
7/16/2008,54.255
7/17/2008,12.374
7/18/2008,54.991
7/19/2008,39.615
7/20/2008,39.615
7/21/2008,27.496
7/22/2008,24.834
7/23/2008,26.391
7/24/2008,75.946
7/25/2008,28.657
7/26/2008,45.505
7/27/2008,44.882
7/28/2008,69.858
7/29/2008,32.225
7/30/2008,29.251
7/31/2008,35.396
8/1/2008,36.019
8/2/2008,35.736
8/3/2008,24.975
8/4/2008,32.791
8/5/2008,28.288
8/6/2008,16.027
8/7/2008,18.406
8/8/2008,18.378
8/9/2008,22.03
8/10/2008,33.47
8/11/2008,22.03
8/12/2008,16.905
8/13/2008,23.191
8/14/2008,7.872
8/15/2008,29.789
8/16/2008,32.876
8/17/2008,33.584
8/18/2008,25.882
8/19/2008,29.987
8/20/2008,-2.464
8/21/2008,9.883
8/22/2008,9.543
8/23/2008,20.53
8/24/2008,26.618
8/25/2008,25.174
8/26/2008,21.917
8/27/2008,145.973
8/28/2008,396.832
8/29/2008,403.684
8/30/2008,203.23
8/31/2008,108.906
9/1/2008,64.902
9/2/2008,50.63
9/3/2008,30.95
9/4/2008,25.202
9/5/2008,40.635
9/6/2008,779.363
9/7/2008,1056.358
9/8/2008,548.327
9/9/2008,215.859
9/10/2008,138.667
9/11/2008,92.2
9/12/2008,93.276
9/13/2008,58.248
9/14/2008,38.511
9/15/2008,18.236
9/16/2008,102.422
9/17/2008,56.747
9/18/2008,36.274
9/19/2008,43.126
9/20/2008,43.098
9/21/2008,29.421
9/22/2008,-7.702
9/23/2008,33.669
9/24/2008,20.813
9/25/2008,34.518
9/26/2008,88.773
9/27/2008,111.313
9/28/2008,118.109
9/29/2008,68.385
9/30/2008,117.486
10/1/2008,58.021
10/2/2008,40.918
10/3/2008,59.097
10/4/2008,56.747
10/5/2008,32.961
10/6/2008,9.486
10/7/2008,36.246
10/8/2008,33.414
10/9/2008,69.942
10/10/2008,8.07
10/11/2008,61.929
10/12/2008,14.838
10/13/2008,52.245
10/14/2008,59.89
10/15/2008,24.834
10/16/2008,37.661
10/17/2008,75.379
10/18/2008,35.594
10/19/2008,49.016
10/20/2008,19.907
10/21/2008,61.702
10/22/2008,30.554
10/23/2008,30.384
10/24/2008,28.09
10/25/2008,42.334
10/26/2008,55.643
10/27/2008,25.457
10/28/2008,59.72
10/29/2008,79.599
10/30/2008,29.308
10/31/2008,36.019
11/1/2008,35.651
11/2/2008,27.92
11/3/2008,56.492
11/4/2008,100.808
11/5/2008,54.255
11/6/2008,48.79
11/7/2008,50.574
11/8/2008,60.145
11/9/2008,21.492
11/10/2008,54.283
11/11/2008,7.844
11/12/2008,50.829
11/13/2008,58.899
11/14/2008,73.341
11/15/2008,169.929
11/16/2008,152.231
11/17/2008,140.933
11/18/2008,90.925
11/19/2008,67.96
11/20/2008,66.176
11/21/2008,58.956
11/22/2008,34.716
11/23/2008,56.152
11/24/2008,63.6
11/25/2008,53.972
11/26/2008,37.718
11/27/2008,73.794
11/28/2008,78.522
11/29/2008,22.115
11/30/2008,164.209
12/1/2008,122.102
12/2/2008,159.282
12/3/2008,141.131
12/4/2008,97.523
12/5/2008,91.633
12/6/2008,80.929
12/7/2008,53.972
12/8/2008,25.598
12/9/2008,82.487
12/10/2008,85.715
12/11/2008,456.354
12/12/2008,935.615
12/13/2008,881.106
12/14/2008,530.374
12/15/2008,278.439
12/16/2008,218.832
12/17/2008,170.892
12/18/2008,149.569
12/19/2008,160.698
12/20/2008,90.274
12/21/2008,214.641
12/22/2008,146.483
12/23/2008,161.038
12/24/2008,284.074
12/25/2008,22.172
12/26/2008,142.858
12/27/2008,116.495
12/28/2008,125.132
12/29/2008,117.062
12/30/2008,91.463
12/31/2008,57.71
1/1/2009,89.17
1/2/2009,117.118
1/3/2009,63.854
1/4/2009,85.262
1/5/2009,98.571
1/6/2009,293.787
1/7/2009,432.369
1/8/2009,832.656
1/9/2009,854.205
1/10/2009,372.168
1/11/2009,233.784
1/12/2009,202.607
1/13/2009,163.926
1/14/2009,122.074
1/15/2009,127.737
1/16/2009,96.532
1/17/2009,68.555
1/18/2009,81.524
1/19/2009,108.198
1/20/2009,91.888
1/21/2009,111.427
1/22/2009,113.607
1/23/2009,94.437
1/24/2009,76.965
1/25/2009,89.34
1/26/2009,108.935
1/27/2009,113.012
1/28/2009,181.086
1/29/2009,230.357
1/30/2009,221.041
1/31/2009,157.215
2/1/2009,143.141
2/2/2009,87.839
2/3/2009,160.216
2/4/2009,120.318
2/5/2009,116.58
2/6/2009,109.784
2/7/2009,116.156
2/8/2009,103.413
2/9/2009,99.279
2/10/2009,118.704
2/11/2009,133.174
2/12/2009,102.507
2/13/2009,56.86
2/14/2009,138.158
2/15/2009,53.122
2/16/2009,112.248
2/17/2009,101.289
2/18/2009,141.273
2/19/2009,83.563
2/20/2009,133.089
2/21/2009,103.809
2/22/2009,118.166
2/23/2009,64.194
2/24/2009,78.239
2/25/2009,140.621
2/26/2009,79.032
2/27/2009,95.116
2/28/2009,146.908
3/1/2009,399.437
3/2/2009,686.258
3/3/2009,441.034
3/4/2009,420.618
3/5/2009,287.925
3/6/2009,267.594
3/7/2009,212.857
3/8/2009,198.982
3/9/2009,178.396
3/10/2009,138.299
3/11/2009,186.183
3/12/2009,99.76
3/13/2009,190.827
3/14/2009,183.804
3/15/2009,404.392
3/16/2009,597.938
3/17/2009,759.287
3/18/2009,603.063
3/19/2009,416.993
3/20/2009,290.106
3/21/2009,272.379
3/22/2009,205.24
3/23/2009,175.026
3/24/2009,162.878
3/25/2009,190.714
3/26/2009,184.314
3/27/2009,175.338
3/28/2009,291.776
3/29/2009,347.107
3/30/2009,354.215
3/31/2009,318.054
4/1/2009,274.645
4/2/2009,212.348
4/3/2009,279.628
4/4/2009,310.749
4/5/2009,389.413
4/6/2009,386.241
4/7/2009,229.451
4/8/2009,160.67
4/9/2009,204.192
4/10/2009,175.083
4/11/2009,206.345
4/12/2009,215.463
4/13/2009,207.959
4/14/2009,220.418
4/15/2009,235.737
4/16/2009,275.041
4/17/2009,246.781
4/18/2009,211.64
4/19/2009,173.893
4/20/2009,221.579
4/21/2009,264.309
4/22/2009,282.035
4/23/2009,221.098
4/24/2009,170.722
4/25/2009,179.585
4/26/2009,154.355
4/27/2009,151.976
4/28/2009,134.646
4/29/2009,135.921
4/30/2009,102.677
5/1/2009,128.275
5/2/2009,126.208
5/3/2009,143.736
5/4/2009,210.819
5/5/2009,469.209
5/6/2009,474.08
5/7/2009,477.733
5/8/2009,306.473
5/9/2009,262.667
5/10/2009,255.814
5/11/2009,260.996
5/12/2009,173.78
5/13/2009,176.131
5/14/2009,178.198
5/15/2009,203.513
5/16/2009,576.672
5/17/2009,415.068
5/18/2009,294.919
5/19/2009,226.733
5/20/2009,169.136
5/21/2009,150.702
5/22/2009,113.522
5/23/2009,118.364
5/24/2009,118.987
5/25/2009,141.301
5/26/2009,86.536
5/27/2009,101.261
5/28/2009,140.536
5/29/2009,226.563
5/30/2009,258.193
5/31/2009,231.971
6/1/2009,148.267
6/2/2009,120.375
6/3/2009,106.584
6/4/2009,245.365
6/5/2009,964.81
6/6/2009,1143.659
6/7/2009,1130.067
6/8/2009,595.814
6/9/2009,387.374
6/10/2009,239.588
6/11/2009,358.038
6/12/2009,391.112
6/13/2009,420.873
6/14/2009,369.789
6/15/2009,279.175
6/16/2009,297.043
6/17/2009,274.758
6/18/2009,514.63
6/19/2009,443.894
6/20/2009,314.685
6/21/2009,167.72
6/22/2009,161.179
6/23/2009,146.228
6/24/2009,107.576
6/25/2009,123.348
6/26/2009,59.182
6/27/2009,112.333
6/28/2009,115.108
6/29/2009,56.435
6/30/2009,69.461
7/1/2009,58.248
7/2/2009,46.496
7/3/2009,52.726
7/4/2009,68.612
7/5/2009,75.861
7/6/2009,77.277
7/7/2009,62.523
7/8/2009,33.782
7/9/2009,84.639
7/10/2009,55.727
7/11/2009,63.883
7/12/2009,62.58
7/13/2009,62.892
7/14/2009,66.913
7/15/2009,65.922
7/16/2009,12.063
7/17/2009,113.154
7/18/2009,81.581
7/19/2009,63.883
7/20/2009,139.743
7/21/2009,102.847
7/22/2009,85.941
7/23/2009,101.714
7/24/2009,74.048
7/25/2009,68.782
7/26/2009,54.651
7/27/2009,89.736
7/28/2009,36.925
7/29/2009,46.128
7/30/2009,62.722
7/31/2009,120.375
8/1/2009,86.791
8/2/2009,88.377
8/3/2009,57.426
8/4/2009,78.381
8/5/2009,54.651
8/6/2009,122.357
8/7/2009,121.281
8/8/2009,88.971
8/9/2009,55.699
8/10/2009,57.115
8/11/2009,49.951
8/12/2009,28.402
8/13/2009,64.392
8/14/2009,54.821
8/15/2009,54.113
8/16/2009,54.113
8/17/2009,35.538
8/18/2009,34.49
8/19/2009,51.225
8/20/2009,36.274
8/21/2009,20.615
8/22/2009,118.647
8/23/2009,105.735
8/24/2009,92.822
8/25/2009,103.809
8/26/2009,56.549
8/27/2009,63.826
8/28/2009,58.191
8/29/2009,86.366
8/30/2009,62.127
8/31/2009,54.113
9/1/2009,41.201
9/2/2009,22.823
9/3/2009,28.77
9/4/2009,17.443
9/5/2009,21.351
9/6/2009,45.08
9/7/2009,115.561
9/8/2009,32.479
9/9/2009,30.497
9/10/2009,27.637
9/11/2009,8.269
9/12/2009,40.21
9/13/2009,46.496
9/14/2009,32.309
9/15/2009,21.606
9/16/2009,13.224
9/17/2009,93.36
9/18/2009,17.528
9/19/2009,45.194
9/20/2009,57.398
9/21/2009,62.92
9/22/2009,38.143
9/23/2009,38.709
9/24/2009,15.291
9/25/2009,63.684
9/26/2009,106.188
9/27/2009,75.662
9/28/2009,45.137
9/29/2009,101.148
9/30/2009,118.987
10/1/2009,37.293
10/2/2009,44.882
10/3/2009,69.603
10/4/2009,45.194
10/5/2009,-8.042
10/6/2009,93.672
10/7/2009,-40.889
10/8/2009,46.609
10/9/2009,45.08
10/10/2009,19.397
10/11/2009,29.081
10/12/2009,100.723
10/13/2009,47.402
10/14/2009,65.185
10/15/2009,65.808
10/16/2009,32.451
10/17/2009,73.737
10/18/2009,55.359
10/19/2009,-31.233
10/20/2009,76.937
10/21/2009,55.643
10/22/2009,56.549
10/23/2009,32.338
10/24/2009,103.413
10/25/2009,-17.755
10/26/2009,29.251
10/27/2009,99.392
10/28/2009,146.681
10/29/2009,133.089
10/30/2009,150.815
10/31/2009,111.058
11/1/2009,324.567
11/2/2009,648.37
11/3/2009,506.474
11/4/2009,212.518
11/5/2009,166.361
11/6/2009,87.018
11/7/2009,92.964
11/8/2009,86.508
11/9/2009,80.844
11/10/2009,86.451
11/11/2009,649.276
11/12/2009,1521.886
11/13/2009,2098.558
11/14/2009,2535.826
11/15/2009,2147.886
11/16/2009,1053.045
11/17/2009,443.979
11/18/2009,192.441
11/19/2009,296.335
11/20/2009,388.507
11/21/2009,322.415
11/22/2009,180.718
11/23/2009,387.657
11/24/2009,405.751
11/25/2009,313.495
11/26/2009,280.959
11/27/2009,127.369
11/28/2009,308.002
11/29/2009,147.134
11/30/2009,141.216
12/1/2009,134.76
12/2/2009,334.308
12/3/2009,792.078
12/4/2009,739.493
12/5/2009,586.498
12/6/2009,517.631
12/7/2009,407.479
12/8/2009,319.074
12/9/2009,911.291
12/10/2009,1212.072
12/11/2009,1211.025
12/12/2009,706.759
12/13/2009,784.715
12/14/2009,919.305
12/15/2009,972.087
12/16/2009,672.807
12/17/2009,387.317
12/18/2009,342.01
12/19/2009,466.095
12/20/2009,346.258
12/21/2009,386.241
12/22/2009,277.561
12/23/2009,311.088
12/24/2009,292.258
12/25/2009,612.606
12/26/2009,1083.401
12/27/2009,1456.814
12/28/2009,1358.725
12/29/2009,661.056
12/30/2009,448.85
12/31/2009,391.168
1/1/2010,329.523
1/2/2010,278.836
1/3/2010,223.25
1/4/2010,90.784
1/5/2010,248.848
1/6/2010,190.204
1/7/2010,175.876
1/8/2010,206.005
1/9/2010,115.136
1/10/2010,140.14
1/11/2010,138.044
1/12/2010,69.15
1/13/2010,116.58
1/14/2010,88.575
1/15/2010,142.717
1/16/2010,166.814
1/17/2010,335.413
1/18/2010,575.992
1/19/2010,607.537
1/20/2010,433.7
1/21/2010,368.826
1/22/2010,527.004
1/23/2010,730.942
1/24/2010,568.177
1/25/2010,1071.791
1/26/2010,1394.517
1/27/2010,2051.071
1/28/2010,1827.878
1/29/2010,1063.352
1/30/2010,754.784
1/31/2010,415.662
2/1/2010,372.394
2/2/2010,348.92
2/3/2010,435.654
2/4/2010,528.448
2/5/2010,798.704
2/6/2010,1397.491
2/7/2010,1252.084
2/8/2010,1164.557
2/9/2010,670.089
2/10/2010,545.835
2/11/2010,418.013
2/12/2010,355.886
2/13/2010,363.135
2/14/2010,288.775
2/15/2010,304.066
2/16/2010,287.982
2/17/2010,277.929
2/18/2010,283.281
2/19/2010,233.217
2/20/2010,214.811
2/21/2010,247.291
2/22/2010,267.735
2/23/2010,315.081
2/24/2010,334.506
2/25/2010,390.744
2/26/2010,308.398
2/27/2010,319.102
2/28/2010,259.042
3/1/2010,251.566
3/2/2010,256.975
3/3/2010,219.144
3/4/2010,229.423
3/5/2010,165.597
3/6/2010,228.517
3/7/2010,167.692
3/8/2010,181.086
3/9/2010,117.005
3/10/2010,167.069
3/11/2010,179.613
3/12/2010,266.773
3/13/2010,593.294
3/14/2010,798.732
3/15/2010,1157.024
3/16/2010,661.396
3/17/2010,457.061
3/18/2010,361.322
3/19/2010,297.61
3/20/2010,302.367
3/21/2010,224.949
3/22/2010,239.135
3/23/2010,257.371
3/24/2010,294.863
3/25/2010,258.164
3/26/2010,289.851
3/27/2010,234.378
3/28/2010,258.929
3/29/2010,1695.185
3/30/2010,1668.114
3/31/2010,1113.19
4/1/2010,474.59
4/2/2010,350.732
4/3/2010,324.68
4/4/2010,269.661
4/5/2010,225.487
4/6/2010,186.693
4/7/2010,195.867
4/8/2010,229.876
4/9/2010,234.576
4/10/2010,459.355
4/11/2010,368.033
4/12/2010,231.207
4/13/2010,200.03
4/14/2010,183.38
4/15/2010,200.002
4/16/2010,183.833
4/17/2010,166.616
4/18/2010,196.519
4/19/2010,160.188
4/20/2010,166.106
4/21/2010,158.801
4/22/2010,134.222
4/23/2010,156.224
4/24/2010,167.494
4/25/2010,183.521
4/26/2010,178.764
4/27/2010,132.806
4/28/2010,174.601
4/29/2010,162.397
4/30/2010,155.657
5/1/2010,167.296
5/2/2010,132.862
5/3/2010,147.304
5/4/2010,136.827
5/5/2010,124.622
5/6/2010,121.819
5/7/2010,112.163
5/8/2010,113.522
5/9/2010,25.202
5/10/2010,136.515
5/11/2010,103.498
5/12/2010,61.702
5/13/2010,118.619
5/14/2010,131.05
5/15/2010,94.465
5/16/2010,168.542
5/17/2010,309.644
5/18/2010,399.946
5/19/2010,355.489
5/20/2010,207.449
5/21/2010,114.457
5/22/2010,199.492
5/23/2010,223.759
5/24/2010,156.224
5/25/2010,145.293
5/26/2010,154.836
5/27/2010,194.395
5/28/2010,167.607
5/29/2010,260.571
5/30/2010,358.406
5/31/2010,242.76
6/1/2010,139.517
6/2/2010,142.745
6/3/2010,182.842
6/4/2010,152.713
6/5/2010,148.692
6/6/2010,116.694
6/7/2010,88.462
6/8/2010,75.124
6/9/2010,99.25
6/10/2010,63.6
6/11/2010,75.124
6/12/2010,61.193
6/13/2010,115.957
6/14/2010,99.788
6/15/2010,81.467
6/16/2010,123.036
6/17/2010,64.987
6/18/2010,84.469
6/19/2010,104.517
6/20/2010,80.137
6/21/2010,63.996
6/22/2010,59.607
6/23/2010,44.089
6/24/2010,77.078
6/25/2010,65.214
6/26/2010,65.638
6/27/2010,44.231
6/28/2010,46.808
6/29/2010,42.957
6/30/2010,61.023
7/1/2010,44.203
7/2/2010,29.789
7/3/2010,37.746
7/4/2010,39.417
7/5/2010,44.089
7/6/2010,32.678
7/7/2010,28.147
7/8/2010,29.11
7/9/2010,57.738
7/10/2010,48.337
7/11/2010,58.503
7/12/2010,72.321
7/13/2010,58.503
7/14/2010,29.733
7/15/2010,50.602
7/16/2010,63.288
7/17/2010,62.75
7/18/2010,63.996
7/19/2010,61.816
7/20/2010,98.542
7/21/2010,50.007
7/22/2010,63.826
7/23/2010,56.634
7/24/2010,38.936
7/25/2010,90.897
7/26/2010,5.409
7/27/2010,104.716
7/28/2010,63.543
7/29/2010,28.628
7/30/2010,43.183
7/31/2010,70.849
8/1/2010,56.747
8/2/2010,63.854
8/3/2010,62.977
8/4/2010,103.639
8/5/2010,69.858
8/6/2010,78.976
8/7/2010,68.64
8/8/2010,96.22
8/9/2010,46.185
8/10/2010,54.17
8/11/2010,47.459
8/12/2010,44.854
8/13/2010,57.285
8/14/2010,108.85
8/15/2010,67.904
8/16/2010,42.334
8/17/2010,83.62
8/18/2010,119.157
8/19/2010,202.267
8/20/2010,185.22
8/21/2010,140.027
8/22/2010,124.226
8/23/2010,79.315
8/24/2010,144.076
8/25/2010,134.788
8/26/2010,106.896
8/27/2010,65.525
8/28/2010,84.044
8/29/2010,77.192
8/30/2010,53.915
8/31/2010,44.967
9/1/2010,33.952
9/2/2010,24.919
9/3/2010,75.832
9/4/2010,15.433
9/5/2010,33.527
9/6/2010,42.05
9/7/2010,26.873
9/8/2010,11.044
9/9/2010,32.904
9/10/2010,32.479
9/11/2010,42.05
9/12/2010,48.733
9/13/2010,-18.349
9/14/2010,48.082
9/15/2010,-2.86
9/16/2010,22.002
9/17/2010,30.242
9/18/2010,44.089
9/19/2010,23.135
9/20/2010,3.143
9/21/2010,11.582
9/22/2010,23.276
9/23/2010,11.61
9/24/2010,3.285
9/25/2010,32.876
9/26/2010,66.573
9/27/2010,94.833
9/28/2010,60.088
9/29/2010,160.5
9/30/2010,568.007
10/1/2010,910.527
10/2/2010,1124.772
10/3/2010,563.278
10/4/2010,198.246
10/5/2010,123.206
10/6/2010,50.319
10/7/2010,103.3
10/8/2010,59.352
10/9/2010,79.202
10/10/2010,62.523
10/11/2010,38.114
10/12/2010,20.558
10/13/2010,60.683
10/14/2010,87.867
10/15/2010,65.214
10/16/2010,44.174
10/17/2010,10.477
10/18/2010,67.252
10/19/2010,50.262
10/20/2010,31.743
10/21/2010,74.105
10/22/2010,53.207
10/23/2010,57.483
10/24/2010,65.242
10/25/2010,50.432
10/26/2010,91.803
10/27/2010,358.859
10/28/2010,549.714
10/29/2010,729.724
10/30/2010,487.53
10/31/2010,197.68
11/1/2010,72.151
11/2/2010,83.62
11/3/2010,60.938
11/4/2010,139.035
11/5/2010,143.623
11/6/2010,122.867
11/7/2010,60.032
11/8/2010,88.717
11/9/2010,58.786
11/10/2010,39.021
11/11/2010,99.08
11/12/2010,89.226
11/13/2010,61.702
11/14/2010,60.626
11/15/2010,72.01
11/16/2010,116.977
11/17/2010,20.501
11/18/2010,93.899
11/19/2010,146.37
11/20/2010,60.371
11/21/2010,12.856
11/22/2010,128.19
11/23/2010,46.071
11/24/2010,49.356
11/25/2010,83.336
11/26/2010,110.237
11/27/2010,35.566
11/28/2010,89.878
11/29/2010,21.464
11/30/2010,53.236
12/1/2010,206.231
12/2/2010,378.624
12/3/2010,418.296
12/4/2010,252.501
12/5/2010,181.312
12/6/2010,158.064
12/7/2010,106.216
12/8/2010,49.611
12/9/2010,100.241
12/10/2010,97.466
12/11/2010,122.838
12/12/2010,116.014
12/13/2010,114.626
12/14/2010,44.287
12/15/2010,26.193
12/16/2010,159.933
12/17/2010,90.331
12/18/2010,119.752
12/19/2010,122.668
12/20/2010,103.243
12/21/2010,63.231
12/22/2010,105.933
12/23/2010,113.182
12/24/2010,78.466
12/25/2010,106.443
12/26/2010,126.406
12/27/2010,94.295
12/28/2010,65.837
12/29/2010,92.822
12/30/2010,64.761
12/31/2010,111.993
1/1/2011,99.788
1/2/2011,137.025
1/3/2011,88.971
1/4/2011,113.635
1/5/2011,99.477
1/6/2011,78.834
1/7/2011,126.293
1/8/2011,102.025
1/9/2011,94.918
1/10/2011,43.778
1/11/2011,126.689
1/12/2011,93.615
1/13/2011,59.635
1/14/2011,76.201
1/15/2011,86.48
1/16/2011,94.408
1/17/2011,75.493
1/18/2011,106.273
1/19/2011,86.253
1/20/2011,65.638
1/21/2011,37.038
1/22/2011,130.937
1/23/2011,89.679
1/24/2011,81.722
1/25/2011,19.255
1/26/2011,151.353
1/27/2011,126.916
1/28/2011,155.856
1/29/2011,149.314
1/30/2011,102.677
1/31/2011,121.762
2/1/2011,75.351
2/2/2011,155.799
2/3/2011,82.628
2/4/2011,101.686
2/5/2011,146.37
2/6/2011,128.643
2/7/2011,107.915
2/8/2011,107.321
2/9/2011,90.387
2/10/2011,107.349
2/11/2011,87.159
2/12/2011,81.892
2/13/2011,102.365
2/14/2011,65.752
2/15/2011,125.868
2/16/2011,43.693
2/17/2011,82.798
2/18/2011,95.541
2/19/2011,68.243
2/20/2011,95.541
2/21/2011,78.522
2/22/2011,75.889
2/23/2011,62.014
2/24/2011,76.116
2/25/2011,108.142
2/26/2011,116.014
2/27/2011,129.663
2/28/2011,126.888
3/1/2011,154.836
3/2/2011,263.29
3/3/2011,170.297
3/4/2011,143.368
3/5/2011,140.196
3/6/2011,231.915
3/7/2011,459.893
3/8/2011,915.822
3/9/2011,692.148
3/10/2011,640.809
3/11/2011,736.152
3/12/2011,750.055
3/13/2011,327.937
3/14/2011,207.789
3/15/2011,233.897
3/16/2011,253.888
3/17/2011,208.383
3/18/2011,209.431
3/19/2011,139.46
3/20/2011,148.097
3/21/2011,143.396
3/22/2011,74.87
3/23/2011,220.475
3/24/2011,175.649
3/25/2011,243.893
3/26/2011,198.048
3/27/2011,180.859
3/28/2011,181.681
3/29/2011,124.254
3/30/2011,357.953
3/31/2011,321.962
4/1/2011,311.853
4/2/2011,223.703
4/3/2011,162.992
4/4/2011,165.767
4/5/2011,127.057
4/6/2011,111.625
4/7/2011,243.694
4/8/2011,225.713
4/9/2011,183.606
4/10/2011,268.925
4/11/2011,411.302
4/12/2011,346.852
4/13/2011,258.872
4/14/2011,282.375
4/15/2011,177.631
4/16/2011,499.027
4/17/2011,512.591
4/18/2011,539.435
4/19/2011,272.804
4/20/2011,274.05
4/21/2011,172.619
4/22/2011,244.657
4/23/2011,199.945
4/24/2011,182.247
4/25/2011,118.846
4/26/2011,119.865
4/27/2011,125.047
4/28/2011,195.584
4/29/2011,185.532
4/30/2011,210.337
5/1/2011,180.633
5/2/2011,123.206
5/3/2011,141.103
5/4/2011,229.083
5/5/2011,207.845
5/6/2011,221.664
5/7/2011,162.227
5/8/2011,136.515
5/9/2011,120.176
5/10/2011,95.598
5/11/2011,96.447
5/12/2011,94.21
5/13/2011,85.828
5/14/2011,155.657
5/15/2011,167.834
5/16/2011,220.701
5/17/2011,235.086
5/18/2011,242.25
5/19/2011,239.758
5/20/2011,251.17
5/21/2011,182.757
5/22/2011,145.067
5/23/2011,114.966
5/24/2011,163.331
5/25/2011,155.714
5/26/2011,181.85
5/27/2011,220.531
5/28/2011,175.281
5/29/2011,173.242
5/30/2011,143.368
5/31/2011,86.904
6/1/2011,97.863
6/2/2011,81.213
6/3/2011,57.37
6/4/2011,61.532
6/5/2011,85.941
6/6/2011,40.436
6/7/2011,45.76
6/8/2011,63.26
6/9/2011,9.968
6/10/2011,63.43
6/11/2011,98.599
6/12/2011,72.718
6/13/2011,49.356
6/14/2011,48.082
6/15/2011,51.876
6/16/2011,54.453
6/17/2011,65.185
6/18/2011,64.194
6/19/2011,30.724
6/20/2011,52.386
6/21/2011,88.433
6/22/2011,1.472
6/23/2011,57.625
6/24/2011,50.262
6/25/2011,59.635
6/26/2011,45.222
6/27/2011,52.443
6/28/2011,75.917
6/29/2011,58.163
6/30/2011,57.936
7/1/2011,51.565
7/2/2011,44.656
7/3/2011,43.976
7/4/2011,58.219
7/5/2011,22.002
7/6/2011,90.104
7/7/2011,76.144
7/8/2011,73.709
7/9/2011,163.19
7/10/2011,138.724
7/11/2011,127.709
7/12/2011,30.384
7/13/2011,79.117
7/14/2011,10.449
7/15/2011,41.626
7/16/2011,44.287
7/17/2011,43.976
7/18/2011,32.763
7/19/2011,41.456
7/20/2011,21.153
7/21/2011,35.141
7/22/2011,32.14
7/23/2011,29.251
7/24/2011,39.417
7/25/2011,79.032
7/26/2011,48.082
7/27/2011,27.722
7/28/2011,70.141
7/29/2011,11.893
7/30/2011,16.112
7/31/2011,104.319
8/1/2011,54.198
8/2/2011,34.518
8/3/2011,20.416
8/4/2011,12.148
8/5/2011,30.78
8/6/2011,53.292
8/7/2011,36.047
8/8/2011,30.837
8/9/2011,11.383
8/10/2011,34.801
8/11/2011,16.254
8/12/2011,35
8/13/2011,80.873
8/14/2011,48.535
8/15/2011,47.572
8/16/2011,41.881
8/17/2011,11.1
8/18/2011,44.571
8/19/2011,15.518
8/20/2011,28.572
8/21/2011,63.713
8/22/2011,13.535
8/23/2011,17.443
8/24/2011,9.175
8/25/2011,32.847
8/26/2011,14.102
8/27/2011,154.327
8/28/2011,1.501
8/29/2011,29.987
8/30/2011,-2.322
8/31/2011,-10.789
9/1/2011,1.841
9/2/2011,15.036
9/3/2011,22.172
9/4/2011,16.622
9/5/2011,33.386
9/6/2011,261.024
9/7/2011,359.538
9/8/2011,263.006
9/9/2011,155.233
9/10/2011,85.772
9/11/2011,66.431
9/12/2011,47.119
9/13/2011,39.502
9/14/2011,15.149
9/15/2011,92.228
9/16/2011,40.606
9/17/2011,53.49
9/18/2011,27.694
9/19/2011,27.694
9/20/2011,34.15
9/21/2011,23.758
9/22/2011,16.395
9/23/2011,202.947
9/24/2011,258.985
9/25/2011,169.674
9/26/2011,144.727
9/27/2011,56.152
9/28/2011,30.639
9/29/2011,141.216
9/30/2011,75.549
10/1/2011,47.147
10/2/2011,27.779
10/3/2011,-11.412
10/4/2011,36.019
10/5/2011,36.444
10/6/2011,27.722
10/7/2011,38.964
10/8/2011,27.184
10/9/2011,40.04
10/10/2011,31.941
10/11/2011,-9.769
10/12/2011,140.225
10/13/2011,88.575
10/14/2011,159.225
10/15/2011,124.594
10/16/2011,92.313
10/17/2011,30.299
10/18/2011,75.521
10/19/2011,138.384
10/20/2011,73.029
10/21/2011,64.194
10/22/2011,52.386
10/23/2011,50.97
10/24/2011,80.137
10/25/2011,42.56
10/26/2011,40.351
10/27/2011,73.595
10/28/2011,34.801
10/29/2011,98.854
10/30/2011,81.382
10/31/2011,59.607
11/1/2011,87.895
11/2/2011,66.375
11/3/2011,61.193
11/4/2011,252.303
11/5/2011,236.445
11/6/2011,229.763
11/7/2011,145.152
11/8/2011,25.967
11/9/2011,93.644
11/10/2011,104.234
11/11/2011,62.155
11/12/2011,47.969
11/13/2011,75.238
11/14/2011,61.872
11/15/2011,62.977
11/16/2011,111.625
11/17/2011,307.775
11/18/2011,435.286
11/19/2011,336.8
11/20/2011,191.875
11/21/2011,40.125
11/22/2011,125.245
11/23/2011,119.242
11/24/2011,131.192
11/25/2011,166.588
11/26/2011,133.967
11/27/2011,144.048
11/28/2011,106.301
11/29/2011,266.178
11/30/2011,473.259
12/1/2011,627.5
12/2/2011,352.403
12/3/2011,176.017
12/4/2011,208.836
12/5/2011,99.618
12/6/2011,102.705
12/7/2011,199.492
12/8/2011,356.395
12/9/2011,919.928
12/10/2011,745.638
12/11/2011,471.503
12/12/2011,222.598
12/13/2011,144.557
12/14/2011,152.146
12/15/2011,107.972
12/16/2011,146.653
12/17/2011,128.218
12/18/2011,130.484
12/19/2011,124.82
12/20/2011,125.245
12/21/2011,173.101
12/22/2011,118.931
12/23/2011,261.053
12/24/2011,272.917
12/25/2011,253.577
12/26/2011,211.951
12/27/2011,224.524
12/28/2011,147.531
12/29/2011,300.328
12/30/2011,212.942
12/31/2011,212.206
1/1/2012,184.031
1/2/2012,131.447
1/3/2012,57.681
1/4/2012,106.301
1/5/2012,106.273
1/6/2012,151.183
1/7/2012,78.721
1/8/2012,121.677
1/9/2012,117.628
1/10/2012,128.841
1/11/2012,130.059
1/12/2012,130.371
1/13/2012,407.054
1/14/2012,320.914
1/15/2012,180.067
1/16/2012,135.666
1/17/2012,139.998
1/18/2012,140.508
1/19/2012,137.45
1/20/2012,99.449
1/21/2012,130.852
1/22/2012,105.282
1/23/2012,226.195
1/24/2012,158.942
1/25/2012,177.518
1/26/2012,122.895
1/27/2012,126.321
1/28/2012,174.262
1/29/2012,161.377
1/30/2012,118.704
1/31/2012,58.927
2/1/2012,117.826
2/2/2012,128.898
2/3/2012,106.556
2/4/2012,150.957
2/5/2012,138.158
2/6/2012,151.891
2/7/2012,148.805
2/8/2012,129.096
2/9/2012,126.378
2/10/2012,115.221
2/11/2012,142.49
2/12/2012,68.328
2/13/2012,77.446
2/14/2012,83.336
2/15/2012,99.505
2/16/2012,102.875
2/17/2012,108.85
2/18/2012,109.133
2/19/2012,157.102
2/20/2012,92.511
2/21/2012,146.483
2/22/2012,165.795
2/23/2012,220.22
2/24/2012,237.55
2/25/2012,234.605
2/26/2012,209.573
2/27/2012,181.171
2/28/2012,154.412
2/29/2012,176.442
3/1/2012,144.104
3/2/2012,178.99
3/3/2012,235.284
3/4/2012,327.059
3/5/2012,257.343
3/6/2012,190.685
3/7/2012,178.226
3/8/2012,161.576
3/9/2012,163.275
3/10/2012,148.437
3/11/2012,117.798
3/12/2012,88.377
3/13/2012,149.881
3/14/2012,113.012
3/15/2012,128.162
3/16/2012,134.108
3/17/2012,97.778
3/18/2012,125.415
3/19/2012,132.183
3/20/2012,167.239
3/21/2012,250.122
3/22/2012,253.011
3/23/2012,184.144
3/24/2012,302.14
3/25/2012,953.653
3/26/2012,1274.766
3/27/2012,1182.708
3/28/2012,447.547
3/29/2012,198.104
3/30/2012,188.448
3/31/2012,179.019
4/1/2012,203.513
4/2/2012,115.816
4/3/2012,179.5
4/4/2012,113.834
4/5/2012,99.024
4/6/2012,143.793
4/7/2012,142.83
4/8/2012,127.935
4/9/2012,64.279
4/10/2012,105.678
4/11/2012,111.597
4/12/2012,85.46
4/13/2012,101.572
4/14/2012,124.764
4/15/2012,123.263
4/16/2012,94.493
4/17/2012,137.931
4/18/2012,95.314
4/19/2012,122.612
4/20/2012,120.092
4/21/2012,122.81
4/22/2012,228.177
4/23/2012,191.422
4/24/2012,125.245
4/25/2012,150.419
4/26/2012,241.146
4/27/2012,173.695
4/28/2012,192.016
4/29/2012,157.555
4/30/2012,152.967
5/1/2012,153.675
5/2/2012,162.029
5/3/2012,119.837
5/4/2012,134.42
5/5/2012,106.811
5/6/2012,119.242
5/7/2012,96.192
5/8/2012,129.068
5/9/2012,163.36
5/10/2012,139.517
5/11/2012,275.692
5/12/2012,173.525
5/13/2012,110.577
5/14/2012,141.244
5/15/2012,139.035
5/16/2012,525.531
5/17/2012,333.204
5/18/2012,202.324
5/19/2012,135.099
5/20/2012,120.092
5/21/2012,118.534
5/22/2012,96.928
5/23/2012,131.192
5/24/2012,189.751
5/25/2012,141.386
5/26/2012,113.834
5/27/2012,84.809
5/28/2012,76.201
5/29/2012,73.171
5/30/2012,86.564
5/31/2012,73.086
6/1/2012,129.21
6/2/2012,82.374
6/3/2012,67.96
6/4/2012,54.991
6/5/2012,59.607
6/6/2012,66.856
6/7/2012,67.592
6/8/2012,46.326
6/9/2012,51.565
6/10/2012,54.765
6/11/2012,58.644
6/12/2012,80.929
6/13/2012,71.132
6/14/2012,232.877
6/15/2012,136.855
6/16/2012,90.132
6/17/2012,81.014
6/18/2012,72.576
6/19/2012,58.078
6/20/2012,43.721
6/21/2012,42.05
6/22/2012,55.699
6/23/2012,43.296
6/24/2012,60.655
6/25/2012,58.078
6/26/2012,42.022
6/27/2012,29.931
6/28/2012,34.32
6/29/2012,114.372
6/30/2012,-55.473
7/1/2012,50.121
7/2/2012,37.576
7/3/2012,14.328
7/4/2012,43.976
7/5/2012,36.387
7/6/2012,2.01
7/7/2012,56.52
7/8/2012,37.406
7/9/2012,132.296
7/10/2012,49.753
7/11/2012,58.191
7/12/2012,-10.704
7/13/2012,45.448
7/14/2012,52.443
7/15/2012,70.169
7/16/2012,44.118
7/17/2012,36.585
7/18/2012,61.759
7/19/2012,46.779
7/20/2012,112.673
7/21/2012,59.89
7/22/2012,70.169
7/23/2012,65.808
7/24/2012,32.338
7/25/2012,48.45
7/26/2012,22.767
7/27/2012,75.266
7/28/2012,78.438
7/29/2012,24.664
7/30/2012,35.085
7/31/2012,119.242
8/1/2012,21.011
8/2/2012,35.339
8/3/2012,6.343
8/4/2012,13.649
8/5/2012,39.106
8/6/2012,75.096
8/7/2012,47.289
8/8/2012,69.348
8/9/2012,47.063
8/10/2012,46.411
8/11/2012,144.897
8/12/2012,55.161
8/13/2012,66.941
8/14/2012,14.866
8/15/2012,38.256
8/16/2012,22.455
8/17/2012,21.577
8/18/2012,24.919
8/19/2012,95.909
8/20/2012,53.547
8/21/2012,28.742
8/22/2012,28.034
8/23/2012,39.955
8/24/2012,44.571
8/25/2012,98.684
8/26/2012,40.578
8/27/2012,60.032
8/28/2012,251.34
8/29/2012,53.604
8/30/2012,41.116
8/31/2012,58.814
9/1/2012,55.331
9/2/2012,85.064
9/3/2012,118.138
9/4/2012,54.34
9/5/2012,50.149
9/6/2012,50.829
9/7/2012,76.144
9/8/2012,95.484
9/9/2012,71.047
9/10/2012,37.095
9/11/2012,27.609
9/12/2012,25.542
9/13/2012,29.166
9/14/2012,11.582
9/15/2012,21.492
9/16/2012,39.644
9/17/2012,-3.426
9/18/2012,242.902
9/19/2012,92.086
9/20/2012,78.438
9/21/2012,71.953
9/22/2012,108.029
9/23/2012,20.756
9/24/2012,-4.955
9/25/2012,67.932
9/26/2012,8.155
9/27/2012,30.072
9/28/2012,31.97
9/29/2012,50.687
9/30/2012,44.599
10/1/2012,44.599
10/2/2012,55.189
10/3/2012,40.153
10/4/2012,39.842
10/5/2012,49.186
10/6/2012,44.684
10/7/2012,81.213
10/8/2012,41.258
10/9/2012,64.081
10/10/2012,69.659
10/11/2012,39.898
10/12/2012,-9.175
10/13/2012,69.093
10/14/2012,44.656
10/15/2012,75.606
10/16/2012,4.559
10/17/2012,47.119
10/18/2012,49.016
10/19/2012,39.615
10/20/2012,62.778
10/21/2012,44.514
10/22/2012,35.085
10/23/2012,34.518
10/24/2012,22.908
10/25/2012,33.895
10/26/2012,32.338
10/27/2012,38.426
10/28/2012,62.835
10/29/2012,120.176
10/30/2012,8.552
10/31/2012,18.774
11/1/2012,-6.06
11/2/2012,51.508
11/3/2012,37.378
11/4/2012,-6.4
11/5/2012,54.68
11/6/2012,46.723
11/7/2012,27.269
11/8/2012,29.563
11/9/2012,38.171
11/10/2012,37.803
11/11/2012,43.721
11/12/2012,79.429
11/13/2012,-2.492
11/14/2012,47.431
11/15/2012,41.343
11/16/2012,49.413
11/17/2012,37.916
11/18/2012,44.995
11/19/2012,39.219
11/20/2012,6.853
11/21/2012,39.077
11/22/2012,41.796
11/23/2012,33.046
11/24/2012,26.051
11/25/2012,32.083
11/26/2012,27.949
11/27/2012,41.654
11/28/2012,53.122
11/29/2012,33.272
11/30/2012,14.102
12/1/2012,53.887
12/2/2012,42.447
12/3/2012,45.647
12/4/2012,-26.561
12/5/2012,19.51
12/6/2012,31.488
12/7/2012,61.901
12/8/2012,42.334
12/9/2012,47.997
12/10/2012,50.715
12/11/2012,32.932
12/12/2012,36.019
12/13/2012,39.162
12/14/2012,24.324
12/15/2012,41.427
12/16/2012,97.58
12/17/2012,19.737
12/18/2012,39.927
12/19/2012,26.023
12/20/2012,56.237
12/21/2012,86.734
12/22/2012,18.038
12/23/2012,52.528
12/24/2012,44.004
12/25/2012,69.093
12/26/2012,222.089
12/27/2012,147.842
12/28/2012,206.26
12/29/2012,191.733
12/30/2012,70.594
12/31/2012,99.052
1/1/2013,77.73
1/2/2013,74.133
1/3/2013,64.109
1/4/2013,91.039
1/5/2013,55.614
1/6/2013,55.897
1/7/2013,32.763
1/8/2013,66.29
1/9/2013,43.863
1/10/2013,48.931
1/11/2013,76.625
1/12/2013,54.51
1/13/2013,79.315
1/14/2013,146.313
1/15/2013,420.844
1/16/2013,809.549
1/17/2013,1549.58
1/18/2013,1667.548
1/19/2013,1570.79
1/20/2013,1376.055
1/21/2013,716.189
1/22/2013,381.909
1/23/2013,224.071
1/24/2013,155.091
1/25/2013,179.982
1/26/2013,84.214
1/27/2013,96.985
1/28/2013,78.013
1/29/2013,56.322
1/30/2013,182.445
1/31/2013,260.543
2/1/2013,652.617
2/2/2013,700.869
2/3/2013,496.28
2/4/2013,220.106
2/5/2013,130.059
2/6/2013,143.481
2/7/2013,200.087
2/8/2013,390.46
2/9/2013,247.602
2/10/2013,279.883
2/11/2013,233.868
2/12/2013,164.152
2/13/2013,223.618
2/14/2013,175.139
2/15/2013,177.065
2/16/2013,198.841
2/17/2013,128.983
2/18/2013,140.734
2/19/2013,125.67
2/20/2013,87.867
2/21/2013,129.436
2/22/2013,92.681
2/23/2013,173.214
2/24/2013,104.857
2/25/2013,101.402
2/26/2013,218.464
2/27/2013,261.506
2/28/2013,443.13
3/1/2013,306.473
3/2/2013,260.713
3/3/2013,180.831
3/4/2013,90.614
3/5/2013,221.522
3/6/2013,260.911
3/7/2013,318.791
3/8/2013,322.727
3/9/2013,228.375
3/10/2013,184.484
3/11/2013,147.134
3/12/2013,249.641
3/13/2013,275.579
3/14/2013,308.54
3/15/2013,274.361
3/16/2013,235.879
3/17/2013,142.179
3/18/2013,178.707
3/19/2013,218.436
3/20/2013,193.744
3/21/2013,182.445
3/22/2013,143.566
3/23/2013,144.897
3/24/2013,236.134
3/25/2013,263.941
3/26/2013,235.709
3/27/2013,203.683
3/28/2013,157.696
3/29/2013,191.875
3/30/2013,146.086
3/31/2013,198.303
4/1/2013,153.307
4/2/2013,98.486
4/3/2013,157.073
4/4/2013,171.175
4/5/2013,374.461
4/6/2013,394.566
4/7/2013,420.986
4/8/2013,285.688
4/9/2013,201.219
4/10/2013,157.413
4/11/2013,140.253
4/12/2013,217.105
4/13/2013,317.658
4/14/2013,344.814
4/15/2013,221.607
4/16/2013,193.63
4/17/2013,225.911
4/18/2013,155.374
4/19/2013,277.59
4/20/2013,197.878
4/21/2013,206.939
4/22/2013,185.503
4/23/2013,134.76
4/24/2013,130.654
4/25/2013,130.909
4/26/2013,106.443
4/27/2013,138.328
4/28/2013,108.17
4/29/2013,163.473
4/30/2013,205.353
5/1/2013,179.84
5/2/2013,140.904
5/3/2013,122.923
5/4/2013,113.154
5/5/2013,109.671
5/6/2013,585.903
5/7/2013,848.994
5/8/2013,1100.957
5/9/2013,1032.346
5/10/2013,730.149
5/11/2013,574.831
5/12/2013,382.786
5/13/2013,228.432
5/14/2013,163.53
5/15/2013,159.225
5/16/2013,124.792
5/17/2013,122.187
5/18/2013,259.495
5/19/2013,209.289
5/20/2013,376.868
5/21/2013,256.239
5/22/2013,244.516
5/23/2013,284.471
5/24/2013,248.678
5/25/2013,268.019
5/26/2013,238.739
5/27/2013,203.711
5/28/2013,189.524
5/29/2013,116.014
5/30/2013,102.932
5/31/2013,58.361
6/1/2013,69.773
6/2/2013,72.264
6/3/2013,113.409
6/4/2013,141.754
6/5/2013,135.694
6/6/2013,122.357
6/7/2013,652.023
6/8/2013,960.449
6/9/2013,542.068
6/10/2013,477.11
6/11/2013,389.073
6/12/2013,435.371
6/13/2013,268.472
6/14/2013,170.722
6/15/2013,194.565
6/16/2013,158.319
6/17/2013,122.3
6/18/2013,144.189
6/19/2013,111.172
6/20/2013,150.617
6/21/2013,184.059
6/22/2013,220.531
6/23/2013,141.018
6/24/2013,143.991
6/25/2013,92.653
6/26/2013,133.542
6/27/2013,78.211
6/28/2013,128.672
6/29/2013,143.708
6/30/2013,132.494
7/1/2013,230.81
7/2/2013,217.671
7/3/2013,300.555
7/4/2013,533.573
7/5/2013,582.646
7/6/2013,641.659
7/7/2013,582.137
7/8/2013,596.239
7/9/2013,507.239
7/10/2013,292.314
7/11/2013,396.435
7/12/2013,1340.8
7/13/2013,1441.976
7/14/2013,764.157
7/15/2013,311.626
7/16/2013,177.348
7/17/2013,149.286
7/18/2013,90.5
7/19/2013,101.374
7/20/2013,130.116
7/21/2013,212.999
7/22/2013,159.565
7/23/2013,131.701
7/24/2013,117.26
7/25/2013,123.291
7/26/2013,110.322
7/27/2013,123.206
7/28/2013,106.924
7/29/2013,180.123
7/30/2013,144.614
7/31/2013,114.683
8/1/2013,319.244
8/2/2013,193.772
8/3/2013,187.627
8/4/2013,160.415
8/5/2013,119.582
8/6/2013,98.316
8/7/2013,79.655
8/8/2013,81.751
8/9/2013,37.831
8/10/2013,90.472
8/11/2013,96.73
8/12/2013,92.568
8/13/2013,104.376
8/14/2013,98.627
8/15/2013,145.322
8/16/2013,74.048
8/17/2013,90.331
8/18/2013,107.292
8/19/2013,205.438
8/20/2013,232.651
8/21/2013,239.73
8/22/2013,194.763
8/23/2013,138.356
8/24/2013,107.292
8/25/2013,114.513
8/26/2013,100.893
8/27/2013,60.117
8/28/2013,89.255
8/29/2013,53.972
8/30/2013,79.315
8/31/2013,43.438
9/1/2013,82.232
9/2/2013,92.511
9/3/2013,75.776
9/4/2013,72.236
9/5/2013,86.536
9/6/2013,51.225
9/7/2013,67.96
9/8/2013,55.727
9/9/2013,47.147
9/10/2013,41.201
9/11/2013,31.743
9/12/2013,41.003
9/13/2013,43.665
9/14/2013,44.203
9/15/2013,53.604
9/16/2013,41.909
9/17/2013,36.472
9/18/2013,41.229
9/19/2013,24.381
9/20/2013,34.575
9/21/2013,85.8
9/22/2013,16.395
9/23/2013,66.629
9/24/2013,77.446
9/25/2013,23.022
9/26/2013,37.775
9/27/2013,75.436
9/28/2013,43.126
9/29/2013,56.775
9/30/2013,33.725
10/1/2013,62.07
10/2/2013,3.002
10/3/2013,62.467
10/4/2013,45.335
10/5/2013,39.672
10/6/2013,15.744
10/7/2013,100.015
10/8/2013,29.987
10/9/2013,135.241
10/10/2013,116.778
10/11/2013,84.073
10/12/2013,70.452
10/13/2013,61.617
10/14/2013,71.358
10/15/2013,17.698
10/16/2013,63.26
10/17/2013,39.389
10/18/2013,90.925
10/19/2013,84.101
10/20/2013,36.33
10/21/2013,47.289
10/22/2013,29.365
10/23/2013,61.957
10/24/2013,52.811
10/25/2013,60.513
10/26/2013,48.79
10/27/2013,35.991
10/28/2013,49.3
10/29/2013,22.285
10/30/2013,38.907
10/31/2013,42.249
11/1/2013,105.395
11/2/2013,48.903
11/3/2013,31.517
11/4/2013,54.68
11/5/2013,21.861
11/6/2013,57.511
11/7/2013,62.297
11/8/2013,25.627
11/9/2013,55.727
11/10/2013,69.036
11/11/2013,29.195
11/12/2013,40.663
11/13/2013,49.356
11/14/2013,1.954
11/15/2013,42.475
11/16/2013,68.753
11/17/2013,67.564
11/18/2013,61.023
11/19/2013,14.895
11/20/2013,45.845
11/21/2013,57.936
11/22/2013,70.027
11/23/2013,47.799
11/24/2013,5.012
11/25/2013,50.262
11/26/2013,163.756
11/27/2013,176.102
11/28/2013,509.334
11/29/2013,390.8
11/30/2013,189.468
12/1/2013,87.414
12/2/2013,110.266
12/3/2013,-36.5
12/4/2013,117.656
12/5/2013,67.819
12/6/2013,39.53
12/7/2013,144.614
12/8/2013,119.072
12/9/2013,193.036
12/10/2013,185.475
12/11/2013,341.529
12/12/2013,335.356
12/13/2013,196.32
12/14/2013,248.735
12/15/2013,184.626
12/16/2013,147.276
12/17/2013,214.698
12/18/2013,144.217
12/19/2013,134.278
12/20/2013,130.682
12/21/2013,128.898
12/22/2013,142.122
12/23/2013,471.645
12/24/2013,729.95
12/25/2013,803.291
12/26/2013,405.553
12/27/2013,265.074
12/28/2013,228.97
12/29/2013,555.689
12/30/2013,600.826
12/31/2013,656.893
1/1/2014,376.5
1/2/2014,323.973
1/3/2014,243.071
1/4/2014,200.228
1/5/2014,245.167
1/6/2014,286.538
1/7/2014,157.215
1/8/2014,226.591
1/9/2014,279.798
1/10/2014,157.979
1/11/2014,638.091
1/12/2014,1160.054
1/13/2014,1360.622
1/14/2014,1003.746
1/15/2014,630.219
1/16/2014,430.076
1/17/2014,271.955
1/18/2014,207.392
1/19/2014,195.244
1/20/2014,147.389
1/21/2014,134.93
1/22/2014,159.877
1/23/2014,68.13
1/24/2014,214.358
1/25/2014,226.846
1/26/2014,155.261
1/27/2014,140.65
1/28/2014,56.379
1/29/2014,145.067
1/30/2014,66.233
1/31/2014,81.099
2/1/2014,111.398
2/2/2014,129.181
2/3/2014,134.731
2/4/2014,307.52
2/5/2014,381.994
2/6/2014,327.399
2/7/2014,290.276
2/8/2014,207.647
2/9/2014,194.055
2/10/2014,150.787
2/11/2014,83.789
2/12/2014,161.264
2/13/2014,265.612
2/14/2014,209.006
2/15/2014,405.666
2/16/2014,457.599
2/17/2014,432.652
2/18/2014,374.008
2/19/2014,342.973
2/20/2014,498.97
2/21/2014,758.805
2/22/2014,552.093
2/23/2014,438.712
2/24/2014,375.169
2/25/2014,282.12
2/26/2014,179.5
2/27/2014,195.839
2/28/2014,160.018
3/1/2014,205.438
3/2/2014,200.653
3/3/2014,188.703
3/4/2014,189.298
3/5/2014,290.191
3/6/2014,249.641
3/7/2014,546.797
3/8/2014,533.007
3/9/2014,631.691
3/10/2014,645.821
3/11/2014,545.325
3/12/2014,426.196
3/13/2014,246.413
3/14/2014,210.932
3/15/2014,266.121
3/16/2014,206.429
3/17/2014,251.113
3/18/2014,255.248
3/19/2014,298.912
3/20/2014,225.26
3/21/2014,262.582
3/22/2014,187.514
3/23/2014,222.428
3/24/2014,186.07
3/25/2014,194.083
3/26/2014,131.928
3/27/2014,223.816
3/28/2014,215.916
3/29/2014,250.405
3/30/2014,206.967
3/31/2014,179.755
4/1/2014,178.622
4/2/2014,162.793
4/3/2014,188.703
4/4/2014,151.155
4/5/2014,188.052
4/6/2014,105.48
4/7/2014,657.035
4/8/2014,909.479
4/9/2014,959.515
4/10/2014,510.382
4/11/2014,364.947
4/12/2014,255.616
4/13/2014,227.299
4/14/2014,174.8
4/15/2014,175.536
4/16/2014,575.029
4/17/2014,677.876
4/18/2014,400.23
4/19/2014,365.768
4/20/2014,241.684
4/21/2014,231.83
4/22/2014,173.922
4/23/2014,190.204
4/24/2014,157.073
4/25/2014,278.071
4/26/2014,268.698
4/27/2014,189.383
4/28/2014,237.436
4/29/2014,214.047
4/30/2014,680.764
5/1/2014,785.48
5/2/2014,571.66
5/3/2014,321.452
5/4/2014,140.48
5/5/2014,140.48
5/6/2014,158.404
5/7/2014,148.692
5/8/2014,153.93
5/9/2014,139.205
5/10/2014,218.861
5/11/2014,182.162
5/12/2014,158.036
5/13/2014,117.883
5/14/2014,113.805
5/15/2014,695.347
5/16/2014,2061.321
5/17/2014,1431.358
5/18/2014,853.865
5/19/2014,391.876
5/20/2014,219.738
5/21/2014,185.475
5/22/2014,178.311
5/23/2014,110.379
5/24/2014,91.831
5/25/2014,88.971
5/26/2014,99.647
5/27/2014,58.503
5/28/2014,63.43
5/29/2014,138.384
5/30/2014,112.135
5/31/2014,102.535
6/1/2014,96.9
6/2/2014,82.487
6/3/2014,77.588
6/4/2014,51.876
6/5/2014,91.916
6/6/2014,180.463
6/7/2014,74.841
6/8/2014,67.026
6/9/2014,54.51
6/10/2014,66.714
6/11/2014,111.087
6/12/2014,101.063
6/13/2014,134.448
6/14/2014,102.762
6/15/2014,102.762
6/16/2014,95.598
6/17/2014,52.329
6/18/2014,48.535
6/19/2014,56.634
6/20/2014,97.665
6/21/2014,131.645
6/22/2014,81.156
6/23/2014,73.992
6/24/2014,69.404
6/25/2014,102.507
6/26/2014,50.545
6/27/2014,96.787
6/28/2014,59.494
6/29/2014,73.963
6/30/2014,61.901
7/1/2014,34.49
7/2/2014,36.047
7/3/2014,68.47
7/4/2014,47.997
7/5/2014,45.788
7/6/2014,59.522
7/7/2014,55.784
7/8/2014,30.979
7/9/2014,49.668
7/10/2014,124.282
7/11/2014,81.213
7/12/2014,55.246
7/13/2014,61.816
7/14/2014,41.682
7/15/2014,103.696
7/16/2014,60.655
7/17/2014,61.164
7/18/2014,46.949
7/19/2014,57.88
7/20/2014,57.908
7/21/2014,287.784
7/22/2014,74.756
7/23/2014,55.388
7/24/2014,142.179
7/25/2014,83.506
7/26/2014,101.912
7/27/2014,92.766
7/28/2014,42.192
7/29/2014,34.83
7/30/2014,57.228
7/31/2014,38.879
8/1/2014,113.267
8/2/2014,85.97
8/3/2014,64.959
8/4/2014,73.142
8/5/2014,36.302
8/6/2014,61.816
8/7/2014,60.202
8/8/2014,61.363
8/9/2014,480.933
8/10/2014,261.421
8/11/2014,187.854
8/12/2014,153.364
8/13/2014,135.836
8/14/2014,165.2
8/15/2014,148.21
8/16/2014,143.226
8/17/2014,85.63
8/18/2014,138.866
8/19/2014,115.221
8/20/2014,95.286
8/21/2014,169.448
8/22/2014,123.659
8/23/2014,131.532
8/24/2014,104.942
8/25/2014,119.752
8/26/2014,216.029
8/27/2014,147.106
8/28/2014,68.81
8/29/2014,56.917
8/30/2014,73.907
8/31/2014,62.778
9/1/2014,59.494
9/2/2014,47.431
9/3/2014,13.139
9/4/2014,53.745
9/5/2014,44.061
9/6/2014,64.93
9/7/2014,59.267
9/8/2014,466.463
9/9/2014,182.049
9/10/2014,130.399
9/11/2014,82.119
9/12/2014,61.108
9/13/2014,102.705
9/14/2014,116.778
9/15/2014,60.117
9/16/2014,71.387
9/17/2014,36.897
9/18/2014,84.299
9/19/2014,58.616
9/20/2014,50.007
9/21/2014,60.541
9/22/2014,37.548
9/23/2014,39.19
9/24/2014,175.479
9/25/2014,148.833
9/26/2014,82.997
9/27/2014,81.099
9/28/2014,73.907
9/29/2014,76.031
9/30/2014,27.637
10/1/2014,35.226
10/2/2014,66.205
10/3/2014,54.651
10/4/2014,66.828
10/5/2014,23.616
10/6/2014,28.204
10/7/2014,43.353
10/8/2014,36.302
10/9/2014,39.757
10/10/2014,129.946
10/11/2014,203.739
10/12/2014,117.26
10/13/2014,82.713
10/14/2014,134.816
10/15/2014,562.711
10/16/2014,399.267
10/17/2014,253.52
10/18/2014,156.224
10/19/2014,85.46
10/20/2014,57.143
10/21/2014,58.389
10/22/2014,38.511
10/23/2014,55.841
10/24/2014,29.563
10/25/2014,63.203
10/26/2014,58.134
10/27/2014,51.253
10/28/2014,50.687
10/29/2014,70.396
10/30/2014,22.823
10/31/2014,43.042
11/1/2014,74.445
11/2/2014,35.028
11/3/2014,64.053
11/4/2014,29.676
11/5/2014,56.69
11/6/2014,120.771
11/7/2014,48.535
11/8/2014,52.839
11/9/2014,53.094
11/10/2014,60.06
11/11/2014,54.736
11/12/2014,45.42
11/13/2014,49.923
11/14/2014,37.746
11/15/2014,60.541
11/16/2014,53.292
11/17/2014,108.68
11/18/2014,48.563
11/19/2014,66.46
11/20/2014,61.816
11/21/2014,52.329
11/22/2014,63.373
11/23/2014,58.616
11/24/2014,97.127
11/25/2014,80.165
11/26/2014,370.695
11/27/2014,293.589
11/28/2014,401.164
11/29/2014,235.851
11/30/2014,171.43
12/1/2014,122.867
12/2/2014,92.143
12/3/2014,122.527
12/4/2014,97.891
12/5/2014,156.139
12/6/2014,108.283
12/7/2014,101.771
12/8/2014,155.827
12/9/2014,188.193
12/10/2014,204.306
12/11/2014,132.239
12/12/2014,125.585
12/13/2014,122.98
12/14/2014,79.967
12/15/2014,100.015
12/16/2014,78.607
12/17/2014,77.39
12/18/2014,99.845
12/19/2014,45.76
12/20/2014,85.205
12/21/2014,69.433
12/22/2014,75.719
12/23/2014,17.273
12/24/2014,389.922
12/25/2014,333.289
12/26/2014,306.643
12/27/2014,218.889
12/28/2014,182.36
12/29/2014,207.506
12/30/2014,233.444
12/31/2014,223.873
1/1/2015,171.94
1/2/2015,136.26
1/3/2015,180.69
1/4/2015,131.871
1/5/2015,139.857
1/6/2015,159.367
1/7/2015,160.556
1/8/2015,61.363
1/9/2015,107.264
1/10/2015,104.687
1/11/2015,70.311
1/12/2015,166.928
1/13/2015,169.023
1/14/2015,189.666
1/15/2015,124.764
1/16/2015,97.608
1/17/2015,144.501
1/18/2015,184.314
1/19/2015,130.484
1/20/2015,107.377
1/21/2015,98.146
1/22/2015,93.927
1/23/2015,183.493
1/24/2015,235.114
1/25/2015,232.821
1/26/2015,277.193
1/27/2015,245.478
1/28/2015,96.39
1/29/2015,147.106
1/30/2015,129.295
1/31/2015,112.418
2/1/2015,111.823
2/2/2015,154.1
2/3/2015,87.074
2/4/2015,121.111
2/5/2015,118.562
2/6/2015,90.67
2/7/2015,112.304
2/8/2015,105.31
2/9/2015,108.68
2/10/2015,239.39
2/11/2015,198.926
2/12/2015,219.399
2/13/2015,89.481
2/14/2015,176.867
2/15/2015,30.356
2/16/2015,92.454
2/17/2015,112.389
2/18/2015,121.366
2/19/2015,96.617
2/20/2015,53.377
2/21/2015,97.835
2/22/2015,167.097
2/23/2015,297.581
2/24/2015,236.445
2/25/2015,276.542
2/26/2015,232.141
2/27/2015,185.022
2/28/2015,134.646
3/1/2015,254.143
3/2/2015,281.299
3/3/2015,339.632
3/4/2015,340.481
3/5/2015,533.63
3/6/2015,733.122
3/7/2015,713.017
3/8/2015,499.707
3/9/2015,357.528
3/10/2015,273.257
3/11/2015,250.292
3/12/2015,213.141
3/13/2015,176.357
3/14/2015,262.44
3/15/2015,269.18
3/16/2015,299.563
3/17/2015,250.462
3/18/2015,183.436
3/19/2015,180.463
3/20/2015,249.754
3/21/2015,251.255
3/22/2015,221.069
3/23/2015,161.661
3/24/2015,162.793
3/25/2015,151.467
3/26/2015,162.142
3/27/2015,249.358
3/28/2015,245.45
3/29/2015,245.139
3/30/2015,220.446
3/31/2015,151.467
4/1/2015,168.542
4/2/2015,147.615
4/3/2015,140.904
4/4/2015,84.894
4/5/2015,88.32
4/6/2015,118.704
4/7/2015,119.525
4/8/2015,137.308
4/9/2015,158.914
4/10/2015,223.731
4/11/2015,247.942
4/12/2015,203.286
4/13/2015,132.806
4/14/2015,275.522
4/15/2015,283.281
4/16/2015,299.167
4/17/2015,249.103
4/18/2015,203.343
4/19/2015,200.171
4/20/2015,454.088
4/21/2015,748.356
4/22/2015,869.637
4/23/2015,424.044
4/24/2015,305.312
4/25/2015,254.71
4/26/2015,183.266
4/27/2015,172.166
4/28/2015,130.795
4/29/2015,178.934
4/30/2015,155.091
5/1/2015,187.599
5/2/2015,184.286
5/3/2015,232.651
5/4/2015,196.773
5/5/2015,122.017
5/6/2015,101.148
5/7/2015,127.001
5/8/2015,112.503
5/9/2015,119.497
5/10/2015,98.089
5/11/2015,88.603
5/12/2015,103.526
5/13/2015,73.992
5/14/2015,130.031
5/15/2015,89.311
5/16/2015,79.372
5/17/2015,83.931
5/18/2015,98.542
5/19/2015,66.573
5/20/2015,69.999
5/21/2015,138.894
5/22/2015,98.429
5/23/2015,72.576
5/24/2015,84.101
5/25/2015,67.847
5/26/2015,52.414
5/27/2015,72.123
5/28/2015,79.74
5/29/2015,66.063
5/30/2015,87.895
5/31/2015,53.915
6/1/2015,104.008
6/2/2015,57.795
6/3/2015,142.632
6/4/2015,184.286
6/5/2015,151.92
6/6/2015,94.635
6/7/2015,82.317
6/8/2015,83.365
6/9/2015,253.747
6/10/2015,210.479
6/11/2015,183.21
6/12/2015,100.241
6/13/2015,43.24
6/14/2015,88.377
6/15/2015,86.621
6/16/2015,45.165
6/17/2015,81.807
6/18/2015,193.545
6/19/2015,185.985
6/20/2015,189.326
6/21/2015,132.296
6/22/2015,104.347
6/23/2015,76.031
6/24/2015,61.901
6/25/2015,131.588
6/26/2015,64.591
6/27/2015,124.396
6/28/2015,91.407
6/29/2015,91.265
6/30/2015,111.058
7/1/2015,38.284
7/2/2015,75.436
7/3/2015,120.233
7/4/2015,174.998
7/5/2015,160.471
7/6/2015,214.16
7/7/2015,130.342
7/8/2015,113.409
7/9/2015,67.139
7/10/2015,50.007
7/11/2015,85.149
7/12/2015,54.283
7/13/2015,101.714
7/14/2015,60.598
7/15/2015,118.789
7/16/2015,123.744
7/17/2015,91.746
7/18/2015,79.23
7/19/2015,69.688
7/20/2015,42.815
7/21/2015,48.535
7/22/2015,56.719
7/23/2015,58.757
7/24/2015,54.368
7/25/2015,37.463
7/26/2015,35.056
7/27/2015,35.056
7/28/2015,108.623
7/29/2015,49.979
7/30/2015,75.974
7/31/2015,81.043
8/1/2015,66.261
8/2/2015,43.353
8/3/2015,34.008
8/4/2015,7.136
8/5/2015,59.125
8/6/2015,44.712
8/7/2015,178.736
8/8/2015,64.959
8/9/2015,72.434
8/10/2015,44.769
8/11/2015,83.874
8/12/2015,57.342
8/13/2015,87.046
8/14/2015,61.108
8/15/2015,28.685
8/16/2015,49.639
8/17/2015,41.569
8/18/2015,17.528
8/19/2015,66.091
8/20/2015,15.404
8/21/2015,33.839
8/22/2015,62.382
8/23/2015,49.668
8/24/2015,12.601
8/25/2015,55.954
8/26/2015,19.68
8/27/2015,39.417
8/28/2015,17.047
8/29/2015,41.796
8/30/2015,37.605
8/31/2015,52.584
9/1/2015,23.361
9/2/2015,25.315
9/3/2015,43.098
9/4/2015,35.651
9/5/2015,32.593
9/6/2015,23.446
9/7/2015,41.824
9/8/2015,7.164
9/9/2015,56.605
9/10/2015,48.224
9/11/2015,19.34
9/12/2015,85.8
9/13/2015,34.235
9/14/2015,28.232
9/15/2015,11.185
9/16/2015,2.69
9/17/2015,4.587
9/18/2015,12.912
9/19/2015,12.714
9/20/2015,27.666
9/21/2015,12.828
9/22/2015,17.698
9/23/2015,6.853
9/24/2015,9.854
9/25/2015,76.625
9/26/2015,184.059
9/27/2015,171.6
9/28/2015,284.612
9/29/2015,372.791
9/30/2015,564.665
10/1/2015,1011.335
10/2/2015,1219.095
10/3/2015,1185.171
10/4/2015,1304.612
10/5/2015,1296.655
10/6/2015,1175.544
10/7/2015,593.18
10/8/2015,266.744
10/9/2015,147.955
10/10/2015,137.846
10/11/2015,147.077
10/12/2015,106.131
10/13/2015,77.616
10/14/2015,67.762
10/15/2015,89.538
10/16/2015,81.241
10/17/2015,45.392
10/18/2015,59.692
10/19/2015,68.725
10/20/2015,55.331
10/21/2015,75.238
10/22/2015,52.924
10/23/2015,71.981
10/24/2015,83.365
10/25/2015,86.423
10/26/2015,62.693
10/27/2015,147.502
10/28/2015,187.287
10/29/2015,283.479
10/30/2015,519.387
10/31/2015,362.993
11/1/2015,226.619
11/2/2015,240.523
11/3/2015,304.151
11/4/2015,307.577
11/5/2015,178.452
11/6/2015,157.3
11/7/2015,143.623
11/8/2015,140.876
11/9/2015,238.682
11/10/2015,710.299
11/11/2015,1216.207
11/12/2015,1183.642
11/13/2015,658.026
11/14/2015,291.267
11/15/2015,209.516
11/16/2015,136.091
11/17/2015,118.166
11/18/2015,167.296
11/19/2015,516.98
11/20/2015,714.291
11/21/2015,726.892
11/22/2015,357.245
11/23/2015,248.621
11/24/2015,145.01
11/25/2015,170.382
11/26/2015,152.967
11/27/2015,125.925
11/28/2015,146.794
11/29/2015,125.528
11/30/2015,189.609
12/1/2015,347.645
12/2/2015,722.022
12/3/2015,842.934
12/4/2015,801.592
12/5/2015,445.14
12/6/2015,255.984
12/7/2015,238.116
12/8/2015,261.109
12/9/2015,210.649
12/10/2015,214.16
12/11/2015,172.676
12/12/2015,149.994
12/13/2015,235.907
12/14/2015,172.279
12/15/2015,131.305
12/16/2015,151.863
12/17/2015,282.913
12/18/2015,468.105
12/19/2015,423.676
12/20/2015,279.26
12/21/2015,239.362
12/22/2015,464.65
12/23/2015,1164.5
12/24/2015,1634.276
12/25/2015,1881.198
12/26/2015,2053.591
12/27/2015,1357.876
12/28/2015,608.443
12/29/2015,502.765
12/30/2015,702.88
12/31/2015,801.62
1/1/2016,601.845
1/2/2016,412.916
1/3/2016,290.87
1/4/2016,208.44
1/5/2016,211.13
1/6/2016,231.263
1/7/2016,213.764
1/8/2016,189.383
1/9/2016,219.908
1/10/2016,241.995
1/11/2016,253.492
1/12/2016,297.978
1/13/2016,250.179
1/14/2016,192.639
1/15/2016,208.128
1/16/2016,321.537
1/17/2016,505.2
1/18/2016,327.257
1/19/2016,238.456
1/20/2016,233.67
1/21/2016,143.113
1/22/2016,272.068
1/23/2016,272.974
1/24/2016,274.815
1/25/2016,209.12
1/26/2016,187.939
1/27/2016,349.061
1/28/2016,517.971
1/29/2016,436.022
1/30/2016,422.09
1/31/2016,316.384
2/1/2016,275.721
2/2/2016,257.117
2/3/2016,599.778
2/4/2016,1200.689
2/5/2016,1470.86
2/6/2016,1113.077
2/7/2016,574.123
2/8/2016,292.994
2/9/2016,270.822
2/10/2016,289.766
2/11/2016,219.285
2/12/2016,257.881
2/13/2016,174.177
2/14/2016,204.419
2/15/2016,255.389
2/16/2016,670.825
2/17/2016,1117.013
2/18/2016,1531.146
2/19/2016,764.78
2/20/2016,605.895
2/21/2016,342.577
2/22/2016,261.562
2/23/2016,609.208
2/24/2016,1158.752
2/25/2016,1368.353
2/26/2016,1416.973
2/27/2016,663.548
2/28/2016,405.78
2/29/2016,343.879
3/1/2016,306.161
3/2/2016,337.678
3/3/2016,300.215
3/4/2016,307.124
3/5/2016,270.114
3/6/2016,254.143
3/7/2016,229.423
3/8/2016,156.082
3/9/2016,186.041
3/10/2016,222.004
3/11/2016,189.609
3/12/2016,172.732
3/13/2016,228.715
3/14/2016,240.07
3/15/2016,321.99
3/16/2016,560.616
3/17/2016,487.587
3/18/2016,237.578
3/19/2016,287.189
3/20/2016,259.693
3/21/2016,181.341
3/22/2016,234.322
3/23/2016,191.563
3/24/2016,232.283
3/25/2016,195.216
3/26/2016,152.911
3/27/2016,297.185
3/28/2016,305.283
3/29/2016,366.448
3/30/2016,338.272
3/31/2016,246.639
4/1/2016,233.5
4/2/2016,280.563
4/3/2016,256.777
4/4/2016,250.434
4/5/2016,175.224
4/6/2016,169.193
4/7/2016,191.563
4/8/2016,222.372
4/9/2016,188.448
4/10/2016,145.01
4/11/2016,144.217
4/12/2016,206.883
4/13/2016,158.942
4/14/2016,161.462
4/15/2016,158.886
4/16/2016,128.672
4/17/2016,178.764
4/18/2016,126.718
4/19/2016,121.649
4/20/2016,137.988
4/21/2016,137.648
4/22/2016,235.596
4/23/2016,159.254
4/24/2016,133.202
4/25/2016,134.476
4/26/2016,168.91
4/27/2016,161.519
4/28/2016,304.689
4/29/2016,228.517
4/30/2016,238.937
5/1/2016,275.324
5/2/2016,365.004
5/3/2016,964.725
5/4/2016,1006.974
5/5/2016,1130.662
5/6/2016,1529.249
5/7/2016,1435.803
5/8/2016,919.305
5/9/2016,442.705
5/10/2016,326.521
5/11/2016,400.428
5/12/2016,201.559
5/13/2016,326.748
5/14/2016,298.657
5/15/2016,167.324
5/16/2016,166.616
5/17/2016,247.149
5/18/2016,214.132
5/19/2016,191.591
5/20/2016,167.154
5/21/2016,429.934
5/22/2016,606.744
5/23/2016,516.017
5/24/2016,375.707
5/25/2016,288.888
5/26/2016,141.159
5/27/2016,160.698
5/28/2016,118.732
5/29/2016,221.721
5/30/2016,123.575
5/31/2016,137.138
6/1/2016,147.276
6/2/2016,190.006
6/3/2016,187.259
6/4/2016,176.753
6/5/2016,562.173
6/6/2016,796.637
6/7/2016,436.928
6/8/2016,205.835
6/9/2016,153.987
6/10/2016,113.635
6/11/2016,94.068
6/12/2016,95.739
6/13/2016,82.742
6/14/2016,89.594
6/15/2016,107.236
6/16/2016,79.344
6/17/2016,178.877
6/18/2016,156.705
6/19/2016,129.804
6/20/2016,120.743
6/21/2016,89.311
6/22/2016,85.941
6/23/2016,180.265
6/24/2016,262.723
6/25/2016,499.253
6/26/2016,271.445
6/27/2016,134.42
6/28/2016,133.231
6/29/2016,148.692
6/30/2016,117.458
7/1/2016,93.162
7/2/2016,95.881
7/3/2016,216.085
7/4/2016,289.709
7/5/2016,272.974
7/6/2016,330.174
7/7/2016,285.037
7/8/2016,277.505
7/9/2016,210.337
7/10/2016,175.054
7/11/2016,131.022
7/12/2016,114.796
7/13/2016,115.816
7/14/2016,109.275
7/15/2016,107.009
7/16/2016,78.721
7/17/2016,132.381
7/18/2016,94.861
7/19/2016,110.096
7/20/2016,115.391
7/21/2016,89.34
7/22/2016,69.178
7/23/2016,58.333
7/24/2016,58.446
7/25/2016,71.443
7/26/2016,56.492
7/27/2016,112.616
7/28/2016,98.429
7/29/2016,82.487
7/30/2016,124.679
7/31/2016,190.147
8/1/2016,62.835
8/2/2016,69.829
8/3/2016,98.089
8/4/2016,126.01
8/5/2016,177.348
8/6/2016,312.136
8/7/2016,296.873
8/8/2016,403.769
8/9/2016,255.672
8/10/2016,158.886
8/11/2016,207.959
8/12/2016,192.271
8/13/2016,153.052
8/14/2016,116.722
8/15/2016,80.306
8/16/2016,81.694
8/17/2016,103.555
8/18/2016,86.055
8/19/2016,71.16
8/20/2016,85.149
8/21/2016,115.221
8/22/2016,43.013
8/23/2016,60.371
8/24/2016,65.1
8/25/2016,62.892
8/26/2016,47.431
8/27/2016,54.821
8/28/2016,63.911
8/29/2016,57.058
8/30/2016,54.68
8/31/2016,18.123
9/1/2016,71.16
9/2/2016,64.987
9/3/2016,82.657
9/4/2016,52.471
9/5/2016,55.274
9/6/2016,65.044
9/7/2016,49.101
9/8/2016,43.296
9/9/2016,18.293
9/10/2016,5.72
9/11/2016,49.639
9/12/2016,6.796
9/13/2016,83.988
9/14/2016,18.774
9/15/2016,15.008
9/16/2016,50.8
9/17/2016,36.33
9/18/2016,97.438
9/19/2016,280.988
9/20/2016,109.246
9/21/2016,143.17
9/22/2016,167.635
9/23/2016,72.434
9/24/2016,49.668
9/25/2016,63.345
9/26/2016,63.458
9/27/2016,31.941
9/28/2016,83.421
9/29/2016,257.513
9/30/2016,236.474
10/1/2016,418.126
10/2/2016,515.564
10/3/2016,398.927
10/4/2016,139.177
10/5/2016,101.827
10/6/2016,98.571
10/7/2016,119.525
10/8/2016,1290.906
10/9/2016,1623.515
10/10/2016,1715.488
10/11/2016,1196.385
10/12/2016,589.584
10/13/2016,340.906
10/14/2016,68.555
10/15/2016,135.128
10/16/2016,60.428
10/17/2016,58.616
10/18/2016,67.875
10/19/2016,59.041
10/20/2016,28.77
10/21/2016,58.106
10/22/2016,23.531
10/23/2016,15.036
10/24/2016,-2.492
10/25/2016,36.67
10/26/2016,41.059
10/27/2016,66.233
10/28/2016,37.718
10/29/2016,90.699
10/30/2016,80.023
10/31/2016,86.253
11/1/2016,131.815
11/2/2016,104.461
11/3/2016,49.469
11/4/2016,45.222
11/5/2016,77.135
11/6/2016,55.473
11/7/2016,42.928
11/8/2016,69.291
11/9/2016,65.327
11/10/2016,74.445
11/11/2016,41.399
11/12/2016,84.639
11/13/2016,92.851
11/14/2016,87.782
11/15/2016,54.821
11/16/2016,66.375
11/17/2016,49.639
11/18/2016,57.285
11/19/2016,111.087
11/20/2016,-2.322
11/21/2016,58.389
11/22/2016,16.027
11/23/2016,70.877
11/24/2016,76.427
11/25/2016,80.165
11/26/2016,56.294
11/27/2016,57.115
11/28/2016,28.742
11/29/2016,102.507
11/30/2016,66.998
12/1/2016,89.793
12/2/2016,86.706
12/3/2016,112.304
12/4/2016,83.421
12/5/2016,77.418
12/6/2016,120.29
12/7/2016,123.546
12/8/2016,157.668
12/9/2016,184.031
12/10/2016,112.219
12/11/2016,92.936
12/12/2016,34.886
12/13/2016,102.733
12/14/2016,79.457
12/15/2016,85.149
12/16/2016,54.17
12/17/2016,102.847
12/18/2016,109.671
12/19/2016,60.173
12/20/2016,45.817
12/21/2016,64.534
12/22/2016,62.24
12/23/2016,91.265
12/24/2016,67.96
12/25/2016,81.071
12/26/2016,127.142
12/27/2016,107.83
12/28/2016,111.88
12/29/2016,102.337
12/30/2016,64.562
12/31/2016,106.556
1/1/2017,94.55
1/2/2017,180.661
1/3/2017,239.872
1/4/2017,303.216
1/5/2017,201.701
1/6/2017,239.645
1/7/2017,211.583
1/8/2017,127.539
1/9/2017,102.818
1/10/2017,85.743
1/11/2017,148.408
1/12/2017,185.447
1/13/2017,173.157
1/14/2017,186.919
1/15/2017,85.29
1/16/2017,199.832
1/17/2017,132.466
1/18/2017,130.484
1/19/2017,163.048
1/20/2017,127.369
1/21/2017,227.95
1/22/2017,341.671
1/23/2017,671.052
1/24/2017,971.578
1/25/2017,1166.539
1/26/2017,788
1/27/2017,378.907
1/28/2017,189.864
1/29/2017,105.197
1/30/2017,186.466
1/31/2017,96.617
2/1/2017,111.71
2/2/2017,95.966
2/3/2017,96.759
2/4/2017,118.024
2/5/2017,132.579
2/6/2017,98.344
2/7/2017,119.78
2/8/2017,163.501
2/9/2017,110.294
2/10/2017,94.182
2/11/2017,125.896
2/12/2017,128.218
2/13/2017,131.418
2/14/2017,62.269
2/15/2017,175.111
2/16/2017,83.138
2/17/2017,132.636
2/18/2017,116.439
2/19/2017,123.036
2/20/2017,97.155
2/21/2017,101.402
2/22/2017,104.829
2/23/2017,100.213
2/24/2017,80.561
2/25/2017,169.023
2/26/2017,94.946
2/27/2017,40.238
2/28/2017,122.753
3/1/2017,149.031
3/2/2017,108.793
3/3/2017,55.586
3/4/2017,125.075
3/5/2017,88.717
3/6/2017,88.094
3/7/2017,110.719
3/8/2017,98.514
3/9/2017,103.696
3/10/2017,85.035
3/11/2017,56.832
3/12/2017,95.909
3/13/2017,119.837
3/14/2017,153.449
3/15/2017,75.719
3/16/2017,117.118
3/17/2017,101.572
3/18/2017,139.8
3/19/2017,92.03
3/20/2017,108.963
3/21/2017,121.337
3/22/2017,61.759
3/23/2017,106.273
3/24/2017,84.554
3/25/2017,93.587
3/26/2017,93.729
3/27/2017,104.291
3/28/2017,99.052
3/29/2017,123.858
3/30/2017,101.402
3/31/2017,370.072
4/1/2017,401.447
4/2/2017,514.969
4/3/2017,344.615
4/4/2017,252.727
4/5/2017,423.818
4/6/2017,408.923
4/7/2017,303.584
4/8/2017,275.211
4/9/2017,178.651
4/10/2017,157.979
4/11/2017,118.364
4/12/2017,95.06
4/13/2017,124.99
4/14/2017,128.502
4/15/2017,111.483
4/16/2017,101.742
4/17/2017,102.224
4/18/2017,75.662
4/19/2017,113.352
4/20/2017,114.315
4/21/2017,96.504
4/22/2017,55.444
4/23/2017,547.279
4/24/2017,853.95
4/25/2017,2246.23
4/26/2017,2358.676
4/27/2017,2619.672
4/28/2017,1889.07
4/29/2017,917.747
4/30/2017,350.052
5/1/2017,259.155
5/2/2017,264.79
5/3/2017,214.84
5/4/2017,182.53
5/5/2017,492.571
5/6/2017,769.509
5/7/2017,1050.072
5/8/2017,626.084
5/9/2017,288.831
5/10/2017,210.592
5/11/2017,425.998
5/12/2017,319.244
5/13/2017,456.269
5/14/2017,469.181
5/15/2017,259.693
5/16/2017,187.882
5/17/2017,134.986
5/18/2017,134.25
5/19/2017,138.243
5/20/2017,67.507
5/21/2017,124.339
5/22/2017,231.745
5/23/2017,662.472
5/24/2017,1016.035
5/25/2017,1660.271
5/26/2017,1445.912
5/27/2017,1445.459
5/28/2017,838.942
5/29/2017,398.616
5/30/2017,263.46
5/31/2017,216.765
6/1/2017,149.598
6/2/2017,124.452
6/3/2017,150.56
6/4/2017,118.761
6/5/2017,196.094
6/6/2017,242.222
6/7/2017,170.326
6/8/2017,112.842
6/9/2017,111.512
6/10/2017,105.82
6/11/2017,85.46
6/12/2017,81.184
6/13/2017,91.407
6/14/2017,127.369
6/15/2017,98.939
6/16/2017,297.355
6/17/2017,499.565
6/18/2017,706.051
6/19/2017,698.774
6/20/2017,589.697
6/21/2017,411.726
6/22/2017,248.168
6/23/2017,175.451
6/24/2017,158.121
6/25/2017,122.952
6/26/2017,99.59
6/27/2017,63.826
6/28/2017,53.434
6/29/2017,71.641
6/30/2017,23.503
7/1/2017,101.318
7/2/2017,98.684
7/3/2017,97.693
7/4/2017,124.056
7/5/2017,114.881
7/6/2017,175.423
7/7/2017,142.858
7/8/2017,153.279
7/9/2017,124.481
7/10/2017,112.078
7/11/2017,64.534
7/12/2017,66.629
7/13/2017,35.396
7/14/2017,68.527
7/15/2017,130.484
7/16/2017,74.02
7/17/2017,62.665
7/18/2017,79.457
7/19/2017,42.928
7/20/2017,72.491
7/21/2017,62.127
7/22/2017,62.807
7/23/2017,56.067
7/24/2017,42.645
7/25/2017,42.05
7/26/2017,62.665
7/27/2017,48.139
7/28/2017,63.628
7/29/2017,42.05
7/30/2017,53.009
7/31/2017,65.553
8/1/2017,51.848
8/2/2017,48.478
8/3/2017,39.955
8/4/2017,36.132
8/5/2017,26.646
8/6/2017,28.09
8/7/2017,109.784
8/8/2017,104.97
8/9/2017,71.047
8/10/2017,31.602
8/11/2017,52.301
8/12/2017,165.087
8/13/2017,131.56
8/14/2017,104.347
8/15/2017,87.329
8/16/2017,65.044
8/17/2017,119.78
8/18/2017,60.853
8/19/2017,56.435
8/20/2017,63.231
8/21/2017,58.078
8/22/2017,53.915
8/23/2017,19.114
8/24/2017,51.282
8/25/2017,2.237
8/26/2017,63.345
8/27/2017,36.019
8/28/2017,28.147
8/29/2017,112.899
8/30/2017,8.552
8/31/2017,60.088
9/1/2017,82.912
9/2/2017,84.186
9/3/2017,65.723
9/4/2017,88.377
9/5/2017,56.435
9/6/2017,70.367
9/7/2017,60.032
9/8/2017,69.603
9/9/2017,101.657
9/10/2017,75.124
9/11/2017,10.647
9/12/2017,85.517
9/13/2017,50.8
9/14/2017,54.51
9/15/2017,71.726
9/16/2017,54.255
9/17/2017,46.666
9/18/2017,62.977
9/19/2017,21.747
9/20/2017,28.713
9/21/2017,28.119
9/22/2017,40.72
9/23/2017,44.882
9/24/2017,31.998
9/25/2017,25.995
9/26/2017,21.294
9/27/2017,4.701
9/28/2017,35.396
9/29/2017,36.699
9/30/2017,20.869
10/1/2017,20.954
10/2/2017,32.904
10/3/2017,14.611
10/4/2017,37.803
10/5/2017,37.293
10/6/2017,22.172
10/7/2017,19.963
10/8/2017,28.742
10/9/2017,44.967
10/10/2017,41.824
10/11/2017,77.503
10/12/2017,52.726
10/13/2017,64.817
10/14/2017,46.015
10/15/2017,-2.435
10/16/2017,64.166
10/17/2017,20.162
10/18/2017,66.913
10/19/2017,49.838
10/20/2017,40.323
10/21/2017,47.147
10/22/2017,35.962
10/23/2017,135.864
10/24/2017,15.829
10/25/2017,29.081
10/26/2017,121.139
10/27/2017,59.295
10/28/2017,15.433
10/29/2017,177.773
10/30/2017,14.045
10/31/2017,28.317
11/1/2017,55.614
11/2/2017,57.172
11/3/2017,51.055
11/4/2017,58.927
11/5/2017,41.286
11/6/2017,40.55
11/7/2017,46.1
11/8/2017,73.142
11/9/2017,84.214
11/10/2017,46.241
11/11/2017,70.764
11/12/2017,53.349
11/13/2017,116.297
11/14/2017,58.474
11/15/2017,64.959
11/16/2017,49.385
11/17/2017,65.978
11/18/2017,52.075
11/19/2017,34.83
11/20/2017,42.362
11/21/2017,46.978
11/22/2017,-23.814
11/23/2017,101.091
11/24/2017,43.325
11/25/2017,64.392
11/26/2017,57.908
11/27/2017,38.511
11/28/2017,47.657
11/29/2017,58.021
11/30/2017,58.899
12/1/2017,1.671
12/2/2017,58.276
12/3/2017,70.396
12/4/2017,53.774
12/5/2017,47.317
12/6/2017,75.578
12/7/2017,33.442
12/8/2017,129.181
12/9/2017,91.916
12/10/2017,64.591
12/11/2017,70.311
12/12/2017,47.884
12/13/2017,46.44
12/14/2017,56.917
12/15/2017,61.164
12/16/2017,67.054
12/17/2017,67.054
12/18/2017,73.142
12/19/2017,54.878
12/20/2017,72.519
12/21/2017,58.021
12/22/2017,13.705
12/23/2017,64.138
12/24/2017,58.134
12/25/2017,55.416
12/26/2017,53.179
12/27/2017,75.889
12/28/2017,20.19
12/29/2017,41.654
12/30/2017,70.565
12/31/2017,52.358
1/1/2018,58.531
1/2/2018,33.47
1/3/2018,38.624
1/4/2018,63.26
1/5/2018,25.202
1/6/2018,-0.51
1/7/2018,78.579
1/8/2018,54.51
1/9/2018,48.337
1/10/2018,87.499
1/11/2018,103.668
1/12/2018,130.087
1/13/2018,124.707
1/14/2018,128.02
1/15/2018,115.193
1/16/2018,69.971
1/17/2018,82.515
1/18/2018,96.164
1/19/2018,75.917
1/20/2018,85.347
1/21/2018,81.666
1/22/2018,94.238
1/23/2018,157.045
1/24/2018,100.496
1/25/2018,77.022
1/26/2018,54.057
1/27/2018,94.238
1/28/2018,131.928
1/29/2018,219.852
1/30/2018,187.627
1/31/2018,123.546
2/1/2018,148.408
2/2/2018,118.477
2/3/2018,54.595
2/4/2018,141.952
2/5/2018,183.691
2/6/2018,150.136
2/7/2018,191.082
2/8/2018,172.846
2/9/2018,247.772
2/10/2018,246.158
2/11/2018,212.886
2/12/2018,646.416
2/13/2018,728.336
2/14/2018,319.782
2/15/2018,225.657
2/16/2018,208.836
2/17/2018,139.687
2/18/2018,155.233
2/19/2018,149.399
2/20/2018,146.483
2/21/2018,129.776
2/22/2018,109.558
2/23/2018,118.931
2/24/2018,115.363
2/25/2018,121.677
2/26/2018,101.827
2/27/2018,89.311
2/28/2018,70.764
3/1/2018,204.447
3/2/2018,68.866
3/3/2018,89.849
3/4/2018,84.299
3/5/2018,44.231
3/6/2018,100.723
3/7/2018,74.87
3/8/2018,132.976
3/9/2018,83.308
3/10/2018,122.612
3/11/2018,54.566
3/12/2018,196.094
3/13/2018,108.991
3/14/2018,167.409
3/15/2018,146.058
3/16/2018,147.191
3/17/2018,121.762
3/18/2018,144.189
3/19/2018,130.059
3/20/2018,283.451
3/21/2018,358.123
3/22/2018,487.983
3/23/2018,372.791
3/24/2018,282.035
3/25/2018,273.031
3/26/2018,324.199
3/27/2018,407.45
3/28/2018,302.452
3/29/2018,269.774
3/30/2018,256.21
3/31/2018,163.954
4/1/2018,166.163
4/2/2018,122.244
4/3/2018,104.178
4/4/2018,101.714
4/5/2018,88.858
4/6/2018,123.093
4/7/2018,182.87
4/8/2018,76.597
4/9/2018,152.854
4/10/2018,98.996
4/11/2018,89.113
4/12/2018,114.145
4/13/2018,122.498
4/14/2018,98.458
4/15/2018,271.813
4/16/2018,741.419
4/17/2018,557.445
4/18/2018,479.941
4/19/2018,286.339
4/20/2018,181.737
4/21/2018,118.449
4/22/2018,122.555
4/23/2018,96.985
4/24/2018,318.479
4/25/2018,648.341
4/26/2018,1219.435
4/27/2018,1361.302
4/28/2018,937.966
4/29/2018,482.773
4/30/2018,352.516
5/1/2018,235.284
5/2/2018,142.717
5/3/2018,225.345
5/4/2018,130.031
5/5/2018,131.815
5/6/2018,127.482
5/7/2018,116.212
5/8/2018,94.012
5/9/2018,105.763
5/10/2018,123.49
5/11/2018,108.057
5/12/2018,118.562
5/13/2018,105.933
5/14/2018,74.445
5/15/2018,80.929
5/16/2018,164.464
5/17/2018,314.543
5/18/2018,1032.034
5/19/2018,1888.589
5/20/2018,2138.117
5/21/2018,1741.795
5/22/2018,1224.418
5/23/2018,761.552
5/24/2018,446.698
5/25/2018,244.261
5/26/2018,187.627
5/27/2018,215.123
5/28/2018,230.952
5/29/2018,379.7
5/30/2018,236.559
5/31/2018,227.695
6/1/2018,146.908
6/2/2018,189.043
6/3/2018,200.54
6/4/2018,190.374
6/5/2018,101.374
6/6/2018,125.217
6/7/2018,68.555
6/8/2018,76.512
6/9/2018,105.48
6/10/2018,106.188
6/11/2018,174.063
6/12/2018,111.455
6/13/2018,81.411
6/14/2018,85.46
6/15/2018,84.186
6/16/2018,91.322
6/17/2018,82.147
6/18/2018,80.448
6/19/2018,46.949
6/20/2018,66.969
6/21/2018,64.222
6/22/2018,285.433
6/23/2018,119.695
6/24/2018,152.514
6/25/2018,108.114
6/26/2018,137.365
6/27/2018,147.332
6/28/2018,154.355
6/29/2018,93.615
6/30/2018,98.741
7/1/2018,62.155
7/2/2018,45.703
7/3/2018,47.997
7/4/2018,57.88
7/5/2018,26.42
7/6/2018,71.415
7/7/2018,52.358
7/8/2018,84.809
7/9/2018,85.319
7/10/2018,25.06
7/11/2018,56.181
7/12/2018,62.042
7/13/2018,29.846
7/14/2018,58.446
7/15/2018,37.69
7/16/2018,35.962
7/17/2018,66.063
7/18/2018,87.102
7/19/2018,59.607
7/20/2018,16.452
7/21/2018,84.186
7/22/2018,102.79
7/23/2018,44.259
7/24/2018,103.186
7/25/2018,189.354
7/26/2018,352.233
7/27/2018,200.087
7/28/2018,125.84
7/29/2018,97.297
7/30/2018,103.696
7/31/2018,135.836
8/1/2018,153.619
8/2/2018,486.115
8/3/2018,703.814
8/4/2018,876.801
8/5/2018,612.322
8/6/2018,241.401
8/7/2018,133.882
8/8/2018,73.369
8/9/2018,67.79
8/10/2018,79.938
8/11/2018,125.585
8/12/2018,108.227
8/13/2018,101.204
8/14/2018,199.492
8/15/2018,119.129
8/16/2018,79.004
8/17/2018,49.498
8/18/2018,186.07
8/19/2018,191.138
8/20/2018,206.996
8/21/2018,216.454
8/22/2018,199.095
8/23/2018,118.308
8/24/2018,87.612
8/25/2018,81.128
8/26/2018,75.804
8/27/2018,56.096
8/28/2018,35.141
8/29/2018,48.931
8/30/2018,70.877
8/31/2018,53.066
9/1/2018,92.426
9/2/2018,142.887
9/3/2018,143.34
9/4/2018,90.359
9/5/2018,47.232
9/6/2018,51.112
9/7/2018,53.859
9/8/2018,79.004
9/9/2018,57.936
9/10/2018,159.848
9/11/2018,283.31
9/12/2018,416.653
9/13/2018,438.514
9/14/2018,475.949
9/15/2018,351.638
9/16/2018,352.969
9/17/2018,2129.027
9/18/2018,1785.657
9/19/2018,1746.467
9/20/2018,1166.567
9/21/2018,282.828
9/22/2018,298.969
9/23/2018,1076.407
9/24/2018,1217.622
9/25/2018,977.638
9/26/2018,748.073
9/27/2018,548.44
9/28/2018,364.381
9/29/2018,741.249
9/30/2018,453.748
10/1/2018,242.42
10/2/2018,137.733
10/3/2018,126.463
10/4/2018,121.083
10/5/2018,90.217
10/6/2018,104.602
10/7/2018,59.805
10/8/2018,97.919
10/9/2018,87.867
10/10/2018,132.919
10/11/2018,978.883
10/12/2018,3032.361
10/13/2018,3566.869
10/14/2018,2840.402
10/15/2018,1472.7
10/16/2018,533.205
10/17/2018,406.289
10/18/2018,340.141
10/19/2018,246.186
10/20/2018,232.056
10/21/2018,125.358
10/22/2018,133.938
10/23/2018,128.813
10/24/2018,114.343
10/25/2018,129.408
10/26/2018,385.646
10/27/2018,634.948
10/28/2018,571.065
10/29/2018,394.51
10/30/2018,225.855
10/31/2018,174.177
11/1/2018,90.076
11/2/2018,137.903
11/3/2018,156.28
11/4/2018,135.666
11/5/2018,800.516
11/6/2018,706.306
11/7/2018,610.085
11/8/2018,572.849
11/9/2018,429.028
11/10/2018,364.267
11/11/2018,265.527
11/12/2018,522.332
11/13/2018,1818.278
11/14/2018,1928.346
11/15/2018,2235.923
11/16/2018,1735.735
11/17/2018,1782.203
11/18/2018,1340.857
11/19/2018,738.049
11/20/2018,382.673
11/21/2018,287.557
11/22/2018,250.405
11/23/2018,240.325
11/24/2018,356.282
11/25/2018,567.893
11/26/2018,577.04
11/27/2018,389.894
11/28/2018,307.69
11/29/2018,242.93
11/30/2018,209.148
12/1/2018,203.201
12/2/2018,259.467
12/3/2018,250.434
12/4/2018,228.007
12/5/2018,190.77
12/6/2018,171.487
12/7/2018,141.811
12/8/2018,188.618
12/9/2018,282.29
12/10/2018,260.939
12/11/2018,306.529
12/12/2018,334.62
12/13/2018,304.066
12/14/2018,459.638
12/15/2018,1141.224
12/16/2018,1724.72
12/17/2018,2021.338
12/18/2018,1617.116
12/19/2018,761.241
12/20/2018,563.674
12/21/2018,884.447
12/22/2018,1558.189
12/23/2018,1733.498
12/24/2018,1151.304
12/25/2018,564.75
12/26/2018,388.28
12/27/2018,404.959
12/28/2018,943.601
12/29/2018,1269.386
12/30/2018,1491.814
12/31/2018,1136.835
1/1/2019,592.416
1/2/2019,553.848
1/3/2019,523.521
1/4/2019,475.609
1/5/2019,589.414
1/6/2019,554.811
1/7/2019,413.737
1/8/2019,359.538
1/9/2019,369.563
1/10/2019,272.832
1/11/2019,260.005
1/12/2019,221.522
1/13/2019,616.655
1/14/2019,595.729
1/15/2019,527.74
1/16/2019,360.558
1/17/2019,382.418
1/18/2019,313.071
1/19/2019,334.874
1/20/2019,434.408
1/21/2019,710.384
1/22/2019,545.693
1/23/2019,369.732
1/24/2019,706.504
1/25/2019,1008.191
1/26/2019,1021.274
1/27/2019,629.228
1/28/2019,374.546
1/29/2019,393.264
1/30/2019,327.399
1/31/2019,282.12
2/1/2019,184.116
2/2/2019,283.763
2/3/2019,281.979
2/4/2019,240.608
2/5/2019,167.522
2/6/2019,184.172
2/7/2019,247.857
2/8/2019,170.524
2/9/2019,253.152
2/10/2019,204.957
2/11/2019,280.11
2/12/2019,400.116
2/13/2019,597.315
2/14/2019,571.716
2/15/2019,434.465
2/16/2019,381.937
2/17/2019,411.641
2/18/2019,915.964
2/19/2019,894.556
2/20/2019,829.852
2/21/2019,834.524
2/22/2019,1048.373
2/23/2019,1760.993
2/24/2019,2000.157
2/25/2019,2294.482
2/26/2019,2142.024
2/27/2019,1281.93
2/28/2019,555.604
3/1/2019,539.775
3/2/2019,683.568
3/3/2019,813.598
3/4/2019,789.614
3/5/2019,742.325
3/6/2019,502.227
3/7/2019,387.884
3/8/2019,346.456
3/9/2019,305.736
3/10/2019,349.458
3/11/2019,362.738
3/12/2019,318.819
3/13/2019,293.107
3/14/2019,292.201
3/15/2019,296.222
3/16/2019,281.922
3/17/2019,263.714
3/18/2019,237.465
3/19/2019,262.497
3/20/2019,197.198
3/21/2019,749.093
3/22/2019,843.501
3/23/2019,707.297
3/24/2019,425.063
3/25/2019,358.151
3/26/2019,296.307
3/27/2019,283.451
3/28/2019,276.23
3/29/2019,274.333
3/30/2019,224.892
3/31/2019,261.138
4/1/2019,127.992
4/2/2019,248.706
4/3/2019,170.411
4/4/2019,224.326
4/5/2019,180.605
4/6/2019,240.325
4/7/2019,286.934
4/8/2019,300.158
4/9/2019,302.055
4/10/2019,334.421
4/11/2019,273.144
4/12/2019,326.153
4/13/2019,523.606
4/14/2019,705.541
4/15/2019,732.131
4/16/2019,621.101
4/17/2019,548.27
4/18/2019,385.505
4/19/2019,473.91
4/20/2019,729.214
4/21/2019,687.419
4/22/2019,465.896
4/23/2019,345.21
4/24/2019,279.005
4/25/2019,238.258
4/26/2019,230.216
4/27/2019,184.937
4/28/2019,243.27
4/29/2019,200.2
4/30/2019,209.743
5/1/2019,166.616
5/2/2019,182.7
5/3/2019,183.21
5/4/2019,198.784
5/5/2019,274.446
5/6/2019,264.904
5/7/2019,256.097
5/8/2019,244.459
5/9/2019,230.074
5/10/2019,208.213
5/11/2019,219.993
5/12/2019,227.242
5/13/2019,395.019
5/14/2019,353.564
5/15/2019,279.997
5/16/2019,183.719
5/17/2019,169.136
5/18/2019,152.344
5/19/2019,143.425
5/20/2019,138.243
5/21/2019,116.722
5/22/2019,112.757
5/23/2019,133.485
5/24/2019,115.844
5/25/2019,148.069
5/26/2019,112.842
5/27/2019,97.976
5/28/2019,116.41
5/29/2019,85.715
5/30/2019,116.977
5/31/2019,105.225
6/1/2019,121.649
6/2/2019,145.407
6/3/2019,114.626
6/4/2019,120.686
6/5/2019,112.361
6/6/2019,119.327
6/7/2019,175.564
6/8/2019,290.87
6/9/2019,660.489
6/10/2019,1229.855
6/11/2019,1051.346
6/12/2019,697.245
6/13/2019,674.195
6/14/2019,718.114
6/15/2019,454.173
6/16/2019,207.76
6/17/2019,162.34
6/18/2019,328.447
6/19/2019,563.703
6/20/2019,550.875
6/21/2019,278.609
6/22/2019,251.057
6/23/2019,157.583
6/24/2019,200.851
6/25/2019,95.399
6/26/2019,210.592
6/27/2019,123.405
6/28/2019,122.952
6/29/2019,115.363
6/30/2019,127.086
7/1/2019,102.875
7/2/2019,90.416
7/3/2019,82.487
7/4/2019,147.417
7/5/2019,100.355
7/6/2019,177.008
7/7/2019,271.445
7/8/2019,209.261
7/9/2019,138.639
7/10/2019,118.874
7/11/2019,161.972
7/12/2019,145.605
7/13/2019,73.652
7/14/2019,150.447
7/15/2019,88.547
7/16/2019,86.366
7/17/2019,58.814
7/18/2019,59.692
7/19/2019,68.413
7/20/2019,79.23
7/21/2019,67.875
7/22/2019,69.971
7/23/2019,254.426
7/24/2019,134.703
7/25/2019,189.298
7/26/2019,135.128
7/27/2019,104.829
7/28/2019,94.012
7/29/2019,49.866
7/30/2019,57.03
7/31/2019,58.333
8/1/2019,60.343
8/2/2019,104.8
8/3/2019,206.401
8/4/2019,146.086
8/5/2019,120.46
8/6/2019,80.816
8/7/2019,89.651
8/8/2019,68.753
8/9/2019,88.377
8/10/2019,-6.541
8/11/2019,120.545
8/12/2019,37.265
8/13/2019,84.497
8/14/2019,71.811
8/15/2019,74.417
8/16/2019,67.394
8/17/2019,98.911
8/18/2019,87.556
8/19/2019,69.631
8/20/2019,70.197
8/21/2019,45.42
8/22/2019,70.565
8/23/2019,78.438
8/24/2019,96.334
8/25/2019,78.947
8/26/2019,95.258
8/27/2019,81.099
8/28/2019,46.893
8/29/2019,61.334
8/30/2019,55.161
8/31/2019,53.717
9/1/2019,57.908
9/2/2019,62.325
9/3/2019,36.444
9/4/2019,44.769
9/5/2019,49.016
9/6/2019,-60.202
9/7/2019,111.398
9/8/2019,50.885
9/9/2019,50.914
9/10/2019,40.295
9/11/2019,33.442
9/12/2019,44.203
9/13/2019,19.397
9/14/2019,66.035
9/15/2019,64.392
9/16/2019,41.654
9/17/2019,35.991
9/18/2019,18.349
9/19/2019,53.944
9/20/2019,22.484
9/21/2019,35.934
9/22/2019,46.921
9/23/2019,29.506
9/24/2019,27.581
9/25/2019,33.329
9/26/2019,20.416
9/27/2019,30.724
9/28/2019,41.796
9/29/2019,35.113
9/30/2019,45.533
10/1/2019,29.931
10/2/2019,25.825
10/3/2019,48.903
10/4/2019,20.643
10/5/2019,41.881
10/6/2019,30.101
10/7/2019,38.228
10/8/2019,23.673
10/9/2019,29.987
10/10/2019,28.543
10/11/2019,32.338
10/12/2019,28.458
10/13/2019,64.109
10/14/2019,32.536
10/15/2019,9.09
10/16/2019,133.344
10/17/2019,35.283
10/18/2019,54.708
10/19/2019,25.938
10/20/2019,288.237
10/21/2019,116.75
10/22/2019,234.944
10/23/2019,125.443
10/24/2019,114.825
10/25/2019,98.458
10/26/2019,63.515
10/27/2019,97.608
10/28/2019,90.784
10/29/2019,219.342
10/30/2019,163.275
10/31/2019,297.27
11/1/2019,483.255
11/2/2019,595.106
11/3/2019,311.994
11/4/2019,117.288
11/5/2019,157.781
11/6/2019,53.037
11/7/2019,108.595
11/8/2019,95.909
11/9/2019,116.637
11/10/2019,91.095
11/11/2019,60.428
11/12/2019,158.801
11/13/2019,4.955
11/14/2019,96.362
11/15/2019,91.746
11/16/2019,63.09
11/17/2019,92.256
11/18/2019,67.281
11/19/2019,68.668
11/20/2019,58.786
11/21/2019,99.25
11/22/2019,114.202
11/23/2019,86.593
11/24/2019,135.779
11/25/2019,165.229
11/26/2019,183.578
11/27/2019,149.541
11/28/2019,116.184
11/29/2019,91.265
11/30/2019,133.061
12/1/2019,162.029
12/2/2019,377.406
12/3/2019,546.401
12/4/2019,313.58
12/5/2019,217.218
12/6/2019,148.437
12/7/2019,121.564
12/8/2019,136.572
12/9/2019,92.313
12/10/2019,125.925
12/11/2019,123.036
12/12/2019,116.099
12/13/2019,197.849
12/14/2019,362.2
12/15/2019,426.961
12/16/2019,495.601
12/17/2019,338.244
12/18/2019,260.741
12/19/2019,196.688
12/20/2019,147.106
12/21/2019,196.547
12/22/2019,96.39
12/23/2019,122.3
12/24/2019,105.338
12/25/2019,103.639
12/26/2019,75.578
12/27/2019,119.978
12/28/2019,115.617
12/29/2019,130.54
12/30/2019,101.346
12/31/2019,149.626
1/1/2020,146.766
1/2/2020,152.316
1/3/2020,215.689
1/4/2020,253.747
1/5/2020,265.243
1/6/2020,245.79
1/7/2020,241.118
1/8/2020,125.019
1/9/2020,210.592
1/10/2020,165.851
1/11/2020,176.046
1/12/2020,263.771
1/13/2020,352.714
1/14/2020,465.641
1/15/2020,434.635
1/16/2020,273.795
1/17/2020,247.319
1/18/2020,228.998
1/19/2020,181.794
1/20/2020,126.831
1/21/2020,131.815
1/22/2020,120.346
1/23/2020,181.369
1/24/2020,217.501
1/25/2020,554.896
1/26/2020,792.389
1/27/2020,554.528
1/28/2020,312.164
1/29/2020,272.238
1/30/2020,171.713
1/31/2020,233.953
2/1/2020,169.108
2/2/2020,202.097
2/3/2020,132.834
2/4/2020,148.833
2/5/2020,213.537
2/6/2020,819.063
2/7/2020,1833.824
2/8/2020,2553.892
2/9/2020,2981.334
2/10/2020,2088.024
2/11/2020,1086.969
2/12/2020,1114.096
2/13/2020,1176.308
2/14/2020,962.63
2/15/2020,858.82
2/16/2020,495.034
2/17/2020,348.891
2/18/2020,289.256
2/19/2020,244.091
2/20/2020,256.663
2/21/2020,209.827
2/22/2020,184.626
2/23/2020,142.858
2/24/2020,195.018
2/25/2020,257.286
2/26/2020,335.922
2/27/2020,207.166
2/28/2020,233.274
2/29/2020,199.832
3/1/2020,199.464
3/2/2020,224.722
3/3/2020,121.96
3/4/2020,157.725
3/5/2020,198.869
3/6/2020,172.336
3/7/2020,170.58
3/8/2020,141.726
3/9/2020,153.024
3/10/2020,149.909
3/11/2020,122.612
3/12/2020,156.28
3/13/2020,188.108
3/14/2020,120.29
3/15/2020,192.186
3/16/2020,152.769
3/17/2020,151.665
3/18/2020,127.426
3/19/2020,164.719
3/20/2020,180.888
3/21/2020,135.666
3/22/2020,146.171
3/23/2020,206.345
3/24/2020,155.459
3/25/2020,441.459
3/26/2020,552.178
3/27/2020,461.422
3/28/2020,331.873
3/29/2020,233.047
3/30/2020,225.826
3/31/2020,187.004
4/1/2020,204.051
4/2/2020,252.246
4/3/2020,197.623
4/4/2020,195.612
4/5/2020,168.91
4/6/2020,141.301
4/7/2020,160.018
4/8/2020,176.244
4/9/2020,139.517
4/10/2020,132.381
4/11/2020,147.757
4/12/2020,131.56
4/13/2020,483.991
4/14/2020,808.048
4/15/2020,1010.655
4/16/2020,818.214
4/17/2020,537.51
4/18/2020,243.949
4/19/2020,222.91
4/20/2020,249.414
4/21/2020,236.87
4/22/2020,183.465
4/23/2020,174.233
4/24/2020,218.521
4/25/2020,206.345
4/26/2020,254.625
4/27/2020,321.084
4/28/2020,300.809
4/29/2020,238.229
4/30/2020,634.013
5/1/2020,946.206
5/2/2020,1092.406
5/3/2020,506.106
5/4/2020,260.996
5/5/2020,229.423
5/6/2020,253.152
5/7/2020,217.7
5/8/2020,226.506
5/9/2020,169.646
5/10/2020,85.007
5/11/2020,218.889
5/12/2020,121.847
5/13/2020,112.503
5/14/2020,142.518
5/15/2020,140.253
5/16/2020,113.89
5/17/2020,143.17
5/18/2020,150.221
5/19/2020,301.716
5/20/2020,878.246
5/21/2020,1593.585
5/22/2020,1947.884
5/23/2020,2406.843
5/24/2020,2636.039
5/25/2020,2125.516
5/26/2020,1483.404
5/27/2020,1150.88
5/28/2020,786.442
5/29/2020,861.624
5/30/2020,567.101
5/31/2020,293.249
6/1/2020,251.765
6/2/2020,254.115
6/3/2020,247.857
6/4/2020,236.417
6/5/2020,239.617
6/6/2020,228.97
6/7/2020,251.566
6/8/2020,164.011
6/9/2020,120.092
6/10/2020,148.323
6/11/2020,281.129
6/12/2020,195.924
6/13/2020,155.034
6/14/2020,113.777
6/15/2020,226.223
6/16/2020,324.142
6/17/2020,2736.422
6/18/2020,1766.175
6/19/2020,1638.523
6/20/2020,1327.973
6/21/2020,1111.349
6/22/2020,752.434
6/23/2020,482.801
6/24/2020,356.905
6/25/2020,272.917
6/26/2020,245.988
6/27/2020,190.459
6/28/2020,139.092
6/29/2020,140.451
6/30/2020,151.013
,
,
,
,
,
,
,
,
,
,
,
,
,
,
,
,
,
,
,
,
,
,
,
,
,
,
,
,
,
,
,
,
,
,
,
,
,
,
,
,
,
,
,
,
,
,
,
,
,
,
,
,
,
,
,
,
,
,
,
,
,
,
,
,
,
,
,
,
,
,
,
,
,
,
,
,
,
,
,
,
,
,
,
,
,
,
,
,
,
,
,
,
,
,
,
,
,
,
,
,
,
,
,
,
,
,
,
,
,
,
,
,
,
,
,
,
,
,
,
,
,
,
,
,
,
,
,
,
,
,
,
,
,
,
,
,
,
,
,
,
,
,
,
,
,
,
,
,
,
,
,
,
,
,
,
,
,
,
,
,
,
,
,
,
,
,
,
,
,
,
,
,
,
,
,
,
,
,
,
,
,
,
,
,
,
,
,
,
,
,
,
,
,
,
,
,
,
,
,
,
,
,
,
,
,
,
,
,
,
,
,
,
,
,
,
,
,
,
,
,
,
,
,
,
,
,
,
,
,
,
,
,
,
,
,
,
,
,
,
,
,
,
,
,
,
,
,
,
,
,
,
,
,
,
,
,
,
,
,
,
,
,
,
,
,
,
,
,
,
,
,
,
,
,
,
,
,
,
,
,
,
,
,
,
,
,
,
,
,
,
,
,
,
,
,
,
,
,
,
,
,
,
,
,
,
,
,
,
,
,
,
,
,
,
,
,
,
,
,
,
,
,
,
,
,
,
,
,
,
,
,
,
,
,
,
,
,
,
,
,
,
,
,
,
,
,
,
,
,
,
,
,
,
,
,
,
,
,
,
,
,
,
,
,
,
,
,
,
,
,
,
,
,
,
,
,
,
,
,
,
,
,
,
,
,
,
,
,
,
,
,
,
,
,
,
,
,
,
,
,
,
,
,
,
,
,
,
,
,
,
,
,
,
,
,
,
,
,
,
,
,
,
,
,
,
,
,
,
,
,
,
,
,
,
,
,
,
,
,
,
,
,
,
,
,
,
,
,
,
,
,
,
,
,
,
,
,
,
,
,
,
,
,
,
,
,
,
,
,
,
,
,
,
,
,
,
,
,
,
,
,
,
,
,
,
,
,
,
,
,
,
,
,
,
,
,
,
,
,
,
,
,
,
,
,
,
,
,
,
,
,
,
,
,
,
,
,
,
,
,
,
,
,
,
,
,
,
,
,
,
,
,
,
,
,
,
,
,
,
,
,
,
,
,
,
,
,
,
,
,
,
,
,
,
,
,
,
,
,
,
,
,
,
,
,
,
,
,
,
,
,
,
,
,
,
,
,
,
,
,
,
,
,
,
,
,
,
,
,
,
,
,
,
,
,
,
,
,
,
,
,
,
,
,
,
,
,
,
,
,
,
,
,
,
,
,
,
,
,
,
,
,
,
,
,
,
,
,
,
,
,
,
,
,
,
,
,
,
,
,
,
,
,
,
,
,
,
,
,
,
,
,
,
,
,
,
,
,
,
,
,
,
,
,
,
,
,
,
,
,
,
,
,
,
,
,
,
,
,
,
,
,
,
,
,
,
,
,
,
,
,
,
,
,
,
,
,
,
,
,
,
,
,
,
,
,
,
,
,
,
,
,
,
,
,
,
,
,
,
,
,
,
,
,
,
,
,
,
,
,
,
,
,
,
,
,
,
,
,
,
,
,
,
,
,
,
,
,
,
,
,
,
,
,
,
,
,
,
,
,
,
,
,
,
,
,
,
,
,
,
,
,
,
,
,
,
,
,
,
,
,
,
,
,
,
,
,
,
,
,
,
,
,
,
,
,
,
,
,
,
,
,
,
,
,
,
,
,
,
,
,
,
,
,
,
,
,
,
,
,
,
,
,
,
,
,
,
,
,
,
,
,
,
,
,
,
,
,
,
,
,
,
,
,
,
,
,
,
,
,
,
,
,
,
,
,
,
,
,
,
,
,
,
,
,
,
,
,
,
,
,
,
,
,
,
,
,
,
,
,
,
,
,
,
,
,
,
,
,
,
,
,
,
,
,
,
,
,
,
,
,
,
,
,
,
,
,
,
,
,
,
,
,
,
,
,
,
,
,
,
,
,
,
,
,
,
,
,
,
,
,
,
,
,
,
,
,
,
,
,
,
,
,
,
,
,
,
,
,
,
,
,
,
,
,
,
,
,
,
,
,
,
,
,
,
,
,
,
,
,
,
,
,
,
,
,
,
,
,
,
,
,
,
,
,
,
,
,
,
,
,
,
,
,
,
,
,
,
,
,
,
,
,
,
,
,
,
,
,
,
,
,
,
,
,
,
,
,
,
,
,
,
,
,
,
,
,
,
,
,
,
,
,
,
,
,
,
,
,
,
,
,
,
,
,
,
,
,
,
,
,
,
,
,
,
,
,
,
,
,
,
,
,
,
,
,
,
,
,
,
,
,
,
,
,
,
,
,
,
,
,
,
,
,
,
,
,
,
,
,
,
,
,
,
,
,
,
,
,
,
,
,
,
,
,
,
,
,
,
,
,
,
,
,
,
,
,
,
,
,
,
,
,
,
,
,
,
,
,
,
,
,
,
,
,
,
,
,
,
,
,
,
,
,
,
,
,
,
,
,
,
,
,
,
,
,
,
,
,
,
,
,
,
,
,
,
,
,
,
,
,
,
,
,
,
,
,
,
,
,
,
,
,
,
,
,
,
,
,
,
,
,
,
,
,
,
,
,
,
,
,
,
,
,
,
,
,
,
,
,
,
,
,
,
,
,
,
,
,
,
,
,
,
,
,
,
,
,
,
,
,
,
,
,
,
,
,
,
,
,
,
,
,
,
,
,
,
,
,
,
,
,
,
,
,
,
,
,
,
,
,
,
,
,
,
,
,
,
,
,
,
,
,
,
,
,
,
,
,
,
,
,
,
,
,
,
,
,
,
,
,
,
,
,
,
,
,
,
,
,
,
,
,
,
,
,
,
,
,
,
,
,
,
,
,
,
,
,
,
,
,
,
,
,
,
,
,
,
,
,
,
,
,
,
,
,
,
,
,
,
,
,
,
,
,
,
,
,
,
,
,
,
,
,
,
,
,
,
,
,
,
,
,
,
,
,
,
,
,
,
,
,
,
,
,
,
,
,
,
,
,
,
,
,
,
,
,
,
,
,
,
,
,
,
,
,
,
,
,
,
,
,
,
,
,
,
,
,
,
,
,
,
,
,
,
,
,
,
,
,
,
,
,
,
,
,
,
,
,
,
,
,
,
,
,
,
,
,
,
,
,
,
,
,
,
,
,
,
,
,
,
,
,
,
,
,
,
,
,
,
,
,
,
,
,
,
,
,
,
,
,
,
,
,
,
,
,
,
,
,
,
,
,
,
,
,
,
,
,
,
,
,
,
,
,
,
,
,
,
,
,
,
,
,
,
,
,
,
,
,
,
,
,
,
,
,
,
,
,
,
,
,
,
,
,
,
,
,
,
,
,
,
,
,
,
,
,
,
,
,
,
,
,
,
,
,
,
,
,
,
,
,
,
,
,
,
,
,
,
,
,
,
,
,
,
,
,
,
,
,
,
,
,
,
,
,
,
,
,
,
,
,
,
,
,
,
,
,
,
,
,
,
,
,
,
,
,
,
,
,
,
,
,
,
,
,
,
,
,
,
,
,
,
,
,
,
,
,
,
,
,
,
,
,
,
,
,
,
,
,
,
,
,
,
,
,
,
,
,
,
,
,
,
,
,
,
,
,
,
,
,
,
,
,
,
,
,
,
,
,
,
,
,
,
,
,
,
,
,
,
,
,
,
,
,
,
,
,
,
,
,
,
,
,
,
,
,
,
,
,
,
,
,
,
,
,
,
,
,
,
,
,
,
,
,
,
,
,
,
,
,
,
,
,
,
,
,
,
,
,
,
,
,
,
,
,
,
,
,
,
,
,
,
,
,
,
,
,
,
,
,
,
,
,
,
,
,
,
,
,
,
,
,
,
,
,
,
,
,
,
,
,
,
,
,
,
,
,
,
,
,
,
,
,
,
,
,
,
,
,
,
,
,
,
,
,
,
,
,
,
,
,
,
,
,
,
,
,
,
,
,
,
,
,
,
,
,
,
,
,
,
,
,
,
,
,
,
,
,
,
,
,
,
,
,
,
,
,
,
,
,
,
,
,
,
,
,
,
,
,
,
,
,
,
,
,
,
,
,
,
,
,
,
,
,
,
,
,
,
,
,
,
,
,
,
,
,
,
,
,
,
,
,
,
,
,
,
,
,
,
,
,
,
,
,
,
,
,
,
,
,
,
,
,
,
,
,
,
,
,
,
,
,
,
,
,
,
,
,
,
,
,
,
,
,
,
,
,
,
,
,
,
,
,
,
,
,
,
,
,
,
,
,
,
,
,
,
,
,
,
,
,
,
,
,
,
,
,
,
,
,
,
,
,
,
,
,
,
,
,
,
,
,
,
,
,
,
,
,
,
,
,
,
,
,
,
,
,
,
,
,
,
,
,
,
,
,
,
,
,
,
,
,
,
,
,
,
,
,
,
,
,
,
,
,
,
,
,
,
,
,
,
,
,
,
,
,
,
,
,
,
,
,
,
,
,
,
,
,
,
,
,
,
,
,
,
,
,
,
,
,
,
,
,
,
,
,
,
,
,
,
,
,
,
,
,
,
,
,
,
,
,
,
,
,
,
,
,
,
,
,
,
,
,
,
,
,
,
,
,
,
,
,
,
,
,
,
,
,
,
,
,
,
,
,
,
,
,
,
,
,
,
,
,
,
,
,
,
,
,
,
,
,
,
,
,
,
,
,
,
,
,
,
,
,
,
,
,
,
,
,
,
,
,
,
,
,
,
,
,
,
,
,
,
,
,
,
,
,
,
,
,
,
,
,
,
,
,
,
,
,
,
,
,
,
,
,
,
,
,
,
,
,
,
,
,
,
,
,
,
,
,
,
,
,
,
,
,
,
,
,
,
,
,
,
,
,
,
,
,
,
,
,
,
,
,
,
,
,
,
,
,
,
,
,
,
,
,
,
,
,
,
,
,
,
,
,
,
,
,
,
,
,
,
,
,
,
,
,
,
,
,
,
,
,
,
,
,
,
,
,
,
,
,
,
,
,
,
,
,
,
,
,
,
,
,
,
,
,
,
,
,
,
,
,
,
,
,
,
,
,
,
,
,
,
,
,
,
,
,
,
,
,
,
,
,
,
,
,
,
,
,
,
,
,
,
,
,
,
,
,
,
,
,
,
,
,
,
,
,
,
,
,
,
,
,
,
,
,
,
,
,
,
,
,
,
,
,
,
,
,
,
,
,
,
,
,
,
,
,
,
,
,
,
,
,
,
,
,
,
,
,
,
,
,
,
,
,
,
,
,
,
,
,
,
,
,
,
,
,
,
,
,
,
,
,
,
,
,
,
,
,
,
,
,
,
,
,
,
,
,
,
,
,
,
,
,
,
,
,
,
,
,
,
,
,
,
,
,
,
,
,
,
,
,
,
,
,
,
,
,
,
,
,
,
,
,
,
,
,
,
,
,
,
,
,
,
,
,
,
,
,
,
,
,
,
,
,
,
,
,
,
,
,
,
,
,
,
,
,
,
,
,
,
,
,
,
,
,
,
,
,
,
,
,
,
,
,
,
,
,
,
,
,
,
,
,
,
,
,
,
,
,
,
,
,
,
,
,
,
,
,
,
,
,
,
,
,
,
,
,
,
,
,
,
,
,
,
,
,
,
,
,
,
,
,
,
,
,
,
,
,
,
,
,
,
,
,
,
,
,
,
,
,
,
,
,
,
,
,
,
,
,
,
,
,
,
,
,
,
,
,
,
,
,
,
,
,
,
,
,
,
,
,
,
,
,
,
,
,
,
,
,
,
,
,
,
,
,
,
,
,
,
,
,
,
,
,
,
,
,
,
,
,
,
,
,
,
,
,
,
,
,
,
,
,
,
,
,
,
,
,
,
,
,
,
,
,
,
,
,
,
,
,
,
,
,
,
,
,
,
,
,
,
,
,
,
,
,
,
,
,
,
,
,
,
,
,
,
,
,
,
,
,
,
,
,
,
,
,
,
,
,
,
,
,
,
,
,
,
,
,
,
,
,
,
,
,
,
,
,
,
,
,
,
,
,
,
,
,
,
,
,
,
,
,
,
,
,
,
,
,
,
,
,
,
,
,
,
,
,
,
,
,
,
,
,
,
,
,
,
,
,
,
,
,
,
,
,
,
,
,
,
,
,
,
,
,
,
,
,
,
,
,
,
,
,
,
,
,
,
,
,
,
,
,
,
,
,
,
,
,
,
,
,
,
,
,
,
,
,
,
,
,
,
,
,
,
,
,
,
,
,
,
,
,
,
,
,
,
,
,
,
,
,
,
,
,
,
,
,
,
,
,
,
,
,
,
,
,
,
,
,
,
,
,
,
,
,
,
,
,
,
,
,
,
,
,
,
,
,
,
,
,
,
,
,
,
,
,
,
,
,
,
,
,
,
,
,
,
,
,
,
,
,
,
,
,
,
,
,
,
,
,
,
,
,
,
,
,
,
,
,
,
,
,
,
,
,
,
,
,
,
,
,
,
,
,
,
,
,
,
,
,
,
,
,
,
,
,
,
,
,
,
,
,
,
,
,
,
,
,
,
,
,
,
,
,
,
,
,
,
,
,
,
,
,
,
,
,
,
,
,
,
,
,
,
,
,
,
,
,
,
,
,
,
,
,
,
,
,
,
,
,
,
,
,
,
,
,
,
,
,
,
,
,
,
,
,
,
,
,
,
,
,
,
,
,
,
,
,
,
,
,
,
,
,
,
,
,
,
,
,
,
,
,
,
,
,
,
,
,
,
,
,
,
,
,
,
,
,
,
,
,
,
,
,
,
,
,
,
,
,
,
,
,
,
,
,
,
,
,
,
,
,
,
,
,
,
,
,
,
,
,
,
,
,
,
,
,
,
,
,
,
,
,
,
,
,
,
,
,
,
,
,
,
,
,
,
,
,
,
,
,
,
,
,
,
,
,
,
,
,
,
,
,
,
,
,
,
,
,
,
,
,
,
,
,
,
,
,
,
,
,
,
,
,
,
,
,
,
,
,
,
,
,
,
,
,
,
,
,
,
,
,
,
,
,
,
,
,
,
,
,
,
,
,
,
,
,
,
,
,
,
,
,
,
,
,
,
,
,
,
,
,
,
,
,
,
,
,
,
,
,
,
,
,
,
,
,
,
,
,
,
,
,
,
,
,
,
,
,
,
,
,
,
,
,
,
,
,
,
,
,
,
,
,
,
,
,
,
,
,
,
,
,
,
,
,
,
,
,
,
,
,
,
,
,
,
,
,
,
,
,
,
,
,
,
,
,
,
,
,
,
,
,
,
,
,
,
,
,
,
,
,
,
,
,
,
,
,
,
,
,
,
,
,
,
,
,
,
,
,
,
,
,
,
,
,
,
,
,
,
,
,
,
,
,
,
,
,
,
,
,
,
,
,
,
,
,
,
,
,
,
,
,
,
,
,
,
,
,
,
,
,
,
,
,
,
,
,
,
,
,
,
,
,
,
,
,
,
,
,
,
,
,
,
,
,
,
,
,
,
,
,
,
,
,
,
,
,
,
,
,
,
,
,
,
,
,
,
,
,
,
,
,
,
,
,
,
,
,
,
,
,
,
,
,
,
,
,
,
,
,
,
,
,
,
,
,
,
,
,
,
,
,
,
,
,
,
,
,
,
,
,
,
,
,
,
,
,
,
,
,
,
,
,
,
,
,
,
,
,
,
,
,
,
,
,
,
,
,
,
,
,
,
,
,
,
,
,
,
,
,
,
,
,
,
,
,
,
,
,
,
,
,
,
,
,
,
,
,
,
,
,
,
,
,
,
,
,
,
,
,
,
,
,
,
,
,
,
,
,
,
,
,
,
,
,
,
,
,
,
,
,
,
,
,
,
,
,
,
,
,
,
,
,
,
,
,
,
,
,
,
,
,
,
,
,
,
,
,
,
,
,
,
,
,
,
,
,
,
,
,
,
,
,
,
,
,
,
,
,
,
,
,
,
,
,
,
,
,
,
,
,
,
,
,
,
,
,
,
,
,
,
,
,
,
,
,
,
,
,
,
,
,
,
,
,
,
,
,
,
,
,
,
,
,
,
,
,
,
,
,
,
,
,
,
,
,
,
,
,
,
,
,
,
,
,
,
,
,
,
,
,
,
,
,
,
,
,
,
,
,
,
,
,
,
,
,
,
,
,
,
,
,
,
,
,
,
,
,
,
,
,
,
,
,
,
,
,
,
,
,
,
,
,
,
,
,
,
,
,
,
,
,
,
,
,
,
,
,
,
,
,
,
,
,
,
,
,
,
,
,
,
,
,
,
,
,
,
,
,
,
,
,
,
,
,
,
,
,
,
,
,
,
,
,
,
,
,
,
,
,
,
,
,
,
,
,
,
,
,
,
,
,
,
,
,
,
,
,
,
,
,
,
,
,
,
,
,
,
,
,
,
,
,
,
,
,
,
,
,
,
,
,
,
,
,
,
,
,
,
,
,
,
,
,
,
,
,
,
,
,
,
,
,
,
,
,
,
,
,
,
,
,
,
,
,
,
,
,
,
,
,
,
,
,
,
,
,
,
,
,
,
,
,
,
,
,
,
,
,
,
,
,
,
,
,
,
,
,
,
,
,
,
,
,
,
,
,
,
,
,
,
,
,
,
,
,
,
,
,
,
,
,
,
,
,
,
,
,
,
,
,
,
,
,
,
,
,
,
,
,
,
,
,
,
,
,
,
,
,
,
,
,
,
,
,
,
,
,
,
,
,
,
,
,
,
,
,
,
,
,
,
,
,
,
,
,
,
,
,
,
,
,
,
,
,
,
,
,
,
,
,
,
,
,
,
,
,
,
,
,
,
,
,
,
,
,
,
,
,
,
,
,
,
,
,
,
,
,
,
,
,
,
,
,
,
,
,
,
,
,
,
,
,
,
,
,
,
,
,
,
,
,
,
,
,
,
,
,
,
,
,
,
,
,
,
,
,
,
,
,
,
,
,
,
,
,
,
,
,
,
,
,
,
,
,
,
,
,
,
,
,
,
,
,
,
,
,
,
,
,
,
,
,
,
,
,
,
,
,
,
,
,
,
,
,
,
,
,
,
,
,
,
,
,
,
,
,
,
,
,
,
,
,
,
,
,
,
,
,
,
,
,
,
,
,
,
,
,
,
,
,
,
,
,
,
,
,
,
,
,
,
,
,
,
,
,
,
,
,
,
,
,
,
,
,
,
,
,
,
,
,
,
,
,
,
,
,
,
,
,
,
,
,
,
,
,
,
,
,
,
,
,
,
,
,
,
,
,
,
,
,
,
,
,
,
,
,
,
,
,
,
,
,
,
,
,
,
,
,
,
,
,
,
,
,
,
,
,
,
,
,
,
,
,
,
,
,
,
,
,
,
,
,
,
,
,
,
,
,
,
,
,
,
,
,
,
,
,
,
,
,
,
,
,
,
,
,
,
,
,
,
,
,
,
,
,
,
,
,
,
,
,
,
,
,
,
,
,
,
,
,
,
,
,
,
,
,
,
,
,
,
,
,
,
,
,
,
,
,
,
,
,
,
,
,
,
,
,
,
,
,
,
,
,
,
,
,
,
,
,
,
,
,
,
,
,
,
,
,
,
,
,
,
,
,
,
,
,
,
,
,
,
,
,
,
,
,
,
,
,
,
,
,
,
,
,
,
,
,
,
,
,
,
,
,
,
,
,
,
,
,
,
,
,
,
,
,
,
,
,
,
,
,
,
,
,
,
,
,
,
,
,
,
,
,
,
,
,
,
,
,
,
,
,
,
,
,
,
,
,
,
,
,
,
,
,
,
,
,
,
,
,
,
,
,
,
,
,
,
,
,
,
,
,
,
,
,
,
,
,
,
,
,
,
,
,
,
,
,
,
,
,
,
,
,
,
,
,
,
,
,
,
,
,
,
,
,
,
,
,
,
,
,
,
,
,
,
,
,
,
,
,
,
,
,
,
,
,
,
,
,
,
,
,
,
,
,
,
,
,
,
,
,
,
,
,
,
,
,
,
,
,
,
,
,
,
,
,
,
,
,
,
,
,
,
,
,
,
,
,
,
,
,
,
,
,
,
,
,
,
,
,
,
,
,
,
,
,
,
,
,
,
,
,
,
,
,
,
,
,
,
,
,
,
,
,
,
,
,
,
,
,
,
,
,
,
,
,
,
,
,
,
,
,
,
,
,
,
,
,
,
,
,
,
,
,
,
,
,
,
,
,
,
,
,
,
,
,
,
,
,
,
,
,
,
,
,
,
,
,
,
,
,
,
,
,
,
,
,
,
,
,
,
,
,
,
,
,
,
,
,
,
,
,
,
,
,
,
,
,
,
,
,
,
,
,
,
,
,
,
,
,
,
,
,
,
,
,
,
,
,
,
,
,
,
,
,
,
,
,
,
,
,
,
,
,
,
,
,
,
,
,
,
,
,
,
,
,
,
,
,
,
,
,
,
,
,
,
,
,
,
,
,
,
,
,
,
,
,
,
,
,
,
,
,
,
,
,
,
,
,
,
,
,
,
,
,
,
,
,
,
,
,
,
,
,
,
,
,
,
,
,
,
,
,
,
,
,
,
,
,
,
,
,
,
,
,
,
,
,
,
,
,
,
,
,
,
,
,
,
,
,
,
,
,
,
,
,
,
,
,
,
,
,
,
,
,
,
,
,
,
,
,
,
,
,
,
,
,
,
,
,
,
,
,
,
,
,
,
,
,
,
,
,
,
,
,
,
,
,
,
,
,
,
,
,
,
,
,
,
,
,
,
,
,
,
,
,
,
,
,
,
,
,
,
,
,
,
,
,
,
,
,
,
,
,
,
,
,
,
,
,
,
,
,
,
,
,
,
,
,
,
,
,
,
,
,
,
,
,
,
,
,
,
,
,
,
,
,
,
,
,
,
,
,
,
,
,
,
,
,
,
,
,
,
,
,
,
,
,
,
,
,
,
,
,
,
,
,
,
,
,
,
,
,
,
,
,
,
,
,
,
,
,
,
,
,
,
,
,
,
,
,
,
,
,
,
,
,
,
,
,
,
,
,
,
,
,
,
,
,
,
,
,
,
,
,
,
,
,
,
,
,
,
,
,
,
,
,
,
,
,
,
,
,
,
,
,
,
,
,
,
,
,
,
,
,
,
,
,
,
,
,
,
,
,
,
,
,
,
,
,
,
,
,
,
,
,
,
,
,
,
,
,
,
,
,
,
,
,
,
,
,
,
,
,
,
,
,
,
,
,
,
,
,
,
,
,
,
,
,
,
,
,
,
,
,
,
,
,
,
,
,
,
,
,
,
,
,
,
,
,
,
,
,
,
,
,
,
,
,
,
,
,
,
,
,
,
,
,
,
,
,
,
,
,
,
,
,
,
,
,
,
,
,
,
,
,
,
,
,
,
,
,
,
,
,
,
,
,
,
,
,
,
,
,
,
,
,
,
,
,
,
,
,
,
,
,
,
,
,
,
,
,
,
,
,
,
,
,
,
,
,
,
,
,
,
,
,
,
,
,
,
,
,
,
,
,
,
,
,
,
,
,
,
,
,
,
,
,
,
,
,
,
,
,
,
,
,
,
,
,
,
,
,
,
,
,
,
,
,
,
,
,
,
,
,
,
,
,
,
,
,
,
,
,
,
,
,
,
,
,
,
,
,
,
,
,
,
,
,
,
,
,
,
,
,
,
,
,
,
,
,
,
,
,
,
,
,
,
,
,
,
,
,
,
,
,
,
,
,
,
,
,
,
,
,
,
,
,
,
,
,
,
,
,
,
,
,
,
,
,
,
,
,
,
,
,
,
,
,
,
,
,
,
,
,
,
,
,
,
,
,
,
,
,
,
,
,
,
,
,
,
,
,
,
,
,
,
,
,
,
,
,
,
,
,
,
,
,
,
,
,
,
,
,
,
,
,
,
,
,
,
,
,
,
,
,
,
,
,
,
,
,
,
,
,
,
,
,
,
,
,
,
,
,
,
,
,
,
,
,
,
,
,
,
,
,
,
,
,
,
,
,
,
,
,
,
,
,
,
,
,
,
,
,
,
,
,
,
,
,
,
,
,
,
,
,
,
,
,
,
,
,
,
,
,
,
,
,
,
,
,
,
,
,
,
,
,
,
,
,
,
,
,
,
,
,
,
,
,
,
,
,
,
,
,
,
,
,
,
,
,
,
,
,
,
,
,
,
,
,
,
,
,
,
,
,
,
,
,
,
,
,
,
,
,
,
,
,
,
,
,
,
,
,
,
,
,
,
,
,
,
,
,
,
,
,
,
,
,
,
,
,
,
,
,
,
,
,
,
,
,
,
,
,
,
,
,
,
,
,
,
,
,
,
,
,
,
,
,
,
,
,
,
,
,
,
,
,
,
,
,
,
,
,
,
,
,
,
,
,
,
,
,
,
,
,
,
,
,
,
,
,
,
,
,
,
,
,
,
,
,
,
,
,
,
,
,
,
,
,
,
,
,
,
,
,
,
,
,
,
,
,
,
,
,
,
,
,
,
,
,
,
,
,
,
,
,
,
,
,
,
,
,
,
,
,
,
,
,
,
,
,
,
,
,
,
,
,
,
,
,
,
,
,
,
,
,
,
,
,
,
,
,
,
,
,
,
,
,
,
,
,
,
,
,
,
,
,
,
,
,
,
,
,
,
,
,
,
,
,
,
,
,
,
,
,
,
,
,
,
,
,
,
,
,
,
,
,
,
,
,
,
,
,
,
,
,
,
,
,
,
,
,
,
,
,
,
,
,
,
,
,
,
,
,
,
,
,
,
,
,
,
,
,
,
,
,
,
,
,
,
,
,
,
,
,
,
,
,
,
,
,
,
,
,
,
,
,
,
,
,
,
,
,
,
,
,
,
,
,
,
,
,
,
,
,
,
,
,
,
,
,
,
,
,
,
,
,
,
,
,
,
,
,
,
,
,
,
,
,
,
,
,
,
,
,
,
,
,
,
,
,
,
,
,
,
,
,
,
,
,
,
,
,
,
,
,
,
,
,
,
,
,
,
,
,
,
,
,
,
,
,
,
,
,
,
,
,
,
,
,
,
,
,
,
,
,
,
,
,
,
,
,
,
,
,
,
,
,
,
,
,
,
,
,
,
,
,
,
,
,
,
,
,
,
,
,
,
,
,
,
,
,
,
,
,
,
,
,
,
,
,
,
,
,
,
,
,
,
,
,
,
,
,
,
,
,
,
,
,
,
,
,
,
,
,
,
,
,
,
,
,
,
,
,
,
,
,
,
,
,
,
,
,
,
,
,
,
,
,
,
,
,
,
,
,
,
,
,
,
,
,
,
,
,
,
,
,
,
,
,
,
,
,
,
,
,
,
,
,
,
,
,
,
,
,
,
,
,
,
,
,
,
,
,
,
,
,
,
,
,
,
,
,
,
,
,
,
,
,
,
,
,
,
,
,
,
,
,
,
,
,
,
,
,
,
,
,
,
,
,
,
,
,
,
,
,
,
,
,
,
,
,
,
,
,
,
,
,
,
,
,
,
,
,
,
,
,
,
,
,
,
,
,
,
,
,
,
,
,
,
,
,
,
,
,
,
,
,
,
,
,
,
,
,
,
,
,
,
,
,
,
,
,
,
,
,
,
,
,
,
,
,
,
,
,
,
,
,
,
,
,
,
,
,
,
,
,
,
,
,
,
,
,
,
,
,
,
,
,
,
,
,
,
,
,
,
,
,
,
,
,
,
,
,
,
,
,
,
,
,
,
,
,
,
,
,
,
,
,
,
,
,
,
,
,
,
,
,
,
,
,
,
,
,
,
,
,
,
,
,
,
,
,
,
,
,
,
,
,
,
,
,
,
,
,
,
,
,
,
,
,
,
,
,
,
,
,
,
,
,
,
,
,
,
,
,
,
,
,
,
,
,
,
,
,
,
,
,
,
,
,
,
,
,
,
,
,
,
,
,
,
,
,
,
,
,
,
,
,
,
,
,
,
,
,
,
,
,
,
,
,
,
,
,
,
,
,
,
,
,
,
,
,
,
,
,
,
,
,
,
,
,
,
,
,
,
,
,
,
,
,
,
,
,
,
,
,
,
,
,
,
,
,
,
,
,
,
,
,
,
,
,
,
,
,
,
,
,
,
,
,
,
,
,
,
,
,
,
,
,
,
,
,
,
,
,
,
,
,
,
,
,
,
,
,
,
,
,
,
,
,
,
,
,
,
,
,
,
,
,
,
,
,
,
,
,
,
,
,
,
,
,
,
,
,
,
,
,
,
,
,
,
,
,
,
,
,
,
,
,
,
,
,
,
,
,
,
,
,
,
,
,
,
,
,
,
,
,
,
,
,
,
,
,
,
,
,
,
,
,
,
,
,
,
,
,
,
,
,
,
,
,
,
,
,
,
,
,
,
,
,
,
,
,
,
,
,
,
,
,
,
,
,
,
,
,
,
,
,
,
,
,
,
,
,
,
,
,
,
,
,
,
,
,
,
,
,
,
,
,
,
,
,
,
,
,
,
,
,
,
,
,
,
,
,
,
,
,
,
,
,
,
,
,
,
,
,
,
,
,
,
,
,
,
,
,
,
,
,
,
,
,
,
,
,
,
,
,
,
,
,
,
,
,
,
,
,
,
,
,
,
,
,
,
,
,
,
,
,
,
,
,
,
,
,
,
,
,
,
,
,
,
,
,
,
,
,
,
,
,
,
,
,
,
,
,
,
,
,
,
,
,
,
,
,
,
,
,
,
,
,
,
,
,
,
,
,
,
,
,
,
,
,
,
,
,
,
,
,
,
,
,
,
,
,
,
,
,
,
,
,
,
,
,
,
,
,
,
,
,
,
,
,
,
,
,
,
,
,
,
,
,
,
,
,
,
,
,
,
,
,
,
,
,
,
,
,
,
,
,
,
,
,
,
,
,
,
,
,
,
,
,
,
,
,
,
,
,
,
,
,
,
,
,
,
,
,
,
,
,
,
,
,
,
,
,
,
,
,
,
,
,
,
,
,
,
,
,
,
,
,
,
,
,
,
,
,
,
,
,
,
,
,
,
,
,
,
,
,
,
,
,
,
,
,
,
,
,
,
,
,
,
,
,
,
,
,
,
,
,
,
,
,
,
,
,
,
,
,
,
,
,
,
,
,
,
,
,
,
,
,
,
,
,
,
,
,
,
,
,
,
,
,
,
,
,
,
,
,
,
,
,
,
,
,
,
,
,
,
,
,
,
,
,
,
,
,
,
,
,
,
,
,
,
,
,
,
,
,
,
,
,
,
,
,
,
,
,
,
,
,
,
,
,
,
,
,
,
,
,
,
,
,
,
,
,
,
,
,
,
,
,
,
,
,
,
,
,
,
,
,
,
,
,
,
,
,
,
,
,
,
,
,
,
,
,
,
,
,
,
,
,
,
,
,
,
,
,
,
,
,
,
,
,
,
,
,
,
,
,
,
,
,
,
,
,
,
,
,
,
,
,
,
,
,
,
,
,
,
,
,
,
,
,
,
,
,
,
,
,
,
,
,
,
,
,
,
,
,
,
,
,
,
,
,
,
,
,
,
,
,
,
,
,
,
,
,
,
,
,
,
,
,
,
,
,
,
,
,
,
,
,
,
,
,
,
,
,
,
,
,
,
,
,
,
,
,
,
,
,
,
,
,
,
,
,
,
,
,
,
,
,
,
,
,
,
,
,
,
,
,
,
,
,
,
,
,
,
,
,
,
,
,
,
,
,
,
,
,
,
,
,
,
,
,
,
,
,
,
,
,
,
,
,
,
,
,
,
,
,
,
,
,
,
,
,
,
,
,
,
,
,
,
,
,
,
,
,
,
,
,
,
,
,
,
,
,
,
,
,
,
,
,
,
,
,
,
,
,
,
,
,
,
,
,
,
,
,
,
,
,
,
,
,
,
,
,
,
,
,
,
,
,
,
,
,
,
,
,
,
,
,
,
,
,
,
,
,
,
,
,
,
,
,
,
,
,
,
,
,
,
,
,
,
,
,
,
,
,
,
,
,
,
,
,
,
,
,
,
,
,
,
,
,
,
,
,
,
,
,
,
,
,
,
,
,
,
,
,
,
,
,
,
,
,
,
,
,
,
,
,
,
,
,
,
,
,
,
,
,
,
,
,
,
,
,
,
,
,
,
,
,
,
,
,
,
,
,
,
,
,
,
,
,
,
,
,
,
,
,
,
,
,
,
,
,
,
,
,
,
,
,
,
,
,
,
,
,
,
,
,
,
,
,
,
,
,
,
,
,
,
,
,
,
,
,
,
,
,
,
,
,
,
,
,
,
,
,
,
,
,
,
,
,
,
,
,
,
,
,
,
,
,
,
,
,
,
,
,
,
,
,
,
,
,
,
,
,
,
,
,
,
,
,
,
,
,
,
,
,
,
,
,
,
,
,
,
,
,
,
,
,
,
,
,
,
,
,
,
,
,
,
,
,
,
,
,
,
,
,
,
,
,
,
,
,
,
,
,
,
,
,
,
,
,
,
,
,
,
,
,
,
,
,
,
,
,
,
,
,
,
,
,
,
,
,
,
,
,
,
,
,
,
,
,
,
,
,
,
,
,
,
,
,
,
,
,
,
,
,
,
,
,
,
,
,
,
,
,
,
,
,
,
,
,
,
,
,
,
,
,
,
,
,
,
,
,
,
,
,
,
,
,
,
,
,
,
,
,
,
,
,
,
,
,
,
,
,
,
,
,
,
,
,
,
,
,
,
,
,
,
,
,
,
,
,
,
,
,
,
,
,
,
,
,
,
,
,
,
,
,
,
,
,
,
,
,
,
,
,
,
,
,
,
,
,
,
,
,
,
,
,
,
,
,
,
,
,
,
,
,
,
,
,
,
,
,
,
,
,
,
,
,
,
,
,
,
,
,
,
,
,
,
,
,
,
,
,
,
,
,
,
,
,
,
,
,
,
,
,
,
,
,
,
,
,
,
,
,
,
,
,
,
,
,
,
,
,
,
,
,
,
,
,
,
,
,
,
,
,
,
,
,
,
,
,
,
,
,
,
,
,
,
,
,
,
,
,
,
,
,
,
,
,
,
,
,
,
,
,
,
,
,
,
,
,
,
,
,
,
,
,
,
,
,
,
,
,
,
,
,
,
,
,
,
,
,
,
,
,
,
,
,
,
,
,
,
,
,
,
,
,
,
,
,
,
,
,
,
,
,
,
,
,
,
,
,
,
,
,
,
,
,
,
,
,
,
,
,
,
,
,
,
,
,
,
,
,
,
,
,
,
,
,
,
,
,
,
,
,
,
,
,
,
,
,
,
,
,
,
,
,
,
,
,
,
,
,
,
,
,
,
,
,
,
,
,
,
,
,
,
,
,
,
,
,
,
,
,
,
,
,
,
,
,
,
,
,
,
,
,
,
,
,
,
,
,
,
,
,
,
,
,
,
,
,
,
,
,
,
,
,
,
,
,
,
,
,
,
,
,
,
,
,
,
,
,
,
,
,
,
,
,
,
,
,
,
,
,
,
,
,
,
,
,
,
,
,
,
,
,
,
,
,
,
,
,
,
,
,
,
,
,
,
,
,
,
,
,
,
,
,
,
,
,
,
,
,
,
,
,
,
,
,
,
,
,
,
,
,
,
,
,
,
,
,
,
,
,
,
,
,
,
,
,
,
,
,
,
,
,
,
,
,
,
,
,
,
,
,
,
,
,
,
,
,
,
,
,
,
,
,
,
,
,
,
,
,
,
,
,
,
,
,
,
,
,
,
,
,
,
,
,
,
,
,
,
,
,
,
,
,
,
,
,
,
,
,
,
,
,
,
,
,
,
,
,
,
,
,
,
,
,
,
,
,
,
,
,
,
,
,
,
,
,
,
,
,
,
,
,
,
,
,
,
,
,
,
,
,
,
,
,
,
,
,
,
,
,
,
,
,
,
,
,
,
,
,
,
,
,
,
,
,
,
,
,
,
,
,
,
,
,
,
,
,
,
,
,
,
,
,
,
,
,
,
,
,
,
,
,
,
,
,
,
,
,
,
,
,
,
,
,
,
,
,
,
,
,
,
,
,
,
,
,
,
,
,
,
,
,
,
,
,
,
,
,
,
,
,
,
,
,
,
,
,
,
,
,
,
,
,
,
,
,
,
,
,
,
,
,
,
,
,
,
,
,
,
,
,
,
,
,
,
,
,
,
,
,
,
,
,
,
,
,
,
,
,
,
,
,
,
,
,
,
,
,
,
,
,
,
,
,
,
,
,
,
,
,
,
,
,
,
,
,
,
,
,
,
,
,
,
,
,
,
,
,
,
,
,
,
,
,
,
,
,
,
,
,
,
,
,
,
,
,
,
,
,
,
,
,
,
,
,
,
,
,
,
,
,
,
,
,
,
,
,
,
,
,
,
,
,
,
,
,
,
,
,
,
,
,
,
,
,
,
,
,
,
,
,
,
,
,
,
,
,
,
,
,
,
,
,
,
,
,
,
,
,
,
,
,
,
,
,
,
,
,
,
,
,
,
,
,
,
,
,
,
,
,
,
,
,
,
,
,
,
,
,
,
,
,
,
,
,
,
,
,
,
,
,
,
,
,
,
,
,
,
,
,
,
,
,
,
,
,
,
,
,
,
,
,
,
,
,
,
,
,
,
,
,
,
,
,
,
,
,
,
,
,
,
,
,
,
,
,
,
,
,
,
,
,
,
,
,
,
,
,
,
,
,
,
,
,
,
,
,
,
,
,
,
,
,
,
,
,
,
,
,
,
,
,
,
,
,
,
,
,
,
,
,
,
,
,
,
,
,
,
,
,
,
,
,
,
,
,
,
,
,
,
,
,
,
,
,
,
,
,
,
,
,
,
,
,
,
,
,
,
,
,
,
,
,
,
,
,
,
,
,
,
,
,
,
,
,
,
,
,
,
,
,
,
,
,
,
,
,
,
,
,
,
,
,
,
,
,
,
,
,
,
,
,
,
,
,
,
,
,
,
,
,
,
,
,
,
,
,
,
,
,
,
,
,
,
,
,
,
,
,
,
,
,
,
,
,
,
,
,
,
,
,
,
,
,
,
,
,
,
,
,
,
,
,
,
,
,
,
,
,
,
,
,
,
,
,
,
,
,
,
,
,
,
,
,
,
,
,
,
,
,
,
,
,
,
,
,
,
,
,
,
,
,
,
,
,
,
,
,
,
,
,
,
,
,
,
,
,
,
,
,
,
,
,
,
,
,
,
,
,
,
,
,
,
,
,
,
,
,
,
,
,
,
,
,
,
,
,
,
,
,
,
,
,
,
,
,
,
,
,
,
,
,
,
,
,
,
,
,
,
,
,
,
,
,
,
,
,
,
,
,
,
,
,
,
,
,
,
,
,
,
,
,
,
,
,
,
,
,
,
,
,
,
,
,
,
,
,
,
,
,
,
,
,
,
,
,
,
,
,
,
,
,
,
,
,
,
,
,
,
,
,
,
,
,
,
,
,
,
,
,
,
,
,
,
,
,
,
,
,
,
,
,
,
,
,
,
,
,
,
,
,
,
,
,
,
,
,
,
,
,
,
,
,
,
,
,
,
,
,
,
,
,
,
,
,
,
,
,
,
,
,
,
,
,
,
,
,
,
,
,
,
,
,
,
,
,
,
,
,
,
,
,
,
,
,
,
,
,
,
,
,
,
,
,
,
,
,
,
,
,
,
,
,
,
,
,
,
,
,
,
,
,
,
,
,
,
,
,
,
,
,
,
,
,
,
,
,
,
,
,
,
,
,
,
,
,
,
,
,
,
,
,
,
,
,
,
,
,
,
,
,
,
,
,
,
,
,
,
,
,
,
,
,
,
,
,
,
,
,
,
,
,
,
,
,
,
,
,
,
,
,
,
,
,
,
,
,
,
,
,
,
,
,
,
,
,
,
,
,
,
,
,
,
,
,
,
,
,
,
,
,
,
,
,
,
,
,
,
,
,
,
,
,
,
,
,
,
,
,
,
,
,
,
,
,
,
,
,
,
,
,
,
,
,
,
,
,
,
,
,
,
,
,
,
,
,
,
,
,
,
,
,
,
,
,
,
,
,
,
,
,
,
,
,
,
,
,
,
,
,
,
,
,
,
,
,
,
,
,
,
,
,
,
,
,
,
,
,
,
,
,
,
,
,
,
,
,
,
,
,
,
,
,
,
,
,
,
,
,
,
,
,
,
,
,
,
,
,
,
,
,
,
,
,
,
,
,
,
,
,
,
,
,
,
,
,
,
,
,
,
,
,
,
,
,
,
,
,
,
,
,
,
,
,
,
,
,
,
,
,
,
,
,
,
,
,
,
,
,
,
,
,
,
,
,
,
,
,
,
,
,
,
,
,
,
,
,
,
,
,
,
,
,
,
,
,
,
,
,
,
,
,
,
,
,
,
,
,
,
,
,
,
,
,
,
,
,
,
,
,
,
,
,
,
,
,
,
,
,
,
,
,
,
,
,
,
,
,
,
,
,
,
,
,
,
,
,
,
,
,
,
,
,
,
,
,
,
,
,
,
,
,
,
,
,
,
,
,
,
,
,
,
,
,
,
,
,
,
,
,
,
,
,
,
,
,
,
,
,
,
,
,
,
,
,
,
,
,
,
,
,
,
,
,
,
,
,
,
,
,
,
,
,
,
,
,
,
,
,
,
,
,
,
,
,
,
,
,
,
,
,
,
,
,
,
,
,
,
,
,
,
,
,
,
,
,
,
,
,
,
,
,
,
,
,
,
,
,
,
,
,
,
,
,
,
,
,
,
,
,
,
,
,
,
,
,
,
,
,
,
,
,
,
,
,
,
,
,
,
,
,
,
,
,
,
,
,
,
,
,
,
,
,
,
,
,
,
,
,
,
,
,
,
,
,
,
,
,
,
,
,
,
,
,
,
,
,
,
,
,
,
,
,
,
,
,
,
,
,
,
,
,
,
,
,
,
,
,
,
,
,
,
,
,
,
,
,
,
,
,
,
,
,
,
,
,
,
,
,
,
,
,
,
,
,
,
,
,
,
,
,
,
,
,
,
,
,
,
,
,
,
,
,
,
,
,
,
,
,
,
,
,
,
,
,
,
,
,
,
,
,
,
,
,
,
,
,
,
,
,
,
,
,
,
,
,
,
,
,
,
,
,
,
,
,
,
,
,
,
,
,
,
,
,
,
,
,
,
,
,
,
,
,
,
,
,
,
,
,
,
,
,
,
,
,
,
,
,
,
,
,
,
,
,
,
,
,
,
,
,
,
,
,
,
,
,
,
,
,
,
,
,
,
,
,
,
,
,
,
,
,
,
,
,
,
,
,
,
,
,
,
,
,
,
,
,
,
,
,
,
,
,
,
,
,
,
,
,
,
,
,
,
,
,
,
,
,
,
,
,
,
,
,
,
,
,
,
,
,
,
,
,
,
,
,
,
,
,
,
,
,
,
,
,
,
,
,
,
,
,
,
,
,
,
,
,
,
,
,
,
,
,
,
,
,
,
,
,
,
,
,
,
,
,
,
,
,
,
,
,
,
,
,
,
,
,
,
,
,
,
,
,
,
,
,
,
,
,
,
,
,
,
,
,
,
,
,
,
,
,
,
,
,
,
,
,
,
,
,
,
,
,
,
,
,
,
,
,
,
,
,
,
,
,
,
,
,
,
,
,
,
,
,
,
,
,
,
,
,
,
,
,
,
,
,
,
,
,
,
,
,
,
,
,
,
,
,
,
,
,
,
,
,
,
,
,
,
,
,
,
,
,
,
,
,
,
,
,
,
,
,
,
,
,
,
,
,
,
,
,
,
,
,
,
,
,
,
,
,
,
,
,
,
,
,
,
,
,
,
,
,
,
,
,
,
,
,
,
,
,
,
,
,
,
,
,
,
,
,
,
,
,
,
,
,
,
,
,
,
,
,
,
,
,
,
,
,
,
,
,
,
,
,
,
,
,
,
,
,
,
,
,
,
,
,
,
,
,
,
,
,
,
,
,
,
,
,
,
,
,
,
,
,
,
,
,
,
,
,
,
,
,
,
,
,
,
,
,
,
,
,
,
,
,
,
,
,
,
,
,
,
,
,
,
,
,
,
,
,
,
,
,
,
,
,
,
,
,
,
,
,
,
,
,
,
,
,
,
,
,
,
,
,
,
,
,
,
,
,
,
,
,
,
,
,
,
,
,
,
,
,
,
,
,
,
,
,
,
,
,
,
,
,
,
,
,
,
,
,
,
,
,
,
,
,
,
,
,
,
,
,
,
,
,
,
,
,
,
,
,
,
,
,
,
,
,
,
,
,
,
,
,
,
,
,
,
,
,
,
,
,
,
,
,
,
,
,
,
,
,
,
,
,
,
,
,
,
,
,
,
,
,
,
,
,
,
,
,
,
,
,
,
,
,
,
,
,
,
,
,
,
,
,
,
,
,
,
,
,
,
,
,
,
,
,
,
,
,
,
,
,
,
,
,
,
,
,
,
,
,
,
,
,
,
,
,
,
,
,
,
,
,
,
,
,
,
,
,
,
,
,
,
,
,
,
,
,
,
,
,
,
,
,
,
,
,
,
,
,
,
,
,
,
,
,
,
,
,
,
,
,
,
,
,
,
,
,
,
,
,
,
,
,
,
,
,
,
,
,
,
,
,
,
,
,
,
,
,
,
,
,
,
,
,
,
,
,
,
,
,
,
,
,
,
,
,
,
,
,
,
,
,
,
,
,
,
,
,
,
,
,
,
,
,
,
,
,
,
,
,
,
,
,
,
,
,
,
,
,
,
,
,
,
,
,
,
,
,
,
,
,
,
,
,
,
,
,
,
,
,
,
,
,
,
,
,
,
,
,
,
,
,
,
,
,
,
,
,
,
,
,
,
,
,
,
,
,
,
,
,
,
,
,
,
,
,
,
,
,
,
,
,
,
,
,
,
,
,
,
,
,
,
,
,
,
,
,
,
,
,
,
,
,
,
,
,
,
,
,
,
,
,
,
,
,
,
,
,
,
,
,
,
,
,
,
,
,
,
,
,
,
,
,
,
,
,
,
,
,
,
,
,
,
,
,
,
,
,
,
,
,
,
,
,
,
,
,
,
,
,
,
,
,
,
,
,
,
,
,
,
,
,
,
,
,
,
,
,
,
,
,
,
,
,
,
,
,
,
,
,
,
,
,
,
,
,
,
,
,
,
,
,
,
,
,
,
,
,
,
,
,
,
,
,
,
,
,
,
,
,
,
,
,
,
,
,
,
,
,
,
,
,
,
,
,
,
,
,
,
,
,
,
,
,
,
,
,
,
,
,
,
,
,
,
,
,
,
,
,
,
,
,
,
,
,
,
,
,
,
,
,
,
,
,
,
,
,
,
,
,
,
,
,
,
,
,
,
,
,
,
,
,
,
,
,
,
,
,
,
,
,
,
,
,
,
,
,
,
,
,
,
,
,
,
,
,
,
,
,
,
,
,
,
,
,
,
,
,
,
,
,
,
,
,
,
,
,
,
,
,
,
,
,
,
,
,
,
,
,
,
,
,
,
,
,
,
,
,
,
,
,
,
,
,
,
,
,
,
,
,
,
,
,
,
,
,
,
,
,
,
,
,
,
,
,
,
,
,
,
,
,
,
,
,
,
,
,
,
,
,
,
,
,
,
,
,
,
,
,
,
,
,
,
,
,
,
,
,
,
,
,
,
,
,
,
,
,
,
,
,
,
,
,
,
,
,
,
,
,
,
,
,
,
,
,
,
,
,
,
,
,
,
,
,
,
,
,
,
,
,
,
,
,
,
,
,
,
,
,
,
,
,
,
,
,
,
,
,
,
,
,
,
,
,
,
,
,
,
,
,
,
,
,
,
,
,
,
,
,
,
,
,
,
,
,
,
,
,
,
,
,
,
,
,
,
,
,
,
,
,
,
,
,
,
,
,
,
,
,
,
,
,
,
,
,
,
,
,
,
,
,
,
,
,
,
,
,
,
,
,
,
,
,
,
,
,
,
,
,
,
,
,
,
,
,
,
,
,
,
,
,
,
,
,
,
,
,
,
,
,
,
,
,
,
,
,
,
,
,
,
,
,
,
,
,
,
,
,
,
,
,
,
,
,
,
,
,
,
,
,
,
,
,
,
,
,
,
,
,
,
,
,
,
,
,
,
,
,
,
,
,
,
,
,
,
,
,
,
,
,
,
,
,
,
,
,
,
,
,
,
,
,
,
,
,
,
,
,
,
,
,
,
,
,
,
,
,
,
,
,
,
,
,
,
,
,
,
,
,
,
,
,
,
,
,
,
,
,
,
,
,
,
,
,
,
,
,
,
,
,
,
,
,
,
,
,
,
,
,
,
,
,
,
,
,
,
,
,
,
,
,
,
,
,
,
,
,
,
,
,
,
,
,
,
,
,
,
,
,
,
,
,
,
,
,
,
,
,
,
,
,
,
,
,
,
,
,
,
,
,
,
,
,
,
,
,
,
,
,
,
,
,
,
,
,
,
,
,
,
,
,
,
,
,
,
,
,
,
,
,
,
,
,
,
,
,
,
,
,
,
,
,
,
,
,
,
,
,
,
,
,
,
,
,
,
,
,
,
,
,
,
,
,
,
,
,
,
,
,
,
,
,
,
,
,
,
,
,
,
,
,
,
,
,
,
,
,
,
,
,
,
,
,
,
,
,
,
,
,
,
,
,
,
,
,
,
,
,
,
,
,
,
,
,
,
,
,
,
,
,
,
,
,
,
,
,
,
,
,
,
,
,
,
,
,
,
,
,
,
,
,
,
,
,
,
,
,
,
,
,
,
,
,
,
,
,
,
,
,
,
,
,
,
,
,
,
,
,
,
,
,
,
,
,
,
,
,
,
,
,
,
,
,
,
,
,
,
,
,
,
,
,
,
,
,
,
,
,
,
,
,
,
,
,
,
,
,
,
,
,
,
,
,
,
,
,
,
,
,
,
,
,
,
,
,
,
,
,
,
,
,
,
,
,
,
,
,
,
,
,
,
,
,
,
,
,
,
,
,
,
,
,
,
,
,
,
,
,
,
,
,
,
,
,
,
,
,
,
,
,
,
,
,
,
,
,
,
,
,
,
,
,
,
,
,
,
,
,
,
,
,
,
,
,
,
,
,
,
,
,
,
,
,
,
,
,
,
,
,
,
,
,
,
,
,
,
,
,
,
,
,
,
,
,
,
,
,
,
,
,
,
,
,
,
,
,
,
,
,
,
,
,
,
,
,
,
,
,
,
,
,
,
,
,
,
,
,
,
,
,
,
,
,
,
,
,
,
,
,
,
,
,
,
,
,
,
,
,
,
,
,
,
,
,
,
,
,
,
,
,
,
,
,
,
,
,
,
,
,
,
,
,
,
,
,
,
,
,
,
,
,
,
,
,
,
,
,
,
,
,
,
,
,
,
,
,
,
,
,
,
,
,
,
,
,
,
,
,
,
,
,
,
,
,
,
,
,
,
,
,
,
,
,
,
,
,
,
,
,
,
,
,
,
,
,
,
,
,
,
,
,
,
,
,
,
,
,
,
,
,
,
,
,
,
,
,
,
,
,
,
,
,
,
,
,
,
,
,
,
,
,
,
,
,
,
,
,
,
,
,
,
,
,
,
,
,
,
,
,
,
,
,
,
,
,
,
,
,
,
,
,
,
,
,
,
,
,
,
,
,
,
,
,
,
,
,
,
,
,
,
,
,
,
,
,
,
,
,
,
,
,
,
,
,
,
,
,
,
,
,
,
,
,
,
,
,
,
,
,
,
,
,
,
,
,
,
,
,
,
,
,
,
,
,
,
,
,
,
,
,
,
,
,
,
,
,
,
,
,
,
,
,
,
,
,
,
,
,
,
,
,
,
,
,
,
,
,
,
,
,
,
,
,
,
,
,
,
,
,
,
,
,
,
,
,
,
,
,
,
,
,
,
,
,
,
,
,
,
,
,
,
,
,
,
,
,
,
,
,
,
,
,
,
,
,
,
,
,
,
,
,
,
,
,
,
,
,
,
,
,
,
,
,
,
,
,
,
,
,
,
,
,
,
,
,
,
,
,
,
,
,
,
,
,
,
,
,
,
,
,
,
,
,
,
,
,
,
,
,
,
,
,
,
,
,
,
,
,
,
,
,
,
,
,
,
,
,
,
,
,
,
,
,
,
,
,
,
,
,
,
,
,
,
,
,
,
,
,
,
,
,
,
,
,
,
,
,
,
,
,
,
,
,
,
,
,
,
,
,
,
,
,
,
,
,
,
,
,
,
,
,
,
,
,
,
,
,
,
,
,
,
,
,
,
,
,
,
,
,
,
,
,
,
,
,
,
,
,
,
,
,
,
,
,
,
,
,
,
,
,
,
,
,
,
,
,
,
,
,
,
,
,
,
,
,
,
,
,
,
,
,
,
,
,
,
,
,
,
,
,
,
,
,
,
,
,
,
,
,
,
,
,
,
,
,
,
,
,
,
,
,
,
,
,
,
,
,
,
,
,
,
,
,
,
,
,
,
,
,
,
,
,
,
,
,
,
,
,
,
,
,
,
,
,
,
,
,
,
,
,
,
,
,
,
,
,
,
,
,
,
,
,
,
,
,
,
,
,
,
,
,
,
,
,
,
,
,
,
,
,
,
,
,
,
,
,
,
,
,
,
,
,
,
,
,
,
,
,
,
,
,
,
,
,
,
,
,
,
,
,
,
,
,
,
,
,
,
,
,
,
,
,
,
,
,
,
,
,
,
,
,
,
,
,
,
,
,
,
,
,
,
,
,
,
,
,
,
,
,
,
,
,
,
,
,
,
,
,
,
,
,
,
,
,
,
,
,
,
,
,
,
,
,
,
,
,
,
,
,
,
,
,
,
,
,
,
,
,
,
,
,
,
,
,
,
,
,
,
,
,
,
,
,
,
,
,
,
,
,
,
,
,
,
,
,
,
,
,
,
,
,
,
,
,
,
,
,
,
,
,
,
,
,
,
,
,
,
,
,
,
,
,
,
,
,
,
,
,
,
,
,
,
,
,
,
,
,
,
,
,
,
,
,
,
,
,
,
,
,
,
,
,
,
,
,
,
,
,
,
,
,
,
,
,
,
,
,
,
,
,
,
,
,
,
,
,
,
,
,
,
,
,
,
,
,
,
,
,
,
,
,
,
,
,
,
,
,
,
,
,
,
,
,
,
,
,
,
,
,
,
,
,
,
,
,
,
,
,
,
,
,
,
,
,
,
,
,
,
,
,
,
,
,
,
,
,
,
,
,
,
,
,
,
,
,
,
,
,
,
,
,
,
,
,
,
,
,
,
,
,
,
,
,
,
,
,
,
,
,
,
,
,
,
,
,
,
,
,
,
,
,
,
,
,
,
,
,
,
,
,
,
,
,
,
,
,
,
,
,
,
,
,
,
,
,
,
,
,
,
,
,
,
,
,
,
,
,
,
,
,
,
,
,
,
,
,
,
,
,
,
,
,
,
,
,
,
,
,
,
,
,
,
,
,
,
,
,
,
,
,
,
,
,
,
,
,
,
,
,
,
,
,
,
,
,
,
,
,
,
,
,
,
,
,
,
,
,
,
,
,
,
,
,
,
,
,
,
,
,
,
,
,
,
,
,
,
,
,
,
,
,
,
,
,
,
,
,
,
,
,
,
,
,
,
,
,
,
,
,
,
,
,
,
,
,
,
,
,
,
,
,
,
,
,
,
,
,
,
,
,
,
,
,
,
,
,
,
,
,
,
,
,
,
,
,
,
,
,
,
,
,
,
,
,
,
,
,
,
,
,
,
,
,
,
,
,
,
,
,
,
,
,
,
,
,
,
,
,
,
,
,
,
,
,
,
,
,
,
,
,
,
,
,
,
,
,
,
,
,
,
,
,
,
,
,
,
,
,
,
,
,
,
,
,
,
,
,
,
,
,
,
,
,
,
,
,
,
,
,
,
,
,
,
,
,
,
,
,
,
,
,
,
,
,
,
,
,
,
,
,
,
,
,
,
,
,
,
,
,
,
,
,
,
,
,
,
,
,
,
,
,
,
,
,
,
,
,
,
,
,
,
,
,
,
,
,
,
,
,
,
,
,
,
,
,
,
,
,
,
,
,
,
,
,
,
,
,
,
,
,
,
,
,
,
,
,
,
,
,
,
,
,
,
,
,
,
,
,
,
,
,
,
,
,
,
,
,
,
,
,
,
,
,
,
,
,
,
,
,
,
,
,
,
,
,
,
,
,
,
,
,
,
,
,
,
,
,
,
,
,
,
,
,
,
,
,
,
,
,
,
,
,
,
,
,
,
,
,
,
,
,
,
,
,
,
,
,
,
,
,
,
,
,
,
,
,
,
,
,
,
,
,
,
,
,
,
,
,
,
,
,
,
,
,
,
,
,
,
,
,
,
,
,
,
,
,
,
,
,
,
,
,
,
,
,
,
,
,
,
,
,
,
,
,
,
,
,
,
,
,
,
,
,
,
,
,
,
,
,
,
,
,
,
,
,
,
,
,
,
,
,
,
,
,
,
,
,
,
,
,
,
,
,
,
,
,
,
,
,
,
,
,
,
,
,
,
,
,
,
,
,
,
,
,
,
,
,
,
,
,
,
,
,
,
,
,
,
,
,
,
,
,
,
,
,
,
,
,
,
,
,
,
,
,
,
,
,
,
,
,
,
,
,
,
,
,
,
,
,
,
,
,
,
,
,
,
,
,
,
,
,
,
,
,
,
,
,
,
,
,
,
,
,
,
,
,
,
,
,
,
,
,
,
,
,
,
,
,
,
,
,
,
,
,
,
,
,
,
,
,
,
,
,
,
,
,
,
,
,
,
,
,
,
,
,
,
,
,
,
,
,
,
,
,
,
,
,
,
,
,
,
,
,
,
,
,
,
,
,
,
,
,
,
,
,
,
,
,
,
,
,
,
,
,
,
,
,
,
,
,
,
,
,
,
,
,
,
,
,
,
,
,
,
,
,
,
,
,
,
,
,
,
,
,
,
,
,
,
,
,
,
,
,
,
,
,
,
,
,
,
,
,
,
,
,
,
,
,
,
,
,
,
,
,
,
,
,
,
,
,
,
,
,
,
,
,
,
,
,
,
,
,
,
,
,
,
,
,
,
,
,
,
,
,
,
,
,
,
,
,
,
,
,
,
,
,
,
,
,
,
,
,
,
,
,
,
,
,
,
,
,
,
,
,
,
,
,
,
,
,
,
,
,
,
,
,
,
,
,
,
,
,
,
,
,
,
,
,
,
,
,
,
,
,
,
,
,
,
,
,
,
,
,
,
,
,
,
,
,
,
,
,
,
,
,
,
,
,
,
,
,
,
,
,
,
,
,
,
,
,
,
,
,
,
,
,
,
,
,
,
,
,
,
,
,
,
,
,
,
,
,
,
,
,
,
,
,
,
,
,
,
,
,
,
,
,
,
,
,
,
,
,
,
,
,
,
,
,
,
,
,
,
,
,
,
,
,
,
,
,
,
,
,
,
,
,
,
,
,
,
,
,
,
,
,
,
,
,
,
,
,
,
,
,
,
,
,
,
,
,
,
,
,
,
,
,
,
,
,
,
,
,
,
,
,
,
,
,
,
,
,
,
,
,
,
,
,
,
,
,
,
,
,
,
,
,
,
,
,
,
,
,
,
,
,
,
,
,
,
,
,
,
,
,
,
,
,
,
,
,
,
,
,
,
,
,
,
,
,
,
,
,
,
,
,
,
,
,
,
,
,
,
,
,
,
,
,
,
,
,
,
,
,
,
,
,
,
,
,
,
,
,
,
,
,
,
,
,
,
,
,
,
,
,
,
,
,
,
,
,
,
,
,
,
,
,
,
,
,
,
,
,
,
,
,
,
,
,
,
,
,
,
,
,
,
,
,
,
,
,
,
,
,
,
,
,
,
,
,
,
,
,
,
,
,
,
,
,
,
,
,
,
,
,
,
,
,
,
,
,
,
,
,
,
,
,
,
,
,
,
,
,
,
,
,
,
,
,
,
,
,
,
,
,
,
,
,
,
,
,
,
,
,
,
,
,
,
,
,
,
,
,
,
,
,
,
,
,
,
,
,
,
,
,
,
,
,
,
,
,
,
,
,
,
,
,
,
,
,
,
,
,
,
,
,
,
,
,
,
,
,
,
,
,
,
,
,
,
,
,
,
,
,
,
,
,
,
,
,
,
,
,
,
,
,
,
,
,
,
,
,
,
,
,
,
,
,
,
,
,
,
,
,
,
,
,
,
,
,
,
,
,
,
,
,
,
,
,
,
,
,
,
,
,
,
,
,
,
,
,
,
,
,
,
,
,
,
,
,
,
,
,
,
,
,
,
,
,
,
,
,
,
,
,
,
,
,
,
,
,
,
,
,
,
,
,
,
,
,
,
,
,
,
,
,
,
,
,
,
,
,
,
,
,
,
,
,
,
,
,
,
,
,
,
,
,
,
,
,
,
,
,
,
,
,
,
,
,
,
,
,
,
,
,
,
,
,
,
,
,
,
,
,
,
,
,
,
,
,
,
,
,
,
,
,
,
,
,
,
,
,
,
,
,
,
,
,
,
,
,
,
,
,
,
,
,
,
,
,
,
,
,
,
,
,
,
,
,
,
,
,
,
,
,
,
,
,
,
,
,
,
,
,
,
,
,
,
,
,
,
,
,
,
,
,
,
,
,
,
,
,
,
,
,
,
,
,
,
,
,
,
,
,
,
,
,
,
,
,
,
,
,
,
,
,
,
,
,
,
,
,
,
,
,
,
,
,
,
,
,
,
,
,
,
,
,
,
,
,
,
,
,
,
,
,
,
,
,
,
,
,
,
,
,
,
,
,
,
,
,
,
,
,
,
,
,
,
,
,
,
,
,
,
,
,
,
,
,
,
,
,
,
,
,
,
,
,
,
,
,
,
,
,
,
,
,
,
,
,
,
,
,
,
,
,
,
,
,
,
,
,
,
,
,
,
,
,
,
,
,
,
,
,
,
,
,
,
,
,
,
,
,
,
,
,
,
,
,
,
,
,
,
,
,
,
,
,
,
,
,
,
,
,
,
,
,
,
,
,
,
,
,
,
,
,
,
,
,
,
,
,
,
,
,
,
,
,
,
,
,
,
,
,
,
,
,
,
,
,
,
,
,
,
,
,
,
,
,
,
,
,
,
,
,
,
,
,
,
,
,
,
,
,
,
,
,
,
,
,
,
,
,
,
,
,
,
,
,
,
,
,
,
,
,
,
,
,
,
,
,
,
,
,
,
,
,
,
,
,
,
,
,
,
,
,
,
,
,
,
,
,
,
,
,
,
,
,
,
,
,
,
,
,
,
,
,
,
,
,
,
,
,
,
,
,
,
,
,
,
,
,
,
,
,
,
,
,
,
,
,
,
,
,
,
,
,
,
,
,
,
,
,
,
,
,
,
,
,
,
,
,
,
,
,
,
,
,
,
,
,
,
,
,
,
,
,
,
,
,
,
,
,
,
,
,
,
,
,
,
,
,
,
,
,
,
,
,
,
,
,
,
,
,
,
,
,
,
,
,
,
,
,
,
,
,
,
,
,
,
,
,
,
,
,
,
,
,
,
,
,
,
,
,
,
,
,
,
,
,
,
,
,
,
,
,
,
,
,
,
,
,
,
,
,
,
,
,
,
,
,
,
,
,
,
,
,
,
,
,
,
,
,
,
,
,
,
,
,
,
,
,
,
,
,
,
,
,
,
,
,
,
,
,
,
,
,
,
,
,
,
,
,
,
,
,
,
,
,
,
,
,
,
,
,
,
,
,
,
,
,
,
,
,
,
,
,
,
,
,
,
,
,
,
,
,
,
,
,
,
,
,
,
,
,
,
,
,
,
,
,
,
,
,
,
,
,
,
,
,
,
,
,
,
,
,
,
,
,
,
,
,
,
,
,
,
,
,
,
,
,
,
,
,
,
,
,
,
,
,
,
,
,
,
,
,
,
,
,
,
,
,
,
,
,
,
,
,
,
,
,
,
,
,
,
,
,
,
,
,
,
,
,
,
,
,
,
,
,
,
,
,
,
,
,
,
,
,
,
,
,
,
,
,
,
,
,
,
,
,
,
,
,
,
,
,
,
,
,
,
,
,
,
,
,
,
,
,
,
,
,
,
,
,
,
,
,
,
,
,
,
,
,
,
,
,
,
,
,
,
,
,
,
,
,
,
,
,
,
,
,
,
,
,
,
,
,
,
,
,
,
,
,
,
,
,
,
,
,
,
,
,
,
,
,
,
,
,
,
,
,
,
,
,
,
,
,
,
,
,
,
,
,
,
,
,
,
,
,
,
,
,
,
,
,
,
,
,
,
,
,
,
,
,
,
,
,
,
,
,
,
,
,
,
,
,
,
,
,
,
,
,
,
,
,
,
,
,
,
,
,
,
,
,
,
,
,
,
,
,
,
,
,
,
,
,
,
,
,
,
,
,
,
,
,
,
,
,
,
,
,
,
,
,
,
,
,
,
,
,
,
,
,
,
,
,
,
,
,
,
,
,
,
,
,
,
,
,
,
,
,
,
,
,
,
,
,
,
,
,
,
,
,
,
,
,
,
,
,
,
,
,
,
,
,
,
,
,
,
,
,
,
,
,
,
,
,
,
,
,
,
,
,
,
,
,
,
,
,
,
,
,
,
,
,
,
,
,
,
,
,
,
,
,
,
,
,
,
,
,
,
,
,
,
,
,
,
,
,
,
,
,
,
,
,
,
,
,
,
,
,
,
,
,
,
,
,
,
,
,
,
,
,
,
,
,
,
,
,
,
,
,
,
,
,
,
,
,
,
,
,
,
,
,
,
,
,
,
,
,
,
,
,
,
,
,
,
,
,
,
,
,
,
,
,
,
,
,
,
,
,
,
,
,
,
,
,
,
,
,
,
,
,
,
,
,
,
,
,
,
,
,
,
,
,
,
,
,
,
,
,
,
,
,
,
,
,
,
,
,
,
,
,
,
,
,
,
,
,
,
,
,
,
,
,
,
,
,
,
,
,
,
,
,
,
,
,
,
,
,
,
,
,
,
,
,
,
,
,
,
,
,
,
,
,
,
,
,
,
,
,
,
,
,
,
,
,
,
,
,
,
,
,
,
,
,
,
,
,
,
,
,
,
,
,
,
,
,
,
,
,
,
,
,
,
,
,
,
,
,
,
,
,
,
,
,
,
,
,
,
,
,
,
,
,
,
,
,
,
,
,
,
,
,
,
,
,
,
,
,
,
,
,
,
,
,
,
,
,
,
,
,
,
,
,
,
,
,
,
,
,
,
,
,
,
,
,
,
,
,
,
,
,
,
,
,
,
,
,
,
,
,
,
,
,
,
,
,
,
,
,
,
,
,
,
,
,
,
,
,
,
,
,
,
,
,
,
,
,
,
,
,
,
,
,
,
,
,
,
,
,
,
,
,
,
,
,
,
,
,
,
,
,
,
,
,
,
,
,
,
,
,
,
,
,
,
,
,
,
,
,
,
,
,
,
,
,
,
,
,
,
,
,
,
,
,
,
,
,
,
,
,
,
,
,
,
,
,
,
,
,
,
,
,
,
,
,
,
,
,
,
,
,
,
,
,
,
,
,
,
,
,
,
,
,
,
,
,
,
,
,
,
,
,
,
,
,
,
,
,
,
,
,
,
,
,
,
,
,
,
,
,
,
,
,
,
,
,
,
,
,
,
,
,
,
,
,
,
,
,
,
,
,
,
,
,
,
,
,
,
,
,
,
,
,
,
,
,
,
,
,
,
,
,
,
,
,
,
,
,
,
,
,
,
,
,
,
,
,
,
,
,
,
,
,
,
,
,
,
,
,
,
,
,
,
,
,
,
,
,
,
,
,
,
,
,
,
,
,
,
,
,
,
,
,
,
,
,
,
,
,
,
,
,
,
,
,
,
,
,
,
,
,
,
,
,
,
,
,
,
,
,
,
,
,
,
,
,
,
,
,
,
,
,
,
,
,
,
,
,
,
,
,
,
,
,
,
,
,
,
,
,
,
,
,
,
,
,
,
,
,
,
,
,
,
,
,
,
,
,
,
,
,
,
,
,
,
,
,
,
,
,
,
,
,
,
,
,
,
,
,
,
,
,
,
,
,
,
,
,
,
,
,
,
,
,
,
,
,
,
,
,
,
,
,
,
,
,
,
,
,
,
,
,
,
,
,
,
,
,
,
,
,
,
,
,
,
,
,
,
,
,
,
,
,
,
,
,
,
,
,
,
,
,
,
,
,
,
,
,
,
,
,
,
,
,
,
,
,
,
,
,
,
,
,
,
,
,
,
,
,
,
,
,
,
,
,
,
,
,
,
,
,
,
,
,
,
,
,
,
,
,
,
,
,
,
,
,
,
,
,
,
,
,
,
,
,
,
,
,
,
,
,
,
,
,
,
,
,
,
,
,
,
,
,
,
,
,
,
,
,
,
,
,
,
,
,
,
,
,
,
,
,
,
,
,
,
,
,
,
,
,
,
,
,
,
,
,
,
,
,
,
,
,
,
,
,
,
,
,
,
,
,
,
,
,
,
,
,
,
,
,
,
,
,
,
,
,
,
,
,
,
,
,
,
,
,
,
,
,
,
,
,
,
,
,
,
,
,
,
,
,
,
,
,
,
,
,
,
,
,
,
,
,
,
,
,
,
,
,
,
,
,
,
,
,
,
,
,
,
,
,
,
,
,
,
,
,
,
,
,
,
,
,
,
,
,
,
,
,
,
,
,
,
,
,
,
,
,
,
,
,
,
,
,
,
,
,
,
,
,
,
,
,
,
,
,
,
,
,
,
,
,
,
,
,
,
,
,
,
,
,
,
,
,
,
,
,
,
,
,
,
,
,
,
,
,
,
,
,
,
,
,
,
,
,
,
,
,
,
,
,
,
,
,
,
,
,
,
,
,
,
,
,
,
,
,
,
,
,
,
,
,
,
,
,
,
,
,
,
,
,
,
,
,
,
,
,
,
,
,
,
,
,
,
,
,
,
,
,
,
,
,
,
,
,
,
,
,
,
,
,
,
,
,
,
,
,
,
,
,
,
,
,
,
,
,
,
,
,
,
,
,
,
,
,
,
,
,
,
,
,
,
,
,
,
,
,
,
,
,
,
,
,
,
,
,
,
,
,
,
,
,
,
,
,
,
,
,
,
,
,
,
,
,
,
,
,
,
,
,
,
,
,
,
,
,
,
,
,
,
,
,
,
,
,
,
,
,
,
,
,
,
,
,
,
,
,
,
,
,
,
,
,
,
,
,
,
,
,
,
,
,
,
,
,
,
,
,
,
,
,
,
,
,
,
,
,
,
,
,
,
,
,
,
,
,
,
,
,
,
,
,
,
,
,
,
,
,
,
,
,
,
,
,
,
,
,
,
,
,
,
,
,
,
,
,
,
,
,
,
,
,
,
,
,
,
,
,
,
,
,
,
,
,
,
,
,
,
,
,
,
,
,
,
,
,
,
,
,
,
,
,
,
,
,
,
,
,
,
,
,
,
,
,
,
,
,
,
,
,
,
,
,
,
,
,
,
,
,
,
,
,
,
,
,
,
,
,
,
,
,
,
,
,
,
,
,
,
,
,
,
,
,
,
,
,
,
,
,
,
,
,
,
,
,
,
,
,
,
,
,
,
,
,
,
,
,
,
,
,
,
,
,
,
,
,
,
,
,
,
,
,
,
,
,
,
,
,
,
,
,
,
,
,
,
,
,
,
,
,
,
,
,
,
,
,
,
,
,
,
,
,
,
,
,
,
,
,
,
,
,
,
,
,
,
,
,
,
,
,
,
,
,
,
,
,
,
,
,
,
,
,
,
,
,
,
,
,
,
,
,
,
,
,
,
,
,
,
,
,
,
,
,
,
,
,
,
,
,
,
,
,
,
,
,
,
,
,
,
,
,
,
,
,
,
,
,
,
,
,
,
,
,
,
,
,
,
,
,
,
,
,
,
,
,
,
,
,
,
,
,
,
,
,
,
,
,
,
,
,
,
,
,
,
,
,
,
,
,
,
,
,
,
,
,
,
,
,
,
,
,
,
,
,
,
,
,
,
,
,
,
,
,
,
,
,
,
,
,
,
,
,
,
,
,
,
,
,
,
,
,
,
,
,
,
,
,
,
,
,
,
,
,
,
,
,
,
,
,
,
,
,
,
,
,
,
,
,
,
,
,
,
,
,
,
,
,
,
,
,
,
,
,
,
,
,
,
,
,
,
,
,
,
,
,
,
,
,
,
,
,
,
,
,
,
,
,
,
,
,
,
,
,
,
,
,
,
,
,
,
,
,
,
,
,
,
,
,
,
,
,
,
,
,
,
,
,
,
,
,
,
,
,
,
,
,
,
,
,
,
,
,
,
,
,
,
,
,
,
,
,
,
,
,
,
,
,
,
,
,
,
,
,
,
,
,
,
,
,
,
,
,
,
,
,
,
,
,
,
,
,
,
,
,
,
,
,
,
,
,
,
,
,
,
,
,
,
,
,
,
,
,
,
,
,
,
,
,
,
,
,
,
,
,
,
,
,
,
,
,
,
,
,
,
,
,
,
,
,
,
,
,
,
,
,
,
,
,
,
,
,
,
,
,
,
,
,
,
,
,
,
,
,
,
,
,
,
,
,
,
,
,
,
,
,
,
,
,
,
,
,
,
,
,
,
,
,
,
,
,
,
,
,
,
,
,
,
,
,
,
,
,
,
,
,
,
,
,
,
,
,
,
,
,
,
,
,
,
,
,
,
,
,
,
,
,
,
,
,
,
,
,
,
,
,
,
,
,
,
,
,
,
,
,
,
,
,
,
,
,
,
,
,
,
,
,
,
,
,
,
,
,
,
,
,
,
,
,
,
,
,
,
,
,
,
,
,
,
,
,
,
,
,
,
,
,
,
,
,
,
,
,
,
,
,
,
,
,
,
,
,
,
,
,
,
,
,
,
,
,
,
,
,
,
,
,
,
,
,
,
,
,
,
,
,
,
,
,
,
,
,
,
,
,
,
,
,
,
,
,
,
,
,
,
,
,
,
,
,
,
,
,
,
,
,
,
,
,
,
,
,
,
,
,
,
,
,
,
,
,
,
,
,
,
,
,
,
,
,
,
,
,
,
,
,
,
,
,
,
,
,
,
,
,
,
,
,
,
,
,
,
,
,
,
,
,
,
,
,
,
,
,
,
,
,
,
,
,
,
,
,
,
,
,
,
,
,
,
,
,
,
,
,
,
,
,
,
,
,
,
,
,
,
,
,
,
,
,
,
,
,
,
,
,
,
,
,
,
,
,
,
,
,
,
,
,
,
,
,
,
,
,
,
,
,
,
,
,
,
,
,
,
,
,
,
,
,
,
,
,
,
,
,
,
,
,
,
,
,
,
,
,
,
,
,
,
,
,
,
,
,
,
,
,
,
,
,
,
,
,
,
,
,
,
,
,
,
,
,
,
,
,
,
,
,
,
,
,
,
,
,
,
,
,
,
,
,
,
,
,
,
,
,
,
,
,
,
,
,
,
,
,
,
,
,
,
,
,
,
,
,
,
,
,
,
,
,
,
,
,
,
,
,
,
,
,
,
,
,
,
,
,
,
,
,
,
,
,
,
,
,
,
,
,
,
,
,
,
,
,
,
,
,
,
,
,
,
,
,
,
,
,
,
,
,
,
,
,
,
,
,
,
,
,
,
,
,
,
,
,
,
,
,
,
,
,
,
,
,
,
,
,
,
,
,
,
,
,
,
,
,
,
,
,
,
,
,
,
,
,
,
,
,
,
,
,
,
,
,
,
,
,
,
,
,
,
,
,
,
,
,
,
,
,
,
,
,
,
,
,
,
,
,
,
,
,
,
,
,
,
,
,
,
,
,
,
,
,
,
,
,
,
,
,
,
,
,
,
,
,
,
,
,
,
,
,
,
,
,
,
,
,
,
,
,
,
,
,
,
,
,
,
,
,
,
,
,
,
,
,
,
,
,
,
,
,
,
,
,
,
,
,
,
,
,
,
,
,
,
,
,
,
,
,
,
,
,
,
,
,
,
,
,
,
,
,
,
,
,
,
,
,
,
,
,
,
,
,
,
,
,
,
,
,
,
,
,
,
,
,
,
,
,
,
,
,
,
,
,
,
,
,
,
,
,
,
,
,
,
,
,
,
,
,
,
,
,
,
,
,
,
,
,
,
,
,
,
,
,
,
,
,
,
,
,
,
,
,
,
,
,
,
,
,
,
,
,
,
,
,
,
,
,
,
,
,
,
,
,
,
,
,
,
,
,
,
,
,
,
,
,
,
,
,
,
,
,
,
,
,
,
,
,
,
,
,
,
,
,
,
,
,
,
,
,
,
,
,
,
,
,
,
,
,
,
,
,
,
,
,
,
,
,
,
,
,
,
,
,
,
,
,
,
,
,
,
,
,
,
,
,
,
,
,
,
,
,
,
,
,
,
,
,
,
,
,
,
,
,
,
,
,
,
,
,
,
,
,
,
,
,
,
,
,
,
,
,
,
,
,
,
,
,
,
,
,
,
,
,
,
,
,
,
