date,outflow
7/1/1952,53.802
7/2/1952,52.386
7/3/1952,58.049
7/4/1952,59.465
7/5/1952,59.465
7/6/1952,60.881
7/7/1952,65.129
7/8/1952,72.208
7/9/1952,79.287
7/10/1952,83.535
7/11/1952,55.218
7/12/1952,56.634
7/13/1952,56.634
7/14/1952,56.634
7/15/1952,56.634
7/16/1952,56.634
7/17/1952,56.634
7/18/1952,59.465
7/19/1952,59.465
7/20/1952,59.465
7/21/1952,59.465
7/22/1952,59.465
7/23/1952,59.465
7/24/1952,60.881
7/25/1952,62.297
7/26/1952,62.297
7/27/1952,62.297
7/28/1952,56.634
7/29/1952,53.802
7/30/1952,56.634
7/31/1952,56.634
8/1/1952,56.634
8/2/1952,56.634
8/3/1952,56.634
8/4/1952,56.634
8/5/1952,56.634
8/6/1952,56.634
8/7/1952,56.634
8/8/1952,56.634
8/9/1952,58.049
8/10/1952,59.465
8/11/1952,60.881
8/12/1952,63.713
8/13/1952,104.772
8/14/1952,144.416
8/15/1952,144.416
8/16/1952,144.416
8/17/1952,144.416
8/18/1952,144.416
8/19/1952,144.416
8/20/1952,144.416
8/21/1952,144.416
8/22/1952,144.416
8/23/1952,144.416
8/24/1952,144.416
8/25/1952,144.416
8/26/1952,99.109
8/27/1952,56.634
8/28/1952,59.465
8/29/1952,59.465
8/30/1952,59.465
8/31/1952,59.465
9/1/1952,253.435
9/2/1952,397.851
9/3/1952,406.346
9/4/1952,420.504
9/5/1952,421.92
9/6/1952,421.92
9/7/1952,417.673
9/8/1952,336.97
9/9/1952,220.871
9/10/1952,144.416
9/11/1952,120.346
9/12/1952,75.04
9/13/1952,59.465
9/14/1952,56.634
9/15/1952,56.634
9/16/1952,56.634
9/17/1952,56.634
9/18/1952,56.634
9/19/1952,56.634
9/20/1952,56.634
9/21/1952,79.287
9/22/1952,99.109
9/23/1952,117.515
9/24/1952,121.762
9/25/1952,121.762
9/26/1952,110.436
9/27/1952,99.109
9/28/1952,99.109
9/29/1952,79.287
9/30/1952,59.465
10/1/1952,56.634
10/2/1952,56.634
10/3/1952,56.634
10/4/1952,58.049
10/5/1952,55.218
10/6/1952,75.04
10/7/1952,90.614
10/8/1952,90.614
10/9/1952,167.069
10/10/1952,191.138
10/11/1952,90.614
10/12/1952,90.614
10/13/1952,90.614
10/14/1952,70.792
10/15/1952,56.634
10/16/1952,56.634
10/17/1952,56.634
10/18/1952,56.634
10/19/1952,56.634
10/20/1952,56.634
10/21/1952,56.634
10/22/1952,51.395
10/23/1952,45.165
10/24/1952,43.183
10/25/1952,33.98
10/26/1952,33.98
10/27/1952,33.98
10/28/1952,33.98
10/29/1952,33.98
10/30/1952,33.98
10/31/1952,33.98
11/1/1952,33.98
11/2/1952,33.98
11/3/1952,33.98
11/4/1952,42.475
11/5/1952,32.564
11/6/1952,19.822
11/7/1952,19.822
11/8/1952,19.822
11/9/1952,19.822
11/10/1952,19.822
11/11/1952,19.822
11/12/1952,19.822
11/13/1952,19.822
11/14/1952,16.99
11/15/1952,14.158
11/16/1952,14.158
11/17/1952,19.822
11/18/1952,38.228
11/19/1952,34.547
11/20/1952,63.713
11/21/1952,315.732
11/22/1952,576.247
11/23/1952,496.96
11/24/1952,570.584
11/25/1952,361.039
11/26/1952,233.614
11/27/1952,77.871
11/28/1952,114.117
11/29/1952,116.099
11/30/1952,90.047
12/1/1952,79.853
12/2/1952,83.818
12/3/1952,82.968
12/4/1952,76.739
12/5/1952,77.305
12/6/1952,20.954
12/7/1952,10.477
12/8/1952,79.004
12/9/1952,80.137
12/10/1952,79.004
12/11/1952,73.057
12/12/1952,102.79
12/13/1952,104.772
12/14/1952,54.935
12/15/1952,123.461
12/16/1952,159.424
12/17/1952,158.857
12/18/1952,156.026
12/19/1952,154.893
12/20/1952,147.247
12/21/1952,133.089
12/22/1952,152.344
12/23/1952,153.76
12/24/1952,153.477
12/25/1952,130.54
12/26/1952,146.681
12/27/1952,130.54
12/28/1952,129.974
12/29/1952,152.911
12/30/1952,156.026
12/31/1952,154.61
1/1/1953,129.691
1/2/1953,146.681
1/3/1953,131.39
1/4/1953,135.921
1/5/1953,428.433
1/6/1953,280.336
1/7/1953,153.76
1/8/1953,150.362
1/9/1953,236.728
1/10/1953,528.958
1/11/1953,609.094
1/12/1953,632.314
1/13/1953,472.041
1/14/1953,288.265
1/15/1953,188.024
1/16/1953,208.695
1/17/1953,201.616
1/18/1953,151.212
1/19/1953,154.327
1/20/1953,161.406
1/21/1953,147.814
1/22/1953,185.192
1/23/1953,149.513
1/24/1953,415.124
1/25/1953,636.845
1/26/1953,720.663
1/27/1953,738.219
1/28/1953,610.51
1/29/1953,326.776
1/30/1953,181.511
1/31/1953,29.733
2/1/1953,10.76
2/2/1953,167.919
2/3/1953,169.051
2/4/1953,173.016
2/5/1953,174.431
2/6/1953,173.299
2/7/1953,59.465
2/8/1953,11.327
2/9/1953,171.883
2/10/1953,172.732
2/11/1953,173.016
2/12/1953,177.263
2/13/1953,174.998
2/14/1953,62.297
2/15/1953,59.182
2/16/1953,259.382
2/17/1953,260.231
2/18/1953,258.532
2/19/1953,258.816
2/20/1953,257.966
2/21/1953,236.162
2/22/1953,201.332
2/23/1953,236.728
2/24/1953,170.75
2/25/1953,180.095
2/26/1953,177.829
2/27/1953,179.529
2/28/1953,65.129
3/1/1953,11.893
3/2/1953,185.192
3/3/1953,184.342
3/4/1953,186.041
3/5/1953,170.184
3/6/1953,225.685
3/7/1953,241.825
3/8/1953,156.309
3/9/1953,255.701
3/10/1953,257.683
3/11/1953,267.311
3/12/1953,272.974
3/13/1953,269.859
3/14/1953,254.285
3/15/1953,146.681
3/16/1953,271.841
3/17/1953,270.709
3/18/1953,341.217
3/19/1953,269.293
3/20/1953,266.744
3/21/1953,290.247
3/22/1953,143
3/23/1953,362.455
3/24/1953,451.087
3/25/1953,748.979
3/26/1953,866.777
3/27/1953,848.371
3/28/1953,839.876
3/29/1953,725.76
3/30/1953,500.075
3/31/1953,374.914
4/1/1953,377.746
4/2/1953,378.879
4/3/1953,385.958
4/4/1953,363.871
4/5/1953,7.646
4/6/1953,266.178
4/7/1953,263.913
4/8/1953,263.913
4/9/1953,358.491
4/10/1953,365.287
4/11/1953,365.287
4/12/1953,143.849
4/13/1953,318.281
4/14/1953,358.491
4/15/1953,354.243
4/16/1953,262.497
4/17/1953,265.612
4/18/1953,98.542
4/19/1953,122.329
4/20/1953,287.982
4/21/1953,258.816
4/22/1953,260.515
4/23/1953,258.249
4/24/1953,265.328
4/25/1953,118.364
4/26/1953,55.501
4/27/1953,169.334
4/28/1953,169.334
4/29/1953,168.768
4/30/1953,168.768
5/1/1953,158.857
5/2/1953,111.851
5/3/1953,57.483
5/4/1953,193.121
5/5/1953,185.758
5/6/1953,176.697
5/7/1953,167.069
5/8/1953,178.962
5/9/1953,79.287
5/10/1953,55.218
5/11/1953,193.404
5/12/1953,184.626
5/13/1953,187.174
5/14/1953,187.74
5/15/1953,176.98
5/16/1953,57.2
5/17/1953,57.483
5/18/1953,169.334
5/19/1953,146.964
5/20/1953,131.673
5/21/1953,127.992
5/22/1953,127.426
5/23/1953,56.067
5/24/1953,57.766
5/25/1953,127.992
5/26/1953,124.594
5/27/1953,119.214
5/28/1953,119.78
5/29/1953,121.762
5/30/1953,53.802
5/31/1953,52.952
6/1/1953,110.436
6/2/1953,105.905
6/3/1953,104.772
6/4/1953,105.338
6/5/1953,105.338
6/6/1953,64.562
6/7/1953,52.952
6/8/1953,112.135
6/9/1953,101.374
6/10/1953,99.958
6/11/1953,99.392
6/12/1953,103.356
6/13/1953,53.236
6/14/1953,53.236
6/15/1953,108.737
6/16/1953,99.675
6/17/1953,99.392
6/18/1953,211.243
6/19/1953,210.111
6/20/1953,52.103
6/21/1953,52.669
6/22/1953,216.907
6/23/1953,165.653
6/24/1953,143
6/25/1953,100.241
6/26/1953,103.639
6/27/1953,48.705
6/28/1953,48.139
6/29/1953,107.604
6/30/1953,99.675
7/1/1953,98.542
7/2/1953,99.675
7/3/1953,98.542
7/4/1953,49.271
7/5/1953,49.554
7/6/1953,108.737
7/7/1953,100.525
7/8/1953,97.41
7/9/1953,102.79
7/10/1953,97.41
7/11/1953,33.414
7/12/1953,48.705
7/13/1953,162.538
7/14/1953,162.822
7/15/1953,155.176
7/16/1953,156.592
7/17/1953,105.622
7/18/1953,36.812
7/19/1953,49.271
7/20/1953,114.4
7/21/1953,109.303
7/22/1953,108.453
7/23/1953,105.905
7/24/1953,106.754
7/25/1953,37.095
7/26/1953,49.554
7/27/1953,109.586
7/28/1953,108.737
7/29/1953,112.984
7/30/1953,113.834
7/31/1953,107.887
8/1/1953,38.511
8/2/1953,53.519
8/3/1953,140.168
8/4/1953,138.186
8/5/1953,133.089
8/6/1953,137.336
8/7/1953,130.54
8/8/1953,32.564
8/9/1953,48.422
8/10/1953,137.903
8/11/1953,134.788
8/12/1953,135.071
8/13/1953,136.77
8/14/1953,131.39
8/15/1953,33.414
8/16/1953,50.121
8/17/1953,133.089
8/18/1953,130.824
8/19/1953,129.974
8/20/1953,134.788
8/21/1953,132.806
8/22/1953,39.36
8/23/1953,54.651
8/24/1953,136.77
8/25/1953,135.921
8/26/1953,134.505
8/27/1953,133.655
8/28/1953,145.548
8/29/1953,40.21
8/30/1953,54.935
8/31/1953,136.77
9/1/1953,150.362
9/2/1953,156.875
9/3/1953,139.602
9/4/1953,128.558
9/5/1953,38.228
9/6/1953,54.085
9/7/1953,57.2
9/8/1953,105.622
9/9/1953,93.445
9/10/1953,90.897
9/11/1953,81.269
9/12/1953,37.945
9/13/1953,55.218
9/14/1953,93.162
9/15/1953,89.481
9/16/1953,88.632
9/17/1953,94.012
9/18/1953,82.968
9/19/1953,35.113
9/20/1953,44.174
9/21/1953,128.558
9/22/1953,124.311
9/23/1953,122.895
9/24/1953,143.849
9/25/1953,123.744
9/26/1953,39.644
9/27/1953,41.059
9/28/1953,196.235
9/29/1953,197.934
9/30/1953,185.192
10/1/1953,147.814
10/2/1953,144.416
10/3/1953,37.661
10/4/1953,39.644
10/5/1953,147.814
10/6/1953,73.624
10/7/1953,67.677
10/8/1953,67.677
10/9/1953,69.659
10/10/1953,24.352
10/11/1953,35.113
10/12/1953,69.659
10/13/1953,72.208
10/14/1953,78.438
10/15/1953,92.596
10/16/1953,65.129
10/17/1953,30.299
10/18/1953,35.679
10/19/1953,100.808
10/20/1953,84.95
10/21/1953,79.57
10/22/1953,72.491
10/23/1953,73.624
10/24/1953,35.396
10/25/1953,32.281
10/26/1953,82.685
10/27/1953,75.606
10/28/1953,78.438
10/29/1953,163.671
10/30/1953,141.867
10/31/1953,28.317
11/1/1953,11.61
11/2/1953,72.208
11/3/1953,59.465
11/4/1953,53.802
11/5/1953,80.703
11/6/1953,80.137
11/7/1953,25.485
11/8/1953,12.176
11/9/1953,77.588
11/10/1953,81.269
11/11/1953,63.713
11/12/1953,64.279
11/13/1953,65.129
11/14/1953,20.954
11/15/1953,12.176
11/16/1953,67.111
11/17/1953,65.978
11/18/1953,65.695
11/19/1953,65.978
11/20/1953,67.394
11/21/1953,30.299
11/22/1953,11.044
11/23/1953,141.018
11/24/1953,111.568
11/25/1953,120.913
11/26/1953,12.176
11/27/1953,121.762
11/28/1953,32.847
11/29/1953,12.459
11/30/1953,114.117
12/1/1953,111.568
12/2/1953,110.436
12/3/1953,110.719
12/4/1953,111.285
12/5/1953,28.034
12/6/1953,12.176
12/7/1953,128.558
12/8/1953,129.974
12/9/1953,127.992
12/10/1953,132.523
12/11/1953,130.54
12/12/1953,23.22
12/13/1953,12.459
12/14/1953,130.257
12/15/1953,157.725
12/16/1953,122.895
12/17/1953,126.576
12/18/1953,127.709
12/19/1953,24.352
12/20/1953,14.725
12/21/1953,125.16
12/22/1953,199.917
12/23/1953,199.633
12/24/1953,85.517
12/25/1953,15.291
12/26/1953,83.535
12/27/1953,5.947
12/28/1953,204.73
12/29/1953,201.616
12/30/1953,200.483
12/31/1953,201.616
1/1/1954,5.097
1/2/1954,84.384
1/3/1954,5.097
1/4/1954,192.837
1/5/1954,196.235
1/6/1954,169.051
1/7/1954,180.095
1/8/1954,169.334
1/9/1954,125.727
1/10/1954,4.814
1/11/1954,211.243
1/12/1954,212.376
1/13/1954,212.659
1/14/1954,214.641
1/15/1954,123.744
1/16/1954,99.958
1/17/1954,4.814
1/18/1954,195.386
1/19/1954,195.386
1/20/1954,199.633
1/21/1954,198.784
1/22/1954,266.461
1/23/1954,193.97
1/24/1954,123.744
1/25/1954,324.511
1/26/1954,368.118
1/27/1954,375.198
1/28/1954,387.374
1/29/1954,374.348
1/30/1954,188.873
1/31/1954,5.38
2/1/1954,390.772
2/2/1954,376.897
2/3/1954,380.578
2/4/1954,395.586
2/5/1954,415.124
2/6/1954,280.903
2/7/1954,107.887
2/8/1954,417.673
2/9/1954,416.823
2/10/1954,405.497
2/11/1954,409.744
2/12/1954,430.415
2/13/1954,299.025
2/14/1954,3.398
2/15/1954,304.122
2/16/1954,291.38
2/17/1954,297.893
2/18/1954,295.061
2/19/1954,297.326
2/20/1954,82.119
2/21/1954,3.398
2/22/1954,91.18
2/23/1954,86.649
2/24/1954,88.632
2/25/1954,93.162
2/26/1954,91.746
2/27/1954,7.362
2/28/1954,8.212
3/1/1954,170.467
3/2/1954,281.752
3/3/1954,254.568
3/4/1954,255.984
3/5/1954,259.099
3/6/1954,99.958
3/7/1954,50.97
3/8/1954,86.933
3/9/1954,86.083
3/10/1954,84.667
3/11/1954,80.137
3/12/1954,82.968
3/13/1954,17.273
3/14/1954,8.495
3/15/1954,427.584
3/16/1954,430.699
3/17/1954,431.548
3/18/1954,433.53
3/19/1954,402.665
3/20/1954,159.707
3/21/1954,154.327
3/22/1954,148.946
3/23/1954,171.883
3/24/1954,168.485
3/25/1954,197.085
3/26/1954,213.509
3/27/1954,193.97
3/28/1954,148.38
3/29/1954,211.526
3/30/1954,197.368
3/31/1954,245.79
4/1/1954,210.111
4/2/1954,208.978
4/3/1954,191.988
4/4/1954,158.857
4/5/1954,161.406
4/6/1954,175.281
4/7/1954,169.901
4/8/1954,173.582
4/9/1954,159.99
4/10/1954,161.123
4/11/1954,160.556
4/12/1954,169.334
4/13/1954,167.635
4/14/1954,170.75
4/15/1954,163.388
4/16/1954,163.671
4/17/1954,153.76
4/18/1954,155.176
4/19/1954,173.299
4/20/1954,175.564
4/21/1954,178.679
4/22/1954,212.093
4/23/1954,215.208
4/24/1954,150.079
4/25/1954,151.212
4/26/1954,242.958
4/27/1954,297.043
4/28/1954,275.806
4/29/1954,265.328
4/30/1954,224.269
5/1/1954,105.622
5/2/1954,103.923
5/3/1954,224.552
5/4/1954,260.231
5/5/1954,247.206
5/6/1954,244.091
5/7/1954,171.883
5/8/1954,54.368
5/9/1954,55.784
5/10/1954,181.794
5/11/1954,248.055
5/12/1954,245.79
5/13/1954,245.507
5/14/1954,199.067
5/15/1954,10.76
5/16/1954,10.76
5/17/1954,99.392
5/18/1954,102.224
5/19/1954,101.374
5/20/1954,141.301
5/21/1954,107.887
5/22/1954,52.386
5/23/1954,49.554
5/24/1954,306.105
5/25/1954,302.707
5/26/1954,285.433
5/27/1954,304.689
5/28/1954,306.671
5/29/1954,58.049
5/30/1954,53.519
5/31/1954,59.465
6/1/1954,93.445
6/2/1954,101.94
6/3/1954,98.542
6/4/1954,69.659
6/5/1954,31.432
6/6/1954,50.121
6/7/1954,89.198
6/8/1954,119.78
6/9/1954,87.782
6/10/1954,71.358
6/11/1954,77.305
6/12/1954,31.715
6/13/1954,50.121
6/14/1954,107.037
6/15/1954,88.915
6/16/1954,72.774
6/17/1954,82.119
6/18/1954,69.942
6/19/1954,46.44
6/20/1954,49.554
6/21/1954,92.596
6/22/1954,93.729
6/23/1954,94.861
6/24/1954,88.065
6/25/1954,89.198
6/26/1954,31.148
6/27/1954,49.554
6/28/1954,92.596
6/29/1954,90.047
6/30/1954,109.303
7/1/1954,102.507
7/2/1954,124.594
7/3/1954,52.669
7/4/1954,52.952
7/5/1954,52.952
7/6/1954,77.022
7/7/1954,128.275
7/8/1954,85.234
7/9/1954,66.828
7/10/1954,34.83
7/11/1954,52.952
7/12/1954,112.135
7/13/1954,223.986
7/14/1954,206.146
7/15/1954,117.232
7/16/1954,94.295
7/17/1954,36.529
7/18/1954,53.236
7/19/1954,178.396
7/20/1954,181.794
7/21/1954,122.045
7/22/1954,93.162
7/23/1954,90.047
7/24/1954,35.396
7/25/1954,49.838
7/26/1954,172.166
7/27/1954,164.237
7/28/1954,165.37
7/29/1954,156.309
7/30/1954,127.709
7/31/1954,34.83
8/1/1954,50.404
8/2/1954,108.453
8/3/1954,165.653
8/4/1954,134.222
8/5/1954,112.701
8/6/1954,115.249
8/7/1954,35.113
8/8/1954,50.687
8/9/1954,76.172
8/10/1954,80.42
8/11/1954,101.091
8/12/1954,66.544
8/13/1954,78.721
8/14/1954,35.113
8/15/1954,50.687
8/16/1954,188.024
8/17/1954,90.047
8/18/1954,88.915
8/19/1954,141.301
8/20/1954,125.727
8/21/1954,34.263
8/22/1954,50.97
8/23/1954,87.782
8/24/1954,105.338
8/25/1954,106.471
8/26/1954,145.548
8/27/1954,101.94
8/28/1954,35.396
8/29/1954,50.97
8/30/1954,117.798
8/31/1954,84.667
9/1/1954,93.445
9/2/1954,90.047
9/3/1954,101.94
9/4/1954,30.582
9/5/1954,41.343
9/6/1954,46.723
9/7/1954,263.629
9/8/1954,197.651
9/9/1954,150.362
9/10/1954,169.618
9/11/1954,33.131
9/12/1954,41.626
9/13/1954,87.782
9/14/1954,93.445
9/15/1954,119.497
9/16/1954,131.956
9/17/1954,109.869
9/18/1954,63.996
9/19/1954,52.386
9/20/1954,170.75
9/21/1954,167.635
9/22/1954,74.19
9/23/1954,81.552
9/24/1954,69.093
9/25/1954,41.059
9/26/1954,43.325
9/27/1954,95.994
9/28/1954,109.869
9/29/1954,147.247
9/30/1954,166.22
10/1/1954,118.364
10/2/1954,29.449
10/3/1954,35.113
10/4/1954,167.352
10/5/1954,155.176
10/6/1954,139.602
10/7/1954,59.748
10/8/1954,50.404
10/9/1954,34.547
10/10/1954,35.113
10/11/1954,90.614
10/12/1954,109.869
10/13/1954,167.352
10/14/1954,167.352
10/15/1954,111.285
10/16/1954,218.039
10/17/1954,112.135
10/18/1954,239.56
10/19/1954,233.047
10/20/1954,233.614
10/21/1954,236.445
10/22/1954,212.093
10/23/1954,101.657
10/24/1954,33.131
10/25/1954,242.675
10/26/1954,285.433
10/27/1954,255.418
10/28/1954,248.338
10/29/1954,261.647
10/30/1954,112.135
10/31/1954,9.911
11/1/1954,263.063
11/2/1954,287.982
11/3/1954,251.453
11/4/1954,253.152
11/5/1954,250.604
11/6/1954,65.978
11/7/1954,10.194
11/8/1954,233.897
11/9/1954,202.465
11/10/1954,186.325
11/11/1954,109.02
11/12/1954,114.966
11/13/1954,31.148
11/14/1954,9.345
11/15/1954,134.222
11/16/1954,126.576
11/17/1954,107.321
11/18/1954,117.798
11/19/1954,108.453
11/20/1954,77.871
11/21/1954,31.432
11/22/1954,286.849
11/23/1954,270.425
11/24/1954,322.245
11/25/1954,91.18
11/26/1954,293.079
11/27/1954,165.936
11/28/1954,54.085
11/29/1954,294.212
11/30/1954,302.423
12/1/1954,296.76
12/2/1954,315.449
12/3/1954,301.574
12/4/1954,102.79
12/5/1954,3.681
12/6/1954,295.344
12/7/1954,297.043
12/8/1954,295.061
12/9/1954,243.241
12/10/1954,232.764
12/11/1954,50.97
12/12/1954,3.681
12/13/1954,290.814
12/14/1954,298.176
12/15/1954,301.857
12/16/1954,303.556
12/17/1954,305.538
12/18/1954,105.622
12/19/1954,77.871
12/20/1954,303.556
12/21/1954,297.61
12/22/1954,291.946
12/23/1954,307.237
12/24/1954,67.677
12/25/1954,5.38
12/26/1954,5.38
12/27/1954,291.663
12/28/1954,303.273
12/29/1954,295.344
12/30/1954,293.362
12/31/1954,163.954
1/1/1955,34.263
1/2/1955,4.531
1/3/1955,293.079
1/4/1955,286.566
1/5/1955,280.619
1/6/1955,298.459
1/7/1955,301.574
1/8/1955,56.917
1/9/1955,4.814
1/10/1955,271.275
1/11/1955,261.93
1/12/1955,262.497
1/13/1955,258.249
1/14/1955,264.479
1/15/1955,57.483
1/16/1955,52.952
1/17/1955,171.6
1/18/1955,153.194
1/19/1955,154.61
1/20/1955,156.875
1/21/1955,156.309
1/22/1955,43.608
1/23/1955,46.723
1/24/1955,144.133
1/25/1955,156.026
1/26/1955,155.459
1/27/1955,155.742
1/28/1955,157.725
1/29/1955,49.554
1/30/1955,26.335
1/31/1955,159.424
2/1/1955,149.909
2/2/1955,152.373
2/3/1955,134.76
2/4/1955,134.335
2/5/1955,14.3
2/6/1955,7.929
2/7/1955,148.89
2/8/1955,149.598
2/9/1955,143.708
2/10/1955,145.945
2/11/1955,144.642
2/12/1955,18.463
2/13/1955,15.263
2/14/1955,152.826
2/15/1955,108.198
2/16/1955,108
2/17/1955,110.917
2/18/1955,113.182
2/19/1955,3.483
2/20/1955,3.256
2/21/1955,150.589
2/22/1955,126.208
2/23/1955,148.182
2/24/1955,161.208
2/25/1955,115.391
2/26/1955,11.044
2/27/1955,3.058
2/28/1955,130.144
3/1/1955,190.629
3/2/1955,215.463
3/3/1955,250.802
3/4/1955,287.529
3/5/1955,150.9
3/6/1955,421.439
3/7/1955,645.368
3/8/1955,582.193
3/9/1955,399.777
3/10/1955,445.367
3/11/1955,449.048
3/12/1955,102.478
3/13/1955,2.549
3/14/1955,415.181
3/15/1955,418.154
3/16/1955,419.542
3/17/1955,419.683
3/18/1955,417.276
3/19/1955,153.024
3/20/1955,108.17
3/21/1955,178.99
3/22/1955,361.492
3/23/1955,349.203
3/24/1955,332.524
3/25/1955,355.659
3/26/1955,203.569
3/27/1955,178.537
3/28/1955,397.568
3/29/1955,353.649
3/30/1955,282.517
3/31/1955,181.086
4/1/1955,168.173
4/2/1955,159.622
4/3/1955,161.094
4/4/1955,179.727
4/5/1955,163.869
4/6/1955,223.08
4/7/1955,167.182
4/8/1955,167.296
4/9/1955,154.78
4/10/1955,155.714
4/11/1955,160.358
4/12/1955,178.707
4/13/1955,189.156
4/14/1955,215.859
4/15/1955,630.983
4/16/1955,871.563
4/17/1955,853.752
4/18/1955,871.393
4/19/1955,829.173
4/20/1955,598.929
4/21/1955,343.454
4/22/1955,358.236
4/23/1955,158.687
4/24/1955,155.941
4/25/1955,348.212
4/26/1955,301.546
4/27/1955,413.878
4/28/1955,455.334
4/29/1955,424.101
4/30/1955,242.194
5/1/1955,286.538
5/2/1955,298.034
5/3/1955,236.247
5/4/1955,209.488
5/5/1955,238.626
5/6/1955,217.615
5/7/1955,206.118
5/8/1955,199.124
5/9/1955,263.913
5/10/1955,220.758
5/11/1955,216.085
5/12/1955,222.315
5/13/1955,239.787
5/14/1955,201.559
5/15/1955,199.379
5/16/1955,266.914
5/17/1955,246.158
5/18/1955,228.233
5/19/1955,219.597
5/20/1955,203.173
5/21/1955,78.126
5/22/1955,57.398
5/23/1955,226.025
5/24/1955,319.697
5/25/1955,261.959
5/26/1955,321.566
5/27/1955,329.692
5/28/1955,59.805
5/29/1955,57.483
5/30/1955,87.725
5/31/1955,156.309
6/1/1955,198.444
6/2/1955,196.745
6/3/1955,197.17
6/4/1955,34.348
6/5/1955,50.63
6/6/1955,104.347
6/7/1955,97.835
6/8/1955,167.975
6/9/1955,218.861
6/10/1955,149.286
6/11/1955,78.013
6/12/1955,251.68
6/13/1955,327.087
6/14/1955,325.87
6/15/1955,273.852
6/16/1955,269.18
6/17/1955,270.482
6/18/1955,34.207
6/19/1955,50.602
6/20/1955,90.161
6/21/1955,127.794
6/22/1955,132.664
6/23/1955,127.142
6/24/1955,52.301
6/25/1955,51.537
6/26/1955,165.54
6/27/1955,183.663
6/28/1955,122.612
6/29/1955,248.593
6/30/1955,209.488
7/1/1955,208.128
7/2/1955,43.098
7/3/1955,6.938
7/4/1955,7.221
7/5/1955,103.158
7/6/1955,122.414
7/7/1955,82.6
7/8/1955,72.548
7/9/1955,19.737
7/10/1955,2.067
7/11/1955,123.291
7/12/1955,210.705
7/13/1955,268.953
7/14/1955,363.305
7/15/1955,454.145
7/16/1955,286.679
7/17/1955,119.865
7/18/1955,270.85
7/19/1955,231.093
7/20/1955,235.936
7/21/1955,241.372
7/22/1955,234.973
7/23/1955,129.181
7/24/1955,93.927
7/25/1955,192.922
7/26/1955,218.662
7/27/1955,128.502
7/28/1955,191.195
7/29/1955,162.425
7/30/1955,26.306
7/31/1955,2.152
8/1/1955,195.499
8/2/1955,191.903
8/3/1955,166.078
8/4/1955,170.014
8/5/1955,177.32
8/6/1955,28.005
8/7/1955,2.152
8/8/1955,145.039
8/9/1955,162.057
8/10/1955,114.457
8/11/1955,154.95
8/12/1955,117.515
8/13/1955,2.124
8/14/1955,2.265
8/15/1955,161.094
8/16/1955,343.653
8/17/1955,343.454
8/18/1955,494.27
8/19/1955,915.935
8/20/1955,988.115
8/21/1955,946.772
8/22/1955,941.93
8/23/1955,894.556
8/24/1955,944.79
8/25/1955,596.154
8/26/1955,343.794
8/27/1955,138.979
8/28/1955,145.69
8/29/1955,373.329
8/30/1955,337.876
8/31/1955,336.517
9/1/1955,335.214
9/2/1955,333.289
9/3/1955,47.402
9/4/1955,2.294
9/5/1955,74.728
9/6/1955,340.028
9/7/1955,339.349
9/8/1955,343.171
9/9/1955,346.031
9/10/1955,60.258
9/11/1955,2.039
9/12/1955,145.633
9/13/1955,122.895
9/14/1955,125.981
9/15/1955,174.913
9/16/1955,219.965
9/17/1955,52.273
9/18/1955,2.067
9/19/1955,136.062
9/20/1955,289.284
9/21/1955,219.285
9/22/1955,292.456
9/23/1955,312.617
9/24/1955,127.935
9/25/1955,2.322
9/26/1955,214.103
9/27/1955,309.276
9/28/1955,341.076
9/29/1955,204.674
9/30/1955,213.027
10/1/1955,41.739
10/2/1955,2.124
10/3/1955,176.527
10/4/1955,154.383
10/5/1955,171.288
10/6/1955,155.572
10/7/1955,168.542
10/8/1955,164.152
10/9/1955,6.428
10/10/1955,186.466
10/11/1955,189.383
10/12/1955,186.268
10/13/1955,193.998
10/14/1955,186.155
10/15/1955,116.92
10/16/1955,9.486
10/17/1955,214.925
10/18/1955,283.621
10/19/1955,282.828
10/20/1955,229.791
10/21/1955,215.972
10/22/1955,155.063
10/23/1955,33.754
10/24/1955,211.045
10/25/1955,210.649
10/26/1955,227.61
10/27/1955,185.418
10/28/1955,191.11
10/29/1955,2.35
10/30/1955,2.35
10/31/1955,200.993
11/1/1955,224.949
11/2/1955,225.515
11/3/1955,219.823
11/4/1955,237.55
11/5/1955,172.563
11/6/1955,23.107
11/7/1955,276.344
11/8/1955,235.001
11/9/1955,237.238
11/10/1955,237.21
11/11/1955,146.086
11/12/1955,2.662
11/13/1955,2.577
11/14/1955,105.678
11/15/1955,107.944
11/16/1955,113.126
11/17/1955,118.279
11/18/1955,123.801
11/19/1955,162.34
11/20/1955,3.483
11/21/1955,142.179
11/22/1955,145.01
11/23/1955,146.539
11/24/1955,2.945
11/25/1955,121.989
11/26/1955,82.487
11/27/1955,11.044
11/28/1955,106.641
11/29/1955,118.336
11/30/1955,115.221
12/1/1955,114.428
12/2/1955,113.126
12/3/1955,45.477
12/4/1955,45.902
12/5/1955,159.735
12/6/1955,139.545
12/7/1955,177.376
12/8/1955,178.084
12/9/1955,189.128
12/10/1955,118.109
12/11/1955,5.324
12/12/1955,159.905
12/13/1955,150.447
12/14/1955,148.125
12/15/1955,153.902
12/16/1955,156.592
12/17/1955,163.813
12/18/1955,5.352
12/19/1955,191.053
12/20/1955,272.917
12/21/1955,217.7
12/22/1955,221.834
12/23/1955,209.233
12/24/1955,87.697
12/25/1955,4.502
12/26/1955,5.04
12/27/1955,166.956
12/28/1955,167.522
12/29/1955,167.749
12/30/1955,165.398
12/31/1955,20.643
1/1/1956,5.522
1/2/1956,61.419
1/3/1956,186.608
1/4/1956,182.502
1/5/1956,150.815
1/6/1956,214.047
1/7/1956,48.903
1/8/1956,5.72
1/9/1956,200.426
1/10/1956,191.393
1/11/1956,185.588
1/12/1956,167.409
1/13/1956,153.166
1/14/1956,5.578
1/15/1956,5.352
1/16/1956,173.214
1/17/1956,178.509
1/18/1956,188.08
1/19/1956,167.267
1/20/1956,160.188
1/21/1956,5.72
1/22/1956,5.55
1/23/1956,187.514
1/24/1956,188.052
1/25/1956,165.115
1/26/1956,208.638
1/27/1956,153.364
1/28/1956,21.124
1/29/1956,6.145
1/30/1956,187.344
1/31/1956,188.08
2/1/1956,171.118
2/2/1956,174.913
2/3/1956,189.496
2/4/1956,9.911
2/5/1956,5.72
2/6/1956,189.298
2/7/1956,228.432
2/8/1956,159.112
2/9/1956,136.997
2/10/1956,139.092
2/11/1956,4.786
2/12/1956,4.842
2/13/1956,148.975
2/14/1956,150.589
2/15/1956,137.988
2/16/1956,152.401
2/17/1956,135.751
2/18/1956,23.588
2/19/1956,2.917
2/20/1956,139.092
2/21/1956,132.324
2/22/1956,128.53
2/23/1956,144.048
2/24/1956,157.979
2/25/1956,43.211
2/26/1956,5.012
2/27/1956,144.133
2/28/1956,128.785
2/29/1956,153.59
3/1/1956,113.805
3/2/1956,148.295
3/3/1956,4.446
3/4/1956,4.163
3/5/1956,149.031
3/6/1956,144.274
3/7/1956,142.802
3/8/1956,143.311
3/9/1956,131.645
3/10/1956,2.803
3/11/1956,2.605
3/12/1956,131.73
3/13/1956,105.338
3/14/1956,115.051
3/15/1956,121.904
3/16/1956,113.749
3/17/1956,3.171
3/18/1956,2.917
3/19/1956,154.043
3/20/1956,132.155
3/21/1956,132.523
3/22/1956,131.645
3/23/1956,129.464
3/24/1956,6.258
3/25/1956,2.945
3/26/1956,141.612
3/27/1956,427.074
3/28/1956,427.952
3/29/1956,425.828
3/30/1956,142.717
3/31/1956,2.832
4/1/1956,2.747
4/2/1956,122.81
4/3/1956,200.37
4/4/1956,135.156
4/5/1956,107.236
4/6/1956,128.02
4/7/1956,1.954
4/8/1956,2.294
4/9/1956,124.084
4/10/1956,123.065
4/11/1956,150.617
4/12/1956,122.074
4/13/1956,131.815
4/14/1956,2.435
4/15/1956,2.322
4/16/1956,258.447
4/17/1956,521.85
4/18/1956,515.536
4/19/1956,513.808
4/20/1956,520.095
4/21/1956,71.33
4/22/1956,2.265
4/23/1956,225.883
4/24/1956,226.676
4/25/1956,227.639
4/26/1956,223.108
4/27/1956,211.696
4/28/1956,1.642
4/29/1956,1.642
4/30/1956,222.57
5/1/1956,222.74
5/2/1956,248.99
5/3/1956,325.049
5/4/1956,261.364
5/5/1956,105.707
5/6/1956,35.424
5/7/1956,342.067
5/8/1956,333.572
5/9/1956,335.413
5/10/1956,337.989
5/11/1956,341.048
5/12/1956,162.482
5/13/1956,20.756
5/14/1956,301.602
5/15/1956,205.75
5/16/1956,223.589
5/17/1956,248.565
5/18/1956,225.713
5/19/1956,1.586
5/20/1956,1.614
5/21/1956,130.739
5/22/1956,139.715
5/23/1956,135.383
5/24/1956,119.752
5/25/1956,123.433
5/26/1956,1.586
5/27/1956,1.444
5/28/1956,100.072
5/29/1956,128.105
5/30/1956,29.195
5/31/1956,140.027
6/1/1956,120.488
6/2/1956,1.614
6/3/1956,1.586
6/4/1956,119.044
6/5/1956,118.591
6/6/1956,119.525
6/7/1956,133.74
6/8/1956,122.498
6/9/1956,1.501
6/10/1956,1.557
6/11/1956,123.093
6/12/1956,151.41
6/13/1956,139.545
6/14/1956,141.612
6/15/1956,125.415
6/16/1956,19.68
6/17/1956,1.642
6/18/1956,121.791
6/19/1956,77.9
6/20/1956,80.59
6/21/1956,152.656
6/22/1956,161.547
6/23/1956,1.642
6/24/1956,1.614
6/25/1956,167.437
6/26/1956,102.592
6/27/1956,110.69
6/28/1956,132.155
6/29/1956,115.051
6/30/1956,1.614
7/1/1956,1.614
7/2/1956,135.383
7/3/1956,142.15
7/4/1956,8.014
7/5/1956,80.278
7/6/1956,142.887
7/7/1956,1.586
7/8/1956,1.586
7/9/1956,123.999
7/10/1956,152.741
7/11/1956,119.667
7/12/1956,162.029
7/13/1956,131.843
7/14/1956,1.642
7/15/1956,1.614
7/16/1956,158.886
7/17/1956,135.184
7/18/1956,130.795
7/19/1956,100.015
7/20/1956,121.706
7/21/1956,1.614
7/22/1956,1.642
7/23/1956,199.803
7/24/1956,141.216
7/25/1956,118.959
7/26/1956,155.119
7/27/1956,139.602
7/28/1956,10.93
7/29/1956,1.642
7/30/1956,109.954
7/31/1956,131.588
8/1/1956,121.422
8/2/1956,218.379
8/3/1956,90.047
8/4/1956,1.557
8/5/1956,1.642
8/6/1956,201.672
8/7/1956,118.931
8/8/1956,96.22
8/9/1956,146.086
8/10/1956,183.096
8/11/1956,43.976
8/12/1956,1.642
8/13/1956,242.052
8/14/1956,194.735
8/15/1956,94.068
8/16/1956,128.218
8/17/1956,151.636
8/18/1956,68.98
8/19/1956,1.671
8/20/1956,144.869
8/21/1956,93.049
8/22/1956,55.897
8/23/1956,78.126
8/24/1956,74.955
8/25/1956,1.614
8/26/1956,1.671
8/27/1956,183.974
8/28/1956,154.383
8/29/1956,139.602
8/30/1956,183.096
8/31/1956,232.453
9/1/1956,11.893
9/2/1956,1.642
9/3/1956,4.361
9/4/1956,161.547
9/5/1956,134.052
9/6/1956,165.851
9/7/1956,82.487
9/8/1956,8.269
9/9/1956,1.926
9/10/1956,76.682
9/11/1956,173.214
9/12/1956,130.456
9/13/1956,175.564
9/14/1956,164.945
9/15/1956,82.147
9/16/1956,2.18
9/17/1956,318.564
9/18/1956,167.267
9/19/1956,144.048
9/20/1956,107.179
9/21/1956,36.019
9/22/1956,8.269
9/23/1956,2.067
9/24/1956,147.389
9/25/1956,109.19
9/26/1956,146.794
9/27/1956,310.437
9/28/1956,214.896
9/29/1956,2.039
9/30/1956,1.982
10/1/1956,210.45
10/2/1956,180.633
10/3/1956,159.593
10/4/1956,152.09
10/5/1956,136.94
10/6/1956,14.073
10/7/1956,2.152
10/8/1956,148.663
10/9/1956,138.752
10/10/1956,136.685
10/11/1956,219.54
10/12/1956,127.539
10/13/1956,2.35
10/14/1956,2.265
10/15/1956,157.781
10/16/1956,137.959
10/17/1956,150.617
10/18/1956,108.312
10/19/1956,121.054
10/20/1956,7.051
10/21/1956,2.237
10/22/1956,100.808
10/23/1956,169.957
10/24/1956,182.643
10/25/1956,165.597
10/26/1956,136.317
10/27/1956,3.2
10/28/1956,2.237
10/29/1956,268.132
10/30/1956,274.871
10/31/1956,283.961
11/1/1956,298.742
11/2/1956,243.524
11/3/1956,35.056
11/4/1956,2.294
11/5/1956,240.126
11/6/1956,240.664
11/7/1956,239.305
11/8/1956,285.49
11/9/1956,276.627
11/10/1956,11.044
11/11/1956,2.69
11/12/1956,180.406
11/13/1956,202.522
11/14/1956,172.166
11/15/1956,180.803
11/16/1956,173.044
11/17/1956,16.367
11/18/1956,2.662
11/19/1956,174.658
11/20/1956,208.667
11/21/1956,141.442
11/22/1956,3.37
11/23/1956,177.603
11/24/1956,31.517
11/25/1956,4.927
11/26/1956,201.842
11/27/1956,245.139
11/28/1956,243.553
11/29/1956,210.734
11/30/1956,169.193
12/1/1956,16.849
12/2/1956,23.673
12/3/1956,167.296
12/4/1956,222.995
12/5/1956,210.196
12/6/1956,235.766
12/7/1956,210.167
12/8/1956,47.77
12/9/1956,5.154
12/10/1956,212.433
12/11/1956,177.178
12/12/1956,166.871
12/13/1956,167.097
12/14/1956,170.552
12/15/1956,13.479
12/16/1956,3.341
12/17/1956,196.009
12/18/1956,270.992
12/19/1956,176.102
12/20/1956,238.286
12/21/1956,182.473
12/22/1956,17.811
12/23/1956,2.464
12/24/1956,67.932
12/25/1956,2.832
12/26/1956,275.353
12/27/1956,260.656
12/28/1956,329.268
12/29/1956,100.638
12/30/1956,4.417
12/31/1956,309.757
1/1/1957,172.846
1/2/1957,316.837
1/3/1957,285.773
1/4/1957,22.484
1/5/1957,15.149
1/6/1957,96.957
1/7/1957,285.433
1/8/1957,188.731
1/9/1957,147.814
1/10/1957,195.726
1/11/1957,215.802
1/12/1957,31.715
1/13/1957,4.559
1/14/1957,129.549
1/15/1957,186.098
1/16/1957,128.558
1/17/1957,166.928
1/18/1957,170.241
1/19/1957,92.681
1/20/1957,9.288
1/21/1957,135.949
1/22/1957,141.386
1/23/1957,129.917
1/24/1957,145.492
1/25/1957,128.473
1/26/1957,24.211
1/27/1957,4.559
1/28/1957,166.163
1/29/1957,162.482
1/30/1957,150.136
1/31/1957,135.298
2/1/1957,148.833
2/2/1957,90.246
2/3/1957,87.244
2/4/1957,545.07
2/5/1957,526.098
2/6/1957,525.616
2/7/1957,530.119
2/8/1957,449.954
2/9/1957,159.367
2/10/1957,220.22
2/11/1957,672.949
2/12/1957,691.468
2/13/1957,474.561
2/14/1957,475.552
2/15/1957,508.258
2/16/1957,55.359
2/17/1957,28.288
2/18/1957,530.006
2/19/1957,531.903
2/20/1957,469.124
2/21/1957,508.287
2/22/1957,492.769
2/23/1957,16.962
2/24/1957,3.766
2/25/1957,198.756
2/26/1957,228.148
2/27/1957,304.491
2/28/1957,553.593
3/1/1957,528.165
3/2/1957,308.823
3/3/1957,256.324
3/4/1957,525.107
3/5/1957,547.902
3/6/1957,535.103
3/7/1957,524.937
3/8/1957,476.43
3/9/1957,29.959
3/10/1957,3.115
3/11/1957,141.357
3/12/1957,213.877
3/13/1957,244.657
3/14/1957,208.978
3/15/1957,190.572
3/16/1957,33.131
3/17/1957,2.605
3/18/1957,157.725
3/19/1957,185.645
3/20/1957,180.774
3/21/1957,204.9
3/22/1957,163.983
3/23/1957,2.832
3/24/1957,2.69
3/25/1957,195.471
3/26/1957,225.657
3/27/1957,238.881
3/28/1957,257.966
3/29/1957,204.362
3/30/1957,2.69
3/31/1957,2.662
4/1/1957,149.824
4/2/1957,115.136
4/3/1957,154.015
4/4/1957,203.824
4/5/1957,272.946
4/6/1957,452.502
4/7/1957,764.554
4/8/1957,775.342
4/9/1957,777.664
4/10/1957,855.734
4/11/1957,841.547
4/12/1957,845.37
4/13/1957,461.167
4/14/1957,355.857
4/15/1957,464.197
4/16/1957,517.688
4/17/1957,527.372
4/18/1957,513.61
4/19/1957,535.924
4/20/1957,121.932
4/21/1957,1.982
4/22/1957,226.676
4/23/1957,238.937
4/24/1957,248.14
4/25/1957,225.034
4/26/1957,207.477
4/27/1957,197.396
4/28/1957,110.124
4/29/1957,245.62
4/30/1957,242.788
5/1/1957,282.772
5/2/1957,277.023
5/3/1957,252.444
5/4/1957,192.073
5/5/1957,145.18
5/6/1957,261.902
5/7/1957,261.336
5/8/1957,265.413
5/9/1957,267.735
5/10/1957,211.442
5/11/1957,147.446
5/12/1957,42.645
5/13/1957,310.607
5/14/1957,260.26
5/15/1957,240.721
5/16/1957,197.057
5/17/1957,129.21
5/18/1957,138.724
5/19/1957,52.698
5/20/1957,161.859
5/21/1957,181.199
5/22/1957,195.726
5/23/1957,179.472
5/24/1957,252.812
5/25/1957,32.225
5/26/1957,2.095
5/27/1957,205.014
5/28/1957,172.336
5/29/1957,221.947
5/30/1957,80.363
5/31/1957,244.855
6/1/1957,12.459
6/2/1957,2.209
6/3/1957,166.673
6/4/1957,151.297
6/5/1957,144.133
6/6/1957,169.278
6/7/1957,502.057
6/8/1957,2.067
6/9/1957,2.152
6/10/1957,356.933
6/11/1957,335.951
6/12/1957,359.652
6/13/1957,315.053
6/14/1957,341.387
6/15/1957,8.269
6/16/1957,2.124
6/17/1957,341.925
6/18/1957,273.767
6/19/1957,251.708
6/20/1957,180.208
6/21/1957,168.711
6/22/1957,3.794
6/23/1957,2.152
6/24/1957,241.174
6/25/1957,169.674
6/26/1957,172.421
6/27/1957,136.685
6/28/1957,191.393
6/29/1957,1.982
6/30/1957,2.095
7/1/1957,130.739
7/2/1957,86.083
7/3/1957,92.03
7/4/1957,2.01
7/5/1957,233.472
7/6/1957,28.034
7/7/1957,1.954
7/8/1957,221.126
7/9/1957,249.811
7/10/1957,135.099
7/11/1957,127.171
7/12/1957,200.908
7/13/1957,9.061
7/14/1957,2.152
7/15/1957,250.972
7/16/1957,101.176
7/17/1957,74.586
7/18/1957,58.191
7/19/1957,126.633
7/20/1957,7.391
7/21/1957,2.067
7/22/1957,225.94
7/23/1957,215.321
7/24/1957,75.889
7/25/1957,54.651
7/26/1957,75.776
7/27/1957,2.124
7/28/1957,2.067
7/29/1957,145.18
7/30/1957,171.543
7/31/1957,149.286
8/1/1957,107.236
8/2/1957,107.689
8/3/1957,24.692
8/4/1957,2.01
8/5/1957,84.554
8/6/1957,221.154
8/7/1957,54.538
8/8/1957,54.991
8/9/1957,142.518
8/10/1957,67.847
8/11/1957,2.095
8/12/1957,230.555
8/13/1957,90.614
8/14/1957,139.942
8/15/1957,175.394
8/16/1957,221.975
8/17/1957,2.322
8/18/1957,2.35
8/19/1957,162.284
8/20/1957,162.765
8/21/1957,180.803
8/22/1957,185.164
8/23/1957,140.196
8/24/1957,2.294
8/25/1957,2.294
8/26/1957,258.079
8/27/1957,137.308
8/28/1957,163.133
8/29/1957,136.317
8/30/1957,215.406
8/31/1957,3.455
9/1/1957,2.237
9/2/1957,2.209
9/3/1957,149.06
9/4/1957,260.515
9/5/1957,131.56
9/6/1957,181.794
9/7/1957,11.865
9/8/1957,2.095
9/9/1957,222.089
9/10/1957,220.786
9/11/1957,220.729
9/12/1957,227.809
9/13/1957,235.822
9/14/1957,109.784
9/15/1957,2.152
9/16/1957,186.07
9/17/1957,156.026
9/18/1957,310.465
9/19/1957,369.591
9/20/1957,394.849
9/21/1957,103.555
9/22/1957,15.036
9/23/1957,368.487
9/24/1957,501.292
9/25/1957,436.305
9/26/1957,438.995
9/27/1957,433.757
9/28/1957,57.342
9/29/1957,2.152
9/30/1957,310.295
10/1/1957,477.648
10/2/1957,457.741
10/3/1957,413.85
10/4/1957,446.443
10/5/1957,44.967
10/6/1957,2.209
10/7/1957,136.742
10/8/1957,130.767
10/9/1957,134.788
10/10/1957,130.824
10/11/1957,139.234
10/12/1957,17.5
10/13/1957,2.407
10/14/1957,205.608
10/15/1957,175.139
10/16/1957,228.233
10/17/1957,240.126
10/18/1957,196.604
10/19/1957,14.866
10/20/1957,2.435
10/21/1957,211.357
10/22/1957,190.969
10/23/1957,262.044
10/24/1957,251.821
10/25/1957,213.99
10/26/1957,33.216
10/27/1957,2.662
10/28/1957,261.251
10/29/1957,220.928
10/30/1957,273.965
10/31/1957,251.906
11/1/1957,221.862
11/2/1957,22.229
11/3/1957,4.446
11/4/1957,232.283
11/5/1957,222.174
11/6/1957,204.759
11/7/1957,268.698
11/8/1957,277.618
11/9/1957,62.637
11/10/1957,20.275
11/11/1957,241.967
11/12/1957,218.294
11/13/1957,195.839
11/14/1957,248.395
11/15/1957,182.219
11/16/1957,29.676
11/17/1957,2.464
11/18/1957,220.248
11/19/1957,229.083
11/20/1957,262.78
11/21/1957,219.314
11/22/1957,213.933
11/23/1957,89.311
11/24/1957,6.541
11/25/1957,536.264
11/26/1957,575.058
11/27/1957,568.545
11/28/1957,291.295
11/29/1957,668.446
11/30/1957,521.511
12/1/1957,629.454
12/2/1957,712.451
12/3/1957,521.595
12/4/1957,539.718
12/5/1957,457.968
12/6/1957,481.159
12/7/1957,85.46
12/8/1957,9.656
12/9/1957,515.366
12/10/1957,609.179
12/11/1957,654.401
12/12/1957,669.353
12/13/1957,670.004
12/14/1957,258.193
12/15/1957,93.983
12/16/1957,574.916
12/17/1957,517.405
12/18/1957,579.645
12/19/1957,423.959
12/20/1957,453.352
12/21/1957,124.424
12/22/1957,36.217
12/23/1957,594.936
12/24/1957,579.333
12/25/1957,83.11
12/26/1957,608.075
12/27/1957,547.024
12/28/1957,17.528
12/29/1957,3.256
12/30/1957,510.637
12/31/1957,475.864
1/1/1958,310.975
1/2/1958,403.939
1/3/1958,336.347
1/4/1958,102.62
1/5/1958,8.41
1/6/1958,123.659
1/7/1958,133.995
1/8/1958,183.833
1/9/1958,186.353
1/10/1958,146.228
1/11/1958,34.547
1/12/1958,28.062
1/13/1958,239.843
1/14/1958,172.704
1/15/1958,555.123
1/16/1958,531.733
1/17/1958,389.101
1/18/1958,49.724
1/19/1958,13.904
1/20/1958,529.722
1/21/1958,536.264
1/22/1958,547.081
1/23/1958,510.297
1/24/1958,459.497
1/25/1958,339.915
1/26/1958,444.177
1/27/1958,676.46
1/28/1958,585.138
1/29/1958,595.729
1/30/1958,508.881
1/31/1958,503.926
2/1/1958,104.602
2/2/1958,22.087
2/3/1958,547.534
2/4/1958,481.952
2/5/1958,527.995
2/6/1958,422.203
2/7/1958,444.687
2/8/1958,60.853
2/9/1958,35.764
2/10/1958,565.515
2/11/1958,540.681
2/12/1958,574.576
2/13/1958,501.689
2/14/1958,436.617
2/15/1958,33.584
2/16/1958,5.324
2/17/1958,479.913
2/18/1958,410.933
2/19/1958,417.446
2/20/1958,335.951
2/21/1958,235.256
2/22/1958,17.528
2/23/1958,5.182
2/24/1958,153.052
2/25/1958,84.865
2/26/1958,220.899
2/27/1958,391.31
2/28/1958,564.92
3/1/1958,163.36
3/2/1958,402.325
3/3/1958,664.142
3/4/1958,643.386
3/5/1958,587.007
3/6/1958,474.929
3/7/1958,481.697
3/8/1958,18.576
3/9/1958,9.429
3/10/1958,437.863
3/11/1958,468.643
3/12/1958,295.911
3/13/1958,442.96
3/14/1958,270.709
3/15/1958,3.398
3/16/1958,5.154
3/17/1958,198.586
3/18/1958,209.431
3/19/1958,184.003
3/20/1958,53.547
3/21/1958,93.389
3/22/1958,57.313
3/23/1958,5.607
3/24/1958,298.006
3/25/1958,361.209
3/26/1958,441.827
3/27/1958,527.485
3/28/1958,613.03
3/29/1958,308.228
3/30/1958,285.801
3/31/1958,598.419
4/1/1958,588.14
4/2/1958,589.046
4/3/1958,577.181
4/4/1958,592.671
4/5/1958,484.444
4/6/1958,400.23
4/7/1958,629.086
4/8/1958,473.117
4/9/1958,533.205
4/10/1958,570.499
4/11/1958,688.325
4/12/1958,689.656
4/13/1958,632.88
4/14/1958,714.036
4/15/1958,669.919
4/16/1958,681.755
4/17/1958,678.782
4/18/1958,536.32
4/19/1958,247.744
4/20/1958,42.73
4/21/1958,543.06
4/22/1958,548.949
4/23/1958,503.699
4/24/1958,589.527
4/25/1958,580.693
4/26/1958,521.567
4/27/1958,282.63
4/28/1958,453.522
4/29/1958,518.282
4/30/1958,475.637
5/1/1958,668.361
5/2/1958,678.867
5/3/1958,544.928
5/4/1958,504.407
5/5/1958,608.358
5/6/1958,607.622
5/7/1958,269.066
5/8/1958,541.361
5/9/1958,691.694
5/10/1958,691.043
5/11/1958,688.863
5/12/1958,696.905
5/13/1958,696.197
5/14/1958,690.392
5/15/1958,715.141
5/16/1958,703.304
5/17/1958,685.267
5/18/1958,691.241
5/19/1958,712.309
5/20/1958,703.871
5/21/1958,702.455
5/22/1958,531.11
5/23/1958,529.581
5/24/1958,413.992
5/25/1958,159.084
5/26/1958,483.736
5/27/1958,512.817
5/28/1958,541.757
5/29/1958,571.433
5/30/1958,157.441
5/31/1958,230.414
6/1/1958,145.548
6/2/1958,349.769
6/3/1958,270.397
6/4/1958,353.762
6/5/1958,303.188
6/6/1958,360.813
6/7/1958,181.199
6/8/1958,102.478
6/9/1958,294.183
6/10/1958,240.296
6/11/1958,244.77
6/12/1958,205.41
6/13/1958,280.138
6/14/1958,135.184
6/15/1958,32.763
6/16/1958,130.71
6/17/1958,239.39
6/18/1958,302.82
6/19/1958,255.134
6/20/1958,203.881
6/21/1958,2.322
6/22/1958,2.35
6/23/1958,206.599
6/24/1958,244.261
6/25/1958,344.446
6/26/1958,333.77
6/27/1958,210.139
6/28/1958,91.265
6/29/1958,5.239
6/30/1958,321.679
7/1/1958,392.981
7/2/1958,409.971
7/3/1958,404.279
7/4/1958,19.255
7/5/1958,90.472
7/6/1958,7.872
7/7/1958,187.259
7/8/1958,175.677
7/9/1958,114.825
7/10/1958,145.973
7/11/1958,127.539
7/12/1958,2.209
7/13/1958,2.18
7/14/1958,88.943
7/15/1958,143.17
7/16/1958,337.961
7/17/1958,205.495
7/18/1958,224.014
7/19/1958,83.251
7/20/1958,2.209
7/21/1958,253.067
7/22/1958,312.051
7/23/1958,253.464
7/24/1958,196.632
7/25/1958,143.991
7/26/1958,2.152
7/27/1958,2.209
7/28/1958,232.707
7/29/1958,189.808
7/30/1958,194.395
7/31/1958,193.772
8/1/1958,217.048
8/2/1958,3.483
8/3/1958,2.209
8/4/1958,98.089
8/5/1958,142.462
8/6/1958,164.804
8/7/1958,152.996
8/8/1958,250.151
8/9/1958,2.095
8/10/1958,2.209
8/11/1958,225.09
8/12/1958,200.993
8/13/1958,196.519
8/14/1958,217.218
8/15/1958,353.224
8/16/1958,2.067
8/17/1958,2.152
8/18/1958,238.144
8/19/1958,180.548
8/20/1958,256.437
8/21/1958,300.073
8/22/1958,265.951
8/23/1958,2.095
8/24/1958,2.152
8/25/1958,194.791
8/26/1958,201.984
8/27/1958,336.63
8/28/1958,425.545
8/29/1958,374.037
8/30/1958,60.74
8/31/1958,2.209
9/1/1958,48.988
9/2/1958,175.536
9/3/1958,229.111
9/4/1958,273.937
9/5/1958,281.894
9/6/1958,57.908
9/7/1958,2.209
9/8/1958,188.477
9/9/1958,113.069
9/10/1958,234.52
9/11/1958,70.027
9/12/1958,297.666
9/13/1958,64.987
9/14/1958,12.799
9/15/1958,367.071
9/16/1958,313.042
9/17/1958,271.926
9/18/1958,187.316
9/19/1958,104.234
9/20/1958,6.088
9/21/1958,2.322
9/22/1958,177.971
9/23/1958,164.407
9/24/1958,139.517
9/25/1958,155.516
9/26/1958,271.275
9/27/1958,11.185
9/28/1958,2.322
9/29/1958,210.592
9/30/1958,108.198
10/1/1958,161.321
10/2/1958,157.725
10/3/1958,358.576
10/4/1958,75.549
10/5/1958,2.662
10/6/1958,165.965
10/7/1958,129.323
10/8/1958,145.803
10/9/1958,152.146
10/10/1958,204.985
10/11/1958,3.879
10/12/1958,2.549
10/13/1958,197.255
10/14/1958,267.764
10/15/1958,220.645
10/16/1958,236.049
10/17/1958,216.539
10/18/1958,11.383
10/19/1958,2.549
10/20/1958,179.359
10/21/1958,204.362
10/22/1958,218.521
10/23/1958,212.971
10/24/1958,177.433
10/25/1958,20.36
10/26/1958,2.662
10/27/1958,229.026
10/28/1958,137.478
10/29/1958,145.492
10/30/1958,110.067
10/31/1958,90.189
11/1/1958,21.917
11/2/1958,2.69
11/3/1958,160.698
11/4/1958,224.127
11/5/1958,202.154
11/6/1958,250.83
11/7/1958,212.206
11/8/1958,58.418
11/9/1958,5.748
11/10/1958,198.019
11/11/1958,100.411
11/12/1958,156.62
11/13/1958,139.064
11/14/1958,83.789
11/15/1958,34.32
11/16/1958,2.294
11/17/1958,188.024
11/18/1958,148.38
11/19/1958,158.574
11/20/1958,125.047
11/21/1958,119.242
11/22/1958,44.118
11/23/1958,6.739
11/24/1958,113.805
11/25/1958,153.958
11/26/1958,221.89
11/27/1958,58.672
11/28/1958,111.172
11/29/1958,37.718
11/30/1958,28.996
12/1/1958,184.342
12/2/1958,144.416
12/3/1958,210.677
12/4/1958,130.257
12/5/1958,112.418
12/6/1958,69.942
12/7/1958,48.139
12/8/1958,186.325
12/9/1958,185.758
12/10/1958,218.889
12/11/1958,257.117
12/12/1958,175.564
12/13/1958,43.891
12/14/1958,10.477
12/15/1958,171.317
12/16/1958,144.699
12/17/1958,117.232
12/18/1958,165.37
12/19/1958,108.453
12/20/1958,15.008
12/21/1958,26.901
12/22/1958,164.237
12/23/1958,149.796
12/24/1958,82.402
12/25/1958,5.38
12/26/1958,65.129
12/27/1958,44.741
12/28/1958,5.097
12/29/1958,172.732
12/30/1958,299.025
12/31/1958,291.946
1/1/1959,122.215
1/2/1959,243.355
1/3/1959,101.657
1/4/1959,77.418
1/5/1959,274.475
1/6/1959,310.947
1/7/1959,211.102
1/8/1959,211.442
1/9/1959,180.463
1/10/1959,93.049
1/11/1959,29.336
1/12/1959,132.239
1/13/1959,148.692
1/14/1959,234.944
1/15/1959,121.026
1/16/1959,164.549
1/17/1959,67.875
1/18/1959,59.154
1/19/1959,294.891
1/20/1959,252.133
1/21/1959,247.036
1/22/1959,245.818
1/23/1959,348.75
1/24/1959,5.748
1/25/1959,4.389
1/26/1959,271.048
1/27/1959,302.169
1/28/1959,300.498
1/29/1959,298.034
1/30/1959,176.782
1/31/1959,63.571
2/1/1959,23.078
2/2/1959,287.614
2/3/1959,239.56
2/4/1959,195.329
2/5/1959,174.856
2/6/1959,181.029
2/7/1959,66.884
2/8/1959,27.043
2/9/1959,342.747
2/10/1959,196.207
2/11/1959,244.997
2/12/1959,254.313
2/13/1959,187.117
2/14/1959,47.884
2/15/1959,65.553
2/16/1959,558.577
2/17/1959,524.087
2/18/1959,548.978
2/19/1959,553.962
2/20/1959,456.467
2/21/1959,24.069
2/22/1959,12.289
2/23/1959,154.355
2/24/1959,217.36
2/25/1959,238.314
2/26/1959,189.071
2/27/1959,152.769
2/28/1959,27.354
3/1/1959,7.9
3/2/1959,145.463
3/3/1959,127.001
3/4/1959,45.194
3/5/1959,52.556
3/6/1959,43.806
3/7/1959,11.808
3/8/1959,3.483
3/9/1959,143.425
3/10/1959,171.062
3/11/1959,248.253
3/12/1959,257.853
3/13/1959,214.386
3/14/1959,4.106
3/15/1959,22.823
3/16/1959,133.485
3/17/1959,42.815
3/18/1959,54.935
3/19/1959,99.25
3/20/1959,162.822
3/21/1959,68.243
3/22/1959,43.381
3/23/1959,102.875
3/24/1959,81.156
3/25/1959,67.875
3/26/1959,63.345
3/27/1959,42.419
3/28/1959,3.285
3/29/1959,3.54
3/30/1959,74.615
3/31/1959,126.973
4/1/1959,116.099
4/2/1959,191.337
4/3/1959,183.946
4/4/1959,14.866
4/5/1959,2.888
4/6/1959,175.706
4/7/1959,266.688
4/8/1959,236.672
4/9/1959,274.107
4/10/1959,241.712
4/11/1959,54.85
4/12/1959,2.973
4/13/1959,415.577
4/14/1959,568.573
4/15/1959,520.321
4/16/1959,507.89
4/17/1959,507.494
4/18/1959,257.655
4/19/1959,602.751
4/20/1959,450.577
4/21/1959,500.216
4/22/1959,491.183
4/23/1959,402.608
4/24/1959,399.012
4/25/1959,560.843
4/26/1959,147.191
4/27/1959,385.845
4/28/1959,297.355
4/29/1959,276.315
4/30/1959,276.344
5/1/1959,317.545
5/2/1959,52.329
5/3/1959,122.697
5/4/1959,252.699
5/5/1959,215.293
5/6/1959,245.478
5/7/1959,287.246
5/8/1959,230.385
5/9/1959,50.206
5/10/1959,125.812
5/11/1959,293.475
5/12/1959,263.686
5/13/1959,192.158
5/14/1959,132.466
5/15/1959,249.329
5/16/1959,62.014
5/17/1959,112.673
5/18/1959,207.732
5/19/1959,232
5/20/1959,246.838
5/21/1959,225.317
5/22/1959,239.843
5/23/1959,89.878
5/24/1959,90.274
5/25/1959,181.85
5/26/1959,224.382
5/27/1959,241.146
5/28/1959,197.566
5/29/1959,199.662
5/30/1959,56.435
5/31/1959,118.817
6/1/1959,130.597
6/2/1959,168.995
6/3/1959,96.192
6/4/1959,213.226
6/5/1959,259.637
6/6/1959,46.355
6/7/1959,2.152
6/8/1959,195.414
6/9/1959,213.537
6/10/1959,158.121
6/11/1959,211.923
6/12/1959,231.15
6/13/1959,36.359
6/14/1959,2.152
6/15/1959,81.581
6/16/1959,128.728
6/17/1959,110.775
6/18/1959,126.803
6/19/1959,92.398
6/20/1959,33.442
6/21/1959,2.18
6/22/1959,241.91
6/23/1959,119.922
6/24/1959,93.049
6/25/1959,151.325
6/26/1959,94.691
6/27/1959,25.57
6/28/1959,2.265
6/29/1959,278.864
6/30/1959,114.91
7/1/1959,66.261
7/2/1959,49.894
7/3/1959,42.447
7/4/1959,1.982
7/5/1959,2.124
7/6/1959,70.962
7/7/1959,90.104
7/8/1959,122.753
7/9/1959,160.245
7/10/1959,220.588
7/11/1959,2.124
7/12/1959,2.209
7/13/1959,136.742
7/14/1959,143.113
7/15/1959,117.939
7/16/1959,154.553
7/17/1959,135.269
7/18/1959,49.611
7/19/1959,2.209
7/20/1959,144.557
7/21/1959,92.143
7/22/1959,181.879
7/23/1959,170.637
7/24/1959,123.518
7/25/1959,2.209
7/26/1959,2.209
7/27/1959,120.46
7/28/1959,114.768
7/29/1959,125.5
7/30/1959,106.953
7/31/1959,109.501
8/1/1959,12.488
8/2/1959,2.095
8/3/1959,146.001
8/4/1959,152.684
8/5/1959,238.399
8/6/1959,144.133
8/7/1959,154.723
8/8/1959,2.095
8/9/1959,2.18
8/10/1959,228.46
8/11/1959,170.92
8/12/1959,181.482
8/13/1959,241.118
8/14/1959,169.703
8/15/1959,42.22
8/16/1959,2.152
8/17/1959,286.821
8/18/1959,236.53
8/19/1959,241.146
8/20/1959,240.693
8/21/1959,230.301
8/22/1959,40.238
8/23/1959,2.407
8/24/1959,259.665
8/25/1959,208.497
8/26/1959,180.095
8/27/1959,202.239
8/28/1959,177.546
8/29/1959,8.722
8/30/1959,2.407
8/31/1959,157.243
9/1/1959,196.349
9/2/1959,186.636
9/3/1959,165.88
9/4/1959,107.321
9/5/1959,2.407
9/6/1959,2.265
9/7/1959,49.838
9/8/1959,153.59
9/9/1959,213.848
9/10/1959,243.411
9/11/1959,95.966
9/12/1959,2.464
9/13/1959,2.52
9/14/1959,107.349
9/15/1959,224.439
9/16/1959,164.011
9/17/1959,198.982
9/18/1959,249.754
9/19/1959,29.223
9/20/1959,2.407
9/21/1959,261.591
9/22/1959,198.642
9/23/1959,194.565
9/24/1959,191.705
9/25/1959,173.724
9/26/1959,16.707
9/27/1959,2.124
9/28/1959,245.818
9/29/1959,227.95
9/30/1959,177.829
10/1/1959,312.702
10/2/1959,149.966
10/3/1959,39.304
10/4/1959,4.446
10/5/1959,356.452
10/6/1959,266.291
10/7/1959,212.206
10/8/1959,241.599
10/9/1959,209.969
10/10/1959,19.312
10/11/1959,2.52
10/12/1959,586.922
10/13/1959,514.743
10/14/1959,292.994
10/15/1959,497.753
10/16/1959,417.701
10/17/1959,17.755
10/18/1959,339.15
10/19/1959,495.827
10/20/1959,500.726
10/21/1959,550.564
10/22/1959,501.321
10/23/1959,469.294
10/24/1959,65.638
10/25/1959,19.17
10/26/1959,451.483
10/27/1959,401.617
10/28/1959,475.439
10/29/1959,511.203
10/30/1959,426.649
10/31/1959,10.534
11/1/1959,2.294
11/2/1959,169.476
11/3/1959,196.802
11/4/1959,175.338
11/5/1959,268.302
11/6/1959,217.813
11/7/1959,22.54
11/8/1959,2.945
11/9/1959,250.094
11/10/1959,262.78
11/11/1959,124.99
11/12/1959,200.171
11/13/1959,198.387
11/14/1959,123.631
11/15/1959,45.675
11/16/1959,235.114
11/17/1959,215.774
11/18/1959,219.314
11/19/1959,188.901
11/20/1959,218.124
11/21/1959,84.073
11/22/1959,34.235
11/23/1959,216.057
11/24/1959,226.195
11/25/1959,168.627
11/26/1959,86.508
11/27/1959,211.442
11/28/1959,111.766
11/29/1959,44.684
11/30/1959,307.832
12/1/1959,302.225
12/2/1959,264.479
12/3/1959,226.676
12/4/1959,211.215
12/5/1959,99.137
12/6/1959,34.405
12/7/1959,275.211
12/8/1959,257.371
12/9/1959,234.237
12/10/1959,282.545
12/11/1959,210.592
12/12/1959,77.758
12/13/1959,14.725
12/14/1959,186.863
12/15/1959,210.847
12/16/1959,221.126
12/17/1959,221.466
12/18/1959,212.886
12/19/1959,16.254
12/20/1959,10.251
12/21/1959,506.304
12/22/1959,569.451
12/23/1959,631.436
12/24/1959,427.895
12/25/1959,154.581
12/26/1959,278.184
12/27/1959,127.171
12/28/1959,445.99
12/29/1959,421.807
12/30/1959,398.502
12/31/1959,428.377
1/1/1960,331.646
1/2/1960,275.381
1/3/1960,47.176
1/4/1960,469.096
1/5/1960,465.811
1/6/1960,461.507
1/7/1960,465.415
1/8/1960,430.472
1/9/1960,179.387
1/10/1960,135.099
1/11/1960,448
1/12/1960,489.371
1/13/1960,440.213
1/14/1960,449.784
1/15/1960,409.546
1/16/1960,178.226
1/17/1960,177.122
1/18/1960,413.539
1/19/1960,386.043
1/20/1960,386.751
1/21/1960,458.704
1/22/1960,341.444
1/23/1960,97.75
1/24/1960,48.648
1/25/1960,182.219
1/26/1960,159.962
1/27/1960,212.801
1/28/1960,103.3
1/29/1960,206.231
1/30/1960,87.301
1/31/1960,17.471
2/1/1960,209.488
2/2/1960,383.494
2/3/1960,409.433
2/4/1960,466.831
2/5/1960,430.302
2/6/1960,140.281
2/7/1960,169.589
2/8/1960,475.722
2/9/1960,454.456
2/10/1960,436.22
2/11/1960,470.257
2/12/1960,491.693
2/13/1960,444.036
2/14/1960,554.415
2/15/1960,553.282
2/16/1960,445.367
2/17/1960,454.003
2/18/1960,517.688
2/19/1960,476.572
2/20/1960,588.055
2/21/1960,628.775
2/22/1960,675.894
2/23/1960,650.947
2/24/1960,657.516
2/25/1960,518.112
2/26/1960,657.375
2/27/1960,629.426
2/28/1960,663.831
2/29/1960,738.644
3/1/1960,656.157
3/2/1960,660.121
3/3/1960,502.652
3/4/1960,659.328
3/5/1960,699.991
3/6/1960,671.958
3/7/1960,684.162
3/8/1960,686.286
3/9/1960,682.237
3/10/1960,515.706
3/11/1960,519.387
3/12/1960,135.977
3/13/1960,133.174
3/14/1960,404.619
3/15/1960,452.842
3/16/1960,446.075
3/17/1960,449.558
3/18/1960,500.245
3/19/1960,376.868
3/20/1960,480.848
3/21/1960,466.717
3/22/1960,498.121
3/23/1960,493.279
3/24/1960,528.052
3/25/1960,520.434
3/26/1960,525.277
3/27/1960,494.072
3/28/1960,499.735
3/29/1960,498.829
3/30/1960,493.194
3/31/1960,471.361
4/1/1960,505.88
4/2/1960,556.029
4/3/1960,380.068
4/4/1960,507.437
4/5/1960,516.668
4/6/1960,664.199
4/7/1960,498.8
4/8/1960,500.641
4/9/1960,627.614
4/10/1960,599.212
4/11/1960,582.024
4/12/1960,549.487
4/13/1960,468.19
4/14/1960,628.095
4/15/1960,544.221
4/16/1960,664.086
4/17/1960,551.753
4/18/1960,584.799
4/19/1960,552.093
4/20/1960,578.88
4/21/1960,549.629
4/22/1960,480.933
4/23/1960,559.228
4/24/1960,476.374
4/25/1960,182.502
4/26/1960,193.659
4/27/1960,193.234
4/28/1960,243.609
4/29/1960,338.612
4/30/1960,104.319
5/1/1960,107.745
5/2/1960,282.29
5/3/1960,284.386
5/4/1960,293.56
5/5/1960,273.285
5/6/1960,294.466
5/7/1960,104.319
5/8/1960,75.578
5/9/1960,470.031
5/10/1960,434.72
5/11/1960,449.671
5/12/1960,350.364
5/13/1960,396.577
5/14/1960,413.737
5/15/1960,409.489
5/16/1960,258.901
5/17/1960,226.223
5/18/1960,236.389
5/19/1960,231.943
5/20/1960,222.4
5/21/1960,115.844
5/22/1960,95.343
5/23/1960,246.668
5/24/1960,251.028
5/25/1960,251.368
5/26/1960,240.353
5/27/1960,254.568
5/28/1960,286.424
5/29/1960,288.548
5/30/1960,438.967
5/31/1960,508.598
6/1/1960,461.507
6/2/1960,355.376
6/3/1960,401.079
6/4/1960,221.636
6/5/1960,83.223
6/6/1960,172.619
6/7/1960,120.12
6/8/1960,137.733
6/9/1960,138.724
6/10/1960,131.815
6/11/1960,5.097
6/12/1960,1.926
6/13/1960,244.034
6/14/1960,227.214
6/15/1960,235.652
6/16/1960,230.725
6/17/1960,247.149
6/18/1960,13.167
6/19/1960,1.954
6/20/1960,262.468
6/21/1960,245.223
6/22/1960,251.623
6/23/1960,266.121
6/24/1960,254.002
6/25/1960,2.039
6/26/1960,2.124
6/27/1960,159.055
6/28/1960,164.549
6/29/1960,160.726
6/30/1960,171.487
7/1/1960,150.787
7/2/1960,16.141
7/3/1960,2.095
7/4/1960,2.095
7/5/1960,147.531
7/6/1960,154.808
7/7/1960,147.077
7/8/1960,145.492
7/9/1960,4.927
7/10/1960,2.209
7/11/1960,155.006
7/12/1960,221.098
7/13/1960,220.871
7/14/1960,210.932
7/15/1960,178.056
7/16/1960,5.21
7/17/1960,2.209
7/18/1960,195.103
7/19/1960,167.409
7/20/1960,161.632
7/21/1960,104.376
7/22/1960,147.531
7/23/1960,77.503
7/24/1960,2.18
7/25/1960,175.139
7/26/1960,125.613
7/27/1960,74.813
7/28/1960,80.306
7/29/1960,78.041
7/30/1960,6.258
7/31/1960,2.294
8/1/1960,181.029
8/2/1960,251.085
8/3/1960,197.878
8/4/1960,248.565
8/5/1960,176.272
8/6/1960,10.449
8/7/1960,2.18
8/8/1960,221.777
8/9/1960,166.05
8/10/1960,182.275
8/11/1960,116.127
8/12/1960,104.602
8/13/1960,8.212
8/14/1960,2.209
8/15/1960,196.264
8/16/1960,131.078
8/17/1960,133.797
8/18/1960,107.122
8/19/1960,159.424
8/20/1960,20.756
8/21/1960,2.209
8/22/1960,179.557
8/23/1960,128.218
8/24/1960,168.683
8/25/1960,265.838
8/26/1960,279.997
8/27/1960,122.81
8/28/1960,65.468
8/29/1960,242.76
8/30/1960,227.412
8/31/1960,205.24
9/1/1960,226.591
9/2/1960,196.802
9/3/1960,2.124
9/4/1960,2.209
9/5/1960,79.683
9/6/1960,213.424
9/7/1960,160.131
9/8/1960,179.019
9/9/1960,289.341
9/10/1960,165.597
9/11/1960,2.35
9/12/1960,182.36
9/13/1960,269.038
9/14/1960,163.388
9/15/1960,226.138
9/16/1960,235.001
9/17/1960,69.291
9/18/1960,10.675
9/19/1960,200.03
9/20/1960,173.44
9/21/1960,120.46
9/22/1960,108.708
9/23/1960,95.003
9/24/1960,5.352
9/25/1960,2.294
9/26/1960,171.77
9/27/1960,173.355
9/28/1960,260.769
9/29/1960,222.372
9/30/1960,215.746
10/1/1960,29.506
10/2/1960,8.297
10/3/1960,245.563
10/4/1960,220.163
10/5/1960,252.756
10/6/1960,279.487
10/7/1960,237.238
10/8/1960,130.059
10/9/1960,64.591
10/10/1960,264.139
10/11/1960,226.166
10/12/1960,223.929
10/13/1960,224.835
10/14/1960,232.084
10/15/1960,96.447
10/16/1960,36.67
10/17/1960,273.257
10/18/1960,240.41
10/19/1960,240.58
10/20/1960,207.477
10/21/1960,210.96
10/22/1960,32.961
10/23/1960,19.142
10/24/1960,304.972
10/25/1960,216.907
10/26/1960,211.583
10/27/1960,193.46
10/28/1960,186.325
10/29/1960,38.483
10/30/1960,2.492
10/31/1960,198.529
11/1/1960,153.817
11/2/1960,147.785
11/3/1960,147.587
11/4/1960,151.353
11/5/1960,26.221
11/6/1960,15.886
11/7/1960,243.298
11/8/1960,175.677
11/9/1960,177.943
11/10/1960,167.466
11/11/1960,107.066
11/12/1960,27.467
11/13/1960,13.988
11/14/1960,177.999
11/15/1960,147.757
11/16/1960,158.064
11/17/1960,145.633
11/18/1960,136.544
11/19/1960,20.813
11/20/1960,9.968
11/21/1960,169.25
11/22/1960,147.814
11/23/1960,130.937
11/24/1960,49.923
11/25/1960,60.994
11/26/1960,10.874
11/27/1960,2.803
11/28/1960,143.934
11/29/1960,132.749
11/30/1960,140.961
12/1/1960,119.185
12/2/1960,123.575
12/3/1960,8.665
12/4/1960,4.786
12/5/1960,194.735
12/6/1960,168.768
12/7/1960,155.969
12/8/1960,187.57
12/9/1960,204.249
12/10/1960,29.28
12/11/1960,52.273
12/12/1960,262.723
12/13/1960,220.475
12/14/1960,146.596
12/15/1960,142.575
12/16/1960,164.039
12/17/1960,63.571
12/18/1960,26.901
12/19/1960,200.794
12/20/1960,176.159
12/21/1960,151.41
12/22/1960,155.176
12/23/1960,123.631
12/24/1960,61.787
12/25/1960,5.154
12/26/1960,9.571
12/27/1960,107.745
12/28/1960,164.634
12/29/1960,153.704
12/30/1960,121.224
12/31/1960,59.947
1/1/1961,4.842
1/2/1961,27.722
1/3/1961,186.891
1/4/1961,123.263
1/5/1961,116.665
1/6/1961,105.848
1/7/1961,23.956
1/8/1961,6.711
1/9/1961,212.263
1/10/1961,157.64
1/11/1961,151.325
1/12/1961,136.714
1/13/1961,120.63
1/14/1961,56.464
1/15/1961,11.185
1/16/1961,219.993
1/17/1961,171.77
1/18/1961,167.296
1/19/1961,225.855
1/20/1961,172.364
1/21/1961,118.109
1/22/1961,33.017
1/23/1961,249.811
1/24/1961,232.623
1/25/1961,222.513
1/26/1961,207.987
1/27/1961,158.772
1/28/1961,65.299
1/29/1961,27.297
1/30/1961,220.758
1/31/1961,186.693
2/1/1961,121.083
2/2/1961,197.085
2/3/1961,125.727
2/4/1961,5.635
2/5/1961,5.324
2/6/1961,108.51
2/7/1961,67.309
2/8/1961,62.099
2/9/1961,59.55
2/10/1961,62.523
2/11/1961,7.532
2/12/1961,4.927
2/13/1961,126.01
2/14/1961,80.844
2/15/1961,60.881
2/16/1961,64.902
2/17/1961,69.886
2/18/1961,14.13
2/19/1961,4.134
2/20/1961,130.172
2/21/1961,131.871
2/22/1961,93.502
2/23/1961,179.783
2/24/1961,344.219
2/25/1961,90.954
2/26/1961,397.879
2/27/1961,577.125
2/28/1961,579.956
3/1/1961,516.498
3/2/1961,474.306
3/3/1961,444.517
3/4/1961,156.762
3/5/1961,52.698
3/6/1961,486.03
3/7/1961,532.611
3/8/1961,375.877
3/9/1961,491.58
3/10/1961,498.857
3/11/1961,288.435
3/12/1961,63.6
3/13/1961,559.059
3/14/1961,483.028
3/15/1961,461.536
3/16/1961,490.504
3/17/1961,379.615
3/18/1961,133.089
3/19/1961,27.269
3/20/1961,199.548
3/21/1961,155.912
3/22/1961,189.411
3/23/1961,327.002
3/24/1961,381.201
3/25/1961,419.542
3/26/1961,273.229
3/27/1961,523.238
3/28/1961,516.697
3/29/1961,448.312
3/30/1961,434.181
3/31/1961,291.72
4/1/1961,274.786
4/2/1961,361.917
4/3/1961,540.879
4/4/1961,597.853
4/5/1961,517.065
4/6/1961,508.598
4/7/1961,409.206
4/8/1961,99.165
4/9/1961,72.972
4/10/1961,543.852
4/11/1961,598.391
4/12/1961,428.631
4/13/1961,472.183
4/14/1961,552.376
4/15/1961,528.788
4/16/1961,422.458
4/17/1961,606.971
4/18/1961,555.151
4/19/1961,527.627
4/20/1961,492.514
4/21/1961,503.076
4/22/1961,517.971
4/23/1961,413.737
4/24/1961,287.019
4/25/1961,283.395
4/26/1961,276.57
4/27/1961,292.088
4/28/1961,239.05
4/29/1961,87.697
4/30/1961,86.168
5/1/1961,234.831
5/2/1961,254.823
5/3/1961,183.691
5/4/1961,218.521
5/5/1961,282.29
5/6/1961,89.878
5/7/1961,90.755
5/8/1961,337.451
5/9/1961,227.101
5/10/1961,197.311
5/11/1961,275.154
5/12/1961,400.626
5/13/1961,79.712
5/14/1961,74.87
5/15/1961,442.592
5/16/1961,519.84
5/17/1961,502.963
5/18/1961,473.202
5/19/1961,465.868
5/20/1961,76.172
5/21/1961,80.335
5/22/1961,231.83
5/23/1961,278.524
5/24/1961,236.219
5/25/1961,235.681
5/26/1961,297.298
5/27/1961,92.709
5/28/1961,83.704
5/29/1961,249.811
5/30/1961,194.027
5/31/1961,228.715
6/1/1961,298.176
6/2/1961,348.665
6/3/1961,100.157
6/4/1961,77.192
6/5/1961,214.925
6/6/1961,220.22
6/7/1961,249.443
6/8/1961,210.139
6/9/1961,168.57
6/10/1961,101.912
6/11/1961,70.622
6/12/1961,306.501
6/13/1961,248.735
6/14/1961,160.131
6/15/1961,94.437
6/16/1961,98.429
6/17/1961,2.407
6/18/1961,2.35
6/19/1961,107.264
6/20/1961,124.452
6/21/1961,165.2
6/22/1961,499.253
6/23/1961,464.537
6/24/1961,64.194
6/25/1961,80.08
6/26/1961,408.413
6/27/1961,488.974
6/28/1961,548.411
6/29/1961,527.57
6/30/1961,474.335
7/1/1961,124.905
7/2/1961,42.56
7/3/1961,230.895
7/4/1961,2.322
7/5/1961,214.84
7/6/1961,289.907
7/7/1961,295.571
7/8/1961,60.371
7/9/1961,2.35
7/10/1961,191.223
7/11/1961,197.538
7/12/1961,187.089
7/13/1961,199.775
7/14/1961,216.227
7/15/1961,61.249
7/16/1961,2.294
7/17/1961,208.497
7/18/1961,159.225
7/19/1961,194.112
7/20/1961,156.054
7/21/1961,202.748
7/22/1961,40.55
7/23/1961,2.124
7/24/1961,217.983
7/25/1961,144.699
7/26/1961,93.757
7/27/1961,97.466
7/28/1961,134.505
7/29/1961,14.725
7/30/1961,2.095
7/31/1961,252.303
8/1/1961,146.653
8/2/1961,83.676
8/3/1961,115.023
8/4/1961,80.561
8/5/1961,2.209
8/6/1961,2.209
8/7/1961,120.686
8/8/1961,199.973
8/9/1961,162.765
8/10/1961,127.68
8/11/1961,198.671
8/12/1961,9.005
8/13/1961,2.237
8/14/1961,53.094
8/15/1961,77.022
8/16/1961,172.676
8/17/1961,153.873
8/18/1961,133.174
8/19/1961,5.72
8/20/1961,2.18
8/21/1961,151.806
8/22/1961,191.818
8/23/1961,164.492
8/24/1961,245.195
8/25/1961,232.226
8/26/1961,149.031
8/27/1961,2.124
8/28/1961,547.902
8/29/1961,522.417
8/30/1961,434.493
8/31/1961,470.087
9/1/1961,528.307
9/2/1961,74.898
9/3/1961,2.067
9/4/1961,2.237
9/5/1961,260.883
9/6/1961,241.825
9/7/1961,227.922
9/8/1961,118.166
9/9/1961,49.696
9/10/1961,2.209
9/11/1961,289.907
9/12/1961,239.532
9/13/1961,212.801
9/14/1961,156.111
9/15/1961,69.036
9/16/1961,2.435
9/17/1961,2.407
9/18/1961,112.786
9/19/1961,186.834
9/20/1961,189.411
9/21/1961,207.704
9/22/1961,174.46
9/23/1961,23.871
9/24/1961,2.435
9/25/1961,322.896
9/26/1961,152.146
9/27/1961,80.844
9/28/1961,72.378
9/29/1961,84.837
9/30/1961,2.435
10/1/1961,2.407
10/2/1961,162.68
10/3/1961,143.991
10/4/1961,98.429
10/5/1961,159.763
10/6/1961,119.129
10/7/1961,28.996
10/8/1961,2.464
10/9/1961,197.963
10/10/1961,143.311
10/11/1961,144.331
10/12/1961,122.13
10/13/1961,95.201
10/14/1961,21.606
10/15/1961,2.633
10/16/1961,128.36
10/17/1961,87.301
10/18/1961,116.92
10/19/1961,104.036
10/20/1961,149.088
10/21/1961,79.117
10/22/1961,2.69
10/23/1961,225.43
10/24/1961,196.434
10/25/1961,249.471
10/26/1961,215.151
10/27/1961,208.128
10/28/1961,116.495
10/29/1961,17.896
10/30/1961,183.833
10/31/1961,125.245
11/1/1961,133.854
11/2/1961,148.04
11/3/1961,143.085
11/4/1961,82.543
11/5/1961,23.107
11/6/1961,182.389
11/7/1961,127.709
11/8/1961,144.189
11/9/1961,164.351
11/10/1961,100.072
11/11/1961,30.044
11/12/1961,2.945
11/13/1961,156.139
11/14/1961,116.778
11/15/1961,99.42
11/16/1961,112.842
11/17/1961,119.044
11/18/1961,84.016
11/19/1961,3.568
11/20/1961,172.336
11/21/1961,167.409
11/22/1961,143.141
11/23/1961,81.722
11/24/1961,141.018
11/25/1961,61.702
11/26/1961,20.926
11/27/1961,240.636
11/28/1961,225.657
11/29/1961,208.61
11/30/1961,203.541
12/1/1961,175.338
12/2/1961,48.025
12/3/1961,19.595
12/4/1961,228.658
12/5/1961,210.535
12/6/1961,170.382
12/7/1961,222.315
12/8/1961,200.993
12/9/1961,91.52
12/10/1961,61.872
12/11/1961,193.206
12/12/1961,251.623
12/13/1961,248.083
12/14/1961,235.851
12/15/1961,241.542
12/16/1961,111.342
12/17/1961,65.808
12/18/1961,274.956
12/19/1961,424.072
12/20/1961,508.626
12/21/1961,409.121
12/22/1961,403.175
12/23/1961,236.304
12/24/1961,234.746
12/25/1961,235.964
12/26/1961,411.358
12/27/1961,397.596
12/28/1961,457.939
12/29/1961,428.716
12/30/1961,307.719
12/31/1961,128.502
1/1/1962,294.24
1/2/1962,392.244
1/3/1962,471.418
1/4/1962,451.285
1/5/1962,453.38
1/6/1962,258.278
1/7/1962,72.378
1/8/1962,356.084
1/9/1962,413.454
1/10/1962,440.524
1/11/1962,442.28
1/12/1962,534.423
1/13/1962,485.265
1/14/1962,460.431
1/15/1962,519.019
1/16/1962,469.153
1/17/1962,501.009
1/18/1962,520.803
1/19/1962,500.216
1/20/1962,202.918
1/21/1962,140.734
1/22/1962,391.508
1/23/1962,370.865
1/24/1962,422.713
1/25/1962,363.928
1/26/1962,493.505
1/27/1962,312.108
1/28/1962,166.163
1/29/1962,541.106
1/30/1962,484.727
1/31/1962,482.32
2/1/1962,460.488
2/2/1962,404.959
2/3/1962,140.225
2/4/1962,112.729
2/5/1962,427.725
2/6/1962,460.12
2/7/1962,515.196
2/8/1962,530.629
2/9/1962,483.538
2/10/1962,164.294
2/11/1962,28.487
2/12/1962,523.748
2/13/1962,403.033
2/14/1962,359.17
2/15/1962,382.843
2/16/1962,422.742
2/17/1962,82.062
2/18/1962,5.437
2/19/1962,172.279
2/20/1962,346.513
2/21/1962,347.306
2/22/1962,359.878
2/23/1962,427.754
2/24/1962,289.086
2/25/1962,277.08
2/26/1962,531.336
2/27/1962,510.184
2/28/1962,469.832
3/1/1962,509.957
3/2/1962,490.674
3/3/1962,170.042
3/4/1962,73.029
3/5/1962,508.57
3/6/1962,425.97
3/7/1962,514.658
3/8/1962,542.918
3/9/1962,544.39
3/10/1962,206.684
3/11/1962,21.634
3/12/1962,438.656
3/13/1962,478.384
3/14/1962,516.753
3/15/1962,543.541
3/16/1962,504.605
3/17/1962,544.136
3/18/1962,471.135
3/19/1962,568.488
3/20/1962,526.947
3/21/1962,377.605
3/22/1962,511.628
3/23/1962,518.509
3/24/1962,321.962
3/25/1962,178.339
3/26/1962,512.817
3/27/1962,502.623
3/28/1962,507.295
3/29/1962,443.016
3/30/1962,313.014
3/31/1962,2.747
4/1/1962,2.832
4/2/1962,326.096
4/3/1962,491.127
4/4/1962,477.138
4/5/1962,466.689
4/6/1962,418.126
4/7/1962,2.605
4/8/1962,28.458
4/9/1962,515.054
4/10/1962,478.611
4/11/1962,526.098
4/12/1962,269.576
4/13/1962,544.192
4/14/1962,561.947
4/15/1962,424.157
4/16/1962,541.955
4/17/1962,491.75
4/18/1962,563.249
4/19/1962,501.066
4/20/1962,524.059
4/21/1962,189.1
4/22/1962,27.467
4/23/1962,447.207
4/24/1962,531.705
4/25/1962,430.953
4/26/1962,475.779
4/27/1962,433.134
4/28/1962,120.969
4/29/1962,56.067
4/30/1962,190.487
5/1/1962,189.241
5/2/1962,175.734
5/3/1962,156.988
5/4/1962,187.231
5/5/1962,78.268
5/6/1962,69.489
5/7/1962,290.615
5/8/1962,223.646
5/9/1962,237.72
5/10/1962,263.799
5/11/1962,263.318
5/12/1962,239.645
5/13/1962,85.517
5/14/1962,259.75
5/15/1962,272.096
5/16/1962,224.354
5/17/1962,195.471
5/18/1962,281.582
5/19/1962,206.345
5/20/1962,112.814
5/21/1962,277.193
5/22/1962,171.232
5/23/1962,171.487
5/24/1962,213.141
5/25/1962,178.566
5/26/1962,90.84
5/27/1962,77.135
5/28/1962,152.967
5/29/1962,234.265
5/30/1962,67.564
5/31/1962,188.816
6/1/1962,175.876
6/2/1962,113.89
6/3/1962,53.151
6/4/1962,198.246
6/5/1962,181.369
6/6/1962,193.772
6/7/1962,199.775
6/8/1962,193.574
6/9/1962,122.442
6/10/1962,48.931
6/11/1962,256.012
6/12/1962,219.682
6/13/1962,216.227
6/14/1962,434.748
6/15/1962,475.581
6/16/1962,431.378
6/17/1962,429.056
6/18/1962,526.438
6/19/1962,485.746
6/20/1962,486.907
6/21/1962,514.828
6/22/1962,494.978
6/23/1962,25.882
6/24/1962,2.18
6/25/1962,243.864
6/26/1962,334.45
6/27/1962,399.38
6/28/1962,314.543
6/29/1962,383.438
6/30/1962,209.431
7/1/1962,38.171
7/2/1962,485.463
7/3/1962,454.711
7/4/1962,104.999
7/5/1962,478.412
7/6/1962,402.976
7/7/1962,1.926
7/8/1962,2.01
7/9/1962,163.983
7/10/1962,127.992
7/11/1962,179.245
7/12/1962,173.016
7/13/1962,151.721
7/14/1962,22.568
7/15/1962,2.124
7/16/1962,162.765
7/17/1962,88.462
7/18/1962,138.554
7/19/1962,147.502
7/20/1962,168.258
7/21/1962,52.783
7/22/1962,2.039
7/23/1962,188.958
7/24/1962,129.493
7/25/1962,103.47
7/26/1962,133.146
7/27/1962,94.125
7/28/1962,2.124
7/29/1962,2.124
7/30/1962,147.559
7/31/1962,366.504
8/1/1962,173.214
8/2/1962,164.521
8/3/1962,111.342
8/4/1962,8.58
8/5/1962,2.152
8/6/1962,222.174
8/7/1962,168.372
8/8/1962,229.196
8/9/1962,92.426
8/10/1962,103.923
8/11/1962,2.18
8/12/1962,7.306
8/13/1962,209.743
8/14/1962,247.942
8/15/1962,246.016
8/16/1962,279.685
8/17/1962,217.756
8/18/1962,13.649
8/19/1962,2.152
8/20/1962,274.899
8/21/1962,226.619
8/22/1962,118.223
8/23/1962,90.869
8/24/1962,175.677
8/25/1962,35.962
8/26/1962,21.804
8/27/1962,259.637
8/28/1962,140.678
8/29/1962,143.425
8/30/1962,182.672
8/31/1962,210.988
9/1/1962,2.124
9/2/1962,2.209
9/3/1962,2.124
9/4/1962,220.05
9/5/1962,208.412
9/6/1962,105.622
9/7/1962,88.688
9/8/1962,2.492
9/9/1962,2.35
9/10/1962,270.171
9/11/1962,204.277
9/12/1962,127.001
9/13/1962,260.401
9/14/1962,208.072
9/15/1962,2.322
9/16/1962,2.379
9/17/1962,122.357
9/18/1962,64.93
9/19/1962,57.313
9/20/1962,65.893
9/21/1962,66.856
9/22/1962,2.662
9/23/1962,2.605
9/24/1962,115.674
9/25/1962,135.977
9/26/1962,152.316
9/27/1962,205.353
9/28/1962,218.096
9/29/1962,2.605
9/30/1962,2.577
10/1/1962,213.084
10/2/1962,109.501
10/3/1962,140.989
10/4/1962,91.123
10/5/1962,101.742
10/6/1962,2.407
10/7/1962,2.294
10/8/1962,127.737
10/9/1962,111.257
10/10/1962,130.965
10/11/1962,132.296
10/12/1962,69.32
10/13/1962,179.104
10/14/1962,272.578
10/15/1962,530.629
10/16/1962,510.665
10/17/1962,176.074
10/18/1962,181.114
10/19/1962,216.539
10/20/1962,2.577
10/21/1962,2.52
10/22/1962,229.423
10/23/1962,167.777
10/24/1962,110.237
10/25/1962,143.736
10/26/1962,49.639
10/27/1962,3.143
10/28/1962,2.973
10/29/1962,80.533
10/30/1962,77.446
10/31/1962,59.664
11/1/1962,132.608
11/2/1962,172.619
11/3/1962,3.143
11/4/1962,3.115
11/5/1962,53.547
11/6/1962,232.396
11/7/1962,505.965
11/8/1962,419.712
11/9/1962,204.985
11/10/1962,103.555
11/11/1962,3.058
11/12/1962,209.629
11/13/1962,272.238
11/14/1962,562.598
11/15/1962,321.99
11/16/1962,199.265
11/17/1962,69.008
11/18/1962,3.058
11/19/1962,208.185
11/20/1962,237.38
11/21/1962,184.512
11/22/1962,46.525
11/23/1962,188.731
11/24/1962,73.709
11/25/1962,3.766
11/26/1962,536.83
11/27/1962,544.107
11/28/1962,243.156
11/29/1962,261.619
11/30/1962,203.853
12/1/1962,57.568
12/2/1962,3.681
12/3/1962,178.481
12/4/1962,262.497
12/5/1962,210.309
12/6/1962,207.562
12/7/1962,202.04
12/8/1962,56.265
12/9/1962,4.502
12/10/1962,261.449
12/11/1962,243.326
12/12/1962,254.993
12/13/1962,251.34
12/14/1962,201.078
12/15/1962,41.116
12/16/1962,5.069
12/17/1962,194.055
12/18/1962,213.537
12/19/1962,208.553
12/20/1962,390.064
12/21/1962,554.131
12/22/1962,453.069
12/23/1962,76.002
12/24/1962,527.485
12/25/1962,18.519
12/26/1962,304.179
12/27/1962,263.261
12/28/1962,210.762
12/29/1962,87.414
12/30/1962,5.522
12/31/1962,165.88
1/1/1963,87.895
1/2/1963,175.224
1/3/1963,200.228
1/4/1963,204.759
1/5/1963,26.335
1/6/1963,9.883
1/7/1963,262.242
1/8/1963,252.841
1/9/1963,263.148
1/10/1963,262.214
1/11/1963,276.287
1/12/1963,118.817
1/13/1963,21.436
1/14/1963,293.22
1/15/1963,422.515
1/16/1963,451.455
1/17/1963,489.597
1/18/1963,480.508
1/19/1963,208.1
1/20/1963,4.361
1/21/1963,459.327
1/22/1963,444.885
1/23/1963,453.607
1/24/1963,464.99
1/25/1963,472.069
1/26/1963,261.279
1/27/1963,64.93
1/28/1963,484.076
1/29/1963,475.382
1/30/1963,433.643
1/31/1963,429.906
2/1/1963,417.276
2/2/1963,185.9
2/3/1963,30.356
2/4/1963,425.941
2/5/1963,448.991
2/6/1963,401.504
2/7/1963,423.931
2/8/1963,379.304
2/9/1963,148.154
2/10/1963,16.905
2/11/1963,287.529
2/12/1963,375.99
2/13/1963,351.072
2/14/1963,392.556
2/15/1963,389.781
2/16/1963,85.375
2/17/1963,29.903
2/18/1963,199.917
2/19/1963,118.987
2/20/1963,107.066
2/21/1963,107.689
2/22/1963,111.993
2/23/1963,21.804
2/24/1963,5.324
2/25/1963,146.426
2/26/1963,147.247
2/27/1963,141.301
2/28/1963,146.398
3/1/1963,298.856
3/2/1963,9.345
3/3/1963,4.899
3/4/1963,221.664
3/5/1963,247.461
3/6/1963,189.779
3/7/1963,543.399
3/8/1963,509.391
3/9/1963,533.205
3/10/1963,400.966
3/11/1963,571.178
3/12/1963,535.329
3/13/1963,509.306
3/14/1963,499.367
3/15/1963,516.725
3/16/1963,631.21
3/17/1963,158.659
3/18/1963,504.634
3/19/1963,518.169
3/20/1963,484.444
3/21/1963,465.868
3/22/1963,487.219
3/23/1963,527.287
3/24/1963,328.56
3/25/1963,630.304
3/26/1963,575.454
3/27/1963,539.747
3/28/1963,530.827
3/29/1963,559.398
3/30/1963,529.524
3/31/1963,336.404
4/1/1963,659.895
4/2/1963,536.009
4/3/1963,509.221
4/4/1963,463.942
4/5/1963,366.249
4/6/1963,119.327
4/7/1963,2.973
4/8/1963,225.515
4/9/1963,125.642
4/10/1963,77.39
4/11/1963,83.025
4/12/1963,73.68
4/13/1963,2.973
4/14/1963,3.03
4/15/1963,77.871
4/16/1963,187.287
4/17/1963,153.251
4/18/1963,132.834
4/19/1963,165.653
4/20/1963,10.166
4/21/1963,2.152
4/22/1963,125.302
4/23/1963,126.066
4/24/1963,132.126
4/25/1963,96.589
4/26/1963,147.247
4/27/1963,8.665
4/28/1963,2.492
4/29/1963,213.141
4/30/1963,233.274
5/1/1963,232.056
5/2/1963,149.428
5/3/1963,217.53
5/4/1963,2.35
5/5/1963,2.237
5/6/1963,187.627
5/7/1963,206.599
5/8/1963,244.629
5/9/1963,352.799
5/10/1963,254.596
5/11/1963,2.237
5/12/1963,2.945
5/13/1963,75.068
5/14/1963,119.299
5/15/1963,143.906
5/16/1963,193.97
5/17/1963,185.164
5/18/1963,2.435
5/19/1963,2.492
5/20/1963,219.937
5/21/1963,203.824
5/22/1963,212.348
5/23/1963,226.987
5/24/1963,228.715
5/25/1963,2.265
5/26/1963,2.265
5/27/1963,226.11
5/28/1963,227.95
5/29/1963,235.567
5/30/1963,84.865
5/31/1963,235.737
6/1/1963,32.479
6/2/1963,2.549
6/3/1963,328.758
6/4/1963,346.852
6/5/1963,274.305
6/6/1963,263.12
6/7/1963,224.75
6/8/1963,2.237
6/9/1963,2.294
6/10/1963,402.155
6/11/1963,137.761
6/12/1963,133.089
6/13/1963,168.4
6/14/1963,178.311
6/15/1963,2.209
6/16/1963,2.237
6/17/1963,143.056
6/18/1963,207.109
6/19/1963,192.583
6/20/1963,158.602
6/21/1963,56.52
6/22/1963,2.407
6/23/1963,2.379
6/24/1963,95.654
6/25/1963,68.895
6/26/1963,99.845
6/27/1963,187.032
6/28/1963,155.912
6/29/1963,66.205
6/30/1963,2.152
7/1/1963,188.193
7/2/1963,123.744
7/3/1963,94.861
7/4/1963,2.322
7/5/1963,52.867
7/6/1963,2.18
7/7/1963,2.209
7/8/1963,160.386
7/9/1963,59.324
7/10/1963,75.294
7/11/1963,102.507
7/12/1963,108.85
7/13/1963,2.294
7/14/1963,2.209
7/15/1963,194.083
7/16/1963,259.637
7/17/1963,179.104
7/18/1963,180.293
7/19/1963,178.339
7/20/1963,24.126
7/21/1963,2.407
7/22/1963,41.937
7/23/1963,61.929
7/24/1963,59.494
7/25/1963,71.443
7/26/1963,153.562
7/27/1963,2.35
7/28/1963,2.379
7/29/1963,158.291
7/30/1963,134.392
7/31/1963,77.022
8/1/1963,128.502
8/2/1963,65.723
8/3/1963,2.379
8/4/1963,2.35
8/5/1963,65.299
8/6/1963,116.014
8/7/1963,109.473
8/8/1963,130.116
8/9/1963,174.177
8/10/1963,2.35
8/11/1963,2.379
8/12/1963,83.563
8/13/1963,126.604
8/14/1963,123.886
8/15/1963,130.484
8/16/1963,140.791
8/17/1963,2.35
8/18/1963,2.35
8/19/1963,168.089
8/20/1963,232.877
8/21/1963,115.136
8/22/1963,253.832
8/23/1963,113.267
8/24/1963,2.35
8/25/1963,2.294
8/26/1963,171.713
8/27/1963,132.381
8/28/1963,80.59
8/29/1963,219.908
8/30/1963,207.449
8/31/1963,2.35
9/1/1963,2.322
9/2/1963,59.805
9/3/1963,261.676
9/4/1963,225.288
9/5/1963,230.669
9/6/1963,124.707
9/7/1963,2.379
9/8/1963,2.407
9/9/1963,200.313
9/10/1963,175.479
9/11/1963,200.879
9/12/1963,249.471
9/13/1963,143.34
9/14/1963,2.435
9/15/1963,2.464
9/16/1963,94.805
9/17/1963,139.12
9/18/1963,153.279
9/19/1963,245.988
9/20/1963,230.074
9/21/1963,108.312
9/22/1963,2.492
9/23/1963,132.268
9/24/1963,151.75
9/25/1963,129.125
9/26/1963,163.36
9/27/1963,183.38
9/28/1963,14.357
9/29/1963,2.35
9/30/1963,167.211
10/1/1963,126.689
10/2/1963,277.929
10/3/1963,149.343
10/4/1963,119.893
10/5/1963,87.612
10/6/1963,13.167
10/7/1963,190.544
10/8/1963,157.979
10/9/1963,148.38
10/10/1963,172.336
10/11/1963,171.543
10/12/1963,2.492
10/13/1963,2.718
10/14/1963,206.146
10/15/1963,194.423
10/16/1963,230.414
10/17/1963,182.728
10/18/1963,173.639
10/19/1963,19.737
10/20/1963,2.52
10/21/1963,70.82
10/22/1963,143.594
10/23/1963,136.685
10/24/1963,131.588
10/25/1963,129.379
10/26/1963,2.407
10/27/1963,2.435
10/28/1963,111.568
10/29/1963,117.175
10/30/1963,141.895
10/31/1963,121.224
11/1/1963,12.318
11/2/1963,3.426
11/3/1963,3.54
11/4/1963,81.581
11/5/1963,85.12
11/6/1963,154.553
11/7/1963,170.297
11/8/1963,169.051
11/9/1963,3.115
11/10/1963,3.851
11/11/1963,150.957
11/12/1963,167.211
11/13/1963,127.68
11/14/1963,174.545
11/15/1963,210.847
11/16/1963,4.163
11/17/1963,3.908
11/18/1963,144.076
11/19/1963,152.146
11/20/1963,139.092
11/21/1963,113.437
11/22/1963,140.65
11/23/1963,2.86
11/24/1963,3.143
11/25/1963,110.152
11/26/1963,163.473
11/27/1963,133.938
11/28/1963,60.23
11/29/1963,98.288
11/30/1963,31.998
12/1/1963,4.814
12/2/1963,177.943
12/3/1963,178.849
12/4/1963,184.824
12/5/1963,195.018
12/6/1963,206.231
12/7/1963,4.955
12/8/1963,4.955
12/9/1963,153.477
12/10/1963,146.624
12/11/1963,151.976
12/12/1963,162.878
12/13/1963,145.293
12/14/1963,5.182
12/15/1963,5.975
12/16/1963,179.585
12/17/1963,145.322
12/18/1963,165.653
12/19/1963,164.379
12/20/1963,178.764
12/21/1963,8.269
12/22/1963,6.485
12/23/1963,143.368
12/24/1963,89.34
12/25/1963,6.173
12/26/1963,153.392
12/27/1963,149.654
12/28/1963,5.833
12/29/1963,6.003
12/30/1963,199.718
12/31/1963,215.887
1/1/1964,58.871
1/2/1964,173.639
1/3/1964,171.203
1/4/1964,5.522
1/5/1964,5.663
1/6/1964,184.541
1/7/1964,148.805
1/8/1964,177.603
1/9/1964,141.697
1/10/1964,158.631
1/11/1964,5.522
1/12/1964,5.663
1/13/1964,188.165
1/14/1964,220.22
1/15/1964,182.219
1/16/1964,130.456
1/17/1964,185.333
1/18/1964,5.692
1/19/1964,5.409
1/20/1964,182.615
1/21/1964,170.184
1/22/1964,154.015
1/23/1964,77.815
1/24/1964,97.891
1/25/1964,4.644
1/26/1964,4.87
1/27/1964,135.071
1/28/1964,165.059
1/29/1964,140.366
1/30/1964,160.953
1/31/1964,162.482
2/1/1964,4.786
2/2/1964,4.814
2/3/1964,194.593
2/4/1964,188.108
2/5/1964,163.388
2/6/1964,178.311
2/7/1964,157.356
2/8/1964,64.477
2/9/1964,4.417
2/10/1964,219.229
2/11/1964,253.379
2/12/1964,222.825
2/13/1964,299.818
2/14/1964,233.161
2/15/1964,10.449
2/16/1964,4.927
2/17/1964,234.775
2/18/1964,234.406
2/19/1964,287.529
2/20/1964,207.817
2/21/1964,181.397
2/22/1964,78.013
2/23/1964,5.097
2/24/1964,197.028
2/25/1964,303.103
2/26/1964,208.525
2/27/1964,247.885
2/28/1964,253.294
2/29/1964,129.974
3/1/1964,4.757
3/2/1964,204.787
3/3/1964,221.098
3/4/1964,257.824
3/5/1964,198.727
3/6/1964,222.882
3/7/1964,42.22
3/8/1964,3.596
3/9/1964,251.142
3/10/1964,197.368
3/11/1964,216.51
3/12/1964,197.765
3/13/1964,144.133
3/14/1964,35
3/15/1964,3.087
3/16/1964,160.131
3/17/1964,114.513
3/18/1964,149.711
3/19/1964,98.939
3/20/1964,128.926
3/21/1964,42.588
3/22/1964,3.568
3/23/1964,108.906
3/24/1964,78.947
3/25/1964,74.671
3/26/1964,99.024
3/27/1964,153.251
3/28/1964,65.327
3/29/1964,3.115
3/30/1964,145.86
3/31/1964,186.155
4/1/1964,153.704
4/2/1964,202.493
4/3/1964,143.113
4/4/1964,3.341
4/5/1964,3.455
4/6/1964,161.151
4/7/1964,63.146
4/8/1964,52.528
4/9/1964,93.87
4/10/1964,97.75
4/11/1964,17.273
4/12/1964,2.86
4/13/1964,166.673
4/14/1964,181.709
4/15/1964,277.108
4/16/1964,294.212
4/17/1964,232.509
4/18/1964,75.266
4/19/1964,17.16
4/20/1964,242.08
4/21/1964,258.278
4/22/1964,183.323
4/23/1964,168.768
4/24/1964,175.423
4/25/1964,15.772
4/26/1964,2.549
4/27/1964,259.24
4/28/1964,257.032
4/29/1964,303.499
4/30/1964,297.185
5/1/1964,250.151
5/2/1964,3.285
5/3/1964,3.285
5/4/1964,128.445
5/5/1964,146.709
5/6/1964,264.196
5/7/1964,209.912
5/8/1964,399.04
5/9/1964,239.673
5/10/1964,2.237
5/11/1964,353.932
5/12/1964,396.435
5/13/1964,406.743
5/14/1964,211.13
5/15/1964,83.166
5/16/1964,2.492
5/17/1964,2.52
5/18/1964,185.617
5/19/1964,230.187
5/20/1964,289.738
5/21/1964,96.532
5/22/1964,109.869
5/23/1964,2.294
5/24/1964,2.237
5/25/1964,220.758
5/26/1964,113.012
5/27/1964,188.76
5/28/1964,88.688
5/29/1964,55.133
5/30/1964,2.577
5/31/1964,2.549
6/1/1964,76.427
6/2/1964,107.802
6/3/1964,95.371
6/4/1964,132.324
6/5/1964,73.369
6/6/1964,2.35
6/7/1964,2.265
6/8/1964,219.88
6/9/1964,262.553
6/10/1964,386.071
6/11/1964,81.156
6/12/1964,53.207
6/13/1964,2.379
6/14/1964,2.35
6/15/1964,436.475
6/16/1964,119.723
6/17/1964,52.301
6/18/1964,97.098
6/19/1964,306.699
6/20/1964,148.238
6/21/1964,2.322
6/22/1964,274.305
6/23/1964,223.476
6/24/1964,210.79
6/25/1964,106.075
6/26/1964,102.875
6/27/1964,2.379
6/28/1964,2.294
6/29/1964,206.486
6/30/1964,251.566
7/1/1964,192.809
7/2/1964,151.75
7/3/1964,53.717
7/4/1964,2.322
7/5/1964,2.35
7/6/1964,52.613
7/7/1964,52.499
7/8/1964,51.508
7/9/1964,94.38
7/10/1964,106.754
7/11/1964,2.322
7/12/1964,2.35
7/13/1964,102.818
7/14/1964,72.633
7/15/1964,111.2
7/16/1964,86.819
7/17/1964,128.417
7/18/1964,2.322
7/19/1964,2.294
7/20/1964,147.729
7/21/1964,103.555
7/22/1964,77.503
7/23/1964,173.922
7/24/1964,118.874
7/25/1964,2.35
7/26/1964,2.35
7/27/1964,124.084
7/28/1964,87.329
7/29/1964,152.628
7/30/1964,54.085
7/31/1964,50.97
8/1/1964,2.237
8/2/1964,2.294
8/3/1964,80.42
8/4/1964,58.757
8/5/1964,59.324
8/6/1964,60.994
8/7/1964,210.111
8/8/1964,2.322
8/9/1964,2.294
8/10/1964,56.237
8/11/1964,66.006
8/12/1964,86.933
8/13/1964,57.653
8/14/1964,119.837
8/15/1964,2.35
8/16/1964,2.35
8/17/1964,113.324
8/18/1964,223.391
8/19/1964,170.099
8/20/1964,126.35
8/21/1964,258.221
8/22/1964,105.678
8/23/1964,2.35
8/24/1964,353.875
8/25/1964,321.934
8/26/1964,192.583
8/27/1964,207.279
8/28/1964,106.415
8/29/1964,2.407
8/30/1964,2.379
8/31/1964,172.478
9/1/1964,127.709
9/2/1964,139.347
9/3/1964,112.927
9/4/1964,137.676
9/5/1964,80.476
9/6/1964,19.142
9/7/1964,63.288
9/8/1964,217.19
9/9/1964,245.903
9/10/1964,275.777
9/11/1964,321.452
9/12/1964,2.322
9/13/1964,2.52
9/14/1964,61.731
9/15/1964,125.16
9/16/1964,154.921
9/17/1964,313.637
9/18/1964,208.383
9/19/1964,20.558
9/20/1964,2.464
9/21/1964,247.489
9/22/1964,107.972
9/23/1964,156.309
9/24/1964,134.958
9/25/1964,62.523
9/26/1964,31.743
9/27/1964,2.549
9/28/1964,130.54
9/29/1964,127.426
9/30/1964,166.106
10/1/1964,106.584
10/2/1964,53.264
10/3/1964,57.795
10/4/1964,1.642
10/5/1964,74.445
10/6/1964,64.732
10/7/1964,70.452
10/8/1964,93.757
10/9/1964,129.266
10/10/1964,13.819
10/11/1964,2.973
10/12/1964,152.316
10/13/1964,115.448
10/14/1964,136.26
10/15/1964,134.08
10/16/1964,129.379
10/17/1964,11.893
10/18/1964,2.633
10/19/1964,185.673
10/20/1964,190.544
10/21/1964,181.426
10/22/1964,163.19
10/23/1964,181.737
10/24/1964,60.513
10/25/1964,3.002
10/26/1964,171.515
10/27/1964,118.704
10/28/1964,116.495
10/29/1964,114.626
10/30/1964,101.148
10/31/1964,71.358
11/1/1964,5.239
11/2/1964,150.022
11/3/1964,113.664
11/4/1964,113.126
11/5/1964,167.437
11/6/1964,126.604
11/7/1964,50.857
11/8/1964,2.945
11/9/1964,132.636
11/10/1964,125.585
11/11/1964,72.491
11/12/1964,117.43
11/13/1964,147.219
11/14/1964,25.995
11/15/1964,2.945
11/16/1964,164.634
11/17/1964,132.551
11/18/1964,102.903
11/19/1964,149.937
11/20/1964,174.318
11/21/1964,35.566
11/22/1964,11.044
11/23/1964,108.397
11/24/1964,144.529
11/25/1964,208.638
11/26/1964,53.151
11/27/1964,143.311
11/28/1964,41.286
11/29/1964,3.143
11/30/1964,238.541
12/1/1964,264.734
12/2/1964,171.996
12/3/1964,178.169
12/4/1964,142.632
12/5/1964,42.617
12/6/1964,8.495
12/7/1964,175.338
12/8/1964,141.329
12/9/1964,194.112
12/10/1964,193.715
12/11/1964,180.208
12/12/1964,45.364
12/13/1964,2.86
12/14/1964,205.127
12/15/1964,237.833
12/16/1964,224.835
12/17/1964,203.456
12/18/1964,196.915
12/19/1964,79.57
12/20/1964,24.692
12/21/1964,232.254
12/22/1964,209.148
12/23/1964,148.352
12/24/1964,65.044
12/25/1964,2.775
12/26/1964,2.803
12/27/1964,12.346
12/28/1964,187.769
12/29/1964,270.086
12/30/1964,208.213
12/31/1964,247.999
1/1/1965,93.87
1/2/1965,47.487
1/3/1965,3.313
1/4/1965,221.267
1/5/1965,212.801
1/6/1965,240.749
1/7/1965,261.874
1/8/1965,209.459
1/9/1965,63.571
1/10/1965,39.672
1/11/1965,296.505
1/12/1965,233.953
1/13/1965,245.054
1/14/1965,322.698
1/15/1965,354.243
1/16/1965,41.286
1/17/1965,5.352
1/18/1965,222.174
1/19/1965,212.065
1/20/1965,171.6
1/21/1965,186.806
1/22/1965,155.289
1/23/1965,48.422
1/24/1965,14.696
1/25/1965,242.024
1/26/1965,243.694
1/27/1965,160.5
1/28/1965,209.488
1/29/1965,155.261
1/30/1965,72.434
1/31/1965,14.611
2/1/1965,275.494
2/2/1965,258.334
2/3/1965,348.976
2/4/1965,210.847
2/5/1965,200.143
2/6/1965,8.495
2/7/1965,4.672
2/8/1965,111.795
2/9/1965,139.262
2/10/1965,130.909
2/11/1965,232.764
2/12/1965,167.324
2/13/1965,15.319
2/14/1965,3.511
2/15/1965,313.665
2/16/1965,414.954
2/17/1965,416.88
2/18/1965,408.98
2/19/1965,456.297
2/20/1965,248.395
2/21/1965,3.455
2/22/1965,498.574
2/23/1965,460.714
2/24/1965,402.325
2/25/1965,266.631
2/26/1965,238.597
2/27/1965,110.747
2/28/1965,3.313
3/1/1965,240.381
3/2/1965,287.274
3/3/1965,222.995
3/4/1965,250.377
3/5/1965,220.503
3/6/1965,48.62
3/7/1965,22.484
3/8/1965,384.117
3/9/1965,439.505
3/10/1965,411.67
3/11/1965,402.297
3/12/1965,392.414
3/13/1965,195.244
3/14/1965,12.629
3/15/1965,298.034
3/16/1965,403.458
3/17/1965,441.487
3/18/1965,335.951
3/19/1965,273.002
3/20/1965,161.094
3/21/1965,53.349
3/22/1965,294.976
3/23/1965,399.21
3/24/1965,408.385
3/25/1965,429.906
3/26/1965,390.63
3/27/1965,369.053
3/28/1965,481.782
3/29/1965,418.834
3/30/1965,449.954
3/31/1965,456.382
4/1/1965,410.395
4/2/1965,387.884
4/3/1965,77.362
4/4/1965,3.002
4/5/1965,193.319
4/6/1965,240.551
4/7/1965,185.249
4/8/1965,183.606
4/9/1965,224.665
4/10/1965,18.349
4/11/1965,2.747
4/12/1965,203.088
4/13/1965,145.973
4/14/1965,146.794
4/15/1965,192.356
4/16/1965,107.406
4/17/1965,2.492
4/18/1965,2.237
4/19/1965,74.643
4/20/1965,90.614
4/21/1965,71.472
4/22/1965,121.337
4/23/1965,152.373
4/24/1965,7.674
4/25/1965,3.002
4/26/1965,198.359
4/27/1965,157.328
4/28/1965,203.06
4/29/1965,296.165
4/30/1965,331.023
5/1/1965,162.793
5/2/1965,68.527
5/3/1965,468.501
5/4/1965,311.117
5/5/1965,302.423
5/6/1965,323.689
5/7/1965,229.225
5/8/1965,74.417
5/9/1965,38.822
5/10/1965,369.619
5/11/1965,275.777
5/12/1965,356.593
5/13/1965,266.206
5/14/1965,196.972
5/15/1965,2.039
5/16/1965,1.926
5/17/1965,278.694
5/18/1965,299.875
5/19/1965,280.761
5/20/1965,230.159
5/21/1965,112.673
5/22/1965,2.039
5/23/1965,1.954
5/24/1965,155.941
5/25/1965,193.545
5/26/1965,265.668
5/27/1965,221.324
5/28/1965,163.048
5/29/1965,1.926
5/30/1965,1.954
5/31/1965,54.368
6/1/1965,59.324
6/2/1965,203.598
6/3/1965,65.242
6/4/1965,51.791
6/5/1965,2.039
6/6/1965,1.954
6/7/1965,85.375
6/8/1965,130.767
6/9/1965,58.927
6/10/1965,281.073
6/11/1965,161.264
6/12/1965,2.01
6/13/1965,1.982
6/14/1965,53.434
6/15/1965,66.658
6/16/1965,142.688
6/17/1965,138.186
6/18/1965,113.805
6/19/1965,1.982
6/20/1965,1.982
6/21/1965,153.704
6/22/1965,182.643
6/23/1965,190.657
6/24/1965,149.088
6/25/1965,67.167
6/26/1965,2.209
6/27/1965,2.209
6/28/1965,267.622
6/29/1965,192.356
6/30/1965,147.191
7/1/1965,85.234
7/2/1965,61.023
7/3/1965,1.954
7/4/1965,1.954
7/5/1965,46.525
7/6/1965,153.675
7/7/1965,175.253
7/8/1965,307.237
7/9/1965,291.748
7/10/1965,78.806
7/11/1965,1.897
7/12/1965,78.494
7/13/1965,183.663
7/14/1965,256.097
7/15/1965,163.954
7/16/1965,212.206
7/17/1965,93.36
7/18/1965,1.954
7/19/1965,125.358
7/20/1965,59.55
7/21/1965,161.264
7/22/1965,136.289
7/23/1965,263.686
7/24/1965,190.6
7/25/1965,7.362
7/26/1965,277.59
7/27/1965,129.181
7/28/1965,66.148
7/29/1965,86.338
7/30/1965,82.487
7/31/1965,2.18
8/1/1965,2.124
8/2/1965,133.004
8/3/1965,142.887
8/4/1965,186.353
8/5/1965,179.274
8/6/1965,274.843
8/7/1965,2.095
8/8/1965,2.095
8/9/1965,203.4
8/10/1965,246.243
8/11/1965,129.691
8/12/1965,344.7
8/13/1965,290.53
8/14/1965,126.151
8/15/1965,21.209
8/16/1965,200.002
8/17/1965,214.556
8/18/1965,176.753
8/19/1965,203.541
8/20/1965,141.811
8/21/1965,2.095
8/22/1965,2.067
8/23/1965,220.361
8/24/1965,72.633
8/25/1965,109.133
8/26/1965,260.26
8/27/1965,97.325
8/28/1965,26.788
8/29/1965,2.039
8/30/1965,67.111
8/31/1965,66.998
9/1/1965,182.332
9/2/1965,59.748
9/3/1965,159.99
9/4/1965,2.18
9/5/1965,2.294
9/6/1965,55.048
9/7/1965,99.534
9/8/1965,268.387
9/9/1965,228.913
9/10/1965,342.945
9/11/1965,93.615
9/12/1965,2.265
9/13/1965,5.748
9/14/1965,59.012
9/15/1965,90.019
9/16/1965,167.296
9/17/1965,90.217
9/18/1965,2.265
9/19/1965,2.237
9/20/1965,176.215
9/21/1965,172.421
9/22/1965,152.005
9/23/1965,218.379
9/24/1965,111.653
9/25/1965,2.237
9/26/1965,2.209
9/27/1965,75.747
9/28/1965,182.785
9/29/1965,182.19
9/30/1965,164.379
10/1/1965,217.983
10/2/1965,22.512
10/3/1965,2.124
10/4/1965,109.529
10/5/1965,108.878
10/6/1965,129.946
10/7/1965,157.866
10/8/1965,126.944
10/9/1965,19.737
10/10/1965,2.095
10/11/1965,161.151
10/12/1965,202.89
10/13/1965,210.309
10/14/1965,217.671
10/15/1965,204.391
10/16/1965,21.974
10/17/1965,2.152
10/18/1965,208.525
10/19/1965,135.411
10/20/1965,151.75
10/21/1965,169.051
10/22/1965,123.206
10/23/1965,54.935
10/24/1965,2.407
10/25/1965,170.354
10/26/1965,151.297
10/27/1965,153.732
10/28/1965,173.95
10/29/1965,230.47
10/30/1965,45.307
10/31/1965,2.747
11/1/1965,192.356
11/2/1965,184.937
11/3/1965,124.736
11/4/1965,120.346
11/5/1965,108.368
11/6/1965,40.55
11/7/1965,2.577
11/8/1965,138.073
11/9/1965,108.878
11/10/1965,144.217
11/11/1965,140.65
11/12/1965,156.139
11/13/1965,7.815
11/14/1965,2.69
11/15/1965,119.837
11/16/1965,123.914
11/17/1965,152.259
11/18/1965,145.265
11/19/1965,69.716
11/20/1965,2.832
11/21/1965,2.69
11/22/1965,90.416
11/23/1965,74.841
11/24/1965,77.588
11/25/1965,57.795
11/26/1965,61.136
11/27/1965,2.52
11/28/1965,2.917
11/29/1965,69.574
11/30/1965,69.801
12/1/1965,89.623
12/2/1965,82.26
12/3/1965,74.841
12/4/1965,21.407
12/5/1965,3.341
12/6/1965,146.596
12/7/1965,118.024
12/8/1965,113.239
12/9/1965,173.044
12/10/1965,208.298
12/11/1965,41.059
12/12/1965,2.973
12/13/1965,121.621
12/14/1965,161.576
12/15/1965,132.324
12/16/1965,169.476
12/17/1965,182.983
12/18/1965,99.449
12/19/1965,51.084
12/20/1965,172.478
12/21/1965,113.975
12/22/1965,98.627
12/23/1965,112.984
12/24/1965,73.256
12/25/1965,4.134
12/26/1965,4.701
12/27/1965,135.014
12/28/1965,115.589
12/29/1965,126.604
12/30/1965,103.271
12/31/1965,66.375
1/1/1966,3.936
1/2/1966,3.794
1/3/1966,123.178
1/4/1966,134.392
1/5/1966,168.287
1/6/1966,149.966
1/7/1966,157.725
1/8/1966,103.413
1/9/1966,5.182
1/10/1966,198.274
1/11/1966,206.373
1/12/1966,245.223
1/13/1966,172.279
1/14/1966,156.139
1/15/1966,52.584
1/16/1966,8.155
1/17/1966,176.3
1/18/1966,145.039
1/19/1966,86.083
1/20/1966,82.798
1/21/1966,93.955
1/22/1966,10.902
1/23/1966,5.267
1/24/1966,123.546
1/25/1966,211.951
1/26/1966,198.982
1/27/1966,198.642
1/28/1966,182.247
1/29/1966,105.65
1/30/1966,43.353
1/31/1966,130.144
2/1/1966,156.365
2/2/1966,110.209
2/3/1966,92.115
2/4/1966,85.913
2/5/1966,112.956
2/6/1966,10.392
2/7/1966,136.827
2/8/1966,123.716
2/9/1966,168.938
2/10/1966,150.391
2/11/1966,145.718
2/12/1966,61.221
2/13/1966,15.348
2/14/1966,156.733
2/15/1966,234.548
2/16/1966,257.938
2/17/1966,206.175
2/18/1966,215.236
2/19/1966,4.531
2/20/1966,4.984
2/21/1966,238.031
2/22/1966,174.46
2/23/1966,301.574
2/24/1966,303.471
2/25/1966,166.814
2/26/1966,4.814
2/27/1966,5.04
2/28/1966,176.81
3/1/1966,320.32
3/2/1966,488.521
3/3/1966,435.88
3/4/1966,400.031
3/5/1966,145.662
3/6/1966,4.191
3/7/1966,427.216
3/8/1966,327.569
3/9/1966,480.196
3/10/1966,318.734
3/11/1966,404.137
3/12/1966,375.679
3/13/1966,126.406
3/14/1966,473.06
3/15/1966,507.097
3/16/1966,434.38
3/17/1966,380.748
3/18/1966,285.122
3/19/1966,120.545
3/20/1966,32.111
3/21/1966,177.461
3/22/1966,162.538
3/23/1966,190.147
3/24/1966,111.115
3/25/1966,91.492
3/26/1966,3.228
3/27/1966,3.2
3/28/1966,93.049
3/29/1966,112.078
3/30/1966,206.061
3/31/1966,184.088
4/1/1966,118.194
4/2/1966,12.459
4/3/1966,11.638
4/4/1966,250.236
4/5/1966,154.44
4/6/1966,166.191
4/7/1966,143.764
4/8/1966,77.956
4/9/1966,32.394
4/10/1966,3.143
4/11/1966,98.203
4/12/1966,148.04
4/13/1966,127.624
4/14/1966,151.92
4/15/1966,48.705
4/16/1966,15.659
4/17/1966,7.164
4/18/1966,73.425
4/19/1966,178.198
4/20/1966,137.365
4/21/1966,192.158
4/22/1966,274.56
4/23/1966,93.247
4/24/1966,29.025
4/25/1966,164.436
4/26/1966,72.406
4/27/1966,181.312
4/28/1966,85.687
4/29/1966,156.535
4/30/1966,2.803
5/1/1966,2.605
5/2/1966,155.941
5/3/1966,134.052
5/4/1966,65.015
5/5/1966,67.479
5/6/1966,66.544
5/7/1966,1.982
5/8/1966,2.01
5/9/1966,52.811
5/10/1966,246.611
5/11/1966,125.245
5/12/1966,138.724
5/13/1966,323.661
5/14/1966,22.823
5/15/1966,2.464
5/16/1966,145.35
5/17/1966,141.527
5/18/1966,152.005
5/19/1966,195.697
5/20/1966,216.907
5/21/1966,192.214
5/22/1966,2.067
5/23/1966,188.222
5/24/1966,116.297
5/25/1966,127.227
5/26/1966,170.411
5/27/1966,159.99
5/28/1966,2.095
5/29/1966,2.039
5/30/1966,51.31
5/31/1966,168.485
6/1/1966,169.674
6/2/1966,89.594
6/3/1966,167.551
6/4/1966,7.108
6/5/1966,1.982
6/6/1966,175.961
6/7/1966,86.649
6/8/1966,294.721
6/9/1966,240.183
6/10/1966,60.513
6/11/1966,1.982
6/12/1966,2.01
6/13/1966,53.547
6/14/1966,111.653
6/15/1966,110.351
6/16/1966,168.683
6/17/1966,95.824
6/18/1966,22.908
6/19/1966,2.039
6/20/1966,78.636
6/21/1966,129.804
6/22/1966,198.104
6/23/1966,187.146
6/24/1966,133.854
6/25/1966,35.538
6/26/1966,2.209
6/27/1966,123.801
6/28/1966,99.534
6/29/1966,67.819
6/30/1966,89.311
7/1/1966,163.416
7/2/1966,236.332
7/3/1966,7.334
7/4/1966,54.312
7/5/1966,122.442
7/6/1966,209.969
7/7/1966,167.239
7/8/1966,85.857
7/9/1966,2.095
7/10/1966,2.095
7/11/1966,175.677
7/12/1966,303.046
7/13/1966,209.856
7/14/1966,172.987
7/15/1966,59.182
7/16/1966,2.407
7/17/1966,2.407
7/18/1966,102.139
7/19/1966,149.654
7/20/1966,60.003
7/21/1966,55.727
7/22/1966,91.888
7/23/1966,2.322
7/24/1966,2.35
7/25/1966,118.959
7/26/1966,176.584
7/27/1966,135.722
7/28/1966,93.927
7/29/1966,75.974
7/30/1966,91.945
7/31/1966,2.407
8/1/1966,137.648
8/2/1966,76.399
8/3/1966,56.888
8/4/1966,66.29
8/5/1966,163.898
8/6/1966,2.35
8/7/1966,2.379
8/8/1966,75.578
8/9/1966,65.893
8/10/1966,62.042
8/11/1966,78.522
8/12/1966,58.474
8/13/1966,15.801
8/14/1966,2.407
8/15/1966,157.3
8/16/1966,184.654
8/17/1966,119.355
8/18/1966,299.422
8/19/1966,268.103
8/20/1966,72.321
8/21/1966,2.35
8/22/1966,197.68
8/23/1966,62.637
8/24/1966,98.316
8/25/1966,129.238
8/26/1966,152.401
8/27/1966,106.415
8/28/1966,2.152
8/29/1966,200.2
8/30/1966,69.461
8/31/1966,228.035
9/1/1966,160.641
9/2/1966,145.775
9/3/1966,49.243
9/4/1966,2.209
9/5/1966,61.023
9/6/1966,154.412
9/7/1966,164.719
9/8/1966,180.01
9/9/1966,197.142
9/10/1966,3.002
9/11/1966,2.237
9/12/1966,168.173
9/13/1966,232.991
9/14/1966,166.984
9/15/1966,160.075
9/16/1966,204.985
9/17/1966,2.407
9/18/1966,2.379
9/19/1966,175.847
9/20/1966,171.656
9/21/1966,238.682
9/22/1966,168.173
9/23/1966,142.405
9/24/1966,2.294
9/25/1966,2.322
9/26/1966,182.7
9/27/1966,157.356
9/28/1966,195.188
9/29/1966,222.542
9/30/1966,207.845
10/1/1966,2.407
10/2/1966,2.549
10/3/1966,182.162
10/4/1966,226.393
10/5/1966,153.958
10/6/1966,150.051
10/7/1966,158.263
10/8/1966,2.379
10/9/1966,2.265
10/10/1966,215.293
10/11/1966,138.866
10/12/1966,155.034
10/13/1966,313.127
10/14/1966,243.44
10/15/1966,34.631
10/16/1966,2.265
10/17/1966,149.654
10/18/1966,187.74
10/19/1966,183.833
10/20/1966,100.864
10/21/1966,94.323
10/22/1966,2.69
10/23/1966,2.549
10/24/1966,163.643
10/25/1966,198.048
10/26/1966,173.44
10/27/1966,126.378
10/28/1966,123.518
10/29/1966,32.055
10/30/1966,2.775
10/31/1966,167.805
11/1/1966,141.018
11/2/1966,144.727
11/3/1966,192.243
11/4/1966,144.982
11/5/1966,33.725
11/6/1966,3.256
11/7/1966,143.906
11/8/1966,108.906
11/9/1966,151.608
11/10/1966,152.486
11/11/1966,58.163
11/12/1966,2.718
11/13/1966,3.115
11/14/1966,117.062
11/15/1966,114.598
11/16/1966,142.688
11/17/1966,190.119
11/18/1966,176.187
11/19/1966,60.23
11/20/1966,3.653
11/21/1966,197.68
11/22/1966,128.87
11/23/1966,130.399
11/24/1966,54.566
11/25/1966,76.172
11/26/1966,5.918
11/27/1966,2.832
11/28/1966,115.646
11/29/1966,137.053
11/30/1966,136.685
12/1/1966,180.491
12/2/1966,164.549
12/3/1966,50.432
12/4/1966,166.899
12/5/1966,165.398
12/6/1966,205.325
12/7/1966,138.469
12/8/1966,111.342
12/9/1966,111.37
12/10/1966,3.908
12/11/1966,4.134
12/12/1966,312.986
12/13/1966,193.347
12/14/1966,187.372
12/15/1966,171.033
12/16/1966,175.224
12/17/1966,62.722
12/18/1966,4.559
12/19/1966,207.959
12/20/1966,237.153
12/21/1966,160.301
12/22/1966,192.894
12/23/1966,140.536
12/24/1966,42.504
12/25/1966,9.968
12/26/1966,125.245
12/27/1966,326.691
12/28/1966,129.634
12/29/1966,168.117
12/30/1966,131.277
12/31/1966,4.814
1/1/1967,4.701
1/2/1967,103.923
1/3/1967,161.321
1/4/1967,256.465
1/5/1967,167.324
1/6/1967,149.796
1/7/1967,82.657
1/8/1967,26.221
1/9/1967,98.033
1/10/1967,220.843
1/11/1967,191.337
1/12/1967,207.704
1/13/1967,90.132
1/14/1967,22.965
1/15/1967,4.587
1/16/1967,179.274
1/17/1967,179.104
1/18/1967,168.145
1/19/1967,203.711
1/20/1967,221.862
1/21/1967,56.322
1/22/1967,15.291
1/23/1967,288.01
1/24/1967,205.127
1/25/1967,244.261
1/26/1967,218.577
1/27/1967,198.812
1/28/1967,132.551
1/29/1967,65.27
1/30/1967,262.921
1/31/1967,236.983
2/1/1967,214.67
2/2/1967,257.06
2/3/1967,192.186
2/4/1967,119.299
2/5/1967,23.022
2/6/1967,200.993
2/7/1967,246.696
2/8/1967,237.182
2/9/1967,219.03
2/10/1967,111.37
2/11/1967,13.026
2/12/1967,4.786
2/13/1967,159.962
2/14/1967,89.793
2/15/1967,170.014
2/16/1967,309.786
2/17/1967,134.108
2/18/1967,8.523
2/19/1967,25.372
2/20/1967,125.783
2/21/1967,199.662
2/22/1967,230.216
2/23/1967,111.766
2/24/1967,188.25
2/25/1967,238.144
2/26/1967,47.516
2/27/1967,194.282
2/28/1967,119.327
3/1/1967,305.935
3/2/1967,209.601
3/3/1967,86.734
3/4/1967,41.909
3/5/1967,3.794
3/6/1967,297.921
3/7/1967,176.782
3/8/1967,151.495
3/9/1967,140.395
3/10/1967,200.228
3/11/1967,13.705
3/12/1967,3.709
3/13/1967,259.75
3/14/1967,186.664
3/15/1967,70.735
3/16/1967,166.474
3/17/1967,302.084
3/18/1967,31.007
3/19/1967,16.226
3/20/1967,180.661
3/21/1967,75.832
3/22/1967,108.623
3/23/1967,130.144
3/24/1967,86.225
3/25/1967,70.339
3/26/1967,2.945
3/27/1967,128.303
3/28/1967,148.635
3/29/1967,157.441
3/30/1967,135.836
3/31/1967,83.676
4/1/1967,2.86
4/2/1967,2.577
4/3/1967,216.425
4/4/1967,149.399
4/5/1967,173.695
4/6/1967,112.588
4/7/1967,52.499
4/8/1967,2.69
4/9/1967,2.832
4/10/1967,85.857
4/11/1967,112.474
4/12/1967,105.792
4/13/1967,190.657
4/14/1967,50.149
4/15/1967,2.322
4/16/1967,2.322
4/17/1967,54.057
4/18/1967,70.849
4/19/1967,65.242
4/20/1967,51.622
4/21/1967,48.733
4/22/1967,2.265
4/23/1967,2.435
4/24/1967,48.224
4/25/1967,51.706
4/26/1967,155.686
4/27/1967,66.969
4/28/1967,58.984
4/29/1967,2.803
4/30/1967,2.633
5/1/1967,130.484
5/2/1967,150.787
5/3/1967,53.774
5/4/1967,48.62
5/5/1967,62.184
5/6/1967,2.322
5/7/1967,2.322
5/8/1967,148.663
5/9/1967,184.484
5/10/1967,246.243
5/11/1967,271.7
5/12/1967,257.598
5/13/1967,18.491
5/14/1967,2.18
5/15/1967,239.673
5/16/1967,206.911
5/17/1967,226.393
5/18/1967,251.34
5/19/1967,229.338
5/20/1967,1.982
5/21/1967,2.69
5/22/1967,157.668
5/23/1967,211.243
5/24/1967,193.234
5/25/1967,190.714
5/26/1967,173.214
5/27/1967,17.811
5/28/1967,23.956
5/29/1967,255.304
5/30/1967,45.93
5/31/1967,137.195
6/1/1967,127.312
6/2/1967,161.859
6/3/1967,2.237
6/4/1967,2.067
6/5/1967,307.379
6/6/1967,166.333
6/7/1967,216.595
6/8/1967,285.886
6/9/1967,361.775
6/10/1967,166.928
6/11/1967,2.124
6/12/1967,110.407
6/13/1967,79.004
6/14/1967,53.717
6/15/1967,98.684
6/16/1967,156.705
6/17/1967,2.209
6/18/1967,2.322
6/19/1967,82.912
6/20/1967,63.401
6/21/1967,265.951
6/22/1967,103.186
6/23/1967,164.407
6/24/1967,2.124
6/25/1967,2.095
6/26/1967,55.02
6/27/1967,54.227
6/28/1967,54.17
6/29/1967,54.198
6/30/1967,272.719
7/1/1967,76.54
7/2/1967,2.067
7/3/1967,289.001
7/4/1967,56.011
7/5/1967,59.664
7/6/1967,56.917
7/7/1967,80.873
7/8/1967,2.379
7/9/1967,2.124
7/10/1967,185.418
7/11/1967,82.289
7/12/1967,111.257
7/13/1967,56.237
7/14/1967,62.693
7/15/1967,1.869
7/16/1967,2.095
7/17/1967,92.964
7/18/1967,133.825
7/19/1967,68.866
7/20/1967,197
7/21/1967,161.887
7/22/1967,8.722
7/23/1967,2.152
7/24/1967,243.921
7/25/1967,75.917
7/26/1967,112.276
7/27/1967,146.03
7/28/1967,363.078
7/29/1967,19.68
7/30/1967,2.35
7/31/1967,180.406
8/1/1967,141.612
8/2/1967,153.251
8/3/1967,150.249
8/4/1967,95.428
8/5/1967,2.35
8/6/1967,2.35
8/7/1967,113.947
8/8/1967,78.126
8/9/1967,188.731
8/10/1967,123.49
8/11/1967,56.096
8/12/1967,1.926
8/13/1967,1.982
8/14/1967,172.336
8/15/1967,292.966
8/16/1967,273.314
8/17/1967,312.901
8/18/1967,318.706
8/19/1967,74.162
8/20/1967,2.35
8/21/1967,118.194
8/22/1967,113.635
8/23/1967,80.306
8/24/1967,155.318
8/25/1967,324.624
8/26/1967,2.265
8/27/1967,2.265
8/28/1967,106.216
8/29/1967,81.807
8/30/1967,56.775
8/31/1967,90.84
9/1/1967,185.022
9/2/1967,3.341
9/3/1967,2.605
9/4/1967,56.973
9/5/1967,241.91
9/6/1967,237.068
9/7/1967,331.618
9/8/1967,278.496
9/9/1967,147.984
9/10/1967,2.35
9/11/1967,143.198
9/12/1967,178.764
9/13/1967,194.508
9/14/1967,175.083
9/15/1967,250.575
9/16/1967,82.855
9/17/1967,2.35
9/18/1967,266.914
9/19/1967,175.791
9/20/1967,312.334
9/21/1967,225.968
9/22/1967,57.653
9/23/1967,2.35
9/24/1967,2.35
9/25/1967,98.288
9/26/1967,58.842
9/27/1967,85.658
9/28/1967,173.072
9/29/1967,107.321
9/30/1967,2.237
10/1/1967,2.265
10/2/1967,144.161
10/3/1967,187.599
10/4/1967,275.409
10/5/1967,229.649
10/6/1967,259.637
10/7/1967,24.89
10/8/1967,2.294
10/9/1967,254.823
10/10/1967,247.206
10/11/1967,181.907
10/12/1967,200.143
10/13/1967,131.362
10/14/1967,2.265
10/15/1967,2.294
10/16/1967,241.967
10/17/1967,181.709
10/18/1967,121.253
10/19/1967,82.289
10/20/1967,82.827
10/21/1967,2.322
10/22/1967,2.35
10/23/1967,194.48
10/24/1967,89.085
10/25/1967,153.137
10/26/1967,122.102
10/27/1967,108.368
10/28/1967,20.331
10/29/1967,2.775
10/30/1967,253.039
10/31/1967,126.18
11/1/1967,111.398
11/2/1967,156.649
11/3/1967,91.463
11/4/1967,14.073
11/5/1967,7.164
11/6/1967,330.684
11/7/1967,216.992
11/8/1967,161.179
11/9/1967,268.641
11/10/1967,75.493
11/11/1967,41.881
11/12/1967,2.52
11/13/1967,169.051
11/14/1967,158.659
11/15/1967,295.656
11/16/1967,235.341
11/17/1967,186.296
11/18/1967,59.748
11/19/1967,3.54
11/20/1967,178.141
11/21/1967,69.999
11/22/1967,63.288
11/23/1967,31.602
11/24/1967,141.103
11/25/1967,3.426
11/26/1967,3.596
11/27/1967,71.047
11/28/1967,105.48
11/29/1967,84.073
11/30/1967,124.792
12/1/1967,163.756
12/2/1967,42.135
12/3/1967,12.997
12/4/1967,93.304
12/5/1967,79.683
12/6/1967,72.321
12/7/1967,135.666
12/8/1967,69.235
12/9/1967,4.361
12/10/1967,4.389
12/11/1967,224.071
12/12/1967,68.187
12/13/1967,98.627
12/14/1967,104.319
12/15/1967,120.063
12/16/1967,42.305
12/17/1967,4.616
12/18/1967,239.588
12/19/1967,69.829
12/20/1967,176.357
12/21/1967,132.239
12/22/1967,226.138
12/23/1967,81.694
12/24/1967,4.842
12/25/1967,4.729
12/26/1967,64.817
12/27/1967,225.119
12/28/1967,169.334
12/29/1967,223.25
12/30/1967,143.821
12/31/1967,48.337
1/1/1968,128.955
1/2/1968,287.812
1/3/1968,227.95
1/4/1968,311.485
1/5/1968,359.51
1/6/1968,89.934
1/7/1968,47.119
1/8/1968,334.648
1/9/1968,347.73
1/10/1968,219.427
1/11/1968,301.432
1/12/1968,311.258
1/13/1968,5.239
1/14/1968,5.097
1/15/1968,173.724
1/16/1968,156.733
1/17/1968,265.102
1/18/1968,169.618
1/19/1968,159.254
1/20/1968,4.757
1/21/1968,4.672
1/22/1968,86.678
1/23/1968,204.957
1/24/1968,328.786
1/25/1968,128.615
1/26/1968,121.309
1/27/1968,52.669
1/28/1968,4.814
1/29/1968,226.421
1/30/1968,192.441
1/31/1968,331.618
2/1/1968,206.967
2/2/1968,246.724
2/3/1968,36.812
2/4/1968,4.474
2/5/1968,203.683
2/6/1968,192.441
2/7/1968,280.988
2/8/1968,187.372
2/9/1968,239.39
2/10/1968,238.371
2/11/1968,94.635
2/12/1968,378.794
2/13/1968,260.061
2/14/1968,158.348
2/15/1968,206.486
2/16/1968,291.125
2/17/1968,43.976
2/18/1968,11.27
2/19/1968,201.757
2/20/1968,126.491
2/21/1968,339.83
2/22/1968,212.433
2/23/1968,101.771
2/24/1968,94.663
2/25/1968,5.239
2/26/1968,184.484
2/27/1968,92.171
2/28/1968,93.417
2/29/1968,261.817
3/1/1968,161.774
3/2/1968,4.814
3/3/1968,4.87
3/4/1968,133.231
3/5/1968,84.073
3/6/1968,111.455
3/7/1968,143.963
3/8/1968,132.777
3/9/1968,11.015
3/10/1968,3.936
3/11/1968,72.633
3/12/1968,114.853
3/13/1968,160.896
3/14/1968,165.568
3/15/1968,62.693
3/16/1968,3.766
3/17/1968,3.794
3/18/1968,251.963
3/19/1968,346.286
3/20/1968,293.504
3/21/1968,353.026
3/22/1968,295.656
3/23/1968,254.228
3/24/1968,3.002
3/25/1968,258.476
3/26/1968,326.238
3/27/1968,320.15
3/28/1968,273.399
3/29/1968,270.114
3/30/1968,47.289
3/31/1968,2.237
4/1/1968,197.623
4/2/1968,201.304
4/3/1968,78.013
4/4/1968,80.561
4/5/1968,103.696
4/6/1968,131.248
4/7/1968,22.823
4/8/1968,118.987
4/9/1968,107.576
4/10/1968,139.29
4/11/1968,195.443
4/12/1968,164.606
4/13/1968,2.803
4/14/1968,2.464
4/15/1968,201.502
4/16/1968,213.254
4/17/1968,266.008
4/18/1968,249.528
4/19/1968,249.018
4/20/1968,2.322
4/21/1968,2.265
4/22/1968,135.892
4/23/1968,170.779
4/24/1968,227.695
4/25/1968,186.466
4/26/1968,223.561
4/27/1968,63.543
4/28/1968,2.379
4/29/1968,299.195
4/30/1968,203.513
5/1/1968,185.73
5/2/1968,242.137
5/3/1968,356.962
5/4/1968,2.01
5/5/1968,2.01
5/6/1968,287.444
5/7/1968,294.013
5/8/1968,303.273
5/9/1968,331.816
5/10/1968,343.738
5/11/1968,1.926
5/12/1968,1.897
5/13/1968,191.167
5/14/1968,165.313
5/15/1968,159.084
5/16/1968,220.984
5/17/1968,172.308
5/18/1968,8.523
5/19/1968,1.954
5/20/1968,164.832
5/21/1968,170.779
5/22/1968,164.124
5/23/1968,267.141
5/24/1968,373.47
5/25/1968,79.061
5/26/1968,1.982
5/27/1968,84.441
5/28/1968,114.485
5/29/1968,169.165
5/30/1968,44.627
5/31/1968,142.462
6/1/1968,9.429
6/2/1968,1.897
6/3/1968,207.506
6/4/1968,200.596
6/5/1968,372.791
6/6/1968,400.116
6/7/1968,211.725
6/8/1968,51.622
6/9/1968,1.897
6/10/1968,204.787
6/11/1968,138.186
6/12/1968,142.717
6/13/1968,215.463
6/14/1968,238.937
6/15/1968,33.216
6/16/1968,2.067
6/17/1968,215.009
6/18/1968,157.583
6/19/1968,243.496
6/20/1968,165.115
6/21/1968,195.782
6/22/1968,289.596
6/23/1968,146.851
6/24/1968,375.113
6/25/1968,321.509
6/26/1968,320.065
6/27/1968,93.021
6/28/1968,77.333
6/29/1968,2.209
6/30/1968,2.18
7/1/1968,195.074
7/2/1968,167.551
7/3/1968,96.475
7/4/1968,2.152
7/5/1968,43.608
7/6/1968,2.18
7/7/1968,2.152
7/8/1968,233.047
7/9/1968,43.834
7/10/1968,140.055
7/11/1968,41.427
7/12/1968,177.971
7/13/1968,131.418
7/14/1968,113.182
7/15/1968,547.902
7/16/1968,454.485
7/17/1968,441.544
7/18/1968,533.857
7/19/1968,215.689
7/20/1968,2.294
7/21/1968,2.294
7/22/1968,50.489
7/23/1968,49.951
7/24/1968,50.857
7/25/1968,50.574
7/26/1968,51.338
7/27/1968,2.322
7/28/1968,2.265
7/29/1968,46.525
7/30/1968,23.446
7/31/1968,206.713
8/1/1968,132.806
8/2/1968,123.263
8/3/1968,169.363
8/4/1968,2.124
8/5/1968,84.837
8/6/1968,280.138
8/7/1968,340.963
8/8/1968,321.537
8/9/1968,260.543
8/10/1968,45.618
8/11/1968,2.209
8/12/1968,2.294
8/13/1968,32.904
8/14/1968,216.114
8/15/1968,161.689
8/16/1968,170.326
8/17/1968,246.554
8/18/1968,2.407
8/19/1968,120.233
8/20/1968,201.644
8/21/1968,392.131
8/22/1968,389.979
8/23/1968,443.554
8/24/1968,108.963
8/25/1968,2.379
8/26/1968,2.407
8/27/1968,2.407
8/28/1968,2.407
8/29/1968,35.906
8/30/1968,75.294
8/31/1968,93.191
9/1/1968,2.35
9/2/1968,101.601
9/3/1968,97.466
9/4/1968,160.443
9/5/1968,199.18
9/6/1968,21.323
9/7/1968,2.294
9/8/1968,2.35
9/9/1968,21.294
9/10/1968,20.813
9/11/1968,22.71
9/12/1968,39.19
9/13/1968,117.175
9/14/1968,45.845
9/15/1968,8.438
9/16/1968,96.079
9/17/1968,79.74
9/18/1968,64.166
9/19/1968,70.141
9/20/1968,73.737
9/21/1968,44.203
9/22/1968,2.407
9/23/1968,320.914
9/24/1968,229.055
9/25/1968,205.212
9/26/1968,73.397
9/27/1968,65.865
9/28/1968,2.407
9/29/1968,2.379
9/30/1968,63.911
10/1/1968,54.397
10/2/1968,56.464
10/3/1968,188.222
10/4/1968,83.535
10/5/1968,6.145
10/6/1968,2.492
10/7/1968,139.828
10/8/1968,65.752
10/9/1968,135.807
10/10/1968,54.51
10/11/1968,54.312
10/12/1968,80.023
10/13/1968,2.294
10/14/1968,58.899
10/15/1968,56.973
10/16/1968,65.95
10/17/1968,80.929
10/18/1968,58.276
10/19/1968,49.469
10/20/1968,2.294
10/21/1968,55.869
10/22/1968,66.035
10/23/1968,193.744
10/24/1968,311.032
10/25/1968,203.286
10/26/1968,2.492
10/27/1968,2.435
10/28/1968,89.368
10/29/1968,132.438
10/30/1968,248.99
10/31/1968,28.855
11/1/1968,59.777
11/2/1968,43.749
11/3/1968,2.379
11/4/1968,60.626
11/5/1968,73.284
11/6/1968,169.023
11/7/1968,75.662
11/8/1968,85.347
11/9/1968,16.254
11/10/1968,3.426
11/11/1968,200.171
11/12/1968,245.818
11/13/1968,266.433
11/14/1968,199.888
11/15/1968,63.826
11/16/1968,2.803
11/17/1968,2.69
11/18/1968,146.426
11/19/1968,209.289
11/20/1968,211.102
11/21/1968,191.365
11/22/1968,221.239
11/23/1968,37.35
11/24/1968,3.936
11/25/1968,177.518
11/26/1968,139.885
11/27/1968,86.395
11/28/1968,61.306
11/29/1968,71.585
11/30/1968,76.455
12/1/1968,6.853
12/2/1968,157.356
12/3/1968,195.952
12/4/1968,385.901
12/5/1968,319.159
12/6/1968,214.896
12/7/1968,34.83
12/8/1968,87.839
12/9/1968,276.853
12/10/1968,330.627
12/11/1968,322.387
12/12/1968,159.197
12/13/1968,117.996
12/14/1968,45.533
12/15/1968,64.279
12/16/1968,189.496
12/17/1968,150.985
12/18/1968,187.91
12/19/1968,213.962
12/20/1968,24.098
12/21/1968,28.628
12/22/1968,4.729
12/23/1968,65.129
12/24/1968,227.922
12/25/1968,5.097
12/26/1968,318.026
12/27/1968,91.633
12/28/1968,15.008
12/29/1968,4.729
12/30/1968,102.592
12/31/1968,75.662
1/1/1969,5.012
1/2/1969,176.272
1/3/1969,234.491
1/4/1969,77.588
1/5/1969,50.262
1/6/1969,418.636
1/7/1969,183.776
1/8/1969,156.365
1/9/1969,130.144
1/10/1969,212.857
1/11/1969,50.715
1/12/1969,5.38
1/13/1969,202.522
1/14/1969,137.563
1/15/1969,137.62
1/16/1969,55.501
1/17/1969,128.87
1/18/1969,18.066
1/19/1969,33.272
1/20/1969,116.778
1/21/1969,99.25
1/22/1969,75.606
1/23/1969,94.918
1/24/1969,155.827
1/25/1969,53.717
1/26/1969,5.097
1/27/1969,198.274
1/28/1969,267.65
1/29/1969,152.146
1/30/1969,108.17
1/31/1969,190.43
2/1/1969,74.19
2/2/1969,4.672
2/3/1969,306.359
2/4/1969,459.893
2/5/1969,244.091
2/6/1969,297.638
2/7/1969,359.935
2/8/1969,190.515
2/9/1969,4.814
2/10/1969,142.349
2/11/1969,107.434
2/12/1969,83.648
2/13/1969,218.068
2/14/1969,178.424
2/15/1969,151.325
2/16/1969,17.783
2/17/1969,204.646
2/18/1969,169.221
2/19/1969,163.331
2/20/1969,136.374
2/21/1969,107.745
2/22/1969,70.141
2/23/1969,4.955
2/24/1969,247.007
2/25/1969,242.93
2/26/1969,166.248
2/27/1969,121.054
2/28/1969,76.059
3/1/1969,59.89
3/2/1969,35.594
3/3/1969,393.915
3/4/1969,137.591
3/5/1969,187.429
3/6/1969,45.562
3/7/1969,68.498
3/8/1969,93.417
3/9/1969,4.87
3/10/1969,321.934
3/11/1969,332.921
3/12/1969,276.627
3/13/1969,35.283
3/14/1969,39.87
3/15/1969,51.197
3/16/1969,4.899
3/17/1969,155.771
3/18/1969,225.911
3/19/1969,141.216
3/20/1969,69.065
3/21/1969,73.114
3/22/1969,3.228
3/23/1969,2.775
3/24/1969,32.338
3/25/1969,93.304
3/26/1969,209.233
3/27/1969,55.189
3/28/1969,104.659
3/29/1969,18.378
3/30/1969,3.568
3/31/1969,176.527
4/1/1969,137.931
4/2/1969,72.661
4/3/1969,75.408
4/4/1969,111.115
4/5/1969,2.577
4/6/1969,2.775
4/7/1969,47.402
4/8/1969,47.969
4/9/1969,45.788
4/10/1969,129.436
4/11/1969,120.545
4/12/1969,43.919
4/13/1969,2.379
4/14/1969,135.807
4/15/1969,159.282
4/16/1969,81.467
4/17/1969,193.942
4/18/1969,198.416
4/19/1969,24.069
4/20/1969,2.237
4/21/1969,268.783
4/22/1969,238.937
4/23/1969,224.722
4/24/1969,225.034
4/25/1969,82.26
4/26/1969,11.95
4/27/1969,1.954
4/28/1969,184.371
4/29/1969,222.853
4/30/1969,251.397
5/1/1969,246.526
5/2/1969,256.239
5/3/1969,3.851
5/4/1969,1.954
5/5/1969,426.791
5/6/1969,292.597
5/7/1969,406.289
5/8/1969,376.415
5/9/1969,210.196
5/10/1969,2.464
5/11/1969,1.982
5/12/1969,80.505
5/13/1969,82.6
5/14/1969,81.807
5/15/1969,185.73
5/16/1969,286.198
5/17/1969,207.251
5/18/1969,34.547
5/19/1969,129.153
5/20/1969,252.218
5/21/1969,89.17
5/22/1969,88.971
5/23/1969,134.307
5/24/1969,156.988
5/25/1969,85.205
5/26/1969,272.578
5/27/1969,280.789
5/28/1969,281.214
5/29/1969,420.165
5/30/1969,157.838
5/31/1969,2.039
6/1/1969,1.954
6/2/1969,304.009
6/3/1969,40.097
6/4/1969,163.445
6/5/1969,2.095
6/6/1969,289.964
6/7/1969,2.01
6/8/1969,2.01
6/9/1969,157.866
6/10/1969,54.793
6/11/1969,114.287
6/12/1969,425.233
6/13/1969,131.956
6/14/1969,18.632
6/15/1969,2.039
6/16/1969,2.067
6/17/1969,2.095
6/18/1969,2.095
6/19/1969,168.117
6/20/1969,133.967
6/21/1969,21.351
6/22/1969,2.124
6/23/1969,264.252
6/24/1969,164.124
6/25/1969,199.322
6/26/1969,72.576
6/27/1969,342.69
6/28/1969,250.009
6/29/1969,2.124
6/30/1969,103.3
7/1/1969,131.928
7/2/1969,52.358
7/3/1969,115.589
7/4/1969,49.328
7/5/1969,23.305
7/6/1969,2.973
7/7/1969,253.803
7/8/1969,69.801
7/9/1969,49.045
7/10/1969,86.196
7/11/1969,265.583
7/12/1969,44.967
7/13/1969,2.01
7/14/1969,179.5
7/15/1969,332.949
7/16/1969,291.776
7/17/1969,433.417
7/18/1969,422.288
7/19/1969,166.446
7/20/1969,14.47
7/21/1969,104.885
7/22/1969,126.265
7/23/1969,4.955
7/24/1969,2.067
7/25/1969,2.01
7/26/1969,287.954
7/27/1969,1.954
7/28/1969,109.275
7/29/1969,2.039
7/30/1969,243.638
7/31/1969,231.037
8/1/1969,64.591
8/2/1969,2.01
8/3/1969,1.954
8/4/1969,1.982
8/5/1969,1.982
8/6/1969,63.005
8/7/1969,126.236
8/8/1969,174.035
8/9/1969,1.954
8/10/1969,1.982
8/11/1969,63.543
8/12/1969,1.982
8/13/1969,57.71
8/14/1969,154.695
8/15/1969,415.266
8/16/1969,279.997
8/17/1969,5.607
8/18/1969,498.517
8/19/1969,323.123
8/20/1969,155.657
8/21/1969,2.01
8/22/1969,2.01
8/23/1969,1.982
8/24/1969,1.954
8/25/1969,247.092
8/26/1969,192.016
8/27/1969,60.768
8/28/1969,59.041
8/29/1969,32.819
8/30/1969,57.568
8/31/1969,71.783
9/1/1969,92.568
9/2/1969,168.711
9/3/1969,285.49
9/4/1969,378.284
9/5/1969,169.419
9/6/1969,71.103
9/7/1969,2.124
9/8/1969,101.289
9/9/1969,62.807
9/10/1969,56.634
9/11/1969,57.795
9/12/1969,74.898
9/13/1969,2.124
9/14/1969,20.19
9/15/1969,267.396
9/16/1969,220.333
9/17/1969,322.727
9/18/1969,82.232
9/19/1969,60.258
9/20/1969,2.435
9/21/1969,2.407
9/22/1969,60.938
9/23/1969,60.824
9/24/1969,61.136
9/25/1969,60.286
9/26/1969,61.901
9/27/1969,11.582
9/28/1969,2.067
9/29/1969,234.237
9/30/1969,294.636
10/1/1969,170.297
10/2/1969,405.978
10/3/1969,275.409
10/4/1969,138.611
10/5/1969,2.379
10/6/1969,186.466
10/7/1969,278.864
10/8/1969,188.59
10/9/1969,187.401
10/10/1969,196.943
10/11/1969,32.904
10/12/1969,2.209
10/13/1969,556.227
10/14/1969,196.207
10/15/1969,91.463
10/16/1969,120.318
10/17/1969,187.231
10/18/1969,104.376
10/19/1969,2.407
10/20/1969,242.052
10/21/1969,117.401
10/22/1969,170.92
10/23/1969,309.616
10/24/1969,44.91
10/25/1969,85.319
10/26/1969,2.549
10/27/1969,241.287
10/28/1969,61.136
10/29/1969,94.352
10/30/1969,147.984
10/31/1969,241.542
11/1/1969,81.836
11/2/1969,2.407
11/3/1969,92.228
11/4/1969,95.088
11/5/1969,164.068
11/6/1969,129.21
11/7/1969,84.129
11/8/1969,207.194
11/9/1969,139.658
11/10/1969,246.469
11/11/1969,349.061
11/12/1969,360.303
11/13/1969,178.877
11/14/1969,286.113
11/15/1969,234.888
11/16/1969,13.988
11/17/1969,85.602
11/18/1969,100.525
11/19/1969,71.415
11/20/1969,139.092
11/21/1969,312.674
11/22/1969,5.097
11/23/1969,4.106
11/24/1969,89.481
11/25/1969,131.843
11/26/1969,152.514
11/27/1969,4.389
11/28/1969,89.566
11/29/1969,4.389
11/30/1969,4.502
12/1/1969,119.214
12/2/1969,105.707
12/3/1969,106.726
12/4/1969,174.601
12/5/1969,120.828
12/6/1969,54.85
12/7/1969,117.486
12/8/1969,223.561
12/9/1969,247.347
12/10/1969,297.949
12/11/1969,163.586
12/12/1969,138.582
12/13/1969,68.612
12/14/1969,4.814
12/15/1969,156.96
12/16/1969,189.581
12/17/1969,130.795
12/18/1969,177.546
12/19/1969,64.93
12/20/1969,55.812
12/21/1969,5.239
12/22/1969,106.868
12/23/1969,102.62
12/24/1969,63.854
12/25/1969,5.947
12/26/1969,133.146
12/27/1969,172.166
12/28/1969,5.069
12/29/1969,220.814
12/30/1969,168.4
12/31/1969,167.437
1/1/1970,56.86
1/2/1970,276.995
1/3/1970,172.506
1/4/1970,108.821
1/5/1970,312.816
1/6/1970,287.529
1/7/1970,358.264
1/8/1970,494.581
1/9/1970,568.177
1/10/1970,212.461
1/11/1970,14.583
1/12/1970,197.849
1/13/1970,143.764
1/14/1970,196.009
1/15/1970,146.709
1/16/1970,135.383
1/17/1970,48.054
1/18/1970,14.781
1/19/1970,206.514
1/20/1970,364.239
1/21/1970,410.962
1/22/1970,280.336
1/23/1970,227.441
1/24/1970,138.922
1/25/1970,5.097
1/26/1970,8.495
1/27/1970,4.729
1/28/1970,27.071
1/29/1970,45.477
1/30/1970,35.934
1/31/1970,19.284
2/1/1970,4.842
2/2/1970,15.914
2/3/1970,66.998
2/4/1970,263.998
2/5/1970,164.322
2/6/1970,198.869
2/7/1970,119.554
2/8/1970,29.704
2/9/1970,336.404
2/10/1970,251.765
2/11/1970,141.188
2/12/1970,83.931
2/13/1970,208.468
2/14/1970,45.307
2/15/1970,136.317
2/16/1970,74.926
2/17/1970,169.872
2/18/1970,56.804
2/19/1970,144.416
2/20/1970,272.691
2/21/1970,71.925
2/22/1970,73.737
2/23/1970,81.496
2/24/1970,126.435
2/25/1970,292.484
2/26/1970,479.856
2/27/1970,242.986
2/28/1970,47.516
3/1/1970,4.757
3/2/1970,230.244
3/3/1970,164.181
3/4/1970,270.001
3/5/1970,114.683
3/6/1970,157.3
3/7/1970,7.561
3/8/1970,13.167
3/9/1970,262.299
3/10/1970,72.463
3/11/1970,50.829
3/12/1970,195.584
3/13/1970,115.221
3/14/1970,11.836
3/15/1970,4.616
3/16/1970,240.778
3/17/1970,91.718
3/18/1970,86.763
3/19/1970,147.955
3/20/1970,176.64
3/21/1970,17.953
3/22/1970,4.248
3/23/1970,185.475
3/24/1970,113.72
3/25/1970,87.584
3/26/1970,54.255
3/27/1970,60.541
3/28/1970,8.438
3/29/1970,3.483
3/30/1970,240.636
3/31/1970,111.568
4/1/1970,150.107
4/2/1970,95.343
4/3/1970,124.028
4/4/1970,3.596
4/5/1970,3.625
4/6/1970,164.407
4/7/1970,110.747
4/8/1970,49.809
4/9/1970,42.022
4/10/1970,40.889
4/11/1970,5.154
4/12/1970,2.605
4/13/1970,39.842
4/14/1970,41.286
4/15/1970,44.684
4/16/1970,37.067
4/17/1970,40.578
4/18/1970,2.265
4/19/1970,2.464
4/20/1970,211.583
4/21/1970,206.543
4/22/1970,194.027
4/23/1970,286.849
4/24/1970,284.782
4/25/1970,12.629
4/26/1970,24.494
4/27/1970,244.629
4/28/1970,267.594
4/29/1970,337.395
4/30/1970,267.169
5/1/1970,125.698
5/2/1970,2.124
5/3/1970,2.18
5/4/1970,76.257
5/5/1970,132.551
5/6/1970,196.887
5/7/1970,258.221
5/8/1970,361.237
5/9/1970,88.688
5/10/1970,2.237
5/11/1970,454.286
5/12/1970,469.719
5/13/1970,567.299
5/14/1970,222.457
5/15/1970,98.033
5/16/1970,2.209
5/17/1970,2.209
5/18/1970,35.169
5/19/1970,80.958
5/20/1970,268.5
5/21/1970,155.997
5/22/1970,192.837
5/23/1970,311.853
5/24/1970,2.209
5/25/1970,79.372
5/26/1970,85.998
5/27/1970,58.587
5/28/1970,78.636
5/29/1970,117.345
5/30/1970,141.244
5/31/1970,157.725
6/1/1970,258.504
6/2/1970,268.698
6/3/1970,165.653
6/4/1970,137.025
6/5/1970,297.695
6/6/1970,2.209
6/7/1970,2.18
6/8/1970,85.347
6/9/1970,72.038
6/10/1970,135.213
6/11/1970,395.671
6/12/1970,132.098
6/13/1970,2.294
6/14/1970,2.209
6/15/1970,55.189
6/16/1970,80.137
6/17/1970,382.475
6/18/1970,410.764
6/19/1970,116.977
6/20/1970,2.294
6/21/1970,2.265
6/22/1970,34.66
6/23/1970,2.265
6/24/1970,2.265
6/25/1970,138.384
6/26/1970,2.322
6/27/1970,2.294
6/28/1970,2.237
6/29/1970,2.265
6/30/1970,60.258
7/1/1970,89.991
7/2/1970,37.52
7/3/1970,52.273
7/4/1970,111.766
7/5/1970,2.18
7/6/1970,2.18
7/7/1970,30.016
7/8/1970,84.044
7/9/1970,148.352
7/10/1970,114.853
7/11/1970,2.265
7/12/1970,2.18
7/13/1970,52.245
7/14/1970,45.817
7/15/1970,259.41
7/16/1970,127.85
7/17/1970,2.237
7/18/1970,68.243
7/19/1970,2.209
7/20/1970,192.809
7/21/1970,2.237
7/22/1970,2.265
7/23/1970,2.294
7/24/1970,51.82
7/25/1970,25.683
7/26/1970,3.398
7/27/1970,195.669
7/28/1970,208.95
7/29/1970,110.804
7/30/1970,170.665
7/31/1970,246.158
8/1/1970,188.901
8/2/1970,2.294
8/3/1970,149.371
8/4/1970,94.776
8/5/1970,33.102
8/6/1970,19.68
8/7/1970,77.673
8/8/1970,2.35
8/9/1970,2.265
8/10/1970,90.869
8/11/1970,332.184
8/12/1970,416.257
8/13/1970,431.718
8/14/1970,376.67
8/15/1970,290.729
8/16/1970,2.265
8/17/1970,431.237
8/18/1970,305.991
8/19/1970,422.26
8/20/1970,228.658
8/21/1970,296.817
8/22/1970,227.327
8/23/1970,116.948
8/24/1970,250.405
8/25/1970,152.231
8/26/1970,225.005
8/27/1970,289.822
8/28/1970,319.725
8/29/1970,2.322
8/30/1970,2.322
8/31/1970,387.572
9/1/1970,65.837
9/2/1970,132.664
9/3/1970,316.299
9/4/1970,384.57
9/5/1970,2.322
9/6/1970,2.35
9/7/1970,2.294
9/8/1970,5.522
9/9/1970,65.61
9/10/1970,226.081
9/11/1970,2.322
9/12/1970,2.322
9/13/1970,2.35
9/14/1970,211.668
9/15/1970,281.582
9/16/1970,319.555
9/17/1970,259.665
9/18/1970,164.351
9/19/1970,2.35
9/20/1970,2.35
9/21/1970,252.02
9/22/1970,370.752
9/23/1970,196.066
9/24/1970,261.959
9/25/1970,289.086
9/26/1970,2.35
9/27/1970,2.35
9/28/1970,2.35
9/29/1970,7.419
9/30/1970,34.377
10/1/1970,32.281
10/2/1970,67.394
10/3/1970,44.741
10/4/1970,41.088
10/5/1970,93.814
10/6/1970,127.482
10/7/1970,125.019
10/8/1970,151.835
10/9/1970,184.512
10/10/1970,2.209
10/11/1970,2.209
10/12/1970,86.225
10/13/1970,167.834
10/14/1970,160.811
10/15/1970,97.325
10/16/1970,2.435
10/17/1970,2.633
10/18/1970,2.633
10/19/1970,133.995
10/20/1970,55.784
10/21/1970,2.577
10/22/1970,36.047
10/23/1970,27.835
10/24/1970,10.052
10/25/1970,40.182
10/26/1970,103.017
10/27/1970,38.992
10/28/1970,20.841
10/29/1970,2.633
10/30/1970,137.535
10/31/1970,2.52
11/1/1970,2.52
11/2/1970,195.018
11/3/1970,254.88
11/4/1970,304.774
11/5/1970,204.192
11/6/1970,189.439
11/7/1970,29.733
11/8/1970,2.718
11/9/1970,192.186
11/10/1970,279.204
11/11/1970,230.442
11/12/1970,234.69
11/13/1970,221.522
11/14/1970,2.492
11/15/1970,2.549
11/16/1970,260.769
11/17/1970,255.106
11/18/1970,256.125
11/19/1970,289.822
11/20/1970,158.433
11/21/1970,42.985
11/22/1970,11.298
11/23/1970,95.343
11/24/1970,306.841
11/25/1970,267.764
11/26/1970,4.644
11/27/1970,196.887
11/28/1970,49.356
11/29/1970,12.856
11/30/1970,228.007
12/1/1970,219.823
12/2/1970,284.98
12/3/1970,282.97
12/4/1970,173.412
12/5/1970,132.749
12/6/1970,59.777
12/7/1970,219.767
12/8/1970,171.77
12/9/1970,150.136
12/10/1970,245.025
12/11/1970,240.495
12/12/1970,70.311
12/13/1970,95.201
12/14/1970,135.864
12/15/1970,181.397
12/16/1970,201.757
12/17/1970,228.46
12/18/1970,311.4
12/19/1970,110.719
12/20/1970,28.204
12/21/1970,329.834
12/22/1970,173.95
12/23/1970,270.227
12/24/1970,178.707
12/25/1970,4.757
12/26/1970,139.97
12/27/1970,42.9
12/28/1970,177.065
12/29/1970,221.267
12/30/1970,203.031
12/31/1970,188.335
1/1/1971,4.984
1/2/1971,185.249
1/3/1971,123.49
1/4/1971,184.965
1/5/1971,190.147
1/6/1971,189.949
1/7/1971,169.278
1/8/1971,206.231
1/9/1971,213.622
1/10/1971,160.67
1/11/1971,353.733
1/12/1971,313.212
1/13/1971,236.304
1/14/1971,141.159
1/15/1971,281.242
1/16/1971,140.366
1/17/1971,4.87
1/18/1971,292.229
1/19/1971,303.188
1/20/1971,192.526
1/21/1971,234.237
1/22/1971,110.294
1/23/1971,161.831
1/24/1971,228.205
1/25/1971,151.778
1/26/1971,168.74
1/27/1971,459.808
1/28/1971,180.236
1/29/1971,103.498
1/30/1971,4.842
1/31/1971,161.774
2/1/1971,501.689
2/2/1971,459.752
2/3/1971,528.42
2/4/1971,232.623
2/5/1971,31.913
2/6/1971,5.38
2/7/1971,5.239
2/8/1971,402.665
2/9/1971,332.524
2/10/1971,426.734
2/11/1971,324.057
2/12/1971,291.805
2/13/1971,244.572
2/14/1971,85.63
2/15/1971,258.731
2/16/1971,441.94
2/17/1971,390.319
2/18/1971,278.439
2/19/1971,310.918
2/20/1971,70.735
2/21/1971,4.106
2/22/1971,176.3
2/23/1971,206.231
2/24/1971,297.553
2/25/1971,244.544
2/26/1971,415.436
2/27/1971,130.257
2/28/1971,24.862
3/1/1971,299.96
3/2/1971,471.928
3/3/1971,500.33
3/4/1971,489.682
3/5/1971,422.572
3/6/1971,299.082
3/7/1971,234.18
3/8/1971,481.754
3/9/1971,397.681
3/10/1971,522.813
3/11/1971,416.682
3/12/1971,392.754
3/13/1971,69.886
3/14/1971,282.772
3/15/1971,214.047
3/16/1971,208.61
3/17/1971,370.667
3/18/1971,409.687
3/19/1971,346.654
3/20/1971,57.795
3/21/1971,8.325
3/22/1971,137.053
3/23/1971,302.961
3/24/1971,548.638
3/25/1971,374.688
3/26/1971,464.707
3/27/1971,61.561
3/28/1971,4.417
3/29/1971,261.251
3/30/1971,261.619
3/31/1971,291.267
4/1/1971,62.892
4/2/1971,21.974
4/3/1971,2.945
4/4/1971,2.832
4/5/1971,2.775
4/6/1971,190.884
4/7/1971,105.593
4/8/1971,162.17
4/9/1971,61.447
4/10/1971,2.52
4/11/1971,2.633
4/12/1971,27.581
4/13/1971,169.986
4/14/1971,334.082
4/15/1971,388.903
4/16/1971,285.971
4/17/1971,4.078
4/18/1971,2.322
4/19/1971,369.364
4/20/1971,392.216
4/21/1971,386.241
4/22/1971,349.033
4/23/1971,330.146
4/24/1971,2.633
4/25/1971,2.549
4/26/1971,186.438
4/27/1971,124.424
4/28/1971,244.516
4/29/1971,260.146
4/30/1971,181.284
5/1/1971,2.52
5/2/1971,2.407
5/3/1971,217.586
5/4/1971,224.496
5/5/1971,380.946
5/6/1971,338.895
5/7/1971,272.323
5/8/1971,2.35
5/9/1971,2.322
5/10/1971,123.206
5/11/1971,83.818
5/12/1971,152.005
5/13/1971,304.604
5/14/1971,283.989
5/15/1971,201.248
5/16/1971,46.326
5/17/1971,488.776
5/18/1971,546.203
5/19/1971,564.41
5/20/1971,588.848
5/21/1971,473.995
5/22/1971,698.321
5/23/1971,389.752
5/24/1971,517.291
5/25/1971,579.362
5/26/1971,616.598
5/27/1971,475.609
5/28/1971,548.695
5/29/1971,239.73
5/30/1971,104.857
5/31/1971,419.627
6/1/1971,500.726
6/2/1971,629.001
6/3/1971,453.324
6/4/1971,492.203
6/5/1971,746.261
6/6/1971,445.706
6/7/1971,551.073
6/8/1971,413.001
6/9/1971,506.786
6/10/1971,562.485
6/11/1971,394.566
6/12/1971,186.07
6/13/1971,170.269
6/14/1971,393.009
6/15/1971,452.842
6/16/1971,446.556
6/17/1971,331.137
6/18/1971,300.271
6/19/1971,322.33
6/20/1971,120.573
6/21/1971,399.465
6/22/1971,302.905
6/23/1971,269.01
6/24/1971,375.877
6/25/1971,340.085
6/26/1971,353.705
6/27/1971,2.35
6/28/1971,396.237
6/29/1971,38.086
6/30/1971,277.42
7/1/1971,249.471
7/2/1971,64.874
7/3/1971,2.435
7/4/1971,2.464
7/5/1971,2.407
7/6/1971,161.236
7/7/1971,7.023
7/8/1971,180.18
7/9/1971,157.866
7/10/1971,118.166
7/11/1971,2.35
7/12/1971,2.294
7/13/1971,36.727
7/14/1971,180.803
7/15/1971,116.099
7/16/1971,145.237
7/17/1971,89.538
7/18/1971,2.265
7/19/1971,109.501
7/20/1971,78.551
7/21/1971,2.265
7/22/1971,53.575
7/23/1971,52.924
7/24/1971,24.211
7/25/1971,2.265
7/26/1971,320.433
7/27/1971,67.366
7/28/1971,119.922
7/29/1971,86.536
7/30/1971,90.161
7/31/1971,2.294
8/1/1971,17.755
8/2/1971,318.196
8/3/1971,369.931
8/4/1971,296.392
8/5/1971,121.762
8/6/1971,210.479
8/7/1971,111.002
8/8/1971,76.031
8/9/1971,237.493
8/10/1971,253.605
8/11/1971,116.58
8/12/1971,33.074
8/13/1971,82.062
8/14/1971,2.294
8/15/1971,4.842
8/16/1971,169.051
8/17/1971,60.655
8/18/1971,116.41
8/19/1971,165.002
8/20/1971,200.398
8/21/1971,55.558
8/22/1971,2.294
8/23/1971,197.255
8/24/1971,108.057
8/25/1971,160.386
8/26/1971,181.907
8/27/1971,176.131
8/28/1971,2.294
8/29/1971,2.294
8/30/1971,253.52
8/31/1971,227.724
9/1/1971,122.782
9/2/1971,278.156
9/3/1971,330.542
9/4/1971,44.174
9/5/1971,220.645
9/6/1971,172.251
9/7/1971,225.77
9/8/1971,271.813
9/9/1971,316.95
9/10/1971,307.039
9/11/1971,66.006
9/12/1971,2.209
9/13/1971,189.071
9/14/1971,407.139
9/15/1971,460.346
9/16/1971,518.452
9/17/1971,444.517
9/18/1971,2.237
9/19/1971,2.237
9/20/1971,394.34
9/21/1971,80.052
9/22/1971,104.008
9/23/1971,200.709
9/24/1971,207.845
9/25/1971,2.209
9/26/1971,2.209
9/27/1971,248.338
9/28/1971,295.203
9/29/1971,178.283
9/30/1971,256.041
10/1/1971,274.022
10/2/1971,2.237
10/3/1971,2.209
10/4/1971,270.68
10/5/1971,329.239
10/6/1971,156.818
10/7/1971,170.354
10/8/1971,254.058
10/9/1971,131.22
10/10/1971,67.819
10/11/1971,335.526
10/12/1971,361.492
10/13/1971,335.526
10/14/1971,539.548
10/15/1971,260.231
10/16/1971,22.823
10/17/1971,2.095
10/18/1971,134.845
10/19/1971,187.684
10/20/1971,264.422
10/21/1971,267.764
10/22/1971,277.958
10/23/1971,53.547
10/24/1971,2.095
10/25/1971,394.255
10/26/1971,445.197
10/27/1971,466.916
10/28/1971,477.874
10/29/1971,602.213
10/30/1971,619.487
10/31/1971,554.386
11/1/1971,565.77
11/2/1971,602.865
11/3/1971,525.503
11/4/1971,540.2
11/5/1971,519.472
11/6/1971,657.799
11/7/1971,477.874
11/8/1971,529.666
11/9/1971,563.136
11/10/1971,467.963
11/11/1971,547.845
11/12/1971,734.793
11/13/1971,632.342
11/14/1971,421.977
11/15/1971,341.869
11/16/1971,479.092
11/17/1971,561.381
11/18/1971,397.115
11/19/1971,312.731
11/20/1971,363.871
11/21/1971,334.336
11/22/1971,500.499
11/23/1971,324.001
11/24/1971,238.909
11/25/1971,68.102
11/26/1971,88.094
11/27/1971,7.023
11/28/1971,4.389
11/29/1971,324.709
11/30/1971,143.708
12/1/1971,117.232
12/2/1971,244.006
12/3/1971,297.949
12/4/1971,136.997
12/5/1971,4.644
12/6/1971,85.687
12/7/1971,174.856
12/8/1971,210.677
12/9/1971,230.017
12/10/1971,206.09
12/11/1971,12.629
12/12/1971,11.015
12/13/1971,92.171
12/14/1971,261.251
12/15/1971,413.085
12/16/1971,432.426
12/17/1971,388.308
12/18/1971,14.725
12/19/1971,4.559
12/20/1971,265.725
12/21/1971,352.997
12/22/1971,345.975
12/23/1971,351.383
12/24/1971,302.678
12/25/1971,4.191
12/26/1971,4.078
12/27/1971,300.016
12/28/1971,346.966
12/29/1971,277.873
12/30/1971,385.505
12/31/1971,307.662
1/1/1972,4.587
1/2/1972,21.068
1/3/1972,226.676
1/4/1972,361.634
1/5/1972,413.312
1/6/1972,446.471
1/7/1972,324.142
1/8/1972,68.951
1/9/1972,4.134
1/10/1972,124.282
1/11/1972,161.774
1/12/1972,265.13
1/13/1972,236.275
1/14/1972,349.288
1/15/1972,411.811
1/16/1972,403.118
1/17/1972,320.15
1/18/1972,361.889
1/19/1972,119.242
1/20/1972,85.913
1/21/1972,165.71
1/22/1972,229.904
1/23/1972,3.087
1/24/1972,127.737
1/25/1972,210.847
1/26/1972,245.393
1/27/1972,207.93
1/28/1972,220.22
1/29/1972,210.281
1/30/1972,27.977
1/31/1972,264.875
2/1/1972,341.444
2/2/1972,343.539
2/3/1972,313.524
2/4/1972,428.207
2/5/1972,426.14
2/6/1972,4.842
2/7/1972,413.284
2/8/1972,302.027
2/9/1972,289.964
2/10/1972,262.412
2/11/1972,101.912
2/12/1972,35.566
2/13/1972,31.092
2/14/1972,326.663
2/15/1972,432.029
2/16/1972,535.216
2/17/1972,588.083
2/18/1972,487.559
2/19/1972,114.4
2/20/1972,170.609
2/21/1972,410.424
2/22/1972,348.778
2/23/1972,417.22
2/24/1972,358.944
2/25/1972,337.423
2/26/1972,396.322
2/27/1972,312.476
2/28/1972,450.265
2/29/1972,315.024
3/1/1972,330.797
3/2/1972,463.518
3/3/1972,559.568
3/4/1972,137.733
3/5/1972,82.402
3/6/1972,260.033
3/7/1972,213.622
3/8/1972,198.133
3/9/1972,305.736
3/10/1972,332.241
3/11/1972,147.672
3/12/1972,5.04
3/13/1972,151.212
3/14/1972,139.375
3/15/1972,183.181
3/16/1972,193.97
3/17/1972,299.224
3/18/1972,10.562
3/19/1972,63.996
3/20/1972,316.157
3/21/1972,160.67
3/22/1972,122.414
3/23/1972,336.234
3/24/1972,215.236
3/25/1972,78.834
3/26/1972,3.2
3/27/1972,194.933
3/28/1972,282.12
3/29/1972,370.61
3/30/1972,308.455
3/31/1972,195.244
4/1/1972,42.39
4/2/1972,11.44
4/3/1972,126.661
4/4/1972,113.749
4/5/1972,219.37
4/6/1972,113.55
4/7/1972,394.198
4/8/1972,161.831
4/9/1972,3.256
4/10/1972,289.992
4/11/1972,401.051
4/12/1972,334.874
4/13/1972,384.429
4/14/1972,264.762
4/15/1972,335.809
4/16/1972,53.349
4/17/1972,408.045
4/18/1972,442.875
4/19/1972,463.659
4/20/1972,595.332
4/21/1972,298.969
4/22/1972,193.517
4/23/1972,36.019
4/24/1972,194.253
4/25/1972,255.729
4/26/1972,348.24
4/27/1972,315.109
4/28/1972,283.593
4/29/1972,211.017
4/30/1972,2.152
5/1/1972,483.311
5/2/1972,338.442
5/3/1972,237.691
5/4/1972,472.041
5/5/1972,480.338
5/6/1972,348.268
5/7/1972,355.687
5/8/1972,479.432
5/9/1972,532.044
5/10/1972,534.14
5/11/1972,481.017
5/12/1972,472.976
5/13/1972,136.317
5/14/1972,20.077
5/15/1972,471.418
5/16/1972,512.336
5/17/1972,625.377
5/18/1972,482.405
5/19/1972,583.836
5/20/1972,497.328
5/21/1972,494.949
5/22/1972,509.646
5/23/1972,476.997
5/24/1972,348.863
5/25/1972,384.91
5/26/1972,478.809
5/27/1972,512.732
5/28/1972,512.987
5/29/1972,230.612
5/30/1972,496.252
5/31/1972,530.034
6/1/1972,333.883
6/2/1972,587.659
6/3/1972,511.77
6/4/1972,104.829
6/5/1972,546.259
6/6/1972,185.22
6/7/1972,359.085
6/8/1972,346.343
6/9/1972,328.248
6/10/1972,4.531
6/11/1972,2.237
6/12/1972,52.103
6/13/1972,53.745
6/14/1972,95.371
6/15/1972,273.682
6/16/1972,328.645
6/17/1972,7.646
6/18/1972,2.237
6/19/1972,157.526
6/20/1972,155.884
6/21/1972,63.288
6/22/1972,497.583
6/23/1972,616.06
6/24/1972,491.268
6/25/1972,487.36
6/26/1972,617.136
6/27/1972,706.136
6/28/1972,576.53
6/29/1972,631.181
6/30/1972,713.13
7/1/1972,662.047
7/2/1972,656.723
7/3/1972,595.446
7/4/1972,613.002
7/5/1972,474.25
7/6/1972,465.641
7/7/1972,480.451
7/8/1972,659.215
7/9/1972,658.366
7/10/1972,649.333
7/11/1972,638.742
7/12/1972,492.995
7/13/1972,586.809
7/14/1972,660.433
7/15/1972,553.877
7/16/1972,558.549
7/17/1972,584.006
7/18/1972,545.382
7/19/1972,595.389
7/20/1972,558.124
7/21/1972,567.865
7/22/1972,625.546
7/23/1972,496.45
7/24/1972,554.698
7/25/1972,562.768
7/26/1972,532.752
7/27/1972,517.546
7/28/1972,439.901
7/29/1972,359.935
7/30/1972,305.51
7/31/1972,551.328
8/1/1972,529.496
8/2/1972,358.151
8/3/1972,515.422
8/4/1972,472.409
8/5/1972,162.623
8/6/1972,266.829
8/7/1972,633.135
8/8/1972,569.876
8/9/1972,578.682
8/10/1972,166.559
8/11/1972,167.777
8/12/1972,2.237
8/13/1972,67.932
8/14/1972,238.597
8/15/1972,250.972
8/16/1972,28.402
8/17/1972,54.538
8/18/1972,457.231
8/19/1972,57.993
8/20/1972,2.18
8/21/1972,67.536
8/22/1972,203.938
8/23/1972,161.123
8/24/1972,327.512
8/25/1972,403.316
8/26/1972,328.9
8/27/1972,4.842
8/28/1972,149.541
8/29/1972,333.402
8/30/1972,396.407
8/31/1972,155.261
9/1/1972,62.24
9/2/1972,2.152
9/3/1972,2.209
9/4/1972,45.109
9/5/1972,63.996
9/6/1972,60.145
9/7/1972,174.46
9/8/1972,86.564
9/9/1972,95.06
9/10/1972,2.124
9/11/1972,89.311
9/12/1972,76.37
9/13/1972,489.966
9/14/1972,428.603
9/15/1972,63.26
9/16/1972,8.155
9/17/1972,81.014
9/18/1972,253.039
9/19/1972,78.126
9/20/1972,61.079
9/21/1972,65.1
9/22/1972,61.051
9/23/1972,2.209
9/24/1972,29.308
9/25/1972,124.113
9/26/1972,302.112
9/27/1972,65.808
9/28/1972,84.554
9/29/1972,135.184
9/30/1972,21.889
10/1/1972,2.124
10/2/1972,51.565
10/3/1972,82.374
10/4/1972,210.62
10/5/1972,416.568
10/6/1972,24.154
10/7/1972,2.067
10/8/1972,2.095
10/9/1972,538.217
10/10/1972,536.094
10/11/1972,381.257
10/12/1972,548.638
10/13/1972,384.825
10/14/1972,201.163
10/15/1972,238.088
10/16/1972,380.804
10/17/1972,442.988
10/18/1972,492.174
10/19/1972,576.672
10/20/1972,368.883
10/21/1972,266.433
10/22/1972,4.219
10/23/1972,361.832
10/24/1972,537
10/25/1972,464.112
10/26/1972,480.848
10/27/1972,427.527
10/28/1972,439.93
10/29/1972,143.679
10/30/1972,361.719
10/31/1972,430.953
11/1/1972,401.306
11/2/1972,449.161
11/3/1972,507.126
11/4/1972,21.691
11/5/1972,30.809
11/6/1972,498.744
11/7/1972,259.807
11/8/1972,296.392
11/9/1972,122.98
11/10/1972,56.407
11/11/1972,2.69
11/12/1972,2.803
11/13/1972,84.696
11/14/1972,124.877
11/15/1972,355.744
11/16/1972,433.219
11/17/1972,364.975
11/18/1972,3.256
11/19/1972,21.039
11/20/1972,318.451
11/21/1972,367.75
11/22/1972,413.057
11/23/1972,257.456
11/24/1972,515.054
11/25/1972,523.606
11/26/1972,404.052
11/27/1972,564.269
11/28/1972,521.256
11/29/1972,565.713
11/30/1972,526.919
12/1/1972,495.148
12/2/1972,544.617
12/3/1972,326.096
12/4/1972,504.775
12/5/1972,492.656
12/6/1972,421.184
12/7/1972,606.971
12/8/1972,531.45
12/9/1972,473.145
12/10/1972,396.379
12/11/1972,468.218
12/12/1972,483.906
12/13/1972,435.456
12/14/1972,527.91
12/15/1972,623.508
12/16/1972,492.004
12/17/1972,394.283
12/18/1972,520.604
12/19/1972,491.07
12/20/1972,473.768
12/21/1972,525.701
12/22/1972,448.906
12/23/1972,555.774
12/24/1972,337.848
12/25/1972,372.706
12/26/1972,519.16
12/27/1972,625.603
12/28/1972,630.558
12/29/1972,609.094
12/30/1972,569.876
12/31/1972,285.433
1/1/1973,449.274
1/2/1973,516.215
1/3/1973,503.671
1/4/1973,595.559
1/5/1973,583.723
1/6/1973,625.348
1/7/1973,626.906
1/8/1973,593.237
1/9/1973,553.678
1/10/1973,582.816
1/11/1973,632.711
1/12/1973,666.351
1/13/1973,449.897
1/14/1973,352.516
1/15/1973,583.468
1/16/1973,566.223
1/17/1973,528.476
1/18/1973,478.412
1/19/1973,493.703
1/20/1973,326.04
1/21/1973,78.834
1/22/1973,248.82
1/23/1973,206.996
1/24/1973,431.463
1/25/1973,229.593
1/26/1973,181.426
1/27/1973,233.982
1/28/1973,4.842
1/29/1973,459.214
1/30/1973,417.248
1/31/1973,431.237
2/1/1973,484.5
2/2/1973,201.276
2/3/1973,10.789
2/4/1973,90.189
2/5/1973,443.979
2/6/1973,564.524
2/7/1973,496.903
2/8/1973,615.72
2/9/1973,620.223
2/10/1973,731.281
2/11/1973,676.545
2/12/1973,550.592
2/13/1973,436.334
2/14/1973,552.008
2/15/1973,471.645
2/16/1973,573.444
2/17/1973,763.081
2/18/1973,624.555
2/19/1973,587.772
2/20/1973,424.865
2/21/1973,370.893
2/22/1973,438.429
2/23/1973,277.08
2/24/1973,114.428
2/25/1973,95.739
2/26/1973,272.634
2/27/1973,287.076
2/28/1973,185.928
3/1/1973,153.732
3/2/1973,130.54
3/3/1973,129.351
3/4/1973,4.078
3/5/1973,275.409
3/6/1973,396.69
3/7/1973,349.146
3/8/1973,417.333
3/9/1973,298.629
3/10/1973,297.27
3/11/1973,27.099
3/12/1973,224.949
3/13/1973,414.954
3/14/1973,408.555
3/15/1973,508.541
3/16/1973,398.87
3/17/1973,514.856
3/18/1973,412.349
3/19/1973,431.265
3/20/1973,376.925
3/21/1973,407.167
3/22/1973,580.608
3/23/1973,556.68
3/24/1973,582.278
3/25/1973,443.838
3/26/1973,513.78
3/27/1973,481.527
3/28/1973,452.644
3/29/1973,554.188
3/30/1973,515.932
3/31/1973,532.044
4/1/1973,483.368
4/2/1973,512.506
4/3/1973,529.241
4/4/1973,543.258
4/5/1973,533.658
4/6/1973,467.51
4/7/1973,666.238
4/8/1973,443.13
4/9/1973,591.453
4/10/1973,580.863
4/11/1973,535.81
4/12/1973,591.538
4/13/1973,566.619
4/14/1973,515.847
4/15/1973,534.451
4/16/1973,421.071
4/17/1973,557.756
4/18/1973,458.053
4/19/1973,574.038
4/20/1973,488.72
4/21/1973,707.354
4/22/1973,379.842
4/23/1973,374.631
4/24/1973,417.163
4/25/1973,501.207
4/26/1973,504.209
4/27/1973,552.178
4/28/1973,538.84
4/29/1973,538.104
4/30/1973,436.503
5/1/1973,515.168
5/2/1973,514.714
5/3/1973,472.976
5/4/1973,481.442
5/5/1973,667.88
5/6/1973,402.268
5/7/1973,529.694
5/8/1973,537.226
5/9/1973,531.478
5/10/1973,510.552
5/11/1973,549.374
5/12/1973,499.82
5/13/1973,156.139
5/14/1973,432.426
5/15/1973,425.46
5/16/1973,507.579
5/17/1973,418.692
5/18/1973,310.579
5/19/1973,2.52
5/20/1973,2.464
5/21/1973,193.942
5/22/1973,451.879
5/23/1973,626.481
5/24/1973,699.085
5/25/1973,294.721
5/26/1973,62.41
5/27/1973,83.733
5/28/1973,242.392
5/29/1973,491.098
5/30/1973,139.885
5/31/1973,128.87
6/1/1973,238.116
6/2/1973,330.004
6/3/1973,86.111
6/4/1973,514.12
6/5/1973,541.162
6/6/1973,487.87
6/7/1973,161.264
6/8/1973,381.654
6/9/1973,255.333
6/10/1973,14.357
6/11/1973,610.737
6/12/1973,306.982
6/13/1973,347.702
6/14/1973,268.443
6/15/1973,236.587
6/16/1973,88.717
6/17/1973,47.572
6/18/1973,70.537
6/19/1973,108.425
6/20/1973,174.885
6/21/1973,233.444
6/22/1973,207.251
6/23/1973,207.902
6/24/1973,2.294
6/25/1973,232.594
6/26/1973,208.61
6/27/1973,219.03
6/28/1973,372.819
6/29/1973,320.15
6/30/1973,47.657
7/1/1973,63.345
7/2/1973,299.025
7/3/1973,254.285
7/4/1973,106.754
7/5/1973,273.654
7/6/1973,294.183
7/7/1973,379.304
7/8/1973,500.188
7/9/1973,413.595
7/10/1973,125.387
7/11/1973,107.859
7/12/1973,108.114
7/13/1973,105.282
7/14/1973,10.534
7/15/1973,2.322
7/16/1973,63.118
7/17/1973,63.656
7/18/1973,206.203
7/19/1973,326.408
7/20/1973,359.878
7/21/1973,183.011
7/22/1973,2.294
7/23/1973,289.483
7/24/1973,256.239
7/25/1973,164.86
7/26/1973,346.852
7/27/1973,252.416
7/28/1973,6.768
7/29/1973,2.294
7/30/1973,205.806
7/31/1973,257.881
8/1/1973,211.328
8/2/1973,185.617
8/3/1973,2.322
8/4/1973,174.205
8/5/1973,2.294
8/6/1973,154.27
8/7/1973,108.963
8/8/1973,248.055
8/9/1973,397.568
8/10/1973,273.739
8/11/1973,119.185
8/12/1973,72.718
8/13/1973,85.262
8/14/1973,103.724
8/15/1973,305.482
8/16/1973,237.266
8/17/1973,200.2
8/18/1973,2.237
8/19/1973,2.237
8/20/1973,51.338
8/21/1973,146.483
8/22/1973,222.202
8/23/1973,225.175
8/24/1973,355.517
8/25/1973,70.141
8/26/1973,99.618
8/27/1973,482.405
8/28/1973,483.538
8/29/1973,493.562
8/30/1973,373.782
8/31/1973,322.981
9/1/1973,344.955
9/2/1973,26.335
9/3/1973,2.322
9/4/1973,285.717
9/5/1973,402.212
9/6/1973,158.602
9/7/1973,207.732
9/8/1973,2.294
9/9/1973,2.322
9/10/1973,30.186
9/11/1973,45.307
9/12/1973,137.506
9/13/1973,98.599
9/14/1973,13.819
9/15/1973,74.332
9/16/1973,2.237
9/17/1973,89.198
9/18/1973,79.768
9/19/1973,2.322
9/20/1973,165.2
9/21/1973,89.509
9/22/1973,21.011
9/23/1973,94.805
9/24/1973,510.778
9/25/1973,392.981
9/26/1973,5.493
9/27/1973,329.353
9/28/1973,398.587
9/29/1973,320.943
9/30/1973,2.237
10/1/1973,19.907
10/2/1973,62.75
10/3/1973,286.028
10/4/1973,334.167
10/5/1973,102.252
10/6/1973,2.35
10/7/1973,2.464
10/8/1973,12.006
10/9/1973,32.536
10/10/1973,150.617
10/11/1973,70.084
10/12/1973,47.402
10/13/1973,2.379
10/14/1973,2.265
10/15/1973,28.657
10/16/1973,17.641
10/17/1973,23.107
10/18/1973,76.569
10/19/1973,10.449
10/20/1973,35.481
10/21/1973,37.548
10/22/1973,92.369
10/23/1973,27.892
10/24/1973,81.581
10/25/1973,98.344
10/26/1973,58.644
10/27/1973,28.657
10/28/1973,2.407
10/29/1973,142.688
10/30/1973,147.502
10/31/1973,173.016
11/1/1973,87.018
11/2/1973,178.283
11/3/1973,72.831
11/4/1973,12.006
11/5/1973,287.132
11/6/1973,136.544
11/7/1973,247.404
11/8/1973,121.394
11/9/1973,254.483
11/10/1973,235.029
11/11/1973,42.475
11/12/1973,201.021
11/13/1973,30.271
11/14/1973,88.348
11/15/1973,110.917
11/16/1973,91.548
11/17/1973,54.765
11/18/1973,3.285
11/19/1973,114.57
11/20/1973,107.009
11/21/1973,175.961
11/22/1973,43.778
11/23/1973,81.184
11/24/1973,78.749
11/25/1973,2.407
11/26/1973,78.919
11/27/1973,82.147
11/28/1973,249.981
11/29/1973,180.067
11/30/1973,295.061
12/1/1973,92.086
12/2/1973,12.148
12/3/1973,197.736
12/4/1973,39.587
12/5/1973,117.317
12/6/1973,176.895
12/7/1973,206.458
12/8/1973,51.565
12/9/1973,73.539
12/10/1973,260.571
12/11/1973,650.777
12/12/1973,498.432
12/13/1973,404.505
12/14/1973,134.307
12/15/1973,106.046
12/16/1973,204.985
12/17/1973,680.962
12/18/1973,627.5
12/19/1973,299.28
12/20/1973,368.345
12/21/1973,514.261
12/22/1973,337.565
12/23/1973,6.116
12/24/1973,109.614
12/25/1973,140.48
12/26/1973,163.048
12/27/1973,211.413
12/28/1973,423.308
12/29/1973,569.111
12/30/1973,497.979
12/31/1973,581.372
1/1/1974,446.358
1/2/1974,608.471
1/3/1974,516.102
1/4/1974,519.528
1/5/1974,526.692
1/6/1974,303.981
1/7/1974,607.962
1/8/1974,558.889
1/9/1974,626.906
1/10/1974,424.072
1/11/1974,411.67
1/12/1974,593.973
1/13/1974,540.823
1/14/1974,691.666
1/15/1974,546.486
1/16/1974,389.045
1/17/1974,416.823
1/18/1974,418.437
1/19/1974,245.507
1/20/1974,4.106
1/21/1974,190.034
1/22/1974,228.46
1/23/1974,175.649
1/24/1974,312.249
1/25/1974,306.303
1/26/1974,207.194
1/27/1974,3.596
1/28/1974,366.674
1/29/1974,354.64
1/30/1974,405.185
1/31/1974,401.589
2/1/1974,422.373
2/2/1974,397.058
2/3/1974,536.66
2/4/1974,608.585
2/5/1974,530.544
2/6/1974,539.124
2/7/1974,399.352
2/8/1974,782.818
2/9/1974,684.559
2/10/1974,338.556
2/11/1974,607.225
2/12/1974,451.54
2/13/1974,375.99
2/14/1974,284.216
2/15/1974,478.186
2/16/1974,571.49
2/17/1974,6.994
2/18/1974,254.596
2/19/1974,297.185
2/20/1974,384.117
2/21/1974,537.51
2/22/1974,399.607
2/23/1974,276.372
2/24/1974,114.117
2/25/1974,392.046
2/26/1974,498.659
2/27/1974,296.449
2/28/1974,309.021
3/1/1974,190.997
3/2/1974,107.717
3/3/1974,3.625
3/4/1974,278.892
3/5/1974,242.675
3/6/1974,523.634
3/7/1974,119.893
3/8/1974,86.281
3/9/1974,203.938
3/10/1974,3.341
3/11/1974,288.01
3/12/1974,134.335
3/13/1974,193.885
3/14/1974,288.718
3/15/1974,321.537
3/16/1974,143.708
3/17/1974,8.891
3/18/1974,160.981
3/19/1974,2.577
3/20/1974,78.324
3/21/1974,107.491
3/22/1974,52.245
3/23/1974,37.661
3/24/1974,7.844
3/25/1974,429.538
3/26/1974,174.148
3/27/1974,91.435
3/28/1974,14.64
3/29/1974,221.834
3/30/1974,369.251
3/31/1974,6.428
4/1/1974,101.459
4/2/1974,78.183
4/3/1974,82.317
4/4/1974,260.883
4/5/1974,348.013
4/6/1974,355.376
4/7/1974,8.891
4/8/1974,509.816
4/9/1974,492.457
4/10/1974,498.885
4/11/1974,499.537
4/12/1974,493.25
4/13/1974,494.723
4/14/1974,503.303
4/15/1974,506.956
4/16/1974,500.301
4/17/1974,587.97
4/18/1974,512.421
4/19/1974,422.911
4/20/1974,198.189
4/21/1974,3.37
4/22/1974,392.839
4/23/1974,415.294
4/24/1974,375.226
4/25/1974,319.272
4/26/1974,391.338
4/27/1974,135.468
4/28/1974,2.322
4/29/1974,528.222
4/30/1974,496.224
5/1/1974,383.778
5/2/1974,219.597
5/3/1974,291.493
5/4/1974,2.265
5/5/1974,18.123
5/6/1974,148.861
5/7/1974,399.635
5/8/1974,477.506
5/9/1974,310.409
5/10/1974,365.202
5/11/1974,13.847
5/12/1974,2.209
5/13/1974,322.727
5/14/1974,327.569
5/15/1974,421.977
5/16/1974,506.701
5/17/1974,516.13
5/18/1974,43.495
5/19/1974,2.067
5/20/1974,232.226
5/21/1974,143.34
5/22/1974,364.324
5/23/1974,314.939
5/24/1974,437.041
5/25/1974,107.236
5/26/1974,48.054
5/27/1974,137.28
5/28/1974,314.713
5/29/1974,329.013
5/30/1974,335.582
5/31/1974,243.638
6/1/1974,150.985
6/2/1974,10.704
6/3/1974,125.387
6/4/1974,420.561
6/5/1974,506.389
6/6/1974,601.817
6/7/1974,379.36
6/8/1974,120.686
6/9/1974,216.369
6/10/1974,542.182
6/11/1974,176.499
6/12/1974,130.371
6/13/1974,112.078
6/14/1974,2.917
6/15/1974,84.639
6/16/1974,2.237
6/17/1974,78.976
6/18/1974,51.508
6/19/1974,373.753
6/20/1974,532.271
6/21/1974,136.062
6/22/1974,332.807
6/23/1974,35.056
6/24/1974,2.265
6/25/1974,33.329
6/26/1974,2.407
6/27/1974,4.163
6/28/1974,47.884
6/29/1974,13.507
6/30/1974,2.265
7/1/1974,433.87
7/2/1974,481.046
7/3/1974,554.047
7/4/1974,450.492
7/5/1974,458.392
7/6/1974,359.878
7/7/1974,451.002
7/8/1974,282.403
7/9/1974,300.243
7/10/1974,267.707
7/11/1974,124.934
7/12/1974,2.379
7/13/1974,86.253
7/14/1974,13.394
7/15/1974,114.541
7/16/1974,2.407
7/17/1974,60.881
7/18/1974,245.422
7/19/1974,235.256
7/20/1974,2.407
7/21/1974,2.379
7/22/1974,5.805
7/23/1974,2.407
7/24/1974,73.142
7/25/1974,53.83
7/26/1974,43.155
7/27/1974,2.379
7/28/1974,2.379
7/29/1974,98.627
7/30/1974,141.216
7/31/1974,92.964
8/1/1974,161.972
8/2/1974,76.116
8/3/1974,109.869
8/4/1974,2.322
8/5/1974,48.478
8/6/1974,232.849
8/7/1974,81.184
8/8/1974,129.691
8/9/1974,93.814
8/10/1974,2.322
8/11/1974,2.294
8/12/1974,26.561
8/13/1974,62.155
8/14/1974,98.826
8/15/1974,255.559
8/16/1974,163.558
8/17/1974,100.808
8/18/1974,2.294
8/19/1974,94.493
8/20/1974,234.491
8/21/1974,132.862
8/22/1974,409.546
8/23/1974,177.829
8/24/1974,53.859
8/25/1974,2.237
8/26/1974,371.828
8/27/1974,406.346
8/28/1974,385.024
8/29/1974,270.624
8/30/1974,91.123
8/31/1974,2.322
9/1/1974,89.255
9/2/1974,70.849
9/3/1974,373.527
9/4/1974,143.34
9/5/1974,275.239
9/6/1974,179.302
9/7/1974,285.603
9/8/1974,514.148
9/9/1974,477.789
9/10/1974,451.257
9/11/1974,523.011
9/12/1974,583.015
9/13/1974,616.627
9/14/1974,198.076
9/15/1974,510.269
9/16/1974,373.017
9/17/1974,404.052
9/18/1974,459.865
9/19/1974,456.467
9/20/1974,289.369
9/21/1974,197.708
9/22/1974,2.209
9/23/1974,126.066
9/24/1974,327.71
9/25/1974,200.794
9/26/1974,116.835
9/27/1974,129.578
9/28/1974,369.902
9/29/1974,333.827
9/30/1974,121.592
10/1/1974,220.39
10/2/1974,320.603
10/3/1974,572.906
10/4/1974,275.098
10/5/1974,2.747
10/6/1974,4.87
10/7/1974,24.098
10/8/1974,35.651
10/9/1974,30.129
10/10/1974,63.769
10/11/1974,9.345
10/12/1974,2.294
10/13/1974,2.209
10/14/1974,64.676
10/15/1974,81.609
10/16/1974,75.209
10/17/1974,120.176
10/18/1974,23.588
10/19/1974,162.765
10/20/1974,27.835
10/21/1974,442.818
10/22/1974,248.621
10/23/1974,100.695
10/24/1974,120.148
10/25/1974,77.531
10/26/1974,2.379
10/27/1974,2.605
10/28/1974,142.009
10/29/1974,87.612
10/30/1974,34.093
10/31/1974,19.057
11/1/1974,61.023
11/2/1974,19.539
11/3/1974,6.626
11/4/1974,267.594
11/5/1974,43.466
11/6/1974,58.361
11/7/1974,148.663
11/8/1974,96.702
11/9/1974,47.572
11/10/1974,27.354
11/11/1974,140.338
11/12/1974,123.065
11/13/1974,293.305
11/14/1974,614.248
11/15/1974,448.765
11/16/1974,169.221
11/17/1974,43.325
11/18/1974,332.354
11/19/1974,239.758
11/20/1974,84.214
11/21/1974,378.058
11/22/1974,383.834
11/23/1974,536.688
11/24/1974,11.525
11/25/1974,331.703
11/26/1974,527.57
11/27/1974,706.363
11/28/1974,467.567
11/29/1974,530.402
11/30/1974,296.194
12/1/1974,239.787
12/2/1974,694.045
12/3/1974,800.573
12/4/1974,351.95
12/5/1974,110.124
12/6/1974,42.702
12/7/1974,5.409
12/8/1974,4.814
12/9/1974,41.059
12/10/1974,31.856
12/11/1974,40.55
12/12/1974,4.87
12/13/1974,4.814
12/14/1974,4.87
12/15/1974,5.069
12/16/1974,51.168
12/17/1974,5.069
12/18/1974,54.736
12/19/1974,5.295
12/20/1974,5.069
12/21/1974,4.984
12/22/1974,36.019
12/23/1974,43.778
12/24/1974,4.616
12/25/1974,26.363
12/26/1974,52.641
12/27/1974,69.999
12/28/1974,4.757
12/29/1974,4.701
12/30/1974,4.389
12/31/1974,109.728
1/1/1975,4.587
1/2/1975,102.818
1/3/1975,51.791
1/4/1975,31.035
1/5/1975,21.946
1/6/1975,187.882
1/7/1975,82.742
1/8/1975,148.975
1/9/1975,78.353
1/10/1975,241.174
1/11/1975,124.452
1/12/1975,19.51
1/13/1975,296.618
1/14/1975,373.13
1/15/1975,447.264
1/16/1975,315.308
1/17/1975,635.231
1/18/1975,491.806
1/19/1975,124.028
1/20/1975,621.554
1/21/1975,427.329
1/22/1975,371.29
1/23/1975,438.91
1/24/1975,382.928
1/25/1975,241.599
1/26/1975,236.672
1/27/1975,512.902
1/28/1975,483.934
1/29/1975,501.066
1/30/1975,530.912
1/31/1975,464.197
2/1/1975,410.452
2/2/1975,607.763
2/3/1975,422.713
2/4/1975,547.024
2/5/1975,376.019
2/6/1975,437.693
2/7/1975,454.088
2/8/1975,395.954
2/9/1975,231.688
2/10/1975,446.782
2/11/1975,529.609
2/12/1975,463.036
2/13/1975,527.57
2/14/1975,428.773
2/15/1975,342.209
2/16/1975,272.209
2/17/1975,474.193
2/18/1975,509.221
2/19/1975,540.285
2/20/1975,581.57
2/21/1975,313.694
2/22/1975,310.692
2/23/1975,3.794
2/24/1975,373.215
2/25/1975,371.715
2/26/1975,338.159
2/27/1975,339.887
2/28/1975,362.653
3/1/1975,38.567
3/2/1975,115.731
3/3/1975,509.929
3/4/1975,242.675
3/5/1975,151.976
3/6/1975,187.882
3/7/1975,197.142
3/8/1975,167.352
3/9/1975,174.856
3/10/1975,411.358
3/11/1975,344.332
3/12/1975,107.377
3/13/1975,38.964
3/14/1975,181.539
3/15/1975,300.045
3/16/1975,458.138
3/17/1975,474.844
3/18/1975,529.099
3/19/1975,487.134
3/20/1975,615.494
3/21/1975,618.92
3/22/1975,614.078
3/23/1975,598.561
3/24/1975,679.377
3/25/1975,841.575
3/26/1975,918.597
3/27/1975,916.558
3/28/1975,925.166
3/29/1975,779.93
3/30/1975,942.128
3/31/1975,896.028
4/1/1975,790.039
4/2/1975,786.867
4/3/1975,793.777
4/4/1975,801.337
4/5/1975,894.443
4/6/1975,911.999
4/7/1975,919.305
4/8/1975,923.807
4/9/1975,926.497
4/10/1975,929.641
4/11/1975,935.276
4/12/1975,941.42
4/13/1975,819.715
4/14/1975,811.956
4/15/1975,864.597
4/16/1975,916.36
4/17/1975,917.917
4/18/1975,923.666
4/19/1975,944.252
4/20/1975,739.805
4/21/1975,916.445
4/22/1975,1026.484
4/23/1975,788.934
4/24/1975,719.048
4/25/1975,447.972
4/26/1975,246.356
4/27/1975,2.294
4/28/1975,480.083
4/29/1975,113.862
4/30/1975,289.738
5/1/1975,516.838
5/2/1975,26.703
5/3/1975,2.265
5/4/1975,2.265
5/5/1975,163.218
5/6/1975,162.227
5/7/1975,224.326
5/8/1975,285.801
5/9/1975,306.699
5/10/1975,276.287
5/11/1975,76.172
5/12/1975,455.872
5/13/1975,503.359
5/14/1975,537.623
5/15/1975,317.799
5/16/1975,548.893
5/17/1975,29.223
5/18/1975,2.265
5/19/1975,135.099
5/20/1975,223.08
5/21/1975,384.457
5/22/1975,338.556
5/23/1975,437.438
5/24/1975,64.761
5/25/1975,2.265
5/26/1975,24.522
5/27/1975,242.109
5/28/1975,92.964
5/29/1975,168.315
5/30/1975,217.303
5/31/1975,199.577
6/1/1975,126.378
6/2/1975,258.844
6/3/1975,467.652
6/4/1975,454.286
6/5/1975,514.035
6/6/1975,452.304
6/7/1975,533.234
6/8/1975,2.18
6/9/1975,445.735
6/10/1975,476.6
6/11/1975,385.788
6/12/1975,467.256
6/13/1975,376.217
6/14/1975,2.209
6/15/1975,327.682
6/16/1975,338.471
6/17/1975,534.678
6/18/1975,605.98
6/19/1975,208.015
6/20/1975,105.055
6/21/1975,2.379
6/22/1975,2.35
6/23/1975,27.666
6/24/1975,207.024
6/25/1975,316.667
6/26/1975,9.514
6/27/1975,2.35
6/28/1975,2.322
6/29/1975,2.322
6/30/1975,4.021
7/1/1975,45.194
7/2/1975,50.319
7/3/1975,225.458
7/4/1975,2.322
7/5/1975,2.322
7/6/1975,2.322
7/7/1975,2.407
7/8/1975,94.748
7/9/1975,184.965
7/10/1975,473.768
7/11/1975,39.757
7/12/1975,2.35
7/13/1975,2.322
7/14/1975,110.662
7/15/1975,175.904
7/16/1975,161.491
7/17/1975,150.221
7/18/1975,307.662
7/19/1975,519.953
7/20/1975,476.657
7/21/1975,522.19
7/22/1975,513.497
7/23/1975,475.241
7/24/1975,505.427
7/25/1975,498.546
7/26/1975,472.862
7/27/1975,409.234
7/28/1975,531.676
7/29/1975,426.876
7/30/1975,578.342
7/31/1975,591.68
8/1/1975,510.948
8/2/1975,450.52
8/3/1975,546.599
8/4/1975,492.203
8/5/1975,433.927
8/6/1975,481.81
8/7/1975,544.221
8/8/1975,542.635
8/9/1975,419.06
8/10/1975,235.681
8/11/1975,323.18
8/12/1975,372.932
8/13/1975,467.34
8/14/1975,511.6
8/15/1975,389.951
8/16/1975,483.736
8/17/1975,2.322
8/18/1975,71.981
8/19/1975,2.407
8/20/1975,33.867
8/21/1975,48.818
8/22/1975,42.56
8/23/1975,2.379
8/24/1975,14.781
8/25/1975,441.997
8/26/1975,293.872
8/27/1975,2.379
8/28/1975,2.435
8/29/1975,43.806
8/30/1975,2.35
8/31/1975,2.322
9/1/1975,2.322
9/2/1975,59.805
9/3/1975,142.745
9/4/1975,221.013
9/5/1975,9.826
9/6/1975,2.294
9/7/1975,2.35
9/8/1975,25.57
9/9/1975,2.294
9/10/1975,2.322
9/11/1975,163.614
9/12/1975,347.164
9/13/1975,2.265
9/14/1975,2.265
9/15/1975,2.322
9/16/1975,377.661
9/17/1975,2.35
9/18/1975,101.148
9/19/1975,59.777
9/20/1975,2.322
9/21/1975,2.294
9/22/1975,294.75
9/23/1975,329.579
9/24/1975,392.273
9/25/1975,289.369
9/26/1975,446.754
9/27/1975,147.162
9/28/1975,335.186
9/29/1975,433.502
9/30/1975,508.258
10/1/1975,624.216
10/2/1975,491.013
10/3/1975,565.317
10/4/1975,318.819
10/5/1975,42.758
10/6/1975,394.623
10/7/1975,457.288
10/8/1975,435.031
10/9/1975,645.963
10/10/1975,164.181
10/11/1975,81.411
10/12/1975,64.959
10/13/1975,217.246
10/14/1975,192.073
10/15/1975,325.134
10/16/1975,462.98
10/17/1975,318.394
10/18/1975,120.063
10/19/1975,90.84
10/20/1975,2.35
10/21/1975,23.05
10/22/1975,174.007
10/23/1975,141.726
10/24/1975,189.241
10/25/1975,127.567
10/26/1975,43.806
10/27/1975,294.438
10/28/1975,204.844
10/29/1975,273.455
10/30/1975,220.475
10/31/1975,262.468
11/1/1975,181.454
11/2/1975,2.379
11/3/1975,178.113
11/4/1975,207.024
11/5/1975,168.655
11/6/1975,296.194
11/7/1975,302.593
11/8/1975,177.065
11/9/1975,36.246
11/10/1975,148.748
11/11/1975,210.026
11/12/1975,249.867
11/13/1975,275.126
11/14/1975,154.355
11/15/1975,205.778
11/16/1975,7.702
11/17/1975,357.5
11/18/1975,166.928
11/19/1975,122.867
11/20/1975,171.487
11/21/1975,228.403
11/22/1975,86.621
11/23/1975,191.846
11/24/1975,255.389
11/25/1975,173.893
11/26/1975,297.496
11/27/1975,120.007
11/28/1975,579.079
11/29/1975,415.436
11/30/1975,4.163
12/1/1975,274.531
12/2/1975,464.707
12/3/1975,526.409
12/4/1975,358.377
12/5/1975,376.698
12/6/1975,180.463
12/7/1975,31.007
12/8/1975,105.254
12/9/1975,167.947
12/10/1975,89.453
12/11/1975,92.398
12/12/1975,265.98
12/13/1975,4.786
12/14/1975,4.842
12/15/1975,4.191
12/16/1975,106.613
12/17/1975,143.679
12/18/1975,263.261
12/19/1975,241.91
12/20/1975,155.346
12/21/1975,5.267
12/22/1975,36.614
12/23/1975,43.07
12/24/1975,34.971
12/25/1975,51.622
12/26/1975,4.842
12/27/1975,101.233
12/28/1975,57.172
12/29/1975,124.962
12/30/1975,159.084
12/31/1975,433.304
1/1/1976,78.891
1/2/1976,357.585
1/3/1976,33.895
1/4/1976,7.476
1/5/1976,405.525
1/6/1976,485.803
1/7/1976,547.222
1/8/1976,440.581
1/9/1976,589.981
1/10/1976,377.548
1/11/1976,19.822
1/12/1976,505.228
1/13/1976,457.543
1/14/1976,489.513
1/15/1976,426.564
1/16/1976,274.475
1/17/1976,551.866
1/18/1976,454.456
1/19/1976,664.539
1/20/1976,497.894
1/21/1976,39.247
1/22/1976,433.134
1/23/1976,402.127
1/24/1976,97.07
1/25/1976,111.738
1/26/1976,87.754
1/27/1976,213.848
1/28/1976,150.192
1/29/1976,422.317
1/30/1976,315.931
1/31/1976,206.175
2/1/1976,15.121
2/2/1976,486.822
2/3/1976,492.656
2/4/1976,322.755
2/5/1976,527.655
2/6/1976,561.267
2/7/1976,481.357
2/8/1976,219.087
2/9/1976,523.266
2/10/1976,307.605
2/11/1976,238.569
2/12/1976,358.009
2/13/1976,304.887
2/14/1976,164.945
2/15/1976,4.644
2/16/1976,56.577
2/17/1976,76.767
2/18/1976,121.111
2/19/1976,331.958
2/20/1976,282.857
2/21/1976,105.877
2/22/1976,20.275
2/23/1976,366.051
2/24/1976,157.158
2/25/1976,37.973
2/26/1976,284.244
2/27/1976,220.475
2/28/1976,269.066
2/29/1976,3.851
3/1/1976,450.464
3/2/1976,88.801
3/3/1976,135.637
3/4/1976,97.948
3/5/1976,20.785
3/6/1976,3.709
3/7/1976,4.049
3/8/1976,32.508
3/9/1976,506.05
3/10/1976,214.386
3/11/1976,109.926
3/12/1976,409.008
3/13/1976,19.312
3/14/1976,138.299
3/15/1976,195.528
3/16/1976,16.367
3/17/1976,38.936
3/18/1976,260.996
3/19/1976,66.629
3/20/1976,64.392
3/21/1976,3.738
3/22/1976,4.446
3/23/1976,38.822
3/24/1976,177.999
3/25/1976,50.461
3/26/1976,81.892
3/27/1976,71.953
3/28/1976,52.556
3/29/1976,45.448
3/30/1976,292.852
3/31/1976,389.922
4/1/1976,112.191
4/2/1976,73.057
4/3/1976,2.917
4/4/1976,30.639
4/5/1976,34.207
4/6/1976,9.514
4/7/1976,67.904
4/8/1976,56.86
4/9/1976,159.14
4/10/1976,22.37
4/11/1976,32.649
4/12/1976,162.85
4/13/1976,64.024
4/14/1976,62.41
4/15/1976,105.735
4/16/1976,258.306
4/17/1976,406.941
4/18/1976,60.938
4/19/1976,170.326
4/20/1976,119.78
4/21/1976,70.594
4/22/1976,376.727
4/23/1976,297.1
4/24/1976,2.294
4/25/1976,2.237
4/26/1976,191.337
4/27/1976,456.722
4/28/1976,164.436
4/29/1976,191.422
4/30/1976,191.252
5/1/1976,139.262
5/2/1976,19.68
5/3/1976,112.474
5/4/1976,257.683
5/5/1976,273.993
5/6/1976,169.844
5/7/1976,120.601
5/8/1976,57.058
5/9/1976,36.472
5/10/1976,182.615
5/11/1976,365.173
5/12/1976,281.837
5/13/1976,2.464
5/14/1976,387.034
5/15/1976,107.802
5/16/1976,25.202
5/17/1976,96.305
5/18/1976,204.079
5/19/1976,44.797
5/20/1976,142.32
5/21/1976,232.424
5/22/1976,192.526
5/23/1976,113.465
5/24/1976,200.596
5/25/1976,137.45
5/26/1976,199.095
5/27/1976,50.857
5/28/1976,93.672
5/29/1976,58.219
5/30/1976,21.889
5/31/1976,343.709
6/1/1976,296.307
6/2/1976,2.633
6/3/1976,119.129
6/4/1976,177.405
6/5/1976,130.654
6/6/1976,2.492
6/7/1976,255.927
6/8/1976,139.064
6/9/1976,368.685
6/10/1976,68.187
6/11/1976,135.411
6/12/1976,65.865
6/13/1976,2.379
6/14/1976,152.146
6/15/1976,71.868
6/16/1976,67.705
6/17/1976,2.69
6/18/1976,233.274
6/19/1976,2.322
6/20/1976,2.322
6/21/1976,60.258
6/22/1976,160.811
6/23/1976,234.605
6/24/1976,216.624
6/25/1976,185.843
6/26/1976,216.963
6/27/1976,21.464
6/28/1976,93.955
6/29/1976,353.224
6/30/1976,186.749
7/1/1976,234.35
7/2/1976,464.792
7/3/1976,7.532
7/4/1976,2.35
7/5/1976,158.829
7/6/1976,216.935
7/7/1976,22.2
7/8/1976,2.435
7/9/1976,69.348
7/10/1976,5.55
7/11/1976,179.16
7/12/1976,443.413
7/13/1976,2.379
7/14/1976,92.171
7/15/1976,163.076
7/16/1976,96.73
7/17/1976,2.322
7/18/1976,2.35
7/19/1976,2.379
7/20/1976,130.257
7/21/1976,284.584
7/22/1976,109.869
7/23/1976,47.091
7/24/1976,341.472
7/25/1976,2.237
7/26/1976,105.084
7/27/1976,24.607
7/28/1976,327.059
7/29/1976,286.028
7/30/1976,137.903
7/31/1976,2.407
8/1/1976,2.407
8/2/1976,2.464
8/3/1976,2.407
8/4/1976,130.54
8/5/1976,82.6
8/6/1976,374.065
8/7/1976,14.187
8/8/1976,2.464
8/9/1976,80.25
8/10/1976,2.435
8/11/1976,2.435
8/12/1976,191.988
8/13/1976,51.452
8/14/1976,149.598
8/15/1976,2.435
8/16/1976,2.435
8/17/1976,2.407
8/18/1976,2.435
8/19/1976,41.286
8/20/1976,102.818
8/21/1976,123.886
8/22/1976,335.186
8/23/1976,20.983
8/24/1976,128.672
8/25/1976,12.771
8/26/1976,118.534
8/27/1976,29.534
8/28/1976,20.445
8/29/1976,8.438
8/30/1976,67.819
8/31/1976,71.557
9/1/1976,111.512
9/2/1976,85.545
9/3/1976,2.379
9/4/1976,308.2
9/5/1976,2.35
9/6/1976,2.35
9/7/1976,131.333
9/8/1976,101.714
9/9/1976,279.997
9/10/1976,9.571
9/11/1976,2.379
9/12/1976,30.299
9/13/1976,3.398
9/14/1976,66.743
9/15/1976,469.521
9/16/1976,211.555
9/17/1976,86.933
9/18/1976,2.379
9/19/1976,27.609
9/20/1976,2.407
9/21/1976,2.407
9/22/1976,2.492
9/23/1976,2.549
9/24/1976,243.694
9/25/1976,344.191
9/26/1976,32.847
9/27/1976,325.162
9/28/1976,51.593
9/29/1976,2.52
9/30/1976,14.47
10/1/1976,15.886
10/2/1976,2.379
10/3/1976,2.407
10/4/1976,16.622
10/5/1976,122.697
10/6/1976,62.948
10/7/1976,123.575
10/8/1976,265.357
10/9/1976,66.12
10/10/1976,2.577
10/11/1976,143.849
10/12/1976,208.893
10/13/1976,80.137
10/14/1976,76.569
10/15/1976,81.014
10/16/1976,68.895
10/17/1976,420.193
10/18/1976,659.98
10/19/1976,438.712
10/20/1976,170.807
10/21/1976,264.054
10/22/1976,236.785
10/23/1976,199.35
10/24/1976,199.86
10/25/1976,142.405
10/26/1976,586.328
10/27/1976,514.828
10/28/1976,695.602
10/29/1976,258.674
10/30/1976,147.785
10/31/1976,41.965
11/1/1976,593.973
11/2/1976,711.63
11/3/1976,418.154
11/4/1976,348.665
11/5/1976,301.262
11/6/1976,47.657
11/7/1976,2.945
11/8/1976,743.373
11/9/1976,577.719
11/10/1976,170.156
11/11/1976,371.941
11/12/1976,758.89
11/13/1976,343.37
11/14/1976,26.476
11/15/1976,593.209
11/16/1976,275.494
11/17/1976,279.997
11/18/1976,271.558
11/19/1976,66.006
11/20/1976,3.936
11/21/1976,4.248
11/22/1976,440.411
11/23/1976,388.733
11/24/1976,202.012
11/25/1976,4.587
11/26/1976,4.389
11/27/1976,4.163
11/28/1976,4.021
11/29/1976,287.557
11/30/1976,238.937
12/1/1976,306.756
12/2/1976,185.107
12/3/1976,377.576
12/4/1976,132.891
12/5/1976,109.105
12/6/1976,137.676
12/7/1976,67.564
12/8/1976,188.193
12/9/1976,281.412
12/10/1976,311.173
12/11/1976,233.557
12/12/1976,39.955
12/13/1976,324.029
12/14/1976,109.161
12/15/1976,211.413
12/16/1976,221.437
12/17/1976,366.278
12/18/1976,435.484
12/19/1976,92.171
12/20/1976,133.485
12/21/1976,599.099
12/22/1976,300.328
12/23/1976,282.545
12/24/1976,179.245
12/25/1976,94.295
12/26/1976,4.616
12/27/1976,288.605
12/28/1976,176.329
12/29/1976,310.38
12/30/1976,332.921
12/31/1976,216.51
1/1/1977,228.29
1/2/1977,68.272
1/3/1977,263.573
1/4/1977,17.755
1/5/1977,111.228
1/6/1977,252.926
1/7/1977,22.427
1/8/1977,333.544
1/9/1977,181.369
1/10/1977,283.451
1/11/1977,346.852
1/12/1977,298.006
1/13/1977,257.711
1/14/1977,86.593
1/15/1977,147.615
1/16/1977,359.51
1/17/1977,264.252
1/18/1977,133.089
1/19/1977,216.369
1/20/1977,146.256
1/21/1977,159.537
1/22/1977,173.497
1/23/1977,40.974
1/24/1977,100.157
1/25/1977,38.398
1/26/1977,35.254
1/27/1977,18.236
1/28/1977,23.503
1/29/1977,31.715
1/30/1977,207.392
1/31/1977,245.28
2/1/1977,214.726
2/2/1977,113.012
2/3/1977,135.779
2/4/1977,76.427
2/5/1977,208.836
2/6/1977,46.27
2/7/1977,267.707
2/8/1977,281.327
2/9/1977,155.969
2/10/1977,98.033
2/11/1977,86.706
2/12/1977,56.237
2/13/1977,4.786
2/14/1977,308.398
2/15/1977,241.995
2/16/1977,403.883
2/17/1977,206.514
2/18/1977,186.438
2/19/1977,59.947
2/20/1977,5.267
2/21/1977,308.625
2/22/1977,30.242
2/23/1977,4.729
2/24/1977,4.644
2/25/1977,4.531
2/26/1977,4.332
2/27/1977,4.191
2/28/1977,35.056
3/1/1977,122.782
3/2/1977,12.233
3/3/1977,35.056
3/4/1977,71.387
3/5/1977,28.345
3/6/1977,22.597
3/7/1977,228.658
3/8/1977,104.772
3/9/1977,80.929
3/10/1977,91.973
3/11/1977,120.771
3/12/1977,71.585
3/13/1977,76.427
3/14/1977,64.817
3/15/1977,72.264
3/16/1977,55.02
3/17/1977,65.695
3/18/1977,158.659
3/19/1977,57.795
3/20/1977,10.59
3/21/1977,98.656
3/22/1977,173.554
3/23/1977,203.654
3/24/1977,243.836
3/25/1977,237.068
3/26/1977,3.228
3/27/1977,3.143
3/28/1977,161.236
3/29/1977,73.199
3/30/1977,296.307
3/31/1977,307.464
4/1/1977,108.198
4/2/1977,152.005
4/3/1977,15.801
4/4/1977,117.401
4/5/1977,168.004
4/6/1977,339.943
4/7/1977,361.492
4/8/1977,473.089
4/9/1977,459.808
4/10/1977,29.449
4/11/1977,352.063
4/12/1977,347.674
4/13/1977,471.05
4/14/1977,220.078
4/15/1977,478.979
4/16/1977,337.027
4/17/1977,136.402
4/18/1977,122.782
4/19/1977,208.497
4/20/1977,216.793
4/21/1977,242.024
4/22/1977,166.701
4/23/1977,96.504
4/24/1977,30.95
4/25/1977,76.993
4/26/1977,83.336
4/27/1977,134.052
4/28/1977,223.391
4/29/1977,31.092
4/30/1977,186.07
5/1/1977,110.832
5/2/1977,501.604
5/3/1977,519.613
5/4/1977,559.908
5/5/1977,289.624
5/6/1977,105.933
5/7/1977,24.919
5/8/1977,2.209
5/9/1977,118.166
5/10/1977,160.103
5/11/1977,364.862
5/12/1977,92.426
5/13/1977,288.973
5/14/1977,102.365
5/15/1977,77.588
5/16/1977,225.798
5/17/1977,356.848
5/18/1977,420.108
5/19/1977,258.957
5/20/1977,2.379
5/21/1977,69.093
5/22/1977,90.416
5/23/1977,217.586
5/24/1977,105.65
5/25/1977,143.651
5/26/1977,149.626
5/27/1977,210.139
5/28/1977,2.435
5/29/1977,2.35
5/30/1977,61.646
5/31/1977,233.642
6/1/1977,239.985
6/2/1977,177.291
6/3/1977,61.674
6/4/1977,2.492
6/5/1977,2.435
6/6/1977,33.357
6/7/1977,2.549
6/8/1977,2.633
6/9/1977,51.338
6/10/1977,4.474
6/11/1977,2.492
6/12/1977,2.464
6/13/1977,48.11
6/14/1977,50.63
6/15/1977,35.991
6/16/1977,86.14
6/17/1977,195.584
6/18/1977,2.435
6/19/1977,2.379
6/20/1977,18.972
6/21/1977,40.578
6/22/1977,52.584
6/23/1977,66.148
6/24/1977,79.938
6/25/1977,271.19
6/26/1977,150.447
6/27/1977,4.049
6/28/1977,44.174
6/29/1977,11.497
6/30/1977,131.758
7/1/1977,17.33
7/2/1977,2.379
7/3/1977,2.35
7/4/1977,2.35
7/5/1977,217.36
7/6/1977,368.571
7/7/1977,112.757
7/8/1977,244.601
7/9/1977,339.009
7/10/1977,2.407
7/11/1977,13.224
7/12/1977,236.927
7/13/1977,141.867
7/14/1977,51.338
7/15/1977,158.517
7/16/1977,2.407
7/17/1977,2.407
7/18/1977,86.281
7/19/1977,104.489
7/20/1977,77.956
7/21/1977,74.303
7/22/1977,34.773
7/23/1977,85.998
7/24/1977,94.352
7/25/1977,2.322
7/26/1977,110.464
7/27/1977,42.673
7/28/1977,100.1
7/29/1977,251
7/30/1977,69.461
7/31/1977,2.379
8/1/1977,113.55
8/2/1977,2.407
8/3/1977,2.464
8/4/1977,102.563
8/5/1977,233.529
8/6/1977,95.088
8/7/1977,2.435
8/8/1977,66.035
8/9/1977,70.934
8/10/1977,112.588
8/11/1977,65.723
8/12/1977,63.316
8/13/1977,61.929
8/14/1977,2.435
8/15/1977,127.794
8/16/1977,76.399
8/17/1977,159.82
8/18/1977,2.917
8/19/1977,3.03
8/20/1977,2.407
8/21/1977,2.379
8/22/1977,68.612
8/23/1977,92.284
8/24/1977,82.402
8/25/1977,2.18
8/26/1977,2.152
8/27/1977,2.152
8/28/1977,178.084
8/29/1977,115.476
8/30/1977,209.318
8/31/1977,216.057
9/1/1977,88.49
9/2/1977,20.586
9/3/1977,103.47
9/4/1977,2.35
9/5/1977,2.322
9/6/1977,117.883
9/7/1977,2.379
9/8/1977,14.017
9/9/1977,2.379
9/10/1977,20.728
9/11/1977,2.294
9/12/1977,41.682
9/13/1977,38.114
9/14/1977,212.149
9/15/1977,4.332
9/16/1977,228.828
9/17/1977,86.536
9/18/1977,2.379
9/19/1977,273.569
9/20/1977,16.82
9/21/1977,77.135
9/22/1977,32.253
9/23/1977,34.886
9/24/1977,100.553
9/25/1977,2.407
9/26/1977,440.128
9/27/1977,98.939
9/28/1977,2.407
9/29/1977,25.372
9/30/1977,2.435
10/1/1977,2.265
10/2/1977,11.497
10/3/1977,43.268
10/4/1977,12.374
10/5/1977,42.192
10/6/1977,141.471
10/7/1977,17.018
10/8/1977,2.379
10/9/1977,2.35
10/10/1977,40.465
10/11/1977,27.977
10/12/1977,181.907
10/13/1977,311.145
10/14/1977,177.688
10/15/1977,34.716
10/16/1977,17.018
10/17/1977,79.457
10/18/1977,25.627
10/19/1977,23.503
10/20/1977,68.583
10/21/1977,49.781
10/22/1977,72.718
10/23/1977,13.082
10/24/1977,376.132
10/25/1977,137.875
10/26/1977,86.734
10/27/1977,172.308
10/28/1977,42.192
10/29/1977,180.01
10/30/1977,2.832
10/31/1977,158.121
11/1/1977,29.987
11/2/1977,51.876
11/3/1977,137.591
11/4/1977,156.28
11/5/1977,117.118
11/6/1977,14.385
11/7/1977,134.958
11/8/1977,277.108
11/9/1977,262.921
11/10/1977,176.442
11/11/1977,351.978
11/12/1977,491.353
11/13/1977,415.238
11/14/1977,276.853
11/15/1977,127.737
11/16/1977,76.455
11/17/1977,110.605
11/18/1977,172.789
11/19/1977,126.774
11/20/1977,75.719
11/21/1977,444.574
11/22/1977,549.941
11/23/1977,241.712
11/24/1977,13.054
11/25/1977,419.74
11/26/1977,203.428
11/27/1977,7.108
11/28/1977,254.681
11/29/1977,188.307
11/30/1977,309.248
12/1/1977,63.996
12/2/1977,103.017
12/3/1977,169.646
12/4/1977,2.945
12/5/1977,346.541
12/6/1977,373.13
12/7/1977,453.069
12/8/1977,278.751
12/9/1977,251.453
12/10/1977,270.624
12/11/1977,208.298
12/12/1977,308.512
12/13/1977,83.393
12/14/1977,32.451
12/15/1977,251.425
12/16/1977,363.531
12/17/1977,3.398
12/18/1977,3.398
12/19/1977,284.301
12/20/1977,299.648
12/21/1977,241.202
12/22/1977,285.348
12/23/1977,175.026
12/24/1977,3.398
12/25/1977,3.341
12/26/1977,352.261
12/27/1977,264.026
12/28/1977,297.921
12/29/1977,162.227
12/30/1977,145.18
12/31/1977,116.637
1/1/1978,19.227
1/2/1978,237.351
1/3/1978,277.618
1/4/1978,187.825
1/5/1978,162
1/6/1978,222.287
1/7/1978,76.116
1/8/1978,3.341
1/9/1978,451.936
1/10/1978,499.338
1/11/1978,443.356
1/12/1978,506.588
1/13/1978,509.901
1/14/1978,414.7
1/15/1978,165.398
1/16/1978,446.584
1/17/1978,531.167
1/18/1978,282.573
1/19/1978,613.993
1/20/1978,570.074
1/21/1978,536.547
1/22/1978,146.143
1/23/1978,379.927
1/24/1978,351.128
1/25/1978,477.421
1/26/1978,579.475
1/27/1978,567.469
1/28/1978,486.115
1/29/1978,494.298
1/30/1978,579.956
1/31/1978,615.041
2/1/1978,628.152
2/2/1978,559.115
2/3/1978,549.176
2/4/1978,559.512
2/5/1978,567.922
2/6/1978,805.075
2/7/1978,812.919
2/8/1978,817.421
2/9/1978,715.82
2/10/1978,711.913
2/11/1978,667.144
2/12/1978,589.358
2/13/1978,658.819
2/14/1978,633.05
2/15/1978,562.173
2/16/1978,550.988
2/17/1978,549.799
2/18/1978,498.461
2/19/1978,446.556
2/20/1978,503.218
2/21/1978,401.674
2/22/1978,554.047
2/23/1978,477.591
2/24/1978,497.894
2/25/1978,295.599
2/26/1978,68.951
2/27/1978,389.922
2/28/1978,549.997
3/1/1978,294.013
3/2/1978,578.314
3/3/1978,596.04
3/4/1978,518.651
3/5/1978,239.135
3/6/1978,307.209
3/7/1978,46.525
3/8/1978,444.036
3/9/1978,221.013
3/10/1978,365.881
3/11/1978,102.082
3/12/1978,27.666
3/13/1978,563.533
3/14/1978,531.591
3/15/1978,518.622
3/16/1978,504.322
3/17/1978,513.865
3/18/1978,459.921
3/19/1978,446.103
3/20/1978,472.098
3/21/1978,532.894
3/22/1978,516.272
3/23/1978,552.178
3/24/1978,557.728
3/25/1978,533.007
3/26/1978,511.09
3/27/1978,531.591
3/28/1978,453.579
3/29/1978,473.23
3/30/1978,429.792
3/31/1978,519.642
4/1/1978,495.176
4/2/1978,504.549
4/3/1978,543.739
4/4/1978,460.969
4/5/1978,544.306
4/6/1978,544.475
4/7/1978,626.141
4/8/1978,489.201
4/9/1978,61.617
4/10/1978,272.917
4/11/1978,203.739
4/12/1978,270.652
4/13/1978,225.288
4/14/1978,358.632
4/15/1978,170.835
4/16/1978,33.499
4/17/1978,243.808
4/18/1978,219.568
4/19/1978,412.746
4/20/1978,191.308
4/21/1978,125.5
4/22/1978,89.396
4/23/1978,2.633
4/24/1978,113.664
4/25/1978,247.347
4/26/1978,459.667
4/27/1978,354.328
4/28/1978,226.251
4/29/1978,516.102
4/30/1978,634.551
5/1/1978,927.064
5/2/1978,927.319
5/3/1978,917.917
5/4/1978,919.503
5/5/1978,925.676
5/6/1978,917.804
5/7/1978,923.581
5/8/1978,927.092
5/9/1978,925.308
5/10/1978,926.894
5/11/1978,922.986
5/12/1978,857.857
5/13/1978,854.091
5/14/1978,822.688
5/15/1978,835.884
5/16/1978,843.671
5/17/1978,847.522
5/18/1978,859.415
5/19/1978,844.945
5/20/1978,850.807
5/21/1978,857.829
5/22/1978,815.58
5/23/1978,619.855
5/24/1978,660.093
5/25/1978,658.762
5/26/1978,658.79
5/27/1978,623.026
5/28/1978,703.05
5/29/1978,695.857
5/30/1978,566.449
5/31/1978,645.651
6/1/1978,644.009
6/2/1978,535.782
6/3/1978,390.715
6/4/1978,334.053
6/5/1978,536.065
6/6/1978,548.893
6/7/1978,560.22
6/8/1978,495.006
6/9/1978,519.868
6/10/1978,553.82
6/11/1978,617.504
6/12/1978,514.573
6/13/1978,280.478
6/14/1978,430.245
6/15/1978,583.694
6/16/1978,590.292
6/17/1978,602.468
6/18/1978,16.509
6/19/1978,569.904
6/20/1978,541.7
6/21/1978,547.534
6/22/1978,266.32
6/23/1978,207.619
6/24/1978,138.526
6/25/1978,2.237
6/26/1978,101.034
6/27/1978,382.418
6/28/1978,274.503
6/29/1978,265.555
6/30/1978,13.62
7/1/1978,2.18
7/2/1978,2.152
7/3/1978,235.681
7/4/1978,229.281
7/5/1978,175.536
7/6/1978,243.609
7/7/1978,176.187
7/8/1978,229.14
7/9/1978,199.237
7/10/1978,403.939
7/11/1978,2.18
7/12/1978,102.988
7/13/1978,121.507
7/14/1978,298.912
7/15/1978,412.972
7/16/1978,18.802
7/17/1978,179.33
7/18/1978,399.805
7/19/1978,386.411
7/20/1978,311.485
7/21/1978,321.99
7/22/1978,427.414
7/23/1978,401.645
7/24/1978,274.39
7/25/1978,241.627
7/26/1978,327.937
7/27/1978,156.195
7/28/1978,2.18
7/29/1978,22.54
7/30/1978,2.294
7/31/1978,116.156
8/1/1978,63.628
8/2/1978,2.294
8/3/1978,2.294
8/4/1978,66.743
8/5/1978,2.152
8/6/1978,2.152
8/7/1978,273.569
8/8/1978,183.011
8/9/1978,319.782
8/10/1978,94.521
8/11/1978,146.426
8/12/1978,37.123
8/13/1978,89.311
8/14/1978,379.927
8/15/1978,208.468
8/16/1978,361.719
8/17/1978,280.336
8/18/1978,185.787
8/19/1978,108.595
8/20/1978,2.265
8/21/1978,244.912
8/22/1978,283.026
8/23/1978,270.34
8/24/1978,281.214
8/25/1978,233.868
8/26/1978,2.294
8/27/1978,6.796
8/28/1978,221.154
8/29/1978,333.289
8/30/1978,115.702
8/31/1978,197.396
9/1/1978,2.294
9/2/1978,2.237
9/3/1978,163.445
9/4/1978,104.659
9/5/1978,133.4
9/6/1978,245.054
9/7/1978,104.942
9/8/1978,352.204
9/9/1978,163.898
9/10/1978,2.209
9/11/1978,2.237
9/12/1978,274.645
9/13/1978,75.719
9/14/1978,138.129
9/15/1978,146.171
9/16/1978,63.741
9/17/1978,153.222
9/18/1978,498.659
9/19/1978,225.855
9/20/1978,2.294
9/21/1978,33.386
9/22/1978,58.927
9/23/1978,2.237
9/24/1978,2.237
9/25/1978,2.265
9/26/1978,11.015
9/27/1978,37.52
9/28/1978,136.345
9/29/1978,5.578
9/30/1978,2.152
10/1/1978,40.946
10/2/1978,16.764
10/3/1978,434.889
10/4/1978,42.645
10/5/1978,32.423
10/6/1978,16.622
10/7/1978,2.18
10/8/1978,2.209
10/9/1978,66.856
10/10/1978,59.069
10/11/1978,85.149
10/12/1978,106.471
10/13/1978,59.833
10/14/1978,39.021
10/15/1978,9.458
10/16/1978,216.907
10/17/1978,132.862
10/18/1978,100.326
10/19/1978,87.046
10/20/1978,109.218
10/21/1978,47.034
10/22/1978,2.294
10/23/1978,132.155
10/24/1978,201.191
10/25/1978,147.247
10/26/1978,96.362
10/27/1978,201.134
10/28/1978,42.872
10/29/1978,26.051
10/30/1978,171.685
10/31/1978,101.091
11/1/1978,254.596
11/2/1978,200.058
11/3/1978,122.13
11/4/1978,2.52
11/5/1978,9.118
11/6/1978,156.705
11/7/1978,91.237
11/8/1978,100.61
11/9/1978,109.501
11/10/1978,153.704
11/11/1978,19.482
11/12/1978,2.549
11/13/1978,132.721
11/14/1978,168.711
11/15/1978,139.942
11/16/1978,112.163
11/17/1978,107.122
11/18/1978,30.271
11/19/1978,2.718
11/20/1978,230.81
11/21/1978,216.029
11/22/1978,212.461
11/23/1978,78.551
11/24/1978,231.15
11/25/1978,140.027
11/26/1978,23.135
11/27/1978,325.7
11/28/1978,235.313
11/29/1978,255.049
11/30/1978,184.739
12/1/1978,243.893
12/2/1978,96.079
12/3/1978,19.227
12/4/1978,171.855
12/5/1978,189.751
12/6/1978,175.649
12/7/1978,255.248
12/8/1978,172.563
12/9/1978,147.021
12/10/1978,3.285
12/11/1978,314.939
12/12/1978,314.515
12/13/1978,343.228
12/14/1978,329.551
12/15/1978,147.332
12/16/1978,185.787
12/17/1978,3.511
12/18/1978,182.502
12/19/1978,250.434
12/20/1978,236.304
12/21/1978,209.403
12/22/1978,253.69
12/23/1978,234.038
12/24/1978,48.507
12/25/1978,41.994
12/26/1978,229.111
12/27/1978,316.893
12/28/1978,337.168
12/29/1978,372.734
12/30/1978,261.676
12/31/1978,79.882
1/1/1979,4.276
1/2/1979,52.754
1/3/1979,352.884
1/4/1979,318.309
1/5/1979,275.211
1/6/1979,317.998
1/7/1979,4.644
1/8/1979,527.655
1/9/1979,496.224
1/10/1979,486.624
1/11/1979,516.017
1/12/1979,540.058
1/13/1979,467.822
1/14/1979,39.53
1/15/1979,458.138
1/16/1979,520.095
1/17/1979,536.632
1/18/1979,512.166
1/19/1979,512.364
1/20/1979,537.538
1/21/1979,4.757
1/22/1979,362.767
1/23/1979,492.514
1/24/1979,541.644
1/25/1979,589.896
1/26/1979,486.879
1/27/1979,455.957
1/28/1979,349.344
1/29/1979,518.905
1/30/1979,477.308
1/31/1979,565.968
2/1/1979,492.995
2/2/1979,479.12
2/3/1979,461.196
2/4/1979,58.814
2/5/1979,515.366
2/6/1979,504.096
2/7/1979,615.381
2/8/1979,452.163
2/9/1979,597.173
2/10/1979,545.41
2/11/1979,412.576
2/12/1979,440.241
2/13/1979,529.099
2/14/1979,537.396
2/15/1979,412.264
2/16/1979,418.239
2/17/1979,477.11
2/18/1979,544.872
2/19/1979,482.49
2/20/1979,411.302
2/21/1979,430.302
2/22/1979,495.233
2/23/1979,441.544
2/24/1979,301.262
2/25/1979,13.62
2/26/1979,475.496
2/27/1979,401.617
2/28/1979,548.78
3/1/1979,596.578
3/2/1979,592.671
3/3/1979,619.43
3/4/1979,599.014
3/5/1979,647.86
3/6/1979,720.464
3/7/1979,823.707
3/8/1979,755.011
3/9/1979,749.886
3/10/1979,724.825
3/11/1979,742.297
3/12/1979,746.318
3/13/1979,715.594
3/14/1979,715.481
3/15/1979,729.639
3/16/1979,746.289
3/17/1979,729.582
3/18/1979,663.576
3/19/1979,741.759
3/20/1979,756.398
3/21/1979,753.17
3/22/1979,686.711
3/23/1979,733.065
3/24/1979,737.709
3/25/1979,462.951
3/26/1979,305.029
3/27/1979,359.227
3/28/1979,509.674
3/29/1979,581.401
3/30/1979,666.804
3/31/1979,494.326
4/1/1979,490.589
4/2/1979,486.284
4/3/1979,545.806
4/4/1979,548.638
4/5/1979,403.911
4/6/1979,404.251
4/7/1979,489.852
4/8/1979,508.598
4/9/1979,591.849
4/10/1979,561.126
4/11/1979,575.596
4/12/1979,501.321
4/13/1979,564.495
4/14/1979,451.058
4/15/1979,496.818
4/16/1979,501.717
4/17/1979,507.012
4/18/1979,551.3
4/19/1979,525.871
4/20/1979,519.557
4/21/1979,503.926
4/22/1979,548.185
4/23/1979,537.368
4/24/1979,498.602
4/25/1979,537.991
4/26/1979,479.149
4/27/1979,506.503
4/28/1979,571.886
4/29/1979,79.797
4/30/1979,437.778
5/1/1979,499.622
5/2/1979,464.509
5/3/1979,489.824
5/4/1979,554.953
5/5/1979,78.041
5/6/1979,2.265
5/7/1979,410.65
5/8/1979,493.93
5/9/1979,437.353
5/10/1979,317.205
5/11/1979,329.749
5/12/1979,2.067
5/13/1979,55.558
5/14/1979,150.022
5/15/1979,217.643
5/16/1979,88.518
5/17/1979,238.484
5/18/1979,304.547
5/19/1979,284.216
5/20/1979,17.273
5/21/1979,346.116
5/22/1979,340.963
5/23/1979,373.414
5/24/1979,199.577
5/25/1979,335.356
5/26/1979,348.41
5/27/1979,2.18
5/28/1979,111.851
5/29/1979,430.047
5/30/1979,341.614
5/31/1979,342.407
6/1/1979,494.525
6/2/1979,155.516
6/3/1979,2.18
6/4/1979,300.498
6/5/1979,437.353
6/6/1979,398.701
6/7/1979,284.924
6/8/1979,332.468
6/9/1979,294.495
6/10/1979,353.309
6/11/1979,205.353
6/12/1979,189.779
6/13/1979,147.502
6/14/1979,141.159
6/15/1979,131.078
6/16/1979,2.18
6/17/1979,2.152
6/18/1979,232.424
6/19/1979,225.373
6/20/1979,210.904
6/21/1979,246.809
6/22/1979,233.019
6/23/1979,214.302
6/24/1979,2.124
6/25/1979,193.857
6/26/1979,234.831
6/27/1979,249.613
6/28/1979,316.412
6/29/1979,434.238
6/30/1979,261.676
7/1/1979,2.209
7/2/1979,154.525
7/3/1979,302.055
7/4/1979,158.546
7/5/1979,195.867
7/6/1979,148.663
7/7/1979,2.209
7/8/1979,2.237
7/9/1979,80.958
7/10/1979,84.356
7/11/1979,299.79
7/12/1979,509.363
7/13/1979,157.272
7/14/1979,77.786
7/15/1979,2.265
7/16/1979,2.35
7/17/1979,81.043
7/18/1979,2.379
7/19/1979,110.69
7/20/1979,43.636
7/21/1979,54.736
7/22/1979,44.542
7/23/1979,278.581
7/24/1979,190.742
7/25/1979,222.457
7/26/1979,2.265
7/27/1979,234.435
7/28/1979,423.874
7/29/1979,56.775
7/30/1979,10.449
7/31/1979,392.782
8/1/1979,377.718
8/2/1979,267.141
8/3/1979,66.346
8/4/1979,2.265
8/5/1979,218.861
8/6/1979,286.481
8/7/1979,93.644
8/8/1979,273.767
8/9/1979,155.488
8/10/1979,285.547
8/11/1979,50.687
8/12/1979,2.294
8/13/1979,2.322
8/14/1979,2.35
8/15/1979,111.908
8/16/1979,118.732
8/17/1979,38.766
8/18/1979,27.524
8/19/1979,85.488
8/20/1979,127.68
8/21/1979,33.725
8/22/1979,44.146
8/23/1979,163.388
8/24/1979,85.12
8/25/1979,27.609
8/26/1979,2.322
8/27/1979,253.039
8/28/1979,179.302
8/29/1979,215.746
8/30/1979,275.013
8/31/1979,133.655
9/1/1979,2.35
9/2/1979,2.407
9/3/1979,44.825
9/4/1979,149.853
9/5/1979,322.812
9/6/1979,419.655
9/7/1979,255.219
9/8/1979,290.332
9/9/1979,244.516
9/10/1979,400.598
9/11/1979,369.704
9/12/1979,428.971
9/13/1979,446.584
9/14/1979,499.735
9/15/1979,2.322
9/16/1979,2.265
9/17/1979,212.461
9/18/1979,187.995
9/19/1979,109.161
9/20/1979,94.295
9/21/1979,148.465
9/22/1979,153.534
9/23/1979,265.98
9/24/1979,480.395
9/25/1979,439.873
9/26/1979,607.877
9/27/1979,603.827
9/28/1979,599.75
9/29/1979,454.003
9/30/1979,530.232
10/1/1979,439.363
10/2/1979,535.556
10/3/1979,505.058
10/4/1979,519.613
10/5/1979,530.742
10/6/1979,633.645
10/7/1979,638.289
10/8/1979,710.752
10/9/1979,728.591
10/10/1979,744.279
10/11/1979,695.262
10/12/1979,675.157
10/13/1979,648.71
10/14/1979,672.722
10/15/1979,700.841
10/16/1979,663.972
10/17/1979,564.184
10/18/1979,540.794
10/19/1979,516.47
10/20/1979,353.875
10/21/1979,175.281
10/22/1979,449.388
10/23/1979,634.891
10/24/1979,632.654
10/25/1979,475.269
10/26/1979,640.073
10/27/1979,565.656
10/28/1979,523.21
10/29/1979,662.585
10/30/1979,473.683
10/31/1979,590.519
11/1/1979,601.222
11/2/1979,564.41
11/3/1979,484.925
11/4/1979,419.259
11/5/1979,550.309
11/6/1979,600.684
11/7/1979,542.89
11/8/1979,674.931
11/9/1979,557.105
11/10/1979,383.353
11/11/1979,87.895
11/12/1979,411.103
11/13/1979,295.939
11/14/1979,452.956
11/15/1979,440.128
11/16/1979,331.25
11/17/1979,247.262
11/18/1979,396.152
11/19/1979,555.038
11/20/1979,484.585
11/21/1979,522.19
11/22/1979,382.673
11/23/1979,454.824
11/24/1979,413.765
11/25/1979,436.928
11/26/1979,290.785
11/27/1979,269.774
11/28/1979,515.536
11/29/1979,504.294
11/30/1979,368.062
12/1/1979,41.088
12/2/1979,129.889
12/3/1979,396.605
12/4/1979,434.748
12/5/1979,316.752
12/6/1979,483.311
12/7/1979,347.475
12/8/1979,39.445
12/9/1979,3.2
12/10/1979,108.142
12/11/1979,96.419
12/12/1979,416.427
12/13/1979,207.59
12/14/1979,324.595
12/15/1979,267.282
12/16/1979,108.878
12/17/1979,526.098
12/18/1979,269.916
12/19/1979,399.465
12/20/1979,494.355
12/21/1979,189.949
12/22/1979,4.786
12/23/1979,4.474
12/24/1979,4.219
12/25/1979,4.474
12/26/1979,169.504
12/27/1979,418.947
12/28/1979,221.352
12/29/1979,218.662
12/30/1979,4.417
12/31/1979,145.86
1/1/1980,4.644
1/2/1980,416.427
1/3/1980,343.2
1/4/1980,430.84
1/5/1980,383.013
1/6/1980,21.691
1/7/1980,310.239
1/8/1980,118.704
1/9/1980,76.314
1/10/1980,125.387
1/11/1980,4.899
1/12/1980,12.601
1/13/1980,61.419
1/14/1980,227.78
1/15/1980,78.466
1/16/1980,235.964
1/17/1980,323.831
1/18/1980,272.209
1/19/1980,323.888
1/20/1980,145.152
1/21/1980,376.868
1/22/1980,507.522
1/23/1980,483.17
1/24/1980,384.287
1/25/1980,576.7
1/26/1980,546.882
1/27/1980,569.989
1/28/1980,649.049
1/29/1980,408.895
1/30/1980,657.431
1/31/1980,441.091
2/1/1980,446.075
2/2/1980,444.602
2/3/1980,679.405
2/4/1980,590.66
2/5/1980,460.714
2/6/1980,629.114
2/7/1980,563.646
2/8/1980,324.001
2/9/1980,359.652
2/10/1980,198.331
2/11/1980,234.123
2/12/1980,254.087
2/13/1980,234.661
2/14/1980,182.077
2/15/1980,200.568
2/16/1980,40.606
2/17/1980,93.927
2/18/1980,253.096
2/19/1980,254.738
2/20/1980,186.948
2/21/1980,131.673
2/22/1980,115.221
2/23/1980,20.105
2/24/1980,4.474
2/25/1980,85.828
2/26/1980,312.674
2/27/1980,195.301
2/28/1980,134.93
2/29/1980,292.059
3/1/1980,414.926
3/2/1980,389.016
3/3/1980,234.067
3/4/1980,279.034
3/5/1980,162
3/6/1980,226.081
3/7/1980,115.504
3/8/1980,4.786
3/9/1980,4.559
3/10/1980,265.64
3/11/1980,62.269
3/12/1980,278.043
3/13/1980,430.472
3/14/1980,188.335
3/15/1980,24.126
3/16/1980,4.531
3/17/1980,32.847
3/18/1980,235.936
3/19/1980,303.471
3/20/1980,230.697
3/21/1980,369.732
3/22/1980,369.421
3/23/1980,338.811
3/24/1980,364.296
3/25/1980,391.395
3/26/1980,416.2
3/27/1980,532.214
3/28/1980,542.918
3/29/1980,598.9
3/30/1980,481.187
3/31/1980,582.335
4/1/1980,401.589
4/2/1980,420.108
4/3/1980,529.807
4/4/1980,369.761
4/5/1980,299.224
4/6/1980,278.014
4/7/1980,359.822
4/8/1980,407.847
4/9/1980,399.578
4/10/1980,526.07
4/11/1980,563.221
4/12/1980,492.967
4/13/1980,505.455
4/14/1980,423.761
4/15/1980,523.464
4/16/1980,517.263
4/17/1980,456.92
4/18/1980,489.088
4/19/1980,536.603
4/20/1980,484.699
4/21/1980,501.774
4/22/1980,526.494
4/23/1980,468.303
4/24/1980,348.92
4/25/1980,684.87
4/26/1980,514.205
4/27/1980,554.443
4/28/1980,587.63
4/29/1980,477.28
4/30/1980,474.618
5/1/1980,456.977
5/2/1980,452.899
5/3/1980,427.499
5/4/1980,424.809
5/5/1980,483.679
5/6/1980,366.448
5/7/1980,415.492
5/8/1980,383.664
5/9/1980,370.044
5/10/1980,352.459
5/11/1980,2.152
5/12/1980,420.363
5/13/1980,262.893
5/14/1980,273.823
5/15/1980,112.304
5/16/1980,415.719
5/17/1980,40.04
5/18/1980,37.888
5/19/1980,422.657
5/20/1980,12.091
5/21/1980,248.423
5/22/1980,271.586
5/23/1980,254.936
5/24/1980,174.771
5/25/1980,166.871
5/26/1980,258.985
5/27/1980,408.243
5/28/1980,363.899
5/29/1980,389.441
5/30/1980,276.372
5/31/1980,306.359
6/1/1980,323.633
6/2/1980,454.853
6/3/1980,367.779
6/4/1980,195.839
6/5/1980,145.435
6/6/1980,170.665
6/7/1980,239.872
6/8/1980,72.689
6/9/1980,131.56
6/10/1980,269.066
6/11/1980,203.428
6/12/1980,146.001
6/13/1980,193.857
6/14/1980,63.968
6/15/1980,13.535
6/16/1980,313.665
6/17/1980,111.455
6/18/1980,286.679
6/19/1980,204.759
6/20/1980,159.707
6/21/1980,107.576
6/22/1980,79.74
6/23/1980,159.31
6/24/1980,46.496
6/25/1980,109.529
6/26/1980,162.765
6/27/1980,489.881
6/28/1980,257.711
6/29/1980,117.288
6/30/1980,42.504
7/1/1980,170.184
7/2/1980,336.573
7/3/1980,182.615
7/4/1980,99.93
7/5/1980,37.661
7/6/1980,2.294
7/7/1980,125.557
7/8/1980,61.985
7/9/1980,287.387
7/10/1980,273.569
7/11/1980,380.436
7/12/1980,69.773
7/13/1980,2.265
7/14/1980,102.903
7/15/1980,141.018
7/16/1980,389.328
7/17/1980,155.374
7/18/1980,164.945
7/19/1980,297.836
7/20/1980,292.937
7/21/1980,123.688
7/22/1980,56.917
7/23/1980,59.748
7/24/1980,27.524
7/25/1980,80.958
7/26/1980,24.89
7/27/1980,2.265
7/28/1980,134.76
7/29/1980,108.793
7/30/1980,115.929
7/31/1980,256.494
8/1/1980,172.902
8/2/1980,2.294
8/3/1980,2.294
8/4/1980,332.184
8/5/1980,279.487
8/6/1980,185.928
8/7/1980,150.589
8/8/1980,247.347
8/9/1980,60.456
8/10/1980,2.35
8/11/1980,364.805
8/12/1980,2.35
8/13/1980,2.379
8/14/1980,321.197
8/15/1980,2.322
8/16/1980,2.18
8/17/1980,2.18
8/18/1980,109.954
8/19/1980,90.812
8/20/1980,58.134
8/21/1980,80.59
8/22/1980,74.643
8/23/1980,77.192
8/24/1980,59.947
8/25/1980,88.292
8/26/1980,61.363
8/27/1980,184.767
8/28/1980,217.246
8/29/1980,50.602
8/30/1980,31.686
8/31/1980,46.864
9/1/1980,116.863
9/2/1980,44.967
9/3/1980,72.293
9/4/1980,110.52
9/5/1980,173.299
9/6/1980,34.886
9/7/1980,2.294
9/8/1980,119.497
9/9/1980,101.94
9/10/1980,2.35
9/11/1980,57.03
9/12/1980,98.486
9/13/1980,81.156
9/14/1980,101.856
9/15/1980,102.762
9/16/1980,33.924
9/17/1980,68.555
9/18/1980,83.506
9/19/1980,20.558
9/20/1980,44.882
9/21/1980,168.287
9/22/1980,292.003
9/23/1980,84.78
9/24/1980,2.435
9/25/1980,104.546
9/26/1980,17.585
9/27/1980,64.364
9/28/1980,34.971
9/29/1980,51.084
9/30/1980,63.911
10/1/1980,25.372
10/2/1980,52.924
10/3/1980,90.019
10/4/1980,38.228
10/5/1980,52.584
10/6/1980,95.881
10/7/1980,73.199
10/8/1980,87.018
10/9/1980,242.08
10/10/1980,48.308
10/11/1980,10.052
10/12/1980,2.294
10/13/1980,52.046
10/14/1980,305.51
10/15/1980,224.382
10/16/1980,19.822
10/17/1980,11.978
10/18/1980,2.237
10/19/1980,10.987
10/20/1980,64.619
10/21/1980,10.76
10/22/1980,52.811
10/23/1980,46.553
10/24/1980,80.193
10/25/1980,2.605
10/26/1980,30.299
10/27/1980,241.825
10/28/1980,51.338
10/29/1980,59.38
10/30/1980,22.399
10/31/1980,66.941
11/1/1980,27.496
11/2/1980,3.171
11/3/1980,133.825
11/4/1980,13.45
11/5/1980,129.691
11/6/1980,68.074
11/7/1980,67.649
11/8/1980,18.831
11/9/1980,27.892
11/10/1980,14.47
11/11/1980,115.674
11/12/1980,41.031
11/13/1980,16.792
11/14/1980,54.51
11/15/1980,56.379
11/16/1980,67.705
11/17/1980,109.105
11/18/1980,260.854
11/19/1980,230.357
11/20/1980,143.368
11/21/1980,57.653
11/22/1980,4.899
11/23/1980,20.558
11/24/1980,4.502
11/25/1980,74.615
11/26/1980,167.097
11/27/1980,91.577
11/28/1980,177.801
11/29/1980,34.547
11/30/1980,4.757
12/1/1980,95.682
12/2/1980,108.595
12/3/1980,329.862
12/4/1980,237.663
12/5/1980,67.932
12/6/1980,4.644
12/7/1980,4.276
12/8/1980,33.555
12/9/1980,33.527
12/10/1980,100.779
12/11/1980,153.93
12/12/1980,96.787
12/13/1980,4.446
12/14/1980,4.757
12/15/1980,136.997
12/16/1980,11.44
12/17/1980,243.326
12/18/1980,71.33
12/19/1980,17.075
12/20/1980,129.634
12/21/1980,48.648
12/22/1980,189.666
12/23/1980,53.122
12/24/1980,5.097
12/25/1980,180.746
12/26/1980,215.576
12/27/1980,50.319
12/28/1980,5.522
12/29/1980,73.765
12/30/1980,39.077
12/31/1980,251.085
1/1/1981,5.125
1/2/1981,5.125
1/3/1981,5.21
1/4/1981,297.411
1/5/1981,458.336
1/6/1981,247.942
1/7/1981,305.68
1/8/1981,409.687
1/9/1981,167.522
1/10/1981,29.704
1/11/1981,6.116
1/12/1981,305.793
1/13/1981,117.175
1/14/1981,24.692
1/15/1981,5.635
1/16/1981,10.93
1/17/1981,176.046
1/18/1981,32.536
1/19/1981,54.85
1/20/1981,73.086
1/21/1981,53.349
1/22/1981,52.867
1/23/1981,111.2
1/24/1981,5.493
1/25/1981,46.949
1/26/1981,16.056
1/27/1981,34.971
1/28/1981,97.042
1/29/1981,100.411
1/30/1981,306.671
1/31/1981,216.255
2/1/1981,5.578
2/2/1981,39.36
2/3/1981,249.726
2/4/1981,113.494
2/5/1981,92.2
2/6/1981,89.255
2/7/1981,5.607
2/8/1981,5.38
2/9/1981,30.299
2/10/1981,22.229
2/11/1981,4.786
2/12/1981,224.043
2/13/1981,77.871
2/14/1981,25.004
2/15/1981,5.465
2/16/1981,38.369
2/17/1981,18.802
2/18/1981,67.479
2/19/1981,4.049
2/20/1981,168.004
2/21/1981,51.112
2/22/1981,30.327
2/23/1981,64.449
2/24/1981,90.529
2/25/1981,85.234
2/26/1981,85.941
2/27/1981,62.354
2/28/1981,61.504
3/1/1981,33.81
3/2/1981,85.064
3/3/1981,46.666
3/4/1981,35.962
3/5/1981,96.107
3/6/1981,99.279
3/7/1981,50.121
3/8/1981,19.624
3/9/1981,74.615
3/10/1981,74.558
3/11/1981,80.137
3/12/1981,76.908
3/13/1981,3.143
3/14/1981,3.285
3/15/1981,44.627
3/16/1981,191.025
3/17/1981,92.256
3/18/1981,108.255
3/19/1981,101.233
3/20/1981,74.02
3/21/1981,124.056
3/22/1981,3.681
3/23/1981,107.519
3/24/1981,33.867
3/25/1981,21.719
3/26/1981,9.826
3/27/1981,3.058
3/28/1981,8.75
3/29/1981,2.917
3/30/1981,92.058
3/31/1981,74.275
4/1/1981,92.738
4/2/1981,49.016
4/3/1981,23.135
4/4/1981,34.263
4/5/1981,2.294
4/6/1981,30.582
4/7/1981,76.88
4/8/1981,73.142
4/9/1981,57.398
4/10/1981,66.856
4/11/1981,40.351
4/12/1981,19.51
4/13/1981,358.944
4/14/1981,130.739
4/15/1981,72.746
4/16/1981,52.273
4/17/1981,3.879
4/18/1981,84.724
4/19/1981,25.174
4/20/1981,135.722
4/21/1981,90.755
4/22/1981,37.406
4/23/1981,2.379
4/24/1981,32.508
4/25/1981,39.134
4/26/1981,78.777
4/27/1981,83.648
4/28/1981,173.554
4/29/1981,159.14
4/30/1981,122.045
5/1/1981,158.659
5/2/1981,166.135
5/3/1981,187.57
5/4/1981,175.564
5/5/1981,181.171
5/6/1981,109.246
5/7/1981,122.13
5/8/1981,139.63
5/9/1981,2.35
5/10/1981,24.636
5/11/1981,419.343
5/12/1981,13.564
5/13/1981,17.132
5/14/1981,111.342
5/15/1981,97.721
5/16/1981,2.18
5/17/1981,2.209
5/18/1981,242.109
5/19/1981,292.654
5/20/1981,125.104
5/21/1981,101.516
5/22/1981,10.619
5/23/1981,2.209
5/24/1981,2.209
5/25/1981,76.88
5/26/1981,219.37
5/27/1981,16.622
5/28/1981,139.035
5/29/1981,100.326
5/30/1981,130.201
5/31/1981,20.275
6/1/1981,47.799
6/2/1981,144.954
6/3/1981,62.297
6/4/1981,140.933
6/5/1981,81.156
6/6/1981,13.564
6/7/1981,2.237
6/8/1981,110.775
6/9/1981,269.859
6/10/1981,79.061
6/11/1981,15.348
6/12/1981,2.209
6/13/1981,356.593
6/14/1981,247.007
6/15/1981,201.332
6/16/1981,282.97
6/17/1981,12.176
6/18/1981,73.369
6/19/1981,85.007
6/20/1981,65.157
6/21/1981,57.88
6/22/1981,265.895
6/23/1981,33.527
6/24/1981,158.036
6/25/1981,237.748
6/26/1981,13.45
6/27/1981,2.265
6/28/1981,2.265
6/29/1981,37.576
6/30/1981,24.466
7/1/1981,151.636
7/2/1981,71.698
7/3/1981,88.717
7/4/1981,19.369
7/5/1981,2.265
7/6/1981,217.048
7/7/1981,112.474
7/8/1981,119.837
7/9/1981,264.875
7/10/1981,160.103
7/11/1981,39.813
7/12/1981,117.571
7/13/1981,228.148
7/14/1981,149.371
7/15/1981,13.96
7/16/1981,58.248
7/17/1981,85.573
7/18/1981,2.294
7/19/1981,2.294
7/20/1981,354.781
7/21/1981,102.563
7/22/1981,66.488
7/23/1981,2.322
7/24/1981,2.322
7/25/1981,2.265
7/26/1981,54.085
7/27/1981,279.005
7/28/1981,247.942
7/29/1981,10.845
7/30/1981,13.96
7/31/1981,11.1
8/1/1981,2.265
8/2/1981,40.889
8/3/1981,125.217
8/4/1981,111.851
8/5/1981,276.938
8/6/1981,10.789
8/7/1981,49.894
8/8/1981,2.322
8/9/1981,2.322
8/10/1981,28.147
8/11/1981,48.28
8/12/1981,56.407
8/13/1981,171.288
8/14/1981,78.664
8/15/1981,2.35
8/16/1981,51.027
8/17/1981,53.122
8/18/1981,151.325
8/19/1981,2.35
8/20/1981,15.942
8/21/1981,11.015
8/22/1981,59.352
8/23/1981,20.077
8/24/1981,44.429
8/25/1981,73.907
8/26/1981,128.898
8/27/1981,302.735
8/28/1981,62.92
8/29/1981,2.322
8/30/1981,2.35
8/31/1981,99.449
9/1/1981,219.908
9/2/1981,66.601
9/3/1981,39.728
9/4/1981,91.095
9/5/1981,2.322
9/6/1981,2.322
9/7/1981,84.299
9/8/1981,146.426
9/9/1981,46.808
9/10/1981,16.226
9/11/1981,251.425
9/12/1981,2.265
9/13/1981,2.265
9/14/1981,401.73
9/15/1981,79.032
9/16/1981,11.072
9/17/1981,73.425
9/18/1981,14.272
9/19/1981,21.946
9/20/1981,2.237
9/21/1981,238.484
9/22/1981,14.102
9/23/1981,38.681
9/24/1981,46.893
9/25/1981,65.468
9/26/1981,25.853
9/27/1981,62.382
9/28/1981,76.285
9/29/1981,86.961
9/30/1981,94.408
10/1/1981,199.407
10/2/1981,31.573
10/3/1981,98.373
10/4/1981,54.595
10/5/1981,30.214
10/6/1981,137.563
10/7/1981,116.863
10/8/1981,36.274
10/9/1981,134.675
10/10/1981,2.435
10/11/1981,2.379
10/12/1981,85.488
10/13/1981,127.369
10/14/1981,139.092
10/15/1981,48.45
10/16/1981,39.247
10/17/1981,2.662
10/18/1981,2.52
10/19/1981,16.509
10/20/1981,82.374
10/21/1981,36.727
10/22/1981,25.882
10/23/1981,105.027
10/24/1981,2.775
10/25/1981,2.86
10/26/1981,166.644
10/27/1981,60.655
10/28/1981,39.927
10/29/1981,125.613
10/30/1981,90.331
10/31/1981,2.662
11/1/1981,2.605
11/2/1981,56.549
11/3/1981,94.238
11/4/1981,111.313
11/5/1981,7.872
11/6/1981,50.602
11/7/1981,78.069
11/8/1981,29.478
11/9/1981,253.605
11/10/1981,173.186
11/11/1981,27.779
11/12/1981,64.676
11/13/1981,53.236
11/14/1981,24.437
11/15/1981,3.341
11/16/1981,113.522
11/17/1981,124.962
11/18/1981,176.442
11/19/1981,83.393
11/20/1981,82.374
11/21/1981,76.201
11/22/1981,3.087
11/23/1981,128.445
11/24/1981,43.24
11/25/1981,105.65
11/26/1981,24.862
11/27/1981,2.832
11/28/1981,2.803
11/29/1981,73.057
11/30/1981,110.974
12/1/1981,68.583
12/2/1981,178.452
12/3/1981,168.542
12/4/1981,153.902
12/5/1981,3.171
12/6/1981,10.364
12/7/1981,115.164
12/8/1981,103.47
12/9/1981,349.344
12/10/1981,190.714
12/11/1981,59.267
12/12/1981,3.568
12/13/1981,17.641
12/14/1981,28.685
12/15/1981,17.018
12/16/1981,78.438
12/17/1981,67.79
12/18/1981,48.45
12/19/1981,72.519
12/20/1981,28.062
12/21/1981,100.015
12/22/1981,15.319
12/23/1981,15.801
12/24/1981,25.287
12/25/1981,48.79
12/26/1981,3.228
12/27/1981,3.2
12/28/1981,60.768
12/29/1981,191.676
12/30/1981,268.387
12/31/1981,229.678
1/1/1982,95.966
1/2/1982,152.854
1/3/1982,45.08
1/4/1982,367.58
1/5/1982,413.992
1/6/1982,479.658
1/7/1982,467.624
1/8/1982,461.847
1/9/1982,421.241
1/10/1982,536.179
1/11/1982,583.468
1/12/1982,506.927
1/13/1982,615.466
1/14/1982,484.416
1/15/1982,530.657
1/16/1982,340.368
1/17/1982,78.607
1/18/1982,317.828
1/19/1982,283.593
1/20/1982,457.911
1/21/1982,451.766
1/22/1982,415.974
1/23/1982,114.457
1/24/1982,34.971
1/25/1982,280.025
1/26/1982,413.51
1/27/1982,357.5
1/28/1982,168.287
1/29/1982,95.286
1/30/1982,12.799
1/31/1982,2.747
2/1/1982,194.027
2/2/1982,210.281
2/3/1982,154.553
2/4/1982,150.56
2/5/1982,220.786
2/6/1982,336.602
2/7/1982,292.456
2/8/1982,512.166
2/9/1982,498.715
2/10/1982,466.095
2/11/1982,478.073
2/12/1982,484.217
2/13/1982,209.827
2/14/1982,86.253
2/15/1982,306.813
2/16/1982,398.729
2/17/1982,509.589
2/18/1982,399.38
2/19/1982,374.999
2/20/1982,348.438
2/21/1982,235.624
2/22/1982,464.707
2/23/1982,433.134
2/24/1982,446.839
2/25/1982,455.164
2/26/1982,329.353
2/27/1982,118.166
2/28/1982,178.481
3/1/1982,334.79
3/2/1982,351.355
3/3/1982,489.258
3/4/1982,379.842
3/5/1982,370.808
3/6/1982,262.638
3/7/1982,194.536
3/8/1982,403.911
3/9/1982,421.609
3/10/1982,493.987
3/11/1982,354.441
3/12/1982,431.237
3/13/1982,240.693
3/14/1982,321.764
3/15/1982,432.936
3/16/1982,337.225
3/17/1982,404.902
3/18/1982,422.43
3/19/1982,108.765
3/20/1982,83.818
3/21/1982,2.662
3/22/1982,92.058
3/23/1982,49.979
3/24/1982,171.402
3/25/1982,107.547
3/26/1982,114.485
3/27/1982,55.076
3/28/1982,50.744
3/29/1982,106.33
3/30/1982,28.402
3/31/1982,15.914
4/1/1982,75.917
4/2/1982,65.723
4/3/1982,63.373
4/4/1982,2.209
4/5/1982,246.554
4/6/1982,297.241
4/7/1982,297.128
4/8/1982,171.656
4/9/1982,42.843
4/10/1982,48.988
4/11/1982,36.415
4/12/1982,60.428
4/13/1982,198.444
4/14/1982,73.142
4/15/1982,38.539
4/16/1982,93.36
4/17/1982,2.209
4/18/1982,2.294
4/19/1982,130.767
4/20/1982,63.373
4/21/1982,40.55
4/22/1982,91.916
4/23/1982,22.568
4/24/1982,2.294
4/25/1982,65.157
4/26/1982,228.432
4/27/1982,142.547
4/28/1982,109.473
4/29/1982,205.467
4/30/1982,266.461
5/1/1982,174.403
5/2/1982,32.479
5/3/1982,336.46
5/4/1982,337.565
5/5/1982,376.84
5/6/1982,297.241
5/7/1982,215.802
5/8/1982,9.798
5/9/1982,75.889
5/10/1982,317.063
5/11/1982,174.262
5/12/1982,341.161
5/13/1982,286.453
5/14/1982,142.065
5/15/1982,65.922
5/16/1982,103.894
5/17/1982,349.712
5/18/1982,240.353
5/19/1982,97.665
5/20/1982,124.509
5/21/1982,61.901
5/22/1982,170.609
5/23/1982,170.326
5/24/1982,190.629
5/25/1982,126.718
5/26/1982,100.525
5/27/1982,237.691
5/28/1982,118.053
5/29/1982,124.622
5/30/1982,2.209
5/31/1982,98.911
6/1/1982,342.407
6/2/1982,270.454
6/3/1982,306.275
6/4/1982,215.179
6/5/1982,155.799
6/6/1982,128.275
6/7/1982,315.194
6/8/1982,496.167
6/9/1982,437.155
6/10/1982,310.834
6/11/1982,425.8
6/12/1982,514.969
6/13/1982,537.708
6/14/1982,462.47
6/15/1982,509.674
6/16/1982,482.745
6/17/1982,457.345
6/18/1982,560.135
6/19/1982,516.385
6/20/1982,564.156
6/21/1982,497.215
6/22/1982,454.626
6/23/1982,449.614
6/24/1982,423.704
6/25/1982,335.243
6/26/1982,468.615
6/27/1982,390.97
6/28/1982,463.574
6/29/1982,503.02
6/30/1982,277.986
7/1/1982,53.179
7/2/1982,20.077
7/3/1982,170.609
7/4/1982,2.209
7/5/1982,140.451
7/6/1982,232.538
7/7/1982,291.125
7/8/1982,300.555
7/9/1982,187.995
7/10/1982,147.162
7/11/1982,2.18
7/12/1982,221.154
7/13/1982,224.949
7/14/1982,235.652
7/15/1982,323.491
7/16/1982,413.708
7/17/1982,54.935
7/18/1982,21.662
7/19/1982,437.268
7/20/1982,238.229
7/21/1982,101.601
7/22/1982,337.678
7/23/1982,61.419
7/24/1982,2.265
7/25/1982,30.129
7/26/1982,321.537
7/27/1982,119.837
7/28/1982,43.523
7/29/1982,91.152
7/30/1982,43.24
7/31/1982,2.265
8/1/1982,2.265
8/2/1982,162.538
8/3/1982,105.792
8/4/1982,113.55
8/5/1982,198.982
8/6/1982,33.301
8/7/1982,2.265
8/8/1982,82.487
8/9/1982,63.146
8/10/1982,81.581
8/11/1982,63.401
8/12/1982,125.84
8/13/1982,72.887
8/14/1982,122.782
8/15/1982,2.209
8/16/1982,156.054
8/17/1982,265.895
8/18/1982,311.343
8/19/1982,313.694
8/20/1982,344.899
8/21/1982,2.237
8/22/1982,20.983
8/23/1982,232.736
8/24/1982,389.894
8/25/1982,252.586
8/26/1982,142.15
8/27/1982,114.258
8/28/1982,2.265
8/29/1982,2.237
8/30/1982,67.79
8/31/1982,202.663
9/1/1982,132.608
9/2/1982,222.712
9/3/1982,170.665
9/4/1982,2.294
9/5/1982,2.294
9/6/1982,94.606
9/7/1982,159.905
9/8/1982,62.014
9/9/1982,141.924
9/10/1982,52.16
9/11/1982,54.51
9/12/1982,57.087
9/13/1982,286.991
9/14/1982,78.919
9/15/1982,183.748
9/16/1982,59.437
9/17/1982,2.265
9/18/1982,2.209
9/19/1982,2.209
9/20/1982,134.108
9/21/1982,107.915
9/22/1982,85.913
9/23/1982,135.043
9/24/1982,28.487
9/25/1982,6.4
9/26/1982,21.606
9/27/1982,191.138
9/28/1982,64.421
9/29/1982,127.001
9/30/1982,75.238
10/1/1982,10.93
10/2/1982,31.233
10/3/1982,65.015
10/4/1982,116.24
10/5/1982,188.25
10/6/1982,159.055
10/7/1982,29.365
10/8/1982,202.493
10/9/1982,2.294
10/10/1982,22.71
10/11/1982,80.958
10/12/1982,98.401
10/13/1982,92.313
10/14/1982,100.638
10/15/1982,43.211
10/16/1982,2.265
10/17/1982,2.407
10/18/1982,133.967
10/19/1982,91.35
10/20/1982,90.557
10/21/1982,114.4
10/22/1982,99.788
10/23/1982,114.91
10/24/1982,75.917
10/25/1982,58.361
10/26/1982,94.975
10/27/1982,42.39
10/28/1982,33.584
10/29/1982,39.672
10/30/1982,139.375
10/31/1982,2.265
11/1/1982,13.224
11/2/1982,221.692
11/3/1982,82.742
11/4/1982,277.023
11/5/1982,224.524
11/6/1982,93.106
11/7/1982,41.484
11/8/1982,151.948
11/9/1982,124.792
11/10/1982,211.017
11/11/1982,259.099
11/12/1982,291.72
11/13/1982,61.504
11/14/1982,34.008
11/15/1982,243.921
11/16/1982,298.289
11/17/1982,236.474
11/18/1982,236.7
11/19/1982,292.852
11/20/1982,80.873
11/21/1982,44.486
11/22/1982,224.467
11/23/1982,155.403
11/24/1982,195.499
11/25/1982,91.152
11/26/1982,167.182
11/27/1982,237.125
11/28/1982,236.785
11/29/1982,232.679
11/30/1982,246.101
12/1/1982,175.536
12/2/1982,205.523
12/3/1982,58.191
12/4/1982,39.672
12/5/1982,56.464
12/6/1982,140.366
12/7/1982,128.02
12/8/1982,184.116
12/9/1982,241.967
12/10/1982,98.741
12/11/1982,3.002
12/12/1982,333.119
12/13/1982,251.085
12/14/1982,161.491
12/15/1982,131.22
12/16/1982,182.105
12/17/1982,288.746
12/18/1982,63.515
12/19/1982,76.201
12/20/1982,394.198
12/21/1982,349.854
12/22/1982,373.017
12/23/1982,201.729
12/24/1982,69.433
12/25/1982,18.179
12/26/1982,44.684
12/27/1982,209.318
12/28/1982,233.047
12/29/1982,497.13
12/30/1982,501.292
12/31/1982,443.866
1/1/1983,173.299
1/2/1983,178.849
1/3/1983,401.787
1/4/1983,357.698
1/5/1983,337.621
1/6/1983,391.876
1/7/1983,431.718
1/8/1983,93.87
1/9/1983,3.087
1/10/1983,153.675
1/11/1983,293.022
1/12/1983,336.092
1/13/1983,375.849
1/14/1983,170.637
1/15/1983,3.313
1/16/1983,41.314
1/17/1983,149.031
1/18/1983,226.761
1/19/1983,190.062
1/20/1983,325.02
1/21/1983,200.568
1/22/1983,100.666
1/23/1983,3.398
1/24/1983,97.948
1/25/1983,100.553
1/26/1983,168.825
1/27/1983,116.609
1/28/1983,155.403
1/29/1983,73.595
1/30/1983,3.143
1/31/1983,183.748
2/1/1983,152.911
2/2/1983,208.072
2/3/1983,253.464
2/4/1983,224.977
2/5/1983,134.788
2/6/1983,114.343
2/7/1983,158.121
2/8/1983,287.67
2/9/1983,204.476
2/10/1983,247.659
2/11/1983,353.195
2/12/1983,3.313
2/13/1983,75.323
2/14/1983,310.607
2/15/1983,160.131
2/16/1983,238.314
2/17/1983,353.28
2/18/1983,223.476
2/19/1983,290.587
2/20/1983,193.659
2/21/1983,343.426
2/22/1983,353.026
2/23/1983,414.36
2/24/1983,430.755
2/25/1983,445.763
2/26/1983,118.987
2/27/1983,296.024
2/28/1983,544.334
3/1/1983,633.277
3/2/1983,361.577
3/3/1983,547.194
3/4/1983,414.02
3/5/1983,251.51
3/6/1983,285.348
3/7/1983,412.774
3/8/1983,466.548
3/9/1983,512.081
3/10/1983,494.836
3/11/1983,501.349
3/12/1983,190.969
3/13/1983,251
3/14/1983,614.786
3/15/1983,582.731
3/16/1983,542.352
3/17/1983,619.94
3/18/1983,110.804
3/19/1983,102.563
3/20/1983,203.428
3/21/1983,509.334
3/22/1983,509.957
3/23/1983,373.3
3/24/1983,527.23
3/25/1983,424.129
3/26/1983,546.854
3/27/1983,562.004
3/28/1983,587.404
3/29/1983,444.744
3/30/1983,565.005
3/31/1983,682.718
4/1/1983,683.879
4/2/1983,362.313
4/3/1983,581.485
4/4/1983,498.659
4/5/1983,518.934
4/6/1983,650.89
4/7/1983,654.373
4/8/1983,628.746
4/9/1983,548.213
4/10/1983,495.94
4/11/1983,578.456
4/12/1983,645.368
4/13/1983,516.272
4/14/1983,583.1
4/15/1983,534.508
4/16/1983,568.63
4/17/1983,238.824
4/18/1983,471.276
4/19/1983,733.207
4/20/1983,723.777
4/21/1983,751.386
4/22/1983,856.668
4/23/1983,656.355
4/24/1983,711.884
4/25/1983,681.189
4/26/1983,570.329
4/27/1983,556.085
4/28/1983,746.601
4/29/1983,871.421
4/30/1983,757.843
5/1/1983,755.945
5/2/1983,726.326
5/3/1983,722.815
5/4/1983,614.843
5/5/1983,739.522
5/6/1983,601.449
5/7/1983,516.442
5/8/1983,593.237
5/9/1983,612.209
5/10/1983,625.801
5/11/1983,496.45
5/12/1983,518.566
5/13/1983,523.776
5/14/1983,498.744
5/15/1983,519.642
5/16/1983,483.538
5/17/1983,523.804
5/18/1983,559.37
5/19/1983,654.118
5/20/1983,514.516
5/21/1983,281.469
5/22/1983,339.207
5/23/1983,636.505
5/24/1983,455.844
5/25/1983,380.295
5/26/1983,501.547
5/27/1983,379.643
5/28/1983,260.628
5/29/1983,131.701
5/30/1983,289.341
5/31/1983,349.458
6/1/1983,384.231
6/2/1983,460.375
6/3/1983,186.919
6/4/1983,110.775
6/5/1983,73.341
6/6/1983,518.99
6/7/1983,350.789
6/8/1983,291.663
6/9/1983,281.611
6/10/1983,270.709
6/11/1983,2.18
6/12/1983,146.653
6/13/1983,379.502
6/14/1983,134.618
6/15/1983,160.67
6/16/1983,175.139
6/17/1983,153.052
6/18/1983,2.209
6/19/1983,2.237
6/20/1983,108.821
6/21/1983,92.511
6/22/1983,34.377
6/23/1983,51.537
6/24/1983,149.201
6/25/1983,137.535
6/26/1983,2.18
6/27/1983,399.607
6/28/1983,146.454
6/29/1983,13.96
6/30/1983,179.982
7/1/1983,184.456
7/2/1983,137.988
7/3/1983,2.18
7/4/1983,2.152
7/5/1983,63.656
7/6/1983,144.416
7/7/1983,163.671
7/8/1983,149.711
7/9/1983,132.494
7/10/1983,49.243
7/11/1983,275.098
7/12/1983,286.509
7/13/1983,294.523
7/14/1983,131.73
7/15/1983,357.273
7/16/1983,2.237
7/17/1983,25.882
7/18/1983,38.114
7/19/1983,165.285
7/20/1983,219.172
7/21/1983,260.883
7/22/1983,102.62
7/23/1983,24.381
7/24/1983,71.641
7/25/1983,64.789
7/26/1983,104.8
7/27/1983,82.402
7/28/1983,80.646
7/29/1983,121.394
7/30/1983,132.438
7/31/1983,57.058
8/1/1983,120.573
8/2/1983,59.465
8/3/1983,103.413
8/4/1983,163.19
8/5/1983,48.875
8/6/1983,57.766
8/7/1983,26.533
8/8/1983,347.164
8/9/1983,154.496
8/10/1983,105.31
8/11/1983,147.984
8/12/1983,10.76
8/13/1983,2.237
8/14/1983,27.382
8/15/1983,62.042
8/16/1983,86.196
8/17/1983,264.592
8/18/1983,62.58
8/19/1983,174.941
8/20/1983,178.537
8/21/1983,2.294
8/22/1983,291.408
8/23/1983,103.781
8/24/1983,20.388
8/25/1983,49.469
8/26/1983,26.221
8/27/1983,129.691
8/28/1983,2.294
8/29/1983,197.849
8/30/1983,10.76
8/31/1983,70.424
9/1/1983,89.708
9/2/1983,107.83
9/3/1983,95.598
9/4/1983,30.526
9/5/1983,166.531
9/6/1983,74.785
9/7/1983,24.352
9/8/1983,69.886
9/9/1983,81.439
9/10/1983,60.003
9/11/1983,44.797
9/12/1983,105.055
9/13/1983,30.865
9/14/1983,94.89
9/15/1983,28.204
9/16/1983,69.206
9/17/1983,98.797
9/18/1983,30.441
9/19/1983,74.275
9/20/1983,83.166
9/21/1983,100.751
9/22/1983,35.679
9/23/1983,68.243
9/24/1983,2.294
9/25/1983,36.84
9/26/1983,170.014
9/27/1983,67.111
9/28/1983,86.14
9/29/1983,84.95
9/30/1983,84.129
10/1/1983,27.411
10/2/1983,68.64
10/3/1983,78.976
10/4/1983,18.321
10/5/1983,253.435
10/6/1983,33.074
10/7/1983,48.79
10/8/1983,2.265
10/9/1983,2.265
10/10/1983,72.661
10/11/1983,114.541
10/12/1983,207.081
10/13/1983,43.523
10/14/1983,2.294
10/15/1983,2.294
10/16/1983,17.67
10/17/1983,92.001
10/18/1983,74.87
10/19/1983,130.087
10/20/1983,81.609
10/21/1983,20.19
10/22/1983,13.111
10/23/1983,37.52
10/24/1983,115.193
10/25/1983,46.015
10/26/1983,145.605
10/27/1983,122.272
10/28/1983,53.405
10/29/1983,23.871
10/30/1983,143.594
10/31/1983,55.643
11/1/1983,51.338
11/2/1983,79.485
11/3/1983,145.832
11/4/1983,209.827
11/5/1983,65.978
11/6/1983,8.495
11/7/1983,72.18
11/8/1983,56.86
11/9/1983,40.918
11/10/1983,29.987
11/11/1983,16.027
11/12/1983,36.897
11/13/1983,11.213
11/14/1983,164.86
11/15/1983,118.364
11/16/1983,119.865
11/17/1983,166.843
11/18/1983,256.041
11/19/1983,2.832
11/20/1983,2.633
11/21/1983,63.656
11/22/1983,108.057
11/23/1983,25.315
11/24/1983,32.932
11/25/1983,106.783
11/26/1983,31.771
11/27/1983,2.832
11/28/1983,243.524
11/29/1983,508.06
11/30/1983,340.255
12/1/1983,124.169
12/2/1983,168.202
12/3/1983,44.231
12/4/1983,3.058
12/5/1983,246.668
12/6/1983,298.827
12/7/1983,354.64
12/8/1983,351.015
12/9/1983,323.321
12/10/1983,93.134
12/11/1983,18.406
12/12/1983,284.98
12/13/1983,359.708
12/14/1983,483.877
12/15/1983,553.593
12/16/1983,438.033
12/17/1983,473.372
12/18/1983,465.67
12/19/1983,519.981
12/20/1983,496.507
12/21/1983,519.613
12/22/1983,444.262
12/23/1983,507.324
12/24/1983,578.031
12/25/1983,462.3
12/26/1983,389.866
12/27/1983,336.177
12/28/1983,321.566
12/29/1983,228.347
12/30/1983,557.784
12/31/1983,209.374
1/1/1984,116.297
1/2/1984,385.59
1/3/1984,400.598
1/4/1984,529.354
1/5/1984,493.42
1/6/1984,376.84
1/7/1984,118.619
1/8/1984,117.26
1/9/1984,174.092
1/10/1984,295.939
1/11/1984,324.029
1/12/1984,321.905
1/13/1984,440.893
1/14/1984,413.482
1/15/1984,139.205
1/16/1984,552.319
1/17/1984,439.279
1/18/1984,479.743
1/19/1984,467.142
1/20/1984,418.862
1/21/1984,390.092
1/22/1984,227.101
1/23/1984,552.857
1/24/1984,337.904
1/25/1984,327.455
1/26/1984,350.647
1/27/1984,313.127
1/28/1984,315.959
1/29/1984,148.154
1/30/1984,367.042
1/31/1984,494.808
2/1/1984,375.084
2/2/1984,416.115
2/3/1984,254.115
2/4/1984,131.078
2/5/1984,91.86
2/6/1984,309.616
2/7/1984,199.407
2/8/1984,165.88
2/9/1984,204.589
2/10/1984,127.567
2/11/1984,41.597
2/12/1984,33.499
2/13/1984,116.835
2/14/1984,154.751
2/15/1984,251.623
2/16/1984,320.093
2/17/1984,354.385
2/18/1984,264.252
2/19/1984,268.528
2/20/1984,504.124
2/21/1984,485.916
2/22/1984,469.521
2/23/1984,523.096
2/24/1984,466.774
2/25/1984,480.423
2/26/1984,508.57
2/27/1984,579.362
2/28/1984,519.585
2/29/1984,512.053
3/1/1984,486.086
3/2/1984,551.356
3/3/1984,564.835
3/4/1984,556
3/5/1984,551.979
3/6/1984,278.977
3/7/1984,317.686
3/8/1984,449.133
3/9/1984,490.589
3/10/1984,560.135
3/11/1984,486.653
3/12/1984,613.03
3/13/1984,589.188
3/14/1984,445.65
3/15/1984,500.216
3/16/1984,676.318
3/17/1984,547.222
3/18/1984,525.503
3/19/1984,435.116
3/20/1984,517.744
3/21/1984,531.818
3/22/1984,561.664
3/23/1984,546.996
3/24/1984,535.414
3/25/1984,539.01
3/26/1984,529.241
3/27/1984,547.619
3/28/1984,752.179
3/29/1984,466.151
3/30/1984,540.454
3/31/1984,580.494
4/1/1984,472.579
4/2/1984,526.296
4/3/1984,461.79
4/4/1984,593.01
4/5/1984,450.265
4/6/1984,573.104
4/7/1984,492.486
4/8/1984,459.242
4/9/1984,628.803
4/10/1984,486.822
4/11/1984,399.975
4/12/1984,569.564
4/13/1984,465.103
4/14/1984,462.017
4/15/1984,377.236
4/16/1984,413.029
4/17/1984,546.741
4/18/1984,622.347
4/19/1984,569.451
4/20/1984,558.379
4/21/1984,536.688
4/22/1984,613.2
4/23/1984,550.365
4/24/1984,476.232
4/25/1984,521.68
4/26/1984,588.763
4/27/1984,563.051
4/28/1984,519.868
4/29/1984,545.58
4/30/1984,655.562
5/1/1984,525.956
5/2/1984,515.762
5/3/1984,663.944
5/4/1984,561.239
5/5/1984,591.906
5/6/1984,534.734
5/7/1984,606.404
5/8/1984,512.902
5/9/1984,576.02
5/10/1984,610.255
5/11/1984,557.813
5/12/1984,513.327
5/13/1984,532.582
5/14/1984,452.418
5/15/1984,483.396
5/16/1984,380.918
5/17/1984,337.451
5/18/1984,282.375
5/19/1984,146.171
5/20/1984,105.763
5/21/1984,331.561
5/22/1984,399.069
5/23/1984,143.963
5/24/1984,164.86
5/25/1984,257.343
5/26/1984,276.089
5/27/1984,90.982
5/28/1984,196.405
5/29/1984,365.202
5/30/1984,86.791
5/31/1984,85.205
6/1/1984,333.062
6/2/1984,334.195
6/3/1984,381.626
6/4/1984,264.96
6/5/1984,183.946
6/6/1984,437.523
6/7/1984,426.309
6/8/1984,363.305
6/9/1984,279.883
6/10/1984,171.26
6/11/1984,382.588
6/12/1984,179.245
6/13/1984,267.084
6/14/1984,255.248
6/15/1984,41.739
6/16/1984,75.889
6/17/1984,73.284
6/18/1984,345.578
6/19/1984,218.804
6/20/1984,83.081
6/21/1984,51.905
6/22/1984,12.205
6/23/1984,60.371
6/24/1984,48.507
6/25/1984,112.729
6/26/1984,32.989
6/27/1984,57.568
6/28/1984,46.383
6/29/1984,13.932
6/30/1984,2.067
7/1/1984,2.067
7/2/1984,14.668
7/3/1984,247.376
7/4/1984,13.394
7/5/1984,285.745
7/6/1984,66.629
7/7/1984,11.978
7/8/1984,2.095
7/9/1984,21.068
7/10/1984,205.58
7/11/1984,489.767
7/12/1984,90.557
7/13/1984,73.595
7/14/1984,98.996
7/15/1984,46.694
7/16/1984,71.557
7/17/1984,262.497
7/18/1984,238.824
7/19/1984,249.244
7/20/1984,289.992
7/21/1984,2.095
7/22/1984,209.318
7/23/1984,484.869
7/24/1984,512.959
7/25/1984,139.772
7/26/1984,212.744
7/27/1984,459.893
7/28/1984,101.997
7/29/1984,128.247
7/30/1984,407.281
7/31/1984,476.175
8/1/1984,650.21
8/2/1984,486.115
8/3/1984,397.681
8/4/1984,265.3
8/5/1984,398.729
8/6/1984,281.129
8/7/1984,446.613
8/8/1984,358.292
8/9/1984,356.027
8/10/1984,156.818
8/11/1984,47.402
8/12/1984,2.18
8/13/1984,219.115
8/14/1984,223.335
8/15/1984,305.17
8/16/1984,171.317
8/17/1984,292.059
8/18/1984,37.463
8/19/1984,155.941
8/20/1984,310.295
8/21/1984,110.464
8/22/1984,269.774
8/23/1984,207.109
8/24/1984,116.297
8/25/1984,139.375
8/26/1984,71.019
8/27/1984,140.706
8/28/1984,288.435
8/29/1984,220.729
8/30/1984,291.295
8/31/1984,136.827
9/1/1984,77.984
9/2/1984,171.94
9/3/1984,181.652
9/4/1984,61.306
9/5/1984,97.778
9/6/1984,76.823
9/7/1984,107.802
9/8/1984,55.558
9/9/1984,64.477
9/10/1984,418.324
9/11/1984,231.065
9/12/1984,269.802
9/13/1984,287.5
9/14/1984,233.472
9/15/1984,187.57
9/16/1984,14.073
9/17/1984,20.7
9/18/1984,254.851
9/19/1984,96.872
9/20/1984,203.343
9/21/1984,73.057
9/22/1984,69.206
9/23/1984,13.988
9/24/1984,236.813
9/25/1984,90.529
9/26/1984,102.988
9/27/1984,44.656
9/28/1984,70.056
9/29/1984,64.93
9/30/1984,90.387
10/1/1984,101.204
10/2/1984,86.508
10/3/1984,70.679
10/4/1984,79.315
10/5/1984,70.424
10/6/1984,13.762
10/7/1984,2.294
10/8/1984,35.538
10/9/1984,89.623
10/10/1984,21.719
10/11/1984,16.31
10/12/1984,42.673
10/13/1984,2.237
10/14/1984,2.237
10/15/1984,68.498
10/16/1984,73.029
10/17/1984,63.543
10/18/1984,82.09
10/19/1984,144.897
10/20/1984,2.18
10/21/1984,74.586
10/22/1984,234.406
10/23/1984,54.566
10/24/1984,39.474
10/25/1984,2.577
10/26/1984,32.876
10/27/1984,18.264
10/28/1984,75.578
10/29/1984,478.639
10/30/1984,113.296
10/31/1984,12.488
11/1/1984,58.304
11/2/1984,57.398
11/3/1984,2.464
11/4/1984,2.407
11/5/1984,92.709
11/6/1984,149.456
11/7/1984,156.111
11/8/1984,144.642
11/9/1984,146.398
11/10/1984,75.209
11/11/1984,2.35
11/12/1984,239.05
11/13/1984,239.985
11/14/1984,305.397
11/15/1984,266.235
11/16/1984,35.962
11/17/1984,100.468
11/18/1984,43.721
11/19/1984,169.731
11/20/1984,338.244
11/21/1984,243.779
11/22/1984,50.036
11/23/1984,83.28
11/24/1984,172.421
11/25/1984,58.729
11/26/1984,134.618
11/27/1984,82.6
11/28/1984,61.985
11/29/1984,277.363
11/30/1984,121.026
12/1/1984,63.345
12/2/1984,115.363
12/3/1984,165.653
12/4/1984,183.38
12/5/1984,121.111
12/6/1984,191.676
12/7/1984,237.833
12/8/1984,58.389
12/9/1984,25.513
12/10/1984,92.964
12/11/1984,200.568
12/12/1984,201.701
12/13/1984,42.447
12/14/1984,41.031
12/15/1984,16.679
12/16/1984,90.076
12/17/1984,101.827
12/18/1984,135.354
12/19/1984,129.974
12/20/1984,318.026
12/21/1984,198.274
12/22/1984,2.549
12/23/1984,3.171
12/24/1984,101.261
12/25/1984,65.44
12/26/1984,209.233
12/27/1984,210.649
12/28/1984,95.116
12/29/1984,70.254
12/30/1984,71.783
12/31/1984,406.035
1/1/1985,13.535
1/2/1985,54.397
1/3/1985,266.886
1/4/1985,251.821
1/5/1985,3.483
1/6/1985,3.256
1/7/1985,255.219
1/8/1985,255.276
1/9/1985,228.432
1/10/1985,317.261
1/11/1985,334.082
1/12/1985,178.622
1/13/1985,3.653
1/14/1985,299.988
1/15/1985,187.061
1/16/1985,394.283
1/17/1985,444.63
1/18/1985,421.354
1/19/1985,72.321
1/20/1985,373.244
1/21/1985,611.728
1/22/1985,447.689
1/23/1985,136.883
1/24/1985,75.606
1/25/1985,249.726
1/26/1985,323.888
1/27/1985,55.869
1/28/1985,146.681
1/29/1985,166.984
1/30/1985,116.609
1/31/1985,217.756
2/1/1985,84.186
2/2/1985,110.804
2/3/1985,154.978
2/4/1985,391.225
2/5/1985,234.095
2/6/1985,351.298
2/7/1985,338.329
2/8/1985,339.972
2/9/1985,245.762
2/10/1985,76.229
2/11/1985,198.529
2/12/1985,139.687
2/13/1985,201.163
2/14/1985,438.599
2/15/1985,441.204
2/16/1985,446.811
2/17/1985,283.395
2/18/1985,490.702
2/19/1985,365.683
2/20/1985,424.95
2/21/1985,366.589
2/22/1985,263.998
2/23/1985,151.353
2/24/1985,171.288
2/25/1985,292.116
2/26/1985,332.779
2/27/1985,289.058
2/28/1985,382.362
3/1/1985,316.072
3/2/1985,101.94
3/3/1985,197.085
3/4/1985,336.545
3/5/1985,460.318
3/6/1985,166.984
3/7/1985,208.128
3/8/1985,46.27
3/9/1985,87.187
3/10/1985,43.693
3/11/1985,131.503
3/12/1985,139.715
3/13/1985,84.837
3/14/1985,121.932
3/15/1985,72.434
3/16/1985,23.531
3/17/1985,17.755
3/18/1985,317.545
3/19/1985,176.527
3/20/1985,77.107
3/21/1985,72.01
3/22/1985,184.626
3/23/1985,31.177
3/24/1985,147.927
3/25/1985,211.017
3/26/1985,40.04
3/27/1985,45.25
3/28/1985,29.563
3/29/1985,46.581
3/30/1985,40.861
3/31/1985,2.35
4/1/1985,48.592
4/2/1985,56.067
4/3/1985,111.058
4/4/1985,62.495
4/5/1985,23.56
4/6/1985,2.18
4/7/1985,62.693
4/8/1985,124.707
4/9/1985,54.566
4/10/1985,37.775
4/11/1985,130.002
4/12/1985,81.099
4/13/1985,61.164
4/14/1985,2.237
4/15/1985,149.683
4/16/1985,57.398
4/17/1985,18.802
4/18/1985,106.301
4/19/1985,31.318
4/20/1985,45.42
4/21/1985,2.18
4/22/1985,192.837
4/23/1985,12.091
4/24/1985,15.234
4/25/1985,29.931
4/26/1985,220.191
4/27/1985,2.18
4/28/1985,9.656
4/29/1985,32.14
4/30/1985,30.441
5/1/1985,20.02
5/2/1985,245.45
5/3/1985,89.283
5/4/1985,2.407
5/5/1985,2.265
5/6/1985,167.324
5/7/1985,116.58
5/8/1985,116.212
5/9/1985,227.356
5/10/1985,140.168
5/11/1985,214.783
5/12/1985,137.62
5/13/1985,99.788
5/14/1985,273.342
5/15/1985,30.809
5/16/1985,30.356
5/17/1985,30.242
5/18/1985,2.209
5/19/1985,2.209
5/20/1985,119.752
5/21/1985,137.988
5/22/1985,14.442
5/23/1985,79.315
5/24/1985,12.346
5/25/1985,93.785
5/26/1985,113.494
5/27/1985,170.75
5/28/1985,342.605
5/29/1985,76.71
5/30/1985,144.217
5/31/1985,150.249
6/1/1985,187.627
6/2/1985,128.898
6/3/1985,406.006
6/4/1985,205.042
6/5/1985,177.716
6/6/1985,77.475
6/7/1985,104.716
6/8/1985,19.595
6/9/1985,185.503
6/10/1985,373.442
6/11/1985,120.488
6/12/1985,2.322
6/13/1985,14.64
6/14/1985,2.265
6/15/1985,2.237
6/16/1985,103.441
6/17/1985,123.348
6/18/1985,158.942
6/19/1985,11.242
6/20/1985,9.684
6/21/1985,108.227
6/22/1985,11.893
6/23/1985,60.343
6/24/1985,143.028
6/25/1985,25.882
6/26/1985,21.266
6/27/1985,60.57
6/28/1985,61.872
6/29/1985,20.558
6/30/1985,16.31
7/1/1985,39.219
7/2/1985,81.496
7/3/1985,105.084
7/4/1985,32.593
7/5/1985,66.261
7/6/1985,41.258
7/7/1985,2.237
7/8/1985,180.831
7/9/1985,146.823
7/10/1985,96.674
7/11/1985,77.39
7/12/1985,24.409
7/13/1985,2.294
7/14/1985,77.362
7/15/1985,235.341
7/16/1985,95.796
7/17/1985,12.544
7/18/1985,99.25
7/19/1985,42.758
7/20/1985,147.559
7/21/1985,2.294
7/22/1985,35.283
7/23/1985,70.056
7/24/1985,91.916
7/25/1985,154.213
7/26/1985,220.531
7/27/1985,2.265
7/28/1985,2.237
7/29/1985,11.667
7/30/1985,297.468
7/31/1985,76.455
8/1/1985,11.213
8/2/1985,12.828
8/3/1985,2.237
8/4/1985,122.102
8/5/1985,24.013
8/6/1985,191.223
8/7/1985,192.526
8/8/1985,88.179
8/9/1985,253.237
8/10/1985,29.478
8/11/1985,27.099
8/12/1985,151.665
8/13/1985,167.352
8/14/1985,249.358
8/15/1985,121.253
8/16/1985,165.851
8/17/1985,2.322
8/18/1985,2.322
8/19/1985,304.717
8/20/1985,374.32
8/21/1985,600.769
8/22/1985,503.218
8/23/1985,526.523
8/24/1985,351.44
8/25/1985,473.004
8/26/1985,514.743
8/27/1985,579.503
8/28/1985,583.836
8/29/1985,511.968
8/30/1985,487.389
8/31/1985,477.733
9/1/1985,310.239
9/2/1985,617.448
9/3/1985,641.347
9/4/1985,474.646
9/5/1985,349.741
9/6/1985,92.256
9/7/1985,212.716
9/8/1985,67.564
9/9/1985,237.974
9/10/1985,189.638
9/11/1985,49.328
9/12/1985,11.553
9/13/1985,91.888
9/14/1985,75.011
9/15/1985,64.166
9/16/1985,93.247
9/17/1985,158.234
9/18/1985,49.923
9/19/1985,64.534
9/20/1985,30.61
9/21/1985,50.177
9/22/1985,49.498
9/23/1985,171.855
9/24/1985,58.078
9/25/1985,103.696
9/26/1985,229.055
9/27/1985,15.801
9/28/1985,28.288
9/29/1985,2.237
9/30/1985,118.166
10/1/1985,153.364
10/2/1985,208.1
10/3/1985,158.857
10/4/1985,34.886
10/5/1985,10.562
10/6/1985,37.86
10/7/1985,106.358
10/8/1985,79.938
10/9/1985,236.559
10/10/1985,293.136
10/11/1985,76.908
10/12/1985,2.18
10/13/1985,34.66
10/14/1985,42.532
10/15/1985,272.181
10/16/1985,11.044
10/17/1985,19.737
10/18/1985,12.091
10/19/1985,22.993
10/20/1985,2.152
10/21/1985,30.695
10/22/1985,46.666
10/23/1985,21.238
10/24/1985,376.132
10/25/1985,2.237
10/26/1985,2.379
10/27/1985,2.464
10/28/1985,221.409
10/29/1985,162.369
10/30/1985,17.33
10/31/1985,13.082
11/1/1985,13.139
11/2/1985,23.531
11/3/1985,2.35
11/4/1985,315.761
11/5/1985,227.667
11/6/1985,311.768
11/7/1985,422.458
11/8/1985,522.388
11/9/1985,416.88
11/10/1985,456.552
11/11/1985,585.167
11/12/1985,633.843
11/13/1985,582.93
11/14/1985,604.111
11/15/1985,545.155
11/16/1985,568.969
11/17/1985,451.455
11/18/1985,584.572
11/19/1985,532.667
11/20/1985,620.534
11/21/1985,524.739
11/22/1985,307.605
11/23/1985,404.76
11/24/1985,410.027
11/25/1985,548.1
11/26/1985,575.567
11/27/1985,629.228
11/28/1985,552.772
11/29/1985,551.441
11/30/1985,542.295
12/1/1985,480.395
12/2/1985,539.265
12/3/1985,531.393
12/4/1985,575.681
12/5/1985,602.015
12/6/1985,429.198
12/7/1985,533.29
12/8/1985,531.676
12/9/1985,707.58
12/10/1985,620.308
12/11/1985,453.522
12/12/1985,599.467
12/13/1985,609.349
12/14/1985,446.641
12/15/1985,179.925
12/16/1985,412.151
12/17/1985,379.643
12/18/1985,525.616
12/19/1985,407.819
12/20/1985,436.334
12/21/1985,111.115
12/22/1985,27.326
12/23/1985,206.543
12/24/1985,221.636
12/25/1985,169.193
12/26/1985,504.181
12/27/1985,136.968
12/28/1985,3.596
12/29/1985,3.625
12/30/1985,362.002
12/31/1985,249.131
1/1/1986,164.889
1/2/1986,278.128
1/3/1986,104.461
1/4/1986,126.293
1/5/1986,44.939
1/6/1986,133.4
1/7/1986,83.846
1/8/1986,384.769
1/9/1986,193.489
1/10/1986,127.822
1/11/1986,169.788
1/12/1986,29.818
1/13/1986,166.22
1/14/1986,228.545
1/15/1986,158.942
1/16/1986,100.893
1/17/1986,57.964
1/18/1986,3.228
1/19/1986,15.206
1/20/1986,88.32
1/21/1986,133.995
1/22/1986,108.821
1/23/1986,162.199
1/24/1986,127.652
1/25/1986,33.046
1/26/1986,3.511
1/27/1986,343.483
1/28/1986,230.442
1/29/1986,129.493
1/30/1986,66.516
1/31/1986,251.935
2/1/1986,121.281
2/2/1986,31.828
2/3/1986,166.22
2/4/1986,120.035
2/5/1986,316.582
2/6/1986,349.882
2/7/1986,156.365
2/8/1986,74.926
2/9/1986,36.302
2/10/1986,65.723
2/11/1986,126.803
2/12/1986,89.538
2/13/1986,132.381
2/14/1986,200.511
2/15/1986,86.536
2/16/1986,4.559
2/17/1986,99.25
2/18/1986,142.179
2/19/1986,283.338
2/20/1986,358.462
2/21/1986,152.854
2/22/1986,164.521
2/23/1986,45.59
2/24/1986,304.547
2/25/1986,207.845
2/26/1986,182.983
2/27/1986,135.581
2/28/1986,211.158
3/1/1986,19.992
3/2/1986,4.531
3/3/1986,170.892
3/4/1986,186.409
3/5/1986,334.62
3/6/1986,214.896
3/7/1986,295.486
3/8/1986,219.059
3/9/1986,39.955
3/10/1986,178.028
3/11/1986,340.736
3/12/1986,324.907
3/13/1986,158.036
3/14/1986,198.359
3/15/1986,16.169
3/16/1986,23.814
3/17/1986,113.069
3/18/1986,20.162
3/19/1986,29.619
3/20/1986,72.066
3/21/1986,271.332
3/22/1986,169.448
3/23/1986,32.536
3/24/1986,17.273
3/25/1986,99.279
3/26/1986,202.493
3/27/1986,160.924
3/28/1986,135.609
3/29/1986,33.81
3/30/1986,3.398
3/31/1986,82.26
4/1/1986,128.672
4/2/1986,105.112
4/3/1986,107.037
4/4/1986,94.493
4/5/1986,59.579
4/6/1986,245.365
4/7/1986,292.456
4/8/1986,71.953
4/9/1986,158.178
4/10/1986,224.835
4/11/1986,88.886
4/12/1986,74.841
4/13/1986,22.71
4/14/1986,149.541
4/15/1986,55.076
4/16/1986,118.194
4/17/1986,287.84
4/18/1986,25.655
4/19/1986,29.308
4/20/1986,2.265
4/21/1986,48.79
4/22/1986,52.726
4/23/1986,141.811
4/24/1986,22.937
4/25/1986,2.492
4/26/1986,2.18
4/27/1986,2.124
4/28/1986,317.092
4/29/1986,297.355
4/30/1986,99.449
5/1/1986,181.85
5/2/1986,104.517
5/3/1986,142.632
5/4/1986,158.263
5/5/1986,180.151
5/6/1986,98.826
5/7/1986,402.268
5/8/1986,66.998
5/9/1986,115.448
5/10/1986,91.803
5/11/1986,221.919
5/12/1986,112.333
5/13/1986,153.137
5/14/1986,119.299
5/15/1986,185.645
5/16/1986,366.816
5/17/1986,2.039
5/18/1986,104.8
5/19/1986,158.546
5/20/1986,139.234
5/21/1986,249.499
5/22/1986,76.71
5/23/1986,98.344
5/24/1986,72.633
5/25/1986,97.58
5/26/1986,119.129
5/27/1986,13.309
5/28/1986,134.958
5/29/1986,112.078
5/30/1986,90.699
5/31/1986,3.285
6/1/1986,3.256
6/2/1986,123.999
6/3/1986,11.667
6/4/1986,70.679
6/5/1986,98.967
6/6/1986,67.337
6/7/1986,79.57
6/8/1986,2.152
6/9/1986,137.252
6/10/1986,15.008
6/11/1986,124.339
6/12/1986,237.38
6/13/1986,13.649
6/14/1986,2.209
6/15/1986,2.18
6/16/1986,193.744
6/17/1986,11.638
6/18/1986,35.538
6/19/1986,159.31
6/20/1986,239.249
6/21/1986,28.402
6/22/1986,15.036
6/23/1986,105.622
6/24/1986,63.486
6/25/1986,11.836
6/26/1986,162.255
6/27/1986,157.356
6/28/1986,47.317
6/29/1986,52.641
6/30/1986,111.455
7/1/1986,26.051
7/2/1986,12.658
7/3/1986,80.25
7/4/1986,113.777
7/5/1986,68.102
7/6/1986,2.237
7/7/1986,100.893
7/8/1986,186.353
7/9/1986,42.447
7/10/1986,32.763
7/11/1986,105.452
7/12/1986,2.209
7/13/1986,2.237
7/14/1986,130.71
7/15/1986,19.51
7/16/1986,57.115
7/17/1986,168.287
7/18/1986,324.992
7/19/1986,2.35
7/20/1986,2.322
7/21/1986,13.394
7/22/1986,86.763
7/23/1986,32.847
7/24/1986,79.485
7/25/1986,50.574
7/26/1986,45.42
7/27/1986,55.218
7/28/1986,95.144
7/29/1986,114.711
7/30/1986,53.887
7/31/1986,126.803
8/1/1986,107.66
8/2/1986,123.008
8/3/1986,2.265
8/4/1986,83.081
8/5/1986,110.974
8/6/1986,80.76
8/7/1986,35.396
8/8/1986,35.877
8/9/1986,2.294
8/10/1986,2.294
8/11/1986,174.148
8/12/1986,12.006
8/13/1986,178.679
8/14/1986,87.272
8/15/1986,65.695
8/16/1986,2.237
8/17/1986,2.237
8/18/1986,80.08
8/19/1986,19.963
8/20/1986,77.758
8/21/1986,163.841
8/22/1986,83.365
8/23/1986,44.741
8/24/1986,2.265
8/25/1986,90.019
8/26/1986,21.351
8/27/1986,143.453
8/28/1986,23.418
8/29/1986,17.387
8/30/1986,2.35
8/31/1986,2.294
9/1/1986,2.294
9/2/1986,20.19
9/3/1986,15.008
9/4/1986,31.318
9/5/1986,267.282
9/6/1986,2.237
9/7/1986,21.719
9/8/1986,38.737
9/9/1986,59.55
9/10/1986,558.067
9/11/1986,2.294
9/12/1986,67.224
9/13/1986,23.475
9/14/1986,2.237
9/15/1986,16.537
9/16/1986,48.563
9/17/1986,43.834
9/18/1986,63.373
9/19/1986,106.33
9/20/1986,93.729
9/21/1986,33.47
9/22/1986,100.836
9/23/1986,128.388
9/24/1986,163.275
9/25/1986,525.73
9/26/1986,209.091
9/27/1986,65.752
9/28/1986,2.322
9/29/1986,18.746
9/30/1986,162.085
10/1/1986,142.49
10/2/1986,146.766
10/3/1986,165.455
10/4/1986,197.085
10/5/1986,2.35
10/6/1986,12.714
10/7/1986,2.294
10/8/1986,45.647
10/9/1986,174.573
10/10/1986,82.09
10/11/1986,2.464
10/12/1986,40.012
10/13/1986,88.886
10/14/1986,208.921
10/15/1986,40.068
10/16/1986,12.063
10/17/1986,142.66
10/18/1986,2.718
10/19/1986,2.832
10/20/1986,74.303
10/21/1986,39.162
10/22/1986,2.662
10/23/1986,2.549
10/24/1986,108.312
10/25/1986,2.492
10/26/1986,48.96
10/27/1986,20.36
10/28/1986,10.364
10/29/1986,13.649
10/30/1986,81.524
10/31/1986,100.525
11/1/1986,2.294
11/2/1986,2.237
11/3/1986,12.714
11/4/1986,2.407
11/5/1986,56.747
11/6/1986,29.506
11/7/1986,2.464
11/8/1986,2.35
11/9/1986,2.237
11/10/1986,55.954
11/11/1986,40.635
11/12/1986,33.924
11/13/1986,3.087
11/14/1986,86.763
11/15/1986,4.417
11/16/1986,3.908
11/17/1986,125.642
11/18/1986,43.07
11/19/1986,136.544
11/20/1986,170.722
11/21/1986,46.468
11/22/1986,4.304
11/23/1986,18.434
11/24/1986,162.737
11/25/1986,213.565
11/26/1986,183.804
11/27/1986,30.101
11/28/1986,33.216
11/29/1986,46.185
11/30/1986,79.372
12/1/1986,190.119
12/2/1986,3.879
12/3/1986,40.72
12/4/1986,150.136
12/5/1986,130.54
12/6/1986,3.2
12/7/1986,3.171
12/8/1986,48.422
12/9/1986,101.912
12/10/1986,149.314
12/11/1986,194.083
12/12/1986,169.816
12/13/1986,23.871
12/14/1986,38.426
12/15/1986,94.465
12/16/1986,178.056
12/17/1986,233.67
12/18/1986,190.742
12/19/1986,240.749
12/20/1986,121.96
12/21/1986,132.126
12/22/1986,242.194
12/23/1986,248.961
12/24/1986,163.841
12/25/1986,114.372
12/26/1986,400.286
12/27/1986,296.902
12/28/1986,59.069
12/29/1986,503.444
12/30/1986,424.95
12/31/1986,360.756
1/1/1987,299.705
1/2/1987,461.904
1/3/1987,522.87
1/4/1987,297.893
1/5/1987,646.473
1/6/1987,540.511
1/7/1987,419.712
1/8/1987,491.212
1/9/1987,484.84
1/10/1987,3.228
1/11/1987,14.357
1/12/1987,345.55
1/13/1987,352.912
1/14/1987,272.691
1/15/1987,242.732
1/16/1987,357.896
1/17/1987,93.162
1/18/1987,3.256
1/19/1987,269.604
1/20/1987,276.259
1/21/1987,221.494
1/22/1987,192.668
1/23/1987,87.074
1/24/1987,109.558
1/25/1987,189.666
1/26/1987,420.788
1/27/1987,509.617
1/28/1987,550.479
1/29/1987,563.703
1/30/1987,625.858
1/31/1987,475.099
2/1/1987,422.09
2/2/1987,518.622
2/3/1987,662.33
2/4/1987,586.498
2/5/1987,457.118
2/6/1987,434.946
2/7/1987,397.738
2/8/1987,368.826
2/9/1987,510.778
2/10/1987,451.795
2/11/1987,374.037
2/12/1987,285.32
2/13/1987,267.537
2/14/1987,4.332
2/15/1987,173.78
2/16/1987,302.254
2/17/1987,250.009
2/18/1987,118.761
2/19/1987,162.963
2/20/1987,123.036
2/21/1987,25.598
2/22/1987,15.574
2/23/1987,146.766
2/24/1987,472.664
2/25/1987,518.339
2/26/1987,422.572
2/27/1987,499.565
2/28/1987,449.02
3/1/1987,372.791
3/2/1987,474.958
3/3/1987,483.226
3/4/1987,581.769
3/5/1987,510.722
3/6/1987,661.565
3/7/1987,592.501
3/8/1987,580.721
3/9/1987,607.141
3/10/1987,706.278
3/11/1987,706.419
3/12/1987,663.434
3/13/1987,641.347
3/14/1987,747.988
3/15/1987,677.989
3/16/1987,695.347
3/17/1987,664.171
3/18/1987,682.152
3/19/1987,665.87
3/20/1987,635.514
3/21/1987,604.111
3/22/1987,548.242
3/23/1987,630.219
3/24/1987,547.137
3/25/1987,565.911
3/26/1987,594.143
3/27/1987,487.785
3/28/1987,377.378
3/29/1987,363.871
3/30/1987,307.832
3/31/1987,440.694
4/1/1987,584.855
4/2/1987,502.34
4/3/1987,446.301
4/4/1987,525.248
4/5/1987,538.302
4/6/1987,525.588
4/7/1987,530.912
4/8/1987,335.667
4/9/1987,289.879
4/10/1987,154.751
4/11/1987,87.046
4/12/1987,74.218
4/13/1987,87.924
4/14/1987,252.841
4/15/1987,379.813
4/16/1987,327.569
4/17/1987,212.263
4/18/1987,305.425
4/19/1987,415.464
4/20/1987,574.18
4/21/1987,937.286
4/22/1987,946.999
4/23/1987,951.529
4/24/1987,949.547
4/25/1987,953.313
4/26/1987,945.47
4/27/1987,933.775
4/28/1987,938.107
4/29/1987,1023.737
4/30/1987,974.438
5/1/1987,924.147
5/2/1987,922.76
5/3/1987,932.416
5/4/1987,934.936
5/5/1987,935.672
5/6/1987,934.992
5/7/1987,945.13
5/8/1987,916.643
5/9/1987,937.739
5/10/1987,938.164
5/11/1987,924.232
5/12/1987,923.383
5/13/1987,926.356
5/14/1987,948.131
5/15/1987,948.103
5/16/1987,682.945
5/17/1987,441.77
5/18/1987,587.46
5/19/1987,654.883
5/20/1987,787.377
5/21/1987,652.929
5/22/1987,645.963
5/23/1987,730.885
5/24/1987,608.726
5/25/1987,585.337
5/26/1987,605.81
5/27/1987,581.259
5/28/1987,587.857
5/29/1987,585.422
5/30/1987,472.126
5/31/1987,451.568
6/1/1987,416.653
6/2/1987,387.968
6/3/1987,402.212
6/4/1987,167.862
6/5/1987,310.097
6/6/1987,305.765
6/7/1987,300.639
6/8/1987,467.907
6/9/1987,404.137
6/10/1987,210.281
6/11/1987,190.884
6/12/1987,401.051
6/13/1987,267.565
6/14/1987,98.826
6/15/1987,435.682
6/16/1987,17.925
6/17/1987,378.794
6/18/1987,122.81
6/19/1987,46.468
6/20/1987,222.4
6/21/1987,234.265
6/22/1987,190.346
6/23/1987,237.889
6/24/1987,95.682
6/25/1987,95.229
6/26/1987,2.35
6/27/1987,29.251
6/28/1987,2.237
6/29/1987,30.356
6/30/1987,158.914
7/1/1987,14.187
7/2/1987,2.294
7/3/1987,131.022
7/4/1987,16.905
7/5/1987,2.237
7/6/1987,12.884
7/7/1987,319.017
7/8/1987,162.369
7/9/1987,205.325
7/10/1987,185.22
7/11/1987,2.265
7/12/1987,2.265
7/13/1987,2.265
7/14/1987,119.299
7/15/1987,59.55
7/16/1987,142.094
7/17/1987,106.783
7/18/1987,151.353
7/19/1987,132.07
7/20/1987,320.008
7/21/1987,332.354
7/22/1987,268.387
7/23/1987,277.675
7/24/1987,262.78
7/25/1987,2.265
7/26/1987,2.209
7/27/1987,123.631
7/28/1987,85.63
7/29/1987,77.078
7/30/1987,210.309
7/31/1987,370.44
8/1/1987,2.209
8/2/1987,2.209
8/3/1987,393.32
8/4/1987,180.01
8/5/1987,189.383
8/6/1987,29.704
8/7/1987,2.294
8/8/1987,71.472
8/9/1987,139.658
8/10/1987,146.454
8/11/1987,2.294
8/12/1987,137.648
8/13/1987,2.322
8/14/1987,2.265
8/15/1987,111.313
8/16/1987,2.265
8/17/1987,226.704
8/18/1987,220.814
8/19/1987,2.407
8/20/1987,133.627
8/21/1987,2.35
8/22/1987,2.294
8/23/1987,2.294
8/24/1987,51.367
8/25/1987,89.878
8/26/1987,135.354
8/27/1987,419.627
8/28/1987,5.72
8/29/1987,2.322
8/30/1987,2.294
8/31/1987,26.108
9/1/1987,49.158
9/2/1987,75.549
9/3/1987,211.64
9/4/1987,2.265
9/5/1987,2.237
9/6/1987,117.203
9/7/1987,78.324
9/8/1987,418.182
9/9/1987,413.68
9/10/1987,389.441
9/11/1987,430.189
9/12/1987,758.324
9/13/1987,304.745
9/14/1987,750.225
9/15/1987,771.491
9/16/1987,531.167
9/17/1987,383.778
9/18/1987,475.213
9/19/1987,451.823
9/20/1987,576.757
9/21/1987,731.593
9/22/1987,609.462
9/23/1987,588.706
9/24/1987,562.004
9/25/1987,323.746
9/26/1987,2.124
9/27/1987,2.124
9/28/1987,360.983
9/29/1987,296.109
9/30/1987,194.083
10/1/1987,110.492
10/2/1987,101.402
10/3/1987,70.027
10/4/1987,125.925
10/5/1987,376.16
10/6/1987,367.524
10/7/1987,156.45
10/8/1987,253.435
10/9/1987,167.89
10/10/1987,2.18
10/11/1987,18.689
10/12/1987,112.559
10/13/1987,368.855
10/14/1987,227.979
10/15/1987,425.771
10/16/1987,158.659
10/17/1987,73.765
10/18/1987,22.682
10/19/1987,96.787
10/20/1987,72.831
10/21/1987,2.18
10/22/1987,174.885
10/23/1987,50.687
10/24/1987,2.549
10/25/1987,2.492
10/26/1987,70.112
10/27/1987,151.608
10/28/1987,279.997
10/29/1987,134.137
10/30/1987,61.646
10/31/1987,2.35
11/1/1987,2.492
11/2/1987,2.718
11/3/1987,65.723
11/4/1987,109.444
11/5/1987,70.481
11/6/1987,27.722
11/7/1987,33.924
11/8/1987,2.549
11/9/1987,35.962
11/10/1987,27.496
11/11/1987,381.116
11/12/1987,71.075
11/13/1987,149.088
11/14/1987,2.888
11/15/1987,40.493
11/16/1987,63.515
11/17/1987,2.435
11/18/1987,120.573
11/19/1987,387.884
11/20/1987,318.394
11/21/1987,126.916
11/22/1987,3.511
11/23/1987,190.374
11/24/1987,158.461
11/25/1987,259.325
11/26/1987,192.214
11/27/1987,294.212
11/28/1987,197.453
11/29/1987,96.702
11/30/1987,413.454
12/1/1987,141.499
12/2/1987,67.451
12/3/1987,187.995
12/4/1987,120.828
12/5/1987,139.545
12/6/1987,42.135
12/7/1987,115.702
12/8/1987,189.043
12/9/1987,153.505
12/10/1987,72.038
12/11/1987,186.721
12/12/1987,122.215
12/13/1987,120.035
12/14/1987,242.788
12/15/1987,167.381
12/16/1987,231.037
12/17/1987,221.098
12/18/1987,279.147
12/19/1987,176.357
12/20/1987,169.476
12/21/1987,163.841
12/22/1987,290.077
12/23/1987,376.897
12/24/1987,235.936
12/25/1987,350.59
12/26/1987,209.148
12/27/1987,460.714
12/28/1987,275.069
12/29/1987,229.649
12/30/1987,348.382
12/31/1987,298.629
1/1/1988,301.291
1/2/1988,477.676
1/3/1988,343.511
1/4/1988,372.536
1/5/1988,562.315
1/6/1988,245.846
1/7/1988,305.935
1/8/1988,370.497
1/9/1988,230.895
1/10/1988,187.514
1/11/1988,224.099
1/12/1988,339.745
1/13/1988,324.086
1/14/1988,239.702
1/15/1988,195.244
1/16/1988,160.273
1/17/1988,40.465
1/18/1988,4.417
1/19/1988,102.45
1/20/1988,122.782
1/21/1988,182.643
1/22/1988,253.209
1/23/1988,267.112
1/24/1988,66.006
1/25/1988,288.492
1/26/1988,377.293
1/27/1988,319.725
1/28/1988,226.421
1/29/1988,342.378
1/30/1988,84.582
1/31/1988,3.908
2/1/1988,260.118
2/2/1988,106.556
2/3/1988,362.455
2/4/1988,207.59
2/5/1988,120.573
2/6/1988,79.853
2/7/1988,146.426
2/8/1988,290.474
2/9/1988,217.501
2/10/1988,167.466
2/11/1988,193.574
2/12/1988,343.738
2/13/1988,286.056
2/14/1988,125.274
2/15/1988,195.471
2/16/1988,321.962
2/17/1988,277.448
2/18/1988,102.903
2/19/1988,45.024
2/20/1988,115.617
2/21/1988,70.99
2/22/1988,203.541
2/23/1988,207.845
2/24/1988,284.187
2/25/1988,184.172
2/26/1988,198.104
2/27/1988,71.047
2/28/1988,121.196
2/29/1988,116.863
3/1/1988,143.764
3/2/1988,116.722
3/3/1988,132.239
3/4/1988,109.105
3/5/1988,50.404
3/6/1988,23.22
3/7/1988,94.38
3/8/1988,147.955
3/9/1988,368.203
3/10/1988,311.23
3/11/1988,211.442
3/12/1988,2.52
3/13/1988,2.379
3/14/1988,359.708
3/15/1988,293.277
3/16/1988,241.004
3/17/1988,140.451
3/18/1988,119.044
3/19/1988,241.684
3/20/1988,30.327
3/21/1988,101.233
3/22/1988,136.317
3/23/1988,56.577
3/24/1988,67.451
3/25/1988,61.079
3/26/1988,2.265
3/27/1988,2.435
3/28/1988,69.971
3/29/1988,67.224
3/30/1988,70.169
3/31/1988,25.513
4/1/1988,32.847
4/2/1988,2.294
4/3/1988,2.18
4/4/1988,51.706
4/5/1988,37.633
4/6/1988,34.575
4/7/1988,73.963
4/8/1988,65.44
4/9/1988,38.483
4/10/1988,3.483
4/11/1988,66.091
4/12/1988,351.383
4/13/1988,108.85
4/14/1988,235.596
4/15/1988,153.109
4/16/1988,167.182
4/17/1988,193.234
4/18/1988,135.921
4/19/1988,263.318
4/20/1988,169.108
4/21/1988,131.73
4/22/1988,100.298
4/23/1988,148.805
4/24/1988,94.691
4/25/1988,160.301
4/26/1988,158.008
4/27/1988,140.933
4/28/1988,97.891
4/29/1988,239.985
4/30/1988,72.887
5/1/1988,62.41
5/2/1988,306.246
5/3/1988,166.616
5/4/1988,173.639
5/5/1988,223.703
5/6/1988,199.18
5/7/1988,317.516
5/8/1988,39.983
5/9/1988,112.304
5/10/1988,129.719
5/11/1988,183.578
5/12/1988,229.423
5/13/1988,169.193
5/14/1988,263.318
5/15/1988,106.896
5/16/1988,425.743
5/17/1988,163.048
5/18/1988,86.225
5/19/1988,216.199
5/20/1988,219.908
5/21/1988,96.419
5/22/1988,102.054
5/23/1988,211.81
5/24/1988,90.727
5/25/1988,174.205
5/26/1988,201.559
5/27/1988,166.503
5/28/1988,303.868
5/29/1988,8.807
5/30/1988,157.328
5/31/1988,305.425
6/1/1988,208.383
6/2/1988,73.341
6/3/1988,75.266
6/4/1988,121.253
6/5/1988,2.265
6/6/1988,297.836
6/7/1988,237.578
6/8/1988,133.684
6/9/1988,22.795
6/10/1988,8.891
6/11/1988,18.434
6/12/1988,133.089
6/13/1988,196.745
6/14/1988,50.404
6/15/1988,58.333
6/16/1988,38.483
6/17/1988,6.428
6/18/1988,181.454
6/19/1988,27.043
6/20/1988,83.365
6/21/1988,285.009
6/22/1988,342.86
6/23/1988,189.581
6/24/1988,2.294
6/25/1988,2.265
6/26/1988,88.292
6/27/1988,81.609
6/28/1988,75.011
6/29/1988,35.821
6/30/1988,2.294
7/1/1988,71.585
7/2/1988,45.364
7/3/1988,2.237
7/4/1988,2.237
7/5/1988,183.691
7/6/1988,76.965
7/7/1988,173.242
7/8/1988,58.106
7/9/1988,98.769
7/10/1988,2.265
7/11/1988,2.35
7/12/1988,62.693
7/13/1988,121.054
7/14/1988,127.822
7/15/1988,267.197
7/16/1988,206.656
7/17/1988,2.379
7/18/1988,93.191
7/19/1988,111.228
7/20/1988,2.464
7/21/1988,2.464
7/22/1988,2.464
7/23/1988,2.379
7/24/1988,2.379
7/25/1988,84.78
7/26/1988,2.435
7/27/1988,95.06
7/28/1988,85.573
7/29/1988,233.104
7/30/1988,73.086
7/31/1988,117.656
8/1/1988,131.645
8/2/1988,61.787
8/3/1988,2.322
8/4/1988,28.147
8/5/1988,15.716
8/6/1988,193.602
8/7/1988,2.265
8/8/1988,155.318
8/9/1988,56.69
8/10/1988,165.851
8/11/1988,39.474
8/12/1988,61.504
8/13/1988,2.294
8/14/1988,2.265
8/15/1988,301.772
8/16/1988,82.77
8/17/1988,190.742
8/18/1988,119.1
8/19/1988,86.168
8/20/1988,2.294
8/21/1988,2.294
8/22/1988,2.35
8/23/1988,94.068
8/24/1988,108.368
8/25/1988,59.267
8/26/1988,88.292
8/27/1988,34.603
8/28/1988,60.909
8/29/1988,109.841
8/30/1988,2.35
8/31/1988,99.137
9/1/1988,99.93
9/2/1988,112.361
9/3/1988,119.072
9/4/1988,2.322
9/5/1988,30.724
9/6/1988,3.908
9/7/1988,3.511
9/8/1988,99.364
9/9/1988,95.031
9/10/1988,156.365
9/11/1988,2.35
9/12/1988,2.775
9/13/1988,233.529
9/14/1988,256.21
9/15/1988,151.863
9/16/1988,2.407
9/17/1988,19.935
9/18/1988,106.839
9/19/1988,207.647
9/20/1988,296.505
9/21/1988,112.135
9/22/1988,130.002
9/23/1988,32.989
9/24/1988,70.934
9/25/1988,75.209
9/26/1988,2.322
9/27/1988,63.062
9/28/1988,101.431
9/29/1988,49.838
9/30/1988,67.592
10/1/1988,2.265
10/2/1988,109.813
10/3/1988,74.303
10/4/1988,82.232
10/5/1988,45.732
10/6/1988,128.587
10/7/1988,62.439
10/8/1988,73.68
10/9/1988,2.86
10/10/1988,91.803
10/11/1988,27.581
10/12/1988,74.955
10/13/1988,75.379
10/14/1988,148.692
10/15/1988,53.207
10/16/1988,2.52
10/17/1988,81.326
10/18/1988,109.558
10/19/1988,2.464
10/20/1988,67.479
10/21/1988,159.933
10/22/1988,69.32
10/23/1988,22.512
10/24/1988,130.031
10/25/1988,70.707
10/26/1988,2.747
10/27/1988,16.084
10/28/1988,62.127
10/29/1988,73.284
10/30/1988,100.808
10/31/1988,63.684
11/1/1988,83.308
11/2/1988,100.949
11/3/1988,106.415
11/4/1988,146.709
11/5/1988,2.322
11/6/1988,2.492
11/7/1988,123.886
11/8/1988,173.978
11/9/1988,190.062
11/10/1988,197.453
11/11/1988,80.363
11/12/1988,52.443
11/13/1988,2.917
11/14/1988,96.532
11/15/1988,253.747
11/16/1988,122.612
11/17/1988,167.494
11/18/1988,412.689
11/19/1988,360.275
11/20/1988,2.718
11/21/1988,110.294
11/22/1988,278.071
11/23/1988,110.322
11/24/1988,51.961
11/25/1988,3.256
11/26/1988,2.917
11/27/1988,35.113
11/28/1988,391.536
11/29/1988,255.757
11/30/1988,24.126
12/1/1988,36.5
12/2/1988,62.042
12/3/1988,3.058
12/4/1988,3.171
12/5/1988,77.616
12/6/1988,44.741
12/7/1988,174.856
12/8/1988,234.01
12/9/1988,362.851
12/10/1988,41.003
12/11/1988,52.669
12/12/1988,447.83
12/13/1988,367.58
12/14/1988,260.033
12/15/1988,192.668
12/16/1988,418.522
12/17/1988,268.953
12/18/1988,159.31
12/19/1988,110.917
12/20/1988,4.049
12/21/1988,3.738
12/22/1988,4.021
12/23/1988,142.065
12/24/1988,3.37
12/25/1988,3.653
12/26/1988,28.458
12/27/1988,4.163
12/28/1988,34.971
12/29/1988,312.079
12/30/1988,221.975
12/31/1988,4.049
1/1/1989,4.191
1/2/1989,21.238
1/3/1989,74.728
1/4/1989,75.238
1/5/1989,79.599
1/6/1989,25.627
1/7/1989,120.063
1/8/1989,3.851
1/9/1989,161.661
1/10/1989,126.803
1/11/1989,13.394
1/12/1989,4.106
1/13/1989,287.585
1/14/1989,134.731
1/15/1989,4.248
1/16/1989,205.693
1/17/1989,124.028
1/18/1989,194.112
1/19/1989,167.862
1/20/1989,29.761
1/21/1989,4.502
1/22/1989,4.559
1/23/1989,138.214
1/24/1989,153.958
1/25/1989,140.678
1/26/1989,167.126
1/27/1989,94.918
1/28/1989,4.021
1/29/1989,3.908
1/30/1989,108.567
1/31/1989,350.42
2/1/1989,58.389
2/2/1989,47.232
2/3/1989,86.168
2/4/1989,90.331
2/5/1989,43.891
2/6/1989,79.372
2/7/1989,4.644
2/8/1989,141.556
2/9/1989,337.819
2/10/1989,148.154
2/11/1989,15.093
2/12/1989,5.55
2/13/1989,5.72
2/14/1989,5.239
2/15/1989,4.616
2/16/1989,115.787
2/17/1989,505.738
2/18/1989,94.606
2/19/1989,5.805
2/20/1989,132.579
2/21/1989,5.465
2/22/1989,154.44
2/23/1989,477.874
2/24/1989,365.485
2/25/1989,24.579
2/26/1989,5.522
2/27/1989,230.301
2/28/1989,401.419
3/1/1989,552.574
3/2/1989,562.343
3/3/1989,454.513
3/4/1989,348.07
3/5/1989,4.446
3/6/1989,502.085
3/7/1989,699.906
3/8/1989,631.012
3/9/1989,401.532
3/10/1989,289.115
3/11/1989,449.501
3/12/1989,4.248
3/13/1989,496.875
3/14/1989,486.624
3/15/1989,296.194
3/16/1989,411.273
3/17/1989,340.283
3/18/1989,347.787
3/19/1989,159.537
3/20/1989,310.295
3/21/1989,365.088
3/22/1989,420.08
3/23/1989,542.748
3/24/1989,366.844
3/25/1989,535.867
3/26/1989,470.767
3/27/1989,634.41
3/28/1989,640.299
3/29/1989,457.883
3/30/1989,302.31
3/31/1989,393.688
4/1/1989,2.888
4/2/1989,53.264
4/3/1989,153.789
4/4/1989,210.592
4/5/1989,168.768
4/6/1989,332.977
4/7/1989,320.971
4/8/1989,128.162
4/9/1989,157.611
4/10/1989,375.566
4/11/1989,488.748
4/12/1989,482.943
4/13/1989,577.436
4/14/1989,878.925
4/15/1989,155.969
4/16/1989,227.497
4/17/1989,155.912
4/18/1989,106.868
4/19/1989,244.912
4/20/1989,293.249
4/21/1989,477.365
4/22/1989,163.699
4/23/1989,2.435
4/24/1989,431.973
4/25/1989,284.527
4/26/1989,232.028
4/27/1989,178.792
4/28/1989,2.294
4/29/1989,2.322
4/30/1989,2.294
5/1/1989,266.999
5/2/1989,402.042
5/3/1989,570.272
5/4/1989,441.289
5/5/1989,562.853
5/6/1989,414.388
5/7/1989,450.124
5/8/1989,552.234
5/9/1989,579.73
5/10/1989,664.086
5/11/1989,568.8
5/12/1989,547.25
5/13/1989,537.17
5/14/1989,478.356
5/15/1989,649.474
5/16/1989,540.653
5/17/1989,415.691
5/18/1989,646.048
5/19/1989,442.535
5/20/1989,541.332
5/21/1989,513.44
5/22/1989,569.649
5/23/1989,809.322
5/24/1989,438.74
5/25/1989,570.64
5/26/1989,522.841
5/27/1989,450.237
5/28/1989,585.252
5/29/1989,578.059
5/30/1989,357.216
5/31/1989,440.496
6/1/1989,388.875
6/2/1989,298.091
6/3/1989,181.312
6/4/1989,2.237
6/5/1989,139.8
6/6/1989,3.625
6/7/1989,84.214
6/8/1989,253.973
6/9/1989,164.237
6/10/1989,246.809
6/11/1989,143.566
6/12/1989,335.951
6/13/1989,464.537
6/14/1989,374.631
6/15/1989,401.334
6/16/1989,425.602
6/17/1989,352.346
6/18/1989,261.307
6/19/1989,431.265
6/20/1989,557.416
6/21/1989,451.54
6/22/1989,561.182
6/23/1989,439.732
6/24/1989,5.72
6/25/1989,2.294
6/26/1989,396.152
6/27/1989,455.447
6/28/1989,274.588
6/29/1989,332.977
6/30/1989,366.249
7/1/1989,484.444
7/2/1989,249.811
7/3/1989,522.162
7/4/1989,296.307
7/5/1989,427.385
7/6/1989,531.053
7/7/1989,583.411
7/8/1989,378.794
7/9/1989,161.491
7/10/1989,575.454
7/11/1989,543.541
7/12/1989,471.361
7/13/1989,178.651
7/14/1989,386.1
7/15/1989,2.294
7/16/1989,2.265
7/17/1989,251.227
7/18/1989,626.566
7/19/1989,479.035
7/20/1989,469.634
7/21/1989,406.289
7/22/1989,2.265
7/23/1989,106.103
7/24/1989,394.849
7/25/1989,388.507
7/26/1989,454.258
7/27/1989,296.647
7/28/1989,170.694
7/29/1989,185.645
7/30/1989,2.265
7/31/1989,79.23
8/1/1989,330.202
8/2/1989,513.129
8/3/1989,412.264
8/4/1989,514.856
8/5/1989,180.321
8/6/1989,418.324
8/7/1989,444.574
8/8/1989,222.882
8/9/1989,151.778
8/10/1989,143.453
8/11/1989,216.595
8/12/1989,170.75
8/13/1989,263.686
8/14/1989,118.336
8/15/1989,2.294
8/16/1989,242.42
8/17/1989,231.037
8/18/1989,92.992
8/19/1989,2.294
8/20/1989,2.265
8/21/1989,41.682
8/22/1989,154.185
8/23/1989,309.814
8/24/1989,12.941
8/25/1989,67.167
8/26/1989,2.265
8/27/1989,2.237
8/28/1989,187.91
8/29/1989,64.138
8/30/1989,113.38
8/31/1989,124.481
9/1/1989,222.428
9/2/1989,141.952
9/3/1989,2.237
9/4/1989,2.209
9/5/1989,272.096
9/6/1989,278.382
9/7/1989,113.522
9/8/1989,376.557
9/9/1989,273.229
9/10/1989,16.82
9/11/1989,192.668
9/12/1989,2.294
9/13/1989,236.105
9/14/1989,170.552
9/15/1989,57.172
9/16/1989,2.265
9/17/1989,46.525
9/18/1989,501.717
9/19/1989,591.311
9/20/1989,718.964
9/21/1989,493.817
9/22/1989,608.953
9/23/1989,124.396
9/24/1989,50.715
9/25/1989,239.079
9/26/1989,240.296
9/27/1989,441.402
9/28/1989,720.804
9/29/1989,348.41
9/30/1989,523.634
10/1/1989,346.881
10/2/1989,759.088
10/3/1989,463.942
10/4/1989,490.617
10/5/1989,560.786
10/6/1989,635.118
10/7/1989,555.009
10/8/1989,620.846
10/9/1989,647.011
10/10/1989,538.444
10/11/1989,602.327
10/12/1989,724.938
10/13/1989,489.937
10/14/1989,431.293
10/15/1989,552.319
10/16/1989,622.686
10/17/1989,394.028
10/18/1989,194.989
10/19/1989,400.428
10/20/1989,526.438
10/21/1989,536.32
10/22/1989,507.352
10/23/1989,538.812
10/24/1989,546.599
10/25/1989,312.759
10/26/1989,459.129
10/27/1989,426.14
10/28/1989,88.83
10/29/1989,2.435
10/30/1989,147.219
10/31/1989,208.723
11/1/1989,102.535
11/2/1989,234.633
11/3/1989,194.395
11/4/1989,95.654
11/5/1989,49.385
11/6/1989,131.843
11/7/1989,342.35
11/8/1989,490.645
11/9/1989,194.168
11/10/1989,57.511
11/11/1989,2.747
11/12/1989,35.028
11/13/1989,267.905
11/14/1989,59.182
11/15/1989,136.714
11/16/1989,143
11/17/1989,399.295
11/18/1989,239.334
11/19/1989,273.285
11/20/1989,318.791
11/21/1989,309.219
11/22/1989,553.055
11/23/1989,264.932
11/24/1989,247.121
11/25/1989,95.484
11/26/1989,2.605
11/27/1989,115.986
11/28/1989,135.949
11/29/1989,264.111
11/30/1989,268.075
12/1/1989,63.203
12/2/1989,31.035
12/3/1989,171.487
12/4/1989,427.895
12/5/1989,250.066
12/6/1989,320.206
12/7/1989,58.927
12/8/1989,559.71
12/9/1989,201.078
12/10/1989,3.54
12/11/1989,334.874
12/12/1989,227.101
12/13/1989,116.099
12/14/1989,268.273
12/15/1989,122.159
12/16/1989,392.471
12/17/1989,261.647
12/18/1989,454.117
12/19/1989,522.417
12/20/1989,265.017
12/21/1989,455.872
12/22/1989,541.842
12/23/1989,575.114
12/24/1989,580.041
12/25/1989,5.239
12/26/1989,4.955
12/27/1989,158.744
12/28/1989,297.44
12/29/1989,183.465
12/30/1989,4.474
12/31/1989,4.446
1/1/1990,63.486
1/2/1990,167.89
1/3/1990,462.81
1/4/1990,498.857
1/5/1990,527.457
1/6/1990,604.705
1/7/1990,499.537
1/8/1990,512.619
1/9/1990,407.649
1/10/1990,458.222
1/11/1990,642.848
1/12/1990,613.455
1/13/1990,476.6
1/14/1990,545.636
1/15/1990,560.956
1/16/1990,429.198
1/17/1990,508.258
1/18/1990,484.359
1/19/1990,732.244
1/20/1990,315.761
1/21/1990,3.002
1/22/1990,426.876
1/23/1990,219.455
1/24/1990,362.738
1/25/1990,212.489
1/26/1990,353.79
1/27/1990,277.193
1/28/1990,147.417
1/29/1990,437.325
1/30/1990,462.923
1/31/1990,471.333
2/1/1990,528.278
2/2/1990,358.576
2/3/1990,257.966
2/4/1990,190.346
2/5/1990,464.112
2/6/1990,289.001
2/7/1990,423.733
2/8/1990,387.176
2/9/1990,391.423
2/10/1990,163.161
2/11/1990,326.578
2/12/1990,557.586
2/13/1990,547.222
2/14/1990,448.283
2/15/1990,584.459
2/16/1990,445.423
2/17/1990,303.981
2/18/1990,588.876
2/19/1990,514.771
2/20/1990,592.869
2/21/1990,565.402
2/22/1990,503.359
2/23/1990,574.038
2/24/1990,489.711
2/25/1990,464.877
2/26/1990,635.344
2/27/1990,502.963
2/28/1990,566.732
3/1/1990,648.426
3/2/1990,645.566
3/3/1990,212.857
3/4/1990,191.138
3/5/1990,410.764
3/6/1990,561.635
3/7/1990,560.559
3/8/1990,568.63
3/9/1990,459.752
3/10/1990,82.147
3/11/1990,117.968
3/12/1990,137.988
3/13/1990,104.262
3/14/1990,116.156
3/15/1990,110.181
3/16/1990,29.393
3/17/1990,44.599
3/18/1990,146.171
3/19/1990,394.283
3/20/1990,586.526
3/21/1990,510.439
3/22/1990,609.123
3/23/1990,589.811
3/24/1990,345.04
3/25/1990,35.934
3/26/1990,237.691
3/27/1990,305.368
3/28/1990,285.632
3/29/1990,352.091
3/30/1990,229.14
3/31/1990,113.154
4/1/1990,45.902
4/2/1990,104.885
4/3/1990,377.35
4/4/1990,440.326
4/5/1990,458.364
4/6/1990,584.232
4/7/1990,503.756
4/8/1990,390.036
4/9/1990,546.882
4/10/1990,723.834
4/11/1990,565.798
4/12/1990,508.173
4/13/1990,468.898
4/14/1990,453.21
4/15/1990,286.226
4/16/1990,313.92
4/17/1990,671.108
4/18/1990,553.31
4/19/1990,578.597
4/20/1990,496.082
4/21/1990,220.899
4/22/1990,181.879
4/23/1990,314.826
4/24/1990,178.339
4/25/1990,179.868
4/26/1990,235.709
4/27/1990,166.928
4/28/1990,2.152
4/29/1990,70.452
4/30/1990,292.229
5/1/1990,349.967
5/2/1990,218.209
5/3/1990,121.536
5/4/1990,78.041
5/5/1990,430.217
5/6/1990,45.25
5/7/1990,247.999
5/8/1990,227.894
5/9/1990,290.191
5/10/1990,406.204
5/11/1990,328.588
5/12/1990,282.602
5/13/1990,333.26
5/14/1990,269.831
5/15/1990,372.791
5/16/1990,371.46
5/17/1990,499.027
5/18/1990,144.359
5/19/1990,421.043
5/20/1990,197.538
5/21/1990,284.074
5/22/1990,264.705
5/23/1990,227.667
5/24/1990,368.288
5/25/1990,139.149
5/26/1990,251.935
5/27/1990,175.196
5/28/1990,409.121
5/29/1990,545.75
5/30/1990,569.083
5/31/1990,561.012
6/1/1990,424.894
6/2/1990,422.657
6/3/1990,332.609
6/4/1990,573.953
6/5/1990,564.835
6/6/1990,503.133
6/7/1990,603.742
6/8/1990,404.364
6/9/1990,420.844
6/10/1990,469.238
6/11/1990,468.643
6/12/1990,558.86
6/13/1990,563.023
6/14/1990,552.999
6/15/1990,327.031
6/16/1990,525.758
6/17/1990,404.987
6/18/1990,419.91
6/19/1990,264.422
6/20/1990,294.07
6/21/1990,283.479
6/22/1990,246.271
6/23/1990,113.522
6/24/1990,2.294
6/25/1990,148.352
6/26/1990,228.12
6/27/1990,278.382
6/28/1990,215.378
6/29/1990,2.322
6/30/1990,40.21
7/1/1990,2.265
7/2/1990,27.496
7/3/1990,44.118
7/4/1990,80.901
7/5/1990,252.642
7/6/1990,250.575
7/7/1990,2.294
7/8/1990,2.265
7/9/1990,222.117
7/10/1990,96.334
7/11/1990,29.081
7/12/1990,152.344
7/13/1990,40.55
7/14/1990,26.533
7/15/1990,2.18
7/16/1990,391.112
7/17/1990,460.403
7/18/1990,465.698
7/19/1990,448.17
7/20/1990,312.787
7/21/1990,491.919
7/22/1990,212.801
7/23/1990,159.622
7/24/1990,46.836
7/25/1990,227.865
7/26/1990,324.794
7/27/1990,103.838
7/28/1990,72.774
7/29/1990,26.165
7/30/1990,123.49
7/31/1990,98.061
8/1/1990,104.999
8/2/1990,47.402
8/3/1990,134.052
8/4/1990,199.888
8/5/1990,2.152
8/6/1990,2.18
8/7/1990,14.215
8/8/1990,165.257
8/9/1990,85.658
8/10/1990,99.958
8/11/1990,213.084
8/12/1990,132.409
8/13/1990,138.441
8/14/1990,204.844
8/15/1990,2.152
8/16/1990,2.152
8/17/1990,87.556
8/18/1990,36.727
8/19/1990,2.124
8/20/1990,229.819
8/21/1990,70.197
8/22/1990,128.275
8/23/1990,65.1
8/24/1990,43.296
8/25/1990,2.124
8/26/1990,2.152
8/27/1990,419.372
8/28/1990,305.51
8/29/1990,234.265
8/30/1990,75.917
8/31/1990,85.205
9/1/1990,59.239
9/2/1990,2.152
9/3/1990,2.152
9/4/1990,65.497
9/5/1990,171.798
9/6/1990,351.553
9/7/1990,235.001
9/8/1990,68.017
9/9/1990,2.152
9/10/1990,137.846
9/11/1990,90.812
9/12/1990,22.653
9/13/1990,62.665
9/14/1990,2.152
9/15/1990,67.281
9/16/1990,2.095
9/17/1990,86.989
9/18/1990,81.326
9/19/1990,109.246
9/20/1990,81.864
9/21/1990,97.919
9/22/1990,76.569
9/23/1990,31.092
9/24/1990,2.124
9/25/1990,215.717
9/26/1990,102.96
9/27/1990,148.437
9/28/1990,114.655
9/29/1990,2.152
9/30/1990,92.313
10/1/1990,69.858
10/2/1990,2.18
10/3/1990,2.18
10/4/1990,146.993
10/5/1990,32.508
10/6/1990,60.966
10/7/1990,2.152
10/8/1990,155.657
10/9/1990,95.428
10/10/1990,53.689
10/11/1990,82.883
10/12/1990,296.505
10/13/1990,481.584
10/14/1990,258.447
10/15/1990,491.636
10/16/1990,361.068
10/17/1990,606.461
10/18/1990,349.514
10/19/1990,329.692
10/20/1990,274.616
10/21/1990,226.648
10/22/1990,469.181
10/23/1990,518.99
10/24/1990,557.048
10/25/1990,500.443
10/26/1990,592.642
10/27/1990,597.654
10/28/1990,441.317
10/29/1990,650.805
10/30/1990,646.557
10/31/1990,557.501
11/1/1990,544.985
11/2/1990,590.405
11/3/1990,424.016
11/4/1990,619.09
11/5/1990,764.978
11/6/1990,604.111
11/7/1990,562.428
11/8/1990,592.161
11/9/1990,643.528
11/10/1990,257.796
11/11/1990,365.57
11/12/1990,471.446
11/13/1990,296.024
11/14/1990,282.064
11/15/1990,201.559
11/16/1990,104.319
11/17/1990,354.725
11/18/1990,151.495
11/19/1990,352.431
11/20/1990,117.543
11/21/1990,276.967
11/22/1990,61.872
11/23/1990,40.635
11/24/1990,99.307
11/25/1990,2.464
11/26/1990,121.224
11/27/1990,195.839
11/28/1990,129.295
11/29/1990,180.406
11/30/1990,347.56
12/1/1990,6.768
12/2/1990,2.662
12/3/1990,5.409
12/4/1990,94.691
12/5/1990,377.293
12/6/1990,296.93
12/7/1990,92.058
12/8/1990,2.973
12/9/1990,3.058
12/10/1990,178.141
12/11/1990,242.222
12/12/1990,192.356
12/13/1990,180.463
12/14/1990,354.102
12/15/1990,136.544
12/16/1990,55.104
12/17/1990,218.153
12/18/1990,149.683
12/19/1990,127.68
12/20/1990,199.152
12/21/1990,96.985
12/22/1990,2.492
12/23/1990,2.35
12/24/1990,144.359
12/25/1990,42.588
12/26/1990,523.379
12/27/1990,371.177
12/28/1990,114.088
12/29/1990,67.196
12/30/1990,277.165
12/31/1990,333.883
1/1/1991,283.876
1/2/1991,326.04
1/3/1991,430.047
1/4/1991,561.154
1/5/1991,213.65
1/6/1991,361.775
1/7/1991,551.441
1/8/1991,305.878
1/9/1991,315.421
1/10/1991,449.189
1/11/1991,564.156
1/12/1991,314.883
1/13/1991,348.042
1/14/1991,629.114
1/15/1991,489.116
1/16/1991,482.773
1/17/1991,655.251
1/18/1991,526.862
1/19/1991,513.497
1/20/1991,499.225
1/21/1991,669.692
1/22/1991,574.661
1/23/1991,592.529
1/24/1991,519.075
1/25/1991,704.295
1/26/1991,308.936
1/27/1991,604.026
1/28/1991,667.115
1/29/1991,551.583
1/30/1991,507.805
1/31/1991,612.974
2/1/1991,584.374
2/2/1991,560.871
2/3/1991,475.213
2/4/1991,388.62
2/5/1991,613.965
2/6/1991,335.554
2/7/1991,334.138
2/8/1991,578.342
2/9/1991,161.689
2/10/1991,101.431
2/11/1991,187.712
2/12/1991,137.506
2/13/1991,258.362
2/14/1991,64.845
2/15/1991,347.022
2/16/1991,179.982
2/17/1991,25.57
2/18/1991,209.827
2/19/1991,59.805
2/20/1991,195.414
2/21/1991,249.613
2/22/1991,162.17
2/23/1991,168.145
2/24/1991,146.568
2/25/1991,193.092
2/26/1991,314.373
2/27/1991,294.381
2/28/1991,211.951
3/1/1991,288.831
3/2/1991,34.348
3/3/1991,167.692
3/4/1991,223.674
3/5/1991,449.954
3/6/1991,450.039
3/7/1991,409.659
3/8/1991,511.77
3/9/1991,420.165
3/10/1991,242.59
3/11/1991,418.154
3/12/1991,424.95
3/13/1991,445.055
3/14/1991,414.218
3/15/1991,419.655
3/16/1991,107.915
3/17/1991,28.883
3/18/1991,230.839
3/19/1991,326.748
3/20/1991,384.316
3/21/1991,340.963
3/22/1991,402.297
3/23/1991,214.783
3/24/1991,110.152
3/25/1991,336.007
3/26/1991,403.826
3/27/1991,485.01
3/28/1991,428.348
3/29/1991,329.07
3/30/1991,476.289
3/31/1991,406.997
4/1/1991,483.028
4/2/1991,575.369
4/3/1991,621.639
4/4/1991,500.896
4/5/1991,501.519
4/6/1991,510.212
4/7/1991,555.944
4/8/1991,708.401
4/9/1991,544.39
4/10/1991,522.049
4/11/1991,603.091
4/12/1991,596.692
4/13/1991,637.071
4/14/1991,494.411
4/15/1991,572.198
4/16/1991,609.123
4/17/1991,572.452
4/18/1991,592.359
4/19/1991,576.898
4/20/1991,481.244
4/21/1991,235.822
4/22/1991,494.921
4/23/1991,413.737
4/24/1991,402.495
4/25/1991,488.606
4/26/1991,375.339
4/27/1991,2.209
4/28/1991,20.331
4/29/1991,249.924
4/30/1991,281.894
5/1/1991,279.657
5/2/1991,284.216
5/3/1991,294.013
5/4/1991,178.283
5/5/1991,227.554
5/6/1991,186.891
5/7/1991,97.297
5/8/1991,205.127
5/9/1991,129.776
5/10/1991,369.648
5/11/1991,183.125
5/12/1991,195.839
5/13/1991,374.688
5/14/1991,327.455
5/15/1991,323.491
5/16/1991,235.369
5/17/1991,145.69
5/18/1991,125.613
5/19/1991,2.209
5/20/1991,132.324
5/21/1991,465.528
5/22/1991,222.174
5/23/1991,197.057
5/24/1991,193.602
5/25/1991,156.818
5/26/1991,2.18
5/27/1991,278.552
5/28/1991,390.036
5/29/1991,355.772
5/30/1991,386.015
5/31/1991,425.177
6/1/1991,122.47
6/2/1991,124.566
6/3/1991,164.889
6/4/1991,150.192
6/5/1991,184.739
6/6/1991,269.689
6/7/1991,163.275
6/8/1991,429.934
6/9/1991,273.116
6/10/1991,64.534
6/11/1991,132.381
6/12/1991,166.503
6/13/1991,191.478
6/14/1991,149.909
6/15/1991,163.671
6/16/1991,2.237
6/17/1991,40.691
6/18/1991,98.911
6/19/1991,173.95
6/20/1991,119.667
6/21/1991,149.513
6/22/1991,2.18
6/23/1991,2.209
6/24/1991,2.18
6/25/1991,283.083
6/26/1991,270.34
6/27/1991,257.088
6/28/1991,395.671
6/29/1991,181.114
6/30/1991,2.265
7/1/1991,215.264
7/2/1991,100.581
7/3/1991,85.177
7/4/1991,2.237
7/5/1991,158.461
7/6/1991,63.684
7/7/1991,97.127
7/8/1991,168.655
7/9/1991,200.879
7/10/1991,2.322
7/11/1991,92.709
7/12/1991,157.073
7/13/1991,57.03
7/14/1991,2.237
7/15/1991,101.686
7/16/1991,2.237
7/17/1991,105.084
7/18/1991,177.122
7/19/1991,156.932
7/20/1991,2.237
7/21/1991,127.652
7/22/1991,2.294
7/23/1991,216.737
7/24/1991,98.316
7/25/1991,48.507
7/26/1991,88.886
7/27/1991,2.237
7/28/1991,2.209
7/29/1991,2.237
7/30/1991,157.526
7/31/1991,267.027
8/1/1991,270.425
8/2/1991,313.948
8/3/1991,169.759
8/4/1991,2.322
8/5/1991,42.079
8/6/1991,27.977
8/7/1991,143.028
8/8/1991,143.198
8/9/1991,2.322
8/10/1991,2.294
8/11/1991,14.158
8/12/1991,66.488
8/13/1991,68.074
8/14/1991,68.951
8/15/1991,162.878
8/16/1991,255.531
8/17/1991,88.83
8/18/1991,2.265
8/19/1991,2.294
8/20/1991,2.237
8/21/1991,184.965
8/22/1991,60.74
8/23/1991,190.232
8/24/1991,2.237
8/25/1991,68.98
8/26/1991,104.376
8/27/1991,238.201
8/28/1991,116.467
8/29/1991,69.773
8/30/1991,135.892
8/31/1991,42.815
9/1/1991,2.237
9/2/1991,127.935
9/3/1991,130.031
9/4/1991,109.133
9/5/1991,174.262
9/6/1991,2.265
9/7/1991,2.265
9/8/1991,2.237
9/9/1991,114.513
9/10/1991,36.529
9/11/1991,153.732
9/12/1991,151.467
9/13/1991,2.322
9/14/1991,91.152
9/15/1991,23.956
9/16/1991,228.148
9/17/1991,215.321
9/18/1991,195.528
9/19/1991,2.322
9/20/1991,2.322
9/21/1991,49.3
9/22/1991,96.9
9/23/1991,92.709
9/24/1991,130.625
9/25/1991,2.294
9/26/1991,31.488
9/27/1991,32.564
9/28/1991,23.446
9/29/1991,2.265
9/30/1991,116.269
10/1/1991,92.313
10/2/1991,95.966
10/3/1991,54.963
10/4/1991,123.744
10/5/1991,65.383
10/6/1991,174.148
10/7/1991,17.245
10/8/1991,137.648
10/9/1991,2.322
10/10/1991,72.491
10/11/1991,51.084
10/12/1991,52.981
10/13/1991,2.265
10/14/1991,59.579
10/15/1991,68.753
10/16/1991,115.674
10/17/1991,235.029
10/18/1991,174.403
10/19/1991,2.35
10/20/1991,2.52
10/21/1991,115.079
10/22/1991,2.52
10/23/1991,2.464
10/24/1991,55.671
10/25/1991,79.457
10/26/1991,71.698
10/27/1991,2.407
10/28/1991,51.593
10/29/1991,48.762
10/30/1991,133.344
10/31/1991,121.932
11/1/1991,39.275
11/2/1991,2.435
11/3/1991,36.302
11/4/1991,21.634
11/5/1991,106.471
11/6/1991,91.01
11/7/1991,73.907
11/8/1991,53.859
11/9/1991,128.813
11/10/1991,3.002
11/11/1991,108.85
11/12/1991,61.561
11/13/1991,127.765
11/14/1991,39.19
11/15/1991,2.577
11/16/1991,2.52
11/17/1991,46.468
11/18/1991,289.596
11/19/1991,76.144
11/20/1991,106.811
11/21/1991,152.316
11/22/1991,120.998
11/23/1991,72.944
11/24/1991,95.796
11/25/1991,247.121
11/26/1991,208.695
11/27/1991,222.06
11/28/1991,72.887
11/29/1991,46.723
11/30/1991,55.02
12/1/1991,2.379
12/2/1991,96.447
12/3/1991,242.958
12/4/1991,315.138
12/5/1991,217.19
12/6/1991,226.648
12/7/1991,86.734
12/8/1991,2.775
12/9/1991,2.605
12/10/1991,62.325
12/11/1991,193.319
12/12/1991,84.441
12/13/1991,2.718
12/14/1991,2.605
12/15/1991,116.92
12/16/1991,143.425
12/17/1991,87.018
12/18/1991,19.397
12/19/1991,199.294
12/20/1991,180.576
12/21/1991,3.256
12/22/1991,3.256
12/23/1991,168.258
12/24/1991,2.973
12/25/1991,90.585
12/26/1991,161.208
12/27/1991,66.346
12/28/1991,107.264
12/29/1991,34.66
12/30/1991,84.922
12/31/1991,284.499
1/1/1992,249.556
1/2/1992,381.71
1/3/1992,119.667
1/4/1992,225.005
1/5/1992,149.23
1/6/1992,508.003
1/7/1992,665.02
1/8/1992,495.204
1/9/1992,476.628
1/10/1992,539.124
1/11/1992,459.327
1/12/1992,268.726
1/13/1992,452.106
1/14/1992,551.073
1/15/1992,698.236
1/16/1992,459.723
1/17/1992,461.819
1/18/1992,65.553
1/19/1992,44.486
1/20/1992,200.568
1/21/1992,103.724
1/22/1992,146.681
1/23/1992,111.795
1/24/1992,60.626
1/25/1992,113.692
1/26/1992,3.2
1/27/1992,127.001
1/28/1992,205.042
1/29/1992,258.249
1/30/1992,171.94
1/31/1992,49.13
2/1/1992,3.171
2/2/1992,89.849
2/3/1992,95.711
2/4/1992,108.425
2/5/1992,183.21
2/6/1992,145.69
2/7/1992,92.369
2/8/1992,3.2
2/9/1992,3.228
2/10/1992,78.522
2/11/1992,3.058
2/12/1992,52.499
2/13/1992,110.889
2/14/1992,67.196
2/15/1992,3.002
2/16/1992,61.561
2/17/1992,288.888
2/18/1992,160.358
2/19/1992,2.775
2/20/1992,81.694
2/21/1992,156.195
2/22/1992,68.074
2/23/1992,2.69
2/24/1992,155.572
2/25/1992,263.403
2/26/1992,225.77
2/27/1992,167.494
2/28/1992,303.443
2/29/1992,329.296
3/1/1992,134.137
3/2/1992,183.691
3/3/1992,339.065
3/4/1992,278.213
3/5/1992,299.677
3/6/1992,254.087
3/7/1992,176.527
3/8/1992,23.758
3/9/1992,249.839
3/10/1992,477.025
3/11/1992,483.481
3/12/1992,348.382
3/13/1992,380.295
3/14/1992,66.205
3/15/1992,12.629
3/16/1992,466.548
3/17/1992,138.951
3/18/1992,150.447
3/19/1992,271.275
3/20/1992,221.777
3/21/1992,27.382
3/22/1992,2.775
3/23/1992,85.885
3/24/1992,58.729
3/25/1992,49.3
3/26/1992,45.902
3/27/1992,2.662
3/28/1992,48.054
3/29/1992,2.549
3/30/1992,176.442
3/31/1992,285.235
4/1/1992,174.092
4/2/1992,185.277
4/3/1992,176.98
4/4/1992,118.789
4/5/1992,135.099
4/6/1992,156.903
4/7/1992,220.135
4/8/1992,244.119
4/9/1992,240.891
4/10/1992,159.395
4/11/1992,155.856
4/12/1992,2.152
4/13/1992,74.756
4/14/1992,87.754
4/15/1992,38.284
4/16/1992,207.052
4/17/1992,2.152
4/18/1992,203.258
4/19/1992,2.095
4/20/1992,265.498
4/21/1992,116.778
4/22/1992,391.536
4/23/1992,516.583
4/24/1992,468.643
4/25/1992,628.944
4/26/1992,617.788
4/27/1992,575.171
4/28/1992,632.003
4/29/1992,612.832
4/30/1992,558.492
5/1/1992,546.316
5/2/1992,578.739
5/3/1992,642.168
5/4/1992,597.484
5/5/1992,344.899
5/6/1992,298.034
5/7/1992,342.803
5/8/1992,222.712
5/9/1992,2.35
5/10/1992,2.294
5/11/1992,317.969
5/12/1992,283.366
5/13/1992,247.319
5/14/1992,385.59
5/15/1992,204.646
5/16/1992,119.242
5/17/1992,24.409
5/18/1992,262.78
5/19/1992,190.742
5/20/1992,319.272
5/21/1992,405.1
5/22/1992,208.695
5/23/1992,328.9
5/24/1992,227.752
5/25/1992,135.298
5/26/1992,331.788
5/27/1992,271.247
5/28/1992,300.47
5/29/1992,110.379
5/30/1992,208.128
5/31/1992,232.311
6/1/1992,2.237
6/2/1992,98.911
6/3/1992,172.648
6/4/1992,138.526
6/5/1992,158.121
6/6/1992,224.326
6/7/1992,191.11
6/8/1992,577.238
6/9/1992,196.717
6/10/1992,524.569
6/11/1992,555.802
6/12/1992,513.015
6/13/1992,519.925
6/14/1992,557.076
6/15/1992,507.89
6/16/1992,267.112
6/17/1992,329.692
6/18/1992,326.833
6/19/1992,445.395
6/20/1992,199.237
6/21/1992,2.209
6/22/1992,75.436
6/23/1992,56.407
6/24/1992,186.863
6/25/1992,244.544
6/26/1992,2.294
6/27/1992,115.051
6/28/1992,2.18
6/29/1992,70.905
6/30/1992,143.34
7/1/1992,265.187
7/2/1992,118.138
7/3/1992,2.237
7/4/1992,129.974
7/5/1992,147.587
7/6/1992,192.639
7/7/1992,174.913
7/8/1992,196.122
7/9/1992,289.964
7/10/1992,214.84
7/11/1992,83.874
7/12/1992,2.322
7/13/1992,328.163
7/14/1992,239.673
7/15/1992,104.093
7/16/1992,79.23
7/17/1992,153.619
7/18/1992,35.849
7/19/1992,2.294
7/20/1992,140.31
7/21/1992,222.06
7/22/1992,87.839
7/23/1992,157.838
7/24/1992,2.35
7/25/1992,2.265
7/26/1992,186.523
7/27/1992,202.777
7/28/1992,2.265
7/29/1992,87.584
7/30/1992,141.188
7/31/1992,32.026
8/1/1992,2.237
8/2/1992,2.209
8/3/1992,93.417
8/4/1992,112.616
8/5/1992,88.122
8/6/1992,2.294
8/7/1992,73.114
8/8/1992,49.951
8/9/1992,2.265
8/10/1992,122.697
8/11/1992,143.396
8/12/1992,77.475
8/13/1992,2.237
8/14/1992,2.209
8/15/1992,100.298
8/16/1992,7.447
8/17/1992,186.693
8/18/1992,328.843
8/19/1992,343.171
8/20/1992,326.408
8/21/1992,506.757
8/22/1992,158.489
8/23/1992,2.18
8/24/1992,269.038
8/25/1992,210.026
8/26/1992,64.676
8/27/1992,2.265
8/28/1992,86.763
8/29/1992,2.18
8/30/1992,2.152
8/31/1992,108.482
9/1/1992,130.002
9/2/1992,184.003
9/3/1992,131.758
9/4/1992,48.11
9/5/1992,2.209
9/6/1992,2.209
9/7/1992,124.736
9/8/1992,157.102
9/9/1992,188.335
9/10/1992,70.452
9/11/1992,128.36
9/12/1992,50.177
9/13/1992,2.152
9/14/1992,2.18
9/15/1992,142.32
9/16/1992,143.566
9/17/1992,113.409
9/18/1992,106.301
9/19/1992,72.746
9/20/1992,23.843
9/21/1992,166.616
9/22/1992,229.678
9/23/1992,31.602
9/24/1992,27.382
9/25/1992,42.673
9/26/1992,2.124
9/27/1992,99.958
9/28/1992,127.397
9/29/1992,77.843
9/30/1992,2.18
10/1/1992,196.207
10/2/1992,153.392
10/3/1992,2.095
10/4/1992,2.095
10/5/1992,101.204
10/6/1992,58.134
10/7/1992,55.444
10/8/1992,119.582
10/9/1992,72.123
10/10/1992,2.152
10/11/1992,2.18
10/12/1992,148.323
10/13/1992,165.965
10/14/1992,307.209
10/15/1992,244.969
10/16/1992,158.659
10/17/1992,2.152
10/18/1992,142.887
10/19/1992,378.539
10/20/1992,133.485
10/21/1992,104.008
10/22/1992,2.435
10/23/1992,206.883
10/24/1992,29.421
10/25/1992,37.35
10/26/1992,162.34
10/27/1992,77.163
10/28/1992,101.176
10/29/1992,254.2
10/30/1992,76.993
10/31/1992,2.407
11/1/1992,2.464
11/2/1992,123.886
11/3/1992,23.984
11/4/1992,98.401
11/5/1992,162.453
11/6/1992,224.75
11/7/1992,44.854
11/8/1992,65.015
11/9/1992,252.02
11/10/1992,140.055
11/11/1992,61.901
11/12/1992,77.9
11/13/1992,199.633
11/14/1992,149.966
11/15/1992,328.645
11/16/1992,400.541
11/17/1992,77.107
11/18/1992,201.134
11/19/1992,367.665
11/20/1992,233.302
11/21/1992,230.754
11/22/1992,242.59
11/23/1992,124.707
11/24/1992,402.665
11/25/1992,300.413
11/26/1992,194.791
11/27/1992,267.707
11/28/1992,225.911
11/29/1992,191.308
11/30/1992,236.757
12/1/1992,145.916
12/2/1992,350.562
12/3/1992,245.762
12/4/1992,204.561
12/5/1992,277.42
12/6/1992,122.952
12/7/1992,226.563
12/8/1992,400.626
12/9/1992,255.616
12/10/1992,152.174
12/11/1992,146.001
12/12/1992,250.292
12/13/1992,206.599
12/14/1992,384.457
12/15/1992,563.193
12/16/1992,505.087
12/17/1992,571.206
12/18/1992,584.657
12/19/1992,286.594
12/20/1992,214.245
12/21/1992,398.757
12/22/1992,269.208
12/23/1992,213.905
12/24/1992,120.715
12/25/1992,79.004
12/26/1992,306.982
12/27/1992,148.89
12/28/1992,495.289
12/29/1992,193.234
12/30/1992,166.786
12/31/1992,187.91
1/1/1993,243.751
1/2/1993,194.197
1/3/1993,375.566
1/4/1993,52.896
1/5/1993,228.913
1/6/1993,224.439
1/7/1993,187.967
1/8/1993,434.097
1/9/1993,149.145
1/10/1993,442.45
1/11/1993,589.697
1/12/1993,524.002
1/13/1993,491.353
1/14/1993,588.14
1/15/1993,573.528
1/16/1993,510.892
1/17/1993,500.018
1/18/1993,539.407
1/19/1993,599.014
1/20/1993,552.404
1/21/1993,616.881
1/22/1993,618.042
1/23/1993,377.123
1/24/1993,339.207
1/25/1993,588.508
1/26/1993,575.199
1/27/1993,404.647
1/28/1993,542.352
1/29/1993,716.755
1/30/1993,469.153
1/31/1993,305.198
2/1/1993,605.866
2/2/1993,490.843
2/3/1993,468.955
2/4/1993,523.153
2/5/1993,523.634
2/6/1993,477.223
2/7/1993,185.702
2/8/1993,342.01
2/9/1993,226.903
2/10/1993,187.882
2/11/1993,220.446
2/12/1993,388.705
2/13/1993,39.106
2/14/1993,3.738
2/15/1993,55.558
2/16/1993,56.35
2/17/1993,132.098
2/18/1993,432.964
2/19/1993,255.644
2/20/1993,82.204
2/21/1993,331.278
2/22/1993,166.418
2/23/1993,280.393
2/24/1993,310.834
2/25/1993,438.118
2/26/1993,504.067
2/27/1993,338.924
2/28/1993,401.617
3/1/1993,331.278
3/2/1993,445.621
3/3/1993,433.445
3/4/1993,337.366
3/5/1993,302.423
3/6/1993,171.147
3/7/1993,400.371
3/8/1993,585.478
3/9/1993,595.389
3/10/1993,570.272
3/11/1993,679.971
3/12/1993,581.627
3/13/1993,516.3
3/14/1993,405.582
3/15/1993,506.219
3/16/1993,533.29
3/17/1993,575.596
3/18/1993,524.965
3/19/1993,590.179
3/20/1993,575.227
3/21/1993,553.395
3/22/1993,534.083
3/23/1993,624.952
3/24/1993,776.928
3/25/1993,749.829
3/26/1993,766.054
3/27/1993,654.09
3/28/1993,647.69
3/29/1993,823.679
3/30/1993,940.514
3/31/1993,967.642
4/1/1993,971.04
4/2/1993,955.635
4/3/1993,953.143
4/4/1993,942.468
4/5/1993,958.269
4/6/1993,963.224
4/7/1993,972.795
4/8/1993,966.367
4/9/1993,841.235
4/10/1993,831.155
4/11/1993,857.234
4/12/1993,868.59
4/13/1993,886.486
4/14/1993,887.618
4/15/1993,966.424
4/16/1993,985.368
4/17/1993,979.591
4/18/1993,974.749
4/19/1993,972.144
4/20/1993,983.244
4/21/1993,994.175
4/22/1993,999.357
4/23/1993,711.12
4/24/1993,687.928
4/25/1993,727.43
4/26/1993,680.679
4/27/1993,522.785
4/28/1993,761.354
4/29/1993,766.253
4/30/1993,518.084
5/1/1993,507.862
5/2/1993,556.368
5/3/1993,693.224
5/4/1993,581.485
5/5/1993,447.462
5/6/1993,538.387
5/7/1993,590.972
5/8/1993,635.74
5/9/1993,505.427
5/10/1993,626.594
5/11/1993,383.24
5/12/1993,240.155
5/13/1993,318.564
5/14/1993,216.114
5/15/1993,132.862
5/16/1993,187.287
5/17/1993,382.022
5/18/1993,321.849
5/19/1993,128.728
5/20/1993,144.444
5/21/1993,134.108
5/22/1993,185.588
5/23/1993,292.371
5/24/1993,421.864
5/25/1993,378.058
5/26/1993,162.85
5/27/1993,210.082
5/28/1993,241.712
5/29/1993,174.177
5/30/1993,119.1
5/31/1993,297.779
6/1/1993,284.697
6/2/1993,158.631
6/3/1993,186.041
6/4/1993,337.706
6/5/1993,37.095
6/6/1993,89.821
6/7/1993,336.687
6/8/1993,380.436
6/9/1993,145.35
6/10/1993,280.336
6/11/1993,181.964
6/12/1993,2.237
6/13/1993,167.494
6/14/1993,299.96
6/15/1993,218.068
6/16/1993,422.883
6/17/1993,372.677
6/18/1993,339.32
6/19/1993,155.941
6/20/1993,254.115
6/21/1993,106.726
6/22/1993,218.351
6/23/1993,55.218
6/24/1993,202.777
6/25/1993,2.01
6/26/1993,2.039
6/27/1993,2.01
6/28/1993,171.062
6/29/1993,65.327
6/30/1993,92.2
7/1/1993,24.579
7/2/1993,2.095
7/3/1993,20.558
7/4/1993,2.067
7/5/1993,56.407
7/6/1993,318.564
7/7/1993,353.054
7/8/1993,333.855
7/9/1993,224.807
7/10/1993,31.177
7/11/1993,2.152
7/12/1993,322.528
7/13/1993,322.727
7/14/1993,238.399
7/15/1993,117.458
7/16/1993,105.027
7/17/1993,2.067
7/18/1993,2.124
7/19/1993,193.46
7/20/1993,183.011
7/21/1993,128.417
7/22/1993,104.546
7/23/1993,130.88
7/24/1993,2.067
7/25/1993,2.152
7/26/1993,127.029
7/27/1993,213.877
7/28/1993,239.22
7/29/1993,168.57
7/30/1993,87.414
7/31/1993,84.016
8/1/1993,2.039
8/2/1993,86.904
8/3/1993,59.635
8/4/1993,91.916
8/5/1993,123.688
8/6/1993,24.607
8/7/1993,2.095
8/8/1993,2.124
8/9/1993,2.152
8/10/1993,55.841
8/11/1993,62.807
8/12/1993,72.576
8/13/1993,106.641
8/14/1993,132.862
8/15/1993,2.095
8/16/1993,174.46
8/17/1993,204.079
8/18/1993,103.356
8/19/1993,141.386
8/20/1993,2.095
8/21/1993,16.395
8/22/1993,2.095
8/23/1993,87.725
8/24/1993,91.039
8/25/1993,133.344
8/26/1993,39.728
8/27/1993,59.125
8/28/1993,2.124
8/29/1993,58.219
8/30/1993,392.896
8/31/1993,117.939
9/1/1993,48.988
9/2/1993,87.018
9/3/1993,2.095
9/4/1993,2.124
9/5/1993,2.152
9/6/1993,57.681
9/7/1993,137.761
9/8/1993,141.499
9/9/1993,149.399
9/10/1993,161.944
9/11/1993,2.01
9/12/1993,2.067
9/13/1993,159.084
9/14/1993,67.96
9/15/1993,108.425
9/16/1993,65.327
9/17/1993,2.124
9/18/1993,67.196
9/19/1993,2.067
9/20/1993,2.18
9/21/1993,149.003
9/22/1993,49.838
9/23/1993,178.651
9/24/1993,62.325
9/25/1993,2.039
9/26/1993,2.124
9/27/1993,147.446
9/28/1993,66.913
9/29/1993,130.71
9/30/1993,93.162
10/1/1993,2.124
10/2/1993,2.124
10/3/1993,2.124
10/4/1993,25.032
10/5/1993,139.404
10/6/1993,42.305
10/7/1993,72.774
10/8/1993,44.231
10/9/1993,2.01
10/10/1993,41.314
10/11/1993,107.037
10/12/1993,143.538
10/13/1993,128.02
10/14/1993,107.944
10/15/1993,63.175
10/16/1993,2.067
10/17/1993,17.953
10/18/1993,115.561
10/19/1993,77.418
10/20/1993,194.451
10/21/1993,82.713
10/22/1993,45.25
10/23/1993,64.562
10/24/1993,70.594
10/25/1993,245.648
10/26/1993,98.259
10/27/1993,68.612
10/28/1993,2.322
10/29/1993,93.7
10/30/1993,2.265
10/31/1993,2.492
11/1/1993,204.844
11/2/1993,173.214
11/3/1993,89.424
11/4/1993,29.874
11/5/1993,3.002
11/6/1993,3.03
11/7/1993,3.313
11/8/1993,110.86
11/9/1993,135.156
11/10/1993,328.475
11/11/1993,186.749
11/12/1993,41.059
11/13/1993,2.945
11/14/1993,2.775
11/15/1993,50.63
11/16/1993,71.5
11/17/1993,81.071
11/18/1993,70.197
11/19/1993,46.355
11/20/1993,2.888
11/21/1993,3.256
11/22/1993,67.507
11/23/1993,69.999
11/24/1993,94.975
11/25/1993,3.2
11/26/1993,15.688
11/27/1993,3.002
11/28/1993,83.903
11/29/1993,261.109
11/30/1993,286.141
12/1/1993,306.161
12/2/1993,200.2
12/3/1993,216.963
12/4/1993,45.052
12/5/1993,90.444
12/6/1993,226.591
12/7/1993,279.657
12/8/1993,320.206
12/9/1993,356.027
12/10/1993,260.684
12/11/1993,453.38
12/12/1993,344.899
12/13/1993,430.047
12/14/1993,382.815
12/15/1993,305.935
12/16/1993,376.274
12/17/1993,332.184
12/18/1993,331.392
12/19/1993,332.892
12/20/1993,456.722
12/21/1993,492.288
12/22/1993,397.851
12/23/1993,356.678
12/24/1993,282.46
12/25/1993,167.862
12/26/1993,451.851
12/27/1993,435.965
12/28/1993,510.75
12/29/1993,261.93
12/30/1993,409.178
12/31/1993,338.442
1/1/1994,3.285
1/2/1994,3.087
1/3/1994,43.919
1/4/1994,218.662
1/5/1994,234.265
1/6/1994,149.258
1/7/1994,189.723
1/8/1994,64.562
1/9/1994,130.994
1/10/1994,390.121
1/11/1994,215.321
1/12/1994,271.36
1/13/1994,230.867
1/14/1994,64.704
1/15/1994,322.896
1/16/1994,292.541
1/17/1994,371.205
1/18/1994,263.488
1/19/1994,349.712
1/20/1994,123.773
1/21/1994,297.298
1/22/1994,228.602
1/23/1994,138.979
1/24/1994,225.005
1/25/1994,331.363
1/26/1994,410.735
1/27/1994,478.299
1/28/1994,302.338
1/29/1994,4.899
1/30/1994,4.984
1/31/1994,366.278
2/1/1994,237.804
2/2/1994,532.497
2/3/1994,498.687
2/4/1994,506.588
2/5/1994,76.625
2/6/1994,4.87
2/7/1994,374.348
2/8/1994,511.685
2/9/1994,281.667
2/10/1994,513.157
2/11/1994,363.05
2/12/1994,428.235
2/13/1994,196.745
2/14/1994,438.146
2/15/1994,397.823
2/16/1994,577.691
2/17/1994,588.366
2/18/1994,398.332
2/19/1994,504.039
2/20/1994,487.247
2/21/1994,589.839
2/22/1994,535.386
2/23/1994,573.472
2/24/1994,396.322
2/25/1994,463.914
2/26/1994,515.847
2/27/1994,530.487
2/28/1994,503.473
3/1/1994,486.794
3/2/1994,445.905
3/3/1994,292.201
3/4/1994,386.524
3/5/1994,428.037
3/6/1994,642.197
3/7/1994,702.511
3/8/1994,518.792
3/9/1994,504.096
3/10/1994,529.099
3/11/1994,597.088
3/12/1994,445.112
3/13/1994,483.849
3/14/1994,595.531
3/15/1994,574.151
3/16/1994,580.211
3/17/1994,713.102
3/18/1994,522.643
3/19/1994,506.389
3/20/1994,558.209
3/21/1994,612.549
3/22/1994,609.378
3/23/1994,639.252
3/24/1994,643.443
3/25/1994,585.365
3/26/1994,530.742
3/27/1994,346.06
3/28/1994,558.067
3/29/1994,507.38
3/30/1994,590.519
3/31/1994,610.17
4/1/1994,389.073
4/2/1994,507.409
4/3/1994,522.53
4/4/1994,569.847
4/5/1994,683.171
4/6/1994,663.887
4/7/1994,713.951
4/8/1994,735.642
4/9/1994,611.7
4/10/1994,695.036
4/11/1994,688.495
4/12/1994,769.198
4/13/1994,680.311
4/14/1994,660.489
4/15/1994,648.596
4/16/1994,576.049
4/17/1994,597.683
4/18/1994,636.873
4/19/1994,608.783
4/20/1994,622.063
4/21/1994,611.331
4/22/1994,511.232
4/23/1994,305.397
4/24/1994,656.78
4/25/1994,473.429
4/26/1994,343.086
4/27/1994,255.106
4/28/1994,279.6
4/29/1994,268.019
4/30/1994,80.788
5/1/1994,3.115
5/2/1994,185.871
5/3/1994,348.467
5/4/1994,268.443
5/5/1994,164.379
5/6/1994,156.309
5/7/1994,224.326
5/8/1994,12.573
5/9/1994,354.441
5/10/1994,109.331
5/11/1994,305.34
5/12/1994,172.648
5/13/1994,37.01
5/14/1994,92.426
5/15/1994,291.975
5/16/1994,222.627
5/17/1994,134.222
5/18/1994,92.284
5/19/1994,165.398
5/20/1994,139.262
5/21/1994,118.223
5/22/1994,49.583
5/23/1994,215.604
5/24/1994,142.32
5/25/1994,85.658
5/26/1994,138.384
5/27/1994,97.155
5/28/1994,187.627
5/29/1994,145.718
5/30/1994,202.805
5/31/1994,160.981
6/1/1994,239.192
6/2/1994,153.562
6/3/1994,65.978
6/4/1994,137.818
6/5/1994,3.171
6/6/1994,221.183
6/7/1994,179.047
6/8/1994,123.546
6/9/1994,156.309
6/10/1994,101.148
6/11/1994,47.063
6/12/1994,151.41
6/13/1994,198.387
6/14/1994,75.606
6/15/1994,83.846
6/16/1994,44.825
6/17/1994,162.425
6/18/1994,147.927
6/19/1994,122.668
6/20/1994,199.775
6/21/1994,99.958
6/22/1994,108.765
6/23/1994,167.069
6/24/1994,193.46
6/25/1994,2.067
6/26/1994,54.765
6/27/1994,194.65
6/28/1994,200.568
6/29/1994,76.285
6/30/1994,111.936
7/1/1994,2.124
7/2/1994,83.563
7/3/1994,2.152
7/4/1994,62.892
7/5/1994,228.035
7/6/1994,354.356
7/7/1994,294.75
7/8/1994,60.286
7/9/1994,186.523
7/10/1994,176.329
7/11/1994,113.664
7/12/1994,129.379
7/13/1994,124.566
7/14/1994,118.308
7/15/1994,115.872
7/16/1994,2.039
7/17/1994,2.095
7/18/1994,94.805
7/19/1994,160.471
7/20/1994,173.95
7/21/1994,141.188
7/22/1994,82.628
7/23/1994,2.095
7/24/1994,2.152
7/25/1994,135.694
7/26/1994,227.129
7/27/1994,381.597
7/28/1994,127.227
7/29/1994,180.095
7/30/1994,2.039
7/31/1994,114.598
8/1/1994,439.901
8/2/1994,380.266
8/3/1994,359.425
8/4/1994,363.191
8/5/1994,247.659
8/6/1994,239.815
8/7/1994,1.982
8/8/1994,269.916
8/9/1994,185.843
8/10/1994,246.13
8/11/1994,279.827
8/12/1994,164.322
8/13/1994,60.06
8/14/1994,44.401
8/15/1994,2.152
8/16/1994,90.274
8/17/1994,167.635
8/18/1994,227.214
8/19/1994,502.029
8/20/1994,472.126
8/21/1994,2.039
8/22/1994,2.067
8/23/1994,229.678
8/24/1994,348.268
8/25/1994,217.869
8/26/1994,287.585
8/27/1994,2.039
8/28/1994,294.098
8/29/1994,78.721
8/30/1994,128.756
8/31/1994,153.222
9/1/1994,288.35
9/2/1994,23.729
9/3/1994,2.039
9/4/1994,80.193
9/5/1994,136.317
9/6/1994,126.689
9/7/1994,176.385
9/8/1994,62.977
9/9/1994,147.955
9/10/1994,82.402
9/11/1994,2.067
9/12/1994,87.527
9/13/1994,94.012
9/14/1994,69.999
9/15/1994,144.671
9/16/1994,221.975
9/17/1994,71.245
9/18/1994,1.982
9/19/1994,95.371
9/20/1994,2.067
9/21/1994,111.257
9/22/1994,166.418
9/23/1994,1.982
9/24/1994,2.01
9/25/1994,2.067
9/26/1994,393.235
9/27/1994,2.01
9/28/1994,118.534
9/29/1994,67.252
9/30/1994,66.799
10/1/1994,1.982
10/2/1994,24.409
10/3/1994,77.362
10/4/1994,82.883
10/5/1994,88.065
10/6/1994,102.309
10/7/1994,80.873
10/8/1994,46.241
10/9/1994,46.071
10/10/1994,108.34
10/11/1994,69.263
10/12/1994,61.108
10/13/1994,29.223
10/14/1994,240.042
10/15/1994,2.039
10/16/1994,2.237
10/17/1994,55.812
10/18/1994,73.737
10/19/1994,74.813
10/20/1994,104.376
10/21/1994,87.244
10/22/1994,2.124
10/23/1994,2.095
10/24/1994,91.492
10/25/1994,32.168
10/26/1994,174.148
10/27/1994,149.881
10/28/1994,101.827
10/29/1994,88.518
10/30/1994,113.777
10/31/1994,133.655
11/1/1994,244.629
11/2/1994,104.008
11/3/1994,92.115
11/4/1994,141.782
11/5/1994,149.173
11/6/1994,47.969
11/7/1994,93.983
11/8/1994,109.897
11/9/1994,143.821
11/10/1994,197.085
11/11/1994,173.582
11/12/1994,57.738
11/13/1994,27.666
11/14/1994,267.905
11/15/1994,104.744
11/16/1994,160.896
11/17/1994,252.699
11/18/1994,130.002
11/19/1994,2.237
11/20/1994,2.379
11/21/1994,151.013
11/22/1994,205.014
11/23/1994,414.869
11/24/1994,102.224
11/25/1994,55.246
11/26/1994,2.69
11/27/1994,2.747
11/28/1994,249.103
11/29/1994,102.535
11/30/1994,66.29
12/1/1994,271.077
12/2/1994,236.219
12/3/1994,2.747
12/4/1994,2.52
12/5/1994,197.538
12/6/1994,161.491
12/7/1994,145.662
12/8/1994,269.604
12/9/1994,251.566
12/10/1994,2.577
12/11/1994,31.743
12/12/1994,227.299
12/13/1994,98.288
12/14/1994,36.274
12/15/1994,146.596
12/16/1994,88.462
12/17/1994,70.056
12/18/1994,2.832
12/19/1994,93.757
12/20/1994,86.933
12/21/1994,174.12
12/22/1994,75.096
12/23/1994,68.951
12/24/1994,2.832
12/25/1994,2.832
12/26/1994,72.463
12/27/1994,112.757
12/28/1994,88.065
12/29/1994,133.344
12/30/1994,168.966
12/31/1994,3.087
1/1/1995,3.002
1/2/1995,178.764
1/3/1995,75.436
1/4/1995,58.333
1/5/1995,230.414
1/6/1995,150.475
1/7/1995,4.672
1/8/1995,4.786
1/9/1995,299.847
1/10/1995,110.917
1/11/1995,149.428
1/12/1995,77.475
1/13/1995,175.762
1/14/1995,3.879
1/15/1995,88.632
1/16/1995,283.281
1/17/1995,310.72
1/18/1995,254.823
1/19/1995,265.81
1/20/1995,407.564
1/21/1995,203.485
1/22/1995,428.377
1/23/1995,373.159
1/24/1995,358.151
1/25/1995,341.812
1/26/1995,297.553
1/27/1995,391.055
1/28/1995,324.567
1/29/1995,187.287
1/30/1995,521.199
1/31/1995,289.115
2/1/1995,239.588
2/2/1995,256.947
2/3/1995,492.457
2/4/1995,245.11
2/5/1995,280.28
2/6/1995,324.199
2/7/1995,304.717
2/8/1995,560.191
2/9/1995,273.399
2/10/1995,311.881
2/11/1995,233.982
2/12/1995,135.439
2/13/1995,291.125
2/14/1995,152.231
2/15/1995,223.759
2/16/1995,137.846
2/17/1995,210.252
2/18/1995,107.604
2/19/1995,175.338
2/20/1995,256.012
2/21/1995,245.393
2/22/1995,157.781
2/23/1995,189.808
2/24/1995,332.099
2/25/1995,145.945
2/26/1995,196.858
2/27/1995,343.454
2/28/1995,191.252
3/1/1995,201.814
3/2/1995,197.113
3/3/1995,57.936
3/4/1995,254.908
3/5/1995,116.948
3/6/1995,330.57
3/7/1995,156.054
3/8/1995,235.907
3/9/1995,197.736
3/10/1995,142.207
3/11/1995,4.248
3/12/1995,122.867
3/13/1995,277.108
3/14/1995,267.99
3/15/1995,416.087
3/16/1995,3.766
3/17/1995,94.748
3/18/1995,332.099
3/19/1995,165.795
3/20/1995,309.446
3/21/1995,198.416
3/22/1995,244.685
3/23/1995,325.926
3/24/1995,93.729
3/25/1995,28.685
3/26/1995,2.633
3/27/1995,136.232
3/28/1995,160.585
3/29/1995,101.572
3/30/1995,152.882
3/31/1995,162.708
4/1/1995,138.639
4/2/1995,NA
4/3/1995,186.636
4/4/1995,88.49
4/5/1995,323.633
4/6/1995,230.131
4/7/1995,87.556
4/8/1995,202.578
4/9/1995,112.078
4/10/1995,134.816
4/11/1995,208.072
4/12/1995,177.461
4/13/1995,115.193
4/14/1995,2.464
4/15/1995,137.959
4/16/1995,43.013
4/17/1995,225.005
4/18/1995,212.942
4/19/1995,145.86
4/20/1995,229.423
4/21/1995,2.152
4/22/1995,2.18
4/23/1995,2.492
4/24/1995,138.922
4/25/1995,120.176
4/26/1995,112.333
4/27/1995,217.388
4/28/1995,5.635
4/29/1995,63.939
4/30/1995,83.931
5/1/1995,162.623
5/2/1995,173.695
5/3/1995,4.134
5/4/1995,83.365
5/5/1995,73.001
5/6/1995,170.807
5/7/1995,15.914
5/8/1995,195.669
5/9/1995,138.356
5/10/1995,266.518
5/11/1995,94.238
5/12/1995,57.143
5/13/1995,74.53
5/14/1995,68.017
5/15/1995,71.415
5/16/1995,202.89
5/17/1995,210.988
5/18/1995,248.961
5/19/1995,2.124
5/20/1995,2.152
5/21/1995,2.18
5/22/1995,122.074
5/23/1995,220.928
5/24/1995,105.169
5/25/1995,76.767
5/26/1995,166.871
5/27/1995,2.124
5/28/1995,2.18
5/29/1995,176.895
5/30/1995,77.758
5/31/1995,182.219
6/1/1995,102.733
6/2/1995,116.892
6/3/1995,45.307
6/4/1995,2.124
6/5/1995,133.429
6/6/1995,2.124
6/7/1995,326.011
6/8/1995,319.895
6/9/1995,2.067
6/10/1995,134.646
6/11/1995,227.554
6/12/1995,157.923
6/13/1995,165.144
6/14/1995,327.002
6/15/1995,291.89
6/16/1995,294.806
6/17/1995,141.188
6/18/1995,224.467
6/19/1995,295.514
6/20/1995,346.314
6/21/1995,265.385
6/22/1995,243.723
6/23/1995,305.85
6/24/1995,478.186
6/25/1995,563.731
6/26/1995,493.987
6/27/1995,462.555
6/28/1995,544.928
6/29/1995,568.177
6/30/1995,490.9
7/1/1995,497.696
7/2/1995,603.686
7/3/1995,732.98
7/4/1995,693.677
7/5/1995,682.435
7/6/1995,526.664
7/7/1995,711.431
7/8/1995,697.273
7/9/1995,694.441
7/10/1995,634.296
7/11/1995,721.059
7/12/1995,661.934
7/13/1995,746.374
7/14/1995,753.538
7/15/1995,488.946
7/16/1995,473.768
7/17/1995,655.194
7/18/1995,641.149
7/19/1995,608.953
7/20/1995,580.324
7/21/1995,490.249
7/22/1995,558.351
7/23/1995,500.953
7/24/1995,529.977
7/25/1995,580.664
7/26/1995,585.903
7/27/1995,549.827
7/28/1995,523.493
7/29/1995,62.835
7/30/1995,2.01
7/31/1995,316.355
8/1/1995,213.707
8/2/1995,391.65
8/3/1995,298.94
8/4/1995,349.344
8/5/1995,249.443
8/6/1995,221.352
8/7/1995,146.454
8/8/1995,170.354
8/9/1995,162.284
8/10/1995,99.109
8/11/1995,95.541
8/12/1995,109.756
8/13/1995,1.982
8/14/1995,302.254
8/15/1995,127.822
8/16/1995,270.057
8/17/1995,196.717
8/18/1995,2.067
8/19/1995,2.095
8/20/1995,73.51
8/21/1995,80.25
8/22/1995,93.389
8/23/1995,61.731
8/24/1995,124.254
8/25/1995,76.285
8/26/1995,2.095
8/27/1995,38.256
8/28/1995,115.957
8/29/1995,111.058
8/30/1995,91.605
8/31/1995,122.187
9/1/1995,63.6
9/2/1995,2.039
9/3/1995,2.067
9/4/1995,2.095
9/5/1995,143.283
9/6/1995,97.183
9/7/1995,48.677
9/8/1995,43.863
9/9/1995,122.753
9/10/1995,2.067
9/11/1995,69.235
9/12/1995,98.939
9/13/1995,317.176
9/14/1995,124.396
9/15/1995,2.039
9/16/1995,2.039
9/17/1995,2.095
9/18/1995,136.572
9/19/1995,2.095
9/20/1995,133.854
9/21/1995,146.2
9/22/1995,120.516
9/23/1995,2.039
9/24/1995,2.095
9/25/1995,68.725
9/26/1995,49.753
9/27/1995,25.485
9/28/1995,71.726
9/29/1995,2.039
9/30/1995,122.753
10/1/1995,109.331
10/2/1995,159.65
10/3/1995,170.694
10/4/1995,64.449
10/5/1995,330.712
10/6/1995,201.814
10/7/1995,2.01
10/8/1995,2.039
10/9/1995,73.879
10/10/1995,2.067
10/11/1995,90.897
10/12/1995,143.651
10/13/1995,2.039
10/14/1995,107.717
10/15/1995,2.01
10/16/1995,2.124
10/17/1995,50.121
10/18/1995,87.867
10/19/1995,78.183
10/20/1995,52.669
10/21/1995,2.095
10/22/1995,2.152
10/23/1995,539.633
10/24/1995,245.988
10/25/1995,315.393
10/26/1995,285.348
10/27/1995,416.229
10/28/1995,266.631
10/29/1995,342.548
10/30/1995,394.736
10/31/1995,265.923
11/1/1995,353.167
11/2/1995,501.802
11/3/1995,287.132
11/4/1995,273.37
11/5/1995,368.713
11/6/1995,419.23
11/7/1995,416.993
11/8/1995,244.997
11/9/1995,346.06
11/10/1995,130.286
11/11/1995,43.268
11/12/1995,98.514
11/13/1995,238.314
11/14/1995,284.725
11/15/1995,315.789
11/16/1995,242.165
11/17/1995,84.922
11/18/1995,191.62
11/19/1995,202.692
11/20/1995,203.116
11/21/1995,234.52
11/22/1995,265.781
11/23/1995,125.698
11/24/1995,305.114
11/25/1995,68.64
11/26/1995,222.457
11/27/1995,243.241
11/28/1995,174.771
11/29/1995,242.647
11/30/1995,210.762
12/1/1995,177.065
12/2/1995,146.171
12/3/1995,222.089
12/4/1995,244.855
12/5/1995,190.572
12/6/1995,212.687
12/7/1995,337.508
12/8/1995,110.832
12/9/1995,3.313
12/10/1995,154.128
12/11/1995,447.292
12/12/1995,185.447
12/13/1995,150.107
12/14/1995,87.64
12/15/1995,219.314
12/16/1995,223.363
12/17/1995,327.909
12/18/1995,312.023
12/19/1995,46.043
12/20/1995,161.462
12/21/1995,192.016
12/22/1995,83.563
12/23/1995,175.451
12/24/1995,31.856
12/25/1995,53.519
12/26/1995,221.834
12/27/1995,219.682
12/28/1995,200.285
12/29/1995,191.676
12/30/1995,277.278
12/31/1995,70.367
1/1/1996,191.337
1/2/1996,182.275
1/3/1996,219.937
1/4/1996,217.246
1/5/1996,150.702
1/6/1996,221.211
1/7/1996,185.588
1/8/1996,207.109
1/9/1996,109.614
1/10/1996,77.73
1/11/1996,184.824
1/12/1996,128.502
1/13/1996,96.136
1/14/1996,55.897
1/15/1996,114.541
1/16/1996,253.888
1/17/1996,176.64
1/18/1996,62.269
1/19/1996,250.689
1/20/1996,382.333
1/21/1996,445.621
1/22/1996,510.552
1/23/1996,705.598
1/24/1996,493.477
1/25/1996,439.505
1/26/1996,409.518
1/27/1996,489.654
1/28/1996,390.177
1/29/1996,605.64
1/30/1996,476.345
1/31/1996,574.066
2/1/1996,585.875
2/2/1996,527.797
2/3/1996,309.871
2/4/1996,447.434
2/5/1996,645.566
2/6/1996,432.341
2/7/1996,503.048
2/8/1996,606.348
2/9/1996,493.222
2/10/1996,427.046
2/11/1996,423.308
2/12/1996,667.115
2/13/1996,490.22
2/14/1996,413.34
2/15/1996,602.468
2/16/1996,506.616
2/17/1996,525.531
2/18/1996,553.678
2/19/1996,461.705
2/20/1996,468.105
2/21/1996,399.975
2/22/1996,538.019
2/23/1996,502.114
2/24/1996,433.813
2/25/1996,514.092
2/26/1996,500.953
2/27/1996,452.757
2/28/1996,541.53
2/29/1996,619.94
3/1/1996,540.03
3/2/1996,447.066
3/3/1996,548.242
3/4/1996,572.424
3/5/1996,519.981
3/6/1996,447.066
3/7/1996,295.599
3/8/1996,294.296
3/9/1996,159.509
3/10/1996,55.869
3/11/1996,299.252
3/12/1996,217.728
3/13/1996,100.043
3/14/1996,74.36
3/15/1996,18.151
3/16/1996,107.83
3/17/1996,3.936
3/18/1996,67.677
3/19/1996,386.836
3/20/1996,308.455
3/21/1996,550.535
3/22/1996,487.445
3/23/1996,427.697
3/24/1996,547.449
3/25/1996,472.862
3/26/1996,376.104
3/27/1996,418.437
3/28/1996,444.007
3/29/1996,401.589
3/30/1996,3.738
3/31/1996,40.068
4/1/1996,194.593
4/2/1996,219.682
4/3/1996,240.495
4/4/1996,419.202
4/5/1996,351.638
4/6/1996,433.162
4/7/1996,185.022
4/8/1996,465.868
4/9/1996,508.4
4/10/1996,289.483
4/11/1996,158.093
4/12/1996,322.443
4/13/1996,77.616
4/14/1996,136.26
4/15/1996,208.27
4/16/1996,175.508
4/17/1996,247.63
4/18/1996,304.689
4/19/1996,191.733
4/20/1996,217.331
4/21/1996,110.974
4/22/1996,372.394
4/23/1996,202.663
4/24/1996,118.732
4/25/1996,286
4/26/1996,153.76
4/27/1996,99.42
4/28/1996,93.077
4/29/1996,214.188
4/30/1996,148.522
5/1/1996,75.719
5/2/1996,188.052
5/3/1996,281.271
5/4/1996,116.835
5/5/1996,52.584
5/6/1996,281.356
5/7/1996,354.781
5/8/1996,327.455
5/9/1996,288.718
5/10/1996,249.641
5/11/1996,273.71
5/12/1996,280.818
5/13/1996,459.44
5/14/1996,239.447
5/15/1996,323.321
5/16/1996,452.587
5/17/1996,233.982
5/18/1996,312.193
5/19/1996,257.655
5/20/1996,200.313
5/21/1996,437.608
5/22/1996,187.854
5/23/1996,259.127
5/24/1996,98.203
5/25/1996,249.499
5/26/1996,194.055
5/27/1996,192.328
5/28/1996,58.474
5/29/1996,284.527
5/30/1996,288.86
5/31/1996,264.111
6/1/1996,181.964
6/2/1996,219.285
6/3/1996,223.136
6/4/1996,309.304
6/5/1996,267.934
6/6/1996,197.538
6/7/1996,223.051
6/8/1996,194.65
6/9/1996,2.067
6/10/1996,301.687
6/11/1996,407.932
6/12/1996,488.691
6/13/1996,561.097
6/14/1996,533.545
6/15/1996,510.467
6/16/1996,500.188
6/17/1996,317.63
6/18/1996,543.314
6/19/1996,469.917
6/20/1996,340.226
6/21/1996,222.683
6/22/1996,201.899
6/23/1996,209.516
6/24/1996,302.65
6/25/1996,235.681
6/26/1996,51.763
6/27/1996,136.572
6/28/1996,116.184
6/29/1996,124.877
6/30/1996,141.499
7/1/1996,249.981
7/2/1996,2.152
7/3/1996,2.209
7/4/1996,101.94
7/5/1996,15.546
7/6/1996,174.318
7/7/1996,12.629
7/8/1996,204.334
7/9/1996,139.857
7/10/1996,141.811
7/11/1996,48.28
7/12/1996,187.231
7/13/1996,167.494
7/14/1996,339.009
7/15/1996,267.452
7/16/1996,246.469
7/17/1996,284.357
7/18/1996,2.152
7/19/1996,138.582
7/20/1996,205.778
7/21/1996,238.286
7/22/1996,116.807
7/23/1996,78.324
7/24/1996,2.35
7/25/1996,57.936
7/26/1996,143.566
7/27/1996,24.919
7/28/1996,2.095
7/29/1996,40.663
7/30/1996,45.42
7/31/1996,75.946
8/1/1996,2.18
8/2/1996,32.338
8/3/1996,79.995
8/4/1996,2.152
8/5/1996,117.401
8/6/1996,90.217
8/7/1996,72.066
8/8/1996,198.274
8/9/1996,2.237
8/10/1996,94.918
8/11/1996,21.011
8/12/1996,112.673
8/13/1996,157.158
8/14/1996,286.821
8/15/1996,407.762
8/16/1996,306.671
8/17/1996,419.315
8/18/1996,425.432
8/19/1996,395.416
8/20/1996,456.722
8/21/1996,437.551
8/22/1996,427.329
8/23/1996,269.746
8/24/1996,141.895
8/25/1996,200.426
8/26/1996,248.508
8/27/1996,329.098
8/28/1996,135.892
8/29/1996,341.897
8/30/1996,179.472
8/31/1996,2.01
9/1/1996,60.428
9/2/1996,74.133
9/3/1996,83.733
9/4/1996,243.043
9/5/1996,485.661
9/6/1996,389.639
9/7/1996,387.204
9/8/1996,439.137
9/9/1996,491.551
9/10/1996,799.412
9/11/1996,934.568
9/12/1996,935.389
9/13/1996,939.155
9/14/1996,940.458
9/15/1996,912.197
9/16/1996,918.116
9/17/1996,926.044
9/18/1996,899.37
9/19/1996,903.221
9/20/1996,907.667
9/21/1996,915.057
9/22/1996,890.677
9/23/1996,823.622
9/24/1996,760.787
9/25/1996,694.951
9/26/1996,545.353
9/27/1996,634.579
9/28/1996,654.713
9/29/1996,748.951
9/30/1996,724.429
10/1/1996,449.331
10/2/1996,472.522
10/3/1996,576.643
10/4/1996,469.917
10/5/1996,416.88
10/6/1996,582.873
10/7/1996,640.922
10/8/1996,553.367
10/9/1996,422.119
10/10/1996,498.262
10/11/1996,477.478
10/12/1996,633.56
10/13/1996,541.446
10/14/1996,558.492
10/15/1996,466.066
10/16/1996,541.304
10/17/1996,515.649
10/18/1996,511.005
10/19/1996,115.561
10/20/1996,351.015
10/21/1996,705.938
10/22/1996,184.399
10/23/1996,187.967
10/24/1996,187.939
10/25/1996,254.823
10/26/1996,213.48
10/27/1996,265.3
10/28/1996,232.084
10/29/1996,111.398
10/30/1996,271.275
10/31/1996,160.5
11/1/1996,171.317
11/2/1996,125.5
11/3/1996,186.013
11/4/1996,156.479
11/5/1996,2.662
11/6/1996,1.982
11/7/1996,160.131
11/8/1996,70.311
11/9/1996,2.52
11/10/1996,2.775
11/11/1996,257.456
11/12/1996,394.821
11/13/1996,215.831
11/14/1996,221.267
11/15/1996,178.169
11/16/1996,103.583
11/17/1996,3.002
11/18/1996,241.316
11/19/1996,208.242
11/20/1996,275.268
11/21/1996,462.045
11/22/1996,284.499
11/23/1996,189.553
11/24/1996,41.088
11/25/1996,226.846
11/26/1996,114.655
11/27/1996,337.848
11/28/1996,64.194
11/29/1996,331.052
11/30/1996,326.946
12/1/1996,212.659
12/2/1996,359.227
12/3/1996,411.443
12/4/1996,264.989
12/5/1996,392.499
12/6/1996,228.686
12/7/1996,308.2
12/8/1996,315.931
12/9/1996,609.661
12/10/1996,514.403
12/11/1996,456.467
12/12/1996,516.782
12/13/1996,481.159
12/14/1996,519.047
12/15/1996,509.306
12/16/1996,686.144
12/17/1996,522.275
12/18/1996,571.32
12/19/1996,428.207
12/20/1996,547.845
12/21/1996,448.142
12/22/1996,586.809
12/23/1996,433.955
12/24/1996,474.816
12/25/1996,525.928
12/26/1996,606.149
12/27/1996,451.313
12/28/1996,511.005
12/29/1996,405.298
12/30/1996,630.19
12/31/1996,336.857
1/1/1997,502.765
1/2/1997,566.053
1/3/1997,488.918
1/4/1997,377.378
1/5/1997,345.323
1/6/1997,410.452
1/7/1997,395.218
1/8/1997,330.995
1/9/1997,368.458
1/10/1997,296.505
1/11/1997,272.719
1/12/1997,392.952
1/13/1997,388.875
1/14/1997,311.23
1/15/1997,393.377
1/16/1997,375.311
1/17/1997,439.505
1/18/1997,265.895
1/19/1997,402.58
1/20/1997,291.918
1/21/1997,355.263
1/22/1997,317.29
1/23/1997,229.225
1/24/1997,503.473
1/25/1997,167.012
1/26/1997,438.797
1/27/1997,346.116
1/28/1997,201.361
1/29/1997,420.306
1/30/1997,252.048
1/31/1997,443.838
2/1/1997,163.048
2/2/1997,466.038
2/3/1997,210.762
2/4/1997,355.942
2/5/1997,241.146
2/6/1997,374.999
2/7/1997,515.196
2/8/1997,425.063
2/9/1997,353.195
2/10/1997,458.93
2/11/1997,350.817
2/12/1997,331.533
2/13/1997,511.26
2/14/1997,213.226
2/15/1997,254.625
2/16/1997,291.097
2/17/1997,462.668
2/18/1997,173.497
2/19/1997,63.231
2/20/1997,78.607
2/21/1997,172.308
2/22/1997,75.351
2/23/1997,237.946
2/24/1997,263.261
2/25/1997,254.568
2/26/1997,346.569
2/27/1997,349.769
2/28/1997,328.73
3/1/1997,397.058
3/2/1997,299.422
3/3/1997,474.731
3/4/1997,348.382
3/5/1997,405.1
3/6/1997,401.929
3/7/1997,484.84
3/8/1997,494.355
3/9/1997,596.408
3/10/1997,498.999
3/11/1997,564.92
3/12/1997,582.307
3/13/1997,520.01
3/14/1997,496.422
3/15/1997,481.301
3/16/1997,552.319
3/17/1997,489.739
3/18/1997,497.498
3/19/1997,416.625
3/20/1997,237.238
3/21/1997,445.452
3/22/1997,271.332
3/23/1997,293.334
3/24/1997,479.913
3/25/1997,393.179
3/26/1997,382.418
3/27/1997,245.054
3/28/1997,293.334
3/29/1997,247.885
3/30/1997,134.873
3/31/1997,361.804
4/1/1997,197.142
4/2/1997,280.166
4/3/1997,110.436
4/4/1997,213.933
4/5/1997,190.204
4/6/1997,75.464
4/7/1997,228.856
4/8/1997,167.466
4/9/1997,196.943
4/10/1997,296.562
4/11/1997,91.69
4/12/1997,131.843
4/13/1997,225.996
4/14/1997,317.969
4/15/1997,206.373
4/16/1997,417.56
4/17/1997,216.992
4/18/1997,155.346
4/19/1997,80.306
4/20/1997,174.658
4/21/1997,262.61
4/22/1997,330.004
4/23/1997,132.494
4/24/1997,189.751
4/25/1997,426.224
4/26/1997,396.945
4/27/1997,425.885
4/28/1997,425.885
4/29/1997,224.467
4/30/1997,334.223
5/1/1997,580.863
5/2/1997,433.643
5/3/1997,501.915
5/4/1997,477.988
5/5/1997,593.152
5/6/1997,521.029
5/7/1997,549.912
5/8/1997,593.35
5/9/1997,613.059
5/10/1997,405.213
5/11/1997,574.576
5/12/1997,575.454
5/13/1997,542.493
5/14/1997,542.748
5/15/1997,551.385
5/16/1997,430.217
5/17/1997,208.015
5/18/1997,469.917
5/19/1997,374.348
5/20/1997,271.077
5/21/1997,273.597
5/22/1997,256.324
5/23/1997,155.827
5/24/1997,2.124
5/25/1997,80.76
5/26/1997,193.913
5/27/1997,245.11
5/28/1997,135.269
5/29/1997,230.187
5/30/1997,266.942
5/31/1997,232.226
6/1/1997,167.296
6/2/1997,95.116
6/3/1997,35.198
6/4/1997,64.959
6/5/1997,127.596
6/6/1997,222.06
6/7/1997,195.981
6/8/1997,167.805
6/9/1997,237.804
6/10/1997,278.411
6/11/1997,168.995
6/12/1997,190.544
6/13/1997,149.683
6/14/1997,81.298
6/15/1997,262.865
6/16/1997,177.461
6/17/1997,258.476
6/18/1997,227.639
6/19/1997,287.784
6/20/1997,255.418
6/21/1997,285.745
6/22/1997,312.787
6/23/1997,359.114
6/24/1997,317.63
6/25/1997,234.746
6/26/1997,268.443
6/27/1997,273.823
6/28/1997,150.504
6/29/1997,208.751
6/30/1997,238.965
7/1/1997,339.518
7/2/1997,155.034
7/3/1997,206.061
7/4/1997,2.067
7/5/1997,35.198
7/6/1997,128.473
7/7/1997,136.629
7/8/1997,207.279
7/9/1997,278.184
7/10/1997,2.095
7/11/1997,132.664
7/12/1997,126.123
7/13/1997,46.949
7/14/1997,143.878
7/15/1997,192.752
7/16/1997,152.826
7/17/1997,65.468
7/18/1997,156.932
7/19/1997,84.158
7/20/1997,45.902
7/21/1997,298.657
7/22/1997,21.266
7/23/1997,2.152
7/24/1997,53.037
7/25/1997,143.736
7/26/1997,2.265
7/27/1997,48.082
7/28/1997,279.742
7/29/1997,83.959
7/30/1997,22.172
7/31/1997,221.126
8/1/1997,151.268
8/2/1997,29.421
8/3/1997,2.209
8/4/1997,257.088
8/5/1997,63.345
8/6/1997,117.628
8/7/1997,37.945
8/8/1997,168.145
8/9/1997,2.18
8/10/1997,127.454
8/11/1997,219.115
8/12/1997,187.117
8/13/1997,166.276
8/14/1997,66.12
8/15/1997,123.943
8/16/1997,178.169
8/17/1997,36.359
8/18/1997,51.82
8/19/1997,119.837
8/20/1997,64.591
8/21/1997,118.223
8/22/1997,57.625
8/23/1997,59.635
8/24/1997,65.27
8/25/1997,116.524
8/26/1997,165.88
8/27/1997,114.881
8/28/1997,136.572
8/29/1997,57.37
8/30/1997,2.152
8/31/1997,94.408
9/1/1997,176.64
9/2/1997,245.252
9/3/1997,104.121
9/4/1997,2.124
9/5/1997,167.437
9/6/1997,2.152
9/7/1997,91.01
9/8/1997,106.811
9/9/1997,79.627
9/10/1997,129.493
9/11/1997,157.272
9/12/1997,52.358
9/13/1997,2.095
9/14/1997,2.124
9/15/1997,123.971
9/16/1997,137.393
9/17/1997,77.277
9/18/1997,104.942
9/19/1997,2.322
9/20/1997,173.072
9/21/1997,11.78
9/22/1997,67.621
9/23/1997,129.323
9/24/1997,2.18
9/25/1997,106.018
9/26/1997,76.399
9/27/1997,43.495
9/28/1997,2.067
9/29/1997,297.864
9/30/1997,2.095
10/1/1997,2.152
10/2/1997,57.285
10/3/1997,77.56
10/4/1997,98.627
10/5/1997,165.908
10/6/1997,105.933
10/7/1997,104.687
10/8/1997,176.98
10/9/1997,126.916
10/10/1997,59.097
10/11/1997,2.067
10/12/1997,2.095
10/13/1997,171.062
10/14/1997,2.18
10/15/1997,2.18
10/16/1997,168.74
10/17/1997,70.99
10/18/1997,36.5
10/19/1997,44.939
10/20/1997,27.071
10/21/1997,132.466
10/22/1997,102.365
10/23/1997,77.22
10/24/1997,14.215
10/25/1997,2.124
10/26/1997,2.124
10/27/1997,50.376
10/28/1997,170.071
10/29/1997,66.29
10/30/1997,40.323
10/31/1997,41.824
11/1/1997,57.54
11/2/1997,2.237
11/3/1997,19.68
11/4/1997,15.149
11/5/1997,30.497
11/6/1997,158.659
11/7/1997,43.863
11/8/1997,2.464
11/9/1997,2.379
11/10/1997,176.102
11/11/1997,2.265
11/12/1997,2.407
11/13/1997,88.745
11/14/1997,38.822
11/15/1997,150.589
11/16/1997,258.221
11/17/1997,253.265
11/18/1997,210.224
11/19/1997,240.07
11/20/1997,156.45
11/21/1997,216.284
11/22/1997,127.879
11/23/1997,286
11/24/1997,263.658
11/25/1997,236.474
11/26/1997,152.967
11/27/1997,169.334
11/28/1997,90.302
11/29/1997,231.773
11/30/1997,252.812
12/1/1997,287.812
12/2/1997,207.392
12/3/1997,200.908
12/4/1997,195.414
12/5/1997,259.354
12/6/1997,265.697
12/7/1997,74.841
12/8/1997,139.489
12/9/1997,172.761
12/10/1997,17.443
12/11/1997,118.166
12/12/1997,65.214
12/13/1997,74.955
12/14/1997,161.321
12/15/1997,270.709
12/16/1997,90.104
12/17/1997,116.722
12/18/1997,188.59
12/19/1997,121.253
12/20/1997,2.917
12/21/1997,73.794
12/22/1997,189.241
12/23/1997,104.914
12/24/1997,2.973
12/25/1997,2.917
12/26/1997,2.973
12/27/1997,118.931
12/28/1997,3.171
12/29/1997,182.134
12/30/1997,81.467
12/31/1997,309.984
1/1/1998,210.535
1/2/1998,147.304
1/3/1998,3.115
1/4/1998,49.696
1/5/1998,19.227
1/6/1998,190.374
1/7/1998,182.473
1/8/1998,299.11
1/9/1998,196.349
1/10/1998,144.699
1/11/1998,96.674
1/12/1998,336.149
1/13/1998,138.752
1/14/1998,275.041
1/15/1998,238.399
1/16/1998,286.311
1/17/1998,191.676
1/18/1998,138.979
1/19/1998,569.083
1/20/1998,471.475
1/21/1998,554.981
1/22/1998,573.812
1/23/1998,359.822
1/24/1998,515.592
1/25/1998,488.72
1/26/1998,538.982
1/27/1998,444.064
1/28/1998,418.182
1/29/1998,482.688
1/30/1998,449.303
1/31/1998,516.612
2/1/1998,513.78
2/2/1998,535.839
2/3/1998,543.683
2/4/1998,566.676
2/5/1998,452.474
2/6/1998,451.285
2/7/1998,317.261
2/8/1998,569.932
2/9/1998,790.548
2/10/1998,577.918
2/11/1998,747.762
2/12/1998,583.723
2/13/1998,661.792
2/14/1998,668.531
2/15/1998,631.55
2/16/1998,711.913
2/17/1998,647.662
2/18/1998,533.319
2/19/1998,634.126
2/20/1998,820.423
2/21/1998,961.355
2/22/1998,960.364
2/23/1998,972.456
2/24/1998,962.969
2/25/1998,942.553
2/26/1998,938.872
2/27/1998,916.162
2/28/1998,911.546
3/1/1998,917.606
3/2/1998,918.087
3/3/1998,912.735
3/4/1998,805.783
3/5/1998,434.068
3/6/1998,513.61
3/7/1998,548.185
3/8/1998,657.29
3/9/1998,470.54
3/10/1998,469.379
3/11/1998,605.668
3/12/1998,670.627
3/13/1998,626.453
3/14/1998,743.543
3/15/1998,589.329
3/16/1998,792.984
3/17/1998,571.603
3/18/1998,641.885
3/19/1998,346.966
3/20/1998,278.751
3/21/1998,193.206
3/22/1998,3.285
3/23/1998,599.693
3/24/1998,878.246
3/25/1998,937.088
3/26/1998,931.509
3/27/1998,936.776
3/28/1998,940.599
3/29/1998,944.705
3/30/1998,935.814
3/31/1998,826.822
4/1/1998,512.591
4/2/1998,409.971
4/3/1998,596.805
4/4/1998,639.422
4/5/1998,803.376
4/6/1998,532.696
4/7/1998,805.641
4/8/1998,616.457
4/9/1998,428.575
4/10/1998,552.234
4/11/1998,456.637
4/12/1998,400.598
4/13/1998,542.295
4/14/1998,599.155
4/15/1998,582.646
4/16/1998,540.879
4/17/1998,339.32
4/18/1998,387.346
4/19/1998,418.551
4/20/1998,566.902
4/21/1998,488.606
4/22/1998,508.683
4/23/1998,494.241
4/24/1998,509.957
4/25/1998,520.718
4/26/1998,494.185
4/27/1998,478.724
4/28/1998,432.596
4/29/1998,540.908
4/30/1998,441.6
5/1/1998,706.901
5/2/1998,438.825
5/3/1998,471.305
5/4/1998,483.226
5/5/1998,491.551
5/6/1998,544.164
5/7/1998,607.424
5/8/1998,514.29
5/9/1998,402.382
5/10/1998,430.783
5/11/1998,576.53
5/12/1998,537.34
5/13/1998,531.535
5/14/1998,532.299
5/15/1998,582.675
5/16/1998,590.519
5/17/1998,539.605
5/18/1998,527.146
5/19/1998,543.371
5/20/1998,534.621
5/21/1998,517.121
5/22/1998,506.531
5/23/1998,464.226
5/24/1998,356.48
5/25/1998,590.065
5/26/1998,605.187
5/27/1998,508.117
5/28/1998,578.852
5/29/1998,577.096
5/30/1998,470.484
5/31/1998,486.737
6/1/1998,499.338
6/2/1998,458.534
6/3/1998,449.133
6/4/1998,439.817
6/5/1998,329.098
6/6/1998,322.585
6/7/1998,325.275
6/8/1998,364.324
6/9/1998,334.365
6/10/1998,291.04
6/11/1998,273.144
6/12/1998,281.044
6/13/1998,50.319
6/14/1998,2.152
6/15/1998,133.061
6/16/1998,192.526
6/17/1998,112.106
6/18/1998,205.438
6/19/1998,104.8
6/20/1998,2.152
6/21/1998,2.152
6/22/1998,148.182
6/23/1998,135.637
6/24/1998,185.843
6/25/1998,246.611
6/26/1998,261.789
6/27/1998,147.7
6/28/1998,12.233
6/29/1998,79.683
6/30/1998,151.58
7/1/1998,212.744
7/2/1998,230.442
7/3/1998,127.482
7/4/1998,2.152
7/5/1998,2.152
7/6/1998,233.727
7/7/1998,69.858
7/8/1998,80.42
7/9/1998,171.317
7/10/1998,173.242
7/11/1998,77.277
7/12/1998,2.039
7/13/1998,282.347
7/14/1998,61.617
7/15/1998,119.865
7/16/1998,96.674
7/17/1998,124.679
7/18/1998,126.803
7/19/1998,199.69
7/20/1998,193.46
7/21/1998,161.292
7/22/1998,166.05
7/23/1998,117.571
7/24/1998,193.375
7/25/1998,2.18
7/26/1998,2.18
7/27/1998,155.629
7/28/1998,177.688
7/29/1998,137.053
7/30/1998,97.325
7/31/1998,100.27
8/1/1998,35.424
8/2/1998,70.197
8/3/1998,378.567
8/4/1998,52.16
8/5/1998,50.885
8/6/1998,41.626
8/7/1998,2.209
8/8/1998,184.314
8/9/1998,2.152
8/10/1998,192.498
8/11/1998,47.261
8/12/1998,2.209
8/13/1998,73.963
8/14/1998,68.159
8/15/1998,2.152
8/16/1998,2.18
8/17/1998,58.418
8/18/1998,57.993
8/19/1998,66.176
8/20/1998,91.718
8/21/1998,146.539
8/22/1998,108.963
8/23/1998,114.626
8/24/1998,213.565
8/25/1998,101.714
8/26/1998,118.194
8/27/1998,2.237
8/28/1998,158.517
8/29/1998,67.111
8/30/1998,2.209
8/31/1998,51.905
9/1/1998,92.086
9/2/1998,64.194
9/3/1998,2.35
9/4/1998,138.866
9/5/1998,2.18
9/6/1998,2.209
9/7/1998,119.355
9/8/1998,2.209
9/9/1998,2.209
9/10/1998,128.02
9/11/1998,128.672
9/12/1998,2.124
9/13/1998,2.152
9/14/1998,162.482
9/15/1998,126.604
9/16/1998,122.867
9/17/1998,52.839
9/18/1998,56.634
9/19/1998,2.209
9/20/1998,2.86
9/21/1998,80.052
9/22/1998,158.631
9/23/1998,27.411
9/24/1998,2.237
9/25/1998,226.336
9/26/1998,38.879
9/27/1998,2.152
9/28/1998,308.936
9/29/1998,158.433
9/30/1998,73.51
10/1/1998,138.214
10/2/1998,2.124
10/3/1998,2.18
10/4/1998,70.99
10/5/1998,42.362
10/6/1998,64.704
10/7/1998,59.664
10/8/1998,59.239
10/9/1998,2.152
10/10/1998,74.728
10/11/1998,90.812
10/12/1998,110.464
10/13/1998,5.097
10/14/1998,2.237
10/15/1998,153.392
10/16/1998,80.448
10/17/1998,2.209
10/18/1998,62.382
10/19/1998,203.938
10/20/1998,47.487
10/21/1998,49.215
10/22/1998,103.838
10/23/1998,58.389
10/24/1998,2.237
10/25/1998,2.209
10/26/1998,99.902
10/27/1998,109.926
10/28/1998,2.152
10/29/1998,2.095
10/30/1998,37.208
10/31/1998,2.124
11/1/1998,2.265
11/2/1998,124.962
11/3/1998,49.469
11/4/1998,83.478
11/5/1998,89.821
11/6/1998,89.34
11/7/1998,2.577
11/8/1998,2.577
11/9/1998,91.067
11/10/1998,2.237
11/11/1998,102.62
11/12/1998,155.176
11/13/1998,186.353
11/14/1998,2.322
11/15/1998,12.431
11/16/1998,61.872
11/17/1998,2.265
11/18/1998,83.874
11/19/1998,53.094
11/20/1998,2.322
11/21/1998,2.435
11/22/1998,25.174
11/23/1998,149.145
11/24/1998,87.471
11/25/1998,38.029
11/26/1998,2.35
11/27/1998,46.496
11/28/1998,16.594
11/29/1998,60.23
11/30/1998,94.352
12/1/1998,72.038
12/2/1998,89.113
12/3/1998,50.121
12/4/1998,63.175
12/5/1998,2.322
12/6/1998,2.294
12/7/1998,195.896
12/8/1998,96.419
12/9/1998,18.859
12/10/1998,78.551
12/11/1998,147.729
12/12/1998,2.605
12/13/1998,2.662
12/14/1998,133.995
12/15/1998,164.775
12/16/1998,30.214
12/17/1998,281.044
12/18/1998,77.588
12/19/1998,2.69
12/20/1998,2.577
12/21/1998,2.605
12/22/1998,98.741
12/23/1998,40.068
12/24/1998,3.087
12/25/1998,3.058
12/26/1998,3.087
12/27/1998,3.002
12/28/1998,81.269
12/29/1998,48.393
12/30/1998,179.415
12/31/1998,112.531
1/1/1999,3.058
1/2/1999,3.087
1/3/1999,2.803
1/4/1999,202.239
1/5/1999,401.589
1/6/1999,265.668
1/7/1999,302.99
1/8/1999,118.477
1/9/1999,79.259
1/10/1999,238.371
1/11/1999,80.278
1/12/1999,41.909
1/13/1999,121.111
1/14/1999,292.059
1/15/1999,172.251
1/16/1999,63.43
1/17/1999,2.888
1/18/1999,2.69
1/19/1999,104.121
1/20/1999,193.234
1/21/1999,119.667
1/22/1999,186.268
1/23/1999,76.54
1/24/1999,2.605
1/25/1999,292.966
1/26/1999,462.612
1/27/1999,449.388
1/28/1999,507.862
1/29/1999,614.843
1/30/1999,391.112
1/31/1999,515.479
2/1/1999,435.456
2/2/1999,194.423
2/3/1999,156.195
2/4/1999,255.049
2/5/1999,164.521
2/6/1999,91.18
2/7/1999,113.324
2/8/1999,161.887
2/9/1999,243.751
2/10/1999,393.83
2/11/1999,304.321
2/12/1999,210.904
2/13/1999,234.916
2/14/1999,175.904
2/15/1999,262.468
2/16/1999,204.447
2/17/1999,167.012
2/18/1999,205.778
2/19/1999,224.467
2/20/1999,81.439
2/21/1999,170.354
2/22/1999,248.197
2/23/1999,262.015
2/24/1999,271.501
2/25/1999,286.708
2/26/1999,73.935
2/27/1999,79.23
2/28/1999,51.508
3/1/1999,106.613
3/2/1999,75.662
3/3/1999,157.753
3/4/1999,370.61
3/5/1999,109.558
3/6/1999,2.832
3/7/1999,2.945
3/8/1999,351.015
3/9/1999,151.721
3/10/1999,87.159
3/11/1999,3.2
3/12/1999,58.587
3/13/1999,3.171
3/14/1999,79.74
3/15/1999,3.228
3/16/1999,42.022
3/17/1999,2.775
3/18/1999,2.605
3/19/1999,28.968
3/20/1999,2.69
3/21/1999,2.69
3/22/1999,43.749
3/23/1999,62.892
3/24/1999,59.947
3/25/1999,46.638
3/26/1999,112.757
3/27/1999,2.718
3/28/1999,2.605
3/29/1999,100.808
3/30/1999,57.766
3/31/1999,2.549
4/1/1999,2.464
4/2/1999,2.322
4/3/1999,2.209
4/4/1999,2.209
4/5/1999,102.195
4/6/1999,17.981
4/7/1999,70.622
4/8/1999,2.237
4/9/1999,307.379
4/10/1999,324.256
4/11/1999,150.844
4/12/1999,309.191
4/13/1999,155.148
4/14/1999,261.138
4/15/1999,265.583
4/16/1999,257.485
4/17/1999,2.322
4/18/1999,104.772
4/19/1999,327.739
4/20/1999,192.469
4/21/1999,235.029
4/22/1999,189.553
4/23/1999,141.018
4/24/1999,90.84
4/25/1999,171.685
4/26/1999,182.785
4/27/1999,231.348
4/28/1999,177.376
4/29/1999,180.067
4/30/1999,84.752
5/1/1999,128.19
5/2/1999,120.063
5/3/1999,70.99
5/4/1999,199.095
5/5/1999,162.085
5/6/1999,145.067
5/7/1999,178.198
5/8/1999,78.749
5/9/1999,40.578
5/10/1999,369.902
5/11/1999,146.539
5/12/1999,179.444
5/13/1999,163.161
5/14/1999,131.758
5/15/1999,78.183
5/16/1999,145.973
5/17/1999,310.834
5/18/1999,197.396
5/19/1999,59.21
5/20/1999,239.39
5/21/1999,189.468
5/22/1999,69.433
5/23/1999,120.573
5/24/1999,254.341
5/25/1999,271.586
5/26/1999,148.069
5/27/1999,182.19
5/28/1999,119.497
5/29/1999,134.476
5/30/1999,95.711
5/31/1999,157.668
6/1/1999,262.27
6/2/1999,158.546
6/3/1999,116.24
6/4/1999,124.311
6/5/1999,71.726
6/6/1999,98.542
6/7/1999,214.132
6/8/1999,202.55
6/9/1999,54.425
6/10/1999,202.89
6/11/1999,2.265
6/12/1999,56.634
6/13/1999,112.729
6/14/1999,73.425
6/15/1999,117.118
6/16/1999,105.084
6/17/1999,75.323
6/18/1999,79.032
6/19/1999,2.237
6/20/1999,60.655
6/21/1999,86.196
6/22/1999,52.358
6/23/1999,84.384
6/24/1999,136.629
6/25/1999,2.152
6/26/1999,2.152
6/27/1999,63.118
6/28/1999,186.579
6/29/1999,94.012
6/30/1999,2.209
7/1/1999,101.912
7/2/1999,125.387
7/3/1999,34.433
7/4/1999,52.245
7/5/1999,232.566
7/6/1999,245.592
7/7/1999,197.934
7/8/1999,171.543
7/9/1999,245.337
7/10/1999,82.77
7/11/1999,2.095
7/12/1999,14.272
7/13/1999,9.061
7/14/1999,42.843
7/15/1999,95.258
7/16/1999,247.291
7/17/1999,2.209
7/18/1999,2.209
7/19/1999,279.458
7/20/1999,234.803
7/21/1999,234.491
7/22/1999,281.271
7/23/1999,176.669
7/24/1999,2.322
7/25/1999,40.635
7/26/1999,2.265
7/27/1999,197.595
7/28/1999,82.742
7/29/1999,84.809
7/30/1999,210.705
7/31/1999,118.562
8/1/1999,161.661
8/2/1999,92.511
8/3/1999,68.895
8/4/1999,56.549
8/5/1999,155.459
8/6/1999,113.862
8/7/1999,73.397
8/8/1999,85.941
8/9/1999,34.801
8/10/1999,52.783
8/11/1999,112.956
8/12/1999,122.187
8/13/1999,220.984
8/14/1999,2.35
8/15/1999,2.35
8/16/1999,134.335
8/17/1999,49.724
8/18/1999,147.87
8/19/1999,100.723
8/20/1999,60.57
8/21/1999,26.561
8/22/1999,74.247
8/23/1999,67.79
8/24/1999,151.891
8/25/1999,155.374
8/26/1999,46.015
8/27/1999,5.352
8/28/1999,147.7
8/29/1999,44.854
8/30/1999,77.39
8/31/1999,105.169
9/1/1999,89.453
9/2/1999,89.34
9/3/1999,2.265
9/4/1999,42.192
9/5/1999,2.237
9/6/1999,2.237
9/7/1999,97.127
9/8/1999,37.775
9/9/1999,98.373
9/10/1999,80.505
9/11/1999,2.18
9/12/1999,2.209
9/13/1999,107.066
9/14/1999,159.82
9/15/1999,233.557
9/16/1999,2.237
9/17/1999,2.237
9/18/1999,2.237
9/19/1999,2.209
9/20/1999,2.237
9/21/1999,2.237
9/22/1999,2.095
9/23/1999,199.067
9/24/1999,128.275
9/25/1999,273.54
9/26/1999,320.291
9/27/1999,273.172
9/28/1999,7.702
9/29/1999,222.938
9/30/1999,193.574
10/1/1999,559.115
10/2/1999,283.395
10/3/1999,339.887
10/4/1999,523.351
10/5/1999,323.718
10/6/1999,413.085
10/7/1999,343.143
10/8/1999,361.974
10/9/1999,222.23
10/10/1999,229.394
10/11/1999,336.035
10/12/1999,274.843
10/13/1999,340.028
10/14/1999,218.351
10/15/1999,256.805
10/16/1999,1.982
10/17/1999,159.055
10/18/1999,181.992
10/19/1999,364.55
10/20/1999,339.122
10/21/1999,301.857
10/22/1999,176.527
10/23/1999,133.004
10/24/1999,224.269
10/25/1999,263.686
10/26/1999,315.704
10/27/1999,262.553
10/28/1999,107.321
10/29/1999,161.491
10/30/1999,106.386
10/31/1999,120.205
11/1/1999,251.68
11/2/1999,123.999
11/3/1999,221.777
11/4/1999,193.687
11/5/1999,150.589
11/6/1999,2.237
11/7/1999,46.496
11/8/1999,140.989
11/9/1999,59.295
11/10/1999,2.18
11/11/1999,55.614
11/12/1999,106.245
11/13/1999,2.265
11/14/1999,30.497
11/15/1999,106.273
11/16/1999,185.447
11/17/1999,154.298
11/18/1999,215.208
11/19/1999,215.916
11/20/1999,2.294
11/21/1999,2.294
11/22/1999,61.985
11/23/1999,147.672
11/24/1999,71.84
11/25/1999,2.095
11/26/1999,2.095
11/27/1999,27.411
11/28/1999,104.97
11/29/1999,196.066
11/30/1999,198.189
12/1/1999,244.232
12/2/1999,190.487
12/3/1999,51.027
12/4/1999,2.407
12/5/1999,2.35
12/6/1999,161.292
12/7/1999,161.377
12/8/1999,189.553
12/9/1999,108.142
12/10/1999,80.25
12/11/1999,120.063
12/12/1999,90.132
12/13/1999,40.295
12/14/1999,59.72
12/15/1999,64.817
12/16/1999,141.924
12/17/1999,66.233
12/18/1999,2.549
12/19/1999,2.605
12/20/1999,107.037
12/21/1999,139.205
12/22/1999,60.088
12/23/1999,146.398
12/24/1999,49.3
12/25/1999,3.03
12/26/1999,47.346
12/27/1999,77.05
12/28/1999,178.679
12/29/1999,56.52
12/30/1999,135.383
12/31/1999,42.022
1/1/2000,143.793
1/2/2000,168.23
1/3/2000,182.389
1/4/2000,171.062
1/5/2000,349.656
1/6/2000,290.983
1/7/2000,117.6
1/8/2000,139.319
1/9/2000,142.065
1/10/2000,229.111
1/11/2000,163.19
1/12/2000,249.669
1/13/2000,223.646
1/14/2000,362.993
1/15/2000,236.643
1/16/2000,81.864
1/17/2000,287.076
1/18/2000,337.366
1/19/2000,155.289
1/20/2000,278.864
1/21/2000,279.855
1/22/2000,174.347
1/23/2000,176.442
1/24/2000,205.976
1/25/2000,145.18
1/26/2000,193.574
1/27/2000,269.548
1/28/2000,349.486
1/29/2000,149.003
1/30/2000,168.343
1/31/2000,241.146
2/1/2000,210.988
2/2/2000,124.962
2/3/2000,165.313
2/4/2000,220.899
2/5/2000,247.007
2/6/2000,193.602
2/7/2000,185.079
2/8/2000,184.399
2/9/2000,184.88
2/10/2000,245.96
2/11/2000,244.346
2/12/2000,413.482
2/13/2000,128.19
2/14/2000,64.109
2/15/2000,197.481
2/16/2000,174.63
2/17/2000,323.18
2/18/2000,235.058
2/19/2000,102.195
2/20/2000,281.979
2/21/2000,176.669
2/22/2000,188.958
2/23/2000,210.96
2/24/2000,215.349
2/25/2000,234.888
2/26/2000,161.434
2/27/2000,185.673
2/28/2000,170.326
2/29/2000,271.813
3/1/2000,210.734
3/2/2000,292.484
3/3/2000,125.245
3/4/2000,42.673
3/5/2000,35.566
3/6/2000,97.268
3/7/2000,165.002
3/8/2000,108.963
3/9/2000,122.867
3/10/2000,35.339
3/11/2000,2.379
3/12/2000,2.577
3/13/2000,242.109
3/14/2000,154.043
3/15/2000,112.276
3/16/2000,140.848
3/17/2000,147.276
3/18/2000,135.637
3/19/2000,41.909
3/20/2000,226.166
3/21/2000,86.026
3/22/2000,62.269
3/23/2000,97.551
3/24/2000,40.097
3/25/2000,2.18
3/26/2000,2.095
3/27/2000,101.402
3/28/2000,66.884
3/29/2000,79.174
3/30/2000,85.12
3/31/2000,148.72
4/1/2000,141.329
4/2/2000,197.765
4/3/2000,291.323
4/4/2000,188.647
4/5/2000,248.678
4/6/2000,209.12
4/7/2000,387.43
4/8/2000,168.711
4/9/2000,122.385
4/10/2000,363.871
4/11/2000,179.104
4/12/2000,174.743
4/13/2000,309.333
4/14/2000,288.038
4/15/2000,181.426
4/16/2000,157.017
4/17/2000,266.999
4/18/2000,245.025
4/19/2000,200.596
4/20/2000,275.239
4/21/2000,165.54
4/22/2000,369.109
4/23/2000,238.484
4/24/2000,340.736
4/25/2000,478.327
4/26/2000,568.969
4/27/2000,545.353
4/28/2000,463.489
4/29/2000,555.236
4/30/2000,408.725
5/1/2000,558.237
5/2/2000,407.988
5/3/2000,541.389
5/4/2000,466.689
5/5/2000,229.734
5/6/2000,284.839
5/7/2000,204.164
5/8/2000,364.012
5/9/2000,211.895
5/10/2000,230.697
5/11/2000,300.894
5/12/2000,246.753
5/13/2000,166.814
5/14/2000,110.152
5/15/2000,202.437
5/16/2000,130.087
5/17/2000,190.034
5/18/2000,190.77
5/19/2000,167.89
5/20/2000,2.095
5/21/2000,23.56
5/22/2000,132.183
5/23/2000,55.869
5/24/2000,219.767
5/25/2000,65.383
5/26/2000,62.127
5/27/2000,61.504
5/28/2000,2.01
5/29/2000,1.982
5/30/2000,48.337
5/31/2000,72.18
6/1/2000,318.649
6/2/2000,178.679
6/3/2000,102.478
6/4/2000,1.982
6/5/2000,137.478
6/6/2000,147.531
6/7/2000,177.886
6/8/2000,254.625
6/9/2000,162.17
6/10/2000,296.137
6/11/2000,284.584
6/12/2000,69.348
6/13/2000,222.542
6/14/2000,170.694
6/15/2000,219.682
6/16/2000,184.88
6/17/2000,134.816
6/18/2000,284.272
6/19/2000,189.892
6/20/2000,98.996
6/21/2000,272.606
6/22/2000,202.324
6/23/2000,442.79
6/24/2000,216.085
6/25/2000,252.331
6/26/2000,258.985
6/27/2000,199.577
6/28/2000,147.162
6/29/2000,118.987
6/30/2000,148.607
7/1/2000,99.024
7/2/2000,24.409
7/3/2000,130.852
7/4/2000,13.026
7/5/2000,137.28
7/6/2000,157.866
7/7/2000,127.369
7/8/2000,2.124
7/9/2000,93.304
7/10/2000,95.003
7/11/2000,101.374
7/12/2000,103.045
7/13/2000,31.29
7/14/2000,172.676
7/15/2000,13.507
7/16/2000,100.921
7/17/2000,98.146
7/18/2000,124.792
7/19/2000,182.898
7/20/2000,108.963
7/21/2000,89.878
7/22/2000,67.252
7/23/2000,67.507
7/24/2000,2.209
7/25/2000,2.322
7/26/2000,159.112
7/27/2000,167.211
7/28/2000,203.485
7/29/2000,2.152
7/30/2000,41.484
7/31/2000,218.776
8/1/2000,108.057
8/2/2000,147.049
8/3/2000,77.22
8/4/2000,2.209
8/5/2000,2.152
8/6/2000,2.124
8/7/2000,181.199
8/8/2000,138.582
8/9/2000,152.316
8/10/2000,86.791
8/11/2000,141.499
8/12/2000,27.722
8/13/2000,2.124
8/14/2000,134.42
8/15/2000,118.534
8/16/2000,73.709
8/17/2000,77.107
8/18/2000,84.469
8/19/2000,43.24
8/20/2000,48.535
8/21/2000,125.812
8/22/2000,98.429
8/23/2000,140.904
8/24/2000,201.502
8/25/2000,131.56
8/26/2000,64.138
8/27/2000,2.124
8/28/2000,91.661
8/29/2000,130.229
8/30/2000,64.874
8/31/2000,198.529
9/1/2000,130.059
9/2/2000,2.124
9/3/2000,2.152
9/4/2000,46.411
9/5/2000,79.57
9/6/2000,113.182
9/7/2000,117.005
9/8/2000,84.158
9/9/2000,227.78
9/10/2000,102.648
9/11/2000,334.053
9/12/2000,241.344
9/13/2000,250.207
9/14/2000,170.127
9/15/2000,93.276
9/16/2000,2.095
9/17/2000,2.095
9/18/2000,329.891
9/19/2000,408.413
9/20/2000,273.739
9/21/2000,388.337
9/22/2000,195.273
9/23/2000,109.048
9/24/2000,168.485
9/25/2000,138.356
9/26/2000,2.124
9/27/2000,62.042
9/28/2000,56.379
9/29/2000,98.401
9/30/2000,69.546
10/1/2000,37.775
10/2/2000,2.152
10/3/2000,2.18
10/4/2000,161.519
10/5/2000,144.387
10/6/2000,125.84
10/7/2000,33.017
10/8/2000,67.224
10/9/2000,96.39
10/10/2000,147.077
10/11/2000,125.274
10/12/2000,120.884
10/13/2000,40.38
10/14/2000,55.812
10/15/2000,35.651
10/16/2000,127.85
10/17/2000,88.179
10/18/2000,2.124
10/19/2000,85.319
10/20/2000,27.326
10/21/2000,24.749
10/22/2000,65.865
10/23/2000,267.99
10/24/2000,2.209
10/25/2000,67.026
10/26/2000,79.287
10/27/2000,20.841
10/28/2000,52.584
10/29/2000,37.548
10/30/2000,182.105
10/31/2000,140.678
11/1/2000,125.189
11/2/2000,173.044
11/3/2000,167.635
11/4/2000,2.237
11/5/2000,2.322
11/6/2000,65.214
11/7/2000,87.612
11/8/2000,177.235
11/9/2000,52.443
11/10/2000,32.309
11/11/2000,49.385
11/12/2000,27.099
11/13/2000,164.436
11/14/2000,113.918
11/15/2000,108.312
11/16/2000,71.953
11/17/2000,2.69
11/18/2000,76.342
11/19/2000,133.485
11/20/2000,176.612
11/21/2000,107.576
11/22/2000,72.548
11/23/2000,47.827
11/24/2000,33.584
11/25/2000,25.91
11/26/2000,3.993
11/27/2000,46.553
11/28/2000,62.637
11/29/2000,82.515
11/30/2000,132.608
12/1/2000,108.255
12/2/2000,52.16
12/3/2000,4.389
12/4/2000,69.999
12/5/2000,145.888
12/6/2000,149.966
12/7/2000,100.695
12/8/2000,72.802
12/9/2000,94.635
12/10/2000,4.389
12/11/2000,121.026
12/12/2000,4.276
12/13/2000,96.843
12/14/2000,40.38
12/15/2000,111.936
12/16/2000,4.248
12/17/2000,3.993
12/18/2000,78.409
12/19/2000,127.992
12/20/2000,221.296
12/21/2000,169.901
12/22/2000,68.159
12/23/2000,3.511
12/24/2000,3.426
12/25/2000,3.511
12/26/2000,128.445
12/27/2000,67.705
12/28/2000,90.67
12/29/2000,138.951
12/30/2000,91.52
12/31/2000,4.531
1/1/2001,4.502
1/2/2001,147.899
1/3/2001,198.954
1/4/2001,88.32
1/5/2001,84.129
1/6/2001,4.417
1/7/2001,56.464
1/8/2001,48.337
1/9/2001,45.873
1/10/2001,74.926
1/11/2001,79.315
1/12/2001,20.983
1/13/2001,81.779
1/14/2001,4.304
1/15/2001,40.097
1/16/2001,127.142
1/17/2001,164.407
1/18/2001,66.686
1/19/2001,16.594
1/20/2001,4.219
1/21/2001,4.304
1/22/2001,146.086
1/23/2001,73.567
1/24/2001,90.869
1/25/2001,109.643
1/26/2001,233.755
1/27/2001,4.361
1/28/2001,147.615
1/29/2001,137.931
1/30/2001,67.875
1/31/2001,93.389
2/1/2001,94.125
2/2/2001,137.082
2/3/2001,100.61
2/4/2001,10.194
2/5/2001,75.209
2/6/2001,119.865
2/7/2001,56.407
2/8/2001,58.531
2/9/2001,72.18
2/10/2001,3.002
2/11/2001,93.955
2/12/2001,235.426
2/13/2001,151.098
2/14/2001,16.452
2/15/2001,24.692
2/16/2001,60.202
2/17/2001,4.276
2/18/2001,4.531
2/19/2001,91.435
2/20/2001,106.641
2/21/2001,55.727
2/22/2001,316.808
2/23/2001,100.496
2/24/2001,4.248
2/25/2001,70.622
2/26/2001,75.776
2/27/2001,51.99
2/28/2001,81.552
3/1/2001,147.417
3/2/2001,68.555
3/3/2001,66.743
3/4/2001,4.021
3/5/2001,4.219
3/6/2001,305.198
3/7/2001,159.14
3/8/2001,166.899
3/9/2001,115.108
3/10/2001,75.209
3/11/2001,4.219
3/12/2001,147.644
3/13/2001,39.644
3/14/2001,60.598
3/15/2001,130.569
3/16/2001,88.263
3/17/2001,4.021
3/18/2001,4.106
3/19/2001,140.593
3/20/2001,161.208
3/21/2001,39.417
3/22/2001,105.225
3/23/2001,117.996
3/24/2001,166.05
3/25/2001,223.221
3/26/2001,232.538
3/27/2001,365.598
3/28/2001,467.794
3/29/2001,193.064
3/30/2001,2.917
3/31/2001,123.093
4/1/2001,247.461
4/2/2001,463.319
4/3/2001,471.05
4/4/2001,426.111
4/5/2001,560.729
4/6/2001,648.653
4/7/2001,299.337
4/8/2001,455.051
4/9/2001,748.073
4/10/2001,495.572
4/11/2001,459.837
4/12/2001,541.672
4/13/2001,466.548
4/14/2001,321.424
4/15/2001,200.851
4/16/2001,299.195
4/17/2001,384.344
4/18/2001,258.674
4/19/2001,301.461
4/20/2001,101.318
4/21/2001,80.958
4/22/2001,289.681
4/23/2001,248.565
4/24/2001,141.924
4/25/2001,133.061
4/26/2001,206.911
4/27/2001,230.527
4/28/2001,191.705
4/29/2001,2.407
4/30/2001,225.798
5/1/2001,167.834
5/2/2001,139.064
5/3/2001,164.124
5/4/2001,143.113
5/5/2001,73.256
5/6/2001,127.624
5/7/2001,51.565
5/8/2001,215.944
5/9/2001,172.025
5/10/2001,116.24
5/11/2001,111.653
5/12/2001,69.461
5/13/2001,2.379
5/14/2001,102.903
5/15/2001,173.724
5/16/2001,37.01
5/17/2001,108.85
5/18/2001,94.606
5/19/2001,143.679
5/20/2001,2.379
5/21/2001,109.105
5/22/2001,89.991
5/23/2001,83.308
5/24/2001,127.68
5/25/2001,169.731
5/26/2001,41.258
5/27/2001,55.812
5/28/2001,179.529
5/29/2001,123.716
5/30/2001,144.897
5/31/2001,170.354
6/1/2001,277.873
6/2/2001,191.79
6/3/2001,223.788
6/4/2001,285.122
6/5/2001,265.385
6/6/2001,239.673
6/7/2001,152.854
6/8/2001,101.629
6/9/2001,373.357
6/10/2001,275.353
6/11/2001,238.994
6/12/2001,221.947
6/13/2001,218.691
6/14/2001,275.126
6/15/2001,173.44
6/16/2001,2.237
6/17/2001,2.265
6/18/2001,126.916
6/19/2001,125.075
6/20/2001,162.652
6/21/2001,110.266
6/22/2001,161.887
6/23/2001,35.481
6/24/2001,80.165
6/25/2001,224.297
6/26/2001,219.087
6/27/2001,138.554
6/28/2001,120.658
6/29/2001,150.759
6/30/2001,90.246
7/1/2001,130.286
7/2/2001,26.505
7/3/2001,187.854
7/4/2001,121.621
7/5/2001,116.071
7/6/2001,122.527
7/7/2001,61.929
7/8/2001,120.913
7/9/2001,269.887
7/10/2001,353.677
7/11/2001,274.588
7/12/2001,238.767
7/13/2001,190.685
7/14/2001,117.345
7/15/2001,103.781
7/16/2001,126.236
7/17/2001,82.374
7/18/2001,124.962
7/19/2001,23.673
7/20/2001,56.011
7/21/2001,44.995
7/22/2001,123.235
7/23/2001,229.508
7/24/2001,92.2
7/25/2001,182.077
7/26/2001,2.379
7/27/2001,99.93
7/28/2001,2.407
7/29/2001,120.148
7/30/2001,2.407
7/31/2001,95.824
8/1/2001,120.686
8/2/2001,116.184
8/3/2001,123.914
8/4/2001,87.612
8/5/2001,224.439
8/6/2001,92.483
8/7/2001,109.19
8/8/2001,133.599
8/9/2001,168.881
8/10/2001,101.487
8/11/2001,2.294
8/12/2001,2.294
8/13/2001,78.211
8/14/2001,109.303
8/15/2001,98.939
8/16/2001,95.598
8/17/2001,147.984
8/18/2001,2.209
8/19/2001,2.237
8/20/2001,94.805
8/21/2001,2.209
8/22/2001,87.159
8/23/2001,82.883
8/24/2001,39.785
8/25/2001,15.036
8/26/2001,98.486
8/27/2001,92.851
8/28/2001,198.529
8/29/2001,148.267
8/30/2001,2.322
8/31/2001,117.571
9/1/2001,2.265
9/2/2001,2.265
9/3/2001,48.139
9/4/2001,151.665
9/5/2001,109.671
9/6/2001,121.224
9/7/2001,118.109
9/8/2001,2.152
9/9/2001,44.939
9/10/2001,120.46
9/11/2001,230.017
9/12/2001,99.279
9/13/2001,83.11
9/14/2001,63.146
9/15/2001,23.701
9/16/2001,48.762
9/17/2001,181.709
9/18/2001,138.554
9/19/2001,145.293
9/20/2001,156.45
9/21/2001,192.696
9/22/2001,53.717
9/23/2001,2.237
9/24/2001,132.806
9/25/2001,43.466
9/26/2001,2.237
9/27/2001,51.876
9/28/2001,2.18
9/29/2001,53.462
9/30/2001,2.209
10/1/2001,267.282
10/2/2001,149.796
10/3/2001,150.674
10/4/2001,117.968
10/5/2001,2.237
10/6/2001,65.808
10/7/2001,2.237
10/8/2001,130.031
10/9/2001,71.472
10/10/2001,2.803
10/11/2001,71.358
10/12/2001,2.492
10/13/2001,54.765
10/14/2001,37.067
10/15/2001,68.782
10/16/2001,159.763
10/17/2001,70.169
10/18/2001,132.268
10/19/2001,74.105
10/20/2001,2.577
10/21/2001,2.633
10/22/2001,63.713
10/23/2001,65.355
10/24/2001,84.158
10/25/2001,2.35
10/26/2001,69.32
10/27/2001,2.605
10/28/2001,61.985
10/29/2001,101.771
10/30/2001,55.756
10/31/2001,56.662
11/1/2001,140.196
11/2/2001,15.036
11/3/2001,2.52
11/4/2001,2.52
11/5/2001,75.436
11/6/2001,46.893
11/7/2001,48.082
11/8/2001,48.563
11/9/2001,42.475
11/10/2001,2.803
11/11/2001,2.747
11/12/2001,88.292
11/13/2001,82.459
11/14/2001,67.621
11/15/2001,93.955
11/16/2001,44.967
11/17/2001,2.832
11/18/2001,67.167
11/19/2001,94.776
11/20/2001,59.862
11/21/2001,45.279
11/22/2001,67.96
11/23/2001,48.054
11/24/2001,2.69
11/25/2001,2.549
11/26/2001,78.268
11/27/2001,56.322
11/28/2001,61.561
11/29/2001,26.674
11/30/2001,40.663
12/1/2001,45.958
12/2/2001,59.55
12/3/2001,83.874
12/4/2001,64.166
12/5/2001,52.528
12/6/2001,66.233
12/7/2001,49.639
12/8/2001,49.3
12/9/2001,32.196
12/10/2001,38.766
12/11/2001,37.152
12/12/2001,42.588
12/13/2001,64.619
12/14/2001,95.314
12/15/2001,42.928
12/16/2001,67.507
12/17/2001,66.516
12/18/2001,42.05
12/19/2001,48.337
12/20/2001,64.902
12/21/2001,76.002
12/22/2001,45.165
12/23/2001,43.834
12/24/2001,43.325
12/25/2001,69.121
12/26/2001,50.121
12/27/2001,75.323
12/28/2001,70.481
12/29/2001,45.93
12/30/2001,43.976
12/31/2001,68.13
1/1/2002,68.668
1/2/2002,57.88
1/3/2002,48.393
1/4/2002,69.065
1/5/2002,44.231
1/6/2002,54.142
1/7/2002,70.849
1/8/2002,43.891
1/9/2002,46.666
1/10/2002,30.752
1/11/2002,57.54
1/12/2002,45.335
1/13/2002,3.313
1/14/2002,80.533
1/15/2002,80.731
1/16/2002,51.876
1/17/2002,52.981
1/18/2002,58.049
1/19/2002,34.377
1/20/2002,34.716
1/21/2002,71.245
1/22/2002,71.217
1/23/2002,51.735
1/24/2002,23.758
1/25/2002,80.448
1/26/2002,69.886
1/27/2002,65.893
1/28/2002,44.684
1/29/2002,60.4
1/30/2002,69.886
1/31/2002,28.288
2/1/2002,38.567
2/2/2002,2.888
2/3/2002,59.89
2/4/2002,67.026
2/5/2002,34.178
2/6/2002,3.37
2/7/2002,3.37
2/8/2002,26.306
2/9/2002,3.171
2/10/2002,29.563
2/11/2002,47.629
2/12/2002,46.779
2/13/2002,48.337
2/14/2002,48.337
2/15/2002,56.35
2/16/2002,21.096
2/17/2002,83.195
2/18/2002,85.064
2/19/2002,51.65
2/20/2002,14.81
2/21/2002,40.436
2/22/2002,50.8
2/23/2002,37.803
2/24/2002,44.457
2/25/2002,56.747
2/26/2002,45.93
2/27/2002,109.444
2/28/2002,102.535
3/1/2002,67.366
3/2/2002,38.822
3/3/2002,54.566
3/4/2002,45.448
3/5/2002,51.876
3/6/2002,55.671
3/7/2002,43.749
3/8/2002,50.376
3/9/2002,37.548
3/10/2002,42.249
3/11/2002,70.424
3/12/2002,2.803
3/13/2002,42.928
3/14/2002,76.399
3/15/2002,46.836
3/16/2002,37.973
3/17/2002,32.281
3/18/2002,42.022
3/19/2002,45.675
3/20/2002,44.089
3/21/2002,59.692
3/22/2002,25.23
3/23/2002,77.022
3/24/2002,23.078
3/25/2002,31.064
3/26/2002,50.829
3/27/2002,46.723
3/28/2002,34.688
3/29/2002,25.513
3/30/2002,2.435
3/31/2002,35.198
4/1/2002,8.75
4/2/2002,16.65
4/3/2002,80.08
4/4/2002,32.649
4/5/2002,49.158
4/6/2002,22.087
4/7/2002,31.913
4/8/2002,48.875
4/9/2002,59.097
4/10/2002,55.189
4/11/2002,54.538
4/12/2002,44.118
4/13/2002,38.907
4/14/2002,44.571
4/15/2002,50.97
4/16/2002,53.887
4/17/2002,64.449
4/18/2002,17.868
4/19/2002,29.393
4/20/2002,42.928
4/21/2002,22.172
4/22/2002,44.797
4/23/2002,56.407
4/24/2002,87.924
4/25/2002,72.689
4/26/2002,73.624
4/27/2002,2.379
4/28/2002,2.294
4/29/2002,48.252
4/30/2002,58.559
5/1/2002,77.616
5/2/2002,48.422
5/3/2002,45.59
5/4/2002,2.379
5/5/2002,2.407
5/6/2002,46.1
5/7/2002,104.432
5/8/2002,82.515
5/9/2002,101.346
5/10/2002,93.53
5/11/2002,2.379
5/12/2002,2.35
5/13/2002,53.604
5/14/2002,79.004
5/15/2002,109.133
5/16/2002,91.492
5/17/2002,77.843
5/18/2002,2.209
5/19/2002,2.237
5/20/2002,103.243
5/21/2002,81.099
5/22/2002,110.52
5/23/2002,110.067
5/24/2002,179.84
5/25/2002,2.379
5/26/2002,2.35
5/27/2002,56.775
5/28/2002,119.327
5/29/2002,105.82
5/30/2002,54.312
5/31/2002,110.86
6/1/2002,35
6/2/2002,54.227
6/3/2002,85.29
6/4/2002,130.71
6/5/2002,106.698
6/6/2002,107.717
6/7/2002,93.36
6/8/2002,2.35
6/9/2002,2.379
6/10/2002,126.633
6/11/2002,118.251
6/12/2002,109.331
6/13/2002,86.196
6/14/2002,63.486
6/15/2002,2.294
6/16/2002,2.265
6/17/2002,114.088
6/18/2002,108.821
6/19/2002,102.224
6/20/2002,108.057
6/21/2002,122.017
6/22/2002,8.495
6/23/2002,2.18
6/24/2002,73.369
6/25/2002,108.991
6/26/2002,92.822
6/27/2002,110.096
6/28/2002,101.742
6/29/2002,2.18
6/30/2002,52.386
7/1/2002,114.343
7/2/2002,149.343
7/3/2002,146.37
7/4/2002,128.303
7/5/2002,131.22
7/6/2002,2.18
7/7/2002,2.18
7/8/2002,128.785
7/9/2002,164.266
7/10/2002,141.895
7/11/2002,88.122
7/12/2002,122.923
7/13/2002,2.18
7/14/2002,2.209
7/15/2002,138.582
7/16/2002,133.91
7/17/2002,170.949
7/18/2002,91.152
7/19/2002,137.252
7/20/2002,2.265
7/21/2002,2.237
7/22/2002,119.497
7/23/2002,91.18
7/24/2002,115.221
7/25/2002,106.415
7/26/2002,148.748
7/27/2002,2.237
7/28/2002,2.265
7/29/2002,120.573
7/30/2002,77.446
7/31/2002,96.702
8/1/2002,94.861
8/2/2002,111.681
8/3/2002,2.265
8/4/2002,2.294
8/5/2002,101.402
8/6/2002,114.796
8/7/2002,80.986
8/8/2002,132.155
8/9/2002,129.464
8/10/2002,20.756
8/11/2002,2.322
8/12/2002,76.314
8/13/2002,76.285
8/14/2002,70.622
8/15/2002,121.394
8/16/2002,80.278
8/17/2002,2.265
8/18/2002,2.265
8/19/2002,105.395
8/20/2002,93.389
8/21/2002,90.104
8/22/2002,90.812
8/23/2002,102.11
8/24/2002,2.322
8/25/2002,2.294
8/26/2002,101.657
8/27/2002,89.991
8/28/2002,76.455
8/29/2002,69.829
8/30/2002,41.144
8/31/2002,2.322
9/1/2002,2.322
9/2/2002,25.74
9/3/2002,102.082
9/4/2002,38.058
9/5/2002,41.824
9/6/2002,74.813
9/7/2002,2.322
9/8/2002,2.322
9/9/2002,44.316
9/10/2002,93.304
9/11/2002,33.187
9/12/2002,96.702
9/13/2002,80.335
9/14/2002,2.294
9/15/2002,2.322
9/16/2002,97.523
9/17/2002,41.682
9/18/2002,54.482
9/19/2002,58.984
9/20/2002,95.399
9/21/2002,2.294
9/22/2002,2.322
9/23/2002,57.455
9/24/2002,85.205
9/25/2002,97.212
9/26/2002,81.949
9/27/2002,101.402
9/28/2002,2.407
9/29/2002,2.265
9/30/2002,77.418
10/1/2002,127.482
10/2/2002,70.849
10/3/2002,104.461
10/4/2002,112.814
10/5/2002,2.265
10/6/2002,2.237
10/7/2002,116.41
10/8/2002,84.412
10/9/2002,89.17
10/10/2002,67.819
10/11/2002,76.116
10/12/2002,2.265
10/13/2002,2.209
10/14/2002,46.723
10/15/2002,60.371
10/16/2002,66.431
10/17/2002,70.565
10/18/2002,54.793
10/19/2002,2.237
10/20/2002,2.209
10/21/2002,50.829
10/22/2002,67.621
10/23/2002,62.467
10/24/2002,59.947
10/25/2002,57.002
10/26/2002,2.435
10/27/2002,2.435
10/28/2002,60.428
10/29/2002,89.566
10/30/2002,83.053
10/31/2002,65.922
11/1/2002,69.263
11/2/2002,30.865
11/3/2002,2.888
11/4/2002,73.001
11/5/2002,54.736
11/6/2002,94.267
11/7/2002,88.433
11/8/2002,87.414
11/9/2002,2.605
11/10/2002,2.407
11/11/2002,66.488
11/12/2002,92.454
11/13/2002,200.766
11/14/2002,314.203
11/15/2002,95.116
11/16/2002,2.492
11/17/2002,73.341
11/18/2002,183.889
11/19/2002,391.791
11/20/2002,507.012
11/21/2002,466.548
11/22/2002,487.36
11/23/2002,483.793
11/24/2002,477.988
11/25/2002,538.472
11/26/2002,386.354
11/27/2002,207.76
11/28/2002,216.539
11/29/2002,224.326
11/30/2002,187.316
12/1/2002,184.994
12/2/2002,388.648
12/3/2002,213.367
12/4/2002,211.98
12/5/2002,192.951
12/6/2002,161.264
12/7/2002,9.628
12/8/2002,3.2
12/9/2002,156.479
12/10/2002,128.813
12/11/2002,81.496
12/12/2002,119.072
12/13/2002,175.168
12/14/2002,135.553
12/15/2002,196.207
12/16/2002,301.942
12/17/2002,418.975
12/18/2002,561.437
12/19/2002,541.474
12/20/2002,619.203
12/21/2002,521.624
12/22/2002,538.331
12/23/2002,462.328
12/24/2002,290.021
12/25/2002,154.666
12/26/2002,301.461
12/27/2002,523.889
12/28/2002,555.038
12/29/2002,331.675
12/30/2002,591.566
12/31/2002,612.719
1/1/2003,480.961
1/2/2003,524.54
1/3/2003,396.832
1/4/2003,338.188
1/5/2003,355.744
1/6/2003,243.213
1/7/2003,247.885
1/8/2003,270.624
1/9/2003,243.015
1/10/2003,228.148
1/11/2003,129.974
1/12/2003,340.764
1/13/2003,147.644
1/14/2003,281.809
1/15/2003,198.784
1/16/2003,281.412
1/17/2003,292.994
1/18/2003,145.067
1/19/2003,142.32
1/20/2003,302.423
1/21/2003,270.765
1/22/2003,240.381
1/23/2003,184.795
1/24/2003,281.837
1/25/2003,177.801
1/26/2003,108.198
1/27/2003,220.022
1/28/2003,122.867
1/29/2003,75.832
1/30/2003,144.302
1/31/2003,68.045
2/1/2003,45.25
2/2/2003,27.156
2/3/2003,140.734
2/4/2003,65.015
2/5/2003,103.441
2/6/2003,142.349
2/7/2003,75.776
2/8/2003,75.521
2/9/2003,42.05
2/10/2003,74.388
2/11/2003,68.668
2/12/2003,45.986
2/13/2003,91.265
2/14/2003,107.321
2/15/2003,4.389
2/16/2003,46.1
2/17/2003,106.358
2/18/2003,260.458
2/19/2003,442.223
2/20/2003,376.783
2/21/2003,347.277
2/22/2003,332.071
2/23/2003,385.901
2/24/2003,548.298
2/25/2003,645.793
2/26/2003,798.76
2/27/2003,690.222
2/28/2003,411.471
3/1/2003,296.307
3/2/2003,518.339
3/3/2003,605.895
3/4/2003,470.116
3/5/2003,460.233
3/6/2003,502.963
3/7/2003,635.542
3/8/2003,357.811
3/9/2003,496.932
3/10/2003,688.976
3/11/2003,630.417
3/12/2003,507.579
3/13/2003,558.266
3/14/2003,491.07
3/15/2003,317.601
3/16/2003,377.746
3/17/2003,515.847
3/18/2003,425.262
3/19/2003,452.786
3/20/2003,365.74
3/21/2003,297.779
3/22/2003,411.245
3/23/2003,469.323
3/24/2003,684.134
3/25/2003,592.812
3/26/2003,722.985
3/27/2003,699.51
3/28/2003,794.371
3/29/2003,646.614
3/30/2003,786.952
3/31/2003,572.651
4/1/2003,633.56
4/2/2003,803.857
4/3/2003,766.649
4/4/2003,342.124
4/5/2003,572.849
4/6/2003,581.967
4/7/2003,719.615
4/8/2003,533.772
4/9/2003,474.448
4/10/2003,396.265
4/11/2003,420.731
4/12/2003,617.731
4/13/2003,861.227
4/14/2003,907.808
4/15/2003,641.574
4/16/2003,809.322
4/17/2003,832.401
4/18/2003,840.443
4/19/2003,867.91
4/20/2003,906.279
4/21/2003,946.546
4/22/2003,928.649
4/23/2003,930.66
4/24/2003,921.655
4/25/2003,918.399
4/26/2003,919.022
4/27/2003,901.805
4/28/2003,892.008
4/29/2003,834.949
4/30/2003,792.899
5/1/2003,685.89
5/2/2003,501.066
5/3/2003,530.034
5/4/2003,533.319
5/5/2003,713.668
5/6/2003,580.183
5/7/2003,522.756
5/8/2003,389.866
5/9/2003,418.664
5/10/2003,266.263
5/11/2003,354.583
5/12/2003,462.328
5/13/2003,363.163
5/14/2003,588.593
5/15/2003,208.412
5/16/2003,280.931
5/17/2003,186.126
5/18/2003,382.135
5/19/2003,314.968
5/20/2003,415.804
5/21/2003,423.959
5/22/2003,689.882
5/23/2003,264.989
5/24/2003,372.281
5/25/2003,633.588
5/26/2003,367.071
5/27/2003,386.241
5/28/2003,553.254
5/29/2003,537.623
5/30/2003,537.311
5/31/2003,407.479
6/1/2003,464.254
6/2/2003,735.642
6/3/2003,409.999
6/4/2003,577.918
6/5/2003,504.407
6/6/2003,481.131
6/7/2003,574.774
6/8/2003,306.558
6/9/2003,420.703
6/10/2003,539.86
6/11/2003,725.476
6/12/2003,390.63
6/13/2003,735.869
6/14/2003,542.918
6/15/2003,640.413
6/16/2003,657.997
6/17/2003,534.366
6/18/2003,574.151
6/19/2003,549.431
6/20/2003,754.133
6/21/2003,591.34
6/22/2003,513.95
6/23/2003,643.924
6/24/2003,608.84
6/25/2003,684.644
6/26/2003,619.883
6/27/2003,602.978
6/28/2003,638.232
6/29/2003,608.84
6/30/2003,635.91
7/1/2003,683.228
7/2/2003,483.991
7/3/2003,528.958
7/4/2003,563.504
7/5/2003,634.296
7/6/2003,614.729
7/7/2003,601.704
7/8/2003,723.664
7/9/2003,548.213
7/10/2003,689.854
7/11/2003,616.174
7/12/2003,644.887
7/13/2003,601.704
7/14/2003,703.729
7/15/2003,654.939
7/16/2003,530.968
7/17/2003,639.308
7/18/2003,628.265
7/19/2003,654.288
7/20/2003,701.435
7/21/2003,605.725
7/22/2003,684.87
7/23/2003,567.695
7/24/2003,642.48
7/25/2003,541.7
7/26/2003,646.841
7/27/2003,365.768
7/28/2003,596.21
7/29/2003,507.239
7/30/2003,404.505
7/31/2003,424.129
8/1/2003,332.949
8/2/2003,262.865
8/3/2003,318.224
8/4/2003,301.602
8/5/2003,308.03
8/6/2003,291.776
8/7/2003,298.034
8/8/2003,332.071
8/9/2003,296.392
8/10/2003,297.496
8/11/2003,503.076
8/12/2003,431.322
8/13/2003,565.968
8/14/2003,580.551
8/15/2003,476.062
8/16/2003,474.221
8/17/2003,536.858
8/18/2003,499.99
8/19/2003,465.698
8/20/2003,544.844
8/21/2003,554.896
8/22/2003,498.659
8/23/2003,326.04
8/24/2003,447.859
8/25/2003,349.288
8/26/2003,493.76
8/27/2003,371.998
8/28/2003,320.546
8/29/2003,397.313
8/30/2003,120.035
8/31/2003,294.098
9/1/2003,401.164
9/2/2003,316.412
9/3/2003,219.88
9/4/2003,308.596
9/5/2003,228.658
9/6/2003,256.805
9/7/2003,209.771
9/8/2003,193.092
9/9/2003,232.368
9/10/2003,202.352
9/11/2003,191.45
9/12/2003,164.294
9/13/2003,190.232
9/14/2003,163.728
9/15/2003,245.478
9/16/2003,140.14
9/17/2003,2.152
9/18/2003,58.361
9/19/2003,2.152
9/20/2003,143.679
9/21/2003,174.856
9/22/2003,358.236
9/23/2003,240.58
9/24/2003,420.108
9/25/2003,547.619
9/26/2003,610.057
9/27/2003,663.887
9/28/2003,448.935
9/29/2003,476.77
9/30/2003,427.329
10/1/2003,716.84
10/2/2003,556.029
10/3/2003,503.076
10/4/2003,362.568
10/5/2003,278.156
10/6/2003,537.594
10/7/2003,455.759
10/8/2003,312.136
10/9/2003,355.093
10/10/2003,282.885
10/11/2003,266.801
10/12/2003,235.539
10/13/2003,447.859
10/14/2003,328.815
10/15/2003,203.201
10/16/2003,277.278
10/17/2003,314.288
10/18/2003,284.697
10/19/2003,26.306
10/20/2003,277.221
10/21/2003,282.658
10/22/2003,181.539
10/23/2003,289.907
10/24/2003,173.242
10/25/2003,28.373
10/26/2003,88.971
10/27/2003,322.755
10/28/2003,392.839
10/29/2003,102.422
10/30/2003,261.336
10/31/2003,139.97
11/1/2003,12.318
11/2/2003,246.469
11/3/2003,364.239
11/4/2003,188.193
11/5/2003,289.284
11/6/2003,121.479
11/7/2003,186.013
11/8/2003,76.427
11/9/2003,307.69
11/10/2003,262.921
11/11/2003,104.602
11/12/2003,267.764
11/13/2003,173.667
11/14/2003,319.612
11/15/2003,106.443
11/16/2003,116.467
11/17/2003,354.526
11/18/2003,232.764
11/19/2003,193.234
11/20/2003,274.22
11/21/2003,174.998
11/22/2003,71.16
11/23/2003,175.111
11/24/2003,321.509
11/25/2003,345.946
11/26/2003,188.392
11/27/2003,226.648
11/28/2003,155.204
11/29/2003,48.195
11/30/2003,165.285
12/1/2003,195.443
12/2/2003,242.59
12/3/2003,245.025
12/4/2003,262.1
12/5/2003,186.126
12/6/2003,153.817
12/7/2003,235.341
12/8/2003,300.611
12/9/2003,167.494
12/10/2003,301.234
12/11/2003,237.182
12/12/2003,216.567
12/13/2003,556.453
12/14/2003,455.164
12/15/2003,375.339
12/16/2003,540.2
12/17/2003,462.81
12/18/2003,572.679
12/19/2003,325.162
12/20/2003,483.226
12/21/2003,617.023
12/22/2003,580.494
12/23/2003,556.482
12/24/2003,380.266
12/25/2003,547.788
12/26/2003,645.425
12/27/2003,476.147
12/28/2003,464.65
12/29/2003,666.634
12/30/2003,370.922
12/31/2003,580.324
1/1/2004,578.116
1/2/2004,673.572
1/3/2004,166.446
1/4/2004,157.611
1/5/2004,253.917
1/6/2004,339.009
1/7/2004,406.431
1/8/2004,366.646
1/9/2004,270.709
1/10/2004,149.937
1/11/2004,300.243
1/12/2004,145.747
1/13/2004,150.249
1/14/2004,125.557
1/15/2004,263.714
1/16/2004,276.627
1/17/2004,158.489
1/18/2004,47.94
1/19/2004,152.429
1/20/2004,95.654
1/21/2004,190.43
1/22/2004,143.17
1/23/2004,102.988
1/24/2004,46.043
1/25/2004,3.709
1/26/2004,47.459
1/27/2004,220.078
1/28/2004,196.745
1/29/2004,142.915
1/30/2004,136.94
1/31/2004,102.677
2/1/2004,46.723
2/2/2004,164.294
2/3/2004,163.671
2/4/2004,146.001
2/5/2004,191.025
2/6/2004,179.359
2/7/2004,129.266
2/8/2004,75.238
2/9/2004,199.69
2/10/2004,307.011
2/11/2004,455.844
2/12/2004,467.765
2/13/2004,534.734
2/14/2004,269.321
2/15/2004,453.182
2/16/2004,544.475
2/17/2004,554.075
2/18/2004,542.238
2/19/2004,528.703
2/20/2004,530.317
2/21/2004,408.611
2/22/2004,372.366
2/23/2004,388.591
2/24/2004,468.218
2/25/2004,522.841
2/26/2004,529.156
2/27/2004,535.669
2/28/2004,211.668
2/29/2004,157.555
3/1/2004,226.449
3/2/2004,196.462
3/3/2004,245.337
3/4/2004,251.708
3/5/2004,265.923
3/6/2004,2.52
3/7/2004,2.605
3/8/2004,172.279
3/9/2004,112.729
3/10/2004,109.19
3/11/2004,95.286
3/12/2004,93.87
3/13/2004,36.387
3/14/2004,5.125
3/15/2004,110.322
3/16/2004,108.057
3/17/2004,249.952
3/18/2004,63.26
3/19/2004,43.806
3/20/2004,18.717
3/21/2004,2.775
3/22/2004,73.709
3/23/2004,143.764
3/24/2004,129.804
3/25/2004,51.423
3/26/2004,8.891
3/27/2004,12.148
3/28/2004,36.727
3/29/2004,67.79
3/30/2004,85.913
3/31/2004,73.397
4/1/2004,121.366
4/2/2004,125.387
4/3/2004,117.401
4/4/2004,119.355
4/5/2004,121.479
4/6/2004,121.621
4/7/2004,121.904
4/8/2004,121.677
4/9/2004,123.32
4/10/2004,120.035
4/11/2004,118.194
4/12/2004,117.855
4/13/2004,121.592
4/14/2004,124.169
4/15/2004,369.987
4/16/2004,371.46
4/17/2004,383.381
4/18/2004,387.119
4/19/2004,386.496
4/20/2004,299.394
4/21/2004,404.279
4/22/2004,413.425
4/23/2004,410.452
4/24/2004,369.846
4/25/2004,369.393
4/26/2004,217.926
4/27/2004,219.144
4/28/2004,216.454
4/29/2004,223.278
4/30/2004,214.16
5/1/2004,199.152
5/2/2004,199.605
5/3/2004,187.712
5/4/2004,215.831
5/5/2004,217.19
5/6/2004,252.812
5/7/2004,213.424
5/8/2004,219.568
5/9/2004,215.434
5/10/2004,211.47
5/11/2004,207.081
5/12/2004,198.218
5/13/2004,220.333
5/14/2004,200.058
5/15/2004,189.949
5/16/2004,167.494
5/17/2004,153.76
5/18/2004,164.606
5/19/2004,164.351
5/20/2004,158.744
5/21/2004,164.492
5/22/2004,170.099
5/23/2004,174.148
5/24/2004,236.304
5/25/2004,242.647
5/26/2004,243.27
5/27/2004,243.921
5/28/2004,239.957
5/29/2004,147.984
5/30/2004,145.69
5/31/2004,179.359
6/1/2004,173.525
6/2/2004,179.019
6/3/2004,170.467
6/4/2004,173.582
6/5/2004,165.059
6/6/2004,168.343
6/7/2004,185.22
6/8/2004,218.634
6/9/2004,127.964
6/10/2004,260.401
6/11/2004,288.435
6/12/2004,196.094
6/13/2004,198.642
6/14/2004,225.487
6/15/2004,155.969
6/16/2004,145.775
6/17/2004,155.827
6/18/2004,160.386
6/19/2004,164.436
6/20/2004,166.786
6/21/2004,164.549
6/22/2004,219.144
6/23/2004,213.877
6/24/2004,212.348
6/25/2004,207.789
6/26/2004,210.904
6/27/2004,218.209
6/28/2004,134.731
6/29/2004,192.922
6/30/2004,236.559
7/1/2004,224.637
7/2/2004,268.019
7/3/2004,231.292
7/4/2004,228.998
7/5/2004,183.719
7/6/2004,174.007
7/7/2004,173.837
7/8/2004,174.743
7/9/2004,173.327
7/10/2004,35.453
7/11/2004,40.21
7/12/2004,114.995
7/13/2004,120.035
7/14/2004,131.645
7/15/2004,122.81
7/16/2004,118.817
7/17/2004,52.924
7/18/2004,42.079
7/19/2004,139.913
7/20/2004,139.715
7/21/2004,144.161
7/22/2004,152.656
7/23/2004,149.598
7/24/2004,34.801
7/25/2004,34.858
7/26/2004,120.233
7/27/2004,114.881
7/28/2004,126.803
7/29/2004,115.136
7/30/2004,114.088
7/31/2004,116.75
8/1/2004,96.362
8/2/2004,180.491
8/3/2004,254.71
8/4/2004,254.766
8/5/2004,238.258
8/6/2004,206.033
8/7/2004,229.168
8/8/2004,102.733
8/9/2004,227.412
8/10/2004,256.805
8/11/2004,258.193
8/12/2004,256.154
8/13/2004,123.688
8/14/2004,49.356
8/15/2004,98.486
8/16/2004,386.524
8/17/2004,483.396
8/18/2004,380.634
8/19/2004,376.783
8/20/2004,381.767
8/21/2004,300.753
8/22/2004,303.726
8/23/2004,206.543
8/24/2004,200.936
8/25/2004,144.048
8/26/2004,137.478
8/27/2004,147.247
8/28/2004,84.242
8/29/2004,80.108
8/30/2004,101.799
8/31/2004,298.346
9/1/2004,300.526
9/2/2004,310.834
9/3/2004,308.823
9/4/2004,200.511
9/5/2004,198.982
9/6/2004,199.35
9/7/2004,145.633
9/8/2004,143.679
9/9/2004,343.908
9/10/2004,375.537
9/11/2004,306.388
9/12/2004,307.492
9/13/2004,315.449
9/14/2004,283.31
9/15/2004,195.358
9/16/2004,210.762
9/17/2004,209.006
9/18/2004,203.881
9/19/2004,203.456
9/20/2004,204.362
9/21/2004,308.058
9/22/2004,317.488
9/23/2004,308.512
9/24/2004,311.994
9/25/2004,198.841
9/26/2004,195.188
9/27/2004,209.459
9/28/2004,208.921
9/29/2004,202.012
9/30/2004,308.653
10/1/2004,314.77
10/2/2004,311.23
10/3/2004,315.761
10/4/2004,317.799
10/5/2004,303.641
10/6/2004,305.567
10/7/2004,306.275
10/8/2004,304.236
10/9/2004,296.845
10/10/2004,294.296
10/11/2004,325.502
10/12/2004,332.722
10/13/2004,330.061
10/14/2004,332.892
10/15/2004,323.803
10/16/2004,328.985
10/17/2004,323.208
10/18/2004,330.74
10/19/2004,336.46
10/20/2004,334.308
10/21/2004,336.12
10/22/2004,337.281
10/23/2004,334.733
10/24/2004,264.705
10/25/2004,304.689
10/26/2004,311.173
10/27/2004,301.857
10/28/2004,305.17
10/29/2004,223.42
10/30/2004,216.793
10/31/2004,202.125
11/1/2004,212.065
11/2/2004,216.708
11/3/2004,219.908
11/4/2004,218.861
11/5/2004,215.321
11/6/2004,47.855
11/7/2004,44.797
11/8/2004,174.601
11/9/2004,169.051
11/10/2004,195.952
11/11/2004,186.608
11/12/2004,164.634
11/13/2004,115.901
11/14/2004,106.301
11/15/2004,210.535
11/16/2004,232.651
11/17/2004,233.557
11/18/2004,229.734
11/19/2004,219.823
11/20/2004,96.645
11/21/2004,211.215
11/22/2004,256.975
11/23/2004,267.764
11/24/2004,267.509
11/25/2004,239.588
11/26/2004,241.372
11/27/2004,186.693
11/28/2004,168.23
11/29/2004,219.625
11/30/2004,211.583
12/1/2004,378.228
12/2/2004,432.143
12/3/2004,428.093
12/4/2004,241.202
12/5/2004,259.354
12/6/2004,276.712
12/7/2004,282.715
12/8/2004,280.959
12/9/2004,373.414
12/10/2004,321.028
12/11/2004,243.638
12/12/2004,387.119
12/13/2004,395.501
12/14/2004,422.628
12/15/2004,398.417
12/16/2004,276.117
12/17/2004,326.323
12/18/2004,450.69
12/19/2004,452.672
12/20/2004,460.516
12/21/2004,452.757
12/22/2004,455.759
12/23/2004,460.063
12/24/2004,463.263
12/25/2004,468.785
12/26/2004,474.703
12/27/2004,471.446
12/28/2004,471.22
12/29/2004,481.414
12/30/2004,448.283
12/31/2004,513.242
1/1/2005,473.117
1/2/2005,328.701
1/3/2005,472.777
1/4/2005,370.242
1/5/2005,124.282
1/6/2005,123.32
1/7/2005,306.105
1/8/2005,312.759
1/9/2005,309.248
1/10/2005,307.407
1/11/2005,202.918
1/12/2005,205.608
1/13/2005,201.361
1/14/2005,195.669
1/15/2005,179.33
1/16/2005,218.294
1/17/2005,202.04
1/18/2005,208.327
1/19/2005,363.418
1/20/2005,492.344
1/21/2005,491.806
1/22/2005,532.894
1/23/2005,541.7
1/24/2005,531.138
1/25/2005,551.017
1/26/2005,403.231
1/27/2005,415.238
1/28/2005,417.39
1/29/2005,262.1
1/30/2005,264.309
1/31/2005,261.166
2/1/2005,251.878
2/2/2005,133.117
2/3/2005,181.596
2/4/2005,202.833
2/5/2005,205.552
2/6/2005,197.878
2/7/2005,211.272
2/8/2005,209.374
2/9/2005,205.92
2/10/2005,211.555
2/11/2005,209.799
2/12/2005,201.87
2/13/2005,191.025
2/14/2005,172.619
2/15/2005,176.385
2/16/2005,168.287
2/17/2005,128.926
2/18/2005,177.716
2/19/2005,198.529
2/20/2005,208.468
2/21/2005,96.504
2/22/2005,98.826
2/23/2005,94.918
2/24/2005,204.362
2/25/2005,199.69
2/26/2005,59.097
2/27/2005,50.517
2/28/2005,140.225
3/1/2005,134.392
3/2/2005,202.267
3/3/2005,202.947
3/4/2005,199.01
3/5/2005,201.502
3/6/2005,199.605
3/7/2005,206.288
3/8/2005,227.724
3/9/2005,220.673
3/10/2005,210.479
3/11/2005,204.985
3/12/2005,197.255
3/13/2005,191.903
3/14/2005,210.677
3/15/2005,210.394
3/16/2005,195.528
3/17/2005,205.552
3/18/2005,208.808
3/19/2005,398.644
3/20/2005,382.843
3/21/2005,396.945
3/22/2005,410.197
3/23/2005,241.202
3/24/2005,197.821
3/25/2005,196.943
3/26/2005,219.625
3/27/2005,220.418
3/28/2005,220.078
3/29/2005,401.702
3/30/2005,517.49
3/31/2005,515.054
4/1/2005,504.549
4/2/2005,461.677
4/3/2005,518.735
4/4/2005,504.294
4/5/2005,691.213
4/6/2005,540.454
4/7/2005,560.927
4/8/2005,560.984
4/9/2005,426.819
4/10/2005,433.275
4/11/2005,287.897
4/12/2005,285.49
4/13/2005,222.287
4/14/2005,223.023
4/15/2005,159.933
4/16/2005,149.399
4/17/2005,145.86
4/18/2005,203.201
4/19/2005,206.599
4/20/2005,265.215
4/21/2005,202.862
4/22/2005,202.89
4/23/2005,206.203
4/24/2005,206.911
4/25/2005,225.77
4/26/2005,235.313
4/27/2005,222.145
4/28/2005,227.129
4/29/2005,226.11
4/30/2005,130.286
5/1/2005,140.565
5/2/2005,353.507
5/3/2005,221.098
5/4/2005,190.43
5/5/2005,310.72
5/6/2005,168.91
5/7/2005,115.079
5/8/2005,58.956
5/9/2005,307.152
5/10/2005,336.772
5/11/2005,255.587
5/12/2005,177.829
5/13/2005,233.982
5/14/2005,74.7
5/15/2005,94.012
5/16/2005,263.29
5/17/2005,173.384
5/18/2005,178.481
5/19/2005,204.815
5/20/2005,196.292
5/21/2005,77.843
5/22/2005,34.688
5/23/2005,188.42
5/24/2005,236.049
5/25/2005,236.643
5/26/2005,213.197
5/27/2005,194.253
5/28/2005,119.752
5/29/2005,81.043
5/30/2005,48.252
5/31/2005,293.532
6/1/2005,253.067
6/2/2005,225.572
6/3/2005,214.245
6/4/2005,2.01
6/5/2005,112.842
6/6/2005,239.107
6/7/2005,196.887
6/8/2005,148.748
6/9/2005,185.164
6/10/2005,211.895
6/11/2005,105.367
6/12/2005,2.067
6/13/2005,275.324
6/14/2005,217.02
6/15/2005,249.867
6/16/2005,253.435
6/17/2005,162.453
6/18/2005,65.1
6/19/2005,2.095
6/20/2005,191.195
6/21/2005,186.466
6/22/2005,181.709
6/23/2005,201.502
6/24/2005,235.822
6/25/2005,60.909
6/26/2005,60.343
6/27/2005,91.746
6/28/2005,79.202
6/29/2005,29.648
6/30/2005,104.376
7/1/2005,112.927
7/2/2005,41.456
7/3/2005,2.18
7/4/2005,58.276
7/5/2005,150.334
7/6/2005,134.222
7/7/2005,154.666
7/8/2005,85.687
7/9/2005,2.18
7/10/2005,64.874
7/11/2005,228.092
7/12/2005,198.331
7/13/2005,164.662
7/14/2005,273.908
7/15/2005,392.414
7/16/2005,153.194
7/17/2005,204.617
7/18/2005,218.889
7/19/2005,143.028
7/20/2005,208.808
7/21/2005,309.616
7/22/2005,283.111
7/23/2005,93.87
7/24/2005,37.123
7/25/2005,145.633
7/26/2005,154.327
7/27/2005,203.541
7/28/2005,78.041
7/29/2005,2.209
7/30/2005,2.18
7/31/2005,2.18
8/1/2005,34.235
8/2/2005,147.276
8/3/2005,126.888
8/4/2005,146.115
8/5/2005,147.87
8/6/2005,44.089
8/7/2005,2.18
8/8/2005,86.366
8/9/2005,94.833
8/10/2005,145.577
8/11/2005,204.277
8/12/2005,234.293
8/13/2005,109.331
8/14/2005,162.963
8/15/2005,181.681
8/16/2005,165.483
8/17/2005,100.921
8/18/2005,121.366
8/19/2005,123.744
8/20/2005,122.159
8/21/2005,183.719
8/22/2005,156.677
8/23/2005,23.22
8/24/2005,89.821
8/25/2005,115.108
8/26/2005,117.43
8/27/2005,2.124
8/28/2005,41.937
8/29/2005,158.348
8/30/2005,125.33
8/31/2005,165.172
9/1/2005,110.804
9/2/2005,60.4
9/3/2005,102.054
9/4/2005,69.489
9/5/2005,110.067
9/6/2005,52.783
9/7/2005,76.399
9/8/2005,122.385
9/9/2005,97.07
9/10/2005,2.152
9/11/2005,2.18
9/12/2005,101.827
9/13/2005,168.372
9/14/2005,125.33
9/15/2005,126.208
9/16/2005,15.433
9/17/2005,157.526
9/18/2005,34.745
9/19/2005,143.198
9/20/2005,147.785
9/21/2005,54.793
9/22/2005,57.37
9/23/2005,51.338
9/24/2005,58.899
9/25/2005,59.607
9/26/2005,244.94
9/27/2005,104.234
9/28/2005,64.987
9/29/2005,120.176
9/30/2005,22.71
10/1/2005,75.493
10/2/2005,2.01
10/3/2005,86.621
10/4/2005,109.728
10/5/2005,71.302
10/6/2005,66.629
10/7/2005,72.802
10/8/2005,95.428
10/9/2005,54.312
10/10/2005,103.668
10/11/2005,52.867
10/12/2005,52.358
10/13/2005,52.556
10/14/2005,81.354
10/15/2005,87.924
10/16/2005,125.783
10/17/2005,57.143
10/18/2005,55.331
10/19/2005,57.172
10/20/2005,47.006
10/21/2005,50.8
10/22/2005,91.237
10/23/2005,51.593
10/24/2005,88.801
10/25/2005,51.593
10/26/2005,49.526
10/27/2005,83.195
10/28/2005,47.317
10/29/2005,44.118
10/30/2005,121.196
10/31/2005,128.813
11/1/2005,126.406
11/2/2005,116.042
11/3/2005,164.974
11/4/2005,70.962
11/5/2005,91.86
11/6/2005,51.848
11/7/2005,126.435
11/8/2005,0
11/9/2005,80.816
11/10/2005,180.406
11/11/2005,161.689
11/12/2005,47.232
11/13/2005,71.67
11/14/2005,55.02
11/15/2005,131.56
11/16/2005,88.83
11/17/2005,138.441
11/18/2005,91.152
11/19/2005,61.901
11/20/2005,3.171
11/21/2005,57.568
11/22/2005,97.07
11/23/2005,179.642
11/24/2005,6.315
11/25/2005,76.201
11/26/2005,6.258
11/27/2005,6.258
11/28/2005,62.608
11/29/2005,101.686
11/30/2005,126.35
12/1/2005,226.959
12/2/2005,265.98
12/3/2005,248.593
12/4/2005,141.612
12/5/2005,275.409
12/6/2005,209.997
12/7/2005,234.491
12/8/2005,434.946
12/9/2005,422.203
12/10/2005,398.984
12/11/2005,336.489
12/12/2005,518.905
12/13/2005,471.22
12/14/2005,393.858
12/15/2005,523.889
12/16/2005,338.839
12/17/2005,397.511
12/18/2005,149.768
12/19/2005,360.728
12/20/2005,307.86
12/21/2005,318.366
12/22/2005,552.857
12/23/2005,256.465
12/24/2005,480.168
12/25/2005,499.253
12/26/2005,220.956
12/27/2005,256.069
12/28/2005,301.602
12/29/2005,264.932
12/30/2005,289.822
12/31/2005,104.206
1/1/2006,104.206
1/2/2006,150.192
1/3/2006,174.516
1/4/2006,156.054
1/5/2006,247.177
1/6/2006,259.722
1/7/2006,217.445
1/8/2006,166.644
1/9/2006,326.634
1/10/2006,189.128
1/11/2006,220.475
1/12/2006,129.889
1/13/2006,138.469
1/14/2006,6.428
1/15/2006,70.481
1/16/2006,202.947
1/17/2006,164.804
1/18/2006,86.111
1/19/2006,138.951
1/20/2006,206.005
1/21/2006,175.536
1/22/2006,135.949
1/23/2006,287.076
1/24/2006,266.744
1/25/2006,201.842
1/26/2006,352.006
1/27/2006,384.74
1/28/2006,603.884
1/29/2006,271.785
1/30/2006,363.843
1/31/2006,214.075
2/1/2006,259.693
2/2/2006,375.622
2/3/2006,170.382
2/4/2006,3.426
2/5/2006,3.653
2/6/2006,165.823
2/7/2006,142.15
2/8/2006,200.908
2/9/2006,207.477
2/10/2006,115.278
2/11/2006,3.964
2/12/2006,165.625
2/13/2006,387.968
2/14/2006,394.736
2/15/2006,104.149
2/16/2006,81.836
2/17/2006,55.529
2/18/2006,55.473
2/19/2006,82.968
2/20/2006,443.158
2/21/2006,272.578
2/22/2006,82.742
2/23/2006,117.968
2/24/2006,171.033
2/25/2006,3.709
2/26/2006,3.823
2/27/2006,418.182
2/28/2006,170.552
3/1/2006,131.163
3/2/2006,86.904
3/3/2006,178.99
3/4/2006,3.851
3/5/2006,3.823
3/6/2006,175.508
3/7/2006,96.759
3/8/2006,85.205
3/9/2006,66.941
3/10/2006,57.257
3/11/2006,3.313
3/12/2006,3.256
3/13/2006,3.228
3/14/2006,3.256
3/15/2006,130.682
3/16/2006,119.384
3/17/2006,206.316
3/18/2006,3.54
3/19/2006,3.653
3/20/2006,87.216
3/21/2006,139.064
3/22/2006,115.872
3/23/2006,77.984
3/24/2006,51.537
3/25/2006,3.766
3/26/2006,224.496
3/27/2006,3.738
3/28/2006,93.757
3/29/2006,87.329
3/30/2006,46.44
3/31/2006,2.492
4/1/2006,2.294
4/2/2006,2.265
4/3/2006,48.62
4/4/2006,82.09
4/5/2006,171.911
4/6/2006,160.386
4/7/2006,2.18
4/8/2006,2.209
4/9/2006,73.171
4/10/2006,186.891
4/11/2006,142.009
4/12/2006,52.726
4/13/2006,2.209
4/14/2006,2.152
4/15/2006,2.124
4/16/2006,2.124
4/17/2006,136.034
4/18/2006,141.499
4/19/2006,133.231
4/20/2006,143.963
4/21/2006,133.91
4/22/2006,2.152
4/23/2006,55.388
4/24/2006,180.067
4/25/2006,50.149
4/26/2006,213.452
4/27/2006,92.511
4/28/2006,203.541
4/29/2006,2.209
4/30/2006,54.963
5/1/2006,137.563
5/2/2006,48.592
5/3/2006,55.501
5/4/2006,348.183
5/5/2006,235.879
5/6/2006,2.18
5/7/2006,44.939
5/8/2006,122.385
5/9/2006,75.861
5/10/2006,205.863
5/11/2006,237.804
5/12/2006,114.683
5/13/2006,2.18
5/14/2006,2.35
5/15/2006,156.507
5/16/2006,43.466
5/17/2006,40.21
5/18/2006,380.804
5/19/2006,178.198
5/20/2006,2.322
5/21/2006,2.35
5/22/2006,170.326
5/23/2006,50.432
5/24/2006,123.773
5/25/2006,320.518
5/26/2006,237.04
5/27/2006,14.98
5/28/2006,2.322
5/29/2006,18.321
5/30/2006,289.936
5/31/2006,325.643
6/1/2006,173.412
6/2/2006,2.464
6/3/2006,2.464
6/4/2006,2.464
6/5/2006,2.464
6/6/2006,169.08
6/7/2006,127.624
6/8/2006,196.915
6/9/2006,53.887
6/10/2006,2.152
6/11/2006,2.152
6/12/2006,2.18
6/13/2006,160.16
6/14/2006,151.268
6/15/2006,22.568
6/16/2006,77.956
6/17/2006,2.209
6/18/2006,2.237
6/19/2006,168.4
6/20/2006,127.935
6/21/2006,150.9
6/22/2006,186.381
6/23/2006,84.271
6/24/2006,2.577
6/25/2006,2.605
6/26/2006,2.605
6/27/2006,42.73
6/28/2006,142.547
6/29/2006,194.65
6/30/2006,119.525
7/1/2006,85.234
7/2/2006,113.975
7/3/2006,211.017
7/4/2006,123.433
7/5/2006,216.425
7/6/2006,3.54
7/7/2006,2.492
7/8/2006,2.52
7/9/2006,2.492
7/10/2006,262.837
7/11/2006,469.776
7/12/2006,638.006
7/13/2006,627.415
7/14/2006,461.847
7/15/2006,353.45
7/16/2006,259.948
7/17/2006,347.107
7/18/2006,370.242
7/19/2006,377.916
7/20/2006,273.37
7/21/2006,224.609
7/22/2006,108.312
7/23/2006,229.253
7/24/2006,82.883
7/25/2006,194.961
7/26/2006,189.298
7/27/2006,195.754
7/28/2006,108.906
7/29/2006,2.662
7/30/2006,21.153
7/31/2006,155.289
8/1/2006,168.711
8/2/2006,145.492
8/3/2006,138.356
8/4/2006,29.223
8/5/2006,60.57
8/6/2006,54.397
8/7/2006,128.955
8/8/2006,127.227
8/9/2006,129.068
8/10/2006,141.018
8/11/2006,2.662
8/12/2006,2.69
8/13/2006,2.69
8/14/2006,166.984
8/15/2006,156.195
8/16/2006,141.98
8/17/2006,151.976
8/18/2006,37.548
8/19/2006,99.392
8/20/2006,108.567
8/21/2006,103.526
8/22/2006,101.714
8/23/2006,98.712
8/24/2006,91.661
8/25/2006,38.851
8/26/2006,71.443
8/27/2006,103.3
8/28/2006,207.109
8/29/2006,185.9
8/30/2006,78.607
8/31/2006,3.341
9/1/2006,3.341
9/2/2006,3.37
9/3/2006,56.011
9/4/2006,3.37
9/5/2006,55.643
9/6/2006,3.341
9/7/2006,175.592
9/8/2006,244.232
9/9/2006,60.428
9/10/2006,3.058
9/11/2006,101.884
9/12/2006,55.586
9/13/2006,2.945
9/14/2006,122.442
9/15/2006,164.096
9/16/2006,2.747
9/17/2006,48.308
9/18/2006,281.441
9/19/2006,102.025
9/20/2006,2.718
9/21/2006,48.054
9/22/2006,116.665
9/23/2006,127.624
9/24/2006,211.272
9/25/2006,26.618
9/26/2006,2.69
9/27/2006,31.828
9/28/2006,226.506
9/29/2006,80.505
9/30/2006,35.169
10/1/2006,60.173
10/2/2006,85.772
10/3/2006,165.993
10/4/2006,353.535
10/5/2006,59.777
10/6/2006,2.718
10/7/2006,2.492
10/8/2006,56.973
10/9/2006,349.061
10/10/2006,119.185
10/11/2006,240.636
10/12/2006,327.654
10/13/2006,200.766
10/14/2006,419.145
10/15/2006,348.155
10/16/2006,371.007
10/17/2006,292.767
10/18/2006,409.206
10/19/2006,359.68
10/20/2006,76.002
10/21/2006,42.645
10/22/2006,102.563
10/23/2006,332.439
10/24/2006,368.487
10/25/2006,267.424
10/26/2006,240.042
10/27/2006,231.801
10/28/2006,2.973
10/29/2006,2.973
10/30/2006,76.937
10/31/2006,2.973
11/1/2006,114.06
11/2/2006,370.299
11/3/2006,488.635
11/4/2006,241.401
11/5/2006,187.995
11/6/2006,379.02
11/7/2006,127.794
11/8/2006,38.964
11/9/2006,134.59
11/10/2006,119.299
11/11/2006,47.516
11/12/2006,100.298
11/13/2006,280.789
11/14/2006,263.516
11/15/2006,124.594
11/16/2006,123.999
11/17/2006,331.08
11/18/2006,129.408
11/19/2006,184.597
11/20/2006,626.538
11/21/2006,609.491
11/22/2006,448.566
11/23/2006,207.109
11/24/2006,242.25
11/25/2006,193.828
11/26/2006,244.742
11/27/2006,469.946
11/28/2006,543.966
11/29/2006,393.179
11/30/2006,440.128
12/1/2006,471.192
12/2/2006,503.643
12/3/2006,612.124
12/4/2006,638.714
12/5/2006,655.676
12/6/2006,507.494
12/7/2006,547.307
12/8/2006,340.481
12/9/2006,828.295
12/10/2006,660.574
12/11/2006,508.003
12/12/2006,392.612
12/13/2006,336.857
12/14/2006,368.345
12/15/2006,329.608
12/16/2006,231.263
12/17/2006,47.544
12/18/2006,267.339
12/19/2006,340.283
12/20/2006,326.379
12/21/2006,216.539
12/22/2006,313.071
12/23/2006,2.492
12/24/2006,2.605
12/25/2006,2.718
12/26/2006,81.354
12/27/2006,82.912
12/28/2006,239.164
12/29/2006,200.993
12/30/2006,2.832
12/31/2006,161.264
1/1/2007,130.059
1/2/2007,292.881
1/3/2007,316.723
1/4/2007,349.882
1/5/2007,643.867
1/6/2007,559.851
1/7/2007,413.51
1/8/2007,528.958
1/9/2007,552.093
1/10/2007,609.151
1/11/2007,677.253
1/12/2007,417.361
1/13/2007,615.522
1/14/2007,483.028
1/15/2007,524.569
1/16/2007,474.42
1/17/2007,823.934
1/18/2007,506.672
1/19/2007,414.7
1/20/2007,523.068
1/21/2007,643.867
1/22/2007,578.795
1/23/2007,650.295
1/24/2007,398.927
1/25/2007,661.169
1/26/2007,511.09
1/27/2007,510.863
1/28/2007,178.169
1/29/2007,384.372
1/30/2007,388.931
1/31/2007,370.469
2/1/2007,270.567
2/2/2007,136.6
2/3/2007,1.756
2/4/2007,82.742
2/5/2007,110.605
2/6/2007,259.155
2/7/2007,144.133
2/8/2007,118.053
2/9/2007,91.803
2/10/2007,3.171
2/11/2007,3.313
2/12/2007,42.872
2/13/2007,74.7
2/14/2007,73.879
2/15/2007,178.084
2/16/2007,196.179
2/17/2007,316.129
2/18/2007,200.936
2/19/2007,402.523
2/20/2007,156.649
2/21/2007,222.344
2/22/2007,89
2/23/2007,306.161
2/24/2007,255.078
2/25/2007,228.064
2/26/2007,263.346
2/27/2007,311.372
2/28/2007,250.434
3/1/2007,231.348
3/2/2007,181.681
3/3/2007,0
3/4/2007,0
3/5/2007,164.464
3/6/2007,173.525
3/7/2007,212.603
3/8/2007,49.753
3/9/2007,136.345
3/10/2007,28.458
3/11/2007,69.291
3/12/2007,63.231
3/13/2007,67.026
3/14/2007,41.116
3/15/2007,133.146
3/16/2007,191.591
3/17/2007,541.247
3/18/2007,490.787
3/19/2007,607.622
3/20/2007,412.038
3/21/2007,451.115
3/22/2007,303.868
3/23/2007,77.305
3/24/2007,191.365
3/25/2007,183.918
3/26/2007,200.851
3/27/2007,183.351
3/28/2007,199.124
3/29/2007,183.351
3/30/2007,189.468
3/31/2007,111.2
4/1/2007,113.182
4/2/2007,522.643
4/3/2007,266.093
4/4/2007,331.363
4/5/2007,500.613
4/6/2007,347.164
4/7/2007,288.265
4/8/2007,303.301
4/9/2007,359.085
4/10/2007,393.745
4/11/2007,345.465
4/12/2007,341.529
4/13/2007,111.427
4/14/2007,222.004
4/15/2007,136.544
4/16/2007,369.902
4/17/2007,560.503
4/18/2007,556.567
4/19/2007,589.782
4/20/2007,537.056
4/21/2007,470.484
4/22/2007,436.39
4/23/2007,648.087
4/24/2007,568.601
4/25/2007,394.226
4/26/2007,438.089
4/27/2007,362.653
4/28/2007,333.544
4/29/2007,56.917
4/30/2007,304.887
5/1/2007,376.528
5/2/2007,168.145
5/3/2007,163.445
5/4/2007,137.45
5/5/2007,49.073
5/6/2007,56.832
5/7/2007,176.499
5/8/2007,170.269
5/9/2007,193.942
5/10/2007,362.653
5/11/2007,215.264
5/12/2007,127.567
5/13/2007,0
5/14/2007,63.968
5/15/2007,414.954
5/16/2007,238.711
5/17/2007,118.364
5/18/2007,97.891
5/19/2007,49.243
5/20/2007,48.308
5/21/2007,180.378
5/22/2007,260.146
5/23/2007,181.058
5/24/2007,212.687
5/25/2007,247.8
5/26/2007,147.927
5/27/2007,191.28
5/28/2007,40.946
5/29/2007,169.618
5/30/2007,140.565
5/31/2007,241.825
6/1/2007,173.242
6/2/2007,75.832
6/3/2007,0
6/4/2007,40.663
6/5/2007,41.286
6/6/2007,0
6/7/2007,35.623
6/8/2007,282.205
6/9/2007,0
6/10/2007,0
6/11/2007,0
6/12/2007,166.446
6/13/2007,138.752
6/14/2007,104.631
6/15/2007,119.44
6/16/2007,0
6/17/2007,0
6/18/2007,199.718
6/19/2007,273.031
6/20/2007,162.652
6/21/2007,132.381
6/22/2007,42.277
6/23/2007,0
6/24/2007,0
6/25/2007,102.62
6/26/2007,163.19
6/27/2007,140.168
6/28/2007,216.907
6/29/2007,10.137
6/30/2007,93.219
7/1/2007,0
7/2/2007,0
7/3/2007,66.035
7/4/2007,26.589
7/5/2007,246.243
7/6/2007,184.371
7/7/2007,0
7/8/2007,115.646
7/9/2007,246.215
7/10/2007,152.203
7/11/2007,72.519
7/12/2007,69.433
7/13/2007,0
7/14/2007,0
7/15/2007,0
7/16/2007,134.958
7/17/2007,113.72
7/18/2007,213.82
7/19/2007,168.004
7/20/2007,0
7/21/2007,0
7/22/2007,0
7/23/2007,0
7/24/2007,136.034
7/25/2007,120.488
7/26/2007,236.162
7/27/2007,151.806
7/28/2007,59.295
7/29/2007,0
7/30/2007,98.684
7/31/2007,67.507
8/1/2007,112.984
8/2/2007,168.796
8/3/2007,133.061
8/4/2007,72.01
8/5/2007,0
8/6/2007,66.318
8/7/2007,196.632
8/8/2007,245.337
8/9/2007,30.129
8/10/2007,143.594
8/11/2007,0
8/12/2007,0
8/13/2007,220.106
8/14/2007,72.944
8/15/2007,138.752
8/16/2007,205.325
8/17/2007,0
8/18/2007,0
8/19/2007,0
8/20/2007,52.471
8/21/2007,24.919
8/22/2007,73.114
8/23/2007,164.492
8/24/2007,329.438
8/25/2007,140.451
8/26/2007,73.68
8/27/2007,104.178
8/28/2007,53.717
8/29/2007,87.782
8/30/2007,146.653
8/31/2007,64.477
9/1/2007,0
9/2/2007,45.024
9/3/2007,0
9/4/2007,206.203
9/5/2007,140.961
9/6/2007,172.478
9/7/2007,128.247
9/8/2007,41.512
9/9/2007,40.805
9/10/2007,139.319
9/11/2007,31.686
9/12/2007,34.178
9/13/2007,45.279
9/14/2007,64.562
9/15/2007,0
9/16/2007,0
9/17/2007,60.145
9/18/2007,30.412
9/19/2007,0
9/20/2007,132.211
9/21/2007,48.903
9/22/2007,66.658
9/23/2007,35
9/24/2007,50.007
9/25/2007,71.528
9/26/2007,134.618
9/27/2007,110.436
9/28/2007,12.771
9/29/2007,0
9/30/2007,0
10/1/2007,70.481
10/2/2007,35.085
10/3/2007,75.181
10/4/2007,201.701
10/5/2007,0
10/6/2007,0
10/7/2007,0
10/8/2007,0
10/9/2007,55.104
10/10/2007,233.982
10/11/2007,48.818
10/12/2007,0
10/13/2007,0
10/14/2007,0
10/15/2007,77.928
10/16/2007,49.016
10/17/2007,69.348
10/18/2007,131.192
10/19/2007,65.525
10/20/2007,0
10/21/2007,0
10/22/2007,179.897
10/23/2007,88.377
10/24/2007,44.995
10/25/2007,65.667
10/26/2007,0
10/27/2007,0
10/28/2007,0
10/29/2007,160.273
10/30/2007,93.587
10/31/2007,92.879
11/1/2007,60.711
11/2/2007,0
11/3/2007,0
11/4/2007,0
11/5/2007,97.212
11/6/2007,75.719
11/7/2007,73.907
11/8/2007,110.69
11/9/2007,83.846
11/10/2007,0
11/11/2007,0
11/12/2007,107.094
11/13/2007,54.028
11/14/2007,53.859
11/15/2007,76.002
11/16/2007,168.315
11/17/2007,0
11/18/2007,0
11/19/2007,172.789
11/20/2007,103.243
11/21/2007,76.342
11/22/2007,0
11/23/2007,97.438
11/24/2007,0
11/25/2007,0
11/26/2007,129.238
11/27/2007,52.981
11/28/2007,72.293
11/29/2007,110.322
11/30/2007,97.212
12/1/2007,0
12/2/2007,0
12/3/2007,50.376
12/4/2007,131.192
12/5/2007,149.909
12/6/2007,196.434
12/7/2007,65.015
12/8/2007,0
12/9/2007,0
12/10/2007,0
12/11/2007,100.043
12/12/2007,88.773
12/13/2007,223.108
12/14/2007,181.539
12/15/2007,0
12/16/2007,0
12/17/2007,160.896
12/18/2007,205.268
12/19/2007,106.415
12/20/2007,96.957
12/21/2007,74.785
12/22/2007,0
12/23/2007,0
12/24/2007,0
12/25/2007,0
12/26/2007,121.762
12/27/2007,111.172
12/28/2007,152.486
12/29/2007,0
12/30/2007,0
12/31/2007,0
1/1/2008,0
1/2/2008,96.136
1/3/2008,194.65
1/4/2008,94.068
1/5/2008,266.489
1/6/2008,0
1/7/2008,108.85
1/8/2008,53.349
1/9/2008,0
1/10/2008,96.051
1/11/2008,68.187
1/12/2008,0
1/13/2008,0
1/14/2008,74.332
1/15/2008,139.432
1/16/2008,142.292
1/17/2008,150.504
1/18/2008,93.445
1/19/2008,0
1/20/2008,75.266
1/21/2008,195.981
1/22/2008,95.852
1/23/2008,100.043
1/24/2008,90.812
1/25/2008,49.271
1/26/2008,83.62
1/27/2008,33.131
1/28/2008,109.444
1/29/2008,48.167
1/30/2008,75.351
1/31/2008,193.744
2/1/2008,52.499
2/2/2008,0
2/3/2008,0
2/4/2008,149.031
2/5/2008,44.995
2/6/2008,0
2/7/2008,95.682
2/8/2008,169.703
2/9/2008,0
2/10/2008,45.307
2/11/2008,213.282
2/12/2008,126.095
2/13/2008,53.179
2/14/2008,31.885
2/15/2008,0
2/16/2008,0
2/17/2008,0
2/18/2008,0
2/19/2008,67.705
2/20/2008,143.793
2/21/2008,135.637
2/22/2008,135.439
2/23/2008,0
2/24/2008,0
2/25/2008,126.35
2/26/2008,0
2/27/2008,73.85
2/28/2008,189.892
2/29/2008,64.336
3/1/2008,104.999
3/2/2008,104.659
3/3/2008,149.371
3/4/2008,0
3/5/2008,40.182
3/6/2008,67.904
3/7/2008,0
3/8/2008,0
3/9/2008,0
3/10/2008,174.828
3/11/2008,135.298
3/12/2008,67.621
3/13/2008,48.563
3/14/2008,0
3/15/2008,0
3/16/2008,0
3/17/2008,219.993
3/18/2008,152.344
3/19/2008,99.392
3/20/2008,30.724
3/21/2008,44.259
3/22/2008,0
3/23/2008,0
3/24/2008,217.728
3/25/2008,185.617
3/26/2008,167.069
3/27/2008,34.292
3/28/2008,73.312
3/29/2008,40.748
3/30/2008,110.974
3/31/2008,310.352
4/1/2008,0
4/2/2008,62.41
4/3/2008,64.761
4/4/2008,0
4/5/2008,0
4/6/2008,66.148
4/7/2008,232.424
4/8/2008,231.716
4/9/2008,251.623
4/10/2008,231.348
4/11/2008,293.39
4/12/2008,232.906
4/13/2008,227.186
4/14/2008,473.145
4/15/2008,344.587
4/16/2008,315.902
4/17/2008,326.096
4/18/2008,252.444
4/19/2008,487.757
4/20/2008,203.485
4/21/2008,219.03
4/22/2008,214.896
4/23/2008,275.579
4/24/2008,418.721
4/25/2008,322.415
4/26/2008,138.752
4/27/2008,65.638
4/28/2008,482.716
4/29/2008,209.006
4/30/2008,288.945
5/1/2008,269.236
5/2/2008,106.443
5/3/2008,116.863
5/4/2008,76.059
5/5/2008,398.757
5/6/2008,294.58
5/7/2008,361.86
5/8/2008,438.939
5/9/2008,221.664
5/10/2008,127.68
5/11/2008,81.552
5/12/2008,405.044
5/13/2008,235.794
5/14/2008,320.688
5/15/2008,448.991
5/16/2008,326.691
5/17/2008,201.984
5/18/2008,127.426
5/19/2008,406.912
5/20/2008,367.609
5/21/2008,387.459
5/22/2008,435.456
5/23/2008,374.886
5/24/2008,284.895
5/25/2008,366.533
5/26/2008,70.056
5/27/2008,406.658
5/28/2008,229.055
5/29/2008,156.932
5/30/2008,171.656
5/31/2008,254.398
6/1/2008,284.187
6/2/2008,172.987
6/3/2008,0
6/4/2008,92.454
6/5/2008,99.477
6/6/2008,258.816
6/7/2008,171.062
6/8/2008,0
6/9/2008,63.231
6/10/2008,248.225
6/11/2008,104.149
6/12/2008,115.957
6/13/2008,93.53
6/14/2008,71.585
6/15/2008,117.175
6/16/2008,96.928
6/17/2008,102.818
6/18/2008,59.635
6/19/2008,75.266
6/20/2008,112.474
6/21/2008,5.437
6/22/2008,4.814
6/23/2008,88.179
6/24/2008,99.024
6/25/2008,69.093
6/26/2008,147.191
6/27/2008,135.524
6/28/2008,99.817
6/29/2008,101.402
6/30/2008,101.091
7/1/2008,5.465
7/2/2008,57.115
7/3/2008,156.592
7/4/2008,141.556
7/5/2008,4.87
7/6/2008,5.437
7/7/2008,41.371
7/8/2008,140.225
7/9/2008,168.202
7/10/2008,170.779
7/11/2008,128.785
7/12/2008,4.87
7/13/2008,5.465
7/14/2008,95.881
7/15/2008,85.149
7/16/2008,108.85
7/17/2008,244.402
7/18/2008,143.708
7/19/2008,5.493
7/20/2008,5.493
7/21/2008,232.226
7/22/2008,240.806
7/23/2008,206.005
7/24/2008,215.661
7/25/2008,175.026
7/26/2008,5.578
7/27/2008,4.955
7/28/2008,63.203
7/29/2008,138.667
7/30/2008,115.731
7/31/2008,228.998
8/1/2008,113.465
8/2/2008,22.823
8/3/2008,5.607
8/4/2008,52.16
8/5/2008,150.9
8/6/2008,177.348
8/7/2008,178.198
8/8/2008,106.33
8/9/2008,3.171
8/10/2008,2.067
8/11/2008,78.579
8/12/2008,98.571
8/13/2008,142.547
8/14/2008,196.32
8/15/2008,142.122
8/16/2008,2.209
8/17/2008,2.18
8/18/2008,142.83
8/19/2008,182.389
8/20/2008,101.176
8/21/2008,107.406
8/22/2008,100.978
8/23/2008,2.237
8/24/2008,2.237
8/25/2008,128.813
8/26/2008,99.618
8/27/2008,74.36
8/28/2008,73.737
8/29/2008,72.633
8/30/2008,2.209
8/31/2008,2.124
9/1/2008,2.095
9/2/2008,113.437
9/3/2008,100.043
9/4/2008,50.319
9/5/2008,59.494
9/6/2008,2.209
9/7/2008,2.18
9/8/2008,213.933
9/9/2008,195.386
9/10/2008,2.18
9/11/2008,2.18
9/12/2008,2.152
9/13/2008,2.18
9/14/2008,248.423
9/15/2008,366.278
9/16/2008,41.003
9/17/2008,2.152
9/18/2008,2.152
9/19/2008,2.18
9/20/2008,2.152
9/21/2008,2.124
9/22/2008,367.637
9/23/2008,142.858
9/24/2008,54.935
9/25/2008,54.991
9/26/2008,54.651
9/27/2008,2.124
9/28/2008,2.095
9/29/2008,238.994
9/30/2008,131.135
10/1/2008,44.372
10/2/2008,34.093
10/3/2008,18.151
10/4/2008,2.152
10/5/2008,32.961
10/6/2008,248.168
10/7/2008,56.209
10/8/2008,60.032
10/9/2008,63.288
10/10/2008,34.688
10/11/2008,2.067
10/12/2008,54.765
10/13/2008,98.826
10/14/2008,33.272
10/15/2008,124.622
10/16/2008,164.068
10/17/2008,2.209
10/18/2008,2.322
10/19/2008,2.435
10/20/2008,186.24
10/21/2008,35.085
10/22/2008,77.135
10/23/2008,83.62
10/24/2008,101.261
10/25/2008,2.407
10/26/2008,2.407
10/27/2008,85.319
10/28/2008,86.338
10/29/2008,146.115
10/30/2008,135.751
10/31/2008,55.982
11/1/2008,2.379
11/2/2008,2.379
11/3/2008,155.686
11/4/2008,139.517
11/5/2008,80.08
11/6/2008,100.411
11/7/2008,18.321
11/8/2008,2.067
11/9/2008,2.124
11/10/2008,131.73
11/11/2008,214.33
11/12/2008,83.081
11/13/2008,58.899
11/14/2008,2.35
11/15/2008,2.152
11/16/2008,2.407
11/17/2008,34.49
11/18/2008,104.234
11/19/2008,134.476
11/20/2008,112.757
11/21/2008,130.739
11/22/2008,157.328
11/23/2008,56.152
11/24/2008,108.765
11/25/2008,79.797
11/26/2008,95.796
11/27/2008,2.803
11/28/2008,78.522
11/29/2008,2.747
11/30/2008,35.141
12/1/2008,89.849
12/2/2008,165.738
12/3/2008,141.131
12/4/2008,97.523
12/5/2008,149.711
12/6/2008,9.939
12/7/2008,79.797
12/8/2008,244.997
12/9/2008,95.399
12/10/2008,8.269
12/11/2008,77.277
12/12/2008,177.518
12/13/2008,79.683
12/14/2008,27.892
12/15/2008,47.742
12/16/2008,103.47
12/17/2008,199.718
12/18/2008,106.301
12/19/2008,95.824
12/20/2008,68.64
12/21/2008,128.134
12/22/2008,362.767
12/23/2008,362.908
12/24/2008,103.838
12/25/2008,7.759
12/26/2008,34.716
12/27/2008,8.353
12/28/2008,7.73
12/29/2008,102.337
12/30/2008,98.826
12/31/2008,153.477
1/1/2009,384.91
1/2/2009,355.036
1/3/2009,135.949
1/4/2009,70.849
1/5/2009,55.303
1/6/2009,250.519
1/7/2009,180.038
1/8/2009,233.925
1/9/2009,244.997
1/10/2009,2.803
1/11/2009,6.23
1/12/2009,87.187
1/13/2009,140.848
1/14/2009,168.23
1/15/2009,643.613
1/16/2009,650.748
1/17/2009,650.522
1/18/2009,499.678
1/19/2009,495.119
1/20/2009,407.337
1/21/2009,342.747
1/22/2009,71.557
1/23/2009,108.453
1/24/2009,104.999
1/25/2009,89.34
1/26/2009,260.911
1/27/2009,92.539
1/28/2009,91.633
1/29/2009,55.104
1/30/2009,73.85
1/31/2009,3.002
2/1/2009,2.945
2/2/2009,2.917
2/3/2009,95.343
2/4/2009,214.047
2/5/2009,179.67
2/6/2009,60.711
2/7/2009,109.133
2/8/2009,2.69
2/9/2009,142.547
2/10/2009,176.187
2/11/2009,90.104
2/12/2009,80.873
2/13/2009,163.614
2/14/2009,2.577
2/15/2009,2.662
2/16/2009,227.61
2/17/2009,214.047
2/18/2009,92.2
2/19/2009,55.529
2/20/2009,90.217
2/21/2009,2.888
2/22/2009,2.803
2/23/2009,230.017
2/24/2009,227.639
2/25/2009,161.661
2/26/2009,29.959
2/27/2009,2.577
2/28/2009,2.718
3/1/2009,2.917
3/2/2009,166.05
3/3/2009,286.339
3/4/2009,671.08
3/5/2009,89.028
3/6/2009,53.972
3/7/2009,2.492
3/8/2009,2.35
3/9/2009,27.637
3/10/2009,85.545
3/11/2009,118.336
3/12/2009,310.834
3/13/2009,349.118
3/14/2009,2.888
3/15/2009,2.832
3/16/2009,282.432
3/17/2009,334.648
3/18/2009,296.845
3/19/2009,385.59
3/20/2009,564.92
3/21/2009,272.379
3/22/2009,118.874
3/23/2009,517.999
3/24/2009,447.604
3/25/2009,444.659
3/26/2009,435.258
3/27/2009,295.939
3/28/2009,103.328
3/29/2009,2.407
3/30/2009,423.478
3/31/2009,171.855
4/1/2009,282.347
4/2/2009,235.426
4/3/2009,118.024
4/4/2009,241.486
4/5/2009,79.882
4/6/2009,276.315
4/7/2009,362.936
4/8/2009,331.222
4/9/2009,273.455
4/10/2009,205.863
4/11/2009,252.501
4/12/2009,169.306
4/13/2009,377.236
4/14/2009,220.418
4/15/2009,235.737
4/16/2009,236.559
4/17/2009,254.483
4/18/2009,219.342
4/19/2009,297.015
4/20/2009,460.12
4/21/2009,171.968
4/22/2009,174.318
4/23/2009,228.8
4/24/2009,124.566
4/25/2009,410.424
4/26/2009,238.541
4/27/2009,408.272
4/28/2009,406.006
4/29/2009,256.522
4/30/2009,266.631
5/1/2009,76.71
5/2/2009,354.583
5/3/2009,165.823
5/4/2009,336.064
5/5/2009,248.197
5/6/2009,146.681
5/7/2009,146.058
5/8/2009,178.339
5/9/2009,300.356
5/10/2009,308.568
5/11/2009,208.242
5/12/2009,219.002
5/13/2009,213.82
5/14/2009,200.823
5/15/2009,293.957
5/16/2009,327.909
5/17/2009,2.379
5/18/2009,341.076
5/19/2009,149.796
5/20/2009,192.214
5/21/2009,273.823
5/22/2009,335.413
5/23/2009,246.498
5/24/2009,186.834
5/25/2009,103.611
5/26/2009,79.004
5/27/2009,282.177
5/28/2009,344.049
5/29/2009,339.632
5/30/2009,145.124
5/31/2009,43.523
6/1/2009,216.114
6/2/2009,256.069
6/3/2009,301.376
6/4/2009,319.045
6/5/2009,146.086
6/6/2009,78.296
6/7/2009,291.578
6/8/2009,515.592
6/9/2009,515.734
6/10/2009,480.281
6/11/2009,538.642
6/12/2009,720.889
6/13/2009,601.477
6/14/2009,424.752
6/15/2009,495.431
6/16/2009,520.208
6/17/2009,590.264
6/18/2009,591.113
6/19/2009,624.81
6/20/2009,465.443
6/21/2009,416.483
6/22/2009,385.618
6/23/2009,293.56
6/24/2009,358.038
6/25/2009,482.263
6/26/2009,390.828
6/27/2009,234.888
6/28/2009,100.695
6/29/2009,306.982
6/30/2009,230.697
7/1/2009,303.584
7/2/2009,242.76
7/3/2009,183.323
7/4/2009,48.139
7/5/2009,48.563
7/6/2009,118.223
7/7/2009,123.943
7/8/2009,102.025
7/9/2009,111.936
7/10/2009,137.62
7/11/2009,2.464
7/12/2009,42.107
7/13/2009,49.243
7/14/2009,46.44
7/15/2009,113.692
7/16/2009,216.793
7/17/2009,208.695
7/18/2009,81.581
7/19/2009,2.464
7/20/2009,112.446
7/21/2009,7.306
7/22/2009,113.239
7/23/2009,197.255
7/24/2009,231.008
7/25/2009,48.308
7/26/2009,81.949
7/27/2009,183.38
7/28/2009,189.949
7/29/2009,185.843
7/30/2009,189.128
7/31/2009,80.448
8/1/2009,66.828
8/2/2009,48.45
8/3/2009,143.906
8/4/2009,111.653
8/5/2009,167.749
8/6/2009,95.739
8/7/2009,61.419
8/8/2009,2.492
8/9/2009,2.464
8/10/2009,150.249
8/11/2009,129.776
8/12/2009,147.361
8/13/2009,51.48
8/14/2009,164.521
8/15/2009,2.492
8/16/2009,2.492
8/17/2009,112.984
8/18/2009,137.733
8/19/2009,115.759
8/20/2009,113.72
8/21/2009,136.77
8/22/2009,2.492
8/23/2009,2.492
8/24/2009,2.492
8/25/2009,116.722
8/26/2009,224.326
8/27/2009,147.7
8/28/2009,135.637
8/29/2009,2.492
8/30/2009,62.127
8/31/2009,2.492
9/1/2009,2.492
9/2/2009,158.348
9/3/2009,183.634
9/4/2009,225.77
9/5/2009,2.492
9/6/2009,32.508
9/7/2009,2.492
9/8/2009,271.19
9/9/2009,87.046
9/10/2009,2.52
9/11/2009,221.834
9/12/2009,2.52
9/13/2009,2.52
9/14/2009,120.261
9/15/2009,103.271
9/16/2009,81.213
9/17/2009,37.945
9/18/2009,182.672
9/19/2009,2.52
9/20/2009,2.52
9/21/2009,44.627
9/22/2009,80.816
9/23/2009,239.872
9/24/2009,222.542
9/25/2009,75.889
9/26/2009,2.549
9/27/2009,2.52
9/28/2009,301.177
9/29/2009,125.528
9/30/2009,45.845
10/1/2009,55.586
10/2/2009,111.936
10/3/2009,2.549
10/4/2009,2.52
10/5/2009,160.924
10/6/2009,46.27
10/7/2009,83.535
10/8/2009,82.147
10/9/2009,92.483
10/10/2009,155.657
10/11/2009,52.783
10/12/2009,0
10/13/2009,0
10/14/2009,0
10/15/2009,0.623
10/16/2009,2.832
10/17/2009,2.633
10/18/2009,12.686
10/19/2009,272.124
10/20/2009,82.855
10/21/2009,37.86
10/22/2009,32.847
10/23/2009,2.718
10/24/2009,2.69
10/25/2009,82.968
10/26/2009,284.018
10/27/2009,87.556
10/28/2009,34.122
10/29/2009,2.747
10/30/2009,2.69
10/31/2009,2.69
11/1/2009,2.69
11/2/2009,83.251
11/3/2009,113.918
11/4/2009,44.741
11/5/2009,82.487
11/6/2009,80.561
11/7/2009,2.633
11/8/2009,2.633
11/9/2009,164.719
11/10/2009,86.451
11/11/2009,122.64
11/12/2009,50.489
11/13/2009,2.577
11/14/2009,433.813
11/15/2009,527.655
11/16/2009,526.891
11/17/2009,527.485
11/18/2009,626.736
11/19/2009,693.28
11/20/2009,233.076
11/21/2009,608.726
11/22/2009,573.387
11/23/2009,758.777
11/24/2009,622.375
11/25/2009,546.174
11/26/2009,502.708
11/27/2009,135.213
11/28/2009,645.651
11/29/2009,445.508
11/30/2009,595.389
12/1/2009,616.259
12/2/2009,628.293
12/3/2009,239.758
12/4/2009,447.094
12/5/2009,555.717
12/6/2009,594.568
12/7/2009,338.216
12/8/2009,434.493
12/9/2009,464.99
12/10/2009,537.283
12/11/2009,708.458
12/12/2009,538.274
12/13/2009,339.972
12/14/2009,477.563
12/15/2009,299.705
12/16/2009,580.947
12/17/2009,771.491
12/18/2009,746.629
12/19/2009,425.205
12/20/2009,419.882
12/21/2009,492.599
12/22/2009,555.689
12/23/2009,699.651
12/24/2009,492.854
12/25/2009,403.996
12/26/2009,441.091
12/27/2009,295.457
12/28/2009,534.31
12/29/2009,635.542
12/30/2009,806.208
12/31/2009,433.7
1/1/2010,474.165
1/2/2010,432.001
1/3/2010,734.594
1/4/2010,491.665
1/5/2010,715.65
1/6/2010,558.322
1/7/2010,416.738
1/8/2010,406.601
1/9/2010,523.464
1/10/2010,603.403
1/11/2010,651.57
1/12/2010,569.309
1/13/2010,577.181
1/14/2010,471.815
1/15/2010,540.511
1/16/2010,328.871
1/17/2010,283.848
1/18/2010,399.182
1/19/2010,445.48
1/20/2010,441.062
1/21/2010,729.781
1/22/2010,615.409
1/23/2010,340.51
1/24/2010,361.917
1/25/2010,485.718
1/26/2010,599.41
1/27/2010,577.351
1/28/2010,547.59
1/29/2010,562.258
1/30/2010,520.463
1/31/2010,474.59
2/1/2010,706.476
2/2/2010,683.001
2/3/2010,368.826
2/4/2010,536.802
2/5/2010,573.217
2/6/2010,426.847
2/7/2010,295.684
2/8/2010,611.388
2/9/2010,413.397
2/10/2010,519.273
2/11/2010,541.927
2/12/2010,683.398
2/13/2010,522.473
2/14/2010,410.48
2/15/2010,607.367
2/16/2010,669.268
2/17/2010,568.63
2/18/2010,504.52
2/19/2010,565.062
2/20/2010,533.743
2/21/2010,397.625
2/22/2010,451.483
2/23/2010,540.568
2/24/2010,539.86
2/25/2010,627.982
2/26/2010,545.636
2/27/2010,603.374
2/28/2010,483.708
3/1/2010,668.786
3/2/2010,509.448
3/3/2010,588.197
3/4/2010,533.913
3/5/2010,404.137
3/6/2010,659.442
3/7/2010,635.344
3/8/2010,607.848
3/9/2010,603.204
3/10/2010,530.204
3/11/2010,496.847
3/12/2010,389.328
3/13/2010,146.313
3/14/2010,73.709
3/15/2010,364.352
3/16/2010,373.867
3/17/2010,326.238
3/18/2010,330.542
3/19/2010,359.17
3/20/2010,317.743
3/21/2010,317.29
3/22/2010,315.449
3/23/2010,355.376
3/24/2010,325.02
3/25/2010,341.076
3/26/2010,342.605
3/27/2010,339.915
3/28/2010,304.151
3/29/2010,229.678
3/30/2010,315.477
3/31/2010,458.76
4/1/2010,482.773
4/2/2010,555.236
4/3/2010,570.102
4/4/2010,570.612
4/5/2010,570.499
4/6/2010,571.461
4/7/2010,572.764
4/8/2010,567.525
4/9/2010,551.158
4/10/2010,259.297
4/11/2010,196.547
4/12/2010,341.132
4/13/2010,423.195
4/14/2010,506.559
4/15/2010,468.388
4/16/2010,364.749
4/17/2010,226.931
4/18/2010,143.764
4/19/2010,310.947
4/20/2010,309.333
4/21/2010,286.934
4/22/2010,298.516
4/23/2010,207.789
4/24/2010,34.547
4/25/2010,160.896
4/26/2010,349.061
4/27/2010,346.428
4/28/2010,395.614
4/29/2010,147.672
4/30/2010,148.295
5/1/2010,115.731
5/2/2010,243.355
5/3/2010,162.029
5/4/2010,305.17
5/5/2010,124.622
5/6/2010,287.642
5/7/2010,148.21
5/8/2010,120.743
5/9/2010,39.615
5/10/2010,35.594
5/11/2010,125.132
5/12/2010,299.62
5/13/2010,197.934
5/14/2010,268.019
5/15/2010,144.925
5/16/2010,2.718
5/17/2010,93.36
5/18/2010,118.761
5/19/2010,2.69
5/20/2010,177.971
5/21/2010,350.194
5/22/2010,37.435
5/23/2010,2.747
5/24/2010,288.831
5/25/2010,218.974
5/26/2010,243.241
5/27/2010,142.83
5/28/2010,145.52
5/29/2010,2.747
5/30/2010,137.053
5/31/2010,197.538
6/1/2010,192.271
6/2/2010,246.045
6/3/2010,219.682
6/4/2010,123.235
6/5/2010,170.779
6/6/2010,293.504
6/7/2010,176.867
6/8/2010,156.167
6/9/2010,158.178
6/10/2010,291.493
6/11/2010,240.948
6/12/2010,90.019
6/13/2010,195.273
6/14/2010,200.709
6/15/2010,38.199
6/16/2010,159.084
6/17/2010,259.637
6/18/2010,228.46
6/19/2010,68.668
6/20/2010,115.986
6/21/2010,92.03
6/22/2010,108.68
6/23/2010,79.145
6/24/2010,133.146
6/25/2010,2.124
6/26/2010,72.661
6/27/2010,86.281
6/28/2010,144.954
6/29/2010,148.097
6/30/2010,68.045
7/1/2010,2.152
7/2/2010,50.829
7/3/2010,58.786
7/4/2010,46.44
7/5/2010,2.039
7/6/2010,165.851
7/7/2010,140.31
7/8/2010,92.2
7/9/2010,78.777
7/10/2010,41.314
7/11/2010,2.435
7/12/2010,72.321
7/13/2010,2.435
7/14/2010,85.8
7/15/2010,216.992
7/16/2010,192.951
7/17/2010,55.926
7/18/2010,2.577
7/19/2010,171.005
7/20/2010,64.421
7/21/2010,97.778
7/22/2010,104.772
7/23/2010,124.877
7/24/2010,141.301
7/25/2010,56.775
7/26/2010,100.949
7/27/2010,2.35
7/28/2010,131.786
7/29/2010,165.115
7/30/2010,2.237
7/31/2010,77.673
8/1/2010,2.152
8/2/2010,2.435
8/3/2010,103.923
8/4/2010,130.937
8/5/2010,144.925
8/6/2010,133.57
8/7/2010,34.518
8/8/2010,89.396
8/9/2010,39.36
8/10/2010,135.383
8/11/2010,200.483
8/12/2010,98.089
8/13/2010,70.594
8/14/2010,2.407
8/15/2010,21.323
8/16/2010,135.468
8/17/2010,196.717
8/18/2010,45.986
8/19/2010,82.515
8/20/2010,171.911
8/21/2010,66.856
8/22/2010,56.492
8/23/2010,99.788
8/24/2010,69.008
8/25/2010,87.018
8/26/2010,134.193
8/27/2010,99.647
8/28/2010,2.152
8/29/2010,2.124
8/30/2010,108.51
8/31/2010,147.332
9/1/2010,162.595
9/2/2010,98.089
9/3/2010,75.832
9/4/2010,2.124
9/5/2010,60.145
9/6/2010,2.124
9/7/2010,193.206
9/8/2010,223.929
9/9/2010,99.42
9/10/2010,39.134
9/11/2010,2.124
9/12/2010,2.152
9/13/2010,265.527
9/14/2010,99.703
9/15/2010,100.383
9/16/2010,118.789
9/17/2010,94.776
9/18/2010,31.177
9/19/2010,42.504
9/20/2010,112.842
9/21/2010,30.95
9/22/2010,171.005
9/23/2010,118.393
9/24/2010,122.64
9/25/2010,120.828
9/26/2010,116.835
9/27/2010,138.809
9/28/2010,78.947
9/29/2010,41.144
9/30/2010,118.931
10/1/2010,2.18
10/2/2010,2.067
10/3/2010,2.095
10/4/2010,162.199
10/5/2010,137.62
10/6/2010,114.4
10/7/2010,117.317
10/8/2010,157.498
10/9/2010,2.095
10/10/2010,48.507
10/11/2010,262.412
10/12/2010,202.805
10/13/2010,116.75
10/14/2010,38.794
10/15/2010,2.124
10/16/2010,2.124
10/17/2010,94.606
10/18/2010,235.483
10/19/2010,120.346
10/20/2010,100.553
10/21/2010,53.632
10/22/2010,53.207
10/23/2010,2.152
10/24/2010,2.152
10/25/2010,120.516
10/26/2010,140.14
10/27/2010,93.219
10/28/2010,51.027
10/29/2010,52.018
10/30/2010,156.195
10/31/2010,197.68
11/1/2010,307.889
11/2/2010,316.214
11/3/2010,270.029
11/4/2010,160.67
11/5/2010,100.355
11/6/2010,238.229
11/7/2010,226.138
11/8/2010,420.958
11/9/2010,205.976
11/10/2010,151.183
11/11/2010,169.165
11/12/2010,117.26
11/13/2010,131.786
11/14/2010,123.15
11/15/2010,167.551
11/16/2010,123.801
11/17/2010,122.867
11/18/2010,175.791
11/19/2010,289.681
11/20/2010,87.669
11/21/2010,197.113
11/22/2010,208.525
11/23/2010,85.998
11/24/2010,175.762
11/25/2010,16.82
11/26/2010,136.855
11/27/2010,2.294
11/28/2010,56.605
11/29/2010,247.659
11/30/2010,0
12/1/2010,0
12/2/2010,162.482
12/3/2010,152.146
12/4/2010,0
12/5/2010,0
12/6/2010,249.188
12/7/2010,203.23
12/8/2010,192.922
12/9/2010,229.904
12/10/2010,104.291
12/11/2010,0
12/12/2010,0
12/13/2010,141.924
12/14/2010,405.978
12/15/2010,310.918
12/16/2010,246.413
12/17/2010,57.058
12/18/2010,0
12/19/2010,0
12/20/2010,325.7
12/21/2010,209.601
12/22/2010,52.698
12/23/2010,193.007
12/24/2010,51.848
12/25/2010,0
12/26/2010,0
12/27/2010,234.01
12/28/2010,198.897
12/29/2010,99.477
12/30/2010,137.931
12/31/2010,52.131
1/1/2011,0
1/2/2011,57.2
1/3/2011,148.833
1/4/2011,53.774
1/5/2011,99.477
1/6/2011,98.797
1/7/2011,106.33
1/8/2011,35.509
1/9/2011,54.991
1/10/2011,176.838
1/11/2011,153.307
1/12/2011,93.615
1/13/2011,219.314
1/14/2011,142.717
1/15/2011,0
1/16/2011,54.482
1/17/2011,275.069
1/18/2011,59.692
1/19/2011,86.253
1/20/2011,138.809
1/21/2011,222.315
1/22/2011,78.721
1/23/2011,76.37
1/24/2011,289.228
1/25/2011,57.964
1/26/2011,2.945
1/27/2011,2.52
1/28/2011,56.067
1/29/2011,2.945
1/30/2011,2.888
1/31/2011,101.799
2/1/2011,55.388
2/2/2011,2.775
2/3/2011,149.145
2/4/2011,154.921
2/5/2011,0
2/6/2011,0
2/7/2011,32.847
2/8/2011,59.55
2/9/2011,151.806
2/10/2011,168.768
2/11/2011,39.389
2/12/2011,0
2/13/2011,0
2/14/2011,106.698
2/15/2011,228.233
2/16/2011,91.463
2/17/2011,28.204
2/18/2011,0
2/19/2011,0
2/20/2011,0
2/21/2011,71.698
2/22/2011,96.362
2/23/2011,143.906
2/24/2011,96.589
2/25/2011,53.547
2/26/2011,0
2/27/2011,0
2/28/2011,99.59
3/1/2011,71.472
3/2/2011,123.093
3/3/2011,93.191
3/4/2011,66.261
3/5/2011,0
3/6/2011,0
3/7/2011,149.881
3/8/2011,143.453
3/9/2011,97.325
3/10/2011,218.691
3/11/2011,184.003
3/12/2011,88.915
3/13/2011,114.91
3/14/2011,372.677
3/15/2011,312.419
3/16/2011,214.641
3/17/2011,231.943
3/18/2011,154.468
3/19/2011,233.699
3/20/2011,281.582
3/21/2011,446.641
3/22/2011,121.026
3/23/2011,405.157
3/24/2011,298.771
3/25/2011,428.575
3/26/2011,151.891
3/27/2011,196.235
3/28/2011,380.011
3/29/2011,214.698
3/30/2011,259.948
3/31/2011,269.208
4/1/2011,96.872
4/2/2011,208.327
4/3/2011,78.353
4/4/2011,381.229
4/5/2011,301.999
4/6/2011,247.319
4/7/2011,145.69
4/8/2011,150.334
4/9/2011,115.617
4/10/2011,38.086
4/11/2011,419.004
4/12/2011,300.696
4/13/2011,281.95
4/14/2011,120.771
4/15/2011,69.914
4/16/2011,197.821
4/17/2011,127.85
4/18/2011,311.74
4/19/2011,453.409
4/20/2011,501.745
4/21/2011,282.545
4/22/2011,197.538
4/23/2011,223.505
4/24/2011,378.086
4/25/2011,342.01
4/26/2011,404.59
4/27/2011,416.37
4/28/2011,218.209
4/29/2011,2.435
4/30/2011,125.698
5/1/2011,119.072
5/2/2011,346.371
5/3/2011,398.021
5/4/2011,123.546
5/5/2011,132.466
5/6/2011,130.257
5/7/2011,131.447
5/8/2011,159.593
5/9/2011,287.104
5/10/2011,366.957
5/11/2011,269.831
5/12/2011,422.798
5/13/2011,218.436
5/14/2011,52.528
5/15/2011,160.471
5/16/2011,323.831
5/17/2011,198.246
5/18/2011,146.483
5/19/2011,158.716
5/20/2011,146.653
5/21/2011,1.841
5/22/2011,1.841
5/23/2011,182.813
5/24/2011,253.775
5/25/2011,223.561
5/26/2011,114.003
5/27/2011,1.926
5/28/2011,1.897
5/29/2011,150.617
5/30/2011,173.525
5/31/2011,290.417
6/1/2011,218.464
6/2/2011,133.967
6/3/2011,87.527
6/4/2011,54
6/5/2011,25.627
6/6/2011,206.26
6/7/2011,173.384
6/8/2011,269.519
6/9/2011,326.719
6/10/2011,166.559
6/11/2011,142.802
6/12/2011,138.554
6/13/2011,143.085
6/14/2011,91.35
6/15/2011,87.924
6/16/2011,47.232
6/17/2011,231.008
6/18/2011,71.415
6/19/2011,1.897
6/20/2011,1.926
6/21/2011,1.926
6/22/2011,203.343
6/23/2011,187.401
6/24/2011,115.136
6/25/2011,1.954
6/26/2011,1.954
6/27/2011,1.982
6/28/2011,97.551
6/29/2011,123.036
6/30/2011,93.983
7/1/2011,181.341
7/2/2011,164.634
7/3/2011,1.926
7/4/2011,1.954
7/5/2011,99.307
7/6/2011,146.171
7/7/2011,139.234
7/8/2011,52.669
7/9/2011,1.954
7/10/2011,1.954
7/11/2011,192.583
7/12/2011,333.6
7/13/2011,79.117
7/14/2011,3.426
7/15/2011,20.586
7/16/2011,65.327
7/17/2011,1.926
7/18/2011,46.779
7/19/2011,104.546
7/20/2011,112.276
7/21/2011,133.287
7/22/2011,137.28
7/23/2011,106.358
7/24/2011,74.473
7/25/2011,1.926
7/26/2011,55.104
7/27/2011,62.778
7/28/2011,146.879
7/29/2011,175.677
7/30/2011,50.234
7/31/2011,1.954
8/1/2011,129.266
8/2/2011,157.356
8/3/2011,115.957
8/4/2011,53.094
8/5/2011,92.2
8/6/2011,39.644
8/7/2011,1.926
8/8/2011,180.973
8/9/2011,146.313
8/10/2011,121.281
8/11/2011,29.563
8/12/2011,48.308
8/13/2011,67.564
8/14/2011,1.954
8/15/2011,100.808
8/16/2011,1.954
8/17/2011,144.161
8/18/2011,151.013
8/19/2011,148.578
8/20/2011,1.954
8/21/2011,83.676
8/22/2011,93.36
8/23/2011,4.134
8/24/2011,49.101
8/25/2011,86.083
8/26/2011,46.779
8/27/2011,1.926
8/28/2011,21.464
8/29/2011,76.569
8/30/2011,186.806
8/31/2011,227.979
9/1/2011,272.861
9/2/2011,241.514
9/3/2011,110.124
9/4/2011,142.264
9/5/2011,1.982
9/6/2011,3.483
9/7/2011,1.954
9/8/2011,95.229
9/9/2011,122.98
9/10/2011,1.897
9/11/2011,1.897
9/12/2011,182.643
9/13/2011,187.91
9/14/2011,150.674
9/15/2011,105.14
9/16/2011,1.897
9/17/2011,1.869
9/18/2011,1.869
9/19/2011,1.869
9/20/2011,1.897
9/21/2011,275.409
9/22/2011,137.28
9/23/2011,177.829
9/24/2011,1.897
9/25/2011,1.897
9/26/2011,183.436
9/27/2011,146.483
9/28/2011,146.794
9/29/2011,76.682
9/30/2011,62.637
10/1/2011,1.982
10/2/2011,1.954
10/3/2011,182.19
10/4/2011,157.951
10/5/2011,36.444
10/6/2011,46.581
10/7/2011,45.25
10/8/2011,2.067
10/9/2011,2.01
10/10/2011,120.233
10/11/2011,178.679
10/12/2011,2.039
10/13/2011,113.692
10/14/2011,2.01
10/15/2011,1.982
10/16/2011,1.982
10/17/2011,152.911
10/18/2011,81.977
10/19/2011,164.209
10/20/2011,2.039
10/21/2011,12.573
10/22/2011,65.299
10/23/2011,96.136
10/24/2011,93.049
10/25/2011,55.473
10/26/2011,66.176
10/27/2011,47.77
10/28/2011,54.17
10/29/2011,27.864
10/30/2011,68.47
10/31/2011,195.131
11/1/2011,29.818
11/2/2011,34.122
11/3/2011,35.368
11/4/2011,32.904
11/5/2011,36.415
11/6/2011,2.152
11/7/2011,131.843
11/8/2011,132.409
11/9/2011,33.782
11/10/2011,37.718
11/11/2011,48.846
11/12/2011,34.66
11/13/2011,2.067
11/14/2011,2.01
11/15/2011,189.383
11/16/2011,38.454
11/17/2011,68.272
11/18/2011,104.149
11/19/2011,2.407
11/20/2011,89.509
11/21/2011,224.382
11/22/2011,370.922
11/23/2011,214.783
11/24/2011,90.246
11/25/2011,50.574
11/26/2011,195.386
11/27/2011,150.872
11/28/2011,188.193
11/29/2011,116.042
11/30/2011,241.231
12/1/2011,260.798
12/2/2011,296.335
12/3/2011,140.961
12/4/2011,89.679
12/5/2011,183.748
12/6/2011,193.828
12/7/2011,171.458
12/8/2011,363.418
12/9/2011,240.806
12/10/2011,41.909
12/11/2011,272.606
12/12/2011,325.728
12/13/2011,446.584
12/14/2011,498.206
12/15/2011,545.948
12/16/2011,567.242
12/17/2011,121.196
12/18/2011,235.624
12/19/2011,194.905
12/20/2011,201.616
12/21/2011,179.925
12/22/2011,166.701
12/23/2011,233.755
12/24/2011,99.165
12/25/2011,120.403
12/26/2011,36.699
12/27/2011,231.546
12/28/2011,189.581
12/29/2011,300.328
12/30/2011,304.066
12/31/2011,65.015
1/1/2012,99.902
1/2/2012,215.576
1/3/2012,408.158
1/4/2012,285.943
1/5/2012,283.706
1/6/2012,219.427
1/7/2012,106.018
1/8/2012,169.448
1/9/2012,342.832
1/10/2012,203.06
1/11/2012,249.811
1/12/2012,163.643
1/13/2012,293.957
1/14/2012,152.203
1/15/2012,308.88
1/16/2012,182.247
1/17/2012,80.137
1/18/2012,220.333
1/19/2012,243.893
1/20/2012,252.473
1/21/2012,130.852
1/22/2012,225.034
1/23/2012,252.812
1/24/2012,145.633
1/25/2012,210.79
1/26/2012,314.232
1/27/2012,313.467
1/28/2012,45.194
1/29/2012,64.591
1/30/2012,312.306
1/31/2012,155.714
2/1/2012,92.001
2/2/2012,90.189
2/3/2012,190.43
2/4/2012,2.549
2/5/2012,2.633
2/6/2012,46.638
2/7/2012,49.016
2/8/2012,62.58
2/9/2012,126.378
2/10/2012,155.148
2/11/2012,2.775
2/12/2012,35.056
2/13/2012,177.235
2/14/2012,56.719
2/15/2012,59.579
2/16/2012,76.257
2/17/2012,48.988
2/18/2012,2.69
2/19/2012,50.659
2/20/2012,165.682
2/21/2012,179.755
2/22/2012,52.698
2/23/2012,2.52
2/24/2012,32.819
2/25/2012,2.577
2/26/2012,56.832
2/27/2012,181.171
2/28/2012,42.249
2/29/2012,57.285
3/1/2012,45.958
3/2/2012,80.844
3/3/2012,2.379
3/4/2012,2.633
3/5/2012,178.028
3/6/2012,125.812
3/7/2012,70.084
3/8/2012,30.865
3/9/2012,119.072
3/10/2012,60.032
3/11/2012,2.492
3/12/2012,235.709
3/13/2012,68.838
3/14/2012,105.65
3/15/2012,98.684
3/16/2012,45.703
3/17/2012,2.01
3/18/2012,81.213
3/19/2012,80.618
3/20/2012,64.109
3/21/2012,109.133
3/22/2012,124.877
3/23/2012,146.454
3/24/2012,68.47
3/25/2012,129.04
3/26/2012,251.34
3/27/2012,340.141
3/28/2012,333.034
3/29/2012,481.584
3/30/2012,533.46
3/31/2012,594.002
4/1/2012,564.694
4/2/2012,468.53
4/3/2012,302.622
4/4/2012,437.013
4/5/2012,436.673
4/6/2012,369.931
4/7/2012,82.515
4/8/2012,278.694
4/9/2012,237.663
4/10/2012,233.812
4/11/2012,327.286
4/12/2012,159.14
4/13/2012,182.615
4/14/2012,132.126
4/15/2012,219.03
4/16/2012,455.306
4/17/2012,210.026
4/18/2012,30.441
4/19/2012,78.721
4/20/2012,134.816
4/21/2012,188.024
4/22/2012,148.238
4/23/2012,307.407
4/24/2012,118.024
4/25/2012,128.785
4/26/2012,124.537
4/27/2012,122.13
4/28/2012,118.336
4/29/2012,172.279
4/30/2012,152.967
5/1/2012,57.908
5/2/2012,191.507
5/3/2012,186.126
5/4/2012,215.463
5/5/2012,106.811
5/6/2012,119.242
5/7/2012,184.597
5/8/2012,258.844
5/9/2012,141.726
5/10/2012,117.883
5/11/2012,86.055
5/12/2012,107.236
5/13/2012,147.417
5/14/2012,126.519
5/15/2012,109.558
5/16/2012,363.474
5/17/2012,126.944
5/18/2012,77.078
5/19/2012,171.94
5/20/2012,186.381
5/21/2012,177.461
5/22/2012,133.769
5/23/2012,138.554
5/24/2012,175.026
5/25/2012,332.921
5/26/2012,209.601
5/27/2012,187.939
5/28/2012,83.563
5/29/2012,262.355
5/30/2012,64.93
5/31/2012,51.452
6/1/2012,93.162
6/2/2012,154.468
6/3/2012,53.547
6/4/2012,271.275
6/5/2012,1.926
6/6/2012,1.982
6/7/2012,89.226
6/8/2012,291.465
6/9/2012,102.025
6/10/2012,119.638
6/11/2012,174.007
6/12/2012,95.343
6/13/2012,92.766
6/14/2012,59.833
6/15/2012,136.855
6/16/2012,54.085
6/17/2012,52.188
6/18/2012,29.308
6/19/2012,58.078
6/20/2012,238.371
6/21/2012,226.903
6/22/2012,83.733
6/23/2012,113.38
6/24/2012,32.621
6/25/2012,2.01
6/26/2012,20.983
6/27/2012,22.908
6/28/2012,167.494
6/29/2012,212.518
6/30/2012,105.763
7/1/2012,99.194
7/2/2012,135.722
7/3/2012,56.379
7/4/2012,1.926
7/5/2012,134.165
7/6/2012,63.43
7/7/2012,247.602
7/8/2012,85.177
7/9/2012,64.053
7/10/2012,1.982
7/11/2012,44.542
7/12/2012,105.31
7/13/2012,93.219
7/14/2012,79.74
7/15/2012,1.926
7/16/2012,98.712
7/17/2012,173.072
7/18/2012,116.354
7/19/2012,101.374
7/20/2012,85.375
7/21/2012,53.066
7/22/2012,1.926
7/23/2012,181.822
7/24/2012,107.066
7/25/2012,81.722
7/26/2012,175.791
7/27/2012,22.03
7/28/2012,45.165
7/29/2012,24.664
7/30/2012,35.085
7/31/2012,59.38
8/1/2012,107.491
8/2/2012,141.782
8/3/2012,259.155
8/4/2012,133.4
8/5/2012,85.687
8/6/2012,1.926
8/7/2012,53.944
8/8/2012,115.929
8/9/2012,163.813
8/10/2012,59.324
8/11/2012,1.926
8/12/2012,1.926
8/13/2012,100.213
8/14/2012,100.355
8/15/2012,57.625
8/16/2012,190.232
8/17/2012,163.53
8/18/2012,12.006
8/19/2012,18.463
8/20/2012,1.926
8/21/2012,125.528
8/22/2012,99.024
8/23/2012,123.829
8/24/2012,154.27
8/25/2012,1.897
8/26/2012,1.869
8/27/2012,105.197
8/28/2012,154.553
8/29/2012,1.982
8/30/2012,124.99
8/31/2012,226.591
9/1/2012,55.331
9/2/2012,59.239
9/3/2012,1.982
9/4/2012,93.049
9/5/2012,146.936
9/6/2012,159.169
9/7/2012,107.547
9/8/2012,82.912
9/9/2012,1.954
9/10/2012,55.954
9/11/2012,46.468
9/12/2012,56.945
9/13/2012,192.498
9/14/2012,181.199
9/15/2012,46.609
9/16/2012,1.954
9/17/2012,197.595
9/18/2012,173.809
9/19/2012,22.993
9/20/2012,78.438
9/21/2012,90.812
9/22/2012,38.936
9/23/2012,1.897
9/24/2012,120.686
9/25/2012,55.359
9/26/2012,133.797
9/27/2012,146.086
9/28/2012,111.228
9/29/2012,1.926
9/30/2012,1.926
10/1/2012,1.926
10/2/2012,49.101
10/3/2012,143.793
10/4/2012,112.984
10/5/2012,104.064
10/6/2012,2.01
10/7/2012,1.954
10/8/2012,102.224
10/9/2012,137.223
10/10/2012,45.279
10/11/2012,70.367
10/12/2012,70.084
10/13/2012,2.039
10/14/2012,1.982
10/15/2012,106.075
10/16/2012,47.232
10/17/2012,41.031
10/18/2012,85.602
10/19/2012,57.908
10/20/2012,1.812
10/21/2012,1.841
10/22/2012,144.812
10/23/2012,52.811
10/24/2012,96.051
10/25/2012,82.657
10/26/2012,1.869
10/27/2012,1.841
10/28/2012,1.869
10/29/2012,59.21
10/30/2012,2.464
10/31/2012,98.033
11/1/2012,146.341
11/2/2012,135.496
11/3/2012,61.079
11/4/2012,50.489
11/5/2012,66.516
11/6/2012,88.207
11/7/2012,116.127
11/8/2012,29.563
11/9/2012,20.388
11/10/2012,2.265
11/11/2012,2.237
11/12/2012,43.891
11/13/2012,104.149
11/14/2012,88.915
11/15/2012,47.261
11/16/2012,90.897
11/17/2012,2.379
11/18/2012,50.914
11/19/2012,110.322
11/20/2012,42.39
11/21/2012,50.914
11/22/2012,35.877
11/23/2012,133.769
11/24/2012,2.35
11/25/2012,2.464
11/26/2012,99.052
11/27/2012,53.49
11/28/2012,146.115
11/29/2012,73.341
11/30/2012,65.638
12/1/2012,2.35
12/2/2012,2.379
12/3/2012,51.367
12/4/2012,139.46
12/5/2012,53.859
12/6/2012,168.881
12/7/2012,113.437
12/8/2012,2.265
12/9/2012,2.209
12/10/2012,44.995
12/11/2012,44.372
12/12/2012,133.344
12/13/2012,44.882
12/14/2012,199.577
12/15/2012,2.549
12/16/2012,41.371
12/17/2012,59.295
12/18/2012,56.577
12/19/2012,53.802
12/20/2012,84.016
12/21/2012,120.063
12/22/2012,45.817
12/23/2012,2.549
12/24/2012,27.354
12/25/2012,2.464
12/26/2012,90.925
12/27/2012,79.145
12/28/2012,126.123
12/29/2012,2.803
12/30/2012,53.405
12/31/2012,53.264
1/1/2013,2.718
1/2/2013,74.133
1/3/2013,110.52
1/4/2013,73.85
1/5/2013,2.69
1/6/2013,2.577
1/7/2013,224.892
1/8/2013,89.198
1/9/2013,49.583
1/10/2013,20.303
1/11/2013,13.649
1/12/2013,2.379
1/13/2013,2.294
1/14/2013,21.889
1/15/2013,47.601
1/16/2013,86.876
1/17/2013,76.512
1/18/2013,134.845
1/19/2013,285.575
1/20/2013,231.178
1/21/2013,331.448
1/22/2013,581.967
1/23/2013,416.455
1/24/2013,411.528
1/25/2013,345.805
1/26/2013,526.551
1/27/2013,546.344
1/28/2013,644.292
1/29/2013,444.234
1/30/2013,357.698
1/31/2013,463.829
2/1/2013,729.724
2/2/2013,364.409
2/3/2013,342.067
2/4/2013,430.387
2/5/2013,494.553
2/6/2013,371.658
2/7/2013,336.573
2/8/2013,247.149
2/9/2013,254.426
2/10/2013,2.662
2/11/2013,2.549
2/12/2013,87.046
2/13/2013,223.618
2/14/2013,308.313
2/15/2013,317.261
2/16/2013,2.577
2/17/2013,143
2/18/2013,322.981
2/19/2013,69.603
2/20/2013,340.226
2/21/2013,306.869
2/22/2013,188.222
2/23/2013,2.605
2/24/2013,2.492
2/25/2013,121.876
2/26/2013,162.935
2/27/2013,107.292
2/28/2013,106.669
3/1/2013,180.293
3/2/2013,2.577
3/3/2013,58.276
3/4/2013,285.263
3/5/2013,149.428
3/6/2013,131.135
3/7/2013,1.557
3/8/2013,0
3/9/2013,0
3/10/2013,0
3/11/2013,65.922
3/12/2013,38.567
3/13/2013,185.135
3/14/2013,270.85
3/15/2013,168.825
3/16/2013,2.209
3/17/2013,210.026
3/18/2013,306.841
3/19/2013,233.5
3/20/2013,178.679
3/21/2013,303.046
3/22/2013,151.098
3/23/2013,190.119
3/24/2013,2.464
3/25/2013,98.118
3/26/2013,288.463
3/27/2013,218.747
3/28/2013,218.011
3/29/2013,139.12
3/30/2013,2.237
3/31/2013,121.366
4/1/2013,184.088
4/2/2013,280.959
4/3/2013,277.675
4/4/2013,314.401
4/5/2013,238.767
4/6/2013,76.257
4/7/2013,36.246
4/8/2013,116.41
4/9/2013,193.517
4/10/2013,449.812
4/11/2013,455.759
4/12/2013,170.949
4/13/2013,2.152
4/14/2013,152.429
4/15/2013,221.607
4/16/2013,347.532
4/17/2013,433.672
4/18/2013,401.306
4/19/2013,208.638
4/20/2013,167.097
4/21/2013,76.116
4/22/2013,354.781
4/23/2013,369.364
4/24/2013,213.565
4/25/2013,326.889
4/26/2013,242.137
4/27/2013,93.106
4/28/2013,40.323
4/29/2013,336.857
4/30/2013,190.289
5/1/2013,217.53
5/2/2013,385.533
5/3/2013,181.85
5/4/2013,46.864
5/5/2013,21.266
5/6/2013,37.52
5/7/2013,200.879
5/8/2013,269.123
5/9/2013,366.278
5/10/2013,465.387
5/11/2013,486.568
5/12/2013,172.931
5/13/2013,309.927
5/14/2013,324.001
5/15/2013,456.099
5/16/2013,469.464
5/17/2013,389.158
5/18/2013,228.092
5/19/2013,256.409
5/20/2013,447.547
5/21/2013,483.934
5/22/2013,425.12
5/23/2013,276.627
5/24/2013,379.813
5/25/2013,183.38
5/26/2013,113.749
5/27/2013,242.958
5/28/2013,436.872
5/29/2013,400.739
5/30/2013,478.271
5/31/2013,442.79
6/1/2013,265.753
6/2/2013,177.461
6/3/2013,120.771
6/4/2013,81.977
6/5/2013,210.224
6/6/2013,299.167
6/7/2013,310.239
6/8/2013,227.072
6/9/2013,234.265
6/10/2013,315.506
6/11/2013,519.896
6/12/2013,581.57
6/13/2013,613.795
6/14/2013,524.993
6/15/2013,171.94
6/16/2013,196.009
6/17/2013,586.752
6/18/2013,483.056
6/19/2013,229.026
6/20/2013,239.022
6/21/2013,250.349
6/22/2013,80.561
6/23/2013,170.495
6/24/2013,180.831
6/25/2013,238.427
6/26/2013,234.463
6/27/2013,244.034
6/28/2013,186.353
6/29/2013,49.979
6/30/2013,53.179
7/1/2013,43.353
7/2/2013,93.219
7/3/2013,330.032
7/4/2013,150.504
7/5/2013,383.749
7/6/2013,455.447
7/7/2013,318.309
7/8/2013,483.17
7/9/2013,529.864
7/10/2013,691.836
7/11/2013,611.105
7/12/2013,538.189
7/13/2013,489.059
7/14/2013,434.38
7/15/2013,531.478
7/16/2013,565.543
7/17/2013,603.289
7/18/2013,582.505
7/19/2013,529.496
7/20/2013,461.62
7/21/2013,235.086
7/22/2013,328.985
7/23/2013,452.078
7/24/2013,304.717
7/25/2013,260.26
7/26/2013,196.83
7/27/2013,238.569
7/28/2013,156.592
7/29/2013,180.123
7/30/2013,214.698
7/31/2013,226.846
8/1/2013,193.064
8/2/2013,228.828
8/3/2013,54.057
8/4/2013,37.86
8/5/2013,54.708
8/6/2013,91.095
8/7/2013,231.065
8/8/2013,356.735
8/9/2013,339.235
8/10/2013,76.455
8/11/2013,110.747
8/12/2013,176.697
8/13/2013,160.443
8/14/2013,70.594
8/15/2013,75.238
8/16/2013,221.069
8/17/2013,83.506
8/18/2013,2.152
8/19/2013,2.152
8/20/2013,120.488
8/21/2013,197.68
8/22/2013,215.802
8/23/2013,89.283
8/24/2013,2.152
8/25/2013,2.152
8/26/2013,50.432
8/27/2013,293.022
8/28/2013,54.198
8/29/2013,138.101
8/30/2013,93.332
8/31/2013,197.651
9/1/2013,89.255
9/2/2013,127.567
9/3/2013,166.899
9/4/2013,2.152
9/5/2013,58.503
9/6/2013,2.152
9/7/2013,46.921
9/8/2013,48.705
9/9/2013,89.198
9/10/2013,188.392
9/11/2013,199.803
9/12/2013,54.651
9/13/2013,2.152
9/14/2013,2.152
9/15/2013,53.604
9/16/2013,132.296
9/17/2013,2.152
9/18/2013,41.229
9/19/2013,201.984
9/20/2013,177.886
9/21/2013,65.327
9/22/2013,30.044
9/23/2013,39.332
9/24/2013,36.5
9/25/2013,132.211
9/26/2013,208.383
9/27/2013,89.085
9/28/2013,2.18
9/29/2013,2.18
9/30/2013,108.793
10/1/2013,48.422
10/2/2013,146.313
10/3/2013,55.643
10/4/2013,72.633
10/5/2013,173.242
10/6/2013,142.15
10/7/2013,73.397
10/8/2013,3.37
10/9/2013,2.18
10/10/2013,2.152
10/11/2013,2.18
10/12/2013,2.209
10/13/2013,20.671
10/14/2013,57.71
10/15/2013,92.766
10/16/2013,111.03
10/17/2013,128.105
10/18/2013,2.209
10/19/2013,2.209
10/20/2013,2.209
10/21/2013,74.586
10/22/2013,36.189
10/23/2013,102.903
10/24/2013,121.054
10/25/2013,46.864
10/26/2013,62.439
10/27/2013,22.342
10/28/2013,144.84
10/29/2013,102.988
10/30/2013,112.078
10/31/2013,102.11
11/1/2013,78.777
11/2/2013,2.322
11/3/2013,69.829
11/4/2013,367.354
11/5/2013,41.824
11/6/2013,97.438
11/7/2013,2.435
11/8/2013,45.59
11/9/2013,2.492
11/10/2013,2.52
11/11/2013,2.577
11/12/2013,127.142
11/13/2013,175.762
11/14/2013,75.124
11/15/2013,101.94
11/16/2013,2.633
11/17/2013,40.946
11/18/2013,80.986
11/19/2013,236.105
11/20/2013,78.098
11/21/2013,38.567
11/22/2013,37.775
11/23/2013,2.633
11/24/2013,153.42
11/25/2013,263.205
11/26/2013,28.232
11/27/2013,40.578
11/28/2013,2.86
11/29/2013,58.163
11/30/2013,148.861
12/1/2013,227.809
12/2/2013,303.188
12/3/2013,296.137
12/4/2013,228.148
12/5/2013,171.062
12/6/2013,246.016
12/7/2013,2.662
12/8/2013,2.917
12/9/2013,44.231
12/10/2013,85.687
12/11/2013,228.432
12/12/2013,275.494
12/13/2013,209.629
12/14/2013,29.195
12/15/2013,91.492
12/16/2013,366.816
12/17/2013,327.795
12/18/2013,230.697
12/19/2013,247.376
12/20/2013,183.918
12/21/2013,42.419
12/22/2013,48.988
12/23/2013,52.528
12/24/2013,165.257
12/25/2013,86.31
12/26/2013,244.317
12/27/2013,185.956
12/28/2013,19.878
12/29/2013,123.121
12/30/2013,269.491
12/31/2013,281.186
1/1/2014,405.978
1/2/2014,449.218
1/3/2014,596.663
1/4/2014,543.173
1/5/2014,115.391
1/6/2014,502.821
1/7/2014,654.288
1/8/2014,499.961
1/9/2014,623.281
1/10/2014,323.604
1/11/2014,44.854
1/12/2014,206.345
1/13/2014,253.917
1/14/2014,172.364
1/15/2014,530.175
1/16/2014,753.255
1/17/2014,638.969
1/18/2014,441.062
1/19/2014,413.85
1/20/2014,424.242
1/21/2014,451.681
1/22/2014,945.583
1/23/2014,313.269
1/24/2014,754.699
1/25/2014,58.616
1/26/2014,141.244
1/27/2014,119.61
1/28/2014,476.034
1/29/2014,431.69
1/30/2014,366.504
1/31/2014,388.676
2/1/2014,38.228
2/2/2014,2.775
2/3/2014,214.556
2/4/2014,207.732
2/5/2014,96.079
2/6/2014,354.696
2/7/2014,317.573
2/8/2014,2.917
2/9/2014,2.973
2/10/2014,150.787
2/11/2014,377.236
2/12/2014,386.468
2/13/2014,217.841
2/14/2014,249.952
2/15/2014,3.03
2/16/2014,119.327
2/17/2014,411.613
2/18/2014,219.795
2/19/2014,223.816
2/20/2014,225.204
2/21/2014,88.32
2/22/2014,537.679
2/23/2014,402.353
2/24/2014,534.083
2/25/2014,570.499
2/26/2014,544.985
2/27/2014,616.428
2/28/2014,718.142
3/1/2014,150.844
3/2/2014,2.747
3/3/2014,372.706
3/4/2014,347.362
3/5/2014,181.001
3/6/2014,144.671
3/7/2014,63.118
3/8/2014,2.888
3/9/2014,46.836
3/10/2014,69.178
3/11/2014,2.605
3/12/2014,51.65
3/13/2014,643.556
3/14/2014,550.139
3/15/2014,100.298
3/16/2014,244.119
3/17/2014,530.006
3/18/2014,420.051
3/19/2014,350.477
3/20/2014,372.592
3/21/2014,262.582
3/22/2014,128.587
3/23/2014,156.139
3/24/2014,252.359
3/25/2014,267.764
3/26/2014,352.941
3/27/2014,201.729
3/28/2014,39.106
3/29/2014,154.638
3/30/2014,199.605
3/31/2014,415.492
4/1/2014,244.912
4/2/2014,243.836
4/3/2014,372.706
4/4/2014,316.978
4/5/2014,51.084
4/6/2014,141.527
4/7/2014,290.276
4/8/2014,211.187
4/9/2014,392.754
4/10/2014,387.261
4/11/2014,388.025
4/12/2014,317.176
4/13/2014,395.331
4/14/2014,574.321
4/15/2014,528.448
4/16/2014,692.884
4/17/2014,618.949
4/18/2014,584.402
4/19/2014,409.971
4/20/2014,411.103
4/21/2014,386.524
4/22/2014,247.432
4/23/2014,356.027
4/24/2014,380.578
4/25/2014,321.339
4/26/2014,1.954
4/27/2014,45.194
4/28/2014,316.752
4/29/2014,351.015
4/30/2014,332.496
5/1/2014,446.613
5/2/2014,527.457
5/3/2014,174.12
5/4/2014,582.477
5/5/2014,582.477
5/6/2014,305.736
5/7/2014,222.372
5/8/2014,421.637
5/9/2014,362.71
5/10/2014,2.577
5/11/2014,1.926
5/12/2014,215.717
5/13/2014,218.804
5/14/2014,200.313
5/15/2014,1.954
5/16/2014,89.226
5/17/2014,1.897
5/18/2014,167.664
5/19/2014,400.06
5/20/2014,407.875
5/21/2014,504.52
5/22/2014,541.729
5/23/2014,527.599
5/24/2014,361.889
5/25/2014,371.658
5/26/2014,437.296
5/27/2014,428.66
5/28/2014,255.814
5/29/2014,338.442
5/30/2014,293.985
5/31/2014,170.382
6/1/2014,345.663
6/2/2014,233.245
6/3/2014,190.657
6/4/2014,258.985
6/5/2014,246.611
6/6/2014,276.23
6/7/2014,89.566
6/8/2014,206.996
6/9/2014,179.755
6/10/2014,226.11
6/11/2014,291.323
6/12/2014,173.157
6/13/2014,62.354
6/14/2014,1.841
6/15/2014,1.841
6/16/2014,1.869
6/17/2014,160.471
6/18/2014,235.992
6/19/2014,107.094
6/20/2014,90.444
6/21/2014,1.869
6/22/2014,1.841
6/23/2014,1.897
6/24/2014,26.136
6/25/2014,181.822
6/26/2014,158.687
6/27/2014,104.008
6/28/2014,1.812
6/29/2014,1.869
6/30/2014,54.68
7/1/2014,200.313
7/2/2014,201.87
7/3/2014,198.246
7/4/2014,98.458
7/5/2014,132.296
7/6/2014,1.841
7/7/2014,127.879
7/8/2014,122.895
7/9/2014,84.724
7/10/2014,54.198
7/11/2014,60.173
7/12/2014,26.618
7/13/2014,61.816
7/14/2014,140.423
7/15/2014,180.803
7/16/2014,102.705
7/17/2014,61.164
7/18/2014,39.927
7/19/2014,1.812
7/20/2014,1.841
7/21/2014,73.709
7/22/2014,132.438
7/23/2014,134.703
7/24/2014,134.958
7/25/2014,118.761
7/26/2014,1.784
7/27/2014,63.939
7/28/2014,171.175
7/29/2014,34.83
7/30/2014,148.352
7/31/2014,172.053
8/1/2014,120.29
8/2/2014,1.841
8/3/2014,1.869
8/4/2014,129.21
8/5/2014,190.515
8/6/2014,96.872
8/7/2014,102.252
8/8/2014,54.34
8/9/2014,1.869
8/10/2014,1.869
8/11/2014,36.444
8/12/2014,1.954
8/13/2014,193.517
8/14/2014,114.74
8/15/2014,133.797
8/16/2014,26.788
8/17/2014,41.427
8/18/2014,183.068
8/19/2014,122.583
8/20/2014,146.709
8/21/2014,212.716
8/22/2014,202.975
8/23/2014,1.756
8/24/2014,1.812
8/25/2014,119.752
8/26/2014,179.189
8/27/2014,191.308
8/28/2014,186.211
8/29/2014,143.425
8/30/2014,1.812
8/31/2014,33.952
9/1/2014,30.186
9/2/2014,271.388
9/3/2014,236.643
9/4/2014,233.982
9/5/2014,229.508
9/6/2014,1.841
9/7/2014,1.784
9/8/2014,98.769
9/9/2014,95.541
9/10/2014,43.891
9/11/2014,154.213
9/12/2014,104.376
9/13/2014,1.784
9/14/2014,37.463
9/15/2014,218.719
9/16/2014,179.529
9/17/2014,101.771
9/18/2014,156.394
9/19/2014,94.663
9/20/2014,64.421
9/21/2014,190.317
9/22/2014,144.699
9/23/2014,46.213
9/24/2014,54.113
9/25/2014,40.691
9/26/2014,39.728
9/27/2014,1.784
9/28/2014,1.812
9/29/2014,54.397
9/30/2014,179.047
10/1/2014,121.734
10/2/2014,37.378
10/3/2014,18.604
10/4/2014,1.954
10/5/2014,1.982
10/6/2014,100.298
10/7/2014,72.18
10/8/2014,108.397
10/9/2014,75.804
10/10/2014,50.63
10/11/2014,1.869
10/12/2014,1.897
10/13/2014,46.666
10/14/2014,48.308
10/15/2014,218.521
10/16/2014,185.645
10/17/2014,76.71
10/18/2014,89.934
10/19/2014,114.938
10/20/2014,233.953
10/21/2014,205.722
10/22/2014,288.973
10/23/2014,281.526
10/24/2014,281.894
10/25/2014,55.982
10/26/2014,50.914
10/27/2014,80.08
10/28/2014,86.734
10/29/2014,92.03
10/30/2014,102.139
10/31/2014,50.262
11/1/2014,2.35
11/2/2014,41.937
11/3/2014,92.879
11/4/2014,80.137
11/5/2014,20.643
11/6/2014,77.503
11/7/2014,77.362
11/8/2014,2.379
11/9/2014,38.681
11/10/2014,2.379
11/11/2014,25.91
11/12/2014,2.152
11/13/2014,165.285
11/14/2014,160.301
11/15/2014,2.86
11/16/2014,2.832
11/17/2014,43.806
11/18/2014,91.831
11/19/2014,131.333
11/20/2014,40.182
11/21/2014,73.963
11/22/2014,63.373
11/23/2014,65.837
11/24/2014,68.3
11/25/2014,65.752
11/26/2014,103.951
11/27/2014,2.69
11/28/2014,25.457
11/29/2014,29.591
11/30/2014,29.053
12/1/2014,62.552
12/2/2014,99.675
12/3/2014,160.216
12/4/2014,321.622
12/5/2014,318.196
12/6/2014,49.356
12/7/2014,175.451
12/8/2014,229.508
12/9/2014,254.483
12/10/2014,373.725
12/11/2014,293.985
12/12/2014,139.998
12/13/2014,49.951
12/14/2014,50.489
12/15/2014,317.884
12/16/2014,100.241
12/17/2014,99.024
12/18/2014,287.302
12/19/2014,276.457
12/20/2014,92.426
12/21/2014,112.701
12/22/2014,182.672
12/23/2014,150.447
12/24/2014,178.622
12/25/2014,66.544
12/26/2014,205.722
12/27/2014,211.668
12/28/2014,218.407
12/29/2014,157.045
12/30/2014,154.128
12/31/2014,267.141
1/1/2015,287.302
1/2/2015,287.67
1/3/2015,108.595
1/4/2015,74.19
1/5/2015,197.538
1/6/2015,94.493
1/7/2015,261.477
1/8/2015,418.239
1/9/2015,191.393
1/10/2015,272.917
1/11/2015,112.361
1/12/2015,96.843
1/13/2015,218.096
1/14/2015,210.705
1/15/2015,243.921
1/16/2015,251.821
1/17/2015,185.645
1/18/2015,3.002
1/19/2015,60.4
1/20/2015,142.434
1/21/2015,280.393
1/22/2015,278.184
1/23/2015,285.858
1/24/2015,3.087
1/25/2015,2.973
1/26/2015,101.94
1/27/2015,140.338
1/28/2015,327.71
1/29/2015,259.269
1/30/2015,241.457
1/31/2015,146.539
2/1/2015,104.999
2/2/2015,331.533
2/3/2015,175.791
2/4/2015,100.638
2/5/2015,227.752
2/6/2015,240.806
2/7/2015,3.115
2/8/2015,2.945
2/9/2015,95.031
2/10/2015,41.484
2/11/2015,89.736
2/12/2015,163.331
2/13/2015,200.143
2/14/2015,3.115
2/15/2015,142.518
2/16/2015,174.516
2/17/2015,214.755
2/18/2015,66.771
2/19/2015,178.509
2/20/2015,462.838
2/21/2015,22.767
2/22/2015,3.313
2/23/2015,106.499
2/24/2015,297.864
2/25/2015,64.987
2/26/2015,92.879
2/27/2015,149.966
2/28/2015,329.438
3/1/2015,3.285
3/2/2015,141.103
3/3/2015,87.272
3/4/2015,98.542
3/5/2015,101.063
3/6/2015,184.088
3/7/2015,396.265
3/8/2015,311.655
3/9/2015,251.991
3/10/2015,326.011
3/11/2015,310.607
3/12/2015,363.729
3/13/2015,404.732
3/14/2015,181.397
3/15/2015,106.953
3/16/2015,141.273
3/17/2015,160.018
3/18/2015,258.816
3/19/2015,263.375
3/20/2015,204.532
3/21/2015,175.876
3/22/2015,2.464
3/23/2015,297.355
3/24/2015,268.33
3/25/2015,249.471
3/26/2015,116.92
3/27/2015,143.821
3/28/2015,132.381
3/29/2015,222.513
3/30/2015,258.136
3/31/2015,166.531
4/1/2015,168.542
4/2/2015,238.059
4/3/2015,201.219
4/4/2015,122.583
4/5/2015,201.389
4/6/2015,229.876
4/7/2015,230.017
4/8/2015,277.278
4/9/2015,291.521
4/10/2015,164.804
4/11/2015,71.132
4/12/2015,70.679
4/13/2015,309.616
4/14/2015,327.087
4/15/2015,320.121
4/16/2015,439.137
4/17/2015,138.611
4/18/2015,92.851
4/19/2015,67.564
4/20/2015,468.813
4/21/2015,337.366
4/22/2015,455.051
4/23/2015,582.335
4/24/2015,554.075
4/25/2015,284.867
4/26/2015,527.429
4/27/2015,407.904
4/28/2015,270.765
4/29/2015,282.064
4/30/2015,265.583
5/1/2015,231.631
5/2/2015,234.746
5/3/2015,275.919
5/4/2015,312.136
5/5/2015,388.761
5/6/2015,274.192
5/7/2015,170.269
5/8/2015,69.235
5/9/2015,119.497
5/10/2015,148.55
5/11/2015,257.23
5/12/2015,271.756
5/13/2015,116.042
5/14/2015,59.947
5/15/2015,33.244
5/16/2015,135.439
5/17/2015,104.97
5/18/2015,140.593
5/19/2015,59.55
5/20/2015,48.96
5/21/2015,19.737
5/22/2015,28.345
5/23/2015,2.492
5/24/2015,77.078
5/25/2015,60.824
5/26/2015,66.431
5/27/2015,86.14
5/28/2015,128.813
5/29/2015,73.086
5/30/2015,122.952
5/31/2015,25.882
6/1/2015,75.974
6/2/2015,50.772
6/3/2015,58.503
6/4/2015,55.303
6/5/2015,101.459
6/6/2015,8.127
6/7/2015,24.636
6/8/2015,119.412
6/9/2015,59.097
6/10/2015,116.75
6/11/2015,183.21
6/12/2015,179.557
6/13/2015,93.7
6/14/2015,1.869
6/15/2015,86.621
6/16/2015,210.988
6/17/2015,103.441
6/18/2015,114.23
6/19/2015,149.937
6/20/2015,1.869
6/21/2015,1.897
6/22/2015,213.112
6/23/2015,220.22
6/24/2015,97.948
6/25/2015,138.809
6/26/2015,100.638
6/27/2015,1.841
6/28/2015,19.312
6/29/2015,47.997
6/30/2015,183.153
7/1/2015,276.202
7/2/2015,89.849
7/3/2015,127.454
7/4/2015,1.954
7/5/2015,1.869
7/6/2015,1.954
7/7/2015,130.342
7/8/2015,260.741
7/9/2015,232.962
7/10/2015,194.197
7/11/2015,34.688
7/12/2015,39.87
7/13/2015,144.982
7/14/2015,226.421
7/15/2015,262.978
7/16/2015,80.476
7/17/2015,235.936
7/18/2015,100.864
7/19/2015,90.727
7/20/2015,119.922
7/21/2015,153.675
7/22/2015,42.702
7/23/2015,37.718
7/24/2015,96.419
7/25/2015,100.553
7/26/2015,0
7/27/2015,0
7/28/2015,108.623
7/29/2015,155.119
7/30/2015,209.148
7/31/2015,38.992
8/1/2015,52.245
8/2/2015,71.387
8/3/2015,160.188
8/4/2015,161.349
8/5/2015,113.89
8/6/2015,37.888
8/7/2015,46.666
8/8/2015,1.869
8/9/2015,100.468
8/10/2015,107.859
8/11/2015,90.897
8/12/2015,57.342
8/13/2015,115.079
8/14/2015,123.263
8/15/2015,90.104
8/16/2015,1.869
8/17/2015,82.515
8/18/2015,160.839
8/19/2015,86.564
8/20/2015,97.297
8/21/2015,108.906
8/22/2015,69.206
8/23/2015,1.897
8/24/2015,155.912
8/25/2015,83.251
8/26/2015,94.748
8/27/2015,46.241
8/28/2015,164.945
8/29/2015,1.869
8/30/2015,57.568
8/31/2015,92.511
9/1/2015,116.495
9/2/2015,131.758
9/3/2015,136.232
9/4/2015,55.614
9/5/2015,25.938
9/6/2015,36.755
9/7/2015,1.897
9/8/2015,173.497
9/9/2015,163.048
9/10/2015,119.412
9/11/2015,83.874
9/12/2015,1.926
9/13/2015,1.982
9/14/2015,2.01
9/15/2015,95.484
9/16/2015,189.836
9/17/2015,185.277
9/18/2015,122.612
9/19/2015,57.88
9/20/2015,1.841
9/21/2015,38.652
9/22/2015,113.296
9/23/2015,145.039
9/24/2015,160.613
9/25/2015,120.601
9/26/2015,1.897
9/27/2015,1.982
9/28/2015,117.515
9/29/2015,166.305
9/30/2015,121.479
10/1/2015,89.793
10/2/2015,108.567
10/3/2015,468.756
10/4/2015,293.674
10/5/2015,411.415
10/6/2015,465.868
10/7/2015,569.621
10/8/2015,612.238
10/9/2015,574.151
10/10/2015,453.352
10/11/2015,384.372
10/12/2015,596.097
10/13/2015,597.909
10/14/2015,538.132
10/15/2015,486.058
10/16/2015,460.346
10/17/2015,73.425
10/18/2015,66.714
10/19/2015,272.011
10/20/2015,279.628
10/21/2015,110.294
10/22/2015,151.07
10/23/2015,99.279
10/24/2015,35.028
10/25/2015,2.294
10/26/2015,208.78
10/27/2015,127.029
10/28/2015,68.668
10/29/2015,129.266
10/30/2015,147.87
10/31/2015,55.189
11/1/2015,88.207
11/2/2015,182.842
11/3/2015,167.182
11/4/2015,321.99
11/5/2015,438.004
11/6/2015,359.17
11/7/2015,121.989
11/8/2015,162.51
11/9/2015,274.73
11/10/2015,357.018
11/11/2015,383.155
11/12/2015,502.652
11/13/2015,492.203
11/14/2015,472.183
11/15/2015,458.279
11/16/2015,693.224
11/17/2015,457.033
11/18/2015,593.605
11/19/2015,524.201
11/20/2015,634.976
11/21/2015,503.388
11/22/2015,364.466
11/23/2015,659.555
11/24/2015,669.721
11/25/2015,637.978
11/26/2015,460.063
11/27/2015,645.736
11/28/2015,153.449
11/29/2015,365.032
11/30/2015,415.011
12/1/2015,341.189
12/2/2015,523.04
12/3/2015,470.37
12/4/2015,285.858
12/5/2015,109.275
12/6/2015,213.933
12/7/2015,259.155
12/8/2015,379.162
12/9/2015,292.541
12/10/2015,214.16
12/11/2015,281.865
12/12/2015,231.886
12/13/2015,208.61
12/14/2015,158.631
12/15/2015,226.846
12/16/2015,261.053
12/17/2015,228.318
12/18/2015,256.55
12/19/2015,246.243
12/20/2015,265.612
12/21/2015,341.727
12/22/2015,117.515
12/23/2015,219.229
12/24/2015,486.992
12/25/2015,492.656
12/26/2015,301.461
12/27/2015,452.389
12/28/2015,566.676
12/29/2015,602.978
12/30/2015,602.666
12/31/2015,584.487
1/1/2016,493.279
1/2/2016,429.622
1/3/2016,583.184
1/4/2016,542.522
1/5/2016,636.505
1/6/2016,599.382
1/7/2016,567.27
1/8/2016,566.478
1/9/2016,551.753
1/10/2016,359.765
1/11/2016,496.903
1/12/2016,478.582
1/13/2016,681.246
1/14/2016,689.684
1/15/2016,637.779
1/16/2016,449.671
1/17/2016,392.131
1/18/2016,669.721
1/19/2016,621.525
1/20/2016,626.594
1/21/2016,590.094
1/22/2016,315.336
1/23/2016,236.927
1/24/2016,374.15
1/25/2016,811.956
1/26/2016,537.085
1/27/2016,574.265
1/28/2016,429.254
1/29/2016,748.045
1/30/2016,422.09
1/31/2016,349.656
2/1/2016,328.956
2/2/2016,543.173
2/3/2016,386.892
2/4/2016,340.028
2/5/2016,268.302
2/6/2016,330.825
2/7/2016,367.864
2/8/2016,587.659
2/9/2016,617.051
2/10/2016,608.556
2/11/2016,659.074
2/12/2016,630.389
2/13/2016,559.144
2/14/2016,593.407
2/15/2016,634.806
2/16/2016,427.895
2/17/2016,395.841
2/18/2016,313.297
2/19/2016,503.897
2/20/2016,664.822
2/21/2016,622.517
2/22/2016,595.559
2/23/2016,508.287
2/24/2016,269.378
2/25/2016,152.231
2/26/2016,218.351
2/27/2016,583.326
2/28/2016,437.863
2/29/2016,528.42
3/1/2016,549.572
3/2/2016,518.282
3/3/2016,449.416
3/4/2016,549.912
3/5/2016,593.294
3/6/2016,423.421
3/7/2016,664.114
3/8/2016,465.132
3/9/2016,611.756
3/10/2016,568.233
3/11/2016,518.764
3/12/2016,511.571
3/13/2016,401.759
3/14/2016,509.448
3/15/2016,448.17
3/16/2016,273.229
3/17/2016,278.496
3/18/2016,324.086
3/19/2016,164.634
3/20/2016,281.327
3/21/2016,303.896
3/22/2016,277.59
3/23/2016,234.831
3/24/2016,267.735
3/25/2016,321.396
3/26/2016,208.978
3/27/2016,234.095
3/28/2016,242.194
3/29/2016,296.364
3/30/2016,295.203
3/31/2016,282.687
4/1/2016,247.517
4/2/2016,252.133
4/3/2016,184.682
4/4/2016,250.434
4/5/2016,310.805
4/6/2016,295.373
4/7/2016,205.58
4/8/2016,215.349
4/9/2016,293.589
4/10/2016,313.24
4/11/2016,249.358
4/12/2016,255.956
4/13/2016,236.049
4/14/2016,236.898
4/15/2016,193.007
4/16/2016,94.55
4/17/2016,82.289
4/18/2016,264.139
4/19/2016,183.068
4/20/2016,240.353
4/21/2016,158.121
4/22/2016,140.055
4/23/2016,63.713
4/24/2016,126.378
4/25/2016,168.598
4/26/2016,168.91
4/27/2016,141.046
4/28/2016,83.166
4/29/2016,165.427
4/30/2016,84.724
5/1/2016,1.954
5/2/2016,79.23
5/3/2016,187.967
5/4/2016,226.789
5/5/2016,193.772
5/6/2016,226.987
5/7/2016,154.61
5/8/2016,278.637
5/9/2016,409.291
5/10/2016,451.795
5/11/2016,600.883
5/12/2016,656.27
5/13/2016,563.986
5/14/2016,544.079
5/15/2016,362.087
5/16/2016,527.655
5/17/2016,592.161
5/18/2016,505.002
5/19/2016,607.735
5/20/2016,438.372
5/21/2016,383.778
5/22/2016,334.591
5/23/2016,618.099
5/24/2016,522.7
5/25/2016,604.394
5/26/2016,713.583
5/27/2016,635.599
5/28/2016,458.789
5/29/2016,420.618
5/30/2016,292.994
5/31/2016,290.276
6/1/2016,262.638
6/2/2016,117.911
6/3/2016,129.578
6/4/2016,169.533
6/5/2016,327.54
6/6/2016,206.458
6/7/2016,218.323
6/8/2016,153.081
6/9/2016,327.371
6/10/2016,204.079
6/11/2016,183.493
6/12/2016,191.507
6/13/2016,193.234
6/14/2016,185.362
6/15/2016,261.93
6/16/2016,204.589
6/17/2016,200.964
6/18/2016,2.01
6/19/2016,19.312
6/20/2016,76.54
6/21/2016,192.441
6/22/2016,137.506
6/23/2016,47.657
6/24/2016,63.826
6/25/2016,28.119
6/26/2016,203.598
6/27/2016,330.4
6/28/2016,314.147
6/29/2016,332.864
6/30/2016,294.268
7/1/2016,350.987
7/2/2016,88.518
7/3/2016,83.478
7/4/2016,2.407
7/5/2016,147.729
7/6/2016,135.722
7/7/2016,111.653
7/8/2016,134.278
7/9/2016,165.115
7/10/2016,1.671
7/11/2016,213.933
7/12/2016,318.309
7/13/2016,439.958
7/14/2016,464.084
7/15/2016,570.47
7/16/2016,143.594
7/17/2016,1.812
7/18/2016,333.572
7/19/2016,261.506
7/20/2016,158.659
7/21/2016,197.481
7/22/2016,242.222
7/23/2016,227.752
7/24/2016,44.429
7/25/2016,120.516
7/26/2016,147.615
7/27/2016,112.616
7/28/2016,147.502
7/29/2016,19.397
7/30/2016,75.606
7/31/2016,92.001
8/1/2016,90.869
8/2/2016,48.79
8/3/2016,133.146
8/4/2016,83.988
8/5/2016,282.488
8/6/2016,136.883
8/7/2016,1.869
8/8/2016,50.489
8/9/2016,66.176
8/10/2016,362.795
8/11/2016,215.179
8/12/2016,293.192
8/13/2016,117.005
8/14/2016,37.406
8/15/2016,217.331
8/16/2016,182.615
8/17/2016,175.649
8/18/2016,78.834
8/19/2016,99.987
8/20/2016,164.464
8/21/2016,64.761
8/22/2016,172.789
8/23/2016,60.371
8/24/2016,166.021
8/25/2016,175.847
8/26/2016,264.734
8/27/2016,40.805
8/28/2016,63.911
8/29/2016,141.188
8/30/2016,222.91
8/31/2016,220.305
9/1/2016,2.18
9/2/2016,1.897
9/3/2016,82.657
9/4/2016,122.555
9/5/2016,34.235
9/6/2016,1.954
9/7/2016,140.225
9/8/2016,180.151
9/9/2016,66.063
9/10/2016,258.221
9/11/2016,1.869
9/12/2016,88.688
9/13/2016,111.285
9/14/2016,73.369
9/15/2016,62.778
9/16/2016,64.449
9/17/2016,111.398
9/18/2016,1.897
9/19/2016,185.447
9/20/2016,95.598
9/21/2016,115.872
9/22/2016,85.743
9/23/2016,58.786
9/24/2016,1.897
9/25/2016,1.926
9/26/2016,2.039
9/27/2016,154.78
9/28/2016,158.489
9/29/2016,141.499
9/30/2016,140.933
10/1/2016,2.01
10/2/2016,2.067
10/3/2016,103.328
10/4/2016,117.543
10/5/2016,109.048
10/6/2016,112.984
10/7/2016,83.478
10/8/2016,184.597
10/9/2016,183.918
10/10/2016,458.562
10/11/2016,189.241
10/12/2016,192.469
10/13/2016,123.773
10/14/2016,160.415
10/15/2016,755.69
10/16/2016,720.691
10/17/2016,620.251
10/18/2016,627.925
10/19/2016,727.713
10/20/2016,731.366
10/21/2016,666.096
10/22/2016,325.558
10/23/2016,432.879
10/24/2016,567.072
10/25/2016,388.761
10/26/2016,307.436
10/27/2016,157.356
10/28/2016,373.385
10/29/2016,1.982
10/30/2016,32.253
10/31/2016,174.97
11/1/2016,2.152
11/2/2016,179.529
11/3/2016,172.308
11/4/2016,195.358
11/5/2016,2.067
11/6/2016,120.998
11/7/2016,63.401
11/8/2016,55.643
11/9/2016,119.922
11/10/2016,156.337
11/11/2016,75.521
11/12/2016,2.747
11/13/2016,38.256
11/14/2016,128.728
11/15/2016,143.538
11/16/2016,147.757
11/17/2016,102.875
11/18/2016,37.322
11/19/2016,3.285
11/20/2016,58.927
11/21/2016,158.178
11/22/2016,135.779
11/23/2016,183.974
11/24/2016,3.256
11/25/2016,40.238
11/26/2016,3.058
11/27/2016,57.115
11/28/2016,161.802
11/29/2016,89.198
11/30/2016,40.38
12/1/2016,9.968
12/2/2016,80.052
12/3/2016,98.996
12/4/2016,83.421
12/5/2016,130.654
12/6/2016,33.81
12/7/2016,63.684
12/8/2016,91.152
12/9/2016,75.011
12/10/2016,241.202
12/11/2016,119.554
12/12/2016,227.809
12/13/2016,175.904
12/14/2016,126.038
12/15/2016,184.937
12/16/2016,147.304
12/17/2016,3.058
12/18/2016,3.228
12/19/2016,279.713
12/20/2016,209.941
12/21/2016,129.068
12/22/2016,81.609
12/23/2016,155.799
12/24/2016,3.426
12/25/2016,3.625
12/26/2016,49.696
12/27/2016,87.867
12/28/2016,85.262
12/29/2016,181.171
12/30/2016,187.174
12/31/2016,3.313
1/1/2017,3.002
1/2/2017,87.527
1/3/2017,53.604
1/4/2017,57.058
1/5/2017,241.627
1/6/2017,326.125
1/7/2017,158.348
1/8/2017,293.872
1/9/2017,295.741
1/10/2017,231.716
1/11/2017,122.187
1/12/2017,45.732
1/13/2017,139.885
1/14/2017,280.053
1/15/2017,158.461
1/16/2017,277.873
1/17/2017,41.116
1/18/2017,143.793
1/19/2017,260.43
1/20/2017,185.447
1/21/2017,45.873
1/22/2017,42.305
1/23/2017,174.29
1/24/2017,207.222
1/25/2017,90.472
1/26/2017,259.495
1/27/2017,319.98
1/28/2017,587.659
1/29/2017,669.749
1/30/2017,726.411
1/31/2017,612.747
2/1/2017,534.791
2/2/2017,545.806
2/3/2017,682.463
2/4/2017,189.015
2/5/2017,3.511
2/6/2017,117.713
2/7/2017,106.868
2/8/2017,105.423
2/9/2017,123.206
2/10/2017,145.803
2/11/2017,3.285
2/12/2017,3.002
2/13/2017,151.382
2/14/2017,167.522
2/15/2017,3.341
2/16/2017,169.618
2/17/2017,119.327
2/18/2017,3.341
2/19/2017,3.285
2/20/2017,43.919
2/21/2017,214.5
2/22/2017,91.52
2/23/2017,80.25
2/24/2017,53.944
2/25/2017,2.69
2/26/2017,55.02
2/27/2017,159.99
2/28/2017,3.002
3/1/2017,2.662
3/2/2017,82.005
3/3/2017,195.471
3/4/2017,98.458
3/5/2017,55.444
3/6/2017,81.439
3/7/2017,3.256
3/8/2017,2.973
3/9/2017,42.277
3/10/2017,166.928
3/11/2017,36.359
3/12/2017,3.341
3/13/2017,119.837
3/14/2017,3.313
3/15/2017,109.841
3/16/2017,76.172
3/17/2017,87.924
3/18/2017,3.313
3/19/2017,3.313
3/20/2017,74.841
3/21/2017,2.917
3/22/2017,75.776
3/23/2017,162.34
3/24/2017,112.418
3/25/2017,2.633
3/26/2017,2.605
3/27/2017,69.235
3/28/2017,35.962
3/29/2017,67.79
3/30/2017,164.492
3/31/2017,103.696
4/1/2017,2.52
4/2/2017,2.605
4/3/2017,241.486
4/4/2017,2.265
4/5/2017,129.153
4/6/2017,267.254
4/7/2017,190.515
4/8/2017,184.767
4/9/2017,193.715
4/10/2017,218.294
4/11/2017,366.08
4/12/2017,212.914
4/13/2017,242.845
4/14/2017,202.182
4/15/2017,30.441
4/16/2017,366.929
4/17/2017,315.534
4/18/2017,126.123
4/19/2017,26.363
4/20/2017,251.765
4/21/2017,82.09
4/22/2017,134.76
4/23/2017,153.42
4/24/2017,97.24
4/25/2017,375.566
4/26/2017,383.834
4/27/2017,693.988
4/28/2017,810.568
4/29/2017,917.747
4/30/2017,951.954
5/1/2017,961.072
5/2/2017,922.958
5/3/2017,881.219
5/4/2017,986.812
5/5/2017,999.753
5/6/2017,834.326
5/7/2017,1001.622
5/8/2017,786.867
5/9/2017,842.453
5/10/2017,762.458
5/11/2017,855.96
5/12/2017,596.267
5/13/2017,456.269
5/14/2017,530.742
5/15/2017,305.85
5/16/2017,3.2
5/17/2017,242.703
5/18/2017,234.293
5/19/2017,161.321
5/20/2017,321.282
5/21/2017,222.344
5/22/2017,390.036
5/23/2017,267.82
5/24/2017,400.428
5/25/2017,587.205
5/26/2017,654.769
5/27/2017,780.807
5/28/2017,730.375
5/29/2017,705.57
5/30/2017,713.385
5/31/2017,679.263
6/1/2017,775.087
6/2/2017,807.567
6/3/2017,744.788
6/4/2017,666.832
6/5/2017,527.769
6/6/2017,466.293
6/7/2017,266.093
6/8/2017,267.537
6/9/2017,361.974
6/10/2017,179.5
6/11/2017,159.14
6/12/2017,247.007
6/13/2017,221.183
6/14/2017,177.829
6/15/2017,149.399
6/16/2017,138.752
6/17/2017,40.663
6/18/2017,69.773
6/19/2017,171.118
6/20/2017,45.562
6/21/2017,319.385
6/22/2017,548.27
6/23/2017,534.451
6/24/2017,384.259
6/25/2017,356.622
6/26/2017,375.934
6/27/2017,365.853
6/28/2017,384.769
6/29/2017,403.288
6/30/2017,447.66
7/1/2017,101.318
7/2/2017,77.645
7/3/2017,90.67
7/4/2017,1.897
7/5/2017,100.468
7/6/2017,38.454
7/7/2017,222.174
7/8/2017,1.869
7/9/2017,1.926
7/10/2017,83.251
7/11/2017,143.849
7/12/2017,203.598
7/13/2017,280.535
7/14/2017,132.211
7/15/2017,1.897
7/16/2017,1.926
7/17/2017,33.839
7/18/2017,93.87
7/19/2017,187.117
7/20/2017,164.407
7/21/2017,160.273
7/22/2017,76.823
7/23/2017,0
7/24/2017,98.712
7/25/2017,0
7/26/2017,69.688
7/27/2017,230.385
7/28/2017,161.774
7/29/2017,0
7/30/2017,60.032
7/31/2017,100.61
8/1/2017,114.938
8/2/2017,125.585
8/3/2017,131.078
8/4/2017,112.503
8/5/2017,47.119
8/6/2017,96.334
8/7/2017,0.595
8/8/2017,0
8/9/2017,134.137
8/10/2017,250.915
8/11/2017,195.612
8/12/2017,83.195
8/13/2017,1.897
8/14/2017,1.982
8/15/2017,45.647
8/16/2017,134.023
8/17/2017,174.375
8/18/2017,156.394
8/19/2017,1.841
8/20/2017,1.812
8/21/2017,85.375
8/22/2017,204.051
8/23/2017,162.425
8/24/2017,99.052
8/25/2017,90.954
8/26/2017,56.52
8/27/2017,1.897
8/28/2017,55.444
8/29/2017,65.129
8/30/2017,220.106
8/31/2017,199.803
9/1/2017,62.948
9/2/2017,84.186
9/3/2017,118.959
9/4/2017,1.897
9/5/2017,156.224
9/6/2017,116.948
9/7/2017,113.267
9/8/2017,56.294
9/9/2017,1.869
9/10/2017,1.954
9/11/2017,190.261
9/12/2017,132.098
9/13/2017,117.317
9/14/2017,121.026
9/15/2017,78.381
9/16/2017,127.426
9/17/2017,59.975
9/18/2017,102.903
9/19/2017,127.199
9/20/2017,157.781
9/21/2017,118.449
9/22/2017,2.01
9/23/2017,102.96
9/24/2017,109.444
9/25/2017,167.947
9/26/2017,111.625
9/27/2017,81.807
9/28/2017,98.203
9/29/2017,17.84
9/30/2017,2.01
10/1/2017,2.095
10/2/2017,95.711
10/3/2017,2.039
10/4/2017,56.662
10/5/2017,137.79
10/6/2017,135.241
10/7/2017,76.512
10/8/2017,60.145
10/9/2017,38.681
10/10/2017,180.01
10/11/2017,90.076
10/12/2017,2.464
10/13/2017,2.01
10/14/2017,2.039
10/15/2017,223.703
10/16/2017,51.593
10/17/2017,76.144
10/18/2017,42.334
10/19/2017,43.551
10/20/2017,21.464
10/21/2017,22.03
10/22/2017,23.39
10/23/2017,265.923
10/24/2017,34.122
10/25/2017,41.286
10/26/2017,41.881
10/27/2017,28.26
10/28/2017,119.61
10/29/2017,98.514
10/30/2017,93.304
10/31/2017,83.195
11/1/2017,61.702
11/2/2017,2.294
11/3/2017,2.294
11/4/2017,77.22
11/5/2017,93.955
11/6/2017,77.135
11/7/2017,58.304
11/8/2017,60.938
11/9/2017,23.248
11/10/2017,46.241
11/11/2017,101.233
11/12/2017,53.349
11/13/2017,67.536
11/14/2017,3.596
11/15/2017,34.093
11/16/2017,80.25
11/17/2017,133.032
11/18/2017,3.313
11/19/2017,28.742
11/20/2017,133.797
11/21/2017,53.066
11/22/2017,165.172
11/23/2017,3.568
11/24/2017,64.449
11/25/2017,3.426
11/26/2017,3.03
11/27/2017,93.389
11/28/2017,53.745
11/29/2017,3.143
11/30/2017,132.041
12/1/2017,166.276
12/2/2017,3.398
12/3/2017,3.341
12/4/2017,72.066
12/5/2017,53.405
12/6/2017,75.578
12/7/2017,191.931
12/8/2017,159.65
12/9/2017,43.155
12/10/2017,3.625
12/11/2017,64.222
12/12/2017,41.796
12/13/2017,107.406
12/14/2017,99.59
12/15/2017,91.633
12/16/2017,0
12/17/2017,0
12/18/2017,0
12/19/2017,0
12/20/2017,90.812
12/21/2017,155.544
12/22/2017,105.14
12/23/2017,3.171
12/24/2017,3.256
12/25/2017,55.416
12/26/2017,40.974
12/27/2017,124.651
12/28/2017,136.006
12/29/2017,17.273
12/30/2017,3.511
12/31/2017,3.596
1/1/2018,3.653
1/2/2018,124.905
1/3/2018,93.502
1/4/2018,26.674
1/5/2018,141.018
1/6/2018,151.212
1/7/2018,108.198
1/8/2018,24.89
1/9/2018,24.636
1/10/2018,32.621
1/11/2018,6.145
1/12/2018,2.067
1/13/2018,2.775
1/14/2018,0
1/15/2018,42.05
1/16/2018,45.024
1/17/2018,229.366
1/18/2018,102.252
1/19/2018,27.156
1/20/2018,0
1/21/2018,0
1/22/2018,0
1/23/2018,0
1/24/2018,0
1/25/2018,252.897
1/26/2018,179.698
1/27/2018,0
1/28/2018,0
1/29/2018,0
1/30/2018,105.112
1/31/2018,117.09
2/1/2018,0
2/2/2018,183.011
2/3/2018,67.507
2/4/2018,0
2/5/2018,73.992
2/6/2018,85.602
2/7/2018,42.673
2/8/2018,48.648
2/9/2018,101.402
2/10/2018,0
2/11/2018,0
2/12/2018,52.896
2/13/2018,149.116
2/14/2018,73.652
2/15/2018,67.054
2/16/2018,57.426
2/17/2018,139.687
2/18/2018,111.965
2/19/2018,250.321
2/20/2018,23.928
2/21/2018,0
2/22/2018,131.192
2/23/2018,111.71
2/24/2018,0
2/25/2018,121.677
2/26/2018,188.335
2/27/2018,226.28
2/28/2018,85.177
3/1/2018,153.987
3/2/2018,184.229
3/3/2018,75.436
3/4/2018,372.677
3/5/2018,445.395
3/6/2018,191.846
3/7/2018,222.06
3/8/2018,83.903
3/9/2018,118.364
3/10/2018,3.455
3/11/2018,76.512
3/12/2018,97.948
3/13/2018,116.014
3/14/2018,69.263
3/15/2018,40.918
3/16/2018,0
3/17/2018,0
3/18/2018,0
3/19/2018,36.33
3/20/2018,110.407
3/21/2018,82.912
3/22/2018,75.464
3/23/2018,69.914
3/24/2018,40.833
3/25/2018,61.957
3/26/2018,203.598
3/27/2018,118.024
3/28/2018,187.032
3/29/2018,185.135
3/30/2018,186.948
3/31/2018,148.578
4/1/2018,181.539
4/2/2018,283.848
4/3/2018,342.718
4/4/2018,215.094
4/5/2018,322.528
4/6/2018,183.408
4/7/2018,265.781
4/8/2018,280.11
4/9/2018,405.044
4/10/2018,305.255
4/11/2018,317.488
4/12/2018,289.851
4/13/2018,317.148
4/14/2018,84.044
4/15/2018,91.577
4/16/2018,278.411
4/17/2018,240.693
4/18/2018,193.659
4/19/2018,158.206
4/20/2018,249.584
4/21/2018,133.514
4/22/2018,77.333
4/23/2018,458.817
4/24/2018,348.127
4/25/2018,256.89
4/26/2018,327.144
4/27/2018,274.361
4/28/2018,536.802
4/29/2018,538.925
4/30/2018,553.112
5/1/2018,553.31
5/2/2018,551.017
5/3/2018,576.473
5/4/2018,553.254
5/5/2018,483.424
5/6/2018,300.866
5/7/2018,395.104
5/8/2018,400.315
5/9/2018,289.936
5/10/2018,285.547
5/11/2018,240.664
5/12/2018,140.65
5/13/2018,105.933
5/14/2018,192.299
5/15/2018,318.847
5/16/2018,186.098
5/17/2018,242.448
5/18/2018,77.758
5/19/2018,261.959
5/20/2018,144.161
5/21/2018,585.96
5/22/2018,781.968
5/23/2018,693.478
5/24/2018,829.597
5/25/2018,957.306
5/26/2018,970.757
5/27/2018,983.612
5/28/2018,670.514
5/29/2018,521.029
5/30/2018,550.648
5/31/2018,486.653
6/1/2018,577.833
6/2/2018,258.306
6/3/2018,246.696
6/4/2018,305.793
6/5/2018,337.083
6/6/2018,185.532
6/7/2018,437.919
6/8/2018,346.003
6/9/2018,1.841
6/10/2018,83.563
6/11/2018,0.68
6/12/2018,51.14
6/13/2018,224.637
6/14/2018,257.966
6/15/2018,91.548
6/16/2018,1.897
6/17/2018,51.99
6/18/2018,125.67
6/19/2018,261.279
6/20/2018,37.491
6/21/2018,226.28
6/22/2018,93.899
6/23/2018,1.841
6/24/2018,1.926
6/25/2018,153.335
6/26/2018,61.985
6/27/2018,41.796
6/28/2018,161.887
6/29/2018,236.842
6/30/2018,159.055
7/1/2018,1.841
7/2/2018,284.357
7/3/2018,313.184
7/4/2018,234.69
7/5/2018,304.321
7/6/2018,165.144
7/7/2018,1.897
7/8/2018,27.127
7/9/2018,114.145
7/10/2018,205.297
7/11/2018,128.275
7/12/2018,54.821
7/13/2018,51.48
7/14/2018,44.033
7/15/2018,37.69
7/16/2018,245.054
7/17/2018,145.378
7/18/2018,36.642
7/19/2018,1.926
7/20/2018,95.767
7/21/2018,76.965
7/22/2018,1.869
7/23/2018,51.48
7/24/2018,52.726
7/25/2018,1.897
7/26/2018,186.409
7/27/2018,192.866
7/28/2018,32.111
7/29/2018,1.841
7/30/2018,81.609
7/31/2018,150.56
8/1/2018,124.141
8/2/2018,176.725
8/3/2018,205.976
8/4/2018,409.461
8/5/2018,445.083
8/6/2018,461.422
8/7/2018,458.024
8/8/2018,462.781
8/9/2018,377.18
8/10/2018,389.328
8/11/2018,132.947
8/12/2018,100.864
8/13/2018,223.929
8/14/2018,228.318
8/15/2018,313.778
8/16/2018,338.556
8/17/2018,410.395
8/18/2018,179.047
8/19/2018,1.869
8/20/2018,71.217
8/21/2018,216.454
8/22/2018,134.222
8/23/2018,161.576
8/24/2018,181.341
8/25/2018,1.812
8/26/2018,39.757
8/27/2018,157.017
8/28/2018,218.379
8/29/2018,217.162
8/30/2018,218.068
8/31/2018,32.026
9/1/2018,43.353
9/2/2018,44.741
9/3/2018,45.194
9/4/2018,125.415
9/5/2018,159.395
9/6/2018,135.241
9/7/2018,81.892
9/8/2018,1.897
9/9/2018,1.869
9/10/2018,19.652
9/11/2018,199.18
9/12/2018,152.684
9/13/2018,193.375
9/14/2018,40.691
9/15/2018,93.814
9/16/2018,58.304
9/17/2018,240.58
9/18/2018,447.094
9/19/2018,434.493
9/20/2018,389.101
9/21/2018,470.031
9/22/2018,730.545
9/23/2018,704.38
9/24/2018,724.117
9/25/2018,693.705
9/26/2018,661.424
9/27/2018,661.084
9/28/2018,562.74
9/29/2018,809.322
9/30/2018,913.217
10/1/2018,840.414
10/2/2018,827.162
10/3/2018,844.775
10/4/2018,827.134
10/5/2018,734.425
10/6/2018,738.729
10/7/2018,518.056
10/8/2018,602.95
10/9/2018,553.848
10/10/2018,405.497
10/11/2018,345.352
10/12/2018,340.708
10/13/2018,240.211
10/14/2018,171.883
10/15/2018,324.907
10/16/2018,639.195
10/17/2018,897.756
10/18/2018,946.404
10/19/2018,953.483
10/20/2018,961.639
10/21/2018,971.748
10/22/2018,989.191
10/23/2018,985.368
10/24/2018,987.322
10/25/2018,1000.008
10/26/2018,978.685
10/27/2018,980.441
10/28/2018,994.769
10/29/2018,810.03
10/30/2018,730.262
10/31/2018,475.694
11/1/2018,457.543
11/2/2018,469.408
11/3/2018,458.307
11/4/2018,454.485
11/5/2018,490.504
11/6/2018,477.931
11/7/2018,374.348
11/8/2018,366.589
11/9/2018,377.463
11/10/2018,489.513
11/11/2018,479.149
11/12/2018,647.577
11/13/2018,447.151
11/14/2018,431.916
11/15/2018,587.205
11/16/2018,626.254
11/17/2018,707.609
11/18/2018,700.274
11/19/2018,755.747
11/20/2018,918.908
11/21/2018,963.479
11/22/2018,973.956
11/23/2018,986.302
11/24/2018,999.158
11/25/2018,1009.013
11/26/2018,1018.329
11/27/2018,970.105
11/28/2018,957.051
11/29/2018,873.913
11/30/2018,888.043
12/1/2018,912.622
12/2/2018,918.201
12/3/2018,830.418
12/4/2018,666.096
12/5/2018,545.636
12/6/2018,429.254
12/7/2018,348.042
12/8/2018,215.236
12/9/2018,195.811
12/10/2018,260.939
12/11/2018,259.948
12/12/2018,194.905
12/13/2018,304.066
12/14/2018,364.607
12/15/2018,449.756
12/16/2018,305.878
12/17/2018,465.698
12/18/2018,577.663
12/19/2018,517.829
12/20/2018,532.271
12/21/2018,605.696
12/22/2018,858.594
12/23/2018,863.634
12/24/2018,867.344
12/25/2018,898.832
12/26/2018,897.189
12/27/2018,901.918
12/28/2018,814.759
12/29/2018,950.34
12/30/2018,950.538
12/31/2018,911.348
1/1/2019,941.987
1/2/2019,946.517
1/3/2019,979.903
1/4/2019,989.106
1/5/2019,892.064
1/6/2019,931.708
1/7/2019,958.495
1/8/2019,973.418
1/9/2019,859.528
1/10/2019,917.832
1/11/2019,929.103
1/12/2019,854.374
1/13/2019,798.902
1/14/2019,707.892
1/15/2019,583.807
1/16/2019,600.514
1/17/2019,416.54
1/18/2019,401.787
1/19/2019,307.577
1/20/2019,502.652
1/21/2019,457.883
1/22/2019,484.274
1/23/2019,417.503
1/24/2019,526.862
1/25/2019,573.585
1/26/2019,370.412
1/27/2019,420.136
1/28/2019,403.373
1/29/2019,486.992
1/30/2019,608.585
1/31/2019,570.102
2/1/2019,436.475
2/2/2019,585.167
2/3/2019,517.518
2/4/2019,670.514
2/5/2019,603.714
2/6/2019,653.722
2/7/2019,505.965
2/8/2019,630.672
2/9/2019,542.097
2/10/2019,405.213
2/11/2019,192.922
2/12/2019,155.119
2/13/2019,141.442
2/14/2019,139.375
2/15/2019,157.441
2/16/2019,175.706
2/17/2019,212.065
2/18/2019,378.397
2/19/2019,395.416
2/20/2019,372.819
2/21/2019,358.689
2/22/2019,455.929
2/23/2019,599.07
2/24/2019,442.507
2/25/2019,428.971
2/26/2019,496.054
2/27/2019,935.304
2/28/2019,936.89
3/1/2019,918.569
3/2/2019,947.339
3/3/2019,949.745
3/4/2019,951.275
3/5/2019,937.229
3/6/2019,936.522
3/7/2019,943.346
3/8/2019,976.193
3/9/2019,939.58
3/10/2019,910.187
3/11/2019,917.238
3/12/2019,842.085
3/13/2019,709.732
3/14/2019,684.162
3/15/2019,599.268
3/16/2019,311.4
3/17/2019,565.741
3/18/2019,333.232
3/19/2019,415.011
3/20/2019,420.703
3/21/2019,314.175
3/22/2019,357.301
3/23/2019,228.12
3/24/2019,236.615
3/25/2019,214.925
3/26/2019,243.553
3/27/2019,176.357
3/28/2019,214.67
3/29/2019,251.255
3/30/2019,386.496
3/31/2019,434.521
4/1/2019,587.8
4/2/2019,479.8
4/3/2019,516.64
4/4/2019,474.788
4/5/2019,592.189
4/6/2019,406.148
4/7/2019,272.521
4/8/2019,336.205
4/9/2019,352.516
4/10/2019,399.295
4/11/2019,358.264
4/12/2019,312.136
4/13/2019,70.396
4/14/2019,218.577
4/15/2019,253.294
4/16/2019,260.996
4/17/2019,344.757
4/18/2019,377.973
4/19/2019,383.466
4/20/2019,332.524
4/21/2019,348.835
4/22/2019,396.633
4/23/2019,391.366
4/24/2019,448.283
4/25/2019,476.798
4/26/2019,460.12
4/27/2019,207.562
4/28/2019,250.802
4/29/2019,343.426
4/30/2019,368.033
5/1/2019,415.379
5/2/2019,487.644
5/3/2019,492.599
5/4/2019,139.857
5/5/2019,1.869
5/6/2019,205.976
5/7/2019,337.14
5/8/2019,178.169
5/9/2019,311.117
5/10/2019,377.633
5/11/2019,161.066
5/12/2019,212.518
5/13/2019,232.962
5/14/2019,228.318
5/15/2019,219.682
5/16/2019,310.324
5/17/2019,338.556
5/18/2019,78.664
5/19/2019,150.787
5/20/2019,322.415
5/21/2019,227.214
5/22/2019,341.132
5/23/2019,206.514
5/24/2019,137.478
5/25/2019,1.841
5/26/2019,134.93
5/27/2019,83.251
5/28/2019,94.323
5/29/2019,239.475
5/30/2019,210.705
5/31/2019,148.493
6/1/2019,42.334
6/2/2019,37.095
6/3/2019,40.946
6/4/2019,83.846
6/5/2019,149.201
6/6/2019,200.37
6/7/2019,189.977
6/8/2019,62.807
6/9/2019,1.784
6/10/2019,188.533
6/11/2019,241.797
6/12/2019,198.812
6/13/2019,265.017
6/14/2019,280.619
6/15/2019,535.98
6/16/2019,595.559
6/17/2019,683.851
6/18/2019,572.537
6/19/2019,563.703
6/20/2019,566.591
6/21/2019,482.773
6/22/2019,549.431
6/23/2019,435.711
6/24/2019,400.909
6/25/2019,554.754
6/26/2019,444.262
6/27/2019,417.39
6/28/2019,427.555
6/29/2019,166.928
6/30/2019,1.841
7/1/2019,124.962
7/2/2019,200.908
7/3/2019,288.746
7/4/2019,140.055
7/5/2019,166.644
7/6/2019,51.763
7/7/2019,43.07
7/8/2019,84.016
7/9/2019,131.277
7/10/2019,140.961
7/11/2019,191.45
7/12/2019,219.285
7/13/2019,147.332
7/14/2019,165.172
7/15/2019,176.952
7/16/2019,196.858
7/17/2019,242.986
7/18/2019,227.865
7/19/2019,277.505
7/20/2019,129.691
7/21/2019,82.289
7/22/2019,142.065
7/23/2019,2.095
7/24/2019,98.656
7/25/2019,124.424
7/26/2019,171.175
7/27/2019,68.782
7/28/2019,21.436
7/29/2019,216.17
7/30/2019,222.853
7/31/2019,238.569
8/1/2019,233.387
8/2/2019,211.555
8/3/2019,41.994
8/4/2019,1.897
8/5/2019,98.826
8/6/2019,131.277
8/7/2019,161.746
8/8/2019,148.069
8/9/2019,1.869
8/10/2019,101.601
8/11/2019,55.671
8/12/2019,229.932
8/13/2019,161.604
8/14/2019,99.845
8/15/2019,18.349
8/16/2019,25.344
8/17/2019,49.838
8/18/2019,1.841
8/19/2019,134.307
8/20/2019,154.327
8/21/2019,108.51
8/22/2019,133.655
8/23/2019,8.353
8/24/2019,40.266
8/25/2019,1.841
8/26/2019,1.926
8/27/2019,95.513
8/28/2019,132.806
8/29/2019,124.424
8/30/2019,160.301
8/31/2019,32.678
9/1/2019,1.841
9/2/2019,90.359
9/3/2019,190.657
9/4/2019,234.038
9/5/2019,49.016
9/6/2019,51.961
9/7/2019,167.466
9/8/2019,1.812
9/9/2019,1.841
9/10/2019,124.424
9/11/2019,130.654
9/12/2019,126.095
9/13/2019,53.519
9/14/2019,38.737
9/15/2019,64.392
9/16/2019,55.303
9/17/2019,1.869
9/18/2019,148.012
9/19/2019,81.241
9/20/2019,213.565
9/21/2019,1.812
9/22/2019,115.164
9/23/2019,159.169
9/24/2019,82.175
9/25/2019,80.25
9/26/2019,106.896
9/27/2019,63.996
9/28/2019,1.869
9/29/2019,1.841
9/30/2019,45.533
10/1/2019,109.756
10/2/2019,225.402
10/3/2019,35.594
10/4/2019,13.988
10/5/2019,1.954
10/6/2019,43.41
10/7/2019,64.845
10/8/2019,63.6
10/9/2019,63.26
10/10/2019,1.926
10/11/2019,125.472
10/12/2019,1.841
10/13/2019,44.146
10/14/2019,85.772
10/15/2019,102.224
10/16/2019,46.864
10/17/2019,2.01
10/18/2019,114.57
10/19/2019,45.902
10/20/2019,55.388
10/21/2019,136.714
10/22/2019,75.266
10/23/2019,25.655
10/24/2019,34.66
10/25/2019,NA
10/26/2019,2.095
10/27/2019,2.067
10/28/2019,104.432
10/29/2019,69.206
10/30/2019,81.382
10/31/2019,78.891
11/1/2019,55.671
11/2/2019,184.739
11/3/2019,97.438
11/4/2019,347.985
11/5/2019,229.876
11/6/2019,328.022
11/7/2019,367.949
11/8/2019,299.195
11/9/2019,240.042
11/10/2019,152.514
11/11/2019,183.266
11/12/2019,438.599
11/13/2019,466.916
11/14/2019,196.15
11/15/2019,184.88
11/16/2019,3.228
11/17/2019,65.638
11/18/2019,127.142
11/19/2019,135.184
11/20/2019,203.343
11/21/2019,92.794
11/22/2019,146.454
11/23/2019,2.718
11/24/2019,2.718
11/25/2019,85.403
11/26/2019,63.826
11/27/2019,43.098
11/28/2019,36.359
11/29/2019,157.781
11/30/2019,0
12/1/2019,108.793
12/2/2019,118.789
12/3/2019,177.886
12/4/2019,154.581
12/5/2019,140.112
12/6/2019,197.51
12/7/2019,226.704
12/8/2019,252.586
12/9/2019,290.219
12/10/2019,296.534
12/11/2019,300.47
12/12/2019,382.73
12/13/2019,344.219
12/14/2019,56.181
12/15/2019,135.751
12/16/2019,174.856
12/17/2019,331.42
12/18/2019,274.39
12/19/2019,312.702
12/20/2019,249.414
12/21/2019,237.493
12/22/2019,232.877
12/23/2019,391.508
12/24/2019,278.298
12/25/2019,303.216
12/26/2019,344.559
12/27/2019,358.746
12/28/2019,44.627
12/29/2019,46.666
12/30/2019,172.336
12/31/2019,168.995
1/1/2020,159.678
1/2/2020,249.103
1/3/2020,299.563
1/4/2020,27.892
1/5/2020,45.845
1/6/2020,147.389
1/7/2020,207.845
1/8/2020,269.576
1/9/2020,210.592
1/10/2020,230.385
1/11/2020,156.677
1/12/2020,289.596
1/13/2020,294.636
1/14/2020,201.729
1/15/2020,201.786
1/16/2020,220.56
1/17/2020,333.798
1/18/2020,189.071
1/19/2020,188.448
1/20/2020,379.643
1/21/2020,420.929
1/22/2020,333.289
1/23/2020,297.525
1/24/2020,282.035
1/25/2020,25.145
1/26/2020,24.239
1/27/2020,186.013
1/28/2020,196.15
1/29/2020,183.153
1/30/2020,281.271
1/31/2020,193.007
2/1/2020,489.852
2/2/2020,311.287
2/3/2020,344.049
2/4/2020,355.064
2/5/2020,366.561
2/6/2020,323.661
2/7/2020,270.482
2/8/2020,522.162
2/9/2020,542.918
2/10/2020,806.349
2/11/2020,911.433
2/12/2020,909.875
2/13/2020,921.032
2/14/2020,920.098
2/15/2020,926.894
2/16/2020,920.466
2/17/2020,925.478
2/18/2020,949.349
2/19/2020,974.523
2/20/2020,981.998
2/21/2020,952.152
2/22/2020,965.575
2/23/2020,980.781
2/24/2020,781.685
2/25/2020,711.488
2/26/2020,429.651
2/27/2020,411.84
2/28/2020,408.526
2/29/2020,248.905
3/1/2020,192.441
3/2/2020,252.756
3/3/2020,248.14
3/4/2020,248.848
3/5/2020,282.998
3/6/2020,254.228
3/7/2020,109.161
3/8/2020,3.341
3/9/2020,153.024
3/10/2020,2.718
3/11/2020,234.775
3/12/2020,191.337
3/13/2020,103.979
3/14/2020,36.161
3/15/2020,2.917
3/16/2020,215.859
3/17/2020,151.665
3/18/2020,141.442
3/19/2020,157.696
3/20/2020,138.837
3/21/2020,2.492
3/22/2020,132.155
3/23/2020,143.255
3/24/2020,141.442
3/25/2020,139.658
3/26/2020,141.244
3/27/2020,138.243
3/28/2020,110.86
3/29/2020,137.28
3/30/2020,225.826
3/31/2020,260.684
4/1/2020,270.34
4/2/2020,252.246
4/3/2020,234.463
4/4/2020,136.685
4/5/2020,139.432
4/6/2020,259.155
4/7/2020,255.786
4/8/2020,257.286
4/9/2020,220.56
4/10/2020,272.181
4/11/2020,198.218
4/12/2020,117.147
4/13/2020,190.261
4/14/2020,246.469
4/15/2020,400.088
4/16/2020,411.783
4/17/2020,422.09
4/18/2020,390.149
4/19/2020,384.514
4/20/2020,349.458
4/21/2020,365.966
4/22/2020,364.381
4/23/2020,377.746
4/24/2020,391.905
4/25/2020,251.566
4/26/2020,247.092
4/27/2020,313.552
4/28/2020,217.898
4/29/2020,306.076
4/30/2020,294.806
5/1/2020,275.636
5/2/2020,402.07
5/3/2020,388.337
5/4/2020,598.645
5/5/2020,561.409
5/6/2020,660.999
5/7/2020,671.703
5/8/2020,595.87
5/9/2020,71.641
5/10/2020,198.076
5/11/2020,432.511
5/12/2020,291.267
5/13/2020,377.689
5/14/2020,113.041
5/15/2020,330.202
5/16/2020,99.477
5/17/2020,99.902
5/18/2020,193.489
5/19/2020,163.02
5/20/2020,192.469
5/21/2020,185.079
5/22/2020,210.252
5/23/2020,351.1
5/24/2020,256.663
5/25/2020,309.842
5/26/2020,371.092
5/27/2020,395.501
5/28/2020,744.817
5/29/2020,861.624
5/30/2020,863.719
5/31/2020,863.691
6/1/2020,937.456
6/2/2020,972.144
6/3/2020,975.004
6/4/2020,981.574
6/5/2020,961.922
6/6/2020,991.06
6/7/2020,1000.772
6/8/2020,1010.174
6/9/2020,1015.554
6/10/2020,848.06
6/11/2020,682.293
6/12/2020,632.229
6/13/2020,539.775
6/14/2020,463.518
6/15/2020,403.203
6/16/2020,331.845
6/17/2020,280.053
6/18/2020,135.156
6/19/2020,527.4
6/20/2020,525.107
6/21/2020,653.92
6/22/2020,652.702
6/23/2020,645.991
6/24/2020,777.409
6/25/2020,768.603
6/26/2020,769.283
6/27/2020,778.174
6/28/2020,785.763
6/29/2020,794.088
6/30/2020,795.249
