Date,Inflows_m/s^3
7/1/1903,15.715824
7/2/1903,21.2376
7/3/1903,20.246512
7/4/1903,20.246512
7/5/1903,74.190016
7/6/1903,69.659328
7/7/1903,87.215744
7/8/1903,79.003872
7/9/1903,55.784096
7/10/1903,44.457376
7/11/1903,32.281152
7/12/1903,30.015808
7/13/1903,24.210864
7/14/1903,21.2376
7/15/1903,19.255424
7/16/1903,16.565328
7/17/1903,14.86632
7/18/1903,13.167312
7/19/1903,11.468304
7/20/1903,10.6188
7/21/1903,8.919792
7/22/1903,8.070288
7/23/1903,7.2491008
7/24/1903,5.7766272
7/25/1903,5.1253408
7/26/1903,4.530688
7/27/1903,3.9926688
7/28/1903,4.530688
7/29/1903,6.4845472
7/30/1903,7.2491008
7/31/1903,9.769296
8/1/1903,8.070288
8/2/1903,7.2491008
8/3/1903,8.919792
8/4/1903,9.769296
8/5/1903,13.167312
8/6/1903,19.255424
8/7/1903,19.255424
8/8/1903,21.2376
8/9/1903,22.228688
8/10/1903,23.219776
8/11/1903,25.201952
8/12/1903,27.184128
8/13/1903,29.166304
8/14/1903,30.015808
8/15/1903,32.281152
8/16/1903,34.546496
8/17/1903,38.22768
8/18/1903,41.908864
8/19/1903,74.190016
8/20/1903,71.075168
8/21/1903,71.075168
8/22/1903,75.889024
8/23/1903,80.419712
8/24/1903,79.003872
8/25/1903,71.075168
8/26/1903,61.730624
8/27/1903,36.81184
8/28/1903,22.228688
8/29/1903,18.264336
8/30/1903,16.565328
8/31/1903,15.715824
9/1/1903,14.86632
9/2/1903,13.167312
9/3/1903,11.468304
9/4/1903,9.769296
9/5/1903,8.070288
9/6/1903,7.2491008
9/7/1903,7.2491008
9/8/1903,6.4845472
9/9/1903,5.1253408
9/10/1903,4.530688
9/11/1903,3.9926688
9/12/1903,3.9926688
9/13/1903,3.9926688
9/14/1903,3.5112832
9/15/1903,3.0865312
9/16/1903,2.7184128
9/17/1903,2.7184128
9/18/1903,2.406928
9/19/1903,2.406928
9/20/1903,2.406928
9/21/1903,2.1520768
9/22/1903,2.7184128
9/23/1903,2.7184128
9/24/1903,2.406928
9/25/1903,2.1520768
9/26/1903,2.1520768
9/27/1903,2.1520768
9/28/1903,2.1520768
9/29/1903,1.9255424
9/30/1903,1.9255424
10/1/1903,1.9255424
10/2/1903,1.9255424
10/3/1903,2.7184128
10/4/1903,2.406928
10/5/1903,2.406928
10/6/1903,2.406928
10/7/1903,2.1520768
10/8/1903,2.1520768
10/9/1903,2.1520768
10/10/1903,2.7184128
10/11/1903,8.919792
10/12/1903,16.565328
10/13/1903,21.2376
10/14/1903,22.228688
10/15/1903,20.246512
10/16/1903,17.414832
10/17/1903,16.565328
10/18/1903,13.167312
10/19/1903,13.167312
10/20/1903,14.016816
10/21/1903,13.167312
10/22/1903,9.344544
10/23/1903,9.344544
10/24/1903,9.344544
10/25/1903,9.344544
10/26/1903,9.344544
10/27/1903,9.344544
10/28/1903,9.344544
10/29/1903,9.344544
10/30/1903,9.344544
10/31/1903,9.344544
11/1/1903,4.530688
11/2/1903,4.530688
11/3/1903,4.530688
11/4/1903,4.530688
11/5/1903,3.9926688
11/6/1903,4.530688
11/7/1903,5.1253408
11/8/1903,6.4845472
11/9/1903,6.4845472
11/10/1903,6.4845472
11/11/1903,5.7766272
11/12/1903,5.7766272
11/13/1903,5.7766272
11/14/1903,5.1253408
11/15/1903,5.1253408
11/16/1903,5.1253408
11/17/1903,5.1253408
11/18/1903,4.530688
11/19/1903,4.530688
11/20/1903,4.530688
11/21/1903,4.530688
11/22/1903,4.530688
11/23/1903,3.9926688
11/24/1903,3.9926688
11/25/1903,3.9926688
11/26/1903,3.9926688
11/27/1903,3.9926688
11/28/1903,3.9926688
11/29/1903,3.9926688
11/30/1903,3.9926688
12/1/1903,3.5112832
12/2/1903,3.5112832
12/3/1903,3.5112832
12/4/1903,3.9926688
12/5/1903,4.530688
12/6/1903,4.530688
12/7/1903,4.530688
12/8/1903,4.530688
12/9/1903,5.1253408
12/10/1903,5.1253408
12/11/1903,5.1253408
12/12/1903,5.1253408
12/13/1903,11.468304
12/14/1903,13.167312
12/15/1903,16.565328
12/16/1903,17.414832
12/17/1903,20.246512
12/18/1903,21.2376
12/19/1903,21.2376
12/20/1903,21.2376
12/21/1903,18.264336
12/22/1903,16.565328
12/23/1903,14.86632
12/24/1903,14.86632
12/25/1903,14.86632
12/26/1903,15.715824
12/27/1903,18.264336
12/28/1903,19.255424
12/29/1903,22.228688
12/30/1903,23.219776
12/31/1903,23.219776
1/1/1904,23.219776
1/2/1904,21.2376
1/3/1904,19.255424
1/4/1904,17.414832
1/5/1904,15.715824
1/6/1904,14.86632
1/7/1904,14.016816
1/8/1904,13.167312
1/9/1904,13.167312
1/10/1904,11.468304
1/11/1904,11.468304
1/12/1904,11.468304
1/13/1904,11.468304
1/14/1904,11.468304
1/15/1904,11.468304
1/16/1904,11.468304
1/17/1904,11.468304
1/18/1904,10.6188
1/19/1904,10.6188
1/20/1904,9.769296
1/21/1904,9.769296
1/22/1904,9.769296
1/23/1904,9.769296
1/24/1904,8.919792
1/25/1904,8.919792
1/26/1904,8.919792
1/27/1904,9.769296
1/28/1904,10.6188
1/29/1904,11.468304
1/30/1904,11.468304
1/31/1904,11.468304
2/1/1904,11.468304
2/2/1904,11.468304
2/3/1904,11.468304
2/4/1904,11.468304
2/5/1904,11.468304
2/6/1904,11.468304
2/7/1904,11.468304
2/8/1904,11.468304
2/9/1904,11.468304
2/10/1904,13.167312
2/11/1904,13.167312
2/12/1904,11.468304
2/13/1904,11.468304
2/14/1904,13.167312
2/15/1904,12.317808
2/16/1904,13.167312
2/17/1904,13.167312
2/18/1904,13.167312
2/19/1904,58.615776
2/20/1904,54.368256
2/21/1904,94.011776
2/22/1904,92.312768
2/23/1904,87.215744
2/24/1904,74.190016
2/25/1904,66.54448
2/26/1904,61.730624
2/27/1904,57.199936
2/28/1904,55.784096
2/29/1904,51.536576
3/1/1904,50.120736
3/2/1904,45.873216
3/3/1904,44.457376
3/4/1904,40.776192
3/5/1904,38.22768
3/6/1904,47.289056
3/7/1904,58.615776
3/8/1904,51.536576
3/9/1904,40.776192
3/10/1904,36.81184
3/11/1904,32.281152
3/12/1904,28.175216
3/13/1904,25.201952
3/14/1904,21.2376
3/15/1904,18.264336
3/16/1904,16.565328
3/17/1904,14.86632
3/18/1904,14.86632
3/19/1904,14.86632
3/20/1904,14.016816
3/21/1904,14.016816
3/22/1904,13.167312
3/23/1904,24.210864
3/24/1904,48.704896
3/25/1904,66.54448
3/26/1904,38.22768
3/27/1904,35.679168
3/28/1904,35.679168
3/29/1904,34.546496
3/30/1904,33.413824
3/31/1904,32.281152
4/1/1904,31.14848
4/2/1904,44.457376
4/3/1904,54.368256
4/4/1904,51.536576
4/5/1904,41.908864
4/6/1904,74.190016
4/7/1904,82.11872
4/8/1904,75.889024
4/9/1904,63.429632
4/10/1904,55.784096
4/11/1904,45.873216
4/12/1904,38.22768
4/13/1904,33.413824
4/14/1904,30.015808
4/15/1904,28.175216
4/16/1904,26.19304
4/17/1904,25.201952
4/18/1904,23.219776
4/19/1904,23.219776
4/20/1904,22.228688
4/21/1904,22.228688
4/22/1904,22.228688
4/23/1904,22.228688
4/24/1904,22.228688
4/25/1904,26.19304
4/26/1904,27.184128
4/27/1904,33.413824
4/28/1904,33.413824
4/29/1904,33.413824
4/30/1904,34.546496
5/1/1904,51.536576
5/2/1904,67.96032
5/3/1904,80.419712
5/4/1904,116.09888
5/5/1904,154.043392
5/6/1904,157.724576
5/7/1904,209.54432
5/8/1904,215.490848
5/9/1904,219.4552
5/10/1904,219.4552
5/11/1904,211.526496
5/12/1904,201.615616
5/13/1904,181.793856
5/14/1904,168.768128
5/15/1904,148.380032
5/16/1904,129.974112
5/17/1904,112.700864
5/18/1904,92.312768
5/19/1904,80.419712
5/20/1904,72.774176
5/21/1904,66.54448
5/22/1904,57.199936
5/23/1904,45.873216
5/24/1904,43.324704
5/25/1904,40.776192
5/26/1904,40.776192
5/27/1904,40.776192
5/28/1904,40.776192
5/29/1904,30.015808
5/30/1904,27.184128
5/31/1904,19.255424
6/1/1904,14.86632
6/2/1904,11.468304
6/3/1904,9.769296
6/4/1904,8.919792
6/5/1904,8.919792
6/6/1904,8.070288
6/7/1904,6.4845472
6/8/1904,6.4845472
6/9/1904,5.7766272
6/10/1904,5.7766272
6/11/1904,5.1253408
6/12/1904,8.919792
6/13/1904,10.6188
6/14/1904,8.070288
6/15/1904,8.070288
6/16/1904,8.070288
6/17/1904,8.070288
6/18/1904,8.070288
6/19/1904,8.919792
6/20/1904,10.6188
6/21/1904,11.468304
6/22/1904,12.317808
6/23/1904,13.167312
6/24/1904,11.468304
6/25/1904,8.919792
6/26/1904,7.2491008
6/27/1904,10.6188
6/28/1904,14.016816
6/29/1904,15.715824
6/30/1904,14.86632
7/1/1904,13.167312
7/2/1904,11.468304
7/3/1904,9.769296
7/4/1904,8.919792
7/5/1904,8.919792
7/6/1904,8.919792
7/7/1904,8.919792
7/8/1904,9.769296
7/9/1904,12.317808
7/10/1904,14.016816
7/11/1904,15.715824
7/12/1904,17.414832
7/13/1904,16.565328
7/14/1904,15.715824
7/15/1904,14.016816
7/16/1904,13.167312
7/17/1904,11.468304
7/18/1904,10.6188
7/19/1904,9.769296
7/20/1904,8.919792
7/21/1904,8.070288
7/22/1904,7.2491008
7/23/1904,8.070288
7/24/1904,8.919792
7/25/1904,13.167312
7/26/1904,9.769296
7/27/1904,5.1253408
7/28/1904,5.1253408
7/29/1904,3.9926688
7/30/1904,3.9926688
7/31/1904,3.9926688
8/1/1904,3.9926688
8/2/1904,3.5112832
8/3/1904,3.0865312
8/4/1904,3.5112832
8/5/1904,10.6188
8/6/1904,10.6188
8/7/1904,11.468304
8/8/1904,13.167312
8/9/1904,14.016816
8/10/1904,14.016816
8/11/1904,18.264336
8/12/1904,20.246512
8/13/1904,18.264336
8/14/1904,13.167312
8/15/1904,9.769296
8/16/1904,8.919792
8/17/1904,7.2491008
8/18/1904,6.4845472
8/19/1904,5.7766272
8/20/1904,4.530688
8/21/1904,3.5112832
8/22/1904,3.0865312
8/23/1904,2.7184128
8/24/1904,2.7184128
8/25/1904,2.406928
8/26/1904,2.1520768
8/27/1904,2.406928
8/28/1904,1.9255424
8/29/1904,2.406928
8/30/1904,1.9255424
8/31/1904,1.7273248
9/1/1904,1.7273248
9/2/1904,1.9255424
9/3/1904,2.1520768
9/4/1904,2.1520768
9/5/1904,2.7184128
9/6/1904,2.406928
9/7/1904,2.406928
9/8/1904,2.406928
9/9/1904,2.406928
9/10/1904,2.406928
9/11/1904,2.1520768
9/12/1904,2.1520768
9/13/1904,2.406928
9/14/1904,2.7184128
9/15/1904,5.7766272
9/16/1904,7.2491008
9/17/1904,4.530688
9/18/1904,3.9926688
9/19/1904,3.9926688
9/20/1904,3.5112832
9/21/1904,3.5112832
9/22/1904,3.0865312
9/23/1904,3.0865312
9/24/1904,2.7184128
9/25/1904,2.7184128
9/26/1904,2.7184128
9/27/1904,2.7184128
9/28/1904,2.7184128
9/29/1904,2.7184128
9/30/1904,2.7184128
10/1/1904,2.406928
10/2/1904,2.406928
10/3/1904,2.1520768
10/4/1904,1.9255424
10/5/1904,1.7273248
10/6/1904,1.7273248
10/7/1904,1.7273248
10/8/1904,1.9255424
10/9/1904,1.9255424
10/10/1904,1.9255424
10/11/1904,1.9255424
10/12/1904,2.1520768
10/13/1904,1.9255424
10/14/1904,1.7273248
10/15/1904,1.557424
10/16/1904,1.0760384
10/17/1904,0.8211872
10/18/1904,0.8211872
10/19/1904,0.8211872
10/20/1904,0.566336
10/21/1904,0.8211872
10/22/1904,0.8211872
10/23/1904,0.8211872
10/24/1904,0.8211872
10/25/1904,0.8211872
10/26/1904,0.8211872
10/27/1904,0.566336
10/28/1904,0.566336
10/29/1904,0.566336
10/30/1904,0.566336
10/31/1904,0.566336
11/1/1904,0.566336
11/2/1904,0.566336
11/3/1904,0.566336
11/4/1904,0.566336
11/5/1904,0.566336
11/6/1904,0.566336
11/7/1904,0.566336
11/8/1904,0.566336
11/9/1904,0.566336
11/10/1904,0.566336
11/11/1904,0.566336
11/12/1904,0.566336
11/13/1904,0.566336
11/14/1904,0.566336
11/15/1904,0.566336
11/16/1904,0.566336
11/17/1904,0.566336
11/18/1904,0.566336
11/19/1904,0.566336
11/20/1904,0.8211872
11/21/1904,0.8211872
11/22/1904,0.8211872
11/23/1904,0.8211872
11/24/1904,0.8211872
11/25/1904,0.8211872
11/26/1904,1.0760384
11/27/1904,1.3308896
11/28/1904,1.6140576
11/29/1904,1.6140576
11/30/1904,1.8972256
12/1/1904,1.8972256
12/2/1904,1.8972256
12/3/1904,1.8972256
12/4/1904,2.2087104
12/5/1904,2.2087104
12/6/1904,2.2087104
12/7/1904,2.5768288
12/8/1904,2.5768288
12/9/1904,2.2087104
12/10/1904,2.2087104
12/11/1904,2.2087104
12/12/1904,2.2087104
12/13/1904,2.2087104
12/14/1904,2.2087104
12/15/1904,2.2087104
12/16/1904,2.2087104
12/17/1904,2.2087104
12/18/1904,2.2087104
12/19/1904,1.8972256
12/20/1904,1.8972256
12/21/1904,1.8972256
12/22/1904,1.8972256
12/23/1904,1.8972256
12/24/1904,2.2087104
12/25/1904,2.2087104
12/26/1904,30.015808
12/27/1904,107.60384
12/28/1904,189.72256
12/29/1904,124.59392
12/30/1904,90.61376
12/31/1904,55.784096
1/1/1905,54.368256
1/2/1905,52.952416
1/3/1905,54.368256
1/4/1905,55.784096
1/5/1905,58.615776
1/6/1905,61.730624
1/7/1905,66.54448
1/8/1905,64.845472
1/9/1905,58.615776
1/10/1905,41.908864
1/11/1905,41.908864
1/12/1905,48.704896
1/13/1905,55.784096
1/14/1905,74.190016
1/15/1905,44.457376
1/16/1905,34.546496
1/17/1905,31.14848
1/18/1905,30.015808
1/19/1905,30.015808
1/20/1905,30.015808
1/21/1905,29.166304
1/22/1905,29.166304
1/23/1905,28.175216
1/24/1905,28.175216
1/25/1905,27.184128
1/26/1905,26.19304
1/27/1905,25.201952
1/28/1905,25.201952
1/29/1905,28.175216
1/30/1905,32.281152
1/31/1905,61.730624
2/1/1905,47.289056
2/2/1905,41.908864
2/3/1905,35.679168
2/4/1905,44.457376
2/5/1905,50.120736
2/6/1905,55.784096
2/7/1905,51.536576
2/8/1905,58.615776
2/9/1905,75.889024
2/10/1905,75.889024
2/11/1905,74.190016
2/12/1905,109.302848
2/13/1905,109.302848
2/14/1905,112.700864
2/15/1905,114.399872
2/16/1905,112.700864
2/17/1905,109.302848
2/18/1905,107.60384
2/19/1905,116.09888
2/20/1905,128.275104
2/21/1905,135.637472
2/22/1905,135.637472
2/23/1905,133.655296
2/24/1905,129.974112
2/25/1905,121.195904
2/26/1905,107.60384
2/27/1905,105.904832
2/28/1905,105.904832
3/1/1905,105.904832
3/2/1905,99.1088
3/3/1905,88.914752
3/4/1905,79.003872
3/5/1905,69.659328
3/6/1905,61.730624
3/7/1905,57.199936
3/8/1905,51.536576
3/9/1905,112.700864
3/10/1905,128.275104
3/11/1905,150.362208
3/12/1905,142.99984
3/13/1905,126.292928
3/14/1905,121.195904
3/15/1905,116.09888
3/16/1905,117.797888
3/17/1905,117.797888
3/18/1905,133.655296
3/19/1905,245.223488
3/20/1905,257.116544
3/21/1905,272.973952
3/22/1905,297.3264
3/23/1905,278.92048
3/24/1905,255.134368
3/25/1905,245.223488
3/26/1905,235.312608
3/27/1905,209.54432
3/28/1905,203.597792
3/29/1905,201.615616
3/30/1905,195.669088
3/31/1905,154.043392
4/1/1905,141.017664
4/2/1905,139.318656
4/3/1905,282.884832
4/4/1905,317.14816
4/5/1905,317.14816
4/6/1905,339.8016
4/7/1905,342.63328
4/8/1905,334.13824
4/9/1905,317.14816
4/10/1905,297.3264
4/11/1905,278.92048
4/12/1905,261.080896
4/13/1905,239.27696
4/14/1905,227.383904
4/15/1905,209.54432
4/16/1905,193.686912
4/17/1905,179.81168
4/18/1905,163.104768
4/19/1905,150.362208
4/20/1905,139.318656
4/21/1905,129.974112
4/22/1905,119.496896
4/23/1905,111.001856
4/24/1905,112.700864
4/25/1905,135.637472
4/26/1905,172.449312
4/27/1905,187.740384
4/28/1905,197.651264
4/29/1905,199.63344
4/30/1905,235.312608
5/1/1905,259.09872
5/2/1905,278.92048
5/3/1905,282.884832
5/4/1905,285.99968
5/5/1905,278.92048
5/6/1905,269.0096
5/7/1905,267.027424
5/8/1905,285.99968
5/9/1905,317.14816
5/10/1905,336.96992
5/11/1905,351.12832
5/12/1905,353.96
5/13/1905,342.63328
5/14/1905,339.8016
5/15/1905,376.61344
5/16/1905,379.44512
5/17/1905,566.336
5/18/1905,696.59328
5/19/1905,668.27648
5/20/1905,628.63296
5/21/1905,566.336
5/22/1905,498.37568
5/23/1905,458.73216
5/24/1905,430.41536
5/25/1905,407.76192
5/26/1905,396.4352
5/27/1905,396.4352
5/28/1905,368.1184
5/29/1905,356.79168
5/30/1905,351.12832
5/31/1905,336.96992
6/1/1905,319.97984
6/2/1905,297.3264
6/3/1905,276.938304
6/4/1905,253.152192
6/5/1905,225.401728
6/6/1905,197.651264
6/7/1905,155.7424
6/8/1905,133.655296
6/9/1905,119.496896
6/10/1905,107.60384
6/11/1905,102.506816
6/12/1905,97.409792
6/13/1905,87.215744
6/14/1905,79.003872
6/15/1905,71.075168
6/16/1905,66.54448
6/17/1905,64.845472
6/18/1905,55.784096
6/19/1905,44.457376
6/20/1905,30.015808
6/21/1905,22.228688
6/22/1905,15.715824
6/23/1905,15.715824
6/24/1905,23.219776
6/25/1905,27.184128
6/26/1905,27.184128
6/27/1905,58.615776
6/28/1905,60.314784
6/29/1905,83.817728
6/30/1905,100.807808
7/1/1905,107.60384
7/2/1905,112.700864
7/3/1905,116.09888
7/4/1905,124.59392
7/5/1905,135.637472
7/6/1905,139.318656
7/7/1905,187.740384
7/8/1905,201.615616
7/9/1905,259.09872
7/10/1905,291.66304
7/11/1905,317.14816
7/12/1905,348.29664
7/13/1905,334.13824
7/14/1905,319.97984
7/15/1905,308.65312
7/16/1905,291.66304
7/17/1905,282.884832
7/18/1905,255.134368
7/19/1905,219.4552
7/20/1905,189.72256
7/21/1905,179.81168
7/22/1905,166.785952
7/23/1905,152.061216
7/24/1905,139.318656
7/25/1905,128.275104
7/26/1905,116.09888
7/27/1905,104.205824
7/28/1905,94.011776
7/29/1905,82.11872
7/30/1905,71.075168
7/31/1905,61.730624
8/1/1905,54.368256
8/2/1905,48.704896
8/3/1905,50.120736
8/4/1905,58.615776
8/5/1905,69.659328
8/6/1905,83.817728
8/7/1905,112.700864
8/8/1905,146.681024
8/9/1905,157.724576
8/10/1905,166.785952
8/11/1905,163.104768
8/12/1905,152.061216
8/13/1905,133.655296
8/14/1905,117.797888
8/15/1905,102.506816
8/16/1905,90.61376
8/17/1905,79.003872
8/18/1905,66.54448
8/19/1905,55.784096
8/20/1905,44.457376
8/21/1905,35.679168
8/22/1905,26.19304
8/23/1905,22.228688
8/24/1905,17.414832
8/25/1905,15.715824
8/26/1905,14.016816
8/27/1905,11.468304
8/28/1905,11.468304
8/29/1905,9.769296
8/30/1905,8.919792
8/31/1905,8.919792
9/1/1905,8.070288
9/2/1905,7.2491008
9/3/1905,7.2491008
9/4/1905,7.2491008
9/5/1905,14.016816
9/6/1905,10.6188
9/7/1905,8.070288
9/8/1905,6.512864
9/9/1905,6.512864
9/10/1905,5.8898944
9/11/1905,5.8898944
9/12/1905,5.8898944
9/13/1905,5.8898944
9/14/1905,5.8898944
9/15/1905,5.3235584
9/16/1905,4.7855392
9/17/1905,4.7855392
9/18/1905,4.2758368
9/19/1905,4.2758368
9/20/1905,4.7855392
9/21/1905,4.7855392
9/22/1905,4.7855392
9/23/1905,4.2758368
9/24/1905,3.822768
9/25/1905,3.822768
9/26/1905,3.3696992
9/27/1905,3.3696992
9/28/1905,3.3696992
9/29/1905,3.3696992
9/30/1905,3.3696992
10/1/1905,3.3696992
10/2/1905,4.2758368
10/3/1905,4.2758368
10/4/1905,4.2758368
10/5/1905,4.2758368
10/6/1905,4.2758368
10/7/1905,4.2758368
10/8/1905,4.2758368
10/9/1905,4.2758368
10/10/1905,4.2758368
10/11/1905,3.822768
10/12/1905,3.822768
10/13/1905,3.822768
10/14/1905,3.822768
10/15/1905,3.3696992
10/16/1905,2.9449472
10/17/1905,2.9449472
10/18/1905,2.9449472
10/19/1905,2.9449472
10/20/1905,2.9449472
10/21/1905,2.9449472
10/22/1905,3.3696992
10/23/1905,2.9449472
10/24/1905,4.2758368
10/25/1905,8.919792
10/26/1905,14.016816
10/27/1905,12.317808
10/28/1905,10.6188
10/29/1905,9.769296
10/30/1905,9.769296
10/31/1905,11.468304
11/1/1905,12.317808
11/2/1905,12.317808
11/3/1905,13.167312
11/4/1905,14.016816
11/5/1905,15.715824
11/6/1905,27.184128
11/7/1905,33.413824
11/8/1905,35.679168
11/9/1905,39.360352
11/10/1905,85.516736
11/11/1905,94.011776
11/12/1905,105.904832
11/13/1905,99.1088
11/14/1905,90.61376
11/15/1905,87.215744
11/16/1905,88.914752
11/17/1905,90.61376
11/18/1905,92.312768
11/19/1905,88.914752
11/20/1905,79.003872
11/21/1905,66.54448
11/22/1905,54.368256
11/23/1905,45.873216
11/24/1905,41.908864
11/25/1905,38.22768
11/26/1905,33.413824
11/27/1905,30.015808
11/28/1905,27.184128
11/29/1905,24.210864
11/30/1905,21.2376
12/1/1905,19.255424
12/2/1905,32.281152
12/3/1905,34.546496
12/4/1905,35.679168
12/5/1905,29.166304
12/6/1905,29.166304
12/7/1905,29.166304
12/8/1905,28.175216
12/9/1905,28.175216
12/10/1905,28.175216
12/11/1905,28.175216
12/12/1905,28.175216
12/13/1905,29.166304
12/14/1905,41.908864
12/15/1905,58.615776
12/16/1905,57.199936
12/17/1905,57.199936
12/18/1905,45.873216
12/19/1905,63.429632
12/20/1905,111.001856
12/21/1905,133.655296
12/22/1905,131.956288
12/23/1905,128.275104
12/24/1905,126.292928
12/25/1905,124.59392
12/26/1905,122.894912
12/27/1905,121.195904
12/28/1905,141.017664
12/29/1905,142.99984
12/30/1905,154.043392
12/31/1905,161.40576
1/1/1906,155.7424
1/2/1906,157.724576
1/3/1906,163.104768
1/4/1906,172.73248
1/5/1906,191.704736
1/6/1906,209.54432
1/7/1906,213.508672
1/8/1906,239.27696
1/9/1906,239.27696
1/10/1906,219.4552
1/11/1906,239.27696
1/12/1906,229.36608
1/13/1906,237.294784
1/14/1906,215.490848
1/15/1906,211.526496
1/16/1906,172.449312
1/17/1906,155.7424
1/18/1906,137.619648
1/19/1906,90.61376
1/20/1906,82.11872
1/21/1906,141.017664
1/22/1906,170.467136
1/23/1906,217.473024
1/24/1906,237.294784
1/25/1906,229.36608
1/26/1906,215.490848
1/27/1906,219.4552
1/28/1906,189.72256
1/29/1906,181.793856
1/30/1906,170.467136
1/31/1906,154.043392
2/1/1906,155.7424
2/2/1906,157.724576
2/3/1906,107.60384
2/4/1906,92.312768
2/5/1906,94.011776
2/6/1906,74.190016
2/7/1906,79.003872
2/8/1906,67.96032
2/9/1906,57.199936
2/10/1906,57.199936
2/11/1906,57.199936
2/12/1906,58.898944
2/13/1906,77.588032
2/14/1906,117.797888
2/15/1906,124.59392
2/16/1906,122.894912
2/17/1906,112.700864
2/18/1906,97.409792
2/19/1906,95.710784
2/20/1906,94.011776
2/21/1906,92.312768
2/22/1906,90.61376
2/23/1906,88.914752
2/24/1906,88.914752
2/25/1906,99.1088
2/26/1906,82.11872
2/27/1906,80.419712
2/28/1906,79.003872
3/1/1906,94.011776
3/2/1906,72.774176
3/3/1906,71.358336
3/4/1906,71.358336
3/5/1906,79.003872
3/6/1906,69.659328
3/7/1906,90.61376
3/8/1906,92.312768
3/9/1906,92.312768
3/10/1906,90.61376
3/11/1906,90.61376
3/12/1906,90.61376
3/13/1906,88.914752
3/14/1906,71.358336
3/15/1906,58.898944
3/16/1906,57.199936
3/17/1906,43.324704
3/18/1906,53.235584
3/19/1906,94.011776
3/20/1906,80.419712
3/21/1906,63.429632
3/22/1906,43.324704
3/23/1906,38.22768
3/24/1906,33.413824
3/25/1906,30.015808
3/26/1906,30.015808
3/27/1906,29.166304
3/28/1906,50.403904
3/29/1906,94.011776
3/30/1906,109.302848
3/31/1906,100.807808
4/1/1906,100.807808
4/2/1906,85.516736
4/3/1906,67.96032
4/4/1906,74.190016
4/5/1906,63.429632
4/6/1906,63.429632
4/7/1906,48.704896
4/8/1906,44.740544
4/9/1906,40.776192
4/10/1906,39.64352
4/11/1906,38.22768
4/12/1906,39.64352
4/13/1906,44.740544
4/14/1906,54.368256
4/15/1906,72.774176
4/16/1906,88.914752
4/17/1906,87.215744
4/18/1906,72.774176
4/19/1906,69.659328
4/20/1906,69.659328
4/21/1906,66.54448
4/22/1906,57.199936
4/23/1906,56.067264
4/24/1906,54.368256
4/25/1906,54.368256
4/26/1906,51.536576
4/27/1906,53.235584
4/28/1906,51.536576
4/29/1906,58.898944
4/30/1906,60.314784
5/1/1906,77.588032
5/2/1906,79.003872
5/3/1906,75.889024
5/4/1906,74.190016
5/5/1906,74.190016
5/6/1906,75.889024
5/7/1906,95.710784
5/8/1906,94.011776
5/9/1906,92.312768
5/10/1906,92.312768
5/11/1906,90.61376
5/12/1906,90.61376
5/13/1906,90.61376
5/14/1906,90.61376
5/15/1906,72.774176
5/16/1906,57.199936
5/17/1906,40.776192
5/18/1906,39.64352
5/19/1906,32.281152
5/20/1906,39.64352
5/21/1906,43.324704
5/22/1906,43.324704
5/23/1906,41.908864
5/24/1906,41.908864
5/25/1906,29.166304
5/26/1906,33.413824
5/27/1906,32.281152
5/28/1906,32.281152
5/29/1906,31.14848
5/30/1906,30.015808
5/31/1906,29.166304
6/1/1906,29.166304
6/2/1906,30.015808
6/3/1906,43.324704
6/4/1906,44.740544
6/5/1906,41.908864
6/6/1906,41.908864
6/7/1906,40.776192
6/8/1906,40.776192
6/9/1906,31.14848
6/10/1906,31.14848
6/11/1906,31.14848
6/12/1906,31.14848
6/13/1906,32.281152
6/14/1906,33.413824
6/15/1906,30.015808
6/16/1906,30.015808
6/17/1906,30.015808
6/18/1906,31.14848
6/19/1906,31.14848
6/20/1906,30.015808
6/21/1906,30.015808
6/22/1906,29.166304
6/23/1906,28.175216
6/24/1906,17.414832
6/25/1906,17.414832
6/26/1906,20.246512
6/27/1906,30.015808
6/28/1906,41.908864
6/29/1906,38.22768
6/30/1906,27.184128
7/1/1906,38.22768
7/2/1906,35.679168
7/3/1906,33.413824
7/4/1906,31.14848
7/5/1906,30.015808
7/6/1906,28.175216
7/7/1906,22.228688
7/8/1906,20.246512
7/9/1906,19.255424
7/10/1906,18.264336
7/11/1906,12.317808
7/12/1906,21.2376
7/13/1906,23.219776
7/14/1906,28.175216
7/15/1906,19.255424
7/16/1906,18.264336
7/17/1906,19.255424
7/18/1906,30.015808
7/19/1906,35.679168
7/20/1906,45.873216
7/21/1906,53.235584
7/22/1906,44.740544
7/23/1906,44.740544
7/24/1906,34.546496
7/25/1906,33.413824
7/26/1906,32.281152
7/27/1906,29.166304
7/28/1906,39.64352
7/29/1906,112.700864
7/30/1906,79.003872
7/31/1906,58.898944
8/1/1906,54.368256
8/2/1906,56.067264
8/3/1906,38.22768
8/4/1906,33.413824
8/5/1906,32.281152
8/6/1906,27.184128
8/7/1906,28.175216
8/8/1906,35.679168
8/9/1906,32.281152
8/10/1906,32.281152
8/11/1906,31.14848
8/12/1906,30.015808
8/13/1906,30.015808
8/14/1906,22.228688
8/15/1906,21.2376
8/16/1906,20.246512
8/17/1906,20.246512
8/18/1906,19.255424
8/19/1906,18.264336
8/20/1906,17.414832
8/21/1906,17.414832
8/22/1906,17.414832
8/23/1906,17.414832
8/24/1906,17.414832
8/25/1906,17.414832
8/26/1906,17.414832
8/27/1906,17.414832
8/28/1906,14.016816
8/29/1906,8.919792
8/30/1906,2.9449472
8/31/1906,2.9449472
9/1/1906,9.769296
9/2/1906,13.167312
9/3/1906,17.414832
9/4/1906,18.264336
9/5/1906,18.264336
9/6/1906,18.264336
9/7/1906,17.414832
9/8/1906,17.414832
9/9/1906,17.414832
9/10/1906,17.414832
9/11/1906,17.414832
9/12/1906,15.715824
9/13/1906,15.715824
9/14/1906,14.86632
9/15/1906,14.86632
9/16/1906,14.016816
9/17/1906,14.016816
9/18/1906,13.167312
9/19/1906,12.317808
9/20/1906,10.6188
9/21/1906,2.9449472
9/22/1906,3.3696992
9/23/1906,3.3696992
9/24/1906,3.3696992
9/25/1906,3.3696992
9/26/1906,3.3696992
9/27/1906,3.3696992
9/28/1906,3.822768
9/29/1906,3.822768
9/30/1906,3.3696992
10/1/1906,18.264336
10/2/1906,19.255424
10/3/1906,19.255424
10/4/1906,20.246512
10/5/1906,22.228688
10/6/1906,22.228688
10/7/1906,21.2376
10/8/1906,21.2376
10/9/1906,21.2376
10/10/1906,20.246512
10/11/1906,20.246512
10/12/1906,19.255424
10/13/1906,16.565328
10/14/1906,114.399872
10/15/1906,191.704736
10/16/1906,154.043392
10/17/1906,114.399872
10/18/1906,100.807808
10/19/1906,53.235584
10/20/1906,29.166304
10/21/1906,18.264336
10/22/1906,13.167312
10/23/1906,13.167312
10/24/1906,13.167312
10/25/1906,13.167312
10/26/1906,13.167312
10/27/1906,13.167312
10/28/1906,14.016816
10/29/1906,14.86632
10/30/1906,15.715824
10/31/1906,16.565328
11/1/1906,17.414832
11/2/1906,17.414832
11/3/1906,17.414832
11/4/1906,16.565328
11/5/1906,14.86632
11/6/1906,14.016816
11/7/1906,14.016816
11/8/1906,13.167312
11/9/1906,12.317808
11/10/1906,11.468304
11/11/1906,10.6188
11/12/1906,10.6188
11/13/1906,9.769296
11/14/1906,8.919792
11/15/1906,8.070288
11/16/1906,7.2491008
11/17/1906,6.512864
11/18/1906,5.8898944
11/19/1906,5.8898944
11/20/1906,5.8898944
11/21/1906,5.3235584
11/22/1906,5.3235584
11/23/1906,5.3235584
11/24/1906,5.3235584
11/25/1906,4.7855392
11/26/1906,4.7855392
11/27/1906,4.7855392
11/28/1906,4.7855392
11/29/1906,4.7855392
11/30/1906,4.7855392
12/1/1906,5.3235584
12/2/1906,5.8898944
12/3/1906,6.512864
12/4/1906,7.2491008
12/5/1906,8.070288
12/6/1906,8.919792
12/7/1906,8.919792
12/8/1906,8.919792
12/9/1906,9.769296
12/10/1906,24.210864
12/11/1906,23.219776
12/12/1906,22.228688
12/13/1906,21.2376
12/14/1906,21.2376
12/15/1906,21.2376
12/16/1906,63.429632
12/17/1906,74.190016
12/18/1906,61.730624
12/19/1906,48.704896
12/20/1906,44.740544
12/21/1906,43.324704
12/22/1906,43.324704
12/23/1906,41.908864
12/24/1906,41.908864
12/25/1906,43.324704
12/26/1906,44.740544
12/27/1906,44.740544
12/28/1906,45.873216
12/29/1906,47.572224
12/30/1906,51.536576
12/31/1906,63.429632
1/1/1907,79.003872
1/2/1907,83.817728
1/3/1907,94.011776
1/4/1907,100.807808
1/5/1907,100.807808
1/6/1907,130.25728
1/7/1907,135.637472
1/8/1907,139.318656
1/9/1907,135.637472
1/10/1907,131.956288
1/11/1907,124.59392
1/12/1907,117.797888
1/13/1907,107.60384
1/14/1907,100.807808
1/15/1907,90.61376
1/16/1907,80.419712
1/17/1907,72.774176
1/18/1907,67.96032
1/19/1907,63.429632
1/20/1907,56.067264
1/21/1907,54.368256
1/22/1907,53.235584
1/23/1907,53.235584
1/24/1907,53.235584
1/25/1907,53.235584
1/26/1907,56.067264
1/27/1907,56.067264
1/28/1907,54.368256
1/29/1907,53.235584
1/30/1907,51.536576
1/31/1907,50.403904
2/1/1907,44.740544
2/2/1907,50.403904
2/3/1907,53.235584
2/4/1907,53.235584
2/5/1907,48.704896
2/6/1907,45.873216
2/7/1907,45.873216
2/8/1907,48.704896
2/9/1907,47.572224
2/10/1907,39.64352
2/11/1907,38.22768
2/12/1907,35.679168
2/13/1907,35.679168
2/14/1907,34.546496
2/15/1907,30.015808
2/16/1907,30.015808
2/17/1907,30.015808
2/18/1907,29.166304
2/19/1907,28.175216
2/20/1907,27.184128
2/21/1907,26.19304
2/22/1907,24.210864
2/23/1907,23.219776
2/24/1907,21.2376
2/25/1907,28.175216
2/26/1907,45.873216
2/27/1907,43.324704
2/28/1907,50.403904
3/1/1907,95.710784
3/2/1907,124.59392
3/3/1907,111.001856
3/4/1907,105.904832
3/5/1907,90.61376
3/6/1907,72.774176
3/7/1907,58.898944
3/8/1907,48.704896
3/9/1907,32.281152
3/10/1907,30.015808
3/11/1907,28.175216
3/12/1907,28.175216
3/13/1907,27.184128
3/14/1907,29.166304
3/15/1907,38.22768
3/16/1907,44.740544
3/17/1907,41.908864
3/18/1907,39.64352
3/19/1907,43.324704
3/20/1907,44.740544
3/21/1907,44.740544
3/22/1907,45.873216
3/23/1907,47.572224
3/24/1907,48.704896
3/25/1907,47.572224
3/26/1907,41.908864
3/27/1907,34.546496
3/28/1907,32.281152
3/29/1907,31.14848
3/30/1907,32.281152
3/31/1907,38.22768
4/1/1907,43.324704
4/2/1907,38.22768
4/3/1907,34.546496
4/4/1907,29.166304
4/5/1907,44.740544
4/6/1907,45.873216
4/7/1907,56.067264
4/8/1907,53.235584
4/9/1907,44.740544
4/10/1907,41.908864
4/11/1907,39.64352
4/12/1907,25.201952
4/13/1907,24.210864
4/14/1907,24.210864
4/15/1907,23.219776
4/16/1907,23.219776
4/17/1907,21.2376
4/18/1907,20.246512
4/19/1907,19.255424
4/20/1907,18.264336
4/21/1907,22.228688
4/22/1907,25.201952
4/23/1907,27.184128
4/24/1907,28.175216
4/25/1907,22.228688
4/26/1907,21.2376
4/27/1907,23.219776
4/28/1907,26.19304
4/29/1907,28.175216
4/30/1907,31.14848
5/1/1907,71.358336
5/2/1907,114.399872
5/3/1907,130.25728
5/4/1907,172.449312
5/5/1907,217.473024
5/6/1907,217.473024
5/7/1907,229.36608
5/8/1907,251.170016
5/9/1907,269.0096
5/10/1907,348.29664
5/11/1907,419.08864
5/12/1907,487.04896
5/13/1907,402.09856
5/14/1907,450.23712
5/15/1907,441.74208
5/16/1907,419.08864
5/17/1907,396.4352
5/18/1907,379.44512
5/19/1907,348.29664
5/20/1907,322.81152
5/21/1907,288.83136
5/22/1907,274.956128
5/23/1907,255.134368
5/24/1907,201.615616
5/25/1907,201.615616
5/26/1907,219.4552
5/27/1907,209.54432
5/28/1907,205.579968
5/29/1907,229.36608
5/30/1907,257.116544
5/31/1907,302.98976
6/1/1907,322.81152
6/2/1907,345.46496
6/3/1907,348.29664
6/4/1907,322.81152
6/5/1907,300.15808
6/6/1907,288.83136
6/7/1907,259.09872
6/8/1907,217.473024
6/9/1907,187.740384
6/10/1907,155.7424
6/11/1907,124.59392
6/12/1907,105.904832
6/13/1907,90.61376
6/14/1907,92.312768
6/15/1907,97.409792
6/16/1907,99.1088
6/17/1907,107.60384
6/18/1907,117.797888
6/19/1907,122.894912
6/20/1907,126.292928
6/21/1907,124.59392
6/22/1907,121.195904
6/23/1907,109.302848
6/24/1907,104.205824
6/25/1907,100.807808
6/26/1907,87.215744
6/27/1907,77.588032
6/28/1907,71.358336
6/29/1907,60.314784
6/30/1907,53.235584
7/1/1907,36.81184
7/2/1907,28.175216
7/3/1907,22.228688
7/4/1907,18.264336
7/5/1907,15.715824
7/6/1907,14.86632
7/7/1907,14.86632
7/8/1907,14.016816
7/9/1907,13.167312
7/10/1907,12.317808
7/11/1907,12.317808
7/12/1907,13.167312
7/13/1907,12.317808
7/14/1907,12.317808
7/15/1907,11.468304
7/16/1907,11.468304
7/17/1907,9.769296
7/18/1907,8.919792
7/19/1907,8.919792
7/20/1907,8.070288
7/21/1907,8.070288
7/22/1907,8.919792
7/23/1907,9.769296
7/24/1907,9.769296
7/25/1907,10.6188
7/26/1907,11.468304
7/27/1907,11.468304
7/28/1907,11.468304
7/29/1907,11.468304
7/30/1907,10.6188
7/31/1907,9.769296
8/1/1907,8.919792
8/2/1907,8.919792
8/3/1907,8.919792
8/4/1907,8.919792
8/5/1907,8.919792
8/6/1907,8.919792
8/7/1907,7.2491008
8/8/1907,6.512864
8/9/1907,6.512864
8/10/1907,5.8898944
8/11/1907,5.8898944
8/12/1907,5.3235584
8/13/1907,4.7855392
8/14/1907,4.7855392
8/15/1907,4.7855392
8/16/1907,4.7855392
8/17/1907,4.2758368
8/18/1907,4.2758368
8/19/1907,4.2758368
8/20/1907,4.2758368
8/21/1907,4.2758368
8/22/1907,4.2758368
8/23/1907,4.2758368
8/24/1907,3.822768
8/25/1907,3.822768
8/26/1907,3.822768
8/27/1907,4.2758368
8/28/1907,5.3235584
8/29/1907,9.769296
8/30/1907,8.070288
8/31/1907,7.2491008
9/1/1907,6.512864
9/2/1907,6.512864
9/3/1907,5.8898944
9/4/1907,5.8898944
9/5/1907,5.8898944
9/6/1907,5.3235584
9/7/1907,4.7855392
9/8/1907,4.2758368
9/9/1907,4.2758368
9/10/1907,4.2758368
9/11/1907,4.2758368
9/12/1907,3.822768
9/13/1907,3.822768
9/14/1907,3.822768
9/15/1907,3.822768
9/16/1907,3.822768
9/17/1907,3.822768
9/18/1907,7.2491008
9/19/1907,5.8898944
9/20/1907,16.565328
9/21/1907,15.715824
9/22/1907,14.86632
9/23/1907,14.86632
9/24/1907,14.86632
9/25/1907,14.016816
9/26/1907,14.016816
9/27/1907,13.167312
9/28/1907,13.167312
9/29/1907,12.317808
9/30/1907,11.468304
10/1/1907,10.6188
10/2/1907,10.6188
10/3/1907,10.6188
10/4/1907,9.769296
10/5/1907,9.769296
10/6/1907,8.919792
10/7/1907,8.070288
10/8/1907,8.070288
10/9/1907,7.2491008
10/10/1907,7.2491008
10/11/1907,7.2491008
10/12/1907,7.2491008
10/13/1907,6.512864
10/14/1907,6.512864
10/15/1907,5.8898944
10/16/1907,4.7855392
10/17/1907,4.7855392
10/18/1907,4.7855392
10/19/1907,3.822768
10/20/1907,3.822768
10/21/1907,8.919792
10/22/1907,13.167312
10/23/1907,17.414832
10/24/1907,19.255424
10/25/1907,18.264336
10/26/1907,17.414832
10/27/1907,20.246512
10/28/1907,22.228688
10/29/1907,29.166304
10/30/1907,29.166304
10/31/1907,29.166304
11/1/1907,30.015808
11/2/1907,41.908864
11/3/1907,43.324704
11/4/1907,43.324704
11/5/1907,40.776192
11/6/1907,35.679168
11/7/1907,32.281152
11/8/1907,31.14848
11/9/1907,29.166304
11/10/1907,26.19304
11/11/1907,22.228688
11/12/1907,18.264336
11/13/1907,17.414832
11/14/1907,17.414832
11/15/1907,16.565328
11/16/1907,15.715824
11/17/1907,21.2376
11/18/1907,87.215744
11/19/1907,88.914752
11/20/1907,189.72256
11/21/1907,249.18784
11/22/1907,509.7024
11/23/1907,860.83072
11/24/1907,843.84064
11/25/1907,739.06848
11/26/1907,591.82112
11/27/1907,487.04896
11/28/1907,467.2272
11/29/1907,419.08864
11/30/1907,399.26688
12/1/1907,379.44512
12/2/1907,359.62336
12/3/1907,314.31648
12/4/1907,300.15808
12/5/1907,291.66304
12/6/1907,269.0096
12/7/1907,249.18784
12/8/1907,219.4552
12/9/1907,199.63344
12/10/1907,177.829504
12/11/1907,161.40576
12/12/1907,142.99984
12/13/1907,172.449312
12/14/1907,176.130496
12/15/1907,181.793856
12/16/1907,189.72256
12/17/1907,191.704736
12/18/1907,191.704736
12/19/1907,189.72256
12/20/1907,189.72256
12/21/1907,189.72256
12/22/1907,199.63344
12/23/1907,215.490848
12/24/1907,239.27696
12/25/1907,300.15808
12/26/1907,353.96
12/27/1907,368.1184
12/28/1907,348.29664
12/29/1907,322.81152
12/30/1907,302.98976
12/31/1907,288.83136
1/1/1908,259.09872
1/2/1908,235.312608
1/3/1908,227.383904
1/4/1908,205.579968
1/5/1908,189.72256
1/6/1908,189.72256
1/7/1908,185.758208
1/8/1908,177.829504
1/9/1908,168.768128
1/10/1908,139.318656
1/11/1908,135.637472
1/12/1908,130.25728
1/13/1908,130.25728
1/14/1908,121.195904
1/15/1908,116.09888
1/16/1908,111.001856
1/17/1908,107.60384
1/18/1908,99.1088
1/19/1908,92.312768
1/20/1908,92.312768
1/21/1908,85.516736
1/22/1908,82.11872
1/23/1908,80.419712
1/24/1908,69.659328
1/25/1908,63.429632
1/26/1908,57.199936
1/27/1908,53.235584
1/28/1908,50.403904
1/29/1908,47.572224
1/30/1908,45.873216
1/31/1908,60.314784
2/1/1908,85.516736
2/2/1908,102.506816
2/3/1908,109.302848
2/4/1908,105.904832
2/5/1908,112.700864
2/6/1908,114.399872
2/7/1908,112.700864
2/8/1908,112.700864
2/9/1908,213.508672
2/10/1908,261.080896
2/11/1908,291.66304
2/12/1908,345.46496
2/13/1908,402.09856
2/14/1908,441.74208
2/15/1908,467.2272
2/16/1908,441.74208
2/17/1908,407.76192
2/18/1908,376.61344
2/19/1908,359.62336
2/20/1908,328.47488
2/21/1908,305.82144
2/22/1908,282.884832
2/23/1908,259.09872
2/24/1908,237.294784
2/25/1908,227.383904
2/26/1908,223.419552
2/27/1908,223.419552
2/28/1908,231.348256
2/29/1908,235.312608
3/1/1908,235.312608
3/2/1908,229.36608
3/3/1908,225.401728
3/4/1908,213.508672
3/5/1908,205.579968
3/6/1908,189.72256
3/7/1908,174.431488
3/8/1908,150.362208
3/9/1908,141.017664
3/10/1908,128.275104
3/11/1908,117.797888
3/12/1908,109.302848
3/13/1908,105.904832
3/14/1908,112.700864
3/15/1908,122.894912
3/16/1908,131.956288
3/17/1908,137.619648
3/18/1908,139.318656
3/19/1908,135.637472
3/20/1908,122.894912
3/21/1908,107.60384
3/22/1908,88.914752
3/23/1908,141.017664
3/24/1908,174.431488
3/25/1908,142.99984
3/26/1908,131.956288
3/27/1908,128.275104
3/28/1908,128.275104
3/29/1908,128.275104
3/30/1908,128.275104
3/31/1908,124.59392
4/1/1908,119.496896
4/2/1908,111.001856
4/3/1908,94.011776
4/4/1908,79.003872
4/5/1908,67.96032
4/6/1908,58.898944
4/7/1908,51.536576
4/8/1908,43.324704
4/9/1908,41.908864
4/10/1908,40.776192
4/11/1908,36.81184
4/12/1908,48.704896
4/13/1908,48.704896
4/14/1908,58.898944
4/15/1908,128.275104
4/16/1908,165.086944
4/17/1908,229.36608
4/18/1908,233.330432
4/19/1908,229.36608
4/20/1908,247.205664
4/21/1908,227.383904
4/22/1908,213.508672
4/23/1908,193.686912
4/24/1908,193.686912
4/25/1908,189.72256
4/26/1908,189.72256
4/27/1908,155.7424
4/28/1908,154.043392
4/29/1908,152.344384
4/30/1908,150.362208
5/1/1908,148.380032
5/2/1908,144.982016
5/3/1908,142.99984
5/4/1908,148.380032
5/5/1908,157.724576
5/6/1908,167.06912
5/7/1908,170.467136
5/8/1908,165.086944
5/9/1908,159.706752
5/10/1908,142.99984
5/11/1908,130.25728
5/12/1908,117.797888
5/13/1908,105.904832
5/14/1908,124.59392
5/15/1908,154.043392
5/16/1908,172.449312
5/17/1908,193.686912
5/18/1908,243.241312
5/19/1908,285.99968
5/20/1908,336.96992
5/21/1908,387.94016
5/22/1908,509.7024
5/23/1908,642.79136
5/24/1908,682.43488
5/25/1908,696.59328
5/26/1908,628.63296
5/27/1908,509.7024
5/28/1908,458.73216
5/29/1908,410.5936
5/30/1908,385.10848
5/31/1908,353.96
6/1/1908,322.81152
6/2/1908,291.66304
6/3/1908,272.973952
6/4/1908,229.36608
6/5/1908,197.651264
6/6/1908,163.104768
6/7/1908,137.619648
6/8/1908,116.09888
6/9/1908,102.506816
6/10/1908,94.011776
6/11/1908,85.516736
6/12/1908,75.889024
6/13/1908,66.54448
6/14/1908,58.898944
6/15/1908,53.235584
6/16/1908,48.704896
6/17/1908,43.324704
6/18/1908,39.64352
6/19/1908,31.14848
6/20/1908,25.201952
6/21/1908,21.2376
6/22/1908,18.264336
6/23/1908,15.715824
6/24/1908,15.715824
6/25/1908,14.86632
6/26/1908,24.210864
6/27/1908,18.264336
6/28/1908,14.86632
6/29/1908,13.167312
6/30/1908,50.403904
7/1/1908,16.565328
7/2/1908,14.86632
7/3/1908,29.166304
7/4/1908,25.201952
7/5/1908,23.219776
7/6/1908,17.414832
7/7/1908,15.715824
7/8/1908,14.016816
7/9/1908,19.255424
7/10/1908,15.715824
7/11/1908,14.016816
7/12/1908,13.167312
7/13/1908,12.317808
7/14/1908,12.317808
7/15/1908,11.468304
7/16/1908,10.6188
7/17/1908,8.919792
7/18/1908,8.919792
7/19/1908,8.919792
7/20/1908,8.070288
7/21/1908,7.2491008
7/22/1908,5.8898944
7/23/1908,5.3235584
7/24/1908,5.3235584
7/25/1908,5.3235584
7/26/1908,5.8898944
7/27/1908,5.8898944
7/28/1908,5.8898944
7/29/1908,7.2491008
7/30/1908,7.2491008
7/31/1908,14.016816
8/1/1908,7.2491008
8/2/1908,7.2491008
8/3/1908,5.3235584
8/4/1908,5.3235584
8/5/1908,11.468304
8/6/1908,11.468304
8/7/1908,8.919792
8/8/1908,8.919792
8/9/1908,8.070288
8/10/1908,7.2491008
8/11/1908,6.512864
8/12/1908,6.512864
8/13/1908,5.8898944
8/14/1908,5.3235584
8/15/1908,5.3235584
8/16/1908,5.3235584
8/17/1908,4.7855392
8/18/1908,4.7855392
8/19/1908,4.7855392
8/20/1908,4.7855392
8/21/1908,8.919792
8/22/1908,10.6188
8/23/1908,10.6188
8/24/1908,9.769296
8/25/1908,13.167312
8/26/1908,8.919792
8/27/1908,9.769296
8/28/1908,7.2491008
8/29/1908,5.8898944
8/30/1908,9.769296
8/31/1908,8.919792
9/1/1908,9.769296
9/2/1908,9.769296
9/3/1908,9.769296
9/4/1908,14.016816
9/5/1908,15.715824
9/6/1908,16.565328
9/7/1908,17.414832
9/8/1908,18.264336
9/9/1908,20.246512
9/10/1908,21.2376
9/11/1908,21.2376
9/12/1908,23.219776
9/13/1908,24.210864
9/14/1908,24.210864
9/15/1908,24.210864
9/16/1908,21.2376
9/17/1908,14.016816
9/18/1908,12.317808
9/19/1908,8.919792
9/20/1908,8.070288
9/21/1908,7.2491008
9/22/1908,7.2491008
9/23/1908,12.317808
9/24/1908,16.565328
9/25/1908,16.565328
9/26/1908,21.2376
9/27/1908,21.2376
9/28/1908,21.2376
9/29/1908,19.255424
9/30/1908,19.255424
10/1/1908,23.219776
10/2/1908,22.228688
10/3/1908,22.228688
10/4/1908,19.255424
10/5/1908,19.255424
10/6/1908,21.2376
10/7/1908,19.255424
10/8/1908,21.2376
10/9/1908,21.2376
10/10/1908,21.2376
10/11/1908,20.246512
10/12/1908,20.246512
10/13/1908,20.246512
10/14/1908,19.255424
10/15/1908,19.255424
10/16/1908,15.715824
10/17/1908,14.016816
10/18/1908,9.769296
10/19/1908,8.070288
10/20/1908,7.2491008
10/21/1908,4.7855392
10/22/1908,6.512864
10/23/1908,5.3235584
10/24/1908,5.3235584
10/25/1908,5.3235584
10/26/1908,5.3235584
10/27/1908,4.7855392
10/28/1908,4.7855392
10/29/1908,4.7855392
10/30/1908,7.2491008
10/31/1908,7.2491008
11/1/1908,8.070288
11/2/1908,11.468304
11/3/1908,13.167312
11/4/1908,13.167312
11/5/1908,13.167312
11/6/1908,13.167312
11/7/1908,13.167312
11/8/1908,11.468304
11/9/1908,12.317808
11/10/1908,12.317808
11/11/1908,12.317808
11/12/1908,11.468304
11/13/1908,11.468304
11/14/1908,11.468304
11/15/1908,10.6188
11/16/1908,9.769296
11/17/1908,9.769296
11/18/1908,9.769296
11/19/1908,8.919792
11/20/1908,8.919792
11/21/1908,8.070288
11/22/1908,6.512864
11/23/1908,6.512864
11/24/1908,6.512864
11/25/1908,6.512864
11/26/1908,11.468304
11/27/1908,12.317808
11/28/1908,11.468304
11/29/1908,12.317808
11/30/1908,16.565328
12/1/1908,19.255424
12/2/1908,15.715824
12/3/1908,14.016816
12/4/1908,13.167312
12/5/1908,12.317808
12/6/1908,12.317808
12/7/1908,11.468304
12/8/1908,13.167312
12/9/1908,13.167312
12/10/1908,14.016816
12/11/1908,14.016816
12/12/1908,14.016816
12/13/1908,13.167312
12/14/1908,12.317808
12/15/1908,12.317808
12/16/1908,12.317808
12/17/1908,11.468304
12/18/1908,11.468304
12/19/1908,11.468304
12/20/1908,11.468304
12/21/1908,12.317808
12/22/1908,14.86632
12/23/1908,16.565328
12/24/1908,14.86632
12/25/1908,13.167312
12/26/1908,13.167312
12/27/1908,13.167312
12/28/1908,13.167312
12/29/1908,14.016816
12/30/1908,15.715824
12/31/1908,16.565328
1/1/1909,18.264336
1/2/1909,21.2376
1/3/1909,23.219776
1/4/1909,23.219776
1/5/1909,24.210864
1/6/1909,23.219776
1/7/1909,22.228688
1/8/1909,21.2376
1/9/1909,20.246512
1/10/1909,20.246512
1/11/1909,20.246512
1/12/1909,20.246512
1/13/1909,21.2376
1/14/1909,21.2376
1/15/1909,21.2376
1/16/1909,20.246512
1/17/1909,20.246512
1/18/1909,20.246512
1/19/1909,19.255424
1/20/1909,19.255424
1/21/1909,19.255424
1/22/1909,17.414832
1/23/1909,17.414832
1/24/1909,15.715824
1/25/1909,14.86632
1/26/1909,14.86632
1/27/1909,14.016816
1/28/1909,14.016816
1/29/1909,14.016816
1/30/1909,13.167312
1/31/1909,13.167312
2/1/1909,13.167312
2/2/1909,12.317808
2/3/1909,12.317808
2/4/1909,12.317808
2/5/1909,15.715824
2/6/1909,15.715824
2/7/1909,14.86632
2/8/1909,14.016816
2/9/1909,14.016816
2/10/1909,14.86632
2/11/1909,18.264336
2/12/1909,19.255424
2/13/1909,20.246512
2/14/1909,22.228688
2/15/1909,47.572224
2/16/1909,48.704896
2/17/1909,43.324704
2/18/1909,40.776192
2/19/1909,43.324704
2/20/1909,43.324704
2/21/1909,45.873216
2/22/1909,48.704896
2/23/1909,51.536576
2/24/1909,51.536576
2/25/1909,48.704896
2/26/1909,45.873216
2/27/1909,41.908864
2/28/1909,39.64352
3/1/1909,36.81184
3/2/1909,33.413824
3/3/1909,32.281152
3/4/1909,31.14848
3/5/1909,30.015808
3/6/1909,29.166304
3/7/1909,28.175216
3/8/1909,27.184128
3/9/1909,25.201952
3/10/1909,23.219776
3/11/1909,22.228688
3/12/1909,20.246512
3/13/1909,19.255424
3/14/1909,22.228688
3/15/1909,32.281152
3/16/1909,35.679168
3/17/1909,35.679168
3/18/1909,35.679168
3/19/1909,35.679168
3/20/1909,35.679168
3/21/1909,34.546496
3/22/1909,32.281152
3/23/1909,31.14848
3/24/1909,31.14848
3/25/1909,31.14848
3/26/1909,31.14848
3/27/1909,29.166304
3/28/1909,29.166304
3/29/1909,29.166304
3/30/1909,29.166304
3/31/1909,28.175216
4/1/1909,28.175216
4/2/1909,27.184128
4/3/1909,26.19304
4/4/1909,23.219776
4/5/1909,21.2376
4/6/1909,19.255424
4/7/1909,18.264336
4/8/1909,18.264336
4/9/1909,17.414832
4/10/1909,15.715824
4/11/1909,14.016816
4/12/1909,13.167312
4/13/1909,17.414832
4/14/1909,15.715824
4/15/1909,15.715824
4/16/1909,21.2376
4/17/1909,23.219776
4/18/1909,22.228688
4/19/1909,22.228688
4/20/1909,21.2376
4/21/1909,18.264336
4/22/1909,18.264336
4/23/1909,15.715824
4/24/1909,14.016816
4/25/1909,14.016816
4/26/1909,14.016816
4/27/1909,21.2376
4/28/1909,21.2376
4/29/1909,19.255424
4/30/1909,21.2376
5/1/1909,26.19304
5/2/1909,30.015808
5/3/1909,33.413824
5/4/1909,34.546496
5/5/1909,32.281152
5/6/1909,27.184128
5/7/1909,22.228688
5/8/1909,18.264336
5/9/1909,15.715824
5/10/1909,13.167312
5/11/1909,11.468304
5/12/1909,10.6188
5/13/1909,8.919792
5/14/1909,8.070288
5/15/1909,7.2491008
5/16/1909,17.414832
5/17/1909,19.255424
5/18/1909,16.565328
5/19/1909,16.565328
5/20/1909,14.86632
5/21/1909,13.167312
5/22/1909,16.565328
5/23/1909,15.715824
5/24/1909,13.167312
5/25/1909,8.070288
5/26/1909,24.210864
5/27/1909,30.015808
5/28/1909,61.730624
5/29/1909,72.774176
5/30/1909,58.898944
5/31/1909,58.898944
6/1/1909,54.368256
6/2/1909,104.205824
6/3/1909,109.302848
6/4/1909,111.001856
6/5/1909,102.506816
6/6/1909,100.807808
6/7/1909,77.588032
6/8/1909,67.96032
6/9/1909,57.199936
6/10/1909,40.776192
6/11/1909,38.22768
6/12/1909,25.201952
6/13/1909,18.264336
6/14/1909,14.016816
6/15/1909,13.167312
6/16/1909,12.317808
6/17/1909,12.317808
6/18/1909,17.414832
6/19/1909,17.414832
6/20/1909,14.86632
6/21/1909,13.167312
6/22/1909,11.468304
6/23/1909,8.919792
6/24/1909,13.167312
6/25/1909,16.565328
6/26/1909,15.715824
6/27/1909,14.86632
6/28/1909,14.86632
6/29/1909,13.167312
6/30/1909,11.468304
7/1/1909,12.317808
7/2/1909,8.919792
7/3/1909,8.919792
7/4/1909,5.8898944
7/5/1909,4.2758368
7/6/1909,4.2758368
7/7/1909,3.822768
7/8/1909,3.822768
7/9/1909,3.3696992
7/10/1909,3.3696992
7/11/1909,1.8972256
7/12/1909,1.8972256
7/13/1909,1.8972256
7/14/1909,1.8972256
7/15/1909,1.8972256
7/16/1909,1.8972256
7/17/1909,1.8972256
7/18/1909,1.8972256
7/19/1909,1.8972256
7/20/1909,1.8972256
7/21/1909,1.8972256
7/22/1909,1.8972256
7/23/1909,1.8972256
7/24/1909,1.8972256
7/25/1909,5.3235584
7/26/1909,15.715824
7/27/1909,21.2376
7/28/1909,21.2376
7/29/1909,20.246512
7/30/1909,15.715824
7/31/1909,8.919792
8/1/1909,8.919792
8/2/1909,7.2491008
8/3/1909,5.8898944
8/4/1909,4.7855392
8/5/1909,3.822768
8/6/1909,1.3308896
8/7/1909,1.3308896
8/8/1909,1.3308896
8/9/1909,1.3308896
8/10/1909,1.3308896
8/11/1909,1.3308896
8/12/1909,1.3308896
8/13/1909,1.3308896
8/14/1909,1.3308896
8/15/1909,1.3308896
8/16/1909,1.3308896
8/17/1909,1.3308896
8/18/1909,1.3308896
8/19/1909,1.3308896
8/20/1909,1.3308896
8/21/1909,1.3308896
8/22/1909,1.3308896
8/23/1909,1.3308896
8/24/1909,1.3308896
8/25/1909,1.3308896
8/26/1909,1.3308896
8/27/1909,1.3308896
8/28/1909,1.3308896
8/29/1909,1.3308896
8/30/1909,1.3308896
8/31/1909,1.3308896
9/1/1909,0.8211872
9/2/1909,0.8211872
9/3/1909,0.8211872
9/4/1909,0.8211872
9/5/1909,0.8211872
9/6/1909,0.8211872
9/7/1909,0.8211872
9/8/1909,0.8211872
9/9/1909,0.8211872
9/10/1909,0.8211872
9/11/1909,0.8211872
9/12/1909,0.8211872
9/13/1909,0.8211872
9/14/1909,0.8211872
9/15/1909,0.8211872
9/16/1909,0.8211872
9/17/1909,0.8211872
9/18/1909,0.8211872
9/19/1909,0.8211872
9/20/1909,0.8211872
9/21/1909,0.8211872
9/22/1909,0.8211872
9/23/1909,0.8211872
9/24/1909,0.8211872
9/25/1909,0.8211872
9/26/1909,0.8211872
9/27/1909,0.8211872
9/28/1909,0.8211872
9/29/1909,0.8211872
9/30/1909,0.8211872
10/1/1909,0.8211872
10/2/1909,0.8211872
10/3/1909,0.8211872
10/4/1909,0.8211872
10/5/1909,0.8211872
10/6/1909,0.8211872
10/7/1909,0.8211872
10/8/1909,0.8211872
10/9/1909,0.8211872
10/10/1909,0.8211872
10/11/1909,0.8211872
10/12/1909,13.167312
10/13/1909,12.317808
10/14/1909,8.919792
10/15/1909,8.070288
10/16/1909,7.2491008
10/17/1909,5.3235584
10/18/1909,3.822768
10/19/1909,3.822768
10/20/1909,3.822768
10/21/1909,3.822768
10/22/1909,6.512864
10/23/1909,5.8898944
10/24/1909,5.8898944
10/25/1909,5.3235584
10/26/1909,5.3235584
10/27/1909,4.7855392
10/28/1909,4.2758368
10/29/1909,3.3696992
10/30/1909,2.9449472
10/31/1909,2.9449472
11/1/1909,1.6140576
11/2/1909,1.6140576
11/3/1909,1.6140576
11/4/1909,1.6140576
11/5/1909,1.6140576
11/6/1909,1.6140576
11/7/1909,1.6140576
11/8/1909,1.6140576
11/9/1909,1.6140576
11/10/1909,1.6140576
11/11/1909,1.6140576
11/12/1909,1.6140576
11/13/1909,1.6140576
11/14/1909,1.6140576
11/15/1909,1.6140576
11/16/1909,1.6140576
11/17/1909,1.6140576
11/18/1909,1.6140576
11/19/1909,1.6140576
11/20/1909,1.6140576
11/21/1909,1.6140576
11/22/1909,1.6140576
11/23/1909,1.6140576
11/24/1909,1.6140576
11/25/1909,1.6140576
11/26/1909,1.6140576
11/27/1909,1.6140576
11/28/1909,1.6140576
11/29/1909,1.6140576
11/30/1909,1.6140576
12/1/1909,0.8211872
12/2/1909,0.8211872
12/3/1909,0.8211872
12/4/1909,0.8211872
12/5/1909,0.8211872
12/6/1909,0.8211872
12/7/1909,0.8211872
12/8/1909,0.8211872
12/9/1909,0.8211872
12/10/1909,0.8211872
12/11/1909,0.8211872
12/12/1909,13.167312
12/13/1909,23.219776
12/14/1909,30.015808
12/15/1909,27.184128
12/16/1909,25.201952
12/17/1909,22.228688
12/18/1909,19.255424
12/19/1909,17.414832
12/20/1909,17.414832
12/21/1909,17.414832
12/22/1909,19.255424
12/23/1909,17.414832
12/24/1909,17.414832
12/25/1909,20.246512
12/26/1909,27.184128
12/27/1909,32.281152
12/28/1909,32.281152
12/29/1909,31.14848
12/30/1909,29.166304
12/31/1909,27.184128
1/1/1910,23.219776
1/2/1910,19.255424
1/3/1910,17.414832
1/4/1910,17.414832
1/5/1910,18.264336
1/6/1910,32.281152
1/7/1910,32.281152
1/8/1910,28.175216
1/9/1910,25.201952
1/10/1910,22.228688
1/11/1910,19.255424
1/12/1910,17.414832
1/13/1910,17.414832
1/14/1910,17.414832
1/15/1910,17.414832
1/16/1910,15.715824
1/17/1910,14.86632
1/18/1910,14.86632
1/19/1910,13.167312
1/20/1910,13.167312
1/21/1910,13.167312
1/22/1910,13.167312
1/23/1910,12.317808
1/24/1910,11.468304
1/25/1910,11.468304
1/26/1910,11.468304
1/27/1910,10.6188
1/28/1910,10.6188
1/29/1910,10.6188
1/30/1910,9.769296
1/31/1910,9.769296
2/1/1910,9.769296
2/2/1910,9.769296
2/3/1910,16.565328
2/4/1910,38.22768
2/5/1910,90.61376
2/6/1910,109.302848
2/7/1910,109.302848
2/8/1910,121.195904
2/9/1910,161.40576
2/10/1910,189.72256
2/11/1910,205.579968
2/12/1910,199.63344
2/13/1910,183.776032
2/14/1910,161.40576
2/15/1910,122.894912
2/16/1910,58.898944
2/17/1910,44.740544
2/18/1910,28.175216
2/19/1910,26.19304
2/20/1910,25.201952
2/21/1910,24.210864
2/22/1910,23.219776
2/23/1910,22.228688
2/24/1910,26.19304
2/25/1910,30.015808
2/26/1910,33.413824
2/27/1910,44.740544
2/28/1910,63.429632
3/1/1910,82.11872
3/2/1910,94.011776
3/3/1910,104.205824
3/4/1910,107.60384
3/5/1910,107.60384
3/6/1910,104.205824
3/7/1910,102.506816
3/8/1910,95.710784
3/9/1910,77.588032
3/10/1910,54.368256
3/11/1910,61.730624
3/12/1910,57.199936
3/13/1910,44.740544
3/14/1910,38.22768
3/15/1910,35.679168
3/16/1910,35.679168
3/17/1910,35.679168
3/18/1910,32.281152
3/19/1910,31.14848
3/20/1910,30.015808
3/21/1910,32.281152
3/22/1910,33.413824
3/23/1910,34.546496
3/24/1910,36.81184
3/25/1910,35.679168
3/26/1910,31.14848
3/27/1910,27.184128
3/28/1910,22.228688
3/29/1910,21.2376
3/30/1910,19.255424
3/31/1910,18.264336
4/1/1910,17.414832
4/2/1910,16.565328
4/3/1910,16.565328
4/4/1910,15.715824
4/5/1910,14.86632
4/6/1910,16.565328
4/7/1910,20.246512
4/8/1910,27.184128
4/9/1910,34.546496
4/10/1910,44.740544
4/11/1910,58.898944
4/12/1910,74.190016
4/13/1910,88.914752
4/14/1910,100.807808
4/15/1910,109.302848
4/16/1910,128.275104
4/17/1910,128.275104
4/18/1910,114.399872
4/19/1910,100.807808
4/20/1910,90.61376
4/21/1910,90.61376
4/22/1910,100.807808
4/23/1910,116.09888
4/24/1910,130.25728
4/25/1910,137.619648
4/26/1910,133.655296
4/27/1910,122.894912
4/28/1910,105.904832
4/29/1910,90.61376
4/30/1910,80.419712
5/1/1910,74.190016
5/2/1910,67.96032
5/3/1910,61.730624
5/4/1910,57.199936
5/5/1910,50.403904
5/6/1910,39.64352
5/7/1910,26.19304
5/8/1910,18.264336
5/9/1910,14.016816
5/10/1910,13.167312
5/11/1910,10.6188
5/12/1910,10.6188
5/13/1910,8.919792
5/14/1910,8.919792
5/15/1910,8.919792
5/16/1910,6.512864
5/17/1910,5.3235584
5/18/1910,5.3235584
5/19/1910,4.7855392
5/20/1910,17.414832
5/21/1910,44.740544
5/22/1910,60.314784
5/23/1910,97.409792
5/24/1910,111.001856
5/25/1910,104.205824
5/26/1910,119.496896
5/27/1910,141.017664
5/28/1910,150.362208
5/29/1910,152.344384
5/30/1910,150.362208
5/31/1910,142.99984
6/1/1910,139.318656
6/2/1910,133.655296
6/3/1910,116.09888
6/4/1910,100.807808
6/5/1910,107.60384
6/6/1910,100.807808
6/7/1910,80.419712
6/8/1910,67.96032
6/9/1910,58.898944
6/10/1910,51.536576
6/11/1910,32.281152
6/12/1910,32.281152
6/13/1910,24.210864
6/14/1910,22.228688
6/15/1910,20.246512
6/16/1910,18.264336
6/17/1910,17.414832
6/18/1910,14.86632
6/19/1910,13.167312
6/20/1910,10.6188
6/21/1910,8.919792
6/22/1910,8.070288
6/23/1910,6.512864
6/24/1910,11.468304
6/25/1910,8.919792
6/26/1910,8.070288
6/27/1910,7.2491008
6/28/1910,8.919792
6/29/1910,7.2491008
6/30/1910,6.512864
7/1/1910,5.3235584
7/2/1910,4.7855392
7/3/1910,8.070288
7/4/1910,10.6188
7/5/1910,11.468304
7/6/1910,13.167312
7/7/1910,13.167312
7/8/1910,10.6188
7/9/1910,14.016816
7/10/1910,16.565328
7/11/1910,16.565328
7/12/1910,14.86632
7/13/1910,13.167312
7/14/1910,9.769296
7/15/1910,8.919792
7/16/1910,8.919792
7/17/1910,6.512864
7/18/1910,5.8898944
7/19/1910,5.3235584
7/20/1910,5.3235584
7/21/1910,4.2758368
7/22/1910,3.3696992
7/23/1910,2.5768288
7/24/1910,2.5768288
7/25/1910,2.5768288
7/26/1910,2.5768288
7/27/1910,2.5768288
7/28/1910,2.5768288
7/29/1910,2.5768288
7/30/1910,2.5768288
7/31/1910,2.5768288
8/1/1910,1.8972256
8/2/1910,1.8972256
8/3/1910,1.8972256
8/4/1910,1.8972256
8/5/1910,1.8972256
8/6/1910,1.8972256
8/7/1910,1.8972256
8/8/1910,1.8972256
8/9/1910,1.8972256
8/10/1910,1.8972256
8/11/1910,1.8972256
8/12/1910,1.8972256
8/13/1910,1.8972256
8/14/1910,1.8972256
8/15/1910,1.8972256
8/16/1910,1.8972256
8/17/1910,1.8972256
8/18/1910,1.8972256
8/19/1910,1.8972256
8/20/1910,1.8972256
8/21/1910,1.8972256
8/22/1910,1.8972256
8/23/1910,1.8972256
8/24/1910,1.8972256
8/25/1910,1.8972256
8/26/1910,1.8972256
8/27/1910,1.8972256
8/28/1910,1.8972256
8/29/1910,1.8972256
8/30/1910,1.8972256
8/31/1910,1.8972256
9/1/1910,1.3308896
9/2/1910,1.3308896
9/3/1910,1.3308896
9/4/1910,1.3308896
9/5/1910,1.3308896
9/6/1910,1.3308896
9/7/1910,1.3308896
9/8/1910,1.3308896
9/9/1910,1.3308896
9/10/1910,1.3308896
9/11/1910,1.3308896
9/12/1910,1.3308896
9/13/1910,1.3308896
9/14/1910,1.3308896
9/15/1910,1.3308896
9/16/1910,1.3308896
9/17/1910,1.3308896
9/18/1910,1.3308896
9/19/1910,1.3308896
9/20/1910,1.3308896
9/21/1910,1.3308896
9/22/1910,1.3308896
9/23/1910,1.3308896
9/24/1910,1.3308896
9/25/1910,1.3308896
9/26/1910,1.3308896
9/27/1910,1.3308896
9/28/1910,1.3308896
9/29/1910,1.3308896
9/30/1910,1.3308896
10/1/1910,0.8211872
10/2/1910,0.8211872
10/3/1910,0.8211872
10/4/1910,0.8211872
10/5/1910,0.8211872
10/6/1910,0.8211872
10/7/1910,0.8211872
10/8/1910,0.8211872
10/9/1910,0.8211872
10/10/1910,0.8211872
10/11/1910,0.8211872
10/12/1910,0.8211872
10/13/1910,0.8211872
10/14/1910,0.8211872
10/15/1910,0.8211872
10/16/1910,0.8211872
10/17/1910,0.8211872
10/18/1910,0.8211872
10/19/1910,0.8211872
10/20/1910,0.8211872
10/21/1910,0.8211872
10/22/1910,0.8211872
10/23/1910,0.8211872
10/24/1910,0.8211872
10/25/1910,0.8211872
10/26/1910,0.8211872
10/27/1910,0.8211872
10/28/1910,0.8211872
10/29/1910,0.8211872
10/30/1910,0.8211872
10/31/1910,0.8211872
11/1/1910,0.3398016
11/2/1910,0.3398016
11/3/1910,0.3398016
11/4/1910,0.3398016
11/5/1910,0.3398016
11/6/1910,0.3398016
11/7/1910,0.3398016
11/8/1910,0.3398016
11/9/1910,0.3398016
11/10/1910,0.3398016
11/11/1910,0.3398016
11/12/1910,0.3398016
11/13/1910,0.3398016
11/14/1910,0.3398016
11/15/1910,0.3398016
11/16/1910,0.3398016
11/17/1910,0.3398016
11/18/1910,0.3398016
11/19/1910,0.3398016
11/20/1910,0.3398016
11/21/1910,0.3398016
11/22/1910,0.3398016
11/23/1910,0.3398016
11/24/1910,0.3398016
11/25/1910,0.3398016
11/26/1910,0.3398016
11/27/1910,0.3398016
11/28/1910,0.3398016
11/29/1910,0.3398016
11/30/1910,0.3398016
12/1/1910,0.2548512
12/2/1910,0.2548512
12/3/1910,0.2548512
12/4/1910,0.2548512
12/5/1910,0.2548512
12/6/1910,0.2548512
12/7/1910,0.2548512
12/8/1910,0.2548512
12/9/1910,0.2548512
12/10/1910,0.2548512
12/11/1910,0.2548512
12/12/1910,0.2548512
12/13/1910,0.2548512
12/14/1910,0.2548512
12/15/1910,0.2548512
12/16/1910,0.2548512
12/17/1910,0.2548512
12/18/1910,0.2548512
12/19/1910,0.2548512
12/20/1910,0.2548512
12/21/1910,0.2548512
12/22/1910,0.2548512
12/23/1910,10.6188
12/24/1910,9.769296
12/25/1910,9.769296
12/26/1910,9.769296
12/27/1910,8.919792
12/28/1910,8.919792
12/29/1910,8.919792
12/30/1910,8.070288
12/31/1910,8.070288
1/1/1911,8.49504
1/2/1911,8.49504
1/3/1911,8.49504
1/4/1911,8.49504
1/5/1911,8.49504
1/6/1911,8.49504
1/7/1911,8.49504
1/8/1911,8.49504
1/9/1911,8.49504
1/10/1911,8.49504
1/11/1911,8.49504
1/12/1911,8.49504
1/13/1911,8.49504
1/14/1911,8.49504
1/15/1911,8.49504
1/16/1911,8.49504
1/17/1911,8.49504
1/18/1911,8.49504
1/19/1911,8.49504
1/20/1911,8.49504
1/21/1911,8.49504
1/22/1911,8.49504
1/23/1911,8.49504
1/24/1911,8.49504
1/25/1911,8.49504
1/26/1911,8.49504
1/27/1911,8.49504
1/28/1911,8.49504
1/29/1911,8.49504
1/30/1911,8.49504
1/31/1911,8.49504
2/1/1911,11.32672
2/2/1911,11.32672
2/3/1911,11.32672
2/4/1911,11.32672
2/5/1911,11.32672
2/6/1911,11.32672
2/7/1911,11.32672
2/8/1911,11.32672
2/9/1911,11.32672
2/10/1911,11.32672
2/11/1911,11.32672
2/12/1911,11.32672
2/13/1911,11.32672
2/14/1911,11.32672
2/15/1911,11.32672
2/16/1911,11.32672
2/17/1911,11.32672
2/18/1911,11.32672
2/19/1911,11.32672
2/20/1911,11.32672
2/21/1911,11.32672
2/22/1911,11.32672
2/23/1911,11.32672
2/24/1911,11.32672
2/25/1911,11.32672
2/26/1911,11.32672
2/27/1911,11.32672
2/28/1911,11.32672
3/1/1911,13.167312
3/2/1911,14.016816
3/3/1911,14.016816
3/4/1911,14.016816
3/5/1911,14.016816
3/6/1911,14.016816
3/7/1911,14.016816
3/8/1911,14.016816
3/9/1911,14.86632
3/10/1911,14.86632
3/11/1911,15.715824
3/12/1911,15.715824
3/13/1911,14.86632
3/14/1911,14.86632
3/15/1911,14.016816
3/16/1911,12.317808
3/17/1911,11.468304
3/18/1911,10.6188
3/19/1911,7.2491008
3/20/1911,13.167312
3/21/1911,12.317808
3/22/1911,15.715824
3/23/1911,17.414832
3/24/1911,22.228688
3/25/1911,48.704896
3/26/1911,48.704896
3/27/1911,35.679168
3/28/1911,35.679168
3/29/1911,33.413824
3/30/1911,32.281152
3/31/1911,32.281152
4/1/1911,32.281152
4/2/1911,31.14848
4/3/1911,31.14848
4/4/1911,45.873216
4/5/1911,74.190016
4/6/1911,90.61376
4/7/1911,75.889024
4/8/1911,63.429632
4/9/1911,66.54448
4/10/1911,82.11872
4/11/1911,99.1088
4/12/1911,100.807808
4/13/1911,99.1088
4/14/1911,99.1088
4/15/1911,99.1088
4/16/1911,95.710784
4/17/1911,92.312768
4/18/1911,75.889024
4/19/1911,116.09888
4/20/1911,126.292928
4/21/1911,144.982016
4/22/1911,146.681024
4/23/1911,150.362208
4/24/1911,165.086944
4/25/1911,167.06912
4/26/1911,170.467136
4/27/1911,211.526496
4/28/1911,249.18784
4/29/1911,270.991776
4/30/1911,294.49472
5/1/1911,291.66304
5/2/1911,305.82144
5/3/1911,297.3264
5/4/1911,285.99968
5/5/1911,280.902656
5/6/1911,245.223488
5/7/1911,225.401728
5/8/1911,209.54432
5/9/1911,205.579968
5/10/1911,193.686912
5/11/1911,189.72256
5/12/1911,209.54432
5/13/1911,170.467136
5/14/1911,116.09888
5/15/1911,99.1088
5/16/1911,82.11872
5/17/1911,58.898944
5/18/1911,27.184128
5/19/1911,22.228688
5/20/1911,17.414832
5/21/1911,13.167312
5/22/1911,12.317808
5/23/1911,11.468304
5/24/1911,10.6188
5/25/1911,8.919792
5/26/1911,8.070288
5/27/1911,7.2491008
5/28/1911,7.2491008
5/29/1911,6.512864
5/30/1911,6.512864
5/31/1911,5.8898944
6/1/1911,4.24752
6/2/1911,4.24752
6/3/1911,4.24752
6/4/1911,4.24752
6/5/1911,4.24752
6/6/1911,4.24752
6/7/1911,4.24752
6/8/1911,4.24752
6/9/1911,4.24752
6/10/1911,4.24752
6/11/1911,4.24752
6/12/1911,4.24752
6/13/1911,4.24752
6/14/1911,4.24752
6/15/1911,4.24752
6/16/1911,4.24752
6/17/1911,4.24752
6/18/1911,4.24752
6/19/1911,4.24752
6/20/1911,4.24752
6/21/1911,4.24752
6/22/1911,4.24752
6/23/1911,4.24752
6/24/1911,4.24752
6/25/1911,4.24752
6/26/1911,4.24752
6/27/1911,4.24752
6/28/1911,4.24752
6/29/1911,4.24752
6/30/1911,4.24752
7/1/1911,5.3235584
7/2/1911,4.7855392
7/3/1911,4.2758368
7/4/1911,4.2758368
7/5/1911,4.2758368
7/6/1911,4.7855392
7/7/1911,5.8898944
7/8/1911,7.2491008
7/9/1911,11.468304
7/10/1911,8.919792
7/11/1911,8.919792
7/12/1911,13.167312
7/13/1911,14.016816
7/14/1911,27.184128
7/15/1911,18.264336
7/16/1911,14.016816
7/17/1911,33.413824
7/18/1911,95.710784
7/19/1911,60.314784
7/20/1911,56.067264
7/21/1911,43.324704
7/22/1911,27.184128
7/23/1911,26.19304
7/24/1911,25.201952
7/25/1911,17.414832
7/26/1911,13.167312
7/27/1911,8.919792
7/28/1911,8.070288
7/29/1911,7.2491008
7/30/1911,6.512864
7/31/1911,5.8898944
8/1/1911,5.8898944
8/2/1911,6.512864
8/3/1911,7.2491008
8/4/1911,8.070288
8/5/1911,8.919792
8/6/1911,8.919792
8/7/1911,7.2491008
8/8/1911,5.8898944
8/9/1911,5.8898944
8/10/1911,5.8898944
8/11/1911,5.8898944
8/12/1911,5.8898944
8/13/1911,5.8898944
8/14/1911,5.8898944
8/15/1911,6.512864
8/16/1911,7.2491008
8/17/1911,8.919792
8/18/1911,8.919792
8/19/1911,27.184128
8/20/1911,27.184128
8/21/1911,17.414832
8/22/1911,8.919792
8/23/1911,8.070288
8/24/1911,7.2491008
8/25/1911,5.8898944
8/26/1911,5.8898944
8/27/1911,5.8898944
8/28/1911,5.8898944
8/29/1911,8.070288
8/30/1911,38.22768
8/31/1911,38.22768
9/1/1911,2.83168
9/2/1911,2.83168
9/3/1911,2.83168
9/4/1911,2.83168
9/5/1911,2.83168
9/6/1911,2.83168
9/7/1911,2.83168
9/8/1911,2.83168
9/9/1911,2.83168
9/10/1911,2.83168
9/11/1911,2.83168
9/12/1911,2.83168
9/13/1911,2.83168
9/14/1911,2.83168
9/15/1911,2.83168
9/16/1911,2.83168
9/17/1911,2.83168
9/18/1911,2.83168
9/19/1911,2.83168
9/20/1911,2.83168
9/21/1911,2.83168
9/22/1911,2.83168
9/23/1911,2.83168
9/24/1911,2.83168
9/25/1911,2.83168
9/26/1911,2.83168
9/27/1911,2.83168
9/28/1911,2.83168
9/29/1911,2.83168
9/30/1911,2.83168
10/1/1911,1.699008
10/2/1911,1.699008
10/3/1911,1.699008
10/4/1911,1.699008
10/5/1911,1.699008
10/6/1911,1.699008
10/7/1911,1.699008
10/8/1911,1.699008
10/9/1911,1.699008
10/10/1911,1.699008
10/11/1911,1.699008
10/12/1911,1.699008
10/13/1911,1.699008
10/14/1911,1.699008
10/15/1911,1.699008
10/16/1911,1.699008
10/17/1911,1.699008
10/18/1911,1.699008
10/19/1911,1.699008
10/20/1911,1.699008
10/21/1911,1.699008
10/22/1911,1.699008
10/23/1911,1.699008
10/24/1911,1.699008
10/25/1911,1.699008
10/26/1911,1.699008
10/27/1911,1.699008
10/28/1911,1.699008
10/29/1911,1.699008
10/30/1911,1.699008
10/31/1911,1.699008
11/1/1911,0.566336
11/2/1911,0.566336
11/3/1911,0.566336
11/4/1911,0.566336
11/5/1911,0.566336
11/6/1911,0.566336
11/7/1911,0.566336
11/8/1911,0.566336
11/9/1911,0.566336
11/10/1911,0.566336
11/11/1911,0.566336
11/12/1911,0.566336
11/13/1911,0.566336
11/14/1911,0.566336
11/15/1911,0.566336
11/16/1911,0.566336
11/17/1911,0.566336
11/18/1911,0.566336
11/19/1911,0.566336
11/20/1911,0.566336
11/21/1911,0.566336
11/22/1911,0.566336
11/23/1911,8.919792
11/24/1911,17.414832
11/25/1911,17.414832
11/26/1911,27.184128
11/27/1911,27.184128
11/28/1911,27.184128
11/29/1911,17.414832
11/30/1911,8.919792
12/1/1911,17.414832
12/2/1911,17.414832
12/3/1911,8.919792
12/4/1911,8.919792
12/5/1911,8.919792
12/6/1911,8.919792
12/7/1911,8.919792
12/8/1911,8.919792
12/9/1911,17.414832
12/10/1911,51.536576
12/11/1911,51.536576
12/12/1911,82.11872
12/13/1911,66.54448
12/14/1911,170.467136
12/15/1911,189.72256
12/16/1911,152.344384
12/17/1911,152.344384
12/18/1911,152.344384
12/19/1911,133.655296
12/20/1911,152.344384
12/21/1911,170.467136
12/22/1911,170.467136
12/23/1911,170.467136
12/24/1911,170.467136
12/25/1911,170.467136
12/26/1911,170.467136
12/27/1911,170.467136
12/28/1911,170.467136
12/29/1911,189.72256
12/30/1911,229.36608
12/31/1911,288.83136
1/1/1912,288.83136
1/2/1912,288.83136
1/3/1912,288.83136
1/4/1912,288.83136
1/5/1912,288.83136
1/6/1912,269.0096
1/7/1912,269.0096
1/8/1912,249.18784
1/9/1912,229.36608
1/10/1912,189.72256
1/11/1912,152.344384
1/12/1912,133.655296
1/13/1912,116.09888
1/14/1912,99.1088
1/15/1912,82.11872
1/16/1912,66.54448
1/17/1912,51.536576
1/18/1912,38.22768
1/19/1912,38.22768
1/20/1912,51.536576
1/21/1912,51.536576
1/22/1912,51.536576
1/23/1912,38.22768
1/24/1912,38.22768
1/25/1912,38.22768
1/26/1912,27.184128
1/27/1912,27.184128
1/28/1912,27.184128
1/29/1912,38.22768
1/30/1912,51.536576
1/31/1912,51.536576
2/1/1912,51.536576
2/2/1912,51.536576
2/3/1912,38.22768
2/4/1912,38.22768
2/5/1912,38.22768
2/6/1912,27.184128
2/7/1912,17.414832
2/8/1912,17.414832
2/9/1912,17.414832
2/10/1912,17.414832
2/11/1912,17.414832
2/12/1912,17.414832
2/13/1912,8.919792
2/14/1912,17.414832
2/15/1912,17.414832
2/16/1912,51.536576
2/17/1912,66.54448
2/18/1912,66.54448
2/19/1912,66.54448
2/20/1912,66.54448
2/21/1912,82.11872
2/22/1912,82.11872
2/23/1912,27.184128
2/24/1912,27.184128
2/25/1912,27.184128
2/26/1912,27.184128
2/27/1912,27.184128
2/28/1912,38.22768
2/29/1912,38.22768
3/1/1912,51.536576
3/2/1912,38.22768
3/3/1912,27.184128
3/4/1912,27.184128
3/5/1912,66.54448
3/6/1912,99.1088
3/7/1912,116.09888
3/8/1912,133.655296
3/9/1912,133.655296
3/10/1912,116.09888
3/11/1912,116.09888
3/12/1912,133.655296
3/13/1912,152.344384
3/14/1912,133.655296
3/15/1912,152.344384
3/16/1912,133.655296
3/17/1912,133.655296
3/18/1912,133.655296
3/19/1912,116.09888
3/20/1912,99.1088
3/21/1912,99.1088
3/22/1912,133.655296
3/23/1912,133.655296
3/24/1912,189.72256
3/25/1912,189.72256
3/26/1912,189.72256
3/27/1912,209.54432
3/28/1912,249.18784
3/29/1912,288.83136
3/30/1912,311.4848
3/31/1912,311.4848
4/1/1912,288.83136
4/2/1912,269.0096
4/3/1912,269.0096
4/4/1912,249.18784
4/5/1912,229.36608
4/6/1912,189.72256
4/7/1912,229.36608
4/8/1912,209.54432
4/9/1912,170.467136
4/10/1912,189.72256
4/11/1912,189.72256
4/12/1912,189.72256
4/13/1912,189.72256
4/14/1912,189.72256
4/15/1912,170.467136
4/16/1912,152.344384
4/17/1912,170.467136
4/18/1912,209.54432
4/19/1912,229.36608
4/20/1912,229.36608
4/21/1912,209.54432
4/22/1912,209.54432
4/23/1912,209.54432
4/24/1912,189.72256
4/25/1912,170.467136
4/26/1912,152.344384
4/27/1912,133.655296
4/28/1912,116.09888
4/29/1912,152.344384
4/30/1912,170.467136
5/1/1912,152.344384
5/2/1912,133.655296
5/3/1912,152.344384
5/4/1912,170.467136
5/5/1912,170.467136
5/6/1912,189.72256
5/7/1912,189.72256
5/8/1912,170.467136
5/9/1912,152.344384
5/10/1912,133.655296
5/11/1912,170.467136
5/12/1912,152.344384
5/13/1912,133.655296
5/14/1912,116.09888
5/15/1912,99.1088
5/16/1912,99.1088
5/17/1912,116.09888
5/18/1912,116.09888
5/19/1912,116.09888
5/20/1912,99.1088
5/21/1912,82.11872
5/22/1912,82.11872
5/23/1912,66.54448
5/24/1912,51.536576
5/25/1912,51.536576
5/26/1912,38.22768
5/27/1912,27.184128
5/28/1912,27.184128
5/29/1912,17.414832
5/30/1912,17.414832
5/31/1912,17.414832
6/1/1912,17.414832
6/2/1912,8.919792
6/3/1912,17.414832
6/4/1912,27.184128
6/5/1912,51.536576
6/6/1912,51.536576
6/7/1912,38.22768
6/8/1912,27.184128
6/9/1912,27.184128
6/10/1912,27.184128
6/11/1912,27.184128
6/12/1912,38.22768
6/13/1912,27.184128
6/14/1912,17.414832
6/15/1912,17.414832
6/16/1912,17.414832
6/17/1912,17.414832
6/18/1912,17.414832
6/19/1912,27.184128
6/20/1912,17.414832
6/21/1912,8.919792
6/22/1912,8.919792
6/23/1912,8.919792
6/24/1912,8.919792
6/25/1912,17.414832
6/26/1912,27.184128
6/27/1912,17.414832
6/28/1912,8.919792
6/29/1912,8.919792
6/30/1912,8.919792
7/1/1912,17.414832
7/2/1912,27.184128
7/3/1912,27.184128
7/4/1912,27.184128
7/5/1912,17.414832
7/6/1912,17.414832
7/7/1912,17.414832
7/8/1912,17.414832
7/9/1912,27.184128
7/10/1912,27.184128
7/11/1912,38.22768
7/12/1912,17.414832
7/13/1912,17.414832
7/14/1912,8.919792
7/15/1912,8.919792
7/16/1912,8.919792
7/17/1912,8.919792
7/18/1912,8.919792
7/19/1912,8.919792
7/20/1912,8.919792
7/21/1912,8.919792
7/22/1912,8.919792
7/23/1912,8.919792
7/24/1912,8.919792
7/25/1912,17.414832
7/26/1912,8.919792
7/27/1912,8.919792
7/28/1912,8.919792
7/29/1912,8.919792
7/30/1912,8.919792
7/31/1912,8.919792
8/1/1912,8.919792
8/2/1912,8.919792
8/3/1912,8.919792
8/4/1912,8.919792
8/5/1912,8.919792
8/6/1912,8.919792
8/7/1912,8.919792
8/8/1912,17.414832
8/9/1912,17.414832
8/10/1912,8.919792
8/11/1912,8.919792
8/12/1912,8.919792
8/13/1912,8.919792
8/14/1912,8.919792
8/15/1912,8.919792
8/16/1912,8.919792
8/17/1912,8.919792
8/18/1912,8.919792
8/19/1912,8.919792
8/20/1912,8.919792
8/21/1912,8.919792
8/22/1912,8.070288
8/23/1912,8.070288
8/24/1912,8.070288
8/25/1912,8.919792
8/26/1912,8.919792
8/27/1912,8.919792
8/28/1912,8.919792
8/29/1912,8.919792
8/30/1912,8.070288
8/31/1912,8.070288
9/1/1912,7.0792
9/2/1912,7.0792
9/3/1912,7.0792
9/4/1912,7.0792
9/5/1912,7.0792
9/6/1912,7.0792
9/7/1912,7.0792
9/8/1912,7.0792
9/9/1912,7.0792
9/10/1912,7.0792
9/11/1912,7.0792
9/12/1912,7.0792
9/13/1912,7.0792
9/14/1912,7.0792
9/15/1912,7.0792
9/16/1912,8.919792
9/17/1912,8.919792
9/18/1912,7.0792
9/19/1912,7.0792
9/20/1912,7.0792
9/21/1912,7.0792
9/22/1912,7.0792
9/23/1912,7.0792
9/24/1912,7.0792
9/25/1912,7.0792
9/26/1912,7.0792
9/27/1912,7.0792
9/28/1912,7.0792
9/29/1912,7.0792
9/30/1912,7.0792
10/1/1912,1.982176
10/2/1912,1.982176
10/3/1912,1.98500768
10/4/1912,1.97084928
10/5/1912,1.98500768
10/6/1912,1.98500768
10/7/1912,1.98500768
10/8/1912,1.98500768
10/9/1912,1.97084928
10/10/1912,1.97084928
10/11/1912,1.98500768
10/12/1912,1.97084928
10/13/1912,1.97084928
10/14/1912,1.982176
10/15/1912,1.97084928
10/16/1912,1.98500768
10/17/1912,1.98500768
10/18/1912,1.98500768
10/19/1912,1.98500768
10/20/1912,1.98500768
10/21/1912,1.98500768
10/22/1912,1.982176
10/23/1912,1.982176
10/24/1912,1.982176
10/25/1912,1.982176
10/26/1912,1.982176
10/27/1912,1.982176
10/28/1912,1.982176
10/29/1912,1.982176
10/30/1912,1.982176
10/31/1912,1.982176
11/1/1912,1.41584
11/2/1912,1.41584
11/3/1912,1.41584
11/4/1912,1.41867168
11/5/1912,1.41584
11/6/1912,1.41867168
11/7/1912,1.40734496
11/8/1912,1.41867168
11/9/1912,1.41584
11/10/1912,1.40734496
11/11/1912,1.40734496
11/12/1912,1.41584
11/13/1912,1.41584
11/14/1912,1.42716672
11/15/1912,1.42716672
11/16/1912,1.42716672
11/17/1912,1.42716672
11/18/1912,1.41867168
11/19/1912,1.41584
11/20/1912,1.41584
11/21/1912,1.41584
11/22/1912,1.42716672
11/23/1912,1.42716672
11/24/1912,1.42716672
11/25/1912,1.42716672
11/26/1912,1.42716672
11/27/1912,1.42716672
11/28/1912,1.42716672
11/29/1912,1.42716672
11/30/1912,1.42716672
12/1/1912,8.070288
12/2/1912,8.070288
12/3/1912,8.070288
12/4/1912,8.070288
12/5/1912,8.070288
12/6/1912,8.919792
12/7/1912,8.919792
12/8/1912,8.919792
12/9/1912,8.919792
12/10/1912,8.919792
12/11/1912,8.919792
12/12/1912,8.919792
12/13/1912,8.919792
12/14/1912,8.919792
12/15/1912,8.070288
12/16/1912,8.070288
12/17/1912,8.070288
12/18/1912,8.070288
12/19/1912,8.919792
12/20/1912,8.919792
12/21/1912,8.919792
12/22/1912,8.919792
12/23/1912,17.414832
12/24/1912,27.184128
12/25/1912,17.414832
12/26/1912,17.414832
12/27/1912,17.414832
12/28/1912,8.919792
12/29/1912,8.919792
12/30/1912,17.414832
12/31/1912,17.414832
1/1/1913,8.919792
1/2/1913,8.919792
1/3/1913,8.919792
1/4/1913,8.919792
1/5/1913,8.919792
1/6/1913,8.919792
1/7/1913,8.070288
1/8/1913,8.070288
1/9/1913,8.070288
1/10/1913,7.2491008
1/11/1913,7.2491008
1/12/1913,7.2491008
1/13/1913,6.512864
1/14/1913,6.512864
1/15/1913,6.512864
1/16/1913,6.512864
1/17/1913,6.512864
1/18/1913,5.8898944
1/19/1913,5.8898944
1/20/1913,6.512864
1/21/1913,7.2491008
1/22/1913,8.070288
1/23/1913,8.070288
1/24/1913,8.919792
1/25/1913,8.919792
1/26/1913,17.414832
1/27/1913,38.22768
1/28/1913,27.184128
1/29/1913,17.414832
1/30/1913,8.919792
1/31/1913,8.919792
2/1/1913,8.919792
2/2/1913,8.919792
2/3/1913,8.919792
2/4/1913,8.919792
2/5/1913,8.919792
2/6/1913,17.414832
2/7/1913,17.414832
2/8/1913,17.414832
2/9/1913,27.184128
2/10/1913,38.22768
2/11/1913,133.655296
2/12/1913,116.09888
2/13/1913,99.1088
2/14/1913,66.54448
2/15/1913,38.22768
2/16/1913,27.184128
2/17/1913,38.22768
2/18/1913,38.22768
2/19/1913,38.22768
2/20/1913,38.22768
2/21/1913,38.22768
2/22/1913,51.536576
2/23/1913,51.536576
2/24/1913,38.22768
2/25/1913,27.184128
2/26/1913,38.22768
2/27/1913,66.54448
2/28/1913,116.09888
3/1/1913,99.1088
3/2/1913,82.11872
3/3/1913,66.54448
3/4/1913,38.22768
3/5/1913,38.22768
3/6/1913,38.22768
3/7/1913,27.184128
3/8/1913,27.184128
3/9/1913,27.184128
3/10/1913,66.54448
3/11/1913,99.1088
3/12/1913,99.1088
3/13/1913,133.655296
3/14/1913,249.18784
3/15/1913,288.83136
3/16/1913,311.4848
3/17/1913,311.4848
3/18/1913,288.83136
3/19/1913,288.83136
3/20/1913,269.0096
3/21/1913,229.36608
3/22/1913,229.36608
3/23/1913,189.72256
3/24/1913,170.467136
3/25/1913,170.467136
3/26/1913,152.344384
3/27/1913,133.655296
3/28/1913,116.09888
3/29/1913,82.11872
3/30/1913,66.54448
3/31/1913,51.536576
4/1/1913,38.22768
4/2/1913,32.281152
4/3/1913,20.246512
4/4/1913,19.255424
4/5/1913,21.2376
4/6/1913,35.679168
4/7/1913,74.190016
4/8/1913,109.302848
4/9/1913,111.001856
4/10/1913,130.25728
4/11/1913,121.195904
4/12/1913,174.431488
4/13/1913,195.669088
4/14/1913,197.651264
4/15/1913,174.431488
4/16/1913,157.724576
4/17/1913,122.894912
4/18/1913,107.60384
4/19/1913,85.516736
4/20/1913,53.235584
4/21/1913,29.166304
4/22/1913,18.264336
4/23/1913,20.246512
4/24/1913,69.659328
4/25/1913,104.205824
4/26/1913,102.506816
4/27/1913,83.817728
4/28/1913,72.774176
4/29/1913,41.908864
4/30/1913,19.255424
5/1/1913,18.264336
5/2/1913,18.264336
5/3/1913,28.175216
5/4/1913,28.175216
5/5/1913,28.175216
5/6/1913,30.015808
5/7/1913,18.264336
5/8/1913,22.228688
5/9/1913,21.2376
5/10/1913,20.246512
5/11/1913,20.246512
5/12/1913,29.166304
5/13/1913,20.246512
5/14/1913,10.6188
5/15/1913,12.317808
5/16/1913,29.166304
5/17/1913,44.740544
5/18/1913,41.908864
5/19/1913,40.776192
5/20/1913,39.64352
5/21/1913,53.235584
5/22/1913,56.067264
5/23/1913,40.776192
5/24/1913,28.175216
5/25/1913,19.255424
5/26/1913,20.246512
5/27/1913,18.264336
5/28/1913,10.6188
5/29/1913,11.468304
5/30/1913,12.317808
5/31/1913,10.6188
6/1/1913,11.468304
6/2/1913,10.6188
6/3/1913,9.769296
6/4/1913,9.769296
6/5/1913,11.468304
6/6/1913,10.6188
6/7/1913,9.769296
6/8/1913,11.468304
6/9/1913,20.246512
6/10/1913,18.264336
6/11/1913,19.255424
6/12/1913,11.468304
6/13/1913,10.6188
6/14/1913,11.468304
6/15/1913,9.769296
6/16/1913,10.6188
6/17/1913,18.264336
6/18/1913,18.264336
6/19/1913,10.6188
6/20/1913,9.769296
6/21/1913,10.6188
6/22/1913,11.468304
6/23/1913,10.6188
6/24/1913,12.317808
6/25/1913,11.468304
6/26/1913,10.6188
6/27/1913,9.769296
6/28/1913,20.246512
6/29/1913,28.175216
6/30/1913,18.264336
7/1/1913,18.264336
7/2/1913,10.6188
7/3/1913,20.246512
7/4/1913,18.264336
7/5/1913,19.255424
7/6/1913,11.468304
7/7/1913,10.6188
7/8/1913,12.317808
7/9/1913,9.769296
7/10/1913,9.769296
7/11/1913,10.6188
7/12/1913,18.264336
7/13/1913,19.255424
7/14/1913,18.264336
7/15/1913,10.6188
7/16/1913,11.468304
7/17/1913,9.769296
7/18/1913,10.6188
7/19/1913,11.468304
7/20/1913,10.6188
7/21/1913,12.317808
7/22/1913,11.468304
7/23/1913,18.264336
7/24/1913,19.255424
7/25/1913,11.468304
7/26/1913,10.6188
7/27/1913,12.317808
7/28/1913,11.468304
7/29/1913,10.6188
7/30/1913,11.468304
7/31/1913,10.6188
8/1/1913,11.468304
8/2/1913,9.769296
8/3/1913,8.919792
8/4/1913,9.769296
8/5/1913,10.6188
8/6/1913,11.468304
8/7/1913,8.919792
8/8/1913,10.6188
8/9/1913,8.919792
8/10/1913,20.246512
8/11/1913,17.414832
8/12/1913,10.6188
8/13/1913,9.769296
8/14/1913,10.6188
8/15/1913,9.769296
8/16/1913,3.3696992
8/17/1913,3.822768
8/18/1913,4.2758368
8/19/1913,3.3696992
8/20/1913,3.3696992
8/21/1913,3.822768
8/22/1913,4.2758368
8/23/1913,3.822768
8/24/1913,3.3696992
8/25/1913,2.9449472
8/26/1913,9.769296
8/27/1913,3.822768
8/28/1913,2.9449472
8/29/1913,3.3696992
8/30/1913,2.9449472
8/31/1913,3.3696992
9/1/1913,2.9449472
9/2/1913,3.3696992
9/3/1913,3.822768
9/4/1913,3.3696992
9/5/1913,3.822768
9/6/1913,3.3696992
9/7/1913,10.6188
9/8/1913,22.228688
9/9/1913,21.2376
9/10/1913,29.166304
9/11/1913,18.264336
9/12/1913,29.166304
9/13/1913,12.317808
9/14/1913,32.281152
9/15/1913,31.14848
9/16/1913,29.166304
9/17/1913,21.2376
9/18/1913,17.414832
9/19/1913,20.246512
9/20/1913,27.184128
9/21/1913,29.166304
9/22/1913,28.175216
9/23/1913,19.255424
9/24/1913,18.264336
9/25/1913,20.246512
9/26/1913,38.22768
9/27/1913,100.807808
9/28/1913,85.516736
9/29/1913,67.96032
9/30/1913,116.09888
10/1/1913,116.09888
10/2/1913,117.797888
10/3/1913,102.506816
10/4/1913,100.807808
10/5/1913,102.506816
10/6/1913,72.774176
10/7/1913,53.235584
10/8/1913,53.235584
10/9/1913,40.776192
10/10/1913,43.324704
10/11/1913,39.64352
10/12/1913,29.166304
10/13/1913,31.14848
10/14/1913,28.175216
10/15/1913,31.14848
10/16/1913,18.264336
10/17/1913,21.2376
10/18/1913,28.175216
10/19/1913,29.166304
10/20/1913,28.175216
10/21/1913,22.228688
10/22/1913,19.255424
10/23/1913,21.2376
10/24/1913,28.175216
10/25/1913,29.166304
10/26/1913,18.264336
10/27/1913,10.6188
10/28/1913,17.414832
10/29/1913,17.414832
10/30/1913,19.255424
10/31/1913,18.264336
11/1/1913,21.2376
11/2/1913,10.6188
11/3/1913,11.468304
11/4/1913,10.6188
11/5/1913,12.317808
11/6/1913,8.919792
11/7/1913,10.6188
11/8/1913,11.468304
11/9/1913,10.6188
11/10/1913,9.769296
11/11/1913,10.6188
11/12/1913,13.167312
11/13/1913,11.468304
11/14/1913,10.6188
11/15/1913,9.769296
11/16/1913,12.317808
11/17/1913,10.6188
11/18/1913,9.769296
11/19/1913,10.6188
11/20/1913,11.468304
11/21/1913,9.769296
11/22/1913,11.468304
11/23/1913,10.6188
11/24/1913,12.317808
11/25/1913,10.6188
11/26/1913,11.468304
11/27/1913,17.414832
11/28/1913,18.264336
11/29/1913,20.246512
11/30/1913,38.22768
12/1/1913,29.166304
12/2/1913,28.175216
12/3/1913,19.255424
12/4/1913,31.14848
12/5/1913,40.776192
12/6/1913,44.740544
12/7/1913,54.368256
12/8/1913,56.067264
12/9/1913,69.659328
12/10/1913,71.358336
12/11/1913,85.516736
12/12/1913,83.817728
12/13/1913,100.807808
12/14/1913,119.496896
12/15/1913,117.797888
12/16/1913,135.637472
12/17/1913,137.619648
12/18/1913,154.043392
12/19/1913,155.7424
12/20/1913,172.449312
12/21/1913,174.431488
12/22/1913,172.449312
12/23/1913,195.669088
12/24/1913,197.651264
12/25/1913,213.508672
12/26/1913,191.704736
12/27/1913,174.431488
12/28/1913,176.130496
12/29/1913,141.017664
12/30/1913,155.7424
12/31/1913,157.724576
1/1/1914,155.7424
1/2/1914,135.637472
1/3/1914,137.619648
1/4/1914,139.318656
1/5/1914,137.619648
1/6/1914,117.797888
1/7/1914,119.496896
1/8/1914,100.807808
1/9/1914,102.506816
1/10/1914,104.205824
1/11/1914,102.506816
1/12/1914,67.96032
1/13/1914,69.659328
1/14/1914,53.235584
1/15/1914,54.368256
1/16/1914,43.324704
1/17/1914,39.64352
1/18/1914,40.776192
1/19/1914,40.776192
1/20/1914,28.175216
1/21/1914,29.166304
1/22/1914,32.281152
1/23/1914,21.2376
1/24/1914,20.246512
1/25/1914,18.264336
1/26/1914,19.255424
1/27/1914,12.317808
1/28/1914,10.6188
1/29/1914,12.317808
1/30/1914,22.228688
1/31/1914,20.246512
2/1/1914,10.6188
2/2/1914,11.468304
2/3/1914,12.317808
2/4/1914,13.167312
2/5/1914,10.6188
2/6/1914,11.468304
2/7/1914,18.264336
2/8/1914,22.228688
2/9/1914,19.255424
2/10/1914,20.246512
2/11/1914,29.166304
2/12/1914,28.175216
2/13/1914,40.776192
2/14/1914,67.96032
2/15/1914,69.659328
2/16/1914,56.067264
2/17/1914,54.368256
2/18/1914,53.235584
2/19/1914,69.659328
2/20/1914,71.358336
2/21/1914,72.774176
2/22/1914,54.368256
2/23/1914,56.067264
2/24/1914,57.199936
2/25/1914,54.368256
2/26/1914,44.740544
2/27/1914,40.776192
2/28/1914,56.067264
3/1/1914,69.659328
3/2/1914,53.235584
3/3/1914,54.368256
3/4/1914,41.908864
3/5/1914,54.368256
3/6/1914,67.96032
3/7/1914,69.659328
3/8/1914,83.817728
3/9/1914,69.659328
3/10/1914,56.067264
3/11/1914,100.807808
3/12/1914,155.7424
3/13/1914,157.724576
3/14/1914,154.043392
3/15/1914,137.619648
3/16/1914,141.017664
3/17/1914,100.807808
3/18/1914,71.358336
3/19/1914,57.199936
3/20/1914,83.817728
3/21/1914,85.516736
3/22/1914,88.914752
3/23/1914,71.358336
3/24/1914,67.96032
3/25/1914,85.516736
3/26/1914,88.914752
3/27/1914,231.348256
3/28/1914,336.96992
3/29/1914,336.96992
3/30/1914,314.31648
3/31/1914,291.66304
4/1/1914,291.66304
4/2/1914,291.66304
4/3/1914,274.956128
4/4/1914,276.938304
4/5/1914,270.991776
4/6/1914,272.973952
4/7/1914,248.621504
4/8/1914,253.152192
4/9/1914,235.312608
4/10/1914,233.330432
4/11/1914,211.526496
4/12/1914,193.686912
4/13/1914,157.724576
4/14/1914,119.496896
4/15/1914,100.807808
4/16/1914,69.659328
4/17/1914,83.817728
4/18/1914,102.506816
4/19/1914,105.904832
4/20/1914,71.358336
4/21/1914,72.774176
4/22/1914,69.659328
4/23/1914,53.235584
4/24/1914,54.368256
4/25/1914,67.96032
4/26/1914,85.516736
4/27/1914,172.449312
4/28/1914,231.348256
4/29/1914,253.152192
4/30/1914,291.66304
5/1/1914,311.4848
5/2/1914,311.4848
5/3/1914,314.31648
5/4/1914,291.66304
5/5/1914,276.938304
5/6/1914,248.621504
5/7/1914,213.508672
5/8/1914,176.130496
5/9/1914,191.704736
5/10/1914,233.330432
5/11/1914,270.991776
5/12/1914,291.66304
5/13/1914,336.96992
5/14/1914,402.09856
5/15/1914,402.09856
5/16/1914,402.09856
5/17/1914,478.55392
5/18/1914,402.09856
5/19/1914,368.1184
5/20/1914,368.1184
5/21/1914,339.8016
5/22/1914,311.4848
5/23/1914,272.973952
5/24/1914,248.621504
5/25/1914,233.330432
5/26/1914,211.526496
5/27/1914,213.508672
5/28/1914,231.348256
5/29/1914,248.621504
5/30/1914,291.66304
5/31/1914,311.4848
6/1/1914,368.1184
6/2/1914,368.1184
6/3/1914,336.96992
6/4/1914,314.31648
6/5/1914,311.4848
6/6/1914,291.66304
6/7/1914,272.973952
6/8/1914,231.348256
6/9/1914,195.669088
6/10/1914,135.637472
6/11/1914,119.496896
6/12/1914,83.817728
6/13/1914,85.516736
6/14/1914,67.96032
6/15/1914,54.368256
6/16/1914,41.908864
6/17/1914,39.64352
6/18/1914,40.776192
6/19/1914,54.368256
6/20/1914,100.807808
6/21/1914,117.797888
6/22/1914,102.506816
6/23/1914,100.807808
6/24/1914,85.516736
6/25/1914,69.659328
6/26/1914,71.358336
6/27/1914,53.235584
6/28/1914,40.776192
6/29/1914,39.64352
6/30/1914,40.776192
7/1/1914,39.64352
7/2/1914,29.166304
7/3/1914,28.175216
7/4/1914,29.166304
7/5/1914,28.175216
7/6/1914,20.246512
7/7/1914,18.264336
7/8/1914,20.246512
7/9/1914,18.264336
7/10/1914,19.255424
7/11/1914,28.175216
7/12/1914,29.166304
7/13/1914,31.14848
7/14/1914,20.246512
7/15/1914,19.255424
7/16/1914,10.6188
7/17/1914,9.769296
7/18/1914,10.6188
7/19/1914,11.468304
7/20/1914,3.822768
7/21/1914,3.3696992
7/22/1914,3.822768
7/23/1914,3.3696992
7/24/1914,2.9449472
7/25/1914,9.769296
7/26/1914,10.6188
7/27/1914,9.769296
7/28/1914,3.822768
7/29/1914,3.3696992
7/30/1914,3.3696992
7/31/1914,2.9449472
8/1/1914,3.822768
8/2/1914,2.9449472
8/3/1914,3.3696992
8/4/1914,3.3696992
8/5/1914,4.2758368
8/6/1914,3.822768
8/7/1914,3.3696992
8/8/1914,3.822768
8/9/1914,3.3696992
8/10/1914,3.3696992
8/11/1914,10.6188
8/12/1914,9.769296
8/13/1914,10.6188
8/14/1914,10.6188
8/15/1914,9.769296
8/16/1914,10.6188
8/17/1914,18.264336
8/18/1914,20.246512
8/19/1914,21.2376
8/20/1914,28.175216
8/21/1914,29.166304
8/22/1914,28.175216
8/23/1914,29.166304
8/24/1914,39.64352
8/25/1914,40.776192
8/26/1914,41.908864
8/27/1914,39.64352
8/28/1914,29.166304
8/29/1914,28.175216
8/30/1914,30.015808
8/31/1914,28.175216
9/1/1914,29.166304
9/2/1914,28.175216
9/3/1914,29.166304
9/4/1914,18.264336
9/5/1914,19.255424
9/6/1914,18.264336
9/7/1914,11.468304
9/8/1914,12.317808
9/9/1914,19.255424
9/10/1914,9.769296
9/11/1914,10.6188
9/12/1914,11.468304
9/13/1914,10.6188
9/14/1914,3.3696992
9/15/1914,3.822768
9/16/1914,4.2758368
9/17/1914,4.7855392
9/18/1914,3.822768
9/19/1914,3.3696992
9/20/1914,3.822768
9/21/1914,3.3696992
9/22/1914,10.6188
9/23/1914,10.6188
9/24/1914,19.255424
9/25/1914,22.228688
9/26/1914,29.166304
9/27/1914,18.264336
9/28/1914,10.6188
9/29/1914,11.468304
9/30/1914,12.317808
10/1/1914,10.6188
10/2/1914,11.468304
10/3/1914,12.317808
10/4/1914,9.769296
10/5/1914,10.6188
10/6/1914,3.3696992
10/7/1914,4.2758368
10/8/1914,4.7855392
10/9/1914,4.2758368
10/10/1914,3.3696992
10/11/1914,3.822768
10/12/1914,10.6188
10/13/1914,9.769296
10/14/1914,10.6188
10/15/1914,20.246512
10/16/1914,18.264336
10/17/1914,10.6188
10/18/1914,11.468304
10/19/1914,3.3696992
10/20/1914,3.822768
10/21/1914,4.7855392
10/22/1914,3.822768
10/23/1914,3.3696992
10/24/1914,4.2758368
10/25/1914,3.822768
10/26/1914,3.3696992
10/27/1914,4.7855392
10/28/1914,4.2758368
10/29/1914,3.3696992
10/30/1914,3.822768
10/31/1914,3.3696992
11/1/1914,3.3696992
11/2/1914,3.822768
11/3/1914,4.2758368
11/4/1914,3.3696992
11/5/1914,3.3696992
11/6/1914,3.822768
11/7/1914,4.2758368
11/8/1914,3.3696992
11/9/1914,3.822768
11/10/1914,3.822768
11/11/1914,4.2758368
11/12/1914,10.6188
11/13/1914,18.264336
11/14/1914,28.175216
11/15/1914,40.776192
11/16/1914,39.64352
11/17/1914,53.235584
11/18/1914,54.368256
11/19/1914,39.64352
11/20/1914,40.776192
11/21/1914,30.015808
11/22/1914,18.264336
11/23/1914,19.255424
11/24/1914,19.255424
11/25/1914,28.175216
11/26/1914,40.776192
11/27/1914,83.817728
11/28/1914,100.807808
11/29/1914,102.506816
11/30/1914,83.817728
12/1/1914,54.368256
12/2/1914,67.96032
12/3/1914,119.496896
12/4/1914,135.637472
12/5/1914,311.4848
12/6/1914,117.797888
12/7/1914,102.506816
12/8/1914,117.797888
12/9/1914,119.496896
12/10/1914,100.807808
12/11/1914,104.205824
12/12/1914,102.506816
12/13/1914,83.817728
12/14/1914,69.659328
12/15/1914,56.067264
12/16/1914,39.64352
12/17/1914,28.175216
12/18/1914,29.166304
12/19/1914,53.235584
12/20/1914,83.817728
12/21/1914,85.516736
12/22/1914,71.358336
12/23/1914,54.368256
12/24/1914,67.96032
12/25/1914,85.516736
12/26/1914,87.215744
12/27/1914,102.506816
12/28/1914,100.807808
12/29/1914,135.637472
12/30/1914,137.619648
12/31/1914,154.043392
1/1/1915,155.7424
1/2/1915,172.449312
1/3/1915,174.431488
1/4/1915,157.724576
1/5/1915,135.637472
1/6/1915,137.619648
1/7/1915,117.797888
1/8/1915,119.496896
1/9/1915,117.797888
1/10/1915,102.506816
1/11/1915,100.807808
1/12/1915,102.506816
1/13/1915,87.215744
1/14/1915,83.817728
1/15/1915,87.215744
1/16/1915,85.516736
1/17/1915,87.215744
1/18/1915,69.659328
1/19/1915,67.96032
1/20/1915,67.96032
1/21/1915,71.358336
1/22/1915,85.516736
1/23/1915,83.817728
1/24/1915,69.659328
1/25/1915,67.96032
1/26/1915,54.368256
1/27/1915,56.067264
1/28/1915,40.776192
1/29/1915,39.64352
1/30/1915,40.776192
1/31/1915,67.96032
2/1/1915,100.807808
2/2/1915,102.506816
2/3/1915,117.797888
2/4/1915,157.724576
2/5/1915,172.449312
2/6/1915,191.704736
2/7/1915,174.431488
2/8/1915,176.130496
2/9/1915,172.449312
2/10/1915,139.318656
2/11/1915,135.637472
2/12/1915,141.017664
2/13/1915,139.318656
2/14/1915,155.7424
2/15/1915,154.043392
2/16/1915,119.496896
2/17/1915,117.797888
2/18/1915,83.817728
2/19/1915,69.659328
2/20/1915,71.358336
2/21/1915,69.659328
2/22/1915,71.358336
2/23/1915,83.817728
2/24/1915,102.506816
2/25/1915,100.807808
2/26/1915,117.797888
2/27/1915,119.496896
2/28/1915,100.807808
3/1/1915,102.506816
3/2/1915,100.807808
3/3/1915,100.807808
3/4/1915,102.506816
3/5/1915,100.807808
3/6/1915,119.496896
3/7/1915,157.724576
3/8/1915,172.449312
3/9/1915,174.431488
3/10/1915,157.724576
3/11/1915,154.043392
3/12/1915,141.017664
3/13/1915,135.637472
3/14/1915,119.496896
3/15/1915,121.195904
3/16/1915,117.797888
3/17/1915,102.506816
3/18/1915,100.807808
3/19/1915,85.516736
3/20/1915,83.817728
3/21/1915,53.235584
3/22/1915,56.067264
3/23/1915,67.96032
3/24/1915,85.516736
3/25/1915,83.817728
3/26/1915,85.516736
3/27/1915,83.817728
3/28/1915,69.659328
3/29/1915,71.358336
3/30/1915,53.235584
3/31/1915,53.235584
4/1/1915,54.368256
4/2/1915,54.368256
4/3/1915,41.908864
4/4/1915,43.324704
4/5/1915,32.281152
4/6/1915,29.166304
4/7/1915,31.14848
4/8/1915,20.246512
4/9/1915,21.2376
4/10/1915,20.246512
4/11/1915,56.067264
4/12/1915,54.368256
4/13/1915,57.199936
4/14/1915,44.740544
4/15/1915,41.908864
4/16/1915,53.235584
4/17/1915,61.730624
4/18/1915,63.429632
4/19/1915,69.659328
4/20/1915,104.205824
4/21/1915,141.017664
4/22/1915,161.40576
4/23/1915,174.14832
4/24/1915,179.81168
4/25/1915,157.724576
4/26/1915,119.496896
4/27/1915,122.894912
4/28/1915,124.59392
4/29/1915,104.205824
4/30/1915,105.904832
5/1/1915,102.506816
5/2/1915,121.195904
5/3/1915,137.619648
5/4/1915,176.130496
5/5/1915,233.330432
5/6/1915,416.25696
5/7/1915,603.14784
5/8/1915,668.27648
5/9/1915,555.00928
5/10/1915,478.55392
5/11/1915,402.09856
5/12/1915,342.63328
5/13/1915,302.98976
5/14/1915,278.92048
5/15/1915,247.205664
5/16/1915,176.130496
5/17/1915,137.619648
5/18/1915,117.797888
5/19/1915,105.904832
5/20/1915,107.60384
5/21/1915,102.506816
5/22/1915,83.817728
5/23/1915,88.914752
5/24/1915,69.659328
5/25/1915,57.199936
5/26/1915,63.429632
5/27/1915,39.64352
5/28/1915,31.14848
5/29/1915,18.264336
5/30/1915,21.2376
5/31/1915,22.228688
6/1/1915,21.2376
6/2/1915,18.264336
6/3/1915,19.255424
6/4/1915,20.246512
6/5/1915,10.6188
6/6/1915,12.317808
6/7/1915,10.6188
6/8/1915,11.468304
6/9/1915,13.167312
6/10/1915,10.6188
6/11/1915,18.264336
6/12/1915,20.246512
6/13/1915,19.255424
6/14/1915,18.264336
6/15/1915,11.468304
6/16/1915,10.6188
6/17/1915,14.86632
6/18/1915,14.016816
6/19/1915,11.468304
6/20/1915,12.317808
6/21/1915,20.246512
6/22/1915,18.264336
6/23/1915,18.264336
6/24/1915,12.317808
6/25/1915,9.769296
6/26/1915,10.6188
6/27/1915,11.468304
6/28/1915,9.769296
6/29/1915,10.6188
6/30/1915,12.317808
7/1/1915,9.769296
7/2/1915,10.6188
7/3/1915,12.317808
7/4/1915,22.228688
7/5/1915,18.264336
7/6/1915,30.015808
7/7/1915,43.324704
7/8/1915,54.368256
7/9/1915,53.235584
7/10/1915,54.368256
7/11/1915,41.908864
7/12/1915,44.740544
7/13/1915,29.166304
7/14/1915,28.175216
7/15/1915,20.246512
7/16/1915,21.2376
7/17/1915,11.468304
7/18/1915,12.317808
7/19/1915,13.167312
7/20/1915,10.6188
7/21/1915,5.3235584
7/22/1915,4.7855392
7/23/1915,6.512864
7/24/1915,5.8898944
7/25/1915,4.7855392
7/26/1915,4.2758368
7/27/1915,3.822768
7/28/1915,5.3235584
7/29/1915,4.2758368
7/30/1915,4.7855392
7/31/1915,5.3235584
8/1/1915,3.822768
8/2/1915,4.2758368
8/3/1915,4.7855392
8/4/1915,5.3235584
8/5/1915,6.512864
8/6/1915,4.2758368
8/7/1915,4.7855392
8/8/1915,3.822768
8/9/1915,7.2491008
8/10/1915,11.468304
8/11/1915,31.14848
8/12/1915,19.255424
8/13/1915,12.317808
8/14/1915,13.167312
8/15/1915,11.468304
8/16/1915,14.86632
8/17/1915,40.776192
8/18/1915,253.152192
8/19/1915,376.61344
8/20/1915,342.63328
8/21/1915,291.66304
8/22/1915,257.116544
8/23/1915,215.490848
8/24/1915,213.508672
8/25/1915,237.294784
8/26/1915,231.348256
8/27/1915,176.130496
8/28/1915,137.619648
8/29/1915,90.61376
8/30/1915,71.358336
8/31/1915,57.199936
9/1/1915,56.067264
9/2/1915,44.740544
9/3/1915,41.908864
9/4/1915,34.546496
9/5/1915,31.14848
9/6/1915,29.166304
9/7/1915,41.908864
9/8/1915,40.776192
9/9/1915,28.175216
9/10/1915,29.166304
9/11/1915,20.246512
9/12/1915,21.2376
9/13/1915,22.228688
9/14/1915,14.86632
9/15/1915,13.167312
9/16/1915,11.468304
9/17/1915,12.317808
9/18/1915,20.246512
9/19/1915,22.228688
9/20/1915,21.2376
9/21/1915,10.6188
9/22/1915,13.167312
9/23/1915,14.86632
9/24/1915,11.468304
9/25/1915,10.6188
9/26/1915,13.167312
9/27/1915,4.2758368
9/28/1915,4.7855392
9/29/1915,5.3235584
9/30/1915,4.2758368
10/1/1915,5.3235584
10/2/1915,4.2758368
10/3/1915,4.7855392
10/4/1915,3.822768
10/5/1915,6.512864
10/6/1915,5.3235584
10/7/1915,4.7855392
10/8/1915,7.2491008
10/9/1915,12.317808
10/10/1915,11.468304
10/11/1915,10.6188
10/12/1915,13.167312
10/13/1915,4.7855392
10/14/1915,4.2758368
10/15/1915,6.512864
10/16/1915,8.070288
10/17/1915,7.2491008
10/18/1915,5.3235584
10/19/1915,6.512864
10/20/1915,4.7855392
10/21/1915,14.016816
10/22/1915,13.167312
10/23/1915,11.468304
10/24/1915,12.317808
10/25/1915,10.6188
10/26/1915,24.210864
10/27/1915,22.228688
10/28/1915,19.255424
10/29/1915,21.2376
10/30/1915,20.246512
10/31/1915,18.264336
11/1/1915,20.246512
11/2/1915,21.2376
11/3/1915,13.167312
11/4/1915,14.86632
11/5/1915,15.715824
11/6/1915,14.016816
11/7/1915,21.2376
11/8/1915,22.228688
11/9/1915,20.246512
11/10/1915,19.255424
11/11/1915,22.228688
11/12/1915,24.210864
11/13/1915,26.19304
11/14/1915,31.14848
11/15/1915,33.413824
11/16/1915,32.281152
11/17/1915,29.166304
11/18/1915,36.81184
11/19/1915,35.679168
11/20/1915,41.908864
11/21/1915,40.776192
11/22/1915,44.740544
11/23/1915,47.572224
11/24/1915,45.873216
11/25/1915,48.704896
11/26/1915,36.81184
11/27/1915,34.546496
11/28/1915,41.908864
11/29/1915,44.740544
11/30/1915,45.873216
12/1/1915,47.572224
12/2/1915,44.740544
12/3/1915,41.908864
12/4/1915,47.572224
12/5/1915,48.704896
12/6/1915,50.403904
12/7/1915,54.368256
12/8/1915,53.235584
12/9/1915,56.067264
12/10/1915,48.704896
12/11/1915,50.403904
12/12/1915,47.572224
12/13/1915,32.281152
12/14/1915,29.166304
12/15/1915,32.281152
12/16/1915,34.546496
12/17/1915,35.679168
12/18/1915,36.81184
12/19/1915,44.740544
12/20/1915,48.704896
12/21/1915,47.572224
12/22/1915,45.873216
12/23/1915,48.704896
12/24/1915,65.12864
12/25/1915,57.199936
12/26/1915,61.730624
12/27/1915,60.314784
12/28/1915,47.572224
12/29/1915,48.704896
12/30/1915,50.403904
12/31/1915,48.704896
1/1/1916,54.368256
1/2/1916,105.904832
1/3/1916,137.619648
1/4/1916,135.637472
1/5/1916,128.275104
1/6/1916,114.399872
1/7/1916,105.904832
1/8/1916,92.312768
1/9/1916,88.914752
1/10/1916,71.358336
1/11/1916,69.659328
1/12/1916,57.199936
1/13/1916,61.730624
1/14/1916,63.429632
1/15/1916,41.908864
1/16/1916,47.572224
1/17/1916,45.873216
1/18/1916,61.730624
1/19/1916,63.429632
1/20/1916,74.190016
1/21/1916,77.588032
1/22/1916,80.419712
1/23/1916,97.409792
1/24/1916,88.914752
1/25/1916,92.312768
1/26/1916,95.710784
1/27/1916,179.81168
1/28/1916,235.312608
1/29/1916,225.401728
1/30/1916,197.651264
1/31/1916,243.241312
2/1/1916,221.437376
2/2/1916,219.4552
2/3/1916,141.017664
2/4/1916,114.399872
2/5/1916,90.61376
2/6/1916,80.419712
2/7/1916,60.314784
2/8/1916,48.704896
2/9/1916,45.873216
2/10/1916,41.908864
2/11/1916,40.776192
2/12/1916,34.546496
2/13/1916,35.679168
2/14/1916,32.281152
2/15/1916,29.166304
2/16/1916,41.908864
2/17/1916,39.64352
2/18/1916,44.740544
2/19/1916,60.314784
2/20/1916,57.199936
2/21/1916,54.368256
2/22/1916,61.730624
2/23/1916,71.358336
2/24/1916,69.659328
2/25/1916,74.190016
2/26/1916,71.358336
2/27/1916,69.659328
2/28/1916,57.199936
2/29/1916,56.067264
3/1/1916,53.235584
3/2/1916,54.368256
3/3/1916,57.199936
3/4/1916,48.704896
3/5/1916,44.740544
3/6/1916,45.873216
3/7/1916,41.908864
3/8/1916,29.166304
3/9/1916,32.281152
3/10/1916,33.413824
3/11/1916,40.776192
3/12/1916,44.740544
3/13/1916,72.774176
3/14/1916,69.659328
3/15/1916,60.314784
3/16/1916,56.067264
3/17/1916,47.572224
3/18/1916,44.740544
3/19/1916,29.166304
3/20/1916,31.14848
3/21/1916,25.201952
3/22/1916,23.219776
3/23/1916,21.2376
3/24/1916,22.228688
3/25/1916,20.246512
3/26/1916,14.016816
3/27/1916,14.86632
3/28/1916,12.317808
3/29/1916,13.167312
3/30/1916,10.6188
3/31/1916,11.468304
4/1/1916,12.317808
4/2/1916,16.565328
4/3/1916,22.228688
4/4/1916,34.546496
4/5/1916,40.776192
4/6/1916,48.704896
4/7/1916,57.199936
4/8/1916,54.368256
4/9/1916,41.908864
4/10/1916,45.873216
4/11/1916,40.776192
4/12/1916,34.546496
4/13/1916,36.81184
4/14/1916,44.740544
4/15/1916,47.572224
4/16/1916,57.199936
4/17/1916,56.067264
4/18/1916,79.003872
4/19/1916,57.199936
4/20/1916,56.067264
4/21/1916,45.873216
4/22/1916,47.572224
4/23/1916,45.873216
4/24/1916,57.199936
4/25/1916,71.358336
4/26/1916,69.659328
4/27/1916,74.190016
4/28/1916,57.199936
4/29/1916,60.314784
4/30/1916,63.429632
5/1/1916,60.314784
5/2/1916,90.61376
5/3/1916,233.330432
5/4/1916,373.78176
5/5/1916,628.63296
5/6/1916,724.91008
5/7/1916,603.14784
5/8/1916,498.37568
5/9/1916,441.74208
5/10/1916,353.96
5/11/1916,274.956128
5/12/1916,259.09872
5/13/1916,233.330432
5/14/1916,201.615616
5/15/1916,137.619648
5/16/1916,142.99984
5/17/1916,128.275104
5/18/1916,142.99984
5/19/1916,148.380032
5/20/1916,157.724576
5/21/1916,179.81168
5/22/1916,308.65312
5/23/1916,322.81152
5/24/1916,339.8016
5/25/1916,373.78176
5/26/1916,336.96992
5/27/1916,297.3264
5/28/1916,259.09872
5/29/1916,233.330432
5/30/1916,181.793856
5/31/1916,148.380032
6/1/1916,128.275104
6/2/1916,121.195904
6/3/1916,109.302848
6/4/1916,102.506816
6/5/1916,90.61376
6/6/1916,92.312768
6/7/1916,88.914752
6/8/1916,85.516736
6/9/1916,79.003872
6/10/1916,74.190016
6/11/1916,67.96032
6/12/1916,57.199936
6/13/1916,54.368256
6/14/1916,56.067264
6/15/1916,74.190016
6/16/1916,72.774176
6/17/1916,69.659328
6/18/1916,61.730624
6/19/1916,60.314784
6/20/1916,44.740544
6/21/1916,40.776192
6/22/1916,35.679168
6/23/1916,33.413824
6/24/1916,31.14848
6/25/1916,22.228688
6/26/1916,21.2376
6/27/1916,20.246512
6/28/1916,15.715824
6/29/1916,12.317808
6/30/1916,10.6188
7/1/1916,11.468304
7/2/1916,12.317808
7/3/1916,11.468304
7/4/1916,10.6188
7/5/1916,13.167312
7/6/1916,14.016816
7/7/1916,11.468304
7/8/1916,12.317808
7/9/1916,10.6188
7/10/1916,6.512864
7/11/1916,5.3235584
7/12/1916,7.2491008
7/13/1916,8.070288
7/14/1916,5.8898944
7/15/1916,4.7855392
7/16/1916,11.468304
7/17/1916,13.167312
7/18/1916,23.219776
7/19/1916,20.246512
7/20/1916,21.2376
7/21/1916,19.255424
7/22/1916,29.166304
7/23/1916,28.175216
7/24/1916,31.14848
7/25/1916,35.679168
7/26/1916,44.740544
7/27/1916,45.873216
7/28/1916,48.704896
7/29/1916,50.403904
7/30/1916,56.067264
7/31/1916,57.199936
8/1/1916,40.776192
8/2/1916,41.908864
8/3/1916,31.14848
8/4/1916,32.281152
8/5/1916,20.246512
8/6/1916,21.2376
8/7/1916,22.228688
8/8/1916,11.468304
8/9/1916,10.6188
8/10/1916,21.2376
8/11/1916,19.255424
8/12/1916,12.317808
8/13/1916,13.167312
8/14/1916,5.8898944
8/15/1916,4.2758368
8/16/1916,5.3235584
8/17/1916,4.2758368
8/18/1916,4.7855392
8/19/1916,3.822768
8/20/1916,5.3235584
8/21/1916,5.8898944
8/22/1916,7.2491008
8/23/1916,5.8898944
8/24/1916,6.512864
8/25/1916,5.3235584
8/26/1916,4.7855392
8/27/1916,4.2758368
8/28/1916,5.8898944
8/29/1916,6.512864
8/30/1916,5.3235584
8/31/1916,4.2758368
9/1/1916,4.7855392
9/2/1916,4.2758368
9/3/1916,5.3235584
9/4/1916,5.8898944
9/5/1916,4.7855392
9/6/1916,3.822768
9/7/1916,4.2758368
9/8/1916,7.2491008
9/9/1916,4.7855392
9/10/1916,5.3235584
9/11/1916,5.8898944
9/12/1916,6.512864
9/13/1916,7.2491008
9/14/1916,20.246512
9/15/1916,22.228688
9/16/1916,15.715824
9/17/1916,16.565328
9/18/1916,14.86632
9/19/1916,7.2491008
9/20/1916,5.8898944
9/21/1916,5.3235584
9/22/1916,6.512864
9/23/1916,7.2491008
9/24/1916,5.3235584
9/25/1916,5.8898944
9/26/1916,8.070288
9/27/1916,7.2491008
9/28/1916,7.2491008
9/29/1916,6.512864
9/30/1916,5.8898944
10/1/1916,6.512864
10/2/1916,5.8898944
10/3/1916,6.512864
10/4/1916,5.3235584
10/5/1916,4.7855392
10/6/1916,5.8898944
10/7/1916,4.2758368
10/8/1916,4.7855392
10/9/1916,5.3235584
10/10/1916,6.512864
10/11/1916,7.2491008
10/12/1916,5.3235584
10/13/1916,5.8898944
10/14/1916,4.7855392
10/15/1916,4.2758368
10/16/1916,6.512864
10/17/1916,10.6188
10/18/1916,11.468304
10/19/1916,8.070288
10/20/1916,7.2491008
10/21/1916,5.8898944
10/22/1916,6.512864
10/23/1916,8.070288
10/24/1916,5.3235584
10/25/1916,4.7855392
10/26/1916,4.2758368
10/27/1916,5.3235584
10/28/1916,6.512864
10/29/1916,4.7855392
10/30/1916,5.3235584
10/31/1916,7.2491008
11/1/1916,6.512864
11/2/1916,5.3235584
11/3/1916,4.2758368
11/4/1916,5.8898944
11/5/1916,4.7855392
11/6/1916,5.3235584
11/7/1916,6.512864
11/8/1916,5.8898944
11/9/1916,4.7855392
11/10/1916,4.2758368
11/11/1916,3.822768
11/12/1916,4.2758368
11/13/1916,5.3235584
11/14/1916,4.7855392
11/15/1916,6.512864
11/16/1916,7.2491008
11/17/1916,8.070288
11/18/1916,6.512864
11/19/1916,5.8898944
11/20/1916,5.3235584
11/21/1916,4.2758368
11/22/1916,13.167312
11/23/1916,24.210864
11/24/1916,21.2376
11/25/1916,25.201952
11/26/1916,26.19304
11/27/1916,31.14848
11/28/1916,34.546496
11/29/1916,35.679168
11/30/1916,36.81184
12/1/1916,32.281152
12/2/1916,24.210864
12/3/1916,25.201952
12/4/1916,23.219776
12/5/1916,22.228688
12/6/1916,15.715824
12/7/1916,16.565328
12/8/1916,35.679168
12/9/1916,41.908864
12/10/1916,44.740544
12/11/1916,36.81184
12/12/1916,34.546496
12/13/1916,32.281152
12/14/1916,29.166304
12/15/1916,23.219776
12/16/1916,25.201952
12/17/1916,24.210864
12/18/1916,22.228688
12/19/1916,14.016816
12/20/1916,15.715824
12/21/1916,16.565328
12/22/1916,14.86632
12/23/1916,13.167312
12/24/1916,20.246512
12/25/1916,21.2376
12/26/1916,20.246512
12/27/1916,15.715824
12/28/1916,14.86632
12/29/1916,14.016816
12/30/1916,12.317808
12/31/1916,13.167312
1/1/1917,10.6188
1/2/1917,11.468304
1/3/1917,12.317808
1/4/1917,10.6188
1/5/1917,20.246512
1/6/1917,21.2376
1/7/1917,22.228688
1/8/1917,29.166304
1/9/1917,34.546496
1/10/1917,32.281152
1/11/1917,23.219776
1/12/1917,21.2376
1/13/1917,20.246512
1/14/1917,15.715824
1/15/1917,21.2376
1/16/1917,34.546496
1/17/1917,29.166304
1/18/1917,22.228688
1/19/1917,20.246512
1/20/1917,15.715824
1/21/1917,14.86632
1/22/1917,13.167312
1/23/1917,21.2376
1/24/1917,20.246512
1/25/1917,14.016816
1/26/1917,12.317808
1/27/1917,14.86632
1/28/1917,15.715824
1/29/1917,12.317808
1/30/1917,11.468304
1/31/1917,10.6188
2/1/1917,12.317808
2/2/1917,14.016816
2/3/1917,11.468304
2/4/1917,13.167312
2/5/1917,11.468304
2/6/1917,10.6188
2/7/1917,10.6188
2/8/1917,10.6188
2/9/1917,9.769296
2/10/1917,8.919792
2/11/1917,10.6188
2/12/1917,31.14848
2/13/1917,38.22768
2/14/1917,45.873216
2/15/1917,58.898944
2/16/1917,67.96032
2/17/1917,74.190016
2/18/1917,66.54448
2/19/1917,57.199936
2/20/1917,54.368256
2/21/1917,53.235584
2/22/1917,54.368256
2/23/1917,51.536576
2/24/1917,53.235584
2/25/1917,48.704896
2/26/1917,45.873216
2/27/1917,36.81184
2/28/1917,34.546496
3/1/1917,31.14848
3/2/1917,25.201952
3/3/1917,13.167312
3/4/1917,12.317808
3/5/1917,12.317808
3/6/1917,13.167312
3/7/1917,15.715824
3/8/1917,17.414832
3/9/1917,18.264336
3/10/1917,18.264336
3/11/1917,20.246512
3/12/1917,20.246512
3/13/1917,22.228688
3/14/1917,20.246512
3/15/1917,17.414832
3/16/1917,16.565328
3/17/1917,14.86632
3/18/1917,15.715824
3/19/1917,14.016816
3/20/1917,13.167312
3/21/1917,13.167312
3/22/1917,12.317808
3/23/1917,11.468304
3/24/1917,13.167312
3/25/1917,14.86632
3/26/1917,14.016816
3/27/1917,12.317808
3/28/1917,14.86632
3/29/1917,14.016816
3/30/1917,13.167312
3/31/1917,11.468304
4/1/1917,8.919792
4/2/1917,9.769296
4/3/1917,10.6188
4/4/1917,17.414832
4/5/1917,57.199936
4/6/1917,47.572224
4/7/1917,40.776192
4/8/1917,36.81184
4/9/1917,33.413824
4/10/1917,27.184128
4/11/1917,27.184128
4/12/1917,28.175216
4/13/1917,31.14848
4/14/1917,32.281152
4/15/1917,34.546496
4/16/1917,35.679168
4/17/1917,34.546496
4/18/1917,31.14848
4/19/1917,29.166304
4/20/1917,26.19304
4/21/1917,22.228688
4/22/1917,20.246512
4/23/1917,18.264336
4/24/1917,17.414832
4/25/1917,19.255424
4/26/1917,18.264336
4/27/1917,17.414832
4/28/1917,18.264336
4/29/1917,21.2376
4/30/1917,24.210864
5/1/1917,23.219776
5/2/1917,20.246512
5/3/1917,18.264336
5/4/1917,17.414832
5/5/1917,17.414832
5/6/1917,18.264336
5/7/1917,19.255424
5/8/1917,22.228688
5/9/1917,20.246512
5/10/1917,19.255424
5/11/1917,17.414832
5/12/1917,14.86632
5/13/1917,20.246512
5/14/1917,22.228688
5/15/1917,25.201952
5/16/1917,22.228688
5/17/1917,20.246512
5/18/1917,17.414832
5/19/1917,19.255424
5/20/1917,23.219776
5/21/1917,25.201952
5/22/1917,27.184128
5/23/1917,27.184128
5/24/1917,29.166304
5/25/1917,31.14848
5/26/1917,27.184128
5/27/1917,25.201952
5/28/1917,17.414832
5/29/1917,16.565328
5/30/1917,14.86632
5/31/1917,11.468304
6/1/1917,12.317808
6/2/1917,10.6188
6/3/1917,9.769296
6/4/1917,8.919792
6/5/1917,8.919792
6/6/1917,8.919792
6/7/1917,8.919792
6/8/1917,67.96032
6/9/1917,56.067264
6/10/1917,40.776192
6/11/1917,28.175216
6/12/1917,13.167312
6/13/1917,12.317808
6/14/1917,11.468304
6/15/1917,9.769296
6/16/1917,8.919792
6/17/1917,29.166304
6/18/1917,23.219776
6/19/1917,24.210864
6/20/1917,16.565328
6/21/1917,14.86632
6/22/1917,15.715824
6/23/1917,13.167312
6/24/1917,11.468304
6/25/1917,10.6188
6/26/1917,8.919792
6/27/1917,8.919792
6/28/1917,8.919792
6/29/1917,8.919792
6/30/1917,8.919792
7/1/1917,8.919792
7/2/1917,8.919792
7/3/1917,4.2758368
7/4/1917,4.2758368
7/5/1917,3.822768
7/6/1917,3.822768
7/7/1917,4.7855392
7/8/1917,4.2758368
7/9/1917,3.822768
7/10/1917,3.3696992
7/11/1917,4.2758368
7/12/1917,4.7855392
7/13/1917,3.822768
7/14/1917,3.822768
7/15/1917,4.2758368
7/16/1917,4.7855392
7/17/1917,4.2758368
7/18/1917,3.822768
7/19/1917,8.070288
7/20/1917,16.565328
7/21/1917,16.565328
7/22/1917,8.070288
7/23/1917,5.8898944
7/24/1917,8.919792
7/25/1917,16.565328
7/26/1917,14.86632
7/27/1917,17.414832
7/28/1917,22.228688
7/29/1917,25.201952
7/30/1917,27.184128
7/31/1917,28.175216
8/1/1917,28.175216
8/2/1917,23.219776
8/3/1917,18.264336
8/4/1917,15.715824
8/5/1917,12.317808
8/6/1917,9.769296
8/7/1917,8.919792
8/8/1917,8.919792
8/9/1917,8.919792
8/10/1917,7.2491008
8/11/1917,5.3235584
8/12/1917,4.2758368
8/13/1917,3.822768
8/14/1917,2.9449472
8/15/1917,2.9449472
8/16/1917,2.9449472
8/17/1917,2.9449472
8/18/1917,2.9449472
8/19/1917,2.9449472
8/20/1917,2.9449472
8/21/1917,2.9449472
8/22/1917,2.9449472
8/23/1917,2.9449472
8/24/1917,2.9449472
8/25/1917,2.9449472
8/26/1917,2.9449472
8/27/1917,2.9449472
8/28/1917,2.9449472
8/29/1917,2.9449472
8/30/1917,2.9449472
8/31/1917,2.9449472
9/1/1917,2.9449472
9/2/1917,2.9449472
9/3/1917,2.9449472
9/4/1917,2.9449472
9/5/1917,2.9449472
9/6/1917,4.2758368
9/7/1917,3.822768
9/8/1917,3.3696992
9/9/1917,3.3696992
9/10/1917,2.9449472
9/11/1917,4.7855392
9/12/1917,3.822768
9/13/1917,2.9449472
9/14/1917,2.9449472
9/15/1917,4.2758368
9/16/1917,5.3235584
9/17/1917,7.2491008
9/18/1917,7.2491008
9/19/1917,6.512864
9/20/1917,5.3235584
9/21/1917,4.7855392
9/22/1917,4.7855392
9/23/1917,4.2758368
9/24/1917,4.2758368
9/25/1917,3.822768
9/26/1917,2.9449472
9/27/1917,2.9449472
9/28/1917,2.9449472
9/29/1917,2.9449472
9/30/1917,2.9449472
10/1/1917,2.9449472
10/2/1917,2.9449472
10/3/1917,2.9449472
10/4/1917,2.9449472
10/5/1917,2.9449472
10/6/1917,2.9449472
10/7/1917,2.9449472
10/8/1917,2.9449472
10/9/1917,3.3696992
10/10/1917,3.3696992
10/11/1917,2.9449472
10/12/1917,2.9449472
10/13/1917,2.9449472
10/14/1917,2.9449472
10/15/1917,4.2758368
10/16/1917,3.822768
10/17/1917,3.822768
10/18/1917,3.3696992
10/19/1917,4.7855392
10/20/1917,4.2758368
10/21/1917,3.3696992
10/22/1917,2.9449472
10/23/1917,2.9449472
10/24/1917,2.9449472
10/25/1917,2.9449472
10/26/1917,2.9449472
10/27/1917,2.9449472
10/28/1917,2.9449472
10/29/1917,2.9449472
10/30/1917,2.9449472
10/31/1917,2.9449472
11/1/1917,2.9449472
11/2/1917,2.9449472
11/3/1917,2.9449472
11/4/1917,2.9449472
11/5/1917,2.9449472
11/6/1917,2.9449472
11/7/1917,2.9449472
11/8/1917,2.9449472
11/9/1917,2.9449472
11/10/1917,2.9449472
11/11/1917,2.9449472
11/12/1917,2.9449472
11/13/1917,2.9449472
11/14/1917,2.9449472
11/15/1917,3.3696992
11/16/1917,3.3696992
11/17/1917,3.3696992
11/18/1917,3.3696992
11/19/1917,3.822768
11/20/1917,2.9449472
11/21/1917,2.9449472
11/22/1917,2.9449472
11/23/1917,2.9449472
11/24/1917,2.9449472
11/25/1917,2.9449472
11/26/1917,2.9449472
11/27/1917,2.9449472
11/28/1917,3.3696992
11/29/1917,3.3696992
11/30/1917,3.3696992
12/1/1917,2.9449472
12/2/1917,2.9449472
12/3/1917,2.9449472
12/4/1917,2.9449472
12/5/1917,2.9449472
12/6/1917,2.9449472
12/7/1917,2.9449472
12/8/1917,8.919792
12/9/1917,8.919792
12/10/1917,8.919792
12/11/1917,9.769296
12/12/1917,10.6188
12/13/1917,10.6188
12/14/1917,13.167312
12/15/1917,12.317808
12/16/1917,12.317808
12/17/1917,13.167312
12/18/1917,14.86632
12/19/1917,15.715824
12/20/1917,21.2376
12/21/1917,22.228688
12/22/1917,23.219776
12/23/1917,26.19304
12/24/1917,22.228688
12/25/1917,17.414832
12/26/1917,14.86632
12/27/1917,15.715824
12/28/1917,15.715824
12/29/1917,20.246512
12/30/1917,19.255424
12/31/1917,21.2376
1/1/1918,18.264336
1/2/1918,8.919792
1/3/1918,8.919792
1/4/1918,2.9449472
1/5/1918,2.9449472
1/6/1918,2.9449472
1/7/1918,2.9449472
1/8/1918,2.9449472
1/9/1918,2.9449472
1/10/1918,2.9449472
1/11/1918,2.9449472
1/12/1918,2.9449472
1/13/1918,2.9449472
1/14/1918,2.9449472
1/15/1918,2.9449472
1/16/1918,2.9449472
1/17/1918,2.9449472
1/18/1918,2.9449472
1/19/1918,2.9449472
1/20/1918,2.9449472
1/21/1918,2.9449472
1/22/1918,2.9449472
1/23/1918,11.468304
1/24/1918,12.317808
1/25/1918,14.86632
1/26/1918,16.565328
1/27/1918,14.016816
1/28/1918,19.255424
1/29/1918,18.264336
1/30/1918,20.246512
1/31/1918,22.228688
2/1/1918,16.565328
2/2/1918,14.86632
2/3/1918,11.468304
2/4/1918,8.919792
2/5/1918,8.070288
2/6/1918,7.2491008
2/7/1918,7.2491008
2/8/1918,7.2491008
2/9/1918,6.512864
2/10/1918,6.512864
2/11/1918,6.512864
2/12/1918,6.512864
2/13/1918,7.2491008
2/14/1918,8.070288
2/15/1918,8.919792
2/16/1918,8.919792
2/17/1918,13.167312
2/18/1918,26.19304
2/19/1918,22.228688
2/20/1918,19.255424
2/21/1918,20.246512
2/22/1918,15.715824
2/23/1918,16.565328
2/24/1918,14.86632
2/25/1918,15.715824
2/26/1918,14.016816
2/27/1918,12.317808
2/28/1918,14.86632
3/1/1918,13.167312
3/2/1918,10.6188
3/3/1918,11.468304
3/4/1918,9.769296
3/5/1918,8.919792
3/6/1918,8.919792
3/7/1918,8.070288
3/8/1918,8.070288
3/9/1918,8.070288
3/10/1918,7.2491008
3/11/1918,7.2491008
3/12/1918,7.2491008
3/13/1918,7.2491008
3/14/1918,7.2491008
3/15/1918,6.512864
3/16/1918,6.512864
3/17/1918,7.2491008
3/18/1918,8.070288
3/19/1918,8.919792
3/20/1918,10.6188
3/21/1918,11.468304
3/22/1918,9.769296
3/23/1918,18.264336
3/24/1918,20.246512
3/25/1918,19.255424
3/26/1918,12.317808
3/27/1918,10.6188
3/28/1918,5.3235584
3/29/1918,15.715824
3/30/1918,13.167312
3/31/1918,10.6188
4/1/1918,8.919792
4/2/1918,8.919792
4/3/1918,12.317808
4/4/1918,15.715824
4/5/1918,20.246512
4/6/1918,32.281152
4/7/1918,34.546496
4/8/1918,35.679168
4/9/1918,36.81184
4/10/1918,33.413824
4/11/1918,26.19304
4/12/1918,25.201952
4/13/1918,24.210864
4/14/1918,16.565328
4/15/1918,14.016816
4/16/1918,15.715824
4/17/1918,14.86632
4/18/1918,16.565328
4/19/1918,25.201952
4/20/1918,24.210864
4/21/1918,22.228688
4/22/1918,24.210864
4/23/1918,26.19304
4/24/1918,31.14848
4/25/1918,33.413824
4/26/1918,35.679168
4/27/1918,35.112832
4/28/1918,39.64352
4/29/1918,40.776192
4/30/1918,56.067264
5/1/1918,53.235584
5/2/1918,48.704896
5/3/1918,33.413824
5/4/1918,36.81184
5/5/1918,32.281152
5/6/1918,72.774176
5/7/1918,69.659328
5/8/1918,67.96032
5/9/1918,61.730624
5/10/1918,48.704896
5/11/1918,33.413824
5/12/1918,32.281152
5/13/1918,60.314784
5/14/1918,54.368256
5/15/1918,48.704896
5/16/1918,44.740544
5/17/1918,40.776192
5/18/1918,38.22768
5/19/1918,28.175216
5/20/1918,29.166304
5/21/1918,25.201952
5/22/1918,23.219776
5/23/1918,20.246512
5/24/1918,14.86632
5/25/1918,16.565328
5/26/1918,14.016816
5/27/1918,12.317808
5/28/1918,11.468304
5/29/1918,13.167312
5/30/1918,10.6188
5/31/1918,14.86632
6/1/1918,11.468304
6/2/1918,10.6188
6/3/1918,12.317808
6/4/1918,11.468304
6/5/1918,9.769296
6/6/1918,10.6188
6/7/1918,8.919792
6/8/1918,8.919792
6/9/1918,8.070288
6/10/1918,8.070288
6/11/1918,7.2491008
6/12/1918,7.2491008
6/13/1918,8.070288
6/14/1918,10.6188
6/15/1918,9.769296
6/16/1918,22.228688
6/17/1918,20.246512
6/18/1918,14.016816
6/19/1918,10.6188
6/20/1918,8.070288
6/21/1918,6.512864
6/22/1918,5.8898944
6/23/1918,4.7855392
6/24/1918,4.2758368
6/25/1918,4.7855392
6/26/1918,3.3696992
6/27/1918,2.9449472
6/28/1918,2.9449472
6/29/1918,2.9449472
6/30/1918,2.9449472
7/1/1918,2.5768288
7/2/1918,2.5768288
7/3/1918,2.5768288
7/4/1918,2.5768288
7/5/1918,2.2087104
7/6/1918,2.2087104
7/7/1918,2.2087104
7/8/1918,2.2087104
7/9/1918,2.2087104
7/10/1918,1.8972256
7/11/1918,1.8972256
7/12/1918,1.8972256
7/13/1918,1.8972256
7/14/1918,1.8972256
7/15/1918,1.8972256
7/16/1918,1.6140576
7/17/1918,1.6140576
7/18/1918,2.9449472
7/19/1918,4.7855392
7/20/1918,6.512864
7/21/1918,8.919792
7/22/1918,10.6188
7/23/1918,9.769296
7/24/1918,8.919792
7/25/1918,8.919792
7/26/1918,8.070288
7/27/1918,7.2491008
7/28/1918,6.512864
7/29/1918,5.8898944
7/30/1918,5.8898944
7/31/1918,5.3235584
8/1/1918,4.7855392
8/2/1918,4.2758368
8/3/1918,3.822768
8/4/1918,2.9449472
8/5/1918,2.5768288
8/6/1918,2.5768288
8/7/1918,2.2087104
8/8/1918,2.2087104
8/9/1918,2.2087104
8/10/1918,1.8972256
8/11/1918,1.8972256
8/12/1918,1.6140576
8/13/1918,1.6140576
8/14/1918,1.6140576
8/15/1918,1.6140576
8/16/1918,1.6140576
8/17/1918,1.6140576
8/18/1918,1.8972256
8/19/1918,6.512864
8/20/1918,8.919792
8/21/1918,10.6188
8/22/1918,8.919792
8/23/1918,9.769296
8/24/1918,10.6188
8/25/1918,12.317808
8/26/1918,8.919792
8/27/1918,8.919792
8/28/1918,8.919792
8/29/1918,8.070288
8/30/1918,8.070288
8/31/1918,8.070288
9/1/1918,7.2491008
9/2/1918,6.512864
9/3/1918,5.8898944
9/4/1918,5.3235584
9/5/1918,4.7855392
9/6/1918,4.2758368
9/7/1918,3.822768
9/8/1918,3.3696992
9/9/1918,2.9449472
9/10/1918,3.3696992
9/11/1918,3.822768
9/12/1918,2.9449472
9/13/1918,2.5768288
9/14/1918,2.5768288
9/15/1918,2.5768288
9/16/1918,2.2087104
9/17/1918,2.2087104
9/18/1918,2.2087104
9/19/1918,2.5768288
9/20/1918,2.5768288
9/21/1918,2.9449472
9/22/1918,3.3696992
9/23/1918,2.9449472
9/24/1918,2.9449472
9/25/1918,2.9449472
9/26/1918,3.3696992
9/27/1918,13.167312
9/28/1918,10.6188
9/29/1918,6.512864
9/30/1918,4.2758368
10/1/1918,2.9449472
10/2/1918,2.9449472
10/3/1918,2.5768288
10/4/1918,2.5768288
10/5/1918,2.5768288
10/6/1918,2.2087104
10/7/1918,2.2087104
10/8/1918,1.8972256
10/9/1918,1.8972256
10/10/1918,2.5768288
10/11/1918,3.822768
10/12/1918,10.6188
10/13/1918,8.919792
10/14/1918,8.070288
10/15/1918,7.2491008
10/16/1918,6.512864
10/17/1918,5.8898944
10/18/1918,5.3235584
10/19/1918,4.7855392
10/20/1918,4.2758368
10/21/1918,3.822768
10/22/1918,3.3696992
10/23/1918,3.822768
10/24/1918,2.9449472
10/25/1918,2.5768288
10/26/1918,2.5768288
10/27/1918,2.5768288
10/28/1918,2.2087104
10/29/1918,2.2087104
10/30/1918,2.2087104
10/31/1918,2.2087104
11/1/1918,1.8972256
11/2/1918,2.9449472
11/3/1918,3.822768
11/4/1918,4.2758368
11/5/1918,3.3696992
11/6/1918,2.9449472
11/7/1918,2.9449472
11/8/1918,2.9449472
11/9/1918,10.6188
11/10/1918,17.414832
11/11/1918,20.246512
11/12/1918,8.919792
11/13/1918,11.468304
11/14/1918,12.317808
11/15/1918,5.8898944
11/16/1918,14.016816
11/17/1918,18.264336
11/18/1918,33.413824
11/19/1918,36.81184
11/20/1918,38.22768
11/21/1918,51.536576
11/22/1918,58.898944
11/23/1918,51.536576
11/24/1918,38.22768
11/25/1918,48.704896
11/26/1918,82.11872
11/27/1918,75.889024
11/28/1918,67.96032
11/29/1918,66.54448
11/30/1918,51.536576
12/1/1918,39.64352
12/2/1918,38.22768
12/3/1918,28.175216
12/4/1918,34.546496
12/5/1918,27.184128
12/6/1918,18.264336
12/7/1918,23.219776
12/8/1918,19.255424
12/9/1918,17.414832
12/10/1918,9.769296
12/11/1918,9.769296
12/12/1918,29.166304
12/13/1918,87.215744
12/14/1918,72.774176
12/15/1918,45.873216
12/16/1918,32.281152
12/17/1918,27.184128
12/18/1918,18.264336
12/19/1918,27.184128
12/20/1918,27.184128
12/21/1918,18.264336
12/22/1918,18.264336
12/23/1918,28.175216
12/24/1918,28.175216
12/25/1918,40.776192
12/26/1918,45.873216
12/27/1918,47.572224
12/28/1918,47.572224
12/29/1918,38.22768
12/30/1918,28.175216
12/31/1918,36.81184
1/1/1919,33.413824
1/2/1919,38.22768
1/3/1919,39.64352
1/4/1919,38.22768
1/5/1919,35.679168
1/6/1919,35.679168
1/7/1919,34.546496
1/8/1919,35.679168
1/9/1919,38.22768
1/10/1919,39.64352
1/11/1919,39.64352
1/12/1919,38.22768
1/13/1919,38.22768
1/14/1919,39.64352
1/15/1919,53.235584
1/16/1919,109.302848
1/17/1919,170.467136
1/18/1919,163.104768
1/19/1919,152.344384
1/20/1919,152.344384
1/21/1919,148.380032
1/22/1919,154.043392
1/23/1919,189.72256
1/24/1919,189.72256
1/25/1919,189.72256
1/26/1919,185.758208
1/27/1919,177.829504
1/28/1919,163.104768
1/29/1919,150.362208
1/30/1919,133.655296
1/31/1919,119.496896
2/1/1919,109.302848
2/2/1919,99.1088
2/3/1919,155.7424
2/4/1919,163.104768
2/5/1919,168.768128
2/6/1919,170.467136
2/7/1919,163.104768
2/8/1919,154.043392
2/9/1919,154.043392
2/10/1919,154.043392
2/11/1919,155.7424
2/12/1919,154.043392
2/13/1919,150.362208
2/14/1919,152.344384
2/15/1919,117.797888
2/16/1919,94.011776
2/17/1919,83.817728
2/18/1919,83.817728
2/19/1919,85.516736
2/20/1919,122.894912
2/21/1919,135.637472
2/22/1919,135.637472
2/23/1919,146.681024
2/24/1919,139.318656
2/25/1919,139.318656
2/26/1919,131.956288
2/27/1919,146.681024
2/28/1919,148.380032
3/1/1919,117.797888
3/2/1919,97.409792
3/3/1919,83.817728
3/4/1919,57.199936
3/5/1919,47.572224
3/6/1919,43.324704
3/7/1919,41.908864
3/8/1919,48.704896
3/9/1919,67.96032
3/10/1919,63.429632
3/11/1919,53.235584
3/12/1919,54.368256
3/13/1919,54.368256
3/14/1919,50.403904
3/15/1919,39.64352
3/16/1919,67.96032
3/17/1919,94.011776
3/18/1919,117.797888
3/19/1919,119.496896
3/20/1919,116.09888
3/21/1919,100.807808
3/22/1919,85.516736
3/23/1919,61.730624
3/24/1919,43.324704
3/25/1919,53.235584
3/26/1919,146.681024
3/27/1919,150.362208
3/28/1919,152.344384
3/29/1919,137.619648
3/30/1919,111.001856
3/31/1919,95.710784
4/1/1919,111.001856
4/2/1919,117.797888
4/3/1919,114.399872
4/4/1919,191.704736
4/5/1919,165.086944
4/6/1919,155.7424
4/7/1919,141.017664
4/8/1919,117.797888
4/9/1919,99.1088
4/10/1919,85.516736
4/11/1919,77.588032
4/12/1919,72.774176
4/13/1919,67.96032
4/14/1919,57.199936
4/15/1919,53.235584
4/16/1919,45.873216
4/17/1919,43.324704
4/18/1919,39.64352
4/19/1919,38.22768
4/20/1919,38.22768
4/21/1919,38.22768
4/22/1919,38.22768
4/23/1919,36.81184
4/24/1919,36.81184
4/25/1919,36.81184
4/26/1919,36.81184
4/27/1919,35.679168
4/28/1919,35.679168
4/29/1919,31.14848
4/30/1919,40.776192
5/1/1919,57.199936
5/2/1919,50.403904
5/3/1919,39.64352
5/4/1919,28.175216
5/5/1919,17.414832
5/6/1919,17.414832
5/7/1919,83.817728
5/8/1919,191.704736
5/9/1919,209.54432
5/10/1919,193.686912
5/11/1919,135.637472
5/12/1919,146.681024
5/13/1919,111.001856
5/14/1919,90.61376
5/15/1919,61.730624
5/16/1919,82.11872
5/17/1919,114.399872
5/18/1919,71.358336
5/19/1919,116.09888
5/20/1919,100.807808
5/21/1919,54.368256
5/22/1919,31.14848
5/23/1919,25.201952
5/24/1919,23.219776
5/25/1919,146.681024
5/26/1919,114.399872
5/27/1919,83.817728
5/28/1919,77.588032
5/29/1919,130.25728
5/30/1919,130.25728
5/31/1919,126.292928
6/1/1919,119.496896
6/2/1919,117.797888
6/3/1919,114.399872
6/4/1919,105.904832
6/5/1919,83.817728
6/6/1919,60.314784
6/7/1919,43.324704
6/8/1919,38.22768
6/9/1919,35.679168
6/10/1919,35.679168
6/11/1919,39.64352
6/12/1919,40.776192
6/13/1919,41.908864
6/14/1919,60.314784
6/15/1919,65.12864
6/16/1919,63.429632
6/17/1919,60.314784
6/18/1919,56.067264
6/19/1919,48.704896
6/20/1919,40.776192
6/21/1919,35.679168
6/22/1919,44.740544
6/23/1919,65.12864
6/24/1919,88.914752
6/25/1919,142.99984
6/26/1919,174.431488
6/27/1919,241.259136
6/28/1919,272.973952
6/29/1919,339.8016
6/30/1919,450.23712
7/1/1919,478.55392
7/2/1919,419.08864
7/3/1919,396.4352
7/4/1919,353.96
7/5/1919,317.14816
7/6/1919,288.83136
7/7/1919,269.0096
7/8/1919,231.348256
7/9/1919,191.704736
7/10/1919,155.7424
7/11/1919,117.797888
7/12/1919,88.914752
7/13/1919,82.11872
7/14/1919,60.314784
7/15/1919,57.199936
7/16/1919,57.199936
7/17/1919,77.588032
7/18/1919,75.889024
7/19/1919,74.190016
7/20/1919,80.419712
7/21/1919,109.302848
7/22/1919,135.637472
7/23/1919,167.06912
7/24/1919,146.681024
7/25/1919,104.205824
7/26/1919,88.914752
7/27/1919,71.358336
7/28/1919,43.324704
7/29/1919,27.184128
7/30/1919,20.246512
7/31/1919,19.255424
8/1/1919,26.19304
8/2/1919,27.184128
8/3/1919,29.166304
8/4/1919,29.166304
8/5/1919,29.166304
8/6/1919,28.175216
8/7/1919,27.184128
8/8/1919,25.201952
8/9/1919,22.228688
8/10/1919,21.2376
8/11/1919,20.246512
8/12/1919,19.255424
8/13/1919,19.255424
8/14/1919,19.255424
8/15/1919,19.255424
8/16/1919,18.264336
8/17/1919,18.264336
8/18/1919,8.919792
8/19/1919,8.070288
8/20/1919,8.919792
8/21/1919,8.070288
8/22/1919,8.070288
8/23/1919,8.919792
8/24/1919,8.919792
8/25/1919,10.6188
8/26/1919,14.016816
8/27/1919,17.414832
8/28/1919,17.414832
8/29/1919,16.565328
8/30/1919,15.715824
8/31/1919,16.565328
9/1/1919,17.414832
9/2/1919,18.264336
9/3/1919,19.255424
9/4/1919,19.255424
9/5/1919,20.246512
9/6/1919,20.246512
9/7/1919,21.2376
9/8/1919,20.246512
9/9/1919,19.255424
9/10/1919,15.715824
9/11/1919,12.317808
9/12/1919,8.919792
9/13/1919,8.070288
9/14/1919,7.2491008
9/15/1919,6.512864
9/16/1919,5.3235584
9/17/1919,4.7855392
9/18/1919,4.2758368
9/19/1919,4.2758368
9/20/1919,3.822768
9/21/1919,3.822768
9/22/1919,4.2758368
9/23/1919,4.7855392
9/24/1919,7.2491008
9/25/1919,6.512864
9/26/1919,5.3235584
9/27/1919,5.3235584
9/28/1919,4.7855392
9/29/1919,4.2758368
9/30/1919,4.2758368
10/1/1919,8.919792
10/2/1919,9.769296
10/3/1919,10.6188
10/4/1919,10.6188
10/5/1919,10.6188
10/6/1919,8.919792
10/7/1919,15.715824
10/8/1919,14.86632
10/9/1919,14.016816
10/10/1919,8.919792
10/11/1919,21.2376
10/12/1919,16.565328
10/13/1919,15.715824
10/14/1919,15.715824
10/15/1919,36.81184
10/16/1919,40.776192
10/17/1919,36.81184
10/18/1919,35.679168
10/19/1919,33.413824
10/20/1919,33.413824
10/21/1919,36.81184
10/22/1919,38.22768
10/23/1919,191.704736
10/24/1919,211.526496
10/25/1919,203.597792
10/26/1919,207.562144
10/27/1919,205.579968
10/28/1919,225.401728
10/29/1919,261.080896
10/30/1919,285.99968
10/31/1919,308.65312
11/1/1919,308.65312
11/2/1919,291.66304
11/3/1919,288.83136
11/4/1919,280.902656
11/5/1919,261.080896
11/6/1919,241.259136
11/7/1919,223.419552
11/8/1919,209.54432
11/9/1919,139.318656
11/10/1919,148.380032
11/11/1919,174.431488
11/12/1919,135.637472
11/13/1919,133.655296
11/14/1919,126.292928
11/15/1919,122.894912
11/16/1919,144.982016
11/17/1919,141.017664
11/18/1919,139.318656
11/19/1919,135.637472
11/20/1919,126.292928
11/21/1919,122.894912
11/22/1919,144.982016
11/23/1919,185.758208
11/24/1919,221.437376
11/25/1919,241.259136
11/26/1919,255.134368
11/27/1919,248.621504
11/28/1919,245.223488
11/29/1919,247.205664
11/30/1919,245.223488
12/1/1919,227.383904
12/2/1919,215.490848
12/3/1919,203.597792
12/4/1919,163.104768
12/5/1919,144.982016
12/6/1919,144.982016
12/7/1919,135.637472
12/8/1919,126.292928
12/9/1919,154.043392
12/10/1919,135.637472
12/11/1919,137.619648
12/12/1919,135.637472
12/13/1919,131.956288
12/14/1919,122.894912
12/15/1919,117.797888
12/16/1919,114.399872
12/17/1919,104.205824
12/18/1919,95.710784
12/19/1919,83.817728
12/20/1919,82.11872
12/21/1919,83.817728
12/22/1919,87.215744
12/23/1919,87.215744
12/24/1919,87.215744
12/25/1919,90.61376
12/26/1919,90.61376
12/27/1919,92.312768
12/28/1919,90.61376
12/29/1919,87.215744
12/30/1919,80.419712
12/31/1919,72.774176
1/1/1920,82.11872
1/2/1920,80.419712
1/3/1920,80.419712
1/4/1920,79.003872
1/5/1920,75.889024
1/6/1920,114.399872
1/7/1920,131.956288
1/8/1920,139.318656
1/9/1920,154.043392
1/10/1920,155.7424
1/11/1920,154.043392
1/12/1920,157.724576
1/13/1920,174.431488
1/14/1920,189.72256
1/15/1920,197.651264
1/16/1920,205.579968
1/17/1920,207.562144
1/18/1920,201.615616
1/19/1920,191.704736
1/20/1920,183.776032
1/21/1920,172.449312
1/22/1920,167.06912
1/23/1920,191.704736
1/24/1920,297.3264
1/25/1920,379.44512
1/26/1920,798.53376
1/27/1920,1013.74144
1/28/1920,951.44448
1/29/1920,696.59328
1/30/1920,532.35584
1/31/1920,421.92032
2/1/1920,387.94016
2/2/1920,362.45504
2/3/1920,314.31648
2/4/1920,314.31648
2/5/1920,288.83136
2/6/1920,280.902656
2/7/1920,261.080896
2/8/1920,237.294784
2/9/1920,221.437376
2/10/1920,207.562144
2/11/1920,201.615616
2/12/1920,201.615616
2/13/1920,199.63344
2/14/1920,191.704736
2/15/1920,189.72256
2/16/1920,185.758208
2/17/1920,181.793856
2/18/1920,177.829504
2/19/1920,167.06912
2/20/1920,157.724576
2/21/1920,150.362208
2/22/1920,146.681024
2/23/1920,114.399872
2/24/1920,109.302848
2/25/1920,104.205824
2/26/1920,97.409792
2/27/1920,95.710784
2/28/1920,92.312768
2/29/1920,87.215744
3/1/1920,80.419712
3/2/1920,75.889024
3/3/1920,74.190016
3/4/1920,85.516736
3/5/1920,92.312768
3/6/1920,88.914752
3/7/1920,83.817728
3/8/1920,79.003872
3/9/1920,75.889024
3/10/1920,83.817728
3/11/1920,161.40576
3/12/1920,172.449312
3/13/1920,187.740384
3/14/1920,185.758208
3/15/1920,163.104768
3/16/1920,144.982016
3/17/1920,131.956288
3/18/1920,130.25728
3/19/1920,121.195904
3/20/1920,111.001856
3/21/1920,100.807808
3/22/1920,92.312768
3/23/1920,85.516736
3/24/1920,77.588032
3/25/1920,99.1088
3/26/1920,114.399872
3/27/1920,100.807808
3/28/1920,92.312768
3/29/1920,75.889024
3/30/1920,67.96032
3/31/1920,63.429632
4/1/1920,61.730624
4/2/1920,69.659328
4/3/1920,79.003872
4/4/1920,69.659328
4/5/1920,69.659328
4/6/1920,83.817728
4/7/1920,94.011776
4/8/1920,97.409792
4/9/1920,85.516736
4/10/1920,83.817728
4/11/1920,83.817728
4/12/1920,71.358336
4/13/1920,66.54448
4/14/1920,54.368256
4/15/1920,51.536576
4/16/1920,38.22768
4/17/1920,38.22768
4/18/1920,48.704896
4/19/1920,47.572224
4/20/1920,45.873216
4/21/1920,43.324704
4/22/1920,40.776192
4/23/1920,36.81184
4/24/1920,36.81184
4/25/1920,36.81184
4/26/1920,35.679168
4/27/1920,35.679168
4/28/1920,34.546496
4/29/1920,53.235584
4/30/1920,32.281152
5/1/1920,31.14848
5/2/1920,31.14848
5/3/1920,30.015808
5/4/1920,30.015808
5/5/1920,29.166304
5/6/1920,29.166304
5/7/1920,28.175216
5/8/1920,28.175216
5/9/1920,28.175216
5/10/1920,28.175216
5/11/1920,28.175216
5/12/1920,28.175216
5/13/1920,26.19304
5/14/1920,26.19304
5/15/1920,25.201952
5/16/1920,32.281152
5/17/1920,41.908864
5/18/1920,39.64352
5/19/1920,39.64352
5/20/1920,41.908864
5/21/1920,41.908864
5/22/1920,39.64352
5/23/1920,36.81184
5/24/1920,31.14848
5/25/1920,31.14848
5/26/1920,30.015808
5/27/1920,30.015808
5/28/1920,31.14848
5/29/1920,31.14848
5/30/1920,30.015808
5/31/1920,30.015808
6/1/1920,30.015808
6/2/1920,31.14848
6/3/1920,32.281152
6/4/1920,33.413824
6/5/1920,33.413824
6/6/1920,32.281152
6/7/1920,32.281152
6/8/1920,32.281152
6/9/1920,30.015808
6/10/1920,28.175216
6/11/1920,26.19304
6/12/1920,26.19304
6/13/1920,25.201952
6/14/1920,25.201952
6/15/1920,24.210864
6/16/1920,24.210864
6/17/1920,24.210864
6/18/1920,24.210864
6/19/1920,24.210864
6/20/1920,22.228688
6/21/1920,22.228688
6/22/1920,18.264336
6/23/1920,14.86632
6/24/1920,14.86632
6/25/1920,20.246512
6/26/1920,16.565328
6/27/1920,14.86632
6/28/1920,13.167312
6/29/1920,13.167312
6/30/1920,11.468304
7/1/1920,9.769296
7/2/1920,8.070288
7/3/1920,6.512864
7/4/1920,6.512864
7/5/1920,5.8898944
7/6/1920,5.8898944
7/7/1920,5.8898944
7/8/1920,5.3235584
7/9/1920,5.3235584
7/10/1920,5.3235584
7/11/1920,4.7855392
7/12/1920,4.7855392
7/13/1920,4.7855392
7/14/1920,4.7855392
7/15/1920,5.3235584
7/16/1920,13.167312
7/17/1920,8.070288
7/18/1920,8.070288
7/19/1920,6.512864
7/20/1920,5.8898944
7/21/1920,5.8898944
7/22/1920,6.512864
7/23/1920,6.512864
7/24/1920,5.3235584
7/25/1920,4.7855392
7/26/1920,4.7855392
7/27/1920,4.2758368
7/28/1920,4.2758368
7/29/1920,6.512864
7/30/1920,8.070288
7/31/1920,8.070288
8/1/1920,8.070288
8/2/1920,8.070288
8/3/1920,14.86632
8/4/1920,12.317808
8/5/1920,14.86632
8/6/1920,13.167312
8/7/1920,13.167312
8/8/1920,11.468304
8/9/1920,30.015808
8/10/1920,16.565328
8/11/1920,16.565328
8/12/1920,22.228688
8/13/1920,21.2376
8/14/1920,24.210864
8/15/1920,22.228688
8/16/1920,20.246512
8/17/1920,18.264336
8/18/1920,57.199936
8/19/1920,34.546496
8/20/1920,26.19304
8/21/1920,24.210864
8/22/1920,20.246512
8/23/1920,22.228688
8/24/1920,20.246512
8/25/1920,18.264336
8/26/1920,18.264336
8/27/1920,39.64352
8/28/1920,47.572224
8/29/1920,41.908864
8/30/1920,41.908864
8/31/1920,40.776192
9/1/1920,39.64352
9/2/1920,36.81184
9/3/1920,32.281152
9/4/1920,26.19304
9/5/1920,22.228688
9/6/1920,22.228688
9/7/1920,20.246512
9/8/1920,20.246512
9/9/1920,20.246512
9/10/1920,20.246512
9/11/1920,20.246512
9/12/1920,20.246512
9/13/1920,20.246512
9/14/1920,19.255424
9/15/1920,19.255424
9/16/1920,22.228688
9/17/1920,22.228688
9/18/1920,22.228688
9/19/1920,22.228688
9/20/1920,21.2376
9/21/1920,20.246512
9/22/1920,20.246512
9/23/1920,16.565328
9/24/1920,13.167312
9/25/1920,9.769296
9/26/1920,8.070288
9/27/1920,6.512864
9/28/1920,6.512864
9/29/1920,5.3235584
9/30/1920,4.2758368
10/1/1920,4.2758368
10/2/1920,4.2758368
10/3/1920,4.2758368
10/4/1920,3.3696992
10/5/1920,2.5768288
10/6/1920,2.5768288
10/7/1920,2.5768288
10/8/1920,2.5768288
10/9/1920,2.5768288
10/10/1920,2.5768288
10/11/1920,2.5768288
10/12/1920,2.5768288
10/13/1920,2.5768288
10/14/1920,2.5768288
10/15/1920,2.9449472
10/16/1920,2.9449472
10/17/1920,2.9449472
10/18/1920,2.9449472
10/19/1920,2.9449472
10/20/1920,2.9449472
10/21/1920,2.5768288
10/22/1920,2.5768288
10/23/1920,5.3235584
10/24/1920,9.769296
10/25/1920,14.86632
10/26/1920,18.264336
10/27/1920,16.565328
10/28/1920,16.565328
10/29/1920,16.565328
10/30/1920,16.565328
10/31/1920,16.565328
11/1/1920,18.264336
11/2/1920,26.19304
11/3/1920,26.19304
11/4/1920,26.19304
11/5/1920,24.210864
11/6/1920,24.210864
11/7/1920,22.228688
11/8/1920,20.246512
11/9/1920,20.246512
11/10/1920,20.246512
11/11/1920,20.246512
11/12/1920,20.246512
11/13/1920,18.264336
11/14/1920,18.264336
11/15/1920,26.19304
11/16/1920,26.19304
11/17/1920,26.19304
11/18/1920,26.19304
11/19/1920,26.19304
11/20/1920,24.210864
11/21/1920,24.210864
11/22/1920,24.210864
11/23/1920,24.210864
11/24/1920,24.210864
11/25/1920,24.210864
11/26/1920,26.19304
11/27/1920,47.572224
11/28/1920,47.572224
11/29/1920,47.572224
11/30/1920,41.908864
12/1/1920,41.908864
12/2/1920,36.81184
12/3/1920,36.81184
12/4/1920,36.81184
12/5/1920,36.81184
12/6/1920,36.81184
12/7/1920,41.908864
12/8/1920,44.740544
12/9/1920,47.572224
12/10/1920,47.572224
12/11/1920,47.572224
12/12/1920,51.536576
12/13/1920,51.536576
12/14/1920,47.572224
12/15/1920,47.572224
12/16/1920,41.908864
12/17/1920,41.908864
12/18/1920,41.908864
12/19/1920,41.908864
12/20/1920,39.64352
12/21/1920,39.64352
12/22/1920,117.797888
12/23/1920,112.700864
12/24/1920,109.302848
12/25/1920,109.302848
12/26/1920,109.302848
12/27/1920,116.09888
12/28/1920,116.09888
12/29/1920,112.700864
12/30/1920,112.700864
12/31/1920,112.700864
1/1/1921,109.302848
1/2/1921,109.302848
1/3/1921,109.302848
1/4/1921,109.302848
1/5/1921,109.302848
1/6/1921,105.904832
1/7/1921,99.1088
1/8/1921,99.1088
1/9/1921,99.1088
1/10/1921,102.506816
1/11/1921,102.506816
1/12/1921,105.904832
1/13/1921,174.431488
1/14/1921,221.437376
1/15/1921,209.54432
1/16/1921,209.54432
1/17/1921,209.54432
1/18/1921,201.615616
1/19/1921,193.686912
1/20/1921,189.72256
1/21/1921,181.793856
1/22/1921,170.467136
1/23/1921,170.467136
1/24/1921,144.982016
1/25/1921,128.275104
1/26/1921,119.496896
1/27/1921,116.09888
1/28/1921,111.001856
1/29/1921,111.001856
1/30/1921,105.904832
1/31/1921,109.302848
2/1/1921,105.904832
2/2/1921,102.506816
2/3/1921,99.1088
2/4/1921,99.1088
2/5/1921,99.1088
2/6/1921,99.1088
2/7/1921,99.1088
2/8/1921,99.1088
2/9/1921,99.1088
2/10/1921,95.710784
2/11/1921,92.312768
2/12/1921,85.516736
2/13/1921,82.11872
2/14/1921,72.774176
2/15/1921,60.314784
2/16/1921,51.536576
2/17/1921,57.199936
2/18/1921,51.536576
2/19/1921,47.572224
2/20/1921,66.54448
2/21/1921,82.11872
2/22/1921,94.011776
2/23/1921,111.001856
2/24/1921,116.09888
2/25/1921,126.292928
2/26/1921,128.275104
2/27/1921,126.292928
2/28/1921,119.496896
3/1/1921,116.09888
3/2/1921,111.001856
3/3/1921,102.506816
3/4/1921,99.1088
3/5/1921,94.011776
3/6/1921,94.011776
3/7/1921,94.011776
3/8/1921,92.312768
3/9/1921,99.1088
3/10/1921,90.61376
3/11/1921,85.516736
3/12/1921,128.275104
3/13/1921,128.275104
3/14/1921,128.275104
3/15/1921,133.655296
3/16/1921,146.681024
3/17/1921,155.7424
3/18/1921,170.467136
3/19/1921,181.793856
3/20/1921,189.72256
3/21/1921,193.686912
3/22/1921,189.72256
3/23/1921,174.431488
3/24/1921,155.7424
3/25/1921,133.655296
3/26/1921,116.09888
3/27/1921,94.011776
3/28/1921,102.506816
3/29/1921,99.1088
3/30/1921,85.516736
3/31/1921,128.275104
4/1/1921,126.292928
4/2/1921,126.292928
4/3/1921,126.292928
4/4/1921,126.292928
4/5/1921,130.25728
4/6/1921,133.655296
4/7/1921,165.086944
4/8/1921,223.419552
4/9/1921,213.508672
4/10/1921,229.36608
4/11/1921,249.18784
4/12/1921,285.99968
4/13/1921,308.65312
4/14/1921,370.95008
4/15/1921,407.76192
4/16/1921,416.25696
4/17/1921,396.4352
4/18/1921,379.44512
4/19/1921,348.29664
4/20/1921,308.65312
4/21/1921,291.66304
4/22/1921,325.6432
4/23/1921,336.96992
4/24/1921,353.96
4/25/1921,359.62336
4/26/1921,348.29664
4/27/1921,339.8016
4/28/1921,325.6432
4/29/1921,311.4848
4/30/1921,300.15808
5/1/1921,291.66304
5/2/1921,302.98976
5/3/1921,319.97984
5/4/1921,322.81152
5/5/1921,308.65312
5/6/1921,302.98976
5/7/1921,294.49472
5/8/1921,282.884832
5/9/1921,253.152192
5/10/1921,237.294784
5/11/1921,213.508672
5/12/1921,197.651264
5/13/1921,189.72256
5/14/1921,183.776032
5/15/1921,170.467136
5/16/1921,170.467136
5/17/1921,174.431488
5/18/1921,174.431488
5/19/1921,185.758208
5/20/1921,205.579968
5/21/1921,225.401728
5/22/1921,229.36608
5/23/1921,225.401728
5/24/1921,213.508672
5/25/1921,189.72256
5/26/1921,174.431488
5/27/1921,152.344384
5/28/1921,128.275104
5/29/1921,119.496896
5/30/1921,102.506816
5/31/1921,95.710784
6/1/1921,82.11872
6/2/1921,66.54448
6/3/1921,36.81184
6/4/1921,26.19304
6/5/1921,24.210864
6/6/1921,20.246512
6/7/1921,18.264336
6/8/1921,16.565328
6/9/1921,16.565328
6/10/1921,24.210864
6/11/1921,39.64352
6/12/1921,28.175216
6/13/1921,24.210864
6/14/1921,22.228688
6/15/1921,22.228688
6/16/1921,24.210864
6/17/1921,26.19304
6/18/1921,26.19304
6/19/1921,28.175216
6/20/1921,28.175216
6/21/1921,30.015808
6/22/1921,32.281152
6/23/1921,36.81184
6/24/1921,39.64352
6/25/1921,44.740544
6/26/1921,60.314784
6/27/1921,69.659328
6/28/1921,79.003872
6/29/1921,77.588032
6/30/1921,99.1088
7/1/1921,105.904832
7/2/1921,109.302848
7/3/1921,111.001856
7/4/1921,114.399872
7/5/1921,133.655296
7/6/1921,152.344384
7/7/1921,189.72256
7/8/1921,197.651264
7/9/1921,227.383904
7/10/1921,272.973952
7/11/1921,328.47488
7/12/1921,342.63328
7/13/1921,359.62336
7/14/1921,356.79168
7/15/1921,348.29664
7/16/1921,336.96992
7/17/1921,302.98976
7/18/1921,297.3264
7/19/1921,280.902656
7/20/1921,272.973952
7/21/1921,253.152192
7/22/1921,217.473024
7/23/1921,146.681024
7/24/1921,77.588032
7/25/1921,45.873216
7/26/1921,36.81184
7/27/1921,33.413824
7/28/1921,28.175216
7/29/1921,24.210864
7/30/1921,18.264336
7/31/1921,18.264336
8/1/1921,18.264336
8/2/1921,16.565328
8/3/1921,16.565328
8/4/1921,14.86632
8/5/1921,13.167312
8/6/1921,11.468304
8/7/1921,9.769296
8/8/1921,9.769296
8/9/1921,9.769296
8/10/1921,8.070288
8/11/1921,8.070288
8/12/1921,8.070288
8/13/1921,6.512864
8/14/1921,6.512864
8/15/1921,9.769296
8/16/1921,11.468304
8/17/1921,11.468304
8/18/1921,9.769296
8/19/1921,8.070288
8/20/1921,8.070288
8/21/1921,6.512864
8/22/1921,6.512864
8/23/1921,6.512864
8/24/1921,5.8898944
8/25/1921,5.8898944
8/26/1921,11.468304
8/27/1921,9.769296
8/28/1921,6.512864
8/29/1921,6.512864
8/30/1921,14.86632
8/31/1921,6.512864
9/1/1921,3.822768
9/2/1921,3.822768
9/3/1921,4.7855392
9/4/1921,5.3235584
9/5/1921,5.3235584
9/6/1921,5.3235584
9/7/1921,5.3235584
9/8/1921,5.3235584
9/9/1921,5.3235584
9/10/1921,5.8898944
9/11/1921,5.8898944
9/12/1921,6.512864
9/13/1921,6.512864
9/14/1921,6.512864
9/15/1921,6.512864
9/16/1921,14.86632
9/17/1921,7.2491008
9/18/1921,6.512864
9/19/1921,5.8898944
9/20/1921,5.8898944
9/21/1921,5.8898944
9/22/1921,5.8898944
9/23/1921,5.3235584
9/24/1921,5.3235584
9/25/1921,4.2758368
9/26/1921,4.2758368
9/27/1921,4.7855392
9/28/1921,4.2758368
9/29/1921,3.822768
9/30/1921,3.822768
10/1/1921,4.7855392
10/2/1921,3.822768
10/3/1921,3.3696992
10/4/1921,3.3696992
10/5/1921,2.9449472
10/6/1921,2.9449472
10/7/1921,2.5768288
10/8/1921,2.5768288
10/9/1921,2.5768288
10/10/1921,2.5768288
10/11/1921,2.5768288
10/12/1921,2.9449472
10/13/1921,2.9449472
10/14/1921,2.9449472
10/15/1921,2.9449472
10/16/1921,2.9449472
10/17/1921,2.9449472
10/18/1921,2.5768288
10/19/1921,2.5768288
10/20/1921,2.5768288
10/21/1921,2.2087104
10/22/1921,2.2087104
10/23/1921,2.2087104
10/24/1921,1.8972256
10/25/1921,1.8972256
10/26/1921,1.8972256
10/27/1921,1.8972256
10/28/1921,1.8972256
10/29/1921,3.3696992
10/30/1921,3.3696992
10/31/1921,3.3696992
11/1/1921,3.3696992
11/2/1921,2.5768288
11/3/1921,2.5768288
11/4/1921,2.2087104
11/5/1921,2.2087104
11/6/1921,2.2087104
11/7/1921,2.2087104
11/8/1921,1.8972256
11/9/1921,1.8972256
11/10/1921,1.8972256
11/11/1921,1.8972256
11/12/1921,1.8972256
11/13/1921,1.6140576
11/14/1921,1.6140576
11/15/1921,1.6140576
11/16/1921,1.6140576
11/17/1921,1.3308896
11/18/1921,2.5768288
11/19/1921,16.565328
11/20/1921,8.070288
11/21/1921,6.512864
11/22/1921,5.3235584
11/23/1921,4.2758368
11/24/1921,3.3696992
11/25/1921,3.3696992
11/26/1921,3.3696992
11/27/1921,3.3696992
11/28/1921,4.2758368
11/29/1921,4.2758368
11/30/1921,4.2758368
12/1/1921,9.769296
12/2/1921,11.468304
12/3/1921,11.468304
12/4/1921,9.769296
12/5/1921,8.070288
12/6/1921,8.070288
12/7/1921,8.070288
12/8/1921,8.070288
12/9/1921,9.769296
12/10/1921,9.769296
12/11/1921,11.468304
12/12/1921,11.468304
12/13/1921,11.468304
12/14/1921,11.468304
12/15/1921,9.769296
12/16/1921,9.769296
12/17/1921,9.769296
12/18/1921,9.769296
12/19/1921,9.769296
12/20/1921,9.769296
12/21/1921,9.769296
12/22/1921,9.769296
12/23/1921,9.769296
12/24/1921,9.769296
12/25/1921,13.167312
12/26/1921,13.167312
12/27/1921,14.86632
12/28/1921,14.86632
12/29/1921,8.070288
12/30/1921,8.070288
12/31/1921,8.070288
1/1/1922,16.565328
1/2/1922,14.86632
1/3/1922,14.86632
1/4/1922,13.167312
1/5/1922,11.468304
1/6/1922,11.468304
1/7/1922,13.167312
1/8/1922,18.264336
1/9/1922,26.19304
1/10/1922,32.281152
1/11/1922,30.015808
1/12/1922,26.19304
1/13/1922,24.210864
1/14/1922,22.228688
1/15/1922,22.228688
1/16/1922,22.228688
1/17/1922,24.210864
1/18/1922,24.210864
1/19/1922,24.210864
1/20/1922,24.210864
1/21/1922,24.210864
1/22/1922,26.19304
1/23/1922,26.19304
1/24/1922,36.81184
1/25/1922,41.908864
1/26/1922,36.81184
1/27/1922,34.546496
1/28/1922,34.546496
1/29/1922,36.81184
1/30/1922,114.399872
1/31/1922,114.399872
2/1/1922,150.362208
2/2/1922,168.768128
2/3/1922,191.704736
2/4/1922,215.490848
2/5/1922,211.526496
2/6/1922,183.776032
2/7/1922,150.362208
2/8/1922,139.318656
2/9/1922,131.956288
2/10/1922,104.205824
2/11/1922,77.588032
2/12/1922,71.358336
2/13/1922,67.96032
2/14/1922,65.12864
2/15/1922,61.730624
2/16/1922,58.898944
2/17/1922,47.572224
2/18/1922,44.740544
2/19/1922,41.908864
2/20/1922,36.81184
2/21/1922,36.81184
2/22/1922,34.546496
2/23/1922,34.546496
2/24/1922,34.546496
2/25/1922,51.536576
2/26/1922,71.358336
2/27/1922,139.318656
2/28/1922,195.669088
3/1/1922,255.134368
3/2/1922,300.15808
3/3/1922,328.47488
3/4/1922,373.78176
3/5/1922,356.79168
3/6/1922,336.96992
3/7/1922,314.31648
3/8/1922,285.99968
3/9/1922,269.0096
3/10/1922,255.134368
3/11/1922,235.312608
3/12/1922,211.526496
3/13/1922,187.740384
3/14/1922,168.768128
3/15/1922,139.318656
3/16/1922,133.655296
3/17/1922,117.797888
3/18/1922,116.09888
3/19/1922,112.700864
3/20/1922,109.302848
3/21/1922,104.205824
3/22/1922,97.409792
3/23/1922,83.817728
3/24/1922,77.588032
3/25/1922,80.419712
3/26/1922,176.130496
3/27/1922,207.562144
3/28/1922,235.312608
3/29/1922,251.170016
3/30/1922,450.23712
3/31/1922,860.83072
4/1/1922,1186.47392
4/2/1922,1279.91936
4/3/1922,1124.17696
4/4/1922,951.44448
4/5/1922,923.12768
4/6/1922,829.68224
4/7/1922,812.69216
4/8/1922,767.38528
4/9/1922,710.75168
4/10/1922,668.27648
4/11/1922,603.14784
4/12/1922,509.7024
4/13/1922,441.74208
4/14/1922,407.76192
4/15/1922,387.94016
4/16/1922,359.62336
4/17/1922,336.96992
4/18/1922,308.65312
4/19/1922,288.83136
4/20/1922,267.027424
4/21/1922,251.170016
4/22/1922,235.312608
4/23/1922,215.490848
4/24/1922,195.669088
4/25/1922,172.449312
4/26/1922,259.09872
4/27/1922,288.83136
4/28/1922,308.65312
4/29/1922,334.13824
4/30/1922,385.10848
5/1/1922,642.79136
5/2/1922,812.69216
5/3/1922,874.98912
5/4/1922,985.42464
5/5/1922,1061.88
5/6/1922,1030.73152
5/7/1922,923.12768
5/8/1922,784.37536
5/9/1922,642.79136
5/10/1922,521.02912
5/11/1922,430.41536
5/12/1922,396.4352
5/13/1922,373.78176
5/14/1922,348.29664
5/15/1922,319.97984
5/16/1922,297.3264
5/17/1922,285.99968
5/18/1922,255.134368
5/19/1922,235.312608
5/20/1922,215.490848
5/21/1922,195.669088
5/22/1922,176.130496
5/23/1922,157.724576
5/24/1922,146.681024
5/25/1922,139.318656
5/26/1922,135.637472
5/27/1922,121.195904
5/28/1922,111.001856
5/29/1922,111.001856
5/30/1922,112.700864
5/31/1922,116.09888
6/1/1922,112.700864
6/2/1922,111.001856
6/3/1922,104.205824
6/4/1922,95.710784
6/5/1922,77.588032
6/6/1922,71.358336
6/7/1922,67.96032
6/8/1922,67.96032
6/9/1922,66.54448
6/10/1922,77.588032
6/11/1922,83.817728
6/12/1922,83.817728
6/13/1922,87.215744
6/14/1922,90.61376
6/15/1922,90.61376
6/16/1922,83.817728
6/17/1922,77.588032
6/18/1922,71.358336
6/19/1922,61.730624
6/20/1922,45.873216
6/21/1922,43.324704
6/22/1922,38.22768
6/23/1922,35.679168
6/24/1922,33.413824
6/25/1922,31.14848
6/26/1922,29.166304
6/27/1922,23.219776
6/28/1922,23.219776
6/29/1922,21.2376
6/30/1922,21.2376
7/1/1922,21.2376
7/2/1922,19.255424
7/3/1922,17.414832
7/4/1922,14.016816
7/5/1922,14.016816
7/6/1922,14.016816
7/7/1922,14.016816
7/8/1922,14.016816
7/9/1922,14.016816
7/10/1922,15.715824
7/11/1922,17.414832
7/12/1922,19.255424
7/13/1922,19.255424
7/14/1922,19.255424
7/15/1922,19.255424
7/16/1922,23.219776
7/17/1922,25.201952
7/18/1922,23.219776
7/19/1922,19.255424
7/20/1922,19.255424
7/21/1922,19.255424
7/22/1922,17.414832
7/23/1922,17.414832
7/24/1922,17.414832
7/25/1922,14.016816
7/26/1922,14.016816
7/27/1922,12.317808
7/28/1922,12.317808
7/29/1922,12.317808
7/30/1922,10.6188
7/31/1922,7.2491008
8/1/1922,7.2491008
8/2/1922,13.167312
8/3/1922,10.6188
8/4/1922,10.6188
8/5/1922,8.919792
8/6/1922,7.2491008
8/7/1922,7.2491008
8/8/1922,35.679168
8/9/1922,21.2376
8/10/1922,15.715824
8/11/1922,12.317808
8/12/1922,10.6188
8/13/1922,10.6188
8/14/1922,8.919792
8/15/1922,7.2491008
8/16/1922,7.2491008
8/17/1922,7.2491008
8/18/1922,5.8898944
8/19/1922,5.8898944
8/20/1922,4.7855392
8/21/1922,3.822768
8/22/1922,3.822768
8/23/1922,3.822768
8/24/1922,2.5768288
8/25/1922,5.3235584
8/26/1922,4.2758368
8/27/1922,4.2758368
8/28/1922,3.822768
8/29/1922,3.822768
8/30/1922,2.9449472
8/31/1922,2.9449472
9/1/1922,2.9449472
9/2/1922,2.5768288
9/3/1922,2.5768288
9/4/1922,2.5768288
9/5/1922,4.2758368
9/6/1922,2.9449472
9/7/1922,5.8898944
9/8/1922,7.2491008
9/9/1922,2.9449472
9/10/1922,2.9449472
9/11/1922,2.5768288
9/12/1922,2.2087104
9/13/1922,1.8972256
9/14/1922,1.8972256
9/15/1922,1.8972256
9/16/1922,1.6140576
9/17/1922,1.6140576
9/18/1922,1.6140576
9/19/1922,1.6140576
9/20/1922,1.8972256
9/21/1922,2.9449472
9/22/1922,2.9449472
9/23/1922,2.9449472
9/24/1922,2.5768288
9/25/1922,2.5768288
9/26/1922,2.2087104
9/27/1922,2.2087104
9/28/1922,1.8972256
9/29/1922,1.8972256
9/30/1922,1.8972256
10/1/1922,1.8972256
10/2/1922,1.6140576
10/3/1922,1.6140576
10/4/1922,1.6140576
10/5/1922,1.6140576
10/6/1922,1.3308896
10/7/1922,1.3308896
10/8/1922,1.3308896
10/9/1922,1.3308896
10/10/1922,1.0760384
10/11/1922,1.0760384
10/12/1922,1.0760384
10/13/1922,1.0760384
10/14/1922,1.0760384
10/15/1922,1.0760384
10/16/1922,1.0760384
10/17/1922,1.0760384
10/18/1922,0.8211872
10/19/1922,0.8211872
10/20/1922,0.8211872
10/21/1922,0.8211872
10/22/1922,0.8211872
10/23/1922,0.8211872
10/24/1922,0.8211872
10/25/1922,0.566336
10/26/1922,0.566336
10/27/1922,1.3308896
10/28/1922,2.5768288
10/29/1922,2.9449472
10/30/1922,2.9449472
10/31/1922,2.9449472
11/1/1922,2.9449472
11/2/1922,2.9449472
11/3/1922,2.9449472
11/4/1922,2.5768288
11/5/1922,2.5768288
11/6/1922,3.3696992
11/7/1922,5.8898944
11/8/1922,8.919792
11/9/1922,9.769296
11/10/1922,7.2491008
11/11/1922,7.2491008
11/12/1922,8.919792
11/13/1922,27.184128
11/14/1922,23.219776
11/15/1922,20.246512
11/16/1922,20.246512
11/17/1922,19.255424
11/18/1922,19.255424
11/19/1922,23.219776
11/20/1922,23.219776
11/21/1922,21.2376
11/22/1922,19.255424
11/23/1922,15.715824
11/24/1922,14.016816
11/25/1922,12.317808
11/26/1922,10.6188
11/27/1922,10.6188
11/28/1922,10.6188
11/29/1922,8.919792
11/30/1922,8.919792
12/1/1922,8.919792
12/2/1922,7.2491008
12/3/1922,7.2491008
12/4/1922,7.2491008
12/5/1922,7.2491008
12/6/1922,14.016816
12/7/1922,14.016816
12/8/1922,7.2491008
12/9/1922,12.317808
12/10/1922,12.317808
12/11/1922,10.6188
12/12/1922,10.6188
12/13/1922,12.317808
12/14/1922,14.016816
12/15/1922,14.016816
12/16/1922,12.317808
12/17/1922,10.6188
12/18/1922,10.6188
12/19/1922,9.769296
12/20/1922,8.919792
12/21/1922,7.2491008
12/22/1922,7.2491008
12/23/1922,7.2491008
12/24/1922,7.2491008
12/25/1922,7.2491008
12/26/1922,7.2491008
12/27/1922,8.919792
12/28/1922,8.919792
12/29/1922,8.919792
12/30/1922,15.715824
12/31/1922,21.2376
1/1/1923,19.255424
1/2/1923,17.414832
1/3/1923,17.414832
1/4/1923,15.715824
1/5/1923,15.715824
1/6/1923,17.414832
1/7/1923,17.414832
1/8/1923,15.715824
1/9/1923,14.016816
1/10/1923,13.167312
1/11/1923,10.6188
1/12/1923,8.919792
1/13/1923,8.919792
1/14/1923,8.919792
1/15/1923,10.6188
1/16/1923,10.6188
1/17/1923,10.6188
1/18/1923,10.6188
1/19/1923,8.919792
1/20/1923,8.919792
1/21/1923,7.2491008
1/22/1923,38.22768
1/23/1923,61.730624
1/24/1923,71.358336
1/25/1923,74.190016
1/26/1923,80.419712
1/27/1923,83.817728
1/28/1923,94.011776
1/29/1923,90.61376
1/30/1923,90.61376
1/31/1923,87.215744
2/1/1923,67.96032
2/2/1923,40.776192
2/3/1923,35.679168
2/4/1923,40.776192
2/5/1923,45.873216
2/6/1923,65.12864
2/7/1923,80.419712
2/8/1923,102.506816
2/9/1923,148.380032
2/10/1923,217.473024
2/11/1923,217.473024
2/12/1923,245.223488
2/13/1923,265.045248
2/14/1923,265.045248
2/15/1923,257.116544
2/16/1923,245.223488
2/17/1923,217.473024
2/18/1923,189.72256
2/19/1923,141.017664
2/20/1923,109.302848
2/21/1923,79.003872
2/22/1923,72.774176
2/23/1923,69.659328
2/24/1923,69.659328
2/25/1923,63.429632
2/26/1923,122.894912
2/27/1923,276.938304
2/28/1923,288.83136
3/1/1923,370.95008
3/2/1923,407.76192
3/3/1923,390.77184
3/4/1923,376.61344
3/5/1923,351.12832
3/6/1923,319.97984
3/7/1923,291.66304
3/8/1923,276.938304
3/9/1923,253.152192
3/10/1923,205.579968
3/11/1923,181.793856
3/12/1923,141.017664
3/13/1923,105.904832
3/14/1923,75.889024
3/15/1923,82.11872
3/16/1923,85.516736
3/17/1923,79.003872
3/18/1923,79.003872
3/19/1923,79.003872
3/20/1923,79.003872
3/21/1923,75.889024
3/22/1923,75.889024
3/23/1923,72.774176
3/24/1923,72.774176
3/25/1923,69.659328
3/26/1923,82.11872
3/27/1923,122.894912
3/28/1923,269.0096
3/29/1923,245.223488
3/30/1923,209.54432
3/31/1923,314.31648
4/1/1923,322.81152
4/2/1923,322.81152
4/3/1923,322.81152
4/4/1923,339.8016
4/5/1923,356.79168
4/6/1923,339.8016
4/7/1923,311.4848
4/8/1923,288.83136
4/9/1923,280.902656
4/10/1923,261.080896
4/11/1923,257.116544
4/12/1923,328.47488
4/13/1923,566.336
4/14/1923,843.84064
4/15/1923,1061.88
4/16/1923,906.1376
4/17/1923,753.22688
4/18/1923,566.336
4/19/1923,458.73216
4/20/1923,407.76192
4/21/1923,390.77184
4/22/1923,334.13824
4/23/1923,311.4848
4/24/1923,297.3264
4/25/1923,276.938304
4/26/1923,261.080896
4/27/1923,237.294784
4/28/1923,217.473024
4/29/1923,193.686912
4/30/1923,170.467136
5/1/1923,141.017664
5/2/1923,163.104768
5/3/1923,181.793856
5/4/1923,155.7424
5/5/1923,152.344384
5/6/1923,152.344384
5/7/1923,159.706752
5/8/1923,163.104768
5/9/1923,159.706752
5/10/1923,152.344384
5/11/1923,109.302848
5/12/1923,102.506816
5/13/1923,105.904832
5/14/1923,99.1088
5/15/1923,102.506816
5/16/1923,105.904832
5/17/1923,122.894912
5/18/1923,159.706752
5/19/1923,189.72256
5/20/1923,225.401728
5/21/1923,229.36608
5/22/1923,229.36608
5/23/1923,209.54432
5/24/1923,189.72256
5/25/1923,141.017664
5/26/1923,105.904832
5/27/1923,72.774176
5/28/1923,51.536576
5/29/1923,35.679168
5/30/1923,25.201952
5/31/1923,16.565328
6/1/1923,23.219776
6/2/1923,21.2376
6/3/1923,20.246512
6/4/1923,17.414832
6/5/1923,15.715824
6/6/1923,15.715824
6/7/1923,8.070288
6/8/1923,14.016816
6/9/1923,13.167312
6/10/1923,17.414832
6/11/1923,23.219776
6/12/1923,36.81184
6/13/1923,60.314784
6/14/1923,44.740544
6/15/1923,41.908864
6/16/1923,27.184128
6/17/1923,17.414832
6/18/1923,15.715824
6/19/1923,8.070288
6/20/1923,8.070288
6/21/1923,15.715824
6/22/1923,17.414832
6/23/1923,19.255424
6/24/1923,17.414832
6/25/1923,20.246512
6/26/1923,15.715824
6/27/1923,8.070288
6/28/1923,14.86632
6/29/1923,14.86632
6/30/1923,12.317808
7/1/1923,11.468304
7/2/1923,10.6188
7/3/1923,8.919792
7/4/1923,7.2491008
7/5/1923,10.6188
7/6/1923,7.2491008
7/7/1923,7.2491008
7/8/1923,6.512864
7/9/1923,8.070288
7/10/1923,7.2491008
7/11/1923,7.2491008
7/12/1923,7.2491008
7/13/1923,6.512864
7/14/1923,6.512864
7/15/1923,6.512864
7/16/1923,6.512864
7/17/1923,6.512864
7/18/1923,5.8898944
7/19/1923,5.8898944
7/20/1923,5.3235584
7/21/1923,5.3235584
7/22/1923,4.7855392
7/23/1923,4.7855392
7/24/1923,4.2758368
7/25/1923,4.2758368
7/26/1923,3.822768
7/27/1923,3.822768
7/28/1923,3.822768
7/29/1923,3.3696992
7/30/1923,2.9449472
7/31/1923,2.5768288
8/1/1923,2.2087104
8/2/1923,2.2087104
8/3/1923,1.3025728
8/4/1923,1.3025728
8/5/1923,1.3025728
8/6/1923,1.3025728
8/7/1923,1.3025728
8/8/1923,1.3025728
8/9/1923,1.3025728
8/10/1923,1.3025728
8/11/1923,1.3025728
8/12/1923,1.3025728
8/13/1923,1.3025728
8/14/1923,1.3025728
8/15/1923,1.3025728
8/16/1923,1.3025728
8/17/1923,1.3025728
8/18/1923,1.3025728
8/19/1923,1.3025728
8/20/1923,1.3025728
8/21/1923,1.3025728
8/22/1923,1.3025728
8/23/1923,1.3025728
8/24/1923,1.3025728
8/25/1923,1.3025728
8/26/1923,1.3025728
8/27/1923,1.3025728
8/28/1923,2.5768288
8/29/1923,2.9449472
8/30/1923,2.9449472
8/31/1923,2.9449472
9/1/1923,2.5768288
9/2/1923,2.9449472
9/3/1923,3.822768
9/4/1923,5.8898944
9/5/1923,8.070288
9/6/1923,7.2491008
9/7/1923,14.016816
9/8/1923,22.228688
9/9/1923,16.565328
9/10/1923,17.414832
9/11/1923,20.246512
9/12/1923,23.219776
9/13/1923,20.246512
9/14/1923,15.715824
9/15/1923,14.016816
9/16/1923,9.769296
9/17/1923,8.919792
9/18/1923,7.2491008
9/19/1923,8.919792
9/20/1923,8.919792
9/21/1923,8.919792
9/22/1923,23.219776
9/23/1923,23.219776
9/24/1923,23.219776
9/25/1923,25.201952
9/26/1923,25.201952
9/27/1923,25.201952
9/28/1923,23.219776
9/29/1923,21.2376
9/30/1923,15.715824
10/1/1923,10.6188
10/2/1923,7.2491008
10/3/1923,7.2491008
10/4/1923,15.715824
10/5/1923,10.6188
10/6/1923,14.016816
10/7/1923,7.2491008
10/8/1923,10.6188
10/9/1923,7.2491008
10/10/1923,5.7766272
10/11/1923,5.7766272
10/12/1923,5.1253408
10/13/1923,5.1253408
10/14/1923,4.530688
10/15/1923,4.530688
10/16/1923,35.679168
10/17/1923,27.184128
10/18/1923,25.201952
10/19/1923,25.201952
10/20/1923,23.219776
10/21/1923,17.414832
10/22/1923,14.016816
10/23/1923,9.769296
10/24/1923,9.769296
10/25/1923,7.2491008
10/26/1923,7.2491008
10/27/1923,7.2491008
10/28/1923,5.7766272
10/29/1923,5.7766272
10/30/1923,4.530688
10/31/1923,4.530688
11/1/1923,4.530688
11/2/1923,7.2491008
11/3/1923,92.312768
11/4/1923,99.1088
11/5/1923,82.11872
11/6/1923,69.659328
11/7/1923,63.429632
11/8/1923,57.199936
11/9/1923,35.679168
11/10/1923,25.201952
11/11/1923,17.414832
11/12/1923,14.016816
11/13/1923,14.016816
11/14/1923,7.2491008
11/15/1923,7.2491008
11/16/1923,7.2491008
11/17/1923,8.919792
11/18/1923,7.2491008
11/19/1923,6.4845472
11/20/1923,6.4845472
11/21/1923,6.4845472
11/22/1923,6.4845472
11/23/1923,5.7766272
11/24/1923,5.7766272
11/25/1923,5.1253408
11/26/1923,5.1253408
11/27/1923,6.4845472
11/28/1923,8.070288
11/29/1923,48.704896
11/30/1923,63.429632
12/1/1923,83.817728
12/2/1923,95.710784
12/3/1923,128.275104
12/4/1923,225.401728
12/5/1923,263.063072
12/6/1923,282.884832
12/7/1923,300.15808
12/8/1923,291.66304
12/9/1923,276.938304
12/10/1923,265.045248
12/11/1923,263.063072
12/12/1923,261.080896
12/13/1923,259.09872
12/14/1923,255.134368
12/15/1923,245.223488
12/16/1923,229.36608
12/17/1923,213.508672
12/18/1923,189.72256
12/19/1923,185.758208
12/20/1923,203.597792
12/21/1923,225.401728
12/22/1923,280.902656
12/23/1923,322.81152
12/24/1923,356.79168
12/25/1923,390.77184
12/26/1923,399.26688
12/27/1923,390.77184
12/28/1923,368.1184
12/29/1923,339.8016
12/30/1923,311.4848
12/31/1923,276.938304
1/1/1924,237.294784
1/2/1924,201.615616
1/3/1924,170.467136
1/4/1924,142.99984
1/5/1924,126.292928
1/6/1924,119.496896
1/7/1924,116.09888
1/8/1924,114.399872
1/9/1924,111.001856
1/10/1924,119.496896
1/11/1924,119.496896
1/12/1924,112.700864
1/13/1924,109.302848
1/14/1924,107.60384
1/15/1924,116.09888
1/16/1924,197.651264
1/17/1924,209.54432
1/18/1924,227.383904
1/19/1924,241.259136
1/20/1924,243.241312
1/21/1924,235.312608
1/22/1924,229.36608
1/23/1924,219.4552
1/24/1924,243.241312
1/25/1924,249.18784
1/26/1924,261.080896
1/27/1924,270.991776
1/28/1924,270.991776
1/29/1924,269.0096
1/30/1924,265.045248
1/31/1924,249.18784
2/1/1924,237.294784
2/2/1924,217.473024
2/3/1924,197.651264
2/4/1924,174.431488
2/5/1924,146.681024
2/6/1924,116.09888
2/7/1924,105.904832
2/8/1924,102.506816
2/9/1924,102.506816
2/10/1924,99.1088
2/11/1924,95.710784
2/12/1924,105.904832
2/13/1924,109.302848
2/14/1924,109.302848
2/15/1924,109.302848
2/16/1924,109.302848
2/17/1924,116.09888
2/18/1924,137.619648
2/19/1924,170.467136
2/20/1924,185.758208
2/21/1924,209.54432
2/22/1924,221.437376
2/23/1924,225.401728
2/24/1924,257.116544
2/25/1924,265.045248
2/26/1924,291.66304
2/27/1924,322.81152
2/28/1924,336.96992
2/29/1924,342.63328
3/1/1924,336.96992
3/2/1924,325.6432
3/3/1924,314.31648
3/4/1924,291.66304
3/5/1924,291.66304
3/6/1924,278.92048
3/7/1924,265.045248
3/8/1924,245.223488
3/9/1924,253.152192
3/10/1924,257.116544
3/11/1924,267.027424
3/12/1924,272.973952
3/13/1924,272.973952
3/14/1924,274.956128
3/15/1924,280.902656
3/16/1924,288.83136
3/17/1924,291.66304
3/18/1924,294.49472
3/19/1924,294.49472
3/20/1924,300.15808
3/21/1924,294.49472
3/22/1924,285.99968
3/23/1924,282.884832
3/24/1924,274.956128
3/25/1924,267.027424
3/26/1924,253.152192
3/27/1924,245.223488
3/28/1924,229.36608
3/29/1924,213.508672
3/30/1924,189.72256
3/31/1924,170.467136
4/1/1924,174.431488
4/2/1924,163.104768
4/3/1924,155.7424
4/4/1924,148.380032
4/5/1924,141.017664
4/6/1924,133.655296
4/7/1924,126.292928
4/8/1924,119.496896
4/9/1924,112.700864
4/10/1924,148.380032
4/11/1924,174.431488
4/12/1924,174.431488
4/13/1924,174.431488
4/14/1924,174.431488
4/15/1924,170.467136
4/16/1924,170.467136
4/17/1924,159.706752
4/18/1924,144.982016
4/19/1924,126.292928
4/20/1924,112.700864
4/21/1924,100.807808
4/22/1924,75.889024
4/23/1924,66.54448
4/24/1924,58.898944
4/25/1924,48.704896
4/26/1924,97.409792
4/27/1924,114.399872
4/28/1924,142.99984
4/29/1924,154.043392
4/30/1924,174.431488
5/1/1924,197.651264
5/2/1924,233.330432
5/3/1924,257.116544
5/4/1924,261.080896
5/5/1924,251.170016
5/6/1924,231.348256
5/7/1924,215.490848
5/8/1924,187.740384
5/9/1924,163.104768
5/10/1924,117.797888
5/11/1924,85.516736
5/12/1924,69.659328
5/13/1924,60.314784
5/14/1924,54.368256
5/15/1924,51.536576
5/16/1924,87.215744
5/17/1924,40.776192
5/18/1924,38.22768
5/19/1924,34.546496
5/20/1924,33.413824
5/21/1924,34.546496
5/22/1924,40.776192
5/23/1924,48.704896
5/24/1924,45.873216
5/25/1924,41.908864
5/26/1924,38.22768
5/27/1924,121.195904
5/28/1924,152.344384
5/29/1924,126.292928
5/30/1924,117.797888
5/31/1924,359.62336
6/1/1924,379.44512
6/2/1924,402.09856
6/3/1924,402.09856
6/4/1924,399.26688
6/5/1924,387.94016
6/6/1924,370.95008
6/7/1924,356.79168
6/8/1924,342.63328
6/9/1924,302.98976
6/10/1924,269.0096
6/11/1924,255.134368
6/12/1924,245.223488
6/13/1924,241.259136
6/14/1924,223.419552
6/15/1924,215.490848
6/16/1924,191.704736
6/17/1924,187.740384
6/18/1924,168.768128
6/19/1924,152.344384
6/20/1924,135.637472
6/21/1924,114.399872
6/22/1924,109.302848
6/23/1924,100.807808
6/24/1924,88.914752
6/25/1924,77.588032
6/26/1924,63.429632
6/27/1924,43.324704
6/28/1924,29.166304
6/29/1924,24.210864
6/30/1924,19.255424
7/1/1924,23.219776
7/2/1924,25.201952
7/3/1924,21.2376
7/4/1924,19.255424
7/5/1924,17.414832
7/6/1924,15.715824
7/7/1924,12.317808
7/8/1924,11.468304
7/9/1924,9.769296
7/10/1924,8.919792
7/11/1924,8.919792
7/12/1924,8.070288
7/13/1924,8.070288
7/14/1924,7.2491008
7/15/1924,7.2491008
7/16/1924,6.4845472
7/17/1924,6.4845472
7/18/1924,6.4845472
7/19/1924,5.1253408
7/20/1924,5.1253408
7/21/1924,5.1253408
7/22/1924,4.530688
7/23/1924,4.530688
7/24/1924,3.9926688
7/25/1924,3.5112832
7/26/1924,3.5112832
7/27/1924,3.5112832
7/28/1924,3.5112832
7/29/1924,3.0865312
7/30/1924,2.7184128
7/31/1924,2.7184128
8/1/1924,2.7184128
8/2/1924,2.7184128
8/3/1924,2.406928
8/4/1924,2.406928
8/5/1924,2.406928
8/6/1924,2.1520768
8/7/1924,2.1520768
8/8/1924,2.1520768
8/9/1924,2.1520768
8/10/1924,1.9255424
8/11/1924,1.9255424
8/12/1924,1.9255424
8/13/1924,1.7273248
8/14/1924,1.7273248
8/15/1924,1.7273248
8/16/1924,1.7273248
8/17/1924,1.7273248
8/18/1924,1.557424
8/19/1924,1.557424
8/20/1924,1.557424
8/21/1924,1.557424
8/22/1924,1.557424
8/23/1924,1.557424
8/24/1924,1.557424
8/25/1924,1.41584
8/26/1924,1.557424
8/27/1924,1.557424
8/28/1924,1.557424
8/29/1924,1.557424
8/30/1924,1.7273248
8/31/1924,1.7273248
9/1/1924,1.7273248
9/2/1924,1.557424
9/3/1924,1.557424
9/4/1924,1.557424
9/5/1924,1.557424
9/6/1924,1.41584
9/7/1924,1.41584
9/8/1924,1.41584
9/9/1924,1.41584
9/10/1924,1.41584
9/11/1924,1.41584
9/12/1924,1.41584
9/13/1924,1.41584
9/14/1924,1.41584
9/15/1924,1.41584
9/16/1924,1.41584
9/17/1924,1.41584
9/18/1924,1.41584
9/19/1924,1.41584
9/20/1924,1.41584
9/21/1924,1.41584
9/22/1924,1.41584
9/23/1924,1.41584
9/24/1924,1.41584
9/25/1924,1.41584
9/26/1924,1.41584
9/27/1924,1.41584
9/28/1924,3.0865312
9/29/1924,3.5112832
9/30/1924,4.530688
10/1/1924,5.1253408
10/2/1924,5.1253408
10/3/1924,5.1253408
10/4/1924,5.1253408
10/5/1924,5.1253408
10/6/1924,4.530688
10/7/1924,3.5112832
10/8/1924,3.5112832
10/9/1924,3.0865312
10/10/1924,2.406928
10/11/1924,2.1520768
10/12/1924,2.1520768
10/13/1924,1.9255424
10/14/1924,1.9255424
10/15/1924,1.9255424
10/16/1924,1.7273248
10/17/1924,1.7273248
10/18/1924,1.7273248
10/19/1924,1.7273248
10/20/1924,1.7273248
10/21/1924,1.7273248
10/22/1924,1.557424
10/23/1924,1.557424
10/24/1924,1.557424
10/25/1924,1.557424
10/26/1924,1.41584
10/27/1924,1.41584
10/28/1924,1.41584
10/29/1924,1.41584
10/30/1924,1.557424
10/31/1924,1.7273248
11/1/1924,1.557424
11/2/1924,1.557424
11/3/1924,1.557424
11/4/1924,1.557424
11/5/1924,1.557424
11/6/1924,1.41584
11/7/1924,1.41584
11/8/1924,1.41584
11/9/1924,1.41584
11/10/1924,1.41584
11/11/1924,1.557424
11/12/1924,1.557424
11/13/1924,1.557424
11/14/1924,1.557424
11/15/1924,1.557424
11/16/1924,1.557424
11/17/1924,1.557424
11/18/1924,1.557424
11/19/1924,1.557424
11/20/1924,1.7273248
11/21/1924,1.7273248
11/22/1924,1.7273248
11/23/1924,2.1520768
11/24/1924,3.5112832
11/25/1924,3.5112832
11/26/1924,3.5112832
11/27/1924,3.9926688
11/28/1924,3.9926688
11/29/1924,3.9926688
11/30/1924,3.9926688
12/1/1924,3.9926688
12/2/1924,3.9926688
12/3/1924,3.9926688
12/4/1924,4.530688
12/5/1924,4.530688
12/6/1924,5.1253408
12/7/1924,5.1253408
12/8/1924,4.530688
12/9/1924,3.9926688
12/10/1924,3.9926688
12/11/1924,4.530688
12/12/1924,4.530688
12/13/1924,4.530688
12/14/1924,4.530688
12/15/1924,5.1253408
12/16/1924,5.1253408
12/17/1924,5.1253408
12/18/1924,5.1253408
12/19/1924,5.7766272
12/20/1924,7.2491008
12/21/1924,8.070288
12/22/1924,8.070288
12/23/1924,8.070288
12/24/1924,8.919792
12/25/1924,8.919792
12/26/1924,8.919792
12/27/1924,8.070288
12/28/1924,7.2491008
12/29/1924,7.2491008
12/30/1924,6.4845472
12/31/1924,6.4845472
1/1/1925,6.4845472
1/2/1925,6.4845472
1/3/1925,6.4845472
1/4/1925,7.2491008
1/5/1925,7.2491008
1/6/1925,8.919792
1/7/1925,9.769296
1/8/1925,9.769296
1/9/1925,10.6188
1/10/1925,14.016816
1/11/1925,14.86632
1/12/1925,15.715824
1/13/1925,15.715824
1/14/1925,16.565328
1/15/1925,16.565328
1/16/1925,27.184128
1/17/1925,51.536576
1/18/1925,65.12864
1/19/1925,71.358336
1/20/1925,65.12864
1/21/1925,57.199936
1/22/1925,41.908864
1/23/1925,35.679168
1/24/1925,30.015808
1/25/1925,36.81184
1/26/1925,23.219776
1/27/1925,21.2376
1/28/1925,20.246512
1/29/1925,19.255424
1/30/1925,18.264336
1/31/1925,17.414832
2/1/1925,16.565328
2/2/1925,16.565328
2/3/1925,15.715824
2/4/1925,15.715824
2/5/1925,15.715824
2/6/1925,15.715824
2/7/1925,14.86632
2/8/1925,14.86632
2/9/1925,41.908864
2/10/1925,29.166304
2/11/1925,25.201952
2/12/1925,20.246512
2/13/1925,19.255424
2/14/1925,15.715824
2/15/1925,12.317808
2/16/1925,12.317808
2/17/1925,12.317808
2/18/1925,11.468304
2/19/1925,11.468304
2/20/1925,11.468304
2/21/1925,10.6188
2/22/1925,10.6188
2/23/1925,10.6188
2/24/1925,10.6188
2/25/1925,9.769296
2/26/1925,9.769296
2/27/1925,9.769296
2/28/1925,9.769296
3/1/1925,10.6188
3/2/1925,10.6188
3/3/1925,10.6188
3/4/1925,10.6188
3/5/1925,10.6188
3/6/1925,11.468304
3/7/1925,11.468304
3/8/1925,11.468304
3/9/1925,11.468304
3/10/1925,11.468304
3/11/1925,11.468304
3/12/1925,11.468304
3/13/1925,11.468304
3/14/1925,10.6188
3/15/1925,10.6188
3/16/1925,10.6188
3/17/1925,11.468304
3/18/1925,12.317808
3/19/1925,12.317808
3/20/1925,12.317808
3/21/1925,12.317808
3/22/1925,12.317808
3/23/1925,11.468304
3/24/1925,9.769296
3/25/1925,9.769296
3/26/1925,9.769296
3/27/1925,8.919792
3/28/1925,8.919792
3/29/1925,8.919792
3/30/1925,10.6188
3/31/1925,9.769296
4/1/1925,8.919792
4/2/1925,8.919792
4/3/1925,8.919792
4/4/1925,7.2491008
4/5/1925,7.2491008
4/6/1925,8.070288
4/7/1925,8.070288
4/8/1925,8.070288
4/9/1925,8.070288
4/10/1925,7.2491008
4/11/1925,7.2491008
4/12/1925,6.512864
4/13/1925,6.512864
4/14/1925,6.512864
4/15/1925,6.512864
4/16/1925,6.512864
4/17/1925,6.512864
4/18/1925,6.512864
4/19/1925,6.512864
4/20/1925,5.8898944
4/21/1925,5.8898944
4/22/1925,5.8898944
4/23/1925,5.8898944
4/24/1925,5.3235584
4/25/1925,5.3235584
4/26/1925,5.3235584
4/27/1925,4.7855392
4/28/1925,4.7855392
4/29/1925,4.2758368
4/30/1925,4.2758368
5/1/1925,3.3696992
5/2/1925,2.9449472
5/3/1925,2.9449472
5/4/1925,2.5768288
5/5/1925,2.5768288
5/6/1925,2.5768288
5/7/1925,2.5768288
5/8/1925,2.5768288
5/9/1925,2.5768288
5/10/1925,14.016816
5/11/1925,4.7855392
5/12/1925,8.919792
5/13/1925,10.6188
5/14/1925,10.6188
5/15/1925,12.317808
5/16/1925,8.919792
5/17/1925,5.8898944
5/18/1925,5.3235584
5/19/1925,4.7855392
5/20/1925,4.7855392
5/21/1925,4.7855392
5/22/1925,4.7855392
5/23/1925,5.3235584
5/24/1925,5.3235584
5/25/1925,5.3235584
5/26/1925,5.8898944
5/27/1925,5.8898944
5/28/1925,5.8898944
5/29/1925,5.8898944
5/30/1925,5.8898944
5/31/1925,5.8898944
6/1/1925,5.8898944
6/2/1925,5.8898944
6/3/1925,5.3235584
6/4/1925,4.2758368
6/5/1925,4.2758368
6/6/1925,4.2758368
6/7/1925,3.822768
6/8/1925,3.3696992
6/9/1925,2.2087104
6/10/1925,2.2087104
6/11/1925,1.8972256
6/12/1925,1.8972256
6/13/1925,1.6140576
6/14/1925,1.6140576
6/15/1925,1.3308896
6/16/1925,1.3308896
6/17/1925,1.3308896
6/18/1925,1.3308896
6/19/1925,1.3308896
6/20/1925,1.0760384
6/21/1925,1.0760384
6/22/1925,0.8211872
6/23/1925,0.8211872
6/24/1925,0.8211872
6/25/1925,0.8211872
6/26/1925,0.8211872
6/27/1925,0.8211872
6/28/1925,0.8211872
6/29/1925,0.8211872
6/30/1925,0.566336
7/1/1925,1.0760384
7/2/1925,1.0760384
7/3/1925,0.8211872
7/4/1925,0.8211872
7/5/1925,0.8211872
7/6/1925,0.566336
7/7/1925,0.566336
7/8/1925,0.566336
7/9/1925,0.566336
7/10/1925,0.3398016
7/11/1925,0.3398016
7/12/1925,1.0760384
7/13/1925,1.0760384
7/14/1925,1.0760384
7/15/1925,1.0760384
7/16/1925,1.0760384
7/17/1925,0.8211872
7/18/1925,2.5768288
7/19/1925,2.2087104
7/20/1925,1.0760384
7/21/1925,0.8211872
7/22/1925,0.8211872
7/23/1925,0.8211872
7/24/1925,0.566336
7/25/1925,0.566336
7/26/1925,0.3398016
7/27/1925,0.3398016
7/28/1925,0.3398016
7/29/1925,0.3398016
7/30/1925,0.3398016
7/31/1925,0.2548512
8/1/1925,0.2548512
8/2/1925,0.2548512
8/3/1925,0.2548512
8/4/1925,0.2548512
8/5/1925,0.2548512
8/6/1925,0.2548512
8/7/1925,0.2548512
8/8/1925,0.2548512
8/9/1925,0.2548512
8/10/1925,0.2548512
8/11/1925,0.2265344
8/12/1925,0.2265344
8/13/1925,0.2265344
8/14/1925,0.2265344
8/15/1925,0.2265344
8/16/1925,0.2265344
8/17/1925,0.2265344
8/18/1925,0.2265344
8/19/1925,0.2265344
8/20/1925,0.2265344
8/21/1925,0.2265344
8/22/1925,0.2265344
8/23/1925,0.1982176
8/24/1925,0.1982176
8/25/1925,0.2265344
8/26/1925,0.3398016
8/27/1925,0.3398016
8/28/1925,0.3398016
8/29/1925,0.3398016
8/30/1925,0.566336
8/31/1925,0.8211872
9/1/1925,0.8211872
9/2/1925,0.8211872
9/3/1925,0.566336
9/4/1925,0.566336
9/5/1925,0.566336
9/6/1925,0.3398016
9/7/1925,0.2548512
9/8/1925,0.2548512
9/9/1925,0.2548512
9/10/1925,0.2548512
9/11/1925,0.3398016
9/12/1925,0.566336
9/13/1925,0.566336
9/14/1925,0.566336
9/15/1925,0.3398016
9/16/1925,0.3398016
9/17/1925,0.2548512
9/18/1925,0.2548512
9/19/1925,0.2548512
9/20/1925,0.2548512
9/21/1925,0.2548512
9/22/1925,0.2548512
9/23/1925,0.2548512
9/24/1925,0.2548512
9/25/1925,0.2548512
9/26/1925,0.3398016
9/27/1925,0.566336
9/28/1925,0.566336
9/29/1925,0.8211872
9/30/1925,1.3308896
10/1/1925,3.3696992
10/2/1925,4.2758368
10/3/1925,4.7855392
10/4/1925,4.7855392
10/5/1925,5.3235584
10/6/1925,5.3235584
10/7/1925,6.512864
10/8/1925,6.512864
10/9/1925,6.512864
10/10/1925,6.512864
10/11/1925,7.2491008
10/12/1925,7.2491008
10/13/1925,8.070288
10/14/1925,12.317808
10/15/1925,14.86632
10/16/1925,15.715824
10/17/1925,30.582144
10/18/1925,69.659328
10/19/1925,51.536576
10/20/1925,43.324704
10/21/1925,40.776192
10/22/1925,40.776192
10/23/1925,34.546496
10/24/1925,39.360352
10/25/1925,119.496896
10/26/1925,111.001856
10/27/1925,100.807808
10/28/1925,92.312768
10/29/1925,77.588032
10/30/1925,69.659328
10/31/1925,67.96032
11/1/1925,57.199936
11/2/1925,44.740544
11/3/1925,68.809824
11/4/1925,285.99968
11/5/1925,348.29664
11/6/1925,353.96
11/7/1925,348.29664
11/8/1925,342.63328
11/9/1925,339.8016
11/10/1925,348.29664
11/11/1925,339.8016
11/12/1925,351.12832
11/13/1925,356.79168
11/14/1925,345.46496
11/15/1925,339.8016
11/16/1925,322.81152
11/17/1925,291.66304
11/18/1925,272.973952
11/19/1925,243.241312
11/20/1925,223.419552
11/21/1925,199.63344
11/22/1925,176.130496
11/23/1925,152.344384
11/24/1925,130.25728
11/25/1925,111.001856
11/26/1925,94.011776
11/27/1925,85.516736
11/28/1925,82.11872
11/29/1925,74.190016
11/30/1925,66.54448
12/1/1925,66.54448
12/2/1925,58.898944
12/3/1925,56.067264
12/4/1925,54.368256
12/5/1925,54.368256
12/6/1925,51.536576
12/7/1925,43.324704
12/8/1925,38.22768
12/9/1925,31.14848
12/10/1925,25.201952
12/11/1925,22.228688
12/12/1925,20.246512
12/13/1925,19.255424
12/14/1925,19.255424
12/15/1925,23.219776
12/16/1925,35.679168
12/17/1925,43.324704
12/18/1925,41.908864
12/19/1925,38.22768
12/20/1925,34.546496
12/21/1925,32.281152
12/22/1925,29.166304
12/23/1925,27.184128
12/24/1925,27.184128
12/25/1925,24.210864
12/26/1925,20.246512
12/27/1925,19.255424
12/28/1925,19.255424
12/29/1925,19.255424
12/30/1925,19.255424
12/31/1925,20.246512
1/1/1926,24.5789824
1/2/1926,125.726592
1/3/1926,201.615616
1/4/1926,205.579968
1/5/1926,211.526496
1/6/1926,213.508672
1/7/1926,209.54432
1/8/1926,193.686912
1/9/1926,176.130496
1/10/1926,152.344384
1/11/1926,126.292928
1/12/1926,99.1088
1/13/1926,72.774176
1/14/1926,48.704896
1/15/1926,36.81184
1/16/1926,39.077184
1/17/1926,82.11872
1/18/1926,117.797888
1/19/1926,124.59392
1/20/1926,122.894912
1/21/1926,116.09888
1/22/1926,112.700864
1/23/1926,107.60384
1/24/1926,107.60384
1/25/1926,102.506816
1/26/1926,95.710784
1/27/1926,90.61376
1/28/1926,79.003872
1/29/1926,66.54448
1/30/1926,58.898944
1/31/1926,51.536576
2/1/1926,50.403904
2/2/1926,48.704896
2/3/1926,51.536576
2/4/1926,53.235584
2/5/1926,54.368256
2/6/1926,54.368256
2/7/1926,56.067264
2/8/1926,57.199936
2/9/1926,58.898944
2/10/1926,58.898944
2/11/1926,58.898944
2/12/1926,57.199936
2/13/1926,57.199936
2/14/1926,56.067264
2/15/1926,54.368256
2/16/1926,51.536576
2/17/1926,51.536576
2/18/1926,54.368256
2/19/1926,54.368256
2/20/1926,47.572224
2/21/1926,38.22768
2/22/1926,33.413824
2/23/1926,28.175216
2/24/1926,25.201952
2/25/1926,24.210864
2/26/1926,23.219776
2/27/1926,22.228688
2/28/1926,20.246512
3/1/1926,19.255424
3/2/1926,19.255424
3/3/1926,19.255424
3/4/1926,19.255424
3/5/1926,29.166304
3/6/1926,66.54448
3/7/1926,117.797888
3/8/1926,116.09888
3/9/1926,114.399872
3/10/1926,152.344384
3/11/1926,209.54432
3/12/1926,207.562144
3/13/1926,213.508672
3/14/1926,209.54432
3/15/1926,201.615616
3/16/1926,189.72256
3/17/1926,187.740384
3/18/1926,189.72256
3/19/1926,213.508672
3/20/1926,213.508672
3/21/1926,205.579968
3/22/1926,205.579968
3/23/1926,203.597792
3/24/1926,199.63344
3/25/1926,189.72256
3/26/1926,189.72256
3/27/1926,189.72256
3/28/1926,209.54432
3/29/1926,291.66304
3/30/1926,348.29664
3/31/1926,390.77184
4/1/1926,373.78176
4/2/1926,362.45504
4/3/1926,353.96
4/4/1926,339.8016
4/5/1926,328.47488
4/6/1926,308.65312
4/7/1926,300.15808
4/8/1926,288.83136
4/9/1926,269.0096
4/10/1926,269.0096
4/11/1926,270.991776
4/12/1926,261.080896
4/13/1926,249.18784
4/14/1926,237.294784
4/15/1926,207.562144
4/16/1926,179.81168
4/17/1926,152.344384
4/18/1926,133.655296
4/19/1926,116.09888
4/20/1926,122.894912
4/21/1926,112.700864
4/22/1926,124.59392
4/23/1926,189.72256
4/24/1926,311.4848
4/25/1926,390.77184
4/26/1926,427.58368
4/27/1926,427.58368
4/28/1926,416.25696
4/29/1926,390.77184
4/30/1926,362.45504
5/1/1926,328.47488
5/2/1926,302.98976
5/3/1926,269.0096
5/4/1926,249.18784
5/5/1926,183.776032
5/6/1926,170.467136
5/7/1926,148.380032
5/8/1926,133.655296
5/9/1926,121.195904
5/10/1926,109.302848
5/11/1926,107.60384
5/12/1926,107.60384
5/13/1926,104.205824
5/14/1926,94.011776
5/15/1926,87.215744
5/16/1926,85.516736
5/17/1926,83.817728
5/18/1926,83.817728
5/19/1926,85.516736
5/20/1926,88.914752
5/21/1926,88.914752
5/22/1926,87.215744
5/23/1926,85.516736
5/24/1926,87.215744
5/25/1926,90.61376
5/26/1926,94.011776
5/27/1926,100.807808
5/28/1926,104.205824
5/29/1926,102.506816
5/30/1926,102.506816
5/31/1926,99.1088
6/1/1926,95.710784
6/2/1926,92.312768
6/3/1926,88.914752
6/4/1926,97.409792
6/5/1926,90.61376
6/6/1926,90.61376
6/7/1926,90.61376
6/8/1926,88.914752
6/9/1926,87.215744
6/10/1926,83.817728
6/11/1926,90.61376
6/12/1926,87.215744
6/13/1926,85.516736
6/14/1926,75.889024
6/15/1926,69.659328
6/16/1926,63.429632
6/17/1926,61.730624
6/18/1926,60.314784
6/19/1926,58.898944
6/20/1926,58.898944
6/21/1926,60.314784
6/22/1926,63.429632
6/23/1926,69.659328
6/24/1926,54.368256
6/25/1926,51.536576
6/26/1926,35.679168
6/27/1926,66.54448
6/28/1926,72.774176
6/29/1926,66.54448
6/30/1926,54.368256
7/1/1926,51.536576
7/2/1926,48.704896
7/3/1926,45.873216
7/4/1926,45.873216
7/5/1926,43.324704
7/6/1926,48.704896
7/7/1926,51.536576
7/8/1926,58.898944
7/9/1926,63.429632
7/10/1926,66.54448
7/11/1926,66.54448
7/12/1926,51.536576
7/13/1926,51.536576
7/14/1926,44.740544
7/15/1926,39.64352
7/16/1926,38.22768
7/17/1926,48.704896
7/18/1926,33.413824
7/19/1926,31.14848
7/20/1926,27.184128
7/21/1926,26.19304
7/22/1926,27.184128
7/23/1926,38.22768
7/24/1926,45.873216
7/25/1926,63.429632
7/26/1926,57.199936
7/27/1926,48.704896
7/28/1926,50.403904
7/29/1926,48.704896
7/30/1926,35.679168
7/31/1926,35.679168
8/1/1926,44.740544
8/2/1926,44.740544
8/3/1926,35.679168
8/4/1926,35.679168
8/5/1926,29.166304
8/6/1926,27.184128
8/7/1926,27.184128
8/8/1926,27.184128
8/9/1926,27.184128
8/10/1926,27.184128
8/11/1926,27.184128
8/12/1926,28.175216
8/13/1926,29.166304
8/14/1926,31.14848
8/15/1926,29.166304
8/16/1926,18.264336
8/17/1926,18.264336
8/18/1926,15.715824
8/19/1926,12.317808
8/20/1926,10.6188
8/21/1926,9.769296
8/22/1926,9.769296
8/23/1926,7.2491008
8/24/1926,7.2491008
8/25/1926,9.769296
8/26/1926,15.715824
8/27/1926,23.219776
8/28/1926,35.679168
8/29/1926,25.201952
8/30/1926,12.317808
8/31/1926,14.016816
9/1/1926,17.414832
9/2/1926,15.715824
9/3/1926,12.317808
9/4/1926,8.919792
9/5/1926,8.919792
9/6/1926,4.7855392
9/7/1926,4.7855392
9/8/1926,4.7855392
9/9/1926,4.2758368
9/10/1926,3.822768
9/11/1926,3.822768
9/12/1926,3.822768
9/13/1926,3.822768
9/14/1926,3.822768
9/15/1926,3.822768
9/16/1926,3.822768
9/17/1926,3.822768
9/18/1926,4.2758368
9/19/1926,4.2758368
9/20/1926,6.512864
9/21/1926,7.2491008
9/22/1926,8.070288
9/23/1926,7.2491008
9/24/1926,10.6188
9/25/1926,10.6188
9/26/1926,8.070288
9/27/1926,4.2758368
9/28/1926,3.822768
9/29/1926,3.822768
9/30/1926,3.822768
10/1/1926,3.822768
10/2/1926,3.3696992
10/3/1926,2.9449472
10/4/1926,2.5768288
10/5/1926,2.2087104
10/6/1926,1.8972256
10/7/1926,1.8972256
10/8/1926,1.8972256
10/9/1926,1.6140576
10/10/1926,1.6140576
10/11/1926,1.6140576
10/12/1926,14.016816
10/13/1926,7.645536
10/14/1926,5.3235584
10/15/1926,4.2758368
10/16/1926,4.2758368
10/17/1926,4.2758368
10/18/1926,3.3696992
10/19/1926,2.9449472
10/20/1926,2.9449472
10/21/1926,2.9449472
10/22/1926,2.9449472
10/23/1926,2.9449472
10/24/1926,2.5768288
10/25/1926,7.645536
10/26/1926,8.49504
10/27/1926,7.645536
10/28/1926,6.2013792
10/29/1926,6.8809824
10/30/1926,8.49504
10/31/1926,9.344544
11/1/1926,8.49504
11/2/1926,7.645536
11/3/1926,12.317808
11/4/1926,10.6188
11/5/1926,9.344544
11/6/1926,7.645536
11/7/1926,6.8809824
11/8/1926,9.344544
11/9/1926,9.344544
11/10/1926,15.715824
11/11/1926,14.86632
11/12/1926,17.414832
11/13/1926,12.317808
11/14/1926,14.86632
11/15/1926,15.715824
11/16/1926,15.715824
11/17/1926,14.016816
11/18/1926,12.317808
11/19/1926,10.6188
11/20/1926,9.344544
11/21/1926,12.317808
11/22/1926,12.317808
11/23/1926,12.317808
11/24/1926,12.317808
11/25/1926,12.317808
11/26/1926,12.317808
11/27/1926,10.6188
11/28/1926,10.194048
11/29/1926,10.194048
11/30/1926,12.317808
12/1/1926,10.194048
12/2/1926,10.194048
12/3/1926,9.344544
12/4/1926,8.49504
12/5/1926,7.645536
12/6/1926,9.344544
12/7/1926,17.414832
12/8/1926,17.414832
12/9/1926,31.14848
12/10/1926,40.776192
12/11/1926,54.368256
12/12/1926,57.199936
12/13/1926,51.536576
12/14/1926,43.324704
12/15/1926,45.873216
12/16/1926,45.873216
12/17/1926,41.908864
12/18/1926,39.64352
12/19/1926,36.81184
12/20/1926,34.546496
12/21/1926,32.281152
12/22/1926,34.546496
12/23/1926,43.607872
12/24/1926,150.362208
12/25/1926,213.508672
12/26/1926,219.4552
12/27/1926,209.54432
12/28/1926,219.4552
12/29/1926,209.54432
12/30/1926,209.54432
12/31/1926,205.579968
1/1/1927,199.63344
1/2/1927,189.72256
1/3/1927,179.81168
1/4/1927,179.81168
1/5/1927,152.344384
1/6/1927,148.380032
1/7/1927,142.99984
1/8/1927,122.894912
1/9/1927,107.60384
1/10/1927,99.1088
1/11/1927,90.61376
1/12/1927,85.516736
1/13/1927,87.215744
1/14/1927,107.60384
1/15/1927,107.60384
1/16/1927,104.205824
1/17/1927,104.205824
1/18/1927,99.1088
1/19/1927,126.292928
1/20/1927,219.4552
1/21/1927,259.09872
1/22/1927,257.116544
1/23/1927,237.294784
1/24/1927,203.597792
1/25/1927,159.706752
1/26/1927,116.09888
1/27/1927,99.1088
1/28/1927,83.817728
1/29/1927,74.190016
1/30/1927,51.536576
1/31/1927,50.403904
2/1/1927,45.873216
2/2/1927,58.898944
2/3/1927,44.740544
2/4/1927,50.403904
2/5/1927,43.324704
2/6/1927,50.403904
2/7/1927,63.429632
2/8/1927,74.190016
2/9/1927,90.61376
2/10/1927,97.409792
2/11/1927,95.710784
2/12/1927,139.318656
2/13/1927,215.490848
2/14/1927,229.36608
2/15/1927,239.27696
2/16/1927,237.294784
2/17/1927,185.758208
2/18/1927,165.086944
2/19/1927,152.344384
2/20/1927,142.99984
2/21/1927,133.655296
2/22/1927,128.275104
2/23/1927,122.894912
2/24/1927,121.195904
2/25/1927,116.09888
2/26/1927,116.09888
2/27/1927,116.09888
2/28/1927,117.797888
3/1/1927,124.59392
3/2/1927,124.59392
3/3/1927,148.380032
3/4/1927,144.982016
3/5/1927,139.318656
3/6/1927,130.25728
3/7/1927,119.496896
3/8/1927,142.99984
3/9/1927,274.956128
3/10/1927,269.0096
3/11/1927,276.938304
3/12/1927,300.15808
3/13/1927,291.66304
3/14/1927,280.902656
3/15/1927,297.3264
3/16/1927,308.65312
3/17/1927,302.98976
3/18/1927,288.83136
3/19/1927,269.0096
3/20/1927,245.223488
3/21/1927,229.36608
3/22/1927,223.419552
3/23/1927,215.490848
3/24/1927,209.54432
3/25/1927,213.508672
3/26/1927,259.09872
3/27/1927,282.884832
3/28/1927,288.83136
3/29/1927,285.99968
3/30/1927,274.956128
3/31/1927,255.134368
4/1/1927,235.312608
4/2/1927,209.54432
4/3/1927,183.776032
4/4/1927,157.724576
4/5/1927,139.318656
4/6/1927,122.894912
4/7/1927,109.302848
4/8/1927,99.1088
4/9/1927,90.61376
4/10/1927,82.11872
4/11/1927,75.889024
4/12/1927,67.96032
4/13/1927,58.898944
4/14/1927,87.78208
4/15/1927,255.134368
4/16/1927,215.490848
4/17/1927,235.312608
4/18/1927,291.66304
4/19/1927,348.29664
4/20/1927,385.10848
4/21/1927,399.26688
4/22/1927,390.77184
4/23/1927,362.45504
4/24/1927,359.62336
4/25/1927,339.8016
4/26/1927,311.4848
4/27/1927,294.49472
4/28/1927,280.902656
4/29/1927,235.312608
4/30/1927,205.579968
5/1/1927,185.758208
5/2/1927,179.81168
5/3/1927,179.81168
5/4/1927,177.829504
5/5/1927,177.829504
5/6/1927,168.768128
5/7/1927,165.086944
5/8/1927,159.706752
5/9/1927,150.362208
5/10/1927,146.681024
5/11/1927,141.017664
5/12/1927,139.318656
5/13/1927,148.380032
5/14/1927,154.043392
5/15/1927,148.380032
5/16/1927,133.655296
5/17/1927,128.275104
5/18/1927,116.09888
5/19/1927,99.1088
5/20/1927,82.11872
5/21/1927,83.817728
5/22/1927,85.516736
5/23/1927,102.506816
5/24/1927,58.898944
5/25/1927,54.368256
5/26/1927,50.403904
5/27/1927,44.740544
5/28/1927,41.908864
5/29/1927,38.22768
5/30/1927,48.704896
5/31/1927,33.413824
6/1/1927,31.14848
6/2/1927,30.015808
6/3/1927,29.166304
6/4/1927,25.201952
6/5/1927,23.219776
6/6/1927,19.255424
6/7/1927,23.219776
6/8/1927,22.228688
6/9/1927,21.2376
6/10/1927,19.255424
6/11/1927,17.414832
6/12/1927,14.86632
6/13/1927,13.167312
6/14/1927,14.86632
6/15/1927,27.184128
6/16/1927,36.81184
6/17/1927,36.81184
6/18/1927,44.740544
6/19/1927,48.704896
6/20/1927,48.704896
6/21/1927,54.368256
6/22/1927,66.54448
6/23/1927,77.588032
6/24/1927,88.914752
6/25/1927,94.011776
6/26/1927,95.710784
6/27/1927,100.807808
6/28/1927,107.60384
6/29/1927,107.60384
6/30/1927,80.419712
7/1/1927,97.409792
7/2/1927,90.61376
7/3/1927,88.914752
7/4/1927,87.215744
7/5/1927,83.817728
7/6/1927,72.774176
7/7/1927,66.54448
7/8/1927,58.898944
7/9/1927,60.314784
7/10/1927,130.25728
7/11/1927,58.898944
7/12/1927,48.704896
7/13/1927,47.572224
7/14/1927,43.324704
7/15/1927,39.64352
7/16/1927,35.679168
7/17/1927,22.228688
7/18/1927,22.228688
7/19/1927,17.414832
7/20/1927,14.016816
7/21/1927,12.317808
7/22/1927,10.6188
7/23/1927,10.194048
7/24/1927,10.194048
7/25/1927,10.6188
7/26/1927,10.194048
7/27/1927,14.016816
7/28/1927,22.228688
7/29/1927,43.324704
7/30/1927,57.199936
7/31/1927,51.536576
8/1/1927,39.64352
8/2/1927,28.175216
8/3/1927,22.228688
8/4/1927,17.414832
8/5/1927,15.715824
8/6/1927,14.86632
8/7/1927,14.86632
8/8/1927,14.86632
8/9/1927,14.016816
8/10/1927,14.016816
8/11/1927,10.6188
8/12/1927,9.344544
8/13/1927,8.49504
8/14/1927,6.8809824
8/15/1927,6.2013792
8/16/1927,5.8898944
8/17/1927,4.2758368
8/18/1927,4.2758368
8/19/1927,4.2758368
8/20/1927,3.822768
8/21/1927,3.822768
8/22/1927,3.3696992
8/23/1927,3.3696992
8/24/1927,3.3696992
8/25/1927,3.3696992
8/26/1927,2.9449472
8/27/1927,2.5768288
8/28/1927,2.2087104
8/29/1927,2.2087104
8/30/1927,1.8972256
8/31/1927,1.8972256
9/1/1927,1.8972256
9/2/1927,1.8972256
9/3/1927,2.2087104
9/4/1927,2.2087104
9/5/1927,2.2087104
9/6/1927,2.2087104
9/7/1927,2.2087104
9/8/1927,1.8972256
9/9/1927,1.8972256
9/10/1927,1.8972256
9/11/1927,1.8972256
9/12/1927,1.8972256
9/13/1927,1.8972256
9/14/1927,1.8972256
9/15/1927,2.5768288
9/16/1927,2.2087104
9/17/1927,2.2087104
9/18/1927,1.8972256
9/19/1927,1.8972256
9/20/1927,1.8972256
9/21/1927,1.6140576
9/22/1927,1.6140576
9/23/1927,1.6140576
9/24/1927,1.6140576
9/25/1927,1.6140576
9/26/1927,1.6140576
9/27/1927,1.6140576
9/28/1927,1.6140576
9/29/1927,1.6140576
9/30/1927,1.6140576
10/1/1927,1.7273248
10/2/1927,2.0954432
10/3/1927,2.4918784
10/4/1927,2.4918784
10/5/1927,2.4918784
10/6/1927,3.3696992
10/7/1927,12.4027584
10/8/1927,29.449472
10/9/1927,13.308896
10/10/1927,9.1463264
10/11/1927,7.78712
10/12/1927,11.5249376
10/13/1927,7.1641504
10/14/1927,13.308896
10/15/1927,13.308896
10/16/1927,11.5249376
10/17/1927,10.7037504
10/18/1927,9.1463264
10/19/1927,8.4384064
10/20/1927,8.4384064
10/21/1927,7.78712
10/22/1927,7.78712
10/23/1927,7.78712
10/24/1927,7.78712
10/25/1927,7.78712
10/26/1927,7.1641504
10/27/1927,6.5694976
10/28/1927,5.4085088
10/29/1927,4.8704896
10/30/1927,4.3607872
10/31/1927,4.3607872
11/1/1927,3.8510848
11/2/1927,3.8510848
11/3/1927,3.3696992
11/4/1927,3.8510848
11/5/1927,3.8510848
11/6/1927,3.8510848
11/7/1927,6.5694976
11/8/1927,8.4384064
11/9/1927,8.4384064
11/10/1927,7.78712
11/11/1927,7.1641504
11/12/1927,6.5694976
11/13/1927,5.9748448
11/14/1927,6.5694976
11/15/1927,7.1641504
11/16/1927,7.1641504
11/17/1927,6.5694976
11/18/1927,5.9748448
11/19/1927,5.9748448
11/20/1927,5.9748448
11/21/1927,5.9748448
11/22/1927,5.9748448
11/23/1927,6.5694976
11/24/1927,7.78712
11/25/1927,9.1463264
11/26/1927,9.91088
11/27/1927,9.91088
11/28/1927,9.91088
11/29/1927,8.4384064
11/30/1927,8.4384064
12/1/1927,8.4384064
12/2/1927,8.4384064
12/3/1927,8.4384064
12/4/1927,7.78712
12/5/1927,7.78712
12/6/1927,7.78712
12/7/1927,16.3104768
12/8/1927,12.4027584
12/9/1927,10.7037504
12/10/1927,10.7037504
12/11/1927,16.3104768
12/12/1927,20.5579968
12/13/1927,24.8904672
12/14/1927,21.6340352
12/15/1927,20.5579968
12/16/1927,20.5579968
12/17/1927,18.40592
12/18/1927,17.3581984
12/19/1927,17.3581984
12/20/1927,17.3581984
12/21/1927,17.3581984
12/22/1927,18.40592
12/23/1927,18.40592
12/24/1927,18.40592
12/25/1927,18.40592
12/26/1927,17.3581984
12/27/1927,17.3581984
12/28/1927,19.4819584
12/29/1927,31.431648
12/30/1927,27.0991776
12/31/1927,29.449472
1/1/1928,29.449472
1/2/1928,25.9948224
1/3/1928,19.4819584
1/4/1928,19.4819584
1/5/1928,18.40592
1/6/1928,18.40592
1/7/1928,16.3104768
1/8/1928,16.3104768
1/9/1928,19.4819584
1/10/1928,18.40592
1/11/1928,17.3581984
1/12/1928,17.3581984
1/13/1928,18.40592
1/14/1928,18.40592
1/15/1928,18.40592
1/16/1928,18.40592
1/17/1928,20.5579968
1/18/1928,20.5579968
1/19/1928,20.5579968
1/20/1928,19.4819584
1/21/1928,19.4819584
1/22/1928,19.4819584
1/23/1928,18.40592
1/24/1928,18.40592
1/25/1928,18.40592
1/26/1928,17.3581984
1/27/1928,17.3581984
1/28/1928,16.3104768
1/29/1928,16.3104768
1/30/1928,15.291072
1/31/1928,15.291072
2/1/1928,14.2716672
2/2/1928,13.308896
2/3/1928,16.3104768
2/4/1928,16.3104768
2/5/1928,21.6340352
2/6/1928,17.3581984
2/7/1928,16.3104768
2/8/1928,15.291072
2/9/1928,16.3104768
2/10/1928,17.3581984
2/11/1928,16.3104768
2/12/1928,15.291072
2/13/1928,17.3581984
2/14/1928,17.3581984
2/15/1928,16.3104768
2/16/1928,16.3104768
2/17/1928,17.3581984
2/18/1928,17.3581984
2/19/1928,17.3581984
2/20/1928,18.40592
2/21/1928,18.40592
2/22/1928,38.22768
2/23/1928,45.023712
2/24/1928,41.625696
2/25/1928,38.22768
2/26/1928,29.449472
2/27/1928,25.9948224
2/28/1928,27.0991776
2/29/1928,29.449472
3/1/1928,38.22768
3/2/1928,38.22768
3/3/1928,38.22768
3/4/1928,39.360352
3/5/1928,40.209856
3/6/1928,41.625696
3/7/1928,42.758368
3/8/1928,43.89104
3/9/1928,43.89104
3/10/1928,103.639488
3/11/1928,89.19792
3/12/1928,78.720704
3/13/1928,78.720704
3/14/1928,83.251392
3/15/1928,84.667232
3/16/1928,119.496896
3/17/1928,119.496896
3/18/1928,121.479072
3/19/1928,121.479072
3/20/1928,119.496896
3/21/1928,117.797888
3/22/1928,110.43552
3/23/1928,108.736512
3/24/1928,101.94048
3/25/1928,103.639488
3/26/1928,100.52464
3/27/1928,97.126624
3/28/1928,93.728608
3/29/1928,90.61376
3/30/1928,77.304864
3/31/1928,73.340512
4/1/1928,70.508832
4/2/1928,69.092992
4/3/1928,70.508832
4/4/1928,66.54448
4/5/1928,53.80192
4/6/1928,62.580128
4/7/1928,56.067264
4/8/1928,51.253408
4/9/1928,54.934592
4/10/1928,101.94048
4/11/1928,107.037504
4/12/1928,108.736512
4/13/1928,101.94048
4/14/1928,90.61376
4/15/1928,78.720704
4/16/1928,67.96032
4/17/1928,58.898944
4/18/1928,52.38608
4/19/1928,46.439552
4/20/1928,41.625696
4/21/1928,39.360352
4/22/1928,39.360352
4/23/1928,38.22768
4/24/1928,38.22768
4/25/1928,38.22768
4/26/1928,37.095008
4/27/1928,35.962336
4/28/1928,35.962336
4/29/1928,34.829664
4/30/1928,34.829664
5/1/1928,33.696992
5/2/1928,31.431648
5/3/1928,29.449472
5/4/1928,31.431648
5/5/1928,32.56432
5/6/1928,32.56432
5/7/1928,32.56432
5/8/1928,33.696992
5/9/1928,33.696992
5/10/1928,35.962336
5/11/1928,38.22768
5/12/1928,38.22768
5/13/1928,39.360352
5/14/1928,52.38608
5/15/1928,47.572224
5/16/1928,57.483104
5/17/1928,42.758368
5/18/1928,40.209856
5/19/1928,31.431648
5/20/1928,24.8904672
5/21/1928,22.7100736
5/22/1928,17.3581984
5/23/1928,15.291072
5/24/1928,13.308896
5/25/1928,11.5249376
5/26/1928,10.7037504
5/27/1928,9.1463264
5/28/1928,9.1463264
5/29/1928,8.4384064
5/30/1928,8.4384064
5/31/1928,8.4384064
6/1/1928,8.4384064
6/2/1928,9.1463264
6/3/1928,10.7037504
6/4/1928,10.7037504
6/5/1928,11.5249376
6/6/1928,10.7037504
6/7/1928,10.7037504
6/8/1928,9.91088
6/9/1928,9.91088
6/10/1928,11.5249376
6/11/1928,27.0991776
6/12/1928,34.829664
6/13/1928,38.22768
6/14/1928,39.360352
6/15/1928,52.38608
6/16/1928,65.12864
6/17/1928,67.96032
6/18/1928,62.580128
6/19/1928,45.023712
6/20/1928,39.360352
6/21/1928,33.696992
6/22/1928,29.449472
6/23/1928,20.5579968
6/24/1928,20.5579968
6/25/1928,22.7100736
6/26/1928,24.8904672
6/27/1928,30.298976
6/28/1928,29.449472
6/29/1928,22.7100736
6/30/1928,18.40592
7/1/1928,13.308896
7/2/1928,13.308896
7/3/1928,13.308896
7/4/1928,14.2716672
7/5/1928,16.3104768
7/6/1928,17.3581984
7/7/1928,18.40592
7/8/1928,17.3581984
7/9/1928,17.3581984
7/10/1928,17.3581984
7/11/1928,16.3104768
7/12/1928,15.291072
7/13/1928,14.2716672
7/14/1928,12.4027584
7/15/1928,13.308896
7/16/1928,10.7037504
7/17/1928,9.1463264
7/18/1928,8.4384064
7/19/1928,7.1641504
7/20/1928,6.5694976
7/21/1928,5.9748448
7/22/1928,5.4085088
7/23/1928,5.4085088
7/24/1928,4.8704896
7/25/1928,4.3607872
7/26/1928,4.3607872
7/27/1928,4.8704896
7/28/1928,5.9748448
7/29/1928,5.4085088
7/30/1928,5.9748448
7/31/1928,7.1641504
8/1/1928,9.1463264
8/2/1928,9.91088
8/3/1928,10.7037504
8/4/1928,9.1463264
8/5/1928,9.1463264
8/6/1928,9.1463264
8/7/1928,9.91088
8/8/1928,9.91088
8/9/1928,9.1463264
8/10/1928,9.1463264
8/11/1928,9.91088
8/12/1928,10.7037504
8/13/1928,11.5249376
8/14/1928,10.7037504
8/15/1928,9.1463264
8/16/1928,8.4384064
8/17/1928,7.1641504
8/18/1928,5.9748448
8/19/1928,4.8704896
8/20/1928,4.3607872
8/21/1928,3.8510848
8/22/1928,3.3696992
8/23/1928,2.9166304
8/24/1928,2.4918784
8/25/1928,2.4918784
8/26/1928,2.0954432
8/27/1928,2.0954432
8/28/1928,1.7273248
8/29/1928,1.7273248
8/30/1928,2.4918784
8/31/1928,2.0954432
9/1/1928,2.0954432
9/2/1928,1.7273248
9/3/1928,1.41584
9/4/1928,1.41584
9/5/1928,1.132672
9/6/1928,1.132672
9/7/1928,1.41584
9/8/1928,1.41584
9/9/1928,1.7273248
9/10/1928,2.0954432
9/11/1928,1.7273248
9/12/1928,1.7273248
9/13/1928,1.7273248
9/14/1928,1.7273248
9/15/1928,1.7273248
9/16/1928,1.7273248
9/17/1928,1.41584
9/18/1928,1.41584
9/19/1928,1.41584
9/20/1928,1.132672
9/21/1928,1.132672
9/22/1928,1.132672
9/23/1928,1.132672
9/24/1928,1.132672
9/25/1928,0.849504
9/26/1928,0.849504
9/27/1928,0.849504
9/28/1928,0.849504
9/29/1928,0.849504
9/30/1928,0.849504
10/1/1928,0.849504
10/2/1928,0.849504
10/3/1928,0.5946528
10/4/1928,0.5946528
10/5/1928,0.5946528
10/6/1928,0.849504
10/7/1928,0.849504
10/8/1928,0.849504
10/9/1928,0.849504
10/10/1928,0.849504
10/11/1928,1.132672
10/12/1928,1.132672
10/13/1928,1.132672
10/14/1928,1.132672
10/15/1928,1.132672
10/16/1928,1.132672
10/17/1928,1.41584
10/18/1928,1.7273248
10/19/1928,1.41584
10/20/1928,1.41584
10/21/1928,1.41584
10/22/1928,1.41584
10/23/1928,1.41584
10/24/1928,1.41584
10/25/1928,1.41584
10/26/1928,1.41584
10/27/1928,1.41584
10/28/1928,1.132672
10/29/1928,1.132672
10/30/1928,1.132672
10/31/1928,1.132672
11/1/1928,1.132672
11/2/1928,3.8510848
11/3/1928,3.3696992
11/4/1928,2.0954432
11/5/1928,2.0954432
11/6/1928,2.0954432
11/7/1928,2.0954432
11/8/1928,5.4085088
11/9/1928,10.7037504
11/10/1928,12.4027584
11/11/1928,13.308896
11/12/1928,14.2716672
11/13/1928,14.2716672
11/14/1928,15.291072
11/15/1928,15.291072
11/16/1928,15.291072
11/17/1928,15.291072
11/18/1928,15.291072
11/19/1928,15.291072
11/20/1928,15.291072
11/21/1928,14.2716672
11/22/1928,13.308896
11/23/1928,11.5249376
11/24/1928,9.91088
11/25/1928,9.1463264
11/26/1928,8.4384064
11/27/1928,7.1641504
11/28/1928,7.1641504
11/29/1928,7.1641504
11/30/1928,7.1641504
12/1/1928,7.78712
12/2/1928,9.91088
12/3/1928,9.91088
12/4/1928,10.7037504
12/5/1928,10.7037504
12/6/1928,9.91088
12/7/1928,9.91088
12/8/1928,10.7037504
12/9/1928,10.7037504
12/10/1928,11.5249376
12/11/1928,12.4027584
12/12/1928,13.308896
12/13/1928,24.8904672
12/14/1928,32.56432
12/15/1928,32.56432
12/16/1928,23.786112
12/17/1928,21.6340352
12/18/1928,19.4819584
12/19/1928,18.40592
12/20/1928,18.40592
12/21/1928,19.4819584
12/22/1928,21.6340352
12/23/1928,22.7100736
12/24/1928,24.8904672
12/25/1928,25.9948224
12/26/1928,27.0991776
12/27/1928,28.2035328
12/28/1928,29.449472
12/29/1928,30.298976
12/30/1928,32.56432
12/31/1928,34.829664
1/1/1929,35.962336
1/2/1929,38.22768
1/3/1929,39.360352
1/4/1929,41.625696
1/5/1929,60.031616
1/6/1929,63.995968
1/7/1929,62.580128
1/8/1929,62.580128
1/9/1929,65.12864
1/10/1929,77.304864
1/11/1929,80.136544
1/12/1929,78.720704
1/13/1929,77.304864
1/14/1929,75.889024
1/15/1929,75.889024
1/16/1929,77.304864
1/17/1929,71.924672
1/18/1929,65.12864
1/19/1929,63.995968
1/20/1929,62.580128
1/21/1929,61.164288
1/22/1929,60.031616
1/23/1929,58.898944
1/24/1929,58.898944
1/25/1929,60.031616
1/26/1929,61.164288
1/27/1929,62.580128
1/28/1929,62.580128
1/29/1929,63.995968
1/30/1929,65.12864
1/31/1929,66.54448
2/1/1929,67.96032
2/2/1929,81.835552
2/3/1929,98.825632
2/4/1929,97.126624
2/5/1929,95.427616
2/6/1929,117.797888
2/7/1929,114.116704
2/8/1929,110.43552
2/9/1929,107.037504
2/10/1929,100.52464
2/11/1929,90.61376
2/12/1929,84.667232
2/13/1929,77.304864
2/14/1929,69.092992
2/15/1929,66.54448
2/16/1929,70.508832
2/17/1929,70.508832
2/18/1929,67.96032
2/19/1929,65.12864
2/20/1929,62.580128
2/21/1929,60.031616
2/22/1929,56.067264
2/23/1929,54.934592
2/24/1929,53.80192
2/25/1929,52.38608
2/26/1929,74.756352
2/27/1929,71.924672
2/28/1929,66.54448
3/1/1929,61.164288
3/2/1929,56.067264
3/3/1929,52.38608
3/4/1929,52.38608
3/5/1929,63.995968
3/6/1929,52.38608
3/7/1929,48.704896
3/8/1929,46.439552
3/9/1929,43.89104
3/10/1929,41.625696
3/11/1929,40.209856
3/12/1929,40.209856
3/13/1929,80.136544
3/14/1929,107.037504
3/15/1929,98.825632
3/16/1929,89.19792
3/17/1929,83.251392
3/18/1929,78.720704
3/19/1929,74.756352
3/20/1929,71.924672
3/21/1929,69.092992
3/22/1929,93.728608
3/23/1929,136.486976
3/24/1929,140.451328
3/25/1929,148.096864
3/26/1929,155.7424
3/27/1929,148.096864
3/28/1929,140.451328
3/29/1929,128.84144
3/30/1929,117.797888
3/31/1929,100.52464
4/1/1929,89.19792
4/2/1929,80.136544
4/3/1929,75.889024
4/4/1929,71.924672
4/5/1929,69.092992
4/6/1929,67.96032
4/7/1929,63.995968
4/8/1929,60.031616
4/9/1929,78.720704
4/10/1929,78.720704
4/11/1929,66.54448
4/12/1929,58.898944
4/13/1929,49.837568
4/14/1929,56.067264
4/15/1929,58.898944
4/16/1929,58.898944
4/17/1929,60.031616
4/18/1929,58.898944
4/19/1929,53.80192
4/20/1929,46.439552
4/21/1929,43.89104
4/22/1929,41.625696
4/23/1929,41.625696
4/24/1929,40.209856
4/25/1929,38.22768
4/26/1929,35.962336
4/27/1929,35.962336
4/28/1929,34.829664
4/29/1929,34.829664
4/30/1929,38.22768
5/1/1929,46.439552
5/2/1929,47.572224
5/3/1929,48.704896
5/4/1929,49.837568
5/5/1929,49.837568
5/6/1929,49.837568
5/7/1929,48.704896
5/8/1929,45.023712
5/9/1929,39.360352
5/10/1929,31.431648
5/11/1929,31.431648
5/12/1929,35.962336
5/13/1929,88.065248
5/14/1929,280.33632
5/15/1929,342.63328
5/16/1929,404.93024
5/17/1929,410.5936
5/18/1929,396.4352
5/19/1929,487.04896
5/20/1929,387.94016
5/21/1929,385.10848
5/22/1929,368.1184
5/23/1929,348.29664
5/24/1929,325.6432
5/25/1929,302.98976
5/26/1929,274.389792
5/27/1929,252.585856
5/28/1929,396.4352
5/29/1929,682.43488
5/30/1929,767.38528
5/31/1929,874.98912
6/1/1929,968.43456
6/2/1929,937.28608
6/3/1929,798.53376
6/4/1929,617.30624
6/5/1929,478.55392
6/6/1929,410.5936
6/7/1929,376.61344
6/8/1929,339.8016
6/9/1929,308.65312
6/10/1929,278.354144
6/11/1929,250.60368
6/12/1929,224.835392
6/13/1929,201.04928
6/14/1929,201.04928
6/15/1929,216.906688
6/16/1929,193.120576
6/17/1929,161.688928
6/18/1929,132.805792
6/19/1929,107.037504
6/20/1929,93.728608
6/21/1929,84.667232
6/22/1929,78.720704
6/23/1929,73.340512
6/24/1929,70.508832
6/25/1929,65.12864
6/26/1929,60.031616
6/27/1929,57.483104
6/28/1929,46.439552
6/29/1929,40.209856
6/30/1929,27.0991776
7/1/1929,20.5579968
7/2/1929,16.3104768
7/3/1929,16.3104768
7/4/1929,33.696992
7/5/1929,47.572224
7/6/1929,60.031616
7/7/1929,52.38608
7/8/1929,48.704896
7/9/1929,45.023712
7/10/1929,33.696992
7/11/1929,27.0991776
7/12/1929,20.5579968
7/13/1929,18.40592
7/14/1929,16.3104768
7/15/1929,14.2716672
7/16/1929,12.4027584
7/17/1929,10.7037504
7/18/1929,10.7037504
7/19/1929,10.7037504
7/20/1929,8.778208
7/21/1929,8.0986048
7/22/1929,7.4756352
7/23/1929,7.4756352
7/24/1929,7.4756352
7/25/1929,6.2863296
7/26/1929,5.6916768
7/27/1929,5.6916768
7/28/1929,5.1536576
7/29/1929,5.1536576
7/30/1929,5.1536576
7/31/1929,5.6916768
8/1/1929,5.6916768
8/2/1929,5.6916768
8/3/1929,5.1536576
8/4/1929,5.1536576
8/5/1929,4.6156384
8/6/1929,4.6156384
8/7/1929,3.8510848
8/8/1929,3.8510848
8/9/1929,3.3696992
8/10/1929,3.3696992
8/11/1929,2.9166304
8/12/1929,2.4918784
8/13/1929,2.4918784
8/14/1929,2.0954432
8/15/1929,2.0954432
8/16/1929,2.0954432
8/17/1929,2.0954432
8/18/1929,1.7273248
8/19/1929,1.7273248
8/20/1929,1.7273248
8/21/1929,1.7273248
8/22/1929,1.7273248
8/23/1929,1.41584
8/24/1929,1.41584
8/25/1929,1.41584
8/26/1929,1.7273248
8/27/1929,1.7273248
8/28/1929,1.41584
8/29/1929,1.41584
8/30/1929,1.41584
8/31/1929,1.41584
9/1/1929,1.41584
9/2/1929,1.41584
9/3/1929,1.132672
9/4/1929,1.132672
9/5/1929,1.132672
9/6/1929,1.132672
9/7/1929,1.132672
9/8/1929,1.41584
9/9/1929,1.41584
9/10/1929,1.132672
9/11/1929,1.41584
9/12/1929,1.41584
9/13/1929,1.132672
9/14/1929,5.4085088
9/15/1929,4.3607872
9/16/1929,3.8510848
9/17/1929,6.5694976
9/18/1929,5.9748448
9/19/1929,3.8510848
9/20/1929,2.4918784
9/21/1929,2.0954432
9/22/1929,1.7273248
9/23/1929,2.0954432
9/24/1929,3.3696992
9/25/1929,3.8510848
9/26/1929,4.3607872
9/27/1929,3.8510848
9/28/1929,3.8510848
9/29/1929,3.3696992
9/30/1929,2.9166304
10/1/1929,2.4918784
10/2/1929,2.0954432
10/3/1929,2.0954432
10/4/1929,1.7273248
10/5/1929,1.7273248
10/6/1929,1.41584
10/7/1929,1.41584
10/8/1929,1.41584
10/9/1929,1.41584
10/10/1929,1.41584
10/11/1929,1.41584
10/12/1929,1.132672
10/13/1929,1.132672
10/14/1929,1.132672
10/15/1929,1.132672
10/16/1929,1.132672
10/17/1929,1.132672
10/18/1929,1.132672
10/19/1929,1.132672
10/20/1929,1.132672
10/21/1929,1.132672
10/22/1929,0.849504
10/23/1929,0.849504
10/24/1929,0.849504
10/25/1929,0.849504
10/26/1929,0.849504
10/27/1929,1.132672
10/28/1929,1.132672
10/29/1929,1.41584
10/30/1929,1.41584
10/31/1929,1.41584
11/1/1929,1.7273248
11/2/1929,1.7273248
11/3/1929,1.7273248
11/4/1929,1.7273248
11/5/1929,1.7273248
11/6/1929,2.4918784
11/7/1929,3.3696992
11/8/1929,4.3607872
11/9/1929,5.4085088
11/10/1929,14.2716672
11/11/1929,10.7037504
11/12/1929,22.7100736
11/13/1929,65.12864
11/14/1929,41.625696
11/15/1929,31.431648
11/16/1929,28.2035328
11/17/1929,28.2035328
11/18/1929,27.0991776
11/19/1929,24.8904672
11/20/1929,22.7100736
11/21/1929,20.5579968
11/22/1929,33.696992
11/23/1929,29.449472
11/24/1929,25.9948224
11/25/1929,25.9948224
11/26/1929,27.0991776
11/27/1929,25.9948224
11/28/1929,24.8904672
11/29/1929,22.7100736
11/30/1929,20.5579968
12/1/1929,18.40592
12/2/1929,23.786112
12/3/1929,20.5579968
12/4/1929,18.40592
12/5/1929,16.3104768
12/6/1929,16.3104768
12/7/1929,17.3581984
12/8/1929,17.3581984
12/9/1929,16.3104768
12/10/1929,15.291072
12/11/1929,15.291072
12/12/1929,15.291072
12/13/1929,15.291072
12/14/1929,16.3104768
12/15/1929,18.40592
12/16/1929,20.5579968
12/17/1929,29.449472
12/18/1929,37.095008
12/19/1929,33.696992
12/20/1929,33.696992
12/21/1929,31.431648
12/22/1929,29.449472
12/23/1929,28.2035328
12/24/1929,27.0991776
12/25/1929,31.431648
12/26/1929,34.829664
12/27/1929,37.095008
12/28/1929,35.962336
12/29/1929,34.829664
12/30/1929,33.696992
12/31/1929,32.56432
1/1/1930,31.431648
1/2/1930,29.449472
1/3/1930,28.2035328
1/4/1930,29.449472
1/5/1930,29.449472
1/6/1930,29.449472
1/7/1930,30.298976
1/8/1930,38.22768
1/9/1930,81.835552
1/10/1930,128.84144
1/11/1930,136.486976
1/12/1930,148.096864
1/13/1930,175.280992
1/14/1930,183.209696
1/15/1930,193.120576
1/16/1930,187.174048
1/17/1930,173.298816
1/18/1930,136.486976
1/19/1930,103.639488
1/20/1930,73.340512
1/21/1930,114.116704
1/22/1930,105.338496
1/23/1930,112.134528
1/24/1930,121.479072
1/25/1930,121.479072
1/26/1930,119.496896
1/27/1930,123.461248
1/28/1930,126.859264
1/29/1930,163.387936
1/30/1930,169.334464
1/31/1930,173.298816
2/1/1930,167.352288
2/2/1930,161.688928
2/3/1930,155.7424
2/4/1930,201.04928
2/5/1930,212.942336
2/6/1930,226.817568
2/7/1930,246.639328
2/8/1930,258.532384
2/9/1930,262.496736
2/10/1930,252.585856
2/11/1930,234.746272
2/12/1930,214.924512
2/13/1930,193.120576
2/14/1930,169.334464
2/15/1930,157.724576
2/16/1930,144.132512
2/17/1930,134.5048
2/18/1930,130.823616
2/19/1930,132.805792
2/20/1930,132.805792
2/21/1930,126.859264
2/22/1930,117.797888
2/23/1930,108.736512
2/24/1930,100.52464
2/25/1930,92.312768
2/26/1930,84.667232
2/27/1930,77.304864
2/28/1930,123.461248
3/1/1930,126.859264
3/2/1930,130.823616
3/3/1930,130.823616
3/4/1930,121.479072
3/5/1930,114.116704
3/6/1930,98.825632
3/7/1930,86.083072
3/8/1930,73.340512
3/9/1930,69.092992
3/10/1930,65.12864
3/11/1930,62.580128
3/12/1930,62.580128
3/13/1930,62.580128
3/14/1930,60.031616
3/15/1930,60.031616
3/16/1930,60.031616
3/17/1930,60.031616
3/18/1930,60.031616
3/19/1930,77.304864
3/20/1930,81.835552
3/21/1930,77.304864
3/22/1930,100.52464
3/23/1930,105.338496
3/24/1930,105.338496
3/25/1930,100.52464
3/26/1930,97.126624
3/27/1930,93.728608
3/28/1930,97.126624
3/29/1930,119.496896
3/30/1930,123.461248
3/31/1930,125.160256
4/1/1930,117.797888
4/2/1930,112.134528
4/3/1930,93.728608
4/4/1930,87.78208
4/5/1930,83.251392
4/6/1930,75.889024
4/7/1930,65.12864
4/8/1930,60.031616
4/9/1930,52.38608
4/10/1930,49.837568
4/11/1930,47.572224
4/12/1930,45.023712
4/13/1930,45.023712
4/14/1930,42.758368
4/15/1930,40.209856
4/16/1930,38.22768
4/17/1930,33.696992
4/18/1930,31.431648
4/19/1930,27.0991776
4/20/1930,24.8904672
4/21/1930,22.7100736
4/22/1930,20.5579968
4/23/1930,18.40592
4/24/1930,16.3104768
4/25/1930,16.3104768
4/26/1930,14.2716672
4/27/1930,12.4027584
4/28/1930,12.4027584
4/29/1930,10.7037504
4/30/1930,10.7037504
5/1/1930,10.7037504
5/2/1930,10.7037504
5/3/1930,10.7037504
5/4/1930,10.7037504
5/5/1930,10.7037504
5/6/1930,10.7037504
5/7/1930,12.4027584
5/8/1930,16.3104768
5/9/1930,16.3104768
5/10/1930,14.2716672
5/11/1930,18.40592
5/12/1930,22.7100736
5/13/1930,29.449472
5/14/1930,33.696992
5/15/1930,45.023712
5/16/1930,49.837568
5/17/1930,49.837568
5/18/1930,49.837568
5/19/1930,65.12864
5/20/1930,70.508832
5/21/1930,73.340512
5/22/1930,75.889024
5/23/1930,84.667232
5/24/1930,98.825632
5/25/1930,117.797888
5/26/1930,181.22752
5/27/1930,234.746272
5/28/1930,280.33632
5/29/1930,294.49472
5/30/1930,297.3264
5/31/1930,285.99968
6/1/1930,278.354144
6/2/1930,270.42544
6/3/1930,260.51456
6/4/1930,248.621504
6/5/1930,232.764096
6/6/1930,216.906688
6/7/1930,199.067104
6/8/1930,179.245344
6/9/1930,159.706752
6/10/1930,140.451328
6/11/1930,121.479072
6/12/1930,105.338496
6/13/1930,92.312768
6/14/1930,78.720704
6/15/1930,67.96032
6/16/1930,54.934592
6/17/1930,45.023712
6/18/1930,31.431648
6/19/1930,27.0991776
6/20/1930,24.8904672
6/21/1930,20.5579968
6/22/1930,18.40592
6/23/1930,16.3104768
6/24/1930,14.2716672
6/25/1930,12.4027584
6/26/1930,10.7037504
6/27/1930,9.5144448
6/28/1930,9.5144448
6/29/1930,8.778208
6/30/1930,8.0986048
7/1/1930,6.8526656
7/2/1930,6.8526656
7/3/1930,6.2863296
7/4/1930,5.6916768
7/5/1930,5.6916768
7/6/1930,5.1536576
7/7/1930,5.1536576
7/8/1930,5.1536576
7/9/1930,5.1536576
7/10/1930,5.1536576
7/11/1930,5.6916768
7/12/1930,5.6916768
7/13/1930,5.6916768
7/14/1930,5.1536576
7/15/1930,5.1536576
7/16/1930,4.6156384
7/17/1930,4.6156384
7/18/1930,4.105936
7/19/1930,4.105936
7/20/1930,3.6245504
7/21/1930,3.1431648
7/22/1930,3.1431648
7/23/1930,3.1431648
7/24/1930,2.7184128
7/25/1930,2.7184128
7/26/1930,2.2936608
7/27/1930,2.2936608
7/28/1930,2.2936608
7/29/1930,2.2936608
7/30/1930,2.2936608
7/31/1930,2.2936608
8/1/1930,2.2936608
8/2/1930,2.2936608
8/3/1930,2.2936608
8/4/1930,1.9255424
8/5/1930,2.2936608
8/6/1930,2.2936608
8/7/1930,1.9255424
8/8/1930,1.9255424
8/9/1930,1.5857408
8/10/1930,1.5857408
8/11/1930,1.5857408
8/12/1930,1.5857408
8/13/1930,1.9255424
8/14/1930,1.9255424
8/15/1930,1.9255424
8/16/1930,1.5857408
8/17/1930,1.5857408
8/18/1930,1.274256
8/19/1930,1.274256
8/20/1930,1.274256
8/21/1930,1.274256
8/22/1930,0.991088
8/23/1930,0.991088
8/24/1930,0.991088
8/25/1930,1.274256
8/26/1930,0.991088
8/27/1930,0.991088
8/28/1930,0.991088
8/29/1930,1.9255424
8/30/1930,2.2936608
8/31/1930,2.2936608
9/1/1930,3.1431648
9/2/1930,3.6245504
9/3/1930,3.6245504
9/4/1930,3.6245504
9/5/1930,3.6245504
9/6/1930,4.105936
9/7/1930,5.1536576
9/8/1930,4.105936
9/9/1930,3.1431648
9/10/1930,2.7184128
9/11/1930,2.2936608
9/12/1930,1.9255424
9/13/1930,1.9255424
9/14/1930,1.9255424
9/15/1930,3.6245504
9/16/1930,4.105936
9/17/1930,4.105936
9/18/1930,3.6245504
9/19/1930,3.6245504
9/20/1930,3.6245504
9/21/1930,3.1431648
9/22/1930,2.7184128
9/23/1930,2.2936608
9/24/1930,2.2936608
9/25/1930,2.7184128
9/26/1930,3.6245504
9/27/1930,4.6156384
9/28/1930,4.6156384
9/29/1930,3.6245504
9/30/1930,3.1431648
10/1/1930,2.4918784
10/2/1930,2.0954432
10/3/1930,1.7273248
10/4/1930,1.7273248
10/5/1930,2.0954432
10/6/1930,16.5086944
10/7/1930,91.180096
10/8/1930,90.61376
10/9/1930,73.340512
10/10/1930,45.023712
10/11/1930,35.962336
10/12/1930,31.431648
10/13/1930,29.449472
10/14/1930,27.0991776
10/15/1930,25.9948224
10/16/1930,24.8904672
10/17/1930,22.7100736
10/18/1930,21.6340352
10/19/1930,19.4819584
10/20/1930,17.3581984
10/21/1930,15.291072
10/22/1930,14.2716672
10/23/1930,13.308896
10/24/1930,12.4027584
10/25/1930,11.5249376
10/26/1930,10.7037504
10/27/1930,36.245504
10/28/1930,49.837568
10/29/1930,32.56432
10/30/1930,18.40592
10/31/1930,15.291072
11/1/1930,11.5249376
11/2/1930,10.7037504
11/3/1930,10.7037504
11/4/1930,9.91088
11/5/1930,9.1463264
11/6/1930,8.4384064
11/7/1930,8.4384064
11/8/1930,7.78712
11/9/1930,7.78712
11/10/1930,7.78712
11/11/1930,7.1641504
11/12/1930,7.1641504
11/13/1930,7.1641504
11/14/1930,7.1641504
11/15/1930,9.91088
11/16/1930,20.5579968
11/17/1930,22.7100736
11/18/1930,21.6340352
11/19/1930,23.786112
11/20/1930,29.449472
11/21/1930,33.696992
11/22/1930,32.56432
11/23/1930,31.431648
11/24/1930,30.298976
11/25/1930,27.0991776
11/26/1930,23.786112
11/27/1930,20.5579968
11/28/1930,17.3581984
11/29/1930,23.4179936
11/30/1930,95.427616
12/1/1930,107.037504
12/2/1930,108.736512
12/3/1930,100.52464
12/4/1930,90.61376
12/5/1930,144.132512
12/6/1930,155.7424
12/7/1930,171.31664
12/8/1930,185.191872
12/9/1930,183.209696
12/10/1930,173.298816
12/11/1930,157.724576
12/12/1930,138.469152
12/13/1930,121.479072
12/14/1930,105.338496
12/15/1930,92.312768
12/16/1930,77.304864
12/17/1930,67.96032
12/18/1930,63.995968
12/19/1930,62.580128
12/20/1930,60.031616
12/21/1930,58.898944
12/22/1930,57.483104
12/23/1930,56.067264
12/24/1930,53.80192
12/25/1930,52.38608
12/26/1930,106.754336
12/27/1930,112.134528
12/28/1930,116.09888
12/29/1930,110.43552
12/30/1930,101.94048
12/31/1930,92.312768
1/1/1931,86.083072
1/2/1931,77.304864
1/3/1931,66.54448
1/4/1931,75.889024
1/5/1931,73.340512
1/6/1931,70.508832
1/7/1931,62.580128
1/8/1931,57.483104
1/9/1931,56.067264
1/10/1931,77.021696
1/11/1931,168.48496
1/12/1931,210.96016
1/13/1931,201.04928
1/14/1931,203.031456
1/15/1931,193.120576
1/16/1931,183.209696
1/17/1931,177.263168
1/18/1931,185.191872
1/19/1931,175.280992
1/20/1931,163.387936
1/21/1931,148.096864
1/22/1931,140.451328
1/23/1931,126.859264
1/24/1931,116.09888
1/25/1931,103.639488
1/26/1931,97.126624
1/27/1931,90.61376
1/28/1931,84.667232
1/29/1931,80.136544
1/30/1931,77.304864
1/31/1931,73.340512
2/1/1931,70.508832
2/2/1931,74.756352
2/3/1931,90.61376
2/4/1931,107.037504
2/5/1931,116.09888
2/6/1931,110.43552
2/7/1931,110.43552
2/8/1931,128.558272
2/9/1931,177.263168
2/10/1931,191.1384
2/11/1931,195.102752
2/12/1931,187.174048
2/13/1931,175.280992
2/14/1931,169.334464
2/15/1931,165.370112
2/16/1931,159.706752
2/17/1931,153.760224
2/18/1931,135.637472
2/19/1931,110.43552
2/20/1931,103.639488
2/21/1931,93.728608
2/22/1931,83.251392
2/23/1931,107.037504
2/24/1931,114.116704
2/25/1931,117.797888
2/26/1931,119.496896
2/27/1931,123.461248
2/28/1931,132.805792
3/1/1931,146.114688
3/2/1931,169.334464
3/3/1931,175.280992
3/4/1931,179.245344
3/5/1931,181.22752
3/6/1931,177.263168
3/7/1931,177.263168
3/8/1931,177.263168
3/9/1931,179.245344
3/10/1931,177.263168
3/11/1931,167.352288
3/12/1931,150.07904
3/13/1931,134.5048
3/14/1931,116.09888
3/15/1931,100.52464
3/16/1931,92.312768
3/17/1931,84.667232
3/18/1931,77.304864
3/19/1931,73.340512
3/20/1931,83.251392
3/21/1931,83.251392
3/22/1931,81.835552
3/23/1931,80.136544
3/24/1931,80.136544
3/25/1931,80.136544
3/26/1931,78.720704
3/27/1931,73.340512
3/28/1931,66.54448
3/29/1931,62.580128
3/30/1931,65.694976
3/31/1931,93.728608
4/1/1931,103.639488
4/2/1931,114.116704
4/3/1931,119.496896
4/4/1931,117.797888
4/5/1931,114.116704
4/6/1931,107.037504
4/7/1931,98.825632
4/8/1931,92.312768
4/9/1931,89.19792
4/10/1931,92.312768
4/11/1931,95.427616
4/12/1931,90.61376
4/13/1931,81.835552
4/14/1931,70.508832
4/15/1931,58.898944
4/16/1931,51.253408
4/17/1931,46.439552
4/18/1931,43.89104
4/19/1931,42.758368
4/20/1931,41.625696
4/21/1931,40.209856
4/22/1931,39.360352
4/23/1931,38.22768
4/24/1931,37.095008
4/25/1931,37.095008
4/26/1931,35.962336
4/27/1931,35.962336
4/28/1931,34.829664
4/29/1931,34.829664
4/30/1931,58.332608
5/1/1931,165.370112
5/2/1931,189.156224
5/3/1931,197.084928
5/4/1931,193.120576
5/5/1931,183.209696
5/6/1931,163.387936
5/7/1931,148.096864
5/8/1931,140.451328
5/9/1931,130.823616
5/10/1931,117.797888
5/11/1931,110.43552
5/12/1931,107.037504
5/13/1931,92.312768
5/14/1931,71.924672
5/15/1931,65.12864
5/16/1931,60.031616
5/17/1931,57.483104
5/18/1931,54.934592
5/19/1931,57.483104
5/20/1931,66.54448
5/21/1931,66.54448
5/22/1931,69.092992
5/23/1931,66.54448
5/24/1931,61.164288
5/25/1931,54.934592
5/26/1931,47.572224
5/27/1931,40.209856
5/28/1931,35.962336
5/29/1931,33.696992
5/30/1931,29.449472
5/31/1931,28.2035328
6/1/1931,25.9948224
6/2/1931,22.7100736
6/3/1931,20.5579968
6/4/1931,18.40592
6/5/1931,17.3581984
6/6/1931,16.3104768
6/7/1931,15.291072
6/8/1931,14.2716672
6/9/1931,13.308896
6/10/1931,11.5249376
6/11/1931,10.7037504
6/12/1931,9.91088
6/13/1931,9.1463264
6/14/1931,8.4384064
6/15/1931,8.4384064
6/16/1931,7.78712
6/17/1931,7.1641504
6/18/1931,6.5694976
6/19/1931,6.5694976
6/20/1931,6.5694976
6/21/1931,6.5694976
6/22/1931,7.1641504
6/23/1931,7.1641504
6/24/1931,6.5694976
6/25/1931,6.5694976
6/26/1931,5.9748448
6/27/1931,5.9748448
6/28/1931,5.9748448
6/29/1931,5.4085088
6/30/1931,5.4085088
7/1/1931,5.4085088
7/2/1931,5.9748448
7/3/1931,5.9748448
7/4/1931,5.9748448
7/5/1931,5.9748448
7/6/1931,5.4085088
7/7/1931,4.8704896
7/8/1931,3.8510848
7/9/1931,3.8510848
7/10/1931,3.3696992
7/11/1931,2.4918784
7/12/1931,2.4918784
7/13/1931,2.4918784
7/14/1931,3.8510848
7/15/1931,3.3696992
7/16/1931,2.4918784
7/17/1931,2.4918784
7/18/1931,2.4918784
7/19/1931,2.4918784
7/20/1931,2.0954432
7/21/1931,4.3607872
7/22/1931,5.9748448
7/23/1931,6.5694976
7/24/1931,6.5694976
7/25/1931,5.9748448
7/26/1931,5.4085088
7/27/1931,4.8704896
7/28/1931,4.3607872
7/29/1931,4.3607872
7/30/1931,3.8510848
7/31/1931,3.3696992
8/1/1931,2.4918784
8/2/1931,3.0298976
8/3/1931,6.5694976
8/4/1931,5.9748448
8/5/1931,5.4085088
8/6/1931,4.3607872
8/7/1931,4.3607872
8/8/1931,3.8510848
8/9/1931,3.3696992
8/10/1931,2.4918784
8/11/1931,2.0954432
8/12/1931,2.0954432
8/13/1931,1.7273248
8/14/1931,1.7273248
8/15/1931,2.0954432
8/16/1931,2.0954432
8/17/1931,2.4918784
8/18/1931,2.4918784
8/19/1931,2.0954432
8/20/1931,2.4918784
8/21/1931,2.4918784
8/22/1931,3.3696992
8/23/1931,3.8510848
8/24/1931,6.5694976
8/25/1931,6.5694976
8/26/1931,5.9748448
8/27/1931,5.4085088
8/28/1931,4.3607872
8/29/1931,3.8510848
8/30/1931,3.3696992
8/31/1931,2.0954432
9/1/1931,1.7273248
9/2/1931,1.7273248
9/3/1931,1.41584
9/4/1931,2.4918784
9/5/1931,4.3607872
9/6/1931,4.8704896
9/7/1931,4.3607872
9/8/1931,3.8510848
9/9/1931,3.3696992
9/10/1931,2.4918784
9/11/1931,2.0954432
9/12/1931,2.0954432
9/13/1931,1.7273248
9/14/1931,1.7273248
9/15/1931,1.7273248
9/16/1931,1.7273248
9/17/1931,1.7273248
9/18/1931,1.7273248
9/19/1931,1.7273248
9/20/1931,1.7273248
9/21/1931,1.132672
9/22/1931,1.132672
9/23/1931,1.132672
9/24/1931,0.849504
9/25/1931,0.849504
9/26/1931,0.3964352
9/27/1931,0.3964352
9/28/1931,0.3964352
9/29/1931,0.3964352
9/30/1931,0.2265344
10/1/1931,0.2265344
10/2/1931,0.2265344
10/3/1931,0.2265344
10/4/1931,0.2265344
10/5/1931,0.2265344
10/6/1931,0.5946528
10/7/1931,0.5946528
10/8/1931,0.3964352
10/9/1931,0.1132672
10/10/1931,0.1132672
10/11/1931,0.1132672
10/12/1931,0.1132672
10/13/1931,0.1132672
10/14/1931,0.1132672
10/15/1931,0.0849504
10/16/1931,0.1132672
10/17/1931,0.1132672
10/18/1931,0.1132672
10/19/1931,0.1132672
10/20/1931,0.1132672
10/21/1931,0.1132672
10/22/1931,0.1132672
10/23/1931,0.1132672
10/24/1931,0.1132672
10/25/1931,0.1132672
10/26/1931,0.1132672
10/27/1931,0.2265344
10/28/1931,0.3964352
10/29/1931,1.132672
10/30/1931,2.0954432
10/31/1931,3.8510848
11/1/1931,4.3607872
11/2/1931,3.8510848
11/3/1931,3.3696992
11/4/1931,2.9166304
11/5/1931,3.3696992
11/6/1931,1.7273248
11/7/1931,1.7273248
11/8/1931,1.41584
11/9/1931,1.132672
11/10/1931,1.132672
11/11/1931,1.132672
11/12/1931,0.849504
11/13/1931,1.132672
11/14/1931,1.132672
11/15/1931,1.132672
11/16/1931,1.132672
11/17/1931,1.7273248
11/18/1931,2.9166304
11/19/1931,3.1997984
11/20/1931,13.2522624
11/21/1931,19.4819584
11/22/1931,14.2716672
11/23/1931,9.1463264
11/24/1931,6.5694976
11/25/1931,7.78712
11/26/1931,7.78712
11/27/1931,8.4384064
11/28/1931,8.4384064
11/29/1931,7.78712
11/30/1931,7.78712
12/1/1931,8.4384064
12/2/1931,17.4431488
12/3/1931,28.2035328
12/4/1931,30.298976
12/5/1931,29.449472
12/6/1931,27.0991776
12/7/1931,34.263328
12/8/1931,70.225664
12/9/1931,65.12864
12/10/1931,60.031616
12/11/1931,61.164288
12/12/1931,73.340512
12/13/1931,86.083072
12/14/1931,87.78208
12/15/1931,80.136544
12/16/1931,67.96032
12/17/1931,69.092992
12/18/1931,90.61376
12/19/1931,140.451328
12/20/1931,159.706752
12/21/1931,171.31664
12/22/1931,177.263168
12/23/1931,171.31664
12/24/1931,165.370112
12/25/1931,161.688928
12/26/1931,155.7424
12/27/1931,150.07904
12/28/1931,144.132512
12/29/1931,136.486976
12/30/1931,128.84144
12/31/1931,117.797888
1/1/1932,101.94048
1/2/1932,84.667232
1/3/1932,73.340512
1/4/1932,78.720704
1/5/1932,127.142432
1/6/1932,142.433504
1/7/1932,134.5048
1/8/1932,140.451328
1/9/1932,144.132512
1/10/1932,153.760224
1/11/1932,180.944352
1/12/1932,260.51456
1/13/1932,334.13824
1/14/1932,396.4352
1/15/1932,421.92032
1/16/1932,404.93024
1/17/1932,393.60352
1/18/1932,387.94016
1/19/1932,396.4352
1/20/1932,416.25696
1/21/1932,441.74208
1/22/1932,450.23712
1/23/1932,441.74208
1/24/1932,410.5936
1/25/1932,404.93024
1/26/1932,421.92032
1/27/1932,467.2272
1/28/1932,577.66272
1/29/1932,642.79136
1/30/1932,656.94976
1/31/1932,555.00928
2/1/1932,458.73216
2/2/1932,410.5936
2/3/1932,385.10848
2/4/1932,353.96
2/5/1932,328.47488
2/6/1932,305.82144
2/7/1932,283.168
2/8/1932,268.443264
2/9/1932,252.585856
2/10/1932,232.764096
2/11/1932,205.013632
2/12/1932,183.209696
2/13/1932,165.370112
2/14/1932,155.7424
2/15/1932,152.061216
2/16/1932,142.433504
2/17/1932,146.114688
2/18/1932,153.760224
2/19/1932,187.174048
2/20/1932,244.090816
2/21/1932,368.1184
2/22/1932,566.336
2/23/1932,843.84064
2/24/1932,951.44448
2/25/1932,889.14752
2/26/1932,829.68224
2/27/1932,739.06848
2/28/1932,668.27648
2/29/1932,603.14784
3/1/1932,532.35584
3/2/1932,458.73216
3/3/1932,421.92032
3/4/1932,396.4352
3/5/1932,376.61344
3/6/1932,356.79168
3/7/1932,325.6432
3/8/1932,305.82144
3/9/1932,291.66304
3/10/1932,276.371968
3/11/1932,264.478912
3/12/1932,250.60368
3/13/1932,234.746272
3/14/1932,220.87104
3/15/1932,210.96016
3/16/1932,205.013632
3/17/1932,193.120576
3/18/1932,189.156224
3/19/1932,183.209696
3/20/1932,173.298816
3/21/1932,165.370112
3/22/1932,153.760224
3/23/1932,146.114688
3/24/1932,140.451328
3/25/1932,132.805792
3/26/1932,125.160256
3/27/1932,119.496896
3/28/1932,112.134528
3/29/1932,103.639488
3/30/1932,107.037504
3/31/1932,168.48496
4/1/1932,157.724576
4/2/1932,134.5048
4/3/1932,116.09888
4/4/1932,97.126624
4/5/1932,87.78208
4/6/1932,83.251392
4/7/1932,81.835552
4/8/1932,84.667232
4/9/1932,89.19792
4/10/1932,93.728608
4/11/1932,97.126624
4/12/1932,97.126624
4/13/1932,90.61376
4/14/1932,86.083072
4/15/1932,80.136544
4/16/1932,76.172192
4/17/1932,71.924672
4/18/1932,70.508832
4/19/1932,66.54448
4/20/1932,61.164288
4/21/1932,56.067264
4/22/1932,52.38608
4/23/1932,42.758368
4/24/1932,37.095008
4/25/1932,35.962336
4/26/1932,33.696992
4/27/1932,31.431648
4/28/1932,31.431648
4/29/1932,41.625696
4/30/1932,52.38608
5/1/1932,43.89104
5/2/1932,38.22768
5/3/1932,35.962336
5/4/1932,33.696992
5/5/1932,33.696992
5/6/1932,33.696992
5/7/1932,33.696992
5/8/1932,33.696992
5/9/1932,33.696992
5/10/1932,34.829664
5/11/1932,34.829664
5/12/1932,35.962336
5/13/1932,35.962336
5/14/1932,35.962336
5/15/1932,34.829664
5/16/1932,37.095008
5/17/1932,46.439552
5/18/1932,48.704896
5/19/1932,37.095008
5/20/1932,41.625696
5/21/1932,38.22768
5/22/1932,38.22768
5/23/1932,37.095008
5/24/1932,37.095008
5/25/1932,39.360352
5/26/1932,42.758368
5/27/1932,43.89104
5/28/1932,45.023712
5/29/1932,46.439552
5/30/1932,46.439552
5/31/1932,45.023712
6/1/1932,43.89104
6/2/1932,40.209856
6/3/1932,38.22768
6/4/1932,33.696992
6/5/1932,29.449472
6/6/1932,23.786112
6/7/1932,20.5579968
6/8/1932,17.3581984
6/9/1932,15.291072
6/10/1932,13.308896
6/11/1932,12.4027584
6/12/1932,10.7037504
6/13/1932,9.91088
6/14/1932,9.1463264
6/15/1932,8.4384064
6/16/1932,8.4384064
6/17/1932,7.78712
6/18/1932,7.78712
6/19/1932,7.78712
6/20/1932,7.78712
6/21/1932,6.5694976
6/22/1932,6.5694976
6/23/1932,6.5694976
6/24/1932,6.5694976
6/25/1932,7.78712
6/26/1932,7.78712
6/27/1932,7.78712
6/28/1932,7.78712
6/29/1932,7.78712
6/30/1932,7.78712
7/1/1932,9.1463264
7/2/1932,10.7037504
7/3/1932,10.7037504
7/4/1932,10.7037504
7/5/1932,10.7037504
7/6/1932,10.7037504
7/7/1932,10.7037504
7/8/1932,10.7037504
7/9/1932,10.7037504
7/10/1932,9.91088
7/11/1932,9.91088
7/12/1932,8.4384064
7/13/1932,7.78712
7/14/1932,7.1641504
7/15/1932,6.5694976
7/16/1932,5.9748448
7/17/1932,5.4085088
7/18/1932,5.4085088
7/19/1932,5.4085088
7/20/1932,5.4085088
7/21/1932,5.4085088
7/22/1932,5.4085088
7/23/1932,4.8704896
7/24/1932,4.3607872
7/25/1932,3.8510848
7/26/1932,5.4085088
7/27/1932,5.9748448
7/28/1932,5.9748448
7/29/1932,5.4085088
7/30/1932,4.8704896
7/31/1932,4.3607872
8/1/1932,3.8510848
8/2/1932,3.3696992
8/3/1932,2.9166304
8/4/1932,2.4918784
8/5/1932,2.4918784
8/6/1932,2.4918784
8/7/1932,2.0954432
8/8/1932,2.0954432
8/9/1932,2.0954432
8/10/1932,1.7273248
8/11/1932,1.7273248
8/12/1932,1.41584
8/13/1932,1.41584
8/14/1932,2.548512
8/15/1932,9.1463264
8/16/1932,8.4384064
8/17/1932,5.9748448
8/18/1932,3.8510848
8/19/1932,2.9166304
8/20/1932,2.0954432
8/21/1932,2.0954432
8/22/1932,1.7273248
8/23/1932,1.7273248
8/24/1932,2.4918784
8/25/1932,2.4918784
8/26/1932,2.0954432
8/27/1932,1.7273248
8/28/1932,1.7273248
8/29/1932,1.7273248
8/30/1932,1.7273248
8/31/1932,1.7273248
9/1/1932,1.41584
9/2/1932,1.41584
9/3/1932,1.41584
9/4/1932,1.7273248
9/5/1932,2.4918784
9/6/1932,2.9166304
9/7/1932,3.8510848
9/8/1932,3.3696992
9/9/1932,2.4918784
9/10/1932,1.7273248
9/11/1932,2.9166304
9/12/1932,5.9748448
9/13/1932,8.4384064
9/14/1932,9.1463264
9/15/1932,9.91088
9/16/1932,11.5249376
9/17/1932,11.5249376
9/18/1932,9.91088
9/19/1932,9.1463264
9/20/1932,7.78712
9/21/1932,6.5694976
9/22/1932,4.8704896
9/23/1932,4.3607872
9/24/1932,3.8510848
9/25/1932,3.8510848
9/26/1932,3.8510848
9/27/1932,3.3696992
9/28/1932,3.3696992
9/29/1932,3.3696992
9/30/1932,2.9166304
10/1/1932,2.9166304
10/2/1932,2.9166304
10/3/1932,2.9166304
10/4/1932,2.4918784
10/5/1932,2.4918784
10/6/1932,2.9166304
10/7/1932,2.9166304
10/8/1932,2.9166304
10/9/1932,2.9166304
10/10/1932,2.9166304
10/11/1932,3.3696992
10/12/1932,3.3696992
10/13/1932,3.3696992
10/14/1932,3.3696992
10/15/1932,3.3696992
10/16/1932,3.3696992
10/17/1932,2.9166304
10/18/1932,2.9166304
10/19/1932,2.4918784
10/20/1932,2.4918784
10/21/1932,2.4918784
10/22/1932,2.4918784
10/23/1932,2.4918784
10/24/1932,2.4918784
10/25/1932,2.4918784
10/26/1932,2.4918784
10/27/1932,2.0954432
10/28/1932,2.0954432
10/29/1932,2.0954432
10/30/1932,2.0954432
10/31/1932,1.7273248
11/1/1932,1.7273248
11/2/1932,1.7273248
11/3/1932,1.7273248
11/4/1932,1.7273248
11/5/1932,1.7273248
11/6/1932,1.7273248
11/7/1932,1.7273248
11/8/1932,1.7273248
11/9/1932,2.0954432
11/10/1932,2.0954432
11/11/1932,2.4918784
11/12/1932,2.9166304
11/13/1932,3.8510848
11/14/1932,4.3607872
11/15/1932,4.3607872
11/16/1932,3.8510848
11/17/1932,3.3696992
11/18/1932,3.3696992
11/19/1932,3.3696992
11/20/1932,3.3696992
11/21/1932,3.3696992
11/22/1932,2.9166304
11/23/1932,2.9166304
11/24/1932,3.3696992
11/25/1932,4.3607872
11/26/1932,4.8704896
11/27/1932,4.8704896
11/28/1932,4.8704896
11/29/1932,5.4085088
11/30/1932,5.4085088
12/1/1932,5.9748448
12/2/1932,7.1641504
12/3/1932,7.78712
12/4/1932,7.78712
12/5/1932,8.4384064
12/6/1932,8.4384064
12/7/1932,9.1463264
12/8/1932,9.1463264
12/9/1932,8.4384064
12/10/1932,9.1463264
12/11/1932,9.91088
12/12/1932,9.1463264
12/13/1932,9.1463264
12/14/1932,9.91088
12/15/1932,10.7037504
12/16/1932,11.5249376
12/17/1932,10.7037504
12/18/1932,10.7037504
12/19/1932,10.7037504
12/20/1932,10.7037504
12/21/1932,23.2480928
12/22/1932,46.439552
12/23/1932,42.758368
12/24/1932,65.12864
12/25/1932,54.934592
12/26/1932,46.439552
12/27/1932,37.095008
12/28/1932,33.696992
12/29/1932,33.696992
12/30/1932,70.508832
12/31/1932,84.667232
1/1/1933,77.304864
1/2/1933,75.889024
1/3/1933,66.54448
1/4/1933,57.483104
1/5/1933,51.253408
1/6/1933,45.023712
1/7/1933,47.572224
1/8/1933,67.96032
1/9/1933,70.508832
1/10/1933,61.164288
1/11/1933,52.38608
1/12/1933,51.253408
1/13/1933,49.837568
1/14/1933,49.837568
1/15/1933,51.253408
1/16/1933,52.38608
1/17/1933,52.38608
1/18/1933,53.80192
1/19/1933,60.031616
1/20/1933,63.995968
1/21/1933,69.092992
1/22/1933,78.720704
1/23/1933,81.835552
1/24/1933,84.667232
1/25/1933,87.78208
1/26/1933,87.78208
1/27/1933,84.667232
1/28/1933,83.251392
1/29/1933,84.667232
1/30/1933,117.797888
1/31/1933,128.84144
2/1/1933,146.114688
2/2/1933,161.688928
2/3/1933,183.209696
2/4/1933,177.263168
2/5/1933,153.760224
2/6/1933,144.132512
2/7/1933,148.096864
2/8/1933,142.433504
2/9/1933,132.805792
2/10/1933,136.486976
2/11/1933,132.805792
2/12/1933,130.823616
2/13/1933,121.479072
2/14/1933,117.797888
2/15/1933,126.859264
2/16/1933,128.84144
2/17/1933,130.823616
2/18/1933,125.160256
2/19/1933,117.797888
2/20/1933,126.859264
2/21/1933,117.797888
2/22/1933,117.797888
2/23/1933,112.134528
2/24/1933,107.037504
2/25/1933,101.94048
2/26/1933,101.94048
2/27/1933,132.805792
2/28/1933,157.724576
3/1/1933,163.387936
3/2/1933,175.280992
3/3/1933,175.280992
3/4/1933,167.352288
3/5/1933,163.387936
3/6/1933,218.888864
3/7/1933,240.6928
3/8/1933,248.621504
3/9/1933,254.568032
3/10/1933,250.60368
3/11/1933,236.728448
3/12/1933,220.87104
3/13/1933,208.977984
3/14/1933,189.156224
3/15/1933,163.387936
3/16/1933,142.433504
3/17/1933,125.160256
3/18/1933,103.639488
3/19/1933,92.312768
3/20/1933,83.251392
3/21/1933,75.889024
3/22/1933,77.304864
3/23/1933,83.251392
3/24/1933,87.78208
3/25/1933,90.61376
3/26/1933,87.78208
3/27/1933,83.251392
3/28/1933,75.889024
3/29/1933,69.092992
3/30/1933,65.12864
3/31/1933,69.092992
4/1/1933,69.092992
4/2/1933,78.720704
4/3/1933,90.61376
4/4/1933,101.94048
4/5/1933,114.116704
4/6/1933,121.479072
4/7/1933,123.461248
4/8/1933,119.496896
4/9/1933,114.116704
4/10/1933,103.639488
4/11/1933,95.427616
4/12/1933,90.61376
4/13/1933,92.312768
4/14/1933,114.116704
4/15/1933,153.760224
4/16/1933,177.263168
4/17/1933,195.102752
4/18/1933,210.96016
4/19/1933,220.87104
4/20/1933,230.78192
4/21/1933,228.799744
4/22/1933,214.924512
4/23/1933,195.102752
4/24/1933,177.263168
4/25/1933,153.760224
4/26/1933,130.823616
4/27/1933,114.116704
4/28/1933,95.427616
4/29/1933,81.835552
4/30/1933,73.340512
5/1/1933,67.96032
5/2/1933,62.580128
5/3/1933,61.164288
5/4/1933,63.995968
5/5/1933,73.340512
5/6/1933,83.251392
5/7/1933,89.19792
5/8/1933,86.083072
5/9/1933,81.835552
5/10/1933,75.889024
5/11/1933,74.756352
5/12/1933,73.340512
5/13/1933,73.340512
5/14/1933,75.889024
5/15/1933,80.136544
5/16/1933,84.667232
5/17/1933,87.78208
5/18/1933,89.19792
5/19/1933,89.19792
5/20/1933,86.083072
5/21/1933,83.251392
5/22/1933,78.720704
5/23/1933,73.340512
5/24/1933,66.54448
5/25/1933,61.164288
5/26/1933,58.898944
5/27/1933,52.38608
5/28/1933,43.89104
5/29/1933,35.962336
5/30/1933,32.56432
5/31/1933,33.696992
6/1/1933,33.696992
6/2/1933,35.962336
6/3/1933,38.22768
6/4/1933,41.625696
6/5/1933,42.758368
6/6/1933,43.89104
6/7/1933,45.023712
6/8/1933,45.023712
6/9/1933,45.023712
6/10/1933,45.023712
6/11/1933,46.439552
6/12/1933,46.439552
6/13/1933,46.439552
6/14/1933,42.758368
6/15/1933,38.22768
6/16/1933,32.56432
6/17/1933,27.0991776
6/18/1933,20.5579968
6/19/1933,16.3104768
6/20/1933,14.2716672
6/21/1933,12.4027584
6/22/1933,10.7037504
6/23/1933,10.7037504
6/24/1933,9.5144448
6/25/1933,8.778208
6/26/1933,8.778208
6/27/1933,8.0986048
6/28/1933,8.0986048
6/29/1933,7.4756352
6/30/1933,6.8526656
7/1/1933,6.2863296
7/2/1933,5.1536576
7/3/1933,5.1536576
7/4/1933,4.6156384
7/5/1933,4.6156384
7/6/1933,4.105936
7/7/1933,4.105936
7/8/1933,4.105936
7/9/1933,4.105936
7/10/1933,4.6156384
7/11/1933,4.6156384
7/12/1933,4.105936
7/13/1933,3.6245504
7/14/1933,3.1431648
7/15/1933,3.1431648
7/16/1933,4.6156384
7/17/1933,5.1536576
7/18/1933,2.7184128
7/19/1933,2.7184128
7/20/1933,2.7184128
7/21/1933,2.7184128
7/22/1933,3.6245504
7/23/1933,47.289056
7/24/1933,65.12864
7/25/1933,110.43552
7/26/1933,130.823616
7/27/1933,140.451328
7/28/1933,136.486976
7/29/1933,126.859264
7/30/1933,110.43552
7/31/1933,63.995968
8/1/1933,33.696992
8/2/1933,24.8904672
8/3/1933,20.5579968
8/4/1933,14.2716672
8/5/1933,14.2716672
8/6/1933,14.2716672
8/7/1933,7.4756352
8/8/1933,6.8526656
8/9/1933,6.2863296
8/10/1933,5.6916768
8/11/1933,5.1536576
8/12/1933,4.6156384
8/13/1933,4.105936
8/14/1933,3.6245504
8/15/1933,3.1431648
8/16/1933,3.1431648
8/17/1933,4.6156384
8/18/1933,6.8526656
8/19/1933,6.8526656
8/20/1933,7.4756352
8/21/1933,5.6916768
8/22/1933,4.6156384
8/23/1933,4.6156384
8/24/1933,4.6156384
8/25/1933,4.6156384
8/26/1933,5.1536576
8/27/1933,4.389104
8/28/1933,3.6245504
8/29/1933,3.1431648
8/30/1933,3.6245504
8/31/1933,3.6245504
9/1/1933,8.0986048
9/2/1933,22.7100736
9/3/1933,27.0991776
9/4/1933,27.0991776
9/5/1933,20.5579968
9/6/1933,16.3104768
9/7/1933,12.4027584
9/8/1933,8.778208
9/9/1933,7.4756352
9/10/1933,6.2863296
9/11/1933,5.6916768
9/12/1933,5.1536576
9/13/1933,4.6156384
9/14/1933,4.6156384
9/15/1933,4.105936
9/16/1933,6.2863296
9/17/1933,12.4027584
9/18/1933,14.2716672
9/19/1933,14.2716672
9/20/1933,12.4027584
9/21/1933,9.9391968
9/22/1933,7.4756352
9/23/1933,5.6916768
9/24/1933,5.1536576
9/25/1933,4.105936
9/26/1933,4.105936
9/27/1933,3.6245504
9/28/1933,3.398016
9/29/1933,3.1431648
9/30/1933,3.1431648
10/1/1933,3.1431648
10/2/1933,3.6245504
10/3/1933,3.1431648
10/4/1933,3.1431648
10/5/1933,2.7467296
10/6/1933,2.7467296
10/7/1933,2.7467296
10/8/1933,2.3219776
10/9/1933,2.3219776
10/10/1933,2.3219776
10/11/1933,2.3219776
10/12/1933,2.3219776
10/13/1933,2.3219776
10/14/1933,2.3219776
10/15/1933,2.3219776
10/16/1933,2.3219776
10/17/1933,2.3219776
10/18/1933,2.3219776
10/19/1933,2.3219776
10/20/1933,2.3219776
10/21/1933,1.9538592
10/22/1933,1.9538592
10/23/1933,1.9538592
10/24/1933,1.9538592
10/25/1933,1.9538592
10/26/1933,1.9538592
10/27/1933,1.9538592
10/28/1933,2.3219776
10/29/1933,2.3219776
10/30/1933,2.7467296
10/31/1933,2.7467296
11/1/1933,3.1431648
11/2/1933,3.1431648
11/3/1933,3.6245504
11/4/1933,3.6245504
11/5/1933,3.6245504
11/6/1933,3.6245504
11/7/1933,3.6245504
11/8/1933,3.1431648
11/9/1933,3.1431648
11/10/1933,3.1431648
11/11/1933,2.7467296
11/12/1933,3.6245504
11/13/1933,3.6245504
11/14/1933,3.6245504
11/15/1933,3.6245504
11/16/1933,4.105936
11/17/1933,3.1431648
11/18/1933,3.1431648
11/19/1933,3.6245504
11/20/1933,3.6245504
11/21/1933,3.6245504
11/22/1933,3.6245504
11/23/1933,3.6245504
11/24/1933,3.6245504
11/25/1933,3.1431648
11/26/1933,3.1431648
11/27/1933,2.7467296
11/28/1933,3.1431648
11/29/1933,3.1431648
11/30/1933,2.7467296
12/1/1933,2.7467296
12/2/1933,3.1431648
12/3/1933,3.1431648
12/4/1933,3.6245504
12/5/1933,3.6245504
12/6/1933,6.8526656
12/7/1933,8.4384064
12/8/1933,18.40592
12/9/1933,14.2716672
12/10/1933,9.91088
12/11/1933,7.78712
12/12/1933,7.4756352
12/13/1933,6.5694976
12/14/1933,6.2863296
12/15/1933,6.0031616
12/16/1933,5.6916768
12/17/1933,5.1536576
12/18/1933,5.6916768
12/19/1933,5.6916768
12/20/1933,8.0986048
12/21/1933,10.7037504
12/22/1933,10.7037504
12/23/1933,11.5249376
12/24/1933,11.5249376
12/25/1933,10.7037504
12/26/1933,8.4384064
12/27/1933,8.4384064
12/28/1933,9.1463264
12/29/1933,10.7037504
12/30/1933,16.3104768
12/31/1933,23.786112
1/1/1934,29.449472
1/2/1934,34.829664
1/3/1934,41.625696
1/4/1934,62.580128
1/5/1934,65.12864
1/6/1934,75.889024
1/7/1934,90.61376
1/8/1934,100.52464
1/9/1934,100.52464
1/10/1934,100.52464
1/11/1934,101.94048
1/12/1934,108.736512
1/13/1934,103.639488
1/14/1934,95.427616
1/15/1934,78.720704
1/16/1934,65.12864
1/17/1934,58.898944
1/18/1934,56.067264
1/19/1934,57.483104
1/20/1934,67.96032
1/21/1934,74.756352
1/22/1934,75.889024
1/23/1934,70.508832
1/24/1934,73.340512
1/25/1934,80.136544
1/26/1934,90.61376
1/27/1934,159.706752
1/28/1934,191.1384
1/29/1934,212.942336
1/30/1934,228.799744
1/31/1934,240.6928
2/1/1934,274.389792
2/2/1934,282.318496
2/3/1934,291.66304
2/4/1934,291.66304
2/5/1934,276.371968
2/6/1934,256.550208
2/7/1934,232.764096
2/8/1934,208.977984
2/9/1934,205.013632
2/10/1934,191.1384
2/11/1934,195.102752
2/12/1934,197.084928
2/13/1934,183.209696
2/14/1934,169.334464
2/15/1934,153.760224
2/16/1934,136.486976
2/17/1934,121.479072
2/18/1934,110.43552
2/19/1934,101.94048
2/20/1934,92.312768
2/21/1934,78.720704
2/22/1934,65.12864
2/23/1934,54.934592
2/24/1934,46.439552
2/25/1934,43.89104
2/26/1934,42.758368
2/27/1934,42.758368
2/28/1934,41.625696
3/1/1934,50.403904
3/2/1934,152.344384
3/3/1934,234.746272
3/4/1934,270.42544
3/5/1934,317.14816
3/6/1934,342.63328
3/7/1934,339.8016
3/8/1934,328.47488
3/9/1934,325.6432
3/10/1934,317.14816
3/11/1934,302.98976
3/12/1934,288.83136
3/13/1934,270.42544
3/14/1934,244.657152
3/15/1934,218.888864
3/16/1934,191.1384
3/17/1934,167.352288
3/18/1934,140.451328
3/19/1934,125.160256
3/20/1934,110.43552
3/21/1934,100.52464
3/22/1934,92.312768
3/23/1934,87.78208
3/24/1934,84.667232
3/25/1934,95.710784
3/26/1934,187.174048
3/27/1934,206.995808
3/28/1934,199.067104
3/29/1934,189.156224
3/30/1934,181.22752
3/31/1934,181.22752
4/1/1934,183.209696
4/2/1934,181.22752
4/3/1934,171.31664
4/4/1934,152.061216
4/5/1934,138.469152
4/6/1934,159.706752
4/7/1934,175.280992
4/8/1934,193.120576
4/9/1934,206.995808
4/10/1934,214.924512
4/11/1934,222.853216
4/12/1934,228.799744
4/13/1934,232.764096
4/14/1934,238.710624
4/15/1934,242.674976
4/16/1934,242.674976
4/17/1934,234.746272
4/18/1934,224.835392
4/19/1934,220.87104
4/20/1934,218.888864
4/21/1934,218.888864
4/22/1934,216.906688
4/23/1934,214.924512
4/24/1934,208.977984
4/25/1934,203.031456
4/26/1934,197.084928
4/27/1934,185.191872
4/28/1934,167.352288
4/29/1934,150.07904
4/30/1934,132.805792
5/1/1934,117.797888
5/2/1934,103.639488
5/3/1934,95.427616
5/4/1934,87.78208
5/5/1934,84.667232
5/6/1934,81.835552
5/7/1934,77.304864
5/8/1934,73.340512
5/9/1934,66.54448
5/10/1934,65.12864
5/11/1934,66.54448
5/12/1934,61.164288
5/13/1934,57.483104
5/14/1934,54.934592
5/15/1934,52.38608
5/16/1934,49.837568
5/17/1934,47.572224
5/18/1934,45.023712
5/19/1934,42.758368
5/20/1934,41.625696
5/21/1934,39.360352
5/22/1934,37.095008
5/23/1934,33.696992
5/24/1934,32.56432
5/25/1934,29.449472
5/26/1934,27.0991776
5/27/1934,25.9948224
5/28/1934,24.8904672
5/29/1934,23.786112
5/30/1934,21.6340352
5/31/1934,19.4819584
6/1/1934,18.40592
6/2/1934,16.3104768
6/3/1934,14.2716672
6/4/1934,12.4027584
6/5/1934,10.7037504
6/6/1934,10.7037504
6/7/1934,9.91088
6/8/1934,9.1463264
6/9/1934,8.4384064
6/10/1934,8.4384064
6/11/1934,8.0986048
6/12/1934,7.78712
6/13/1934,7.1641504
6/14/1934,6.5694976
6/15/1934,6.5694976
6/16/1934,5.9748448
6/17/1934,5.6916768
6/18/1934,5.1536576
6/19/1934,5.1536576
6/20/1934,4.6156384
6/21/1934,4.6156384
6/22/1934,4.3607872
6/23/1934,4.105936
6/24/1934,3.8510848
6/25/1934,3.6245504
6/26/1934,3.6245504
6/27/1934,3.1431648
6/28/1934,3.1431648
6/29/1934,3.1431648
6/30/1934,2.9166304
7/1/1934,2.7184128
7/2/1934,2.7184128
7/3/1934,2.6051456
7/4/1934,2.5768288
7/5/1934,2.4635616
7/6/1934,2.2087104
7/7/1934,2.12376
7/8/1934,1.9538592
7/9/1934,1.840592
7/10/1934,1.840592
7/11/1934,1.8689088
7/12/1934,1.7556416
7/13/1934,1.9538592
7/14/1934,2.265344
7/15/1934,2.1803936
7/16/1934,1.7556416
7/17/1934,1.6423744
7/18/1934,1.5007904
7/19/1934,1.3875232
7/20/1934,1.3025728
7/21/1934,1.2459392
7/22/1934,1.1893056
7/23/1934,1.0477216
7/24/1934,0.9344544
7/25/1934,0.9344544
7/26/1934,0.991088
7/27/1934,0.9344544
7/28/1934,1.2176224
7/29/1934,2.2936608
7/30/1934,1.7273248
7/31/1934,1.2176224
8/1/1934,1.1043552
8/2/1934,1.0194048
8/3/1934,0.9627712
8/4/1934,0.9061376
8/5/1934,0.8211872
8/6/1934,0.7362368
8/7/1934,0.7362368
8/8/1934,0.6512864
8/9/1934,0.5946528
8/10/1934,0.6512864
8/11/1934,0.7645536
8/12/1934,0.6796032
8/13/1934,0.70792
8/14/1934,0.7645536
8/15/1934,0.6796032
8/16/1934,0.5946528
8/17/1934,0.566336
8/18/1934,0.566336
8/19/1934,0.5097024
8/20/1934,0.566336
8/21/1934,0.566336
8/22/1934,0.566336
8/23/1934,0.6229696
8/24/1934,0.6796032
8/25/1934,0.6229696
8/26/1934,0.566336
8/27/1934,0.5946528
8/28/1934,0.6229696
8/29/1934,0.6796032
8/30/1934,0.566336
8/31/1934,0.5380192
9/1/1934,0.5097024
9/2/1934,0.4530688
9/3/1934,0.5097024
9/4/1934,0.566336
9/5/1934,0.7645536
9/6/1934,0.6229696
9/7/1934,0.566336
9/8/1934,0.5380192
9/9/1934,0.4813856
9/10/1934,0.424752
9/11/1934,0.424752
9/12/1934,0.6229696
9/13/1934,0.7645536
9/14/1934,0.7362368
9/15/1934,0.9344544
9/16/1934,0.9344544
9/17/1934,0.7645536
9/18/1934,0.7362368
9/19/1934,0.7645536
9/20/1934,0.9344544
9/21/1934,0.7362368
9/22/1934,0.6796032
9/23/1934,0.6512864
9/24/1934,1.1893056
9/25/1934,1.5857408
9/26/1934,1.5857408
9/27/1934,1.5007904
9/28/1934,0.7928704
9/29/1934,1.4441568
9/30/1934,2.0104928
10/1/1934,2.0954432
10/2/1934,3.8794016
10/3/1934,6.8526656
10/4/1934,6.2863296
10/5/1934,4.3607872
10/6/1934,3.0865312
10/7/1934,2.1803936
10/8/1934,1.6706912
10/9/1934,1.4724736
10/10/1934,1.3308896
10/11/1934,1.2176224
10/12/1934,1.1043552
10/13/1934,1.0477216
10/14/1934,1.132672
10/15/1934,1.2176224
10/16/1934,1.274256
10/17/1934,1.1043552
10/18/1934,1.0760384
10/19/1934,1.0477216
10/20/1934,0.991088
10/21/1934,0.9061376
10/22/1934,0.8778208
10/23/1934,0.8211872
10/24/1934,0.8211872
10/25/1934,0.8211872
10/26/1934,0.8211872
10/27/1934,0.5380192
10/28/1934,0.6229696
10/29/1934,0.7362368
10/30/1934,0.7362368
10/31/1934,0.7362368
11/1/1934,0.7645536
11/2/1934,0.7645536
11/3/1934,0.5946528
11/4/1934,1.5007904
11/5/1934,1.0760384
11/6/1934,0.991088
11/7/1934,0.9627712
11/8/1934,0.9061376
11/9/1934,0.8211872
11/10/1934,0.8211872
11/11/1934,0.7645536
11/12/1934,0.7362368
11/13/1934,0.7362368
11/14/1934,0.7362368
11/15/1934,0.8778208
11/16/1934,1.0477216
11/17/1934,0.991088
11/18/1934,1.0477216
11/19/1934,0.991088
11/20/1934,8.8348416
11/21/1934,20.5579968
11/22/1934,23.786112
11/23/1934,32.56432
11/24/1934,23.786112
11/25/1934,25.9948224
11/26/1934,25.9948224
11/27/1934,28.2035328
11/28/1934,41.625696
11/29/1934,50.120736
11/30/1934,69.092992
12/1/1934,70.508832
12/2/1934,70.508832
12/3/1934,81.835552
12/4/1934,108.736512
12/5/1934,140.451328
12/6/1934,169.334464
12/7/1934,175.280992
12/8/1934,167.352288
12/9/1934,153.760224
12/10/1934,128.84144
12/11/1934,105.338496
12/12/1934,83.251392
12/13/1934,62.580128
12/14/1934,46.439552
12/15/1934,35.962336
12/16/1934,29.449472
12/17/1934,23.786112
12/18/1934,22.7100736
12/19/1934,21.6340352
12/20/1934,21.6340352
12/21/1934,22.7100736
12/22/1934,22.7100736
12/23/1934,22.7100736
12/24/1934,22.7100736
12/25/1934,44.174208
12/26/1934,41.625696
12/27/1934,58.04944
12/28/1934,103.639488
12/29/1934,100.52464
12/30/1934,101.94048
12/31/1934,98.825632
1/1/1935,89.19792
1/2/1935,78.720704
1/3/1935,69.092992
1/4/1935,61.164288
1/5/1935,52.38608
1/6/1935,45.023712
1/7/1935,48.704896
1/8/1935,70.508832
1/9/1935,66.54448
1/10/1935,62.580128
1/11/1935,57.483104
1/12/1935,54.934592
1/13/1935,43.89104
1/14/1935,39.360352
1/15/1935,35.962336
1/16/1935,33.696992
1/17/1935,32.56432
1/18/1935,30.298976
1/19/1935,29.449472
1/20/1935,45.30688
1/21/1935,166.219616
1/22/1935,199.067104
1/23/1935,218.888864
1/24/1935,224.835392
1/25/1935,199.067104
1/26/1935,173.298816
1/27/1935,125.160256
1/28/1935,78.720704
1/29/1935,58.898944
1/30/1935,43.89104
1/31/1935,41.625696
2/1/1935,38.22768
2/2/1935,35.962336
2/3/1935,33.696992
2/4/1935,31.431648
2/5/1935,30.298976
2/6/1935,29.449472
2/7/1935,28.2035328
2/8/1935,31.431648
2/9/1935,47.572224
2/10/1935,63.7128
2/11/1935,90.61376
2/12/1935,106.471168
2/13/1935,134.5048
2/14/1935,142.433504
2/15/1935,150.07904
2/16/1935,152.061216
2/17/1935,144.132512
2/18/1935,136.486976
2/19/1935,130.823616
2/20/1935,125.160256
2/21/1935,123.461248
2/22/1935,117.797888
2/23/1935,114.116704
2/24/1935,107.037504
2/25/1935,98.825632
2/26/1935,89.19792
2/27/1935,78.720704
2/28/1935,71.924672
3/1/1935,65.12864
3/2/1935,61.164288
3/3/1935,60.031616
3/4/1935,97.409792
3/5/1935,134.5048
3/6/1935,103.639488
3/7/1935,100.52464
3/8/1935,101.94048
3/9/1935,125.160256
3/10/1935,126.859264
3/11/1935,121.479072
3/12/1935,117.797888
3/13/1935,114.116704
3/14/1935,105.338496
3/15/1935,98.825632
3/16/1935,89.19792
3/17/1935,81.835552
3/18/1935,73.340512
3/19/1935,69.092992
3/20/1935,63.995968
3/21/1935,60.031616
3/22/1935,56.067264
3/23/1935,51.253408
3/24/1935,47.572224
3/25/1935,45.023712
3/26/1935,42.758368
3/27/1935,40.209856
3/28/1935,38.22768
3/29/1935,37.095008
3/30/1935,34.829664
3/31/1935,33.696992
4/1/1935,30.298976
4/2/1935,29.449472
4/3/1935,50.97024
4/4/1935,49.837568
4/5/1935,34.829664
4/6/1935,29.449472
4/7/1935,43.89104
4/8/1935,46.439552
4/9/1935,35.962336
4/10/1935,29.449472
4/11/1935,27.0991776
4/12/1935,24.8904672
4/13/1935,22.7100736
4/14/1935,22.7100736
4/15/1935,23.786112
4/16/1935,25.9948224
4/17/1935,27.0991776
4/18/1935,28.2035328
4/19/1935,91.180096
4/20/1935,179.245344
4/21/1935,165.370112
4/22/1935,161.688928
4/23/1935,208.694816
4/24/1935,132.805792
4/25/1935,119.496896
4/26/1935,125.160256
4/27/1935,165.370112
4/28/1935,163.387936
4/29/1935,181.22752
4/30/1935,189.156224
5/1/1935,185.191872
5/2/1935,179.245344
5/3/1935,187.174048
5/4/1935,185.191872
5/5/1935,234.746272
5/6/1935,362.45504
5/7/1935,872.15744
5/8/1935,1076.0384
5/9/1935,1076.0384
5/10/1935,954.27616
5/11/1935,818.35552
5/12/1935,617.30624
5/13/1935,498.37568
5/14/1935,430.41536
5/15/1935,387.94016
5/16/1935,368.1184
5/17/1935,356.79168
5/18/1935,342.63328
5/19/1935,379.44512
5/20/1935,546.51424
5/21/1935,996.75136
5/22/1935,1112.85024
5/23/1935,1087.36512
5/24/1935,985.42464
5/25/1935,863.6624
5/26/1935,688.09824
5/27/1935,478.55392
5/28/1935,421.92032
5/29/1935,373.78176
5/30/1935,334.13824
5/31/1935,302.98976
6/1/1935,272.407616
6/2/1935,331.30656
6/3/1935,365.28672
6/4/1935,356.79168
6/5/1935,325.6432
6/6/1935,297.3264
6/7/1935,262.496736
6/8/1935,234.746272
6/9/1935,210.96016
6/10/1935,169.334464
6/11/1935,165.370112
6/12/1935,144.132512
6/13/1935,125.160256
6/14/1935,107.037504
6/15/1935,95.427616
6/16/1935,80.136544
6/17/1935,71.924672
6/18/1935,67.96032
6/19/1935,69.092992
6/20/1935,56.067264
6/21/1935,52.38608
6/22/1935,49.837568
6/23/1935,48.704896
6/24/1935,47.572224
6/25/1935,42.758368
6/26/1935,40.209856
6/27/1935,46.439552
6/28/1935,39.360352
6/29/1935,37.095008
6/30/1935,37.095008
7/1/1935,35.962336
7/2/1935,33.696992
7/3/1935,33.696992
7/4/1935,42.758368
7/5/1935,42.758368
7/6/1935,42.758368
7/7/1935,38.22768
7/8/1935,34.829664
7/9/1935,34.829664
7/10/1935,33.696992
7/11/1935,32.56432
7/12/1935,31.431648
7/13/1935,27.0991776
7/14/1935,23.786112
7/15/1935,19.4819584
7/16/1935,16.3104768
7/17/1935,15.291072
7/18/1935,16.3104768
7/19/1935,16.3104768
7/20/1935,15.291072
7/21/1935,13.308896
7/22/1935,11.5249376
7/23/1935,10.7037504
7/24/1935,10.7037504
7/25/1935,9.5144448
7/26/1935,9.1463264
7/27/1935,8.778208
7/28/1935,9.91088
7/29/1935,11.5249376
7/30/1935,9.91088
7/31/1935,9.5144448
8/1/1935,9.5144448
8/2/1935,9.1463264
8/3/1935,8.778208
8/4/1935,8.0986048
8/5/1935,7.4756352
8/6/1935,6.5694976
8/7/1935,5.9748448
8/8/1935,4.8704896
8/9/1935,4.6156384
8/10/1935,4.3607872
8/11/1935,4.105936
8/12/1935,4.105936
8/13/1935,4.3607872
8/14/1935,4.8704896
8/15/1935,13.0540448
8/16/1935,27.0991776
8/17/1935,32.56432
8/18/1935,20.5579968
8/19/1935,15.291072
8/20/1935,9.91088
8/21/1935,7.78712
8/22/1935,6.5694976
8/23/1935,5.4085088
8/24/1935,4.6156384
8/25/1935,4.105936
8/26/1935,4.105936
8/27/1935,3.8510848
8/28/1935,2.973264
8/29/1935,2.83168
8/30/1935,3.7378176
8/31/1935,7.1924672
9/1/1935,11.5532544
9/2/1935,6.4279136
9/3/1935,4.6156384
9/4/1935,4.6156384
9/5/1935,5.9748448
9/6/1935,9.7409792
9/7/1935,16.3104768
9/8/1935,11.4116704
9/9/1935,8.778208
9/10/1935,11.043552
9/11/1935,24.8904672
9/12/1935,23.786112
9/13/1935,18.8023552
9/14/1935,11.5249376
9/15/1935,10.7037504
9/16/1935,10.7037504
9/17/1935,8.0986048
9/18/1935,7.1641504
9/19/1935,6.5694976
9/20/1935,6.2863296
9/21/1935,5.6916768
9/22/1935,5.6916768
9/23/1935,5.4085088
9/24/1935,5.4085088
9/25/1935,5.6916768
9/26/1935,5.6916768
9/27/1935,5.4085088
9/28/1935,4.8704896
9/29/1935,4.3607872
9/30/1935,3.8510848
10/1/1935,3.6245504
10/2/1935,3.3696992
10/3/1935,3.3696992
10/4/1935,3.6245504
10/5/1935,4.105936
10/6/1935,5.1536576
10/7/1935,5.9748448
10/8/1935,5.9748448
10/9/1935,5.4085088
10/10/1935,5.4085088
10/11/1935,5.1536576
10/12/1935,5.1536576
10/13/1935,4.6156384
10/14/1935,4.105936
10/15/1935,3.8510848
10/16/1935,3.6245504
10/17/1935,3.3696992
10/18/1935,3.3696992
10/19/1935,3.6245504
10/20/1935,3.6245504
10/21/1935,4.105936
10/22/1935,4.3607872
10/23/1935,4.3607872
10/24/1935,4.105936
10/25/1935,3.8510848
10/26/1935,3.6245504
10/27/1935,3.6245504
10/28/1935,5.238608
10/29/1935,7.1641504
10/30/1935,9.5144448
10/31/1935,9.91088
11/1/1935,10.7037504
11/2/1935,11.5249376
11/3/1935,13.308896
11/4/1935,14.2716672
11/5/1935,16.3104768
11/6/1935,16.3104768
11/7/1935,17.3581984
11/8/1935,17.3581984
11/9/1935,18.40592
11/10/1935,21.6340352
11/11/1935,28.599968
11/12/1935,39.360352
11/13/1935,37.095008
11/14/1935,33.696992
11/15/1935,31.431648
11/16/1935,30.298976
11/17/1935,30.298976
11/18/1935,29.449472
11/19/1935,29.449472
11/20/1935,29.449472
11/21/1935,31.431648
11/22/1935,31.431648
11/23/1935,33.696992
11/24/1935,33.696992
11/25/1935,33.696992
11/26/1935,33.696992
11/27/1935,57.766272
11/28/1935,65.12864
11/29/1935,49.837568
11/30/1935,42.758368
12/1/1935,33.696992
12/2/1935,31.431648
12/3/1935,30.298976
12/4/1935,29.449472
12/5/1935,28.2035328
12/6/1935,35.112832
12/7/1935,180.944352
12/8/1935,274.956128
12/9/1935,276.371968
12/10/1935,258.532384
12/11/1935,226.817568
12/12/1935,199.067104
12/13/1935,169.334464
12/14/1935,155.7424
12/15/1935,152.061216
12/16/1935,148.096864
12/17/1935,146.114688
12/18/1935,140.451328
12/19/1935,134.5048
12/20/1935,125.160256
12/21/1935,121.479072
12/22/1935,116.09888
12/23/1935,114.116704
12/24/1935,110.43552
12/25/1935,105.338496
12/26/1935,97.126624
12/27/1935,103.639488
12/28/1935,101.94048
12/29/1935,101.94048
12/30/1935,100.52464
12/31/1935,103.639488
1/1/1936,105.338496
1/2/1936,101.94048
1/3/1936,97.126624
1/4/1936,92.312768
1/5/1936,83.251392
1/6/1936,77.304864
1/7/1936,70.508832
1/8/1936,62.580128
1/9/1936,56.067264
1/10/1936,51.253408
1/11/1936,48.704896
1/12/1936,47.572224
1/13/1936,45.023712
1/14/1936,38.22768
1/15/1936,35.962336
1/16/1936,34.829664
1/17/1936,31.431648
1/18/1936,30.298976
1/19/1936,30.298976
1/20/1936,30.298976
1/21/1936,29.449472
1/22/1936,29.449472
1/23/1936,28.2035328
1/24/1936,27.0991776
1/25/1936,27.0991776
1/26/1936,27.0991776
1/27/1936,27.0991776
1/28/1936,25.9948224
1/29/1936,25.9948224
1/30/1936,25.9948224
1/31/1936,24.8904672
2/1/1936,24.8904672
2/2/1936,24.8904672
2/3/1936,27.0991776
2/4/1936,30.298976
2/5/1936,32.56432
2/6/1936,38.22768
2/7/1936,57.483104
2/8/1936,63.995968
2/9/1936,61.164288
2/10/1936,57.483104
2/11/1936,55.500928
2/12/1936,46.439552
2/13/1936,40.209856
2/14/1936,35.962336
2/15/1936,32.56432
2/16/1936,32.56432
2/17/1936,32.56432
2/18/1936,33.696992
2/19/1936,33.696992
2/20/1936,33.696992
2/21/1936,32.56432
2/22/1936,31.431648
2/23/1936,30.298976
2/24/1936,29.449472
2/25/1936,28.2035328
2/26/1936,27.0991776
2/27/1936,28.2035328
2/28/1936,29.449472
2/29/1936,29.449472
3/1/1936,29.449472
3/2/1936,28.2035328
3/3/1936,29.449472
3/4/1936,31.431648
3/5/1936,37.095008
3/6/1936,35.962336
3/7/1936,34.829664
3/8/1936,33.696992
3/9/1936,33.696992
3/10/1936,34.829664
3/11/1936,34.829664
3/12/1936,37.095008
3/13/1936,38.22768
3/14/1936,40.209856
3/15/1936,43.89104
3/16/1936,43.89104
3/17/1936,43.89104
3/18/1936,42.758368
3/19/1936,40.209856
3/20/1936,38.22768
3/21/1936,35.962336
3/22/1936,33.696992
3/23/1936,31.431648
3/24/1936,31.431648
3/25/1936,29.449472
3/26/1936,27.0991776
3/27/1936,25.9948224
3/28/1936,23.786112
3/29/1936,22.7100736
3/30/1936,21.6340352
3/31/1936,20.5579968
4/1/1936,21.6340352
4/2/1936,21.6340352
4/3/1936,21.6340352
4/4/1936,20.5579968
4/5/1936,19.4819584
4/6/1936,19.4819584
4/7/1936,19.4819584
4/8/1936,19.4819584
4/9/1936,19.4819584
4/10/1936,19.4819584
4/11/1936,20.5579968
4/12/1936,17.3581984
4/13/1936,16.3104768
4/14/1936,16.3104768
4/15/1936,15.291072
4/16/1936,14.2716672
4/17/1936,14.2716672
4/18/1936,14.2716672
4/19/1936,12.4027584
4/20/1936,12.4027584
4/21/1936,12.4027584
4/22/1936,15.291072
4/23/1936,16.3104768
4/24/1936,16.3104768
4/25/1936,16.3104768
4/26/1936,16.3104768
4/27/1936,16.3104768
4/28/1936,17.3581984
4/29/1936,21.6340352
4/30/1936,25.9948224
5/1/1936,23.786112
5/2/1936,22.7100736
5/3/1936,21.6340352
5/4/1936,19.4819584
5/5/1936,18.40592
5/6/1936,18.40592
5/7/1936,18.40592
5/8/1936,19.4819584
5/9/1936,19.4819584
5/10/1936,22.7100736
5/11/1936,25.9948224
5/12/1936,25.9948224
5/13/1936,24.8904672
5/14/1936,24.8904672
5/15/1936,24.8904672
5/16/1936,25.9948224
5/17/1936,28.2035328
5/18/1936,30.298976
5/19/1936,31.431648
5/20/1936,33.696992
5/21/1936,35.962336
5/22/1936,37.095008
5/23/1936,41.625696
5/24/1936,43.89104
5/25/1936,56.067264
5/26/1936,75.605856
5/27/1936,108.170176
5/28/1936,140.451328
5/29/1936,171.31664
5/30/1936,179.245344
5/31/1936,179.245344
6/1/1936,163.387936
6/2/1936,152.061216
6/3/1936,132.805792
6/4/1936,116.09888
6/5/1936,107.037504
6/6/1936,81.835552
6/7/1936,70.508832
6/8/1936,61.164288
6/9/1936,52.38608
6/10/1936,46.439552
6/11/1936,42.758368
6/12/1936,40.209856
6/13/1936,37.944512
6/14/1936,35.962336
6/15/1936,34.829664
6/16/1936,32.56432
6/17/1936,28.2035328
6/18/1936,23.786112
6/19/1936,17.3581984
6/20/1936,14.2716672
6/21/1936,12.4027584
6/22/1936,9.91088
6/23/1936,9.1463264
6/24/1936,8.0986048
6/25/1936,7.4756352
6/26/1936,7.4756352
6/27/1936,8.0986048
6/28/1936,8.0986048
6/29/1936,6.5694976
6/30/1936,6.5694976
7/1/1936,8.4384064
7/2/1936,44.457376
7/3/1936,115.815712
7/4/1936,239.560128
7/5/1936,311.4848
7/6/1936,305.82144
7/7/1936,261.9304
7/8/1936,222.853216
7/9/1936,155.7424
7/10/1936,121.479072
7/11/1936,56.067264
7/12/1936,45.023712
7/13/1936,42.758368
7/14/1936,42.758368
7/15/1936,42.758368
7/16/1936,49.837568
7/17/1936,51.253408
7/18/1936,53.80192
7/19/1936,48.704896
7/20/1936,39.360352
7/21/1936,32.56432
7/22/1936,27.0991776
7/23/1936,24.8904672
7/24/1936,24.8904672
7/25/1936,21.6340352
7/26/1936,27.467296
7/27/1936,28.883136
7/28/1936,22.7100736
7/29/1936,15.291072
7/30/1936,12.4027584
7/31/1936,10.7037504
8/1/1936,9.5144448
8/2/1936,9.1463264
8/3/1936,8.778208
8/4/1936,8.4384064
8/5/1936,9.1463264
8/6/1936,8.0986048
8/7/1936,7.4756352
8/8/1936,6.8526656
8/9/1936,5.9748448
8/10/1936,5.4085088
8/11/1936,4.8704896
8/12/1936,4.3607872
8/13/1936,4.105936
8/14/1936,4.105936
8/15/1936,3.8510848
8/16/1936,3.6245504
8/17/1936,3.0582144
8/18/1936,2.83168
8/19/1936,2.6051456
8/20/1936,2.6051456
8/21/1936,2.4918784
8/22/1936,2.4635616
8/23/1936,2.4635616
8/24/1936,3.2281152
8/25/1936,6.9659328
8/26/1936,17.3581984
8/27/1936,22.7100736
8/28/1936,18.40592
8/29/1936,14.2716672
8/30/1936,11.5249376
8/31/1936,10.7037504
9/1/1936,10.7037504
9/2/1936,9.5144448
9/3/1936,9.1463264
9/4/1936,8.6649408
9/5/1936,6.5694976
9/6/1936,4.8704896
9/7/1936,3.8510848
9/8/1936,4.389104
9/9/1936,6.0597952
9/10/1936,3.8510848
9/11/1936,3.0865312
9/12/1936,2.6051456
9/13/1936,2.2936608
9/14/1936,2.2087104
9/15/1936,2.12376
9/16/1936,2.2936608
9/17/1936,2.0104928
9/18/1936,2.0671264
9/19/1936,2.4635616
9/20/1936,2.6617792
9/21/1936,2.3219776
9/22/1936,2.1803936
9/23/1936,1.982176
9/24/1936,2.0671264
9/25/1936,2.0671264
9/26/1936,2.0671264
9/27/1936,1.840592
9/28/1936,1.8122752
9/29/1936,1.6140576
9/30/1936,1.5007904
10/1/1936,1.5291072
10/2/1936,1.4724736
10/3/1936,1.3875232
10/4/1936,1.41584
10/5/1936,1.5007904
10/6/1936,1.699008
10/7/1936,2.8883136
10/8/1936,3.9926688
10/9/1936,3.5396
10/10/1936,3.5396
10/11/1936,3.3413824
10/12/1936,3.0298976
10/13/1936,2.4918784
10/14/1936,2.2936608
10/15/1936,2.2936608
10/16/1936,2.6051456
10/17/1936,2.690096
10/18/1936,2.5768288
10/19/1936,2.4635616
10/20/1936,2.3219776
10/21/1936,2.2087104
10/22/1936,2.0954432
10/23/1936,1.9538592
10/24/1936,1.9255424
10/25/1936,2.0954432
10/26/1936,2.8883136
10/27/1936,2.3219776
10/28/1936,2.1803936
10/29/1936,2.3786112
10/30/1936,2.3786112
10/31/1936,2.2087104
11/1/1936,2.265344
11/2/1936,2.5768288
11/3/1936,3.9926688
11/4/1936,6.088112
11/5/1936,6.088112
11/6/1936,6.088112
11/7/1936,6.3995968
11/8/1936,6.088112
11/9/1936,5.521776
11/10/1936,4.9837568
11/11/1936,5.2669248
11/12/1936,5.521776
11/13/1936,5.521776
11/14/1936,5.804944
11/15/1936,5.804944
11/16/1936,5.521776
11/17/1936,5.521776
11/18/1936,5.2669248
11/19/1936,4.9837568
11/20/1936,4.9837568
11/21/1936,4.9837568
11/22/1936,4.7289056
11/23/1936,4.7289056
11/24/1936,6.9942496
11/25/1936,6.9942496
11/26/1936,5.521776
11/27/1936,5.2669248
11/28/1936,5.2669248
11/29/1936,5.521776
11/30/1936,5.804944
12/1/1936,7.3057344
12/2/1936,8.636624
12/3/1936,12.6576096
12/4/1936,11.751472
12/5/1936,11.751472
12/6/1936,22.7100736
12/7/1936,26.8160096
12/8/1936,39.926688
12/9/1936,42.4752
12/10/1936,64.562304
12/11/1936,56.067264
12/12/1936,58.898944
12/13/1936,41.342528
12/14/1936,30.298976
12/15/1936,24.494032
12/16/1936,19.9350272
12/17/1936,17.698
12/18/1936,16.6219616
12/19/1936,15.6025568
12/20/1936,14.583152
12/21/1936,15.6025568
12/22/1936,16.6219616
12/23/1936,16.6219616
12/24/1936,16.6219616
12/25/1936,17.698
12/26/1936,17.698
12/27/1936,18.8023552
12/28/1936,21.0676992
12/29/1936,19.9350272
12/30/1936,21.0676992
12/31/1936,30.865312
1/1/1937,58.898944
1/2/1937,64.562304
1/3/1937,67.393984
1/4/1937,68.809824
1/5/1937,74.756352
1/6/1937,80.419712
1/7/1937,80.419712
1/8/1937,83.53456
1/9/1937,97.409792
1/10/1937,105.338496
1/11/1937,120.3464
1/12/1937,158.857248
1/13/1937,173.865152
1/14/1937,183.776032
1/15/1937,193.686912
1/16/1937,181.793856
1/17/1937,169.9008
1/18/1937,158.857248
1/19/1937,147.813696
1/20/1937,177.829504
1/21/1937,177.829504
1/22/1937,177.829504
1/23/1937,195.669088
1/24/1937,197.651264
1/25/1937,179.81168
1/26/1937,179.81168
1/27/1937,171.882976
1/28/1937,151.49488
1/29/1937,144.132512
1/30/1937,133.938464
1/31/1937,127.142432
2/1/1937,123.744416
2/2/1937,122.045408
2/3/1937,120.3464
2/4/1937,115.249376
2/5/1937,111.85136
2/6/1937,111.85136
2/7/1937,105.338496
2/8/1937,100.52464
2/9/1937,84.9504
2/10/1937,68.809824
2/11/1937,74.756352
2/12/1937,68.809824
2/13/1937,71.641504
2/14/1937,71.641504
2/15/1937,70.225664
2/16/1937,70.225664
2/17/1937,70.225664
2/18/1937,70.225664
2/19/1937,77.588032
2/20/1937,94.294944
2/21/1937,108.453344
2/22/1937,106.754336
2/23/1937,106.754336
2/24/1937,105.338496
2/25/1937,92.879104
2/26/1937,80.419712
2/27/1937,70.225664
2/28/1937,65.978144
3/1/1937,53.235584
3/2/1937,36.245504
3/3/1937,26.8160096
3/4/1937,37.378176
3/5/1937,37.378176
3/6/1937,41.342528
3/7/1937,51.819744
3/8/1937,56.067264
3/9/1937,61.730624
3/10/1937,64.562304
3/11/1937,63.146464
3/12/1937,61.730624
3/13/1937,61.730624
3/14/1937,97.409792
3/15/1937,111.85136
3/16/1937,115.249376
3/17/1937,123.744416
3/18/1937,116.948384
3/19/1937,106.754336
3/20/1937,105.338496
3/21/1937,97.409792
3/22/1937,94.294944
3/23/1937,89.481088
3/24/1937,89.481088
3/25/1937,88.065248
3/26/1937,86.649408
3/27/1937,89.481088
3/28/1937,88.065248
3/29/1937,92.879104
3/30/1937,111.85136
3/31/1937,116.948384
4/1/1937,116.948384
4/2/1937,116.948384
4/3/1937,115.249376
4/4/1937,120.3464
4/5/1937,123.744416
4/6/1937,122.045408
4/7/1937,120.3464
4/8/1937,115.249376
4/9/1937,105.338496
4/10/1937,110.152352
4/11/1937,106.754336
4/12/1937,94.294944
4/13/1937,86.649408
4/14/1937,73.057344
4/15/1937,64.562304
4/16/1937,61.730624
4/17/1937,56.067264
4/18/1937,47.855392
4/19/1937,42.4752
4/20/1937,39.926688
4/21/1937,38.794016
4/22/1937,39.926688
4/23/1937,39.926688
4/24/1937,38.794016
4/25/1937,35.112832
4/26/1937,33.98016
4/27/1937,35.112832
4/28/1937,31.431648
4/29/1937,31.431648
4/30/1937,30.298976
5/1/1937,29.166304
5/2/1937,25.6550208
5/3/1937,24.494032
5/4/1937,21.0676992
5/5/1937,19.9350272
5/6/1937,17.698
5/7/1937,17.698
5/8/1937,16.6219616
5/9/1937,15.6025568
5/10/1937,13.6203808
5/11/1937,14.583152
5/12/1937,12.6576096
5/13/1937,11.751472
5/14/1937,9.7409792
5/15/1937,9.344544
5/16/1937,7.9570208
5/17/1937,7.3057344
5/18/1937,6.088112
5/19/1937,5.2669248
5/20/1937,4.9837568
5/21/1937,4.7289056
5/22/1937,4.4740544
5/23/1937,3.7661344
5/24/1937,3.5396
5/25/1937,4.24752
5/26/1937,6.6827648
5/27/1937,6.3995968
5/28/1937,5.804944
5/29/1937,5.2669248
5/30/1937,5.2669248
5/31/1937,5.2669248
6/1/1937,4.9837568
6/2/1937,4.7289056
6/3/1937,4.7289056
6/4/1937,4.7289056
6/5/1937,5.804944
6/6/1937,5.521776
6/7/1937,5.804944
6/8/1937,7.645536
6/9/1937,5.804944
6/10/1937,7.3057344
6/11/1937,7.645536
6/12/1937,8.2968224
6/13/1937,7.645536
6/14/1937,8.636624
6/15/1937,7.9570208
6/16/1937,7.9570208
6/17/1937,8.636624
6/18/1937,8.636624
6/19/1937,7.3057344
6/20/1937,6.6827648
6/21/1937,6.3995968
6/22/1937,6.3995968
6/23/1937,6.088112
6/24/1937,6.088112
6/25/1937,5.521776
6/26/1937,5.2669248
6/27/1937,5.2669248
6/28/1937,6.3995968
6/29/1937,5.804944
6/30/1937,5.1819744
7/1/1937,4.5590048
7/2/1937,3.9360352
7/3/1937,3.3130656
7/4/1937,2.690096
7/5/1937,2.6051456
7/6/1937,2.5201952
7/7/1937,2.406928
7/8/1937,2.3219776
7/9/1937,2.2087104
7/10/1937,2.1520768
7/11/1937,2.0388096
7/12/1937,1.9255424
7/13/1937,1.8689088
7/14/1937,1.7839584
7/15/1937,1.7273248
7/16/1937,1.7273248
7/17/1937,1.6423744
7/18/1937,2.1520768
7/19/1937,2.2087104
7/20/1937,2.265344
7/21/1937,2.265344
7/22/1937,2.1803936
7/23/1937,2.1520768
7/24/1937,2.0671264
7/25/1937,2.2936608
7/26/1937,2.2087104
7/27/1937,2.1803936
7/28/1937,2.0671264
7/29/1937,2.0104928
7/30/1937,1.9255424
7/31/1937,1.8689088
8/1/1937,1.5857408
8/2/1937,1.5007904
8/3/1937,1.1609888
8/4/1937,1.1043552
8/5/1937,1.0477216
8/6/1937,1.0194048
8/7/1937,0.991088
8/8/1937,0.991088
8/9/1937,0.9344544
8/10/1937,0.9344544
8/11/1937,0.849504
8/12/1937,0.7928704
8/13/1937,0.7645536
8/14/1937,0.7362368
8/15/1937,0.7362368
8/16/1937,0.7645536
8/17/1937,0.7362368
8/18/1937,0.70792
8/19/1937,0.6796032
8/20/1937,0.7645536
8/21/1937,0.849504
8/22/1937,0.8211872
8/23/1937,1.132672
8/24/1937,2.2936608
8/25/1937,2.4918784
8/26/1937,1.8689088
8/27/1937,1.7273248
8/28/1937,3.114848
8/29/1937,2.5768288
8/30/1937,2.1520768
8/31/1937,1.8689088
9/1/1937,1.7839584
9/2/1937,1.7273248
9/3/1937,1.699008
9/4/1937,2.4918784
9/5/1937,4.24752
9/6/1937,5.521776
9/7/1937,10.901968
9/8/1937,13.6203808
9/9/1937,11.751472
9/10/1937,9.7409792
9/11/1937,7.645536
9/12/1937,6.6827648
9/13/1937,4.9837568
9/14/1937,4.24752
9/15/1937,3.3413824
9/16/1937,2.690096
9/17/1937,2.2087104
9/18/1937,1.8689088
9/19/1937,1.6140576
9/20/1937,1.4724736
9/21/1937,1.3875232
9/22/1937,1.3308896
9/23/1937,1.2459392
9/24/1937,1.1609888
9/25/1937,1.1043552
9/26/1937,1.7273248
9/27/1937,1.8689088
9/28/1937,1.9538592
9/29/1937,1.3592064
9/30/1937,1.3308896
10/1/1937,0.9627712
10/2/1937,0.8778208
10/3/1937,0.7928704
10/4/1937,0.849504
10/5/1937,0.7645536
10/6/1937,0.7362368
10/7/1937,0.7928704
10/8/1937,0.849504
10/9/1937,0.9061376
10/10/1937,0.849504
10/11/1937,0.7928704
10/12/1937,0.7928704
10/13/1937,0.7645536
10/14/1937,0.7362368
10/15/1937,0.6796032
10/16/1937,0.6796032
10/17/1937,24.7772
10/18/1937,38.794016
10/19/1937,30.298976
10/20/1937,21.0676992
10/21/1937,15.6025568
10/22/1937,11.751472
10/23/1937,6.9942496
10/24/1937,5.521776
10/25/1937,4.9837568
10/26/1937,4.24752
10/27/1937,3.7661344
10/28/1937,3.0015808
10/29/1937,2.6051456
10/30/1937,2.3219776
10/31/1937,2.0954432
11/1/1937,1.9538592
11/2/1937,1.8122752
11/3/1937,1.7273248
11/4/1937,1.6423744
11/5/1937,1.5857408
11/6/1937,1.5291072
11/7/1937,1.4724736
11/8/1937,1.6140576
11/9/1937,2.5768288
11/10/1937,6.9942496
11/11/1937,17.698
11/12/1937,38.794016
11/13/1937,41.342528
11/14/1937,39.926688
11/15/1937,33.98016
11/16/1937,30.298976
11/17/1937,38.794016
11/18/1937,37.378176
11/19/1937,27.9769984
11/20/1937,21.0676992
11/21/1937,16.6219616
11/22/1937,14.583152
11/23/1937,14.583152
11/24/1937,14.583152
11/25/1937,17.698
11/26/1937,19.9350272
11/27/1937,17.698
11/28/1937,14.583152
11/29/1937,12.6576096
11/30/1937,11.751472
12/1/1937,10.901968
12/2/1937,10.1090976
12/3/1937,9.344544
12/4/1937,9.0047424
12/5/1937,8.2968224
12/6/1937,7.645536
12/7/1937,7.3057344
12/8/1937,6.9942496
12/9/1937,6.6827648
12/10/1937,6.6827648
12/11/1937,6.3995968
12/12/1937,6.3995968
12/13/1937,6.088112
12/14/1937,6.088112
12/15/1937,6.088112
12/16/1937,9.7409792
12/17/1937,27.9769984
12/18/1937,39.926688
12/19/1937,45.023712
12/20/1937,39.926688
12/21/1937,36.245504
12/22/1937,54.934592
12/23/1937,120.912736
12/24/1937,116.948384
12/25/1937,118.647392
12/26/1937,113.550368
12/27/1937,111.85136
12/28/1937,113.550368
12/29/1937,115.249376
12/30/1937,115.249376
12/31/1937,116.948384
1/1/1938,156.308736
1/2/1938,175.847328
1/3/1938,173.865152
1/4/1938,160.839424
1/5/1938,130.540448
1/6/1938,101.94048
1/7/1938,82.11872
1/8/1938,67.393984
1/9/1938,63.146464
1/10/1938,84.9504
1/11/1938,76.172192
1/12/1938,79.003872
1/13/1938,91.180096
1/14/1938,89.481088
1/15/1938,86.649408
1/16/1938,84.9504
1/17/1938,80.419712
1/18/1938,76.172192
1/19/1938,73.057344
1/20/1938,56.067264
1/21/1938,50.403904
1/22/1938,47.855392
1/23/1938,55.784096
1/24/1938,83.53456
1/25/1938,97.409792
1/26/1938,110.152352
1/27/1938,113.550368
1/28/1938,115.249376
1/29/1938,113.550368
1/30/1938,110.152352
1/31/1938,105.338496
2/1/1938,97.409792
2/2/1938,88.065248
2/3/1938,80.419712
2/4/1938,76.172192
2/5/1938,74.756352
2/6/1938,74.756352
2/7/1938,76.172192
2/8/1938,76.172192
2/9/1938,77.588032
2/10/1938,77.588032
2/11/1938,77.588032
2/12/1938,79.003872
2/13/1938,83.53456
2/14/1938,86.649408
2/15/1938,91.180096
2/16/1938,95.710784
2/17/1938,97.409792
2/18/1938,118.647392
2/19/1938,130.540448
2/20/1938,130.540448
2/21/1938,127.142432
2/22/1938,132.239456
2/23/1938,125.443424
2/24/1938,116.948384
2/25/1938,108.453344
2/26/1938,100.52464
2/27/1938,89.481088
2/28/1938,91.180096
3/1/1938,88.065248
3/2/1938,84.9504
3/3/1938,82.11872
3/4/1938,79.003872
3/5/1938,76.172192
3/6/1938,67.393984
3/7/1938,61.730624
3/8/1938,56.067264
3/9/1938,54.651424
3/10/1938,54.651424
3/11/1938,61.730624
3/12/1938,68.809824
3/13/1938,70.225664
3/14/1938,67.393984
3/15/1938,60.314784
3/16/1938,51.819744
3/17/1938,45.023712
3/18/1938,41.342528
3/19/1938,39.926688
3/20/1938,50.403904
3/21/1938,82.11872
3/22/1938,95.710784
3/23/1938,106.754336
3/24/1938,127.142432
3/25/1938,149.512704
3/26/1938,162.538432
3/27/1938,158.857248
3/28/1938,147.813696
3/29/1938,139.035488
3/30/1938,130.540448
3/31/1938,120.3464
4/1/1938,122.045408
4/2/1938,140.734496
4/3/1938,127.142432
4/4/1938,116.948384
4/5/1938,110.152352
4/6/1938,135.637472
4/7/1938,191.704736
4/8/1938,240.126464
4/9/1938,267.59376
4/10/1938,362.45504
4/11/1938,441.74208
4/12/1938,450.23712
4/13/1938,402.09856
4/14/1938,370.95008
4/15/1938,339.8016
4/16/1938,308.65312
4/17/1938,263.34624
4/18/1938,237.86112
4/19/1938,217.473024
4/20/1938,193.686912
4/21/1938,171.882976
4/22/1938,147.813696
4/23/1938,128.84144
4/24/1938,115.249376
4/25/1938,108.453344
4/26/1938,105.338496
4/27/1938,103.639488
4/28/1938,101.94048
4/29/1938,97.409792
4/30/1938,94.294944
5/1/1938,88.065248
5/2/1938,82.11872
5/3/1938,79.003872
5/4/1938,83.53456
5/5/1938,88.065248
5/6/1938,91.180096
5/7/1938,105.338496
5/8/1938,111.85136
5/9/1938,113.550368
5/10/1938,110.152352
5/11/1938,103.639488
5/12/1938,95.710784
5/13/1938,83.53456
5/14/1938,73.057344
5/15/1938,61.730624
5/16/1938,54.651424
5/17/1938,124.310752
5/18/1938,151.49488
5/19/1938,175.847328
5/20/1938,179.81168
5/21/1938,144.132512
5/22/1938,79.003872
5/23/1938,43.89104
5/24/1938,35.112832
5/25/1938,27.9769984
5/26/1938,23.3330432
5/27/1938,18.8023552
5/28/1938,16.6219616
5/29/1938,14.583152
5/30/1938,13.6203808
5/31/1938,12.6576096
6/1/1938,11.751472
6/2/1938,10.901968
6/3/1938,10.1090976
6/4/1938,9.344544
6/5/1938,9.344544
6/6/1938,9.7409792
6/7/1938,10.5055328
6/8/1938,11.751472
6/9/1938,13.6203808
6/10/1938,16.6219616
6/11/1938,19.9350272
6/12/1938,23.3330432
6/13/1938,25.6550208
6/14/1938,23.3330432
6/15/1938,16.6219616
6/16/1938,13.6203808
6/17/1938,12.6576096
6/18/1938,11.751472
6/19/1938,10.5055328
6/20/1938,9.7409792
6/21/1938,12.6576096
6/22/1938,16.6219616
6/23/1938,14.583152
6/24/1938,11.751472
6/25/1938,12.6576096
6/26/1938,10.901968
6/27/1938,9.344544
6/28/1938,9.7409792
6/29/1938,11.751472
6/30/1938,10.5055328
7/1/1938,9.0047424
7/2/1938,8.636624
7/3/1938,7.9570208
7/4/1938,6.6827648
7/5/1938,5.804944
7/6/1938,5.2669248
7/7/1938,4.9837568
7/8/1938,5.2669248
7/9/1938,5.2669248
7/10/1938,4.9837568
7/11/1938,7.9570208
7/12/1938,8.636624
7/13/1938,10.901968
7/14/1938,9.0047424
7/15/1938,7.3057344
7/16/1938,6.3995968
7/17/1938,6.3995968
7/18/1938,5.521776
7/19/1938,4.24752
7/20/1938,3.5396
7/21/1938,3.3413824
7/22/1938,3.3413824
7/23/1938,3.7661344
7/24/1938,3.9926688
7/25/1938,4.24752
7/26/1938,4.9837568
7/27/1938,5.521776
7/28/1938,7.645536
7/29/1938,8.2968224
7/30/1938,9.0047424
7/31/1938,9.7409792
8/1/1938,9.7409792
8/2/1938,9.7409792
8/3/1938,6.9942496
8/4/1938,6.3995968
8/5/1938,6.088112
8/6/1938,7.3057344
8/7/1938,6.6827648
8/8/1938,5.804944
8/9/1938,5.804944
8/10/1938,6.3995968
8/11/1938,6.088112
8/12/1938,6.088112
8/13/1938,5.804944
8/14/1938,5.804944
8/15/1938,6.088112
8/16/1938,6.6827648
8/17/1938,7.3057344
8/18/1938,7.3057344
8/19/1938,6.6827648
8/20/1938,6.088112
8/21/1938,5.521776
8/22/1938,4.7289056
8/23/1938,4.24752
8/24/1938,3.7661344
8/25/1938,3.5396
8/26/1938,3.114848
8/27/1938,2.690096
8/28/1938,2.3786112
8/29/1938,2.3219776
8/30/1938,2.0954432
8/31/1938,1.8972256
9/1/1938,1.7273248
9/2/1938,1.7556416
9/3/1938,1.5857408
9/4/1938,1.7839584
9/5/1938,2.0671264
9/6/1938,1.557424
9/7/1938,1.3875232
9/8/1938,1.3592064
9/9/1938,1.3025728
9/10/1938,1.2176224
9/11/1938,1.2176224
9/12/1938,1.274256
9/13/1938,1.3592064
9/14/1938,1.6423744
9/15/1938,1.9538592
9/16/1938,1.6423744
9/17/1938,1.3025728
9/18/1938,1.2176224
9/19/1938,1.2176224
9/20/1938,1.2176224
9/21/1938,1.2459392
9/22/1938,1.2176224
9/23/1938,1.1609888
9/24/1938,1.1043552
9/25/1938,1.0477216
9/26/1938,1.0477216
9/27/1938,1.0477216
9/28/1938,1.0194048
9/29/1938,0.991088
9/30/1938,0.9061376
10/1/1938,0.9061376
10/2/1938,0.8211872
10/3/1938,0.7645536
10/4/1938,0.7362368
10/5/1938,0.6796032
10/6/1938,0.6512864
10/7/1938,0.6229696
10/8/1938,0.5946528
10/9/1938,0.6512864
10/10/1938,0.6512864
10/11/1938,0.6229696
10/12/1938,0.566336
10/13/1938,0.5380192
10/14/1938,0.5380192
10/15/1938,0.5097024
10/16/1938,0.5097024
10/17/1938,0.5097024
10/18/1938,0.6512864
10/19/1938,0.7362368
10/20/1938,0.849504
10/21/1938,1.0477216
10/22/1938,1.1043552
10/23/1938,0.8211872
10/24/1938,0.70792
10/25/1938,0.5946528
10/26/1938,0.5946528
10/27/1938,0.566336
10/28/1938,0.566336
10/29/1938,0.5380192
10/30/1938,0.5380192
10/31/1938,0.5380192
11/1/1938,0.5097024
11/2/1938,0.6796032
11/3/1938,1.6423744
11/4/1938,2.5201952
11/5/1938,2.3219776
11/6/1938,1.7273248
11/7/1938,1.9538592
11/8/1938,2.8599968
11/9/1938,4.530688
11/10/1938,7.3057344
11/11/1938,7.9570208
11/12/1938,7.3057344
11/13/1938,6.3995968
11/14/1938,5.804944
11/15/1938,5.2669248
11/16/1938,4.9837568
11/17/1938,4.7289056
11/18/1938,4.9837568
11/19/1938,4.7289056
11/20/1938,4.7289056
11/21/1938,4.4740544
11/22/1938,4.24752
11/23/1938,4.24752
11/24/1938,3.9926688
11/25/1938,3.9926688
11/26/1938,3.9926688
11/27/1938,3.7661344
11/28/1938,3.5396
11/29/1938,3.3413824
11/30/1938,3.3413824
12/1/1938,3.3413824
12/2/1938,3.114848
12/3/1938,4.24752
12/4/1938,4.4740544
12/5/1938,3.7661344
12/6/1938,3.3413824
12/7/1938,3.3413824
12/8/1938,3.9926688
12/9/1938,4.24752
12/10/1938,4.9837568
12/11/1938,5.521776
12/12/1938,5.804944
12/13/1938,5.804944
12/14/1938,6.088112
12/15/1938,5.804944
12/16/1938,5.521776
12/17/1938,5.2669248
12/18/1938,4.9837568
12/19/1938,4.7289056
12/20/1938,4.4740544
12/21/1938,4.4740544
12/22/1938,4.4740544
12/23/1938,7.1641504
12/24/1938,14.583152
12/25/1938,16.6785952
12/26/1938,23.3330432
12/27/1938,21.0676992
12/28/1938,17.698
12/29/1938,14.583152
12/30/1938,13.6203808
12/31/1938,12.6576096
1/1/1939,11.751472
1/2/1939,10.901968
1/3/1939,10.5055328
1/4/1939,18.6041376
1/5/1939,30.865312
1/6/1939,22.2003712
1/7/1939,17.698
1/8/1939,15.6025568
1/9/1939,15.6025568
1/10/1939,19.9350272
1/11/1939,36.245504
1/12/1939,97.69296
1/13/1939,139.884992
1/14/1939,147.813696
1/15/1939,155.176064
1/16/1939,153.477056
1/17/1939,153.477056
1/18/1939,156.875072
1/19/1939,153.477056
1/20/1939,140.734496
1/21/1939,122.045408
1/22/1939,103.639488
1/23/1939,86.649408
1/24/1939,82.11872
1/25/1939,70.225664
1/26/1939,61.730624
1/27/1939,50.403904
1/28/1939,53.235584
1/29/1939,50.403904
1/30/1939,50.403904
1/31/1939,48.988064
2/1/1939,47.855392
2/2/1939,62.013792
2/3/1939,126.859264
2/4/1939,144.132512
2/5/1939,156.875072
2/6/1939,155.176064
2/7/1939,147.813696
2/8/1939,135.637472
2/9/1939,128.84144
2/10/1939,116.948384
2/11/1939,103.639488
2/12/1939,92.879104
2/13/1939,82.11872
2/14/1939,77.588032
2/15/1939,73.057344
2/16/1939,68.809824
2/17/1939,75.322688
2/18/1939,113.550368
2/19/1939,123.744416
2/20/1939,130.540448
2/21/1939,115.249376
2/22/1939,108.453344
2/23/1939,101.94048
2/24/1939,100.52464
2/25/1939,140.734496
2/26/1939,222.003712
2/27/1939,231.631424
2/28/1939,265.611584
3/1/1939,274.106624
3/2/1939,267.59376
3/3/1939,244.090816
3/4/1939,219.4552
3/5/1939,197.651264
3/6/1939,168.201792
3/7/1939,166.219616
3/8/1939,120.3464
3/9/1939,105.338496
3/10/1939,94.294944
3/11/1939,88.065248
3/12/1939,74.756352
3/13/1939,71.641504
3/14/1939,70.225664
3/15/1939,68.809824
3/16/1939,68.809824
3/17/1939,68.809824
3/18/1939,68.809824
3/19/1939,68.809824
3/20/1939,70.225664
3/21/1939,73.057344
3/22/1939,71.641504
3/23/1939,71.641504
3/24/1939,70.225664
3/25/1939,68.809824
3/26/1939,70.225664
3/27/1939,67.393984
3/28/1939,67.393984
3/29/1939,71.641504
3/30/1939,79.003872
3/31/1939,79.003872
4/1/1939,80.419712
4/2/1939,82.11872
4/3/1939,80.419712
4/4/1939,76.172192
4/5/1939,71.641504
4/6/1939,65.978144
4/7/1939,60.314784
4/8/1939,48.988064
4/9/1939,41.342528
4/10/1939,36.245504
4/11/1939,33.98016
4/12/1939,31.431648
4/13/1939,27.9769984
4/14/1939,26.8160096
4/15/1939,25.6550208
4/16/1939,27.9769984
4/17/1939,36.245504
4/18/1939,35.112832
4/19/1939,30.298976
4/20/1939,30.298976
4/21/1939,30.298976
4/22/1939,31.431648
4/23/1939,31.431648
4/24/1939,30.298976
4/25/1939,29.166304
4/26/1939,27.9769984
4/27/1939,24.494032
4/28/1939,22.2003712
4/29/1939,19.9350272
4/30/1939,18.8023552
5/1/1939,17.698
5/2/1939,16.6219616
5/3/1939,14.583152
5/4/1939,13.6203808
5/5/1939,12.6576096
5/6/1939,10.901968
5/7/1939,10.901968
5/8/1939,10.1090976
5/9/1939,9.344544
5/10/1939,9.0047424
5/11/1939,8.2968224
5/12/1939,7.9570208
5/13/1939,7.9570208
5/14/1939,8.2968224
5/15/1939,9.0047424
5/16/1939,9.0047424
5/17/1939,10.1090976
5/18/1939,12.6576096
5/19/1939,15.6025568
5/20/1939,18.8023552
5/21/1939,18.8023552
5/22/1939,21.0676992
5/23/1939,25.6550208
5/24/1939,27.9769984
5/25/1939,32.56432
5/26/1939,41.342528
5/27/1939,45.023712
5/28/1939,38.794016
5/29/1939,50.403904
5/30/1939,42.4752
5/31/1939,39.926688
6/1/1939,38.794016
6/2/1939,36.245504
6/3/1939,35.112832
6/4/1939,41.342528
6/5/1939,50.403904
6/6/1939,50.403904
6/7/1939,50.403904
6/8/1939,41.342528
6/9/1939,30.298976
6/10/1939,25.6550208
6/11/1939,24.494032
6/12/1939,25.6550208
6/13/1939,25.6550208
6/14/1939,25.6550208
6/15/1939,24.494032
6/16/1939,21.0676992
6/17/1939,16.6219616
6/18/1939,13.6203808
6/19/1939,11.751472
6/20/1939,10.5055328
6/21/1939,9.344544
6/22/1939,9.0047424
6/23/1939,8.636624
6/24/1939,9.0047424
6/25/1939,9.7409792
6/26/1939,9.344544
6/27/1939,8.636624
6/28/1939,7.9570208
6/29/1939,7.645536
6/30/1939,7.3057344
7/1/1939,6.6827648
7/2/1939,6.088112
7/3/1939,5.521776
7/4/1939,5.2669248
7/5/1939,4.9837568
7/6/1939,4.7289056
7/7/1939,4.4740544
7/8/1939,4.4740544
7/9/1939,4.24752
7/10/1939,4.24752
7/11/1939,4.24752
7/12/1939,3.9926688
7/13/1939,3.5396
7/14/1939,3.5396
7/15/1939,3.7661344
7/16/1939,3.7661344
7/17/1939,3.9926688
7/18/1939,3.9926688
7/19/1939,4.24752
7/20/1939,4.4740544
7/21/1939,4.24752
7/22/1939,3.9926688
7/23/1939,3.5396
7/24/1939,3.3413824
7/25/1939,2.9449472
7/26/1939,2.83168
7/27/1939,3.0298976
7/28/1939,2.8599968
7/29/1939,2.406928
7/30/1939,2.0954432
7/31/1939,2.0671264
8/1/1939,1.9538592
8/2/1939,1.7839584
8/3/1939,1.7273248
8/4/1939,1.8972256
8/5/1939,2.4635616
8/6/1939,3.0298976
8/7/1939,2.3786112
8/8/1939,1.8689088
8/9/1939,1.557424
8/10/1939,1.3875232
8/11/1939,1.3308896
8/12/1939,1.2459392
8/13/1939,1.1609888
8/14/1939,1.1043552
8/15/1939,1.0760384
8/16/1939,0.9627712
8/17/1939,0.991088
8/18/1939,1.2459392
8/19/1939,1.132672
8/20/1939,1.1043552
8/21/1939,1.0194048
8/22/1939,1.0194048
8/23/1939,0.9627712
8/24/1939,1.0194048
8/25/1939,1.132672
8/26/1939,2.3786112
8/27/1939,1.8122752
8/28/1939,1.6423744
8/29/1939,1.6140576
8/30/1939,1.5291072
8/31/1939,1.41584
9/1/1939,1.1043552
9/2/1939,0.9344544
9/3/1939,0.849504
9/4/1939,0.7362368
9/5/1939,0.8211872
9/6/1939,0.991088
9/7/1939,1.0194048
9/8/1939,0.9344544
9/9/1939,0.9061376
9/10/1939,0.9061376
9/11/1939,0.9344544
9/12/1939,0.9344544
9/13/1939,0.6796032
9/14/1939,0.5946528
9/15/1939,0.566336
9/16/1939,0.5380192
9/17/1939,0.5097024
9/18/1939,0.4530688
9/19/1939,0.4530688
9/20/1939,0.4530688
9/21/1939,0.424752
9/22/1939,0.3681184
9/23/1939,0.3114848
9/24/1939,0.27750464
9/25/1939,0.24352448
9/26/1939,0.24352448
9/27/1939,0.212376
9/28/1939,0.212376
9/29/1939,0.283168
9/30/1939,0.3681184
10/1/1939,0.3681184
10/2/1939,0.3398016
10/3/1939,0.3398016
10/4/1939,0.3114848
10/5/1939,0.27184128
10/6/1939,0.26051456
10/7/1939,0.26051456
10/8/1939,0.26051456
10/9/1939,0.3114848
10/10/1939,0.3398016
10/11/1939,0.3398016
10/12/1939,0.283168
10/13/1939,0.24918784
10/14/1939,0.2265344
10/15/1939,0.20388096
10/16/1939,0.18122752
10/17/1939,0.16423744
10/18/1939,0.15291072
10/19/1939,0.15857408
10/20/1939,0.1699008
10/21/1939,0.18122752
10/22/1939,0.19255424
10/23/1939,0.20388096
10/24/1939,0.26051456
10/25/1939,0.424752
10/26/1939,1.8122752
10/27/1939,2.2087104
10/28/1939,1.8122752
10/29/1939,1.0194048
10/30/1939,0.5380192
10/31/1939,0.3964352
11/1/1939,0.3114848
11/2/1939,0.27184128
11/3/1939,0.7362368
11/4/1939,0.8778208
11/5/1939,0.70792
11/6/1939,0.6229696
11/7/1939,0.566336
11/8/1939,0.4813856
11/9/1939,0.424752
11/10/1939,0.4530688
11/11/1939,1.1893056
11/12/1939,1.699008
11/13/1939,1.5291072
11/14/1939,1.1893056
11/15/1939,1.2176224
11/16/1939,1.4724736
11/17/1939,1.6423744
11/18/1939,1.5291072
11/19/1939,2.0388096
11/20/1939,2.6334624
11/21/1939,2.8599968
11/22/1939,3.2281152
11/23/1939,3.1431648
11/24/1939,2.8599968
11/25/1939,2.4918784
11/26/1939,2.406928
11/27/1939,2.3219776
11/28/1939,2.2370272
11/29/1939,2.2087104
11/30/1939,2.3786112
12/1/1939,5.097024
12/2/1939,5.9748448
12/3/1939,5.66336
12/4/1939,3.964352
12/5/1939,3.5962336
12/6/1939,3.3696992
12/7/1939,3.2281152
12/8/1939,3.2281152
12/9/1939,3.6245504
12/10/1939,3.681184
12/11/1939,3.5396
12/12/1939,3.3130656
12/13/1939,3.1431648
12/14/1939,3.0015808
12/15/1939,2.9166304
12/16/1939,2.9166304
12/17/1939,2.8599968
12/18/1939,2.83168
12/19/1939,2.8599968
12/20/1939,3.0582144
12/21/1939,3.2281152
12/22/1939,13.2522624
12/23/1939,55.500928
12/24/1939,88.065248
12/25/1939,116.382048
12/26/1939,155.176064
12/27/1939,212.092832
12/28/1939,265.328416
12/29/1939,269.575936
12/30/1939,256.833376
12/31/1939,233.896768
1/1/1940,205.863136
1/2/1940,168.768128
1/3/1940,140.451328
1/4/1940,91.180096
1/5/1940,41.342528
1/6/1940,24.1825472
1/7/1940,31.14848
1/8/1940,28.883136
1/9/1940,28.883136
1/10/1940,30.015808
1/11/1940,31.14848
1/12/1940,31.14848
1/13/1940,31.14848
1/14/1940,25.3152192
1/15/1940,23.0498752
1/16/1940,19.7651264
1/17/1940,17.6130496
1/18/1940,16.5936448
1/19/1940,15.57424
1/20/1940,14.6114688
1/21/1940,13.6486976
1/22/1940,12.74256
1/23/1940,12.74256
1/24/1940,12.74256
1/25/1940,12.74256
1/26/1940,11.8364224
1/27/1940,11.8364224
1/28/1940,11.8364224
1/29/1940,11.8364224
1/30/1940,12.74256
1/31/1940,11.8364224
2/1/1940,11.8364224
2/2/1940,11.8364224
2/3/1940,11.8364224
2/4/1940,20.5863136
2/5/1940,61.164288
2/6/1940,129.690944
2/7/1940,143.849344
2/8/1940,161.972096
2/9/1940,194.536416
2/10/1940,217.473024
2/11/1940,244.373984
2/12/1940,267.310592
2/13/1940,267.310592
2/14/1940,258.815552
2/15/1940,237.86112
2/16/1940,219.4552
2/17/1940,221.437376
2/18/1940,221.437376
2/19/1940,213.79184
2/20/1940,200.199776
2/21/1940,179.528512
2/22/1940,156.875072
2/23/1940,138.75232
2/24/1940,126.00976
2/25/1940,113.2672
2/26/1940,100.52464
2/27/1940,88.065248
2/28/1940,70.225664
2/29/1940,55.500928
3/1/1940,38.794016
3/2/1940,34.829664
3/3/1940,32.281152
3/4/1940,30.015808
3/5/1940,28.883136
3/6/1940,26.4478912
3/7/1940,25.3152192
3/8/1940,21.9172032
3/9/1940,20.8411648
3/10/1940,19.7651264
3/11/1940,18.689088
3/12/1940,17.6130496
3/13/1940,16.5936448
3/14/1940,16.5936448
3/15/1940,17.6130496
3/16/1940,21.9172032
3/17/1940,23.0498752
3/18/1940,24.1825472
3/19/1940,20.8411648
3/20/1940,17.6130496
3/21/1940,15.57424
3/22/1940,14.6114688
3/23/1940,13.6486976
3/24/1940,13.6486976
3/25/1940,12.74256
3/26/1940,12.74256
3/27/1940,12.74256
3/28/1940,11.8364224
3/29/1940,14.6114688
3/30/1940,27.5805632
3/31/1940,23.0498752
4/1/1940,17.6130496
4/2/1940,17.6130496
4/3/1940,18.689088
4/4/1940,17.6130496
4/5/1940,16.5936448
4/6/1940,27.9486816
4/7/1940,82.968224
4/8/1940,100.52464
4/9/1940,103.639488
4/10/1940,99.1088
4/11/1940,111.285024
4/12/1940,143.849344
4/13/1940,135.637472
4/14/1940,132.522624
4/15/1940,122.611744
4/16/1940,109.869184
4/17/1940,91.180096
4/18/1940,73.057344
4/19/1940,58.332608
4/20/1940,44.174208
4/21/1940,36.245504
4/22/1940,33.696992
4/23/1940,31.14848
4/24/1940,30.015808
4/25/1940,28.883136
4/26/1940,27.5805632
4/27/1940,25.3152192
4/28/1940,28.599968
4/29/1940,49.837568
4/30/1940,73.057344
5/1/1940,94.294944
5/2/1940,94.294944
5/3/1940,94.294944
5/4/1940,97.409792
5/5/1940,103.639488
5/6/1940,111.568192
5/7/1940,116.382048
5/8/1940,117.797888
5/9/1940,109.869184
5/10/1940,86.649408
5/11/1940,55.500928
5/12/1940,33.696992
5/13/1940,21.9172032
5/14/1940,24.1825472
5/15/1940,23.0498752
5/16/1940,21.9172032
5/17/1940,19.7651264
5/18/1940,18.689088
5/19/1940,17.6130496
5/20/1940,15.57424
5/21/1940,14.6114688
5/22/1940,13.6486976
5/23/1940,23.5595776
5/24/1940,55.500928
5/25/1940,64.279136
5/26/1940,59.748448
5/27/1940,58.332608
5/28/1940,62.863296
5/29/1940,73.057344
5/30/1940,82.11872
5/31/1940,88.065248
6/1/1940,92.879104
6/2/1940,91.180096
6/3/1940,86.649408
6/4/1940,86.649408
6/5/1940,86.649408
6/6/1940,82.11872
6/7/1940,70.225664
6/8/1940,54.085088
6/9/1940,40.209856
6/10/1940,55.21776
6/11/1940,79.003872
6/12/1940,68.526656
6/13/1940,61.164288
6/14/1940,59.748448
6/15/1940,64.279136
6/16/1940,68.526656
6/17/1940,73.057344
6/18/1940,82.11872
6/19/1940,101.94048
6/20/1940,113.2672
6/21/1940,116.382048
6/22/1940,111.568192
6/23/1940,101.94048
6/24/1940,84.9504
6/25/1940,65.694976
6/26/1940,49.837568
6/27/1940,41.342528
6/28/1940,36.245504
6/29/1940,37.378176
6/30/1940,36.245504
7/1/1940,32.281152
7/2/1940,25.3152192
7/3/1940,24.1825472
7/4/1940,34.829664
7/5/1940,45.590048
7/6/1940,51.253408
7/7/1940,58.332608
7/8/1940,58.332608
7/9/1940,55.500928
7/10/1940,52.669248
7/11/1940,49.837568
7/12/1940,48.421728
7/13/1940,52.669248
7/14/1940,55.500928
7/15/1940,59.748448
7/16/1940,64.279136
7/17/1940,68.526656
7/18/1940,70.225664
7/19/1940,68.526656
7/20/1940,65.694976
7/21/1940,58.332608
7/22/1940,48.421728
7/23/1940,44.174208
7/24/1940,40.209856
7/25/1940,31.14848
7/26/1940,24.1825472
7/27/1940,18.689088
7/28/1940,14.6114688
7/29/1940,11.8364224
7/30/1940,11.2134528
7/31/1940,10.5904832
8/1/1940,9.9675136
8/2/1940,9.344544
8/3/1940,8.9764256
8/4/1940,8.6083072
8/5/1940,8.2685056
8/6/1940,7.5889024
8/7/1940,7.2491008
8/8/1940,9.1746432
8/9/1940,10.1374144
8/10/1940,7.2491008
8/11/1940,6.2863296
8/12/1940,5.380192
8/13/1940,5.097024
8/14/1940,4.5023712
8/15/1940,4.2192032
8/16/1940,3.964352
8/17/1940,3.964352
8/18/1940,5.380192
8/19/1940,6.9092992
8/20/1940,6.9092992
8/21/1940,5.9748448
8/22/1940,5.66336
8/23/1940,5.097024
8/24/1940,5.097024
8/25/1940,5.380192
8/26/1940,5.380192
8/27/1940,4.7855392
8/28/1940,4.5023712
8/29/1940,5.9748448
8/30/1940,5.66336
8/31/1940,5.9748448
9/1/1940,7.5889024
9/2/1940,10.5621664
9/3/1940,14.6114688
9/4/1940,15.57424
9/5/1940,14.6114688
9/6/1940,13.6486976
9/7/1940,11.8364224
9/8/1940,10.1374144
9/9/1940,8.9764256
9/10/1940,7.2491008
9/11/1940,6.2863296
9/12/1940,5.9748448
9/13/1940,5.9748448
9/14/1940,6.2863296
9/15/1940,6.2863296
9/16/1940,6.2863296
9/17/1940,5.380192
9/18/1940,4.7855392
9/19/1940,4.2192032
9/20/1940,3.5112832
9/21/1940,3.3696992
9/22/1940,3.398016
9/23/1940,3.1431648
9/24/1940,2.6051456
9/25/1940,2.6051456
9/26/1940,3.681184
9/27/1940,4.2192032
9/28/1940,3.964352
9/29/1940,3.964352
9/30/1940,3.964352
10/1/1940,4.2192032
10/2/1940,3.964352
10/3/1940,3.6245504
10/4/1940,3.2281152
10/5/1940,3.0582144
10/6/1940,2.8599968
10/7/1940,2.690096
10/8/1940,2.4635616
10/9/1940,2.548512
10/10/1940,2.9166304
10/11/1940,3.1431648
10/12/1940,3.0865312
10/13/1940,3.0582144
10/14/1940,2.8599968
10/15/1940,2.690096
10/16/1940,2.406928
10/17/1940,2.2370272
10/18/1940,2.0104928
10/19/1940,1.8972256
10/20/1940,1.8122752
10/21/1940,1.7556416
10/22/1940,1.699008
10/23/1940,1.699008
10/24/1940,1.699008
10/25/1940,1.6140576
10/26/1940,1.557424
10/27/1940,1.6140576
10/28/1940,1.557424
10/29/1940,1.8689088
10/30/1940,1.7839584
10/31/1940,2.4918784
11/1/1940,4.5023712
11/2/1940,3.0865312
11/3/1940,5.097024
11/4/1940,5.9748448
11/5/1940,6.2863296
11/6/1940,6.5978144
11/7/1940,5.9748448
11/8/1940,7.2491008
11/9/1940,8.9764256
11/10/1940,11.8364224
11/11/1940,12.74256
11/12/1940,11.8364224
11/13/1940,10.1374144
11/14/1940,9.7409792
11/15/1940,10.1374144
11/16/1940,9.7409792
11/17/1940,9.7409792
11/18/1940,10.1374144
11/19/1940,9.7409792
11/20/1940,9.344544
11/21/1940,8.6083072
11/22/1940,8.2685056
11/23/1940,23.2764096
11/24/1940,201.898784
11/25/1940,339.8016
11/26/1940,427.58368
11/27/1940,540.85088
11/28/1940,659.78144
11/29/1940,716.41504
11/30/1940,733.40512
12/1/1940,702.25664
12/2/1940,645.62304
12/3/1940,591.82112
12/4/1940,518.19744
12/5/1940,472.89056
12/6/1940,393.60352
12/7/1940,348.29664
12/8/1940,334.13824
12/9/1940,314.31648
12/10/1940,297.3264
12/11/1940,285.99968
12/12/1940,331.30656
12/13/1940,421.92032
12/14/1940,540.85088
12/15/1940,645.62304
12/16/1940,659.78144
12/17/1940,566.336
12/18/1940,481.3856
12/19/1940,430.41536
12/20/1940,385.10848
12/21/1940,359.62336
12/22/1940,328.47488
12/23/1940,300.15808
12/24/1940,273.823456
12/25/1940,256.833376
12/26/1940,265.328416
12/27/1940,291.66304
12/28/1940,328.47488
12/29/1940,336.96992
12/30/1940,339.8016
12/31/1940,334.13824
1/1/1941,325.6432
1/2/1941,311.4848
1/3/1941,291.66304
1/4/1941,273.823456
1/5/1941,254.8512
1/6/1941,233.896768
1/7/1941,223.419552
1/8/1941,217.473024
1/9/1941,211.809664
1/10/1941,207.845312
1/11/1941,205.863136
1/12/1941,202.181952
1/13/1941,205.863136
1/14/1941,213.79184
1/15/1941,231.631424
1/16/1941,252.585856
1/17/1941,256.833376
1/18/1941,254.8512
1/19/1941,244.373984
1/20/1941,225.401728
1/21/1941,209.827488
1/22/1941,203.88096
1/23/1941,202.181952
1/24/1941,198.2176
1/25/1941,194.536416
1/26/1941,213.79184
1/27/1941,233.896768
1/28/1941,248.338336
1/29/1941,252.585856
1/30/1941,250.60368
1/31/1941,240.126464
2/1/1941,217.473024
2/2/1941,221.437376
2/3/1941,217.473024
2/4/1941,211.809664
2/5/1941,203.88096
2/6/1941,194.536416
2/7/1941,196.518592
2/8/1941,186.89088
2/9/1941,172.449312
2/10/1941,160.273088
2/11/1941,146.964192
2/12/1941,133.938464
2/13/1941,119.496896
2/14/1941,105.338496
2/15/1941,92.879104
2/16/1941,84.9504
2/17/1941,80.419712
2/18/1941,76.172192
2/19/1941,73.057344
2/20/1941,80.419712
2/21/1941,94.294944
2/22/1941,113.2672
2/23/1941,135.637472
2/24/1941,165.370112
2/25/1941,205.863136
2/26/1941,240.126464
2/27/1941,263.063072
2/28/1941,273.823456
3/1/1941,267.310592
3/2/1941,258.815552
3/3/1941,242.10864
3/4/1941,221.437376
3/5/1941,203.88096
3/6/1941,196.518592
3/7/1941,213.79184
3/8/1941,219.4552
3/9/1941,237.86112
3/10/1941,248.338336
3/11/1941,258.815552
3/12/1941,265.328416
3/13/1941,267.310592
3/14/1941,258.815552
3/15/1941,237.86112
3/16/1941,219.4552
3/17/1941,203.88096
3/18/1941,192.55424
3/19/1941,186.89088
3/20/1941,190.572064
3/21/1941,202.181952
3/22/1941,211.809664
3/23/1941,217.473024
3/24/1941,219.4552
3/25/1941,219.4552
3/26/1941,217.473024
3/27/1941,213.79184
3/28/1941,209.827488
3/29/1941,202.181952
3/30/1941,188.873056
3/31/1941,176.130496
4/1/1941,161.972096
4/2/1941,145.265184
4/3/1941,137.33648
4/4/1941,127.4256
4/5/1941,113.2672
4/6/1941,106.754336
4/7/1941,100.52464
4/8/1941,94.294944
4/9/1941,88.065248
4/10/1941,82.11872
4/11/1941,74.473184
4/12/1941,70.225664
4/13/1941,68.526656
4/14/1941,65.694976
4/15/1941,64.279136
4/16/1941,64.279136
4/17/1941,62.863296
4/18/1941,62.863296
4/19/1941,61.164288
4/20/1941,61.164288
4/21/1941,61.164288
4/22/1941,62.863296
4/23/1941,76.45536
4/24/1941,109.869184
4/25/1941,130.823616
4/26/1941,145.265184
4/27/1941,153.477056
4/28/1941,155.176064
4/29/1941,155.176064
4/30/1941,146.964192
5/1/1941,132.522624
5/2/1941,117.797888
5/3/1941,108.453344
5/4/1941,103.639488
5/5/1941,127.4256
5/6/1941,167.06912
5/7/1941,213.79184
5/8/1941,263.063072
5/9/1941,297.3264
5/10/1941,297.3264
5/11/1941,273.823456
5/12/1941,244.373984
5/13/1941,205.863136
5/14/1941,165.370112
5/15/1941,132.522624
5/16/1941,106.754336
5/17/1941,91.180096
5/18/1941,83.53456
5/19/1941,76.172192
5/20/1941,76.172192
5/21/1941,88.065248
5/22/1941,89.481088
5/23/1941,83.53456
5/24/1941,79.003872
5/25/1941,76.172192
5/26/1941,71.641504
5/27/1941,58.332608
5/28/1941,58.332608
5/29/1941,70.225664
5/30/1941,73.057344
5/31/1941,68.526656
6/1/1941,62.863296
6/2/1941,52.669248
6/3/1941,44.174208
6/4/1941,37.378176
6/5/1941,31.14848
6/6/1941,49.837568
6/7/1941,99.1088
6/8/1941,114.68304
6/9/1941,126.00976
6/10/1941,143.566176
6/11/1941,237.011616
6/12/1941,229.649248
6/13/1941,258.815552
6/14/1941,282.884832
6/15/1941,297.3264
6/16/1941,297.3264
6/17/1941,282.884832
6/18/1941,254.8512
6/19/1941,221.437376
6/20/1941,186.89088
6/21/1941,151.778048
6/22/1941,119.496896
6/23/1941,109.869184
6/24/1941,106.754336
6/25/1941,108.453344
6/26/1941,114.68304
6/27/1941,126.00976
6/28/1941,143.849344
6/29/1941,145.265184
6/30/1941,145.265184
7/1/1941,142.150336
7/2/1941,133.938464
7/3/1941,129.124608
7/4/1941,129.124608
7/5/1941,137.33648
7/6/1941,137.33648
7/7/1941,135.637472
7/8/1941,129.124608
7/9/1941,121.195904
7/10/1941,111.568192
7/11/1941,105.338496
7/12/1941,101.94048
7/13/1941,103.639488
7/14/1941,106.754336
7/15/1941,119.496896
7/16/1941,117.797888
7/17/1941,106.754336
7/18/1941,101.94048
7/19/1941,92.879104
7/20/1941,88.065248
7/21/1941,89.481088
7/22/1941,94.294944
7/23/1941,95.710784
7/24/1941,86.649408
7/25/1941,77.588032
7/26/1941,74.473184
7/27/1941,70.225664
7/28/1941,55.500928
7/29/1941,45.590048
7/30/1941,36.245504
7/31/1941,30.015808
8/1/1941,24.1825472
8/2/1941,19.7651264
8/3/1941,16.5936448
8/4/1941,15.57424
8/5/1941,13.6486976
8/6/1941,13.6486976
8/7/1941,13.6486976
8/8/1941,15.57424
8/9/1941,13.6486976
8/10/1941,12.74256
8/11/1941,11.8364224
8/12/1941,12.74256
8/13/1941,11.8364224
8/14/1941,10.5621664
8/15/1941,10.1374144
8/16/1941,9.7409792
8/17/1941,8.9764256
8/18/1941,7.928704
8/19/1941,7.2491008
8/20/1941,7.2491008
8/21/1941,6.9092992
8/22/1941,6.2863296
8/23/1941,6.5978144
8/24/1941,8.2685056
8/25/1941,6.5978144
8/26/1941,5.380192
8/27/1941,5.66336
8/28/1941,7.5889024
8/29/1941,8.2685056
8/30/1941,7.5889024
8/31/1941,6.5978144
9/1/1941,5.66336
9/2/1941,7.5889024
9/3/1941,10.9869184
9/4/1941,8.9764256
9/5/1941,7.2491008
9/6/1941,6.5978144
9/7/1941,6.9092992
9/8/1941,6.9092992
9/9/1941,6.9092992
9/10/1941,7.5889024
9/11/1941,9.7409792
9/12/1941,6.5978144
9/13/1941,5.380192
9/14/1941,5.66336
9/15/1941,6.5978144
9/16/1941,8.2685056
9/17/1941,10.5621664
9/18/1941,10.1374144
9/19/1941,9.344544
9/20/1941,9.344544
9/21/1941,7.2491008
9/22/1941,6.5978144
9/23/1941,9.4578112
9/24/1941,75.03952
9/25/1941,76.172192
9/26/1941,73.057344
9/27/1941,64.279136
9/28/1941,58.332608
9/29/1941,56.916768
9/30/1941,51.253408
10/1/1941,37.378176
10/2/1941,26.4478912
10/3/1941,20.3031456
10/4/1941,17.6130496
10/5/1941,17.1033472
10/6/1941,16.0839424
10/7/1941,14.1300832
10/8/1941,19.2271072
10/9/1941,27.5805632
10/10/1941,32.281152
10/11/1941,30.015808
10/12/1941,28.883136
10/13/1941,27.0142272
10/14/1941,25.8815552
10/15/1941,39.077184
10/16/1941,122.611744
10/17/1941,114.68304
10/18/1941,99.1088
10/19/1941,84.9504
10/20/1941,70.225664
10/21/1941,56.916768
10/22/1941,51.253408
10/23/1941,47.005888
10/24/1941,41.342528
10/25/1941,36.245504
10/26/1941,33.696992
10/27/1941,30.015808
10/28/1941,28.883136
10/29/1941,26.4478912
10/30/1941,57.483104
10/31/1941,297.3264
11/1/1941,608.8112
11/2/1941,673.93984
11/3/1941,580.4944
11/4/1941,529.52416
11/5/1941,498.37568
11/6/1941,472.89056
11/7/1941,430.41536
11/8/1941,390.77184
11/9/1941,359.62336
11/10/1941,328.47488
11/11/1941,285.99968
11/12/1941,244.373984
11/13/1941,203.88096
11/14/1941,165.370112
11/15/1941,129.124608
11/16/1941,94.294944
11/17/1941,67.110816
11/18/1941,47.005888
11/19/1941,34.829664
11/20/1941,30.582144
11/21/1941,29.449472
11/22/1941,42.4752
11/23/1941,100.52464
11/24/1941,103.639488
11/25/1941,100.52464
11/26/1941,100.52464
11/27/1941,105.338496
11/28/1941,113.2672
11/29/1941,122.611744
11/30/1941,129.124608
12/1/1941,132.522624
12/2/1941,132.522624
12/3/1941,129.124608
12/4/1941,122.611744
12/5/1941,113.2672
12/6/1941,105.338496
12/7/1941,97.409792
12/8/1941,91.180096
12/9/1941,88.065248
12/10/1941,84.9504
12/11/1941,83.53456
12/12/1941,84.9504
12/13/1941,86.649408
12/14/1941,84.9504
12/15/1941,82.11872
12/16/1941,79.003872
12/17/1941,79.003872
12/18/1941,79.003872
12/19/1941,77.588032
12/20/1941,74.473184
12/21/1941,71.641504
12/22/1941,89.481088
12/23/1941,126.00976
12/24/1941,111.568192
12/25/1941,106.754336
12/26/1941,103.639488
12/27/1941,100.52464
12/28/1941,95.710784
12/29/1941,91.180096
12/30/1941,89.481088
12/31/1941,97.409792
1/1/1942,103.639488
1/2/1942,99.1088
1/3/1942,103.639488
1/4/1942,100.52464
1/5/1942,92.879104
1/6/1942,86.649408
1/7/1942,84.9504
1/8/1942,84.9504
1/9/1942,84.9504
1/10/1942,83.53456
1/11/1942,83.53456
1/12/1942,83.53456
1/13/1942,83.53456
1/14/1942,82.11872
1/15/1942,80.419712
1/16/1942,79.003872
1/17/1942,79.003872
1/18/1942,79.003872
1/19/1942,88.065248
1/20/1942,84.9504
1/21/1942,82.11872
1/22/1942,76.172192
1/23/1942,71.641504
1/24/1942,67.110816
1/25/1942,59.748448
1/26/1942,55.500928
1/27/1942,56.916768
1/28/1942,52.669248
1/29/1942,49.837568
1/30/1942,49.837568
1/31/1942,62.863296
2/1/1942,54.085088
2/2/1942,47.005888
2/3/1942,44.174208
2/4/1942,44.174208
2/5/1942,47.005888
2/6/1942,49.837568
2/7/1942,51.253408
2/8/1942,51.253408
2/9/1942,49.837568
2/10/1942,62.863296
2/11/1942,71.641504
2/12/1942,68.526656
2/13/1942,68.526656
2/14/1942,71.641504
2/15/1942,74.473184
2/16/1942,92.879104
2/17/1942,116.382048
2/18/1942,116.382048
2/19/1942,108.453344
2/20/1942,99.1088
2/21/1942,91.180096
2/22/1942,88.065248
2/23/1942,95.710784
2/24/1942,116.382048
2/25/1942,117.797888
2/26/1942,113.2672
2/27/1942,106.754336
2/28/1942,100.52464
3/1/1942,105.338496
3/2/1942,119.496896
3/3/1942,106.754336
3/4/1942,100.52464
3/5/1942,135.637472
3/6/1942,142.150336
3/7/1942,150.07904
3/8/1942,163.671104
3/9/1942,161.972096
3/10/1942,153.477056
3/11/1942,143.849344
3/12/1942,132.522624
3/13/1942,122.611744
3/14/1942,111.568192
3/15/1942,97.409792
3/16/1942,86.649408
3/17/1942,76.172192
3/18/1942,68.526656
3/19/1942,62.863296
3/20/1942,58.332608
3/21/1942,56.916768
3/22/1942,55.500928
3/23/1942,52.669248
3/24/1942,52.669248
3/25/1942,51.253408
3/26/1942,51.253408
3/27/1942,49.837568
3/28/1942,48.421728
3/29/1942,45.590048
3/30/1942,44.174208
3/31/1942,41.342528
4/1/1942,37.378176
4/2/1942,36.245504
4/3/1942,33.696992
4/4/1942,32.281152
4/5/1942,30.582144
4/6/1942,29.449472
4/7/1942,51.253408
4/8/1942,163.954272
4/9/1942,263.063072
4/10/1942,254.8512
4/11/1942,258.815552
4/12/1942,254.8512
4/13/1942,244.373984
4/14/1942,229.649248
4/15/1942,213.79184
4/16/1942,196.518592
4/17/1942,177.829504
4/18/1942,161.972096
4/19/1942,148.6632
4/20/1942,138.75232
4/21/1942,137.33648
4/22/1942,160.273088
4/23/1942,203.88096
4/24/1942,263.063072
4/25/1942,288.83136
4/26/1942,297.3264
4/27/1942,294.49472
4/28/1942,282.884832
4/29/1942,267.310592
4/30/1942,248.338336
5/1/1942,227.383904
5/2/1942,205.863136
5/3/1942,188.873056
5/4/1942,170.467136
5/5/1942,161.972096
5/6/1942,148.6632
5/7/1942,138.75232
5/8/1942,133.938464
5/9/1942,127.4256
5/10/1942,124.310752
5/11/1942,122.611744
5/12/1942,130.823616
5/13/1942,135.637472
5/14/1942,140.451328
5/15/1942,153.477056
5/16/1942,158.57408
5/17/1942,167.06912
5/18/1942,174.14832
5/19/1942,183.209696
5/20/1942,190.572064
5/21/1942,202.181952
5/22/1942,203.88096
5/23/1942,196.518592
5/24/1942,179.528512
5/25/1942,168.768128
5/26/1942,168.768128
5/27/1942,172.449312
5/28/1942,174.14832
5/29/1942,172.449312
5/30/1942,168.768128
5/31/1942,161.972096
6/1/1942,151.778048
6/2/1942,143.849344
6/3/1942,135.637472
6/4/1942,127.4256
6/5/1942,119.496896
6/6/1942,113.2672
6/7/1942,106.754336
6/8/1942,101.94048
6/9/1942,97.409792
6/10/1942,97.409792
6/11/1942,105.338496
6/12/1942,122.611744
6/13/1942,124.310752
6/14/1942,132.522624
6/15/1942,129.124608
6/16/1942,121.195904
6/17/1942,116.382048
6/18/1942,106.754336
6/19/1942,95.710784
6/20/1942,86.649408
6/21/1942,80.419712
6/22/1942,77.588032
6/23/1942,76.172192
6/24/1942,76.172192
6/25/1942,74.473184
6/26/1942,74.473184
6/27/1942,74.473184
6/28/1942,76.172192
6/29/1942,79.003872
6/30/1942,82.11872
7/1/1942,83.53456
7/2/1942,84.9504
7/3/1942,84.9504
7/4/1942,82.11872
7/5/1942,80.419712
7/6/1942,77.588032
7/7/1942,79.003872
7/8/1942,74.473184
7/9/1942,70.225664
7/10/1942,65.694976
7/11/1942,59.748448
7/12/1942,47.005888
7/13/1942,33.696992
7/14/1942,25.8815552
7/15/1942,21.379184
7/16/1942,19.2271072
7/17/1942,18.1510688
7/18/1942,17.1033472
7/19/1942,16.0839424
7/20/1942,14.6114688
7/21/1942,14.1300832
7/22/1942,14.1300832
7/23/1942,14.1300832
7/24/1942,13.1956288
7/25/1942,11.8364224
7/26/1942,10.8170176
7/27/1942,10.1374144
7/28/1942,9.344544
7/29/1942,8.8348416
7/30/1942,9.061376
7/31/1942,8.6083072
8/1/1942,7.78712
8/2/1942,7.3906848
8/3/1942,7.1075168
8/4/1942,7.1924672
8/5/1942,7.2491008
8/6/1942,7.1075168
8/7/1942,6.5411808
8/8/1942,6.0314784
8/9/1942,5.66336
8/10/1942,5.380192
8/11/1942,5.097024
8/12/1942,4.95544
8/13/1942,6.5411808
8/14/1942,5.1536576
8/15/1942,4.8988064
8/16/1942,4.4457376
8/17/1942,4.2192032
8/18/1942,6.088112
8/19/1942,6.8526656
8/20/1942,5.3235584
8/21/1942,7.8437536
8/22/1942,51.536576
8/23/1942,130.823616
8/24/1942,198.2176
8/25/1942,205.863136
8/26/1942,168.768128
8/27/1942,119.496896
8/28/1942,74.473184
8/29/1942,54.085088
8/30/1942,42.758368
8/31/1942,33.696992
9/1/1942,27.5805632
9/2/1942,22.4835392
9/3/1942,18.1510688
9/4/1942,16.5936448
9/5/1942,16.5936448
9/6/1942,17.1033472
9/7/1942,19.2271072
9/8/1942,21.379184
9/9/1942,27.0142272
9/10/1942,30.015808
9/11/1942,30.582144
9/12/1942,32.281152
9/13/1942,34.829664
9/14/1942,36.245504
9/15/1942,36.245504
9/16/1942,34.829664
9/17/1942,31.714816
9/18/1942,28.883136
9/19/1942,27.0142272
9/20/1942,24.7488832
9/21/1942,24.1825472
9/22/1942,23.6162112
9/23/1942,23.6162112
9/24/1942,24.1825472
9/25/1942,24.1825472
9/26/1942,24.1825472
9/27/1942,23.6162112
9/28/1942,22.4835392
9/29/1942,21.379184
9/30/1942,19.7651264
10/1/1942,17.556416
10/2/1942,14.016816
10/3/1942,12.176224
10/4/1942,10.477216
10/5/1942,9.5993952
10/6/1942,8.8631584
10/7/1942,8.4667232
10/8/1942,8.1269216
10/9/1942,7.8437536
10/10/1942,7.645536
10/11/1942,7.503952
10/12/1942,7.3057344
10/13/1942,7.2491008
10/14/1942,7.503952
10/15/1942,8.0419712
10/16/1942,8.1835552
10/17/1942,8.3251392
10/18/1942,8.1835552
10/19/1942,8.0419712
10/20/1942,7.8437536
10/21/1942,7.7021696
10/22/1942,8.0419712
10/23/1942,8.3251392
10/24/1942,8.3817728
10/25/1942,8.2685056
10/26/1942,7.9853376
10/27/1942,7.78712
10/28/1942,8.0419712
10/29/1942,7.645536
10/30/1942,7.1641504
10/31/1942,6.9659328
11/1/1942,6.9092992
11/2/1942,6.9659328
11/3/1942,15.1778048
11/4/1942,27.467296
11/5/1942,36.81184
11/6/1942,28.883136
11/7/1942,19.255424
11/8/1942,14.016816
11/9/1942,11.751472
11/10/1942,10.901968
11/11/1942,10.901968
11/12/1942,11.32672
11/13/1942,11.751472
11/14/1942,12.176224
11/15/1942,12.600976
11/16/1942,13.025728
11/17/1942,13.025728
11/18/1942,13.5354304
11/19/1942,14.016816
11/20/1942,14.4982016
11/21/1942,15.007904
11/22/1942,15.5176064
11/23/1942,15.5176064
11/24/1942,15.998992
11/25/1942,15.998992
11/26/1942,15.007904
11/27/1942,14.4982016
11/28/1942,14.016816
11/29/1942,16.4803776
11/30/1942,18.122752
12/1/1942,15.998992
12/2/1942,14.4982016
12/3/1942,13.025728
12/4/1942,12.176224
12/5/1942,11.32672
12/6/1942,11.32672
12/7/1942,11.32672
12/8/1942,10.901968
12/9/1942,10.901968
12/10/1942,11.32672
12/11/1942,11.32672
12/12/1942,11.32672
12/13/1942,11.32672
12/14/1942,11.751472
12/15/1942,12.176224
12/16/1942,13.025728
12/17/1942,13.025728
12/18/1942,13.5354304
12/19/1942,13.5354304
12/20/1942,13.5354304
12/21/1942,14.016816
12/22/1942,16.99008
12/23/1942,19.255424
12/24/1942,19.82176
12/25/1942,20.388096
12/26/1942,21.520768
12/27/1942,32.56432
12/28/1942,42.4752
12/29/1942,52.669248
12/30/1942,54.085088
12/31/1942,56.916768
1/1/1943,61.447456
1/2/1943,67.393984
1/3/1943,73.340512
1/4/1943,78.154368
1/5/1943,79.570208
1/6/1943,76.45536
1/7/1943,94.011776
1/8/1943,101.94048
1/9/1943,105.055328
1/10/1943,108.170176
1/11/1943,106.471168
1/12/1943,108.170176
1/13/1943,124.59392
1/14/1943,112.984032
1/15/1943,121.195904
1/16/1943,129.690944
1/17/1943,124.59392
1/18/1943,118.081056
1/19/1943,108.170176
1/20/1943,101.94048
1/21/1943,97.126624
1/22/1943,92.312768
1/23/1943,87.498912
1/24/1943,82.685056
1/25/1943,79.570208
1/26/1943,78.154368
1/27/1943,82.685056
1/28/1943,78.154368
1/29/1943,73.340512
1/30/1943,67.393984
1/31/1943,61.447456
2/1/1943,58.615776
2/2/1943,55.500928
2/3/1943,51.253408
2/4/1943,48.13856
2/5/1943,48.13856
2/6/1943,51.253408
2/7/1943,49.5544
2/8/1943,51.253408
2/9/1943,52.669248
2/10/1943,52.669248
2/11/1943,49.5544
2/12/1943,43.89104
2/13/1943,41.05936
2/14/1943,36.81184
2/15/1943,34.546496
2/16/1943,32.56432
2/17/1943,31.14848
2/18/1943,30.015808
2/19/1943,28.883136
2/20/1943,27.467296
2/21/1943,26.8443264
2/22/1943,25.5417536
2/23/1943,26.19304
2/24/1943,24.918784
2/25/1943,24.352448
2/26/1943,23.786112
2/27/1943,23.786112
2/28/1943,23.219776
3/1/1943,23.219776
3/2/1943,22.65344
3/3/1943,22.65344
3/4/1943,22.087104
3/5/1943,22.087104
3/6/1943,22.087104
3/7/1943,22.087104
3/8/1943,21.520768
3/9/1943,21.520768
3/10/1943,20.954432
3/11/1943,27.467296
3/12/1943,30.015808
3/13/1943,31.14848
3/14/1943,28.883136
3/15/1943,26.19304
3/16/1943,24.918784
3/17/1943,23.219776
3/18/1943,22.65344
3/19/1943,21.520768
3/20/1943,22.087104
3/21/1943,22.087104
3/22/1943,22.65344
3/23/1943,22.087104
3/24/1943,22.65344
3/25/1943,36.81184
3/26/1943,61.447456
3/27/1943,65.978144
3/28/1943,61.447456
3/29/1943,56.916768
3/30/1943,54.085088
3/31/1943,49.5544
4/1/1943,45.30688
4/2/1943,41.05936
4/3/1943,39.64352
4/4/1943,39.64352
4/5/1943,38.22768
4/6/1943,38.22768
4/7/1943,38.22768
4/8/1943,36.81184
4/9/1943,36.81184
4/10/1943,36.81184
4/11/1943,36.81184
4/12/1943,36.81184
4/13/1943,36.81184
4/14/1943,35.396
4/15/1943,35.396
4/16/1943,35.396
4/17/1943,36.81184
4/18/1943,39.64352
4/19/1943,39.64352
4/20/1943,36.81184
4/21/1943,35.396
4/22/1943,31.14848
4/23/1943,30.015808
4/24/1943,30.015808
4/25/1943,30.015808
4/26/1943,29.449472
4/27/1943,28.883136
4/28/1943,28.0902656
4/29/1943,26.8443264
4/30/1943,26.19304
5/1/1943,25.5417536
5/2/1943,24.918784
5/3/1943,25.5417536
5/4/1943,25.5417536
5/5/1943,26.19304
5/6/1943,26.8443264
5/7/1943,27.467296
5/8/1943,28.0902656
5/9/1943,26.19304
5/10/1943,26.8443264
5/11/1943,41.05936
5/12/1943,35.396
5/13/1943,24.918784
5/14/1943,22.087104
5/15/1943,20.954432
5/16/1943,20.388096
5/17/1943,20.388096
5/18/1943,22.087104
5/19/1943,23.219776
5/20/1943,24.352448
5/21/1943,26.19304
5/22/1943,28.0902656
5/23/1943,30.015808
5/24/1943,31.997984
5/25/1943,33.413824
5/26/1943,36.81184
5/27/1943,38.22768
5/28/1943,41.05936
5/29/1943,41.05936
5/30/1943,46.72272
5/31/1943,70.225664
6/1/1943,70.225664
6/2/1943,64.279136
6/3/1943,60.031616
6/4/1943,56.916768
6/5/1943,54.085088
6/6/1943,49.5544
6/7/1943,43.89104
6/8/1943,36.81184
6/9/1943,35.396
6/10/1943,36.81184
6/11/1943,36.81184
6/12/1943,38.22768
6/13/1943,41.05936
6/14/1943,54.085088
6/15/1943,46.72272
6/16/1943,43.89104
6/17/1943,45.30688
6/18/1943,46.72272
6/19/1943,49.5544
6/20/1943,51.253408
6/21/1943,54.085088
6/22/1943,55.500928
6/23/1943,56.916768
6/24/1943,60.031616
6/25/1943,61.447456
6/26/1943,61.447456
6/27/1943,65.978144
6/28/1943,67.393984
6/29/1943,68.809824
6/30/1943,70.225664
7/1/1943,68.809824
7/2/1943,61.447456
7/3/1943,45.30688
7/4/1943,26.8443264
7/5/1943,15.007904
7/6/1943,12.600976
7/7/1943,10.194048
7/8/1943,9.7409792
7/9/1943,9.8825632
7/10/1943,11.32672
7/11/1943,10.901968
7/12/1943,10.3922656
7/13/1943,11.32672
7/14/1943,12.176224
7/15/1943,13.025728
7/16/1943,13.5354304
7/17/1943,13.5354304
7/18/1943,12.600976
7/19/1943,10.901968
7/20/1943,10.194048
7/21/1943,9.6560288
7/22/1943,9.0047424
7/23/1943,7.9853376
7/24/1943,7.645536
7/25/1943,7.5889024
7/26/1943,7.928704
7/27/1943,8.2685056
7/28/1943,10.901968
7/29/1943,22.65344
7/30/1943,42.4752
7/31/1943,49.5544
8/1/1943,41.05936
8/2/1943,28.883136
8/3/1943,24.918784
8/4/1943,20.388096
8/5/1943,16.4803776
8/6/1943,12.600976
8/7/1943,9.5993952
8/8/1943,7.9853376
8/9/1943,4.9837568
8/10/1943,4.3607872
8/11/1943,3.9077184
8/12/1943,3.6245504
8/13/1943,3.7661344
8/14/1943,4.3607872
8/15/1943,4.813856
8/16/1943,5.4368256
8/17/1943,5.6067264
8/18/1943,5.6067264
8/19/1943,4.5873216
8/20/1943,3.7661344
8/21/1943,3.5679168
8/22/1943,3.1997984
8/23/1943,2.3786112
8/24/1943,2.1803936
8/25/1943,2.3786112
8/26/1943,2.4918784
8/27/1943,2.4635616
8/28/1943,2.0954432
8/29/1943,2.0104928
8/30/1943,1.982176
8/31/1943,1.8689088
9/1/1943,1.7839584
9/2/1943,1.557424
9/3/1943,1.3875232
9/4/1943,1.3025728
9/5/1943,1.3592064
9/6/1943,1.557424
9/7/1943,2.0954432
9/8/1943,1.7839584
9/9/1943,1.7273248
9/10/1943,1.699008
9/11/1943,1.6423744
9/12/1943,1.6423744
9/13/1943,1.6423744
9/14/1943,1.5857408
9/15/1943,1.557424
9/16/1943,1.557424
9/17/1943,1.5007904
9/18/1943,1.5007904
9/19/1943,1.557424
9/20/1943,1.5291072
9/21/1943,1.4724736
9/22/1943,1.3025728
9/23/1943,1.2459392
9/24/1943,1.2459392
9/25/1943,1.1893056
9/26/1943,1.132672
9/27/1943,1.2459392
9/28/1943,2.0104928
9/29/1943,2.4918784
9/30/1943,3.5112832
10/1/1943,4.3607872
10/2/1943,2.6334624
10/3/1943,2.0954432
10/4/1943,3.1997984
10/5/1943,7.78712
10/6/1943,9.1746432
10/7/1943,9.344544
10/8/1943,9.0047424
10/9/1943,7.928704
10/10/1943,7.1075168
10/11/1943,6.5411808
10/12/1943,6.229696
10/13/1943,6.229696
10/14/1943,5.9748448
10/15/1943,5.5500928
10/16/1943,5.3235584
10/17/1943,5.1536576
10/18/1943,4.813856
10/19/1943,4.3041536
10/20/1943,4.1342528
10/21/1943,4.24752
10/22/1943,4.4740544
10/23/1943,5.7199936
10/24/1943,6.654448
10/25/1943,9.0896928
10/26/1943,10.3073152
10/27/1943,11.7231552
10/28/1943,14.1584
10/29/1943,15.7441408
10/30/1943,16.8201792
10/31/1943,17.9528512
11/1/1943,20.2181952
11/2/1943,23.1348256
11/3/1943,24.352448
11/4/1943,25.5983872
11/5/1943,26.2213568
11/6/1943,27.467296
11/7/1943,28.1185824
11/8/1943,27.467296
11/9/1943,26.2213568
11/10/1943,24.352448
11/11/1943,21.94552
11/12/1943,20.2181952
11/13/1943,19.0855232
11/14/1943,17.9528512
11/15/1943,17.3865152
11/16/1943,16.28216
11/17/1943,15.2061216
11/18/1943,14.1584
11/19/1943,10.3922656
11/20/1943,9.1746432
11/21/1943,8.9481088
11/22/1943,8.6083072
11/23/1943,8.1552384
11/24/1943,7.645536
11/25/1943,7.362368
11/26/1943,7.3057344
11/27/1943,7.5889024
11/28/1943,7.78712
11/29/1943,7.8720704
11/30/1943,7.645536
12/1/1943,7.503952
12/2/1943,7.362368
12/3/1943,7.362368
12/4/1943,7.645536
12/5/1943,7.78712
12/6/1943,8.0136544
12/7/1943,8.2401888
12/8/1943,8.3817728
12/9/1943,8.6083072
12/10/1943,9.1746432
12/11/1943,10.3922656
12/12/1943,12.0063232
12/13/1943,13.167312
12/14/1943,13.6486976
12/15/1943,14.6681024
12/16/1943,15.2061216
12/17/1943,15.7441408
12/18/1943,16.28216
12/19/1943,16.8201792
12/20/1943,16.8201792
12/21/1943,17.3865152
12/22/1943,17.3865152
12/23/1943,17.9528512
12/24/1943,20.2181952
12/25/1943,28.1185824
12/26/1943,29.449472
12/27/1943,33.98016
12/28/1943,38.22768
12/29/1943,42.4752
12/30/1943,45.30688
12/31/1943,46.72272
1/1/1944,55.21776
1/2/1944,80.986048
1/3/1944,82.685056
1/4/1944,77.8712
1/5/1944,74.756352
1/6/1944,73.057344
1/7/1944,74.756352
1/8/1944,74.756352
1/9/1944,73.057344
1/10/1944,70.225664
1/11/1944,62.29696
1/12/1944,65.411808
1/13/1944,70.225664
1/14/1944,90.330592
1/15/1944,120.629568
1/16/1944,124.027584
1/17/1944,130.823616
1/18/1944,134.221632
1/19/1944,132.522624
1/20/1944,134.221632
1/21/1944,135.92064
1/22/1944,137.619648
1/23/1944,139.318656
1/24/1944,139.318656
1/25/1944,137.619648
1/26/1944,135.92064
1/27/1944,135.92064
1/28/1944,134.221632
1/29/1944,141.017664
1/30/1944,168.201792
1/31/1944,188.023552
2/1/1944,204.730464
2/2/1944,214.075008
2/3/1944,214.075008
2/4/1944,212.092832
2/5/1944,206.71264
2/6/1944,202.748288
2/7/1944,193.686912
2/8/1944,190.005728
2/9/1944,184.625536
2/10/1944,178.962176
2/11/1944,173.298816
2/12/1944,154.609728
2/13/1944,149.512704
2/14/1944,149.512704
2/15/1944,166.502784
2/16/1944,168.201792
2/17/1944,166.502784
2/18/1944,161.40576
2/19/1944,158.007744
2/20/1944,149.512704
2/21/1944,146.114688
2/22/1944,142.716672
2/23/1944,137.619648
2/24/1944,135.92064
2/25/1944,134.221632
2/26/1944,139.318656
2/27/1944,142.716672
2/28/1944,144.41568
2/29/1944,152.91072
3/1/1944,163.104768
3/2/1944,169.9008
3/3/1944,199.350272
3/4/1944,215.774016
3/5/1944,221.437376
3/6/1944,221.437376
3/7/1944,214.075008
3/8/1944,202.748288
3/9/1944,190.005728
3/10/1944,186.324544
3/11/1944,178.962176
3/12/1944,182.64336
3/13/1944,212.092832
3/14/1944,223.136384
3/15/1944,229.082912
3/16/1944,229.082912
3/17/1944,227.100736
3/18/1944,223.136384
3/19/1944,223.136384
3/20/1944,214.075008
3/21/1944,201.04928
3/22/1944,197.368096
3/23/1944,193.686912
3/24/1944,188.023552
3/25/1944,180.661184
3/26/1944,168.201792
3/27/1944,163.104768
3/28/1944,151.211712
3/29/1944,156.308736
3/30/1944,164.803776
3/31/1944,175.280992
4/1/1944,175.280992
4/2/1944,175.280992
4/3/1944,182.64336
4/4/1944,186.324544
4/5/1944,186.324544
4/6/1944,182.64336
4/7/1944,173.298816
4/8/1944,169.9008
4/9/1944,166.502784
4/10/1944,168.201792
4/11/1944,173.298816
4/12/1944,171.599808
4/13/1944,164.803776
4/14/1944,154.609728
4/15/1944,147.813696
4/16/1944,132.522624
4/17/1944,122.328576
4/18/1944,118.93056
4/19/1944,113.833536
4/20/1944,105.338496
4/21/1944,93.44544
4/22/1944,103.639488
4/23/1944,130.823616
4/24/1944,142.716672
4/25/1944,141.017664
4/26/1944,125.726592
4/27/1944,107.037504
4/28/1944,84.100896
4/29/1944,70.225664
4/30/1944,66.827648
5/1/1944,184.908704
5/2/1944,294.49472
5/3/1944,634.29632
5/4/1944,1093.02848
5/5/1944,1333.72128
5/6/1944,1407.34496
5/7/1944,1356.37472
5/8/1944,1234.61248
5/9/1944,1070.37504
5/10/1944,945.78112
5/11/1944,872.15744
5/12/1944,841.00896
5/13/1944,826.85056
5/14/1944,798.53376
5/15/1944,733.40512
5/16/1944,685.26656
5/17/1944,583.32608
5/18/1944,492.71232
5/19/1944,427.58368
5/20/1944,393.60352
5/21/1944,416.25696
5/22/1944,492.71232
5/23/1944,529.52416
5/24/1944,501.20736
5/25/1944,455.90048
5/26/1944,427.58368
5/27/1944,410.5936
5/28/1944,407.76192
5/29/1944,407.76192
5/30/1944,387.94016
5/31/1944,359.62336
6/1/1944,325.6432
6/2/1944,294.49472
6/3/1944,264.76208
6/4/1944,245.789824
6/5/1944,233.047264
6/6/1944,235.02944
6/7/1944,223.136384
6/8/1944,206.71264
6/9/1944,188.023552
6/10/1944,175.280992
6/11/1944,168.201792
6/12/1944,164.803776
6/13/1944,163.104768
6/14/1944,158.007744
6/15/1944,149.512704
6/16/1944,127.4256
6/17/1944,112.134528
6/18/1944,98.542464
6/19/1944,90.330592
6/20/1944,82.685056
6/21/1944,77.8712
6/22/1944,71.641504
6/23/1944,66.827648
6/24/1944,59.46528
6/25/1944,55.21776
6/26/1944,50.97024
6/27/1944,45.30688
6/28/1944,42.4752
6/29/1944,38.22768
6/30/1944,34.546496
7/1/1944,30.015808
7/2/1944,25.5983872
7/3/1944,21.94552
7/4/1944,18.5191872
7/5/1944,16.28216
7/6/1944,14.1584
7/7/1944,13.0823616
7/8/1944,12.2045408
7/9/1944,11.8081056
7/10/1944,11.4399872
7/11/1944,10.9869184
7/12/1944,10.3922656
7/13/1944,10.1374144
7/14/1944,9.7976128
7/15/1944,9.486128
7/16/1944,9.0896928
7/17/1944,8.1552384
7/18/1944,7.8720704
7/19/1944,7.503952
7/20/1944,7.1075168
7/21/1944,6.4562304
7/22/1944,6.229696
7/23/1944,6.088112
7/24/1944,5.9748448
7/25/1944,5.8332608
7/26/1944,5.9182112
7/27/1944,5.9748448
7/28/1944,5.9748448
7/29/1944,6.0314784
7/30/1944,6.088112
7/31/1944,5.9182112
8/1/1944,5.6067264
8/2/1944,5.380192
8/3/1944,5.097024
8/4/1944,4.6439552
8/5/1944,4.530688
8/6/1944,4.3607872
8/7/1944,4.0776192
8/8/1944,3.6528672
8/9/1944,3.3696992
8/10/1944,3.1997984
8/11/1944,2.8599968
8/12/1944,2.6334624
8/13/1944,2.6051456
8/14/1944,2.4918784
8/15/1944,2.406928
8/16/1944,2.4635616
8/17/1944,2.1803936
8/18/1944,2.1803936
8/19/1944,2.3219776
8/20/1944,2.4635616
8/21/1944,2.6334624
8/22/1944,2.83168
8/23/1944,3.114848
8/24/1944,3.1997984
8/25/1944,3.1997984
8/26/1944,3.114848
8/27/1944,2.6334624
8/28/1944,2.7184128
8/29/1944,3.6528672
8/30/1944,5.7199936
8/31/1944,14.6681024
9/1/1944,28.1185824
9/2/1944,30.582144
9/3/1944,25.5983872
9/4/1944,20.7845312
9/5/1944,21.3508672
9/6/1944,24.352448
9/7/1944,29.449472
9/8/1944,48.13856
9/9/1944,45.30688
9/10/1944,36.81184
9/11/1944,35.396
9/12/1944,33.413824
9/13/1944,29.449472
9/14/1944,24.9754176
9/15/1944,19.0855232
9/16/1944,12.4877088
9/17/1944,11.3550368
9/18/1944,9.486128
9/19/1944,7.3057344
9/20/1944,6.8526656
9/21/1944,6.1447456
9/22/1944,5.8332608
9/23/1944,5.3235584
9/24/1944,5.0403904
9/25/1944,4.4740544
9/26/1944,4.3607872
9/27/1944,4.3041536
9/28/1944,4.4740544
9/29/1944,4.3607872
9/30/1944,3.9077184
10/1/1944,3.7661344
10/2/1944,3.6245504
10/3/1944,3.8794016
10/4/1944,4.530688
10/5/1944,4.8704896
10/6/1944,5.4368256
10/7/1944,5.1536576
10/8/1944,5.097024
10/9/1944,5.380192
10/10/1944,5.4934592
10/11/1944,5.2669248
10/12/1944,4.8704896
10/13/1944,4.6439552
10/14/1944,4.3607872
10/15/1944,4.1908864
10/16/1944,4.0776192
10/17/1944,3.9077184
10/18/1944,3.822768
10/19/1944,3.7095008
10/20/1944,3.6245504
10/21/1944,3.5112832
10/22/1944,3.398016
10/23/1944,3.1997984
10/24/1944,3.114848
10/25/1944,3.0015808
10/26/1944,2.8599968
10/27/1944,2.7750464
10/28/1944,2.690096
10/29/1944,2.7184128
10/30/1944,2.7184128
10/31/1944,2.6334624
11/1/1944,2.6334624
11/2/1944,2.7184128
11/3/1944,2.83168
11/4/1944,3.0015808
11/5/1944,3.114848
11/6/1944,2.9166304
11/7/1944,2.8599968
11/8/1944,2.83168
11/9/1944,2.7750464
11/10/1944,3.3696992
11/11/1944,4.4740544
11/12/1944,4.7005888
11/13/1944,4.813856
11/14/1944,4.813856
11/15/1944,5.1536576
11/16/1944,5.66336
11/17/1944,5.9748448
11/18/1944,6.4562304
11/19/1944,7.645536
11/20/1944,12.2045408
11/21/1944,17.9528512
11/22/1944,25.5983872
11/23/1944,26.2213568
11/24/1944,28.1185824
11/25/1944,43.89104
11/26/1944,65.411808
11/27/1944,76.45536
11/28/1944,73.057344
11/29/1944,65.411808
11/30/1944,62.29696
12/1/1944,63.995968
12/2/1944,63.995968
12/3/1944,65.411808
12/4/1944,66.827648
12/5/1944,83.251392
12/6/1944,135.92064
12/7/1944,164.803776
12/8/1944,178.962176
12/9/1944,184.625536
12/10/1944,190.005728
12/11/1944,208.411648
12/12/1944,212.092832
12/13/1944,210.110656
12/14/1944,204.730464
12/15/1944,197.368096
12/16/1944,178.962176
12/17/1944,158.007744
12/18/1944,139.318656
12/19/1944,122.328576
12/20/1944,115.532544
12/21/1944,100.241472
12/22/1944,84.100896
12/23/1944,77.8712
12/24/1944,74.756352
12/25/1944,71.641504
12/26/1944,73.057344
12/27/1944,77.8712
12/28/1944,82.685056
12/29/1944,93.44544
12/30/1944,93.44544
12/31/1944,134.221632
1/1/1945,210.110656
1/2/1945,254.284864
1/3/1945,288.83136
1/4/1945,345.46496
1/5/1945,370.95008
1/6/1945,368.1184
1/7/1945,356.79168
1/8/1945,345.46496
1/9/1945,325.6432
1/10/1945,319.97984
1/11/1945,314.31648
1/12/1945,325.6432
1/13/1945,325.6432
1/14/1945,325.6432
1/15/1945,308.65312
1/16/1945,294.49472
1/17/1945,279.769984
1/18/1945,273.25712
1/19/1945,282.035328
1/20/1945,294.49472
1/21/1945,305.82144
1/22/1945,319.97984
1/23/1945,342.63328
1/24/1945,370.95008
1/25/1945,370.95008
1/26/1945,370.95008
1/27/1945,359.62336
1/28/1945,336.96992
1/29/1945,305.82144
1/30/1945,279.769984
1/31/1945,254.284864
2/1/1945,223.136384
2/2/1945,197.368096
2/3/1945,178.962176
2/4/1945,173.298816
2/5/1945,247.772
2/6/1945,322.81152
2/7/1945,322.81152
2/8/1945,314.31648
2/9/1945,288.83136
2/10/1945,262.779904
2/11/1945,215.774016
2/12/1945,197.368096
2/13/1945,186.324544
2/14/1945,173.298816
2/15/1945,164.803776
2/16/1945,159.706752
2/17/1945,151.211712
2/18/1945,158.007744
2/19/1945,169.9008
2/20/1945,195.38592
2/21/1945,201.04928
2/22/1945,197.368096
2/23/1945,186.324544
2/24/1945,168.201792
2/25/1945,139.318656
2/26/1945,132.522624
2/27/1945,130.823616
2/28/1945,137.619648
3/1/1945,152.91072
3/2/1945,149.512704
3/3/1945,142.716672
3/4/1945,137.619648
3/5/1945,134.221632
3/6/1945,127.4256
3/7/1945,124.027584
3/8/1945,118.93056
3/9/1945,115.532544
3/10/1945,115.532544
3/11/1945,122.328576
3/12/1945,137.619648
3/13/1945,152.91072
3/14/1945,169.9008
3/15/1945,199.350272
3/16/1945,214.075008
3/17/1945,235.02944
3/18/1945,282.035328
3/19/1945,308.65312
3/20/1945,325.6432
3/21/1945,311.4848
3/22/1945,308.65312
3/23/1945,291.66304
3/24/1945,273.25712
3/25/1945,256.26704
3/26/1945,237.294784
3/27/1945,223.136384
3/28/1945,210.110656
3/29/1945,201.04928
3/30/1945,191.987904
3/31/1945,191.987904
4/1/1945,262.779904
4/2/1945,379.44512
4/3/1945,492.71232
4/4/1945,605.97952
4/5/1945,764.5536
4/6/1945,841.00896
4/7/1945,841.00896
4/8/1945,863.6624
4/9/1945,968.43456
4/10/1945,1053.38496
4/11/1945,1061.88
4/12/1945,1022.23648
4/13/1945,920.296
4/14/1945,792.8704
4/15/1945,665.4448
4/16/1945,566.336
4/17/1945,478.55392
4/18/1945,407.76192
4/19/1945,370.95008
4/20/1945,322.81152
4/21/1945,291.66304
4/22/1945,260.51456
4/23/1945,231.065088
4/24/1945,212.092832
4/25/1945,195.38592
4/26/1945,182.64336
4/27/1945,171.599808
4/28/1945,154.609728
4/29/1945,122.328576
4/30/1945,107.037504
5/1/1945,91.746432
5/2/1945,82.685056
5/3/1945,74.756352
5/4/1945,68.526656
5/5/1945,68.526656
5/6/1945,66.827648
5/7/1945,65.411808
5/8/1945,62.29696
5/9/1945,59.46528
5/10/1945,55.21776
5/11/1945,74.756352
5/12/1945,88.914752
5/13/1945,93.44544
5/14/1945,96.843456
5/15/1945,96.843456
5/16/1945,118.93056
5/17/1945,144.41568
5/18/1945,156.308736
5/19/1945,154.609728
5/20/1945,151.211712
5/21/1945,149.512704
5/22/1945,154.609728
5/23/1945,152.91072
5/24/1945,142.716672
5/25/1945,129.124608
5/26/1945,120.629568
5/27/1945,110.43552
5/28/1945,95.144448
5/29/1945,76.45536
5/30/1945,66.827648
5/31/1945,60.88112
6/1/1945,50.97024
6/2/1945,45.30688
6/3/1945,41.05936
6/4/1945,36.81184
6/5/1945,34.546496
6/6/1945,31.997984
6/7/1945,30.582144
6/8/1945,28.883136
6/9/1945,26.2213568
6/10/1945,24.352448
6/11/1945,23.1348256
6/12/1945,21.3508672
6/13/1945,23.1348256
6/14/1945,30.582144
6/15/1945,30.015808
6/16/1945,27.467296
6/17/1945,25.5983872
6/18/1945,27.467296
6/19/1945,31.997984
6/20/1945,32.56432
6/21/1945,21.3508672
6/22/1945,31.997984
6/23/1945,28.883136
6/24/1945,26.2213568
6/25/1945,25.5983872
6/26/1945,25.5983872
6/27/1945,25.5983872
6/28/1945,25.5983872
6/29/1945,26.2213568
6/30/1945,26.8443264
7/1/1945,28.883136
7/2/1945,30.015808
7/3/1945,31.431648
7/4/1945,33.413824
7/5/1945,34.546496
7/6/1945,34.546496
7/7/1945,36.81184
7/8/1945,36.81184
7/9/1945,35.396
7/10/1945,33.98016
7/11/1945,31.431648
7/12/1945,27.467296
7/13/1945,25.5983872
7/14/1945,27.467296
7/15/1945,36.81184
7/16/1945,35.396
7/17/1945,35.396
7/18/1945,38.22768
7/19/1945,41.05936
7/20/1945,43.89104
7/21/1945,45.30688
7/22/1945,49.5544
7/23/1945,53.80192
7/24/1945,60.88112
7/25/1945,71.641504
7/26/1945,84.100896
7/27/1945,91.746432
7/28/1945,100.241472
7/29/1945,105.338496
7/30/1945,107.037504
7/31/1945,101.94048
8/1/1945,93.44544
8/2/1945,88.914752
8/3/1945,84.100896
8/4/1945,79.28704
8/5/1945,76.45536
8/6/1945,73.057344
8/7/1945,66.827648
8/8/1945,56.6336
8/9/1945,41.05936
8/10/1945,26.8443264
8/11/1945,20.2181952
8/12/1945,16.8201792
8/13/1945,15.7441408
8/14/1945,15.2061216
8/15/1945,14.6681024
8/16/1945,13.6486976
8/17/1945,12.884144
8/18/1945,11.8081056
8/19/1945,10.901968
8/20/1945,9.9675136
8/21/1945,9.2595936
8/22/1945,10.3073152
8/23/1945,8.778208
8/24/1945,8.2401888
8/25/1945,8.0986048
8/26/1945,7.503952
8/27/1945,7.3057344
8/28/1945,10.3073152
8/29/1945,19.0855232
8/30/1945,17.9528512
8/31/1945,12.884144
9/1/1945,10.5621664
9/2/1945,9.486128
9/3/1945,9.4011776
9/4/1945,9.4011776
9/5/1945,9.4011776
9/6/1945,9.486128
9/7/1945,9.7976128
9/8/1945,9.344544
9/9/1945,8.9481088
9/10/1945,8.3817728
9/11/1945,8.1552384
9/12/1945,8.1552384
9/13/1945,15.4609728
9/14/1945,11.2700864
9/15/1945,8.3817728
9/16/1945,7.1641504
9/17/1945,6.5978144
9/18/1945,6.4562304
9/19/1945,6.3995968
9/20/1945,6.229696
9/21/1945,6.229696
9/22/1945,6.229696
9/23/1945,6.3995968
9/24/1945,6.3995968
9/25/1945,6.3995968
9/26/1945,6.1447456
9/27/1945,5.8332608
9/28/1945,5.5500928
9/29/1945,5.4368256
9/30/1945,5.9748448
10/1/1945,7.2491008
10/2/1945,8.0986048
10/3/1945,9.4011776
10/4/1945,11.9213728
10/5/1945,16.28216
10/6/1945,20.2181952
10/7/1945,23.1348256
10/8/1945,39.077184
10/9/1945,52.38608
10/10/1945,45.30688
10/11/1945,42.4752
10/12/1945,41.05936
10/13/1945,42.4752
10/14/1945,43.89104
10/15/1945,46.72272
10/16/1945,48.13856
10/17/1945,50.97024
10/18/1945,53.80192
10/19/1945,56.6336
10/20/1945,59.46528
10/21/1945,62.29696
10/22/1945,66.827648
10/23/1945,70.225664
10/24/1945,88.914752
10/25/1945,115.532544
10/26/1945,103.639488
10/27/1945,95.144448
10/28/1945,91.746432
10/29/1945,87.215744
10/30/1945,80.986048
10/31/1945,76.45536
11/1/1945,71.641504
11/2/1945,66.827648
11/3/1945,63.995968
11/4/1945,60.88112
11/5/1945,56.6336
11/6/1945,50.97024
11/7/1945,45.30688
11/8/1945,41.05936
11/9/1945,38.22768
11/10/1945,43.89104
11/11/1945,49.5544
11/12/1945,45.30688
11/13/1945,39.64352
11/14/1945,33.98016
11/15/1945,31.431648
11/16/1945,28.883136
11/17/1945,27.467296
11/18/1945,27.467296
11/19/1945,27.467296
11/20/1945,27.467296
11/21/1945,28.1185824
11/22/1945,28.883136
11/23/1945,30.015808
11/24/1945,30.582144
11/25/1945,31.431648
11/26/1945,31.997984
11/27/1945,33.413824
11/28/1945,34.546496
11/29/1945,33.413824
11/30/1945,32.56432
12/1/1945,31.997984
12/2/1945,35.679168
12/3/1945,111.568192
12/4/1945,105.338496
12/5/1945,90.330592
12/6/1945,74.756352
12/7/1945,66.827648
12/8/1945,63.995968
12/9/1945,59.46528
12/10/1945,56.6336
12/11/1945,55.21776
12/12/1945,53.80192
12/13/1945,53.80192
12/14/1945,53.80192
12/15/1945,53.80192
12/16/1945,53.80192
12/17/1945,52.38608
12/18/1945,55.21776
12/19/1945,55.21776
12/20/1945,55.21776
12/21/1945,55.21776
12/22/1945,55.21776
12/23/1945,74.756352
12/24/1945,82.685056
12/25/1945,74.756352
12/26/1945,65.411808
12/27/1945,62.29696
12/28/1945,59.46528
12/29/1945,58.04944
12/30/1945,55.21776
12/31/1945,53.80192
1/1/1946,50.97024
1/2/1946,49.5544
1/3/1946,48.13856
1/4/1946,45.30688
1/5/1946,234.463104
1/6/1946,217.473024
1/7/1946,166.502784
1/8/1946,158.007744
1/9/1946,147.813696
1/10/1946,129.124608
1/11/1946,141.017664
1/12/1946,147.813696
1/13/1946,154.609728
1/14/1946,159.706752
1/15/1946,197.368096
1/16/1946,229.082912
1/17/1946,235.02944
1/18/1946,243.52448
1/19/1946,252.01952
1/20/1946,254.284864
1/21/1946,260.51456
1/22/1946,271.274944
1/23/1946,282.035328
1/24/1946,294.49472
1/25/1946,305.82144
1/26/1946,305.82144
1/27/1946,300.15808
1/28/1946,285.99968
1/29/1946,269.0096
1/30/1946,252.01952
1/31/1946,231.065088
2/1/1946,212.092832
2/2/1946,197.368096
2/3/1946,178.962176
2/4/1946,163.104768
2/5/1946,151.211712
2/6/1946,151.211712
2/7/1946,151.211712
2/8/1946,161.40576
2/9/1946,311.4848
2/10/1946,447.40544
2/11/1946,724.91008
2/12/1946,908.96928
2/13/1946,906.1376
2/14/1946,821.1872
2/15/1946,707.92
2/16/1946,588.98944
2/17/1946,504.03904
2/18/1946,453.0688
2/19/1946,436.07872
2/20/1946,410.5936
2/21/1946,396.4352
2/22/1946,376.61344
2/23/1946,351.12832
2/24/1946,328.47488
2/25/1946,308.65312
2/26/1946,285.99968
2/27/1946,279.769984
2/28/1946,260.51456
3/1/1946,239.27696
3/2/1946,219.4552
3/3/1946,201.04928
3/4/1946,184.625536
3/5/1946,171.599808
3/6/1946,173.298816
3/7/1946,177.263168
3/8/1946,178.962176
3/9/1946,180.661184
3/10/1946,186.324544
3/11/1946,193.686912
3/12/1946,199.350272
3/13/1946,217.473024
3/14/1946,225.11856
3/15/1946,233.047264
3/16/1946,247.772
3/17/1946,262.779904
3/18/1946,297.3264
3/19/1946,319.97984
3/20/1946,319.97984
3/21/1946,305.82144
3/22/1946,282.035328
3/23/1946,260.51456
3/24/1946,239.27696
3/25/1946,217.473024
3/26/1946,227.100736
3/27/1946,225.11856
3/28/1946,269.0096
3/29/1946,353.96
3/30/1946,396.4352
3/31/1946,387.94016
4/1/1946,362.45504
4/2/1946,328.47488
4/3/1946,294.49472
4/4/1946,260.51456
4/5/1946,237.294784
4/6/1946,223.136384
4/7/1946,212.092832
4/8/1946,201.04928
4/9/1946,190.005728
4/10/1946,175.280992
4/11/1946,169.9008
4/12/1946,168.201792
4/13/1946,168.201792
4/14/1946,164.803776
4/15/1946,159.706752
4/16/1946,161.40576
4/17/1946,154.609728
4/18/1946,142.716672
4/19/1946,132.522624
4/20/1946,120.629568
4/21/1946,108.736512
4/22/1946,95.144448
4/23/1946,84.100896
4/24/1946,87.215744
4/25/1946,84.100896
4/26/1946,76.45536
4/27/1946,65.411808
4/28/1946,58.04944
4/29/1946,53.80192
4/30/1946,68.526656
5/1/1946,70.225664
5/2/1946,70.225664
5/3/1946,71.641504
5/4/1946,73.057344
5/5/1946,73.057344
5/6/1946,70.225664
5/7/1946,70.225664
5/8/1946,70.225664
5/9/1946,71.641504
5/10/1946,71.641504
5/11/1946,73.057344
5/12/1946,79.28704
5/13/1946,140.734496
5/14/1946,177.263168
5/15/1946,252.01952
5/16/1946,325.6432
5/17/1946,370.95008
5/18/1946,379.44512
5/19/1946,370.95008
5/20/1946,351.12832
5/21/1946,331.30656
5/22/1946,314.31648
5/23/1946,297.3264
5/24/1946,279.769984
5/25/1946,260.51456
5/26/1946,247.772
5/27/1946,225.11856
5/28/1946,204.730464
5/29/1946,199.350272
5/30/1946,204.730464
5/31/1946,214.075008
6/1/1946,256.26704
6/2/1946,282.035328
6/3/1946,308.65312
6/4/1946,311.4848
6/5/1946,302.98976
6/6/1946,294.49472
6/7/1946,285.99968
6/8/1946,279.769984
6/9/1946,260.51456
6/10/1946,233.047264
6/11/1946,208.411648
6/12/1946,182.64336
6/13/1946,164.803776
6/14/1946,164.803776
6/15/1946,184.625536
6/16/1946,206.71264
6/17/1946,219.4552
6/18/1946,223.136384
6/19/1946,215.774016
6/20/1946,206.71264
6/21/1946,195.38592
6/22/1946,188.023552
6/23/1946,190.005728
6/24/1946,201.04928
6/25/1946,202.748288
6/26/1946,191.987904
6/27/1946,180.661184
6/28/1946,159.706752
6/29/1946,134.221632
6/30/1946,115.532544
7/1/1946,96.843456
7/2/1946,100.241472
7/3/1946,120.629568
7/4/1946,130.823616
7/5/1946,125.726592
7/6/1946,110.43552
7/7/1946,93.44544
7/8/1946,84.100896
7/9/1946,77.8712
7/10/1946,71.641504
7/11/1946,65.411808
7/12/1946,59.46528
7/13/1946,55.21776
7/14/1946,49.5544
7/15/1946,46.72272
7/16/1946,42.4752
7/17/1946,36.81184
7/18/1946,31.431648
7/19/1946,26.8443264
7/20/1946,26.8443264
7/21/1946,24.9754176
7/22/1946,30.015808
7/23/1946,28.883136
7/24/1946,23.1348256
7/25/1946,19.6518592
7/26/1946,17.9528512
7/27/1946,17.3865152
7/28/1946,15.7441408
7/29/1946,14.6681024
7/30/1946,14.1584
7/31/1946,12.6859264
8/1/1946,12.2045408
8/2/1946,11.4399872
8/3/1946,11.3550368
8/4/1946,10.8170176
8/5/1946,9.9675136
8/6/1946,9.4011776
8/7/1946,9.0896928
8/8/1946,8.6932576
8/9/1946,8.4667232
8/10/1946,8.1552384
8/11/1946,7.8720704
8/12/1946,7.5889024
8/13/1946,7.2491008
8/14/1946,7.2491008
8/15/1946,6.9092992
8/16/1946,6.654448
8/17/1946,6.4562304
8/18/1946,6.3429632
8/19/1946,6.2863296
8/20/1946,6.0314784
8/21/1946,5.9182112
8/22/1946,5.5500928
8/23/1946,5.380192
8/24/1946,5.380192
8/25/1946,5.380192
8/26/1946,6.9659328
8/27/1946,20.5579968
8/28/1946,29.449472
8/29/1946,33.413824
8/30/1946,39.64352
8/31/1946,42.4752
9/1/1946,32.56432
9/2/1946,28.1185824
9/3/1946,26.8443264
9/4/1946,25.5983872
9/5/1946,25.5983872
9/6/1946,26.2213568
9/7/1946,27.467296
9/8/1946,29.449472
9/9/1946,32.56432
9/10/1946,35.396
9/11/1946,38.22768
9/12/1946,42.4752
9/13/1946,43.89104
9/14/1946,46.72272
9/15/1946,50.97024
9/16/1946,55.21776
9/17/1946,58.04944
9/18/1946,62.29696
9/19/1946,65.411808
9/20/1946,68.526656
9/21/1946,66.827648
9/22/1946,63.995968
9/23/1946,55.21776
9/24/1946,36.81184
9/25/1946,24.352448
9/26/1946,19.0855232
9/27/1946,20.7845312
9/28/1946,22.5401728
9/29/1946,22.5401728
9/30/1946,23.1348256
10/1/1946,21.94552
10/2/1946,22.5401728
10/3/1946,22.5401728
10/4/1946,23.7294784
10/5/1946,24.9754176
10/6/1946,25.5983872
10/7/1946,26.2213568
10/8/1946,26.8443264
10/9/1946,26.2213568
10/10/1946,26.2213568
10/11/1946,47.572224
10/12/1946,34.546496
10/13/1946,27.467296
10/14/1946,24.9754176
10/15/1946,23.1348256
10/16/1946,21.94552
10/17/1946,21.3508672
10/18/1946,20.2181952
10/19/1946,19.6518592
10/20/1946,26.8443264
10/21/1946,22.5401728
10/22/1946,18.5191872
10/23/1946,17.9528512
10/24/1946,20.812848
10/25/1946,58.615776
10/26/1946,46.72272
10/27/1946,36.81184
10/28/1946,32.56432
10/29/1946,30.582144
10/30/1946,26.8443264
10/31/1946,23.1348256
11/1/1946,22.5401728
11/2/1946,23.7294784
11/3/1946,35.962336
11/4/1946,105.621664
11/5/1946,132.522624
11/6/1946,195.38592
11/7/1946,231.065088
11/8/1946,235.02944
11/9/1946,231.065088
11/10/1946,328.47488
11/11/1946,421.92032
11/12/1946,427.58368
11/13/1946,407.76192
11/14/1946,362.45504
11/15/1946,319.97984
11/16/1946,282.035328
11/17/1946,264.76208
11/18/1946,258.249216
11/19/1946,277.50464
11/20/1946,308.65312
11/21/1946,328.47488
11/22/1946,348.29664
11/23/1946,353.96
11/24/1946,348.29664
11/25/1946,334.13824
11/26/1946,325.6432
11/27/1946,317.14816
11/28/1946,300.15808
11/29/1946,279.769984
11/30/1946,256.26704
12/1/1946,229.082912
12/2/1946,208.411648
12/3/1946,190.005728
12/4/1946,177.263168
12/5/1946,164.803776
12/6/1946,154.609728
12/7/1946,144.41568
12/8/1946,134.221632
12/9/1946,125.726592
12/10/1946,122.328576
12/11/1946,129.124608
12/12/1946,151.211712
12/13/1946,156.308736
12/14/1946,164.803776
12/15/1946,171.599808
12/16/1946,171.599808
12/17/1946,169.9008
12/18/1946,164.803776
12/19/1946,164.803776
12/20/1946,186.324544
12/21/1946,186.324544
12/22/1946,180.661184
12/23/1946,171.599808
12/24/1946,163.104768
12/25/1946,152.91072
12/26/1946,142.716672
12/27/1946,135.92064
12/28/1946,130.823616
12/29/1946,125.726592
12/30/1946,120.629568
12/31/1946,129.124608
1/1/1947,149.512704
1/2/1947,177.263168
1/3/1947,193.686912
1/4/1947,201.04928
1/5/1947,215.774016
1/6/1947,223.136384
1/7/1947,239.27696
1/8/1947,269.0096
1/9/1947,300.15808
1/10/1947,334.13824
1/11/1947,351.12832
1/12/1947,353.96
1/13/1947,336.96992
1/14/1947,317.14816
1/15/1947,285.99968
1/16/1947,266.744256
1/17/1947,322.81152
1/18/1947,356.79168
1/19/1947,402.09856
1/20/1947,433.24704
1/21/1947,433.24704
1/22/1947,427.58368
1/23/1947,396.4352
1/24/1947,376.61344
1/25/1947,351.12832
1/26/1947,325.6432
1/27/1947,300.15808
1/28/1947,269.0096
1/29/1947,241.259136
1/30/1947,215.774016
1/31/1947,193.686912
2/1/1947,171.599808
2/2/1947,156.308736
2/3/1947,147.813696
2/4/1947,141.017664
2/5/1947,137.619648
2/6/1947,137.619648
2/7/1947,135.92064
2/8/1947,134.221632
2/9/1947,132.522624
2/10/1947,129.124608
2/11/1947,124.027584
2/12/1947,122.328576
2/13/1947,118.93056
2/14/1947,112.134528
2/15/1947,105.338496
2/16/1947,100.241472
2/17/1947,93.44544
2/18/1947,88.914752
2/19/1947,82.685056
2/20/1947,82.685056
2/21/1947,88.914752
2/22/1947,91.746432
2/23/1947,91.746432
2/24/1947,91.746432
2/25/1947,93.44544
2/26/1947,100.241472
2/27/1947,101.94048
2/28/1947,103.639488
3/1/1947,101.94048
3/2/1947,95.144448
3/3/1947,87.215744
3/4/1947,82.685056
3/5/1947,79.28704
3/6/1947,77.8712
3/7/1947,87.215744
3/8/1947,100.241472
3/9/1947,110.43552
3/10/1947,118.93056
3/11/1947,122.328576
3/12/1947,135.92064
3/13/1947,314.31648
3/14/1947,385.10848
3/15/1947,481.3856
3/16/1947,481.3856
3/17/1947,441.74208
3/18/1947,407.76192
3/19/1947,385.10848
3/20/1947,348.29664
3/21/1947,314.31648
3/22/1947,288.83136
3/23/1947,277.50464
3/24/1947,283.168
3/25/1947,283.168
3/26/1947,277.50464
3/27/1947,266.744256
3/28/1947,254.284864
3/29/1947,239.27696
3/30/1947,227.100736
3/31/1947,215.774016
4/1/1947,206.71264
4/2/1947,201.04928
4/3/1947,193.686912
4/4/1947,182.64336
4/5/1947,171.599808
4/6/1947,158.007744
4/7/1947,147.813696
4/8/1947,135.92064
4/9/1947,127.4256
4/10/1947,118.93056
4/11/1947,112.134528
4/12/1947,105.338496
4/13/1947,98.542464
4/14/1947,95.144448
4/15/1947,91.746432
4/16/1947,90.330592
4/17/1947,85.516736
4/18/1947,82.685056
4/19/1947,79.28704
4/20/1947,77.8712
4/21/1947,76.45536
4/22/1947,74.756352
4/23/1947,73.057344
4/24/1947,73.057344
4/25/1947,73.057344
4/26/1947,74.756352
4/27/1947,84.100896
4/28/1947,98.542464
4/29/1947,122.328576
4/30/1947,147.813696
5/1/1947,164.803776
5/2/1947,168.201792
5/3/1947,161.40576
5/4/1947,152.91072
5/5/1947,141.017664
5/6/1947,129.124608
5/7/1947,117.231552
5/8/1947,108.736512
5/9/1947,98.542464
5/10/1947,93.44544
5/11/1947,88.914752
5/12/1947,84.100896
5/13/1947,79.28704
5/14/1947,74.756352
5/15/1947,70.225664
5/16/1947,65.411808
5/17/1947,101.94048
5/18/1947,159.706752
5/19/1947,202.748288
5/20/1947,180.661184
5/21/1947,195.38592
5/22/1947,210.110656
5/23/1947,239.27696
5/24/1947,264.76208
5/25/1947,282.035328
5/26/1947,285.99968
5/27/1947,288.83136
5/28/1947,294.49472
5/29/1947,291.66304
5/30/1947,282.035328
5/31/1947,279.769984
6/1/1947,262.779904
6/2/1947,247.772
6/3/1947,231.065088
6/4/1947,221.437376
6/5/1947,204.730464
6/6/1947,188.023552
6/7/1947,169.9008
6/8/1947,154.609728
6/9/1947,144.41568
6/10/1947,132.522624
6/11/1947,115.532544
6/12/1947,100.241472
6/13/1947,85.516736
6/14/1947,73.057344
6/15/1947,60.88112
6/16/1947,53.80192
6/17/1947,48.13856
6/18/1947,42.4752
6/19/1947,38.22768
6/20/1947,35.396
6/21/1947,35.396
6/22/1947,30.582144
6/23/1947,27.467296
6/24/1947,31.997984
6/25/1947,43.89104
6/26/1947,48.13856
6/27/1947,50.97024
6/28/1947,50.97024
6/29/1947,50.97024
6/30/1947,50.97024
7/1/1947,49.5544
7/2/1947,49.5544
7/3/1947,53.80192
7/4/1947,49.5544
7/5/1947,45.30688
7/6/1947,42.4752
7/7/1947,36.81184
7/8/1947,31.997984
7/9/1947,28.1185824
7/10/1947,24.352448
7/11/1947,21.94552
7/12/1947,20.2181952
7/13/1947,18.5191872
7/14/1947,16.8201792
7/15/1947,15.7441408
7/16/1947,14.6681024
7/17/1947,13.6486976
7/18/1947,12.7708768
7/19/1947,12.4877088
7/20/1947,15.2061216
7/21/1947,13.167312
7/22/1947,10.6471168
7/23/1947,10.3073152
7/24/1947,9.9675136
7/25/1947,9.344544
7/26/1947,8.9481088
7/27/1947,8.1552384
7/28/1947,7.8720704
7/29/1947,7.7304864
7/30/1947,7.4473184
7/31/1947,7.1641504
8/1/1947,7.0225664
8/2/1947,6.4562304
8/3/1947,6.2863296
8/4/1947,6.088112
8/5/1947,5.9748448
8/6/1947,5.8332608
8/7/1947,5.7199936
8/8/1947,5.4934592
8/9/1947,4.9271232
8/10/1947,4.813856
8/11/1947,4.5873216
8/12/1947,4.3607872
8/13/1947,4.1908864
8/14/1947,3.9077184
8/15/1947,3.822768
8/16/1947,3.7095008
8/17/1947,3.7095008
8/18/1947,3.6528672
8/19/1947,3.9077184
8/20/1947,4.0209856
8/21/1947,3.822768
8/22/1947,3.6528672
8/23/1947,3.6245504
8/24/1947,3.6528672
8/25/1947,4.24752
8/26/1947,4.3607872
8/27/1947,4.6439552
8/28/1947,4.3041536
8/29/1947,4.3041536
8/30/1947,4.1908864
8/31/1947,4.0776192
9/1/1947,4.0776192
9/2/1947,4.0776192
9/3/1947,4.0776192
9/4/1947,4.0776192
9/5/1947,4.1908864
9/6/1947,4.1342528
9/7/1947,4.0776192
9/8/1947,3.8794016
9/9/1947,3.6245504
9/10/1947,3.4546496
9/11/1947,3.4546496
9/12/1947,3.4546496
9/13/1947,3.4546496
9/14/1947,3.4546496
9/15/1947,3.4546496
9/16/1947,3.4546496
9/17/1947,3.5112832
9/18/1947,3.6245504
9/19/1947,3.7661344
9/20/1947,4.24752
9/21/1947,4.24752
9/22/1947,3.8794016
9/23/1947,3.8794016
9/24/1947,4.1342528
9/25/1947,4.3041536
9/26/1947,4.4174208
9/27/1947,4.6439552
9/28/1947,5.380192
9/29/1947,5.66336
9/30/1947,5.8332608
10/1/1947,5.9182112
10/2/1947,5.66336
10/3/1947,5.4368256
10/4/1947,5.3235584
10/5/1947,5.2102912
10/6/1947,5.097024
10/7/1947,4.8704896
10/8/1947,4.7005888
10/9/1947,4.4174208
10/10/1947,4.1908864
10/11/1947,3.964352
10/12/1947,3.8794016
10/13/1947,3.7095008
10/14/1947,3.5679168
10/15/1947,3.5679168
10/16/1947,3.5112832
10/17/1947,3.3696992
10/18/1947,3.4546496
10/19/1947,3.4546496
10/20/1947,3.4546496
10/21/1947,3.398016
10/22/1947,3.3130656
10/23/1947,3.1431648
10/24/1947,3.0582144
10/25/1947,3.0582144
10/26/1947,3.0582144
10/27/1947,3.0582144
10/28/1947,3.0582144
10/29/1947,3.0582144
10/30/1947,3.1997984
10/31/1947,3.3696992
11/1/1947,3.3130656
11/2/1947,3.0582144
11/3/1947,3.0582144
11/4/1947,3.256432
11/5/1947,3.7661344
11/6/1947,4.3041536
11/7/1947,5.3235584
11/8/1947,5.7199936
11/9/1947,6.088112
11/10/1947,6.7110816
11/11/1947,7.362368
11/12/1947,7.5889024
11/13/1947,7.5889024
11/14/1947,7.7304864
11/15/1947,8.0986048
11/16/1947,7.645536
11/17/1947,7.8720704
11/18/1947,10.8170176
11/19/1947,15.7441408
11/20/1947,16.28216
11/21/1947,15.2061216
11/22/1947,18.5191872
11/23/1947,26.2213568
11/24/1947,31.997984
11/25/1947,27.467296
11/26/1947,24.352448
11/27/1947,22.5401728
11/28/1947,20.2181952
11/29/1947,19.0855232
11/30/1947,17.9528512
12/1/1947,17.3865152
12/2/1947,16.28216
12/3/1947,15.7441408
12/4/1947,22.087104
12/5/1947,39.64352
12/6/1947,46.72272
12/7/1947,43.89104
12/8/1947,42.4752
12/9/1947,42.4752
12/10/1947,41.05936
12/11/1947,43.89104
12/12/1947,45.30688
12/13/1947,53.80192
12/14/1947,53.80192
12/15/1947,62.29696
12/16/1947,62.29696
12/17/1947,56.6336
12/18/1947,53.80192
12/19/1947,50.97024
12/20/1947,48.13856
12/21/1947,45.30688
12/22/1947,43.89104
12/23/1947,42.4752
12/24/1947,41.05936
12/25/1947,41.05936
12/26/1947,39.64352
12/27/1947,39.64352
12/28/1947,39.64352
12/29/1947,39.64352
12/30/1947,39.64352
12/31/1947,39.64352
1/1/1948,41.05936
1/2/1948,42.4752
1/3/1948,42.4752
1/4/1948,43.89104
1/5/1948,45.30688
1/6/1948,45.30688
1/7/1948,46.72272
1/8/1948,48.13856
1/9/1948,49.5544
1/10/1948,50.97024
1/11/1948,50.97024
1/12/1948,52.38608
1/13/1948,53.80192
1/14/1948,52.38608
1/15/1948,48.13856
1/16/1948,46.72272
1/17/1948,46.72272
1/18/1948,46.72272
1/19/1948,45.30688
1/20/1948,45.30688
1/21/1948,45.30688
1/22/1948,43.89104
1/23/1948,43.89104
1/24/1948,43.89104
1/25/1948,45.30688
1/26/1948,45.30688
1/27/1948,53.80192
1/28/1948,60.88112
1/29/1948,63.995968
1/30/1948,65.411808
1/31/1948,66.827648
2/1/1948,68.526656
2/2/1948,70.225664
2/3/1948,71.641504
2/4/1948,71.641504
2/5/1948,71.641504
2/6/1948,70.225664
2/7/1948,68.526656
2/8/1948,82.401888
2/9/1948,137.619648
2/10/1948,151.211712
2/11/1948,161.40576
2/12/1948,177.263168
2/13/1948,197.368096
2/14/1948,221.437376
2/15/1948,239.27696
2/16/1948,241.259136
2/17/1948,239.27696
2/18/1948,227.100736
2/19/1948,212.092832
2/20/1948,195.38592
2/21/1948,190.005728
2/22/1948,195.38592
2/23/1948,184.625536
2/24/1948,177.263168
2/25/1948,178.962176
2/26/1948,175.280992
2/27/1948,169.9008
2/28/1948,164.803776
2/29/1948,163.104768
3/1/1948,159.706752
3/2/1948,156.308736
3/3/1948,152.91072
3/4/1948,149.512704
3/5/1948,146.114688
3/6/1948,146.114688
3/7/1948,146.114688
3/8/1948,146.114688
3/9/1948,149.512704
3/10/1948,147.813696
3/11/1948,141.017664
3/12/1948,130.823616
3/13/1948,122.328576
3/14/1948,113.833536
3/15/1948,103.639488
3/16/1948,95.144448
3/17/1948,87.215744
3/18/1948,82.685056
3/19/1948,79.28704
3/20/1948,77.8712
3/21/1948,80.986048
3/22/1948,90.330592
3/23/1948,107.037504
3/24/1948,117.231552
3/25/1948,125.726592
3/26/1948,129.124608
3/27/1948,129.124608
3/28/1948,124.027584
3/29/1948,120.629568
3/30/1948,115.532544
3/31/1948,110.43552
4/1/1948,103.639488
4/2/1948,95.144448
4/3/1948,88.914752
4/4/1948,80.986048
4/5/1948,71.641504
4/6/1948,65.411808
4/7/1948,59.46528
4/8/1948,55.21776
4/9/1948,50.97024
4/10/1948,49.5544
4/11/1948,48.13856
4/12/1948,46.72272
4/13/1948,70.225664
4/14/1948,124.027584
4/15/1948,139.318656
4/16/1948,151.211712
4/17/1948,146.114688
4/18/1948,139.318656
4/19/1948,141.017664
4/20/1948,142.716672
4/21/1948,137.619648
4/22/1948,122.328576
4/23/1948,101.94048
4/24/1948,87.215744
4/25/1948,82.685056
4/26/1948,95.144448
4/27/1948,110.43552
4/28/1948,110.43552
4/29/1948,98.542464
4/30/1948,88.914752
5/1/1948,88.914752
5/2/1948,90.330592
5/3/1948,91.746432
5/4/1948,90.330592
5/5/1948,84.100896
5/6/1948,71.641504
5/7/1948,59.46528
5/8/1948,52.38608
5/9/1948,46.72272
5/10/1948,42.4752
5/11/1948,39.64352
5/12/1948,36.81184
5/13/1948,36.81184
5/14/1948,36.81184
5/15/1948,42.4752
5/16/1948,48.13856
5/17/1948,52.38608
5/18/1948,55.21776
5/19/1948,50.97024
5/20/1948,45.30688
5/21/1948,41.05936
5/22/1948,36.81184
5/23/1948,36.81184
5/24/1948,38.22768
5/25/1948,39.64352
5/26/1948,44.174208
5/27/1948,66.827648
5/28/1948,65.411808
5/29/1948,76.45536
5/30/1948,87.215744
5/31/1948,93.44544
6/1/1948,98.542464
6/2/1948,101.94048
6/3/1948,105.338496
6/4/1948,105.338496
6/5/1948,103.639488
6/6/1948,95.144448
6/7/1948,84.100896
6/8/1948,71.641504
6/9/1948,58.04944
6/10/1948,43.89104
6/11/1948,30.582144
6/12/1948,24.352448
6/13/1948,20.7845312
6/14/1948,17.9528512
6/15/1948,15.7441408
6/16/1948,14.1584
6/17/1948,12.6859264
6/18/1948,11.4399872
6/19/1948,10.7320672
6/20/1948,10.3073152
6/21/1948,9.7976128
6/22/1948,9.344544
6/23/1948,8.8631584
6/24/1948,8.2401888
6/25/1948,7.645536
6/26/1948,7.2491008
6/27/1948,6.7677152
6/28/1948,6.3995968
6/29/1948,6.3429632
6/30/1948,6.088112
7/1/1948,6.229696
7/2/1948,6.229696
7/3/1948,6.3429632
7/4/1948,7.78712
7/5/1948,8.9481088
7/6/1948,11.4399872
7/7/1948,12.6859264
7/8/1948,11.9213728
7/9/1948,11.3550368
7/10/1948,11.3550368
7/11/1948,11.3550368
7/12/1948,11.185136
7/13/1948,10.052464
7/14/1948,9.0896928
7/15/1948,8.6932576
7/16/1948,8.778208
7/17/1948,9.9675136
7/18/1948,10.1374144
7/19/1948,9.6560288
7/20/1948,9.0047424
7/21/1948,8.2968224
7/22/1948,7.78712
7/23/1948,6.9659328
7/24/1948,6.4562304
7/25/1948,5.9748448
7/26/1948,5.4934592
7/27/1948,5.0403904
7/28/1948,4.7005888
7/29/1948,4.4174208
7/30/1948,4.0776192
7/31/1948,3.8794016
8/1/1948,3.7661344
8/2/1948,3.5112832
8/3/1948,3.1431648
8/4/1948,2.9166304
8/5/1948,2.690096
8/6/1948,2.548512
8/7/1948,2.4635616
8/8/1948,2.4635616
8/9/1948,2.3219776
8/10/1948,2.1803936
8/11/1948,2.0954432
8/12/1948,1.9255424
8/13/1948,1.7839584
8/14/1948,1.6706912
8/15/1948,1.557424
8/16/1948,1.557424
8/17/1948,1.5007904
8/18/1948,1.3592064
8/19/1948,1.3308896
8/20/1948,1.3308896
8/21/1948,1.3025728
8/22/1948,1.274256
8/23/1948,1.1893056
8/24/1948,1.132672
8/25/1948,1.1043552
8/26/1948,1.132672
8/27/1948,1.274256
8/28/1948,1.5007904
8/29/1948,1.557424
8/30/1948,1.557424
8/31/1948,1.5007904
9/1/1948,1.3875232
9/2/1948,1.3025728
9/3/1948,1.2459392
9/4/1948,1.2459392
9/5/1948,1.1893056
9/6/1948,1.3025728
9/7/1948,1.3592064
9/8/1948,1.41584
9/9/1948,3.2281152
9/10/1948,4.9837568
9/11/1948,4.3607872
9/12/1948,2.9166304
9/13/1948,2.0954432
9/14/1948,1.7839584
9/15/1948,1.699008
9/16/1948,1.6423744
9/17/1948,1.5007904
9/18/1948,1.3875232
9/19/1948,1.3025728
9/20/1948,1.3025728
9/21/1948,1.2176224
9/22/1948,1.2459392
9/23/1948,1.2459392
9/24/1948,1.274256
9/25/1948,1.3592064
9/26/1948,1.3308896
9/27/1948,1.2176224
9/28/1948,1.132672
9/29/1948,1.0760384
9/30/1948,1.0477216
10/1/1948,1.0194048
10/2/1948,1.0194048
10/3/1948,0.9627712
10/4/1948,0.9061376
10/5/1948,0.9061376
10/6/1948,0.8778208
10/7/1948,0.849504
10/8/1948,0.7928704
10/9/1948,0.7645536
10/10/1948,0.7645536
10/11/1948,1.6423744
10/12/1948,1.2459392
10/13/1948,1.0194048
10/14/1948,0.9627712
10/15/1948,0.9627712
10/16/1948,0.9627712
10/17/1948,0.9344544
10/18/1948,0.849504
10/19/1948,0.8211872
10/20/1948,0.8778208
10/21/1948,0.9627712
10/22/1948,1.0194048
10/23/1948,1.132672
10/24/1948,1.1893056
10/25/1948,1.1893056
10/26/1948,1.132672
10/27/1948,1.1893056
10/28/1948,1.3308896
10/29/1948,1.41584
10/30/1948,1.5857408
10/31/1948,1.699008
11/1/1948,1.699008
11/2/1948,1.699008
11/3/1948,1.6706912
11/4/1948,1.557424
11/5/1948,1.557424
11/6/1948,1.699008
11/7/1948,1.699008
11/8/1948,1.699008
11/9/1948,1.7839584
11/10/1948,1.9255424
11/11/1948,1.9255424
11/12/1948,2.0104928
11/13/1948,2.0104928
11/14/1948,2.2370272
11/15/1948,2.6334624
11/16/1948,27.7221472
11/17/1948,18.8023552
11/18/1948,18.0944352
11/19/1948,20.6146304
11/20/1948,12.4027584
11/21/1948,11.3550368
11/22/1948,11.1001856
11/23/1948,10.3073152
11/24/1948,9.7976128
11/25/1948,9.344544
11/26/1948,12.4877088
11/27/1948,13.45048
11/28/1948,9.8825632
11/29/1948,9.6560288
11/30/1948,9.8825632
12/1/1948,9.4011776
12/2/1948,9.1746432
12/3/1948,8.9481088
12/4/1948,8.6083072
12/5/1948,8.2968224
12/6/1948,7.928704
12/7/1948,7.4473184
12/8/1948,7.1075168
12/9/1948,6.7677152
12/10/1948,6.5978144
12/11/1948,6.4562304
12/12/1948,6.3429632
12/13/1948,6.3429632
12/14/1948,6.229696
12/15/1948,6.088112
12/16/1948,6.088112
12/17/1948,6.3995968
12/18/1948,8.4667232
12/19/1948,8.2401888
12/20/1948,8.2968224
12/21/1948,10.2223648
12/22/1948,12.884144
12/23/1948,14.6681024
12/24/1948,16.8201792
12/25/1948,18.5191872
12/26/1948,18.5191872
12/27/1948,17.3865152
12/28/1948,15.7441408
12/29/1948,19.0855232
12/30/1948,18.5191872
12/31/1948,16.8201792
1/1/1949,14.1584
1/2/1949,19.7651264
1/3/1949,31.431648
1/4/1949,22.5401728
1/5/1949,17.3865152
1/6/1949,14.1584
1/7/1949,13.167312
1/8/1949,12.600976
1/9/1949,12.2045408
1/10/1949,11.8081056
1/11/1949,11.5532544
1/12/1949,11.2700864
1/13/1949,10.9869184
1/14/1949,10.8170176
1/15/1949,10.8170176
1/16/1949,15.6025568
1/17/1949,31.431648
1/18/1949,48.13856
1/19/1949,49.5544
1/20/1949,42.4752
1/21/1949,73.057344
1/22/1949,115.532544
1/23/1949,110.43552
1/24/1949,110.43552
1/25/1949,100.241472
1/26/1949,93.44544
1/27/1949,124.027584
1/28/1949,141.017664
1/29/1949,125.726592
1/30/1949,120.629568
1/31/1949,113.833536
2/1/1949,112.134528
2/2/1949,108.736512
2/3/1949,112.134528
2/4/1949,110.43552
2/5/1949,101.94048
2/6/1949,93.44544
2/7/1949,87.215744
2/8/1949,85.516736
2/9/1949,96.843456
2/10/1949,122.328576
2/11/1949,105.338496
2/12/1949,96.843456
2/13/1949,87.215744
2/14/1949,80.986048
2/15/1949,76.45536
2/16/1949,79.28704
2/17/1949,80.986048
2/18/1949,77.8712
2/19/1949,74.756352
2/20/1949,73.057344
2/21/1949,80.986048
2/22/1949,88.914752
2/23/1949,93.44544
2/24/1949,96.843456
2/25/1949,98.542464
2/26/1949,163.104768
2/27/1949,166.502784
2/28/1949,175.280992
3/1/1949,175.280992
3/2/1949,166.502784
3/3/1949,154.609728
3/4/1949,141.017664
3/5/1949,129.124608
3/6/1949,115.532544
3/7/1949,96.843456
3/8/1949,82.685056
3/9/1949,80.986048
3/10/1949,88.914752
3/11/1949,73.057344
3/12/1949,68.526656
3/13/1949,68.526656
3/14/1949,88.914752
3/15/1949,91.746432
3/16/1949,85.516736
3/17/1949,84.100896
3/18/1949,84.100896
3/19/1949,82.685056
3/20/1949,79.28704
3/21/1949,128.275104
3/22/1949,188.023552
3/23/1949,195.38592
3/24/1949,201.04928
3/25/1949,208.411648
3/26/1949,225.11856
3/27/1949,279.769984
3/28/1949,322.81152
3/29/1949,319.97984
3/30/1949,294.49472
3/31/1949,266.744256
4/1/1949,227.100736
4/2/1949,188.023552
4/3/1949,146.114688
4/4/1949,118.93056
4/5/1949,103.639488
4/6/1949,96.843456
4/7/1949,90.330592
4/8/1949,80.986048
4/9/1949,73.057344
4/10/1949,70.225664
4/11/1949,71.641504
4/12/1949,71.641504
4/13/1949,71.641504
4/14/1949,73.057344
4/15/1949,74.756352
4/16/1949,74.756352
4/17/1949,77.8712
4/18/1949,79.28704
4/19/1949,77.8712
4/20/1949,93.44544
4/21/1949,112.134528
4/22/1949,142.716672
4/23/1949,168.201792
4/24/1949,171.599808
4/25/1949,171.599808
4/26/1949,173.298816
4/27/1949,191.987904
4/28/1949,202.748288
4/29/1949,208.411648
4/30/1949,202.748288
5/1/1949,202.748288
5/2/1949,206.71264
5/3/1949,202.748288
5/4/1949,190.005728
5/5/1949,169.9008
5/6/1949,147.813696
5/7/1949,120.629568
5/8/1949,98.542464
5/9/1949,76.45536
5/10/1949,59.46528
5/11/1949,48.13856
5/12/1949,39.64352
5/13/1949,36.81184
5/14/1949,33.413824
5/15/1949,31.997984
5/16/1949,31.431648
5/17/1949,30.015808
5/18/1949,27.467296
5/19/1949,24.9754176
5/20/1949,23.7294784
5/21/1949,21.3508672
5/22/1949,19.0855232
5/23/1949,16.8201792
5/24/1949,15.2061216
5/25/1949,14.1584
5/26/1949,13.0823616
5/27/1949,11.8081056
5/28/1949,15.4892896
5/29/1949,31.997984
5/30/1949,19.0855232
5/31/1949,20.2181952
6/1/1949,18.5191872
6/2/1949,16.28216
6/3/1949,17.3865152
6/4/1949,16.8201792
6/5/1949,14.6681024
6/6/1949,14.1584
6/7/1949,13.3655296
6/8/1949,14.1584
6/9/1949,15.2061216
6/10/1949,15.7441408
6/11/1949,23.7294784
6/12/1949,27.467296
6/13/1949,23.1348256
6/14/1949,41.625696
6/15/1949,77.8712
6/16/1949,53.80192
6/17/1949,36.81184
6/18/1949,30.582144
6/19/1949,27.467296
6/20/1949,21.94552
6/21/1949,17.3865152
6/22/1949,13.0823616
6/23/1949,11.1001856
6/24/1949,22.5401728
6/25/1949,25.5983872
6/26/1949,22.7383904
6/27/1949,19.9067104
6/28/1949,17.0467136
6/29/1949,14.2150336
6/30/1949,11.3550368
7/1/1949,9.344544
7/2/1949,8.5516736
7/3/1949,8.0986048
7/4/1949,7.503952
7/5/1949,7.0225664
7/6/1949,6.654448
7/7/1949,6.2863296
7/8/1949,6.0314784
7/9/1949,5.9748448
7/10/1949,6.088112
7/11/1949,6.229696
7/12/1949,6.088112
7/13/1949,5.5500928
7/14/1949,5.2102912
7/15/1949,4.9837568
7/16/1949,4.6439552
7/17/1949,4.530688
7/18/1949,4.813856
7/19/1949,4.3041536
7/20/1949,4.0209856
7/21/1949,4.3607872
7/22/1949,5.5500928
7/23/1949,6.3995968
7/24/1949,7.5889024
7/25/1949,6.654448
7/26/1949,5.66336
7/27/1949,6.1447456
7/28/1949,7.362368
7/29/1949,6.7677152
7/30/1949,6.5978144
7/31/1949,6.7110816
8/1/1949,6.5978144
8/2/1949,6.3429632
8/3/1949,7.3057344
8/4/1949,7.503952
8/5/1949,7.928704
8/6/1949,9.0047424
8/7/1949,10.3922656
8/8/1949,11.3550368
8/9/1949,11.4399872
8/10/1949,11.4399872
8/11/1949,11.1001856
8/12/1949,11.1001856
8/13/1949,12.0063232
8/14/1949,11.5532544
8/15/1949,10.2223648
8/16/1949,9.344544
8/17/1949,8.5516736
8/18/1949,7.7304864
8/19/1949,6.9659328
8/20/1949,6.229696
8/21/1949,5.8332608
8/22/1949,5.380192
8/23/1949,5.1536576
8/24/1949,4.9271232
8/25/1949,4.9271232
8/26/1949,4.9271232
8/27/1949,4.7572224
8/28/1949,4.530688
8/29/1949,4.1908864
8/30/1949,3.8794016
8/31/1949,3.4546496
9/1/1949,3.5112832
9/2/1949,3.6245504
9/3/1949,3.3696992
9/4/1949,2.7750464
9/5/1949,2.6334624
9/6/1949,2.4918784
9/7/1949,2.3786112
9/8/1949,2.3219776
9/9/1949,2.406928
9/10/1949,3.256432
9/11/1949,3.398016
9/12/1949,2.6334624
9/13/1949,2.6334624
9/14/1949,2.6334624
9/15/1949,2.690096
9/16/1949,3.398016
9/17/1949,5.8332608
9/18/1949,9.5710784
9/19/1949,16.8201792
9/20/1949,17.3865152
9/21/1949,16.28216
9/22/1949,14.1584
9/23/1949,11.3550368
9/24/1949,9.344544
9/25/1949,8.0136544
9/26/1949,7.1641504
9/27/1949,6.3995968
9/28/1949,5.6067264
9/29/1949,5.0403904
9/30/1949,4.4740544
10/1/1949,4.1908864
10/2/1949,3.8794016
10/3/1949,5.0403904
10/4/1949,54.368256
10/5/1949,120.629568
10/6/1949,115.532544
10/7/1949,113.833536
10/8/1949,107.037504
10/9/1949,95.144448
10/10/1949,77.8712
10/11/1949,68.526656
10/12/1949,84.100896
10/13/1949,96.843456
10/14/1949,85.516736
10/15/1949,62.29696
10/16/1949,48.13856
10/17/1949,38.22768
10/18/1949,35.396
10/19/1949,33.413824
10/20/1949,30.582144
10/21/1949,28.1185824
10/22/1949,26.2213568
10/23/1949,25.5983872
10/24/1949,31.431648
10/25/1949,60.88112
10/26/1949,79.28704
10/27/1949,85.516736
10/28/1949,90.330592
10/29/1949,95.144448
10/30/1949,100.241472
10/31/1949,105.338496
11/1/1949,105.338496
11/2/1949,100.241472
11/3/1949,93.44544
11/4/1949,80.986048
11/5/1949,65.411808
11/6/1949,55.21776
11/7/1949,49.5544
11/8/1949,46.72272
11/9/1949,43.89104
11/10/1949,42.4752
11/11/1949,41.05936
11/12/1949,41.05936
11/13/1949,43.89104
11/14/1949,45.30688
11/15/1949,45.30688
11/16/1949,42.4752
11/17/1949,39.64352
11/18/1949,38.22768
11/19/1949,36.81184
11/20/1949,33.98016
11/21/1949,30.582144
11/22/1949,26.2213568
11/23/1949,22.5401728
11/24/1949,19.6518592
11/25/1949,17.3865152
11/26/1949,16.28216
11/27/1949,15.7441408
11/28/1949,15.2061216
11/29/1949,14.6681024
11/30/1949,14.1584
12/1/1949,14.1584
12/2/1949,13.6486976
12/3/1949,14.6681024
12/4/1949,20.2181952
12/5/1949,19.0855232
12/6/1949,19.0855232
12/7/1949,20.7845312
12/8/1949,21.3508672
12/9/1949,20.7845312
12/10/1949,29.166304
12/11/1949,77.8712
12/12/1949,76.45536
12/13/1949,80.986048
12/14/1949,113.833536
12/15/1949,149.512704
12/16/1949,147.813696
12/17/1949,169.9008
12/18/1949,206.71264
12/19/1949,199.350272
12/20/1949,193.686912
12/21/1949,184.625536
12/22/1949,166.502784
12/23/1949,144.41568
12/24/1949,125.726592
12/25/1949,91.746432
12/26/1949,71.641504
12/27/1949,87.215744
12/28/1949,129.124608
12/29/1949,124.027584
12/30/1949,122.328576
12/31/1949,113.833536
1/1/1950,178.39584
1/2/1950,243.52448
1/3/1950,235.02944
1/4/1950,229.082912
1/5/1950,243.52448
1/6/1950,247.772
1/7/1950,217.473024
1/8/1950,199.350272
1/9/1950,178.962176
1/10/1950,171.599808
1/11/1950,214.075008
1/12/1950,229.082912
1/13/1950,219.4552
1/14/1950,252.01952
1/15/1950,225.11856
1/16/1950,215.774016
1/17/1950,252.01952
1/18/1950,291.66304
1/19/1950,342.63328
1/20/1950,382.2768
1/21/1950,387.94016
1/22/1950,370.95008
1/23/1950,334.13824
1/24/1950,294.49472
1/25/1950,256.26704
1/26/1950,215.774016
1/27/1950,178.962176
1/28/1950,146.114688
1/29/1950,122.328576
1/30/1950,108.736512
1/31/1950,105.338496
2/1/1950,107.037504
2/2/1950,117.231552
2/3/1950,129.124608
2/4/1950,141.017664
2/5/1950,147.813696
2/6/1950,152.91072
2/7/1950,156.308736
2/8/1950,156.308736
2/9/1950,161.40576
2/10/1950,201.04928
2/11/1950,223.136384
2/12/1950,271.274944
2/13/1950,328.47488
2/14/1950,370.95008
2/15/1950,402.09856
2/16/1950,407.76192
2/17/1950,396.4352
2/18/1950,385.10848
2/19/1950,370.95008
2/20/1950,345.46496
2/21/1950,319.97984
2/22/1950,314.31648
2/23/1950,319.97984
2/24/1950,348.29664
2/25/1950,376.61344
2/26/1950,385.10848
2/27/1950,382.2768
2/28/1950,370.95008
3/1/1950,348.29664
3/2/1950,319.97984
3/3/1950,302.98976
3/4/1950,308.65312
3/5/1950,294.49472
3/6/1950,294.49472
3/7/1950,282.035328
3/8/1950,262.779904
3/9/1950,239.27696
3/10/1950,212.092832
3/11/1950,191.987904
3/12/1950,168.201792
3/13/1950,147.813696
3/14/1950,130.823616
3/15/1950,113.833536
3/16/1950,103.639488
3/17/1950,93.44544
3/18/1950,84.100896
3/19/1950,77.8712
3/20/1950,76.45536
3/21/1950,66.827648
3/22/1950,59.46528
3/23/1950,50.97024
3/24/1950,48.13856
3/25/1950,46.72272
3/26/1950,45.30688
3/27/1950,43.89104
3/28/1950,43.89104
3/29/1950,39.64352
3/30/1950,36.81184
3/31/1950,33.98016
4/1/1950,31.431648
4/2/1950,28.883136
4/3/1950,29.449472
4/4/1950,29.449472
4/5/1950,29.449472
4/6/1950,30.015808
4/7/1950,31.431648
4/8/1950,30.015808
4/9/1950,28.883136
4/10/1950,27.467296
4/11/1950,31.431648
4/12/1950,33.98016
4/13/1950,30.582144
4/14/1950,30.015808
4/15/1950,28.883136
4/16/1950,26.2213568
4/17/1950,66.54448
4/18/1950,90.330592
4/19/1950,88.914752
4/20/1950,80.986048
4/21/1950,77.8712
4/22/1950,77.8712
4/23/1950,76.45536
4/24/1950,71.641504
4/25/1950,68.526656
4/26/1950,62.29696
4/27/1950,58.04944
4/28/1950,55.21776
4/29/1950,71.641504
4/30/1950,84.100896
5/1/1950,77.8712
5/2/1950,77.8712
5/3/1950,96.843456
5/4/1950,105.338496
5/5/1950,95.144448
5/6/1950,90.330592
5/7/1950,88.914752
5/8/1950,88.914752
5/9/1950,90.330592
5/10/1950,91.746432
5/11/1950,93.44544
5/12/1950,96.843456
5/13/1950,112.134528
5/14/1950,147.813696
5/15/1950,202.748288
5/16/1950,249.754176
5/17/1950,266.744256
5/18/1950,269.0096
5/19/1950,258.249216
5/20/1950,247.772
5/21/1950,235.02944
5/22/1950,221.437376
5/23/1950,208.411648
5/24/1950,197.368096
5/25/1950,188.023552
5/26/1950,175.280992
5/27/1950,161.40576
5/28/1950,146.114688
5/29/1950,127.4256
5/30/1950,165.370112
5/31/1950,208.411648
6/1/1950,223.136384
6/2/1950,283.168
6/3/1950,427.58368
6/4/1950,546.51424
6/5/1950,642.79136
6/6/1950,659.78144
6/7/1950,603.14784
6/8/1950,509.7024
6/9/1950,427.58368
6/10/1950,379.44512
6/11/1950,334.13824
6/12/1950,285.99968
6/13/1950,241.259136
6/14/1950,201.04928
6/15/1950,163.104768
6/16/1950,124.027584
6/17/1950,103.639488
6/18/1950,90.330592
6/19/1950,85.516736
6/20/1950,85.516736
6/21/1950,87.215744
6/22/1950,87.215744
6/23/1950,85.516736
6/24/1950,82.685056
6/25/1950,77.8712
6/26/1950,71.641504
6/27/1950,60.88112
6/28/1950,50.97024
6/29/1950,42.4752
6/30/1950,36.81184
7/1/1950,30.582144
7/2/1950,26.2213568
7/3/1950,22.5401728
7/4/1950,20.2181952
7/5/1950,18.5191872
7/6/1950,16.8201792
7/7/1950,14.6681024
7/8/1950,14.1584
7/9/1950,14.1584
7/10/1950,12.7708768
7/11/1950,12.2894912
7/12/1950,12.1195904
7/13/1950,11.9213728
7/14/1950,12.4027584
7/15/1950,17.9528512
7/16/1950,25.5983872
7/17/1950,26.2213568
7/18/1950,26.8443264
7/19/1950,26.8443264
7/20/1950,26.2213568
7/21/1950,24.9754176
7/22/1950,22.5401728
7/23/1950,20.2181952
7/24/1950,17.9528512
7/25/1950,16.28216
7/26/1950,14.6681024
7/27/1950,13.45048
7/28/1950,12.4027584
7/29/1950,11.2700864
7/30/1950,10.6471168
7/31/1950,9.486128
8/1/1950,8.778208
8/2/1950,8.0986048
8/3/1950,7.928704
8/4/1950,7.928704
8/5/1950,7.78712
8/6/1950,7.78712
8/7/1950,7.503952
8/8/1950,6.7677152
8/9/1950,6.7110816
8/10/1950,7.1075168
8/11/1950,7.5889024
8/12/1950,8.0136544
8/13/1950,7.7304864
8/14/1950,7.3057344
8/15/1950,6.8526656
8/16/1950,6.2863296
8/17/1950,5.9182112
8/18/1950,5.7199936
8/19/1950,5.4934592
8/20/1950,5.2669248
8/21/1950,5.2669248
8/22/1950,5.1536576
8/23/1950,4.9837568
8/24/1950,4.9271232
8/25/1950,5.0403904
8/26/1950,5.380192
8/27/1950,5.4934592
8/28/1950,5.2669248
8/29/1950,4.813856
8/30/1950,4.7572224
8/31/1950,4.3607872
9/1/1950,4.7005888
9/2/1950,4.9837568
9/3/1950,4.4174208
9/4/1950,4.5873216
9/5/1950,5.1536576
9/6/1950,5.2669248
9/7/1950,5.2102912
9/8/1950,5.097024
9/9/1950,5.0403904
9/10/1950,5.0403904
9/11/1950,4.9271232
9/12/1950,4.9271232
9/13/1950,4.7572224
9/14/1950,4.5873216
9/15/1950,4.4174208
9/16/1950,4.3041536
9/17/1950,4.24752
9/18/1950,4.24752
9/19/1950,4.4174208
9/20/1950,4.813856
9/21/1950,5.0403904
9/22/1950,5.380192
9/23/1950,6.088112
9/24/1950,6.088112
9/25/1950,5.5500928
9/26/1950,5.7199936
9/27/1950,6.3995968
9/28/1950,7.1075168
9/29/1950,8.0986048
9/30/1950,9.8825632
10/1/1950,11.7231552
10/2/1950,11.6382048
10/3/1950,10.477216
10/4/1950,9.344544
10/5/1950,8.0136544
10/6/1950,7.1641504
10/7/1950,6.5411808
10/8/1950,6.088112
10/9/1950,5.5500928
10/10/1950,5.2102912
10/11/1950,4.8704896
10/12/1950,4.6439552
10/13/1950,4.4740544
10/14/1950,4.3607872
10/15/1950,4.3607872
10/16/1950,3.964352
10/17/1950,3.5679168
10/18/1950,3.8794016
10/19/1950,3.964352
10/20/1950,3.9077184
10/21/1950,3.7661344
10/22/1950,3.5679168
10/23/1950,3.398016
10/24/1950,3.398016
10/25/1950,3.398016
10/26/1950,3.4546496
10/27/1950,3.6528672
10/28/1950,3.822768
10/29/1950,3.8794016
10/30/1950,3.9077184
10/31/1950,3.964352
11/1/1950,4.1342528
11/2/1950,4.1908864
11/3/1950,4.6439552
11/4/1950,4.9837568
11/5/1950,4.7572224
11/6/1950,4.5873216
11/7/1950,4.5873216
11/8/1950,4.6439552
11/9/1950,4.813856
11/10/1950,5.0403904
11/11/1950,5.3235584
11/12/1950,5.4934592
11/13/1950,5.5500928
11/14/1950,5.7766272
11/15/1950,5.7766272
11/16/1950,6.088112
11/17/1950,6.4562304
11/18/1950,6.0314784
11/19/1950,5.66336
11/20/1950,5.4368256
11/21/1950,5.2669248
11/22/1950,5.4368256
11/23/1950,6.0314784
11/24/1950,6.1447456
11/25/1950,6.3429632
11/26/1950,6.4562304
11/27/1950,6.5978144
11/28/1950,6.7677152
11/29/1950,6.9659328
11/30/1950,7.1075168
12/1/1950,7.3057344
12/2/1950,7.4473184
12/3/1950,8.0136544
12/4/1950,8.778208
12/5/1950,11.185136
12/6/1950,12.0063232
12/7/1950,11.9213728
12/8/1950,11.5532544
12/9/1950,10.7320672
12/10/1950,9.486128
12/11/1950,8.6932576
12/12/1950,8.1552384
12/13/1950,7.8720704
12/14/1950,7.645536
12/15/1950,7.503952
12/16/1950,7.362368
12/17/1950,7.2491008
12/18/1950,7.3057344
12/19/1950,7.503952
12/20/1950,7.5889024
12/21/1950,7.8720704
12/22/1950,8.0986048
12/23/1950,8.1552384
12/24/1950,8.1552384
12/25/1950,8.2401888
12/26/1950,8.778208
12/27/1950,9.0047424
12/28/1950,9.0047424
12/29/1950,9.0047424
12/30/1950,9.0047424
12/31/1950,9.0047424
1/1/1951,8.8631584
1/2/1951,10.3922656
1/3/1951,11.1001856
1/4/1951,12.2045408
1/5/1951,15.2061216
1/6/1951,17.9528512
1/7/1951,18.5191872
1/8/1951,17.3865152
1/9/1951,15.7441408
1/10/1951,13.6486976
1/11/1951,12.6859264
1/12/1951,12.2045408
1/13/1951,11.8081056
1/14/1951,11.5532544
1/15/1951,11.8081056
1/16/1951,12.2045408
1/17/1951,12.2894912
1/18/1951,11.5532544
1/19/1951,11.5532544
1/20/1951,12.6859264
1/21/1951,13.45048
1/22/1951,14.1584
1/23/1951,14.6681024
1/24/1951,15.2061216
1/25/1951,15.7441408
1/26/1951,15.7441408
1/27/1951,15.7441408
1/28/1951,15.2061216
1/29/1951,15.2061216
1/30/1951,15.7441408
1/31/1951,12.3744416
2/1/1951,15.2061216
2/2/1951,15.2061216
2/3/1951,14.6681024
2/4/1951,14.6681024
2/5/1951,14.1584
2/6/1951,14.6681024
2/7/1951,14.6681024
2/8/1951,13.45048
2/9/1951,13.2522624
2/10/1951,13.3655296
2/11/1951,13.6486976
2/12/1951,14.6681024
2/13/1951,14.6681024
2/14/1951,15.2061216
2/15/1951,16.8201792
2/16/1951,17.9528512
2/17/1951,19.0855232
2/18/1951,22.5401728
2/19/1951,30.582144
2/20/1951,38.22768
2/21/1951,39.64352
2/22/1951,39.64352
2/23/1951,39.64352
2/24/1951,41.05936
2/25/1951,42.4752
2/26/1951,41.05936
2/27/1951,38.22768
2/28/1951,36.81184
3/1/1951,35.396
3/2/1951,33.98016
3/3/1951,33.413824
3/4/1951,33.413824
3/5/1951,33.413824
3/6/1951,33.413824
3/7/1951,33.413824
3/8/1951,33.413824
3/9/1951,33.98016
3/10/1951,34.546496
3/11/1951,35.396
3/12/1951,36.81184
3/13/1951,38.22768
3/14/1951,38.22768
3/15/1951,38.22768
3/16/1951,39.64352
3/17/1951,39.64352
3/18/1951,39.64352
3/19/1951,39.64352
3/20/1951,38.22768
3/21/1951,35.396
3/22/1951,30.582144
3/23/1951,26.2213568
3/24/1951,23.1348256
3/25/1951,22.5401728
3/26/1951,21.94552
3/27/1951,27.467296
3/28/1951,80.986048
3/29/1951,113.833536
3/30/1951,124.027584
3/31/1951,122.328576
4/1/1951,113.833536
4/2/1951,107.037504
4/3/1951,100.241472
4/4/1951,91.746432
4/5/1951,80.986048
4/6/1951,68.526656
4/7/1951,58.04944
4/8/1951,49.5544
4/9/1951,46.72272
4/10/1951,48.13856
4/11/1951,48.13856
4/12/1951,46.72272
4/13/1951,45.30688
4/14/1951,43.89104
4/15/1951,42.4752
4/16/1951,39.64352
4/17/1951,38.22768
4/18/1951,36.81184
4/19/1951,34.546496
4/20/1951,33.413824
4/21/1951,31.431648
4/22/1951,30.582144
4/23/1951,27.467296
4/24/1951,24.9754176
4/25/1951,21.94552
4/26/1951,20.2181952
4/27/1951,20.2181952
4/28/1951,21.3508672
4/29/1951,18.5191872
4/30/1951,16.28216
5/1/1951,16.28216
5/2/1951,26.2213568
5/3/1951,21.3508672
5/4/1951,20.7845312
5/5/1951,17.9528512
5/6/1951,17.3865152
5/7/1951,17.9528512
5/8/1951,18.5191872
5/9/1951,18.5191872
5/10/1951,19.0855232
5/11/1951,18.5191872
5/12/1951,18.5191872
5/13/1951,18.5191872
5/14/1951,17.9528512
5/15/1951,24.352448
5/16/1951,25.5983872
5/17/1951,21.3508672
5/18/1951,19.6518592
5/19/1951,17.9528512
5/20/1951,17.3865152
5/21/1951,16.8201792
5/22/1951,16.28216
5/23/1951,15.7441408
5/24/1951,15.2061216
5/25/1951,14.6681024
5/26/1951,14.1584
5/27/1951,13.6486976
5/28/1951,12.9690944
5/29/1951,12.1195904
5/30/1951,11.3550368
5/31/1951,10.3922656
6/1/1951,9.7976128
6/2/1951,9.486128
6/3/1951,9.486128
6/4/1951,10.6471168
6/5/1951,11.3550368
6/6/1951,10.8170176
6/7/1951,10.901968
6/8/1951,10.8170176
6/9/1951,10.6471168
6/10/1951,10.6471168
6/11/1951,10.3922656
6/12/1951,10.1374144
6/13/1951,9.344544
6/14/1951,8.6083072
6/15/1951,8.2401888
6/16/1951,9.0896928
6/17/1951,10.6471168
6/18/1951,11.7231552
6/19/1951,12.2045408
6/20/1951,12.4877088
6/21/1951,12.6859264
6/22/1951,12.6859264
6/23/1951,13.0823616
6/24/1951,13.3655296
6/25/1951,13.6486976
6/26/1951,14.1584
6/27/1951,14.1584
6/28/1951,14.6681024
6/29/1951,14.6681024
6/30/1951,14.6681024
7/1/1951,14.1584
7/2/1951,14.6681024
7/3/1951,14.1584
7/4/1951,12.600976
7/5/1951,11.1001856
7/6/1951,9.5710784
7/7/1951,8.1552384
7/8/1951,7.1075168
7/9/1951,6.5411808
7/10/1951,6.1447456
7/11/1951,5.7766272
7/12/1951,5.66336
7/13/1951,5.3235584
7/14/1951,5.0403904
7/15/1951,5.0403904
7/16/1951,4.9837568
7/17/1951,4.9271232
7/18/1951,4.813856
7/19/1951,4.530688
7/20/1951,4.0776192
7/21/1951,3.6245504
7/22/1951,3.398016
7/23/1951,2.9449472
7/24/1951,3.1431648
7/25/1951,2.690096
7/26/1951,2.548512
7/27/1951,2.3786112
7/28/1951,2.4635616
7/29/1951,2.6334624
7/30/1951,2.4635616
7/31/1951,2.1803936
8/1/1951,2.0954432
8/2/1951,2.0671264
8/3/1951,2.0104928
8/4/1951,1.9255424
8/5/1951,1.7273248
8/6/1951,1.6423744
8/7/1951,1.5857408
8/8/1951,1.5291072
8/9/1951,1.41584
8/10/1951,1.3592064
8/11/1951,1.3025728
8/12/1951,1.1893056
8/13/1951,1.1893056
8/14/1951,1.132672
8/15/1951,1.0760384
8/16/1951,1.0477216
8/17/1951,0.991088
8/18/1951,0.9627712
8/19/1951,0.9344544
8/20/1951,0.991088
8/21/1951,0.9344544
8/22/1951,0.7928704
8/23/1951,0.7928704
8/24/1951,0.7928704
8/25/1951,0.7928704
8/26/1951,0.70792
8/27/1951,0.6796032
8/28/1951,0.6512864
8/29/1951,0.5946528
8/30/1951,0.5380192
8/31/1951,0.5380192
9/1/1951,0.4813856
9/2/1951,0.424752
9/3/1951,0.3964352
9/4/1951,0.3681184
9/5/1951,0.3681184
9/6/1951,0.566336
9/7/1951,0.4530688
9/8/1951,0.4530688
9/9/1951,0.8211872
9/10/1951,0.8211872
9/11/1951,0.991088
9/12/1951,0.9627712
9/13/1951,0.991088
9/14/1951,1.0760384
9/15/1951,2.0671264
9/16/1951,1.699008
9/17/1951,1.3875232
9/18/1951,1.8689088
9/19/1951,2.4635616
9/20/1951,2.1520768
9/21/1951,2.0671264
9/22/1951,2.6334624
9/23/1951,2.9449472
9/24/1951,2.9166304
9/25/1951,3.1431648
9/26/1951,4.9271232
9/27/1951,6.4562304
9/28/1951,6.7677152
9/29/1951,6.0314784
9/30/1951,5.6067264
10/1/1951,5.3235584
10/2/1951,5.0403904
10/3/1951,5.0403904
10/4/1951,5.1536576
10/5/1951,4.9837568
10/6/1951,4.530688
10/7/1951,3.8794016
10/8/1951,3.3130656
10/9/1951,2.8599968
10/10/1951,2.6334624
10/11/1951,2.406928
10/12/1951,2.2370272
10/13/1951,2.1803936
10/14/1951,2.1803936
10/15/1951,2.0954432
10/16/1951,2.0104928
10/17/1951,1.8972256
10/18/1951,1.7273248
10/19/1951,1.6423744
10/20/1951,1.5007904
10/21/1951,1.4724736
10/22/1951,1.3592064
10/23/1951,1.41584
10/24/1951,1.3875232
10/25/1951,1.3592064
10/26/1951,1.3025728
10/27/1951,1.2459392
10/28/1951,1.1893056
10/29/1951,1.1609888
10/30/1951,1.1609888
10/31/1951,1.1609888
11/1/1951,1.5857408
11/2/1951,1.3875232
11/3/1951,1.274256
11/4/1951,1.2459392
11/5/1951,1.557424
11/6/1951,2.690096
11/7/1951,2.6334624
11/8/1951,2.83168
11/9/1951,3.0015808
11/10/1951,3.0582144
11/11/1951,3.8794016
11/12/1951,5.2669248
11/13/1951,5.9182112
11/14/1951,5.9748448
11/15/1951,5.7199936
11/16/1951,5.4934592
11/17/1951,5.3235584
11/18/1951,5.2102912
11/19/1951,4.9837568
11/20/1951,4.530688
11/21/1951,4.3041536
11/22/1951,4.0776192
11/23/1951,4.0209856
11/24/1951,3.8794016
11/25/1951,3.822768
11/26/1951,3.822768
11/27/1951,3.8794016
11/28/1951,3.9077184
11/29/1951,3.822768
11/30/1951,3.822768
12/1/1951,3.8794016
12/2/1951,4.1342528
12/3/1951,4.7005888
12/4/1951,5.7766272
12/5/1951,9.2312768
12/6/1951,7.9853376
12/7/1951,8.211872
12/8/1951,10.335632
12/9/1951,13.3372128
12/10/1951,17.273248
12/11/1951,13.875232
12/12/1951,12.8558272
12/13/1951,12.8558272
12/14/1951,12.8558272
12/15/1951,12.8558272
12/16/1951,12.4027584
12/17/1951,11.6665216
12/18/1951,11.043552
12/19/1951,10.901968
12/20/1951,10.5621664
12/21/1951,10.335632
12/22/1951,10.0241472
12/23/1951,9.0896928
12/24/1951,9.0896928
12/25/1951,9.3162272
12/26/1951,9.9391968
12/27/1951,10.1657312
12/28/1951,10.477216
12/29/1951,11.3833536
12/30/1951,13.875232
12/31/1951,15.4892896
1/1/1952,16.0839424
1/2/1952,14.9512704
1/3/1952,13.875232
1/4/1952,11.9496896
1/5/1952,11.043552
1/6/1952,10.6471168
1/7/1952,10.335632
1/8/1952,11.2984032
1/9/1952,11.751472
1/10/1952,11.9496896
1/11/1952,11.6665216
1/12/1952,11.2134528
1/13/1952,10.9869184
1/14/1952,10.9869184
1/15/1952,10.9869184
1/16/1952,10.9869184
1/17/1952,11.043552
1/18/1952,11.2984032
1/19/1952,11.468304
1/20/1952,11.6665216
1/21/1952,11.6665216
1/22/1952,11.5532544
1/23/1952,11.2984032
1/24/1952,10.9869184
1/25/1952,10.6471168
1/26/1952,10.6471168
1/27/1952,11.9496896
1/28/1952,22.3136384
1/29/1952,29.73264
1/30/1952,25.6550208
1/31/1952,26.334624
2/1/1952,33.413824
2/2/1952,55.500928
2/3/1952,52.669248
2/4/1952,43.041536
2/5/1952,36.81184
2/6/1952,33.413824
2/7/1952,30.582144
2/8/1952,28.883136
2/9/1952,28.3168
2/10/1952,27.6371968
2/11/1952,27.6371968
2/12/1952,26.9859104
2/13/1952,26.9859104
2/14/1952,30.582144
2/15/1952,28.883136
2/16/1952,27.6371968
2/17/1952,28.3168
2/18/1952,28.883136
2/19/1952,30.582144
2/20/1952,32.56432
2/21/1952,36.245504
2/22/1952,41.625696
2/23/1952,49.271232
2/24/1952,52.669248
2/25/1952,54.085088
2/26/1952,61.730624
2/27/1952,66.54448
2/28/1952,66.54448
2/29/1952,63.429632
3/1/1952,60.314784
3/2/1952,60.314784
3/3/1952,61.730624
3/4/1952,67.96032
3/5/1952,72.774176
3/6/1952,69.659328
3/7/1952,67.96032
3/8/1952,65.12864
3/9/1952,63.429632
3/10/1952,66.54448
3/11/1952,77.588032
3/12/1952,83.817728
3/13/1952,85.233568
3/14/1952,88.348416
3/15/1952,88.348416
3/16/1952,90.047424
3/17/1952,90.047424
3/18/1952,113.2672
3/19/1952,113.2672
3/20/1952,110.152352
3/21/1952,99.1088
3/22/1952,85.233568
3/23/1952,72.774176
3/24/1952,67.96032
3/25/1952,61.730624
3/26/1952,58.898944
3/27/1952,55.500928
3/28/1952,54.085088
3/29/1952,52.669248
3/30/1952,50.97024
3/31/1952,49.271232
4/1/1952,49.271232
4/2/1952,47.855392
4/3/1952,47.855392
4/4/1952,54.085088
4/5/1952,57.199936
4/6/1952,57.199936
4/7/1952,54.085088
4/8/1952,49.271232
4/9/1952,41.625696
4/10/1952,44.740544
4/11/1952,38.510848
4/12/1952,77.588032
4/13/1952,121.195904
4/14/1952,122.611744
4/15/1952,116.382048
4/16/1952,100.807808
4/17/1952,88.348416
4/18/1952,77.588032
4/19/1952,71.358336
4/20/1952,66.54448
4/21/1952,63.429632
4/22/1952,61.730624
4/23/1952,105.338496
4/24/1952,133.655296
4/25/1952,158.007744
4/26/1952,186.324544
4/27/1952,195.38592
4/28/1952,193.686912
4/29/1952,186.324544
4/30/1952,175.280992
5/1/1952,164.803776
5/2/1952,175.280992
5/3/1952,173.298816
5/4/1952,147.813696
5/5/1952,128.84144
5/6/1952,116.382048
5/7/1952,105.338496
5/8/1952,97.69296
5/9/1952,91.463264
5/10/1952,88.348416
5/11/1952,85.233568
5/12/1952,85.233568
5/13/1952,85.233568
5/14/1952,86.649408
5/15/1952,90.047424
5/16/1952,91.463264
5/17/1952,91.463264
5/18/1952,94.578112
5/19/1952,119.496896
5/20/1952,117.797888
5/21/1952,110.152352
5/22/1952,97.69296
5/23/1952,85.233568
5/24/1952,190.005728
5/25/1952,212.092832
5/26/1952,219.4552
5/27/1952,227.100736
5/28/1952,208.411648
5/29/1952,177.263168
5/30/1952,149.512704
5/31/1952,138.185984
6/1/1952,127.4256
6/2/1952,111.568192
6/3/1952,94.578112
6/4/1952,75.889024
6/5/1952,63.429632
6/6/1952,60.314784
6/7/1952,55.500928
6/8/1952,55.500928
6/9/1952,55.500928
6/10/1952,54.085088
6/11/1952,54.085088
6/12/1952,52.669248
6/13/1952,50.97024
6/14/1952,49.271232
6/15/1952,47.855392
6/16/1952,46.439552
6/17/1952,44.740544
6/18/1952,41.625696
6/19/1952,36.81184
6/20/1952,26.9859104
6/21/1952,20.388096
6/22/1952,14.9512704
6/23/1952,12.4027584
6/24/1952,10.5621664
6/25/1952,9.5427616
6/26/1952,8.4384064
6/27/1952,7.503952
6/28/1952,6.9659328
6/29/1952,6.5411808
6/30/1952,6.0314784
7/1/1952,5.8332608
7/2/1952,5.380192
7/3/1952,5.0403904
7/4/1952,4.813856
7/5/1952,4.7572224
7/6/1952,4.7572224
7/7/1952,4.6439552
7/8/1952,4.4740544
7/9/1952,4.1342528
7/10/1952,3.9077184
7/11/1952,3.6245504
7/12/1952,3.4546496
7/13/1952,3.1431648
7/14/1952,3.114848
7/15/1952,3.0015808
7/16/1952,3.0582144
7/17/1952,4.3041536
7/18/1952,4.813856
7/19/1952,3.9077184
7/20/1952,3.5679168
7/21/1952,3.5679168
7/22/1952,3.8794016
7/23/1952,4.24752
7/24/1952,4.9271232
7/25/1952,5.2102912
7/26/1952,5.3235584
7/27/1952,5.380192
7/28/1952,4.7572224
7/29/1952,4.3041536
7/30/1952,4.0209856
7/31/1952,3.8794016
8/1/1952,3.7095008
8/2/1952,3.4546496
8/3/1952,3.1431648
8/4/1952,3.0015808
8/5/1952,2.7184128
8/6/1952,2.4918784
8/7/1952,2.3786112
8/8/1952,2.265344
8/9/1952,2.0954432
8/10/1952,1.982176
8/11/1952,1.8122752
8/12/1952,1.6706912
8/13/1952,1.557424
8/14/1952,1.5007904
8/15/1952,1.3875232
8/16/1952,1.3875232
8/17/1952,1.3875232
8/18/1952,1.3875232
8/19/1952,1.2459392
8/20/1952,1.1609888
8/21/1952,1.1043552
8/22/1952,1.0477216
8/23/1952,0.9627712
8/24/1952,0.8778208
8/25/1952,0.8211872
8/26/1952,0.7645536
8/27/1952,0.70792
8/28/1952,0.6796032
8/29/1952,0.6796032
8/30/1952,0.6796032
8/31/1952,0.6796032
9/1/1952,0.6796032
9/2/1952,0.5946528
9/3/1952,0.5097024
9/4/1952,0.5097024
9/5/1952,0.5097024
9/6/1952,0.4813856
9/7/1952,0.4813856
9/8/1952,0.4813856
9/9/1952,0.4813856
9/10/1952,0.4813856
9/11/1952,0.4813856
9/12/1952,0.4813856
9/13/1952,0.4813856
9/14/1952,0.4530688
9/15/1952,0.3681184
9/16/1952,0.3681184
9/17/1952,0.3964352
9/18/1952,0.5380192
9/19/1952,0.5380192
9/20/1952,0.5097024
9/21/1952,0.4813856
9/22/1952,0.4530688
9/23/1952,0.3681184
9/24/1952,0.3398016
9/25/1952,0.3114848
9/26/1952,0.283168
9/27/1952,0.2690096
9/28/1952,0.2690096
9/29/1952,0.2690096
9/30/1952,0.2690096
10/1/1952,0.283168
10/2/1952,0.3114848
10/3/1952,0.3398016
10/4/1952,0.3114848
10/5/1952,0.283168
10/6/1952,0.283168
10/7/1952,0.283168
10/8/1952,0.2548512
10/9/1952,0.2406928
10/10/1952,0.2265344
10/11/1952,0.2265344
10/12/1952,0.2265344
10/13/1952,0.2265344
10/14/1952,0.2406928
10/15/1952,0.283168
10/16/1952,0.3398016
10/17/1952,0.3681184
10/18/1952,0.283168
10/19/1952,0.283168
10/20/1952,0.3398016
10/21/1952,0.283168
10/22/1952,0.2690096
10/23/1952,0.2690096
10/24/1952,0.2690096
10/25/1952,0.2690096
10/26/1952,0.2548512
10/27/1952,0.2548512
10/28/1952,0.2548512
10/29/1952,0.2406928
10/30/1952,0.2406928
10/31/1952,0.2406928
11/1/1952,0.2406928
11/2/1952,0.2406928
11/3/1952,0.2406928
11/4/1952,0.2265344
11/5/1952,0.2265344
11/6/1952,0.2548512
11/7/1952,0.2690096
11/8/1952,0.2690096
11/9/1952,0.283168
11/10/1952,0.566336
11/11/1952,0.6512864
11/12/1952,1.0477216
11/13/1952,1.132672
11/14/1952,0.991088
11/15/1952,1.41584
11/16/1952,1.2459392
11/17/1952,1.1609888
11/18/1952,2.0104928
11/19/1952,2.406928
11/20/1952,2.2370272
11/21/1952,5.6067264
11/22/1952,13.8469152
11/23/1952,14.3849344
11/24/1952,10.901968
11/25/1952,8.4384064
11/26/1952,7.4473184
11/27/1952,6.9659328
11/28/1952,6.654448
11/29/1952,7.3057344
11/30/1952,8.8631584
12/1/1952,9.627712
12/2/1952,11.5532544
12/3/1952,13.308896
12/4/1952,30.582144
12/5/1952,26.90096
12/6/1952,26.90096
12/7/1952,26.90096
12/8/1952,30.582144
12/9/1952,31.714816
12/10/1952,31.14848
12/11/1952,28.883136
12/12/1952,26.90096
12/13/1952,21.94552
12/14/1952,18.40592
12/15/1952,16.3104768
12/16/1952,15.007904
12/17/1952,13.8469152
12/18/1952,13.308896
12/19/1952,12.8275104
12/20/1952,15.007904
12/21/1952,14.3849344
12/22/1952,15.6025568
12/23/1952,16.99008
12/24/1952,16.99008
12/25/1952,17.698
12/26/1952,19.11384
12/27/1952,18.40592
12/28/1952,16.99008
12/29/1952,15.6025568
12/30/1952,39.360352
12/31/1952,56.350432
1/1/1953,48.704896
1/2/1953,41.05936
1/3/1953,41.05936
1/4/1953,39.64352
1/5/1953,39.64352
1/6/1953,39.64352
1/7/1953,39.64352
1/8/1953,36.81184
1/9/1953,33.98016
1/10/1953,31.714816
1/11/1953,30.582144
1/12/1953,28.883136
1/13/1953,28.883136
1/14/1953,28.883136
1/15/1953,28.883136
1/16/1953,28.883136
1/17/1953,28.883136
1/18/1953,29.73264
1/19/1953,29.73264
1/20/1953,30.582144
1/21/1953,30.582144
1/22/1953,35.112832
1/23/1953,104.77216
1/24/1953,57.766272
1/25/1953,48.704896
1/26/1953,41.05936
1/27/1953,38.22768
1/28/1953,34.546496
1/29/1953,31.714816
1/30/1953,29.73264
1/31/1953,29.73264
2/1/1953,34.546496
2/2/1953,36.81184
2/3/1953,39.64352
2/4/1953,39.64352
2/5/1953,39.64352
2/6/1953,39.64352
2/7/1953,43.89104
2/8/1953,39.64352
2/9/1953,33.98016
2/10/1953,31.14848
2/11/1953,31.14848
2/12/1953,36.81184
2/13/1953,31.714816
2/14/1953,31.714816
2/15/1953,36.81184
2/16/1953,38.22768
2/17/1953,38.22768
2/18/1953,38.22768
2/19/1953,41.05936
2/20/1953,95.993952
2/21/1953,126.292928
2/22/1953,84.9504
2/23/1953,74.756352
2/24/1953,123.461248
2/25/1953,123.461248
2/26/1953,116.09888
2/27/1953,107.037504
2/28/1953,99.675136
3/1/1953,92.312768
3/2/1953,88.631584
3/3/1953,83.251392
3/4/1953,79.853376
3/5/1953,74.756352
3/6/1953,62.863296
3/7/1953,51.536576
3/8/1953,43.89104
3/9/1953,39.64352
3/10/1953,36.245504
3/11/1953,36.245504
3/12/1953,36.81184
3/13/1953,38.22768
3/14/1953,41.05936
3/15/1953,105.338496
3/16/1953,110.718688
3/17/1953,132.805792
3/18/1953,140.16816
3/19/1953,143.849344
3/20/1953,156.875072
3/21/1953,173.298816
3/22/1953,188.023552
3/23/1953,203.314624
3/24/1953,211.243328
3/25/1953,215.20768
3/26/1953,211.243328
3/27/1953,211.243328
3/28/1953,209.261152
3/29/1953,201.332448
3/30/1953,191.704736
3/31/1953,178.962176
4/1/1953,165.086944
4/2/1953,152.627552
4/3/1953,143.283008
4/4/1953,134.5048
4/5/1953,127.142432
4/6/1953,122.045408
4/7/1953,115.815712
4/8/1953,108.453344
4/9/1953,99.1088
4/10/1953,87.215744
4/11/1953,75.322688
4/12/1953,62.580128
4/13/1953,51.536576
4/14/1953,46.156384
4/15/1953,40.493024
4/16/1953,37.095008
4/17/1953,35.112832
4/18/1953,33.413824
4/19/1953,31.714816
4/20/1953,31.14848
4/21/1953,29.449472
4/22/1953,28.033632
4/23/1953,25.626704
4/24/1953,24.7772
4/25/1953,25.768288
4/26/1953,24.635616
4/27/1953,22.511856
4/28/1953,30.865312
4/29/1953,302.98976
4/30/1953,387.94016
5/1/1953,390.77184
5/2/1953,404.93024
5/3/1953,396.4352
5/4/1953,393.60352
5/5/1953,373.78176
5/6/1953,339.8016
5/7/1953,308.65312
5/8/1953,283.168
5/9/1953,271.274944
5/10/1953,267.310592
5/11/1953,322.81152
5/12/1953,325.6432
5/13/1953,345.46496
5/14/1953,342.63328
5/15/1953,328.47488
5/16/1953,348.29664
5/17/1953,458.73216
5/18/1953,758.89024
5/19/1953,914.63264
5/20/1953,968.43456
5/21/1953,948.6128
5/22/1953,889.14752
5/23/1953,812.69216
5/24/1953,736.2368
5/25/1953,654.11808
5/26/1953,580.4944
5/27/1953,521.02912
5/28/1953,484.21728
5/29/1953,450.23712
5/30/1953,416.25696
5/31/1953,385.10848
6/1/1953,353.96
6/2/1953,319.97984
6/3/1953,291.66304
6/4/1953,258.815552
6/5/1953,229.36608
6/6/1953,199.916608
6/7/1953,172.449312
6/8/1953,150.362208
6/9/1953,131.389952
6/10/1953,114.399872
6/11/1953,99.1088
6/12/1953,84.667232
6/13/1953,73.340512
6/14/1953,51.819744
6/15/1953,34.546496
6/16/1953,23.4463104
6/17/1953,17.698
6/18/1953,14.86632
6/19/1953,13.025728
6/20/1953,11.7231552
6/21/1953,10.477216
6/22/1953,9.7126624
6/23/1953,9.1746432
6/24/1953,8.2685056
6/25/1953,7.5889024
6/26/1953,7.1641504
6/27/1953,6.7677152
6/28/1953,6.2863296
6/29/1953,15.1778048
6/30/1953,23.4463104
7/1/1953,43.89104
7/2/1953,45.30688
7/3/1953,42.4752
7/4/1953,36.81184
7/5/1953,28.3168
7/6/1953,17.698
7/7/1953,11.5532544
7/8/1953,9.2312768
7/9/1953,7.8720704
7/10/1953,7.0225664
7/11/1953,6.2863296
7/12/1953,5.66336
7/13/1953,5.66336
7/14/1953,5.7199936
7/15/1953,5.380192
7/16/1953,5.5500928
7/17/1953,5.097024
7/18/1953,4.6439552
7/19/1953,4.7572224
7/20/1953,6.229696
7/21/1953,13.308896
7/22/1953,14.3849344
7/23/1953,11.3833536
7/24/1953,19.82176
7/25/1953,34.546496
7/26/1953,36.81184
7/27/1953,33.98016
7/28/1953,28.883136
7/29/1953,24.7772
7/30/1953,20.52968
7/31/1953,16.3104768
8/1/1953,13.308896
8/2/1953,12.0063232
8/3/1953,11.1285024
8/4/1953,12.176224
8/5/1953,13.8469152
8/6/1953,12.8275104
8/7/1953,10.7320672
8/8/1953,9.3162272
8/9/1953,8.211872
8/10/1953,7.3057344
8/11/1953,6.654448
8/12/1953,5.7766272
8/13/1953,5.1536576
8/14/1953,4.4740544
8/15/1953,4.1342528
8/16/1953,3.5679168
8/17/1953,3.3696992
8/18/1953,3.0582144
8/19/1953,2.8599968
8/20/1953,2.690096
8/21/1953,2.690096
8/22/1953,2.83168
8/23/1953,2.6051456
8/24/1953,2.406928
8/25/1953,2.265344
8/26/1953,2.3786112
8/27/1953,2.265344
8/28/1953,2.0954432
8/29/1953,2.0954432
8/30/1953,2.6334624
8/31/1953,3.6528672
9/1/1953,4.1908864
9/2/1953,3.6528672
9/3/1953,4.0209856
9/4/1953,9.0896928
9/5/1953,10.2506816
9/6/1953,8.4384064
9/7/1953,7.2491008
9/8/1953,6.8526656
9/9/1953,7.8720704
9/10/1953,7.8720704
9/11/1953,6.7677152
9/12/1953,5.6067264
9/13/1953,4.813856
9/14/1953,4.4174208
9/15/1953,4.1908864
9/16/1953,4.0209856
9/17/1953,3.8794016
9/18/1953,3.7095008
9/19/1953,3.7095008
9/20/1953,3.7095008
9/21/1953,3.5679168
9/22/1953,3.3696992
9/23/1953,3.114848
9/24/1953,2.7184128
9/25/1953,2.4918784
9/26/1953,2.265344
9/27/1953,2.0671264
9/28/1953,1.8972256
9/29/1953,1.7273248
9/30/1953,1.699008
10/1/1953,1.5857408
10/2/1953,1.5291072
10/3/1953,1.41584
10/4/1953,1.41584
10/5/1953,1.3308896
10/6/1953,1.2459392
10/7/1953,1.2459392
10/8/1953,1.2176224
10/9/1953,1.1609888
10/10/1953,1.0760384
10/11/1953,1.0760384
10/12/1953,1.0760384
10/13/1953,1.0760384
10/14/1953,1.0760384
10/15/1953,1.0194048
10/16/1953,1.0194048
10/17/1953,0.9627712
10/18/1953,0.9627712
10/19/1953,0.9627712
10/20/1953,0.9627712
10/21/1953,1.0194048
10/22/1953,1.0477216
10/23/1953,1.0760384
10/24/1953,1.0760384
10/25/1953,1.1043552
10/26/1953,2.548512
10/27/1953,3.0865312
10/28/1953,2.5768288
10/29/1953,2.4352448
10/30/1953,2.3219776
10/31/1953,2.3219776
11/1/1953,2.7184128
11/2/1953,3.0015808
11/3/1953,3.2281152
11/4/1953,3.3130656
11/5/1953,3.0865312
11/6/1953,2.8883136
11/7/1953,2.8033632
11/8/1953,2.8599968
11/9/1953,2.9449472
11/10/1953,3.114848
11/11/1953,3.5112832
11/12/1953,3.7944512
11/13/1953,4.3041536
11/14/1953,4.4740544
11/15/1953,4.5873216
11/16/1953,4.4740544
11/17/1953,4.3607872
11/18/1953,4.3041536
11/19/1953,4.4740544
11/20/1953,4.4740544
11/21/1953,4.3607872
11/22/1953,4.3607872
11/23/1953,4.24752
11/24/1953,4.0776192
11/25/1953,3.9077184
11/26/1953,4.0776192
11/27/1953,4.8988064
11/28/1953,6.2863296
11/29/1953,7.2491008
11/30/1953,7.8437536
12/1/1953,8.070288
12/2/1953,8.9481088
12/3/1953,31.14848
12/4/1953,29.73264
12/5/1953,18.8023552
12/6/1953,17.6130496
12/7/1953,19.4253248
12/8/1953,22.65344
12/9/1953,26.19304
12/10/1953,26.90096
12/11/1953,29.73264
12/12/1953,31.714816
12/13/1953,33.413824
12/14/1953,36.81184
12/15/1953,33.98016
12/16/1953,32.56432
12/17/1953,32.56432
12/18/1953,32.56432
12/19/1953,32.56432
12/20/1953,41.625696
12/21/1953,41.625696
12/22/1953,40.209856
12/23/1953,38.510848
12/24/1953,38.510848
12/25/1953,36.81184
12/26/1953,34.546496
12/27/1953,33.413824
12/28/1953,33.413824
12/29/1953,33.413824
12/30/1953,31.14848
12/31/1953,28.883136
1/1/1954,26.90096
1/2/1954,25.48512
1/3/1954,24.06928
1/4/1954,23.36136
1/5/1954,22.65344
1/6/1954,20.6995808
1/7/1954,20.0482944
1/8/1954,18.8023552
1/9/1954,19.4253248
1/10/1954,62.29696
1/11/1954,67.393984
1/12/1954,63.995968
1/13/1954,46.439552
1/14/1954,39.360352
1/15/1954,49.271232
1/16/1954,62.29696
1/17/1954,49.271232
1/18/1954,43.041536
1/19/1954,38.510848
1/20/1954,36.81184
1/21/1954,35.396
1/22/1954,35.396
1/23/1954,33.98016
1/24/1954,32.56432
1/25/1954,32.56432
1/26/1954,31.714816
1/27/1954,31.14848
1/28/1954,30.582144
1/29/1954,29.73264
1/30/1954,29.73264
1/31/1954,29.73264
2/1/1954,29.73264
2/2/1954,30.582144
2/3/1954,30.582144
2/4/1954,30.582144
2/5/1954,31.14848
2/6/1954,31.14848
2/7/1954,31.14848
2/8/1954,31.14848
2/9/1954,31.14848
2/10/1954,31.14848
2/11/1954,30.582144
2/12/1954,29.73264
2/13/1954,27.60888
2/14/1954,26.19304
2/15/1954,24.7772
2/16/1954,23.36136
2/17/1954,22.0021536
2/18/1954,20.6995808
2/19/1954,20.0482944
2/20/1954,23.36136
2/21/1954,23.36136
2/22/1954,22.65344
2/23/1954,22.65344
2/24/1954,23.36136
2/25/1954,23.36136
2/26/1954,24.06928
2/27/1954,24.06928
2/28/1954,23.36136
3/1/1954,22.65344
3/2/1954,21.3508672
3/3/1954,20.0482944
3/4/1954,20.0482944
3/5/1954,20.6995808
3/6/1954,22.0021536
3/7/1954,22.65344
3/8/1954,23.36136
3/9/1954,23.36136
3/10/1954,24.06928
3/11/1954,24.06928
3/12/1954,23.36136
3/13/1954,22.0021536
3/14/1954,20.0482944
3/15/1954,18.2077024
3/16/1954,17.0183968
3/17/1954,16.423744
3/18/1954,15.291072
3/19/1954,14.8380032
3/20/1954,14.1584
3/21/1954,14.0451328
3/22/1954,13.1956288
3/23/1954,13.0823616
3/24/1954,13.6203808
3/25/1954,15.0645376
3/26/1954,15.857408
3/27/1954,15.291072
3/28/1954,15.291072
3/29/1954,15.857408
3/30/1954,15.857408
3/31/1954,16.423744
4/1/1954,17.0183968
4/2/1954,17.6130496
4/3/1954,18.2077024
4/4/1954,18.2077024
4/5/1954,18.8023552
4/6/1954,18.8023552
4/7/1954,18.8023552
4/8/1954,18.8023552
4/9/1954,18.2077024
4/10/1954,79.28704
4/11/1954,121.76224
4/12/1954,53.235584
4/13/1954,24.06928
4/14/1954,20.0482944
4/15/1954,19.4253248
4/16/1954,22.65344
4/17/1954,21.3508672
4/18/1954,20.6995808
4/19/1954,18.8023552
4/20/1954,18.2077024
4/21/1954,18.2077024
4/22/1954,18.8023552
4/23/1954,20.6995808
4/24/1954,20.6995808
4/25/1954,21.3508672
4/26/1954,22.0021536
4/27/1954,22.0021536
4/28/1954,22.0021536
4/29/1954,21.3508672
4/30/1954,25.48512
5/1/1954,28.883136
5/2/1954,28.883136
5/3/1954,55.500928
5/4/1954,99.675136
5/5/1954,116.09888
5/6/1954,99.675136
5/7/1954,79.28704
5/8/1954,65.694976
5/9/1954,57.199936
5/10/1954,50.97024
5/11/1954,43.041536
5/12/1954,63.995968
5/13/1954,82.685056
5/14/1954,107.037504
5/15/1954,112.700864
5/16/1954,120.063232
5/17/1954,132.805792
5/18/1954,145.548352
5/19/1954,149.512704
5/20/1954,138.185984
5/21/1954,110.718688
5/22/1954,77.588032
5/23/1954,55.500928
5/24/1954,46.439552
5/25/1954,46.439552
5/26/1954,47.855392
5/27/1954,52.669248
5/28/1954,50.97024
5/29/1954,50.97024
5/30/1954,52.669248
5/31/1954,52.669248
6/1/1954,55.500928
6/2/1954,58.898944
6/3/1954,63.995968
6/4/1954,69.092992
6/5/1954,72.491008
6/6/1954,75.889024
6/7/1954,77.588032
6/8/1954,75.889024
6/9/1954,70.792
6/10/1954,55.500928
6/11/1954,34.546496
6/12/1954,20.6995808
6/13/1954,14.8380032
6/14/1954,12.176224
6/15/1954,10.477216
6/16/1954,9.344544
6/17/1954,8.4384064
6/18/1954,7.6738528
6/19/1954,7.0225664
6/20/1954,6.6827648
6/21/1954,6.3429632
6/22/1954,5.946528
6/23/1954,5.4934592
6/24/1954,5.0687072
6/25/1954,4.5873216
6/26/1954,4.3041536
6/27/1954,4.0209856
6/28/1954,3.7661344
6/29/1954,3.5396
6/30/1954,3.3130656
7/1/1954,3.114848
7/2/1954,3.0298976
7/3/1954,2.8599968
7/4/1954,2.7184128
7/5/1954,2.4918784
7/6/1954,2.4918784
7/7/1954,2.4352448
7/8/1954,2.3219776
7/9/1954,2.2370272
7/10/1954,2.0671264
7/11/1954,1.7556416
7/12/1954,1.7273248
7/13/1954,1.6423744
7/14/1954,1.5857408
7/15/1954,1.5007904
7/16/1954,1.41584
7/17/1954,1.3592064
7/18/1954,1.3592064
7/19/1954,1.274256
7/20/1954,1.1893056
7/21/1954,1.132672
7/22/1954,1.0194048
7/23/1954,0.991088
7/24/1954,0.9061376
7/25/1954,0.849504
7/26/1954,0.7928704
7/27/1954,0.7928704
7/28/1954,0.7645536
7/29/1954,0.7645536
7/30/1954,1.1609888
7/31/1954,1.6423744
8/1/1954,1.557424
8/2/1954,1.3308896
8/3/1954,1.2176224
8/4/1954,1.1043552
8/5/1954,1.0194048
8/6/1954,0.9627712
8/7/1954,0.9061376
8/8/1954,0.849504
8/9/1954,0.7645536
8/10/1954,0.7362368
8/11/1954,0.6796032
8/12/1954,0.6796032
8/13/1954,0.6512864
8/14/1954,0.5946528
8/15/1954,0.566336
8/16/1954,0.566336
8/17/1954,0.5380192
8/18/1954,0.5097024
8/19/1954,0.5097024
8/20/1954,0.4530688
8/21/1954,0.424752
8/22/1954,0.3964352
8/23/1954,0.3964352
8/24/1954,0.3964352
8/25/1954,0.5097024
8/26/1954,0.5380192
8/27/1954,0.4813856
8/28/1954,0.4813856
8/29/1954,0.5380192
8/30/1954,0.70792
8/31/1954,0.5946528
9/1/1954,0.4530688
9/2/1954,0.3964352
9/3/1954,0.3681184
9/4/1954,0.3398016
9/5/1954,0.3114848
9/6/1954,0.283168
9/7/1954,0.283168
9/8/1954,0.283168
9/9/1954,0.283168
9/10/1954,0.283168
9/11/1954,0.283168
9/12/1954,0.283168
9/13/1954,0.22087104
9/14/1954,0.19255424
9/15/1954,0.18122752
9/16/1954,0.15857408
9/17/1954,0.15857408
9/18/1954,0.17556416
9/19/1954,0.20954432
9/20/1954,0.20954432
9/21/1954,0.20104928
9/22/1954,0.17556416
9/23/1954,0.16423744
9/24/1954,0.13592064
9/25/1954,0.13025728
9/26/1954,0.13025728
9/27/1954,0.13025728
9/28/1954,0.13592064
9/29/1954,0.15007904
9/30/1954,0.17556416
10/1/1954,0.19255424
10/2/1954,0.19255424
10/3/1954,0.18122752
10/4/1954,0.16423744
10/5/1954,0.19255424
10/6/1954,0.17556416
10/7/1954,0.15857408
10/8/1954,0.15857408
10/9/1954,0.15857408
10/10/1954,0.15857408
10/11/1954,0.15857408
10/12/1954,0.15857408
10/13/1954,0.17556416
10/14/1954,0.15857408
10/15/1954,0.13592064
10/16/1954,0.11609888
10/17/1954,0.10477216
10/18/1954,0.09344544
10/19/1954,0.09344544
10/20/1954,0.09344544
10/21/1954,0.09344544
10/22/1954,0.13025728
10/23/1954,0.424752
10/24/1954,1.132672
10/25/1954,1.132672
10/26/1954,1.2459392
10/27/1954,1.5007904
10/28/1954,1.557424
10/29/1954,1.5007904
10/30/1954,1.41584
10/31/1954,3.0015808
11/1/1954,6.4845472
11/2/1954,7.6172192
11/3/1954,8.8631584
11/4/1954,10.194048
11/5/1954,10.8170176
11/6/1954,11.9780064
11/7/1954,12.7708768
11/8/1954,13.8469152
11/9/1954,14.724736
11/10/1954,15.857408
11/11/1954,16.423744
11/12/1954,17.6130496
11/13/1954,18.2077024
11/14/1954,19.4253248
11/15/1954,35.396
11/16/1954,37.661344
11/17/1954,40.209856
11/18/1954,34.546496
11/19/1954,31.714816
11/20/1954,30.582144
11/21/1954,30.582144
11/22/1954,31.714816
11/23/1954,31.14848
11/24/1954,29.73264
11/25/1954,27.60888
11/26/1954,27.60888
11/27/1954,26.90096
11/28/1954,26.90096
11/29/1954,26.90096
11/30/1954,26.19304
12/1/1954,25.48512
12/2/1954,24.7772
12/3/1954,24.06928
12/4/1954,23.36136
12/5/1954,23.36136
12/6/1954,22.65344
12/7/1954,22.65344
12/8/1954,22.65344
12/9/1954,23.36136
12/10/1954,23.36136
12/11/1954,22.65344
12/12/1954,21.3508672
12/13/1954,20.0482944
12/14/1954,18.2077024
12/15/1954,15.291072
12/16/1954,15.291072
12/17/1954,16.423744
12/18/1954,16.423744
12/19/1954,17.6130496
12/20/1954,20.0482944
12/21/1954,22.0021536
12/22/1954,22.65344
12/23/1954,24.06928
12/24/1954,24.7772
12/25/1954,24.7772
12/26/1954,26.19304
12/27/1954,27.60888
12/28/1954,28.3168
12/29/1954,28.3168
12/30/1954,28.3168
12/31/1954,28.3168
1/1/1955,28.883136
1/2/1955,28.3168
1/3/1955,27.60888
1/4/1955,26.90096
1/5/1955,26.19304
1/6/1955,25.48512
1/7/1955,23.36136
1/8/1955,20.6995808
1/9/1955,18.8023552
1/10/1955,18.8023552
1/11/1955,18.2077024
1/12/1955,18.2077024
1/13/1955,18.2077024
1/14/1955,17.6130496
1/15/1955,18.2077024
1/16/1955,22.65344
1/17/1955,25.48512
1/18/1955,31.14848
1/19/1955,41.625696
1/20/1955,46.439552
1/21/1955,46.439552
1/22/1955,43.041536
1/23/1955,43.041536
1/24/1955,43.041536
1/25/1955,41.625696
1/26/1955,40.209856
1/27/1955,39.360352
1/28/1955,36.81184
1/29/1955,36.245504
1/30/1955,36.245504
1/31/1955,36.245504
2/1/1955,36.245504
2/2/1955,36.245504
2/3/1955,35.396
2/4/1955,36.245504
2/5/1955,91.180096
2/6/1955,154.892896
2/7/1955,156.875072
2/8/1955,151.211712
2/9/1955,147.530528
2/10/1955,147.530528
2/11/1955,143.849344
2/12/1955,140.16816
2/13/1955,132.805792
2/14/1955,120.063232
2/15/1955,108.736512
2/16/1955,97.976128
2/17/1955,87.78208
2/18/1955,79.28704
2/19/1955,72.491008
2/20/1955,69.092992
2/21/1955,69.092992
2/22/1955,70.792
2/23/1955,73.62368
2/24/1955,73.62368
2/25/1955,70.792
2/26/1955,67.96032
2/27/1955,65.12864
2/28/1955,65.12864
3/1/1955,65.12864
3/2/1955,67.96032
3/3/1955,67.96032
3/4/1955,70.792
3/5/1955,70.792
3/6/1955,70.792
3/7/1955,67.96032
3/8/1955,65.12864
3/9/1955,62.29696
3/10/1955,59.46528
3/11/1955,56.6336
3/12/1955,53.80192
3/13/1955,52.669248
3/14/1955,49.271232
3/15/1955,47.855392
3/16/1955,44.740544
3/17/1955,43.041536
3/18/1955,39.360352
3/19/1955,36.81184
3/20/1955,36.245504
3/21/1955,36.81184
3/22/1955,44.740544
3/23/1955,65.694976
3/24/1955,72.491008
3/25/1955,69.092992
3/26/1955,63.995968
3/27/1955,58.898944
3/28/1955,52.669248
3/29/1955,44.740544
3/30/1955,37.661344
3/31/1955,34.546496
4/1/1955,36.245504
4/2/1955,41.625696
4/3/1955,44.740544
4/4/1955,46.439552
4/5/1955,47.855392
4/6/1955,47.855392
4/7/1955,49.271232
4/8/1955,50.97024
4/9/1955,57.199936
4/10/1955,179.528512
4/11/1955,229.082912
4/12/1955,248.055168
4/13/1955,314.31648
4/14/1955,342.63328
4/15/1955,356.79168
4/16/1955,339.8016
4/17/1955,308.65312
4/18/1955,274.67296
4/19/1955,242.958144
4/20/1955,215.20768
4/21/1955,184.342368
4/22/1955,158.57408
4/23/1955,132.805792
4/24/1955,110.718688
4/25/1955,92.879104
4/26/1955,82.685056
4/27/1955,77.588032
4/28/1955,74.190016
4/29/1955,72.491008
4/30/1955,70.792
5/1/1955,69.092992
5/2/1955,67.393984
5/3/1955,65.694976
5/4/1955,65.694976
5/5/1955,63.995968
5/6/1955,62.29696
5/7/1955,62.29696
5/8/1955,60.597952
5/9/1955,55.500928
5/10/1955,49.271232
5/11/1955,38.510848
5/12/1955,30.582144
5/13/1955,23.36136
5/14/1955,18.8023552
5/15/1955,16.423744
5/16/1955,14.9512704
5/17/1955,15.291072
5/18/1955,18.2077024
5/19/1955,18.8023552
5/20/1955,20.6995808
5/21/1955,26.90096
5/22/1955,36.81184
5/23/1955,40.209856
5/24/1955,44.740544
5/25/1955,47.855392
5/26/1955,47.855392
5/27/1955,46.439552
5/28/1955,46.439552
5/29/1955,50.97024
5/30/1955,55.500928
5/31/1955,62.29696
6/1/1955,70.792
6/2/1955,75.889024
6/3/1955,77.588032
6/4/1955,74.190016
6/5/1955,63.995968
6/6/1955,52.669248
6/7/1955,46.439552
6/8/1955,43.041536
6/9/1955,43.041536
6/10/1955,43.041536
6/11/1955,43.041536
6/12/1955,43.041536
6/13/1955,41.625696
6/14/1955,39.360352
6/15/1955,33.98016
6/16/1955,26.19304
6/17/1955,18.8023552
6/18/1955,13.9318656
6/19/1955,11.9780064
6/20/1955,10.5621664
6/21/1955,11.1001856
6/22/1955,9.344544
6/23/1955,8.6083072
6/24/1955,8.2968224
6/25/1955,7.8437536
6/26/1955,7.7588032
6/27/1955,7.8154368
6/28/1955,7.9003872
6/29/1955,7.7588032
6/30/1955,7.3057344
7/1/1955,6.3429632
7/2/1955,6.0031616
7/3/1955,5.8332608
7/4/1955,6.088112
7/5/1955,6.0031616
7/6/1955,5.946528
7/7/1955,5.7483104
7/8/1955,5.4934592
7/9/1955,5.3235584
7/10/1955,4.7572224
7/11/1955,4.4740544
7/12/1955,4.4740544
7/13/1955,4.7572224
7/14/1955,4.24752
7/15/1955,4.530688
7/16/1955,4.3607872
7/17/1955,3.7095008
7/18/1955,3.5962336
7/19/1955,3.6528672
7/20/1955,3.4546496
7/21/1955,3.6528672
7/22/1955,3.5396
7/23/1955,3.398016
7/24/1955,3.5112832
7/25/1955,3.0015808
7/26/1955,3.5396
7/27/1955,3.7661344
7/28/1955,4.6439552
7/29/1955,5.946528
7/30/1955,7.1641504
7/31/1955,7.9003872
8/1/1955,8.1552384
8/2/1955,7.3906848
8/3/1955,7.1641504
8/4/1955,5.946528
8/5/1955,5.5784096
8/6/1955,6.4845472
8/7/1955,8.6083072
8/8/1955,10.0241472
8/9/1955,10.3639488
8/10/1955,9.1746432
8/11/1955,8.3817728
8/12/1955,7.2491008
8/13/1955,5.8898944
8/14/1955,5.1819744
8/15/1955,4.530688
8/16/1955,4.4740544
8/17/1955,3.114848
8/18/1955,2.9449472
8/19/1955,2.4918784
8/20/1955,2.4918784
8/21/1955,2.6617792
8/22/1955,2.6617792
8/23/1955,2.5768288
8/24/1955,2.4918784
8/25/1955,2.265344
8/26/1955,2.1520768
8/27/1955,2.3219776
8/28/1955,3.0015808
8/29/1955,3.4546496
8/30/1955,3.1714816
8/31/1955,2.8599968
9/1/1955,3.0015808
9/2/1955,3.0865312
9/3/1955,3.3413824
9/4/1955,3.3413824
9/5/1955,2.9449472
9/6/1955,2.6617792
9/7/1955,2.548512
9/8/1955,2.3502944
9/9/1955,2.2370272
9/10/1955,2.0954432
9/11/1955,2.0388096
9/12/1955,2.0671264
9/13/1955,2.1803936
9/14/1955,2.7750464
9/15/1955,3.1714816
9/16/1955,4.3607872
9/17/1955,4.3607872
9/18/1955,4.0209856
9/19/1955,3.5396
9/20/1955,3.1714816
9/21/1955,2.7750464
9/22/1955,2.4918784
9/23/1955,2.4352448
9/24/1955,2.3219776
9/25/1955,2.0954432
9/26/1955,2.0671264
9/27/1955,2.0671264
9/28/1955,2.1520768
9/29/1955,2.3219776
9/30/1955,2.3219776
10/1/1955,2.8599968
10/2/1955,3.256432
10/3/1955,3.5962336
10/4/1955,3.6528672
10/5/1955,3.7661344
10/6/1955,4.0209856
10/7/1955,6.4845472
10/8/1955,6.3995968
10/9/1955,5.8332608
10/10/1955,5.6350432
10/11/1955,5.380192
10/12/1955,5.1253408
10/13/1955,4.8988064
10/14/1955,4.5873216
10/15/1955,4.24752
10/16/1955,5.5784096
10/17/1955,5.946528
10/18/1955,5.1253408
10/19/1955,4.3607872
10/20/1955,3.8510848
10/21/1955,3.7095008
10/22/1955,3.5396
10/23/1955,2.8033632
10/24/1955,2.4352448
10/25/1955,2.265344
10/26/1955,2.0954432
10/27/1955,1.9538592
10/28/1955,1.8972256
10/29/1955,1.8122752
10/30/1955,1.6423744
10/31/1955,1.557424
11/1/1955,1.4724736
11/2/1955,1.41584
11/3/1955,1.3308896
11/4/1955,1.2459392
11/5/1955,1.1609888
11/6/1955,1.0760384
11/7/1955,1.0477216
11/8/1955,1.3592064
11/9/1955,1.274256
11/10/1955,1.1893056
11/11/1955,1.1893056
11/12/1955,1.132672
11/13/1955,1.1893056
11/14/1955,1.1893056
11/15/1955,1.132672
11/16/1955,1.132672
11/17/1955,1.132672
11/18/1955,1.132672
11/19/1955,1.0760384
11/20/1955,1.0760384
11/21/1955,1.0760384
11/22/1955,1.1043552
11/23/1955,1.2176224
11/24/1955,1.3025728
11/25/1955,1.3875232
11/26/1955,1.4724736
11/27/1955,1.5857408
11/28/1955,1.6423744
11/29/1955,1.699008
11/30/1955,1.699008
12/1/1955,1.982176
12/2/1955,2.5768288
12/3/1955,2.8033632
12/4/1955,3.4546496
12/5/1955,3.7944512
12/6/1955,4.24752
12/7/1955,4.3607872
12/8/1955,4.5873216
12/9/1955,5.0120736
12/10/1955,5.1819744
12/11/1955,5.0687072
12/12/1955,4.95544
12/13/1955,4.95544
12/14/1955,4.7572224
12/15/1955,4.5873216
12/16/1955,4.4740544
12/17/1955,4.4740544
12/18/1955,4.4740544
12/19/1955,4.530688
12/20/1955,4.4740544
12/21/1955,4.3607872
12/22/1955,4.24752
12/23/1955,4.1908864
12/24/1955,4.1342528
12/25/1955,4.0209856
12/26/1955,3.9077184
12/27/1955,3.7944512
12/28/1955,3.8510848
12/29/1955,3.9077184
12/30/1955,3.964352
12/31/1955,4.0776192
1/1/1956,4.0776192
1/2/1956,4.1342528
1/3/1956,4.1342528
1/4/1956,4.1342528
1/5/1956,4.1908864
1/6/1956,4.24752
1/7/1956,4.24752
1/8/1956,4.24752
1/9/1956,4.24752
1/10/1956,4.24752
1/11/1956,4.1342528
1/12/1956,4.1342528
1/13/1956,4.1342528
1/14/1956,4.0776192
1/15/1956,4.0209856
1/16/1956,4.0209856
1/17/1956,4.0209856
1/18/1956,5.6916768
1/19/1956,7.6738528
1/20/1956,6.7393984
1/21/1956,7.6172192
1/22/1956,12.3744416
1/23/1956,12.5726592
1/24/1956,14.1584
1/25/1956,13.3938464
1/26/1956,12.7708768
1/27/1956,12.0629568
1/28/1956,11.5815712
1/29/1956,11.4966208
1/30/1956,11.2984032
1/31/1956,11.2984032
2/1/1956,11.2984032
2/2/1956,15.291072
2/3/1956,26.19304
2/4/1956,29.73264
2/5/1956,29.73264
2/6/1956,29.73264
2/7/1956,28.3168
2/8/1956,43.041536
2/9/1956,70.792
2/10/1956,67.393984
2/11/1956,65.694976
2/12/1956,62.29696
2/13/1956,58.898944
2/14/1956,55.500928
2/15/1956,50.97024
2/16/1956,44.740544
2/17/1956,37.661344
2/18/1956,33.98016
2/19/1956,31.14848
2/20/1956,30.582144
2/21/1956,36.245504
2/22/1956,40.209856
2/23/1956,36.81184
2/24/1956,35.396
2/25/1956,34.546496
2/26/1956,31.714816
2/27/1956,30.582144
2/28/1956,28.883136
2/29/1956,28.883136
3/1/1956,28.3168
3/2/1956,26.90096
3/3/1956,40.209856
3/4/1956,32.56432
3/5/1956,24.06928
3/6/1956,20.0482944
3/7/1956,17.6130496
3/8/1956,15.291072
3/9/1956,14.1584
3/10/1956,13.3938464
3/11/1956,12.3744416
3/12/1956,11.2984032
3/13/1956,11.2984032
3/14/1956,11.1001856
3/15/1956,13.6203808
3/16/1956,15.857408
3/17/1956,16.423744
3/18/1956,17.0183968
3/19/1956,17.0183968
3/20/1956,16.423744
3/21/1956,15.857408
3/22/1956,15.291072
3/23/1956,14.8380032
3/24/1956,15.291072
3/25/1956,14.4982016
3/26/1956,13.8469152
3/27/1956,13.3938464
3/28/1956,12.9690944
3/29/1956,12.884144
3/30/1956,12.5726592
3/31/1956,11.9780064
4/1/1956,11.6665216
4/2/1956,11.5815712
4/3/1956,11.0152352
4/4/1956,10.8170176
4/5/1956,22.3136384
4/6/1956,43.041536
4/7/1956,75.889024
4/8/1956,91.180096
4/9/1956,86.083072
4/10/1956,79.28704
4/11/1956,82.685056
4/12/1956,82.685056
4/13/1956,70.792
4/14/1956,62.29696
4/15/1956,57.199936
4/16/1956,46.439552
4/17/1956,32.56432
4/18/1956,23.36136
4/19/1956,17.0183968
4/20/1956,13.9318656
4/21/1956,11.9780064
4/22/1956,10.9302848
4/23/1956,10.0241472
4/24/1956,9.1746432
4/25/1956,8.6083072
4/26/1956,8.2968224
4/27/1956,7.9853376
4/28/1956,7.6738528
4/29/1956,7.4756352
4/30/1956,7.3057344
5/1/1956,7.2491008
5/2/1956,7.9853376
5/3/1956,10.2789984
5/4/1956,16.423744
5/5/1956,17.6130496
5/6/1956,23.36136
5/7/1956,26.90096
5/8/1956,31.14848
5/9/1956,33.98016
5/10/1956,36.245504
5/11/1956,37.661344
5/12/1956,40.209856
5/13/1956,43.041536
5/14/1956,44.740544
5/15/1956,46.439552
5/16/1956,47.855392
5/17/1956,49.271232
5/18/1956,52.669248
5/19/1956,54.085088
5/20/1956,57.199936
5/21/1956,58.898944
5/22/1956,60.597952
5/23/1956,62.29696
5/24/1956,65.694976
5/25/1956,65.694976
5/26/1956,65.694976
5/27/1956,65.694976
5/28/1956,63.995968
5/29/1956,54.085088
5/30/1956,37.661344
5/31/1956,24.06928
6/1/1956,16.423744
6/2/1956,13.1956288
6/3/1956,11.0152352
6/4/1956,9.769296
6/5/1956,8.6083072
6/6/1956,7.8437536
6/7/1956,7.2491008
6/8/1956,6.7393984
6/9/1956,6.6827648
6/10/1956,6.3429632
6/11/1956,6.2863296
6/12/1956,6.2863296
6/13/1956,5.7483104
6/14/1956,4.95544
6/15/1956,4.95544
6/16/1956,5.2669248
6/17/1956,8.5233568
6/18/1956,10.6471168
6/19/1956,8.778208
6/20/1956,10.477216
6/21/1956,7.6738528
6/22/1956,6.4845472
6/23/1956,6.9659328
6/24/1956,6.5411808
6/25/1956,5.2669248
6/26/1956,4.4174208
6/27/1956,4.1908864
6/28/1956,3.7944512
6/29/1956,3.5962336
6/30/1956,3.4546496
7/1/1956,2.8883136
7/2/1956,2.265344
7/3/1956,1.7273248
7/4/1956,1.7273248
7/5/1956,1.840592
7/6/1956,1.6706912
7/7/1956,1.5291072
7/8/1956,1.3875232
7/9/1956,1.3308896
7/10/1956,1.2176224
7/11/1956,1.1609888
7/12/1956,1.1609888
7/13/1956,1.1043552
7/14/1956,1.0477216
7/15/1956,1.0194048
7/16/1956,0.9627712
7/17/1956,0.9344544
7/18/1956,0.9344544
7/19/1956,0.9344544
7/20/1956,0.9344544
7/21/1956,2.0388096
7/22/1956,1.8689088
7/23/1956,1.9538592
7/24/1956,1.4724736
7/25/1956,1.1609888
7/26/1956,1.0194048
7/27/1956,0.9344544
7/28/1956,0.9061376
7/29/1956,0.7645536
7/30/1956,0.7362368
7/31/1956,0.6796032
8/1/1956,0.5946528
8/2/1956,0.5380192
8/3/1956,0.5380192
8/4/1956,0.5380192
8/5/1956,0.5380192
8/6/1956,0.5380192
8/7/1956,0.5097024
8/8/1956,0.4530688
8/9/1956,0.424752
8/10/1956,0.3964352
8/11/1956,0.3398016
8/12/1956,0.3114848
8/13/1956,0.3114848
8/14/1956,0.3114848
8/15/1956,0.3114848
8/16/1956,0.283168
8/17/1956,0.26051456
8/18/1956,0.26051456
8/19/1956,0.22936608
8/20/1956,0.20104928
8/21/1956,0.18122752
8/22/1956,0.17556416
8/23/1956,0.17556416
8/24/1956,0.141584
8/25/1956,0.11609888
8/26/1956,0.11609888
8/27/1956,0.11609888
8/28/1956,0.12176224
8/29/1956,0.15857408
8/30/1956,0.22087104
8/31/1956,0.20104928
9/1/1956,0.20104928
9/2/1956,0.19255424
9/3/1956,0.15857408
9/4/1956,0.20954432
9/5/1956,0.24918784
9/6/1956,0.27184128
9/7/1956,0.27184128
9/8/1956,0.22087104
9/9/1956,0.17556416
9/10/1956,0.16423744
9/11/1956,0.20954432
9/12/1956,0.22087104
9/13/1956,0.19255424
9/14/1956,0.17556416
9/15/1956,0.15007904
9/16/1956,0.141584
9/17/1956,0.141584
9/18/1956,0.10477216
9/19/1956,0.08778208
9/20/1956,0.09344544
9/21/1956,0.09344544
9/22/1956,0.07928704
9/23/1956,0.07362368
9/24/1956,0.07362368
9/25/1956,0.06512864
9/26/1956,0.05380192
9/27/1956,0.05097024
9/28/1956,0.04530688
9/29/1956,0.04530688
9/30/1956,0.04530688
10/1/1956,0.04530688
10/2/1956,0.04813856
10/3/1956,0.06229696
10/4/1956,0.07928704
10/5/1956,0.07928704
10/6/1956,0.08778208
10/7/1956,0.09344544
10/8/1956,0.08778208
10/9/1956,0.08211872
10/10/1956,0.07928704
10/11/1956,0.07928704
10/12/1956,0.07362368
10/13/1956,0.07362368
10/14/1956,0.07362368
10/15/1956,0.07362368
10/16/1956,0.07362368
10/17/1956,0.06512864
10/18/1956,0.06512864
10/19/1956,0.0566336
10/20/1956,0.06229696
10/21/1956,0.0991088
10/22/1956,0.12176224
10/23/1956,0.15857408
10/24/1956,0.16423744
10/25/1956,0.15007904
10/26/1956,0.15007904
10/27/1956,0.15007904
10/28/1956,0.141584
10/29/1956,0.11609888
10/30/1956,0.12176224
10/31/1956,0.15007904
11/1/1956,0.15007904
11/2/1956,0.17556416
11/3/1956,0.20104928
11/4/1956,0.20104928
11/5/1956,0.20954432
11/6/1956,0.23786112
11/7/1956,0.283168
11/8/1956,0.3114848
11/9/1956,0.283168
11/10/1956,0.22936608
11/11/1956,0.24918784
11/12/1956,0.4530688
11/13/1956,0.7645536
11/14/1956,0.991088
11/15/1956,1.840592
11/16/1956,2.0388096
11/17/1956,1.9538592
11/18/1956,1.3025728
11/19/1956,1.0760384
11/20/1956,0.9061376
11/21/1956,0.8211872
11/22/1956,0.849504
11/23/1956,0.9344544
11/24/1956,0.9627712
11/25/1956,1.0760384
11/26/1956,1.132672
11/27/1956,1.132672
11/28/1956,1.132672
11/29/1956,1.132672
11/30/1956,1.132672
12/1/1956,1.1893056
12/2/1956,1.2176224
12/3/1956,1.132672
12/4/1956,1.1043552
12/5/1956,0.991088
12/6/1956,0.991088
12/7/1956,0.991088
12/8/1956,0.991088
12/9/1956,0.9627712
12/10/1956,0.9344544
12/11/1956,0.9344544
12/12/1956,0.9344544
12/13/1956,0.9344544
12/14/1956,0.9627712
12/15/1956,1.0477216
12/16/1956,1.0477216
12/17/1956,1.1609888
12/18/1956,3.1714816
12/19/1956,2.1803936
12/20/1956,1.7556416
12/21/1956,1.699008
12/22/1956,3.0582144
12/23/1956,4.95544
12/24/1956,4.4457376
12/25/1956,2.4918784
12/26/1956,1.9538592
12/27/1956,1.8689088
12/28/1956,1.8689088
12/29/1956,1.8689088
12/30/1956,1.8972256
12/31/1956,1.982176
1/1/1957,2.0388096
1/2/1957,1.9538592
1/3/1957,1.8972256
1/4/1957,2.265344
1/5/1957,2.3502944
1/6/1957,2.6334624
1/7/1957,2.4352448
1/8/1957,2.4352448
1/9/1957,2.4352448
1/10/1957,2.406928
1/11/1957,2.3219776
1/12/1957,2.2370272
1/13/1957,2.1803936
1/14/1957,2.0954432
1/15/1957,2.0388096
1/16/1957,2.0388096
1/17/1957,2.0388096
1/18/1957,2.0671264
1/19/1957,2.1520768
1/20/1957,2.265344
1/21/1957,2.7184128
1/22/1957,3.2281152
1/23/1957,3.1714816
1/24/1957,3.2281152
1/25/1957,3.5396
1/26/1957,3.7944512
1/27/1957,4.24752
1/28/1957,5.0687072
1/29/1957,6.5411808
1/30/1957,6.2013792
1/31/1957,6.2013792
2/1/1957,6.5411808
2/2/1957,8.211872
2/3/1957,8.1552384
2/4/1957,8.2968224
2/5/1957,7.7588032
2/6/1957,7.0225664
2/7/1957,6.7393984
2/8/1957,6.7393984
2/9/1957,7.2491008
2/10/1957,7.2491008
2/11/1957,7.3906848
2/12/1957,7.7588032
2/13/1957,8.070288
2/14/1957,8.211872
2/15/1957,8.5233568
2/16/1957,8.6932576
2/17/1957,9.0047424
2/18/1957,11.6665216
2/19/1957,17.0183968
2/20/1957,13.308896
2/21/1957,13.1956288
2/22/1957,12.5726592
2/23/1957,12.2611744
2/24/1957,12.2611744
2/25/1957,12.176224
2/26/1957,11.7797888
2/27/1957,11.3833536
2/28/1957,11.0152352
3/1/1957,10.5621664
3/2/1957,16.423744
3/3/1957,20.0482944
3/4/1957,19.4253248
3/5/1957,17.6130496
3/6/1957,16.423744
3/7/1957,15.291072
3/8/1957,14.9512704
3/9/1957,14.0451328
3/10/1957,13.3938464
3/11/1957,13.6203808
3/12/1957,25.48512
3/13/1957,33.413824
3/14/1957,29.73264
3/15/1957,22.65344
3/16/1957,19.4253248
3/17/1957,19.4253248
3/18/1957,43.041536
3/19/1957,38.510848
3/20/1957,30.582144
3/21/1957,50.97024
3/22/1957,57.199936
3/23/1957,47.855392
3/24/1957,54.085088
3/25/1957,50.97024
3/26/1957,44.740544
3/27/1957,37.661344
3/28/1957,38.510848
3/29/1957,44.740544
3/30/1957,49.271232
3/31/1957,46.439552
4/1/1957,53.518752
4/2/1957,50.687072
4/3/1957,50.403904
4/4/1957,78.437536
4/5/1957,58.332608
4/6/1957,51.819744
4/7/1957,46.72272
4/8/1957,39.926688
4/9/1957,35.679168
4/10/1957,32.847488
4/11/1957,37.095008
4/12/1957,35.396
4/13/1957,33.98016
4/14/1957,32.847488
4/15/1957,32.281152
4/16/1957,35.679168
4/17/1957,37.095008
4/18/1957,34.546496
4/19/1957,33.98016
4/20/1957,33.413824
4/21/1957,32.847488
4/22/1957,32.281152
4/23/1957,31.714816
4/24/1957,34.263328
4/25/1957,69.092992
4/26/1957,125.443424
4/27/1957,130.823616
4/28/1957,154.892896
4/29/1957,210.110656
4/30/1957,279.203648
5/1/1957,458.73216
5/2/1957,710.75168
5/3/1957,821.1872
5/4/1957,795.70208
5/5/1957,764.5536
5/6/1957,744.73184
5/7/1957,722.0784
5/8/1957,690.92992
5/9/1957,654.11808
5/10/1957,611.64288
5/11/1957,577.66272
5/12/1957,529.52416
5/13/1957,501.20736
5/14/1957,464.39552
5/15/1957,424.752
5/16/1957,382.2768
5/17/1957,345.46496
5/18/1957,305.82144
5/19/1957,271.558112
5/20/1957,241.825472
5/21/1957,215.20768
5/22/1957,193.97008
5/23/1957,174.14832
5/24/1957,157.724576
5/25/1957,140.16816
5/26/1957,128.275104
5/27/1957,116.382048
5/28/1957,103.639488
5/29/1957,92.312768
5/30/1957,82.968224
5/31/1957,71.924672
6/1/1957,64.562304
6/2/1957,67.110816
6/3/1957,59.748448
6/4/1957,60.031616
6/5/1957,61.730624
6/6/1957,67.110816
6/7/1957,69.942496
6/8/1957,74.473184
6/9/1957,81.269216
6/10/1957,89.764256
6/11/1957,96.560288
6/12/1957,100.52464
6/13/1957,101.374144
6/14/1957,98.259296
6/15/1957,95.144448
6/16/1957,94.86128
6/17/1957,100.241472
6/18/1957,120.063232
6/19/1957,145.548352
6/20/1957,168.768128
6/21/1957,183.492864
6/22/1957,187.457216
6/23/1957,189.439392
6/24/1957,186.041376
6/25/1957,171.599808
6/26/1957,159.423584
6/27/1957,150.645376
6/28/1957,148.380032
6/29/1957,125.726592
6/30/1957,104.77216
7/1/1957,89.481088
7/2/1957,77.588032
7/3/1957,65.694976
7/4/1957,49.271232
7/5/1957,33.413824
7/6/1957,21.3508672
7/7/1957,17.0183968
7/8/1957,14.4982016
7/9/1957,13.3938464
7/10/1957,11.185136
7/11/1957,10.1090976
7/12/1957,9.1746432
7/13/1957,8.3817728
7/14/1957,7.9003872
7/15/1957,7.3057344
7/16/1957,6.6827648
7/17/1957,6.2863296
7/18/1957,5.946528
7/19/1957,5.6916768
7/20/1957,5.8898944
7/21/1957,5.380192
7/22/1957,5.1819744
7/23/1957,6.1447456
7/24/1957,6.1447456
7/25/1957,6.2863296
7/26/1957,6.2863296
7/27/1957,16.3954272
7/28/1957,15.857408
7/29/1957,13.6203808
7/30/1957,10.0241472
7/31/1957,7.3057344
8/1/1957,6.9659328
8/2/1957,6.7393984
8/3/1957,6.0031616
8/4/1957,5.4368256
8/5/1957,4.8421728
8/6/1957,5.0687072
8/7/1957,4.4174208
8/8/1957,3.8510848
8/9/1957,3.7095008
8/10/1957,3.398016
8/11/1957,4.3041536
8/12/1957,4.8988064
8/13/1957,5.0687072
8/14/1957,6.4845472
8/15/1957,16.423744
8/16/1957,22.65344
8/17/1957,25.48512
8/18/1957,26.90096
8/19/1957,24.7772
8/20/1957,21.3508672
8/21/1957,14.9512704
8/22/1957,11.043552
8/23/1957,8.070288
8/24/1957,6.3995968
8/25/1957,5.5784096
8/26/1957,4.8421728
8/27/1957,4.24752
8/28/1957,3.7661344
8/29/1957,3.5962336
8/30/1957,3.5112832
8/31/1957,3.114848
9/1/1957,3.2281152
9/2/1957,3.0865312
9/3/1957,2.9449472
9/4/1957,3.3413824
9/5/1957,2.8033632
9/6/1957,2.5768288
9/7/1957,2.265344
9/8/1957,2.1803936
9/9/1957,2.2370272
9/10/1957,2.2370272
9/11/1957,2.6617792
9/12/1957,2.8033632
9/13/1957,2.7750464
9/14/1957,3.0865312
9/15/1957,3.7944512
9/16/1957,3.7095008
9/17/1957,3.3413824
9/18/1957,3.1714816
9/19/1957,3.0298976
9/20/1957,3.0298976
9/21/1957,2.8883136
9/22/1957,6.5978144
9/23/1957,8.3251392
9/24/1957,5.3235584
9/25/1957,4.7005888
9/26/1957,5.380192
9/27/1957,5.6916768
9/28/1957,4.3041536
9/29/1957,3.9077184
9/30/1957,3.7661344
10/1/1957,3.3130656
10/2/1957,3.3130656
10/3/1957,3.398016
10/4/1957,3.5962336
10/5/1957,3.7944512
10/6/1957,4.0209856
10/7/1957,4.24752
10/8/1957,4.3041536
10/9/1957,3.9077184
10/10/1957,3.8510848
10/11/1957,3.7944512
10/12/1957,3.5962336
10/13/1957,3.3413824
10/14/1957,3.0298976
10/15/1957,11.2700864
10/16/1957,55.500928
10/17/1957,62.29696
10/18/1957,75.889024
10/19/1957,77.588032
10/20/1957,80.986048
10/21/1957,92.879104
10/22/1957,107.037504
10/23/1957,143.849344
10/24/1957,176.98
10/25/1957,197.368096
10/26/1957,203.314624
10/27/1957,191.704736
10/28/1957,176.98
10/29/1957,164.23744
10/30/1957,156.875072
10/31/1957,151.211712
11/1/1957,145.548352
11/2/1957,138.185984
11/3/1957,125.443424
11/4/1957,114.399872
11/5/1957,99.675136
11/6/1957,94.578112
11/7/1957,94.578112
11/8/1957,127.4256
11/9/1957,127.4256
11/10/1957,140.16816
11/11/1957,156.875072
11/12/1957,171.599808
11/13/1957,189.72256
11/14/1957,197.368096
11/15/1957,197.368096
11/16/1957,191.704736
11/17/1957,182.360192
11/18/1957,176.98
11/19/1957,169.617632
11/20/1957,171.599808
11/21/1957,199.350272
11/22/1957,252.869024
11/23/1957,291.66304
11/24/1957,365.28672
11/25/1957,438.9104
11/26/1957,453.0688
11/27/1957,450.23712
11/28/1957,424.752
11/29/1957,390.77184
11/30/1957,353.96
12/1/1957,319.97984
12/2/1957,288.83136
12/3/1957,258.815552
12/4/1957,233.047264
12/5/1957,211.243328
12/6/1957,189.72256
12/7/1957,174.997824
12/8/1957,162.255264
12/9/1957,152.91072
12/10/1957,145.548352
12/11/1957,138.185984
12/12/1957,132.805792
12/13/1957,127.4256
12/14/1957,121.76224
12/15/1957,114.399872
12/16/1957,105.338496
12/17/1957,97.976128
12/18/1957,89.481088
12/19/1957,86.083072
12/20/1957,82.685056
12/21/1957,80.986048
12/22/1957,72.491008
12/23/1957,69.092992
12/24/1957,65.694976
12/25/1957,65.12864
12/26/1957,75.889024
12/27/1957,92.879104
12/28/1957,160.273088
12/29/1957,151.211712
12/30/1957,147.530528
12/31/1957,136.486976
1/1/1958,127.4256
1/2/1958,110.718688
1/3/1958,110.718688
1/4/1958,107.037504
1/5/1958,99.675136
1/6/1958,97.976128
1/7/1958,96.27712
1/8/1958,87.78208
1/9/1958,77.588032
1/10/1958,67.393984
1/11/1958,62.29696
1/12/1958,65.978144
1/13/1958,169.617632
1/14/1958,174.997824
1/15/1958,184.342368
1/16/1958,191.704736
1/17/1958,189.72256
1/18/1958,193.686912
1/19/1958,211.243328
1/20/1958,258.815552
1/21/1958,334.13824
1/22/1958,336.96992
1/23/1958,334.13824
1/24/1958,314.31648
1/25/1958,288.83136
1/26/1958,264.76208
1/27/1958,246.922496
1/28/1958,229.082912
1/29/1958,221.154208
1/30/1958,201.332448
1/31/1958,184.342368
2/1/1958,169.617632
2/2/1958,154.892896
2/3/1958,143.849344
2/4/1958,130.823616
2/5/1958,120.063232
2/6/1958,114.399872
2/7/1958,118.081056
2/8/1958,118.081056
2/9/1958,110.718688
2/10/1958,107.037504
2/11/1958,107.037504
2/12/1958,103.35632
2/13/1958,99.675136
2/14/1958,99.675136
2/15/1958,99.675136
2/16/1958,99.675136
2/17/1958,96.27712
2/18/1958,94.578112
2/19/1958,89.481088
2/20/1958,84.384064
2/21/1958,79.28704
2/22/1958,77.588032
2/23/1958,108.736512
2/24/1958,121.76224
2/25/1958,120.063232
2/26/1958,118.081056
2/27/1958,132.805792
2/28/1958,125.443424
3/1/1958,123.461248
3/2/1958,120.063232
3/3/1958,114.399872
3/4/1958,108.736512
3/5/1958,99.675136
3/6/1958,91.180096
3/7/1958,89.481088
3/8/1958,89.481088
3/9/1958,89.481088
3/10/1958,87.78208
3/11/1958,86.083072
3/12/1958,86.083072
3/13/1958,87.78208
3/14/1958,87.78208
3/15/1958,82.685056
3/16/1958,77.588032
3/17/1958,70.792
3/18/1958,67.393984
3/19/1958,63.995968
3/20/1958,60.597952
3/21/1958,58.898944
3/22/1958,55.500928
3/23/1958,52.669248
3/24/1958,50.97024
3/25/1958,47.855392
3/26/1958,47.855392
3/27/1958,46.439552
3/28/1958,44.740544
3/29/1958,46.439552
3/30/1958,47.855392
3/31/1958,46.439552
4/1/1958,46.439552
4/2/1958,44.740544
4/3/1958,43.041536
4/4/1958,41.625696
4/5/1958,41.625696
4/6/1958,41.625696
4/7/1958,40.209856
4/8/1958,38.510848
4/9/1958,40.209856
4/10/1958,40.209856
4/11/1958,41.625696
4/12/1958,41.625696
4/13/1958,44.740544
4/14/1958,54.085088
4/15/1958,63.995968
4/16/1958,60.597952
4/17/1958,55.500928
4/18/1958,55.500928
4/19/1958,72.491008
4/20/1958,58.898944
4/21/1958,57.199936
4/22/1958,62.29696
4/23/1958,58.898944
4/24/1958,52.669248
4/25/1958,46.439552
4/26/1958,41.625696
4/27/1958,40.209856
4/28/1958,38.510848
4/29/1958,36.81184
4/30/1958,37.661344
5/1/1958,39.360352
5/2/1958,41.625696
5/3/1958,57.199936
5/4/1958,103.35632
5/5/1958,140.16816
5/6/1958,188.023552
5/7/1958,199.350272
5/8/1958,186.324544
5/9/1958,176.98
5/10/1958,178.962176
5/11/1958,197.368096
5/12/1958,260.797728
5/13/1958,331.30656
5/14/1958,370.95008
5/15/1958,390.77184
5/16/1958,382.2768
5/17/1958,362.45504
5/18/1958,334.13824
5/19/1958,302.98976
5/20/1958,268.726432
5/21/1958,242.958144
5/22/1958,213.225504
5/23/1958,186.324544
5/24/1958,164.23744
5/25/1958,143.849344
5/26/1958,127.4256
5/27/1958,114.399872
5/28/1958,97.976128
5/29/1958,87.78208
5/30/1958,77.588032
5/31/1958,62.29696
6/1/1958,47.855392
6/2/1958,32.56432
6/3/1958,24.7772
6/4/1958,20.6995808
6/5/1958,18.2077024
6/6/1958,17.6130496
6/7/1958,15.0645376
6/8/1958,14.4982016
6/9/1958,12.9690944
6/10/1958,11.4966208
6/11/1958,11.4966208
6/12/1958,11.4966208
6/13/1958,11.4966208
6/14/1958,11.2984032
6/15/1958,10.8170176
6/16/1958,10.0241472
6/17/1958,9.344544
6/18/1958,9.0047424
6/19/1958,10.477216
6/20/1958,15.1778048
6/21/1958,24.06928
6/22/1958,31.14848
6/23/1958,35.396
6/24/1958,36.245504
6/25/1958,36.245504
6/26/1958,33.98016
6/27/1958,31.14848
6/28/1958,28.883136
6/29/1958,26.90096
6/30/1958,23.36136
7/1/1958,19.4253248
7/2/1958,18.2077024
7/3/1958,17.6130496
7/4/1958,17.6130496
7/5/1958,17.0183968
7/6/1958,17.0183968
7/7/1958,16.423744
7/8/1958,24.06928
7/9/1958,27.60888
7/10/1958,30.582144
7/11/1958,33.413824
7/12/1958,35.396
7/13/1958,33.98016
7/14/1958,29.73264
7/15/1958,23.36136
7/16/1958,18.8023552
7/17/1958,16.423744
7/18/1958,16.423744
7/19/1958,17.0183968
7/20/1958,18.8023552
7/21/1958,20.0482944
7/22/1958,21.3508672
7/23/1958,25.48512
7/24/1958,26.90096
7/25/1958,28.883136
7/26/1958,31.14848
7/27/1958,31.714816
7/28/1958,33.413824
7/29/1958,33.98016
7/30/1958,33.413824
7/31/1958,27.60888
8/1/1958,17.6130496
8/2/1958,10.8170176
8/3/1958,8.2968224
8/4/1958,7.3057344
8/5/1958,7.3057344
8/6/1958,7.1075168
8/7/1958,6.8243488
8/8/1958,6.4845472
8/9/1958,5.8332608
8/10/1958,5.0687072
8/11/1958,4.4740544
8/12/1958,3.9077184
8/13/1958,3.6528672
8/14/1958,3.4546496
8/15/1958,3.256432
8/16/1958,3.0865312
8/17/1958,2.9449472
8/18/1958,3.0015808
8/19/1958,3.1714816
8/20/1958,3.1714816
8/21/1958,2.9449472
8/22/1958,2.9449472
8/23/1958,4.0209856
8/24/1958,6.7393984
8/25/1958,8.1552384
8/26/1958,6.3429632
8/27/1958,5.2669248
8/28/1958,4.95544
8/29/1958,5.8898944
8/30/1958,7.8437536
8/31/1958,8.4384064
9/1/1958,7.4756352
9/2/1958,6.3995968
9/3/1958,5.946528
9/4/1958,5.1253408
9/5/1958,4.4740544
9/6/1958,4.1342528
9/7/1958,4.1342528
9/8/1958,5.1253408
9/9/1958,4.0209856
9/10/1958,3.5396
9/11/1958,3.4546496
9/12/1958,6.3429632
9/13/1958,4.95544
9/14/1958,4.24752
9/15/1958,4.24752
9/16/1958,4.1342528
9/17/1958,16.7352288
9/18/1958,17.0183968
9/19/1958,7.7588032
9/20/1958,43.607872
9/21/1958,72.491008
9/22/1958,79.28704
9/23/1958,80.986048
9/24/1958,80.986048
9/25/1958,99.675136
9/26/1958,127.4256
9/27/1958,154.892896
9/28/1958,178.962176
9/29/1958,176.98
9/30/1958,169.617632
10/1/1958,160.273088
10/2/1958,143.849344
10/3/1958,125.443424
10/4/1958,108.736512
10/5/1958,94.578112
10/6/1958,86.083072
10/7/1958,79.28704
10/8/1958,72.491008
10/9/1958,65.694976
10/10/1958,55.500928
10/11/1958,43.041536
10/12/1958,31.714816
10/13/1958,26.90096
10/14/1958,24.06928
10/15/1958,20.6995808
10/16/1958,17.6130496
10/17/1958,17.6130496
10/18/1958,17.6130496
10/19/1958,15.857408
10/20/1958,14.6114688
10/21/1958,13.6203808
10/22/1958,12.5726592
10/23/1958,12.176224
10/24/1958,11.7797888
10/25/1958,11.2984032
10/26/1958,10.8170176
10/27/1958,10.7320672
10/28/1958,11.4966208
10/29/1958,11.8647392
10/30/1958,11.6665216
10/31/1958,11.8647392
11/1/1958,12.0629568
11/2/1958,12.176224
11/3/1958,12.2611744
11/4/1958,12.5726592
11/5/1958,13.1956288
11/6/1958,13.733648
11/7/1958,13.733648
11/8/1958,13.733648
11/9/1958,13.3938464
11/10/1958,12.884144
11/11/1958,12.0629568
11/12/1958,11.2984032
11/13/1958,10.7320672
11/14/1958,13.1956288
11/15/1958,14.3849344
11/16/1958,11.3833536
11/17/1958,11.0152352
11/18/1958,12.5726592
11/19/1958,17.6130496
11/20/1958,17.6130496
11/21/1958,17.6130496
11/22/1958,15.857408
11/23/1958,14.724736
11/24/1958,14.0451328
11/25/1958,13.6203808
11/26/1958,13.308896
11/27/1958,13.0823616
11/28/1958,13.0823616
11/29/1958,13.5071136
11/30/1958,14.724736
12/1/1958,15.857408
12/2/1958,17.0183968
12/3/1958,18.2077024
12/4/1958,18.8023552
12/5/1958,20.0482944
12/6/1958,19.4253248
12/7/1958,19.4253248
12/8/1958,20.0482944
12/9/1958,20.0482944
12/10/1958,20.0482944
12/11/1958,20.0482944
12/12/1958,20.0482944
12/13/1958,20.0482944
12/14/1958,20.0482944
12/15/1958,20.0482944
12/16/1958,20.0482944
12/17/1958,20.0482944
12/18/1958,20.0482944
12/19/1958,20.0482944
12/20/1958,19.4253248
12/21/1958,18.8023552
12/22/1958,17.6130496
12/23/1958,17.0183968
12/24/1958,17.0183968
12/25/1958,15.857408
12/26/1958,15.0645376
12/27/1958,15.0645376
12/28/1958,15.0645376
12/29/1958,15.0645376
12/30/1958,15.1778048
12/31/1958,15.291072
1/1/1959,15.291072
1/2/1959,15.291072
1/3/1959,15.291072
1/4/1959,15.291072
1/5/1959,15.291072
1/6/1959,15.857408
1/7/1959,15.857408
1/8/1959,16.423744
1/9/1959,15.857408
1/10/1959,15.857408
1/11/1959,15.857408
1/12/1959,15.857408
1/13/1959,17.0183968
1/14/1959,17.0183968
1/15/1959,17.6130496
1/16/1959,18.2077024
1/17/1959,18.2077024
1/18/1959,17.0183968
1/19/1959,17.0183968
1/20/1959,17.0183968
1/21/1959,18.8023552
1/22/1959,18.2077024
1/23/1959,17.0183968
1/24/1959,16.423744
1/25/1959,15.857408
1/26/1959,15.857408
1/27/1959,15.857408
1/28/1959,15.291072
1/29/1959,15.291072
1/30/1959,15.857408
1/31/1959,17.6130496
2/1/1959,21.3508672
2/2/1959,54.085088
2/3/1959,55.500928
2/4/1959,58.898944
2/5/1959,52.669248
2/6/1959,47.855392
2/7/1959,43.041536
2/8/1959,39.360352
2/9/1959,36.245504
2/10/1959,33.413824
2/11/1959,31.14848
2/12/1959,31.14848
2/13/1959,31.14848
2/14/1959,42.4752
2/15/1959,96.27712
2/16/1959,99.675136
2/17/1959,105.338496
2/18/1959,96.27712
2/19/1959,92.879104
2/20/1959,89.481088
2/21/1959,92.879104
2/22/1959,96.27712
2/23/1959,94.578112
2/24/1959,89.481088
2/25/1959,82.685056
2/26/1959,75.889024
2/27/1959,70.792
2/28/1959,67.393984
3/1/1959,65.694976
3/2/1959,62.29696
3/3/1959,60.597952
3/4/1959,58.898944
3/5/1959,80.986048
3/6/1959,72.491008
3/7/1959,67.393984
3/8/1959,65.694976
3/9/1959,67.393984
3/10/1959,72.491008
3/11/1959,72.491008
3/12/1959,69.092992
3/13/1959,67.393984
3/14/1959,65.694976
3/15/1959,62.29696
3/16/1959,55.500928
3/17/1959,52.669248
3/18/1959,49.271232
3/19/1959,46.439552
3/20/1959,44.740544
3/21/1959,43.041536
3/22/1959,43.041536
3/23/1959,46.439552
3/24/1959,46.439552
3/25/1959,46.439552
3/26/1959,46.439552
3/27/1959,49.271232
3/28/1959,50.97024
3/29/1959,50.97024
3/30/1959,47.855392
3/31/1959,46.439552
4/1/1959,44.740544
4/2/1959,43.041536
4/3/1959,41.625696
4/4/1959,40.209856
4/5/1959,37.661344
4/6/1959,36.245504
4/7/1959,34.546496
4/8/1959,32.56432
4/9/1959,38.510848
4/10/1959,62.29696
4/11/1959,87.78208
4/12/1959,125.443424
4/13/1959,129.124608
4/14/1959,138.185984
4/15/1959,136.486976
4/16/1959,134.787968
4/17/1959,142.150336
4/18/1959,260.797728
4/19/1959,302.98976
4/20/1959,308.65312
4/21/1959,297.3264
4/22/1959,268.726432
4/23/1959,242.958144
4/24/1959,219.172032
4/25/1959,195.38592
4/26/1959,173.298816
4/27/1959,151.211712
4/28/1959,130.823616
4/29/1959,112.700864
4/30/1959,101.374144
5/1/1959,96.27712
5/2/1959,96.27712
5/3/1959,97.976128
5/4/1959,99.675136
5/5/1959,101.374144
5/6/1959,99.675136
5/7/1959,97.976128
5/8/1959,94.578112
5/9/1959,91.180096
5/10/1959,87.78208
5/11/1959,92.879104
5/12/1959,92.879104
5/13/1959,96.27712
5/14/1959,116.09888
5/15/1959,143.849344
5/16/1959,173.298816
5/17/1959,193.686912
5/18/1959,203.314624
5/19/1959,205.2968
5/20/1959,199.350272
5/21/1959,191.704736
5/22/1959,180.661184
5/23/1959,169.617632
5/24/1959,154.892896
5/25/1959,145.548352
5/26/1959,132.805792
5/27/1959,121.76224
5/28/1959,116.09888
5/29/1959,108.736512
5/30/1959,99.675136
5/31/1959,94.578112
6/1/1959,89.481088
6/2/1959,99.675136
6/3/1959,107.037504
6/4/1959,121.76224
6/5/1959,138.185984
6/6/1959,154.892896
6/7/1959,162.255264
6/8/1959,167.635456
6/9/1959,165.936448
6/10/1959,160.273088
6/11/1959,152.91072
6/12/1959,143.849344
6/13/1959,134.787968
6/14/1959,125.443424
6/15/1959,112.700864
6/16/1959,103.35632
6/17/1959,94.578112
6/18/1959,86.083072
6/19/1959,80.986048
6/20/1959,75.889024
6/21/1959,69.092992
6/22/1959,62.29696
6/23/1959,55.500928
6/24/1959,47.855392
6/25/1959,43.041536
6/26/1959,41.625696
6/27/1959,36.245504
6/28/1959,31.714816
6/29/1959,28.3168
6/30/1959,26.90096
7/1/1959,27.60888
7/2/1959,28.883136
7/3/1959,29.73264
7/4/1959,30.582144
7/5/1959,28.883136
7/6/1959,27.60888
7/7/1959,25.48512
7/8/1959,24.7772
7/9/1959,24.06928
7/10/1959,24.06928
7/11/1959,23.36136
7/12/1959,22.0021536
7/13/1959,20.0482944
7/14/1959,18.8023552
7/15/1959,17.0183968
7/16/1959,17.6130496
7/17/1959,18.8023552
7/18/1959,18.8023552
7/19/1959,18.2077024
7/20/1959,16.423744
7/21/1959,14.0451328
7/22/1959,12.7708768
7/23/1959,12.3744416
7/24/1959,12.3744416
7/25/1959,24.06928
7/26/1959,84.384064
7/27/1959,89.481088
7/28/1959,86.083072
7/29/1959,80.986048
7/30/1959,79.28704
7/31/1959,79.28704
8/1/1959,77.588032
8/2/1959,74.190016
8/3/1959,69.092992
8/4/1959,65.694976
8/5/1959,62.29696
8/6/1959,52.669248
8/7/1959,41.625696
8/8/1959,37.661344
8/9/1959,33.413824
8/10/1959,31.714816
8/11/1959,28.883136
8/12/1959,25.48512
8/13/1959,22.65344
8/14/1959,20.0482944
8/15/1959,17.0183968
8/16/1959,13.8469152
8/17/1959,12.2611744
8/18/1959,11.0152352
8/19/1959,9.769296
8/20/1959,8.9481088
8/21/1959,8.4384064
8/22/1959,7.8437536
8/23/1959,7.5322688
8/24/1959,7.3906848
8/25/1959,7.8437536
8/26/1959,12.6859264
8/27/1959,16.423744
8/28/1959,13.5071136
8/29/1959,11.4966208
8/30/1959,11.1001856
8/31/1959,9.9391968
9/1/1959,9.5993952
9/2/1959,10.2789984
9/3/1959,10.3639488
9/4/1959,9.5144448
9/5/1959,8.9481088
9/6/1959,8.211872
9/7/1959,7.6738528
9/8/1959,7.3906848
9/9/1959,7.1075168
9/10/1959,6.8809824
9/11/1959,6.6827648
9/12/1959,6.3429632
9/13/1959,6.1447456
9/14/1959,6.088112
9/15/1959,5.8898944
9/16/1959,5.8332608
9/17/1959,5.8332608
9/18/1959,5.8332608
9/19/1959,5.8332608
9/20/1959,5.6916768
9/21/1959,5.6916768
9/22/1959,5.5784096
9/23/1959,5.380192
9/24/1959,5.1819744
9/25/1959,5.1819744
9/26/1959,5.1819744
9/27/1959,4.8421728
9/28/1959,4.8421728
9/29/1959,5.1253408
9/30/1959,5.1819744
10/1/1959,5.1819744
10/2/1959,6.7393984
10/3/1959,8.1552384
10/4/1959,8.1552384
10/5/1959,7.9003872
10/6/1959,7.8437536
10/7/1959,7.9003872
10/8/1959,8.070288
10/9/1959,8.211872
10/10/1959,8.3817728
10/11/1959,8.4384064
10/12/1959,8.6083072
10/13/1959,15.3477056
10/14/1959,33.413824
10/15/1959,32.56432
10/16/1959,31.714816
10/17/1959,28.3168
10/18/1959,24.7772
10/19/1959,20.6995808
10/20/1959,17.0183968
10/21/1959,13.8469152
10/22/1959,11.2984032
10/23/1959,10.477216
10/24/1959,10.1090976
10/25/1959,9.8542464
10/26/1959,10.6471168
10/27/1959,11.3833536
10/28/1959,11.9780064
10/29/1959,12.459392
10/30/1959,13.0823616
10/31/1959,20.6995808
11/1/1959,19.4253248
11/2/1959,26.19304
11/3/1959,32.56432
11/4/1959,33.413824
11/5/1959,33.98016
11/6/1959,35.396
11/7/1959,36.245504
11/8/1959,35.396
11/9/1959,36.245504
11/10/1959,40.209856
11/11/1959,40.209856
11/12/1959,38.510848
11/13/1959,36.245504
11/14/1959,33.98016
11/15/1959,31.714816
11/16/1959,31.714816
11/17/1959,31.14848
11/18/1959,28.3168
11/19/1959,26.19304
11/20/1959,23.36136
11/21/1959,22.0021536
11/22/1959,21.3508672
11/23/1959,20.0482944
11/24/1959,18.8023552
11/25/1959,18.2077024
11/26/1959,17.6130496
11/27/1959,15.857408
11/28/1959,14.724736
11/29/1959,14.4982016
11/30/1959,14.0451328
12/1/1959,13.733648
12/2/1959,13.6203808
12/3/1959,12.7708768
12/4/1959,12.6859264
12/5/1959,12.6859264
12/6/1959,12.459392
12/7/1959,11.9780064
12/8/1959,12.6859264
12/9/1959,12.6859264
12/10/1959,12.6859264
12/11/1959,12.7708768
12/12/1959,13.308896
12/13/1959,14.0451328
12/14/1959,14.3849344
12/15/1959,19.4253248
12/16/1959,108.736512
12/17/1959,140.16816
12/18/1959,138.185984
12/19/1959,147.530528
12/20/1959,152.91072
12/21/1959,145.548352
12/22/1959,140.16816
12/23/1959,125.443424
12/24/1959,108.736512
12/25/1959,92.879104
12/26/1959,80.986048
12/27/1959,72.491008
12/28/1959,84.384064
12/29/1959,86.083072
12/30/1959,87.78208
12/31/1959,87.78208
1/1/1960,103.35632
1/2/1960,105.338496
1/3/1960,108.736512
1/4/1960,108.736512
1/5/1960,114.399872
1/6/1960,143.849344
1/7/1960,145.548352
1/8/1960,145.548352
1/9/1960,145.548352
1/10/1960,140.16816
1/11/1960,136.486976
1/12/1960,129.124608
1/13/1960,121.76224
1/14/1960,118.081056
1/15/1960,116.09888
1/16/1960,114.399872
1/17/1960,132.805792
1/18/1960,138.185984
1/19/1960,132.805792
1/20/1960,134.787968
1/21/1960,127.4256
1/22/1960,123.461248
1/23/1960,116.09888
1/24/1960,108.736512
1/25/1960,112.700864
1/26/1960,114.399872
1/27/1960,120.063232
1/28/1960,127.4256
1/29/1960,138.185984
1/30/1960,143.849344
1/31/1960,145.548352
2/1/1960,142.150336
2/2/1960,138.185984
2/3/1960,142.150336
2/4/1960,156.875072
2/5/1960,158.57408
2/6/1960,154.892896
2/7/1960,151.211712
2/8/1960,143.849344
2/9/1960,130.823616
2/10/1960,123.461248
2/11/1960,112.700864
2/12/1960,107.037504
2/13/1960,97.976128
2/14/1960,99.675136
2/15/1960,99.675136
2/16/1960,101.374144
2/17/1960,94.578112
2/18/1960,97.976128
2/19/1960,97.976128
2/20/1960,96.27712
2/21/1960,129.124608
2/22/1960,136.486976
2/23/1960,132.805792
2/24/1960,158.57408
2/25/1960,191.704736
2/26/1960,207.278976
2/27/1960,229.082912
2/28/1960,242.958144
2/29/1960,248.904672
3/1/1960,246.922496
3/2/1960,240.975968
3/3/1960,227.100736
3/4/1960,213.225504
3/5/1960,195.38592
3/6/1960,180.661184
3/7/1960,167.635456
3/8/1960,156.875072
3/9/1960,151.211712
3/10/1960,145.548352
3/11/1960,140.16816
3/12/1960,134.787968
3/13/1960,130.823616
3/14/1960,129.124608
3/15/1960,145.548352
3/16/1960,147.530528
3/17/1960,151.211712
3/18/1960,151.211712
3/19/1960,151.211712
3/20/1960,145.548352
3/21/1960,142.150336
3/22/1960,136.486976
3/23/1960,127.4256
3/24/1960,118.081056
3/25/1960,110.718688
3/26/1960,103.35632
3/27/1960,96.27712
3/28/1960,91.180096
3/29/1960,86.083072
3/30/1960,79.28704
3/31/1960,75.889024
4/1/1960,69.092992
4/2/1960,63.995968
4/3/1960,58.898944
4/4/1960,57.199936
4/5/1960,55.500928
4/6/1960,55.500928
4/7/1960,54.085088
4/8/1960,50.97024
4/9/1960,49.271232
4/10/1960,47.855392
4/11/1960,46.439552
4/12/1960,44.740544
4/13/1960,44.740544
4/14/1960,41.625696
4/15/1960,40.209856
4/16/1960,38.510848
4/17/1960,36.81184
4/18/1960,36.81184
4/19/1960,36.245504
4/20/1960,35.396
4/21/1960,33.98016
4/22/1960,33.413824
4/23/1960,32.56432
4/24/1960,31.14848
4/25/1960,29.73264
4/26/1960,28.3168
4/27/1960,26.90096
4/28/1960,28.3168
4/29/1960,36.81184
4/30/1960,65.694976
5/1/1960,69.092992
5/2/1960,70.792
5/3/1960,72.491008
5/4/1960,75.889024
5/5/1960,79.28704
5/6/1960,80.986048
5/7/1960,82.685056
5/8/1960,75.889024
5/9/1960,65.694976
5/10/1960,54.085088
5/11/1960,43.041536
5/12/1960,35.396
5/13/1960,29.73264
5/14/1960,25.48512
5/15/1960,22.65344
5/16/1960,20.6995808
5/17/1960,19.4253248
5/18/1960,17.6130496
5/19/1960,15.857408
5/20/1960,15.857408
5/21/1960,15.291072
5/22/1960,14.2716672
5/23/1960,13.8469152
5/24/1960,13.308896
5/25/1960,12.9690944
5/26/1960,12.7708768
5/27/1960,12.884144
5/28/1960,12.7708768
5/29/1960,12.0629568
5/30/1960,11.8647392
5/31/1960,12.2611744
6/1/1960,13.308896
6/2/1960,13.6203808
6/3/1960,13.1956288
6/4/1960,12.7708768
6/5/1960,11.0152352
6/6/1960,10.9302848
6/7/1960,10.6471168
6/8/1960,9.769296
6/9/1960,12.6859264
6/10/1960,11.6665216
6/11/1960,9.6843456
6/12/1960,9.344544
6/13/1960,9.8542464
6/14/1960,9.8542464
6/15/1960,8.9481088
6/16/1960,9.5993952
6/17/1960,13.0823616
6/18/1960,17.0183968
6/19/1960,18.2077024
6/20/1960,17.6130496
6/21/1960,16.423744
6/22/1960,13.733648
6/23/1960,12.3744416
6/24/1960,11.4966208
6/25/1960,27.2407616
6/26/1960,110.718688
6/27/1960,107.037504
6/28/1960,84.384064
6/29/1960,63.995968
6/30/1960,62.29696
7/1/1960,62.29696
7/2/1960,63.995968
7/3/1960,63.995968
7/4/1960,62.29696
7/5/1960,57.199936
7/6/1960,44.740544
7/7/1960,36.245504
7/8/1960,29.73264
7/9/1960,24.7772
7/10/1960,20.6995808
7/11/1960,20.0482944
7/12/1960,18.2077024
7/13/1960,17.6130496
7/14/1960,15.857408
7/15/1960,14.6114688
7/16/1960,12.6859264
7/17/1960,11.1001856
7/18/1960,10.9302848
7/19/1960,8.8631584
7/20/1960,9.0047424
7/21/1960,8.4384064
7/22/1960,8.6083072
7/23/1960,9.0047424
7/24/1960,8.4384064
7/25/1960,8.1552384
7/26/1960,8.6083072
7/27/1960,10.0241472
7/28/1960,10.9302848
7/29/1960,11.7797888
7/30/1960,12.5726592
7/31/1960,13.6203808
8/1/1960,14.3849344
8/2/1960,15.0645376
8/3/1960,15.291072
8/4/1960,15.1778048
8/5/1960,14.1584
8/6/1960,11.5815712
8/7/1960,9.0896928
8/8/1960,7.4756352
8/9/1960,6.5411808
8/10/1960,5.8332608
8/11/1960,5.3235584
8/12/1960,5.1819744
8/13/1960,5.3235584
8/14/1960,6.0031616
8/15/1960,6.3429632
8/16/1960,6.3995968
8/17/1960,6.6261312
8/18/1960,6.8809824
8/19/1960,6.3429632
8/20/1960,5.6916768
8/21/1960,5.946528
8/22/1960,7.3906848
8/23/1960,14.9229536
8/24/1960,38.510848
8/25/1960,44.740544
8/26/1960,35.396
8/27/1960,24.06928
8/28/1960,17.6130496
8/29/1960,12.6859264
8/30/1960,9.1746432
8/31/1960,7.9003872
9/1/1960,8.6083072
9/2/1960,8.778208
9/3/1960,9.4294944
9/4/1960,9.769296
9/5/1960,9.769296
9/6/1960,9.8542464
9/7/1960,9.0047424
9/8/1960,8.1552384
9/9/1960,7.3057344
9/10/1960,6.8809824
9/11/1960,6.3429632
9/12/1960,6.1447456
9/13/1960,6.088112
9/14/1960,5.7483104
9/15/1960,5.2669248
9/16/1960,4.8988064
9/17/1960,4.6439552
9/18/1960,4.4174208
9/19/1960,4.24752
9/20/1960,4.1908864
9/21/1960,3.9077184
9/22/1960,3.7661344
9/23/1960,3.5962336
9/24/1960,3.5962336
9/25/1960,4.6439552
9/26/1960,5.1819744
9/27/1960,5.6350432
9/28/1960,5.4934592
9/29/1960,5.1253408
9/30/1960,5.3235584
10/1/1960,7.2491008
10/2/1960,8.1552384
10/3/1960,8.211872
10/4/1960,7.9853376
10/5/1960,7.7588032
10/6/1960,7.6738528
10/7/1960,7.6172192
10/8/1960,7.6738528
10/9/1960,9.0896928
10/10/1960,10.1090976
10/11/1960,11.185136
10/12/1960,12.176224
10/13/1960,13.1956288
10/14/1960,14.4982016
10/15/1960,12.5726592
10/16/1960,10.6471168
10/17/1960,9.769296
10/18/1960,9.6843456
10/19/1960,15.291072
10/20/1960,14.4982016
10/21/1960,14.2716672
10/22/1960,13.5071136
10/23/1960,15.857408
10/24/1960,18.8023552
10/25/1960,20.6995808
10/26/1960,22.0021536
10/27/1960,22.65344
10/28/1960,21.3508672
10/29/1960,35.112832
10/30/1960,44.740544
10/31/1960,38.510848
11/1/1960,31.14848
11/2/1960,28.3168
11/3/1960,25.48512
11/4/1960,24.06928
11/5/1960,22.65344
11/6/1960,20.0482944
11/7/1960,18.2077024
11/8/1960,17.0183968
11/9/1960,22.65344
11/10/1960,20.6995808
11/11/1960,20.0482944
11/12/1960,21.3508672
11/13/1960,24.06928
11/14/1960,24.7772
11/15/1960,22.65344
11/16/1960,22.0021536
11/17/1960,18.2077024
11/18/1960,28.883136
11/19/1960,39.360352
11/20/1960,33.98016
11/21/1960,39.926688
11/22/1960,68.243488
11/23/1960,82.685056
11/24/1960,79.28704
11/25/1960,77.588032
11/26/1960,77.588032
11/27/1960,80.986048
11/28/1960,82.685056
11/29/1960,84.384064
11/30/1960,86.083072
12/1/1960,87.78208
12/2/1960,86.083072
12/3/1960,82.685056
12/4/1960,79.28704
12/5/1960,79.28704
12/6/1960,77.588032
12/7/1960,70.792
12/8/1960,79.28704
12/9/1960,147.530528
12/10/1960,151.211712
12/11/1960,176.98
12/12/1960,205.2968
12/13/1960,246.922496
12/14/1960,297.3264
12/15/1960,336.96992
12/16/1960,362.45504
12/17/1960,370.95008
12/18/1960,368.1184
12/19/1960,356.79168
12/20/1960,356.79168
12/21/1960,373.78176
12/22/1960,396.4352
12/23/1960,404.93024
12/24/1960,390.77184
12/25/1960,368.1184
12/26/1960,339.8016
12/27/1960,314.31648
12/28/1960,291.66304
12/29/1960,270.708608
12/30/1960,260.797728
12/31/1960,254.8512
1/1/1961,248.904672
1/2/1961,238.993792
1/3/1961,227.100736
1/4/1961,215.20768
1/5/1961,199.350272
1/6/1961,186.324544
1/7/1961,235.02944
1/8/1961,283.168
1/9/1961,325.6432
1/10/1961,373.78176
1/11/1961,413.42528
1/12/1961,438.9104
1/13/1961,475.72224
1/14/1961,501.20736
1/15/1961,523.8608
1/16/1961,523.8608
1/17/1961,512.53408
1/18/1961,487.04896
1/19/1961,470.05888
1/20/1961,444.57376
1/21/1961,424.752
1/22/1961,396.4352
1/23/1961,373.78176
1/24/1961,351.12832
1/25/1961,334.13824
1/26/1961,311.4848
1/27/1961,283.168
1/28/1961,274.67296
1/29/1961,264.76208
1/30/1961,240.975968
1/31/1961,229.082912
2/1/1961,213.225504
2/2/1961,197.368096
2/3/1961,182.360192
2/4/1961,169.617632
2/5/1961,164.23744
2/6/1961,160.273088
2/7/1961,156.875072
2/8/1961,149.512704
2/9/1961,143.849344
2/10/1961,138.185984
2/11/1961,130.823616
2/12/1961,125.443424
2/13/1961,120.063232
2/14/1961,114.399872
2/15/1961,112.700864
2/16/1961,112.700864
2/17/1961,171.599808
2/18/1961,209.261152
2/19/1961,242.958144
2/20/1961,266.744256
2/21/1961,279.203648
2/22/1961,279.203648
2/23/1961,281.468992
2/24/1961,302.98976
2/25/1961,319.97984
2/26/1961,331.30656
2/27/1961,325.6432
2/28/1961,311.4848
3/1/1961,291.66304
3/2/1961,270.708608
3/3/1961,250.886848
3/4/1961,235.02944
3/5/1961,227.100736
3/6/1961,207.278976
3/7/1961,199.350272
3/8/1961,197.368096
3/9/1961,195.38592
3/10/1961,191.704736
3/11/1961,184.342368
3/12/1961,176.98
3/13/1961,165.936448
3/14/1961,154.892896
3/15/1961,143.849344
3/16/1961,132.805792
3/17/1961,154.892896
3/18/1961,207.278976
3/19/1961,242.958144
3/20/1961,264.76208
3/21/1961,258.815552
3/22/1961,246.922496
3/23/1961,235.02944
3/24/1961,223.136384
3/25/1961,207.278976
3/26/1961,191.704736
3/27/1961,176.98
3/28/1961,167.635456
3/29/1961,154.892896
3/30/1961,147.530528
3/31/1961,154.892896
4/1/1961,154.892896
4/2/1961,162.255264
4/3/1961,186.324544
4/4/1961,223.136384
4/5/1961,246.922496
4/6/1961,258.815552
4/7/1961,254.8512
4/8/1961,244.94032
4/9/1961,235.02944
4/10/1961,217.189856
4/11/1961,201.332448
4/12/1961,189.72256
4/13/1961,184.342368
4/14/1961,178.962176
4/15/1961,171.599808
4/16/1961,162.255264
4/17/1961,149.512704
4/18/1961,134.787968
4/19/1961,121.76224
4/20/1961,112.700864
4/21/1961,107.037504
4/22/1961,99.675136
4/23/1961,92.879104
4/24/1961,87.78208
4/25/1961,82.685056
4/26/1961,75.889024
4/27/1961,69.092992
4/28/1961,62.29696
4/29/1961,57.199936
4/30/1961,54.085088
5/1/1961,49.271232
5/2/1961,49.271232
5/3/1961,50.97024
5/4/1961,47.855392
5/5/1961,43.041536
5/6/1961,41.625696
5/7/1961,38.510848
5/8/1961,34.546496
5/9/1961,33.413824
5/10/1961,32.56432
5/11/1961,32.56432
5/12/1961,31.14848
5/13/1961,28.883136
5/14/1961,26.90096
5/15/1961,26.19304
5/16/1961,25.48512
5/17/1961,25.48512
5/18/1961,25.48512
5/19/1961,25.48512
5/20/1961,24.06928
5/21/1961,22.65344
5/22/1961,20.6995808
5/23/1961,18.8023552
5/24/1961,17.6130496
5/25/1961,16.423744
5/26/1961,15.857408
5/27/1961,14.6114688
5/28/1961,13.3938464
5/29/1961,12.9690944
5/30/1961,12.3744416
5/31/1961,12.2611744
6/1/1961,12.2611744
6/2/1961,12.2611744
6/3/1961,12.2611744
6/4/1961,12.176224
6/5/1961,11.4966208
6/6/1961,10.9302848
6/7/1961,10.0241472
6/8/1961,9.6843456
6/9/1961,9.4294944
6/10/1961,9.344544
6/11/1961,9.8542464
6/12/1961,13.1956288
6/13/1961,16.423744
6/14/1961,15.857408
6/15/1961,17.0183968
6/16/1961,16.423744
6/17/1961,18.2077024
6/18/1961,13.8469152
6/19/1961,15.857408
6/20/1961,26.19304
6/21/1961,36.81184
6/22/1961,31.714816
6/23/1961,30.582144
6/24/1961,33.413824
6/25/1961,37.661344
6/26/1961,41.625696
6/27/1961,44.740544
6/28/1961,50.97024
6/29/1961,58.898944
6/30/1961,70.792
7/1/1961,82.685056
7/2/1961,91.180096
7/3/1961,99.675136
7/4/1961,101.374144
7/5/1961,99.675136
7/6/1961,94.578112
7/7/1961,86.083072
7/8/1961,77.588032
7/9/1961,69.092992
7/10/1961,66.261312
7/11/1961,113.2672
7/12/1961,77.588032
7/13/1961,62.29696
7/14/1961,52.669248
7/15/1961,44.740544
7/16/1961,38.510848
7/17/1961,43.041536
7/18/1961,55.500928
7/19/1961,52.669248
7/20/1961,49.271232
7/21/1961,47.855392
7/22/1961,46.439552
7/23/1961,41.625696
7/24/1961,33.413824
7/25/1961,36.245504
7/26/1961,35.396
7/27/1961,28.883136
7/28/1961,26.19304
7/29/1961,21.3508672
7/30/1961,20.0482944
7/31/1961,20.6995808
8/1/1961,18.8023552
8/2/1961,18.2077024
8/3/1961,18.2077024
8/4/1961,17.0183968
8/5/1961,19.4253248
8/6/1961,20.6995808
8/7/1961,17.0183968
8/8/1961,15.857408
8/9/1961,13.3938464
8/10/1961,11.8647392
8/11/1961,10.2789984
8/12/1961,9.0896928
8/13/1961,9.769296
8/14/1961,9.2595936
8/15/1961,8.1552384
8/16/1961,8.1552384
8/17/1961,8.4384064
8/18/1961,8.778208
8/19/1961,7.8437536
8/20/1961,7.1075168
8/21/1961,7.1641504
8/22/1961,6.7393984
8/23/1961,6.8809824
8/24/1961,7.9853376
8/25/1961,8.3817728
8/26/1961,7.8437536
8/27/1961,7.5322688
8/28/1961,7.1075168
8/29/1961,6.9659328
8/30/1961,6.9659328
8/31/1961,7.0225664
9/1/1961,7.1641504
9/2/1961,7.8437536
9/3/1961,8.4384064
9/4/1961,9.0047424
9/5/1961,9.8542464
9/6/1961,8.9481088
9/7/1961,7.8437536
9/8/1961,7.1075168
9/9/1961,6.3995968
9/10/1961,6.0031616
9/11/1961,6.1447456
9/12/1961,25.201952
9/13/1961,202.181952
9/14/1961,174.997824
9/15/1961,151.211712
9/16/1961,136.486976
9/17/1961,99.675136
9/18/1961,65.694976
9/19/1961,50.97024
9/20/1961,44.740544
9/21/1961,36.245504
9/22/1961,30.582144
9/23/1961,21.3508672
9/24/1961,17.0183968
9/25/1961,14.0451328
9/26/1961,12.176224
9/27/1961,11.185136
9/28/1961,10.7320672
9/29/1961,10.1090976
9/30/1961,9.5993952
10/1/1961,9.4294944
10/2/1961,9.4294944
10/3/1961,14.0451328
10/4/1961,19.4253248
10/5/1961,18.8023552
10/6/1961,17.0183968
10/7/1961,13.9318656
10/8/1961,12.2611744
10/9/1961,10.8170176
10/10/1961,10.477216
10/11/1961,10.194048
10/12/1961,10.1090976
10/13/1961,10.0241472
10/14/1961,9.769296
10/15/1961,8.6932576
10/16/1961,7.9003872
10/17/1961,7.9003872
10/18/1961,7.8437536
10/19/1961,7.7588032
10/20/1961,7.3906848
10/21/1961,7.1075168
10/22/1961,6.9659328
10/23/1961,6.8809824
10/24/1961,6.5411808
10/25/1961,6.3429632
10/26/1961,6.1447456
10/27/1961,6.0031616
10/28/1961,6.0031616
10/29/1961,5.8898944
10/30/1961,5.8898944
10/31/1961,6.6261312
11/1/1961,7.0225664
11/2/1961,7.3057344
11/3/1961,7.7588032
11/4/1961,7.9853376
11/5/1961,7.8437536
11/6/1961,7.7588032
11/7/1961,8.4384064
11/8/1961,9.4294944
11/9/1961,10.0241472
11/10/1961,10.2789984
11/11/1961,10.0241472
11/12/1961,10.0241472
11/13/1961,12.5726592
11/14/1961,18.8023552
11/15/1961,22.0021536
11/16/1961,18.8023552
11/17/1961,17.6130496
11/18/1961,17.0183968
11/19/1961,17.0183968
11/20/1961,17.6130496
11/21/1961,17.0183968
11/22/1961,15.857408
11/23/1961,20.0482944
11/24/1961,25.48512
11/25/1961,28.3168
11/26/1961,24.06928
11/27/1961,24.7772
11/28/1961,25.48512
11/29/1961,25.48512
11/30/1961,25.48512
12/1/1961,24.7772
12/2/1961,22.65344
12/3/1961,22.0021536
12/4/1961,20.6995808
12/5/1961,20.6995808
12/6/1961,20.6995808
12/7/1961,21.3508672
12/8/1961,22.65344
12/9/1961,23.36136
12/10/1961,34.546496
12/11/1961,75.889024
12/12/1961,112.700864
12/13/1961,99.675136
12/14/1961,97.976128
12/15/1961,101.374144
12/16/1961,108.736512
12/17/1961,140.16816
12/18/1961,162.255264
12/19/1961,173.298816
12/20/1961,174.997824
12/21/1961,167.635456
12/22/1961,152.91072
12/23/1961,143.849344
12/24/1961,136.486976
12/25/1961,129.124608
12/26/1961,121.76224
12/27/1961,114.399872
12/28/1961,107.037504
12/29/1961,103.35632
12/30/1961,99.675136
12/31/1961,96.27712
1/1/1962,89.481088
1/2/1962,82.685056
1/3/1962,74.190016
1/4/1962,70.792
1/5/1962,69.092992
1/6/1962,67.393984
1/7/1962,62.29696
1/8/1962,57.199936
1/9/1962,55.500928
1/10/1962,58.898944
1/11/1962,60.597952
1/12/1962,62.29696
1/13/1962,57.199936
1/14/1962,55.500928
1/15/1962,58.898944
1/16/1962,62.29696
1/17/1962,58.898944
1/18/1962,57.199936
1/19/1962,62.29696
1/20/1962,69.092992
1/21/1962,69.092992
1/22/1962,69.092992
1/23/1962,87.78208
1/24/1962,120.063232
1/25/1962,132.805792
1/26/1962,123.461248
1/27/1962,118.081056
1/28/1962,116.09888
1/29/1962,116.09888
1/30/1962,116.09888
1/31/1962,116.09888
2/1/1962,121.76224
2/2/1962,125.443424
2/3/1962,127.4256
2/4/1962,129.124608
2/5/1962,129.124608
2/6/1962,125.443424
2/7/1962,121.76224
2/8/1962,118.081056
2/9/1962,116.09888
2/10/1962,114.399872
2/11/1962,107.037504
2/12/1962,101.374144
2/13/1962,94.578112
2/14/1962,87.78208
2/15/1962,82.685056
2/16/1962,80.986048
2/17/1962,79.28704
2/18/1962,72.491008
2/19/1962,72.491008
2/20/1962,70.792
2/21/1962,67.393984
2/22/1962,70.792
2/23/1962,74.190016
2/24/1962,72.491008
2/25/1962,72.491008
2/26/1962,70.792
2/27/1962,72.491008
2/28/1962,82.685056
3/1/1962,103.35632
3/2/1962,105.338496
3/3/1962,89.481088
3/4/1962,77.588032
3/5/1962,72.491008
3/6/1962,70.792
3/7/1962,69.092992
3/8/1962,69.092992
3/9/1962,69.092992
3/10/1962,69.092992
3/11/1962,70.792
3/12/1962,70.792
3/13/1962,69.092992
3/14/1962,69.092992
3/15/1962,72.491008
3/16/1962,74.190016
3/17/1962,74.190016
3/18/1962,74.190016
3/19/1962,75.889024
3/20/1962,75.889024
3/21/1962,77.588032
3/22/1962,77.588032
3/23/1962,77.588032
3/24/1962,75.889024
3/25/1962,72.491008
3/26/1962,69.092992
3/27/1962,67.393984
3/28/1962,62.29696
3/29/1962,60.597952
3/30/1962,58.898944
3/31/1962,55.500928
4/1/1962,54.085088
4/2/1962,52.669248
4/3/1962,52.669248
4/4/1962,49.271232
4/5/1962,49.271232
4/6/1962,47.855392
4/7/1962,47.855392
4/8/1962,46.439552
4/9/1962,43.041536
4/10/1962,40.209856
4/11/1962,39.360352
4/12/1962,38.510848
4/13/1962,41.625696
4/14/1962,40.209856
4/15/1962,36.81184
4/16/1962,37.661344
4/17/1962,39.360352
4/18/1962,37.661344
4/19/1962,36.245504
4/20/1962,34.546496
4/21/1962,32.56432
4/22/1962,31.14848
4/23/1962,30.582144
4/24/1962,36.245504
4/25/1962,62.29696
4/26/1962,58.898944
4/27/1962,72.491008
4/28/1962,118.081056
4/29/1962,134.787968
4/30/1962,129.124608
5/1/1962,223.70272
5/2/1962,276.938304
5/3/1962,334.13824
5/4/1962,370.95008
5/5/1962,382.2768
5/6/1962,368.1184
5/7/1962,342.63328
5/8/1962,311.4848
5/9/1962,279.203648
5/10/1962,256.833376
5/11/1962,233.047264
5/12/1962,207.278976
5/13/1962,184.342368
5/14/1962,164.23744
5/15/1962,149.512704
5/16/1962,136.486976
5/17/1962,123.461248
5/18/1962,110.718688
5/19/1962,101.374144
5/20/1962,94.578112
5/21/1962,87.78208
5/22/1962,80.986048
5/23/1962,72.491008
5/24/1962,62.29696
5/25/1962,55.500928
5/26/1962,45.30688
5/27/1962,36.81184
5/28/1962,32.56432
5/29/1962,29.73264
5/30/1962,28.3168
5/31/1962,28.3168
6/1/1962,27.60888
6/2/1962,26.19304
6/3/1962,27.60888
6/4/1962,28.883136
6/5/1962,31.714816
6/6/1962,30.582144
6/7/1962,29.73264
6/8/1962,29.73264
6/9/1962,28.883136
6/10/1962,28.3168
6/11/1962,28.3168
6/12/1962,28.3168
6/13/1962,30.582144
6/14/1962,33.98016
6/15/1962,34.546496
6/16/1962,31.714816
6/17/1962,32.56432
6/18/1962,33.98016
6/19/1962,36.81184
6/20/1962,43.041536
6/21/1962,46.439552
6/22/1962,49.271232
6/23/1962,50.97024
6/24/1962,54.085088
6/25/1962,52.669248
6/26/1962,49.271232
6/27/1962,46.439552
6/28/1962,43.041536
6/29/1962,37.661344
6/30/1962,36.81184
7/1/1962,37.661344
7/2/1962,32.56432
7/3/1962,30.582144
7/4/1962,28.3168
7/5/1962,26.19304
7/6/1962,28.883136
7/7/1962,30.582144
7/8/1962,31.714816
7/9/1962,32.56432
7/10/1962,33.413824
7/11/1962,31.14848
7/12/1962,25.48512
7/13/1962,18.8023552
7/14/1962,14.2716672
7/15/1962,12.459392
7/16/1962,10.5621664
7/17/1962,9.4294944
7/18/1962,9.0047424
7/19/1962,8.3817728
7/20/1962,7.8437536
7/21/1962,7.3057344
7/22/1962,7.3057344
7/23/1962,7.3057344
7/24/1962,7.4756352
7/25/1962,7.3057344
7/26/1962,6.9659328
7/27/1962,6.9659328
7/28/1962,7.3906848
7/29/1962,7.3906848
7/30/1962,7.1075168
7/31/1962,6.6261312
8/1/1962,5.8332608
8/2/1962,5.6916768
8/3/1962,5.8332608
8/4/1962,6.5411808
8/5/1962,7.2491008
8/6/1962,7.3057344
8/7/1962,6.7393984
8/8/1962,6.2013792
8/9/1962,6.3429632
8/10/1962,8.070288
8/11/1962,9.5144448
8/12/1962,10.8170176
8/13/1962,11.6665216
8/14/1962,12.0629568
8/15/1962,12.5726592
8/16/1962,12.5726592
8/17/1962,11.2984032
8/18/1962,9.5144448
8/19/1962,7.3906848
8/20/1962,5.946528
8/21/1962,4.95544
8/22/1962,4.530688
8/23/1962,4.1342528
8/24/1962,4.0209856
8/25/1962,4.1908864
8/26/1962,4.1908864
8/27/1962,3.964352
8/28/1962,3.964352
8/29/1962,3.964352
8/30/1962,4.24752
8/31/1962,4.1342528
9/1/1962,3.9077184
9/2/1962,3.7661344
9/3/1962,3.7661344
9/4/1962,4.0209856
9/5/1962,4.1908864
9/6/1962,4.7005888
9/7/1962,5.0687072
9/8/1962,5.380192
9/9/1962,5.8332608
9/10/1962,7.2491008
9/11/1962,10.477216
9/12/1962,13.5071136
9/13/1962,17.0183968
9/14/1962,20.0482944
9/15/1962,21.3508672
9/16/1962,21.3508672
9/17/1962,20.0482944
9/18/1962,17.6130496
9/19/1962,14.8380032
9/20/1962,12.884144
9/21/1962,11.8647392
9/22/1962,10.9302848
9/23/1962,10.5621664
9/24/1962,9.9391968
9/25/1962,9.4294944
9/26/1962,9.8542464
9/27/1962,8.6932576
9/28/1962,7.0225664
9/29/1962,6.3995968
9/30/1962,5.946528
10/1/1962,5.7483104
10/2/1962,5.6350432
10/3/1962,5.4368256
10/4/1962,5.1253408
10/5/1962,4.7572224
10/6/1962,4.7572224
10/7/1962,4.5873216
10/8/1962,4.4174208
10/9/1962,4.7572224
10/10/1962,6.3995968
10/11/1962,7.2491008
10/12/1962,7.1075168
10/13/1962,6.9659328
10/14/1962,6.8809824
10/15/1962,6.8809824
10/16/1962,7.1641504
10/17/1962,7.4756352
10/18/1962,7.6738528
10/19/1962,7.6738528
10/20/1962,7.5322688
10/21/1962,7.3057344
10/22/1962,6.8243488
10/23/1962,6.3995968
10/24/1962,6.2013792
10/25/1962,6.2013792
10/26/1962,6.6261312
10/27/1962,7.3906848
10/28/1962,7.1075168
10/29/1962,7.2491008
10/30/1962,7.0225664
10/31/1962,6.8243488
11/1/1962,6.5411808
11/2/1962,6.2863296
11/3/1962,6.088112
11/4/1962,6.0031616
11/5/1962,6.2863296
11/6/1962,6.4845472
11/7/1962,6.4845472
11/8/1962,6.4845472
11/9/1962,6.4845472
11/10/1962,6.3995968
11/11/1962,6.2013792
11/12/1962,6.088112
11/13/1962,6.088112
11/14/1962,6.5411808
11/15/1962,6.6261312
11/16/1962,6.5411808
11/17/1962,6.5411808
11/18/1962,6.6261312
11/19/1962,6.6261312
11/20/1962,6.6827648
11/21/1962,7.1075168
11/22/1962,7.3057344
11/23/1962,7.4756352
11/24/1962,7.6172192
11/25/1962,7.8437536
11/26/1962,9.1746432
11/27/1962,15.857408
11/28/1962,20.6995808
11/29/1962,22.65344
11/30/1962,20.0482944
12/1/1962,22.0021536
12/2/1962,22.65344
12/3/1962,22.65344
12/4/1962,20.0482944
12/5/1962,20.0482944
12/6/1962,18.8023552
12/7/1962,18.8023552
12/8/1962,19.4253248
12/9/1962,20.0482944
12/10/1962,20.6995808
12/11/1962,20.6995808
12/12/1962,20.0482944
12/13/1962,20.0482944
12/14/1962,19.4253248
12/15/1962,19.4253248
12/16/1962,18.8023552
12/17/1962,18.2077024
12/18/1962,17.6130496
12/19/1962,16.423744
12/20/1962,14.724736
12/21/1962,17.6130496
12/22/1962,22.65344
12/23/1962,18.2077024
12/24/1962,22.0021536
12/25/1962,35.396
12/26/1962,40.209856
12/27/1962,35.396
12/28/1962,47.289056
12/29/1962,127.4256
12/30/1962,131.389952
12/31/1962,124.59392
1/1/1963,102.506816
1/2/1963,85.516736
1/3/1963,75.322688
1/4/1963,68.526656
1/5/1963,73.62368
1/6/1963,82.11872
1/7/1963,78.720704
1/8/1963,65.12864
1/9/1963,60.031616
1/10/1963,53.235584
1/11/1963,48.13856
1/12/1963,43.041536
1/13/1963,35.112832
1/14/1963,29.449472
1/15/1963,27.9769984
1/16/1963,27.184128
1/17/1963,26.476208
1/18/1963,26.476208
1/19/1963,25.768288
1/20/1963,26.476208
1/21/1963,27.9769984
1/22/1963,27.9769984
1/23/1963,27.9769984
1/24/1963,28.883136
1/25/1963,28.883136
1/26/1963,28.883136
1/27/1963,27.184128
1/28/1963,26.476208
1/29/1963,25.768288
1/30/1963,25.768288
1/31/1963,25.060368
2/1/1963,25.060368
2/2/1963,25.060368
2/3/1963,25.060368
2/4/1963,24.352448
2/5/1963,23.0498752
2/6/1963,22.3985888
2/7/1963,21.7473024
2/8/1963,21.7473024
2/9/1963,21.7473024
2/10/1963,19.8783936
2/11/1963,19.255424
2/12/1963,24.352448
2/13/1963,23.7011616
2/14/1963,21.1243328
2/15/1963,19.8783936
2/16/1963,19.255424
2/17/1963,19.255424
2/18/1963,39.926688
2/19/1963,90.61376
2/20/1963,104.205824
2/21/1963,102.506816
2/22/1963,85.516736
2/23/1963,77.021696
2/24/1963,77.021696
2/25/1963,75.322688
2/26/1963,73.62368
2/27/1963,70.225664
2/28/1963,61.730624
3/1/1963,73.62368
3/2/1963,83.817728
3/3/1963,92.312768
3/4/1963,88.914752
3/5/1963,85.516736
3/6/1963,80.419712
3/7/1963,70.225664
3/8/1963,56.6336
3/9/1963,44.740544
3/10/1963,39.64352
3/11/1963,35.679168
3/12/1963,35.112832
3/13/1963,34.263328
3/14/1963,32.56432
3/15/1963,31.714816
3/16/1963,31.714816
3/17/1963,31.714816
3/18/1963,31.714816
3/19/1963,31.14848
3/20/1963,30.298976
3/21/1963,29.449472
3/22/1963,28.883136
3/23/1963,27.9769984
3/24/1963,27.184128
3/25/1963,26.476208
3/26/1963,24.352448
3/27/1963,22.3985888
3/28/1963,21.1243328
3/29/1963,21.1243328
3/30/1963,20.5013632
3/31/1963,19.8783936
4/1/1963,19.255424
4/2/1963,19.255424
4/3/1963,18.6324544
4/4/1963,18.0094848
4/5/1963,19.255424
4/6/1963,46.439552
4/7/1963,68.526656
4/8/1963,68.526656
4/9/1963,65.12864
4/10/1963,66.827648
4/11/1963,66.827648
4/12/1963,66.827648
4/13/1963,66.827648
4/14/1963,66.827648
4/15/1963,63.429632
4/16/1963,54.934592
4/17/1963,46.439552
4/18/1963,36.528672
4/19/1963,29.449472
4/20/1963,25.060368
4/21/1963,23.0498752
4/22/1963,21.7473024
4/23/1963,20.5013632
4/24/1963,18.0094848
4/25/1963,15.6308736
4/26/1963,14.3849344
4/27/1963,13.9601824
4/28/1963,13.5354304
4/29/1963,12.9124608
4/30/1963,11.9213728
5/1/1963,10.760384
5/2/1963,10.477216
5/3/1963,10.477216
5/4/1963,10.477216
5/5/1963,10.3922656
5/6/1963,9.6560288
5/7/1963,9.0330592
5/8/1963,8.778208
5/9/1963,10.3922656
5/10/1963,12.600976
5/11/1963,15.6308736
5/12/1963,18.0094848
5/13/1963,19.255424
5/14/1963,20.5013632
5/15/1963,22.3985888
5/16/1963,23.7011616
5/17/1963,25.060368
5/18/1963,25.768288
5/19/1963,27.184128
5/20/1963,27.9769984
5/21/1963,28.883136
5/22/1963,29.449472
5/23/1963,29.449472
5/24/1963,27.9769984
5/25/1963,26.476208
5/26/1963,25.060368
5/27/1963,23.7011616
5/28/1963,23.0498752
5/29/1963,23.0498752
5/30/1963,22.3985888
5/31/1963,22.3985888
6/1/1963,22.3985888
6/2/1963,23.0498752
6/3/1963,23.7011616
6/4/1963,23.7011616
6/5/1963,23.0498752
6/6/1963,21.7473024
6/7/1963,19.8783936
6/8/1963,17.414832
6/9/1963,15.0645376
6/10/1963,13.025728
6/11/1963,11.2417696
6/12/1963,9.0330592
6/13/1963,7.7021696
6/14/1963,6.4845472
6/15/1963,5.4651424
6/16/1963,4.9271232
6/17/1963,4.7005888
6/18/1963,4.5873216
6/19/1963,4.3607872
6/20/1963,5.8615776
6/21/1963,6.1447456
6/22/1963,9.9391968
6/23/1963,12.2045408
6/24/1963,18.0094848
6/25/1963,19.8783936
6/26/1963,23.0498752
6/27/1963,18.0094848
6/28/1963,16.2255264
6/29/1963,13.1106784
6/30/1963,11.043552
7/1/1963,10.0241472
7/2/1963,13.8469152
7/3/1963,13.4221632
7/4/1963,10.3922656
7/5/1963,10.6754336
7/6/1963,11.3550368
7/7/1963,13.308896
7/8/1963,13.2239456
7/9/1963,10.477216
7/10/1963,8.6083072
7/11/1963,8.211872
7/12/1963,7.7021696
7/13/1963,7.7021696
7/14/1963,6.2013792
7/15/1963,5.238608
7/16/1963,4.1908864
7/17/1963,3.7095008
7/18/1963,3.5112832
7/19/1963,3.4546496
7/20/1963,3.0865312
7/21/1963,2.7467296
7/22/1963,2.4918784
7/23/1963,2.3502944
7/24/1963,2.3502944
7/25/1963,2.4352448
7/26/1963,2.4352448
7/27/1963,2.4352448
7/28/1963,2.2936608
7/29/1963,2.3786112
7/30/1963,2.6617792
7/31/1963,2.4352448
8/1/1963,2.1803936
8/2/1963,2.6051456
8/3/1963,3.1997984
8/4/1963,3.256432
8/5/1963,3.0298976
8/6/1963,2.6617792
8/7/1963,2.3786112
8/8/1963,2.0954432
8/9/1963,1.699008
8/10/1963,1.5007904
8/11/1963,1.5007904
8/12/1963,1.4724736
8/13/1963,1.3875232
8/14/1963,1.3308896
8/15/1963,1.274256
8/16/1963,1.1609888
8/17/1963,1.1893056
8/18/1963,1.3875232
8/19/1963,1.4441568
8/20/1963,1.4724736
8/21/1963,1.5291072
8/22/1963,1.5857408
8/23/1963,1.5857408
8/24/1963,1.5007904
8/25/1963,1.4441568
8/26/1963,1.4441568
8/27/1963,1.4441568
8/28/1963,1.3592064
8/29/1963,1.274256
8/30/1963,1.274256
8/31/1963,1.3308896
9/1/1963,1.3875232
9/2/1963,1.4441568
9/3/1963,1.4724736
9/4/1963,1.7839584
9/5/1963,1.7839584
9/6/1963,1.6140576
9/7/1963,1.5291072
9/8/1963,1.3592064
9/9/1963,1.3025728
9/10/1963,1.2176224
9/11/1963,1.2176224
9/12/1963,1.2176224
9/13/1963,1.2459392
9/14/1963,1.3592064
9/15/1963,2.3502944
9/16/1963,1.6706912
9/17/1963,1.6423744
9/18/1963,8.5799904
9/19/1963,11.2700864
9/20/1963,5.1536576
9/21/1963,4.1908864
9/22/1963,3.822768
9/23/1963,3.256432
9/24/1963,2.6617792
9/25/1963,2.2936608
9/26/1963,2.12376
9/27/1963,1.8972256
9/28/1963,1.7839584
9/29/1963,1.7839584
9/30/1963,1.6706912
10/1/1963,1.4724736
10/2/1963,1.4441568
10/3/1963,1.41584
10/4/1963,1.3308896
10/5/1963,1.3308896
10/6/1963,1.274256
10/7/1963,1.274256
10/8/1963,1.274256
10/9/1963,1.274256
10/10/1963,1.2459392
10/11/1963,1.1893056
10/12/1963,1.132672
10/13/1963,1.0760384
10/14/1963,0.9061376
10/15/1963,0.8211872
10/16/1963,0.8211872
10/17/1963,0.8211872
10/18/1963,0.8211872
10/19/1963,0.7928704
10/20/1963,0.7645536
10/21/1963,0.7645536
10/22/1963,0.7645536
10/23/1963,0.70792
10/24/1963,0.70792
10/25/1963,0.7362368
10/26/1963,0.8211872
10/27/1963,0.9627712
10/28/1963,1.0477216
10/29/1963,1.0477216
10/30/1963,1.0194048
10/31/1963,1.0477216
11/1/1963,1.1609888
11/2/1963,1.2176224
11/3/1963,1.2176224
11/4/1963,1.2176224
11/5/1963,1.840592
11/6/1963,1.6423744
11/7/1963,1.41584
11/8/1963,1.3308896
11/9/1963,1.5007904
11/10/1963,1.7556416
11/11/1963,1.5291072
11/12/1963,1.3025728
11/13/1963,1.2176224
11/14/1963,1.1609888
11/15/1963,1.1609888
11/16/1963,1.1609888
11/17/1963,1.1609888
11/18/1963,1.1609888
11/19/1963,1.1609888
11/20/1963,1.274256
11/21/1963,1.4724736
11/22/1963,2.2087104
11/23/1963,5.7199936
11/24/1963,4.105936
11/25/1963,3.5679168
11/26/1963,2.7467296
11/27/1963,2.6051456
11/28/1963,3.6245504
11/29/1963,4.7572224
11/30/1963,4.3041536
12/1/1963,3.9360352
12/2/1963,4.813856
12/3/1963,4.9837568
12/4/1963,4.24752
12/5/1963,3.7095008
12/6/1963,3.7095008
12/7/1963,3.7095008
12/8/1963,3.681184
12/9/1963,3.398016
12/10/1963,3.3413824
12/11/1963,3.256432
12/12/1963,3.256432
12/13/1963,5.7766272
12/14/1963,18.6324544
12/15/1963,15.6308736
12/16/1963,10.3073152
12/17/1963,7.7021696
12/18/1963,6.796032
12/19/1963,6.937616
12/20/1963,8.0419712
12/21/1963,15.0645376
12/22/1963,15.6308736
12/23/1963,14.1867168
12/24/1963,11.8364224
12/25/1963,11.1568192
12/26/1963,10.760384
12/27/1963,10.477216
12/28/1963,9.8542464
12/29/1963,9.1180096
12/30/1963,8.6932576
12/31/1963,8.1269216
1/1/1964,7.78712
1/2/1964,7.7021696
1/3/1964,7.5605856
1/4/1964,7.3057344
1/5/1964,7.1641504
1/6/1964,8.6932576
1/7/1964,9.0330592
1/8/1964,8.6083072
1/9/1964,8.2685056
1/10/1964,7.8720704
1/11/1964,7.3057344
1/12/1964,7.2491008
1/13/1964,7.645536
1/14/1964,7.4756352
1/15/1964,7.1641504
1/16/1964,17.556416
1/17/1964,41.342528
1/18/1964,48.13856
1/19/1964,37.944512
1/20/1964,31.14848
1/21/1964,28.883136
1/22/1964,25.768288
1/23/1964,21.1243328
1/24/1964,17.414832
1/25/1964,15.0645376
1/26/1964,13.733648
1/27/1964,12.7142432
1/28/1964,11.5249376
1/29/1964,11.043552
1/30/1964,10.6754336
1/31/1964,11.9213728
2/1/1964,12.2045408
2/2/1964,12.2045408
2/3/1964,11.9213728
2/4/1964,11.9213728
2/5/1964,27.184128
2/6/1964,28.883136
2/7/1964,25.060368
2/8/1964,22.3985888
2/9/1964,19.8783936
2/10/1964,18.6324544
2/11/1964,18.0094848
2/12/1964,16.2255264
2/13/1964,15.0645376
2/14/1964,14.4982016
2/15/1964,15.0645376
2/16/1964,15.0645376
2/17/1964,15.0645376
2/18/1964,15.6308736
2/19/1964,15.0645376
2/20/1964,15.0645376
2/21/1964,15.6308736
2/22/1964,15.6308736
2/23/1964,15.6308736
2/24/1964,15.6308736
2/25/1964,37.944512
2/26/1964,35.679168
2/27/1964,29.449472
2/28/1964,25.768288
2/29/1964,23.0498752
3/1/1964,24.0975968
3/2/1964,139.035488
3/3/1964,162.255264
3/4/1964,162.255264
3/5/1964,153.477056
3/6/1964,133.08896
3/7/1964,100.807808
3/8/1964,71.924672
3/9/1964,56.6336
3/10/1964,56.6336
3/11/1964,49.837568
3/12/1964,41.342528
3/13/1964,37.944512
3/14/1964,35.112832
3/15/1964,34.263328
3/16/1964,38.794016
3/17/1964,35.112832
3/18/1964,31.714816
3/19/1964,59.182112
3/20/1964,99.1088
3/21/1964,109.302848
3/22/1964,95.710784
3/23/1964,78.720704
3/24/1964,66.827648
3/25/1964,56.6336
3/26/1964,49.837568
3/27/1964,44.740544
3/28/1964,39.64352
3/29/1964,36.528672
3/30/1964,32.56432
3/31/1964,28.883136
4/1/1964,25.060368
4/2/1964,22.3985888
4/3/1964,19.8783936
4/4/1964,18.6324544
4/5/1964,27.9769984
4/6/1964,56.6336
4/7/1964,92.312768
4/8/1964,97.409792
4/9/1964,82.11872
4/10/1964,77.021696
4/11/1964,80.419712
4/12/1964,80.419712
4/13/1964,90.61376
4/14/1964,85.516736
4/15/1964,75.322688
4/16/1964,49.837568
4/17/1964,36.528672
4/18/1964,28.883136
4/19/1964,51.536576
4/20/1964,58.332608
4/21/1964,53.235584
4/22/1964,46.439552
4/23/1964,31.714816
4/24/1964,22.3985888
4/25/1964,19.8783936
4/26/1964,78.154368
4/27/1964,203.314624
4/28/1964,211.243328
4/29/1964,213.225504
4/30/1964,211.243328
5/1/1964,207.278976
5/2/1964,254.8512
5/3/1964,244.94032
5/4/1964,235.02944
5/5/1964,219.172032
5/6/1964,188.023552
5/7/1964,148.380032
5/8/1964,109.302848
5/9/1964,75.322688
5/10/1964,53.235584
5/11/1964,36.528672
5/12/1964,26.476208
5/13/1964,21.1243328
5/14/1964,16.8201792
5/15/1964,15.0645376
5/16/1964,14.4982016
5/17/1964,12.7142432
5/18/1964,12.2045408
5/19/1964,11.9213728
5/20/1964,11.3550368
5/21/1964,10.9586016
5/22/1964,10.5621664
5/23/1964,10.1090976
5/24/1964,9.1180096
5/25/1964,8.778208
5/26/1964,8.2685056
5/27/1964,7.3906848
5/28/1964,6.8526656
5/29/1964,6.796032
5/30/1964,7.4756352
5/31/1964,10.3922656
6/1/1964,27.9769984
6/2/1964,29.449472
6/3/1964,30.298976
6/4/1964,32.56432
6/5/1964,34.263328
6/6/1964,35.112832
6/7/1964,35.112832
6/8/1964,32.56432
6/9/1964,28.883136
6/10/1964,21.7473024
6/11/1964,16.2255264
6/12/1964,12.7142432
6/13/1964,10.8736512
6/14/1964,9.5710784
6/15/1964,9.4011776
6/16/1964,9.2312768
6/17/1964,8.2685056
6/18/1964,7.7021696
6/19/1964,7.3057344
6/20/1964,6.7110816
6/21/1964,6.2013792
6/22/1964,6.6261312
6/23/1964,6.9942496
6/24/1964,7.2491008
6/25/1964,7.3906848
6/26/1964,7.9570208
6/27/1964,8.2685056
6/28/1964,8.5233568
6/29/1964,8.1269216
6/30/1964,6.9942496
7/1/1964,6.3429632
7/2/1964,5.0403904
7/3/1964,4.7572224
7/4/1964,4.3607872
7/5/1964,3.7095008
7/6/1964,3.3413824
7/7/1964,3.0865312
7/8/1964,2.83168
7/9/1964,2.6617792
7/10/1964,2.12376
7/11/1964,1.982176
7/12/1964,1.8122752
7/13/1964,1.699008
7/14/1964,1.6706912
7/15/1964,1.5291072
7/16/1964,1.4441568
7/17/1964,1.41584
7/18/1964,1.3308896
7/19/1964,1.3308896
7/20/1964,1.3308896
7/21/1964,1.2459392
7/22/1964,1.0760384
7/23/1964,1.0477216
7/24/1964,1.0477216
7/25/1964,0.9061376
7/26/1964,0.8211872
7/27/1964,0.8211872
7/28/1964,0.8211872
7/29/1964,1.0194048
7/30/1964,1.6140576
7/31/1964,1.1893056
8/1/1964,0.9627712
8/2/1964,0.8211872
8/3/1964,0.8211872
8/4/1964,0.7928704
8/5/1964,0.7362368
8/6/1964,0.6512864
8/7/1964,0.6229696
8/8/1964,0.6229696
8/9/1964,0.70792
8/10/1964,0.7928704
8/11/1964,0.8778208
8/12/1964,0.849504
8/13/1964,0.7645536
8/14/1964,0.70792
8/15/1964,0.70792
8/16/1964,0.6512864
8/17/1964,0.9061376
8/18/1964,1.1609888
8/19/1964,0.849504
8/20/1964,0.7645536
8/21/1964,0.7645536
8/22/1964,0.7645536
8/23/1964,0.9061376
8/24/1964,1.5857408
8/25/1964,1.5291072
8/26/1964,1.699008
8/27/1964,1.7556416
8/28/1964,1.5857408
8/29/1964,1.41584
8/30/1964,1.2176224
8/31/1964,1.0194048
9/1/1964,0.9344544
9/2/1964,0.9344544
9/3/1964,1.1893056
9/4/1964,1.3025728
9/5/1964,1.1609888
9/6/1964,1.132672
9/7/1964,1.0194048
9/8/1964,0.9061376
9/9/1964,0.7928704
9/10/1964,0.7928704
9/11/1964,1.0194048
9/12/1964,1.0477216
9/13/1964,0.9061376
9/14/1964,0.70792
9/15/1964,0.5380192
9/16/1964,0.5380192
9/17/1964,1.274256
9/18/1964,1.274256
9/19/1964,1.2459392
9/20/1964,1.1609888
9/21/1964,1.0760384
9/22/1964,1.1609888
9/23/1964,1.1609888
9/24/1964,1.0760384
9/25/1964,1.41584
9/26/1964,2.0954432
9/27/1964,2.1803936
9/28/1964,2.1803936
9/29/1964,2.1803936
9/30/1964,2.1803936
10/1/1964,2.12376
10/2/1964,2.0388096
10/3/1964,1.8122752
10/4/1964,1.4441568
10/5/1964,1.3025728
10/6/1964,1.2176224
10/7/1964,1.3592064
10/8/1964,1.4441568
10/9/1964,1.4724736
10/10/1964,1.5291072
10/11/1964,1.41584
10/12/1964,1.3875232
10/13/1964,1.3875232
10/14/1964,1.3592064
10/15/1964,1.2176224
10/16/1964,1.1043552
10/17/1964,1.1043552
10/18/1964,1.1043552
10/19/1964,1.0760384
10/20/1964,0.9627712
10/21/1964,0.9061376
10/22/1964,0.8211872
10/23/1964,0.8211872
10/24/1964,0.8211872
10/25/1964,0.8211872
10/26/1964,0.849504
10/27/1964,1.1043552
10/28/1964,1.1043552
10/29/1964,1.0194048
10/30/1964,0.9627712
10/31/1964,0.8778208
11/1/1964,0.849504
11/2/1964,0.8211872
11/3/1964,0.8211872
11/4/1964,0.8211872
11/5/1964,0.8211872
11/6/1964,0.9627712
11/7/1964,1.2176224
11/8/1964,1.2176224
11/9/1964,1.2176224
11/10/1964,1.1893056
11/11/1964,1.1043552
11/12/1964,1.132672
11/13/1964,1.1609888
11/14/1964,1.1609888
11/15/1964,1.3025728
11/16/1964,1.5857408
11/17/1964,1.5857408
11/18/1964,1.5857408
11/19/1964,1.6706912
11/20/1964,1.840592
11/21/1964,1.7839584
11/22/1964,1.699008
11/23/1964,1.5007904
11/24/1964,1.5007904
11/25/1964,2.2087104
11/26/1964,3.681184
11/27/1964,4.4174208
11/28/1964,4.530688
11/29/1964,4.813856
11/30/1964,5.66336
12/1/1964,5.8615776
12/2/1964,6.4279136
12/3/1964,6.3429632
12/4/1964,6.937616
12/5/1964,6.0031616
12/6/1964,5.5500928
12/7/1964,4.8704896
12/8/1964,4.7572224
12/9/1964,4.7005888
12/10/1964,12.2328576
12/11/1964,18.0094848
12/12/1964,9.9391968
12/13/1964,8.6932576
12/14/1964,8.0419712
12/15/1964,8.6932576
12/16/1964,8.6083072
12/17/1964,7.78712
12/18/1964,7.2491008
12/19/1964,6.796032
12/20/1964,7.2491008
12/21/1964,7.9570208
12/22/1964,7.5605856
12/23/1964,7.2491008
12/24/1964,5.804944
12/25/1964,5.3518752
12/26/1964,4.9837568
12/27/1964,4.8704896
12/28/1964,5.0403904
12/29/1964,5.0403904
12/30/1964,4.9837568
12/31/1964,4.7572224
1/1/1965,4.530688
1/2/1965,4.3041536
1/3/1965,4.4174208
1/4/1965,4.5873216
1/5/1965,4.5873216
1/6/1965,4.5873216
1/7/1965,4.5873216
1/8/1965,4.6439552
1/9/1965,4.8704896
1/10/1965,5.097024
1/11/1965,5.3518752
1/12/1965,5.8615776
1/13/1965,6.9942496
1/14/1965,7.645536
1/15/1965,8.0419712
1/16/1965,8.211872
1/17/1965,9.0330592
1/18/1965,9.8542464
1/19/1965,11.1568192
1/20/1965,12.9124608
1/21/1965,13.733648
1/22/1965,15.6308736
1/23/1965,18.0094848
1/24/1965,14.4982016
1/25/1965,13.9601824
1/26/1965,17.414832
1/27/1965,19.8783936
1/28/1965,18.6324544
1/29/1965,16.8201792
1/30/1965,15.6308736
1/31/1965,15.6308736
2/1/1965,15.0645376
2/2/1965,14.4982016
2/3/1965,13.733648
2/4/1965,12.7991936
2/5/1965,11.043552
2/6/1965,10.477216
2/7/1965,9.9391968
2/8/1965,9.4011776
2/9/1965,9.486128
2/10/1965,13.4221632
2/11/1965,35.112832
2/12/1965,46.439552
2/13/1965,49.837568
2/14/1965,41.342528
2/15/1965,32.56432
2/16/1965,34.263328
2/17/1965,58.332608
2/18/1965,80.419712
2/19/1965,73.62368
2/20/1965,58.332608
2/21/1965,54.934592
2/22/1965,53.235584
2/23/1965,51.536576
2/24/1965,56.6336
2/25/1965,63.429632
2/26/1965,60.031616
2/27/1965,54.934592
2/28/1965,51.536576
3/1/1965,56.6336
3/2/1965,49.837568
3/3/1965,48.13856
3/4/1965,46.439552
3/5/1965,44.740544
3/6/1965,44.740544
3/7/1965,44.740544
3/8/1965,43.041536
3/9/1965,41.342528
3/10/1965,39.64352
3/11/1965,38.794016
3/12/1965,37.944512
3/13/1965,37.944512
3/14/1965,37.378176
3/15/1965,36.528672
3/16/1965,35.112832
3/17/1965,35.112832
3/18/1965,35.112832
3/19/1965,33.413824
3/20/1965,31.714816
3/21/1965,31.14848
3/22/1965,31.14848
3/23/1965,30.298976
3/24/1965,30.298976
3/25/1965,29.449472
3/26/1965,29.449472
3/27/1965,28.883136
3/28/1965,27.9769984
3/29/1965,26.476208
3/30/1965,52.669248
3/31/1965,105.904832
4/1/1965,129.690944
4/2/1965,127.991936
4/3/1965,114.399872
4/4/1965,107.60384
4/5/1965,100.807808
4/6/1965,94.011776
4/7/1965,88.914752
4/8/1965,87.215744
4/9/1965,83.817728
4/10/1965,82.11872
4/11/1965,83.817728
4/12/1965,87.215744
4/13/1965,90.61376
4/14/1965,88.914752
4/15/1965,85.516736
4/16/1965,80.419712
4/17/1965,73.62368
4/18/1965,66.827648
4/19/1965,61.730624
4/20/1965,54.934592
4/21/1965,48.13856
4/22/1965,41.342528
4/23/1965,31.714816
4/24/1965,24.352448
4/25/1965,19.8783936
4/26/1965,17.414832
4/27/1965,15.0645376
4/28/1965,14.1867168
4/29/1965,13.5354304
4/30/1965,14.2716672
5/1/1965,16.8201792
5/2/1965,16.8201792
5/3/1965,15.0645376
5/4/1965,13.5354304
5/5/1965,12.7142432
5/6/1965,12.2045408
5/7/1965,11.7231552
5/8/1965,10.760384
5/9/1965,10.1090976
5/10/1965,9.6560288
5/11/1965,9.3162272
5/12/1965,9.0330592
5/13/1965,13.025728
5/14/1965,21.7473024
5/15/1965,27.184128
5/16/1965,34.263328
5/17/1965,39.64352
5/18/1965,46.439552
5/19/1965,51.536576
5/20/1965,56.6336
5/21/1965,61.730624
5/22/1965,65.12864
5/23/1965,68.526656
5/24/1965,77.021696
5/25/1965,94.011776
5/26/1965,119.496896
5/27/1965,150.07904
5/28/1965,184.342368
5/29/1965,203.314624
5/30/1965,207.278976
5/31/1965,213.225504
6/1/1965,213.225504
6/2/1965,203.314624
6/3/1965,186.324544
6/4/1965,173.298816
6/5/1965,164.23744
6/6/1965,158.57408
6/7/1965,156.875072
6/8/1965,156.875072
6/9/1965,155.176064
6/10/1965,148.380032
6/11/1965,138.185984
6/12/1965,122.894912
6/13/1965,107.60384
6/14/1965,95.710784
6/15/1965,85.516736
6/16/1965,78.720704
6/17/1965,73.62368
6/18/1965,66.827648
6/19/1965,63.429632
6/20/1965,54.934592
6/21/1965,49.837568
6/22/1965,39.64352
6/23/1965,31.14848
6/24/1965,25.060368
6/25/1965,21.7473024
6/26/1965,19.255424
6/27/1965,18.0094848
6/28/1965,17.414832
6/29/1965,16.8201792
6/30/1965,16.8201792
7/1/1965,16.2255264
7/2/1965,13.8469152
7/3/1965,13.1106784
7/4/1965,12.7142432
7/5/1965,12.0063232
7/6/1965,10.9586016
7/7/1965,9.8542464
7/8/1965,8.778208
7/9/1965,8.1269216
7/10/1965,7.645536
7/11/1965,7.0792
7/12/1965,6.4845472
7/13/1965,6.1447456
7/14/1965,5.7199936
7/15/1965,5.6067264
7/16/1965,5.238608
7/17/1965,5.0403904
7/18/1965,4.9837568
7/19/1965,4.5873216
7/20/1965,4.4740544
7/21/1965,4.4740544
7/22/1965,4.4174208
7/23/1965,4.1908864
7/24/1965,3.9926688
7/25/1965,3.6245504
7/26/1965,3.256432
7/27/1965,3.0865312
7/28/1965,3.0015808
7/29/1965,3.0015808
7/30/1965,3.0865312
7/31/1965,3.2847488
8/1/1965,3.256432
8/2/1965,3.1997984
8/3/1965,3.1997984
8/4/1965,3.0865312
8/5/1965,2.83168
8/6/1965,2.7467296
8/7/1965,3.1431648
8/8/1965,3.2847488
8/9/1965,3.0865312
8/10/1965,2.8033632
8/11/1965,3.1997984
8/12/1965,3.1997984
8/13/1965,3.0865312
8/14/1965,2.9449472
8/15/1965,2.9449472
8/16/1965,2.8883136
8/17/1965,2.8033632
8/18/1965,2.5768288
8/19/1965,2.265344
8/20/1965,2.12376
8/21/1965,2.12376
8/22/1965,2.0104928
8/23/1965,1.8972256
8/24/1965,2.0104928
8/25/1965,2.6617792
8/26/1965,2.3786112
8/27/1965,2.265344
8/28/1965,2.4918784
8/29/1965,3.8510848
8/30/1965,6.796032
8/31/1965,6.796032
9/1/1965,5.3518752
9/2/1965,4.24752
9/3/1965,3.6245504
9/4/1965,3.1997984
9/5/1965,2.973264
9/6/1965,3.0015808
9/7/1965,4.0493024
9/8/1965,5.2952416
9/9/1965,5.521776
9/10/1965,4.3607872
9/11/1965,3.0015808
9/12/1965,2.4918784
9/13/1965,2.3502944
9/14/1965,2.0954432
9/15/1965,1.8972256
9/16/1965,1.6706912
9/17/1965,1.5857408
9/18/1965,1.4724736
9/19/1965,1.4441568
9/20/1965,1.4441568
9/21/1965,1.4441568
9/22/1965,2.0954432
9/23/1965,19.5952256
9/24/1965,70.225664
9/25/1965,66.827648
9/26/1965,31.714816
9/27/1965,22.3985888
9/28/1965,19.255424
9/29/1965,15.0645376
9/30/1965,9.9391968
10/1/1965,6.937616
10/2/1965,5.804944
10/3/1965,4.7005888
10/4/1965,4.1625696
10/5/1965,3.5679168
10/6/1965,3.256432
10/7/1965,3.0298976
10/8/1965,2.8883136
10/9/1965,2.7467296
10/10/1965,2.6617792
10/11/1965,2.5201952
10/12/1965,2.5201952
10/13/1965,2.5201952
10/14/1965,2.4918784
10/15/1965,2.3502944
10/16/1965,2.3502944
10/17/1965,2.2936608
10/18/1965,2.1803936
10/19/1965,2.0954432
10/20/1965,2.0388096
10/21/1965,2.0104928
10/22/1965,2.0104928
10/23/1965,2.6617792
10/24/1965,6.6261312
10/25/1965,7.9570208
10/26/1965,7.2491008
10/27/1965,6.0031616
10/28/1965,5.0403904
10/29/1965,4.3607872
10/30/1965,3.7095008
10/31/1965,3.256432
11/1/1965,2.8883136
11/2/1965,2.8033632
11/3/1965,2.5201952
11/4/1965,2.83168
11/5/1965,4.24752
11/6/1965,4.9271232
11/7/1965,4.3041536
11/8/1965,4.4174208
11/9/1965,5.804944
11/10/1965,8.5233568
11/11/1965,10.0241472
11/12/1965,11.1568192
11/13/1965,9.5710784
11/14/1965,8.2685056
11/15/1965,7.7021696
11/16/1965,7.4756352
11/17/1965,6.7110816
11/18/1965,5.804944
11/19/1965,5.2952416
11/20/1965,4.9837568
11/21/1965,4.813856
11/22/1965,4.813856
11/23/1965,4.7572224
11/24/1965,4.4174208
11/25/1965,4.24752
11/26/1965,4.1908864
11/27/1965,4.0493024
11/28/1965,4.0493024
11/29/1965,4.0493024
11/30/1965,3.9926688
12/1/1965,3.7661344
12/2/1965,3.681184
12/3/1965,5.6067264
12/4/1965,22.65344
12/5/1965,61.730624
12/6/1965,70.225664
12/7/1965,66.827648
12/8/1965,53.235584
12/9/1965,41.342528
12/10/1965,36.528672
12/11/1965,34.263328
12/12/1965,30.298976
12/13/1965,28.883136
12/14/1965,27.9769984
12/15/1965,28.883136
12/16/1965,37.378176
12/17/1965,44.740544
12/18/1965,79.003872
12/19/1965,138.185984
12/20/1965,151.778048
12/21/1965,169.617632
12/22/1965,184.342368
12/23/1965,178.962176
12/24/1965,169.617632
12/25/1965,158.57408
12/26/1965,141.584
12/27/1965,117.797888
12/28/1965,99.1088
12/29/1965,77.021696
12/30/1965,53.235584
12/31/1965,37.378176
1/1/1966,30.298976
1/2/1966,26.476208
1/3/1966,33.413824
1/4/1966,35.112832
1/5/1966,43.041536
1/6/1966,56.6336
1/7/1966,60.031616
1/8/1966,60.031616
1/9/1966,58.332608
1/10/1966,54.934592
1/11/1966,53.235584
1/12/1966,49.837568
1/13/1966,43.041536
1/14/1966,35.112832
1/15/1966,28.883136
1/16/1966,25.768288
1/17/1966,23.7011616
1/18/1966,23.0498752
1/19/1966,23.7011616
1/20/1966,27.184128
1/21/1966,35.679168
1/22/1966,44.740544
1/23/1966,49.837568
1/24/1966,53.235584
1/25/1966,90.61376
1/26/1966,114.399872
1/27/1966,121.195904
1/28/1966,114.399872
1/29/1966,121.195904
1/30/1966,122.894912
1/31/1966,119.496896
2/1/1966,114.399872
2/2/1966,107.60384
2/3/1966,100.807808
2/4/1966,90.61376
2/5/1966,80.419712
2/6/1966,71.924672
2/7/1966,65.12864
2/8/1966,54.934592
2/9/1966,101.657312
2/10/1966,288.83136
2/11/1966,291.66304
2/12/1966,305.82144
2/13/1966,328.47488
2/14/1966,308.65312
2/15/1966,276.938304
2/16/1966,240.975968
2/17/1966,211.243328
2/18/1966,184.342368
2/19/1966,162.255264
2/20/1966,143.283008
2/21/1966,129.690944
2/22/1966,116.09888
2/23/1966,104.205824
2/24/1966,90.61376
2/25/1966,78.720704
2/26/1966,66.827648
2/27/1966,73.62368
2/28/1966,73.62368
3/1/1966,68.526656
3/2/1966,61.730624
3/3/1966,60.031616
3/4/1966,58.332608
3/5/1966,56.6336
3/6/1966,53.235584
3/7/1966,49.837568
3/8/1966,46.439552
3/9/1966,44.740544
3/10/1966,39.64352
3/11/1966,36.528672
3/12/1966,33.413824
3/13/1966,31.714816
3/14/1966,31.14848
3/15/1966,30.298976
3/16/1966,30.298976
3/17/1966,31.714816
3/18/1966,31.714816
3/19/1966,31.14848
3/20/1966,29.449472
3/21/1966,26.476208
3/22/1966,23.7011616
3/23/1966,22.3985888
3/24/1966,21.7473024
3/25/1966,21.1243328
3/26/1966,19.255424
3/27/1966,18.6324544
3/28/1966,18.6324544
3/29/1966,21.1243328
3/30/1966,26.476208
3/31/1966,29.449472
4/1/1966,35.112832
4/2/1966,37.944512
4/3/1966,38.794016
4/4/1966,39.64352
4/5/1966,37.378176
4/6/1966,32.56432
4/7/1966,27.9769984
4/8/1966,22.3985888
4/9/1966,19.8783936
4/10/1966,18.6324544
4/11/1966,15.6308736
4/12/1966,14.4982016
4/13/1966,13.308896
4/14/1966,12.7991936
4/15/1966,12.1195904
4/16/1966,11.7231552
4/17/1966,11.4399872
4/18/1966,11.4399872
4/19/1966,11.9213728
4/20/1966,12.317808
4/21/1966,12.4027584
4/22/1966,12.0063232
4/23/1966,12.7142432
4/24/1966,28.599968
4/25/1966,73.62368
4/26/1966,97.409792
4/27/1966,102.506816
4/28/1966,107.60384
4/29/1966,117.797888
4/30/1966,134.787968
5/1/1966,164.23744
5/2/1966,225.684896
5/3/1966,331.30656
5/4/1966,464.39552
5/5/1966,603.14784
5/6/1966,707.92
5/7/1966,758.89024
5/8/1966,758.89024
5/9/1966,719.24672
5/10/1966,651.2864
5/11/1966,580.4944
5/12/1966,512.53408
5/13/1966,470.05888
5/14/1966,438.9104
5/15/1966,396.4352
5/16/1966,356.79168
5/17/1966,319.97984
5/18/1966,288.83136
5/19/1966,262.779904
5/20/1966,238.993792
5/21/1966,217.189856
5/22/1966,195.38592
5/23/1966,171.599808
5/24/1966,156.875072
5/25/1966,141.584
5/26/1966,127.991936
5/27/1966,117.797888
5/28/1966,109.302848
5/29/1966,102.506816
5/30/1966,99.1088
5/31/1966,97.409792
6/1/1966,95.710784
6/2/1966,94.011776
6/3/1966,90.61376
6/4/1966,85.516736
6/5/1966,80.419712
6/6/1966,73.62368
6/7/1966,66.827648
6/8/1966,60.031616
6/9/1966,53.235584
6/10/1966,49.837568
6/11/1966,44.740544
6/12/1966,41.342528
6/13/1966,38.794016
6/14/1966,37.378176
6/15/1966,37.378176
6/16/1966,34.263328
6/17/1966,29.449472
6/18/1966,25.48512
6/19/1966,22.3985888
6/20/1966,19.255424
6/21/1966,17.414832
6/22/1966,15.6308736
6/23/1966,14.4982016
6/24/1966,14.3849344
6/25/1966,13.8469152
6/26/1966,12.7991936
6/27/1966,12.1195904
6/28/1966,11.5249376
6/29/1966,10.6754336
6/30/1966,10.1090976
7/1/1966,9.8542464
7/2/1966,9.7409792
7/3/1966,9.6560288
7/4/1966,9.8542464
7/5/1966,9.0330592
7/6/1966,8.6932576
7/7/1966,8.9481088
7/8/1966,9.9391968
7/9/1966,9.6560288
7/10/1966,9.3162272
7/11/1966,8.778208
7/12/1966,8.4384064
7/13/1966,8.1269216
7/14/1966,7.78712
7/15/1966,7.5605856
7/16/1966,7.4756352
7/17/1966,7.0792
7/18/1966,6.6261312
7/19/1966,6.3429632
7/20/1966,6.1447456
7/21/1966,6.6261312
7/22/1966,6.1447456
7/23/1966,5.8615776
7/24/1966,5.7199936
7/25/1966,5.4651424
7/26/1966,5.1536576
7/27/1966,4.530688
7/28/1966,4.1625696
7/29/1966,4.5873216
7/30/1966,5.1536576
7/31/1966,7.7021696
8/1/1966,5.1536576
8/2/1966,5.097024
8/3/1966,4.9271232
8/4/1966,4.9837568
8/5/1966,5.1536576
8/6/1966,5.0403904
8/7/1966,3.964352
8/8/1966,3.1997984
8/9/1966,2.7467296
8/10/1966,2.4352448
8/11/1966,2.5201952
8/12/1966,3.0865312
8/13/1966,6.654448
8/14/1966,19.255424
8/15/1966,25.768288
8/16/1966,29.449472
8/17/1966,34.263328
8/18/1966,37.378176
8/19/1966,34.263328
8/20/1966,27.184128
8/21/1966,20.5013632
8/22/1966,15.6308736
8/23/1966,12.7142432
8/24/1966,10.3073152
8/25/1966,8.5233568
8/26/1966,7.645536
8/27/1966,7.3906848
8/28/1966,7.2491008
8/29/1966,6.5694976
8/30/1966,5.946528
8/31/1966,5.5500928
9/1/1966,5.2952416
9/2/1966,5.238608
9/3/1966,6.0031616
9/4/1966,5.6067264
9/5/1966,5.4085088
9/6/1966,5.4085088
9/7/1966,5.3518752
9/8/1966,5.097024
9/9/1966,5.0403904
9/10/1966,6.0031616
9/11/1966,8.778208
9/12/1966,9.0330592
9/13/1966,8.6932576
9/14/1966,7.3906848
9/15/1966,6.5694976
9/16/1966,7.4756352
9/17/1966,9.4011776
9/18/1966,11.6382048
9/19/1966,13.733648
9/20/1966,16.2255264
9/21/1966,18.0094848
9/22/1966,19.255424
9/23/1966,18.0094848
9/24/1966,16.8201792
9/25/1966,16.2255264
9/26/1966,15.6308736
9/27/1966,15.6308736
9/28/1966,15.0645376
9/29/1966,13.1106784
9/30/1966,10.760384
10/1/1966,10.3922656
10/2/1966,10.1090976
10/3/1966,10.477216
10/4/1966,9.9391968
10/5/1966,10.477216
10/6/1966,12.2045408
10/7/1966,11.2417696
10/8/1966,7.2491008
10/9/1966,6.4845472
10/10/1966,6.1447456
10/11/1966,5.8615776
10/12/1966,5.8615776
10/13/1966,5.804944
10/14/1966,5.7199936
10/15/1966,8.5233568
10/16/1966,9.4011776
10/17/1966,12.1195904
10/18/1966,21.1243328
10/19/1966,16.2255264
10/20/1966,13.8469152
10/21/1966,9.7409792
10/22/1966,9.486128
10/23/1966,8.1269216
10/24/1966,7.5605856
10/25/1966,7.7021696
10/26/1966,8.8631584
10/27/1966,9.2312768
10/28/1966,9.0330592
10/29/1966,8.2685056
10/30/1966,7.3906848
10/31/1966,6.4279136
11/1/1966,5.6067264
11/2/1966,5.2952416
11/3/1966,4.813856
11/4/1966,4.4740544
11/5/1966,4.24752
11/6/1966,4.1908864
11/7/1966,3.9926688
11/8/1966,3.822768
11/9/1966,3.822768
11/10/1966,4.1908864
11/11/1966,4.3607872
11/12/1966,4.3607872
11/13/1966,4.3607872
11/14/1966,4.3607872
11/15/1966,4.3607872
11/16/1966,4.3607872
11/17/1966,4.5873216
11/18/1966,5.0403904
11/19/1966,4.9837568
11/20/1966,4.9271232
11/21/1966,4.9837568
11/22/1966,5.097024
11/23/1966,5.238608
11/24/1966,5.7199936
11/25/1966,6.937616
11/26/1966,7.645536
11/27/1966,8.0419712
11/28/1966,8.0419712
11/29/1966,7.78712
11/30/1966,7.5605856
12/1/1966,7.5605856
12/2/1966,7.5605856
12/3/1966,7.8720704
12/4/1966,7.78712
12/5/1966,7.5605856
12/6/1966,7.5605856
12/7/1966,7.5605856
12/8/1966,8.211872
12/9/1966,10.3073152
12/10/1966,9.7409792
12/11/1966,9.7409792
12/12/1966,9.486128
12/13/1966,8.5233568
12/14/1966,8.5233568
12/15/1966,8.5233568
12/16/1966,8.6083072
12/17/1966,8.4384064
12/18/1966,8.211872
12/19/1966,8.6932576
12/20/1966,8.778208
12/21/1966,9.4011776
12/22/1966,10.1090976
12/23/1966,10.760384
12/24/1966,11.043552
12/25/1966,11.3550368
12/26/1966,11.7231552
12/27/1966,12.0063232
12/28/1966,12.0063232
12/29/1966,11.9213728
12/30/1966,11.8364224
12/31/1966,12.600976
1/1/1967,12.5160256
1/2/1967,12.4027584
1/3/1967,13.1106784
1/4/1967,13.4221632
1/5/1967,14.4982016
1/6/1967,16.2255264
1/7/1967,18.0094848
1/8/1967,19.255424
1/9/1967,19.8783936
1/10/1967,21.7473024
1/11/1967,21.1243328
1/12/1967,20.5013632
1/13/1967,22.3985888
1/14/1967,25.060368
1/15/1967,24.352448
1/16/1967,22.3985888
1/17/1967,18.6324544
1/18/1967,17.414832
1/19/1967,14.0734496
1/20/1967,13.8469152
1/21/1967,12.317808
1/22/1967,10.477216
1/23/1967,9.9391968
1/24/1967,9.8542464
1/25/1967,9.4011776
1/26/1967,8.6932576
1/27/1967,9.486128
1/28/1967,12.1195904
1/29/1967,12.317808
1/30/1967,12.600976
1/31/1967,12.600976
2/1/1967,12.600976
2/2/1967,12.4027584
2/3/1967,11.4399872
2/4/1967,10.1090976
2/5/1967,9.7409792
2/6/1967,10.760384
2/7/1967,13.2239456
2/8/1967,14.4982016
2/9/1967,14.1867168
2/10/1967,13.1106784
2/11/1967,13.025728
2/12/1967,15.0645376
2/13/1967,15.0645376
2/14/1967,13.308896
2/15/1967,12.9124608
2/16/1967,12.5160256
2/17/1967,12.2045408
2/18/1967,12.2045408
2/19/1967,12.2045408
2/20/1967,13.1106784
2/21/1967,14.1867168
2/22/1967,18.6324544
2/23/1967,25.060368
2/24/1967,23.7011616
2/25/1967,22.3985888
2/26/1967,19.8783936
2/27/1967,17.414832
2/28/1967,19.255424
3/1/1967,18.0094848
3/2/1967,15.0645376
3/3/1967,15.0645376
3/4/1967,15.0645376
3/5/1967,15.0645376
3/6/1967,14.4982016
3/7/1967,13.4221632
3/8/1967,12.2045408
3/9/1967,12.0063232
3/10/1967,11.8364224
3/11/1967,12.0063232
3/12/1967,12.600976
3/13/1967,12.600976
3/14/1967,12.600976
3/15/1967,12.5160256
3/16/1967,11.9213728
3/17/1967,11.4399872
3/18/1967,10.477216
3/19/1967,9.7409792
3/20/1967,9.486128
3/21/1967,9.9391968
3/22/1967,9.8542464
3/23/1967,9.5710784
3/24/1967,9.5710784
3/25/1967,10.194048
3/26/1967,11.7231552
3/27/1967,15.6308736
3/28/1967,23.7011616
3/29/1967,21.1243328
3/30/1967,19.8783936
3/31/1967,18.0094848
4/1/1967,18.0094848
4/2/1967,17.414832
4/3/1967,17.414832
4/4/1967,16.8201792
4/5/1967,16.2255264
4/6/1967,15.6308736
4/7/1967,15.0645376
4/8/1967,13.8469152
4/9/1967,12.5160256
4/10/1967,17.6696832
4/11/1967,67.677152
4/12/1967,41.342528
4/13/1967,62.863296
4/14/1967,97.409792
4/15/1967,88.914752
4/16/1967,75.322688
4/17/1967,58.332608
4/18/1967,53.235584
4/19/1967,49.837568
4/20/1967,46.439552
4/21/1967,43.041536
4/22/1967,41.342528
4/23/1967,38.794016
4/24/1967,39.64352
4/25/1967,39.64352
4/26/1967,41.342528
4/27/1967,41.342528
4/28/1967,39.64352
4/29/1967,37.944512
4/30/1967,35.679168
5/1/1967,48.13856
5/2/1967,126.292928
5/3/1967,102.506816
5/4/1967,82.11872
5/5/1967,71.924672
5/6/1967,65.12864
5/7/1967,56.6336
5/8/1967,48.13856
5/9/1967,43.041536
5/10/1967,37.944512
5/11/1967,37.944512
5/12/1967,37.378176
5/13/1967,36.528672
5/14/1967,35.679168
5/15/1967,35.679168
5/16/1967,35.112832
5/17/1967,33.413824
5/18/1967,27.9769984
5/19/1967,23.0498752
5/20/1967,20.5013632
5/21/1967,19.255424
5/22/1967,18.6324544
5/23/1967,18.0094848
5/24/1967,17.414832
5/25/1967,16.8201792
5/26/1967,16.2255264
5/27/1967,14.4982016
5/28/1967,13.1106784
5/29/1967,12.5160256
5/30/1967,13.308896
5/31/1967,20.6146304
6/1/1967,35.112832
6/2/1967,39.64352
6/3/1967,56.6336
6/4/1967,63.429632
6/5/1967,60.031616
6/6/1967,54.934592
6/7/1967,48.13856
6/8/1967,38.794016
6/9/1967,31.714816
6/10/1967,27.9769984
6/11/1967,25.060368
6/12/1967,24.352448
6/13/1967,24.352448
6/14/1967,25.060368
6/15/1967,25.768288
6/16/1967,25.768288
6/17/1967,25.768288
6/18/1967,26.476208
6/19/1967,26.476208
6/20/1967,26.476208
6/21/1967,27.184128
6/22/1967,27.184128
6/23/1967,27.184128
6/24/1967,26.476208
6/25/1967,25.060368
6/26/1967,24.352448
6/27/1967,23.219776
6/28/1967,21.2376
6/29/1967,18.40592
6/30/1967,14.1584
7/1/1967,10.3073152
7/2/1967,9.2312768
7/3/1967,8.211872
7/4/1967,10.1090976
7/5/1967,11.6382048
7/6/1967,12.1195904
7/7/1967,13.8469152
7/8/1967,12.7142432
7/9/1967,9.5710784
7/10/1967,7.8720704
7/11/1967,8.0419712
7/12/1967,8.6932576
7/13/1967,8.6083072
7/14/1967,7.9570208
7/15/1967,6.9942496
7/16/1967,6.4279136
7/17/1967,6.2013792
7/18/1967,6.0597952
7/19/1967,5.6067264
7/20/1967,5.4085088
7/21/1967,5.2952416
7/22/1967,4.9837568
7/23/1967,7.4756352
7/24/1967,11.5249376
7/25/1967,10.5621664
7/26/1967,9.4011776
7/27/1967,7.645536
7/28/1967,6.0031616
7/29/1967,5.3518752
7/30/1967,4.9271232
7/31/1967,4.7005888
8/1/1967,3.9926688
8/2/1967,3.7095008
8/3/1967,3.3413824
8/4/1967,3.0865312
8/5/1967,2.6051456
8/6/1967,2.3786112
8/7/1967,2.2087104
8/8/1967,2.0388096
8/9/1967,1.9255424
8/10/1967,1.8972256
8/11/1967,1.7839584
8/12/1967,1.5857408
8/13/1967,1.5857408
8/14/1967,1.5291072
8/15/1967,1.5007904
8/16/1967,1.5007904
8/17/1967,1.6706912
8/18/1967,1.7556416
8/19/1967,1.6140576
8/20/1967,1.5857408
8/21/1967,1.5857408
8/22/1967,1.5857408
8/23/1967,1.5857408
8/24/1967,1.5857408
8/25/1967,2.0388096
8/26/1967,2.6617792
8/27/1967,2.3502944
8/28/1967,2.3502944
8/29/1967,2.5201952
8/30/1967,2.4352448
8/31/1967,2.0104928
9/1/1967,1.699008
9/2/1967,1.699008
9/3/1967,1.699008
9/4/1967,1.6706912
9/5/1967,1.6140576
9/6/1967,1.699008
9/7/1967,1.7556416
9/8/1967,1.8122752
9/9/1967,1.8972256
9/10/1967,1.8972256
9/11/1967,1.7839584
9/12/1967,2.2087104
9/13/1967,4.1625696
9/14/1967,4.9837568
9/15/1967,5.097024
9/16/1967,4.6439552
9/17/1967,3.9360352
9/18/1967,3.5112832
9/19/1967,3.0865312
9/20/1967,2.7184128
9/21/1967,2.8033632
9/22/1967,3.0865312
9/23/1967,3.0865312
9/24/1967,3.0298976
9/25/1967,2.8883136
9/26/1967,3.2847488
9/27/1967,3.3413824
9/28/1967,3.2847488
9/29/1967,2.8883136
9/30/1967,2.7467296
10/1/1967,2.6051456
10/2/1967,2.4918784
10/3/1967,2.2936608
10/4/1967,2.1803936
10/5/1967,2.0954432
10/6/1967,2.0388096
10/7/1967,2.0104928
10/8/1967,2.0104928
10/9/1967,2.0104928
10/10/1967,2.0104928
10/11/1967,1.982176
10/12/1967,1.8122752
10/13/1967,1.699008
10/14/1967,1.699008
10/15/1967,1.699008
10/16/1967,1.7839584
10/17/1967,1.840592
10/18/1967,1.699008
10/19/1967,1.7556416
10/20/1967,1.840592
10/21/1967,1.840592
10/22/1967,1.840592
10/23/1967,1.840592
10/24/1967,1.840592
10/25/1967,1.840592
10/26/1967,1.840592
10/27/1967,1.840592
10/28/1967,1.840592
10/29/1967,1.8972256
10/30/1967,2.265344
10/31/1967,1.9255424
11/1/1967,1.9255424
11/2/1967,1.840592
11/3/1967,1.840592
11/4/1967,1.8122752
11/5/1967,1.7839584
11/6/1967,1.840592
11/7/1967,2.1803936
11/8/1967,2.7184128
11/9/1967,2.7184128
11/10/1967,2.7184128
11/11/1967,2.7467296
11/12/1967,3.0298976
11/13/1967,3.1431648
11/14/1967,2.9449472
11/15/1967,2.7467296
11/16/1967,2.5201952
11/17/1967,2.5201952
11/18/1967,2.5768288
11/19/1967,3.398016
11/20/1967,5.097024
11/21/1967,5.946528
11/22/1967,6.4279136
11/23/1967,6.7110816
11/24/1967,6.796032
11/25/1967,6.796032
11/26/1967,6.796032
11/27/1967,6.7110816
11/28/1967,6.2013792
11/29/1967,5.804944
11/30/1967,5.6067264
12/1/1967,5.2952416
12/2/1967,4.7005888
12/3/1967,4.9837568
12/4/1967,6.4845472
12/5/1967,6.7110816
12/6/1967,6.2863296
12/7/1967,5.4651424
12/8/1967,4.95544
12/9/1967,5.66336
12/10/1967,6.937616
12/11/1967,6.937616
12/12/1967,6.8526656
12/13/1967,6.6261312
12/14/1967,6.937616
12/15/1967,9.7409792
12/16/1967,11.5249376
12/17/1967,15.0645376
12/18/1967,14.1867168
12/19/1967,13.4221632
12/20/1967,12.4027584
12/21/1967,11.1568192
12/22/1967,10.3073152
12/23/1967,10.3922656
12/24/1967,10.8736512
12/25/1967,11.7231552
12/26/1967,12.317808
12/27/1967,12.9124608
12/28/1967,14.0734496
12/29/1967,13.9601824
12/30/1967,13.9601824
12/31/1967,16.2255264
1/1/1968,17.414832
1/2/1968,19.8783936
1/3/1968,21.1243328
1/4/1968,23.7011616
1/5/1968,28.883136
1/6/1968,35.112832
1/7/1968,43.041536
1/8/1968,46.439552
1/9/1968,58.332608
1/10/1968,77.021696
1/11/1968,85.516736
1/12/1968,90.61376
1/13/1968,87.215744
1/14/1968,87.215744
1/15/1968,92.312768
1/16/1968,97.409792
1/17/1968,102.506816
1/18/1968,104.205824
1/19/1968,104.205824
1/20/1968,102.506816
1/21/1968,99.1088
1/22/1968,94.011776
1/23/1968,88.914752
1/24/1968,87.215744
1/25/1968,83.817728
1/26/1968,83.817728
1/27/1968,83.817728
1/28/1968,82.11872
1/29/1968,75.322688
1/30/1968,73.62368
1/31/1968,73.62368
2/1/1968,71.924672
2/2/1968,73.62368
2/3/1968,75.322688
2/4/1968,71.924672
2/5/1968,70.225664
2/6/1968,66.827648
2/7/1968,63.429632
2/8/1968,58.332608
2/9/1968,54.934592
2/10/1968,53.235584
2/11/1968,51.536576
2/12/1968,49.837568
2/13/1968,48.13856
2/14/1968,48.13856
2/15/1968,48.13856
2/16/1968,48.13856
2/17/1968,48.13856
2/18/1968,49.837568
2/19/1968,51.536576
2/20/1968,51.536576
2/21/1968,51.536576
2/22/1968,53.235584
2/23/1968,53.235584
2/24/1968,53.235584
2/25/1968,53.235584
2/26/1968,53.235584
2/27/1968,51.536576
2/28/1968,51.536576
2/29/1968,53.235584
3/1/1968,56.6336
3/2/1968,60.031616
3/3/1968,60.031616
3/4/1968,58.332608
3/5/1968,60.031616
3/6/1968,61.730624
3/7/1968,61.730624
3/8/1968,63.429632
3/9/1968,63.429632
3/10/1968,63.429632
3/11/1968,63.429632
3/12/1968,61.730624
3/13/1968,65.12864
3/14/1968,77.021696
3/15/1968,88.914752
3/16/1968,100.807808
3/17/1968,105.904832
3/18/1968,102.506816
3/19/1968,92.312768
3/20/1968,77.021696
3/21/1968,82.11872
3/22/1968,119.496896
3/23/1968,121.195904
3/24/1968,114.399872
3/25/1968,104.205824
3/26/1968,97.409792
3/27/1968,90.61376
3/28/1968,87.215744
3/29/1968,83.817728
3/30/1968,80.419712
3/31/1968,77.021696
4/1/1968,77.021696
4/2/1968,83.817728
4/3/1968,100.807808
4/4/1968,133.08896
4/5/1968,144.982016
4/6/1968,129.690944
4/7/1968,121.195904
4/8/1968,124.59392
4/9/1968,226.251232
4/10/1968,356.79168
4/11/1968,487.04896
4/12/1968,563.50432
4/13/1968,546.51424
4/14/1968,506.87072
4/15/1968,458.73216
4/16/1968,396.4352
4/17/1968,345.46496
4/18/1968,297.3264
4/19/1968,254.8512
4/20/1968,223.136384
4/21/1968,209.261152
4/22/1968,229.082912
4/23/1968,262.779904
4/24/1968,276.938304
4/25/1968,276.938304
4/26/1968,258.815552
4/27/1968,233.047264
4/28/1968,199.350272
4/29/1968,165.936448
4/30/1968,136.486976
5/1/1968,117.797888
5/2/1968,102.506816
5/3/1968,94.011776
5/4/1968,94.011776
5/5/1968,94.011776
5/6/1968,87.215744
5/7/1968,78.720704
5/8/1968,71.924672
5/9/1968,66.827648
5/10/1968,65.12864
5/11/1968,71.924672
5/12/1968,107.60384
5/13/1968,131.389952
5/14/1968,127.991936
5/15/1968,134.787968
5/16/1968,146.681024
5/17/1968,151.778048
5/18/1968,180.661184
5/19/1968,180.661184
5/20/1968,165.936448
5/21/1968,146.681024
5/22/1968,151.778048
5/23/1968,233.896768
5/24/1968,311.4848
5/25/1968,351.12832
5/26/1968,368.1184
5/27/1968,365.28672
5/28/1968,348.29664
5/29/1968,325.6432
5/30/1968,291.66304
5/31/1968,256.833376
6/1/1968,227.100736
6/2/1968,215.20768
6/3/1968,188.023552
6/4/1968,164.23744
6/5/1968,150.07904
6/6/1968,139.884992
6/7/1968,131.389952
6/8/1968,124.59392
6/9/1968,117.797888
6/10/1968,112.700864
6/11/1968,105.904832
6/12/1968,104.205824
6/13/1968,100.807808
6/14/1968,92.312768
6/15/1968,83.817728
6/16/1968,77.021696
6/17/1968,66.827648
6/18/1968,61.730624
6/19/1968,63.429632
6/20/1968,63.429632
6/21/1968,58.332608
6/22/1968,79.570208
6/23/1968,186.89088
6/24/1968,221.154208
6/25/1968,227.100736
6/26/1968,242.958144
6/27/1968,281.468992
6/28/1968,314.31648
6/29/1968,331.30656
6/30/1968,328.47488
7/1/1968,308.65312
7/2/1968,281.468992
7/3/1968,262.779904
7/4/1968,237.011616
7/5/1968,213.225504
7/6/1968,184.342368
7/7/1968,153.477056
7/8/1968,124.59392
7/9/1968,107.60384
7/10/1968,97.409792
7/11/1968,90.61376
7/12/1968,82.11872
7/13/1968,77.021696
7/14/1968,71.924672
7/15/1968,66.827648
7/16/1968,58.332608
7/17/1968,51.536576
7/18/1968,46.439552
7/19/1968,46.439552
7/20/1968,46.439552
7/21/1968,46.439552
7/22/1968,44.740544
7/23/1968,51.536576
7/24/1968,68.526656
7/25/1968,80.419712
7/26/1968,77.021696
7/27/1968,66.827648
7/28/1968,56.6336
7/29/1968,53.235584
7/30/1968,48.13856
7/31/1968,43.041536
8/1/1968,36.528672
8/2/1968,31.14848
8/3/1968,27.9769984
8/4/1968,25.060368
8/5/1968,17.414832
8/6/1968,15.0645376
8/7/1968,15.6308736
8/8/1968,14.4982016
8/9/1968,23.0498752
8/10/1968,28.883136
8/11/1968,21.7473024
8/12/1968,18.6324544
8/13/1968,16.2255264
8/14/1968,14.0734496
8/15/1968,12.5160256
8/16/1968,11.3550368
8/17/1968,10.9586016
8/18/1968,10.5621664
8/19/1968,10.3073152
8/20/1968,10.3073152
8/21/1968,10.1090976
8/22/1968,9.4011776
8/23/1968,9.3162272
8/24/1968,9.0330592
8/25/1968,8.9481088
8/26/1968,8.6932576
8/27/1968,8.6083072
8/28/1968,8.211872
8/29/1968,7.78712
8/30/1968,7.3906848
8/31/1968,6.937616
9/1/1968,6.8526656
9/2/1968,6.4845472
9/3/1968,6.4845472
9/4/1968,6.7110816
9/5/1968,12.7142432
9/6/1968,19.255424
9/7/1968,30.298976
9/8/1968,38.794016
9/9/1968,43.041536
9/10/1968,49.837568
9/11/1968,44.740544
9/12/1968,34.263328
9/13/1968,24.352448
9/14/1968,21.7473024
9/15/1968,21.7473024
9/16/1968,20.5013632
9/17/1968,18.0094848
9/18/1968,16.2255264
9/19/1968,18.0094848
9/20/1968,25.060368
9/21/1968,27.9769984
9/22/1968,30.298976
9/23/1968,30.298976
9/24/1968,26.90096
9/25/1968,23.7011616
9/26/1968,21.7473024
9/27/1968,18.6324544
9/28/1968,18.0094848
9/29/1968,16.8201792
9/30/1968,15.6308736
10/1/1968,15.0645376
10/2/1968,13.6486976
10/3/1968,12.5160256
10/4/1968,12.0063232
10/5/1968,11.3550368
10/6/1968,11.6382048
10/7/1968,13.025728
10/8/1968,12.7991936
10/9/1968,12.2045408
10/10/1968,14.4982016
10/11/1968,15.0645376
10/12/1968,15.0645376
10/13/1968,16.2255264
10/14/1968,15.6308736
10/15/1968,15.0645376
10/16/1968,16.2255264
10/17/1968,15.6308736
10/18/1968,15.6308736
10/19/1968,14.1867168
10/20/1968,13.025728
10/21/1968,12.2045408
10/22/1968,11.6382048
10/23/1968,11.5249376
10/24/1968,11.4399872
10/25/1968,11.3550368
10/26/1968,10.8736512
10/27/1968,10.8736512
10/28/1968,12.2045408
10/29/1968,12.7142432
10/30/1968,12.5160256
10/31/1968,11.6382048
11/1/1968,10.9586016
11/2/1968,10.6754336
11/3/1968,11.043552
11/4/1968,10.760384
11/5/1968,10.477216
11/6/1968,10.5621664
11/7/1968,9.9391968
11/8/1968,10.1090976
11/9/1968,12.2045408
11/10/1968,11.8364224
11/11/1968,11.5249376
11/12/1968,12.0063232
11/13/1968,11.9213728
11/14/1968,11.4399872
11/15/1968,12.4027584
11/16/1968,16.8201792
11/17/1968,29.449472
11/18/1968,30.298976
11/19/1968,34.263328
11/20/1968,34.263328
11/21/1968,34.263328
11/22/1968,34.263328
11/23/1968,34.263328
11/24/1968,32.56432
11/25/1968,27.9769984
11/26/1968,24.352448
11/27/1968,25.060368
11/28/1968,27.184128
11/29/1968,41.342528
11/30/1968,48.13856
12/1/1968,78.720704
12/2/1968,90.61376
12/3/1968,100.807808
12/4/1968,90.61376
12/5/1968,87.215744
12/6/1968,87.215744
12/7/1968,87.215744
12/8/1968,88.914752
12/9/1968,92.312768
12/10/1968,94.011776
12/11/1968,95.710784
12/12/1968,97.409792
12/13/1968,117.797888
12/14/1968,126.292928
12/15/1968,136.486976
12/16/1968,136.486976
12/17/1968,131.389952
12/18/1968,116.09888
12/19/1968,107.60384
12/20/1968,94.011776
12/21/1968,90.61376
12/22/1968,99.1088
12/23/1968,114.399872
12/24/1968,116.09888
12/25/1968,122.894912
12/26/1968,134.787968
12/27/1968,136.486976
12/28/1968,134.787968
12/29/1968,131.389952
12/30/1968,124.59392
12/31/1968,117.797888
1/1/1969,107.60384
1/2/1969,100.807808
1/3/1969,99.1088
1/4/1969,99.1088
1/5/1969,96.27712
1/6/1969,93.44544
1/7/1969,90.61376
1/8/1969,87.78208
1/9/1969,83.53456
1/10/1969,80.419712
1/11/1969,77.021696
1/12/1969,73.62368
1/13/1969,70.225664
1/14/1969,66.827648
1/15/1969,65.12864
1/16/1969,61.730624
1/17/1969,60.031616
1/18/1969,56.6336
1/19/1969,53.235584
1/20/1969,53.235584
1/21/1969,51.536576
1/22/1969,48.13856
1/23/1969,48.13856
1/24/1969,48.13856
1/25/1969,46.439552
1/26/1969,44.740544
1/27/1969,41.342528
1/28/1969,39.64352
1/29/1969,37.944512
1/30/1969,37.944512
1/31/1969,37.378176
2/1/1969,37.378176
2/2/1969,38.794016
2/3/1969,43.041536
2/4/1969,48.13856
2/5/1969,46.439552
2/6/1969,49.837568
2/7/1969,53.235584
2/8/1969,56.6336
2/9/1969,56.6336
2/10/1969,51.536576
2/11/1969,48.13856
2/12/1969,44.740544
2/13/1969,43.041536
2/14/1969,43.041536
2/15/1969,49.837568
2/16/1969,66.827648
2/17/1969,68.526656
2/18/1969,68.526656
2/19/1969,73.62368
2/20/1969,80.419712
2/21/1969,116.382048
2/22/1969,207.278976
2/23/1969,223.136384
2/24/1969,242.958144
2/25/1969,250.886848
2/26/1969,246.922496
2/27/1969,242.958144
2/28/1969,246.922496
3/1/1969,242.958144
3/2/1969,229.082912
3/3/1969,215.20768
3/4/1969,186.324544
3/5/1969,158.57408
3/6/1969,138.185984
3/7/1969,127.991936
3/8/1969,124.59392
3/9/1969,121.195904
3/10/1969,119.496896
3/11/1969,112.700864
3/12/1969,107.60384
3/13/1969,100.807808
3/14/1969,95.710784
3/15/1969,119.496896
3/16/1969,195.38592
3/17/1969,266.744256
3/18/1969,356.79168
3/19/1969,413.42528
3/20/1969,523.8608
3/21/1969,555.00928
3/22/1969,540.85088
3/23/1969,506.87072
3/24/1969,475.72224
3/25/1969,438.9104
3/26/1969,402.09856
3/27/1969,362.45504
3/28/1969,331.30656
3/29/1969,297.3264
3/30/1969,268.726432
3/31/1969,246.922496
4/1/1969,229.082912
4/2/1969,217.189856
4/3/1969,215.20768
4/4/1969,219.172032
4/5/1969,223.136384
4/6/1969,221.154208
4/7/1969,215.20768
4/8/1969,205.2968
4/9/1969,193.686912
4/10/1969,191.704736
4/11/1969,201.332448
4/12/1969,219.172032
4/13/1969,252.869024
4/14/1969,294.49472
4/15/1969,373.78176
4/16/1969,470.05888
4/17/1969,518.19744
4/18/1969,512.53408
4/19/1969,481.3856
4/20/1969,450.23712
4/21/1969,413.42528
4/22/1969,382.2768
4/23/1969,351.12832
4/24/1969,322.81152
4/25/1969,297.3264
4/26/1969,266.744256
4/27/1969,246.922496
4/28/1969,231.065088
4/29/1969,217.189856
4/30/1969,205.2968
5/1/1969,197.368096
5/2/1969,188.023552
5/3/1969,176.98
5/4/1969,186.324544
5/5/1969,260.797728
5/6/1969,294.49472
5/7/1969,385.10848
5/8/1969,659.78144
5/9/1969,900.47424
5/10/1969,962.7712
5/11/1969,889.14752
5/12/1969,758.89024
5/13/1969,611.64288
5/14/1969,506.87072
5/15/1969,450.23712
5/16/1969,413.42528
5/17/1969,385.10848
5/18/1969,356.79168
5/19/1969,325.6432
5/20/1969,285.99968
5/21/1969,250.886848
5/22/1969,219.172032
5/23/1969,195.38592
5/24/1969,186.324544
5/25/1969,191.704736
5/26/1969,184.342368
5/27/1969,171.599808
5/28/1969,165.936448
5/29/1969,143.283008
5/30/1969,138.185984
5/31/1969,129.690944
6/1/1969,124.59392
6/2/1969,133.08896
6/3/1969,133.08896
6/4/1969,124.59392
6/5/1969,151.778048
6/6/1969,155.176064
6/7/1969,122.894912
6/8/1969,90.61376
6/9/1969,65.12864
6/10/1969,53.235584
6/11/1969,48.13856
6/12/1969,46.439552
6/13/1969,43.041536
6/14/1969,41.342528
6/15/1969,39.64352
6/16/1969,37.944512
6/17/1969,36.528672
6/18/1969,35.679168
6/19/1969,34.263328
6/20/1969,34.263328
6/21/1969,33.413824
6/22/1969,35.112832
6/23/1969,32.56432
6/24/1969,30.298976
6/25/1969,29.449472
6/26/1969,28.883136
6/27/1969,27.184128
6/28/1969,26.476208
6/29/1969,25.060368
6/30/1969,24.352448
7/1/1969,23.0498752
7/2/1969,21.1243328
7/3/1969,19.8783936
7/4/1969,19.255424
7/5/1969,18.0094848
7/6/1969,17.414832
7/7/1969,17.414832
7/8/1969,17.414832
7/9/1969,16.8201792
7/10/1969,15.6308736
7/11/1969,13.9601824
7/12/1969,11.7231552
7/13/1969,9.486128
7/14/1969,7.645536
7/15/1969,6.796032
7/16/1969,6.0597952
7/17/1969,5.66336
7/18/1969,5.4085088
7/19/1969,4.9271232
7/20/1969,4.813856
7/21/1969,4.813856
7/22/1969,4.7572224
7/23/1969,4.813856
7/24/1969,5.097024
7/25/1969,5.380192
7/26/1969,4.813856
7/27/1969,3.964352
7/28/1969,3.4546496
7/29/1969,3.3413824
7/30/1969,3.1431648
7/31/1969,2.9449472
8/1/1969,2.7184128
8/2/1969,2.3786112
8/3/1969,2.265344
8/4/1969,2.265344
8/5/1969,2.265344
8/6/1969,2.2087104
8/7/1969,2.0388096
8/8/1969,1.9255424
8/9/1969,1.9255424
8/10/1969,1.840592
8/11/1969,1.7556416
8/12/1969,1.6140576
8/13/1969,1.4724736
8/14/1969,1.3875232
8/15/1969,1.3875232
8/16/1969,1.3875232
8/17/1969,1.3875232
8/18/1969,1.3875232
8/19/1969,1.3875232
8/20/1969,1.3875232
8/21/1969,1.3875232
8/22/1969,1.6706912
8/23/1969,2.3502944
8/24/1969,1.8122752
8/25/1969,1.5291072
8/26/1969,1.3025728
8/27/1969,1.274256
8/28/1969,1.274256
8/29/1969,1.274256
8/30/1969,1.274256
8/31/1969,1.274256
9/1/1969,1.274256
9/2/1969,1.41584
9/3/1969,1.8122752
9/4/1969,2.2936608
9/5/1969,2.5201952
9/6/1969,3.256432
9/7/1969,3.9926688
9/8/1969,3.2847488
9/9/1969,2.8883136
9/10/1969,2.7467296
9/11/1969,2.4918784
9/12/1969,2.265344
9/13/1969,2.0954432
9/14/1969,2.0954432
9/15/1969,2.1803936
9/16/1969,2.265344
9/17/1969,2.3502944
9/18/1969,2.265344
9/19/1969,2.265344
9/20/1969,2.3502944
9/21/1969,2.3502944
9/22/1969,2.3502944
9/23/1969,2.7467296
9/24/1969,3.7095008
9/25/1969,3.7661344
9/26/1969,3.398016
9/27/1969,3.1997984
9/28/1969,2.8883136
9/29/1969,2.6051456
9/30/1969,2.3502944
10/1/1969,2.3502944
10/2/1969,2.3502944
10/3/1969,2.3502944
10/4/1969,2.6051456
10/5/1969,2.4352448
10/6/1969,2.2087104
10/7/1969,2.0954432
10/8/1969,1.8972256
10/9/1969,1.7556416
10/10/1969,1.5857408
10/11/1969,1.5007904
10/12/1969,1.4441568
10/13/1969,1.41584
10/14/1969,1.3308896
10/15/1969,1.274256
10/16/1969,1.5007904
10/17/1969,1.5857408
10/18/1969,1.699008
10/19/1969,2.83168
10/20/1969,4.1625696
10/21/1969,4.1625696
10/22/1969,3.5679168
10/23/1969,3.5112832
10/24/1969,3.2847488
10/25/1969,3.256432
10/26/1969,3.0015808
10/27/1969,2.8033632
10/28/1969,2.7184128
10/29/1969,2.5201952
10/30/1969,2.5768288
10/31/1969,3.0015808
11/1/1969,3.0015808
11/2/1969,3.0015808
11/3/1969,3.5112832
11/4/1969,7.0792
11/5/1969,10.3922656
11/6/1969,11.2417696
11/7/1969,11.043552
11/8/1969,11.043552
11/9/1969,11.2417696
11/10/1969,10.9586016
11/11/1969,10.1090976
11/12/1969,8.4384064
11/13/1969,7.2491008
11/14/1969,6.4279136
11/15/1969,5.2952416
11/16/1969,4.7572224
11/17/1969,4.5873216
11/18/1969,4.8704896
11/19/1969,6.0031616
11/20/1969,6.0031616
11/21/1969,6.2013792
11/22/1969,8.4384064
11/23/1969,15.0645376
11/24/1969,19.255424
11/25/1969,21.7473024
11/26/1969,23.0498752
11/27/1969,25.060368
11/28/1969,26.476208
11/29/1969,27.184128
11/30/1969,28.883136
12/1/1969,30.298976
12/2/1969,31.14848
12/3/1969,32.56432
12/4/1969,32.56432
12/5/1969,31.714816
12/6/1969,31.14848
12/7/1969,31.14848
12/8/1969,27.184128
12/9/1969,25.768288
12/10/1969,25.060368
12/11/1969,25.768288
12/12/1969,26.476208
12/13/1969,27.9769984
12/14/1969,30.298976
12/15/1969,31.714816
12/16/1969,34.263328
12/17/1969,35.679168
12/18/1969,35.679168
12/19/1969,37.378176
12/20/1969,37.378176
12/21/1969,37.378176
12/22/1969,36.528672
12/23/1969,35.679168
12/24/1969,35.112832
12/25/1969,32.56432
12/26/1969,31.14848
12/27/1969,31.14848
12/28/1969,29.449472
12/29/1969,30.298976
12/30/1969,33.413824
12/31/1969,37.944512
1/1/1970,38.794016
1/2/1970,37.378176
1/3/1970,35.112832
1/4/1970,34.263328
1/5/1970,34.263328
1/6/1970,41.342528
1/7/1970,51.536576
1/8/1970,49.837568
1/9/1970,48.13856
1/10/1970,46.439552
1/11/1970,46.439552
1/12/1970,46.439552
1/13/1970,46.439552
1/14/1970,46.439552
1/15/1970,46.439552
1/16/1970,46.439552
1/17/1970,44.740544
1/18/1970,43.041536
1/19/1970,43.041536
1/20/1970,43.041536
1/21/1970,41.342528
1/22/1970,39.64352
1/23/1970,39.64352
1/24/1970,38.794016
1/25/1970,37.944512
1/26/1970,37.378176
1/27/1970,37.378176
1/28/1970,36.528672
1/29/1970,35.679168
1/30/1970,35.112832
1/31/1970,34.263328
2/1/1970,35.679168
2/2/1970,41.342528
2/3/1970,41.342528
2/4/1970,41.342528
2/5/1970,39.64352
2/6/1970,37.944512
2/7/1970,37.378176
2/8/1970,36.528672
2/9/1970,36.528672
2/10/1970,37.378176
2/11/1970,37.944512
2/12/1970,37.944512
2/13/1970,38.794016
2/14/1970,38.794016
2/15/1970,39.64352
2/16/1970,43.041536
2/17/1970,46.439552
2/18/1970,48.13856
2/19/1970,46.439552
2/20/1970,43.041536
2/21/1970,43.041536
2/22/1970,41.342528
2/23/1970,39.64352
2/24/1970,39.64352
2/25/1970,43.041536
2/26/1970,44.740544
2/27/1970,49.837568
2/28/1970,49.837568
3/1/1970,49.837568
3/2/1970,49.837568
3/3/1970,60.031616
3/4/1970,66.827648
3/5/1970,73.62368
3/6/1970,73.62368
3/7/1970,68.526656
3/8/1970,68.526656
3/9/1970,70.225664
3/10/1970,73.62368
3/11/1970,75.322688
3/12/1970,75.322688
3/13/1970,75.322688
3/14/1970,75.322688
3/15/1970,75.322688
3/16/1970,75.322688
3/17/1970,80.419712
3/18/1970,85.516736
3/19/1970,85.516736
3/20/1970,85.516736
3/21/1970,92.312768
3/22/1970,99.1088
3/23/1970,97.409792
3/24/1970,99.1088
3/25/1970,100.807808
3/26/1970,104.205824
3/27/1970,104.205824
3/28/1970,105.904832
3/29/1970,109.302848
3/30/1970,107.60384
3/31/1970,105.904832
4/1/1970,102.506816
4/2/1970,97.409792
4/3/1970,90.61376
4/4/1970,85.516736
4/5/1970,80.419712
4/6/1970,75.322688
4/7/1970,70.225664
4/8/1970,65.12864
4/9/1970,63.429632
4/10/1970,85.516736
4/11/1970,87.215744
4/12/1970,82.11872
4/13/1970,77.021696
4/14/1970,71.924672
4/15/1970,66.827648
4/16/1970,65.12864
4/17/1970,60.031616
4/18/1970,56.6336
4/19/1970,56.6336
4/20/1970,58.332608
4/21/1970,65.12864
4/22/1970,63.429632
4/23/1970,61.730624
4/24/1970,60.031616
4/25/1970,60.031616
4/26/1970,58.332608
4/27/1970,58.332608
4/28/1970,60.031616
4/29/1970,63.429632
4/30/1970,66.827648
5/1/1970,129.690944
5/2/1970,158.57408
5/3/1970,129.690944
5/4/1970,107.60384
5/5/1970,95.710784
5/6/1970,87.215744
5/7/1970,80.419712
5/8/1970,71.924672
5/9/1970,61.730624
5/10/1970,53.235584
5/11/1970,46.439552
5/12/1970,41.342528
5/13/1970,37.378176
5/14/1970,35.112832
5/15/1970,33.413824
5/16/1970,37.378176
5/17/1970,35.679168
5/18/1970,32.56432
5/19/1970,31.14848
5/20/1970,29.449472
5/21/1970,29.449472
5/22/1970,28.883136
5/23/1970,28.883136
5/24/1970,26.476208
5/25/1970,24.352448
5/26/1970,22.3985888
5/27/1970,28.883136
5/28/1970,21.7473024
5/29/1970,20.5013632
5/30/1970,19.255424
5/31/1970,18.6324544
6/1/1970,18.0094848
6/2/1970,16.2255264
6/3/1970,13.308896
6/4/1970,11.043552
6/5/1970,9.7409792
6/6/1970,8.6932576
6/7/1970,7.8720704
6/8/1970,7.4756352
6/9/1970,6.937616
6/10/1970,6.5694976
6/11/1970,6.2013792
6/12/1970,6.0031616
6/13/1970,5.804944
6/14/1970,5.5500928
6/15/1970,5.5500928
6/16/1970,5.5500928
6/17/1970,5.4085088
6/18/1970,5.3518752
6/19/1970,5.2952416
6/20/1970,5.1536576
6/21/1970,5.0403904
6/22/1970,5.238608
6/23/1970,10.477216
6/24/1970,8.1269216
6/25/1970,5.6067264
6/26/1970,5.2952416
6/27/1970,5.1536576
6/28/1970,6.3429632
6/29/1970,6.937616
6/30/1970,6.4845472
7/1/1970,6.2013792
7/2/1970,5.7199936
7/3/1970,5.238608
7/4/1970,4.813856
7/5/1970,4.5873216
7/6/1970,4.105936
7/7/1970,3.7661344
7/8/1970,3.5112832
7/9/1970,3.398016
7/10/1970,3.0865312
7/11/1970,2.6617792
7/12/1970,2.2936608
7/13/1970,2.0104928
7/14/1970,1.840592
7/15/1970,1.7839584
7/16/1970,1.7556416
7/17/1970,1.6423744
7/18/1970,1.5007904
7/19/1970,1.4441568
7/20/1970,1.4441568
7/21/1970,1.4441568
7/22/1970,1.4441568
7/23/1970,1.41584
7/24/1970,1.3875232
7/25/1970,1.3875232
7/26/1970,1.5857408
7/27/1970,1.5007904
7/28/1970,1.5291072
7/29/1970,1.4724736
7/30/1970,1.3875232
7/31/1970,1.3308896
8/1/1970,1.274256
8/2/1970,1.274256
8/3/1970,1.3875232
8/4/1970,1.6423744
8/5/1970,1.7556416
8/6/1970,1.6423744
8/7/1970,1.5007904
8/8/1970,1.4441568
8/9/1970,1.3308896
8/10/1970,1.2459392
8/11/1970,1.274256
8/12/1970,1.2459392
8/13/1970,1.1893056
8/14/1970,1.0194048
8/15/1970,0.9344544
8/16/1970,0.8778208
8/17/1970,0.849504
8/18/1970,0.8211872
8/19/1970,0.7645536
8/20/1970,0.7645536
8/21/1970,0.70792
8/22/1970,0.6796032
8/23/1970,0.70792
8/24/1970,1.0477216
8/25/1970,0.849504
8/26/1970,0.7645536
8/27/1970,0.7645536
8/28/1970,0.6512864
8/29/1970,0.566336
8/30/1970,0.5097024
8/31/1970,0.5946528
9/1/1970,0.7928704
9/2/1970,0.8778208
9/3/1970,0.9344544
9/4/1970,0.7928704
9/5/1970,0.7928704
9/6/1970,0.8778208
9/7/1970,1.0760384
9/8/1970,1.5857408
9/9/1970,4.1908864
9/10/1970,4.530688
9/11/1970,4.3607872
9/12/1970,4.1625696
9/13/1970,3.1431648
9/14/1970,2.7184128
9/15/1970,2.2936608
9/16/1970,2.2936608
9/17/1970,2.2936608
9/18/1970,1.982176
9/19/1970,1.6706912
9/20/1970,1.699008
9/21/1970,2.12376
9/22/1970,2.7467296
9/23/1970,2.9449472
9/24/1970,2.8883136
9/25/1970,3.0015808
9/26/1970,3.0298976
9/27/1970,3.256432
9/28/1970,3.2847488
9/29/1970,3.0865312
9/30/1970,3.0015808
10/1/1970,3.0015808
10/2/1970,3.1997984
10/3/1970,3.398016
10/4/1970,3.4546496
10/5/1970,3.4546496
10/6/1970,3.398016
10/7/1970,3.256432
10/8/1970,3.1997984
10/9/1970,3.2847488
10/10/1970,3.6245504
10/11/1970,5.6067264
10/12/1970,11.4399872
10/13/1970,12.317808
10/14/1970,17.414832
10/15/1970,14.2716672
10/16/1970,12.2045408
10/17/1970,9.1180096
10/18/1970,7.3057344
10/19/1970,8.2685056
10/20/1970,7.2491008
10/21/1970,6.3429632
10/22/1970,7.3906848
10/23/1970,8.211872
10/24/1970,23.0498752
10/25/1970,32.56432
10/26/1970,27.184128
10/27/1970,30.298976
10/28/1970,33.413824
10/29/1970,31.14848
10/30/1970,25.768288
10/31/1970,19.8783936
11/1/1970,16.2255264
11/2/1970,13.4221632
11/3/1970,12.4027584
11/4/1970,11.4399872
11/5/1970,11.7231552
11/6/1970,13.1106784
11/7/1970,14.4982016
11/8/1970,16.2255264
11/9/1970,19.8783936
11/10/1970,23.7011616
11/11/1970,23.0498752
11/12/1970,23.0498752
11/13/1970,23.7011616
11/14/1970,25.768288
11/15/1970,23.7011616
11/16/1970,25.768288
11/17/1970,26.476208
11/18/1970,27.184128
11/19/1970,27.9769984
11/20/1970,28.883136
11/21/1970,29.449472
11/22/1970,30.298976
11/23/1970,30.298976
11/24/1970,30.298976
11/25/1970,31.14848
11/26/1970,31.14848
11/27/1970,30.298976
11/28/1970,30.298976
11/29/1970,30.298976
11/30/1970,29.449472
12/1/1970,29.449472
12/2/1970,27.9769984
12/3/1970,26.476208
12/4/1970,23.7011616
12/5/1970,17.414832
12/6/1970,15.6308736
12/7/1970,15.6308736
12/8/1970,13.5354304
12/9/1970,12.2045408
12/10/1970,11.4399872
12/11/1970,10.9586016
12/12/1970,10.477216
12/13/1970,10.194048
12/14/1970,10.0241472
12/15/1970,9.7409792
12/16/1970,9.486128
12/17/1970,9.1180096
12/18/1970,8.9481088
12/19/1970,8.8631584
12/20/1970,8.9481088
12/21/1970,9.4011776
12/22/1970,9.6560288
12/23/1970,10.0241472
12/24/1970,10.3922656
12/25/1970,11.043552
12/26/1970,11.8364224
12/27/1970,13.4221632
12/28/1970,15.0645376
12/29/1970,17.414832
12/30/1970,19.255424
12/31/1970,20.5013632
1/1/1971,19.8783936
1/2/1971,19.255424
1/3/1971,19.8783936
1/4/1971,18.6324544
1/5/1971,18.6324544
1/6/1971,17.414832
1/7/1971,17.414832
1/8/1971,16.8201792
1/9/1971,16.2255264
1/10/1971,15.0645376
1/11/1971,14.4982016
1/12/1971,13.733648
1/13/1971,13.2239456
1/14/1971,12.7142432
1/15/1971,12.4027584
1/16/1971,12.317808
1/17/1971,12.5160256
1/18/1971,12.7142432
1/19/1971,12.5160256
1/20/1971,12.4027584
1/21/1971,12.317808
1/22/1971,11.9213728
1/23/1971,11.6382048
1/24/1971,11.5249376
1/25/1971,11.1568192
1/26/1971,10.8736512
1/27/1971,10.3073152
1/28/1971,9.7409792
1/29/1971,9.5710784
1/30/1971,9.7409792
1/31/1971,10.1090976
2/1/1971,10.1090976
2/2/1971,10.1090976
2/3/1971,10.0241472
2/4/1971,9.9391968
2/5/1971,9.9391968
2/6/1971,9.7409792
2/7/1971,9.7409792
2/8/1971,9.5710784
2/9/1971,9.5710784
2/10/1971,9.5710784
2/11/1971,9.5710784
2/12/1971,9.7409792
2/13/1971,9.5710784
2/14/1971,9.3162272
2/15/1971,8.4384064
2/16/1971,7.78712
2/17/1971,7.645536
2/18/1971,7.3906848
2/19/1971,7.2491008
2/20/1971,6.9942496
2/21/1971,7.0792
2/22/1971,7.0792
2/23/1971,7.3906848
2/24/1971,10.5621664
2/25/1971,15.6308736
2/26/1971,19.255424
2/27/1971,21.1243328
2/28/1971,21.7473024
3/1/1971,22.3985888
3/2/1971,23.0498752
3/3/1971,22.3985888
3/4/1971,21.1243328
3/5/1971,20.5013632
3/6/1971,21.1243328
3/7/1971,21.7473024
3/8/1971,21.7473024
3/9/1971,20.5013632
3/10/1971,18.6324544
3/11/1971,16.2255264
3/12/1971,14.4982016
3/13/1971,13.733648
3/14/1971,13.6486976
3/15/1971,14.0734496
3/16/1971,13.9601824
3/17/1971,13.733648
3/18/1971,14.0734496
3/19/1971,13.9601824
3/20/1971,13.5354304
3/21/1971,12.9124608
3/22/1971,12.5160256
3/23/1971,12.2045408
3/24/1971,11.8364224
3/25/1971,11.4399872
3/26/1971,11.2417696
3/27/1971,11.1568192
3/28/1971,10.9586016
3/29/1971,10.8736512
3/30/1971,10.760384
3/31/1971,10.5621664
4/1/1971,10.477216
4/2/1971,10.3922656
4/3/1971,9.8542464
4/4/1971,9.1180096
4/5/1971,8.211872
4/6/1971,7.4756352
4/7/1971,6.796032
4/8/1971,6.2863296
4/9/1971,5.8615776
4/10/1971,5.4085088
4/11/1971,5.097024
4/12/1971,4.9837568
4/13/1971,4.9271232
4/14/1971,4.7572224
4/15/1971,4.6439552
4/16/1971,4.4740544
4/17/1971,4.530688
4/18/1971,4.4740544
4/19/1971,4.4740544
4/20/1971,4.4740544
4/21/1971,6.2013792
4/22/1971,13.4221632
4/23/1971,15.6308736
4/24/1971,14.4982016
4/25/1971,14.4982016
4/26/1971,12.7142432
4/27/1971,10.9586016
4/28/1971,9.4011776
4/29/1971,8.1269216
4/30/1971,7.2491008
5/1/1971,6.3429632
5/2/1971,5.8615776
5/3/1971,5.4085088
5/4/1971,4.9271232
5/5/1971,4.5873216
5/6/1971,4.4740544
5/7/1971,4.6439552
5/8/1971,4.4174208
5/9/1971,4.3607872
5/10/1971,3.9926688
5/11/1971,4.9271232
5/12/1971,10.1090976
5/13/1971,9.486128
5/14/1971,13.025728
5/15/1971,21.7473024
5/16/1971,25.768288
5/17/1971,27.184128
5/18/1971,27.9769984
5/19/1971,30.298976
5/20/1971,31.714816
5/21/1971,32.56432
5/22/1971,28.599968
5/23/1971,19.8783936
5/24/1971,14.4982016
5/25/1971,13.1106784
5/26/1971,11.7231552
5/27/1971,10.0241472
5/28/1971,8.4384064
5/29/1971,7.7021696
5/30/1971,7.3906848
5/31/1971,6.5694976
6/1/1971,5.7199936
6/2/1971,5.238608
6/3/1971,4.8704896
6/4/1971,4.3041536
6/5/1971,3.9360352
6/6/1971,3.6245504
6/7/1971,3.5112832
6/8/1971,3.2847488
6/9/1971,3.1431648
6/10/1971,2.9449472
6/11/1971,2.7467296
6/12/1971,2.6617792
6/13/1971,2.4352448
6/14/1971,2.2936608
6/15/1971,2.0954432
6/16/1971,2.0104928
6/17/1971,1.982176
6/18/1971,2.0954432
6/19/1971,2.6617792
6/20/1971,2.5201952
6/21/1971,2.2936608
6/22/1971,2.1803936
6/23/1971,2.265344
6/24/1971,1.9255424
6/25/1971,1.7839584
6/26/1971,1.7839584
6/27/1971,2.0954432
6/28/1971,2.5768288
6/29/1971,2.83168
6/30/1971,2.9449472
7/1/1971,2.6051456
7/2/1971,2.6617792
7/3/1971,2.265344
7/4/1971,1.982176
7/5/1971,1.840592
7/6/1971,1.982176
7/7/1971,1.982176
7/8/1971,1.8122752
7/9/1971,1.6140576
7/10/1971,1.4724736
7/11/1971,1.3592064
7/12/1971,1.274256
7/13/1971,1.2459392
7/14/1971,1.0760384
7/15/1971,1.0194048
7/16/1971,0.9344544
7/17/1971,0.849504
7/18/1971,0.7362368
7/19/1971,0.6796032
7/20/1971,0.6796032
7/21/1971,0.70792
7/22/1971,0.7362368
7/23/1971,0.6512864
7/24/1971,0.5946528
7/25/1971,0.5946528
7/26/1971,0.6229696
7/27/1971,0.6512864
7/28/1971,0.70792
7/29/1971,0.7362368
7/30/1971,0.7645536
7/31/1971,0.8211872
8/1/1971,0.7645536
8/2/1971,0.7645536
8/3/1971,1.1609888
8/4/1971,1.6423744
8/5/1971,2.5201952
8/6/1971,3.681184
8/7/1971,4.9837568
8/8/1971,4.4740544
8/9/1971,3.681184
8/10/1971,3.1997984
8/11/1971,2.8033632
8/12/1971,3.3413824
8/13/1971,3.1431648
8/14/1971,2.8033632
8/15/1971,2.4918784
8/16/1971,2.12376
8/17/1971,1.9255424
8/18/1971,1.6706912
8/19/1971,1.6140576
8/20/1971,1.5857408
8/21/1971,1.5857408
8/22/1971,1.6706912
8/23/1971,2.0954432
8/24/1971,2.265344
8/25/1971,1.982176
8/26/1971,1.699008
8/27/1971,1.699008
8/28/1971,1.6423744
8/29/1971,1.7839584
8/30/1971,1.7839584
8/31/1971,1.5007904
9/1/1971,1.7556416
9/2/1971,2.0104928
9/3/1971,2.0104928
9/4/1971,2.12376
9/5/1971,2.4352448
9/6/1971,2.7184128
9/7/1971,2.0954432
9/8/1971,1.6140576
9/9/1971,1.3592064
9/10/1971,1.3308896
9/11/1971,1.2459392
9/12/1971,1.2459392
9/13/1971,1.41584
9/14/1971,1.5857408
9/15/1971,1.5291072
9/16/1971,1.5007904
9/17/1971,1.5291072
9/18/1971,1.5291072
9/19/1971,2.4352448
9/20/1971,2.9449472
9/21/1971,2.7467296
9/22/1971,2.9449472
9/23/1971,2.4918784
9/24/1971,1.9255424
9/25/1971,1.699008
9/26/1971,1.6140576
9/27/1971,1.5857408
9/28/1971,1.6140576
9/29/1971,2.7467296
9/30/1971,4.1625696
10/1/1971,3.6245504
10/2/1971,3.0865312
10/3/1971,2.7184128
10/4/1971,2.6051456
10/5/1971,2.5201952
10/6/1971,2.6617792
10/7/1971,3.4546496
10/8/1971,2.8883136
10/9/1971,2.4352448
10/10/1971,2.83168
10/11/1971,2.6617792
10/12/1971,2.4352448
10/13/1971,2.4352448
10/14/1971,2.1803936
10/15/1971,1.9255424
10/16/1971,5.1536576
10/17/1971,15.0645376
10/18/1971,18.0094848
10/19/1971,9.1180096
10/20/1971,12.4027584
10/21/1971,19.255424
10/22/1971,8.9481088
10/23/1971,5.0403904
10/24/1971,3.7095008
10/25/1971,2.8883136
10/26/1971,2.6051456
10/27/1971,3.398016
10/28/1971,3.5112832
10/29/1971,3.1997984
10/30/1971,3.0015808
10/31/1971,3.0015808
11/1/1971,3.0865312
11/2/1971,3.0015808
11/3/1971,2.8883136
11/4/1971,2.5768288
11/5/1971,2.3502944
11/6/1971,2.1520768
11/7/1971,1.982176
11/8/1971,1.8689088
11/9/1971,1.7839584
11/10/1971,1.699008
11/11/1971,1.6423744
11/12/1971,1.5857408
11/13/1971,1.5291072
11/14/1971,1.5007904
11/15/1971,1.4441568
11/16/1971,1.4441568
11/17/1971,1.3875232
11/18/1971,2.4918784
11/19/1971,4.813856
11/20/1971,5.946528
11/21/1971,7.7021696
11/22/1971,6.5694976
11/23/1971,5.66336
11/24/1971,5.7199936
11/25/1971,7.0792
11/26/1971,7.2491008
11/27/1971,7.1641504
11/28/1971,7.8720704
11/29/1971,8.5233568
11/30/1971,8.5233568
12/1/1971,8.6083072
12/2/1971,12.9124608
12/3/1971,28.883136
12/4/1971,30.298976
12/5/1971,36.528672
12/6/1971,73.62368
12/7/1971,70.225664
12/8/1971,56.6336
12/9/1971,41.342528
12/10/1971,35.112832
12/11/1971,33.413824
12/12/1971,48.13856
12/13/1971,66.827648
12/14/1971,51.536576
12/15/1971,37.944512
12/16/1971,41.342528
12/17/1971,63.429632
12/18/1971,54.934592
12/19/1971,36.528672
12/20/1971,27.184128
12/21/1971,22.3985888
12/22/1971,19.8783936
12/23/1971,18.0094848
12/24/1971,15.6308736
12/25/1971,14.4982016
12/26/1971,13.4221632
12/27/1971,12.4027584
12/28/1971,11.3550368
12/29/1971,10.8736512
12/30/1971,10.1090976
12/31/1971,10.1090976
1/1/1972,15.6308736
1/2/1972,21.1243328
1/3/1972,36.528672
1/4/1972,78.720704
1/5/1972,73.62368
1/6/1972,53.235584
1/7/1972,46.439552
1/8/1972,43.041536
1/9/1972,43.041536
1/10/1972,53.235584
1/11/1972,48.13856
1/12/1972,44.740544
1/13/1972,43.041536
1/14/1972,43.041536
1/15/1972,43.041536
1/16/1972,44.740544
1/17/1972,44.740544
1/18/1972,44.740544
1/19/1972,43.041536
1/20/1972,44.740544
1/21/1972,60.031616
1/22/1972,51.536576
1/23/1972,41.342528
1/24/1972,35.962336
1/25/1972,27.9769984
1/26/1972,21.7473024
1/27/1972,18.6324544
1/28/1972,17.414832
1/29/1972,17.414832
1/30/1972,77.021696
1/31/1972,133.08896
2/1/1972,143.283008
2/2/1972,129.690944
2/3/1972,107.60384
2/4/1972,92.312768
2/5/1972,82.11872
2/6/1972,63.429632
2/7/1972,51.536576
2/8/1972,39.64352
2/9/1972,34.263328
2/10/1972,30.298976
2/11/1972,28.883136
2/12/1972,28.883136
2/13/1972,26.476208
2/14/1972,25.060368
2/15/1972,23.0498752
2/16/1972,21.7473024
2/17/1972,21.1243328
2/18/1972,19.8783936
2/19/1972,18.6324544
2/20/1972,17.414832
2/21/1972,16.8201792
2/22/1972,15.0645376
2/23/1972,14.2716672
2/24/1972,13.5354304
2/25/1972,13.1106784
2/26/1972,12.5160256
2/27/1972,12.2045408
2/28/1972,11.9213728
2/29/1972,11.5249376
3/1/1972,11.6382048
3/2/1972,12.7991936
3/3/1972,14.3849344
3/4/1972,13.5354304
3/5/1972,14.4982016
3/6/1972,16.2255264
3/7/1972,15.6308736
3/8/1972,14.4982016
3/9/1972,13.4221632
3/10/1972,12.600976
3/11/1972,11.6382048
3/12/1972,10.760384
3/13/1972,10.3922656
3/14/1972,9.9391968
3/15/1972,9.7409792
3/16/1972,15.0645376
3/17/1972,16.8201792
3/18/1972,15.6308736
3/19/1972,13.308896
3/20/1972,13.733648
3/21/1972,154.043392
3/22/1972,144.982016
3/23/1972,95.710784
3/24/1972,56.6336
3/25/1972,54.934592
3/26/1972,53.235584
3/27/1972,43.041536
3/28/1972,36.528672
3/29/1972,60.031616
3/30/1972,56.6336
3/31/1972,53.235584
4/1/1972,43.041536
4/2/1972,32.56432
4/3/1972,26.476208
4/4/1972,21.7473024
4/5/1972,18.6324544
4/6/1972,16.8201792
4/7/1972,15.6308736
4/8/1972,14.4982016
4/9/1972,14.4982016
4/10/1972,14.3849344
4/11/1972,13.8469152
4/12/1972,12.7991936
4/13/1972,12.0063232
4/14/1972,11.2417696
4/15/1972,10.194048
4/16/1972,10.1090976
4/17/1972,8.778208
4/18/1972,7.9570208
4/19/1972,7.3906848
4/20/1972,6.9942496
4/21/1972,8.2685056
4/22/1972,15.0645376
4/23/1972,10.3073152
4/24/1972,7.7021696
4/25/1972,6.9942496
4/26/1972,6.7110816
4/27/1972,17.273248
4/28/1972,111.568192
4/29/1972,95.710784
4/30/1972,63.429632
5/1/1972,48.13856
5/2/1972,77.588032
5/3/1972,126.292928
5/4/1972,124.59392
5/5/1972,112.700864
5/6/1972,99.1088
5/7/1972,85.516736
5/8/1972,61.730624
5/9/1972,37.378176
5/10/1972,23.0498752
5/11/1972,16.8201792
5/12/1972,37.095008
5/13/1972,83.817728
5/14/1972,63.429632
5/15/1972,37.944512
5/16/1972,30.298976
5/17/1972,21.1243328
5/18/1972,14.3849344
5/19/1972,10.8736512
5/20/1972,9.3162272
5/21/1972,7.2491008
5/22/1972,6.5694976
5/23/1972,5.7199936
5/24/1972,5.5500928
5/25/1972,5.4651424
5/26/1972,4.813856
5/27/1972,4.530688
5/28/1972,4.4740544
5/29/1972,4.3607872
5/30/1972,4.1625696
5/31/1972,3.9360352
6/1/1972,3.7095008
6/2/1972,3.2847488
6/3/1972,3.0865312
6/4/1972,2.8033632
6/5/1972,2.5768288
6/6/1972,2.4352448
6/7/1972,2.3502944
6/8/1972,2.1803936
6/9/1972,2.0104928
6/10/1972,1.9255424
6/11/1972,1.8122752
6/12/1972,2.0104928
6/13/1972,2.0104928
6/14/1972,2.0104928
6/15/1972,2.5201952
6/16/1972,4.9271232
6/17/1972,7.0792
6/18/1972,10.9586016
6/19/1972,14.4982016
6/20/1972,16.2255264
6/21/1972,14.2716672
6/22/1972,11.6382048
6/23/1972,9.1180096
6/24/1972,7.3906848
6/25/1972,6.4845472
6/26/1972,5.804944
6/27/1972,5.1536576
6/28/1972,4.4740544
6/29/1972,4.105936
6/30/1972,3.7661344
7/1/1972,3.9360352
7/2/1972,3.7661344
7/3/1972,3.4546496
7/4/1972,3.1997984
7/5/1972,2.8883136
7/6/1972,2.6617792
7/7/1972,2.5768288
7/8/1972,9.1180096
7/9/1972,19.255424
7/10/1972,16.8201792
7/11/1972,10.760384
7/12/1972,8.5233568
7/13/1972,6.7110816
7/14/1972,5.66336
7/15/1972,4.7005888
7/16/1972,4.0493024
7/17/1972,5.66336
7/18/1972,6.3429632
7/19/1972,6.2013792
7/20/1972,6.2013792
7/21/1972,6.2013792
7/22/1972,5.66336
7/23/1972,4.9271232
7/24/1972,4.3607872
7/25/1972,3.9926688
7/26/1972,3.7095008
7/27/1972,3.398016
7/28/1972,3.256432
7/29/1972,3.0015808
7/30/1972,2.7467296
7/31/1972,2.4352448
8/1/1972,2.5201952
8/2/1972,2.4352448
8/3/1972,2.1803936
8/4/1972,2.0104928
8/5/1972,1.9255424
8/6/1972,1.840592
8/7/1972,1.840592
8/8/1972,1.840592
8/9/1972,1.7839584
8/10/1972,1.8972256
8/11/1972,2.3786112
8/12/1972,2.265344
8/13/1972,1.9255424
8/14/1972,1.8972256
8/15/1972,4.3041536
8/16/1972,3.0298976
8/17/1972,5.238608
8/18/1972,3.5112832
8/19/1972,3.5112832
8/20/1972,3.822768
8/21/1972,3.398016
8/22/1972,2.7467296
8/23/1972,2.3502944
8/24/1972,2.2936608
8/25/1972,1.982176
8/26/1972,2.5201952
8/27/1972,2.9449472
8/28/1972,2.8883136
8/29/1972,3.0015808
8/30/1972,2.4352448
8/31/1972,1.982176
9/1/1972,2.0388096
9/2/1972,1.9255424
9/3/1972,1.8122752
9/4/1972,1.6706912
9/5/1972,1.6140576
9/6/1972,1.6140576
9/7/1972,1.6423744
9/8/1972,1.4724736
9/9/1972,1.3592064
9/10/1972,1.3025728
9/11/1972,1.3025728
9/12/1972,1.7556416
9/13/1972,1.699008
9/14/1972,1.6140576
9/15/1972,1.4724736
9/16/1972,1.3308896
9/17/1972,1.274256
9/18/1972,2.0388096
9/19/1972,2.3786112
9/20/1972,1.699008
9/21/1972,1.6706912
9/22/1972,1.4724736
9/23/1972,3.0865312
9/24/1972,3.2847488
9/25/1972,2.3786112
9/26/1972,2.2087104
9/27/1972,7.5605856
9/28/1972,7.3057344
9/29/1972,5.5500928
9/30/1972,10.760384
10/1/1972,5.946528
10/2/1972,5.66336
10/3/1972,4.9837568
10/4/1972,4.9271232
10/5/1972,4.9837568
10/6/1972,4.8704896
10/7/1972,4.7005888
10/8/1972,4.7005888
10/9/1972,4.24752
10/10/1972,3.7661344
10/11/1972,3.2847488
10/12/1972,2.9449472
10/13/1972,2.5768288
10/14/1972,2.3502944
10/15/1972,2.1803936
10/16/1972,1.9255424
10/17/1972,1.840592
10/18/1972,1.699008
10/19/1972,1.5857408
10/20/1972,1.5007904
10/21/1972,1.5007904
10/22/1972,1.6423744
10/23/1972,2.3502944
10/24/1972,2.0954432
10/25/1972,4.9271232
10/26/1972,15.0645376
10/27/1972,15.6308736
10/28/1972,11.4399872
10/29/1972,10.5621664
10/30/1972,12.7991936
10/31/1972,18.0094848
11/1/1972,25.768288
11/2/1972,27.184128
11/3/1972,31.714816
11/4/1972,32.56432
11/5/1972,41.342528
11/6/1972,41.342528
11/7/1972,35.679168
11/8/1972,27.9769984
11/9/1972,21.7473024
11/10/1972,18.6324544
11/11/1972,18.0094848
11/12/1972,17.414832
11/13/1972,21.1243328
11/14/1972,21.7473024
11/15/1972,27.9769984
11/16/1972,25.768288
11/17/1972,26.476208
11/18/1972,31.14848
11/19/1972,36.528672
11/20/1972,31.714816
11/21/1972,27.184128
11/22/1972,27.9769984
11/23/1972,27.9769984
11/24/1972,26.476208
11/25/1972,30.298976
11/26/1972,28.883136
11/27/1972,28.883136
11/28/1972,25.768288
11/29/1972,25.060368
11/30/1972,23.7011616
12/1/1972,21.1243328
12/2/1972,18.6324544
12/3/1972,16.8201792
12/4/1972,15.6308736
12/5/1972,14.4982016
12/6/1972,13.4221632
12/7/1972,12.7991936
12/8/1972,12.317808
12/9/1972,11.9213728
12/10/1972,23.0498752
12/11/1972,37.378176
12/12/1972,31.714816
12/13/1972,43.041536
12/14/1972,56.6336
12/15/1972,80.419712
12/16/1972,87.215744
12/17/1972,90.61376
12/18/1972,73.62368
12/19/1972,68.526656
12/20/1972,70.225664
12/21/1972,75.322688
12/22/1972,75.322688
12/23/1972,70.225664
12/24/1972,60.031616
12/25/1972,49.837568
12/26/1972,37.378176
12/27/1972,30.298976
12/28/1972,25.768288
12/29/1972,22.3985888
12/30/1972,21.1243328
12/31/1972,22.3985888
1/1/1973,37.944512
1/2/1973,58.332608
1/3/1973,73.62368
1/4/1973,90.61376
1/5/1973,87.215744
1/6/1973,114.399872
1/7/1973,124.59392
1/8/1973,143.283008
1/9/1973,144.982016
1/10/1973,151.778048
1/11/1973,143.283008
1/12/1973,138.185984
1/13/1973,141.584
1/14/1973,146.681024
1/15/1973,148.380032
1/16/1973,144.982016
1/17/1973,138.185984
1/18/1973,124.59392
1/19/1973,104.205824
1/20/1973,87.215744
1/21/1973,142.150336
1/22/1973,121.195904
1/23/1973,83.817728
1/24/1973,70.225664
1/25/1973,70.225664
1/26/1973,121.195904
1/27/1973,121.195904
1/28/1973,121.195904
1/29/1973,105.904832
1/30/1973,95.710784
1/31/1973,92.312768
2/1/1973,109.302848
2/2/1973,107.60384
2/3/1973,94.011776
2/4/1973,83.817728
2/5/1973,70.225664
2/6/1973,63.429632
2/7/1973,60.031616
2/8/1973,70.225664
2/9/1973,112.700864
2/10/1973,112.700864
2/11/1973,100.807808
2/12/1973,87.215744
2/13/1973,85.516736
2/14/1973,138.185984
2/15/1973,131.389952
2/16/1973,117.797888
2/17/1973,95.710784
2/18/1973,77.021696
2/19/1973,63.429632
2/20/1973,56.6336
2/21/1973,53.235584
2/22/1973,48.13856
2/23/1973,46.439552
2/24/1973,49.837568
2/25/1973,46.439552
2/26/1973,44.740544
2/27/1973,43.041536
2/28/1973,41.342528
3/1/1973,41.342528
3/2/1973,39.64352
3/3/1973,44.740544
3/4/1973,105.904832
3/5/1973,97.409792
3/6/1973,80.419712
3/7/1973,95.710784
3/8/1973,104.205824
3/9/1973,99.1088
3/10/1973,90.61376
3/11/1973,97.409792
3/12/1973,94.011776
3/13/1973,83.817728
3/14/1973,80.419712
3/15/1973,87.215744
3/16/1973,169.334464
3/17/1973,195.38592
3/18/1973,189.72256
3/19/1973,176.98
3/20/1973,150.07904
3/21/1973,124.59392
3/22/1973,102.506816
3/23/1973,92.312768
3/24/1973,125.726592
3/25/1973,158.57408
3/26/1973,173.298816
3/27/1973,207.278976
3/28/1973,252.869024
3/29/1973,311.4848
3/30/1973,336.96992
3/31/1973,325.6432
4/1/1973,300.15808
4/2/1973,266.744256
4/3/1973,231.065088
4/4/1973,199.350272
4/5/1973,174.997824
4/6/1973,160.273088
4/7/1973,162.255264
4/8/1973,162.255264
4/9/1973,165.936448
4/10/1973,165.936448
4/11/1973,160.273088
4/12/1973,156.875072
4/13/1973,151.778048
4/14/1973,144.982016
4/15/1973,156.875072
4/16/1973,246.922496
4/17/1973,311.4848
4/18/1973,453.0688
4/19/1973,546.51424
4/20/1973,540.85088
4/21/1973,487.04896
4/22/1973,427.58368
4/23/1973,368.1184
4/24/1973,317.14816
4/25/1973,268.726432
4/26/1973,229.082912
4/27/1973,195.38592
4/28/1973,169.617632
4/29/1973,151.778048
4/30/1973,146.681024
5/1/1973,155.176064
5/2/1973,182.360192
5/3/1973,250.886848
5/4/1973,272.690784
5/5/1973,285.99968
5/6/1973,283.168
5/7/1973,300.15808
5/8/1973,305.82144
5/9/1973,311.4848
5/10/1973,311.4848
5/11/1973,297.3264
5/12/1973,272.690784
5/13/1973,248.904672
5/14/1973,221.154208
5/15/1973,191.704736
5/16/1973,165.936448
5/17/1973,144.982016
5/18/1973,131.389952
5/19/1973,121.195904
5/20/1973,111.001856
5/21/1973,104.205824
5/22/1973,97.409792
5/23/1973,91.180096
5/24/1973,87.498912
5/25/1973,83.251392
5/26/1973,79.28704
5/27/1973,74.756352
5/28/1973,68.809824
5/29/1973,63.995968
5/30/1973,60.88112
5/31/1973,58.898944
6/1/1973,56.350432
6/2/1973,51.819744
6/3/1973,45.023712
6/4/1973,40.493024
6/5/1973,43.041536
6/6/1973,51.536576
6/7/1973,51.536576
6/8/1973,43.89104
6/9/1973,39.926688
6/10/1973,38.22768
6/11/1973,49.837568
6/12/1973,86.649408
6/13/1973,152.344384
6/14/1973,239.560128
6/15/1973,532.35584
6/16/1973,855.16736
6/17/1973,940.11776
6/18/1973,877.8208
6/19/1973,758.89024
6/20/1973,617.30624
6/21/1973,523.8608
6/22/1973,467.2272
6/23/1973,424.752
6/24/1973,379.44512
6/25/1973,328.47488
6/26/1973,278.637312
6/27/1973,236.728448
6/28/1973,195.952256
6/29/1973,163.671104
6/30/1973,139.884992
7/1/1973,122.894912
7/2/1973,109.302848
7/3/1973,100.807808
7/4/1973,92.879104
7/5/1973,92.879104
7/6/1973,121.195904
7/7/1973,119.496896
7/8/1973,116.09888
7/9/1973,111.001856
7/10/1973,94.86128
7/11/1973,75.605856
7/12/1973,70.792
7/13/1973,91.746432
7/14/1973,63.146464
7/15/1973,47.855392
7/16/1973,41.05936
7/17/1973,37.661344
7/18/1973,33.98016
7/19/1973,31.997984
7/20/1973,32.56432
7/21/1973,33.413824
7/22/1973,35.679168
7/23/1973,43.041536
7/24/1973,28.599968
7/25/1973,24.8904672
7/26/1973,21.8888864
7/27/1973,51.536576
7/28/1973,37.661344
7/29/1973,30.015808
7/30/1973,28.2601664
7/31/1973,24.4657152
8/1/1973,20.1332448
8/2/1973,20.1332448
8/3/1973,18.7174048
8/4/1973,15.57424
8/5/1973,16.2538432
8/6/1973,20.7845312
8/7/1973,24.8621504
8/8/1973,24.8621504
8/9/1973,25.3718528
8/10/1973,26.19304
8/11/1973,26.759376
8/12/1973,27.60888
8/13/1973,26.617792
8/14/1973,21.9172032
8/15/1973,15.57424
8/16/1973,13.45048
8/17/1973,12.3461248
8/18/1973,12.5726592
8/19/1973,11.3833536
8/20/1973,10.4488992
8/21/1973,9.5993952
8/22/1973,9.0896928
8/23/1973,8.8348416
8/24/1973,8.7498912
8/25/1973,8.6649408
8/26/1973,8.4100896
8/27/1973,8.2401888
8/28/1973,9.344544
8/29/1973,23.1914592
8/30/1973,14.8946368
8/31/1973,11.9496896
9/1/1973,9.0896928
9/2/1973,7.8720704
9/3/1973,7.0225664
9/4/1973,8.4100896
9/5/1973,98.542464
9/6/1973,94.578112
9/7/1973,82.968224
9/8/1973,79.853376
9/9/1973,88.348416
9/10/1973,87.78208
9/11/1973,79.853376
9/12/1973,71.924672
9/13/1973,71.358336
9/14/1973,71.358336
9/15/1973,58.898944
9/16/1973,54.368256
9/17/1973,53.235584
9/18/1973,52.952416
9/19/1973,52.669248
9/20/1973,52.952416
9/21/1973,53.518752
9/22/1973,54.368256
9/23/1973,55.784096
9/24/1973,58.898944
9/25/1973,61.447456
9/26/1973,62.863296
9/27/1973,66.827648
9/28/1973,71.075168
9/29/1973,75.605856
9/30/1973,80.70288
10/1/1973,75.322688
10/2/1973,69.942496
10/3/1973,68.526656
10/4/1973,69.092992
10/5/1973,69.942496
10/6/1973,66.261312
10/7/1973,57.199936
10/8/1973,48.704896
10/9/1973,43.041536
10/10/1973,40.776192
10/11/1973,43.607872
10/12/1973,57.199936
10/13/1973,107.60384
10/14/1973,120.3464
10/15/1973,127.991936
10/16/1973,180.944352
10/17/1973,168.48496
10/18/1973,161.40576
10/19/1973,170.467136
10/20/1973,202.181952
10/21/1973,237.86112
10/22/1973,252.585856
10/23/1973,250.320512
10/24/1973,237.294784
10/25/1973,220.87104
10/26/1973,203.597792
10/27/1973,188.589888
10/28/1973,175.56416
10/29/1973,164.23744
10/30/1973,155.176064
10/31/1973,206.429472
11/1/1973,224.552224
11/2/1973,238.427456
11/3/1973,237.86112
11/4/1973,227.667072
11/5/1973,300.15808
11/6/1973,359.62336
11/7/1973,416.25696
11/8/1973,404.93024
11/9/1973,356.79168
11/10/1973,311.4848
11/11/1973,269.575936
11/12/1973,232.480928
11/13/1973,196.80176
11/14/1973,163.671104
11/15/1973,128.558272
11/16/1973,99.1088
11/17/1973,84.667232
11/18/1973,76.172192
11/19/1973,70.792
11/20/1973,70.792
11/21/1973,71.358336
11/22/1973,70.508832
11/23/1973,71.924672
11/24/1973,71.358336
11/25/1973,72.491008
11/26/1973,77.304864
11/27/1973,80.419712
11/28/1973,81.269216
11/29/1973,76.738528
11/30/1973,73.906848
12/1/1973,75.889024
12/2/1973,82.11872
12/3/1973,121.76224
12/4/1973,209.261152
12/5/1973,210.96016
12/6/1973,213.225504
12/7/1973,220.304704
12/8/1973,223.136384
12/9/1973,223.985888
12/10/1973,222.570048
12/11/1973,218.03936
12/12/1973,212.659168
12/13/1973,204.447296
12/14/1973,192.837408
12/15/1973,179.528512
12/16/1973,167.352288
12/17/1973,158.007744
12/18/1973,151.211712
12/19/1973,163.954272
12/20/1973,194.819584
12/21/1973,209.261152
12/22/1973,227.95024
12/23/1973,222.003712
12/24/1973,300.15808
12/25/1973,373.78176
12/26/1973,387.94016
12/27/1973,373.78176
12/28/1973,342.63328
12/29/1973,302.98976
12/30/1973,256.550208
12/31/1973,207.845312
1/1/1974,169.617632
1/2/1974,160.273088
1/3/1974,127.708768
1/4/1974,122.894912
1/5/1974,121.479072
1/6/1974,134.221632
1/7/1974,159.706752
1/8/1974,177.263168
1/9/1974,188.023552
1/10/1974,188.873056
1/11/1974,186.041376
1/12/1974,180.661184
1/13/1974,174.431488
1/14/1974,165.936448
1/15/1974,187.457216
1/16/1974,208.977984
1/17/1974,222.853216
1/18/1974,235.595776
1/19/1974,285.99968
1/20/1974,427.58368
1/21/1974,515.36576
1/22/1974,504.03904
1/23/1974,447.40544
1/24/1974,433.24704
1/25/1974,438.9104
1/26/1974,492.71232
1/27/1974,583.32608
1/28/1974,730.57344
1/29/1974,778.712
1/30/1974,719.24672
1/31/1974,625.80128
2/1/1974,555.00928
2/2/1974,495.544
2/3/1974,441.74208
2/4/1974,402.09856
2/5/1974,362.45504
2/6/1974,331.30656
2/7/1974,294.49472
2/8/1974,261.364064
2/9/1974,228.799744
2/10/1974,200.766112
2/11/1974,178.112672
2/12/1974,161.688928
2/13/1974,149.795872
2/14/1974,141.584
2/15/1974,142.99984
2/16/1974,158.857248
2/17/1974,145.83152
2/18/1974,133.655296
2/19/1974,123.744416
2/20/1974,114.116704
2/21/1974,115.532544
2/22/1974,121.76224
2/23/1974,112.417696
2/24/1974,107.887008
2/25/1974,104.488992
2/26/1974,99.391968
2/27/1974,94.011776
2/28/1974,89.481088
3/1/1974,86.36624
3/2/1974,85.233568
3/3/1974,84.667232
3/4/1974,83.817728
3/5/1974,83.251392
3/6/1974,82.685056
3/7/1974,82.685056
3/8/1974,82.968224
3/9/1974,83.817728
3/10/1974,84.667232
3/11/1974,85.516736
3/12/1974,85.516736
3/13/1974,86.083072
3/14/1974,83.53456
3/15/1974,79.28704
3/16/1974,74.473184
3/17/1974,69.659328
3/18/1974,65.694976
3/19/1974,62.863296
3/20/1974,60.88112
3/21/1974,62.013792
3/22/1974,65.978144
3/23/1974,68.243488
3/24/1974,65.978144
3/25/1974,69.942496
3/26/1974,76.45536
3/27/1974,91.746432
3/28/1974,82.968224
3/29/1974,77.021696
3/30/1974,72.774176
3/31/1974,68.809824
4/1/1974,65.694976
4/2/1974,62.863296
4/3/1974,60.031616
4/4/1974,57.199936
4/5/1974,54.368256
4/6/1974,51.536576
4/7/1974,48.421728
4/8/1974,45.590048
4/9/1974,42.4752
4/10/1974,39.64352
4/11/1974,51.536576
4/12/1974,159.706752
4/13/1974,80.419712
4/14/1974,48.13856
4/15/1974,43.041536
4/16/1974,41.05936
4/17/1974,40.776192
4/18/1974,40.209856
4/19/1974,39.64352
4/20/1974,39.077184
4/21/1974,38.794016
4/22/1974,38.510848
4/23/1974,38.510848
4/24/1974,38.510848
4/25/1974,37.378176
4/26/1974,35.962336
4/27/1974,33.98016
4/28/1974,32.281152
4/29/1974,30.582144
4/30/1974,28.883136
5/1/1974,27.60888
5/2/1974,26.759376
5/3/1974,26.19304
5/4/1974,25.2302688
5/5/1974,26.19304
5/6/1974,31.714816
5/7/1974,35.679168
5/8/1974,40.209856
5/9/1974,41.05936
5/10/1974,40.209856
5/11/1974,39.077184
5/12/1974,38.794016
5/13/1974,38.794016
5/14/1974,38.794016
5/15/1974,39.360352
5/16/1974,40.209856
5/17/1974,40.776192
5/18/1974,42.4752
5/19/1974,43.89104
5/20/1974,45.023712
5/21/1974,46.156384
5/22/1974,62.013792
5/23/1974,54.934592
5/24/1974,47.572224
5/25/1974,42.4752
5/26/1974,38.22768
5/27/1974,34.546496
5/28/1974,31.714816
5/29/1974,29.449472
5/30/1974,28.0619488
5/31/1974,29.166304
6/1/1974,31.714816
6/2/1974,35.112832
6/3/1974,35.962336
6/4/1974,35.396
6/5/1974,34.546496
6/6/1974,33.130656
6/7/1974,30.865312
6/8/1974,28.3168
6/9/1974,26.1364064
6/10/1974,26.6744256
6/11/1974,25.5983872
6/12/1974,22.228688
6/13/1974,20.5579968
6/14/1974,25.626704
6/15/1974,20.7278976
6/16/1974,25.9665056
6/17/1974,26.9859104
6/18/1974,27.7221472
6/19/1974,28.599968
6/20/1974,28.883136
6/21/1974,29.449472
6/22/1974,29.73264
6/23/1974,29.449472
6/24/1974,28.883136
6/25/1974,27.0991776
6/26/1974,24.4090816
6/27/1974,21.096016
6/28/1974,17.981168
6/29/1974,15.6308736
6/30/1974,13.875232
7/1/1974,12.6576096
7/2/1974,11.9213728
7/3/1974,10.8170176
7/4/1974,9.6560288
7/5/1974,8.636624
7/6/1974,7.7588032
7/7/1974,7.220784
7/8/1974,6.7110816
7/9/1974,6.654448
7/10/1974,5.8332608
7/11/1974,5.380192
7/12/1974,5.3235584
7/13/1974,5.2102912
7/14/1974,5.097024
7/15/1974,5.2102912
7/16/1974,5.1536576
7/17/1974,4.8988064
7/18/1974,4.8704896
7/19/1974,5.0687072
7/20/1974,5.097024
7/21/1974,4.95544
7/22/1974,4.7005888
7/23/1974,4.6439552
7/24/1974,4.7855392
7/25/1974,4.8421728
7/26/1974,4.672272
7/27/1974,4.389104
7/28/1974,4.1908864
7/29/1974,3.9926688
7/30/1974,3.822768
7/31/1974,3.964352
8/1/1974,4.0776192
8/2/1974,4.1908864
8/3/1974,5.2669248
8/4/1974,7.4473184
8/5/1974,5.5784096
8/6/1974,4.8421728
8/7/1974,4.4457376
8/8/1974,4.9837568
8/9/1974,5.1819744
8/10/1974,5.8615776
8/11/1974,5.2102912
8/12/1974,4.1342528
8/13/1974,3.964352
8/14/1974,3.964352
8/15/1974,3.8510848
8/16/1974,3.8510848
8/17/1974,4.1342528
8/18/1974,3.8510848
8/19/1974,3.681184
8/20/1974,3.5112832
8/21/1974,3.4263328
8/22/1974,3.4263328
8/23/1974,3.3130656
8/24/1974,3.114848
8/25/1974,3.114848
8/26/1974,3.256432
8/27/1974,3.2281152
8/28/1974,3.0582144
8/29/1974,3.0582144
8/30/1974,3.3130656
8/31/1974,4.0776192
9/1/1974,7.362368
9/2/1974,5.8898944
9/3/1974,8.49504
9/4/1974,10.194048
9/5/1974,10.194048
9/6/1974,9.5144448
9/7/1974,8.4100896
9/8/1974,8.49504
9/9/1974,13.9318656
9/10/1974,15.007904
9/11/1974,14.7813696
9/12/1974,16.5936448
9/13/1974,43.89104
9/14/1974,48.13856
9/15/1974,60.88112
9/16/1974,68.526656
9/17/1974,69.942496
9/18/1974,70.792
9/19/1974,71.358336
9/20/1974,69.942496
9/21/1974,66.261312
9/22/1974,60.031616
9/23/1974,53.235584
9/24/1974,50.120736
9/25/1974,49.5544
9/26/1974,49.5544
9/27/1974,49.837568
9/28/1974,50.403904
9/29/1974,50.687072
9/30/1974,50.687072
10/1/1974,50.403904
10/2/1974,50.403904
10/3/1974,49.837568
10/4/1974,49.837568
10/5/1974,49.271232
10/6/1974,48.421728
10/7/1974,47.005888
10/8/1974,45.023712
10/9/1974,41.625696
10/10/1974,37.095008
10/11/1974,31.714816
10/12/1974,26.3912576
10/13/1974,22.1437376
10/14/1974,19.3403744
10/15/1974,20.3031456
10/16/1974,17.981168
10/17/1974,18.1510688
10/18/1974,18.0944352
10/19/1974,18.4908704
10/20/1974,19.11384
10/21/1974,18.8589888
10/22/1974,18.3209696
10/23/1974,18.3776032
10/24/1974,18.2926528
10/25/1974,17.414832
10/26/1974,15.9706752
10/27/1974,14.5548352
10/28/1974,16.4803776
10/29/1974,37.944512
10/30/1974,33.413824
10/31/1974,44.740544
11/1/1974,98.259296
11/2/1974,107.320672
11/3/1974,123.744416
11/4/1974,150.645376
11/5/1974,172.449312
11/6/1974,164.23744
11/7/1974,134.5048
11/8/1974,109.586016
11/9/1974,94.011776
11/10/1974,89.481088
11/11/1974,126.292928
11/12/1974,132.805792
11/13/1974,146.397856
11/14/1974,149.512704
11/15/1974,147.530528
11/16/1974,143.283008
11/17/1974,141.867168
11/18/1974,139.318656
11/19/1974,148.6632
11/20/1974,161.972096
11/21/1974,164.520608
11/22/1974,160.273088
11/23/1974,150.928544
11/24/1974,162.255264
11/25/1974,181.510688
11/26/1974,174.714656
11/27/1974,177.829504
11/28/1974,171.599808
11/29/1974,161.972096
11/30/1974,158.007744
12/1/1974,149.229536
12/2/1974,139.035488
12/3/1974,129.124608
12/4/1974,119.213728
12/5/1974,109.01968
12/6/1974,133.08896
12/7/1974,138.75232
12/8/1974,130.823616
12/9/1974,124.59392
12/10/1974,124.027584
12/11/1974,127.4256
12/12/1974,131.106784
12/13/1974,134.5048
12/14/1974,136.486976
12/15/1974,159.423584
12/16/1974,170.750304
12/17/1974,179.528512
12/18/1974,181.510688
12/19/1974,173.298816
12/20/1974,157.724576
12/21/1974,139.601824
12/22/1974,122.894912
12/23/1974,111.285024
12/24/1974,109.302848
12/25/1974,161.972096
12/26/1974,173.298816
12/27/1974,190.005728
12/28/1974,188.873056
12/29/1974,177.829504
12/30/1974,172.73248
12/31/1974,164.23744
1/1/1975,157.441408
1/2/1975,146.964192
1/3/1975,161.688928
1/4/1975,164.23744
1/5/1975,161.122592
1/6/1975,154.892896
1/7/1975,150.928544
1/8/1975,150.645376
1/9/1975,142.150336
1/10/1975,155.7424
1/11/1975,165.936448
1/12/1975,165.086944
1/13/1975,161.122592
1/14/1975,152.061216
1/15/1975,142.150336
1/16/1975,132.239456
1/17/1975,121.76224
1/18/1975,171.033472
1/19/1975,186.89088
1/20/1975,187.174048
1/21/1975,191.704736
1/22/1975,187.174048
1/23/1975,182.360192
1/24/1975,171.31664
1/25/1975,156.308736
1/26/1975,137.902816
1/27/1975,116.665216
1/28/1975,98.259296
1/29/1975,88.065248
1/30/1975,81.835552
1/31/1975,77.8712
2/1/1975,105.621664
2/2/1975,174.14832
2/3/1975,148.380032
2/4/1975,210.393824
2/5/1975,222.28688
2/6/1975,230.215584
2/7/1975,240.409632
2/8/1975,250.60368
2/9/1975,263.063072
2/10/1975,266.461088
2/11/1975,255.983872
2/12/1975,235.595776
2/13/1975,210.393824
2/14/1975,186.041376
2/15/1975,165.65328
2/16/1975,163.954272
2/17/1975,176.696832
2/18/1975,222.853216
2/19/1975,265.328416
2/20/1975,297.3264
2/21/1975,311.4848
2/22/1975,305.82144
2/23/1975,294.49472
2/24/1975,269.859104
2/25/1975,238.144288
2/26/1975,205.863136
2/27/1975,173.865152
2/28/1975,146.397856
3/1/1975,127.708768
3/2/1975,115.249376
3/3/1975,105.055328
3/4/1975,99.675136
3/5/1975,97.976128
3/6/1975,92.879104
3/7/1975,88.348416
3/8/1975,82.968224
3/9/1975,78.154368
3/10/1975,74.756352
3/11/1975,71.641504
3/12/1975,69.092992
3/13/1975,81.269216
3/14/1975,80.70288
3/15/1975,74.190016
3/16/1975,69.942496
3/17/1975,70.508832
3/18/1975,101.94048
3/19/1975,99.958304
3/20/1975,97.976128
3/21/1975,94.86128
3/22/1975,90.330592
3/23/1975,84.100896
3/24/1975,75.322688
3/25/1975,67.677152
3/26/1975,63.995968
3/27/1975,62.013792
3/28/1975,64.279136
3/29/1975,77.304864
3/30/1975,94.578112
3/31/1975,108.736512
4/1/1975,114.399872
4/2/1975,108.736512
4/3/1975,99.1088
4/4/1975,89.19792
4/5/1975,80.136544
4/6/1975,72.774176
4/7/1975,67.110816
4/8/1975,69.942496
4/9/1975,83.817728
4/10/1975,80.419712
4/11/1975,78.437536
4/12/1975,76.45536
4/13/1975,73.057344
4/14/1975,103.35632
4/15/1975,127.142432
4/16/1975,131.67312
4/17/1975,127.708768
4/18/1975,121.195904
4/19/1975,111.285024
4/20/1975,95.427616
4/21/1975,82.11872
4/22/1975,82.401888
4/23/1975,73.057344
4/24/1975,67.393984
4/25/1975,63.7128
4/26/1975,61.164288
4/27/1975,59.46528
4/28/1975,58.332608
4/29/1975,62.29696
4/30/1975,92.879104
5/1/1975,109.302848
5/2/1975,120.912736
5/3/1975,116.948384
5/4/1975,165.370112
5/5/1975,199.067104
5/6/1975,224.835392
5/7/1975,245.506656
5/8/1975,280.619488
5/9/1975,294.49472
5/10/1975,325.6432
5/11/1975,339.8016
5/12/1975,317.14816
5/13/1975,278.92048
5/14/1975,239.27696
5/15/1975,203.314624
5/16/1975,181.22752
5/17/1975,161.40576
5/18/1975,146.681024
5/19/1975,134.787968
5/20/1975,124.59392
5/21/1975,117.797888
5/22/1975,109.586016
5/23/1975,102.506816
5/24/1975,101.657312
5/25/1975,97.126624
5/26/1975,95.144448
5/27/1975,85.799904
5/28/1975,88.348416
5/29/1975,94.011776
5/30/1975,91.180096
5/31/1975,91.180096
6/1/1975,92.312768
6/2/1975,90.896928
6/3/1975,88.348416
6/4/1975,84.9504
6/5/1975,80.986048
6/6/1975,75.03952
6/7/1975,69.659328
6/8/1975,67.393984
6/9/1975,77.304864
6/10/1975,96.843456
6/11/1975,95.710784
6/12/1975,98.259296
6/13/1975,101.374144
6/14/1975,119.496896
6/15/1975,124.027584
6/16/1975,134.221632
6/17/1975,123.461248
6/18/1975,107.60384
6/19/1975,88.914752
6/20/1975,79.28704
6/21/1975,75.605856
6/22/1975,62.29696
6/23/1975,57.199936
6/24/1975,50.403904
6/25/1975,47.005888
6/26/1975,59.748448
6/27/1975,77.588032
6/28/1975,83.251392
6/29/1975,77.588032
6/30/1975,78.720704
7/1/1975,84.9504
7/2/1975,84.384064
7/3/1975,83.53456
7/4/1975,82.968224
7/5/1975,89.764256
7/6/1975,92.595936
7/7/1975,90.61376
7/8/1975,87.215744
7/9/1975,80.986048
7/10/1975,74.190016
7/11/1975,77.304864
7/12/1975,72.774176
7/13/1975,62.580128
7/14/1975,53.518752
7/15/1975,44.457376
7/16/1975,39.926688
7/17/1975,41.05936
7/18/1975,34.829664
7/19/1975,29.449472
7/20/1975,26.2496736
7/21/1975,23.7577952
7/22/1975,24.3807648
7/23/1975,36.245504
7/24/1975,38.794016
7/25/1975,35.396
7/26/1975,30.865312
7/27/1975,25.6550208
7/28/1975,19.538592
7/29/1975,19.1704736
7/30/1975,19.9067104
7/31/1975,24.635616
8/1/1975,20.954432
8/2/1975,28.175216
8/3/1975,29.166304
8/4/1975,21.7189856
8/5/1975,39.926688
8/6/1975,46.156384
8/7/1975,34.546496
8/8/1975,26.1647232
8/9/1975,26.8443264
8/10/1975,20.6995808
8/11/1975,18.4342368
8/12/1975,16.9617632
8/13/1975,15.6875072
8/14/1975,13.592064
8/15/1975,11.1001856
8/16/1975,8.8348416
8/17/1975,7.7304864
8/18/1975,7.0792
8/19/1975,6.5978144
8/20/1975,6.3429632
8/21/1975,6.0597952
8/22/1975,5.8898944
8/23/1975,6.1730624
8/24/1975,7.928704
8/25/1975,8.4384064
8/26/1975,7.9003872
8/27/1975,10.7037504
8/28/1975,8.2968224
8/29/1975,7.3906848
8/30/1975,7.220784
8/31/1975,7.1075168
9/1/1975,6.8809824
9/2/1975,6.5411808
9/3/1975,6.1447456
9/4/1975,5.804944
9/5/1975,5.7483104
9/6/1975,5.4934592
9/7/1975,5.2952416
9/8/1975,4.9837568
9/9/1975,5.0403904
9/10/1975,5.2952416
9/11/1975,5.804944
9/12/1975,5.6916768
9/13/1975,7.6172192
9/14/1975,7.3906848
9/15/1975,6.2013792
9/16/1975,5.6067264
9/17/1975,4.95544
9/18/1975,4.8421728
9/19/1975,4.8421728
9/20/1975,4.7289056
9/21/1975,4.8988064
9/22/1975,5.4934592
9/23/1975,5.9182112
9/24/1975,6.0031616
9/25/1975,6.0314784
9/26/1975,6.0031616
9/27/1975,5.7199936
9/28/1975,5.3235584
9/29/1975,4.9271232
9/30/1975,4.6439552
10/1/1975,4.5023712
10/2/1975,4.2758368
10/3/1975,4.1625696
10/4/1975,3.9926688
10/5/1975,3.9926688
10/6/1975,3.964352
10/7/1975,3.8510848
10/8/1975,3.7378176
10/9/1975,3.681184
10/10/1975,3.5962336
10/11/1975,3.5396
10/12/1975,3.5396
10/13/1975,3.5396
10/14/1975,3.4829664
10/15/1975,3.5396
10/16/1975,4.8988064
10/17/1975,4.5590048
10/18/1975,4.389104
10/19/1975,4.2192032
10/20/1975,4.0493024
10/21/1975,3.8510848
10/22/1975,3.681184
10/23/1975,3.5396
10/24/1975,3.5962336
10/25/1975,37.378176
10/26/1975,72.20784
10/27/1975,47.572224
10/28/1975,40.493024
10/29/1975,35.962336
10/30/1975,32.847488
10/31/1975,28.883136
11/1/1975,25.9381888
11/2/1975,26.2213568
11/3/1975,56.067264
11/4/1975,66.827648
11/5/1975,74.190016
11/6/1975,67.110816
11/7/1975,59.46528
11/8/1975,48.988064
11/9/1975,36.81184
11/10/1975,27.3540288
11/11/1975,20.0199776
11/12/1975,15.6875072
11/13/1975,12.9690944
11/14/1975,11.609888
11/15/1975,10.7887008
11/16/1975,9.8825632
11/17/1975,9.486128
11/18/1975,9.1180096
11/19/1975,8.8631584
11/20/1975,8.919792
11/21/1975,8.7498912
11/22/1975,8.6649408
11/23/1975,8.636624
11/24/1975,8.5799904
11/25/1975,8.5799904
11/26/1975,9.7409792
11/27/1975,11.468304
11/28/1975,12.317808
11/29/1975,12.3744416
11/30/1975,12.7991936
12/1/1975,13.0540448
12/2/1975,14.2716672
12/3/1975,14.6681024
12/4/1975,13.167312
12/5/1975,12.3744416
12/6/1975,12.3461248
12/7/1975,12.4310752
12/8/1975,12.459392
12/9/1975,12.317808
12/10/1975,11.9780064
12/11/1975,11.4116704
12/12/1975,10.901968
12/13/1975,10.5055328
12/14/1975,10.2789984
12/15/1975,10.1374144
12/16/1975,10.7037504
12/17/1975,12.1195904
12/18/1975,12.3461248
12/19/1975,12.1195904
12/20/1975,11.7231552
12/21/1975,11.4399872
12/22/1975,11.32672
12/23/1975,11.32672
12/24/1975,13.5071136
12/25/1975,47.572224
12/26/1975,51.253408
12/27/1975,45.873216
12/28/1975,52.952416
12/29/1975,107.60384
12/30/1975,75.322688
12/31/1975,44.457376
1/1/1976,36.528672
1/2/1976,36.528672
1/3/1976,54.085088
1/4/1976,48.988064
1/5/1976,33.98016
1/6/1976,27.2690784
1/7/1976,24.6922496
1/8/1976,23.644528
1/9/1976,21.94552
1/10/1976,20.6146304
1/11/1976,20.1615616
1/12/1976,20.1332448
1/13/1976,19.7651264
1/14/1976,18.689088
1/15/1976,17.6413664
1/16/1976,17.131664
1/17/1976,16.3671104
1/18/1976,15.5459232
1/19/1976,14.8380032
1/20/1976,14.6681024
1/21/1976,15.9140416
1/22/1976,17.3298816
1/23/1976,17.4431488
1/24/1976,16.7918624
1/25/1976,23.5878944
1/26/1976,53.80192
1/27/1976,84.9504
1/28/1976,76.45536
1/29/1976,58.615776
1/30/1976,52.952416
1/31/1976,47.289056
2/1/1976,39.360352
2/2/1976,31.714816
2/3/1976,27.467296
2/4/1976,25.4001696
2/5/1976,23.8710624
2/6/1976,24.9471008
2/7/1976,28.2318496
2/8/1976,32.56432
2/9/1976,33.413824
2/10/1976,29.166304
2/11/1976,25.3152192
2/12/1976,23.5878944
2/13/1976,22.7667072
2/14/1976,22.3419552
2/15/1976,22.087104
2/16/1976,21.4358176
2/17/1976,20.3031456
2/18/1976,19.9916608
2/19/1976,31.14848
2/20/1976,39.360352
2/21/1976,61.164288
2/22/1976,77.021696
2/23/1976,90.61376
2/24/1976,80.136544
2/25/1976,68.243488
2/26/1976,60.314784
2/27/1976,52.669248
2/28/1976,44.174208
2/29/1976,37.095008
3/1/1976,33.413824
3/2/1976,31.14848
3/3/1976,29.449472
3/4/1976,27.4389792
3/5/1976,26.051456
3/6/1976,25.4284864
3/7/1976,27.0991776
3/8/1976,51.536576
3/9/1976,73.340512
3/10/1976,77.8712
3/11/1976,74.473184
3/12/1976,61.447456
3/13/1976,58.615776
3/14/1976,56.916768
3/15/1976,56.6336
3/16/1976,57.766272
3/17/1976,58.898944
3/18/1976,59.46528
3/19/1976,60.031616
3/20/1976,59.46528
3/21/1976,57.766272
3/22/1976,56.6336
3/23/1976,54.934592
3/24/1976,54.934592
3/25/1976,60.031616
3/26/1976,71.924672
3/27/1976,72.491008
3/28/1976,69.37616
3/29/1976,83.53456
3/30/1976,98.825632
3/31/1976,103.073152
4/1/1976,94.578112
4/2/1976,87.78208
4/3/1976,87.215744
4/4/1976,88.348416
4/5/1976,89.481088
4/6/1976,89.481088
4/7/1976,86.36624
4/8/1976,80.136544
4/9/1976,73.057344
4/10/1976,65.411808
4/11/1976,59.46528
4/12/1976,55.21776
4/13/1976,51.819744
4/14/1976,48.988064
4/15/1976,46.156384
4/16/1976,42.4752
4/17/1976,39.077184
4/18/1976,35.679168
4/19/1976,32.847488
4/20/1976,31.14848
4/21/1976,30.298976
4/22/1976,28.599968
4/23/1976,28.033632
4/24/1976,27.5239296
4/25/1976,27.2690784
4/26/1976,26.759376
4/27/1976,26.3063072
4/28/1976,26.1364064
4/29/1976,31.997984
4/30/1976,37.378176
5/1/1976,46.72272
5/2/1976,51.819744
5/3/1976,59.748448
5/4/1976,71.075168
5/5/1976,82.968224
5/6/1976,92.312768
5/7/1976,144.132512
5/8/1976,208.977984
5/9/1976,212.659168
5/10/1976,243.52448
5/11/1976,250.037344
5/12/1976,249.471008
5/13/1976,258.249216
5/14/1976,255.700704
5/15/1976,235.312608
5/16/1976,210.676992
5/17/1976,182.64336
5/18/1976,154.892896
5/19/1976,130.823616
5/20/1976,112.417696
5/21/1976,100.241472
5/22/1976,90.330592
5/23/1976,83.251392
5/24/1976,80.136544
5/25/1976,78.720704
5/26/1976,76.738528
5/27/1976,73.340512
5/28/1976,68.526656
5/29/1976,63.146464
5/30/1976,58.898944
5/31/1976,57.483104
6/1/1976,77.588032
6/2/1976,90.61376
6/3/1976,102.223648
6/4/1976,91.180096
6/5/1976,80.136544
6/6/1976,75.03952
6/7/1976,72.20784
6/8/1976,69.942496
6/9/1976,68.809824
6/10/1976,68.809824
6/11/1976,68.243488
6/12/1976,65.978144
6/13/1976,61.730624
6/14/1976,57.199936
6/15/1976,54.085088
6/16/1976,57.766272
6/17/1976,64.845472
6/18/1976,73.340512
6/19/1976,92.595936
6/20/1976,86.083072
6/21/1976,79.570208
6/22/1976,71.924672
6/23/1976,66.827648
6/24/1976,65.12864
6/25/1976,62.580128
6/26/1976,61.447456
6/27/1976,64.845472
6/28/1976,72.774176
6/29/1976,79.28704
6/30/1976,86.083072
7/1/1976,92.0296
7/2/1976,97.126624
7/3/1976,100.241472
7/4/1976,106.188
7/5/1976,101.090976
7/6/1976,96.27712
7/7/1976,98.259296
7/8/1976,95.427616
7/9/1976,98.259296
7/10/1976,107.887008
7/11/1976,115.249376
7/12/1976,118.93056
7/13/1976,119.780064
7/14/1976,118.647392
7/15/1976,116.382048
7/16/1976,109.302848
7/17/1976,99.675136
7/18/1976,99.958304
7/19/1976,98.825632
7/20/1976,97.976128
7/21/1976,92.312768
7/22/1976,81.835552
7/23/1976,76.45536
7/24/1976,77.8712
7/25/1976,84.667232
7/26/1976,69.659328
7/27/1976,71.358336
7/28/1976,64.562304
7/29/1976,62.013792
7/30/1976,59.182112
7/31/1976,56.6336
8/1/1976,52.952416
8/2/1976,48.704896
8/3/1976,44.174208
8/4/1976,40.209856
8/5/1976,36.245504
8/6/1976,32.281152
8/7/1976,27.5522464
8/8/1976,23.644528
8/9/1976,20.7278976
8/10/1976,18.1793856
8/11/1976,15.998992
8/12/1976,14.1017664
8/13/1976,12.5160256
8/14/1976,11.3550368
8/15/1976,10.2789984
8/16/1976,9.5144448
8/17/1976,8.7215744
8/18/1976,8.1552384
8/19/1976,7.7021696
8/20/1976,7.4473184
8/21/1976,7.220784
8/22/1976,7.1075168
8/23/1976,6.796032
8/24/1976,6.4562304
8/25/1976,6.2013792
8/26/1976,6.1164288
8/27/1976,6.0597952
8/28/1976,5.9748448
8/29/1976,6.3146464
8/30/1976,5.7483104
8/31/1976,5.8332608
9/1/1976,7.928704
9/2/1976,6.5978144
9/3/1976,8.4667232
9/4/1976,8.2968224
9/5/1976,10.052464
9/6/1976,8.7215744
9/7/1976,7.928704
9/8/1976,7.2774176
9/9/1976,7.220784
9/10/1976,8.7498912
9/11/1976,11.4966208
9/12/1976,14.4132512
9/13/1976,17.1599808
9/14/1976,19.6235424
9/15/1976,21.4924512
9/16/1976,22.1720544
9/17/1976,23.7294784
9/18/1976,25.4568032
9/19/1976,26.90096
9/20/1976,28.2318496
9/21/1976,29.449472
9/22/1976,30.298976
9/23/1976,30.582144
9/24/1976,29.73264
9/25/1976,27.6371968
9/26/1976,25.768288
9/27/1976,25.1170016
9/28/1976,32.56432
9/29/1976,37.378176
9/30/1976,37.944512
10/1/1976,33.696992
10/2/1976,30.015808
10/3/1976,27.6371968
10/4/1976,26.2213568
10/5/1976,24.8338336
10/6/1976,23.7577952
10/7/1976,23.219776
10/8/1976,22.8233408
10/9/1976,22.3136384
10/10/1976,21.4075008
10/11/1976,20.52968
10/12/1976,19.4819584
10/13/1976,18.830672
10/14/1976,18.830672
10/15/1976,19.3686912
10/16/1976,21.2942336
10/17/1976,20.7845312
10/18/1976,20.1332448
10/19/1976,19.6235424
10/20/1976,19.2271072
10/21/1976,18.972256
10/22/1976,19.3686912
10/23/1976,19.4819584
10/24/1976,19.0855232
10/25/1976,18.972256
10/26/1976,18.972256
10/27/1976,18.972256
10/28/1976,18.5758208
10/29/1976,20.2748288
10/30/1976,22.9649248
10/31/1976,20.671264
11/1/1976,21.9172032
11/2/1976,22.2003712
11/3/1976,22.2003712
11/4/1976,22.3136384
11/5/1976,21.9172032
11/6/1976,21.4075008
11/7/1976,20.671264
11/8/1976,20.1332448
11/9/1976,20.1332448
11/10/1976,20.0199776
11/11/1976,19.4819584
11/12/1976,18.7174048
11/13/1976,18.3492864
11/14/1976,18.7174048
11/15/1976,18.7174048
11/16/1976,18.7174048
11/17/1976,18.5758208
11/18/1976,18.4625536
11/19/1976,19.3686912
11/20/1976,22.2003712
11/21/1976,24.1542304
11/22/1976,25.5134368
11/23/1976,25.2585856
11/24/1976,24.1542304
11/25/1976,22.9649248
11/26/1976,21.803936
11/27/1976,20.9261152
11/28/1976,21.4075008
11/29/1976,23.502944
11/30/1976,22.9649248
12/1/1976,24.2958144
12/2/1976,24.1542304
12/3/1976,23.502944
12/4/1976,22.5684896
12/5/1976,21.9172032
12/6/1976,36.81184
12/7/1976,63.146464
12/8/1976,77.304864
12/9/1976,79.003872
12/10/1976,70.225664
12/11/1976,82.11872
12/12/1976,104.205824
12/13/1976,105.338496
12/14/1976,104.488992
12/15/1976,102.506816
12/16/1976,95.710784
12/17/1976,89.19792
12/18/1976,84.9504
12/19/1976,81.552384
12/20/1976,90.896928
12/21/1976,87.215744
12/22/1976,83.251392
12/23/1976,80.986048
12/24/1976,79.853376
12/25/1976,82.11872
12/26/1976,83.251392
12/27/1976,80.986048
12/28/1976,79.28704
12/29/1976,78.154368
12/30/1976,78.154368
12/31/1976,78.154368
1/1/1977,78.154368
1/2/1977,78.720704
1/3/1977,91.746432
1/4/1977,96.843456
1/5/1977,95.144448
1/6/1977,92.0296
1/7/1977,88.914752
1/8/1977,82.968224
1/9/1977,84.9504
1/10/1977,80.136544
1/11/1977,74.473184
1/12/1977,68.809824
1/13/1977,67.393984
1/14/1977,105.338496
1/15/1977,109.302848
1/16/1977,114.399872
1/17/1977,106.188
1/18/1977,97.976128
1/19/1977,92.0296
1/20/1977,86.932576
1/21/1977,82.11872
1/22/1977,76.172192
1/23/1977,68.809824
1/24/1977,63.429632
1/25/1977,60.031616
1/26/1977,58.04944
1/27/1977,56.916768
1/28/1977,55.784096
1/29/1977,54.368256
1/30/1977,53.518752
1/31/1977,57.199936
2/1/1977,59.748448
2/2/1977,60.031616
2/3/1977,83.817728
2/4/1977,96.27712
2/5/1977,90.330592
2/6/1977,84.100896
2/7/1977,79.003872
2/8/1977,71.641504
2/9/1977,64.562304
2/10/1977,59.748448
2/11/1977,65.411808
2/12/1977,85.799904
2/13/1977,101.94048
2/14/1977,113.833536
2/15/1977,112.984032
2/16/1977,111.85136
2/17/1977,113.833536
2/18/1977,115.532544
2/19/1977,115.249376
2/20/1977,112.984032
2/21/1977,108.736512
2/22/1977,102.223648
2/23/1977,97.126624
2/24/1977,94.86128
2/25/1977,95.144448
2/26/1977,97.976128
2/27/1977,103.073152
2/28/1977,111.568192
3/1/1977,120.912736
3/2/1977,130.25728
3/3/1977,138.469152
3/4/1977,158.290912
3/5/1977,164.23744
3/6/1977,165.936448
3/7/1977,168.48496
3/8/1977,166.785952
3/9/1977,162.8216
3/10/1977,157.441408
3/11/1977,151.211712
3/12/1977,144.132512
3/13/1977,129.690944
3/14/1977,116.382048
3/15/1977,106.754336
3/16/1977,99.675136
3/17/1977,94.011776
3/18/1977,89.764256
3/19/1977,86.649408
3/20/1977,84.667232
3/21/1977,83.53456
3/22/1977,83.251392
3/23/1977,82.968224
3/24/1977,82.685056
3/25/1977,82.968224
3/26/1977,82.968224
3/27/1977,82.968224
3/28/1977,103.35632
3/29/1977,108.453344
3/30/1977,105.055328
3/31/1977,97.126624
4/1/1977,102.789984
4/2/1977,113.2672
4/3/1977,121.76224
4/4/1977,135.071136
4/5/1977,126.859264
4/6/1977,110.152352
4/7/1977,99.1088
4/8/1977,91.463264
4/9/1977,87.498912
4/10/1977,85.233568
4/11/1977,84.384064
4/12/1977,84.9504
4/13/1977,86.649408
4/14/1977,88.631584
4/15/1977,90.896928
4/16/1977,99.1088
4/17/1977,108.736512
4/18/1977,119.496896
4/19/1977,130.540448
4/20/1977,159.140416
4/21/1977,190.288896
4/22/1977,197.934432
4/23/1977,205.863136
4/24/1977,206.71264
4/25/1977,202.46512
4/26/1977,193.686912
4/27/1977,181.793856
4/28/1977,173.015648
4/29/1977,171.033472
4/30/1977,174.997824
5/1/1977,185.191872
5/2/1977,191.987904
5/3/1977,193.686912
5/4/1977,191.987904
5/5/1977,187.174048
5/6/1977,180.094848
5/7/1977,170.750304
5/8/1977,158.57408
5/9/1977,144.698848
5/10/1977,130.540448
5/11/1977,116.948384
5/12/1977,105.621664
5/13/1977,96.27712
5/14/1977,86.649408
5/15/1977,77.021696
5/16/1977,67.677152
5/17/1977,58.332608
5/18/1977,49.837568
5/19/1977,43.041536
5/20/1977,37.661344
5/21/1977,33.696992
5/22/1977,30.298976
5/23/1977,27.0708608
5/24/1977,24.1542304
5/25/1977,21.2942336
5/26/1977,19.6235424
5/27/1977,18.3492864
5/28/1977,17.2166144
5/29/1977,16.0273088
5/30/1977,15.007904
5/31/1977,14.2433504
6/1/1977,14.3566176
6/2/1977,13.7053312
6/3/1977,12.7708768
6/4/1977,11.9780064
6/5/1977,11.043552
6/6/1977,10.335632
6/7/1977,9.7409792
6/8/1977,9.5710784
6/9/1977,9.486128
6/10/1977,9.4011776
6/11/1977,8.8348416
6/12/1977,9.061376
6/13/1977,11.043552
6/14/1977,9.7409792
6/15/1977,15.1211712
6/16/1977,18.3492864
6/17/1977,24.1542304
6/18/1977,29.166304
6/19/1977,34.829664
6/20/1977,39.077184
6/21/1977,40.209856
6/22/1977,37.944512
6/23/1977,34.829664
6/24/1977,28.883136
6/25/1977,25.9381888
6/26/1977,24.5789824
6/27/1977,22.5684896
6/28/1977,21.9172032
6/29/1977,21.2942336
6/30/1977,20.9261152
7/1/1977,20.671264
7/2/1977,20.0199776
7/3/1977,19.3686912
7/4/1977,18.0944352
7/5/1977,16.8768128
7/6/1977,15.1211712
7/7/1977,13.4787968
7/8/1977,11.9780064
7/9/1977,11.043552
7/10/1977,9.9958304
7/11/1977,9.061376
7/12/1977,8.2685056
7/13/1977,7.503952
7/14/1977,6.796032
7/15/1977,6.229696
7/16/1977,5.6916768
7/17/1977,5.097024
7/18/1977,4.7572224
7/19/1977,4.4457376
7/20/1977,4.1908864
7/21/1977,4.0209856
7/22/1977,3.7944512
7/23/1977,3.4546496
7/24/1977,3.3130656
7/25/1977,3.256432
7/26/1977,3.1431648
7/27/1977,3.0298976
7/28/1977,2.973264
7/29/1977,3.0298976
7/30/1977,3.114848
7/31/1977,2.973264
8/1/1977,3.0298976
8/2/1977,3.2281152
8/3/1977,3.3413824
8/4/1977,3.3696992
8/5/1977,3.1997984
8/6/1977,3.0298976
8/7/1977,2.973264
8/8/1977,2.8599968
8/9/1977,2.6617792
8/10/1977,2.5768288
8/11/1977,2.6334624
8/12/1977,2.5201952
8/13/1977,2.4635616
8/14/1977,3.3130656
8/15/1977,3.822768
8/16/1977,5.6350432
8/17/1977,7.8437536
8/18/1977,14.6964192
8/19/1977,15.0362208
8/20/1977,14.7530528
8/21/1977,14.0451328
8/22/1977,9.7976128
8/23/1977,7.5889024
8/24/1977,6.0031616
8/25/1977,5.0120736
8/26/1977,4.4174208
8/27/1977,4.1908864
8/28/1977,4.5873216
8/29/1977,4.95544
8/30/1977,4.672272
8/31/1977,4.5023712
9/1/1977,4.389104
9/2/1977,4.1625696
9/3/1977,3.7661344
9/4/1977,3.4829664
9/5/1977,3.4263328
9/6/1977,3.3696992
9/7/1977,3.256432
9/8/1977,4.0776192
9/9/1977,8.5516736
9/10/1977,6.796032
9/11/1977,6.0031616
9/12/1977,8.0419712
9/13/1977,10.3073152
9/14/1977,11.043552
9/15/1977,10.760384
9/16/1977,9.1746432
9/17/1977,7.5322688
9/18/1977,7.0508832
9/19/1977,7.2774176
9/20/1977,6.7393984
9/21/1977,5.7199936
9/22/1977,5.1536576
9/23/1977,8.070288
9/24/1977,9.769296
9/25/1977,9.769296
9/26/1977,9.6560288
9/27/1977,8.5516736
9/28/1977,7.1075168
9/29/1977,6.0031616
9/30/1977,5.1819744
10/1/1977,4.5023712
10/2/1977,3.9926688
10/3/1977,3.5679168
10/4/1977,3.3696992
10/5/1977,3.1431648
10/6/1977,2.9449472
10/7/1977,2.8033632
10/8/1977,2.7467296
10/9/1977,2.6334624
10/10/1977,2.5768288
10/11/1977,2.7750464
10/12/1977,2.7750464
10/13/1977,2.690096
10/14/1977,2.9166304
10/15/1977,4.4174208
10/16/1977,4.95544
10/17/1977,4.8988064
10/18/1977,4.5873216
10/19/1977,4.2758368
10/20/1977,3.964352
10/21/1977,3.7095008
10/22/1977,3.398016
10/23/1977,3.1714816
10/24/1977,3.0582144
10/25/1977,3.0582144
10/26/1977,3.0015808
10/27/1977,2.9166304
10/28/1977,3.1431648
10/29/1977,3.2281152
10/30/1977,3.0582144
10/31/1977,3.0015808
11/1/1977,2.973264
11/2/1977,3.0582144
11/3/1977,3.1997984
11/4/1977,3.2281152
11/5/1977,3.3413824
11/6/1977,3.4263328
11/7/1977,3.4263328
11/8/1977,3.5396
11/9/1977,3.964352
11/10/1977,4.2192032
11/11/1977,4.8988064
11/12/1977,5.380192
11/13/1977,5.8332608
11/14/1977,6.2863296
11/15/1977,6.5694976
11/16/1977,6.512864
11/17/1977,6.229696
11/18/1977,6.088112
11/19/1977,5.9748448
11/20/1977,5.7199936
11/21/1977,7.0792
11/22/1977,7.5889024
11/23/1977,6.2863296
11/24/1977,5.7199936
11/25/1977,5.2669248
11/26/1977,4.7855392
11/27/1977,4.5590048
11/28/1977,5.0403904
11/29/1977,5.4651424
11/30/1977,10.5904832
12/1/1977,9.4011776
12/2/1977,8.5799904
12/3/1977,8.353456
12/4/1977,7.9570208
12/5/1977,7.9570208
12/6/1977,8.7498912
12/7/1977,9.5710784
12/8/1977,10.4205824
12/9/1977,10.7887008
12/10/1977,10.4205824
12/11/1977,9.486128
12/12/1977,8.5799904
12/13/1977,18.830672
12/14/1977,45.590048
12/15/1977,35.679168
12/16/1977,28.0902656
12/17/1977,26.9292768
12/18/1977,25.6550208
12/19/1977,24.2958144
12/20/1977,19.2271072
12/21/1977,15.4609728
12/22/1977,13.592064
12/23/1977,13.0823616
12/24/1977,12.7708768
12/25/1977,12.5726592
12/26/1977,12.3744416
12/27/1977,10.8736512
12/28/1977,8.0419712
12/29/1977,7.4473184
12/30/1977,7.220784
12/31/1977,6.796032
1/1/1978,6.7110816
1/2/1978,7.220784
1/3/1978,7.4473184
1/4/1978,7.4473184
1/5/1978,7.362368
1/6/1978,7.2774176
1/7/1978,8.1835552
1/8/1978,16.6219616
1/9/1978,18.2077024
1/10/1978,16.1688928
1/11/1978,15.291072
1/12/1978,29.449472
1/13/1978,30.582144
1/14/1978,29.73264
1/15/1978,26.8443264
1/16/1978,35.679168
1/17/1978,72.20784
1/18/1978,79.28704
1/19/1978,99.391968
1/20/1978,99.958304
1/21/1978,97.409792
1/22/1978,97.126624
1/23/1978,98.542464
1/24/1978,129.690944
1/25/1978,129.974112
1/26/1978,123.461248
1/27/1978,116.09888
1/28/1978,107.037504
1/29/1978,97.69296
1/30/1978,88.914752
1/31/1978,77.304864
2/1/1978,112.134528
2/2/1978,118.93056
2/3/1978,118.364224
2/4/1978,107.037504
2/5/1978,91.746432
2/6/1978,79.570208
2/7/1978,69.942496
2/8/1978,63.7128
2/9/1978,60.88112
2/10/1978,59.46528
2/11/1978,58.332608
2/12/1978,62.580128
2/13/1978,104.205824
2/14/1978,104.205824
2/15/1978,93.44544
2/16/1978,85.233568
2/17/1978,81.269216
2/18/1978,87.215744
2/19/1978,93.44544
2/20/1978,90.330592
2/21/1978,82.11872
2/22/1978,75.03952
2/23/1978,68.243488
2/24/1978,61.730624
2/25/1978,56.350432
2/26/1978,51.819744
2/27/1978,48.421728
2/28/1978,45.873216
3/1/1978,43.607872
3/2/1978,42.4752
3/3/1978,41.342528
3/4/1978,40.493024
3/5/1978,39.64352
3/6/1978,38.794016
3/7/1978,37.944512
3/8/1978,36.528672
3/9/1978,35.396
3/10/1978,35.679168
3/11/1978,39.077184
3/12/1978,42.758368
3/13/1978,45.30688
3/14/1978,44.174208
3/15/1978,41.625696
3/16/1978,39.64352
3/17/1978,39.077184
3/18/1978,39.64352
3/19/1978,40.776192
3/20/1978,42.758368
3/21/1978,44.457376
3/22/1978,46.439552
3/23/1978,48.421728
3/24/1978,50.687072
3/25/1978,52.952416
3/26/1978,54.651424
3/27/1978,56.6336
3/28/1978,58.615776
3/29/1978,60.597952
3/30/1978,62.013792
3/31/1978,62.29696
4/1/1978,61.730624
4/2/1978,59.748448
4/3/1978,56.6336
4/4/1978,52.669248
4/5/1978,48.421728
4/6/1978,44.457376
4/7/1978,41.05936
4/8/1978,37.944512
4/9/1978,35.112832
4/10/1978,31.714816
4/11/1978,29.449472
4/12/1978,27.2407616
4/13/1978,26.5894752
4/14/1978,27.9203648
4/15/1978,29.73264
4/16/1978,31.431648
4/17/1978,32.56432
4/18/1978,31.714816
4/19/1978,29.449472
4/20/1978,27.0708608
4/21/1978,25.2585856
4/22/1978,24.5789824
4/23/1978,23.7577952
4/24/1978,21.6906688
4/25/1978,19.6235424
4/26/1978,18.2077024
4/27/1978,18.0944352
4/28/1978,18.830672
4/29/1978,18.972256
4/30/1978,17.839584
5/1/1978,16.28216
5/2/1978,14.7813696
5/3/1978,14.8946368
5/4/1978,14.2433504
5/5/1978,13.3938464
5/6/1978,12.6576096
5/7/1978,12.5726592
5/8/1978,12.6576096
5/9/1978,13.2805792
5/10/1978,14.1300832
5/11/1978,14.7813696
5/12/1978,14.8946368
5/13/1978,13.8185984
5/14/1978,12.7708768
5/15/1978,11.9780064
5/16/1978,12.0629568
5/17/1978,12.9690944
5/18/1978,13.9318656
5/19/1978,15.2344384
5/20/1978,15.9140416
5/21/1978,16.0273088
5/22/1978,16.28216
5/23/1978,16.5086944
5/24/1978,16.0273088
5/25/1978,15.007904
5/26/1978,14.2433504
5/27/1978,13.4787968
5/28/1978,12.6576096
5/29/1978,11.9780064
5/30/1978,11.32672
5/31/1978,10.7887008
6/1/1978,10.2506816
6/2/1978,10.4205824
6/3/1978,11.1285024
6/4/1978,10.2506816
6/5/1978,8.6649408
6/6/1978,8.0986048
6/7/1978,10.5904832
6/8/1978,26.7876928
6/9/1978,32.847488
6/10/1978,31.14848
6/11/1978,30.582144
6/12/1978,26.3629408
6/13/1978,19.4819584
6/14/1978,15.1211712
6/15/1978,12.459392
6/16/1978,10.4205824
6/17/1978,8.9764256
6/18/1978,7.7304864
6/19/1978,6.796032
6/20/1978,5.8898944
6/21/1978,5.1536576
6/22/1978,4.672272
6/23/1978,4.2758368
6/24/1978,3.9926688
6/25/1978,3.681184
6/26/1978,3.398016
6/27/1978,3.1997984
6/28/1978,3.0582144
6/29/1978,3.0015808
6/30/1978,3.0015808
7/1/1978,3.0865312
7/2/1978,4.2758368
7/3/1978,3.1714816
7/4/1978,2.8883136
7/5/1978,2.7467296
7/6/1978,2.548512
7/7/1978,2.2936608
7/8/1978,2.12376
7/9/1978,2.0671264
7/10/1978,2.0104928
7/11/1978,1.982176
7/12/1978,1.9538592
7/13/1978,1.840592
7/14/1978,1.7556416
7/15/1978,1.7273248
7/16/1978,1.840592
7/17/1978,1.7839584
7/18/1978,1.557424
7/19/1978,1.4724736
7/20/1978,1.4724736
7/21/1978,1.4724736
7/22/1978,1.4724736
7/23/1978,1.5857408
7/24/1978,1.6706912
7/25/1978,1.699008
7/26/1978,1.699008
7/27/1978,2.0104928
7/28/1978,2.4352448
7/29/1978,2.2370272
7/30/1978,2.548512
7/31/1978,2.406928
8/1/1978,2.1803936
8/2/1978,2.3219776
8/3/1978,2.690096
8/4/1978,2.83168
8/5/1978,2.6617792
8/6/1978,2.6617792
8/7/1978,2.548512
8/8/1978,2.4635616
8/9/1978,2.3502944
8/10/1978,2.2936608
8/11/1978,2.2087104
8/12/1978,2.3502944
8/13/1978,2.6051456
8/14/1978,2.6051456
8/15/1978,2.6051456
8/16/1978,2.5768288
8/17/1978,2.4918784
8/18/1978,2.3786112
8/19/1978,2.265344
8/20/1978,2.2087104
8/21/1978,2.0954432
8/22/1978,2.0104928
8/23/1978,1.982176
8/24/1978,1.982176
8/25/1978,1.9255424
8/26/1978,1.8689088
8/27/1978,1.8122752
8/28/1978,2.0104928
8/29/1978,2.9449472
8/30/1978,2.9449472
8/31/1978,3.2281152
9/1/1978,4.813856
9/2/1978,3.0582144
9/3/1978,3.4829664
9/4/1978,3.8510848
9/5/1978,3.4263328
9/6/1978,2.973264
9/7/1978,2.6051456
9/8/1978,2.406928
9/9/1978,2.3219776
9/10/1978,2.3502944
9/11/1978,2.7184128
9/12/1978,3.398016
9/13/1978,3.9360352
9/14/1978,5.7199936
9/15/1978,5.1819744
9/16/1978,4.7289056
9/17/1978,4.4174208
9/18/1978,4.9271232
9/19/1978,6.1164288
9/20/1978,6.1730624
9/21/1978,5.7766272
9/22/1978,5.097024
9/23/1978,4.3324704
9/24/1978,3.8510848
9/25/1978,3.4546496
9/26/1978,3.2281152
9/27/1978,3.1714816
9/28/1978,3.0582144
9/29/1978,2.9449472
9/30/1978,2.8883136
10/1/1978,2.8599968
10/2/1978,2.83168
10/3/1978,2.7467296
10/4/1978,2.6617792
10/5/1978,2.548512
10/6/1978,2.5201952
10/7/1978,2.5201952
10/8/1978,2.4918784
10/9/1978,2.4352448
10/10/1978,2.3502944
10/11/1978,2.265344
10/12/1978,2.3502944
10/13/1978,2.5201952
10/14/1978,2.6617792
10/15/1978,2.6617792
10/16/1978,2.548512
10/17/1978,2.4352448
10/18/1978,2.3502944
10/19/1978,2.2370272
10/20/1978,2.2087104
10/21/1978,2.1520768
10/22/1978,2.12376
10/23/1978,2.12376
10/24/1978,2.12376
10/25/1978,2.0954432
10/26/1978,2.406928
10/27/1978,2.2370272
10/28/1978,2.12376
10/29/1978,2.0104928
10/30/1978,2.0104928
10/31/1978,2.0388096
11/1/1978,2.1520768
11/2/1978,2.83168
11/3/1978,3.681184
11/4/1978,4.0493024
11/5/1978,4.1625696
11/6/1978,4.105936
11/7/1978,3.7944512
11/8/1978,3.5962336
11/9/1978,3.2847488
11/10/1978,3.1997984
11/11/1978,3.0582144
11/12/1978,2.973264
11/13/1978,2.9166304
11/14/1978,2.9166304
11/15/1978,2.973264
11/16/1978,3.1997984
11/17/1978,3.1431648
11/18/1978,3.1997984
11/19/1978,3.7944512
11/20/1978,5.3235584
11/21/1978,5.4651424
11/22/1978,5.4651424
11/23/1978,5.7199936
11/24/1978,6.796032
11/25/1978,7.6172192
11/26/1978,9.1746432
11/27/1978,12.4877088
11/28/1978,11.1285024
11/29/1978,12.1195904
11/30/1978,16.8201792
12/1/1978,20.671264
12/2/1978,21.8322528
12/3/1978,38.22768
12/4/1978,57.483104
12/5/1978,32.281152
12/6/1978,22.3136384
12/7/1978,23.4179936
12/8/1978,21.1243328
12/9/1978,19.82176
12/10/1978,20.4164128
12/11/1978,19.1704736
12/12/1978,19.0005728
12/13/1978,19.2271072
12/14/1978,17.2166144
12/15/1978,14.4982016
12/16/1978,12.2894912
12/17/1978,10.760384
12/18/1978,9.7126624
12/19/1978,9.061376
12/20/1978,8.6083072
12/21/1978,8.1552384
12/22/1978,7.78712
12/23/1978,7.6172192
12/24/1978,7.4756352
12/25/1978,7.3057344
12/26/1978,7.1358336
12/27/1978,7.0225664
12/28/1978,6.8809824
12/29/1978,7.0792
12/30/1978,8.919792
12/31/1978,21.1526496
1/1/1979,59.748448
1/2/1979,67.96032
1/3/1979,62.863296
1/4/1979,54.085088
1/5/1979,54.368256
1/6/1979,91.180096
1/7/1979,122.611744
1/8/1979,109.01968
1/9/1979,91.180096
1/10/1979,77.8712
1/11/1979,73.62368
1/12/1979,71.641504
1/13/1979,69.37616
1/14/1979,66.54448
1/15/1979,62.013792
1/16/1979,56.916768
1/17/1979,52.102912
1/18/1979,47.572224
1/19/1979,64.845472
1/20/1979,129.407776
1/21/1979,146.964192
1/22/1979,167.352288
1/23/1979,172.449312
1/24/1979,175.56416
1/25/1979,177.829504
1/26/1979,177.829504
1/27/1979,177.546336
1/28/1979,169.051296
1/29/1979,154.32656
1/30/1979,143.283008
1/31/1979,139.884992
2/1/1979,128.275104
2/2/1979,116.382048
2/3/1979,104.77216
2/4/1979,95.993952
2/5/1979,103.35632
2/6/1979,155.176064
2/7/1979,197.084928
2/8/1979,193.686912
2/9/1979,200.199776
2/10/1979,193.97008
2/11/1979,184.0592
2/12/1979,176.98
2/13/1979,169.051296
2/14/1979,157.724576
2/15/1979,142.150336
2/16/1979,123.17808
2/17/1979,106.471168
2/18/1979,116.665216
2/19/1979,120.629568
2/20/1979,128.558272
2/21/1979,124.027584
2/22/1979,120.629568
2/23/1979,141.584
2/24/1979,192.837408
2/25/1979,184.908704
2/26/1979,196.235424
2/27/1979,205.013632
2/28/1979,214.641344
3/1/1979,226.817568
3/2/1979,235.02944
3/3/1979,234.746272
3/4/1979,227.100736
3/5/1979,208.411648
3/6/1979,174.714656
3/7/1979,141.300832
3/8/1979,120.3464
3/9/1979,114.68304
3/10/1979,113.550368
3/11/1979,117.797888
3/12/1979,114.116704
3/13/1979,103.922656
3/14/1979,93.162272
3/15/1979,83.817728
3/16/1979,83.53456
3/17/1979,115.532544
3/18/1979,150.645376
3/19/1979,166.502784
3/20/1979,195.38592
3/21/1979,219.4552
3/22/1979,243.241312
3/23/1979,264.478912
3/24/1979,263.063072
3/25/1979,258.249216
3/26/1979,250.320512
3/27/1979,240.975968
3/28/1979,229.649248
3/29/1979,216.340352
3/30/1979,202.748288
3/31/1979,245.506656
4/1/1979,271.558112
4/2/1979,314.31648
4/3/1979,387.94016
4/4/1979,404.93024
4/5/1979,396.4352
4/6/1979,365.28672
4/7/1979,322.81152
4/8/1979,285.99968
4/9/1979,253.718528
4/10/1979,229.649248
4/11/1979,215.490848
4/12/1979,207.278976
4/13/1979,202.748288
4/14/1979,204.447296
4/15/1979,212.659168
4/16/1979,220.304704
4/17/1979,222.570048
4/18/1979,219.172032
4/19/1979,213.225504
4/20/1979,229.082912
4/21/1979,280.902656
4/22/1979,387.94016
4/23/1979,603.14784
4/24/1979,682.43488
4/25/1979,651.2864
4/26/1979,580.4944
4/27/1979,501.20736
4/28/1979,433.24704
4/29/1979,370.95008
4/30/1979,314.31648
5/1/1979,269.575936
5/2/1979,232.19776
5/3/1979,200.766112
5/4/1979,196.235424
5/5/1979,197.651264
5/6/1979,203.88096
5/7/1979,225.11856
5/8/1979,265.894752
5/9/1979,294.49472
5/10/1979,294.49472
5/11/1979,271.84128
5/12/1979,237.011616
5/13/1979,197.084928
5/14/1979,159.706752
5/15/1979,127.991936
5/16/1979,109.586016
5/17/1979,100.241472
5/18/1979,94.294944
5/19/1979,90.61376
5/20/1979,88.914752
5/21/1979,89.19792
5/22/1979,90.896928
5/23/1979,94.294944
5/24/1979,95.993952
5/25/1979,96.560288
5/26/1979,96.560288
5/27/1979,95.993952
5/28/1979,91.746432
5/29/1979,84.100896
5/30/1979,113.2672
5/31/1979,141.584
6/1/1979,169.9008
6/2/1979,198.2176
6/3/1979,226.5344
6/4/1979,254.8512
6/5/1979,283.168
6/6/1979,339.8016
6/7/1979,362.45504
6/8/1979,348.29664
6/9/1979,314.31648
6/10/1979,272.690784
6/11/1979,225.684896
6/12/1979,183.492864
6/13/1979,150.645376
6/14/1979,129.407776
6/15/1979,115.815712
6/16/1979,109.01968
6/17/1979,107.037504
6/18/1979,107.887008
6/19/1979,109.01968
6/20/1979,108.170176
6/21/1979,105.621664
6/22/1979,101.090976
6/23/1979,94.578112
6/24/1979,86.36624
6/25/1979,79.003872
6/26/1979,70.508832
6/27/1979,54.651424
6/28/1979,44.174208
6/29/1979,35.112832
6/30/1979,27.325712
7/1/1979,23.7294784
7/2/1979,22.8516576
7/3/1979,22.511856
7/4/1979,22.7667072
7/5/1979,23.0498752
7/6/1979,24.352448
7/7/1979,29.449472
7/8/1979,31.14848
7/9/1979,27.7787808
7/10/1979,25.2869024
7/11/1979,23.2480928
7/12/1979,21.8888864
7/13/1979,21.94552
7/14/1979,21.9738368
7/15/1979,22.2853216
7/16/1979,23.5878944
7/17/1979,24.9471008
7/18/1979,31.714816
7/19/1979,31.997984
7/20/1979,25.6833376
7/21/1979,22.8516576
7/22/1979,22.8516576
7/23/1979,24.2391808
7/24/1979,24.9754176
7/25/1979,24.3241312
7/26/1979,31.431648
7/27/1979,29.449472
7/28/1979,33.130656
7/29/1979,54.085088
7/30/1979,68.809824
7/31/1979,81.552384
8/1/1979,98.542464
8/2/1979,114.399872
8/3/1979,122.611744
8/4/1979,122.328576
8/5/1979,109.01968
8/6/1979,94.011776
8/7/1979,80.986048
8/8/1979,75.03952
8/9/1979,69.659328
8/10/1979,68.809824
8/11/1979,69.092992
8/12/1979,69.37616
8/13/1979,67.110816
8/14/1979,67.393984
8/15/1979,67.96032
8/16/1979,64.845472
8/17/1979,60.88112
8/18/1979,53.235584
8/19/1979,45.023712
8/20/1979,37.661344
8/21/1979,32.847488
8/22/1979,28.0053152
8/23/1979,24.8338336
8/24/1979,22.5968064
8/25/1979,21.9738368
8/26/1979,20.8411648
8/27/1979,19.397008
8/28/1979,18.1793856
8/29/1979,17.5280992
8/30/1979,18.2360192
8/31/1979,19.1987904
9/1/1979,16.5370112
9/2/1979,14.6681024
9/3/1979,13.3655296
9/4/1979,12.4877088
9/5/1979,11.893056
9/6/1979,13.5071136
9/7/1979,14.2433504
9/8/1979,11.4116704
9/9/1979,9.5710784
9/10/1979,8.8914752
9/11/1979,8.6649408
9/12/1979,8.6649408
9/13/1979,8.6649408
9/14/1979,8.5799904
9/15/1979,8.1552384
9/16/1979,7.7588032
9/17/1979,7.7021696
9/18/1979,11.3833536
9/19/1979,23.9843296
9/20/1979,259.948224
9/21/1979,291.66304
9/22/1979,281.185824
9/23/1979,282.318496
9/24/1979,267.876928
9/25/1979,244.090816
9/26/1979,213.508672
9/27/1979,174.431488
9/28/1979,136.770144
9/29/1979,112.134528
9/30/1979,99.958304
10/1/1979,90.330592
10/2/1979,82.968224
10/3/1979,77.021696
10/4/1979,72.491008
10/5/1979,67.110816
10/6/1979,63.429632
10/7/1979,59.748448
10/8/1979,56.067264
10/9/1979,51.819744
10/10/1979,45.023712
10/11/1979,39.077184
10/12/1979,33.98016
10/13/1979,29.166304
10/14/1979,25.3718528
10/15/1979,22.4269056
10/16/1979,20.2748288
10/17/1979,18.8023552
10/18/1979,17.981168
10/19/1979,17.1033472
10/20/1979,16.1122592
10/21/1979,15.3193888
10/22/1979,16.28216
10/23/1979,14.1300832
10/24/1979,13.167312
10/25/1979,12.8275104
10/26/1979,12.317808
10/27/1979,11.8647392
10/28/1979,11.609888
10/29/1979,11.4399872
10/30/1979,13.733648
10/31/1979,57.483104
11/1/1979,61.730624
11/2/1979,62.863296
11/3/1979,56.067264
11/4/1979,54.368256
11/5/1979,52.102912
11/6/1979,45.590048
11/7/1979,37.095008
11/8/1979,30.582144
11/9/1979,27.042544
11/10/1979,24.494032
11/11/1979,22.3985888
11/12/1979,20.5863136
11/13/1979,18.9439392
11/14/1979,17.1033472
11/15/1979,16.3387936
11/16/1979,15.57424
11/17/1979,15.149488
11/18/1979,15.2344384
11/19/1979,14.7813696
11/20/1979,14.1867168
11/21/1979,18.2077024
11/22/1979,78.720704
11/23/1979,103.922656
11/24/1979,110.718688
11/25/1979,96.843456
11/26/1979,87.78208
11/27/1979,88.065248
11/28/1979,92.595936
11/29/1979,97.126624
11/30/1979,98.825632
12/1/1979,95.710784
12/2/1979,84.667232
12/3/1979,68.526656
12/4/1979,52.952416
12/5/1979,41.05936
12/6/1979,33.98016
12/7/1979,29.73264
12/8/1979,27.4106624
12/9/1979,25.768288
12/10/1979,24.4373984
12/11/1979,23.2480928
12/12/1979,43.607872
12/13/1979,127.142432
12/14/1979,154.32656
12/15/1979,177.263168
12/16/1979,186.607712
12/17/1979,188.873056
12/18/1979,187.174048
12/19/1979,174.14832
12/20/1979,149.229536
12/21/1979,115.249376
12/22/1979,87.78208
12/23/1979,70.508832
12/24/1979,95.993952
12/25/1979,98.259296
12/26/1979,100.52464
12/27/1979,96.560288
12/28/1979,92.312768
12/29/1979,88.914752
12/30/1979,87.78208
12/31/1979,86.36624
1/1/1980,85.233568
1/2/1980,83.53456
1/3/1980,82.968224
1/4/1980,84.9504
1/5/1980,84.384064
1/6/1980,82.685056
1/7/1980,80.419712
1/8/1980,77.588032
1/9/1980,74.190016
1/10/1980,69.942496
1/11/1980,65.411808
1/12/1980,60.597952
1/13/1980,56.067264
1/14/1980,52.38608
1/15/1980,49.5544
1/16/1980,47.005888
1/17/1980,45.30688
1/18/1980,45.023712
1/19/1980,47.855392
1/20/1980,51.253408
1/21/1980,60.88112
1/22/1980,100.807808
1/23/1980,145.265184
1/24/1980,150.645376
1/25/1980,167.06912
1/26/1980,191.1384
1/27/1980,233.047264
1/28/1980,268.160096
1/29/1980,281.75216
1/30/1980,269.575936
1/31/1980,244.090816
2/1/1980,216.057184
2/2/1980,184.0592
2/3/1980,155.7424
2/4/1980,131.67312
2/5/1980,117.797888
2/6/1980,110.43552
2/7/1980,105.055328
2/8/1980,107.887008
2/9/1980,189.439392
2/10/1980,218.03936
2/11/1980,230.215584
2/12/1980,249.471008
2/13/1980,253.43536
2/14/1980,251.736352
2/15/1980,243.807648
2/16/1980,231.348256
2/17/1980,214.075008
2/18/1980,195.952256
2/19/1980,174.714656
2/20/1980,157.724576
2/21/1980,141.017664
2/22/1980,127.708768
2/23/1980,118.93056
2/24/1980,113.2672
2/25/1980,108.170176
2/26/1980,103.922656
2/27/1980,99.391968
2/28/1980,96.560288
2/29/1980,94.011776
3/1/1980,97.126624
3/2/1980,94.011776
3/3/1980,91.463264
3/4/1980,90.61376
3/5/1980,89.764256
3/6/1980,90.047424
3/7/1980,90.896928
3/8/1980,91.463264
3/9/1980,91.463264
3/10/1980,89.764256
3/11/1980,84.384064
3/12/1980,76.45536
3/13/1980,68.243488
3/14/1980,60.597952
3/15/1980,54.934592
3/16/1980,51.253408
3/17/1980,50.120736
3/18/1980,49.5544
3/19/1980,48.988064
3/20/1980,50.403904
3/21/1980,62.29696
3/22/1980,84.384064
3/23/1980,94.011776
3/24/1980,94.294944
3/25/1980,91.463264
3/26/1980,88.914752
3/27/1980,111.568192
3/28/1980,199.350272
3/29/1980,227.667072
3/30/1980,291.66304
3/31/1980,317.14816
4/1/1980,328.47488
4/2/1980,311.4848
4/3/1980,281.75216
4/4/1980,242.391808
4/5/1980,203.88096
4/6/1980,166.219616
4/7/1980,128.84144
4/8/1980,98.259296
4/9/1980,77.021696
4/10/1980,63.995968
4/11/1980,57.766272
4/12/1980,53.80192
4/13/1980,86.649408
4/14/1980,99.675136
4/15/1980,103.922656
4/16/1980,97.976128
4/17/1980,95.710784
4/18/1980,96.560288
4/19/1980,99.675136
4/20/1980,98.825632
4/21/1980,96.560288
4/22/1980,95.144448
4/23/1980,96.27712
4/24/1980,98.542464
4/25/1980,122.328576
4/26/1980,144.982016
4/27/1980,126.859264
4/28/1980,114.966208
4/29/1980,107.320672
4/30/1980,101.94048
5/1/1980,98.542464
5/2/1980,96.560288
5/3/1980,91.746432
5/4/1980,86.649408
5/5/1980,82.11872
5/6/1980,77.8712
5/7/1980,73.62368
5/8/1980,68.526656
5/9/1980,62.29696
5/10/1980,56.916768
5/11/1980,53.518752
5/12/1980,50.120736
5/13/1980,47.289056
5/14/1980,54.651424
5/15/1980,88.631584
5/16/1980,204.730464
5/17/1980,251.453184
5/18/1980,336.96992
5/19/1980,455.90048
5/20/1980,543.68256
5/21/1980,538.0192
5/22/1980,509.7024
5/23/1980,478.55392
5/24/1980,421.92032
5/25/1980,365.28672
5/26/1980,311.4848
5/27/1980,261.9304
5/28/1980,212.659168
5/29/1980,165.086944
5/30/1980,130.540448
5/31/1980,106.471168
6/1/1980,94.578112
6/2/1980,86.083072
6/3/1980,78.154368
6/4/1980,70.508832
6/5/1980,62.013792
6/6/1980,53.80192
6/7/1980,45.30688
6/8/1980,36.81184
6/9/1980,31.431648
6/10/1980,26.7876928
6/11/1980,23.5878944
6/12/1980,21.1809664
6/13/1980,18.972256
6/14/1980,17.2449312
6/15/1980,15.7724576
6/16/1980,14.8096864
6/17/1980,13.9035488
6/18/1980,13.1389952
6/19/1980,12.1195904
6/20/1980,11.2984032
6/21/1980,10.5621664
6/22/1980,10.3073152
6/23/1980,9.486128
6/24/1980,9.1463264
6/25/1980,9.4011776
6/26/1980,9.8825632
6/27/1980,10.0807808
6/28/1980,10.2506816
6/29/1980,10.3639488
6/30/1980,10.1657312
7/1/1980,9.769296
7/2/1980,9.0047424
7/3/1980,8.2401888
7/4/1980,7.5605856
7/5/1980,7.0225664
7/6/1980,6.5411808
7/7/1980,6.2013792
7/8/1980,5.7766272
7/9/1980,5.4368256
7/10/1980,5.2102912
7/11/1980,5.0120736
7/12/1980,4.813856
7/13/1980,4.7005888
7/14/1980,4.5873216
7/15/1980,4.4174208
7/16/1980,4.3041536
7/17/1980,4.1625696
7/18/1980,3.9926688
7/19/1980,3.822768
7/20/1980,3.681184
7/21/1980,3.5396
7/22/1980,3.5396
7/23/1980,3.681184
7/24/1980,3.822768
7/25/1980,3.964352
7/26/1980,3.822768
7/27/1980,3.7378176
7/28/1980,3.681184
7/29/1980,3.681184
7/30/1980,3.822768
7/31/1980,3.964352
8/1/1980,3.964352
8/2/1980,3.7944512
8/3/1980,3.7095008
8/4/1980,3.964352
8/5/1980,4.2758368
8/6/1980,4.3041536
8/7/1980,4.0776192
8/8/1980,3.7378176
8/9/1980,3.398016
8/10/1980,3.0865312
8/11/1980,2.83168
8/12/1980,2.5201952
8/13/1980,2.265344
8/14/1980,2.0388096
8/15/1980,1.8689088
8/16/1980,1.699008
8/17/1980,1.6423744
8/18/1980,1.6140576
8/19/1980,1.5291072
8/20/1980,1.5291072
8/21/1980,1.5291072
8/22/1980,1.5007904
8/23/1980,1.4441568
8/24/1980,1.41584
8/25/1980,1.3875232
8/26/1980,1.3875232
8/27/1980,1.3592064
8/28/1980,1.3592064
8/29/1980,1.3592064
8/30/1980,1.274256
8/31/1980,1.2176224
9/1/1980,1.2176224
9/2/1980,1.2459392
9/3/1980,1.2176224
9/4/1980,1.1609888
9/5/1980,1.132672
9/6/1980,1.274256
9/7/1980,1.6423744
9/8/1980,1.9255424
9/9/1980,2.12376
9/10/1980,2.0104928
9/11/1980,1.7839584
9/12/1980,1.6706912
9/13/1980,1.6423744
9/14/1980,1.6423744
9/15/1980,1.6706912
9/16/1980,1.699008
9/17/1980,1.7273248
9/18/1980,1.8122752
9/19/1980,3.5962336
9/20/1980,3.3413824
9/21/1980,2.6617792
9/22/1980,2.3786112
9/23/1980,2.1803936
9/24/1980,2.12376
9/25/1980,2.0104928
9/26/1980,1.7839584
9/27/1980,1.699008
9/28/1980,1.7556416
9/29/1980,1.8689088
9/30/1980,2.0954432
10/1/1980,2.1520768
10/2/1980,2.0104928
10/3/1980,1.8689088
10/4/1980,1.8972256
10/5/1980,2.0104928
10/6/1980,2.0671264
10/7/1980,2.12376
10/8/1980,2.3219776
10/9/1980,2.4635616
10/10/1980,2.5201952
10/11/1980,2.5201952
10/12/1980,2.3502944
10/13/1980,2.1803936
10/14/1980,2.0104928
10/15/1980,1.8972256
10/16/1980,1.840592
10/17/1980,1.8122752
10/18/1980,1.8689088
10/19/1980,2.0104928
10/20/1980,1.8972256
10/21/1980,1.6706912
10/22/1980,1.6423744
10/23/1980,1.6140576
10/24/1980,1.6423744
10/25/1980,1.7273248
10/26/1980,1.982176
10/27/1980,2.5201952
10/28/1980,3.7944512
10/29/1980,3.2281152
10/30/1980,2.973264
10/31/1980,2.7467296
11/1/1980,2.690096
11/2/1980,2.6617792
11/3/1980,2.6051456
11/4/1980,2.690096
11/5/1980,2.9166304
11/6/1980,3.0015808
11/7/1980,2.973264
11/8/1980,2.7467296
11/9/1980,2.4918784
11/10/1980,2.3502944
11/11/1980,2.2370272
11/12/1980,2.12376
11/13/1980,2.0388096
11/14/1980,1.982176
11/15/1980,1.9255424
11/16/1980,1.982176
11/17/1980,2.3786112
11/18/1980,2.6334624
11/19/1980,2.4918784
11/20/1980,2.4918784
11/21/1980,2.6334624
11/22/1980,3.6528672
11/23/1980,5.5784096
11/24/1980,6.7677152
11/25/1980,6.9942496
11/26/1980,6.8526656
11/27/1980,6.5978144
11/28/1980,6.4562304
11/29/1980,6.4279136
11/30/1980,6.8243488
12/1/1980,7.1358336
12/2/1980,6.8809824
12/3/1980,6.5411808
12/4/1980,6.3146464
12/5/1980,6.0314784
12/6/1980,5.7483104
12/7/1980,5.4368256
12/8/1980,5.2952416
12/9/1980,5.8615776
12/10/1980,5.8898944
12/11/1980,5.4368256
12/12/1980,5.380192
12/13/1980,5.66336
12/14/1980,5.8615776
12/15/1980,6.0597952
12/16/1980,6.7110816
12/17/1980,7.0508832
12/18/1980,7.2774176
12/19/1980,7.2774176
12/20/1980,6.9659328
12/21/1980,6.5978144
12/22/1980,6.2863296
12/23/1980,6.0597952
12/24/1980,5.8332608
12/25/1980,5.6350432
12/26/1980,5.4368256
12/27/1980,5.2669248
12/28/1980,5.2669248
12/29/1980,5.2102912
12/30/1980,5.2102912
12/31/1980,5.1536576
1/1/1981,5.1536576
1/2/1981,5.0403904
1/3/1981,5.0403904
1/4/1981,5.0120736
1/5/1981,5.2102912
1/6/1981,5.380192
1/7/1981,5.66336
1/8/1981,5.380192
1/9/1981,5.66336
1/10/1981,5.946528
1/11/1981,6.229696
1/12/1981,6.512864
1/13/1981,6.796032
1/14/1981,6.8526656
1/15/1981,6.937616
1/16/1981,6.9942496
1/17/1981,6.9942496
1/18/1981,6.937616
1/19/1981,6.9942496
1/20/1981,8.5799904
1/21/1981,8.9764256
1/22/1981,8.6649408
1/23/1981,9.061376
1/24/1981,9.6560288
1/25/1981,10.194048
1/26/1981,10.477216
1/27/1981,10.477216
1/28/1981,10.477216
1/29/1981,10.194048
1/30/1981,9.91088
1/31/1981,9.627712
2/1/1981,9.061376
2/2/1981,8.49504
2/3/1981,7.928704
2/4/1981,7.362368
2/5/1981,7.0792
2/6/1981,6.796032
2/7/1981,7.0792
2/8/1981,7.362368
2/9/1981,7.645536
2/10/1981,8.49504
2/11/1981,9.91088
2/12/1981,12.74256
2/13/1981,16.99008
2/14/1981,18.40592
2/15/1981,18.122752
2/16/1981,18.689088
2/17/1981,18.689088
2/18/1981,18.122752
2/19/1981,17.556416
2/20/1981,16.99008
2/21/1981,15.857408
2/22/1981,14.724736
2/23/1981,13.308896
2/24/1981,12.2611744
2/25/1981,11.8647392
2/26/1981,11.7797888
2/27/1981,11.7797888
2/28/1981,11.5532544
3/1/1981,11.1568192
3/2/1981,11.043552
3/3/1981,10.8736512
3/4/1981,15.857408
3/5/1981,20.1332448
3/6/1981,21.5490848
3/7/1981,23.5595776
3/8/1981,25.626704
3/9/1981,26.4478912
3/10/1981,27.2124448
3/11/1981,27.467296
3/12/1981,26.0797728
3/13/1981,23.5878944
3/14/1981,21.2092832
3/15/1981,19.0288896
3/16/1981,17.1882976
3/17/1981,15.7724576
3/18/1981,14.6964192
3/19/1981,13.6203808
3/20/1981,12.7142432
3/21/1981,11.9780064
3/22/1981,11.2984032
3/23/1981,10.6471168
3/24/1981,10.1090976
3/25/1981,9.627712
3/26/1981,9.2879104
3/27/1981,9.0330592
3/28/1981,8.8348416
3/29/1981,14.583152
3/30/1981,20.104928
3/31/1981,13.0823616
4/1/1981,10.6471168
4/2/1981,10.3073152
4/3/1981,11.2984032
4/4/1981,11.9780064
4/5/1981,11.8364224
4/6/1981,11.4116704
4/7/1981,11.0152352
4/8/1981,10.5621664
4/9/1981,10.1374144
4/10/1981,9.9675136
4/11/1981,10.0807808
4/12/1981,10.2789984
4/13/1981,10.3073152
4/14/1981,10.052464
4/15/1981,9.5144448
4/16/1981,8.8631584
4/17/1981,8.3251392
4/18/1981,7.8437536
4/19/1981,7.5889024
4/20/1981,7.4473184
4/21/1981,7.0508832
4/22/1981,7.0792
4/23/1981,6.9092992
4/24/1981,6.6261312
4/25/1981,6.3146464
4/26/1981,6.4279136
4/27/1981,6.2863296
4/28/1981,6.9942496
4/29/1981,9.2312768
4/30/1981,10.8736512
5/1/1981,11.32672
5/2/1981,10.5904832
5/3/1981,9.6560288
5/4/1981,8.8348416
5/5/1981,9.9958304
5/6/1981,10.9586016
5/7/1981,11.4966208
5/8/1981,11.32672
5/9/1981,10.4205824
5/10/1981,10.4488992
5/11/1981,10.0807808
5/12/1981,9.91088
5/13/1981,11.1285024
5/14/1981,14.8380032
5/15/1981,18.264336
5/16/1981,24.8338336
5/17/1981,36.81184
5/18/1981,39.926688
5/19/1981,35.112832
5/20/1981,30.015808
5/21/1981,27.60888
5/22/1981,26.3912576
5/23/1981,23.644528
5/24/1981,21.096016
5/25/1981,19.6518592
5/26/1981,18.0944352
5/27/1981,16.9617632
5/28/1981,16.7352288
5/29/1981,17.6413664
5/30/1981,18.6041376
5/31/1981,19.82176
6/1/1981,27.4956128
6/2/1981,25.343536
6/3/1981,24.352448
6/4/1981,26.9292768
6/5/1981,52.669248
6/6/1981,70.508832
6/7/1981,171.599808
6/8/1981,170.183968
6/9/1981,137.619648
6/10/1981,108.170176
6/11/1981,93.162272
6/12/1981,109.302848
6/13/1981,190.572064
6/14/1981,162.255264
6/15/1981,148.6632
6/16/1981,127.991936
6/17/1981,112.134528
6/18/1981,105.621664
6/19/1981,109.869184
6/20/1981,104.77216
6/21/1981,99.1088
6/22/1981,96.27712
6/23/1981,94.578112
6/24/1981,110.718688
6/25/1981,100.241472
6/26/1981,102.223648
6/27/1981,104.488992
6/28/1981,103.35632
6/29/1981,99.958304
6/30/1981,94.86128
7/1/1981,89.19792
7/2/1981,84.100896
7/3/1981,79.003872
7/4/1981,74.756352
7/5/1981,77.8712
7/6/1981,104.488992
7/7/1981,108.736512
7/8/1981,107.037504
7/9/1981,98.825632
7/10/1981,85.233568
7/11/1981,72.20784
7/12/1981,79.853376
7/13/1981,76.45536
7/14/1981,70.508832
7/15/1981,65.978144
7/16/1981,59.748448
7/17/1981,53.235584
7/18/1981,47.855392
7/19/1981,43.041536
7/20/1981,36.245504
7/21/1981,26.4478912
7/22/1981,18.6041376
7/23/1981,14.583152
7/24/1981,12.2894912
7/25/1981,10.6471168
7/26/1981,9.486128
7/27/1981,8.7498912
7/28/1981,9.0047424
7/29/1981,15.2061216
7/30/1981,12.3461248
7/31/1981,9.0047424
8/1/1981,8.8914752
8/2/1981,7.8154368
8/3/1981,6.7110816
8/4/1981,5.9748448
8/5/1981,5.4934592
8/6/1981,5.0687072
8/7/1981,4.6439552
8/8/1981,4.3041536
8/9/1981,4.1342528
8/10/1981,3.9926688
8/11/1981,3.6528672
8/12/1981,3.398016
8/13/1981,3.1997984
8/14/1981,3.0865312
8/15/1981,2.973264
8/16/1981,2.8883136
8/17/1981,2.7750464
8/18/1981,2.690096
8/19/1981,3.2281152
8/20/1981,3.0015808
8/21/1981,2.8033632
8/22/1981,2.6334624
8/23/1981,2.4918784
8/24/1981,2.4352448
8/25/1981,2.406928
8/26/1981,2.4918784
8/27/1981,2.6051456
8/28/1981,2.6617792
8/29/1981,2.7750464
8/30/1981,2.8033632
8/31/1981,3.7661344
9/1/1981,9.9958304
9/2/1981,15.8290912
9/3/1981,25.7966048
9/4/1981,32.847488
9/5/1981,38.22768
9/6/1981,35.112832
9/7/1981,28.3168
9/8/1981,21.1809664
9/9/1981,15.8007744
9/10/1981,11.2417696
9/11/1981,8.7215744
9/12/1981,7.1075168
9/13/1981,6.088112
9/14/1981,5.9182112
9/15/1981,5.9182112
9/16/1981,5.8332608
9/17/1981,5.2952416
9/18/1981,5.1253408
9/19/1981,5.3518752
9/20/1981,5.4651424
9/21/1981,5.3518752
9/22/1981,4.9837568
9/23/1981,4.5590048
9/24/1981,4.1342528
9/25/1981,3.6245504
9/26/1981,3.3130656
9/27/1981,3.114848
9/28/1981,2.973264
9/29/1981,2.83168
9/30/1981,2.690096
10/1/1981,2.548512
10/2/1981,2.406928
10/3/1981,2.3502944
10/4/1981,2.3219776
10/5/1981,2.2370272
10/6/1981,2.3502944
10/7/1981,3.2281152
10/8/1981,4.9271232
10/9/1981,5.6916768
10/10/1981,6.3429632
10/11/1981,6.9942496
10/12/1981,7.362368
10/13/1981,8.6649408
10/14/1981,14.8096864
10/15/1981,19.82176
10/16/1981,23.8710624
10/17/1981,33.413824
10/18/1981,48.421728
10/19/1981,59.46528
10/20/1981,68.526656
10/21/1981,73.906848
10/22/1981,77.021696
10/23/1981,77.8712
10/24/1981,75.322688
10/25/1981,70.508832
10/26/1981,57.766272
10/27/1981,38.510848
10/28/1981,24.4090816
10/29/1981,18.3492864
10/30/1981,15.2061216
10/31/1981,13.6203808
11/1/1981,12.6576096
11/2/1981,12.5160256
11/3/1981,18.830672
11/4/1981,30.015808
11/5/1981,39.077184
11/6/1981,42.4752
11/7/1981,42.4752
11/8/1981,36.81184
11/9/1981,28.3168
11/10/1981,28.3168
11/11/1981,36.81184
11/12/1981,44.740544
11/13/1981,47.005888
11/14/1981,45.023712
11/15/1981,39.360352
11/16/1981,31.431648
11/17/1981,23.8993792
11/18/1981,21.4075008
11/19/1981,18.2077024
11/20/1981,16.1688928
11/21/1981,14.8946368
11/22/1981,13.7053312
11/23/1981,12.7708768
11/24/1981,12.176224
11/25/1981,11.6948384
11/26/1981,11.1285024
11/27/1981,10.6754336
11/28/1981,10.335632
11/29/1981,10.5904832
11/30/1981,11.2417696
12/1/1981,11.185136
12/2/1981,11.043552
12/3/1981,10.760384
12/4/1981,10.477216
12/5/1981,10.760384
12/6/1981,11.043552
12/7/1981,11.2417696
12/8/1981,11.185136
12/9/1981,11.043552
12/10/1981,10.760384
12/11/1981,10.477216
12/12/1981,10.194048
12/13/1981,10.052464
12/14/1981,10.194048
12/15/1981,10.335632
12/16/1981,10.4205824
12/17/1981,10.2506816
12/18/1981,10.1090976
12/19/1981,10.0807808
12/20/1981,10.2223648
12/21/1981,10.4205824
12/22/1981,10.477216
12/23/1981,10.901968
12/24/1981,11.043552
12/25/1981,11.043552
12/26/1981,10.8736512
12/27/1981,10.9586016
12/28/1981,11.32672
12/29/1981,11.1568192
12/30/1981,10.4205824
12/31/1981,10.0241472
1/1/1982,10.5338496
1/2/1982,10.9302848
1/3/1982,10.7887008
1/4/1982,10.6188
1/5/1982,10.4205824
1/6/1982,10.477216
1/7/1982,10.8736512
1/8/1982,10.9586016
1/9/1982,10.9302848
1/10/1982,10.7320672
1/11/1982,10.3639488
1/12/1982,9.9958304
1/13/1982,10.7887008
1/14/1982,11.043552
1/15/1982,11.7797888
1/16/1982,13.7053312
1/17/1982,15.3477056
1/18/1982,16.5086944
1/19/1982,16.99008
1/20/1982,17.3581984
1/21/1982,17.4714656
1/22/1982,17.5847328
1/23/1982,20.7845312
1/24/1982,23.6162112
1/25/1982,25.3718528
1/26/1982,26.3629408
1/27/1982,26.6461088
1/28/1982,25.343536
1/29/1982,23.3896768
1/30/1982,23.4746272
1/31/1982,38.510848
2/1/1982,45.873216
2/2/1982,50.97024
2/3/1982,52.38608
2/4/1982,55.500928
2/5/1982,56.067264
2/6/1982,53.235584
2/7/1982,51.253408
2/8/1982,50.403904
2/9/1982,49.271232
2/10/1982,47.572224
2/11/1982,45.30688
2/12/1982,42.758368
2/13/1982,40.776192
2/14/1982,39.077184
2/15/1982,37.944512
2/16/1982,36.528672
2/17/1982,34.263328
2/18/1982,31.431648
2/19/1982,29.166304
2/20/1982,27.1558112
2/21/1982,25.768288
2/22/1982,24.4657152
2/23/1982,23.078192
2/24/1982,21.7756192
2/25/1982,20.8977984
2/26/1982,20.9261152
2/27/1982,22.4835392
2/28/1982,27.9203648
3/1/1982,35.112832
3/2/1982,37.661344
3/3/1982,37.661344
3/4/1982,36.245504
3/5/1982,35.112832
3/6/1982,34.263328
3/7/1982,34.263328
3/8/1982,33.98016
3/9/1982,33.98016
3/10/1982,33.413824
3/11/1982,32.56432
3/12/1982,31.997984
3/13/1982,31.714816
3/14/1982,31.14848
3/15/1982,30.015808
3/16/1982,28.883136
3/17/1982,27.184128
3/18/1982,25.5700704
3/19/1982,24.3241312
3/20/1982,23.2764096
3/21/1982,22.5968064
3/22/1982,22.3136384
3/23/1982,22.6251232
3/24/1982,26.051456
3/25/1982,30.015808
3/26/1982,32.56432
3/27/1982,37.378176
3/28/1982,58.04944
3/29/1982,63.146464
3/30/1982,66.261312
3/31/1982,103.073152
4/1/1982,122.894912
4/2/1982,134.221632
4/3/1982,134.221632
4/4/1982,128.275104
4/5/1982,114.966208
4/6/1982,90.896928
4/7/1982,65.978144
4/8/1982,48.988064
4/9/1982,39.64352
4/10/1982,39.64352
4/11/1982,38.794016
4/12/1982,36.528672
4/13/1982,33.98016
4/14/1982,31.14848
4/15/1982,27.9769984
4/16/1982,25.1736352
4/17/1982,45.873216
4/18/1982,62.29696
4/19/1982,74.190016
4/20/1982,77.8712
4/21/1982,171.033472
4/22/1982,232.480928
4/23/1982,265.611584
4/24/1982,300.15808
4/25/1982,334.13824
4/26/1982,351.12832
4/27/1982,348.29664
4/28/1982,334.13824
4/29/1982,311.4848
4/30/1982,288.83136
5/1/1982,263.063072
5/2/1982,238.144288
5/3/1982,216.057184
5/4/1982,196.235424
5/5/1982,176.413664
5/6/1982,159.706752
5/7/1982,145.548352
5/8/1982,128.558272
5/9/1982,111.85136
5/10/1982,95.993952
5/11/1982,83.817728
5/12/1982,75.605856
5/13/1982,93.44544
5/14/1982,158.857248
5/15/1982,152.627552
5/16/1982,151.211712
5/17/1982,171.882976
5/18/1982,225.968064
5/19/1982,285.99968
5/20/1982,276.0888
5/21/1982,260.797728
5/22/1982,237.011616
5/23/1982,207.278976
5/24/1982,179.528512
5/25/1982,151.211712
5/26/1982,121.76224
5/27/1982,94.011776
5/28/1982,77.021696
5/29/1982,65.12864
5/30/1982,55.21776
5/31/1982,48.421728
6/1/1982,44.174208
6/2/1982,41.342528
6/3/1982,39.360352
6/4/1982,37.095008
6/5/1982,33.98016
6/6/1982,30.582144
6/7/1982,27.6655136
6/8/1982,25.2869024
6/9/1982,23.1914592
6/10/1982,21.2659168
6/11/1982,19.1704736
6/12/1982,17.4714656
6/13/1982,16.3104768
6/14/1982,14.9795872
6/15/1982,13.2805792
6/16/1982,12.459392
6/17/1982,12.0629568
6/18/1982,11.5815712
6/19/1982,11.609888
6/20/1982,11.3833536
6/21/1982,11.7231552
6/22/1982,21.3225504
6/23/1982,53.518752
6/24/1982,68.243488
6/25/1982,63.146464
6/26/1982,60.314784
6/27/1982,66.54448
6/28/1982,57.199936
6/29/1982,66.261312
6/30/1982,94.011776
7/1/1982,110.152352
7/2/1982,110.43552
7/3/1982,103.922656
7/4/1982,93.728608
7/5/1982,79.853376
7/6/1982,59.748448
7/7/1982,42.758368
7/8/1982,34.546496
7/9/1982,31.431648
7/10/1982,29.449472
7/11/1982,27.3823456
7/12/1982,24.8904672
7/13/1982,22.9082912
7/14/1982,26.8726432
7/15/1982,20.8694816
7/16/1982,19.0855232
7/17/1982,16.5936448
7/18/1982,14.1867168
7/19/1982,12.5160256
7/20/1982,11.2417696
7/21/1982,10.2789984
7/22/1982,9.7976128
7/23/1982,8.6932576
7/24/1982,7.8154368
7/25/1982,7.5322688
7/26/1982,21.4075008
7/27/1982,9.4294944
7/28/1982,8.211872
7/29/1982,8.5233568
7/30/1982,17.4997824
7/31/1982,9.1463264
8/1/1982,7.1075168
8/2/1982,6.5978144
8/3/1982,6.0314784
8/4/1982,5.4934592
8/5/1982,5.0120736
8/6/1982,4.6156384
8/7/1982,6.2863296
8/8/1982,9.8825632
8/9/1982,6.2013792
8/10/1982,5.8332608
8/11/1982,9.7976128
8/12/1982,6.3429632
8/13/1982,5.8615776
8/14/1982,4.0776192
8/15/1982,3.5112832
8/16/1982,3.681184
8/17/1982,4.105936
8/18/1982,4.1625696
8/19/1982,3.8510848
8/20/1982,3.5112832
8/21/1982,3.2281152
8/22/1982,2.9166304
8/23/1982,2.7184128
8/24/1982,2.548512
8/25/1982,2.4635616
8/26/1982,2.2936608
8/27/1982,2.1803936
8/28/1982,2.0388096
8/29/1982,2.0104928
8/30/1982,1.9255424
8/31/1982,1.840592
9/1/1982,1.8122752
9/2/1982,1.7273248
9/3/1982,1.7273248
9/4/1982,1.8122752
9/5/1982,1.7273248
9/6/1982,1.6140576
9/7/1982,1.6423744
9/8/1982,1.6423744
9/9/1982,1.6423744
9/10/1982,1.6140576
9/11/1982,1.5857408
9/12/1982,1.5857408
9/13/1982,1.6706912
9/14/1982,1.7556416
9/15/1982,1.6423744
9/16/1982,1.6706912
9/17/1982,1.7273248
9/18/1982,1.8689088
9/19/1982,1.982176
9/20/1982,2.0104928
9/21/1982,2.1803936
9/22/1982,2.265344
9/23/1982,2.0954432
9/24/1982,1.9255424
9/25/1982,1.982176
9/26/1982,2.0954432
9/27/1982,2.2087104
9/28/1982,2.1520768
9/29/1982,1.982176
9/30/1982,1.840592
10/1/1982,1.7556416
10/2/1982,1.7273248
10/3/1982,1.7556416
10/4/1982,1.7273248
10/5/1982,1.6706912
10/6/1982,1.699008
10/7/1982,1.7273248
10/8/1982,1.9538592
10/9/1982,2.0671264
10/10/1982,2.4635616
10/11/1982,3.3413824
10/12/1982,5.5784096
10/13/1982,9.5993952
10/14/1982,13.4787968
10/15/1982,12.317808
10/16/1982,10.1374144
10/17/1982,8.49504
10/18/1982,6.9659328
10/19/1982,6.0597952
10/20/1982,5.4368256
10/21/1982,4.8988064
10/22/1982,4.4740544
10/23/1982,4.24752
10/24/1982,4.0776192
10/25/1982,3.8794016
10/26/1982,3.7095008
10/27/1982,3.6245504
10/28/1982,3.5679168
10/29/1982,3.9077184
10/30/1982,4.5590048
10/31/1982,5.8615776
11/1/1982,6.1730624
11/2/1982,6.9092992
11/3/1982,8.4100896
11/4/1982,12.600976
11/5/1982,18.2077024
11/6/1982,17.2166144
11/7/1982,16.0273088
11/8/1982,14.6681024
11/9/1982,13.4221632
11/10/1982,12.3461248
11/11/1982,11.7231552
11/12/1982,10.7320672
11/13/1982,9.5993952
11/14/1982,8.4384064
11/15/1982,7.4756352
11/16/1982,6.7110816
11/17/1982,7.0508832
11/18/1982,10.7037504
11/19/1982,13.4787968
11/20/1982,19.82176
11/21/1982,35.396
11/22/1982,35.962336
11/23/1982,42.192032
11/24/1982,35.679168
11/25/1982,27.8637312
11/26/1982,25.0320512
11/27/1982,67.96032
11/28/1982,107.320672
11/29/1982,123.17808
11/30/1982,128.84144
12/1/1982,131.106784
12/2/1982,135.354304
12/3/1982,163.104768
12/4/1982,169.051296
12/5/1982,161.122592
12/6/1982,151.211712
12/7/1982,138.469152
12/8/1982,124.027584
12/9/1982,101.090976
12/10/1982,73.906848
12/11/1982,57.199936
12/12/1982,62.580128
12/13/1982,75.03952
12/14/1982,71.358336
12/15/1982,108.170176
12/16/1982,126.859264
12/17/1982,140.16816
12/18/1982,139.035488
12/19/1982,128.558272
12/20/1982,117.797888
12/21/1982,105.055328
12/22/1982,88.631584
12/23/1982,77.021696
12/24/1982,70.508832
12/25/1982,78.720704
12/26/1982,186.041376
12/27/1982,227.100736
12/28/1982,251.736352
12/29/1982,252.585856
12/30/1982,264.76208
12/31/1982,267.876928
1/1/1983,281.185824
1/2/1983,279.486816
1/3/1983,277.787808
1/4/1983,283.168
1/5/1983,272.124448
1/6/1983,246.639328
1/7/1983,216.057184
1/8/1983,185.758208
1/9/1983,156.308736
1/10/1983,136.770144
1/11/1983,103.35632
1/12/1983,87.78208
1/13/1983,76.45536
1/14/1983,65.12864
1/15/1983,56.6336
1/16/1983,49.5544
1/17/1983,45.30688
1/18/1983,43.89104
1/19/1983,43.89104
1/20/1983,44.174208
1/21/1983,43.89104
1/22/1983,43.607872
1/23/1983,43.324704
1/24/1983,42.4752
1/25/1983,41.625696
1/26/1983,40.209856
1/27/1983,39.077184
1/28/1983,37.944512
1/29/1983,39.64352
1/30/1983,44.740544
1/31/1983,43.607872
2/1/1983,56.6336
2/2/1983,77.588032
2/3/1983,81.552384
2/4/1983,80.986048
2/5/1983,109.869184
2/6/1983,159.98992
2/7/1983,175.847328
2/8/1983,205.013632
2/9/1983,229.932416
2/10/1983,267.027424
2/11/1983,276.371968
2/12/1983,285.99968
2/13/1983,276.938304
2/14/1983,257.399712
2/15/1983,235.02944
2/16/1983,214.358176
2/17/1983,197.084928
2/18/1983,180.661184
2/19/1983,164.23744
2/20/1983,148.6632
2/21/1983,159.706752
2/22/1983,176.98
2/23/1983,184.908704
2/24/1983,187.740384
2/25/1983,174.714656
2/26/1983,160.273088
2/27/1983,147.813696
2/28/1983,139.035488
3/1/1983,131.956288
3/2/1983,124.027584
3/3/1983,114.68304
3/4/1983,108.736512
3/5/1983,120.063232
3/6/1983,127.142432
3/7/1983,122.328576
3/8/1983,116.09888
3/9/1983,110.152352
3/10/1983,105.338496
3/11/1983,101.94048
3/12/1983,99.1088
3/13/1983,97.126624
3/14/1983,96.27712
3/15/1983,96.843456
3/16/1983,99.1088
3/17/1983,104.205824
3/18/1983,110.718688
3/19/1983,117.797888
3/20/1983,128.558272
3/21/1983,142.716672
3/22/1983,145.265184
3/23/1983,173.581984
3/24/1983,242.958144
3/25/1983,260.51456
3/26/1983,297.3264
3/27/1983,314.31648
3/28/1983,311.4848
3/29/1983,302.98976
3/30/1983,288.83136
3/31/1983,274.389792
4/1/1983,251.170016
4/2/1983,224.835392
4/3/1983,201.04928
4/4/1983,175.847328
4/5/1983,151.211712
4/6/1983,129.974112
4/7/1983,113.550368
4/8/1983,102.506816
4/9/1983,92.879104
4/10/1983,85.233568
4/11/1983,78.154368
4/12/1983,71.924672
4/13/1983,66.54448
4/14/1983,61.730624
4/15/1983,57.199936
4/16/1983,53.518752
4/17/1983,50.687072
4/18/1983,47.855392
4/19/1983,44.740544
4/20/1983,42.192032
4/21/1983,39.926688
4/22/1983,39.64352
4/23/1983,44.174208
4/24/1983,37.378176
4/25/1983,33.98016
4/26/1983,31.714816
4/27/1983,29.73264
4/28/1983,27.0708608
4/29/1983,25.5983872
4/30/1983,24.2958144
5/1/1983,23.3330432
5/2/1983,22.511856
5/3/1983,21.6340352
5/4/1983,20.3031456
5/5/1983,18.9156224
5/6/1983,17.6696832
5/7/1983,16.6502784
5/8/1983,15.9423584
5/9/1983,15.2344384
5/10/1983,14.8380032
5/11/1983,19.3120576
5/12/1983,26.1364064
5/13/1983,31.14848
5/14/1983,28.599968
5/15/1983,50.120736
5/16/1983,99.391968
5/17/1983,83.251392
5/18/1983,56.6336
5/19/1983,67.110816
5/20/1983,127.142432
5/21/1983,278.637312
5/22/1983,342.63328
5/23/1983,402.09856
5/24/1983,455.90048
5/25/1983,450.23712
5/26/1983,419.08864
5/27/1983,382.2768
5/28/1983,342.63328
5/29/1983,300.15808
5/30/1983,261.080896
5/31/1983,223.985888
6/1/1983,196.518592
6/2/1983,170.467136
6/3/1983,147.530528
6/4/1983,129.407776
6/5/1983,117.231552
6/6/1983,130.823616
6/7/1983,157.724576
6/8/1983,171.599808
6/9/1983,178.679008
6/10/1983,176.696832
6/11/1983,170.183968
6/12/1983,161.40576
6/13/1983,150.362208
6/14/1983,137.053312
6/15/1983,121.195904
6/16/1983,105.621664
6/17/1983,94.011776
6/18/1983,87.78208
6/19/1983,84.667232
6/20/1983,81.269216
6/21/1983,78.720704
6/22/1983,75.889024
6/23/1983,71.358336
6/24/1983,65.978144
6/25/1983,65.411808
6/26/1983,63.146464
6/27/1983,56.6336
6/28/1983,52.102912
6/29/1983,49.5544
6/30/1983,47.289056
7/1/1983,47.855392
7/2/1983,49.5544
7/3/1983,52.38608
7/4/1983,54.651424
7/5/1983,56.067264
7/6/1983,56.916768
7/7/1983,51.536576
7/8/1983,41.908864
7/9/1983,35.396
7/10/1983,31.997984
7/11/1983,30.298976
7/12/1983,29.449472
7/13/1983,29.166304
7/14/1983,28.883136
7/15/1983,28.599968
7/16/1983,28.883136
7/17/1983,29.166304
7/18/1983,28.883136
7/19/1983,27.467296
7/20/1983,24.9471008
7/21/1983,23.2480928
7/22/1983,22.7383904
7/23/1983,22.0021536
7/24/1983,20.4447296
7/25/1983,18.547504
7/26/1983,17.0183968
7/27/1983,15.8290912
7/28/1983,14.5548352
7/29/1983,13.0823616
7/30/1983,11.6948384
7/31/1983,10.477216
8/1/1983,9.4011776
8/2/1983,8.5233568
8/3/1983,7.8720704
8/4/1983,7.5322688
8/5/1983,8.211872
8/6/1983,9.486128
8/7/1983,10.3639488
8/8/1983,12.9407776
8/9/1983,17.6413664
8/10/1983,23.644528
8/11/1983,28.599968
8/12/1983,22.5968064
8/13/1983,21.8888864
8/14/1983,26.1364064
8/15/1983,39.077184
8/16/1983,32.56432
8/17/1983,28.3168
8/18/1983,26.90096
8/19/1983,25.48512
8/20/1983,42.4752
8/21/1983,56.6336
8/22/1983,70.792
8/23/1983,56.6336
8/24/1983,45.30688
8/25/1983,41.05936
8/26/1983,38.22768
8/27/1983,34.829664
8/28/1983,30.865312
8/29/1983,22.8799744
8/30/1983,14.9512704
8/31/1983,10.9586016
9/1/1983,10.477216
9/2/1983,11.5532544
9/3/1983,11.8081056
9/4/1983,10.4205824
9/5/1983,10.8736512
9/6/1983,10.2789984
9/7/1983,9.3728608
9/8/1983,8.778208
9/9/1983,8.2401888
9/10/1983,8.5516736
9/11/1983,8.2968224
9/12/1983,8.8065248
9/13/1983,8.9764256
9/14/1983,9.2312768
9/15/1983,8.6649408
9/16/1983,8.3817728
9/17/1983,7.9853376
9/18/1983,7.9853376
9/19/1983,8.5799904
9/20/1983,11.5249376
9/21/1983,16.8768128
9/22/1983,15.8290912
9/23/1983,13.1106784
9/24/1983,10.7037504
9/25/1983,9.8542464
9/26/1983,8.8065248
9/27/1983,7.7588032
9/28/1983,6.9942496
9/29/1983,6.3429632
9/30/1983,6.0597952
10/1/1983,5.804944
10/2/1983,5.380192
10/3/1983,4.9271232
10/4/1983,4.6439552
10/5/1983,4.530688
10/6/1983,4.3607872
10/7/1983,4.1625696
10/8/1983,3.8794016
10/9/1983,3.7378176
10/10/1983,3.7378176
10/11/1983,3.5396
10/12/1983,3.7095008
10/13/1983,3.7661344
10/14/1983,3.7378176
10/15/1983,3.7944512
10/16/1983,4.0493024
10/17/1983,4.2758368
10/18/1983,4.5590048
10/19/1983,4.813856
10/20/1983,4.8988064
10/21/1983,4.8988064
10/22/1983,4.7289056
10/23/1983,4.6439552
10/24/1983,4.5023712
10/25/1983,4.389104
10/26/1983,4.4740544
10/27/1983,4.9271232
10/28/1983,5.4085088
10/29/1983,5.5784096
10/30/1983,5.4651424
10/31/1983,5.380192
11/1/1983,5.238608
11/2/1983,5.097024
11/3/1983,4.95544
11/4/1983,4.7572224
11/5/1983,4.6156384
11/6/1983,5.4934592
11/7/1983,6.8243488
11/8/1983,5.804944
11/9/1983,5.2669248
11/10/1983,5.2669248
11/11/1983,5.380192
11/12/1983,5.7199936
11/13/1983,6.229696
11/14/1983,6.6827648
11/15/1983,6.8809824
11/16/1983,6.796032
11/17/1983,6.654448
11/18/1983,6.37128
11/19/1983,6.088112
11/20/1983,6.1730624
11/21/1983,6.4279136
11/22/1983,6.512864
11/23/1983,12.9690944
11/24/1983,32.56432
11/25/1983,26.7876928
11/26/1983,22.2003712
11/27/1983,22.4552224
11/28/1983,21.0393824
11/29/1983,19.6235424
11/30/1983,19.2271072
12/1/1983,22.2003712
12/2/1983,21.2942336
12/3/1983,40.776192
12/4/1983,78.720704
12/5/1983,92.312768
12/6/1983,85.799904
12/7/1983,78.720704
12/8/1983,79.853376
12/9/1983,82.968224
12/10/1983,95.427616
12/11/1983,123.461248
12/12/1983,113.833536
12/13/1983,117.231552
12/14/1983,114.116704
12/15/1983,111.568192
12/16/1983,109.586016
12/17/1983,105.338496
12/18/1983,92.312768
12/19/1983,75.03952
12/20/1983,60.597952
12/21/1983,51.536576
12/22/1983,55.500928
12/23/1983,61.164288
12/24/1983,52.38608
12/25/1983,42.4752
12/26/1983,33.98016
12/27/1983,28.3168
12/28/1983,24.06928
12/29/1983,22.65344
12/30/1983,21.2376
12/31/1983,22.65344
1/1/1984,21.5490848
1/2/1984,20.7845312
1/3/1984,19.6235424
1/4/1984,18.5758208
1/5/1984,18.5758208
1/6/1984,18.830672
1/7/1984,18.4342368
1/8/1984,17.8679008
1/9/1984,32.847488
1/10/1984,70.792
1/11/1984,79.853376
1/12/1984,68.243488
1/13/1984,55.784096
1/14/1984,49.5544
1/15/1984,46.156384
1/16/1984,48.421728
1/17/1984,48.988064
1/18/1984,45.023712
1/19/1984,42.758368
1/20/1984,40.493024
1/21/1984,36.81184
1/22/1984,33.130656
1/23/1984,35.962336
1/24/1984,66.827648
1/25/1984,74.473184
1/26/1984,69.659328
1/27/1984,63.146464
1/28/1984,60.031616
1/29/1984,55.784096
1/30/1984,50.120736
1/31/1984,42.4752
2/1/1984,35.679168
2/2/1984,30.582144
2/3/1984,27.60888
2/4/1984,26.051456
2/5/1984,24.7205664
2/6/1984,23.502944
2/7/1984,22.1154208
2/8/1984,21.0110656
2/9/1984,20.1332448
2/10/1984,19.7084928
2/11/1984,19.9916608
2/12/1984,98.825632
2/13/1984,180.378016
2/14/1984,201.04928
2/15/1984,210.110656
2/16/1984,199.916608
2/17/1984,178.112672
2/18/1984,158.290912
2/19/1984,143.566176
2/20/1984,130.25728
2/21/1984,116.665216
2/22/1984,91.463264
2/23/1984,71.358336
2/24/1984,61.730624
2/25/1984,57.199936
2/26/1984,65.12864
2/27/1984,101.657312
2/28/1984,97.126624
2/29/1984,90.61376
3/1/1984,84.9504
3/2/1984,85.516736
3/3/1984,86.932576
3/4/1984,88.065248
3/5/1984,170.750304
3/6/1984,173.298816
3/7/1984,170.183968
3/8/1984,169.334464
3/9/1984,152.627552
3/10/1984,141.017664
3/11/1984,137.33648
3/12/1984,142.150336
3/13/1984,156.308736
3/14/1984,161.40576
3/15/1984,166.219616
3/16/1984,172.449312
3/17/1984,180.378016
3/18/1984,186.607712
3/19/1984,185.758208
3/20/1984,178.112672
3/21/1984,165.370112
3/22/1984,150.07904
3/23/1984,134.5048
3/24/1984,122.045408
3/25/1984,113.833536
3/26/1984,107.887008
3/27/1984,103.639488
3/28/1984,100.241472
3/29/1984,97.409792
3/30/1984,95.144448
3/31/1984,94.578112
4/1/1984,94.86128
4/2/1984,95.427616
4/3/1984,97.126624
4/4/1984,92.879104
4/5/1984,88.065248
4/6/1984,80.136544
4/7/1984,72.491008
4/8/1984,68.243488
4/9/1984,65.12864
4/10/1984,62.580128
4/11/1984,67.393984
4/12/1984,62.863296
4/13/1984,59.46528
4/14/1984,55.21776
4/15/1984,50.97024
4/16/1984,46.439552
4/17/1984,41.908864
4/18/1984,37.944512
4/19/1984,35.396
4/20/1984,33.130656
4/21/1984,31.431648
4/22/1984,30.298976
4/23/1984,29.166304
4/24/1984,27.9769984
4/25/1984,26.3629408
4/26/1984,24.1825472
4/27/1984,21.8888864
4/28/1984,19.7934432
4/29/1984,18.0944352
4/30/1984,16.8768128
5/1/1984,15.8290912
5/2/1984,14.8096864
5/3/1984,13.4787968
5/4/1984,12.2894912
5/5/1984,11.5249376
5/6/1984,11.1001856
5/7/1984,11.0152352
5/8/1984,13.3655296
5/9/1984,55.500928
5/10/1984,56.350432
5/11/1984,25.5134368
5/12/1984,15.9706752
5/13/1984,13.1389952
5/14/1984,11.4966208
5/15/1984,10.6188
5/16/1984,10.2789984
5/17/1984,9.8825632
5/18/1984,9.1463264
5/19/1984,9.0047424
5/20/1984,11.5249376
5/21/1984,35.962336
5/22/1984,121.76224
5/23/1984,127.4256
5/24/1984,100.807808
5/25/1984,72.774176
5/26/1984,58.332608
5/27/1984,48.13856
5/28/1984,36.528672
5/29/1984,23.5595776
5/30/1984,16.3671104
5/31/1984,12.2611744
6/1/1984,10.3073152
6/2/1984,9.0330592
6/3/1984,8.0136544
6/4/1984,7.3340512
6/5/1984,8.1552384
6/6/1984,12.5160256
6/7/1984,21.662352
6/8/1984,28.599968
6/9/1984,30.298976
6/10/1984,28.1185824
6/11/1984,19.255424
6/12/1984,13.592064
6/13/1984,10.8736512
6/14/1984,10.1090976
6/15/1984,10.0241472
6/16/1984,9.3162272
6/17/1984,8.7215744
6/18/1984,8.9481088
6/19/1984,8.6932576
6/20/1984,7.645536
6/21/1984,6.4845472
6/22/1984,5.8615776
6/23/1984,5.380192
6/24/1984,4.9271232
6/25/1984,4.6439552
6/26/1984,4.4457376
6/27/1984,4.2192032
6/28/1984,4.1342528
6/29/1984,4.1625696
6/30/1984,5.5500928
7/1/1984,13.167312
7/2/1984,11.468304
7/3/1984,12.176224
7/4/1984,17.7263168
7/5/1984,18.4342368
7/6/1984,15.8290912
7/7/1984,12.1195904
7/8/1984,9.5710784
7/9/1984,8.070288
7/10/1984,7.0508832
7/11/1984,6.0597952
7/12/1984,5.238608
7/13/1984,4.7005888
7/14/1984,4.2192032
7/15/1984,3.8510848
7/16/1984,3.7378176
7/17/1984,3.5112832
7/18/1984,3.3130656
7/19/1984,4.1625696
7/20/1984,3.9926688
7/21/1984,4.0209856
7/22/1984,3.256432
7/23/1984,2.8599968
7/24/1984,2.6617792
7/25/1984,3.0015808
7/26/1984,3.0298976
7/27/1984,3.2847488
7/28/1984,5.0687072
7/29/1984,3.7378176
7/30/1984,3.822768
7/31/1984,4.6156384
8/1/1984,5.9748448
8/2/1984,6.4562304
8/3/1984,6.0031616
8/4/1984,6.8809824
8/5/1984,9.0047424
8/6/1984,8.0419712
8/7/1984,9.061376
8/8/1984,8.8914752
8/9/1984,6.5411808
8/10/1984,5.238608
8/11/1984,4.4740544
8/12/1984,4.0493024
8/13/1984,4.813856
8/14/1984,5.2669248
8/15/1984,4.530688
8/16/1984,5.238608
8/17/1984,4.5590048
8/18/1984,3.9926688
8/19/1984,2.7184128
8/20/1984,3.1714816
8/21/1984,3.5962336
8/22/1984,3.6528672
8/23/1984,3.822768
8/24/1984,3.7378176
8/25/1984,3.4546496
8/26/1984,3.114848
8/27/1984,2.7750464
8/28/1984,2.548512
8/29/1984,2.4635616
8/30/1984,2.3219776
8/31/1984,2.3502944
9/1/1984,2.4352448
9/2/1984,2.406928
9/3/1984,2.4918784
9/4/1984,2.4352448
9/5/1984,2.2370272
9/6/1984,2.2370272
9/7/1984,2.265344
9/8/1984,2.265344
9/9/1984,2.3502944
9/10/1984,2.4918784
9/11/1984,2.5201952
9/12/1984,2.406928
9/13/1984,2.2936608
9/14/1984,2.2936608
9/15/1984,2.2087104
9/16/1984,2.0954432
9/17/1984,2.0104928
9/18/1984,1.9538592
9/19/1984,1.8972256
9/20/1984,1.8689088
9/21/1984,2.548512
9/22/1984,5.1819744
9/23/1984,3.7378176
9/24/1984,3.2847488
9/25/1984,3.681184
9/26/1984,3.5962336
9/27/1984,3.5396
9/28/1984,3.6245504
9/29/1984,3.4263328
9/30/1984,3.0582144
10/1/1984,2.83168
10/2/1984,2.5201952
10/3/1984,2.2370272
10/4/1984,2.0671264
10/5/1984,1.8972256
10/6/1984,1.8689088
10/7/1984,1.840592
10/8/1984,2.1520768
10/9/1984,3.5679168
10/10/1984,3.964352
10/11/1984,5.2952416
10/12/1984,3.8510848
10/13/1984,3.0582144
10/14/1984,4.2758368
10/15/1984,7.1924672
10/16/1984,9.4578112
10/17/1984,12.9407776
10/18/1984,13.9884992
10/19/1984,37.661344
10/20/1984,59.748448
10/21/1984,160.839424
10/22/1984,159.140416
10/23/1984,153.193888
10/24/1984,142.716672
10/25/1984,120.912736
10/26/1984,112.984032
10/27/1984,112.134528
10/28/1984,114.966208
10/29/1984,122.328576
10/30/1984,128.558272
10/31/1984,130.25728
11/1/1984,128.84144
11/2/1984,131.67312
11/3/1984,151.49488
11/4/1984,162.8216
11/5/1984,168.48496
11/6/1984,167.06912
11/7/1984,156.591904
11/8/1984,135.071136
11/9/1984,107.320672
11/10/1984,83.53456
11/11/1984,67.110816
11/12/1984,52.38608
11/13/1984,38.22768
11/14/1984,29.166304
11/15/1984,24.1825472
11/16/1984,41.342528
11/17/1984,47.572224
11/18/1984,36.81184
11/19/1984,40.493024
11/20/1984,45.023712
11/21/1984,42.4752
11/22/1984,39.077184
11/23/1984,34.263328
11/24/1984,28.883136
11/25/1984,24.4373984
11/26/1984,21.8888864
11/27/1984,20.7278976
11/28/1984,20.52968
11/29/1984,22.9932416
11/30/1984,28.599968
12/1/1984,32.847488
12/2/1984,35.112832
12/3/1984,37.095008
12/4/1984,40.493024
12/5/1984,48.421728
12/6/1984,53.518752
12/7/1984,47.005888
12/8/1984,42.758368
12/9/1984,42.758368
12/10/1984,41.342528
12/11/1984,39.077184
12/12/1984,35.962336
12/13/1984,33.130656
12/14/1984,30.582144
12/15/1984,29.73264
12/16/1984,33.98016
12/17/1984,44.457376
12/18/1984,52.102912
12/19/1984,56.350432
12/20/1984,60.031616
12/21/1984,63.429632
12/22/1984,65.694976
12/23/1984,66.261312
12/24/1984,63.146464
12/25/1984,56.6336
12/26/1984,48.704896
12/27/1984,41.908864
12/28/1984,37.378176
12/29/1984,33.696992
12/30/1984,38.510848
12/31/1984,82.401888
1/1/1985,118.364224
1/2/1985,111.568192
1/3/1985,92.595936
1/4/1985,88.065248
1/5/1985,84.667232
1/6/1985,78.154368
1/7/1985,75.605856
1/8/1985,74.473184
1/9/1985,72.774176
1/10/1985,69.659328
1/11/1985,62.863296
1/12/1985,56.067264
1/13/1985,50.120736
1/14/1985,47.855392
1/15/1985,45.590048
1/16/1985,45.30688
1/17/1985,62.863296
1/18/1985,90.330592
1/19/1985,97.126624
1/20/1985,89.19792
1/21/1985,89.764256
1/22/1985,96.560288
1/23/1985,103.922656
1/24/1985,109.302848
1/25/1985,111.568192
1/26/1985,108.170176
1/27/1985,103.922656
1/28/1985,103.922656
1/29/1985,72.774176
1/30/1985,56.350432
1/31/1985,50.403904
2/1/1985,47.005888
2/2/1985,44.740544
2/3/1985,42.758368
2/4/1985,41.342528
2/5/1985,44.174208
2/6/1985,46.439552
2/7/1985,45.873216
2/8/1985,44.740544
2/9/1985,44.457376
2/10/1985,48.13856
2/11/1985,131.956288
2/12/1985,154.892896
2/13/1985,169.334464
2/14/1985,168.768128
2/15/1985,165.370112
2/16/1985,165.936448
2/17/1985,167.06912
2/18/1985,165.936448
2/19/1985,160.839424
2/20/1985,152.061216
2/21/1985,137.053312
2/22/1985,116.665216
2/23/1985,127.4256
2/24/1985,204.730464
2/25/1985,217.189856
2/26/1985,232.19776
2/27/1985,232.480928
2/28/1985,227.383904
3/1/1985,264.478912
3/2/1985,271.558112
3/3/1985,278.637312
3/4/1985,273.540288
3/5/1985,250.886848
3/6/1985,222.28688
3/7/1985,198.2176
3/8/1985,178.679008
3/9/1985,162.538432
3/10/1985,148.096864
3/11/1985,129.974112
3/12/1985,114.68304
3/13/1985,107.037504
3/14/1985,103.639488
3/15/1985,104.205824
3/16/1985,105.338496
3/17/1985,106.471168
3/18/1985,107.037504
3/19/1985,106.188
3/20/1985,120.3464
3/21/1985,156.875072
3/22/1985,169.617632
3/23/1985,174.14832
3/24/1985,163.104768
3/25/1985,148.946368
3/26/1985,133.938464
3/27/1985,126.859264
3/28/1985,131.67312
3/29/1985,130.823616
3/30/1985,124.310752
3/31/1985,119.780064
4/1/1985,110.718688
4/2/1985,101.94048
4/3/1985,93.728608
4/4/1985,87.78208
4/5/1985,83.817728
4/6/1985,79.570208
4/7/1985,75.322688
4/8/1985,70.508832
4/9/1985,65.978144
4/10/1985,61.730624
4/11/1985,58.898944
4/12/1985,56.916768
4/13/1985,55.500928
4/14/1985,54.368256
4/15/1985,52.952416
4/16/1985,50.97024
4/17/1985,47.855392
4/18/1985,44.174208
4/19/1985,40.209856
4/20/1985,35.962336
4/21/1985,31.714816
4/22/1985,29.166304
4/23/1985,30.298976
4/24/1985,53.518752
4/25/1985,52.669248
4/26/1985,67.677152
4/27/1985,101.657312
4/28/1985,73.057344
4/29/1985,56.916768
4/30/1985,57.483104
5/1/1985,58.332608
5/2/1985,52.38608
5/3/1985,45.590048
5/4/1985,41.908864
5/5/1985,40.493024
5/6/1985,39.077184
5/7/1985,37.378176
5/8/1985,37.095008
5/9/1985,38.510848
5/10/1985,38.510848
5/11/1985,38.22768
5/12/1985,38.794016
5/13/1985,39.360352
5/14/1985,40.776192
5/15/1985,44.740544
5/16/1985,53.518752
5/17/1985,59.46528
5/18/1985,61.730624
5/19/1985,58.615776
5/20/1985,52.952416
5/21/1985,48.421728
5/22/1985,46.72272
5/23/1985,41.342528
5/24/1985,35.112832
5/25/1985,31.714816
5/26/1985,29.449472
5/27/1985,28.2318496
5/28/1985,26.6461088
5/29/1985,24.7772
5/30/1985,23.4179936
5/31/1985,22.1154208
6/1/1985,20.8694816
6/2/1985,19.3120576
6/3/1985,17.556416
6/4/1985,16.2538432
6/5/1985,14.6397856
6/6/1985,13.5637472
6/7/1985,12.3461248
6/8/1985,11.1285024
6/9/1985,10.3639488
6/10/1985,9.7976128
6/11/1985,9.2879104
6/12/1985,10.052464
6/13/1985,9.061376
6/14/1985,8.1269216
6/15/1985,7.5605856
6/16/1985,7.1358336
6/17/1985,6.7393984
6/18/1985,6.3146464
6/19/1985,6.5411808
6/20/1985,6.0597952
6/21/1985,6.1447456
6/22/1985,6.37128
6/23/1985,5.946528
6/24/1985,5.5784096
6/25/1985,5.5784096
6/26/1985,5.521776
6/27/1985,5.521776
6/28/1985,5.4934592
6/29/1985,5.1819744
6/30/1985,4.7572224
7/1/1985,4.5023712
7/2/1985,4.3041536
7/3/1985,4.9271232
7/4/1985,6.2013792
7/5/1985,4.8988064
7/6/1985,4.3607872
7/7/1985,4.3324704
7/8/1985,4.3607872
7/9/1985,4.1342528
7/10/1985,3.7944512
7/11/1985,3.5962336
7/12/1985,3.822768
7/13/1985,3.964352
7/14/1985,4.4740544
7/15/1985,4.672272
7/16/1985,4.7005888
7/17/1985,7.220784
7/18/1985,6.1447456
7/19/1985,6.1164288
7/20/1985,6.654448
7/21/1985,6.6261312
7/22/1985,6.9942496
7/23/1985,8.2401888
7/24/1985,7.503952
7/25/1985,6.4279136
7/26/1985,6.2863296
7/27/1985,6.796032
7/28/1985,7.0792
7/29/1985,6.654448
7/30/1985,6.088112
7/31/1985,5.66336
8/1/1985,5.380192
8/2/1985,5.097024
8/3/1985,4.672272
8/4/1985,4.24752
8/5/1985,3.822768
8/6/1985,3.5396
8/7/1985,3.256432
8/8/1985,3.0582144
8/9/1985,2.9449472
8/10/1985,2.7750464
8/11/1985,2.6334624
8/12/1985,2.5201952
8/13/1985,2.4352448
8/14/1985,2.4352448
8/15/1985,2.48621504
8/16/1985,2.45223488
8/17/1985,2.30498752
8/18/1985,2.1520768
8/19/1985,2.17756192
8/20/1985,2.36728448
8/21/1985,2.38144288
8/22/1985,2.23136384
8/23/1985,2.194552
8/24/1985,2.19738368
8/25/1985,2.17473024
8/26/1985,2.265344
8/27/1985,2.23985888
8/28/1985,2.21154208
8/29/1985,2.08411648
8/30/1985,2.00482944
8/31/1985,1.95669088
9/1/1985,1.8972256
9/2/1985,1.84908704
9/3/1985,1.78962176
9/4/1985,1.84342368
9/5/1985,2.03031456
9/6/1985,1.9680176
9/7/1985,1.90288896
9/8/1985,1.90572064
9/9/1985,2.36728448
9/10/1985,3.8794016
9/11/1985,3.4263328
9/12/1985,2.70142272
9/13/1985,1.95102752
9/14/1985,2.28516576
9/15/1985,2.79203648
9/16/1985,2.80053152
9/17/1985,2.72407616
9/18/1985,2.61364064
9/19/1985,2.51453184
9/20/1985,2.3786112
9/21/1985,2.2228688
9/22/1985,2.0671264
9/23/1985,1.95952256
9/24/1985,1.83776032
9/25/1985,1.84625536
9/26/1985,2.17473024
9/27/1985,1.95102752
9/28/1985,1.74431488
9/29/1985,2.04164128
9/30/1985,6.0314784
10/1/1985,5.7766272
10/2/1985,3.5962336
10/3/1985,2.7750464
10/4/1985,2.690096
10/5/1985,3.0015808
10/6/1985,3.0582144
10/7/1985,3.0582144
10/8/1985,3.0582144
10/9/1985,2.973264
10/10/1985,2.83168
10/11/1985,2.690096
10/12/1985,2.4918784
10/13/1985,2.3219776
10/14/1985,2.265344
10/15/1985,3.5396
10/16/1985,6.654448
10/17/1985,11.5249376
10/18/1985,10.0807808
10/19/1985,14.2433504
10/20/1985,20.6995808
10/21/1985,13.7619648
10/22/1985,13.8185984
10/23/1985,17.4714656
10/24/1985,15.9706752
10/25/1985,15.0928544
10/26/1985,20.9261152
10/27/1985,26.2496736
10/28/1985,55.21776
10/29/1985,84.100896
10/30/1985,133.938464
10/31/1985,154.32656
11/1/1985,125.443424
11/2/1985,96.843456
11/3/1985,80.986048
11/4/1985,75.322688
11/5/1985,71.358336
11/6/1985,67.96032
11/7/1985,64.279136
11/8/1985,58.898944
11/9/1985,50.687072
11/10/1985,39.077184
11/11/1985,28.883136
11/12/1985,23.36136
11/13/1985,20.246512
11/14/1985,20.4730464
11/15/1985,24.1542304
11/16/1985,27.8637312
11/17/1985,28.2601664
11/18/1985,39.64352
11/19/1985,59.182112
11/20/1985,62.863296
11/21/1985,65.411808
11/22/1985,65.978144
11/23/1985,60.88112
11/24/1985,64.562304
11/25/1985,87.498912
11/26/1985,82.968224
11/27/1985,89.481088
11/28/1985,98.259296
11/29/1985,107.037504
11/30/1985,127.142432
12/1/1985,167.06912
12/2/1985,222.28688
12/3/1985,262.779904
12/4/1985,276.938304
12/5/1985,272.124448
12/6/1985,254.568032
12/7/1985,228.516576
12/8/1985,198.500768
12/9/1985,170.467136
12/10/1985,148.380032
12/11/1985,158.007744
12/12/1985,209.827488
12/13/1985,241.542304
12/14/1985,244.090816
12/15/1985,248.621504
12/16/1985,245.789824
12/17/1985,240.409632
12/18/1985,231.065088
12/19/1985,219.4552
12/20/1985,206.146304
12/21/1985,192.271072
12/22/1985,177.546336
12/23/1985,160.556256
12/24/1985,144.982016
12/25/1985,132.805792
12/26/1985,122.894912
12/27/1985,117.797888
12/28/1985,115.532544
12/29/1985,115.815712
12/30/1985,117.797888
12/31/1985,120.063232
1/1/1986,120.629568
1/2/1986,120.3464
1/3/1986,118.364224
1/4/1986,115.249376
1/5/1986,110.152352
1/6/1986,104.488992
1/7/1986,97.409792
1/8/1986,90.896928
1/9/1986,84.100896
1/10/1986,78.154368
1/11/1986,71.924672
1/12/1986,64.279136
1/13/1986,57.483104
1/14/1986,52.669248
1/15/1986,47.572224
1/16/1986,43.041536
1/17/1986,39.077184
1/18/1986,36.528672
1/19/1986,34.263328
1/20/1986,32.281152
1/21/1986,30.865312
1/22/1986,30.298976
1/23/1986,30.298976
1/24/1986,31.14848
1/25/1986,32.281152
1/26/1986,33.130656
1/27/1986,32.56432
1/28/1986,32.56432
1/29/1986,32.281152
1/30/1986,30.865312
1/31/1986,29.166304
2/1/1986,27.8637312
2/2/1986,26.90096
2/3/1986,27.2690784
2/4/1986,181.22752
2/5/1986,212.376
2/6/1986,195.669088
2/7/1986,138.75232
2/8/1986,95.144448
2/9/1986,77.304864
2/10/1986,73.62368
2/11/1986,71.358336
2/12/1986,66.54448
2/13/1986,64.279136
2/14/1986,63.429632
2/15/1986,63.995968
2/16/1986,65.978144
2/17/1986,69.659328
2/18/1986,74.756352
2/19/1986,81.269216
2/20/1986,93.728608
2/21/1986,106.188
2/22/1986,115.532544
2/23/1986,122.045408
2/24/1986,125.726592
2/25/1986,125.443424
2/26/1986,120.3464
2/27/1986,114.116704
2/28/1986,107.887008
3/1/1986,100.52464
3/2/1986,91.463264
3/3/1986,82.968224
3/4/1986,74.190016
3/5/1986,66.54448
3/6/1986,57.483104
3/7/1986,49.271232
3/8/1986,43.607872
3/9/1986,39.64352
3/10/1986,42.4752
3/11/1986,41.05936
3/12/1986,38.22768
3/13/1986,35.112832
3/14/1986,30.015808
3/15/1986,25.48512
3/16/1986,22.65344
3/17/1986,24.06928
3/18/1986,22.65344
3/19/1986,22.65344
3/20/1986,23.644528
3/21/1986,23.4463104
3/22/1986,23.2480928
3/23/1986,22.8233408
3/24/1986,22.4835392
3/25/1986,22.1154208
3/26/1986,21.8322528
3/27/1986,21.94552
3/28/1986,21.5490848
3/29/1986,20.52968
3/30/1986,19.0005728
3/31/1986,17.5847328
4/1/1986,16.6785952
4/2/1986,15.9423584
4/3/1986,15.3477056
4/4/1986,14.9512704
4/5/1986,14.6114688
4/6/1986,14.1584
4/7/1986,13.7053312
4/8/1986,13.1956288
4/9/1986,12.884144
4/10/1986,13.0823616
4/11/1986,14.4698848
4/12/1986,16.6502784
4/13/1986,21.7756192
4/14/1986,26.7027424
4/15/1986,30.865312
4/16/1986,34.829664
4/17/1986,39.64352
4/18/1986,43.89104
4/19/1986,48.421728
4/20/1986,62.013792
4/21/1986,63.995968
4/22/1986,65.694976
4/23/1986,71.641504
4/24/1986,80.70288
4/25/1986,90.896928
4/26/1986,99.391968
4/27/1986,105.055328
4/28/1986,110.152352
4/29/1986,114.966208
4/30/1986,118.081056
5/1/1986,122.045408
5/2/1986,187.174048
5/3/1986,211.243328
5/4/1986,211.243328
5/5/1986,207.845312
5/6/1986,196.518592
5/7/1986,181.793856
5/8/1986,165.65328
5/9/1986,149.795872
5/10/1986,133.655296
5/11/1986,123.461248
5/12/1986,107.037504
5/13/1986,91.180096
5/14/1986,82.11872
5/15/1986,79.28704
5/16/1986,80.136544
5/17/1986,85.516736
5/18/1986,120.912736
5/19/1986,125.443424
5/20/1986,131.956288
5/21/1986,123.17808
5/22/1986,122.328576
5/23/1986,123.461248
5/24/1986,123.17808
5/25/1986,131.956288
5/26/1986,141.017664
5/27/1986,144.982016
5/28/1986,151.211712
5/29/1986,160.839424
5/30/1986,166.219616
5/31/1986,174.431488
6/1/1986,172.73248
6/2/1986,169.051296
6/3/1986,171.033472
6/4/1986,174.14832
6/5/1986,184.0592
6/6/1986,214.358176
6/7/1986,234.179936
6/8/1986,270.708608
6/9/1986,305.82144
6/10/1986,353.96
6/11/1986,407.76192
6/12/1986,453.0688
6/13/1986,450.23712
6/14/1986,421.92032
6/15/1986,373.78176
6/16/1986,319.97984
6/17/1986,285.99968
6/18/1986,248.338336
6/19/1986,218.322528
6/20/1986,190.572064
6/21/1986,172.449312
6/22/1986,163.671104
6/23/1986,154.892896
6/24/1986,141.300832
6/25/1986,124.027584
6/26/1986,113.550368
6/27/1986,203.314624
6/28/1986,219.4552
6/29/1986,237.577952
6/30/1986,228.516576
7/1/1986,198.783936
7/2/1986,163.954272
7/3/1986,130.25728
7/4/1986,109.01968
7/5/1986,97.976128
7/6/1986,89.764256
7/7/1986,84.100896
7/8/1986,73.62368
7/9/1986,58.04944
7/10/1986,45.590048
7/11/1986,36.528672
7/12/1986,30.582144
7/13/1986,26.7310592
7/14/1986,23.786112
7/15/1986,21.3508672
7/16/1986,19.255424
7/17/1986,17.5280992
7/18/1986,15.6875072
7/19/1986,14.016816
7/20/1986,12.4877088
7/21/1986,11.5249376
7/22/1986,11.32672
7/23/1986,9.6843456
7/24/1986,8.9764256
7/25/1986,8.49504
7/26/1986,7.8154368
7/27/1986,7.1924672
7/28/1986,6.8243488
7/29/1986,6.5411808
7/30/1986,6.3146464
7/31/1986,6.088112
8/1/1986,5.7766272
8/2/1986,5.5500928
8/3/1986,5.380192
8/4/1986,5.3518752
8/5/1986,5.2102912
8/6/1986,4.95544
8/7/1986,4.8988064
8/8/1986,5.0687072
8/9/1986,5.4085088
8/10/1986,5.4368256
8/11/1986,5.6067264
8/12/1986,7.3057344
8/13/1986,10.1090976
8/14/1986,10.4205824
8/15/1986,8.1835552
8/16/1986,6.7110816
8/17/1986,6.0314784
8/18/1986,5.66336
8/19/1986,5.380192
8/20/1986,5.0403904
8/21/1986,4.7289056
8/22/1986,4.5590048
8/23/1986,4.5023712
8/24/1986,4.672272
8/25/1986,4.7005888
8/26/1986,4.8421728
8/27/1986,5.2669248
8/28/1986,5.4651424
8/29/1986,5.4934592
8/30/1986,5.4085088
8/31/1986,5.1253408
9/1/1986,5.1536576
9/2/1986,5.804944
9/3/1986,6.6261312
9/4/1986,6.937616
9/5/1986,7.362368
9/6/1986,9.4578112
9/7/1986,9.6560288
9/8/1986,16.9051296
9/9/1986,19.1987904
9/10/1986,17.5847328
9/11/1986,14.86632
9/12/1986,14.5265184
9/13/1986,33.413824
9/14/1986,30.865312
9/15/1986,23.3330432
9/16/1986,19.4536416
9/17/1986,13.6203808
9/18/1986,9.0047424
9/19/1986,7.4190016
9/20/1986,6.6827648
9/21/1986,6.7110816
9/22/1986,11.185136
9/23/1986,18.8023552
9/24/1986,15.8007744
9/25/1986,12.4027584
9/26/1986,9.4011776
9/27/1986,7.8437536
9/28/1986,7.9003872
9/29/1986,7.3340512
9/30/1986,7.0225664
10/1/1986,6.512864
10/2/1986,5.5500928
10/3/1986,5.0403904
10/4/1986,4.7572224
10/5/1986,4.5590048
10/6/1986,4.4174208
10/7/1986,4.389104
10/8/1986,4.7855392
10/9/1986,4.9271232
10/10/1986,4.5590048
10/11/1986,4.389104
10/12/1986,9.8259296
10/13/1986,25.0320512
10/14/1986,31.431648
10/15/1986,30.298976
10/16/1986,27.2973952
10/17/1986,24.3241312
10/18/1986,19.7651264
10/19/1986,14.7530528
10/20/1986,11.2700864
10/21/1986,9.0047424
10/22/1986,7.78712
10/23/1986,7.1641504
10/24/1986,7.503952
10/25/1986,7.4756352
10/26/1986,7.0792
10/27/1986,7.6172192
10/28/1986,12.6292928
10/29/1986,17.6696832
10/30/1986,19.1987904
10/31/1986,18.3209696
11/1/1986,17.0467136
11/2/1986,15.6591904
11/3/1986,14.1584
11/4/1986,14.7813696
11/5/1986,26.3629408
11/6/1986,30.582144
11/7/1986,29.73264
11/8/1986,44.740544
11/9/1986,75.03952
11/10/1986,74.756352
11/11/1986,60.88112
11/12/1986,52.952416
11/13/1986,48.988064
11/14/1986,41.908864
11/15/1986,34.263328
11/16/1986,28.883136
11/17/1986,24.1542304
11/18/1986,19.9350272
11/19/1986,17.1033472
11/20/1986,15.6025568
11/21/1986,14.3849344
11/22/1986,13.733648
11/23/1986,99.958304
11/24/1986,263.063072
11/25/1986,351.12832
11/26/1986,399.26688
11/27/1986,421.92032
11/28/1986,436.07872
11/29/1986,416.25696
11/30/1986,373.78176
12/1/1986,319.97984
12/2/1986,267.310592
12/3/1986,211.243328
12/4/1986,152.344384
12/5/1986,94.011776
12/6/1986,57.483104
12/7/1986,42.192032
12/8/1986,33.98016
12/9/1986,61.164288
12/10/1986,82.685056
12/11/1986,57.766272
12/12/1986,47.572224
12/13/1986,44.740544
12/14/1986,43.89104
12/15/1986,70.225664
12/16/1986,116.948384
12/17/1986,121.479072
12/18/1986,140.734496
12/19/1986,178.962176
12/20/1986,176.98
12/21/1986,176.413664
12/22/1986,172.166144
12/23/1986,213.225504
12/24/1986,223.419552
12/25/1986,228.799744
12/26/1986,233.047264
12/27/1986,225.401728
12/28/1986,211.526496
12/29/1986,195.952256
12/30/1986,179.528512
12/31/1986,164.520608
1/1/1987,150.362208
1/2/1987,135.637472
1/3/1987,133.938464
1/4/1987,137.053312
1/5/1987,125.160256
1/6/1987,120.629568
1/7/1987,119.213728
1/8/1987,117.797888
1/9/1987,115.815712
1/10/1987,113.2672
1/11/1987,109.01968
1/12/1987,104.488992
1/13/1987,99.1088
1/14/1987,93.44544
1/15/1987,88.065248
1/16/1987,82.11872
1/17/1987,89.481088
1/18/1987,129.407776
1/19/1987,124.59392
1/20/1987,108.736512
1/21/1987,95.710784
1/22/1987,88.348416
1/23/1987,82.401888
1/24/1987,77.588032
1/25/1987,73.057344
1/26/1987,67.96032
1/27/1987,64.562304
1/28/1987,61.447456
1/29/1987,59.182112
1/30/1987,56.6336
1/31/1987,54.368256
2/1/1987,53.235584
2/2/1987,56.067264
2/3/1987,59.748448
2/4/1987,61.730624
2/5/1987,58.615776
2/6/1987,56.916768
2/7/1987,54.934592
2/8/1987,52.669248
2/9/1987,50.687072
2/10/1987,47.572224
2/11/1987,45.873216
2/12/1987,43.041536
2/13/1987,40.776192
2/14/1987,39.360352
2/15/1987,56.350432
2/16/1987,73.906848
2/17/1987,70.792
2/18/1987,63.995968
2/19/1987,62.013792
2/20/1987,77.8712
2/21/1987,134.787968
2/22/1987,148.380032
2/23/1987,150.645376
2/24/1987,147.530528
2/25/1987,168.768128
2/26/1987,236.44528
2/27/1987,279.769984
2/28/1987,331.30656
3/1/1987,399.26688
3/2/1987,430.41536
3/3/1987,427.58368
3/4/1987,399.26688
3/5/1987,359.62336
3/6/1987,314.31648
3/7/1987,274.389792
3/8/1987,234.463104
3/9/1987,196.80176
3/10/1987,167.06912
3/11/1987,149.795872
3/12/1987,142.150336
3/13/1987,139.035488
3/14/1987,137.053312
3/15/1987,137.33648
3/16/1987,137.33648
3/17/1987,160.839424
3/18/1987,191.1384
3/19/1987,195.102752
3/20/1987,191.1384
3/21/1987,184.342368
3/22/1987,178.962176
3/23/1987,175.280992
3/24/1987,171.033472
3/25/1987,158.857248
3/26/1987,144.698848
3/27/1987,127.991936
3/28/1987,114.116704
3/29/1987,104.205824
3/30/1987,96.843456
3/31/1987,92.0296
4/1/1987,90.047424
4/2/1987,90.61376
4/3/1987,93.728608
4/4/1987,97.976128
4/5/1987,102.223648
4/6/1987,106.188
4/7/1987,107.60384
4/8/1987,106.754336
4/9/1987,102.789984
4/10/1987,97.126624
4/11/1987,90.61376
4/12/1987,82.968224
4/13/1987,75.03952
4/14/1987,66.827648
4/15/1987,57.483104
4/16/1987,49.271232
4/17/1987,43.324704
4/18/1987,38.794016
4/19/1987,35.962336
4/20/1987,33.413824
4/21/1987,31.14848
4/22/1987,29.166304
4/23/1987,27.3540288
4/24/1987,25.5983872
4/25/1987,23.9843296
4/26/1987,22.087104
4/27/1987,20.4164128
4/28/1987,19.1987904
4/29/1987,18.2360192
4/30/1987,17.4714656
5/1/1987,16.3671104
5/2/1987,15.4892896
5/3/1987,15.2627552
5/4/1987,16.3671104
5/5/1987,14.6114688
5/6/1987,14.0734496
5/7/1987,14.1300832
5/8/1987,14.3849344
5/9/1987,15.4892896
5/10/1987,17.698
5/11/1987,21.1526496
5/12/1987,22.2853216
5/13/1987,22.1437376
5/14/1987,21.7756192
5/15/1987,19.4536416
5/16/1987,22.8799744
5/17/1987,22.7667072
5/18/1987,21.6057184
5/19/1987,21.4358176
5/20/1987,20.4447296
5/21/1987,18.9439392
5/22/1987,18.2077024
5/23/1987,17.8112672
5/24/1987,17.9245344
5/25/1987,21.096016
5/26/1987,18.8873056
5/27/1987,18.830672
5/28/1987,17.4714656
5/29/1987,15.1778048
5/30/1987,14.1867168
5/31/1987,14.3283008
6/1/1987,14.9795872
6/2/1987,14.8380032
6/3/1987,15.8857248
6/4/1987,18.9156224
6/5/1987,21.5490848
6/6/1987,24.0126464
6/7/1987,25.2302688
6/8/1987,25.4001696
6/9/1987,24.8904672
6/10/1987,25.3152192
6/11/1987,27.6938304
6/12/1987,29.73264
6/13/1987,31.14848
6/14/1987,43.041536
6/15/1987,37.095008
6/16/1987,62.013792
6/17/1987,57.199936
6/18/1987,51.253408
6/19/1987,54.368256
6/20/1987,54.368256
6/21/1987,56.067264
6/22/1987,52.102912
6/23/1987,46.156384
6/24/1987,43.607872
6/25/1987,50.120736
6/26/1987,47.005888
6/27/1987,43.041536
6/28/1987,40.776192
6/29/1987,39.077184
6/30/1987,39.926688
7/1/1987,41.625696
7/2/1987,34.829664
7/3/1987,31.714816
7/4/1987,28.883136
7/5/1987,26.90096
7/6/1987,25.48512
7/7/1987,23.0215584
7/8/1987,21.1243328
7/9/1987,22.0021536
7/10/1987,26.6461088
7/11/1987,28.883136
7/12/1987,28.175216
7/13/1987,25.0037344
7/14/1987,19.9350272
7/15/1987,17.0467136
7/16/1987,14.3849344
7/17/1987,12.5160256
7/18/1987,11.2984032
7/19/1987,10.2223648
7/20/1987,9.4578112
7/21/1987,9.1463264
7/22/1987,9.061376
7/23/1987,8.7498912
7/24/1987,8.5233568
7/25/1987,8.0419712
7/26/1987,7.503952
7/27/1987,7.2491008
7/28/1987,6.8809824
7/29/1987,6.5978144
7/30/1987,6.4562304
7/31/1987,6.4562304
8/1/1987,6.4279136
8/2/1987,6.088112
8/3/1987,5.946528
8/4/1987,5.66336
8/5/1987,5.7199936
8/6/1987,5.1819744
8/7/1987,4.9271232
8/8/1987,4.2758368
8/9/1987,4.2758368
8/10/1987,4.7855392
8/11/1987,5.4085088
8/12/1987,4.5023712
8/13/1987,4.24752
8/14/1987,4.0493024
8/15/1987,3.8794016
8/16/1987,3.8794016
8/17/1987,3.7661344
8/18/1987,3.681184
8/19/1987,3.6245504
8/20/1987,3.4263328
8/21/1987,3.3413824
8/22/1987,3.3413824
8/23/1987,3.0582144
8/24/1987,2.973264
8/25/1987,2.8883136
8/26/1987,2.8033632
8/27/1987,2.7467296
8/28/1987,2.8033632
8/29/1987,2.7750464
8/30/1987,3.0298976
8/31/1987,3.1431648
9/1/1987,2.8883136
9/2/1987,2.7750464
9/3/1987,3.0298976
9/4/1987,3.256432
9/5/1987,3.4546496
9/6/1987,3.8510848
9/7/1987,4.105936
9/8/1987,4.1342528
9/9/1987,3.8510848
9/10/1987,3.5112832
9/11/1987,3.256432
9/12/1987,3.256432
9/13/1987,3.398016
9/14/1987,3.5396
9/15/1987,3.398016
9/16/1987,4.6439552
9/17/1987,16.140576
9/18/1987,29.166304
9/19/1987,29.449472
9/20/1987,28.599968
9/21/1987,22.9649248
9/22/1987,17.0750304
9/23/1987,12.7991936
9/24/1987,9.7126624
9/25/1987,7.8720704
9/26/1987,6.5978144
9/27/1987,5.66336
9/28/1987,4.95544
9/29/1987,4.5023712
9/30/1987,4.105936
10/1/1987,3.7661344
10/2/1987,3.5679168
10/3/1987,3.3696992
10/4/1987,3.1997984
10/5/1987,3.0582144
10/6/1987,3.0015808
10/7/1987,2.9449472
10/8/1987,2.973264
10/9/1987,3.0298976
10/10/1987,3.0015808
10/11/1987,2.83168
10/12/1987,2.690096
10/13/1987,2.6051456
10/14/1987,2.548512
10/15/1987,2.4918784
10/16/1987,2.4918784
10/17/1987,2.4918784
10/18/1987,2.4918784
10/19/1987,2.4918784
10/20/1987,2.406928
10/21/1987,2.3786112
10/22/1987,2.3786112
10/23/1987,2.3786112
10/24/1987,2.4352448
10/25/1987,2.5201952
10/26/1987,2.83168
10/27/1987,2.8883136
10/28/1987,2.7467296
10/29/1987,2.7184128
10/30/1987,2.7750464
10/31/1987,2.8599968
11/1/1987,3.0015808
11/2/1987,3.0865312
11/3/1987,3.1431648
11/4/1987,3.1431648
11/5/1987,3.0865312
11/6/1987,3.0015808
11/7/1987,2.973264
11/8/1987,2.9449472
11/9/1987,3.0582144
11/10/1987,3.114848
11/11/1987,3.2281152
11/12/1987,3.256432
11/13/1987,3.256432
11/14/1987,3.256432
11/15/1987,3.5396
11/16/1987,40.209856
11/17/1987,59.748448
11/18/1987,45.023712
11/19/1987,37.944512
11/20/1987,34.263328
11/21/1987,22.5401728
11/22/1987,14.2150336
11/23/1987,11.609888
11/24/1987,11.2700864
11/25/1987,77.8712
11/26/1987,177.263168
11/27/1987,162.538432
11/28/1987,136.486976
11/29/1987,119.496896
11/30/1987,98.542464
12/1/1987,68.809824
12/2/1987,48.704896
12/3/1987,36.528672
12/4/1987,29.166304
12/5/1987,25.4001696
12/6/1987,38.510848
12/7/1987,145.548352
12/8/1987,131.106784
12/9/1987,118.081056
12/10/1987,99.675136
12/11/1987,82.11872
12/12/1987,68.526656
12/13/1987,57.766272
12/14/1987,49.5544
12/15/1987,43.607872
12/16/1987,39.926688
12/17/1987,37.944512
12/18/1987,35.962336
12/19/1987,45.873216
12/20/1987,102.223648
12/21/1987,108.170176
12/22/1987,92.312768
12/23/1987,79.28704
12/24/1987,75.605856
12/25/1987,72.491008
12/26/1987,68.526656
12/27/1987,125.160256
12/28/1987,171.31664
12/29/1987,173.581984
12/30/1987,168.201792
12/31/1987,160.273088
1/1/1988,155.459232
1/2/1988,146.397856
1/3/1988,122.894912
1/4/1988,103.35632
1/5/1988,92.0296
1/6/1988,85.799904
1/7/1988,109.586016
1/8/1988,117.797888
1/9/1988,112.984032
1/10/1988,114.116704
1/11/1988,121.479072
1/12/1988,131.956288
1/13/1988,143.566176
1/14/1988,153.760224
1/15/1988,160.273088
1/16/1988,162.8216
1/17/1988,163.387936
1/18/1988,158.857248
1/19/1988,157.15824
1/20/1988,150.07904
1/21/1988,134.5048
1/22/1988,122.328576
1/23/1988,111.85136
1/24/1988,102.223648
1/25/1988,92.879104
1/26/1988,83.817728
1/27/1988,75.889024
1/28/1988,67.96032
1/29/1988,61.164288
1/30/1988,55.784096
1/31/1988,52.102912
2/1/1988,49.271232
2/2/1988,47.572224
2/3/1988,45.590048
2/4/1988,43.041536
2/5/1988,42.4752
2/6/1988,48.704896
2/7/1988,45.023712
2/8/1988,40.776192
2/9/1988,38.22768
2/10/1988,36.245504
2/11/1988,34.546496
2/12/1988,33.130656
2/13/1988,32.281152
2/14/1988,31.431648
2/15/1988,30.865312
2/16/1988,33.413824
2/17/1988,35.962336
2/18/1988,44.457376
2/19/1988,82.401888
2/20/1988,106.754336
2/21/1988,98.259296
2/22/1988,77.8712
2/23/1988,66.54448
2/24/1988,58.04944
2/25/1988,52.952416
2/26/1988,50.97024
2/27/1988,51.253408
2/28/1988,52.38608
2/29/1988,53.80192
3/1/1988,54.934592
3/2/1988,61.447456
3/3/1988,106.188
3/4/1988,97.126624
3/5/1988,81.269216
3/6/1988,72.491008
3/7/1988,67.393984
3/8/1988,75.03952
3/9/1988,110.718688
3/10/1988,99.1088
3/11/1988,85.233568
3/12/1988,77.021696
3/13/1988,69.37616
3/14/1988,62.863296
3/15/1988,59.46528
3/16/1988,57.199936
3/17/1988,60.314784
3/18/1988,136.486976
3/19/1988,155.459232
3/20/1988,161.40576
3/21/1988,149.512704
3/22/1988,137.902816
3/23/1988,127.991936
3/24/1988,117.51472
3/25/1988,105.904832
3/26/1988,92.879104
3/27/1988,83.53456
3/28/1988,77.8712
3/29/1988,75.03952
3/30/1988,81.269216
3/31/1988,101.657312
4/1/1988,108.170176
4/2/1988,128.275104
4/3/1988,129.974112
4/4/1988,116.09888
4/5/1988,103.35632
4/6/1988,95.993952
4/7/1988,89.19792
4/8/1988,82.11872
4/9/1988,76.45536
4/10/1988,71.924672
4/11/1988,68.526656
4/12/1988,65.978144
4/13/1988,64.562304
4/14/1988,63.995968
4/15/1988,63.995968
4/16/1988,63.7128
4/17/1988,63.429632
4/18/1988,62.863296
4/19/1988,61.164288
4/20/1988,58.04944
4/21/1988,54.085088
4/22/1988,49.837568
4/23/1988,44.174208
4/24/1988,38.22768
4/25/1988,32.847488
4/26/1988,28.599968
4/27/1988,25.7399712
4/28/1988,23.3047264
4/29/1988,24.3807648
4/30/1988,41.625696
5/1/1988,42.758368
5/2/1988,37.378176
5/3/1988,39.077184
5/4/1988,38.22768
5/5/1988,33.130656
5/6/1988,27.1274944
5/7/1988,21.662352
5/8/1988,18.2360192
5/9/1988,16.28216
5/10/1988,15.0362208
5/11/1988,13.9884992
5/12/1988,13.1106784
5/13/1988,12.4027584
5/14/1988,11.6948384
5/15/1988,11.7797888
5/16/1988,11.0718688
5/17/1988,10.5055328
5/18/1988,10.3073152
5/19/1988,10.194048
5/20/1988,9.8542464
5/21/1988,9.4294944
5/22/1988,8.8914752
5/23/1988,8.211872
5/24/1988,8.3251392
5/25/1988,8.3251392
5/26/1988,8.0419712
5/27/1988,7.5889024
5/28/1988,7.2774176
5/29/1988,7.0792
5/30/1988,6.9659328
5/31/1988,6.7677152
6/1/1988,6.512864
6/2/1988,6.2580128
6/3/1988,6.9092992
6/4/1988,8.1269216
6/5/1988,8.5233568
6/6/1988,8.2401888
6/7/1988,8.1835552
6/8/1988,7.9570208
6/9/1988,7.9853376
6/10/1988,8.1835552
6/11/1988,8.0986048
6/12/1988,8.0136544
6/13/1988,7.7021696
6/14/1988,7.0508832
6/15/1988,6.37128
6/16/1988,5.7766272
6/17/1988,5.2952416
6/18/1988,5.0120736
6/19/1988,4.7572224
6/20/1988,4.672272
6/21/1988,4.4457376
6/22/1988,4.3324704
6/23/1988,4.3041536
6/24/1988,4.1908864
6/25/1988,4.7005888
6/26/1988,5.7483104
6/27/1988,6.0031616
6/28/1988,5.7766272
6/29/1988,5.380192
6/30/1988,5.0687072
7/1/1988,4.9271232
7/2/1988,5.097024
7/3/1988,5.4085088
7/4/1988,5.66336
7/5/1988,6.9942496
7/6/1988,8.6083072
7/7/1988,10.1374144
7/8/1988,11.3833536
7/9/1988,11.4966208
7/10/1988,11.2700864
7/11/1988,10.2223648
7/12/1988,9.6843456
7/13/1988,14.299984
7/14/1988,15.149488
7/15/1988,11.8647392
7/16/1988,9.5993952
7/17/1988,8.4100896
7/18/1988,7.928704
7/19/1988,9.2879104
7/20/1988,13.9035488
7/21/1988,13.025728
7/22/1988,12.1195904
7/23/1988,8.7215744
7/24/1988,7.1641504
7/25/1988,6.0031616
7/26/1988,5.2669248
7/27/1988,4.8421728
7/28/1988,4.7005888
7/29/1988,4.8421728
7/30/1988,5.2669248
7/31/1988,5.380192
8/1/1988,4.7855392
8/2/1988,4.24752
8/3/1988,4.0776192
8/4/1988,3.9926688
8/5/1988,3.9360352
8/6/1988,3.7095008
8/7/1988,3.4829664
8/8/1988,3.7378176
8/9/1988,3.4829664
8/10/1988,3.4829664
8/11/1988,3.6245504
8/12/1988,3.822768
8/13/1988,3.681184
8/14/1988,3.7095008
8/15/1988,3.8510848
8/16/1988,3.7661344
8/17/1988,3.6245504
8/18/1988,4.0493024
8/19/1988,13.1956288
8/20/1988,11.3833536
8/21/1988,9.7126624
8/22/1988,8.919792
8/23/1988,6.088112
8/24/1988,4.4174208
8/25/1988,3.7095008
8/26/1988,3.3696992
8/27/1988,3.4263328
8/28/1988,3.7378176
8/29/1988,3.9077184
8/30/1988,3.822768
8/31/1988,3.4829664
9/1/1988,3.3130656
9/2/1988,3.1997984
9/3/1988,3.2281152
9/4/1988,3.1431648
9/5/1988,2.973264
9/6/1988,2.9166304
9/7/1988,2.9449472
9/8/1988,3.0015808
9/9/1988,3.0015808
9/10/1988,2.9166304
9/11/1988,2.8033632
9/12/1988,2.8033632
9/13/1988,2.8599968
9/14/1988,2.9166304
9/15/1988,2.9166304
9/16/1988,3.2281152
9/17/1988,3.398016
9/18/1988,3.0865312
9/19/1988,2.9166304
9/20/1988,2.8033632
9/21/1988,2.8033632
9/22/1988,2.7467296
9/23/1988,2.7184128
9/24/1988,2.7184128
9/25/1988,2.7184128
9/26/1988,2.7750464
9/27/1988,2.8033632
9/28/1988,2.7750464
9/29/1988,2.7467296
9/30/1988,2.973264
10/1/1988,3.256432
10/2/1988,3.4546496
10/3/1988,3.6245504
10/4/1988,3.3696992
10/5/1988,3.0015808
10/6/1988,2.8599968
10/7/1988,2.8033632
10/8/1988,2.8033632
10/9/1988,2.8883136
10/10/1988,3.0865312
10/11/1988,3.2281152
10/12/1988,3.256432
10/13/1988,3.2281152
10/14/1988,3.114848
10/15/1988,3.0298976
10/16/1988,2.9449472
10/17/1988,2.9449472
10/18/1988,2.83168
10/19/1988,2.8033632
10/20/1988,2.7750464
10/21/1988,2.7184128
10/22/1988,2.690096
10/23/1988,2.6051456
10/24/1988,2.5768288
10/25/1988,2.548512
10/26/1988,2.7184128
10/27/1988,3.0015808
10/28/1988,3.256432
10/29/1988,3.5396
10/30/1988,3.7095008
10/31/1988,4.3324704
11/1/1988,5.3235584
11/2/1988,6.4279136
11/3/1988,7.4473184
11/4/1988,8.1552384
11/5/1988,7.928704
11/6/1988,7.2774176
11/7/1988,6.4562304
11/8/1988,5.6350432
11/9/1988,5.0120736
11/10/1988,4.5873216
11/11/1988,4.2192032
11/12/1988,4.0209856
11/13/1988,3.9360352
11/14/1988,3.8794016
11/15/1988,3.8510848
11/16/1988,3.6528672
11/17/1988,4.4457376
11/18/1988,4.8988064
11/19/1988,5.1819744
11/20/1988,5.6350432
11/21/1988,5.6916768
11/22/1988,5.7199936
11/23/1988,5.9182112
11/24/1988,7.1641504
11/25/1988,8.2401888
11/26/1988,8.4100896
11/27/1988,8.778208
11/28/1988,9.4011776
11/29/1988,9.1746432
11/30/1988,8.4667232
12/1/1988,9.20296
12/2/1988,11.5815712
12/3/1988,12.1195904
12/4/1988,11.3550368
12/5/1988,10.2789984
12/6/1988,9.4294944
12/7/1988,8.7498912
12/8/1988,8.4667232
12/9/1988,8.0986048
12/10/1988,8.1269216
12/11/1988,16.8768128
12/12/1988,17.556416
12/13/1988,19.4253248
12/14/1988,22.0021536
12/15/1988,22.5401728
12/16/1988,22.087104
12/17/1988,21.9172032
12/18/1988,20.9827488
12/19/1988,19.1421568
12/20/1988,17.273248
12/21/1988,15.3193888
12/22/1988,13.592064
12/23/1988,17.5847328
12/24/1988,13.8469152
12/25/1988,11.4399872
12/26/1988,10.8170176
12/27/1988,11.5532544
12/28/1988,30.865312
12/29/1988,25.1736352
12/30/1988,16.0273088
12/31/1988,13.2805792
1/1/1989,12.9124608
1/2/1989,13.025728
1/3/1989,13.4787968
1/4/1989,14.86632
1/5/1989,17.0183968
1/6/1989,19.0288896
1/7/1989,20.388096
1/8/1989,21.1526496
1/9/1989,20.9827488
1/10/1989,19.680176
1/11/1989,17.6696832
1/12/1989,24.5223488
1/13/1989,85.233568
1/14/1989,144.132512
1/15/1989,141.300832
1/16/1989,122.328576
1/17/1989,91.180096
1/18/1989,98.825632
1/19/1989,122.328576
1/20/1989,107.320672
1/21/1989,80.419712
1/22/1989,64.845472
1/23/1989,53.235584
1/24/1989,43.324704
1/25/1989,36.245504
1/26/1989,32.56432
1/27/1989,50.403904
1/28/1989,62.29696
1/29/1989,101.090976
1/30/1989,202.748288
1/31/1989,210.393824
2/1/1989,192.837408
2/2/1989,162.8216
2/3/1989,139.601824
2/4/1989,135.637472
2/5/1989,133.08896
2/6/1989,136.486976
2/7/1989,139.601824
2/8/1989,141.017664
2/9/1989,139.601824
2/10/1989,132.239456
2/11/1989,122.045408
2/12/1989,112.700864
2/13/1989,104.77216
2/14/1989,98.825632
2/15/1989,91.746432
2/16/1989,87.215744
2/17/1989,111.001856
2/18/1989,88.914752
2/19/1989,73.62368
2/20/1989,83.817728
2/21/1989,154.892896
2/22/1989,137.619648
2/23/1989,104.205824
2/24/1989,87.498912
2/25/1989,80.70288
2/26/1989,75.889024
2/27/1989,72.20784
2/28/1989,67.393984
3/1/1989,62.580128
3/2/1989,87.78208
3/3/1989,95.993952
3/4/1989,84.667232
3/5/1989,73.057344
3/6/1989,65.978144
3/7/1989,62.29696
3/8/1989,60.031616
3/9/1989,58.615776
3/10/1989,56.916768
3/11/1989,54.934592
3/12/1989,52.38608
3/13/1989,49.837568
3/14/1989,47.855392
3/15/1989,46.156384
3/16/1989,45.023712
3/17/1989,43.041536
3/18/1989,41.05936
3/19/1989,38.510848
3/20/1989,36.81184
3/21/1989,41.908864
3/22/1989,57.483104
3/23/1989,56.6336
3/24/1989,51.819744
3/25/1989,47.855392
3/26/1989,64.845472
3/27/1989,143.283008
3/28/1989,115.532544
3/29/1989,123.17808
3/30/1989,133.938464
3/31/1989,126.859264
4/1/1989,111.285024
4/2/1989,109.869184
4/3/1989,126.576096
4/4/1989,176.130496
4/5/1989,274.956128
4/6/1989,345.46496
4/7/1989,365.28672
4/8/1989,351.12832
4/9/1989,322.81152
4/10/1989,285.99968
4/11/1989,244.94032
4/12/1989,202.181952
4/13/1989,163.671104
4/14/1989,135.354304
4/15/1989,117.797888
4/16/1989,106.471168
4/17/1989,95.710784
4/18/1989,86.083072
4/19/1989,78.437536
4/20/1989,72.20784
4/21/1989,67.677152
4/22/1989,62.580128
4/23/1989,57.766272
4/24/1989,53.518752
4/25/1989,50.120736
4/26/1989,47.005888
4/27/1989,43.607872
4/28/1989,41.625696
4/29/1989,40.776192
4/30/1989,39.64352
5/1/1989,38.22768
5/2/1989,34.546496
5/3/1989,31.431648
5/4/1989,32.847488
5/5/1989,49.837568
5/6/1989,50.120736
5/7/1989,47.005888
5/8/1989,47.005888
5/9/1989,48.421728
5/10/1989,49.5544
5/11/1989,51.536576
5/12/1989,53.80192
5/13/1989,54.934592
5/14/1989,56.067264
5/15/1989,58.04944
5/16/1989,77.8712
5/17/1989,144.698848
5/18/1989,305.82144
5/19/1989,461.56384
5/20/1989,574.83104
5/21/1989,574.83104
5/22/1989,526.69248
5/23/1989,467.2272
5/24/1989,396.4352
5/25/1989,322.81152
5/26/1989,261.364064
5/27/1989,202.46512
5/28/1989,158.57408
5/29/1989,169.334464
5/30/1989,233.330432
5/31/1989,291.66304
6/1/1989,319.97984
6/2/1989,325.6432
6/3/1989,319.97984
6/4/1989,300.15808
6/5/1989,275.805632
6/6/1989,249.18784
6/7/1989,221.154208
6/8/1989,203.314624
6/9/1989,197.651264
6/10/1989,191.704736
6/11/1989,178.962176
6/12/1989,156.308736
6/13/1989,135.637472
6/14/1989,151.211712
6/15/1989,159.423584
6/16/1989,146.114688
6/17/1989,135.637472
6/18/1989,133.372128
6/19/1989,133.08896
6/20/1989,129.690944
6/21/1989,122.328576
6/22/1989,111.568192
6/23/1989,97.69296
6/24/1989,86.932576
6/25/1989,82.968224
6/26/1989,81.269216
6/27/1989,227.95024
6/28/1989,472.89056
6/29/1989,605.97952
6/30/1989,784.37536
7/1/1989,1047.7216
7/2/1989,1177.97888
7/3/1989,1118.5136
7/4/1989,1016.57312
7/5/1989,891.9792
7/6/1989,764.5536
7/7/1989,654.11808
7/8/1989,583.32608
7/9/1989,521.02912
7/10/1989,455.90048
7/11/1989,379.44512
7/12/1989,302.98976
7/13/1989,232.480928
7/14/1989,151.49488
7/15/1989,91.463264
7/16/1989,65.694976
7/17/1989,50.403904
7/18/1989,39.64352
7/19/1989,32.56432
7/20/1989,28.1468992
7/21/1989,24.9754176
7/22/1989,22.65344
7/23/1989,20.1615616
7/24/1989,20.0482944
7/25/1989,21.9738368
7/26/1989,25.0037344
7/27/1989,26.8726432
7/28/1989,29.73264
7/29/1989,30.015808
7/30/1989,28.883136
7/31/1989,24.7205664
8/1/1989,20.7845312
8/2/1989,17.8679008
8/3/1989,17.4714656
8/4/1989,24.4090816
8/5/1989,28.599968
8/6/1989,24.7772
8/7/1989,19.9916608
8/8/1989,23.5312608
8/9/1989,18.2926528
8/10/1989,15.2344384
8/11/1989,11.893056
8/12/1989,10.194048
8/13/1989,9.1463264
8/14/1989,8.3251392
8/15/1989,7.9570208
8/16/1989,7.8720704
8/17/1989,8.1269216
8/18/1989,7.2491008
8/19/1989,7.0508832
8/20/1989,6.654448
8/21/1989,6.2580128
8/22/1989,5.946528
8/23/1989,5.804944
8/24/1989,5.5784096
8/25/1989,5.4368256
8/26/1989,5.2102912
8/27/1989,4.8988064
8/28/1989,4.6156384
8/29/1989,4.4457376
8/30/1989,4.530688
8/31/1989,4.0776192
9/1/1989,3.9360352
9/2/1989,3.7378176
9/3/1989,3.5962336
9/4/1989,3.4263328
9/5/1989,3.2847488
9/6/1989,3.1997984
9/7/1989,3.2847488
9/8/1989,3.5396
9/9/1989,3.8510848
9/10/1989,4.1908864
9/11/1989,6.7677152
9/12/1989,8.9764256
9/13/1989,9.0896928
9/14/1989,13.025728
9/15/1989,14.6681024
9/16/1989,9.8825632
9/17/1989,7.362368
9/18/1989,6.1447456
9/19/1989,5.5784096
9/20/1989,5.4085088
9/21/1989,5.1819744
9/22/1989,4.7855392
9/23/1989,4.389104
9/24/1989,4.1625696
9/25/1989,4.0493024
9/26/1989,3.964352
9/27/1989,3.9360352
9/28/1989,3.822768
9/29/1989,3.7661344
9/30/1989,3.7095008
10/1/1989,3.5396
10/2/1989,3.4263328
10/3/1989,3.3130656
10/4/1989,3.1997984
10/5/1989,3.1431648
10/6/1989,3.1431648
10/7/1989,3.1997984
10/8/1989,3.4263328
10/9/1989,3.5112832
10/10/1989,3.4546496
10/11/1989,3.398016
10/12/1989,3.4546496
10/13/1989,3.5962336
10/14/1989,3.9077184
10/15/1989,4.1625696
10/16/1989,12.4877088
10/17/1989,15.7441408
10/18/1989,8.6083072
10/19/1989,5.8615776
10/20/1989,4.9837568
10/21/1989,4.5590048
10/22/1989,4.2758368
10/23/1989,4.105936
10/24/1989,4.0493024
10/25/1989,4.0493024
10/26/1989,4.0493024
10/27/1989,4.105936
10/28/1989,4.1625696
10/29/1989,4.105936
10/30/1989,4.24752
10/31/1989,4.4740544
11/1/1989,4.4740544
11/2/1989,4.4457376
11/3/1989,4.4740544
11/4/1989,4.7289056
11/5/1989,5.6916768
11/6/1989,6.8809824
11/7/1989,7.1641504
11/8/1989,7.220784
11/9/1989,6.7677152
11/10/1989,6.2580128
11/11/1989,5.804944
11/12/1989,5.380192
11/13/1989,5.097024
11/14/1989,4.8988064
11/15/1989,4.7572224
11/16/1989,4.6156384
11/17/1989,4.2758368
11/18/1989,4.3324704
11/19/1989,4.2758368
11/20/1989,4.2758368
11/21/1989,4.1342528
11/22/1989,4.4740544
11/23/1989,5.3235584
11/24/1989,5.4934592
11/25/1989,5.66336
11/26/1989,6.37128
11/27/1989,7.7021696
11/28/1989,8.778208
11/29/1989,9.061376
11/30/1989,8.8631584
12/1/1989,8.4384064
12/2/1989,7.9570208
12/3/1989,7.362368
12/4/1989,6.6827648
12/5/1989,6.1730624
12/6/1989,5.6916768
12/7/1989,5.380192
12/8/1989,5.097024
12/9/1989,4.9271232
12/10/1989,4.8421728
12/11/1989,4.813856
12/12/1989,4.7289056
12/13/1989,4.7289056
12/14/1989,4.672272
12/15/1989,4.672272
12/16/1989,4.7289056
12/17/1989,4.7855392
12/18/1989,4.9271232
12/19/1989,5.1536576
12/20/1989,5.238608
12/21/1989,5.1819744
12/22/1989,5.1253408
12/23/1989,4.95544
12/24/1989,4.8988064
12/25/1989,5.1253408
12/26/1989,5.2669248
12/27/1989,5.4085088
12/28/1989,5.4368256
12/29/1989,5.4934592
12/30/1989,82.968224
12/31/1989,151.211712
1/1/1990,103.922656
1/2/1990,69.092992
1/3/1990,49.271232
1/4/1990,38.794016
1/5/1990,34.546496
1/6/1990,37.944512
1/7/1990,41.342528
1/8/1990,41.342528
1/9/1990,35.396
1/10/1990,28.0619488
1/11/1990,20.954432
1/12/1990,16.7352288
1/13/1990,14.1300832
1/14/1990,12.4310752
1/15/1990,11.2984032
1/16/1990,10.3639488
1/17/1990,9.7409792
1/18/1990,17.414832
1/19/1990,64.845472
1/20/1990,155.7424
1/21/1990,130.823616
1/22/1990,90.896928
1/23/1990,73.057344
1/24/1990,98.825632
1/25/1990,205.2968
1/26/1990,224.552224
1/27/1990,210.96016
1/28/1990,206.995808
1/29/1990,254.8512
1/30/1990,258.815552
1/31/1990,248.904672
2/1/1990,231.348256
2/2/1990,244.373984
2/3/1990,254.284864
2/4/1990,269.575936
2/5/1990,258.249216
2/6/1990,242.958144
2/7/1990,212.659168
2/8/1990,174.997824
2/9/1990,133.08896
2/10/1990,113.833536
2/11/1990,111.568192
2/12/1990,103.922656
2/13/1990,88.914752
2/14/1990,78.154368
2/15/1990,69.37616
2/16/1990,63.429632
2/17/1990,64.279136
2/18/1990,64.845472
2/19/1990,67.677152
2/20/1990,68.809824
2/21/1990,69.37616
2/22/1990,77.021696
2/23/1990,79.28704
2/24/1990,76.738528
2/25/1990,73.340512
2/26/1990,71.924672
2/27/1990,71.358336
2/28/1990,74.190016
3/1/1990,137.053312
3/2/1990,163.104768
3/3/1990,156.875072
3/4/1990,132.805792
3/5/1990,113.2672
3/6/1990,99.391968
3/7/1990,89.481088
3/8/1990,81.835552
3/9/1990,75.322688
3/10/1990,69.659328
3/11/1990,64.845472
3/12/1990,59.748448
3/13/1990,54.934592
3/14/1990,53.80192
3/15/1990,71.641504
3/16/1990,80.136544
3/17/1990,71.075168
3/18/1990,64.279136
3/19/1990,61.447456
3/20/1990,61.447456
3/21/1990,62.013792
3/22/1990,62.863296
3/23/1990,63.7128
3/24/1990,64.845472
3/25/1990,66.54448
3/26/1990,68.526656
3/27/1990,71.075168
3/28/1990,77.8712
3/29/1990,253.718528
3/30/1990,342.63328
3/31/1990,404.93024
4/1/1990,518.19744
4/2/1990,569.16768
4/3/1990,555.00928
4/4/1990,521.02912
4/5/1990,472.89056
4/6/1990,419.08864
4/7/1990,362.45504
4/8/1990,311.4848
4/9/1990,262.779904
4/10/1990,217.473024
4/11/1990,178.962176
4/12/1990,143.283008
4/13/1990,118.93056
4/14/1990,108.736512
4/15/1990,113.2672
4/16/1990,110.152352
4/17/1990,106.188
4/18/1990,104.488992
4/19/1990,103.073152
4/20/1990,101.090976
4/21/1990,98.259296
4/22/1990,94.011776
4/23/1990,88.914752
4/24/1990,83.251392
4/25/1990,77.588032
4/26/1990,73.340512
4/27/1990,77.021696
4/28/1990,80.136544
4/29/1990,78.720704
4/30/1990,77.304864
5/1/1990,75.03952
5/2/1990,72.774176
5/3/1990,74.473184
5/4/1990,141.867168
5/5/1990,132.805792
5/6/1990,139.601824
5/7/1990,164.520608
5/8/1990,216.057184
5/9/1990,259.948224
5/10/1990,274.389792
5/11/1990,264.76208
5/12/1990,239.843296
5/13/1990,210.676992
5/14/1990,165.936448
5/15/1990,115.815712
5/16/1990,87.78208
5/17/1990,79.570208
5/18/1990,79.570208
5/19/1990,83.53456
5/20/1990,88.914752
5/21/1990,96.560288
5/22/1990,110.152352
5/23/1990,125.726592
5/24/1990,141.300832
5/25/1990,156.308736
5/26/1990,165.65328
5/27/1990,168.48496
5/28/1990,179.528512
5/29/1990,199.916608
5/30/1990,193.97008
5/31/1990,192.271072
6/1/1990,254.568032
6/2/1990,413.42528
6/3/1990,600.31616
6/4/1990,705.08832
6/5/1990,730.57344
6/6/1990,690.92992
6/7/1990,625.80128
6/8/1990,557.84096
6/9/1990,498.37568
6/10/1990,436.07872
6/11/1990,376.61344
6/12/1990,325.6432
6/13/1990,291.66304
6/14/1990,268.443264
6/15/1990,251.453184
6/16/1990,235.595776
6/17/1990,218.03936
6/18/1990,198.2176
6/19/1990,178.112672
6/20/1990,157.441408
6/21/1990,138.75232
6/22/1990,121.76224
6/23/1990,107.887008
6/24/1990,95.427616
6/25/1990,84.667232
6/26/1990,73.340512
6/27/1990,57.766272
6/28/1990,43.324704
6/29/1990,33.696992
6/30/1990,29.166304
7/1/1990,28.2318496
7/2/1990,24.0409632
7/3/1990,21.662352
7/4/1990,19.7368096
7/5/1990,18.3776032
7/6/1990,17.4997824
7/7/1990,16.5086944
7/8/1990,15.7724576
7/9/1990,14.6964192
7/10/1990,13.9318656
7/11/1990,12.9124608
7/12/1990,12.7991936
7/13/1990,12.6859264
7/14/1990,11.4966208
7/15/1990,11.3550368
7/16/1990,10.4205824
7/17/1990,9.20296
7/18/1990,8.4667232
7/19/1990,7.8720704
7/20/1990,7.2774176
7/21/1990,7.3340512
7/22/1990,7.3057344
7/23/1990,8.4384064
7/24/1990,10.8453344
7/25/1990,12.2328576
7/26/1990,11.5815712
7/27/1990,10.6471168
7/28/1990,10.1374144
7/29/1990,9.6560288
7/30/1990,8.6649408
7/31/1990,7.8154368
8/1/1990,10.0241472
8/2/1990,13.592064
8/3/1990,11.6948384
8/4/1990,10.5338496
8/5/1990,8.6083072
8/6/1990,7.3906848
8/7/1990,9.6560288
8/8/1990,9.5427616
8/9/1990,8.1269216
8/10/1990,8.0136544
8/11/1990,8.070288
8/12/1990,7.6738528
8/13/1990,6.937616
8/14/1990,6.229696
8/15/1990,5.8615776
8/16/1990,5.4934592
8/17/1990,5.1253408
8/18/1990,4.813856
8/19/1990,4.5590048
8/20/1990,4.3041536
8/21/1990,4.0209856
8/22/1990,3.8794016
8/23/1990,3.9360352
8/24/1990,4.105936
8/25/1990,4.3041536
8/26/1990,4.3324704
8/27/1990,4.2192032
8/28/1990,4.1625696
8/29/1990,4.1625696
8/30/1990,4.1625696
8/31/1990,4.0493024
9/1/1990,3.9926688
9/2/1990,3.9926688
9/3/1990,3.9926688
9/4/1990,3.822768
9/5/1990,3.7944512
9/6/1990,3.7378176
9/7/1990,3.7378176
9/8/1990,3.681184
9/9/1990,4.105936
9/10/1990,6.2580128
9/11/1990,4.7855392
9/12/1990,5.1536576
9/13/1990,6.3995968
9/14/1990,7.3057344
9/15/1990,9.8542464
9/16/1990,14.0734496
9/17/1990,16.3104768
9/18/1990,16.5086944
9/19/1990,15.57424
9/20/1990,14.3566176
9/21/1990,12.6859264
9/22/1990,12.6292928
9/23/1990,11.4116704
9/24/1990,8.2968224
9/25/1990,7.5322688
9/26/1990,6.9092992
9/27/1990,6.4562304
9/28/1990,6.0597952
9/29/1990,5.8332608
9/30/1990,6.2863296
10/1/1990,7.2491008
10/2/1990,7.5322688
10/3/1990,7.1358336
10/4/1990,6.4562304
10/5/1990,5.9748448
10/6/1990,5.3518752
10/7/1990,5.1253408
10/8/1990,4.7572224
10/9/1990,4.8988064
10/10/1990,5.2102912
10/11/1990,4.5873216
10/12/1990,4.4174208
10/13/1990,5.9182112
10/14/1990,13.6203808
10/15/1990,19.680176
10/16/1990,23.3047264
10/17/1990,26.0797728
10/18/1990,29.166304
10/19/1990,31.997984
10/20/1990,35.112832
10/21/1990,39.077184
10/22/1990,43.041536
10/23/1990,44.457376
10/24/1990,41.05936
10/25/1990,33.413824
10/26/1990,28.883136
10/27/1990,28.883136
10/28/1990,31.431648
10/29/1990,35.396
10/30/1990,38.510848
10/31/1990,41.342528
11/1/1990,43.89104
11/2/1990,45.30688
11/3/1990,45.30688
11/4/1990,41.05936
11/5/1990,32.56432
11/6/1990,24.635616
11/7/1990,20.1898784
11/8/1990,17.981168
11/9/1990,20.9827488
11/10/1990,22.4552224
11/11/1990,26.9575936
11/12/1990,28.599968
11/13/1990,30.298976
11/14/1990,32.56432
11/15/1990,35.679168
11/16/1990,39.077184
11/17/1990,42.4752
11/18/1990,45.590048
11/19/1990,47.855392
11/20/1990,49.271232
11/21/1990,50.97024
11/22/1990,52.669248
11/23/1990,55.21776
11/24/1990,57.766272
11/25/1990,60.031616
11/26/1990,62.580128
11/27/1990,64.562304
11/28/1990,66.827648
11/29/1990,66.261312
11/30/1990,62.29696
12/1/1990,58.332608
12/2/1990,55.21776
12/3/1990,51.819744
12/4/1990,48.704896
12/5/1990,47.005888
12/6/1990,45.023712
12/7/1990,45.023712
12/8/1990,43.89104
12/9/1990,43.041536
12/10/1990,41.908864
12/11/1990,41.05936
12/12/1990,39.926688
12/13/1990,38.510848
12/14/1990,37.378176
12/15/1990,35.962336
12/16/1990,34.263328
12/17/1990,31.997984
12/18/1990,29.73264
12/19/1990,29.166304
12/20/1990,27.2407616
12/21/1990,27.3823456
12/22/1990,28.599968
12/23/1990,28.883136
12/24/1990,30.298976
12/25/1990,30.865312
12/26/1990,31.431648
12/27/1990,79.853376
12/28/1990,82.11872
12/29/1990,74.190016
12/30/1990,68.526656
12/31/1990,68.809824
1/1/1991,65.978144
1/2/1991,69.092992
1/3/1991,108.170176
1/4/1991,107.60384
1/5/1991,102.223648
1/6/1991,101.090976
1/7/1991,106.471168
1/8/1991,108.736512
1/9/1991,116.665216
1/10/1991,206.995808
1/11/1991,235.595776
1/12/1991,261.647232
1/13/1991,319.97984
1/14/1991,402.09856
1/15/1991,498.37568
1/16/1991,546.51424
1/17/1991,580.4944
1/18/1991,608.8112
1/19/1991,637.128
1/20/1991,642.79136
1/21/1991,645.62304
1/22/1991,614.47456
1/23/1991,571.99936
1/24/1991,540.85088
1/25/1991,512.53408
1/26/1991,484.21728
1/27/1991,450.23712
1/28/1991,410.5936
1/29/1991,368.1184
1/30/1991,322.81152
1/31/1991,285.99968
2/1/1991,257.116544
2/2/1991,228.799744
2/3/1991,202.46512
2/4/1991,183.776032
2/5/1991,192.837408
2/6/1991,197.368096
2/7/1991,217.189856
2/8/1991,230.78192
2/9/1991,230.78192
2/10/1991,222.853216
2/11/1991,209.54432
2/12/1991,194.253248
2/13/1991,178.679008
2/14/1991,161.688928
2/15/1991,142.99984
2/16/1991,125.160256
2/17/1991,114.399872
2/18/1991,108.453344
2/19/1991,132.239456
2/20/1991,171.882976
2/21/1991,218.03936
2/22/1991,297.3264
2/23/1991,353.96
2/24/1991,419.08864
2/25/1991,441.74208
2/26/1991,433.24704
2/27/1991,402.09856
2/28/1991,359.62336
3/1/1991,331.30656
3/2/1991,308.65312
3/3/1991,288.83136
3/4/1991,273.823456
3/5/1991,261.9304
3/6/1991,254.568032
3/7/1991,249.471008
3/8/1991,242.391808
3/9/1991,232.480928
3/10/1991,220.587872
3/11/1991,208.977984
3/12/1991,198.2176
3/13/1991,186.324544
3/14/1991,172.449312
3/15/1991,158.857248
3/16/1991,148.096864
3/17/1991,147.530528
3/18/1991,145.548352
3/19/1991,140.16816
3/20/1991,132.805792
3/21/1991,123.744416
3/22/1991,114.68304
3/23/1991,106.471168
3/24/1991,98.825632
3/25/1991,91.180096
3/26/1991,83.817728
3/27/1991,76.45536
3/28/1991,69.092992
3/29/1991,65.12864
3/30/1991,62.013792
3/31/1991,57.483104
4/1/1991,52.952416
4/2/1991,49.837568
4/3/1991,47.289056
4/4/1991,44.740544
4/5/1991,44.740544
4/6/1991,48.13856
4/7/1991,67.110816
4/8/1991,104.77216
4/9/1991,99.958304
4/10/1991,84.384064
4/11/1991,86.932576
4/12/1991,103.639488
4/13/1991,103.073152
4/14/1991,138.469152
4/15/1991,232.19776
4/16/1991,247.772
4/17/1991,262.496736
4/18/1991,279.203648
4/19/1991,317.14816
4/20/1991,353.96
4/21/1991,362.45504
4/22/1991,345.46496
4/23/1991,334.13824
4/24/1991,328.47488
4/25/1991,328.47488
4/26/1991,325.6432
4/27/1991,325.6432
4/28/1991,314.31648
4/29/1991,297.3264
4/30/1991,280.902656
5/1/1991,259.948224
5/2/1991,241.825472
5/3/1991,227.383904
5/4/1991,223.985888
5/5/1991,220.021536
5/6/1991,219.738368
5/7/1991,226.817568
5/8/1991,257.116544
5/9/1991,311.4848
5/10/1991,393.60352
5/11/1991,447.40544
5/12/1991,453.0688
5/13/1991,424.752
5/14/1991,379.44512
5/15/1991,339.8016
5/16/1991,302.98976
5/17/1991,288.83136
5/18/1991,263.629408
5/19/1991,231.631424
5/20/1991,205.579968
5/21/1991,192.837408
5/22/1991,183.776032
5/23/1991,174.431488
5/24/1991,168.48496
5/25/1991,177.546336
5/26/1991,197.368096
5/27/1991,210.676992
5/28/1991,208.694816
5/29/1991,195.952256
5/30/1991,179.81168
5/31/1991,163.387936
6/1/1991,139.318656
6/2/1991,121.479072
6/3/1991,106.754336
6/4/1991,97.69296
6/5/1991,88.065248
6/6/1991,77.588032
6/7/1991,68.809824
6/8/1991,62.580128
6/9/1991,55.784096
6/10/1991,59.182112
6/11/1991,57.199936
6/12/1991,55.21776
6/13/1991,48.988064
6/14/1991,46.156384
6/15/1991,54.368256
6/16/1991,59.182112
6/17/1991,64.562304
6/18/1991,55.21776
6/19/1991,52.38608
6/20/1991,48.421728
6/21/1991,79.003872
6/22/1991,69.37616
6/23/1991,60.031616
6/24/1991,52.38608
6/25/1991,50.687072
6/26/1991,59.182112
6/27/1991,58.615776
6/28/1991,65.694976
6/29/1991,74.190016
6/30/1991,71.641504
7/1/1991,67.393984
7/2/1991,61.447456
7/3/1991,54.085088
7/4/1991,44.457376
7/5/1991,45.023712
7/6/1991,56.6336
7/7/1991,55.500928
7/8/1991,51.819744
7/9/1991,48.13856
7/10/1991,43.89104
7/11/1991,38.794016
7/12/1991,36.81184
7/13/1991,32.281152
7/14/1991,27.1274944
7/15/1991,22.4835392
7/16/1991,19.0005728
7/17/1991,15.998992
7/18/1991,13.9035488
7/19/1991,12.4310752
7/20/1991,11.043552
7/21/1991,10.0241472
7/22/1991,9.2595936
7/23/1991,8.6649408
7/24/1991,8.3817728
7/25/1991,8.3251392
7/26/1991,8.3817728
7/27/1991,8.5233568
7/28/1991,10.3639488
7/29/1991,10.760384
7/30/1991,12.0912736
7/31/1991,12.6576096
8/1/1991,13.2805792
8/2/1991,14.0734496
8/3/1991,14.2150336
8/4/1991,13.5354304
8/5/1991,12.03464
8/6/1991,10.194048
8/7/1991,8.8631584
8/8/1991,8.0419712
8/9/1991,7.3906848
8/10/1991,8.778208
8/11/1991,9.6560288
8/12/1991,9.8259296
8/13/1991,24.4373984
8/14/1991,47.289056
8/15/1991,75.605856
8/16/1991,98.259296
8/17/1991,105.055328
8/18/1991,106.754336
8/19/1991,110.718688
8/20/1991,120.3464
8/21/1991,129.124608
8/22/1991,137.619648
8/23/1991,147.530528
8/24/1991,154.043392
8/25/1991,159.423584
8/26/1991,161.40576
8/27/1991,157.441408
8/28/1991,147.24736
8/29/1991,134.221632
8/30/1991,114.399872
8/31/1991,85.799904
9/1/1991,53.518752
9/2/1991,35.962336
9/3/1991,37.095008
9/4/1991,54.368256
9/5/1991,70.508832
9/6/1991,56.916768
9/7/1991,59.182112
9/8/1991,59.748448
9/9/1991,61.164288
9/10/1991,65.12864
9/11/1991,56.350432
9/12/1991,47.289056
9/13/1991,39.64352
9/14/1991,32.847488
9/15/1991,28.883136
9/16/1991,27.9486816
9/17/1991,25.7116544
9/18/1991,24.1259136
9/19/1991,21.5774016
9/20/1991,20.2181952
9/21/1991,19.0005728
9/22/1991,17.5847328
9/23/1991,16.3671104
9/24/1991,14.8380032
9/25/1991,18.0094848
9/26/1991,17.131664
9/27/1991,15.9140416
9/28/1991,15.4609728
9/29/1991,15.3760224
9/30/1991,15.432656
10/1/1991,15.2061216
10/2/1991,14.86632
10/3/1991,14.2433504
10/4/1991,13.308896
10/5/1991,12.176224
10/6/1991,11.2134528
10/7/1991,10.5338496
10/8/1991,10.0807808
10/9/1991,9.7409792
10/10/1991,9.4578112
10/11/1991,9.20296
10/12/1991,8.9764256
10/13/1991,8.8065248
10/14/1991,8.7215744
10/15/1991,8.5799904
10/16/1991,8.211872
10/17/1991,7.928704
10/18/1991,7.7021696
10/19/1991,7.4756352
10/20/1991,7.362368
10/21/1991,7.1924672
10/22/1991,7.0508832
10/23/1991,7.0508832
10/24/1991,6.937616
10/25/1991,6.9092992
10/26/1991,6.9092992
10/27/1991,6.937616
10/28/1991,7.4473184
10/29/1991,8.211872
10/30/1991,8.1552384
10/31/1991,8.353456
11/1/1991,9.6843456
11/2/1991,12.2894912
11/3/1991,18.6324544
11/4/1991,24.06928
11/5/1991,27.184128
11/6/1991,29.449472
11/7/1991,31.431648
11/8/1991,32.56432
11/9/1991,31.997984
11/10/1991,29.73264
11/11/1991,26.6461088
11/12/1991,23.5878944
11/13/1991,21.2092832
11/14/1991,19.680176
11/15/1991,18.6607712
11/16/1991,17.8679008
11/17/1991,23.7011616
11/18/1991,42.758368
11/19/1991,36.81184
11/20/1991,41.625696
11/21/1991,50.120736
11/22/1991,50.120736
11/23/1991,48.421728
11/24/1991,49.837568
11/25/1991,52.38608
11/26/1991,54.085088
11/27/1991,53.80192
11/28/1991,52.669248
11/29/1991,51.536576
11/30/1991,51.819744
12/1/1991,60.031616
12/2/1991,77.021696
12/3/1991,84.384064
12/4/1991,73.906848
12/5/1991,65.694976
12/6/1991,60.031616
12/7/1991,54.651424
12/8/1991,50.120736
12/9/1991,66.827648
12/10/1991,90.047424
12/11/1991,70.508832
12/12/1991,62.29696
12/13/1991,60.597952
12/14/1991,60.031616
12/15/1991,59.182112
12/16/1991,58.898944
12/17/1991,59.46528
12/18/1991,61.447456
12/19/1991,71.358336
12/20/1991,83.251392
12/21/1991,115.532544
12/22/1991,192.55424
12/23/1991,210.96016
12/24/1991,238.144288
12/25/1991,252.302688
12/26/1991,266.461088
12/27/1991,302.98976
12/28/1991,365.28672
12/29/1991,433.24704
12/30/1991,487.04896
12/31/1991,512.53408
1/1/1992,515.36576
1/2/1992,504.03904
1/3/1992,478.55392
1/4/1992,447.40544
1/5/1992,410.5936
1/6/1992,370.95008
1/7/1992,331.30656
1/8/1992,300.15808
1/9/1992,274.106624
1/10/1992,255.700704
1/11/1992,239.27696
1/12/1992,258.815552
1/13/1992,269.575936
1/14/1992,279.203648
1/15/1992,285.99968
1/16/1992,274.389792
1/17/1992,253.152192
1/18/1992,266.17792
1/19/1992,291.66304
1/20/1992,300.15808
1/21/1992,314.31648
1/22/1992,311.4848
1/23/1992,302.98976
1/24/1992,288.83136
1/25/1992,274.956128
1/26/1992,257.68288
1/27/1992,257.966048
1/28/1992,266.17792
1/29/1992,268.726432
1/30/1992,280.053152
1/31/1992,282.318496
2/1/1992,279.203648
2/2/1992,271.558112
2/3/1992,260.231392
2/4/1992,285.99968
2/5/1992,373.78176
2/6/1992,427.58368
2/7/1992,481.3856
2/8/1992,509.7024
2/9/1992,512.53408
2/10/1992,498.37568
2/11/1992,472.89056
2/12/1992,433.24704
2/13/1992,396.4352
2/14/1992,370.95008
2/15/1992,368.1184
2/16/1992,356.79168
2/17/1992,336.96992
2/18/1992,311.4848
2/19/1992,288.83136
2/20/1992,266.461088
2/21/1992,247.772
2/22/1992,248.904672
2/23/1992,268.443264
2/24/1992,276.655136
2/25/1992,370.95008
2/26/1992,509.7024
2/27/1992,634.29632
2/28/1992,688.09824
2/29/1992,688.09824
3/1/1992,654.11808
3/2/1992,605.97952
3/3/1992,555.00928
3/4/1992,526.69248
3/5/1992,597.48448
3/6/1992,688.09824
3/7/1992,764.5536
3/8/1992,753.22688
3/9/1992,693.7616
3/10/1992,628.63296
3/11/1992,571.99936
3/12/1992,526.69248
3/13/1992,481.3856
3/14/1992,433.24704
3/15/1992,382.2768
3/16/1992,334.13824
3/17/1992,294.49472
3/18/1992,257.116544
3/19/1992,229.932416
3/20/1992,205.2968
3/21/1992,188.589888
3/22/1992,178.112672
3/23/1992,171.31664
3/24/1992,166.219616
3/25/1992,164.520608
3/26/1992,162.8216
3/27/1992,161.40576
3/28/1992,160.839424
3/29/1992,181.793856
3/30/1992,179.245344
3/31/1992,173.865152
4/1/1992,168.201792
4/2/1992,161.122592
4/3/1992,154.043392
4/4/1992,146.114688
4/5/1992,136.770144
4/6/1992,131.67312
4/7/1992,122.328576
4/8/1992,113.2672
4/9/1992,105.904832
4/10/1992,99.1088
4/11/1992,92.879104
4/12/1992,87.498912
4/13/1992,82.401888
4/14/1992,77.588032
4/15/1992,73.057344
4/16/1992,68.243488
4/17/1992,63.146464
4/18/1992,58.332608
4/19/1992,54.651424
4/20/1992,115.249376
4/21/1992,157.724576
4/22/1992,142.99984
4/23/1992,123.17808
4/24/1992,120.063232
4/25/1992,116.948384
4/26/1992,114.399872
4/27/1992,106.471168
4/28/1992,91.180096
4/29/1992,76.172192
4/30/1992,69.092992
5/1/1992,58.898944
5/2/1992,51.819744
5/3/1992,47.572224
5/4/1992,71.358336
5/5/1992,77.304864
5/6/1992,65.694976
5/7/1992,58.04944
5/8/1992,55.21776
5/9/1992,54.651424
5/10/1992,52.952416
5/11/1992,50.97024
5/12/1992,49.837568
5/13/1992,47.855392
5/14/1992,43.324704
5/15/1992,36.81184
5/16/1992,31.14848
5/17/1992,27.6371968
5/18/1992,26.8160096
5/19/1992,28.3168
5/20/1992,32.56432
5/21/1992,33.696992
5/22/1992,33.130656
5/23/1992,32.847488
5/24/1992,32.56432
5/25/1992,32.847488
5/26/1992,35.396
5/27/1992,42.758368
5/28/1992,71.358336
5/29/1992,146.114688
5/30/1992,165.370112
5/31/1992,158.290912
6/1/1992,170.750304
6/2/1992,195.669088
6/3/1992,190.288896
6/4/1992,170.750304
6/5/1992,146.397856
6/6/1992,119.213728
6/7/1992,94.294944
6/8/1992,72.491008
6/9/1992,54.934592
6/10/1992,43.89104
6/11/1992,38.22768
6/12/1992,35.962336
6/13/1992,33.696992
6/14/1992,32.847488
6/15/1992,31.997984
6/16/1992,29.166304
6/17/1992,26.2213568
6/18/1992,23.2764096
6/19/1992,21.2376
6/20/1992,19.6235424
6/21/1992,18.2360192
6/22/1992,17.0750304
6/23/1992,15.6875072
6/24/1992,14.441568
6/25/1992,13.2522624
6/26/1992,12.4310752
6/27/1992,12.317808
6/28/1992,12.4877088
6/29/1992,12.8558272
6/30/1992,13.1956288
7/1/1992,23.5312608
7/2/1992,20.9827488
7/3/1992,22.2570048
7/4/1992,22.3419552
7/5/1992,22.9932416
7/6/1992,23.0215584
7/7/1992,22.795024
7/8/1992,22.1720544
7/9/1992,18.2077024
7/10/1992,12.7991936
7/11/1992,10.4205824
7/12/1992,9.2879104
7/13/1992,8.5799904
7/14/1992,7.9853376
7/15/1992,7.4756352
7/16/1992,7.1075168
7/17/1992,6.654448
7/18/1992,6.5694976
7/19/1992,8.49504
7/20/1992,8.1552384
7/21/1992,8.636624
7/22/1992,9.5427616
7/23/1992,12.03464
7/24/1992,14.016816
7/25/1992,14.4698848
7/26/1992,15.1778048
7/27/1992,15.7441408
7/28/1992,16.0839424
7/29/1992,15.7724576
7/30/1992,14.441568
7/31/1992,12.6859264
8/1/1992,11.2700864
8/2/1992,10.7037504
8/3/1992,9.2595936
8/4/1992,8.778208
8/5/1992,8.7215744
8/6/1992,8.8914752
8/7/1992,10.0241472
8/8/1992,10.5904832
8/9/1992,10.4488992
8/10/1992,9.7409792
8/11/1992,10.6471168
8/12/1992,18.9439392
8/13/1992,12.8558272
8/14/1992,10.9869184
8/15/1992,10.4205824
8/16/1992,10.3073152
8/17/1992,10.3073152
8/18/1992,10.0807808
8/19/1992,9.91088
8/20/1992,9.91088
8/21/1992,9.6843456
8/22/1992,9.4578112
8/23/1992,9.061376
8/24/1992,8.5799904
8/25/1992,8.9764256
8/26/1992,8.636624
8/27/1992,9.1746432
8/28/1992,8.778208
8/29/1992,8.4667232
8/30/1992,8.2968224
8/31/1992,8.0136544
9/1/1992,7.8720704
9/2/1992,7.6172192
9/3/1992,7.645536
9/4/1992,8.3251392
9/5/1992,8.9764256
9/6/1992,13.4787968
9/7/1992,17.2449312
9/8/1992,21.096016
9/9/1992,23.9560128
9/10/1992,24.2674976
9/11/1992,25.48512
9/12/1992,25.7966048
9/13/1992,25.060368
9/14/1992,23.786112
9/15/1992,20.5013632
9/16/1992,16.4803776
9/17/1992,13.733648
9/18/1992,11.8647392
9/19/1992,10.7320672
9/20/1992,9.9958304
9/21/1992,9.4578112
9/22/1992,8.8348416
9/23/1992,8.4384064
9/24/1992,8.0136544
9/25/1992,7.78712
9/26/1992,7.5889024
9/27/1992,7.3340512
9/28/1992,7.1641504
9/29/1992,6.9659328
9/30/1992,6.7677152
10/1/1992,6.7677152
10/2/1992,6.8243488
10/3/1992,6.8526656
10/4/1992,6.7677152
10/5/1992,6.654448
10/6/1992,6.3995968
10/7/1992,6.3146464
10/8/1992,6.1730624
10/9/1992,6.0314784
10/10/1992,6.0314784
10/11/1992,6.0314784
10/12/1992,5.8898944
10/13/1992,5.8898944
10/14/1992,5.8898944
10/15/1992,5.9182112
10/16/1992,6.654448
10/17/1992,7.1358336
10/18/1992,6.937616
10/19/1992,6.8243488
10/20/1992,6.7677152
10/21/1992,6.6827648
10/22/1992,7.0225664
10/23/1992,7.4756352
10/24/1992,7.9570208
10/25/1992,8.1835552
10/26/1992,8.1269216
10/27/1992,7.7304864
10/28/1992,7.3906848
10/29/1992,7.1924672
10/30/1992,7.5322688
10/31/1992,7.8154368
11/1/1992,8.4384064
11/2/1992,9.7409792
11/3/1992,9.8825632
11/4/1992,12.4877088
11/5/1992,13.4787968
11/6/1992,14.5265184
11/7/1992,16.140576
11/8/1992,16.848496
11/9/1992,16.848496
11/10/1992,15.8857248
11/11/1992,14.4132512
11/12/1992,13.6486976
11/13/1992,12.8275104
11/14/1992,11.8081056
11/15/1992,12.2045408
11/16/1992,12.5160256
11/17/1992,12.2611744
11/18/1992,12.0063232
11/19/1992,12.176224
11/20/1992,24.4657152
11/21/1992,27.5522464
11/22/1992,26.334624
11/23/1992,26.9292768
11/24/1992,31.14848
11/25/1992,36.528672
11/26/1992,35.396
11/27/1992,34.546496
11/28/1992,34.829664
11/29/1992,33.98016
11/30/1992,32.281152
12/1/1992,30.582144
12/2/1992,27.8637312
12/3/1992,24.2674976
12/4/1992,20.7278976
12/5/1992,17.8962176
12/6/1992,16.0839424
12/7/1992,15.0362208
12/8/1992,14.299984
12/9/1992,18.0944352
12/10/1992,24.8055168
12/11/1992,20.8411648
12/12/1992,20.5863136
12/13/1992,20.6429472
12/14/1992,20.2748288
12/15/1992,153.760224
12/16/1992,186.041376
12/17/1992,183.209696
12/18/1992,156.308736
12/19/1992,136.770144
12/20/1992,116.948384
12/21/1992,122.045408
12/22/1992,133.08896
12/23/1992,144.982016
12/24/1992,160.839424
12/25/1992,176.696832
12/26/1992,197.084928
12/27/1992,205.2968
12/28/1992,207.562144
12/29/1992,208.411648
12/30/1992,208.977984
12/31/1992,208.12848
1/1/1993,203.88096
1/2/1993,196.518592
1/3/1993,186.324544
1/4/1993,174.431488
1/5/1993,169.334464
1/6/1993,156.591904
1/7/1993,160.556256
1/8/1993,188.30672
1/9/1993,188.873056
1/10/1993,198.783936
1/11/1993,203.597792
1/12/1993,206.429472
1/13/1993,204.730464
1/14/1993,196.80176
1/15/1993,186.041376
1/16/1993,176.130496
1/17/1993,170.183968
1/18/1993,171.599808
1/19/1993,234.463104
1/20/1993,345.46496
1/21/1993,416.25696
1/22/1993,464.39552
1/23/1993,472.89056
1/24/1993,447.40544
1/25/1993,410.5936
1/26/1993,365.28672
1/27/1993,319.97984
1/28/1993,281.185824
1/29/1993,247.488832
1/30/1993,217.189856
1/31/1993,190.572064
2/1/1993,169.334464
2/2/1993,154.043392
2/3/1993,143.283008
2/4/1993,135.637472
2/5/1993,130.540448
2/6/1993,129.690944
2/7/1993,128.275104
2/8/1993,126.576096
2/9/1993,123.744416
2/10/1993,121.479072
2/11/1993,122.328576
2/12/1993,119.496896
2/13/1993,113.550368
2/14/1993,106.754336
2/15/1993,100.241472
2/16/1993,97.126624
2/17/1993,94.294944
2/18/1993,90.047424
2/19/1993,86.083072
2/20/1993,82.968224
2/21/1993,79.570208
2/22/1993,75.605856
2/23/1993,71.075168
2/24/1993,67.96032
2/25/1993,65.978144
2/26/1993,67.393984
2/27/1993,70.225664
2/28/1993,68.809824
3/1/1993,74.190016
3/2/1993,103.35632
3/3/1993,113.833536
3/4/1993,114.68304
3/5/1993,115.532544
3/6/1993,117.797888
3/7/1993,120.3464
3/8/1993,122.328576
3/9/1993,122.611744
3/10/1993,120.629568
3/11/1993,118.93056
3/12/1993,141.017664
3/13/1993,163.671104
3/14/1993,178.679008
3/15/1993,192.837408
3/16/1993,212.376
3/17/1993,237.011616
3/18/1993,252.869024
3/19/1993,259.381888
3/20/1993,257.68288
3/21/1993,250.60368
3/22/1993,241.259136
3/23/1993,257.966048
3/24/1993,275.239296
3/25/1993,305.82144
3/26/1993,339.8016
3/27/1993,368.1184
3/28/1993,382.2768
3/29/1993,373.78176
3/30/1993,348.29664
3/31/1993,314.31648
4/1/1993,280.902656
4/2/1993,246.922496
4/3/1993,212.659168
4/4/1993,199.067104
4/5/1993,191.1384
4/6/1993,182.077024
4/7/1993,194.819584
4/8/1993,270.708608
4/9/1993,276.371968
4/10/1993,291.66304
4/11/1993,291.66304
4/12/1993,285.99968
4/13/1993,273.540288
4/14/1993,257.399712
4/15/1993,249.754176
4/16/1993,237.577952
4/17/1993,222.28688
4/18/1993,200.482944
4/19/1993,174.14832
4/20/1993,146.397856
4/21/1993,126.00976
4/22/1993,114.68304
4/23/1993,107.887008
4/24/1993,103.073152
4/25/1993,98.825632
4/26/1993,95.993952
4/27/1993,89.481088
4/28/1993,81.552384
4/29/1993,75.605856
4/30/1993,74.190016
5/1/1993,76.738528
5/2/1993,126.00976
5/3/1993,197.084928
5/4/1993,238.144288
5/5/1993,268.160096
5/6/1993,288.83136
5/7/1993,288.83136
5/8/1993,272.973952
5/9/1993,245.789824
5/10/1993,225.684896
5/11/1993,200.766112
5/12/1993,184.625536
5/13/1993,169.334464
5/14/1993,154.043392
5/15/1993,143.849344
5/16/1993,137.902816
5/17/1993,132.522624
5/18/1993,127.4256
5/19/1993,121.76224
5/20/1993,111.568192
5/21/1993,89.764256
5/22/1993,73.62368
5/23/1993,64.279136
5/24/1993,62.013792
5/25/1993,65.411808
5/26/1993,69.37616
5/27/1993,67.393984
5/28/1993,63.146464
5/29/1993,57.766272
5/30/1993,54.934592
5/31/1993,55.500928
6/1/1993,71.358336
6/2/1993,65.411808
6/3/1993,52.38608
6/4/1993,49.5544
6/5/1993,43.607872
6/6/1993,35.962336
6/7/1993,30.582144
6/8/1993,27.0991776
6/9/1993,24.6922496
6/10/1993,22.6251232
6/11/1993,25.7399712
6/12/1993,26.9575936
6/13/1993,25.2302688
6/14/1993,21.9172032
6/15/1993,21.803936
6/16/1993,23.6162112
6/17/1993,28.3168
6/18/1993,32.56432
6/19/1993,34.546496
6/20/1993,47.855392
6/21/1993,78.437536
6/22/1993,114.966208
6/23/1993,134.787968
6/24/1993,134.221632
6/25/1993,165.65328
6/26/1993,278.354144
6/27/1993,455.90048
6/28/1993,569.16768
6/29/1993,608.8112
6/30/1993,600.31616
7/1/1993,569.16768
7/2/1993,526.69248
7/3/1993,478.55392
7/4/1993,419.08864
7/5/1993,353.96
7/6/1993,294.49472
7/7/1993,240.409632
7/8/1993,186.89088
7/9/1993,140.734496
7/10/1993,111.85136
7/11/1993,88.065248
7/12/1993,63.995968
7/13/1993,45.30688
7/14/1993,34.829664
7/15/1993,29.449472
7/16/1993,26.5045248
7/17/1993,24.4090816
7/18/1993,21.5774016
7/19/1993,19.0288896
7/20/1993,17.698
7/21/1993,16.8768128
7/22/1993,16.0839424
7/23/1993,15.0928544
7/24/1993,14.6681024
7/25/1993,14.0451328
7/26/1993,13.3372128
7/27/1993,12.6292928
7/28/1993,12.2611744
7/29/1993,11.893056
7/30/1993,11.609888
7/31/1993,11.4116704
8/1/1993,10.8170176
8/2/1993,10.4205824
8/3/1993,10.1090976
8/4/1993,9.627712
8/5/1993,9.344544
8/6/1993,9.1746432
8/7/1993,9.1746432
8/8/1993,9.1463264
8/9/1993,9.0896928
8/10/1993,9.061376
8/11/1993,8.8914752
8/12/1993,8.8065248
8/13/1993,8.353456
8/14/1993,8.1552384
8/15/1993,7.9570208
8/16/1993,7.7588032
8/17/1993,7.5605856
8/18/1993,7.3340512
8/19/1993,7.0792
8/20/1993,6.9092992
8/21/1993,7.0508832
8/22/1993,7.9570208
8/23/1993,6.5694976
8/24/1993,6.2580128
8/25/1993,6.1164288
8/26/1993,6.1164288
8/27/1993,6.0314784
8/28/1993,6.0031616
8/29/1993,5.9182112
8/30/1993,6.1730624
8/31/1993,5.946528
9/1/1993,5.8332608
9/2/1993,5.8332608
9/3/1993,5.9182112
9/4/1993,6.2013792
9/5/1993,6.5411808
9/6/1993,6.7393984
9/7/1993,6.6261312
9/8/1993,6.2863296
9/9/1993,5.946528
9/10/1993,5.7199936
9/11/1993,5.66336
9/12/1993,5.521776
9/13/1993,5.4368256
9/14/1993,5.6916768
9/15/1993,6.1730624
9/16/1993,5.946528
9/17/1993,5.9748448
9/18/1993,6.0314784
9/19/1993,6.0314784
9/20/1993,6.654448
9/21/1993,7.9003872
9/22/1993,8.1835552
9/23/1993,7.7304864
9/24/1993,7.1075168
9/25/1993,6.5694976
9/26/1993,6.2863296
9/27/1993,6.1164288
9/28/1993,5.9182112
9/29/1993,5.6067264
9/30/1993,5.4085088
10/1/1993,5.2952416
10/2/1993,5.804944
10/3/1993,7.1641504
10/4/1993,7.928704
10/5/1993,8.1269216
10/6/1993,8.070288
10/7/1993,7.8154368
10/8/1993,7.1358336
10/9/1993,6.654448
10/10/1993,6.229696
10/11/1993,5.9182112
10/12/1993,7.6172192
10/13/1993,10.5338496
10/14/1993,8.2685056
10/15/1993,8.1835552
10/16/1993,8.6083072
10/17/1993,8.7215744
10/18/1993,8.8914752
10/19/1993,9.6560288
10/20/1993,12.2328576
10/21/1993,23.0215584
10/22/1993,22.5968064
10/23/1993,25.1736352
10/24/1993,26.19304
10/25/1993,25.8249216
10/26/1993,25.1170016
10/27/1993,24.494032
10/28/1993,22.4835392
10/29/1993,19.11384
10/30/1993,16.7635456
10/31/1993,14.6397856
11/1/1993,12.9124608
11/2/1993,11.609888
11/3/1993,10.9302848
11/4/1993,10.7037504
11/5/1993,10.4205824
11/6/1993,10.5904832
11/7/1993,11.5815712
11/8/1993,12.6859264
11/9/1993,14.4698848
11/10/1993,14.1300832
11/11/1993,13.1956288
11/12/1993,12.1479072
11/13/1993,11.1568192
11/14/1993,15.291072
11/15/1993,21.9738368
11/16/1993,22.65344
11/17/1993,34.263328
11/18/1993,23.8710624
11/19/1993,25.1170016
11/20/1993,27.325712
11/21/1993,30.015808
11/22/1993,32.281152
11/23/1993,33.413824
11/24/1993,33.413824
11/25/1993,31.714816
11/26/1993,28.883136
11/27/1993,25.343536
11/28/1993,22.2003712
11/29/1993,19.7934432
11/30/1993,18.2360192
12/1/1993,17.4714656
12/2/1993,17.2449312
12/3/1993,17.3015648
12/4/1993,24.2674976
12/5/1993,36.245504
12/6/1993,33.696992
12/7/1993,30.298976
12/8/1993,27.750464
12/9/1993,23.5312608
12/10/1993,20.9827488
12/11/1993,27.6655136
12/12/1993,27.9486816
12/13/1993,33.413824
12/14/1993,51.536576
12/15/1993,59.46528
12/16/1993,53.518752
12/17/1993,52.38608
12/18/1993,58.898944
12/19/1993,56.067264
12/20/1993,57.199936
12/21/1993,54.651424
12/22/1993,56.067264
12/23/1993,61.730624
12/24/1993,61.447456
12/25/1993,55.784096
12/26/1993,51.536576
12/27/1993,48.704896
12/28/1993,45.873216
12/29/1993,42.192032
12/30/1993,37.378176
12/31/1993,32.56432
1/1/1994,29.73264
1/2/1994,28.0619488
1/3/1994,26.2213568
1/4/1994,24.635616
1/5/1994,23.5878944
1/6/1994,23.1348256
1/7/1994,22.2853216
1/8/1994,20.9261152
1/9/1994,20.1898784
1/10/1994,19.7084928
1/11/1994,22.0021536
1/12/1994,24.494032
1/13/1994,23.3896768
1/14/1994,22.8516576
1/15/1994,22.9649248
1/16/1994,22.2570048
1/17/1994,24.4090816
1/18/1994,23.6728448
1/19/1994,22.9932416
1/20/1994,22.6817568
1/21/1994,22.0021536
1/22/1994,21.1243328
1/23/1994,20.5013632
1/24/1994,20.3314624
1/25/1994,22.2853216
1/26/1994,26.5894752
1/27/1994,91.463264
1/28/1994,184.0592
1/29/1994,160.556256
1/30/1994,135.354304
1/31/1994,114.68304
2/1/1994,100.52464
2/2/1994,93.162272
2/3/1994,88.631584
2/4/1994,84.667232
2/5/1994,80.70288
2/6/1994,74.190016
2/7/1994,68.809824
2/8/1994,63.146464
2/9/1994,56.350432
2/10/1994,175.280992
2/11/1994,282.035328
2/12/1994,285.99968
2/13/1994,279.203648
2/14/1994,252.302688
2/15/1994,209.261152
2/16/1994,165.370112
2/17/1994,130.823616
2/18/1994,108.453344
2/19/1994,90.61376
2/20/1994,78.437536
2/21/1994,130.540448
2/22/1994,168.768128
2/23/1994,236.728448
2/24/1994,249.18784
2/25/1994,270.142272
2/26/1994,273.823456
2/27/1994,265.894752
2/28/1994,252.585856
3/1/1994,242.10864
3/2/1994,238.993792
3/3/1994,233.6136
3/4/1994,231.914592
3/5/1994,230.215584
3/6/1994,226.5344
3/7/1994,225.401728
3/8/1994,231.914592
3/9/1994,308.65312
3/10/1994,325.6432
3/11/1994,319.97984
3/12/1994,317.14816
3/13/1994,308.65312
3/14/1994,297.3264
3/15/1994,280.619488
3/16/1994,259.948224
3/17/1994,235.312608
3/18/1994,211.809664
3/19/1994,190.005728
3/20/1994,169.051296
3/21/1994,152.627552
3/22/1994,139.318656
3/23/1994,129.124608
3/24/1994,121.195904
3/25/1994,112.700864
3/26/1994,106.471168
3/27/1994,99.1088
3/28/1994,92.879104
3/29/1994,86.649408
3/30/1994,81.835552
3/31/1994,75.889024
4/1/1994,71.358336
4/2/1994,65.978144
4/3/1994,59.182112
4/4/1994,53.80192
4/5/1994,54.368256
4/6/1994,81.269216
4/7/1994,97.126624
4/8/1994,86.932576
4/9/1994,70.225664
4/10/1994,63.146464
4/11/1994,60.314784
4/12/1994,82.968224
4/13/1994,101.657312
4/14/1994,112.134528
4/15/1994,107.887008
4/16/1994,111.568192
4/17/1994,111.568192
4/18/1994,102.223648
4/19/1994,92.595936
4/20/1994,84.9504
4/21/1994,71.641504
4/22/1994,62.013792
4/23/1994,56.067264
4/24/1994,51.536576
4/25/1994,47.572224
4/26/1994,44.740544
4/27/1994,44.174208
4/28/1994,44.174208
4/29/1994,43.89104
4/30/1994,63.7128
5/1/1994,63.429632
5/2/1994,43.041536
5/3/1994,105.904832
5/4/1994,140.16816
5/5/1994,131.106784
5/6/1994,94.578112
5/7/1994,70.225664
5/8/1994,60.031616
5/9/1994,62.013792
5/10/1994,120.3464
5/11/1994,140.16816
5/12/1994,114.116704
5/13/1994,89.481088
5/14/1994,170.750304
5/15/1994,198.500768
5/16/1994,232.764096
5/17/1994,222.853216
5/18/1994,188.023552
5/19/1994,137.902816
5/20/1994,102.506816
5/21/1994,87.498912
5/22/1994,78.154368
5/23/1994,72.774176
5/24/1994,72.491008
5/25/1994,73.62368
5/26/1994,75.03952
5/27/1994,78.720704
5/28/1994,86.36624
5/29/1994,92.595936
5/30/1994,88.914752
5/31/1994,88.914752
6/1/1994,92.879104
6/2/1994,97.69296
6/3/1994,101.94048
6/4/1994,106.754336
6/5/1994,107.887008
6/6/1994,108.453344
6/7/1994,108.170176
6/8/1994,107.037504
6/9/1994,103.073152
6/10/1994,105.904832
6/11/1994,135.354304
6/12/1994,147.530528
6/13/1994,144.982016
6/14/1994,112.984032
6/15/1994,84.384064
6/16/1994,68.809824
6/17/1994,60.314784
6/18/1994,53.518752
6/19/1994,51.253408
6/20/1994,53.235584
6/21/1994,50.687072
6/22/1994,47.572224
6/23/1994,43.324704
6/24/1994,37.378176
6/25/1994,32.847488
6/26/1994,30.865312
6/27/1994,29.73264
6/28/1994,27.7787808
6/29/1994,25.1453184
6/30/1994,22.6251232
7/1/1994,20.2748288
7/2/1994,18.0378016
7/3/1994,16.3954272
7/4/1994,14.724736
7/5/1994,13.4221632
7/6/1994,12.4877088
7/7/1994,11.7797888
7/8/1994,11.6665216
7/9/1994,11.5249376
7/10/1994,10.6754336
7/11/1994,12.5443424
7/12/1994,15.9140416
7/13/1994,11.0718688
7/14/1994,11.185136
7/15/1994,11.8364224
7/16/1994,11.043552
7/17/1994,11.6948384
7/18/1994,12.3461248
7/19/1994,11.9780064
7/20/1994,11.32672
7/21/1994,10.8170176
7/22/1994,10.3073152
7/23/1994,9.7976128
7/24/1994,9.0896928
7/25/1994,8.49504
7/26/1994,7.9570208
7/27/1994,7.5605856
7/28/1994,7.3057344
7/29/1994,7.3340512
7/30/1994,7.4756352
7/31/1994,7.6172192
8/1/1994,7.503952
8/2/1994,7.0792
8/3/1994,6.654448
8/4/1994,6.7677152
8/5/1994,7.0508832
8/6/1994,7.1641504
8/7/1994,6.6261312
8/8/1994,11.1285024
8/9/1994,11.751472
8/10/1994,17.4714656
8/11/1994,21.379184
8/12/1994,25.0037344
8/13/1994,27.467296
8/14/1994,28.883136
8/15/1994,29.449472
8/16/1994,28.599968
8/17/1994,24.8621504
8/18/1994,19.4253248
8/19/1994,15.4609728
8/20/1994,12.8558272
8/21/1994,17.4431488
8/22/1994,25.909872
8/23/1994,28.599968
8/24/1994,21.2942336
8/25/1994,25.1453184
8/26/1994,30.582144
8/27/1994,28.599968
8/28/1994,31.714816
8/29/1994,31.714816
8/30/1994,27.5239296
8/31/1994,22.0587872
9/1/1994,19.1704736
9/2/1994,28.599968
9/3/1994,49.271232
9/4/1994,49.271232
9/5/1994,38.22768
9/6/1994,35.396
9/7/1994,36.528672
9/8/1994,38.22768
9/9/1994,39.077184
9/10/1994,39.077184
9/11/1994,36.81184
9/12/1994,31.714816
9/13/1994,26.5611584
9/14/1994,22.0021536
9/15/1994,18.972256
9/16/1994,17.273248
9/17/1994,16.1122592
9/18/1994,14.9512704
9/19/1994,14.1300832
9/20/1994,13.1956288
9/21/1994,12.2894912
9/22/1994,11.468304
9/23/1994,10.6188
9/24/1994,9.91088
9/25/1994,9.2595936
9/26/1994,8.8914752
9/27/1994,8.6083072
9/28/1994,8.2401888
9/29/1994,7.9853376
9/30/1994,7.8437536
10/1/1994,7.7021696
10/2/1994,7.5605856
10/3/1994,7.3906848
10/4/1994,7.2491008
10/5/1994,7.1075168
10/6/1994,6.9659328
10/7/1994,6.8243488
10/8/1994,7.9003872
10/9/1994,8.5233568
10/10/1994,17.1882976
10/11/1994,24.06928
10/12/1994,25.626704
10/13/1994,28.2884832
10/14/1994,29.73264
10/15/1994,32.56432
10/16/1994,44.174208
10/17/1994,217.189856
10/18/1994,461.56384
10/19/1994,954.27616
10/20/1994,1175.1472
10/21/1994,1149.66208
10/22/1994,1022.23648
10/23/1994,866.49408
10/24/1994,699.42496
10/25/1994,580.4944
10/26/1994,495.544
10/27/1994,419.08864
10/28/1994,342.63328
10/29/1994,275.522464
10/30/1994,218.03936
10/31/1994,175.56416
11/1/1994,143.566176
11/2/1994,121.195904
11/3/1994,107.887008
11/4/1994,99.391968
11/5/1994,95.427616
11/6/1994,102.789984
11/7/1994,102.506816
11/8/1994,93.728608
11/9/1994,91.463264
11/10/1994,90.330592
11/11/1994,88.348416
11/12/1994,86.083072
11/13/1994,82.968224
11/14/1994,79.853376
11/15/1994,76.738528
11/16/1994,74.190016
11/17/1994,71.924672
11/18/1994,69.659328
11/19/1994,68.243488
11/20/1994,67.393984
11/21/1994,67.393984
11/22/1994,68.809824
11/23/1994,70.792
11/24/1994,73.340512
11/25/1994,76.172192
11/26/1994,79.003872
11/27/1994,80.986048
11/28/1994,82.968224
11/29/1994,82.11872
11/30/1994,80.986048
12/1/1994,79.003872
12/2/1994,76.172192
12/3/1994,75.889024
12/4/1994,73.057344
12/5/1994,65.978144
12/6/1994,59.182112
12/7/1994,52.669248
12/8/1994,55.21776
12/9/1994,77.588032
12/10/1994,91.463264
12/11/1994,112.984032
12/12/1994,116.665216
12/13/1994,108.453344
12/14/1994,99.675136
12/15/1994,93.162272
12/16/1994,188.023552
12/17/1994,294.49472
12/18/1994,419.08864
12/19/1994,506.87072
12/20/1994,526.69248
12/21/1994,526.69248
12/22/1994,518.19744
12/23/1994,506.87072
12/24/1994,484.21728
12/25/1994,455.90048
12/26/1994,419.08864
12/27/1994,379.44512
12/28/1994,345.46496
12/29/1994,348.29664
12/30/1994,356.79168
12/31/1994,370.95008
1/1/1995,373.78176
1/2/1995,365.28672
1/3/1995,353.96
1/4/1995,342.63328
1/5/1995,325.6432
1/6/1995,305.82144
1/7/1995,288.83136
1/8/1995,269.575936
1/9/1995,248.904672
1/10/1995,227.95024
1/11/1995,208.694816
1/12/1995,191.421568
1/13/1995,208.12848
1/14/1995,217.473024
1/15/1995,230.78192
1/16/1995,235.312608
1/17/1995,229.082912
1/18/1995,294.49472
1/19/1995,399.26688
1/20/1995,504.03904
1/21/1995,586.15776
1/22/1995,603.14784
1/23/1995,574.83104
1/24/1995,526.69248
1/25/1995,478.55392
1/26/1995,433.24704
1/27/1995,450.23712
1/28/1995,455.90048
1/29/1995,464.39552
1/30/1995,453.0688
1/31/1995,433.24704
2/1/1995,404.93024
2/2/1995,370.95008
2/3/1995,334.13824
2/4/1995,302.98976
2/5/1995,273.25712
2/6/1995,243.807648
2/7/1995,215.20768
2/8/1995,191.421568
2/9/1995,173.015648
2/10/1995,159.140416
2/11/1995,148.946368
2/12/1995,140.734496
2/13/1995,133.655296
2/14/1995,130.25728
2/15/1995,127.142432
2/16/1995,124.027584
2/17/1995,121.479072
2/18/1995,120.063232
2/19/1995,117.231552
2/20/1995,113.833536
2/21/1995,109.302848
2/22/1995,104.77216
2/23/1995,99.675136
2/24/1995,94.578112
2/25/1995,89.764256
2/26/1995,85.233568
2/27/1995,81.269216
2/28/1995,85.233568
3/1/1995,103.35632
3/2/1995,117.231552
3/3/1995,123.744416
3/4/1995,133.08896
3/5/1995,138.185984
3/6/1995,131.389952
3/7/1995,138.185984
3/8/1995,164.520608
3/9/1995,199.350272
3/10/1995,262.496736
3/11/1995,317.14816
3/12/1995,322.81152
3/13/1995,311.4848
3/14/1995,328.47488
3/15/1995,387.94016
3/16/1995,489.88064
3/17/1995,518.19744
3/18/1995,501.20736
3/19/1995,455.90048
3/20/1995,396.4352
3/21/1995,334.13824
3/22/1995,276.655136
3/23/1995,225.11856
3/24/1995,181.793856
3/25/1995,148.380032
3/26/1995,127.991936
3/27/1995,117.231552
3/28/1995,110.152352
3/29/1995,105.621664
3/30/1995,105.621664
3/31/1995,105.904832
4/1/1995,105.621664
4/2/1995,104.77216
4/3/1995,101.94048
4/4/1995,101.374144
4/5/1995,113.2672
4/6/1995,130.540448
4/7/1995,141.017664
4/8/1995,139.601824
4/9/1995,132.805792
4/10/1995,126.859264
4/11/1995,151.211712
4/12/1995,165.086944
4/13/1995,222.570048
4/14/1995,328.47488
4/15/1995,370.95008
4/16/1995,359.62336
4/17/1995,322.81152
4/18/1995,275.805632
4/19/1995,224.552224
4/20/1995,181.793856
4/21/1995,165.65328
4/22/1995,161.40576
4/23/1995,173.298816
4/24/1995,172.73248
4/25/1995,157.724576
4/26/1995,142.433504
4/27/1995,128.84144
4/28/1995,118.647392
4/29/1995,111.001856
4/30/1995,105.621664
5/1/1995,100.807808
5/2/1995,95.993952
5/3/1995,91.746432
5/4/1995,89.481088
5/5/1995,88.914752
5/6/1995,88.914752
5/7/1995,89.764256
5/8/1995,97.409792
5/9/1995,122.045408
5/10/1995,146.964192
5/11/1995,156.025568
5/12/1995,152.627552
5/13/1995,138.185984
5/14/1995,117.231552
5/15/1995,100.241472
5/16/1995,88.914752
5/17/1995,83.251392
5/18/1995,82.685056
5/19/1995,84.9504
5/20/1995,89.19792
5/21/1995,100.807808
5/22/1995,116.382048
5/23/1995,132.805792
5/24/1995,146.114688
5/25/1995,152.91072
5/26/1995,152.91072
5/27/1995,147.530528
5/28/1995,138.75232
5/29/1995,131.106784
5/30/1995,129.407776
5/31/1995,142.150336
6/1/1995,158.857248
6/2/1995,149.512704
6/3/1995,136.486976
6/4/1995,125.160256
6/5/1995,106.754336
6/6/1995,88.348416
6/7/1995,73.340512
6/8/1995,55.500928
6/9/1995,40.776192
6/10/1995,33.130656
6/11/1995,33.413824
6/12/1995,48.988064
6/13/1995,49.837568
6/14/1995,49.5544
6/15/1995,47.289056
6/16/1995,46.439552
6/17/1995,47.572224
6/18/1995,48.704896
6/19/1995,48.704896
6/20/1995,48.13856
6/21/1995,47.005888
6/22/1995,44.740544
6/23/1995,41.342528
6/24/1995,35.679168
6/25/1995,30.015808
6/26/1995,26.6461088
6/27/1995,25.1170016
6/28/1995,23.2764096
6/29/1995,21.2659168
6/30/1995,20.104928
7/1/1995,20.1615616
7/2/1995,17.6696832
7/3/1995,15.8290912
7/4/1995,14.5265184
7/5/1995,16.7352288
7/6/1995,16.6502784
7/7/1995,13.7053312
7/8/1995,13.2522624
7/9/1995,13.1389952
7/10/1995,13.2522624
7/11/1995,13.3655296
7/12/1995,13.733648
7/13/1995,14.3283008
7/14/1995,14.583152
7/15/1995,15.0362208
7/16/1995,15.2061216
7/17/1995,14.016816
7/18/1995,11.893056
7/19/1995,11.0718688
7/20/1995,24.2391808
7/21/1995,15.8007744
7/22/1995,15.3193888
7/23/1995,14.9512704
7/24/1995,13.6770144
7/25/1995,13.0823616
7/26/1995,12.7991936
7/27/1995,12.176224
7/28/1995,11.4116704
7/29/1995,11.0152352
7/30/1995,11.043552
7/31/1995,11.6665216
8/1/1995,25.5417536
8/2/1995,35.396
8/3/1995,26.6744256
8/4/1995,24.4373984
8/5/1995,23.8710624
8/6/1995,27.0142272
8/7/1995,30.298976
8/8/1995,32.56432
8/9/1995,26.5894752
8/10/1995,22.5401728
8/11/1995,18.9156224
8/12/1995,15.998992
8/13/1995,13.875232
8/14/1995,12.2611744
8/15/1995,11.8647392
8/16/1995,11.751472
8/17/1995,11.043552
8/18/1995,10.5338496
8/19/1995,10.5055328
8/20/1995,11.0718688
8/21/1995,11.0718688
8/22/1995,10.5338496
8/23/1995,10.3073152
8/24/1995,9.91088
8/25/1995,10.901968
8/26/1995,9.6843456
8/27/1995,8.6649408
8/28/1995,8.3817728
8/29/1995,7.8720704
8/30/1995,7.503952
8/31/1995,7.3057344
9/1/1995,7.6172192
9/2/1995,8.211872
9/3/1995,8.6932576
9/4/1995,8.353456
9/5/1995,7.6738528
9/6/1995,7.6172192
9/7/1995,7.503952
9/8/1995,7.4756352
9/9/1995,7.503952
9/10/1995,7.1075168
9/11/1995,6.6261312
9/12/1995,6.229696
9/13/1995,6.0031616
9/14/1995,5.804944
9/15/1995,5.7199936
9/16/1995,5.9748448
9/17/1995,6.3146464
9/18/1995,6.9092992
9/19/1995,7.7588032
9/20/1995,8.4667232
9/21/1995,10.3922656
9/22/1995,14.6397856
9/23/1995,30.298976
9/24/1995,42.758368
9/25/1995,38.794016
9/26/1995,30.865312
9/27/1995,25.1170016
9/28/1995,21.1526496
9/29/1995,18.1793856
9/30/1995,16.99008
10/1/1995,15.857408
10/2/1995,14.7813696
10/3/1995,14.2433504
10/4/1995,14.7813696
10/5/1995,19.255424
10/6/1995,26.6744256
10/7/1995,27.9486816
10/8/1995,23.9843296
10/9/1995,19.0855232
10/10/1995,15.3193888
10/11/1995,12.6292928
10/12/1995,11.1285024
10/13/1995,10.2223648
10/14/1995,9.2879104
10/15/1995,8.5799904
10/16/1995,8.2401888
10/17/1995,8.1269216
10/18/1995,7.9853376
10/19/1995,7.7588032
10/20/1995,7.5889024
10/21/1995,7.1641504
10/22/1995,7.1075168
10/23/1995,6.9942496
10/24/1995,6.7677152
10/25/1995,6.654448
10/26/1995,6.2863296
10/27/1995,6.2013792
10/28/1995,5.9748448
10/29/1995,5.8898944
10/30/1995,5.8898944
10/31/1995,5.9182112
11/1/1995,7.1075168
11/2/1995,7.7021696
11/3/1995,9.627712
11/4/1995,13.8469152
11/5/1995,14.3566176
11/6/1995,13.167312
11/7/1995,12.600976
11/8/1995,12.0063232
11/9/1995,11.0718688
11/10/1995,10.1657312
11/11/1995,9.6843456
11/12/1995,9.20296
11/13/1995,9.1180096
11/14/1995,9.0047424
11/15/1995,8.7498912
11/16/1995,8.3251392
11/17/1995,8.1552384
11/18/1995,8.0419712
11/19/1995,8.0419712
11/20/1995,8.7498912
11/21/1995,8.6083072
11/22/1995,8.1552384
11/23/1995,7.8154368
11/24/1995,7.7021696
11/25/1995,7.7588032
11/26/1995,7.9003872
11/27/1995,7.7588032
11/28/1995,7.6172192
11/29/1995,7.5322688
11/30/1995,7.5322688
12/1/1995,7.5322688
12/2/1995,7.5889024
12/3/1995,7.6172192
12/4/1995,7.5889024
12/5/1995,7.5889024
12/6/1995,7.7021696
12/7/1995,7.6738528
12/8/1995,7.8720704
12/9/1995,8.49504
12/10/1995,8.9764256
12/11/1995,9.5993952
12/12/1995,9.8542464
12/13/1995,10.1374144
12/14/1995,10.901968
12/15/1995,11.5532544
12/16/1995,13.45048
12/17/1995,44.457376
12/18/1995,131.389952
12/19/1995,175.280992
12/20/1995,178.39584
12/21/1995,177.546336
12/22/1995,161.122592
12/23/1995,136.203808
12/24/1995,105.621664
12/25/1995,76.45536
12/26/1995,57.483104
12/27/1995,44.174208
12/28/1995,33.696992
12/29/1995,27.2973952
12/30/1995,23.644528
12/31/1995,21.9172032
1/1/1996,20.954432
1/2/1996,20.5013632
1/3/1996,19.680176
1/4/1996,19.9916608
1/5/1996,19.8783936
1/6/1996,22.7383904
1/7/1996,29.166304
1/8/1996,30.298976
1/9/1996,26.6461088
1/10/1996,23.1914592
1/11/1996,20.7562144
1/12/1996,19.0855232
1/13/1996,17.839584
1/14/1996,17.0750304
1/15/1996,16.5086944
1/16/1996,16.28216
1/17/1996,15.9706752
1/18/1996,15.9423584
1/19/1996,15.9140416
1/20/1996,16.2538432
1/21/1996,16.3671104
1/22/1996,16.8201792
1/23/1996,17.4997824
1/24/1996,18.9439392
1/25/1996,20.3031456
1/26/1996,24.7772
1/27/1996,26.5611584
1/28/1996,24.6639328
1/29/1996,22.9082912
1/30/1996,21.520768
1/31/1996,19.5952256
2/1/1996,18.0944352
2/2/1996,17.0750304
2/3/1996,16.5370112
2/4/1996,15.9423584
2/5/1996,15.5176064
2/6/1996,15.2627552
2/7/1996,15.149488
2/8/1996,15.2344384
2/9/1996,15.2061216
2/10/1996,15.2627552
2/11/1996,15.3477056
2/12/1996,15.4043392
2/13/1996,15.2344384
2/14/1996,15.0928544
2/15/1996,14.8096864
2/16/1996,14.2433504
2/17/1996,13.6770144
2/18/1996,13.2522624
2/19/1996,13.025728
2/20/1996,12.6292928
2/21/1996,12.2611744
2/22/1996,12.0629568
2/23/1996,11.9496896
2/24/1996,11.7797888
2/25/1996,11.8081056
2/26/1996,11.8081056
2/27/1996,11.893056
2/28/1996,17.4431488
2/29/1996,16.1972096
3/1/1996,13.5354304
3/2/1996,12.7708768
3/3/1996,12.317808
3/4/1996,12.1195904
3/5/1996,12.0063232
3/6/1996,11.8364224
3/7/1996,11.5815712
3/8/1996,11.2134528
3/9/1996,11.043552
3/10/1996,11.1568192
3/11/1996,11.185136
3/12/1996,11.1285024
3/13/1996,11.1285024
3/14/1996,11.0718688
3/15/1996,11.2134528
3/16/1996,11.1568192
3/17/1996,11.1001856
3/18/1996,10.9302848
3/19/1996,10.7320672
3/20/1996,10.7037504
3/21/1996,10.8453344
3/22/1996,10.9302848
3/23/1996,10.7887008
3/24/1996,10.4488992
3/25/1996,10.3922656
3/26/1996,10.2506816
3/27/1996,10.3922656
3/28/1996,10.335632
3/29/1996,10.5904832
3/30/1996,10.7320672
3/31/1996,10.901968
4/1/1996,11.2417696
4/2/1996,11.8081056
4/3/1996,12.3461248
4/4/1996,12.5443424
4/5/1996,12.459392
4/6/1996,14.724736
4/7/1996,15.291072
4/8/1996,14.8096864
4/9/1996,14.2433504
4/10/1996,13.6486976
4/11/1996,14.2716672
4/12/1996,14.9795872
4/13/1996,15.4609728
4/14/1996,16.1972096
4/15/1996,17.414832
4/16/1996,15.6875072
4/17/1996,14.016816
4/18/1996,12.8558272
4/19/1996,12.03464
4/20/1996,11.2984032
4/21/1996,10.5055328
4/22/1996,9.9675136
4/23/1996,11.2134528
4/24/1996,12.2611744
4/25/1996,18.4342368
4/26/1996,24.3241312
4/27/1996,23.6728448
4/28/1996,19.4819584
4/29/1996,17.3298816
4/30/1996,15.57424
5/1/1996,15.291072
5/2/1996,14.0734496
5/3/1996,13.0540448
5/4/1996,12.459392
5/5/1996,12.6292928
5/6/1996,12.6292928
5/7/1996,12.317808
5/8/1996,11.5532544
5/9/1996,10.477216
5/10/1996,9.4294944
5/11/1996,8.7215744
5/12/1996,7.9570208
5/13/1996,7.7304864
5/14/1996,8.353456
5/15/1996,9.7409792
5/16/1996,10.5055328
5/17/1996,10.1657312
5/18/1996,9.1746432
5/19/1996,8.1835552
5/20/1996,7.4756352
5/21/1996,6.937616
5/22/1996,6.3995968
5/23/1996,5.946528
5/24/1996,5.521776
5/25/1996,5.097024
5/26/1996,4.7572224
5/27/1996,4.4174208
5/28/1996,4.1908864
5/29/1996,4.0209856
5/30/1996,5.0403904
5/31/1996,5.4934592
6/1/1996,4.8988064
6/2/1996,4.2758368
6/3/1996,4.1625696
6/4/1996,4.0776192
6/5/1996,4.105936
6/6/1996,3.9360352
6/7/1996,3.5679168
6/8/1996,3.3696992
6/9/1996,3.3130656
6/10/1996,3.3696992
6/11/1996,3.4263328
6/12/1996,3.2847488
6/13/1996,3.0582144
6/14/1996,2.9166304
6/15/1996,3.8510848
6/16/1996,7.5889024
6/17/1996,4.7005888
6/18/1996,3.4263328
6/19/1996,4.6439552
6/20/1996,7.78712
6/21/1996,8.4384064
6/22/1996,7.4473184
6/23/1996,6.2580128
6/24/1996,5.6067264
6/25/1996,4.7289056
6/26/1996,4.3607872
6/27/1996,3.9360352
6/28/1996,3.7095008
6/29/1996,4.105936
6/30/1996,5.1536576
7/1/1996,4.3324704
7/2/1996,3.3413824
7/3/1996,2.8883136
7/4/1996,2.8033632
7/5/1996,3.2281152
7/6/1996,3.7095008
7/7/1996,3.5962336
7/8/1996,3.4829664
7/9/1996,3.2847488
7/10/1996,3.114848
7/11/1996,3.2281152
7/12/1996,2.9449472
7/13/1996,2.83168
7/14/1996,2.8033632
7/15/1996,2.8033632
7/16/1996,2.8033632
7/17/1996,3.0015808
7/18/1996,3.4829664
7/19/1996,4.0776192
7/20/1996,4.24752
7/21/1996,3.9926688
7/22/1996,3.5112832
7/23/1996,2.9166304
7/24/1996,3.6528672
7/25/1996,3.9926688
7/26/1996,3.3413824
7/27/1996,2.8883136
7/28/1996,2.973264
7/29/1996,5.7483104
7/30/1996,8.4384064
7/31/1996,7.9570208
8/1/1996,6.0314784
8/2/1996,4.672272
8/3/1996,3.8794016
8/4/1996,3.5679168
8/5/1996,3.3696992
8/6/1996,3.2847488
8/7/1996,3.1714816
8/8/1996,3.0015808
8/9/1996,3.0015808
8/10/1996,3.0015808
8/11/1996,11.6948384
8/12/1996,27.5522464
8/13/1996,30.015808
8/14/1996,27.5239296
8/15/1996,28.3168
8/16/1996,26.1080896
8/17/1996,22.9082912
8/18/1996,18.8873056
8/19/1996,15.0928544
8/20/1996,12.0912736
8/21/1996,9.5427616
8/22/1996,8.0419712
8/23/1996,11.9496896
8/24/1996,14.583152
8/25/1996,17.3581984
8/26/1996,16.0839424
8/27/1996,12.3744416
8/28/1996,15.6875072
8/29/1996,37.944512
8/30/1996,49.837568
8/31/1996,54.085088
9/1/1996,50.687072
9/2/1996,45.590048
9/3/1996,41.342528
9/4/1996,33.696992
9/5/1996,26.2779904
9/6/1996,21.4075008
9/7/1996,19.0855232
9/8/1996,16.9334464
9/9/1996,14.1300832
9/10/1996,11.6382048
9/11/1996,9.5427616
9/12/1996,7.9570208
9/13/1996,6.8526656
9/14/1996,5.946528
9/15/1996,5.238608
9/16/1996,4.7855392
9/17/1996,4.3041536
9/18/1996,4.0776192
9/19/1996,3.9926688
9/20/1996,3.8510848
9/21/1996,3.7095008
9/22/1996,3.822768
9/23/1996,3.964352
9/24/1996,7.8437536
9/25/1996,11.3550368
9/26/1996,10.5055328
9/27/1996,104.205824
9/28/1996,114.116704
9/29/1996,101.657312
9/30/1996,75.03952
10/1/1996,63.995968
10/2/1996,52.669248
10/3/1996,40.209856
10/4/1996,28.599968
10/5/1996,19.3120576
10/6/1996,13.7619648
10/7/1996,11.043552
10/8/1996,9.3162272
10/9/1996,8.1835552
10/10/1996,7.362368
10/11/1996,6.5694976
10/12/1996,6.0031616
10/13/1996,5.6067264
10/14/1996,5.2669248
10/15/1996,4.9271232
10/16/1996,4.7005888
10/17/1996,4.5023712
10/18/1996,4.2758368
10/19/1996,4.0493024
10/20/1996,4.0209856
10/21/1996,4.0209856
10/22/1996,4.24752
10/23/1996,5.0120736
10/24/1996,5.3235584
10/25/1996,5.521776
10/26/1996,5.804944
10/27/1996,16.0273088
10/28/1996,19.7934432
10/29/1996,18.9439392
10/30/1996,16.3954272
10/31/1996,13.5637472
11/1/1996,11.6382048
11/2/1996,9.769296
11/3/1996,8.4384064
11/4/1996,7.4756352
11/5/1996,6.796032
11/6/1996,6.37128
11/7/1996,6.4562304
11/8/1996,6.796032
11/9/1996,7.6738528
11/10/1996,8.7498912
11/11/1996,8.5516736
11/12/1996,8.919792
11/13/1996,9.5710784
11/14/1996,9.627712
11/15/1996,9.1180096
11/16/1996,8.5799904
11/17/1996,8.1835552
11/18/1996,7.7304864
11/19/1996,7.1641504
11/20/1996,6.6261312
11/21/1996,6.2580128
11/22/1996,5.9748448
11/23/1996,5.9748448
11/24/1996,6.6261312
11/25/1996,16.423744
11/26/1996,30.298976
11/27/1996,33.696992
11/28/1996,30.865312
11/29/1996,28.3168
11/30/1996,29.73264
12/1/1996,32.281152
12/2/1996,30.865312
12/3/1996,30.582144
12/4/1996,31.714816
12/5/1996,30.865312
12/6/1996,28.883136
12/7/1996,26.7310592
12/8/1996,24.9471008
12/9/1996,22.8516576
12/10/1996,20.104928
12/11/1996,17.4431488
12/12/1996,15.6025568
12/13/1996,14.2433504
12/14/1996,13.2805792
12/15/1996,15.8857248
12/16/1996,65.978144
12/17/1996,105.338496
12/18/1996,108.453344
12/19/1996,92.0296
12/20/1996,82.11872
12/21/1996,75.322688
12/22/1996,67.393984
12/23/1996,57.766272
12/24/1996,49.271232
12/25/1996,42.4752
12/26/1996,36.81184
12/27/1996,34.263328
12/28/1996,30.865312
12/29/1996,52.669248
12/30/1996,87.78208
12/31/1996,92.312768
1/1/1997,79.28704
1/2/1997,66.827648
1/3/1997,53.235584
1/4/1997,43.324704
1/5/1997,33.98016
1/6/1997,26.2779904
1/7/1997,22.0021536
1/8/1997,20.2181952
1/9/1997,29.73264
1/10/1997,72.20784
1/11/1997,82.685056
1/12/1997,78.437536
1/13/1997,80.419712
1/14/1997,82.401888
1/15/1997,85.516736
1/16/1997,92.595936
1/17/1997,79.003872
1/18/1997,62.580128
1/19/1997,49.837568
1/20/1997,40.209856
1/21/1997,34.829664
1/22/1997,73.62368
1/23/1997,77.304864
1/24/1997,67.110816
1/25/1997,70.792
1/26/1997,65.694976
1/27/1997,60.031616
1/28/1997,98.542464
1/29/1997,114.68304
1/30/1997,105.904832
1/31/1997,97.126624
2/1/1997,92.879104
2/2/1997,85.799904
2/3/1997,70.792
2/4/1997,52.669248
2/5/1997,40.776192
2/6/1997,34.829664
2/7/1997,36.245504
2/8/1997,60.597952
2/9/1997,75.889024
2/10/1997,70.225664
2/11/1997,64.845472
2/12/1997,108.736512
2/13/1997,265.328416
2/14/1997,302.98976
2/15/1997,353.96
2/16/1997,376.61344
2/17/1997,379.44512
2/18/1997,370.95008
2/19/1997,348.29664
2/20/1997,319.97984
2/21/1997,339.8016
2/22/1997,328.47488
2/23/1997,325.6432
2/24/1997,308.65312
2/25/1997,331.30656
2/26/1997,331.30656
2/27/1997,322.81152
2/28/1997,319.97984
3/1/1997,319.97984
3/2/1997,328.47488
3/3/1997,331.30656
3/4/1997,322.81152
3/5/1997,314.31648
3/6/1997,325.6432
3/7/1997,353.96
3/8/1997,376.61344
3/9/1997,379.44512
3/10/1997,373.78176
3/11/1997,368.1184
3/12/1997,348.29664
3/13/1997,359.62336
3/14/1997,365.28672
3/15/1997,396.4352
3/16/1997,402.09856
3/17/1997,385.10848
3/18/1997,356.79168
3/19/1997,339.8016
3/20/1997,308.65312
3/21/1997,281.185824
3/22/1997,252.869024
3/23/1997,226.251232
3/24/1997,201.898784
3/25/1997,179.528512
3/26/1997,185.191872
3/27/1997,177.829504
3/28/1997,164.803776
3/29/1997,152.344384
3/30/1997,143.849344
3/31/1997,131.106784
4/1/1997,123.744416
4/2/1997,118.93056
4/3/1997,116.09888
4/4/1997,127.4256
4/5/1997,235.878944
4/6/1997,291.66304
4/7/1997,362.45504
4/8/1997,368.1184
4/9/1997,342.63328
4/10/1997,334.13824
4/11/1997,319.97984
4/12/1997,294.49472
4/13/1997,260.797728
4/14/1997,225.684896
4/15/1997,190.855232
4/16/1997,159.98992
4/17/1997,136.770144
4/18/1997,118.081056
4/19/1997,104.77216
4/20/1997,95.993952
4/21/1997,92.595936
4/22/1997,91.746432
4/23/1997,88.914752
4/24/1997,86.649408
4/25/1997,84.100896
4/26/1997,109.01968
4/27/1997,111.001856
4/28/1997,115.815712
4/29/1997,128.84144
4/30/1997,135.354304
5/1/1997,141.584
5/2/1997,143.849344
5/3/1997,135.354304
5/4/1997,122.894912
5/5/1997,114.966208
5/6/1997,109.586016
5/7/1997,106.754336
5/8/1997,105.055328
5/9/1997,102.789984
5/10/1997,100.807808
5/11/1997,99.958304
5/12/1997,105.055328
5/13/1997,113.2672
5/14/1997,122.611744
5/15/1997,130.540448
5/16/1997,144.132512
5/17/1997,148.6632
5/18/1997,146.114688
5/19/1997,144.41568
5/20/1997,139.035488
5/21/1997,127.142432
5/22/1997,117.51472
5/23/1997,108.170176
5/24/1997,94.011776
5/25/1997,152.344384
5/26/1997,161.40576
5/27/1997,139.601824
5/28/1997,120.629568
5/29/1997,114.116704
5/30/1997,112.700864
5/31/1997,105.621664
6/1/1997,114.399872
6/2/1997,111.568192
6/3/1997,105.904832
6/4/1997,94.86128
6/5/1997,79.28704
6/6/1997,64.845472
6/7/1997,59.46528
6/8/1997,78.720704
6/9/1997,70.508832
6/10/1997,58.332608
6/11/1997,92.879104
6/12/1997,94.011776
6/13/1997,69.092992
6/14/1997,56.916768
6/15/1997,52.669248
6/16/1997,53.235584
6/17/1997,55.21776
6/18/1997,69.659328
6/19/1997,86.932576
6/20/1997,97.126624
6/21/1997,100.52464
6/22/1997,104.488992
6/23/1997,111.001856
6/24/1997,112.984032
6/25/1997,112.417696
6/26/1997,114.399872
6/27/1997,116.665216
6/28/1997,114.68304
6/29/1997,108.170176
6/30/1997,97.409792
7/1/1997,86.932576
7/2/1997,75.889024
7/3/1997,64.279136
7/4/1997,54.085088
7/5/1997,46.72272
7/6/1997,41.342528
7/7/1997,45.30688
7/8/1997,46.156384
7/9/1997,47.855392
7/10/1997,45.873216
7/11/1997,34.829664
7/12/1997,28.3168
7/13/1997,24.7205664
7/14/1997,21.379184
7/15/1997,18.6324544
7/16/1997,16.99008
7/17/1997,15.9140416
7/18/1997,15.2061216
7/19/1997,13.9318656
7/20/1997,12.884144
7/21/1997,12.2328576
7/22/1997,11.9780064
7/23/1997,11.2984032
7/24/1997,10.7887008
7/25/1997,9.9958304
7/26/1997,8.9481088
7/27/1997,8.2968224
7/28/1997,7.5605856
7/29/1997,6.9942496
7/30/1997,7.0508832
7/31/1997,8.2685056
8/1/1997,8.4384064
8/2/1997,8.353456
8/3/1997,7.6738528
8/4/1997,6.8243488
8/5/1997,6.1164288
8/6/1997,5.6916768
8/7/1997,5.4651424
8/8/1997,5.6350432
8/9/1997,7.1924672
8/10/1997,23.2764096
8/11/1997,30.298976
8/12/1997,38.22768
8/13/1997,45.873216
8/14/1997,50.687072
8/15/1997,52.102912
8/16/1997,51.253408
8/17/1997,50.403904
8/18/1997,50.687072
8/19/1997,50.97024
8/20/1997,43.89104
8/21/1997,27.8354144
8/22/1997,18.4625536
8/23/1997,15.6308736
8/24/1997,13.2805792
8/25/1997,10.9302848
8/26/1997,9.5993952
8/27/1997,8.2968224
8/28/1997,7.5605856
8/29/1997,7.220784
8/30/1997,6.937616
8/31/1997,6.4562304
9/1/1997,6.088112
9/2/1997,6.0031616
9/3/1997,6.3995968
9/4/1997,6.1164288
9/5/1997,5.7766272
9/6/1997,5.6067264
9/7/1997,5.4085088
9/8/1997,5.1536576
9/9/1997,5.1819744
9/10/1997,5.946528
9/11/1997,5.5500928
9/12/1997,5.4934592
9/13/1997,5.521776
9/14/1997,5.1819744
9/15/1997,5.1819744
9/16/1997,4.8988064
9/17/1997,4.6439552
9/18/1997,4.5023712
9/19/1997,4.3324704
9/20/1997,4.2192032
9/21/1997,4.0776192
9/22/1997,3.9926688
9/23/1997,4.6439552
9/24/1997,6.088112
9/25/1997,15.8857248
9/26/1997,22.9649248
9/27/1997,20.812848
9/28/1997,18.8873056
9/29/1997,19.9916608
9/30/1997,20.3314624
10/1/1997,18.264336
10/2/1997,15.3760224
10/3/1997,12.4027584
10/4/1997,9.1180096
10/5/1997,7.5889024
10/6/1997,6.9659328
10/7/1997,6.937616
10/8/1997,6.7677152
10/9/1997,6.8526656
10/10/1997,6.5978144
10/11/1997,6.37128
10/12/1997,6.3146464
10/13/1997,7.3906848
10/14/1997,9.1180096
10/15/1997,10.335632
10/16/1997,9.91088
10/17/1997,8.6932576
10/18/1997,8.6649408
10/19/1997,9.7409792
10/20/1997,10.0241472
10/21/1997,9.5427616
10/22/1997,8.8065248
10/23/1997,8.3251392
10/24/1997,8.8914752
10/25/1997,8.6932576
10/26/1997,9.486128
10/27/1997,12.2328576
10/28/1997,16.0556256
10/29/1997,20.388096
10/30/1997,23.8993792
10/31/1997,25.1170016
11/1/1997,23.3896768
11/2/1997,19.255424
11/3/1997,15.8007744
11/4/1997,13.3938464
11/5/1997,12.74256
11/6/1997,13.7053312
11/7/1997,18.5758208
11/8/1997,21.1243328
11/9/1997,20.8977984
11/10/1997,19.4253248
11/11/1997,18.6041376
11/12/1997,21.5774016
11/13/1997,25.060368
11/14/1997,26.8443264
11/15/1997,28.883136
11/16/1997,30.298976
11/17/1997,29.166304
11/18/1997,29.73264
11/19/1997,30.015808
11/20/1997,28.0619488
11/21/1997,25.9665056
11/22/1997,23.5312608
11/23/1997,21.0110656
11/24/1997,18.3776032
11/25/1997,16.6502784
11/26/1997,15.1778048
11/27/1997,14.8946368
11/28/1997,15.57424
11/29/1997,42.4752
11/30/1997,62.580128
12/1/1997,64.562304
12/2/1997,60.031616
12/3/1997,73.057344
12/4/1997,94.011776
12/5/1997,98.542464
12/6/1997,86.932576
12/7/1997,80.986048
12/8/1997,75.605856
12/9/1997,73.057344
12/10/1997,71.075168
12/11/1997,64.845472
12/12/1997,59.748448
12/13/1997,54.934592
12/14/1997,50.120736
12/15/1997,45.590048
12/16/1997,41.342528
12/17/1997,37.095008
12/18/1997,32.847488
12/19/1997,28.883136
12/20/1997,26.7876928
12/21/1997,124.027584
12/22/1997,153.477056
12/23/1997,175.847328
12/24/1997,212.942336
12/25/1997,205.863136
12/26/1997,218.03936
12/27/1997,207.278976
12/28/1997,171.033472
12/29/1997,131.67312
12/30/1997,107.887008
12/31/1997,94.294944
1/1/1998,84.9504
1/2/1998,76.172192
1/3/1998,69.092992
1/4/1998,65.411808
1/5/1998,69.659328
1/6/1998,212.942336
1/7/1998,436.07872
1/8/1998,529.52416
1/9/1998,594.6528
1/10/1998,614.47456
1/11/1998,588.98944
1/12/1998,552.1776
1/13/1998,532.35584
1/14/1998,512.53408
1/15/1998,492.71232
1/16/1998,464.39552
1/17/1998,430.41536
1/18/1998,413.42528
1/19/1998,416.25696
1/20/1998,421.92032
1/21/1998,413.42528
1/22/1998,450.23712
1/23/1998,472.89056
1/24/1998,475.72224
1/25/1998,447.40544
1/26/1998,402.09856
1/27/1998,348.29664
1/28/1998,300.15808
1/29/1998,259.948224
1/30/1998,222.003712
1/31/1998,190.855232
2/1/1998,168.768128
2/2/1998,156.591904
2/3/1998,154.043392
2/4/1998,152.627552
2/5/1998,144.698848
2/6/1998,133.938464
2/7/1998,122.045408
2/8/1998,110.718688
2/9/1998,101.374144
2/10/1998,96.560288
2/11/1998,106.754336
2/12/1998,109.586016
2/13/1998,119.213728
2/14/1998,133.655296
2/15/1998,150.645376
2/16/1998,165.086944
2/17/1998,183.776032
2/18/1998,183.209696
2/19/1998,175.56416
2/20/1998,166.785952
2/21/1998,156.875072
2/22/1998,173.865152
2/23/1998,188.023552
2/24/1998,189.439392
2/25/1998,188.873056
2/26/1998,242.674976
2/27/1998,314.31648
2/28/1998,390.77184
3/1/1998,424.752
3/2/1998,413.42528
3/3/1998,379.44512
3/4/1998,342.63328
3/5/1998,305.82144
3/6/1998,276.371968
3/7/1998,250.320512
3/8/1998,238.710624
3/9/1998,214.641344
3/10/1998,194.819584
3/11/1998,175.847328
3/12/1998,156.591904
3/13/1998,139.884992
3/14/1998,127.708768
3/15/1998,119.780064
3/16/1998,119.213728
3/17/1998,142.433504
3/18/1998,158.857248
3/19/1998,167.918624
3/20/1998,169.334464
3/21/1998,164.803776
3/22/1998,156.025568
3/23/1998,146.681024
3/24/1998,138.75232
3/25/1998,129.690944
3/26/1998,117.797888
3/27/1998,107.037504
3/28/1998,98.542464
3/29/1998,92.0296
3/30/1998,87.498912
3/31/1998,88.631584
4/1/1998,85.799904
4/2/1998,82.968224
4/3/1998,83.53456
4/4/1998,83.53456
4/5/1998,83.251392
4/6/1998,82.968224
4/7/1998,82.685056
4/8/1998,80.986048
4/9/1998,78.437536
4/10/1998,75.605856
4/11/1998,71.641504
4/12/1998,66.827648
4/13/1998,62.29696
4/14/1998,58.04944
4/15/1998,54.934592
4/16/1998,51.253408
4/17/1998,47.572224
4/18/1998,45.30688
4/19/1998,45.023712
4/20/1998,43.607872
4/21/1998,40.209856
4/22/1998,35.396
4/23/1998,31.431648
4/24/1998,29.166304
4/25/1998,28.175216
4/26/1998,26.3912576
4/27/1998,25.2585856
4/28/1998,25.0320512
4/29/1998,32.847488
4/30/1998,45.023712
5/1/1998,46.439552
5/2/1998,37.378176
5/3/1998,27.8354144
5/4/1998,23.0498752
5/5/1998,21.0393824
5/6/1998,19.7368096
5/7/1998,18.3492864
5/8/1998,17.131664
5/9/1998,16.0556256
5/10/1998,15.2061216
5/11/1998,14.583152
5/12/1998,13.7053312
5/13/1998,12.9124608
5/14/1998,12.317808
5/15/1998,11.8081056
5/16/1998,11.4966208
5/17/1998,11.185136
5/18/1998,10.8453344
5/19/1998,10.3639488
5/20/1998,9.7126624
5/21/1998,9.20296
5/22/1998,8.8348416
5/23/1998,8.5799904
5/24/1998,8.2968224
5/25/1998,8.0419712
5/26/1998,7.7588032
5/27/1998,7.4756352
5/28/1998,7.1924672
5/29/1998,7.0225664
5/30/1998,6.9092992
5/31/1998,6.7393984
6/1/1998,6.5694976
6/2/1998,6.3995968
6/3/1998,6.2863296
6/4/1998,6.0597952
6/5/1998,5.946528
6/6/1998,6.2863296
6/7/1998,6.088112
6/8/1998,5.6350432
6/9/1998,5.4651424
6/10/1998,5.8898944
6/11/1998,6.5694976
6/12/1998,6.9942496
6/13/1998,6.8809824
6/14/1998,6.7110816
6/15/1998,6.4845472
6/16/1998,6.1447456
6/17/1998,5.6916768
6/18/1998,5.3235584
6/19/1998,5.0687072
6/20/1998,4.7855392
6/21/1998,4.5590048
6/22/1998,4.3607872
6/23/1998,4.3041536
6/24/1998,4.0776192
6/25/1998,3.822768
6/26/1998,3.9077184
6/27/1998,3.8794016
6/28/1998,3.5962336
6/29/1998,3.4546496
6/30/1998,3.5679168
7/1/1998,3.398016
7/2/1998,3.1431648
7/3/1998,3.1431648
7/4/1998,3.114848
7/5/1998,3.0582144
7/6/1998,3.0298976
7/7/1998,2.973264
7/8/1998,2.973264
7/9/1998,2.9449472
7/10/1998,2.9166304
7/11/1998,2.8883136
7/12/1998,2.8599968
7/13/1998,2.8599968
7/14/1998,2.83168
7/15/1998,2.8033632
7/16/1998,2.7750464
7/17/1998,2.7750464
7/18/1998,2.7467296
7/19/1998,2.7184128
7/20/1998,2.690096
7/21/1998,2.6617792
7/22/1998,2.6334624
7/23/1998,2.6617792
7/24/1998,2.6617792
7/25/1998,2.6334624
7/26/1998,2.6051456
7/27/1998,2.5768288
7/28/1998,2.548512
7/29/1998,2.5201952
7/30/1998,2.4635616
7/31/1998,2.4635616
8/1/1998,2.4918784
8/2/1998,2.4918784
8/3/1998,2.3219776
8/4/1998,2.1803936
8/5/1998,2.2087104
8/6/1998,4.0209856
8/7/1998,9.0047424
8/8/1998,7.3906848
8/9/1998,5.2102912
8/10/1998,7.1641504
8/11/1998,7.928704
8/12/1998,7.3906848
8/13/1998,6.2580128
8/14/1998,6.4562304
8/15/1998,6.1730624
8/16/1998,5.1536576
8/17/1998,6.4845472
8/18/1998,4.5590048
8/19/1998,3.8510848
8/20/1998,3.8510848
8/21/1998,4.4740544
8/22/1998,5.1536576
8/23/1998,5.7483104
8/24/1998,5.4368256
8/25/1998,4.8421728
8/26/1998,4.3324704
8/27/1998,3.9926688
8/28/1998,3.7944512
8/29/1998,3.5679168
8/30/1998,3.2281152
8/31/1998,3.0865312
9/1/1998,2.973264
9/2/1998,2.8599968
9/3/1998,2.7750464
9/4/1998,2.6334624
9/5/1998,2.5201952
9/6/1998,2.5768288
9/7/1998,2.5201952
9/8/1998,2.4635616
9/9/1998,2.3786112
9/10/1998,2.4352448
9/11/1998,3.6245504
9/12/1998,15.0645376
9/13/1998,10.7037504
9/14/1998,27.2690784
9/15/1998,74.190016
9/16/1998,49.5544
9/17/1998,35.112832
9/18/1998,33.413824
9/19/1998,27.9769984
9/20/1998,24.5506656
9/21/1998,21.4075008
9/22/1998,17.556416
9/23/1998,14.9229536
9/24/1998,14.6681024
9/25/1998,12.7142432
9/26/1998,11.468304
9/27/1998,10.2223648
9/28/1998,9.0330592
9/29/1998,8.070288
9/30/1998,7.2491008
10/1/1998,6.512864
10/2/1998,5.9748448
10/3/1998,5.7766272
10/4/1998,5.5500928
10/5/1998,5.2102912
10/6/1998,5.5784096
10/7/1998,7.78712
10/8/1998,6.3429632
10/9/1998,6.1164288
10/10/1998,9.5427616
10/11/1998,16.1688928
10/12/1998,19.255424
10/13/1998,18.972256
10/14/1998,18.122752
10/15/1998,18.0094848
10/16/1998,17.5847328
10/17/1998,16.3387936
10/18/1998,23.1065088
10/19/1998,86.932576
10/20/1998,172.449312
10/21/1998,176.130496
10/22/1998,171.033472
10/23/1998,162.538432
10/24/1998,144.982016
10/25/1998,103.639488
10/26/1998,65.694976
10/27/1998,50.687072
10/28/1998,40.776192
10/29/1998,31.14848
10/30/1998,24.0975968
10/31/1998,20.0766112
11/1/1998,18.0378016
11/2/1998,26.4478912
11/3/1998,36.245504
11/4/1998,32.281152
11/5/1998,30.015808
11/6/1998,26.759376
11/7/1998,23.1065088
11/8/1998,21.1243328
11/9/1998,25.7966048
11/10/1998,28.599968
11/11/1998,24.1259136
11/12/1998,28.3168
11/13/1998,180.378016
11/14/1998,399.26688
11/15/1998,622.9696
11/16/1998,761.72192
11/17/1998,756.05856
11/18/1998,665.4448
11/19/1998,566.336
11/20/1998,487.04896
11/21/1998,404.93024
11/22/1998,322.81152
11/23/1998,248.621504
11/24/1998,183.492864
11/25/1998,133.938464
11/26/1998,109.302848
11/27/1998,97.126624
11/28/1998,90.330592
11/29/1998,85.516736
11/30/1998,82.401888
12/1/1998,80.70288
12/2/1998,80.136544
12/3/1998,80.70288
12/4/1998,81.552384
12/5/1998,86.36624
12/6/1998,90.61376
12/7/1998,89.19792
12/8/1998,98.259296
12/9/1998,102.223648
12/10/1998,103.073152
12/11/1998,194.819584
12/12/1998,288.83136
12/13/1998,288.83136
12/14/1998,314.31648
12/15/1998,339.8016
12/16/1998,345.46496
12/17/1998,336.96992
12/18/1998,314.31648
12/19/1998,291.66304
12/20/1998,265.894752
12/21/1998,240.975968
12/22/1998,217.189856
12/23/1998,196.518592
12/24/1998,178.962176
12/25/1998,163.671104
12/26/1998,150.928544
12/27/1998,141.300832
12/28/1998,134.5048
12/29/1998,128.275104
12/30/1998,122.045408
12/31/1998,115.815712
1/1/1999,110.43552
1/2/1999,107.60384
1/3/1999,220.87104
1/4/1999,215.20768
1/5/1999,209.54432
1/6/1999,205.013632
1/7/1999,203.597792
1/8/1999,201.332448
1/9/1999,190.288896
1/10/1999,176.130496
1/11/1999,163.954272
1/12/1999,156.025568
1/13/1999,148.946368
1/14/1999,140.16816
1/15/1999,129.124608
1/16/1999,117.231552
1/17/1999,106.188
1/18/1999,95.993952
1/19/1999,87.215744
1/20/1999,80.70288
1/21/1999,75.889024
1/22/1999,74.190016
1/23/1999,79.853376
1/24/1999,93.728608
1/25/1999,92.0296
1/26/1999,88.065248
1/27/1999,86.932576
1/28/1999,84.9504
1/29/1999,148.6632
1/30/1999,260.51456
1/31/1999,328.47488
2/1/1999,464.39552
2/2/1999,625.80128
2/3/1999,699.42496
2/4/1999,716.41504
2/5/1999,688.09824
2/6/1999,645.62304
2/7/1999,603.14784
2/8/1999,555.00928
2/9/1999,512.53408
2/10/1999,464.39552
2/11/1999,413.42528
2/12/1999,359.62336
2/13/1999,311.4848
2/14/1999,274.67296
2/15/1999,242.391808
2/16/1999,214.641344
2/17/1999,193.686912
2/18/1999,176.98
2/19/1999,161.688928
2/20/1999,148.096864
2/21/1999,135.92064
2/22/1999,125.160256
2/23/1999,115.815712
2/24/1999,108.170176
2/25/1999,99.675136
2/26/1999,91.180096
2/27/1999,83.251392
2/28/1999,75.605856
3/1/1999,68.526656
3/2/1999,62.863296
3/3/1999,58.04944
3/4/1999,54.651424
3/5/1999,52.102912
3/6/1999,50.120736
3/7/1999,48.421728
3/8/1999,46.439552
3/9/1999,44.740544
3/10/1999,44.740544
3/11/1999,45.590048
3/12/1999,46.156384
3/13/1999,281.185824
3/14/1999,314.31648
3/15/1999,257.966048
3/16/1999,197.651264
3/17/1999,137.33648
3/18/1999,112.417696
3/19/1999,108.170176
3/20/1999,110.152352
3/21/1999,110.43552
3/22/1999,107.037504
3/23/1999,102.506816
3/24/1999,97.976128
3/25/1999,101.374144
3/26/1999,126.859264
3/27/1999,144.698848
3/28/1999,135.637472
3/29/1999,129.974112
3/30/1999,131.389952
3/31/1999,127.4256
4/1/1999,117.51472
4/2/1999,103.35632
4/3/1999,93.44544
4/4/1999,218.322528
4/5/1999,205.013632
4/6/1999,147.530528
4/7/1999,96.843456
4/8/1999,78.720704
4/9/1999,68.243488
4/10/1999,63.7128
4/11/1999,63.429632
4/12/1999,65.12864
4/13/1999,68.243488
4/14/1999,73.340512
4/15/1999,80.70288
4/16/1999,85.799904
4/17/1999,90.61376
4/18/1999,94.86128
4/19/1999,97.126624
4/20/1999,97.409792
4/21/1999,95.993952
4/22/1999,91.463264
4/23/1999,84.9504
4/24/1999,78.154368
4/25/1999,72.774176
4/26/1999,70.508832
4/27/1999,74.190016
4/28/1999,65.694976
4/29/1999,55.784096
4/30/1999,47.572224
5/1/1999,41.342528
5/2/1999,38.794016
5/3/1999,38.794016
5/4/1999,39.360352
5/5/1999,38.510848
5/6/1999,36.528672
5/7/1999,34.263328
5/8/1999,31.431648
5/9/1999,29.166304
5/10/1999,30.582144
5/11/1999,36.81184
5/12/1999,53.80192
5/13/1999,63.429632
5/14/1999,62.29696
5/15/1999,58.332608
5/16/1999,52.38608
5/17/1999,43.89104
5/18/1999,39.077184
5/19/1999,37.095008
5/20/1999,37.095008
5/21/1999,36.245504
5/22/1999,35.112832
5/23/1999,34.829664
5/24/1999,34.546496
5/25/1999,45.873216
5/26/1999,67.96032
5/27/1999,52.38608
5/28/1999,58.898944
5/29/1999,91.180096
5/30/1999,100.52464
5/31/1999,86.932576
6/1/1999,82.968224
6/2/1999,68.526656
6/3/1999,56.6336
6/4/1999,50.687072
6/5/1999,48.421728
6/6/1999,46.72272
6/7/1999,45.873216
6/8/1999,45.590048
6/9/1999,46.156384
6/10/1999,46.72272
6/11/1999,49.837568
6/12/1999,51.819744
6/13/1999,62.29696
6/14/1999,81.269216
6/15/1999,87.215744
6/16/1999,95.427616
6/17/1999,101.374144
6/18/1999,88.914752
6/19/1999,65.411808
6/20/1999,48.988064
6/21/1999,42.4752
6/22/1999,42.192032
6/23/1999,45.30688
6/24/1999,47.572224
6/25/1999,72.491008
6/26/1999,166.219616
6/27/1999,175.847328
6/28/1999,137.33648
6/29/1999,91.463264
6/30/1999,72.20784
7/1/1999,58.615776
7/2/1999,45.590048
7/3/1999,35.112832
7/4/1999,33.696992
7/5/1999,36.81184
7/6/1999,38.22768
7/7/1999,41.625696
7/8/1999,45.590048
7/9/1999,51.253408
7/10/1999,52.38608
7/11/1999,51.819744
7/12/1999,52.669248
7/13/1999,63.146464
7/14/1999,68.526656
7/15/1999,65.411808
7/16/1999,63.146464
7/17/1999,61.164288
7/18/1999,56.916768
7/19/1999,49.837568
7/20/1999,38.22768
7/21/1999,30.865312
7/22/1999,26.6461088
7/23/1999,23.4746272
7/24/1999,21.2942336
7/25/1999,19.5669088
7/26/1999,18.1510688
7/27/1999,15.715824
7/28/1999,13.875232
7/29/1999,12.74256
7/30/1999,11.7797888
7/31/1999,10.9302848
8/1/1999,10.0807808
8/2/1999,9.1180096
8/3/1999,8.353456
8/4/1999,7.7304864
8/5/1999,6.9092992
8/6/1999,6.3429632
8/7/1999,5.9182112
8/8/1999,5.5784096
8/9/1999,5.3235584
8/10/1999,5.097024
8/11/1999,4.8988064
8/12/1999,4.7289056
8/13/1999,4.5590048
8/14/1999,4.3607872
8/15/1999,4.1625696
8/16/1999,3.9926688
8/17/1999,3.8794016
8/18/1999,3.8794016
8/19/1999,3.822768
8/20/1999,3.7095008
8/21/1999,3.6245504
8/22/1999,3.5679168
8/23/1999,3.5112832
8/24/1999,3.4829664
8/25/1999,3.4263328
8/26/1999,3.3130656
8/27/1999,3.2281152
8/28/1999,3.1431648
8/29/1999,3.0865312
8/30/1999,3.0298976
8/31/1999,3.0015808
9/1/1999,3.0865312
9/2/1999,3.1714816
9/3/1999,3.1997984
9/4/1999,3.1997984
9/5/1999,3.2281152
9/6/1999,3.1997984
9/7/1999,3.114848
9/8/1999,3.1714816
9/9/1999,3.4829664
9/10/1999,3.4829664
9/11/1999,3.4263328
9/12/1999,3.5962336
9/13/1999,3.7378176
9/14/1999,3.6245504
9/15/1999,3.398016
9/16/1999,3.1714816
9/17/1999,3.0015808
9/18/1999,2.8599968
9/19/1999,2.7750464
9/20/1999,2.690096
9/21/1999,2.6617792
9/22/1999,2.6334624
9/23/1999,2.6334624
9/24/1999,2.5768288
9/25/1999,2.548512
9/26/1999,2.5201952
9/27/1999,2.5201952
9/28/1999,2.5768288
9/29/1999,3.2281152
9/30/1999,3.964352
10/1/1999,5.8332608
10/2/1999,8.4667232
10/3/1999,7.7588032
10/4/1999,7.3340512
10/5/1999,7.1641504
10/6/1999,5.8615776
10/7/1999,4.8988064
10/8/1999,7.9003872
10/9/1999,14.6964192
10/10/1999,7.6172192
10/11/1999,6.3429632
10/12/1999,5.7766272
10/13/1999,5.3235584
10/14/1999,4.672272
10/15/1999,4.2192032
10/16/1999,4.0493024
10/17/1999,3.9360352
10/18/1999,3.7095008
10/19/1999,3.822768
10/20/1999,3.9926688
10/21/1999,3.8510848
10/22/1999,3.7944512
10/23/1999,3.7661344
10/24/1999,3.7378176
10/25/1999,3.6245504
10/26/1999,3.6528672
10/27/1999,3.7661344
10/28/1999,3.7661344
10/29/1999,3.7378176
10/30/1999,3.822768
10/31/1999,4.4740544
11/1/1999,5.0120736
11/2/1999,4.9271232
11/3/1999,4.530688
11/4/1999,4.4740544
11/5/1999,4.3041536
11/6/1999,4.4174208
11/7/1999,4.813856
11/8/1999,5.1253408
11/9/1999,5.1536576
11/10/1999,5.0403904
11/11/1999,4.8421728
11/12/1999,4.6439552
11/13/1999,4.4740544
11/14/1999,4.4174208
11/15/1999,4.4740544
11/16/1999,4.389104
11/17/1999,4.3324704
11/18/1999,4.389104
11/19/1999,4.3324704
11/20/1999,4.24752
11/21/1999,4.24752
11/22/1999,4.3041536
11/23/1999,4.4174208
11/24/1999,5.0120736
11/25/1999,5.097024
11/26/1999,5.2669248
11/27/1999,5.0120736
11/28/1999,5.380192
11/29/1999,5.7199936
11/30/1999,5.4934592
12/1/1999,5.2669248
12/2/1999,5.2102912
12/3/1999,5.8898944
12/4/1999,7.0508832
12/5/1999,10.2223648
12/6/1999,8.919792
12/7/1999,7.3057344
12/8/1999,7.1924672
12/9/1999,8.211872
12/10/1999,10.7320672
12/11/1999,11.32672
12/12/1999,11.3550368
12/13/1999,13.4221632
12/14/1999,12.459392
12/15/1999,12.2328576
12/16/1999,12.0912736
12/17/1999,12.884144
12/18/1999,14.1584
12/19/1999,14.0734496
12/20/1999,13.3372128
12/21/1999,12.6859264
12/22/1999,11.8081056
12/23/1999,10.7037504
12/24/1999,9.7126624
12/25/1999,9.0330592
12/26/1999,8.5233568
12/27/1999,8.211872
12/28/1999,8.0136544
12/29/1999,7.8154368
12/30/1999,7.5605856
12/31/1999,7.2774176
1/1/2000,7.0792
1/2/2000,6.9942496
1/3/2000,6.8809824
1/4/2000,6.654448
1/5/2000,6.654448
1/6/2000,6.7677152
1/7/2000,6.5978144
1/8/2000,6.654448
1/9/2000,6.796032
1/10/2000,6.7393984
1/11/2000,6.8526656
1/12/2000,7.6738528
1/13/2000,9.8825632
1/14/2000,11.9496896
1/15/2000,12.7142432
1/16/2000,12.6859264
1/17/2000,11.9213728
1/18/2000,10.8170176
1/19/2000,9.7976128
1/20/2000,8.919792
1/21/2000,8.2685056
1/22/2000,7.8720704
1/23/2000,7.7304864
1/24/2000,7.4756352
1/25/2000,7.2491008
1/26/2000,7.0508832
1/27/2000,7.1358336
1/28/2000,8.4100896
1/29/2000,8.353456
1/30/2000,8.070288
1/31/2000,7.8720704
2/1/2000,8.1552384
2/2/2000,8.8914752
2/3/2000,9.6560288
2/4/2000,9.91088
2/5/2000,9.91088
2/6/2000,9.8542464
2/7/2000,9.9391968
2/8/2000,10.1090976
2/9/2000,9.6560288
2/10/2000,9.20296
2/11/2000,8.8065248
2/12/2000,8.5233568
2/13/2000,8.4100896
2/14/2000,8.2401888
2/15/2000,8.1269216
2/16/2000,7.9853376
2/17/2000,7.8720704
2/18/2000,7.8437536
2/19/2000,7.8720704
2/20/2000,7.78712
2/21/2000,7.7021696
2/22/2000,7.78712
2/23/2000,8.1835552
2/24/2000,8.5516736
2/25/2000,8.7215744
2/26/2000,8.8065248
2/27/2000,9.1463264
2/28/2000,9.344544
2/29/2000,10.052464
3/1/2000,11.1001856
3/2/2000,12.1195904
3/3/2000,13.3655296
3/4/2000,13.1956288
3/5/2000,12.5443424
3/6/2000,11.8364224
3/7/2000,10.7320672
3/8/2000,9.7976128
3/9/2000,9.1180096
3/10/2000,9.1180096
3/11/2000,15.2061216
3/12/2000,12.74256
3/13/2000,14.583152
3/14/2000,15.4609728
3/15/2000,14.724736
3/16/2000,35.396
3/17/2000,14.4698848
3/18/2000,12.0629568
3/19/2000,12.6576096
3/20/2000,14.7813696
3/21/2000,18.4342368
3/22/2000,21.3508672
3/23/2000,21.2376
3/24/2000,20.9827488
3/25/2000,21.9738368
3/26/2000,25.201952
3/27/2000,28.599968
3/28/2000,31.431648
3/29/2000,30.298976
3/30/2000,29.73264
3/31/2000,28.0053152
4/1/2000,25.4568032
4/2/2000,43.89104
4/3/2000,98.259296
4/4/2000,99.675136
4/5/2000,72.20784
4/6/2000,58.332608
4/7/2000,50.403904
4/8/2000,42.4752
4/9/2000,37.378176
4/10/2000,35.962336
4/11/2000,37.095008
4/12/2000,37.378176
4/13/2000,35.962336
4/14/2000,35.396
4/15/2000,41.625696
4/16/2000,45.023712
4/17/2000,45.873216
4/18/2000,45.30688
4/19/2000,44.174208
4/20/2000,41.908864
4/21/2000,38.510848
4/22/2000,33.130656
4/23/2000,26.7027424
4/24/2000,21.5490848
4/25/2000,17.7546336
4/26/2000,15.291072
4/27/2000,13.45048
4/28/2000,12.0629568
4/29/2000,10.9869184
4/30/2000,10.1657312
5/1/2000,9.5144448
5/2/2000,20.0482944
5/3/2000,55.784096
5/4/2000,50.97024
5/5/2000,95.144448
5/6/2000,92.0296
5/7/2000,80.136544
5/8/2000,73.057344
5/9/2000,72.774176
5/10/2000,109.869184
5/11/2000,127.991936
5/12/2000,112.984032
5/13/2000,111.001856
5/14/2000,109.869184
5/15/2000,98.542464
5/16/2000,80.986048
5/17/2000,65.978144
5/18/2000,55.500928
5/19/2000,51.253408
5/20/2000,54.085088
5/21/2000,67.110816
5/22/2000,77.021696
5/23/2000,74.473184
5/24/2000,69.659328
5/25/2000,65.978144
5/26/2000,61.447456
5/27/2000,56.350432
5/28/2000,52.952416
5/29/2000,51.536576
5/30/2000,51.253408
5/31/2000,52.102912
6/1/2000,53.235584
6/2/2000,54.651424
6/3/2000,56.6336
6/4/2000,58.332608
6/5/2000,70.792
6/6/2000,82.685056
6/7/2000,78.720704
6/8/2000,79.570208
6/9/2000,80.986048
6/10/2000,77.304864
6/11/2000,83.251392
6/12/2000,93.44544
6/13/2000,92.0296
6/14/2000,83.817728
6/15/2000,68.243488
6/16/2000,56.6336
6/17/2000,50.687072
6/18/2000,46.72272
6/19/2000,44.740544
6/20/2000,44.457376
6/21/2000,42.192032
6/22/2000,37.095008
6/23/2000,33.130656
6/24/2000,30.865312
6/25/2000,28.883136
6/26/2000,27.5805632
6/27/2000,27.184128
6/28/2000,27.7221472
6/29/2000,29.166304
6/30/2000,32.281152
7/1/2000,34.546496
7/2/2000,33.130656
7/3/2000,31.431648
7/4/2000,29.166304
7/5/2000,26.4478912
7/6/2000,24.4373984
7/7/2000,22.5968064
7/8/2000,20.6146304
7/9/2000,18.547504
7/10/2000,16.6219616
7/11/2000,14.8946368
7/12/2000,13.5637472
7/13/2000,12.3461248
7/14/2000,11.2984032
7/15/2000,10.194048
7/16/2000,9.1746432
7/17/2000,8.1269216
7/18/2000,7.220784
7/19/2000,6.4279136
7/20/2000,5.804944
7/21/2000,5.3235584
7/22/2000,4.9837568
7/23/2000,4.6439552
7/24/2000,4.389104
7/25/2000,4.1342528
7/26/2000,3.9360352
7/27/2000,3.7378176
7/28/2000,3.4829664
7/29/2000,3.2847488
7/30/2000,3.7378176
7/31/2000,3.7661344
8/1/2000,3.8794016
8/2/2000,3.7944512
8/3/2000,3.7378176
8/4/2000,3.9360352
8/5/2000,3.822768
8/6/2000,3.6245504
8/7/2000,3.4263328
8/8/2000,3.2847488
8/9/2000,3.3130656
8/10/2000,3.2281152
8/11/2000,3.114848
8/12/2000,3.1714816
8/13/2000,3.114848
8/14/2000,2.9449472
8/15/2000,2.8883136
8/16/2000,2.8883136
8/17/2000,2.8599968
8/18/2000,2.8033632
8/19/2000,2.7750464
8/20/2000,2.7467296
8/21/2000,2.7467296
8/22/2000,2.7467296
8/23/2000,2.7184128
8/24/2000,2.8033632
8/25/2000,2.7184128
8/26/2000,2.690096
8/27/2000,2.690096
8/28/2000,2.6334624
8/29/2000,2.6051456
8/30/2000,2.5768288
8/31/2000,2.5768288
9/1/2000,2.5768288
9/2/2000,2.5768288
9/3/2000,2.5768288
9/4/2000,2.5768288
9/5/2000,2.5768288
9/6/2000,2.4918784
9/7/2000,2.4352448
9/8/2000,2.4352448
9/9/2000,2.548512
9/10/2000,2.7467296
9/11/2000,2.9166304
9/12/2000,2.9449472
9/13/2000,3.7661344
9/14/2000,3.8794016
9/15/2000,3.398016
9/16/2000,2.9449472
9/17/2000,2.6617792
9/18/2000,2.548512
9/19/2000,2.5768288
9/20/2000,2.6051456
9/21/2000,2.6334624
9/22/2000,3.4546496
9/23/2000,3.7095008
9/24/2000,3.2281152
9/25/2000,3.114848
9/26/2000,3.4263328
9/27/2000,3.3696992
9/28/2000,3.3696992
9/29/2000,3.5112832
9/30/2000,3.398016
10/1/2000,3.256432
10/2/2000,3.1714816
10/3/2000,3.114848
10/4/2000,3.0015808
10/5/2000,2.9166304
10/6/2000,4.24752
10/7/2000,3.6528672
10/8/2000,3.0865312
10/9/2000,2.83168
10/10/2000,2.7467296
10/11/2000,2.7184128
10/12/2000,2.6617792
10/13/2000,2.6051456
10/14/2000,2.6051456
10/15/2000,2.6334624
10/16/2000,2.6617792
10/17/2000,2.83168
10/18/2000,2.9449472
10/19/2000,2.973264
10/20/2000,3.0582144
10/21/2000,3.4546496
10/22/2000,4.1342528
10/23/2000,5.2669248
10/24/2000,5.8615776
10/25/2000,5.7766272
10/26/2000,5.3235584
10/27/2000,4.672272
10/28/2000,4.0209856
10/29/2000,3.4829664
10/30/2000,3.114848
10/31/2000,3.0015808
11/1/2000,3.0298976
11/2/2000,3.6245504
11/3/2000,4.3324704
11/4/2000,10.6471168
11/5/2000,40.209856
11/6/2000,68.809824
11/7/2000,85.799904
11/8/2000,98.542464
11/9/2000,118.93056
11/10/2000,135.354304
11/11/2000,141.867168
11/12/2000,144.982016
11/13/2000,139.884992
11/14/2000,118.647392
11/15/2000,84.9504
11/16/2000,65.411808
11/17/2000,60.031616
11/18/2000,66.261312
11/19/2000,85.233568
11/20/2000,101.94048
11/21/2000,99.675136
11/22/2000,97.409792
11/23/2000,95.993952
11/24/2000,129.974112
11/25/2000,141.300832
11/26/2000,142.150336
11/27/2000,137.33648
11/28/2000,133.372128
11/29/2000,129.974112
11/30/2000,126.859264
12/1/2000,131.67312
12/2/2000,133.08896
12/3/2000,131.106784
12/4/2000,131.67312
12/5/2000,131.389952
12/6/2000,128.558272
12/7/2000,123.744416
12/8/2000,117.231552
12/9/2000,106.188
12/10/2000,84.9504
12/11/2000,61.447456
12/12/2000,46.72272
12/13/2000,42.4752
12/14/2000,53.80192
12/15/2000,81.835552
12/16/2000,100.241472
12/17/2000,97.409792
12/18/2000,99.958304
12/19/2000,105.904832
12/20/2000,110.718688
12/21/2000,112.700864
12/22/2000,110.718688
12/23/2000,103.35632
12/24/2000,99.958304
12/25/2000,135.92064
12/26/2000,161.122592
12/27/2000,180.944352
12/28/2000,195.102752
12/29/2000,211.243328
12/30/2000,238.710624
12/31/2000,266.744256
1/1/2001,281.185824
1/2/2001,280.33632
1/3/2001,266.744256
1/4/2001,244.657152
1/5/2001,218.322528
1/6/2001,192.55424
1/7/2001,167.352288
1/8/2001,145.265184
1/9/2001,132.522624
1/10/2001,131.389952
1/11/2001,154.32656
1/12/2001,169.334464
1/13/2001,178.679008
1/14/2001,188.589888
1/15/2001,194.819584
1/16/2001,199.350272
1/17/2001,208.977984
1/18/2001,226.251232
1/19/2001,258.249216
1/20/2001,278.354144
1/21/2001,317.14816
1/22/2001,345.46496
1/23/2001,353.96
1/24/2001,351.12832
1/25/2001,339.8016
1/26/2001,317.14816
1/27/2001,294.49472
1/28/2001,269.0096
1/29/2001,258.249216
1/30/2001,253.43536
1/31/2001,247.772
2/1/2001,249.18784
2/2/2001,255.983872
2/3/2001,262.213568
2/4/2001,260.797728
2/5/2001,251.736352
2/6/2001,237.011616
2/7/2001,218.888864
2/8/2001,198.783936
2/9/2001,178.112672
2/10/2001,160.273088
2/11/2001,146.114688
2/12/2001,139.318656
2/13/2001,133.655296
2/14/2001,127.991936
2/15/2001,122.045408
2/16/2001,116.09888
2/17/2001,117.51472
2/18/2001,128.275104
2/19/2001,128.275104
2/20/2001,126.859264
2/21/2001,124.59392
2/22/2001,120.912736
2/23/2001,116.948384
2/24/2001,113.2672
2/25/2001,110.152352
2/26/2001,109.302848
2/27/2001,115.532544
2/28/2001,122.611744
3/1/2001,133.08896
3/2/2001,164.23744
3/3/2001,223.70272
3/4/2001,322.81152
3/5/2001,453.0688
3/6/2001,535.18752
3/7/2001,569.16768
3/8/2001,577.66272
3/9/2001,597.48448
3/10/2001,605.97952
3/11/2001,620.13792
3/12/2001,625.80128
3/13/2001,620.13792
3/14/2001,614.47456
3/15/2001,628.63296
3/16/2001,625.80128
3/17/2001,639.95968
3/18/2001,625.80128
3/19/2001,588.98944
3/20/2001,543.68256
3/21/2001,498.37568
3/22/2001,447.40544
3/23/2001,393.60352
3/24/2001,348.29664
3/25/2001,314.31648
3/26/2001,291.66304
3/27/2001,271.558112
3/28/2001,267.59376
3/29/2001,264.478912
3/30/2001,265.611584
3/31/2001,270.142272
4/1/2001,272.973952
4/2/2001,272.124448
4/3/2001,264.76208
4/4/2001,252.302688
4/5/2001,236.162112
4/6/2001,218.605696
4/7/2001,199.350272
4/8/2001,177.546336
4/9/2001,155.7424
4/10/2001,139.601824
4/11/2001,128.84144
4/12/2001,120.063232
4/13/2001,113.833536
4/14/2001,112.700864
4/15/2001,109.01968
4/16/2001,103.073152
4/17/2001,95.427616
4/18/2001,86.932576
4/19/2001,79.28704
4/20/2001,72.491008
4/21/2001,66.54448
4/22/2001,61.730624
4/23/2001,57.199936
4/24/2001,53.80192
4/25/2001,50.403904
4/26/2001,47.572224
4/27/2001,44.457376
4/28/2001,40.493024
4/29/2001,36.81184
4/30/2001,33.696992
5/1/2001,31.431648
5/2/2001,29.73264
5/3/2001,28.0053152
5/4/2001,26.2496736
5/5/2001,25.1736352
5/6/2001,24.0975968
5/7/2001,23.6162112
5/8/2001,23.7294784
5/9/2001,29.449472
5/10/2001,41.625696
5/11/2001,45.30688
5/12/2001,43.607872
5/13/2001,40.209856
5/14/2001,38.22768
5/15/2001,38.22768
5/16/2001,38.510848
5/17/2001,38.22768
5/18/2001,37.944512
5/19/2001,37.944512
5/20/2001,37.944512
5/21/2001,37.661344
5/22/2001,36.81184
5/23/2001,35.396
5/24/2001,33.413824
5/25/2001,30.582144
5/26/2001,27.467296
5/27/2001,24.8621504
5/28/2001,23.2480928
5/29/2001,21.7756192
5/30/2001,20.104928
5/31/2001,19.4253248
6/1/2001,19.6235424
6/2/2001,21.1243328
6/3/2001,21.3508672
6/4/2001,21.4641344
6/5/2001,22.1437376
6/6/2001,37.944512
6/7/2001,70.225664
6/8/2001,208.694816
6/9/2001,294.49472
6/10/2001,410.5936
6/11/2001,622.9696
6/12/2001,733.40512
6/13/2001,747.56352
6/14/2001,693.7616
6/15/2001,645.62304
6/16/2001,588.98944
6/17/2001,532.35584
6/18/2001,492.71232
6/19/2001,447.40544
6/20/2001,399.26688
6/21/2001,348.29664
6/22/2001,297.3264
6/23/2001,254.284864
6/24/2001,215.490848
6/25/2001,181.22752
6/26/2001,153.193888
6/27/2001,133.938464
6/28/2001,118.93056
6/29/2001,106.188
6/30/2001,91.463264
7/1/2001,69.942496
7/2/2001,51.819744
7/3/2001,46.439552
7/4/2001,48.13856
7/5/2001,52.952416
7/6/2001,53.235584
7/7/2001,48.704896
7/8/2001,45.873216
7/9/2001,45.30688
7/10/2001,45.590048
7/11/2001,46.156384
7/12/2001,45.873216
7/13/2001,43.89104
7/14/2001,38.794016
7/15/2001,31.431648
7/16/2001,25.5134368
7/17/2001,21.4358176
7/18/2001,18.0378016
7/19/2001,15.857408
7/20/2001,14.4698848
7/21/2001,13.3372128
7/22/2001,12.5443424
7/23/2001,11.6948384
7/24/2001,10.760384
7/25/2001,10.0241472
7/26/2001,9.0896928
7/27/2001,8.5799904
7/28/2001,8.7215744
7/29/2001,8.1269216
7/30/2001,7.5322688
7/31/2001,7.4473184
8/1/2001,7.220784
8/2/2001,6.9092992
8/3/2001,6.3146464
8/4/2001,6.1730624
8/5/2001,5.8898944
8/6/2001,5.6067264
8/7/2001,5.1536576
8/8/2001,5.097024
8/9/2001,6.9942496
8/10/2001,6.2580128
8/11/2001,5.521776
8/12/2001,4.8704896
8/13/2001,4.6439552
8/14/2001,4.6156384
8/15/2001,4.389104
8/16/2001,4.1625696
8/17/2001,11.1285024
8/18/2001,5.9182112
8/19/2001,5.097024
8/20/2001,4.6156384
8/21/2001,3.9926688
8/22/2001,3.7378176
8/23/2001,3.3413824
8/24/2001,3.1997984
8/25/2001,3.1431648
8/26/2001,3.114848
8/27/2001,3.8794016
8/28/2001,7.4473184
8/29/2001,7.8720704
8/30/2001,14.9795872
8/31/2001,19.255424
9/1/2001,20.671264
9/2/2001,23.078192
9/3/2001,37.095008
9/4/2001,47.572224
9/5/2001,53.235584
9/6/2001,50.97024
9/7/2001,47.289056
9/8/2001,41.908864
9/9/2001,53.80192
9/10/2001,58.615776
9/11/2001,51.536576
9/12/2001,52.669248
9/13/2001,54.368256
9/14/2001,57.483104
9/15/2001,59.748448
9/16/2001,60.597952
9/17/2001,55.21776
9/18/2001,40.493024
9/19/2001,26.7876928
9/20/2001,20.1615616
9/21/2001,16.7635456
9/22/2001,21.5774016
9/23/2001,31.431648
9/24/2001,50.403904
9/25/2001,55.21776
9/26/2001,50.687072
9/27/2001,48.421728
9/28/2001,50.120736
9/29/2001,50.97024
9/30/2001,49.271232
10/1/2001,44.457376
10/2/2001,33.130656
10/3/2001,25.7399712
10/4/2001,20.7845312
10/5/2001,17.3298816
10/6/2001,18.5191872
10/7/2001,16.0839424
10/8/2001,19.7651264
10/9/2001,25.5417536
10/10/2001,29.449472
10/11/2001,34.546496
10/12/2001,43.041536
10/13/2001,111.568192
10/14/2001,175.847328
10/15/2001,156.308736
10/16/2001,117.797888
10/17/2001,112.134528
10/18/2001,116.09888
10/19/2001,113.2672
10/20/2001,103.639488
10/21/2001,92.312768
10/22/2001,82.685056
10/23/2001,75.889024
10/24/2001,72.774176
10/25/2001,70.225664
10/26/2001,63.146464
10/27/2001,48.13856
10/28/2001,33.130656
10/29/2001,26.5894752
10/30/2001,23.1065088
10/31/2001,20.954432
11/1/2001,19.4253248
11/2/2001,18.1793856
11/3/2001,17.1599808
11/4/2001,16.5370112
11/5/2001,16.0273088
11/6/2001,15.6875072
11/7/2001,15.3760224
11/8/2001,15.1778048
11/9/2001,14.9795872
11/10/2001,14.724736
11/11/2001,14.5548352
11/12/2001,14.4132512
11/13/2001,14.2433504
11/14/2001,14.1017664
11/15/2001,14.0734496
11/16/2001,14.441568
11/17/2001,14.9795872
11/18/2001,15.432656
11/19/2001,15.7441408
11/20/2001,15.57424
11/21/2001,15.3193888
11/22/2001,15.1778048
11/23/2001,15.007904
11/24/2001,14.6681024
11/25/2001,14.3849344
11/26/2001,14.299984
11/27/2001,21.9738368
11/28/2001,32.847488
11/29/2001,86.083072
11/30/2001,108.453344
12/1/2001,99.675136
12/2/2001,78.720704
12/3/2001,73.62368
12/4/2001,72.20784
12/5/2001,72.20784
12/6/2001,73.906848
12/7/2001,75.322688
12/8/2001,79.003872
12/9/2001,86.932576
12/10/2001,87.215744
12/11/2001,82.11872
12/12/2001,281.468992
12/13/2001,393.60352
12/14/2001,382.2768
12/15/2001,379.44512
12/16/2001,387.94016
12/17/2001,427.58368
12/18/2001,427.58368
12/19/2001,407.76192
12/20/2001,390.77184
12/21/2001,368.1184
12/22/2001,339.8016
12/23/2001,317.14816
12/24/2001,285.99968
12/25/2001,265.045248
12/26/2001,249.471008
12/27/2001,233.896768
12/28/2001,217.189856
12/29/2001,199.916608
12/30/2001,184.0592
12/31/2001,171.599808
1/1/2002,164.520608
1/2/2002,163.104768
1/3/2002,163.671104
1/4/2002,163.671104
1/5/2002,165.370112
1/6/2002,174.997824
1/7/2002,172.73248
1/8/2002,167.06912
1/9/2002,162.8216
1/10/2002,159.98992
1/11/2002,156.591904
1/12/2002,152.061216
1/13/2002,144.698848
1/14/2002,132.522624
1/15/2002,118.647392
1/16/2002,105.904832
1/17/2002,94.578112
1/18/2002,84.9504
1/19/2002,75.889024
1/20/2002,70.225664
1/21/2002,64.845472
1/22/2002,59.182112
1/23/2002,56.067264
1/24/2002,62.580128
1/25/2002,98.542464
1/26/2002,114.966208
1/27/2002,115.249376
1/28/2002,110.718688
1/29/2002,105.338496
1/30/2002,88.631584
1/31/2002,69.942496
2/1/2002,63.995968
2/2/2002,63.429632
2/3/2002,62.863296
2/4/2002,61.730624
2/5/2002,62.013792
2/6/2002,105.055328
2/7/2002,133.938464
2/8/2002,137.33648
2/9/2002,124.310752
2/10/2002,122.611744
2/11/2002,120.3464
2/12/2002,115.249376
2/13/2002,109.302848
2/14/2002,101.374144
2/15/2002,90.896928
2/16/2002,82.968224
2/17/2002,78.437536
2/18/2002,75.605856
2/19/2002,73.906848
2/20/2002,75.03952
2/21/2002,77.588032
2/22/2002,79.28704
2/23/2002,79.853376
2/24/2002,80.986048
2/25/2002,80.986048
2/26/2002,78.437536
2/27/2002,75.322688
2/28/2002,73.340512
3/1/2002,81.269216
3/2/2002,106.188
3/3/2002,97.409792
3/4/2002,83.53456
3/5/2002,77.021696
3/6/2002,71.075168
3/7/2002,65.978144
3/8/2002,62.580128
3/9/2002,60.314784
3/10/2002,58.332608
3/11/2002,57.199936
3/12/2002,54.368256
3/13/2002,51.819744
3/14/2002,48.988064
3/15/2002,46.439552
3/16/2002,44.740544
3/17/2002,44.174208
3/18/2002,43.89104
3/19/2002,43.041536
3/20/2002,43.607872
3/21/2002,57.483104
3/22/2002,64.562304
3/23/2002,61.164288
3/24/2002,60.597952
3/25/2002,61.730624
3/26/2002,110.152352
3/27/2002,117.51472
3/28/2002,111.001856
3/29/2002,110.718688
3/30/2002,110.718688
3/31/2002,105.621664
4/1/2002,119.213728
4/2/2002,157.724576
4/3/2002,170.750304
4/4/2002,172.449312
4/5/2002,165.65328
4/6/2002,146.964192
4/7/2002,129.124608
4/8/2002,162.8216
4/9/2002,220.587872
4/10/2002,253.152192
4/11/2002,285.99968
4/12/2002,311.4848
4/13/2002,317.14816
4/14/2002,305.82144
4/15/2002,285.99968
4/16/2002,257.399712
4/17/2002,223.419552
4/18/2002,190.572064
4/19/2002,161.688928
4/20/2002,143.566176
4/21/2002,133.08896
4/22/2002,125.160256
4/23/2002,118.93056
4/24/2002,113.2672
4/25/2002,108.736512
4/26/2002,104.488992
4/27/2002,99.675136
4/28/2002,93.162272
4/29/2002,86.083072
4/30/2002,77.8712
5/1/2002,68.526656
5/2/2002,58.615776
5/3/2002,50.403904
5/4/2002,43.89104
5/5/2002,38.510848
5/6/2002,33.696992
5/7/2002,29.449472
5/8/2002,26.0797728
5/9/2002,24.3241312
5/10/2002,23.2764096
5/11/2002,22.5401728
5/12/2002,21.5490848
5/13/2002,20.1615616
5/14/2002,18.830672
5/15/2002,17.6413664
5/16/2002,16.7918624
5/17/2002,16.5086944
5/18/2002,16.3104768
5/19/2002,15.8857248
5/20/2002,15.9140416
5/21/2002,17.6130496
5/22/2002,21.8322528
5/23/2002,24.2674976
5/24/2002,23.786112
5/25/2002,21.9172032
5/26/2002,19.82176
5/27/2002,17.839584
5/28/2002,16.3671104
5/29/2002,15.149488
5/30/2002,15.2061216
5/31/2002,14.5265184
6/1/2002,15.4609728
6/2/2002,17.8679008
6/3/2002,20.4730464
6/4/2002,21.1526496
6/5/2002,19.8783936
6/6/2002,18.0944352
6/7/2002,16.5086944
6/8/2002,15.291072
6/9/2002,14.8380032
6/10/2002,13.7053312
6/11/2002,13.733648
6/12/2002,13.3938464
6/13/2002,12.8275104
6/14/2002,12.6576096
6/15/2002,13.0540448
6/16/2002,14.9795872
6/17/2002,16.6785952
6/18/2002,16.7352288
6/19/2002,15.2061216
6/20/2002,13.4221632
6/21/2002,12.600976
6/22/2002,12.0063232
6/23/2002,11.2984032
6/24/2002,10.5055328
6/25/2002,10.052464
6/26/2002,9.769296
6/27/2002,9.8825632
6/28/2002,13.9318656
6/29/2002,14.5548352
6/30/2002,13.7053312
7/1/2002,12.9124608
7/2/2002,12.1479072
7/3/2002,12.9407776
7/4/2002,15.5176064
7/5/2002,16.9051296
7/6/2002,16.7635456
7/7/2002,16.6502784
7/8/2002,16.7918624
7/9/2002,16.6502784
7/10/2002,16.1688928
7/11/2002,15.0645376
7/12/2002,13.7053312
7/13/2002,12.0063232
7/14/2002,11.2417696
7/15/2002,12.4027584
7/16/2002,13.9035488
7/17/2002,22.6817568
7/18/2002,23.8144288
7/19/2002,20.7562144
7/20/2002,17.9528512
7/21/2002,17.0467136
7/22/2002,17.3015648
7/23/2002,16.6502784
7/24/2002,15.3477056
7/25/2002,14.9512704
7/26/2002,12.9124608
7/27/2002,11.4116704
7/28/2002,11.1568192
7/29/2002,9.8542464
7/30/2002,8.636624
7/31/2002,7.8437536
8/1/2002,7.2491008
8/2/2002,6.7393984
8/3/2002,6.512864
8/4/2002,6.3146464
8/5/2002,6.0314784
8/6/2002,5.8615776
8/7/2002,5.66336
8/8/2002,5.4651424
8/9/2002,5.380192
8/10/2002,5.66336
8/11/2002,5.3235584
8/12/2002,5.3235584
8/13/2002,5.380192
8/14/2002,5.238608
8/15/2002,5.4651424
8/16/2002,5.3235584
8/17/2002,5.2102912
8/18/2002,5.3518752
8/19/2002,5.3518752
8/20/2002,5.4651424
8/21/2002,5.6067264
8/22/2002,5.9748448
8/23/2002,5.7766272
8/24/2002,5.6916768
8/25/2002,5.4651424
8/26/2002,5.6350432
8/27/2002,6.229696
8/28/2002,6.3146464
8/29/2002,6.088112
8/30/2002,5.7766272
8/31/2002,5.9748448
9/1/2002,6.4562304
9/2/2002,7.0792
9/3/2002,7.5889024
9/4/2002,7.6738528
9/5/2002,7.5322688
9/6/2002,6.937616
9/7/2002,6.37128
9/8/2002,5.7766272
9/9/2002,5.4368256
9/10/2002,5.1819744
9/11/2002,5.0403904
9/12/2002,4.8988064
9/13/2002,4.813856
9/14/2002,4.7855392
9/15/2002,4.813856
9/16/2002,4.8988064
9/17/2002,5.5500928
9/18/2002,8.2401888
9/19/2002,9.4578112
9/20/2002,9.8825632
9/21/2002,10.4205824
9/22/2002,8.6932576
9/23/2002,7.3057344
9/24/2002,6.5978144
9/25/2002,7.9003872
9/26/2002,9.7126624
9/27/2002,9.3728608
9/28/2002,8.211872
9/29/2002,7.1075168
9/30/2002,6.229696
10/1/2002,5.6067264
10/2/2002,5.238608
10/3/2002,4.95544
10/4/2002,4.7572224
10/5/2002,4.6439552
10/6/2002,4.5873216
10/7/2002,5.0687072
10/8/2002,5.5784096
10/9/2002,6.0597952
10/10/2002,5.8898944
10/11/2002,7.3340512
10/12/2002,7.8154368
10/13/2002,8.070288
10/14/2002,8.7498912
10/15/2002,9.061376
10/16/2002,9.0896928
10/17/2002,8.8065248
10/18/2002,8.353456
10/19/2002,8.1269216
10/20/2002,13.5071136
10/21/2002,29.166304
10/22/2002,35.396
10/23/2002,37.378176
10/24/2002,36.528672
10/25/2002,91.180096
10/26/2002,122.328576
10/27/2002,142.150336
10/28/2002,136.203808
10/29/2002,134.787968
10/30/2002,140.734496
10/31/2002,124.310752
11/1/2002,79.28704
11/2/2002,59.748448
11/3/2002,92.595936
11/4/2002,220.021536
11/5/2002,331.30656
11/6/2002,376.61344
11/7/2002,433.24704
11/8/2002,475.72224
11/9/2002,472.89056
11/10/2002,430.41536
11/11/2002,376.61344
11/12/2002,319.97984
11/13/2002,265.328416
11/14/2002,208.977984
11/15/2002,158.290912
11/16/2002,115.532544
11/17/2002,73.340512
11/18/2002,44.174208
11/19/2002,31.997984
11/20/2002,27.6655136
11/21/2002,25.3718528
11/22/2002,23.3896768
11/23/2002,21.662352
11/24/2002,20.388096
11/25/2002,19.538592
11/26/2002,18.9439392
11/27/2002,19.8500768
11/28/2002,20.0482944
11/29/2002,20.2181952
11/30/2002,21.1809664
12/1/2002,22.8233408
12/2/2002,24.5223488
12/3/2002,25.1170016
12/4/2002,35.396
12/5/2002,86.649408
12/6/2002,114.399872
12/7/2002,112.134528
12/8/2002,109.01968
12/9/2002,113.2672
12/10/2002,116.382048
12/11/2002,120.063232
12/12/2002,143.283008
12/13/2002,230.78192
12/14/2002,243.241312
12/15/2002,263.34624
12/16/2002,274.956128
12/17/2002,276.938304
12/18/2002,268.160096
12/19/2002,249.18784
12/20/2002,219.4552
12/21/2002,183.209696
12/22/2002,148.380032
12/23/2002,127.708768
12/24/2002,190.572064
12/25/2002,180.661184
12/26/2002,174.14832
12/27/2002,165.65328
12/28/2002,177.829504
12/29/2002,202.181952
12/30/2002,234.179936
12/31/2002,311.4848
1/1/2003,382.2768
1/2/2003,424.752
1/3/2003,421.92032
1/4/2003,390.77184
1/5/2003,351.12832
1/6/2003,308.65312
1/7/2003,272.973952
1/8/2003,237.011616
1/9/2003,204.447296
1/10/2003,177.546336
1/11/2003,156.308736
1/12/2003,143.283008
1/13/2003,136.770144
1/14/2003,129.407776
1/15/2003,119.496896
1/16/2003,106.188
1/17/2003,89.481088
1/18/2003,74.190016
1/19/2003,63.995968
1/20/2003,58.898944
1/21/2003,55.784096
1/22/2003,53.235584
1/23/2003,50.403904
1/24/2003,48.13856
1/25/2003,46.439552
1/26/2003,46.72272
1/27/2003,50.403904
1/28/2003,49.5544
1/29/2003,47.855392
1/30/2003,47.572224
1/31/2003,47.855392
2/1/2003,47.005888
2/2/2003,45.590048
2/3/2003,44.174208
2/4/2003,42.192032
2/5/2003,40.209856
2/6/2003,40.776192
2/7/2003,50.403904
2/8/2003,58.04944
2/9/2003,56.350432
2/10/2003,58.04944
2/11/2003,60.88112
2/12/2003,60.031616
2/13/2003,58.332608
2/14/2003,57.199936
2/15/2003,56.350432
2/16/2003,55.784096
2/17/2003,53.80192
2/18/2003,51.253408
2/19/2003,48.988064
2/20/2003,49.837568
2/21/2003,155.176064
2/22/2003,322.81152
2/23/2003,382.2768
2/24/2003,427.58368
2/25/2003,481.3856
2/26/2003,518.19744
2/27/2003,526.69248
2/28/2003,521.02912
3/1/2003,509.7024
3/2/2003,501.20736
3/3/2003,495.544
3/4/2003,504.03904
3/5/2003,501.20736
3/6/2003,492.71232
3/7/2003,475.72224
3/8/2003,453.0688
3/9/2003,430.41536
3/10/2003,402.09856
3/11/2003,368.1184
3/12/2003,336.96992
3/13/2003,308.65312
3/14/2003,285.99968
3/15/2003,258.249216
3/16/2003,226.817568
3/17/2003,200.482944
3/18/2003,179.81168
3/19/2003,167.635456
3/20/2003,157.441408
3/21/2003,148.380032
3/22/2003,139.601824
3/23/2003,129.690944
3/24/2003,121.479072
3/25/2003,114.68304
3/26/2003,109.01968
3/27/2003,104.488992
3/28/2003,100.241472
3/29/2003,92.879104
3/30/2003,84.667232
3/31/2003,76.738528
4/1/2003,70.792
4/2/2003,67.677152
4/3/2003,66.827648
4/4/2003,65.978144
4/5/2003,63.7128
4/6/2003,60.314784
4/7/2003,57.766272
4/8/2003,55.500928
4/9/2003,56.067264
4/10/2003,62.580128
4/11/2003,69.659328
4/12/2003,76.45536
4/13/2003,79.28704
4/14/2003,75.03952
4/15/2003,66.827648
4/16/2003,59.748448
4/17/2003,56.067264
4/18/2003,53.235584
4/19/2003,48.988064
4/20/2003,42.758368
4/21/2003,40.776192
4/22/2003,39.64352
4/23/2003,37.378176
4/24/2003,33.413824
4/25/2003,42.192032
4/26/2003,39.077184
4/27/2003,30.298976
4/28/2003,27.0991776
4/29/2003,25.2302688
4/30/2003,23.644528
5/1/2003,21.9738368
5/2/2003,21.2092832
5/3/2003,20.9827488
5/4/2003,20.104928
5/5/2003,19.255424
5/6/2003,18.4342368
5/7/2003,17.698
5/8/2003,17.1882976
5/9/2003,16.6502784
5/10/2003,16.2255264
5/11/2003,15.7441408
5/12/2003,15.3193888
5/13/2003,15.9423584
5/14/2003,16.3387936
5/15/2003,15.3477056
5/16/2003,16.3104768
5/17/2003,15.2344384
5/18/2003,13.45048
5/19/2003,13.0823616
5/20/2003,13.167312
5/21/2003,13.3655296
5/22/2003,13.6486976
5/23/2003,13.3655296
5/24/2003,12.9407776
5/25/2003,12.4310752
5/26/2003,11.893056
5/27/2003,11.4966208
5/28/2003,11.2417696
5/29/2003,11.9213728
5/30/2003,12.459392
5/31/2003,12.6292928
6/1/2003,13.5637472
6/2/2003,14.6681024
6/3/2003,15.6025568
6/4/2003,16.1688928
6/5/2003,16.565328
6/6/2003,17.1882976
6/7/2003,16.6219616
6/8/2003,15.9706752
6/9/2003,15.291072
6/10/2003,14.6397856
6/11/2003,13.6486976
6/12/2003,13.875232
6/13/2003,33.130656
6/14/2003,89.764256
6/15/2003,79.853376
6/16/2003,53.80192
6/17/2003,50.120736
6/18/2003,80.986048
6/19/2003,73.62368
6/20/2003,64.279136
6/21/2003,61.164288
6/22/2003,55.21776
6/23/2003,49.271232
6/24/2003,45.023712
6/25/2003,41.05936
6/26/2003,38.510848
6/27/2003,39.077184
6/28/2003,40.776192
6/29/2003,39.077184
6/30/2003,37.944512
7/1/2003,36.245504
7/2/2003,33.98016
7/3/2003,31.14848
7/4/2003,28.3168
7/5/2003,29.73264
7/6/2003,31.14848
7/7/2003,31.997984
7/8/2003,30.015808
7/9/2003,25.7399712
7/10/2003,24.635616
7/11/2003,33.130656
7/12/2003,46.439552
7/13/2003,60.597952
7/14/2003,51.536576
7/15/2003,38.794016
7/16/2003,27.8070976
7/17/2003,21.9172032
7/18/2003,17.9245344
7/19/2003,14.4132512
7/20/2003,12.2045408
7/21/2003,10.6188
7/22/2003,9.6843456
7/23/2003,9.20296
7/24/2003,14.441568
7/25/2003,20.8694816
7/26/2003,17.8679008
7/27/2003,18.3776032
7/28/2003,21.520768
7/29/2003,24.3807648
7/30/2003,25.1170016
7/31/2003,23.8993792
8/1/2003,20.5579968
8/2/2003,16.423744
8/3/2003,13.1389952
8/4/2003,10.9302848
8/5/2003,9.5144448
8/6/2003,9.0896928
8/7/2003,9.4011776
8/8/2003,9.2879104
8/9/2003,8.6649408
8/10/2003,7.8437536
8/11/2003,12.600976
8/12/2003,10.2223648
8/13/2003,10.2789984
8/14/2003,9.2312768
8/15/2003,8.778208
8/16/2003,7.8720704
8/17/2003,7.4473184
8/18/2003,7.362368
8/19/2003,7.3906848
8/20/2003,7.3057344
8/21/2003,7.0792
8/22/2003,6.8809824
8/23/2003,6.5411808
8/24/2003,6.2013792
8/25/2003,5.9182112
8/26/2003,5.7766272
8/27/2003,5.5500928
8/28/2003,5.2952416
8/29/2003,5.3235584
8/30/2003,5.238608
8/31/2003,5.4651424
9/1/2003,6.2013792
9/2/2003,14.2150336
9/3/2003,65.694976
9/4/2003,88.065248
9/5/2003,66.261312
9/6/2003,48.421728
9/7/2003,39.64352
9/8/2003,32.847488
9/9/2003,25.8249216
9/10/2003,18.264336
9/11/2003,14.3849344
9/12/2003,31.431648
9/13/2003,61.730624
9/14/2003,60.597952
9/15/2003,52.102912
9/16/2003,46.72272
9/17/2003,33.696992
9/18/2003,22.5968064
9/19/2003,16.8201792
9/20/2003,14.5265184
9/21/2003,13.1956288
9/22/2003,12.4027584
9/23/2003,11.609888
9/24/2003,11.1568192
9/25/2003,10.901968
9/26/2003,10.477216
9/27/2003,9.91088
9/28/2003,9.3728608
9/29/2003,8.8348416
9/30/2003,8.3817728
10/1/2003,7.9853376
10/2/2003,7.645536
10/3/2003,7.2491008
10/4/2003,6.9659328
10/5/2003,6.7677152
10/6/2003,6.5694976
10/7/2003,6.3995968
10/8/2003,6.2580128
10/9/2003,6.4562304
10/10/2003,8.4384064
10/11/2003,11.3550368
10/12/2003,13.9601824
10/13/2003,16.0839424
10/14/2003,16.6785952
10/15/2003,16.4520608
10/16/2003,15.9706752
10/17/2003,15.1778048
10/18/2003,14.0451328
10/19/2003,12.6859264
10/20/2003,11.4116704
10/21/2003,10.2789984
10/22/2003,9.4294944
10/23/2003,8.8914752
10/24/2003,8.4100896
10/25/2003,8.1835552
10/26/2003,7.9570208
10/27/2003,7.78712
10/28/2003,7.7021696
10/29/2003,7.6738528
10/30/2003,7.5605856
10/31/2003,7.5889024
11/1/2003,7.7304864
11/2/2003,8.0136544
11/3/2003,8.1552384
11/4/2003,8.070288
11/5/2003,7.8437536
11/6/2003,7.503952
11/7/2003,7.1641504
11/8/2003,6.9659328
11/9/2003,6.937616
11/10/2003,6.8526656
11/11/2003,6.9092992
11/12/2003,6.8243488
11/13/2003,6.6827648
11/14/2003,6.5978144
11/15/2003,6.796032
11/16/2003,7.1358336
11/17/2003,9.627712
11/18/2003,84.9504
11/19/2003,60.88112
11/20/2003,55.500928
11/21/2003,52.102912
11/22/2003,48.988064
11/23/2003,40.776192
11/24/2003,31.997984
11/25/2003,27.2973952
11/26/2003,23.5312608
11/27/2003,25.7399712
11/28/2003,71.075168
11/29/2003,70.508832
11/30/2003,42.4752
12/1/2003,34.263328
12/2/2003,27.8354144
12/3/2003,20.812848
12/4/2003,16.1972096
12/5/2003,14.1017664
12/6/2003,12.9124608
12/7/2003,12.2045408
12/8/2003,11.7231552
12/9/2003,11.6665216
12/10/2003,12.4027584
12/11/2003,14.4982016
12/12/2003,18.1793856
12/13/2003,30.015808
12/14/2003,48.988064
12/15/2003,50.120736
12/16/2003,42.192032
12/17/2003,38.22768
12/18/2003,33.130656
12/19/2003,27.2690784
12/20/2003,22.7667072
12/21/2003,20.0199776
12/22/2003,18.0661184
12/23/2003,16.5370112
12/24/2003,15.4892896
12/25/2003,14.7813696
12/26/2003,14.4132512
12/27/2003,14.724736
12/28/2003,15.291072
12/29/2003,20.8411648
12/30/2003,30.298976
12/31/2003,39.077184
1/1/2004,34.829664
1/2/2004,30.865312
1/3/2004,27.892048
1/4/2004,25.5983872
1/5/2004,24.5223488
1/6/2004,27.8070976
1/7/2004,30.582144
1/8/2004,26.90096
1/9/2004,25.2869024
1/10/2004,23.502944
1/11/2004,22.2853216
1/12/2004,20.7845312
1/13/2004,19.2837408
1/14/2004,18.2360192
1/15/2004,17.3015648
1/16/2004,16.6785952
1/17/2004,46.72272
1/18/2004,92.312768
1/19/2004,116.09888
1/20/2004,109.869184
1/21/2004,106.471168
1/22/2004,102.789984
1/23/2004,96.843456
1/24/2004,88.631584
1/25/2004,147.530528
1/26/2004,164.520608
1/27/2004,169.617632
1/28/2004,148.946368
1/29/2004,135.637472
1/30/2004,141.017664
1/31/2004,145.548352
2/1/2004,141.584
2/2/2004,139.035488
2/3/2004,133.938464
2/4/2004,126.576096
2/5/2004,150.07904
2/6/2004,168.768128
2/7/2004,158.857248
2/8/2004,142.716672
2/9/2004,129.124608
2/10/2004,148.6632
2/11/2004,204.447296
2/12/2004,288.83136
2/13/2004,308.65312
2/14/2004,362.45504
2/15/2004,404.93024
2/16/2004,416.25696
2/17/2004,399.26688
2/18/2004,368.1184
2/19/2004,334.13824
2/20/2004,302.98976
2/21/2004,270.991776
2/22/2004,240.409632
2/23/2004,219.172032
2/24/2004,210.676992
2/25/2004,222.570048
2/26/2004,231.914592
2/27/2004,236.162112
2/28/2004,227.383904
2/29/2004,205.2968
3/1/2004,212.659168
3/2/2004,227.95024
3/3/2004,252.302688
3/4/2004,267.027424
3/5/2004,268.160096
3/6/2004,262.213568
3/7/2004,245.789824
3/8/2004,225.11856
3/9/2004,206.71264
3/10/2004,190.855232
3/11/2004,175.847328
3/12/2004,164.520608
3/13/2004,154.043392
3/14/2004,142.99984
3/15/2004,135.354304
3/16/2004,132.522624
3/17/2004,127.708768
3/18/2004,123.744416
3/19/2004,120.3464
3/20/2004,113.833536
3/21/2004,106.754336
3/22/2004,94.578112
3/23/2004,83.251392
3/24/2004,75.605856
3/25/2004,70.508832
3/26/2004,66.54448
3/27/2004,61.730624
3/28/2004,55.784096
3/29/2004,54.085088
3/30/2004,83.53456
3/31/2004,116.665216
4/1/2004,93.44544
4/2/2004,83.53456
4/3/2004,84.667232
4/4/2004,83.53456
4/5/2004,74.190016
4/6/2004,57.199936
4/7/2004,45.873216
4/8/2004,40.493024
4/9/2004,39.64352
4/10/2004,39.64352
4/11/2004,76.172192
4/12/2004,84.384064
4/13/2004,75.889024
4/14/2004,69.092992
4/15/2004,64.279136
4/16/2004,61.447456
4/17/2004,56.916768
4/18/2004,50.687072
4/19/2004,44.174208
4/20/2004,38.22768
4/21/2004,33.130656
4/22/2004,29.166304
4/23/2004,25.8249216
4/24/2004,23.644528
4/25/2004,29.166304
4/26/2004,56.6336
4/27/2004,54.651424
4/28/2004,55.500928
4/29/2004,63.995968
4/30/2004,73.906848
5/1/2004,126.292928
5/2/2004,205.863136
5/3/2004,203.88096
5/4/2004,195.102752
5/5/2004,184.0592
5/6/2004,180.661184
5/7/2004,182.64336
5/8/2004,187.740384
5/9/2004,192.271072
5/10/2004,193.686912
5/11/2004,194.253248
5/12/2004,213.79184
5/13/2004,210.393824
5/14/2004,234.463104
5/15/2004,263.34624
5/16/2004,325.6432
5/17/2004,370.95008
5/18/2004,385.10848
5/19/2004,373.78176
5/20/2004,345.46496
5/21/2004,308.65312
5/22/2004,267.027424
5/23/2004,223.419552
5/24/2004,176.98
5/25/2004,136.486976
5/26/2004,111.85136
5/27/2004,92.595936
5/28/2004,71.641504
5/29/2004,51.253408
5/30/2004,38.510848
5/31/2004,31.431648
6/1/2004,27.1558112
6/2/2004,24.494032
6/3/2004,23.1065088
6/4/2004,22.65344
6/5/2004,22.8516576
6/6/2004,24.2958144
6/7/2004,25.3152192
6/8/2004,27.9769984
6/9/2004,49.271232
6/10/2004,67.110816
6/11/2004,57.766272
6/12/2004,55.21776
6/13/2004,61.164288
6/14/2004,66.827648
6/15/2004,60.031616
6/16/2004,64.845472
6/17/2004,65.12864
6/18/2004,56.916768
6/19/2004,49.5544
6/20/2004,45.023712
6/21/2004,42.758368
6/22/2004,48.421728
6/23/2004,50.687072
6/24/2004,79.28704
6/25/2004,139.035488
6/26/2004,177.829504
6/27/2004,203.597792
6/28/2004,225.684896
6/29/2004,230.498752
6/30/2004,279.486816
7/1/2004,370.95008
7/2/2004,407.76192
7/3/2004,390.77184
7/4/2004,353.96
7/5/2004,314.31648
7/6/2004,269.575936
7/7/2004,217.756192
7/8/2004,158.007744
7/9/2004,112.134528
7/10/2004,91.463264
7/11/2004,99.675136
7/12/2004,96.560288
7/13/2004,82.968224
7/14/2004,71.075168
7/15/2004,61.447456
7/16/2004,54.934592
7/17/2004,49.271232
7/18/2004,46.156384
7/19/2004,48.988064
7/20/2004,45.590048
7/21/2004,36.245504
7/22/2004,28.0053152
7/23/2004,22.1437376
7/24/2004,18.5191872
7/25/2004,16.3671104
7/26/2004,18.4625536
7/27/2004,23.5878944
7/28/2004,19.963344
7/29/2004,16.3671104
7/30/2004,13.7053312
7/31/2004,12.2045408
8/1/2004,10.7037504
8/2/2004,10.3639488
8/3/2004,15.3193888
8/4/2004,20.1332448
8/5/2004,22.65344
8/6/2004,21.6057184
8/7/2004,17.981168
8/8/2004,14.3849344
8/9/2004,11.9496896
8/10/2004,9.9958304
8/11/2004,8.5516736
8/12/2004,7.4756352
8/13/2004,6.796032
8/14/2004,6.7110816
8/15/2004,6.9092992
8/16/2004,6.5978144
8/17/2004,6.2863296
8/18/2004,5.9748448
8/19/2004,5.8615776
8/20/2004,6.3146464
8/21/2004,7.362368
8/22/2004,9.2595936
8/23/2004,11.185136
8/24/2004,15.7441408
8/25/2004,22.7383904
8/26/2004,28.1185824
8/27/2004,31.714816
8/28/2004,34.263328
8/29/2004,35.679168
8/30/2004,34.263328
8/31/2004,27.0708608
9/1/2004,19.5669088
9/2/2004,15.1211712
9/3/2004,12.5726592
9/4/2004,10.9302848
9/5/2004,9.5993952
9/6/2004,8.6083072
9/7/2004,8.0136544
9/8/2004,7.7588032
9/9/2004,7.6172192
9/10/2004,7.4473184
9/11/2004,7.3906848
9/12/2004,7.2774176
9/13/2004,7.1075168
9/14/2004,6.7110816
9/15/2004,6.4279136
9/16/2004,5.8898944
9/17/2004,5.7766272
9/18/2004,5.7766272
9/19/2004,5.2102912
9/20/2004,4.8421728
9/21/2004,4.6439552
9/22/2004,4.530688
9/23/2004,4.4174208
9/24/2004,8.919792
9/25/2004,21.5774016
9/26/2004,33.696992
9/27/2004,64.562304
9/28/2004,65.411808
9/29/2004,59.46528
9/30/2004,39.077184
10/1/2004,23.1631424
10/2/2004,17.5847328
10/3/2004,16.7352288
10/4/2004,20.388096
10/5/2004,21.5490848
10/6/2004,23.2480928
10/7/2004,28.2601664
10/8/2004,32.847488
10/9/2004,35.112832
10/10/2004,36.245504
10/11/2004,38.794016
10/12/2004,43.324704
10/13/2004,46.72272
10/14/2004,49.271232
10/15/2004,46.72272
10/16/2004,36.528672
10/17/2004,26.617792
10/18/2004,21.2092832
10/19/2004,17.9245344
10/20/2004,15.857408
10/21/2004,14.3849344
10/22/2004,13.45048
10/23/2004,12.8558272
10/24/2004,13.1106784
10/25/2004,43.324704
10/26/2004,56.350432
10/27/2004,57.483104
10/28/2004,56.067264
10/29/2004,50.687072
10/30/2004,43.89104
10/31/2004,37.661344
11/1/2004,36.245504
11/2/2004,115.249376
11/3/2004,182.360192
11/4/2004,186.89088
11/5/2004,172.166144
11/6/2004,151.49488
11/7/2004,121.479072
11/8/2004,75.889024
11/9/2004,46.156384
11/10/2004,32.56432
11/11/2004,26.90096
11/12/2004,23.8993792
11/13/2004,21.803936
11/14/2004,20.0199776
11/15/2004,18.7457216
11/16/2004,17.8112672
11/17/2004,23.3896768
11/18/2004,199.916608
11/19/2004,268.443264
11/20/2004,334.13824
11/21/2004,376.61344
11/22/2004,390.77184
11/23/2004,461.56384
11/24/2004,515.36576
11/25/2004,560.67264
11/26/2004,662.61312
11/27/2004,699.42496
11/28/2004,645.62304
11/29/2004,569.16768
11/30/2004,529.52416
12/1/2004,506.87072
12/2/2004,489.88064
12/3/2004,450.23712
12/4/2004,390.77184
12/5/2004,331.30656
12/6/2004,281.185824
12/7/2004,242.10864
12/8/2004,209.827488
12/9/2004,184.908704
12/10/2004,172.73248
12/11/2004,161.972096
12/12/2004,140.451328
12/13/2004,124.027584
12/14/2004,113.550368
12/15/2004,109.586016
12/16/2004,109.586016
12/17/2004,124.310752
12/18/2004,140.451328
12/19/2004,137.053312
12/20/2004,127.4256
12/21/2004,118.364224
12/22/2004,124.310752
12/23/2004,167.918624
12/24/2004,181.793856
12/25/2004,181.22752
12/26/2004,166.219616
12/27/2004,154.32656
12/28/2004,137.053312
12/29/2004,114.68304
12/30/2004,94.578112
12/31/2004,80.70288
1/1/2005,71.924672
1/2/2005,66.827648
1/3/2005,63.146464
1/4/2005,60.314784
1/5/2005,57.766272
1/6/2005,57.483104
1/7/2005,58.332608
1/8/2005,59.182112
1/9/2005,58.615776
1/10/2005,59.46528
1/11/2005,61.447456
1/12/2005,63.7128
1/13/2005,101.94048
1/14/2005,140.16816
1/15/2005,145.265184
1/16/2005,129.124608
1/17/2005,124.59392
1/18/2005,120.629568
1/19/2005,114.966208
1/20/2005,109.302848
1/21/2005,101.657312
1/22/2005,92.0296
1/23/2005,83.817728
1/24/2005,76.738528
1/25/2005,71.358336
1/26/2005,67.110816
1/27/2005,63.429632
1/28/2005,65.978144
1/29/2005,98.825632
1/30/2005,122.611744
1/31/2005,130.540448
2/1/2005,161.40576
2/2/2005,190.855232
2/3/2005,201.898784
2/4/2005,210.676992
2/5/2005,217.756192
2/6/2005,220.87104
2/7/2005,234.463104
2/8/2005,285.99968
2/9/2005,373.78176
2/10/2005,438.9104
2/11/2005,464.39552
2/12/2005,453.0688
2/13/2005,427.58368
2/14/2005,399.26688
2/15/2005,365.28672
2/16/2005,336.96992
2/17/2005,311.4848
2/18/2005,291.66304
2/19/2005,269.575936
2/20/2005,239.560128
2/21/2005,220.021536
2/22/2005,199.350272
2/23/2005,181.22752
2/24/2005,187.457216
2/25/2005,209.827488
2/26/2005,211.526496
2/27/2005,203.88096
2/28/2005,193.686912
3/1/2005,183.776032
3/2/2005,180.944352
3/3/2005,201.04928
3/4/2005,207.562144
3/5/2005,208.977984
3/6/2005,209.54432
3/7/2005,216.340352
3/8/2005,220.021536
3/9/2005,205.863136
3/10/2005,190.572064
3/11/2005,175.280992
3/12/2005,158.857248
3/13/2005,149.229536
3/14/2005,142.150336
3/15/2005,135.637472
3/16/2005,125.443424
3/17/2005,117.231552
3/18/2005,109.01968
3/19/2005,101.090976
3/20/2005,152.061216
3/21/2005,161.40576
3/22/2005,187.174048
3/23/2005,191.987904
3/24/2005,197.651264
3/25/2005,194.819584
3/26/2005,186.324544
3/27/2005,183.209696
3/28/2005,171.882976
3/29/2005,147.24736
3/30/2005,119.496896
3/31/2005,95.993952
4/1/2005,88.631584
4/2/2005,92.879104
4/3/2005,82.401888
4/4/2005,72.20784
4/5/2005,63.995968
4/6/2005,62.29696
4/7/2005,62.013792
4/8/2005,57.766272
4/9/2005,55.21776
4/10/2005,53.80192
4/11/2005,69.37616
4/12/2005,116.665216
4/13/2005,122.611744
4/14/2005,137.619648
4/15/2005,167.635456
4/16/2005,188.589888
4/17/2005,197.934432
4/18/2005,178.39584
4/19/2005,123.17808
4/20/2005,73.906848
4/21/2005,53.235584
4/22/2005,45.30688
4/23/2005,39.926688
4/24/2005,35.679168
4/25/2005,32.56432
4/26/2005,29.73264
4/27/2005,27.6371968
4/28/2005,25.4568032
4/29/2005,23.786112
4/30/2005,22.9932416
5/1/2005,22.1720544
5/2/2005,21.096016
5/3/2005,19.6518592
5/4/2005,18.122752
5/5/2005,17.273248
5/6/2005,16.565328
5/7/2005,16.28216
5/8/2005,16.423744
5/9/2005,17.131664
5/10/2005,18.547504
5/11/2005,20.1615616
5/12/2005,21.2092832
5/13/2005,20.9827488
5/14/2005,19.963344
5/15/2005,18.689088
5/16/2005,17.4431488
5/17/2005,16.423744
5/18/2005,15.3760224
5/19/2005,14.4132512
5/20/2005,13.3938464
5/21/2005,12.3461248
5/22/2005,11.609888
5/23/2005,10.9869184
5/24/2005,10.4488992
5/25/2005,10.0241472
5/26/2005,9.7976128
5/27/2005,9.4578112
5/28/2005,9.5710784
5/29/2005,14.2716672
5/30/2005,14.2150336
5/31/2005,15.2061216
6/1/2005,15.4609728
6/2/2005,16.9617632
6/3/2005,18.0944352
6/4/2005,16.848496
6/5/2005,15.1211712
6/6/2005,13.6770144
6/7/2005,12.6292928
6/8/2005,12.176224
6/9/2005,11.1001856
6/10/2005,10.477216
6/11/2005,10.335632
6/12/2005,9.4578112
6/13/2005,8.8348416
6/14/2005,8.5799904
6/15/2005,8.0986048
6/16/2005,7.503952
6/17/2005,6.9942496
6/18/2005,6.512864
6/19/2005,6.2013792
6/20/2005,5.9182112
6/21/2005,5.66336
6/22/2005,5.5784096
6/23/2005,5.2952416
6/24/2005,5.1253408
6/25/2005,4.9271232
6/26/2005,4.8704896
6/27/2005,4.530688
6/28/2005,4.3041536
6/29/2005,4.1625696
6/30/2005,3.9926688
7/1/2005,3.9077184
7/2/2005,3.8510848
7/3/2005,3.7944512
7/4/2005,3.964352
7/5/2005,3.964352
7/6/2005,4.0776192
7/7/2005,5.9182112
7/8/2005,4.672272
7/9/2005,4.2758368
7/10/2005,4.7005888
7/11/2005,7.3906848
7/12/2005,8.919792
7/13/2005,5.5784096
7/14/2005,6.1730624
7/15/2005,17.1882976
7/16/2005,18.9439392
7/17/2005,15.4892896
7/18/2005,15.0928544
7/19/2005,14.0451328
7/20/2005,11.4399872
7/21/2005,9.1746432
7/22/2005,7.9003872
7/23/2005,7.9003872
7/24/2005,7.5889024
7/25/2005,7.4756352
7/26/2005,6.6261312
7/27/2005,5.6916768
7/28/2005,5.4085088
7/29/2005,5.5784096
7/30/2005,5.4085088
7/31/2005,4.9837568
8/1/2005,4.5873216
8/2/2005,4.2758368
8/3/2005,3.9926688
8/4/2005,3.9360352
8/5/2005,4.0776192
8/6/2005,4.530688
8/7/2005,4.2192032
8/8/2005,3.8794016
8/9/2005,4.6156384
8/10/2005,9.91088
8/11/2005,16.6219616
8/12/2005,14.8380032
8/13/2005,12.6576096
8/14/2005,10.194048
8/15/2005,10.3073152
8/16/2005,10.5338496
8/17/2005,10.0241472
8/18/2005,9.3162272
8/19/2005,11.043552
8/20/2005,11.609888
8/21/2005,10.5904832
8/22/2005,9.0896928
8/23/2005,8.3251392
8/24/2005,6.9092992
8/25/2005,6.0597952
8/26/2005,5.3235584
8/27/2005,4.6439552
8/28/2005,4.6439552
8/29/2005,4.3324704
8/30/2005,4.24752
8/31/2005,3.9077184
9/1/2005,3.6528672
9/2/2005,3.5112832
9/3/2005,3.6528672
9/4/2005,4.0776192
9/5/2005,4.389104
9/6/2005,4.4174208
9/7/2005,4.1908864
9/8/2005,3.822768
9/9/2005,3.4546496
9/10/2005,3.1997984
9/11/2005,3.0298976
9/12/2005,2.8599968
9/13/2005,2.76938304
9/14/2005,2.72407616
9/15/2005,2.71558112
9/16/2005,2.61647232
9/17/2005,2.51170016
9/18/2005,2.41259136
9/19/2005,2.41259136
9/20/2005,2.40975968
9/21/2005,2.40975968
9/22/2005,2.39843296
9/23/2005,2.35595776
9/24/2005,56.916768
9/25/2005,80.986048
9/26/2005,47.572224
9/27/2005,34.829664
9/28/2005,23.5312608
9/29/2005,18.9156224
9/30/2005,14.9512704
10/1/2005,11.9213728
10/2/2005,10.3922656
10/3/2005,9.344544
10/4/2005,8.3817728
10/5/2005,7.5322688
10/6/2005,6.8243488
10/7/2005,6.2013792
10/8/2005,5.7199936
10/9/2005,5.4934592
10/10/2005,5.2952416
10/11/2005,5.1253408
10/12/2005,4.9271232
10/13/2005,4.7572224
10/14/2005,4.5873216
10/15/2005,4.4457376
10/16/2005,4.3324704
10/17/2005,4.2192032
10/18/2005,4.105936
10/19/2005,3.964352
10/20/2005,3.9077184
10/21/2005,3.8794016
10/22/2005,3.822768
10/23/2005,3.7661344
10/24/2005,3.6528672
10/25/2005,3.5962336
10/26/2005,3.5679168
10/27/2005,3.398016
10/28/2005,3.3130656
10/29/2005,3.3130656
10/30/2005,3.3413824
10/31/2005,3.5112832
11/1/2005,4.3607872
11/2/2005,4.2758368
11/3/2005,4.1342528
11/4/2005,4.2192032
11/5/2005,4.4174208
11/6/2005,4.5590048
11/7/2005,4.7289056
11/8/2005,5.0403904
11/9/2005,5.2102912
11/10/2005,5.097024
11/11/2005,4.813856
11/12/2005,4.6156384
11/13/2005,4.530688
11/14/2005,4.6156384
11/15/2005,4.6156384
11/16/2005,4.4457376
11/17/2005,4.4174208
11/18/2005,4.389104
11/19/2005,4.4740544
11/20/2005,4.530688
11/21/2005,4.530688
11/22/2005,4.5023712
11/23/2005,4.530688
11/24/2005,4.5023712
11/25/2005,4.5023712
11/26/2005,6.1447456
11/27/2005,11.0152352
11/28/2005,7.0792
11/29/2005,6.088112
11/30/2005,5.6916768
12/1/2005,5.6067264
12/2/2005,5.4934592
12/3/2005,5.4368256
12/4/2005,5.4085088
12/5/2005,5.2102912
12/6/2005,5.1253408
12/7/2005,5.2669248
12/8/2005,5.4085088
12/9/2005,5.4934592
12/10/2005,5.5784096
12/11/2005,5.5784096
12/12/2005,5.66336
12/13/2005,5.7766272
12/14/2005,6.4562304
12/15/2005,10.3922656
12/16/2005,9.3162272
12/17/2005,9.3162272
12/18/2005,9.4578112
12/19/2005,8.8631584
12/20/2005,8.1552384
12/21/2005,7.7021696
12/22/2005,7.4473184
12/23/2005,7.220784
12/24/2005,7.0225664
12/25/2005,6.7110816
12/26/2005,6.5694976
12/27/2005,6.5978144
12/28/2005,6.5694976
12/29/2005,6.5411808
12/30/2005,6.5411808
12/31/2005,6.512864
1/1/2006,6.5411808
1/2/2006,6.4845472
1/3/2006,6.37128
1/4/2006,6.3429632
1/5/2006,6.3146464
1/6/2006,6.2580128
1/7/2006,6.1730624
1/8/2006,6.1730624
1/9/2006,6.1730624
1/10/2006,6.5694976
1/11/2006,6.7677152
1/12/2006,6.4279136
1/13/2006,6.3429632
1/14/2006,6.2013792
1/15/2006,6.0597952
1/16/2006,6.229696
1/17/2006,11.4116704
1/18/2006,10.477216
1/19/2006,9.8259296
1/20/2006,11.0152352
1/21/2006,11.1001856
1/22/2006,10.477216
1/23/2006,20.5013632
1/24/2006,34.263328
1/25/2006,40.209856
1/26/2006,36.528672
1/27/2006,33.413824
1/28/2006,29.73264
1/29/2006,31.997984
1/30/2006,31.714816
1/31/2006,31.14848
2/1/2006,31.431648
2/2/2006,127.4256
2/3/2006,150.362208
2/4/2006,147.24736
2/5/2006,95.993952
2/6/2006,66.54448
2/7/2006,54.085088
2/8/2006,41.625696
2/9/2006,30.298976
2/10/2006,34.829664
2/11/2006,98.259296
2/12/2006,120.629568
2/13/2006,119.213728
2/14/2006,88.348416
2/15/2006,71.075168
2/16/2006,58.615776
2/17/2006,46.72272
2/18/2006,35.962336
2/19/2006,28.3168
2/20/2006,23.7011616
2/21/2006,21.0110656
2/22/2006,19.4819584
2/23/2006,19.9350272
2/24/2006,17.9245344
2/25/2006,19.0005728
2/26/2006,30.015808
2/27/2006,43.607872
2/28/2006,46.156384
3/1/2006,39.926688
3/2/2006,33.130656
3/3/2006,27.9486816
3/4/2006,24.635616
3/5/2006,22.2003712
3/6/2006,19.963344
3/7/2006,17.9245344
3/8/2006,16.0556256
3/9/2006,14.9512704
3/10/2006,15.6025568
3/11/2006,15.4609728
3/12/2006,15.0362208
3/13/2006,14.4982016
3/14/2006,13.7619648
3/15/2006,12.74256
3/16/2006,11.9780064
3/17/2006,11.468304
3/18/2006,10.901968
3/19/2006,10.335632
3/20/2006,27.8070976
3/21/2006,71.075168
3/22/2006,70.508832
3/23/2006,60.88112
3/24/2006,59.46528
3/25/2006,59.748448
3/26/2006,59.46528
3/27/2006,56.916768
3/28/2006,50.687072
3/29/2006,45.873216
3/30/2006,49.5544
3/31/2006,56.916768
4/1/2006,55.500928
4/2/2006,58.04944
4/3/2006,56.6336
4/4/2006,53.235584
4/5/2006,48.421728
4/6/2006,41.625696
4/7/2006,33.413824
4/8/2006,26.7310592
4/9/2006,21.6057184
4/10/2006,18.0661184
4/11/2006,15.57424
4/12/2006,13.875232
4/13/2006,12.6292928
4/14/2006,11.6665216
4/15/2006,10.7887008
4/16/2006,10.052464
4/17/2006,9.3728608
4/18/2006,8.8348416
4/19/2006,8.353456
4/20/2006,7.9003872
4/21/2006,7.5889024
4/22/2006,7.2774176
4/23/2006,7.0508832
4/24/2006,10.2506816
4/25/2006,19.0288896
4/26/2006,22.7383904
4/27/2006,19.9350272
4/28/2006,15.3760224
4/29/2006,15.9706752
4/30/2006,20.954432
5/1/2006,18.5191872
5/2/2006,14.6681024
5/3/2006,16.6785952
5/4/2006,20.4730464
5/5/2006,18.8589888
5/6/2006,15.8290912
5/7/2006,13.875232
5/8/2006,12.6292928
5/9/2006,11.6665216
5/10/2006,11.6948384
5/11/2006,12.884144
5/12/2006,13.592064
5/13/2006,13.3372128
5/14/2006,12.9407776
5/15/2006,12.2045408
5/16/2006,11.043552
5/17/2006,9.6843456
5/18/2006,8.49504
5/19/2006,7.78712
5/20/2006,7.4190016
5/21/2006,7.5605856
5/22/2006,8.1835552
5/23/2006,8.4100896
5/24/2006,7.8154368
5/25/2006,6.937616
5/26/2006,6.0597952
5/27/2006,5.2952416
5/28/2006,4.7005888
5/29/2006,4.3324704
5/30/2006,4.105936
5/31/2006,3.8794016
6/1/2006,3.6528672
6/2/2006,3.5112832
6/3/2006,3.5112832
6/4/2006,3.4829664
6/5/2006,3.5962336
6/6/2006,3.5679168
6/7/2006,3.5962336
6/8/2006,3.6528672
6/9/2006,3.5679168
6/10/2006,3.3696992
6/11/2006,3.1714816
6/12/2006,2.973264
6/13/2006,2.70708608
6/14/2006,2.4494032
6/15/2006,2.27383904
6/16/2006,2.27100736
6/17/2006,2.21437376
6/18/2006,3.3413824
6/19/2006,6.6827648
6/20/2006,11.32672
6/21/2006,9.2879104
6/22/2006,9.2312768
6/23/2006,8.1835552
6/24/2006,6.3146464
6/25/2006,5.8898944
6/26/2006,5.9748448
6/27/2006,5.804944
6/28/2006,5.238608
6/29/2006,4.95544
6/30/2006,4.95544
7/1/2006,4.5873216
7/2/2006,4.24752
7/3/2006,3.9360352
7/4/2006,3.7944512
7/5/2006,5.9182112
7/6/2006,12.6859264
7/7/2006,8.2685056
7/8/2006,7.2491008
7/9/2006,6.4845472
7/10/2006,5.521776
7/11/2006,4.9837568
7/12/2006,4.5023712
7/13/2006,4.105936
7/14/2006,3.8794016
7/15/2006,3.5396
7/16/2006,3.1714816
7/17/2006,2.8599968
7/18/2006,3.0015808
7/19/2006,3.1714816
7/20/2006,2.65894752
7/21/2006,2.3644528
7/22/2006,2.22003712
7/23/2006,2.11243328
7/24/2006,2.0104928
7/25/2006,1.9397008
7/26/2006,5.4368256
7/27/2006,126.292928
7/28/2006,63.429632
7/29/2006,16.4520608
7/30/2006,7.5605856
7/31/2006,6.937616
8/1/2006,6.8526656
8/2/2006,5.7199936
8/3/2006,4.5873216
8/4/2006,3.7944512
8/5/2006,3.256432
8/6/2006,2.83168
8/7/2006,2.59381888
8/8/2006,2.41825472
8/9/2006,2.28799744
8/10/2006,2.18322528
8/11/2006,2.13508672
8/12/2006,2.3786112
8/13/2006,2.82884832
8/14/2006,2.74956128
8/15/2006,2.45789824
8/16/2006,2.25684896
8/17/2006,2.14924512
8/18/2006,2.052968
8/19/2006,1.9397008
8/20/2006,1.82926528
8/21/2006,1.72449312
8/22/2006,1.699008
8/23/2006,2.08694816
8/24/2006,2.23419552
8/25/2006,2.03314624
8/26/2006,2.03314624
8/27/2006,3.5112832
8/28/2006,2.46072992
8/29/2006,2.27383904
8/30/2006,2.27383904
8/31/2006,2.265344
9/1/2006,2.17756192
9/2/2006,1.96518592
9/3/2006,1.73015648
9/4/2006,1.5857408
9/5/2006,1.48380032
9/6/2006,1.42150336
9/7/2006,1.3592064
9/8/2006,1.29407776
9/9/2006,1.2600976
9/10/2006,1.22328576
9/11/2006,1.26292928
9/12/2006,1.27142432
9/13/2006,1.41584
9/14/2006,1.4583152
9/15/2006,1.35354304
9/16/2006,1.41584
9/17/2006,1.36770144
9/18/2006,1.37053312
9/19/2006,1.38185984
9/20/2006,1.39035488
9/21/2006,1.77263168
9/22/2006,2.70142272
9/23/2006,3.4829664
9/24/2006,5.4651424
9/25/2006,5.1819744
9/26/2006,4.105936
9/27/2006,3.5679168
9/28/2006,3.1997984
9/29/2006,2.49471008
9/30/2006,2.03597792
10/1/2006,1.80661184
10/2/2006,1.67635456
10/3/2006,1.6140576
10/4/2006,1.56875072
10/5/2006,1.50928544
10/6/2006,1.43566176
10/7/2006,1.36203808
10/8/2006,1.32522624
10/9/2006,1.30540448
10/10/2006,2.06146304
10/11/2006,6.6827648
10/12/2006,4.4174208
10/13/2006,5.4368256
10/14/2006,6.7677152
10/15/2006,7.220784
10/16/2006,245.223488
10/17/2006,509.7024
10/18/2006,453.0688
10/19/2006,421.92032
10/20/2006,376.61344
10/21/2006,302.98976
10/22/2006,199.067104
10/23/2006,83.817728
10/24/2006,50.687072
10/25/2006,35.679168
10/26/2006,56.6336
10/27/2006,179.81168
10/28/2006,229.649248
10/29/2006,221.720544
10/30/2006,201.898784
10/31/2006,181.793856
11/1/2006,173.581984
11/2/2006,170.183968
11/3/2006,163.954272
11/4/2006,147.24736
11/5/2006,98.825632
11/6/2006,62.013792
11/7/2006,71.358336
11/8/2006,60.314784
11/9/2006,52.952416
11/10/2006,54.934592
11/11/2006,64.845472
11/12/2006,72.491008
11/13/2006,70.792
11/14/2006,61.730624
11/15/2006,44.740544
11/16/2006,30.582144
11/17/2006,22.9082912
11/18/2006,18.3492864
11/19/2006,15.5176064
11/20/2006,13.5637472
11/21/2006,12.2045408
11/22/2006,11.2134528
11/23/2006,10.5055328
11/24/2006,9.9958304
11/25/2006,9.5993952
11/26/2006,9.344544
11/27/2006,9.0896928
11/28/2006,8.9481088
11/29/2006,8.919792
11/30/2006,8.7215744
12/1/2006,8.3817728
12/2/2006,8.353456
12/3/2006,8.6932576
12/4/2006,9.3728608
12/5/2006,9.8259296
12/6/2006,10.0807808
12/7/2006,10.335632
12/8/2006,10.3639488
12/9/2006,10.194048
12/10/2006,9.9675136
12/11/2006,11.043552
12/12/2006,35.679168
12/13/2006,32.56432
12/14/2006,23.6728448
12/15/2006,18.6041376
12/16/2006,16.3954272
12/17/2006,15.3193888
12/18/2006,14.6114688
12/19/2006,13.8185984
12/20/2006,13.6203808
12/21/2006,23.8710624
12/22/2006,35.679168
12/23/2006,33.413824
12/24/2006,38.510848
12/25/2006,90.61376
12/26/2006,76.172192
12/27/2006,60.031616
12/28/2006,44.740544
12/29/2006,44.174208
12/30/2006,238.427456
12/31/2006,268.726432
1/1/2007,249.18784
1/2/2007,216.906688
1/3/2007,150.645376
1/4/2007,125.443424
1/5/2007,154.32656
1/6/2007,154.609728
1/7/2007,138.75232
1/8/2007,118.93056
1/9/2007,110.43552
1/10/2007,105.338496
1/11/2007,103.35632
1/12/2007,103.639488
1/13/2007,104.488992
1/14/2007,164.23744
1/15/2007,262.496736
1/16/2007,356.79168
1/17/2007,484.21728
1/18/2007,574.83104
1/19/2007,588.98944
1/20/2007,566.336
1/21/2007,535.18752
1/22/2007,504.03904
1/23/2007,464.39552
1/24/2007,419.08864
1/25/2007,373.78176
1/26/2007,334.13824
1/27/2007,297.3264
1/28/2007,267.876928
1/29/2007,237.86112
1/30/2007,213.225504
1/31/2007,194.819584
2/1/2007,179.245344
2/2/2007,170.183968
2/3/2007,165.936448
2/4/2007,163.387936
2/5/2007,160.839424
2/6/2007,156.308736
2/7/2007,149.795872
2/8/2007,141.584
2/9/2007,133.08896
2/10/2007,122.611744
2/11/2007,111.285024
2/12/2007,117.231552
2/13/2007,214.924512
2/14/2007,206.995808
2/15/2007,198.783936
2/16/2007,172.449312
2/17/2007,141.584
2/18/2007,139.318656
2/19/2007,124.310752
2/20/2007,108.453344
2/21/2007,90.61376
2/22/2007,72.491008
2/23/2007,60.031616
2/24/2007,54.368256
2/25/2007,52.952416
2/26/2007,52.102912
2/27/2007,49.271232
2/28/2007,45.590048
3/1/2007,42.192032
3/2/2007,39.64352
3/3/2007,36.81184
3/4/2007,34.546496
3/5/2007,32.56432
3/6/2007,30.865312
3/7/2007,29.73264
3/8/2007,28.599968
3/9/2007,27.6371968
3/10/2007,26.90096
3/11/2007,26.1080896
3/12/2007,25.5134368
3/13/2007,25.1736352
3/14/2007,29.449472
3/15/2007,59.182112
3/16/2007,100.807808
3/17/2007,106.188
3/18/2007,94.011776
3/19/2007,81.269216
3/20/2007,70.508832
3/21/2007,65.411808
3/22/2007,64.279136
3/23/2007,61.164288
3/24/2007,57.483104
3/25/2007,54.934592
3/26/2007,53.235584
3/27/2007,54.651424
3/28/2007,59.748448
3/29/2007,65.12864
3/30/2007,67.393984
3/31/2007,73.62368
4/1/2007,78.437536
4/2/2007,78.437536
4/3/2007,82.11872
4/4/2007,74.473184
4/5/2007,64.279136
4/6/2007,58.898944
4/7/2007,56.350432
4/8/2007,56.067264
4/9/2007,56.916768
4/10/2007,58.615776
4/11/2007,60.031616
4/12/2007,59.748448
4/13/2007,58.332608
4/14/2007,56.067264
4/15/2007,54.085088
4/16/2007,53.235584
4/17/2007,51.819744
4/18/2007,49.5544
4/19/2007,45.023712
4/20/2007,39.926688
4/21/2007,35.962336
4/22/2007,32.56432
4/23/2007,29.73264
4/24/2007,27.042544
4/25/2007,27.9769984
4/26/2007,34.546496
4/27/2007,36.245504
4/28/2007,31.997984
4/29/2007,29.449472
4/30/2007,28.599968
5/1/2007,29.449472
5/2/2007,31.431648
5/3/2007,43.324704
5/4/2007,98.259296
5/5/2007,86.649408
5/6/2007,80.136544
5/7/2007,81.552384
5/8/2007,85.516736
5/9/2007,103.639488
5/10/2007,127.4256
5/11/2007,130.823616
5/12/2007,119.213728
5/13/2007,112.417696
5/14/2007,107.320672
5/15/2007,107.037504
5/16/2007,105.055328
5/17/2007,104.77216
5/18/2007,104.77216
5/19/2007,105.055328
5/20/2007,105.338496
5/21/2007,106.471168
5/22/2007,107.60384
5/23/2007,109.586016
5/24/2007,112.984032
5/25/2007,114.966208
5/26/2007,112.984032
5/27/2007,109.302848
5/28/2007,105.338496
5/29/2007,103.922656
5/30/2007,103.35632
5/31/2007,103.073152
6/1/2007,96.843456
6/2/2007,87.215744
6/3/2007,78.720704
6/4/2007,71.358336
6/5/2007,67.677152
6/6/2007,67.110816
6/7/2007,67.677152
6/8/2007,65.694976
6/9/2007,60.88112
6/10/2007,60.597952
6/11/2007,74.756352
6/12/2007,62.580128
6/13/2007,59.46528
6/14/2007,63.146464
6/15/2007,112.984032
6/16/2007,119.213728
6/17/2007,112.984032
6/18/2007,104.488992
6/19/2007,91.463264
6/20/2007,105.338496
6/21/2007,92.595936
6/22/2007,82.685056
6/23/2007,78.720704
6/24/2007,75.889024
6/25/2007,73.906848
6/26/2007,77.021696
6/27/2007,84.9504
6/28/2007,89.481088
6/29/2007,92.879104
6/30/2007,92.595936
7/1/2007,88.065248
7/2/2007,82.401888
7/3/2007,79.570208
7/4/2007,81.835552
7/5/2007,88.348416
7/6/2007,104.205824
7/7/2007,122.611744
7/8/2007,139.884992
7/9/2007,178.112672
7/10/2007,192.837408
7/11/2007,208.977984
7/12/2007,219.172032
7/13/2007,222.853216
7/14/2007,224.269056
7/15/2007,252.869024
7/16/2007,331.30656
7/17/2007,419.08864
7/18/2007,487.04896
7/19/2007,521.02912
7/20/2007,546.51424
7/21/2007,574.83104
7/22/2007,583.32608
7/23/2007,566.336
7/24/2007,535.18752
7/25/2007,498.37568
7/26/2007,450.23712
7/27/2007,399.26688
7/28/2007,348.29664
7/29/2007,302.98976
7/30/2007,267.876928
7/31/2007,235.878944
8/1/2007,232.480928
8/2/2007,265.045248
8/3/2007,245.506656
8/4/2007,222.28688
8/5/2007,203.314624
8/6/2007,188.589888
8/7/2007,172.449312
8/8/2007,151.778048
8/9/2007,128.275104
8/10/2007,106.471168
8/11/2007,90.61376
8/12/2007,82.968224
8/13/2007,80.419712
8/14/2007,80.419712
8/15/2007,80.70288
8/16/2007,79.003872
8/17/2007,73.62368
8/18/2007,63.146464
8/19/2007,53.518752
8/20/2007,44.174208
8/21/2007,35.679168
8/22/2007,30.298976
8/23/2007,26.1080896
8/24/2007,23.0498752
8/25/2007,20.0199776
8/26/2007,17.3581984
8/27/2007,15.2344384
8/28/2007,13.6203808
8/29/2007,12.884144
8/30/2007,12.4877088
8/31/2007,11.9780064
9/1/2007,11.8081056
9/2/2007,11.2417696
9/3/2007,11.468304
9/4/2007,12.2328576
9/5/2007,13.6203808
9/6/2007,14.0734496
9/7/2007,14.4982016
9/8/2007,13.875232
9/9/2007,13.9601824
9/10/2007,14.583152
9/11/2007,14.3849344
9/12/2007,13.6770144
9/13/2007,13.025728
9/14/2007,12.459392
9/15/2007,11.8364224
9/16/2007,11.7231552
9/17/2007,11.468304
9/18/2007,10.8453344
9/19/2007,10.1657312
9/20/2007,9.5144448
9/21/2007,8.8914752
9/22/2007,8.2401888
9/23/2007,7.7021696
9/24/2007,7.220784
9/25/2007,6.9092992
9/26/2007,6.5411808
9/27/2007,6.4562304
9/28/2007,6.0314784
9/29/2007,5.8332608
9/30/2007,5.66336
10/1/2007,5.5500928
10/2/2007,5.4934592
10/3/2007,5.4368256
10/4/2007,5.3235584
10/5/2007,5.1819744
10/6/2007,5.1819744
10/7/2007,5.5500928
10/8/2007,5.5500928
10/9/2007,5.238608
10/10/2007,5.0687072
10/11/2007,4.8704896
10/12/2007,4.7572224
10/13/2007,4.7005888
10/14/2007,4.6439552
10/15/2007,4.8704896
10/16/2007,5.7766272
10/17/2007,6.0031616
10/18/2007,6.1164288
10/19/2007,5.9748448
10/20/2007,5.9182112
10/21/2007,5.9182112
10/22/2007,6.2863296
10/23/2007,6.9092992
10/24/2007,7.1358336
10/25/2007,7.1641504
10/26/2007,7.1358336
10/27/2007,6.6261312
10/28/2007,6.2013792
10/29/2007,6.0314784
10/30/2007,5.946528
10/31/2007,6.0031616
11/1/2007,6.1447456
11/2/2007,6.2013792
11/3/2007,6.0314784
11/4/2007,5.7766272
11/5/2007,5.521776
11/6/2007,5.2102912
11/7/2007,5.0403904
11/8/2007,5.0120736
11/9/2007,4.95544
11/10/2007,4.8704896
11/11/2007,4.813856
11/12/2007,4.813856
11/13/2007,4.813856
11/14/2007,4.7572224
11/15/2007,4.6439552
11/16/2007,4.6156384
11/17/2007,4.7572224
11/18/2007,9.20296
11/19/2007,8.7215744
11/20/2007,8.4667232
11/21/2007,7.8720704
11/22/2007,7.4190016
11/23/2007,7.0792
11/24/2007,7.362368
11/25/2007,13.8469152
11/26/2007,33.696992
11/27/2007,41.342528
11/28/2007,35.679168
11/29/2007,30.298976
11/30/2007,25.8249216
12/1/2007,22.3419552
12/2/2007,18.7740384
12/3/2007,15.9706752
12/4/2007,14.299984
12/5/2007,13.025728
12/6/2007,11.893056
12/7/2007,10.9586016
12/8/2007,9.9958304
12/9/2007,9.2312768
12/10/2007,8.7215744
12/11/2007,8.4384064
12/12/2007,8.3817728
12/13/2007,8.919792
12/14/2007,8.8914752
12/15/2007,14.583152
12/16/2007,38.794016
12/17/2007,70.792
12/18/2007,62.863296
12/19/2007,53.518752
12/20/2007,56.916768
12/21/2007,75.605856
12/22/2007,93.44544
12/23/2007,77.304864
12/24/2007,63.7128
12/25/2007,50.687072
12/26/2007,39.926688
12/27/2007,34.263328
12/28/2007,32.56432
12/29/2007,31.714816
12/30/2007,29.73264
12/31/2007,28.0902656
1/1/2008,26.3063072
1/2/2008,24.1259136
1/3/2008,21.9738368
1/4/2008,20.1898784
1/5/2008,18.547504
1/6/2008,17.0183968
1/7/2008,15.7441408
1/8/2008,14.9512704
1/9/2008,14.3849344
1/10/2008,14.016816
1/11/2008,13.8469152
1/12/2008,13.45048
1/13/2008,13.3655296
1/14/2008,13.2805792
1/15/2008,13.3655296
1/16/2008,14.5265184
1/17/2008,16.5936448
1/18/2008,16.8201792
1/19/2008,24.8055168
1/20/2008,41.342528
1/21/2008,42.758368
1/22/2008,37.095008
1/23/2008,37.095008
1/24/2008,39.360352
1/25/2008,41.908864
1/26/2008,51.253408
1/27/2008,65.978144
1/28/2008,57.483104
1/29/2008,45.30688
1/30/2008,38.794016
1/31/2008,40.209856
2/1/2008,66.261312
2/2/2008,74.756352
2/3/2008,63.995968
2/4/2008,55.500928
2/5/2008,48.421728
2/6/2008,41.625696
2/7/2008,35.679168
2/8/2008,30.865312
2/9/2008,27.0142272
2/10/2008,24.1825472
2/11/2008,22.228688
2/12/2008,25.4568032
2/13/2008,62.863296
2/14/2008,83.251392
2/15/2008,73.340512
2/16/2008,116.09888
2/17/2008,231.348256
2/18/2008,274.956128
2/19/2008,291.66304
2/20/2008,302.98976
2/21/2008,331.30656
2/22/2008,362.45504
2/23/2008,379.44512
2/24/2008,373.78176
2/25/2008,342.63328
2/26/2008,302.98976
2/27/2008,256.833376
2/28/2008,205.2968
2/29/2008,150.362208
3/1/2008,112.417696
3/2/2008,89.19792
3/3/2008,75.889024
3/4/2008,74.190016
3/5/2008,75.889024
3/6/2008,76.738528
3/7/2008,82.968224
3/8/2008,95.993952
3/9/2008,103.922656
3/10/2008,106.754336
3/11/2008,127.142432
3/12/2008,148.096864
3/13/2008,156.308736
3/14/2008,161.40576
3/15/2008,167.06912
3/16/2008,167.918624
3/17/2008,162.538432
3/18/2008,154.609728
3/19/2008,145.265184
3/20/2008,131.956288
3/21/2008,118.647392
3/22/2008,110.718688
3/23/2008,106.754336
3/24/2008,101.94048
3/25/2008,96.843456
3/26/2008,93.162272
3/27/2008,90.896928
3/28/2008,89.764256
3/29/2008,89.481088
3/30/2008,89.481088
3/31/2008,92.312768
4/1/2008,93.728608
4/2/2008,97.69296
4/3/2008,100.241472
4/4/2008,97.126624
4/5/2008,117.231552
4/6/2008,142.716672
4/7/2008,156.025568
4/8/2008,158.007744
4/9/2008,162.255264
4/10/2008,163.671104
4/11/2008,160.556256
4/12/2008,151.49488
4/13/2008,137.33648
4/14/2008,116.665216
4/15/2008,92.879104
4/16/2008,75.605856
4/17/2008,65.12864
4/18/2008,65.411808
4/19/2008,69.942496
4/20/2008,62.863296
4/21/2008,59.748448
4/22/2008,57.483104
4/23/2008,56.350432
4/24/2008,55.21776
4/25/2008,54.651424
4/26/2008,53.80192
4/27/2008,52.102912
4/28/2008,49.271232
4/29/2008,46.156384
4/30/2008,43.324704
5/1/2008,40.776192
5/2/2008,38.22768
5/3/2008,35.962336
5/4/2008,33.696992
5/5/2008,31.714816
5/6/2008,29.73264
5/7/2008,27.4106624
5/8/2008,24.6922496
5/9/2008,22.65344
5/10/2008,22.228688
5/11/2008,22.6251232
5/12/2008,23.3047264
5/13/2008,23.5878944
5/14/2008,23.4463104
5/15/2008,34.263328
5/16/2008,42.758368
5/17/2008,44.457376
5/18/2008,46.439552
5/19/2008,50.687072
5/20/2008,53.235584
5/21/2008,51.819744
5/22/2008,47.572224
5/23/2008,42.758368
5/24/2008,39.926688
5/25/2008,39.360352
5/26/2008,40.776192
5/27/2008,42.758368
5/28/2008,45.023712
5/29/2008,47.289056
5/30/2008,49.5544
5/31/2008,51.536576
6/1/2008,53.235584
6/2/2008,54.368256
6/3/2008,54.085088
6/4/2008,51.536576
6/5/2008,46.72272
6/6/2008,41.342528
6/7/2008,36.81184
6/8/2008,33.413824
6/9/2008,30.015808
6/10/2008,27.325712
6/11/2008,24.9471008
6/12/2008,24.8621504
6/13/2008,25.7116544
6/14/2008,26.2213568
6/15/2008,23.2764096
6/16/2008,19.0288896
6/17/2008,16.28216
6/18/2008,16.3387936
6/19/2008,15.2344384
6/20/2008,13.6486976
6/21/2008,13.0823616
6/22/2008,14.016816
6/23/2008,13.6486976
6/24/2008,12.2611744
6/25/2008,11.0152352
6/26/2008,10.2506816
6/27/2008,9.6843456
6/28/2008,9.4294944
6/29/2008,9.4578112
6/30/2008,9.3728608
7/1/2008,8.8065248
7/2/2008,8.0136544
7/3/2008,7.4473184
7/4/2008,6.796032
7/5/2008,6.3995968
7/6/2008,6.0597952
7/7/2008,6.1730624
7/8/2008,7.928704
7/9/2008,9.5993952
7/10/2008,10.6188
7/11/2008,10.760384
7/12/2008,10.6471168
7/13/2008,10.3073152
7/14/2008,9.8542464
7/15/2008,9.1746432
7/16/2008,8.49504
7/17/2008,8.7498912
7/18/2008,8.5233568
7/19/2008,7.503952
7/20/2008,6.512864
7/21/2008,5.7766272
7/22/2008,5.1536576
7/23/2008,4.6156384
7/24/2008,4.3041536
7/25/2008,3.9077184
7/26/2008,3.4829664
7/27/2008,3.256432
7/28/2008,3.0298976
7/29/2008,2.78637312
7/30/2008,2.60797728
7/31/2008,2.44373984
8/1/2008,2.34179936
8/2/2008,2.194552
8/3/2008,2.13225504
8/4/2008,2.1803936
8/5/2008,2.10393824
8/6/2008,2.30498752
8/7/2008,2.3644528
8/8/2008,2.46639328
8/9/2008,2.548512
8/10/2008,2.67310592
8/11/2008,2.52302688
8/12/2008,2.61647232
8/13/2008,2.9166304
8/14/2008,3.114848
8/15/2008,3.822768
8/16/2008,9.2595936
8/17/2008,18.5758208
8/18/2008,21.1526496
8/19/2008,20.104928
8/20/2008,18.547504
8/21/2008,21.7756192
8/22/2008,30.582144
8/23/2008,38.794016
8/24/2008,39.360352
8/25/2008,41.05936
8/26/2008,43.89104
8/27/2008,41.05936
8/28/2008,34.829664
8/29/2008,28.1468992
8/30/2008,21.8605696
8/31/2008,18.7174048
9/1/2008,17.3865152
9/2/2008,16.848496
9/3/2008,15.8857248
9/4/2008,14.3566176
9/5/2008,13.025728
9/6/2008,12.0629568
9/7/2008,11.2134528
9/8/2008,10.6471168
9/9/2008,10.3639488
9/10/2008,10.1090976
9/11/2008,9.5427616
9/12/2008,8.4667232
9/13/2008,11.3833536
9/14/2008,36.245504
9/15/2008,31.14848
9/16/2008,21.803936
9/17/2008,20.7562144
9/18/2008,24.6922496
9/19/2008,26.9575936
9/20/2008,27.9203648
9/21/2008,28.599968
9/22/2008,29.166304
9/23/2008,29.166304
9/24/2008,29.166304
9/25/2008,29.449472
9/26/2008,30.015808
9/27/2008,30.865312
9/28/2008,31.997984
9/29/2008,33.413824
9/30/2008,34.546496
10/1/2008,35.679168
10/2/2008,36.245504
10/3/2008,36.528672
10/4/2008,35.679168
10/5/2008,33.413824
10/6/2008,29.73264
10/7/2008,24.7488832
10/8/2008,20.3597792
10/9/2008,16.28216
10/10/2008,13.8185984
10/11/2008,12.0063232
10/12/2008,10.5904832
10/13/2008,9.4578112
10/14/2008,8.6932576
10/15/2008,9.0330592
10/16/2008,10.760384
10/17/2008,12.459392
10/18/2008,14.299984
10/19/2008,15.7724576
10/20/2008,16.6219616
10/21/2008,19.1987904
10/22/2008,22.3136384
10/23/2008,25.768288
10/24/2008,26.6461088
10/25/2008,25.6833376
10/26/2008,24.7205664
10/27/2008,23.7011616
10/28/2008,22.087104
10/29/2008,20.246512
10/30/2008,18.3776032
10/31/2008,16.8768128
11/1/2008,15.6591904
11/2/2008,14.299984
11/3/2008,12.9690944
11/4/2008,12.1195904
11/5/2008,11.2984032
11/6/2008,10.335632
11/7/2008,9.20296
11/8/2008,8.1552384
11/9/2008,7.4190016
11/10/2008,6.9659328
11/11/2008,6.9092992
11/12/2008,28.3168
11/13/2008,36.245504
11/14/2008,21.7473024
11/15/2008,16.6785952
11/16/2008,14.8096864
11/17/2008,14.1867168
11/18/2008,14.441568
11/19/2008,15.3760224
11/20/2008,16.9617632
11/21/2008,18.5191872
11/22/2008,20.1898784
11/23/2008,21.8888864
11/24/2008,23.4746272
11/25/2008,24.8904672
11/26/2008,26.19304
11/27/2008,27.0991776
11/28/2008,27.6371968
11/29/2008,27.7221472
11/30/2008,27.6655136
12/1/2008,27.2124448
12/2/2008,26.334624
12/3/2008,25.3718528
12/4/2008,24.635616
12/5/2008,24.4090816
12/6/2008,24.2391808
12/7/2008,23.786112
12/8/2008,23.5312608
12/9/2008,24.1542304
12/10/2008,28.883136
12/11/2008,27.7221472
12/12/2008,28.2318496
12/13/2008,28.3168
12/14/2008,27.6371968
12/15/2008,25.5983872
12/16/2008,23.7011616
12/17/2008,23.219776
12/18/2008,24.0975968
12/19/2008,25.2585856
12/20/2008,25.909872
12/21/2008,25.8532384
12/22/2008,25.1736352
12/23/2008,24.4373984
12/24/2008,25.48512
12/25/2008,28.175216
12/26/2008,27.7221472
12/27/2008,26.2779904
12/28/2008,27.750464
12/29/2008,27.7221472
12/30/2008,25.909872
12/31/2008,24.210864
1/1/2009,22.3136384
1/2/2009,20.7845312
1/3/2009,19.7368096
1/4/2009,19.11384
1/5/2009,19.0288896
1/6/2009,20.671264
1/7/2009,28.2318496
1/8/2009,31.431648
1/9/2009,31.997984
1/10/2009,30.865312
1/11/2009,29.73264
1/12/2009,29.166304
1/13/2009,28.2884832
1/14/2009,27.325712
1/15/2009,26.2496736
1/16/2009,25.343536
1/17/2009,24.5506656
1/18/2009,23.8427456
1/19/2009,23.1914592
1/20/2009,22.3985888
1/21/2009,21.4641344
1/22/2009,20.4164128
1/23/2009,19.3686912
1/24/2009,18.40592
1/25/2009,17.5280992
1/26/2009,16.8201792
1/27/2009,16.4803776
1/28/2009,16.4520608
1/29/2009,16.0839424
1/30/2009,15.3193888
1/31/2009,14.9512704
2/1/2009,15.007904
2/2/2009,15.4892896
2/3/2009,15.4892896
2/4/2009,15.4043392
2/5/2009,15.4609728
2/6/2009,15.4892896
2/7/2009,15.432656
2/8/2009,15.1778048
2/9/2009,15.1778048
2/10/2009,15.4609728
2/11/2009,16.3954272
2/12/2009,17.8962176
2/13/2009,21.4924512
2/14/2009,22.087104
2/15/2009,22.1437376
2/16/2009,22.1154208
2/17/2009,22.0304704
2/18/2009,21.4924512
2/19/2009,21.096016
2/20/2009,20.5579968
2/21/2009,20.246512
2/22/2009,19.9350272
2/23/2009,19.4536416
2/24/2009,18.9439392
2/25/2009,18.2360192
2/26/2009,17.698
2/27/2009,17.414832
2/28/2009,16.848496
3/1/2009,16.3671104
3/2/2009,15.998992
3/3/2009,15.2627552
3/4/2009,14.4982016
3/5/2009,13.8185984
3/6/2009,13.4221632
3/7/2009,13.5637472
3/8/2009,14.441568
3/9/2009,14.8946368
3/10/2009,14.1867168
3/11/2009,13.167312
3/12/2009,14.4982016
3/13/2009,38.510848
3/14/2009,102.506816
3/15/2009,109.869184
3/16/2009,112.700864
3/17/2009,82.401888
3/18/2009,69.659328
3/19/2009,63.429632
3/20/2009,58.04944
3/21/2009,54.934592
3/22/2009,53.518752
3/23/2009,54.085088
3/24/2009,55.500928
3/25/2009,63.7128
3/26/2009,108.736512
3/27/2009,140.451328
3/28/2009,124.310752
3/29/2009,105.621664
3/30/2009,98.259296
3/31/2009,93.44544
4/1/2009,89.764256
4/2/2009,89.481088
4/3/2009,94.294944
4/4/2009,99.958304
4/5/2009,103.073152
4/6/2009,104.77216
4/7/2009,105.338496
4/8/2009,104.77216
4/9/2009,102.789984
4/10/2009,100.241472
4/11/2009,96.843456
4/12/2009,97.126624
4/13/2009,116.948384
4/14/2009,125.443424
4/15/2009,122.045408
4/16/2009,113.2672
4/17/2009,107.60384
4/18/2009,165.936448
4/19/2009,215.490848
4/20/2009,222.003712
4/21/2009,221.720544
4/22/2009,211.526496
4/23/2009,208.411648
4/24/2009,205.579968
4/25/2009,196.518592
4/26/2009,180.378016
4/27/2009,168.201792
4/28/2009,283.168
4/29/2009,297.3264
4/30/2009,258.815552
5/1/2009,184.342368
5/2/2009,122.045408
5/3/2009,141.584
5/4/2009,233.047264
5/5/2009,218.322528
5/6/2009,183.776032
5/7/2009,147.813696
5/8/2009,122.045408
5/9/2009,101.657312
5/10/2009,85.516736
5/11/2009,75.03952
5/12/2009,69.942496
5/13/2009,64.279136
5/14/2009,59.182112
5/15/2009,54.085088
5/16/2009,49.271232
5/17/2009,49.5544
5/18/2009,60.031616
5/19/2009,59.748448
5/20/2009,60.031616
5/21/2009,52.102912
5/22/2009,41.625696
5/23/2009,33.98016
5/24/2009,30.015808
5/25/2009,41.05936
5/26/2009,31.997984
5/27/2009,28.599968
5/28/2009,27.8070976
5/29/2009,26.051456
5/30/2009,23.4179936
5/31/2009,21.0393824
6/1/2009,19.0005728
6/2/2009,17.131664
6/3/2009,15.7441408
6/4/2009,15.998992
6/5/2009,15.2344384
6/6/2009,15.2627552
6/7/2009,14.5265184
6/8/2009,12.9974112
6/9/2009,11.7797888
6/10/2009,11.2417696
6/11/2009,10.8453344
6/12/2009,10.3922656
6/13/2009,10.3639488
6/14/2009,10.335632
6/15/2009,9.8259296
6/16/2009,9.627712
6/17/2009,9.5144448
6/18/2009,9.5427616
6/19/2009,9.91088
6/20/2009,10.052464
6/21/2009,9.769296
6/22/2009,9.20296
6/23/2009,8.5799904
6/24/2009,7.9570208
6/25/2009,7.1924672
6/26/2009,6.4845472
6/27/2009,5.9748448
6/28/2009,5.5784096
6/29/2009,5.5784096
6/30/2009,5.380192
7/1/2009,4.8704896
7/2/2009,4.530688
7/3/2009,4.3041536
7/4/2009,4.105936
7/5/2009,3.8794016
7/6/2009,3.7378176
7/7/2009,3.9360352
7/8/2009,4.3041536
7/9/2009,3.9360352
7/10/2009,3.681184
7/11/2009,3.5679168
7/12/2009,3.6528672
7/13/2009,3.9360352
7/14/2009,4.1625696
7/15/2009,4.3607872
7/16/2009,4.4457376
7/17/2009,4.3041536
7/18/2009,4.105936
7/19/2009,3.9360352
7/20/2009,4.0493024
7/21/2009,4.389104
7/22/2009,4.4740544
7/23/2009,4.24752
7/24/2009,4.7572224
7/25/2009,5.4368256
7/26/2009,5.380192
7/27/2009,4.95544
7/28/2009,4.8704896
7/29/2009,4.9837568
7/30/2009,5.3518752
7/31/2009,17.7829504
8/1/2009,20.8411648
8/2/2009,13.7902816
8/3/2009,12.2045408
8/4/2009,10.8736512
8/5/2009,9.4578112
8/6/2009,7.78712
8/7/2009,6.937616
8/8/2009,7.8437536
8/9/2009,8.9764256
8/10/2009,9.5427616
8/11/2009,9.344544
8/12/2009,8.636624
8/13/2009,7.7021696
8/14/2009,6.8526656
8/15/2009,6.0597952
8/16/2009,5.521776
8/17/2009,5.238608
8/18/2009,5.0403904
8/19/2009,4.8421728
8/20/2009,4.4740544
8/21/2009,4.9271232
8/22/2009,4.5873216
8/23/2009,4.1908864
8/24/2009,3.9360352
8/25/2009,3.7095008
8/26/2009,3.964352
8/27/2009,4.4740544
8/28/2009,4.7289056
8/29/2009,5.0120736
8/30/2009,5.1819744
8/31/2009,5.66336
9/1/2009,6.1164288
9/2/2009,5.6067264
9/3/2009,4.8988064
9/4/2009,4.5590048
9/5/2009,4.3607872
9/6/2009,4.3041536
9/7/2009,4.1625696
9/8/2009,3.964352
9/9/2009,3.681184
9/10/2009,3.4829664
9/11/2009,3.4263328
9/12/2009,3.4829664
9/13/2009,3.6245504
9/14/2009,4.3041536
9/15/2009,4.530688
9/16/2009,5.238608
9/17/2009,6.4845472
9/18/2009,7.5889024
9/19/2009,8.778208
9/20/2009,10.1657312
9/21/2009,10.7887008
9/22/2009,11.7797888
9/23/2009,12.74256
9/24/2009,12.6859264
9/25/2009,12.317808
9/26/2009,11.5532544
9/27/2009,10.5621664
9/28/2009,9.627712
9/29/2009,8.9764256
9/30/2009,8.3251392
10/1/2009,7.645536
10/2/2009,7.5322688
10/3/2009,7.1075168
10/4/2009,7.5605856
10/5/2009,8.0136544
10/6/2009,7.362368
10/7/2009,7.0225664
10/8/2009,6.8526656
10/9/2009,7.0508832
10/10/2009,8.5799904
10/11/2009,9.20296
10/12/2009,10.2506816
10/13/2009,12.2045408
10/14/2009,17.0467136
10/15/2009,25.2869024
10/16/2009,25.3718528
10/17/2009,25.4568032
10/18/2009,25.9665056
10/19/2009,26.7027424
10/20/2009,27.892048
10/21/2009,29.449472
10/22/2009,50.687072
10/23/2009,102.223648
10/24/2009,98.542464
10/25/2009,82.11872
10/26/2009,95.993952
10/27/2009,164.23744
10/28/2009,166.219616
10/29/2009,146.397856
10/30/2009,216.906688
10/31/2009,311.4848
11/1/2009,356.79168
11/2/2009,424.752
11/3/2009,450.23712
11/4/2009,427.58368
11/5/2009,385.10848
11/6/2009,334.13824
11/7/2009,288.83136
11/8/2009,251.453184
11/9/2009,223.136384
11/10/2009,205.2968
11/11/2009,195.102752
11/12/2009,188.589888
11/13/2009,183.492864
11/14/2009,178.112672
11/15/2009,172.449312
11/16/2009,167.352288
11/17/2009,161.972096
11/18/2009,156.025568
11/19/2009,150.362208
11/20/2009,144.698848
11/21/2009,140.16816
11/22/2009,135.92064
11/23/2009,128.84144
11/24/2009,118.647392
11/25/2009,106.188
11/26/2009,92.312768
11/27/2009,77.021696
11/28/2009,60.597952
11/29/2009,46.439552
11/30/2009,39.926688
12/1/2009,39.926688
12/2/2009,62.013792
12/3/2009,78.437536
12/4/2009,77.021696
12/5/2009,71.075168
12/6/2009,69.092992
12/7/2009,67.393984
12/8/2009,63.429632
12/9/2009,58.332608
12/10/2009,52.952416
12/11/2009,47.855392
12/12/2009,60.031616
12/13/2009,71.924672
12/14/2009,67.110816
12/15/2009,100.52464
12/16/2009,113.833536
12/17/2009,105.621664
12/18/2009,85.233568
12/19/2009,73.906848
12/20/2009,65.12864
12/21/2009,59.182112
12/22/2009,54.085088
12/23/2009,51.536576
12/24/2009,227.383904
12/25/2009,243.807648
12/26/2009,181.793856
12/27/2009,133.372128
12/28/2009,124.877088
12/29/2009,129.124608
12/30/2009,127.991936
12/31/2009,124.59392
1/1/2010,114.399872
1/2/2010,103.073152
1/3/2010,94.86128
1/4/2010,90.330592
1/5/2010,87.215744
1/6/2010,84.667232
1/7/2010,83.53456
1/8/2010,83.53456
1/9/2010,81.269216
1/10/2010,78.437536
1/11/2010,76.172192
1/12/2010,73.62368
1/13/2010,70.508832
1/14/2010,67.110816
1/15/2010,63.429632
1/16/2010,59.748448
1/17/2010,56.067264
1/18/2010,53.235584
1/19/2010,50.403904
1/20/2010,47.855392
1/21/2010,45.873216
1/22/2010,44.174208
1/23/2010,42.192032
1/24/2010,41.05936
1/25/2010,40.776192
1/26/2010,40.493024
1/27/2010,40.493024
1/28/2010,39.926688
1/29/2010,48.13856
1/30/2010,71.641504
1/31/2010,86.932576
2/1/2010,85.516736
2/2/2010,84.667232
2/3/2010,87.498912
2/4/2010,116.948384
2/5/2010,149.229536
2/6/2010,142.150336
2/7/2010,127.708768
2/8/2010,116.382048
2/9/2010,156.875072
2/10/2010,162.8216
2/11/2010,156.875072
2/12/2010,193.686912
2/13/2010,210.393824
2/14/2010,215.490848
2/15/2010,213.225504
2/16/2010,212.659168
2/17/2010,213.225504
2/18/2010,212.092832
2/19/2010,208.411648
2/20/2010,202.46512
2/21/2010,195.38592
2/22/2010,186.607712
2/23/2010,174.714656
2/24/2010,166.502784
2/25/2010,163.104768
2/26/2010,160.839424
2/27/2010,159.98992
2/28/2010,159.140416
3/1/2010,164.520608
3/2/2010,188.873056
3/3/2010,190.855232
3/4/2010,188.873056
3/5/2010,187.740384
3/6/2010,184.0592
3/7/2010,176.413664
3/8/2010,165.086944
3/9/2010,155.176064
3/10/2010,157.15824
3/11/2010,156.308736
3/12/2010,149.229536
3/13/2010,146.114688
3/14/2010,150.645376
3/15/2010,158.290912
3/16/2010,163.387936
3/17/2010,163.104768
3/18/2010,156.875072
3/19/2010,146.397856
3/20/2010,134.221632
3/21/2010,127.142432
3/22/2010,122.611744
3/23/2010,118.647392
3/24/2010,113.833536
3/25/2010,108.736512
3/26/2010,103.922656
3/27/2010,99.391968
3/28/2010,95.710784
3/29/2010,92.312768
3/30/2010,89.481088
3/31/2010,86.932576
4/1/2010,84.384064
4/2/2010,81.269216
4/3/2010,78.437536
4/4/2010,75.605856
4/5/2010,72.774176
4/6/2010,70.792
4/7/2010,69.942496
4/8/2010,75.605856
4/9/2010,77.588032
4/10/2010,76.172192
4/11/2010,74.473184
4/12/2010,72.774176
4/13/2010,70.792
4/14/2010,68.243488
4/15/2010,64.845472
4/16/2010,58.898944
4/17/2010,50.97024
4/18/2010,43.89104
4/19/2010,38.22768
4/20/2010,33.98016
4/21/2010,30.582144
4/22/2010,27.9203648
4/23/2010,26.051456
4/24/2010,24.3807648
4/25/2010,22.8516576
4/26/2010,21.7756192
4/27/2010,21.0676992
4/28/2010,20.4164128
4/29/2010,19.6235424
4/30/2010,19.1421568
5/1/2010,18.6041376
5/2/2010,18.122752
5/3/2010,17.4714656
5/4/2010,16.7918624
5/5/2010,16.0273088
5/6/2010,15.007904
5/7/2010,13.875232
5/8/2010,12.9124608
5/9/2010,12.3461248
5/10/2010,11.6665216
5/11/2010,11.2134528
5/12/2010,10.760384
5/13/2010,10.3639488
5/14/2010,9.6843456
5/15/2010,9.6843456
5/16/2010,9.4294944
5/17/2010,9.4578112
5/18/2010,9.5427616
5/19/2010,8.8348416
5/20/2010,8.6932576
5/21/2010,8.6083072
5/22/2010,9.0047424
5/23/2010,9.5993952
5/24/2010,9.2312768
5/25/2010,8.5799904
5/26/2010,7.928704
5/27/2010,7.4756352
5/28/2010,7.1641504
5/29/2010,6.8809824
5/30/2010,6.5694976
5/31/2010,6.2863296
6/1/2010,6.0314784
6/2/2010,5.8332608
6/3/2010,6.088112
6/4/2010,7.5889024
6/5/2010,9.7126624
6/6/2010,15.2344384
6/7/2010,14.4698848
6/8/2010,12.600976
6/9/2010,11.3550368
6/10/2010,10.9586016
6/11/2010,10.2789984
6/12/2010,11.2984032
6/13/2010,12.1479072
6/14/2010,11.3833536
6/15/2010,10.7887008
6/16/2010,12.8558272
6/17/2010,18.830672
6/18/2010,23.3896768
6/19/2010,26.7876928
6/20/2010,29.73264
6/21/2010,32.56432
6/22/2010,35.396
6/23/2010,38.22768
6/24/2010,41.05936
6/25/2010,44.740544
6/26/2010,47.855392
6/27/2010,50.687072
6/28/2010,54.934592
6/29/2010,59.46528
6/30/2010,62.013792
7/1/2010,65.978144
7/2/2010,69.659328
7/3/2010,74.756352
7/4/2010,83.817728
7/5/2010,84.384064
7/6/2010,83.251392
7/7/2010,71.358336
7/8/2010,54.934592
7/9/2010,53.80192
7/10/2010,48.13856
7/11/2010,42.758368
7/12/2010,35.396
7/13/2010,29.166304
7/14/2010,25.2302688
7/15/2010,22.3419552
7/16/2010,19.963344
7/17/2010,18.1510688
7/18/2010,16.3671104
7/19/2010,14.6397856
7/20/2010,13.167312
7/21/2010,11.9780064
7/22/2010,11.1001856
7/23/2010,10.3639488
7/24/2010,9.2879104
7/25/2010,8.4667232
7/26/2010,7.7588032
7/27/2010,7.3057344
7/28/2010,9.5427616
7/29/2010,11.043552
7/30/2010,9.91088
7/31/2010,9.0330592
8/1/2010,7.8437536
8/2/2010,6.937616
8/3/2010,6.4562304
8/4/2010,6.2863296
8/5/2010,6.088112
8/6/2010,5.6916768
8/7/2010,5.4085088
8/8/2010,5.1819744
8/9/2010,4.7855392
8/10/2010,4.5023712
8/11/2010,4.3324704
8/12/2010,4.1625696
8/13/2010,4.1342528
8/14/2010,4.1908864
8/15/2010,4.1908864
8/16/2010,4.24752
8/17/2010,4.1625696
8/18/2010,3.8794016
8/19/2010,3.7378176
8/20/2010,3.5679168
8/21/2010,3.4263328
8/22/2010,3.3413824
8/23/2010,3.4263328
8/24/2010,3.4546496
8/25/2010,3.3696992
8/26/2010,3.3130656
8/27/2010,3.398016
8/28/2010,3.5962336
8/29/2010,3.7378176
8/30/2010,3.6245504
8/31/2010,3.5679168
9/1/2010,3.681184
9/2/2010,3.5679168
9/3/2010,5.2669248
9/4/2010,4.8421728
9/5/2010,6.088112
9/6/2010,6.8809824
9/7/2010,6.37128
9/8/2010,6.229696
9/9/2010,5.6350432
9/10/2010,5.238608
9/11/2010,5.3235584
9/12/2010,5.380192
9/13/2010,5.946528
9/14/2010,4.8704896
9/15/2010,4.5873216
9/16/2010,4.530688
9/17/2010,4.530688
9/18/2010,4.4174208
9/19/2010,4.2758368
9/20/2010,4.105936
9/21/2010,3.9360352
9/22/2010,3.7378176
9/23/2010,3.5962336
9/24/2010,3.5396
9/25/2010,3.4829664
9/26/2010,5.1819744
9/27/2010,4.1342528
9/28/2010,3.5679168
9/29/2010,3.398016
9/30/2010,3.3413824
10/1/2010,3.2847488
10/2/2010,3.1997984
10/3/2010,3.0582144
10/4/2010,3.0015808
10/5/2010,2.973264
10/6/2010,2.9166304
10/7/2010,2.8599968
10/8/2010,2.83168
10/9/2010,2.7892048
10/10/2010,2.7467296
10/11/2010,2.72407616
10/12/2010,2.8883136
10/13/2010,2.973264
10/14/2010,3.0015808
10/15/2010,3.0015808
10/16/2010,2.973264
10/17/2010,2.9449472
10/18/2010,2.8883136
10/19/2010,2.8599968
10/20/2010,2.9449472
10/21/2010,3.0298976
10/22/2010,3.0582144
10/23/2010,2.973264
10/24/2010,2.9166304
10/25/2010,2.83168
10/26/2010,2.82601664
10/27/2010,2.83168
10/28/2010,2.74956128
10/29/2010,2.74956128
10/30/2010,2.78070976
10/31/2010,3.0298976
11/1/2010,3.5396
11/2/2010,4.0209856
11/3/2010,4.4174208
11/4/2010,4.3324704
11/5/2010,4.0776192
11/6/2010,4.0493024
11/7/2010,4.1342528
11/8/2010,4.5023712
11/9/2010,5.3235584
11/10/2010,6.0597952
11/11/2010,6.0031616
11/12/2010,5.5784096
11/13/2010,5.2669248
11/14/2010,4.8988064
11/15/2010,5.238608
11/16/2010,5.2952416
11/17/2010,4.8704896
11/18/2010,4.8988064
11/19/2010,5.1536576
11/20/2010,5.4085088
11/21/2010,5.4368256
11/22/2010,5.4085088
11/23/2010,5.3235584
11/24/2010,5.097024
11/25/2010,4.813856
11/26/2010,4.6439552
11/27/2010,4.530688
11/28/2010,4.4174208
11/29/2010,4.4740544
11/30/2010,4.530688
12/1/2010,4.5873216
12/2/2010,4.6439552
12/3/2010,5.0687072
12/4/2010,5.3518752
12/5/2010,5.2669248
12/6/2010,5.1253408
12/7/2010,5.0120736
12/8/2010,5.1253408
12/9/2010,5.2952416
12/10/2010,5.4085088
12/11/2010,5.3518752
12/12/2010,5.0687072
12/13/2010,5.0120736
12/14/2010,4.95544
12/15/2010,4.8988064
12/16/2010,4.8704896
12/17/2010,4.7855392
12/18/2010,4.7855392
12/19/2010,4.7572224
12/20/2010,4.7005888
12/21/2010,4.6439552
12/22/2010,4.672272
12/23/2010,4.6156384
12/24/2010,4.672272
12/25/2010,4.7855392
12/26/2010,4.8704896
12/27/2010,4.8704896
12/28/2010,4.95544
12/29/2010,5.1536576
12/30/2010,5.5784096
12/31/2010,5.66336
1/1/2011,5.4934592
1/2/2011,5.6067264
1/3/2011,5.804944
1/4/2011,5.946528
1/5/2011,6.1447456
1/6/2011,6.1164288
1/7/2011,6.0597952
1/8/2011,6.0597952
1/9/2011,6.088112
1/10/2011,6.229696
1/11/2011,6.1447456
1/12/2011,6.37128
1/13/2011,7.0792
1/14/2011,7.5889024
1/15/2011,8.211872
1/16/2011,9.1746432
1/17/2011,11.2984032
1/18/2011,12.3744416
1/19/2011,17.0750304
1/20/2011,19.3686912
1/21/2011,20.1898784
1/22/2011,20.7845312
1/23/2011,21.3508672
1/24/2011,22.228688
1/25/2011,27.7221472
1/26/2011,27.6655136
1/27/2011,30.015808
1/28/2011,26.4478912
1/29/2011,21.8888864
1/30/2011,18.2077024
1/31/2011,21.9172032
2/1/2011,28.883136
2/2/2011,36.528672
2/3/2011,37.095008
2/4/2011,32.281152
2/5/2011,26.4195744
2/6/2011,22.7100736
2/7/2011,20.3031456
2/8/2011,18.6607712
2/9/2011,17.2166144
2/10/2011,16.0273088
2/11/2011,14.7530528
2/12/2011,13.6203808
2/13/2011,12.7142432
2/14/2011,12.1195904
2/15/2011,11.5815712
2/16/2011,11.1285024
2/17/2011,10.8453344
2/18/2011,10.4488992
2/19/2011,10.1657312
2/20/2011,9.8542464
2/21/2011,9.7126624
2/22/2011,9.5993952
2/23/2011,9.4578112
2/24/2011,9.344544
2/25/2011,9.20296
2/26/2011,9.0330592
2/27/2011,8.8631584
2/28/2011,8.778208
3/1/2011,8.9481088
3/2/2011,9.1746432
3/3/2011,9.627712
3/4/2011,10.0241472
3/5/2011,10.194048
3/6/2011,9.9958304
3/7/2011,9.6843456
3/8/2011,9.627712
3/9/2011,9.344544
3/10/2011,9.0047424
3/11/2011,8.8065248
3/12/2011,8.636624
3/13/2011,8.6649408
3/14/2011,8.8631584
3/15/2011,9.0047424
3/16/2011,9.0047424
3/17/2011,8.919792
3/18/2011,8.8348416
3/19/2011,8.6083072
3/20/2011,8.4384064
3/21/2011,8.2968224
3/22/2011,8.070288
3/23/2011,7.8720704
3/24/2011,7.6172192
3/25/2011,7.4190016
3/26/2011,7.2491008
3/27/2011,7.1075168
3/28/2011,6.8809824
3/29/2011,6.796032
3/30/2011,6.5694976
3/31/2011,6.37128
4/1/2011,6.229696
4/2/2011,6.1164288
4/3/2011,5.9748448
4/4/2011,5.8615776
4/5/2011,5.8615776
4/6/2011,5.7199936
4/7/2011,5.7483104
4/8/2011,5.66336
4/9/2011,5.6916768
4/10/2011,5.66336
4/11/2011,5.7766272
4/12/2011,6.0031616
4/13/2011,6.1730624
4/14/2011,6.1730624
4/15/2011,5.8332608
4/16/2011,5.6067264
4/17/2011,5.3235584
4/18/2011,5.0687072
4/19/2011,4.813856
4/20/2011,4.6439552
4/21/2011,4.4457376
4/22/2011,4.2758368
4/23/2011,4.1342528
4/24/2011,4.105936
4/25/2011,4.0776192
4/26/2011,5.2952416
4/27/2011,4.7572224
4/28/2011,4.4740544
4/29/2011,4.813856
4/30/2011,7.1358336
5/1/2011,8.7498912
5/2/2011,9.8825632
5/3/2011,10.3922656
5/4/2011,9.486128
5/5/2011,8.0986048
5/6/2011,6.937616
5/7/2011,5.946528
5/8/2011,5.2669248
5/9/2011,4.7572224
5/10/2011,4.4457376
5/11/2011,4.24752
5/12/2011,5.5784096
5/13/2011,6.0597952
5/14/2011,9.9675136
5/15/2011,9.91088
5/16/2011,8.6649408
5/17/2011,7.220784
5/18/2011,6.0314784
5/19/2011,5.3518752
5/20/2011,4.8421728
5/21/2011,49.271232
5/22/2011,49.837568
5/23/2011,26.3912576
5/24/2011,13.1956288
5/25/2011,9.8259296
5/26/2011,9.6560288
5/27/2011,12.317808
5/28/2011,12.6859264
5/29/2011,10.9869184
5/30/2011,8.8065248
5/31/2011,7.1924672
6/1/2011,5.946528
6/2/2011,5.0687072
6/3/2011,4.4457376
6/4/2011,4.0209856
6/5/2011,3.681184
6/6/2011,3.4546496
6/7/2011,3.2281152
6/8/2011,3.0582144
6/9/2011,3.0015808
6/10/2011,3.0298976
6/11/2011,2.8883136
6/12/2011,2.8033632
6/13/2011,2.67027424
6/14/2011,2.548512
6/15/2011,2.47488832
6/16/2011,2.4210864
6/17/2011,2.33047264
6/18/2011,2.22853216
6/19/2011,2.0954432
6/20/2011,2.04164128
6/21/2011,2.21437376
6/22/2011,3.3696992
6/23/2011,3.3413824
6/24/2011,2.9166304
6/25/2011,3.5396
6/26/2011,4.1625696
6/27/2011,3.8510848
6/28/2011,3.4263328
6/29/2011,3.114848
6/30/2011,2.8883136
7/1/2011,2.78637312
7/2/2011,2.73823456
7/3/2011,2.64478912
7/4/2011,2.57116544
7/5/2011,2.44090816
7/6/2011,2.35878944
7/7/2011,2.25401728
7/8/2011,2.16340352
7/9/2011,2.10676992
7/10/2011,2.1520768
7/11/2011,2.23136384
7/12/2011,2.21720544
7/13/2011,2.17189856
7/14/2011,2.11526496
7/15/2011,2.48621504
7/16/2011,2.973264
7/17/2011,2.62779904
7/18/2011,2.60231392
7/19/2011,2.62213568
7/20/2011,2.71274944
7/21/2011,2.7042544
7/22/2011,2.68443264
7/23/2011,2.75239296
7/24/2011,2.63629408
7/25/2011,2.47772
7/26/2011,2.36162112
7/27/2011,2.265344
7/28/2011,2.24835392
7/29/2011,2.2795024
7/30/2011,2.17189856
7/31/2011,2.11243328
8/1/2011,2.0954432
8/2/2011,2.1096016
8/3/2011,2.07562144
8/4/2011,2.00766112
8/5/2011,1.98500768
8/6/2011,1.96235424
8/7/2011,1.94819584
8/8/2011,1.95669088
8/9/2011,1.9538592
8/10/2011,1.97651264
8/11/2011,2.01898784
8/12/2011,2.00766112
8/13/2011,1.99067104
8/14/2011,2.02748288
8/15/2011,2.06995808
8/16/2011,2.02748288
8/17/2011,2.02181952
8/18/2011,2.03597792
8/19/2011,2.12942336
8/20/2011,2.01615616
8/21/2011,2.01615616
8/22/2011,2.0246512
8/23/2011,2.0388096
8/24/2011,2.05013632
8/25/2011,2.12942336
8/26/2011,2.1662352
8/27/2011,2.1662352
8/28/2011,2.12376
8/29/2011,2.12659168
8/30/2011,2.14075008
8/31/2011,2.11526496
9/1/2011,2.0954432
9/2/2011,1.982176
9/3/2011,2.14358176
9/4/2011,2.5626704
9/5/2011,2.41259136
9/6/2011,2.30215584
9/7/2011,2.22853216
9/8/2011,2.17756192
9/9/2011,2.12092832
9/10/2011,2.07562144
9/11/2011,2.05863136
9/12/2011,2.04730464
9/13/2011,2.052968
9/14/2011,2.05863136
9/15/2011,1.9255424
9/16/2011,1.982176
9/17/2011,2.00199776
9/18/2011,2.06429472
9/19/2011,2.36728448
9/20/2011,2.37011616
9/21/2011,2.20304704
9/22/2011,2.04164128
9/23/2011,1.93120576
9/24/2011,1.92271072
9/25/2011,1.911384
9/26/2011,1.9680176
9/27/2011,2.03031456
9/28/2011,2.0671264
9/29/2011,2.13225504
9/30/2011,2.05863136
10/1/2011,2.01332448
10/2/2011,1.89439392
10/3/2011,1.840592
10/4/2011,1.81793856
10/5/2011,1.77829504
10/6/2011,1.77263168
10/7/2011,1.7556416
10/8/2011,1.73298816
10/9/2011,1.72166144
10/10/2011,1.7839584
10/11/2011,1.77263168
10/12/2011,1.76696832
10/13/2011,1.78112672
10/14/2011,1.77546336
10/15/2011,1.7981168
10/16/2011,1.840592
10/17/2011,1.8689088
10/18/2011,1.80378016
10/19/2011,1.77546336
10/20/2011,1.7556416
10/21/2011,1.7273248
10/22/2011,1.71599808
10/23/2011,1.90572064
10/24/2011,2.052968
10/25/2011,2.1803936
10/26/2011,2.2228688
10/27/2011,2.38993792
10/28/2011,2.8599968
10/29/2011,2.65328416
10/30/2011,2.57116544
10/31/2011,2.45223488
11/1/2011,2.37011616
11/2/2011,2.37011616
11/3/2011,2.33047264
11/4/2011,2.3502944
11/5/2011,2.23985888
11/6/2011,2.11243328
11/7/2011,2.07562144
11/8/2011,2.1096016
11/9/2011,2.33047264
11/10/2011,2.19172032
11/11/2011,2.10676992
11/12/2011,2.32480928
11/13/2011,2.53718528
11/14/2011,2.52869024
11/15/2011,2.6051456
11/16/2011,2.82035328
11/17/2011,2.6617792
11/18/2011,2.5343536
11/19/2011,2.55134368
11/20/2011,2.64195744
11/21/2011,2.6334624
11/22/2011,2.973264
11/23/2011,3.4829664
11/24/2011,2.8599968
11/25/2011,2.68160096
11/26/2011,3.0582144
11/27/2011,3.7944512
11/28/2011,3.8794016
11/29/2011,3.7095008
11/30/2011,3.9360352
12/1/2011,4.1342528
12/2/2011,4.0776192
12/3/2011,3.9926688
12/4/2011,4.0493024
12/5/2011,13.7619648
12/6/2011,10.5621664
12/7/2011,5.66336
12/8/2011,5.4368256
12/9/2011,5.804944
12/10/2011,5.1253408
12/11/2011,4.389104
12/12/2011,3.9077184
12/13/2011,3.7944512
12/14/2011,3.9360352
12/15/2011,4.1342528
12/16/2011,4.3324704
12/17/2011,4.24752
12/18/2011,4.0493024
12/19/2011,3.964352
12/20/2011,7.0508832
12/21/2011,11.185136
12/22/2011,43.89104
12/23/2011,48.704896
12/24/2011,34.829664
12/25/2011,42.4752
12/26/2011,42.192032
12/27/2011,38.794016
12/28/2011,32.847488
12/29/2011,28.883136
12/30/2011,23.8710624
12/31/2011,19.2837408
1/1/2012,15.9140416
1/2/2012,13.45048
1/3/2012,11.8364224
1/4/2012,10.5055328
1/5/2012,9.4294944
1/6/2012,8.4384064
1/7/2012,7.645536
1/8/2012,7.0792
1/9/2012,55.21776
1/10/2012,181.510688
1/11/2012,206.429472
1/12/2012,182.077024
1/13/2012,131.389952
1/14/2012,86.649408
1/15/2012,51.253408
1/16/2012,35.112832
1/17/2012,26.5611584
1/18/2012,22.5401728
1/19/2012,18.547504
1/20/2012,15.7724576
1/21/2012,13.9601824
1/22/2012,12.4877088
1/23/2012,11.2417696
1/24/2012,10.1374144
1/25/2012,18.0094848
1/26/2012,69.659328
1/27/2012,88.914752
1/28/2012,71.358336
1/29/2012,51.253408
1/30/2012,39.360352
1/31/2012,29.73264
2/1/2012,24.7488832
2/2/2012,24.4657152
2/3/2012,26.0231392
2/4/2012,60.88112
2/5/2012,145.548352
2/6/2012,178.679008
2/7/2012,174.431488
2/8/2012,154.609728
2/9/2012,139.318656
2/10/2012,120.063232
2/11/2012,85.233568
2/12/2012,57.199936
2/13/2012,41.342528
2/14/2012,34.546496
2/15/2012,48.704896
2/16/2012,136.486976
2/17/2012,173.865152
2/18/2012,192.55424
2/19/2012,216.906688
2/20/2012,217.756192
2/21/2012,209.54432
2/22/2012,180.944352
2/23/2012,154.609728
2/24/2012,138.185984
2/25/2012,121.76224
2/26/2012,102.223648
2/27/2012,82.401888
2/28/2012,65.12864
2/29/2012,51.253408
3/1/2012,39.64352
3/2/2012,30.865312
3/3/2012,25.343536
3/4/2012,21.7756192
3/5/2012,19.3686912
3/6/2012,17.6413664
3/7/2012,16.423744
3/8/2012,15.7441408
3/9/2012,93.162272
3/10/2012,230.215584
3/11/2012,256.26704
3/12/2012,342.63328
3/13/2012,390.77184
3/14/2012,470.05888
3/15/2012,521.02912
3/16/2012,521.02912
3/17/2012,495.544
3/18/2012,447.40544
3/19/2012,387.94016
3/20/2012,339.8016
3/21/2012,322.81152
3/22/2012,294.49472
3/23/2012,269.575936
3/24/2012,240.975968
3/25/2012,210.676992
3/26/2012,181.22752
3/27/2012,158.857248
3/28/2012,146.397856
3/29/2012,137.33648
3/30/2012,127.4256
3/31/2012,117.231552
4/1/2012,108.736512
4/2/2012,103.35632
4/3/2012,103.639488
4/4/2012,106.471168
4/5/2012,103.922656
4/6/2012,101.374144
4/7/2012,99.391968
4/8/2012,97.126624
4/9/2012,97.69296
4/10/2012,100.241472
4/11/2012,101.374144
4/12/2012,98.825632
4/13/2012,94.011776
4/14/2012,88.631584
4/15/2012,82.401888
4/16/2012,231.348256
4/17/2012,190.572064
4/18/2012,107.037504
4/19/2012,73.62368
4/20/2012,70.508832
4/21/2012,138.185984
4/22/2012,90.330592
4/23/2012,50.120736
4/24/2012,36.528672
4/25/2012,29.449472
4/26/2012,24.0409632
4/27/2012,20.7845312
4/28/2012,18.9439392
4/29/2012,17.5847328
4/30/2012,16.0556256
5/1/2012,14.4698848
5/2/2012,13.0540448
5/3/2012,11.7231552
5/4/2012,10.5338496
5/5/2012,9.627712
5/6/2012,8.9481088
5/7/2012,8.4100896
5/8/2012,8.3251392
5/9/2012,8.4384064
5/10/2012,8.5233568
5/11/2012,8.2968224
5/12/2012,9.20296
5/13/2012,11.8647392
5/14/2012,15.8290912
5/15/2012,15.7441408
5/16/2012,17.2449312
5/17/2012,17.2166144
5/18/2012,16.2255264
5/19/2012,15.0362208
5/20/2012,14.016816
5/21/2012,13.1956288
5/22/2012,12.5443424
5/23/2012,11.9496896
5/24/2012,11.3833536
5/25/2012,10.9586016
5/26/2012,10.3073152
5/27/2012,9.344544
5/28/2012,8.5516736
5/29/2012,7.5322688
5/30/2012,7.0508832
5/31/2012,6.7677152
6/1/2012,6.2580128
6/2/2012,5.5500928
6/3/2012,4.8988064
6/4/2012,4.389104
6/5/2012,4.0493024
6/6/2012,3.8794016
6/7/2012,3.8510848
6/8/2012,3.9360352
6/9/2012,4.6439552
6/10/2012,4.6156384
6/11/2012,4.7289056
6/12/2012,6.4845472
6/13/2012,11.6665216
6/14/2012,45.023712
6/15/2012,23.1631424
6/16/2012,30.582144
6/17/2012,20.3314624
6/18/2012,20.9827488
6/19/2012,21.8888864
6/20/2012,20.0766112
6/21/2012,16.9617632
6/22/2012,14.2150336
6/23/2012,11.893056
6/24/2012,10.6471168
6/25/2012,10.3073152
6/26/2012,9.9391968
6/27/2012,9.2312768
6/28/2012,8.3817728
6/29/2012,7.7304864
6/30/2012,7.2491008
7/1/2012,6.8243488
7/2/2012,6.37128
7/3/2012,5.7766272
7/4/2012,5.2102912
7/5/2012,4.672272
7/6/2012,4.1908864
7/7/2012,3.8510848
7/8/2012,4.0776192
7/9/2012,5.238608
7/10/2012,16.565328
7/11/2012,12.317808
7/12/2012,32.56432
7/13/2012,50.687072
7/14/2012,44.457376
7/15/2012,32.847488
7/16/2012,32.847488
7/17/2012,21.6340352
7/18/2012,17.1599808
7/19/2012,15.715824
7/20/2012,13.025728
7/21/2012,10.2506816
7/22/2012,9.0330592
7/23/2012,9.0047424
7/24/2012,9.91088
7/25/2012,10.7037504
7/26/2012,10.4488992
7/27/2012,8.4667232
7/28/2012,6.5411808
7/29/2012,5.3235584
7/30/2012,4.5590048
7/31/2012,4.0493024
8/1/2012,3.7095008
8/2/2012,3.3696992
8/3/2012,3.0865312
8/4/2012,2.79203648
8/5/2012,2.53152192
8/6/2012,2.38427456
8/7/2012,2.2228688
8/8/2012,2.1096016
8/9/2012,2.00199776
8/10/2012,1.9255424
8/11/2012,1.90005728
8/12/2012,1.96235424
8/13/2012,2.17473024
8/14/2012,2.3502944
8/15/2012,2.32764096
8/16/2012,2.194552
8/17/2012,2.04447296
8/18/2012,1.97368096
8/19/2012,2.0246512
8/20/2012,1.982176
8/21/2012,1.96235424
8/22/2012,1.90288896
8/23/2012,1.83492864
8/24/2012,1.88023552
8/25/2012,1.99916608
8/26/2012,2.052968
8/27/2012,1.97368096
8/28/2012,2.20021536
8/29/2012,2.55983872
8/30/2012,2.48621504
8/31/2012,2.35312608
9/1/2012,2.37577952
9/2/2012,2.8599968
9/3/2012,6.3429632
9/4/2012,4.672272
9/5/2012,3.5962336
9/6/2012,2.973264
9/7/2012,2.55983872
9/8/2012,2.26251232
9/9/2012,2.09261152
9/10/2012,1.94819584
9/11/2012,1.84625536
9/12/2012,1.78679008
9/13/2012,1.80944352
9/14/2012,2.0954432
9/15/2012,2.21437376
9/16/2012,2.21437376
9/17/2012,3.4829664
9/18/2012,4.3041536
9/19/2012,5.0403904
9/20/2012,4.95544
9/21/2012,4.5873216
9/22/2012,4.6156384
9/23/2012,4.4740544
9/24/2012,4.2192032
9/25/2012,3.822768
9/26/2012,3.3696992
9/27/2012,3.0015808
9/28/2012,2.7184128
9/29/2012,2.74106624
9/30/2012,6.0031616
10/1/2012,14.4132512
10/2/2012,31.14848
10/3/2012,38.22768
10/4/2012,38.22768
10/5/2012,42.4752
10/6/2012,45.873216
10/7/2012,44.457376
10/8/2012,32.847488
10/9/2012,21.2942336
10/10/2012,14.6964192
10/11/2012,11.3550368
10/12/2012,9.3162272
10/13/2012,7.9570208
10/14/2012,7.0225664
10/15/2012,6.2580128
10/16/2012,5.66336
10/17/2012,5.238608
10/18/2012,4.95544
10/19/2012,4.5023712
10/20/2012,4.2758368
10/21/2012,4.0776192
10/22/2012,3.9360352
10/23/2012,3.8510848
10/24/2012,3.7661344
10/25/2012,3.7378176
10/26/2012,3.6528672
10/27/2012,3.5396
10/28/2012,3.4263328
10/29/2012,3.3413824
10/30/2012,3.2847488
10/31/2012,3.3130656
11/1/2012,3.3413824
11/2/2012,3.3696992
11/3/2012,3.398016
11/4/2012,3.5679168
11/5/2012,5.8898944
11/6/2012,6.2580128
11/7/2012,5.4368256
11/8/2012,5.0687072
11/9/2012,4.4740544
11/10/2012,4.0493024
11/11/2012,3.7944512
11/12/2012,3.6528672
11/13/2012,3.3696992
11/14/2012,3.1997984
11/15/2012,3.0298976
11/16/2012,2.9449472
11/17/2012,2.9449472
11/18/2012,3.0298976
11/19/2012,3.114848
11/20/2012,3.256432
11/21/2012,3.3130656
11/22/2012,3.3413824
11/23/2012,3.3413824
11/24/2012,3.2847488
11/25/2012,3.2281152
11/26/2012,3.1997984
11/27/2012,3.114848
11/28/2012,3.0865312
11/29/2012,3.0582144
11/30/2012,3.114848
12/1/2012,3.1431648
12/2/2012,3.1714816
12/3/2012,3.2281152
12/4/2012,3.2847488
12/5/2012,3.3413824
12/6/2012,3.3413824
12/7/2012,3.3413824
12/8/2012,3.4263328
12/9/2012,3.4546496
12/10/2012,4.2192032
12/11/2012,15.0362208
12/12/2012,14.3849344
12/13/2012,7.5322688
12/14/2012,5.9748448
12/15/2012,5.4934592
12/16/2012,6.1730624
12/17/2012,8.6083072
12/18/2012,10.1657312
12/19/2012,7.8720704
12/20/2012,6.6827648
12/21/2012,6.3995968
12/22/2012,6.0597952
12/23/2012,5.8898944
12/24/2012,5.8332608
12/25/2012,6.0031616
12/26/2012,6.8243488
12/27/2012,11.0718688
12/28/2012,11.5532544
12/29/2012,13.167312
12/30/2012,18.1793856
12/31/2012,20.9261152
1/1/2013,20.1898784
1/2/2013,18.8873056
1/3/2013,20.3597792
1/4/2013,18.3492864
1/5/2013,16.28216
1/6/2013,14.86632
1/7/2013,13.7619648
1/8/2013,14.6114688
1/9/2013,22.795024
1/10/2013,46.156384
1/11/2013,58.898944
1/12/2013,59.748448
1/13/2013,56.067264
1/14/2013,61.164288
1/15/2013,72.491008
1/16/2013,74.473184
1/17/2013,74.756352
1/18/2013,74.473184
1/19/2013,70.792
1/20/2013,59.46528
1/21/2013,41.625696
1/22/2013,29.73264
1/23/2013,23.4746272
1/24/2013,19.8500768
1/25/2013,17.3865152
1/26/2013,15.7441408
1/27/2013,14.5265184
1/28/2013,13.7053312
1/29/2013,13.0823616
1/30/2013,12.6292928
1/31/2013,12.4310752
2/1/2013,12.0629568
2/2/2013,11.8647392
2/3/2013,11.7797888
2/4/2013,11.8081056
2/5/2013,11.8081056
2/6/2013,11.6382048
2/7/2013,11.3833536
2/8/2013,11.8081056
2/9/2013,12.74256
2/10/2013,14.6114688
2/11/2013,22.7667072
2/12/2013,39.64352
2/13/2013,62.29696
2/14/2013,66.54448
2/15/2013,55.500928
2/16/2013,50.687072
2/17/2013,48.13856
2/18/2013,45.873216
2/19/2013,47.572224
2/20/2013,46.72272
2/21/2013,53.518752
2/22/2013,68.243488
2/23/2013,50.120736
2/24/2013,36.528672
2/25/2013,30.015808
2/26/2013,25.4568032
2/27/2013,22.6251232
2/28/2013,20.0199776
3/1/2013,17.839584
3/2/2013,16.2538432
3/3/2013,15.0362208
3/4/2013,13.9884992
3/5/2013,13.0823616
3/6/2013,12.3744416
3/7/2013,11.8364224
3/8/2013,11.5532544
3/9/2013,11.2134528
3/10/2013,11.4116704
3/11/2013,12.459392
3/12/2013,22.65344
3/13/2013,25.8815552
3/14/2013,26.8726432
3/15/2013,25.626704
3/16/2013,23.4463104
3/17/2013,20.954432
3/18/2013,18.5758208
3/19/2013,16.3387936
3/20/2013,14.7530528
3/21/2013,13.5354304
3/22/2013,12.7991936
3/23/2013,12.4027584
3/24/2013,11.9496896
3/25/2013,11.9213728
3/26/2013,11.6948384
3/27/2013,11.32672
3/28/2013,10.9302848
3/29/2013,10.477216
3/30/2013,10.0807808
3/31/2013,9.9958304
4/1/2013,10.3073152
4/2/2013,11.9496896
4/3/2013,22.087104
4/4/2013,34.263328
4/5/2013,42.192032
4/6/2013,38.22768
4/7/2013,34.546496
4/8/2013,30.298976
4/9/2013,26.051456
4/10/2013,22.3419552
4/11/2013,30.582144
4/12/2013,29.166304
4/13/2013,22.936608
4/14/2013,18.4625536
4/15/2013,16.1122592
4/16/2013,14.8096864
4/17/2013,13.7619648
4/18/2013,13.2805792
4/19/2013,13.1389952
4/20/2013,12.2894912
4/21/2013,11.3550368
4/22/2013,10.6188
4/23/2013,10.2789984
4/24/2013,9.769296
4/25/2013,9.769296
4/26/2013,10.6471168
4/27/2013,11.3550368
4/28/2013,10.901968
4/29/2013,9.9391968
4/30/2013,9.1463264
5/1/2013,11.9496896
5/2/2013,16.9051296
5/3/2013,12.459392
5/4/2013,9.486128
5/5/2013,8.1269216
5/6/2013,7.4473184
5/7/2013,6.9942496
5/8/2013,6.4845472
5/9/2013,6.4845472
5/10/2013,22.228688
5/11/2013,47.005888
5/12/2013,30.015808
5/13/2013,19.9067104
5/14/2013,16.6785952
5/15/2013,13.7053312
5/16/2013,10.477216
5/17/2013,8.6932576
5/18/2013,8.636624
5/19/2013,9.0330592
5/20/2013,8.9764256
5/21/2013,8.3817728
5/22/2013,9.91088
5/23/2013,14.3849344
5/24/2013,17.1599808
5/25/2013,15.8290912
5/26/2013,15.857408
5/27/2013,14.2150336
5/28/2013,11.4116704
5/29/2013,10.8170176
5/30/2013,11.7231552
5/31/2013,12.2328576
6/1/2013,12.03464
6/2/2013,14.4982016
6/3/2013,36.245504
6/4/2013,78.720704
6/5/2013,83.53456
6/6/2013,79.28704
6/7/2013,92.879104
6/8/2013,93.728608
6/9/2013,84.9504
6/10/2013,64.845472
6/11/2013,57.199936
6/12/2013,43.607872
6/13/2013,30.865312
6/14/2013,21.7473024
6/15/2013,18.0378016
6/16/2013,13.875232
6/17/2013,12.1479072
6/18/2013,10.760384
6/19/2013,9.91088
6/20/2013,9.0896928
6/21/2013,7.3340512
6/22/2013,6.2863296
6/23/2013,5.4368256
6/24/2013,5.0687072
6/25/2013,4.95544
6/26/2013,4.530688
6/27/2013,4.0493024
6/28/2013,3.5962336
6/29/2013,3.2847488
6/30/2013,3.0015808
7/1/2013,2.77221472
7/2/2013,2.5768288
7/3/2013,2.42958144
7/4/2013,2.30215584
7/5/2013,2.19738368
7/6/2013,2.12092832
7/7/2013,2.03314624
7/8/2013,2.0954432
7/9/2013,2.052968
7/10/2013,1.9680176
7/11/2013,1.8972256
7/12/2013,1.8547504
7/13/2013,1.7698
7/14/2013,1.74997824
7/15/2013,1.84625536
7/16/2013,2.20021536
7/17/2013,2.20304704
7/18/2013,2.83168
7/19/2013,2.8883136
7/20/2013,2.64195744
7/21/2013,2.67876928
7/22/2013,2.78637312
7/23/2013,2.8883136
7/24/2013,3.4546496
7/25/2013,3.5962336
7/26/2013,3.2847488
7/27/2013,3.256432
7/28/2013,3.2281152
7/29/2013,3.0582144
7/30/2013,2.9449472
7/31/2013,2.690096
8/1/2013,2.4494032
8/2/2013,2.10393824
8/3/2013,1.87740384
8/4/2013,1.76130496
8/5/2013,1.63387936
8/6/2013,1.55176064
8/7/2013,1.48946368
8/8/2013,1.44698848
8/9/2013,1.42150336
8/10/2013,1.50645376
8/11/2013,1.69334464
8/12/2013,1.78679008
8/13/2013,1.76130496
8/14/2013,1.82360192
8/15/2013,1.80094848
8/16/2013,1.69617632
8/17/2013,1.48946368
8/18/2013,1.31106784
8/19/2013,1.21195904
8/20/2013,1.14116704
8/21/2013,1.12417696
8/22/2013,1.1185136
8/23/2013,1.12417696
8/24/2013,1.05621664
8/25/2013,1.0477216
8/26/2013,1.10152352
8/27/2013,1.1751472
8/28/2013,1.19213728
8/29/2013,1.16948384
8/30/2013,1.12417696
8/31/2013,1.05338496
9/1/2013,1.01657312
9/2/2013,1.01090976
9/3/2013,1.03639488
9/4/2013,1.13833536
9/5/2013,1.21195904
9/6/2013,1.22894912
9/7/2013,1.15249376
9/8/2013,1.11568192
9/9/2013,1.10718688
9/10/2013,1.09869184
9/11/2013,1.07887008
9/12/2013,1.0477216
9/13/2013,1.0052464
9/14/2013,0.98259296
9/15/2013,1.01657312
9/16/2013,1.0194048
9/17/2013,0.991088
9/18/2013,0.95710784
9/19/2013,0.9344544
9/20/2013,1.48096864
9/21/2013,6.8526656
9/22/2013,8.7498912
9/23/2013,13.7619648
9/24/2013,10.2506816
9/25/2013,9.9391968
9/26/2013,8.6932576
9/27/2013,7.2491008
9/28/2013,5.8332608
9/29/2013,19.255424
9/30/2013,52.669248
10/1/2013,44.740544
10/2/2013,19.7084928
10/3/2013,11.7797888
10/4/2013,8.5799904
10/5/2013,6.3146464
10/6/2013,4.9271232
10/7/2013,4.24752
10/8/2013,3.9077184
10/9/2013,3.6528672
10/10/2013,3.2847488
10/11/2013,2.8883136
10/12/2013,3.256432
10/13/2013,6.8526656
10/14/2013,5.7766272
10/15/2013,4.6156384
10/16/2013,4.4457376
10/17/2013,3.9360352
10/18/2013,3.398016
10/19/2013,3.1997984
10/20/2013,3.398016
10/21/2013,3.6528672
10/22/2013,3.4263328
10/23/2013,3.1431648
10/24/2013,3.0015808
10/25/2013,3.0015808
10/26/2013,3.0865312
10/27/2013,3.3130656
10/28/2013,3.398016
10/29/2013,3.1714816
10/30/2013,11.5815712
10/31/2013,127.708768
11/1/2013,193.120576
11/2/2013,218.322528
11/3/2013,223.419552
11/4/2013,207.562144
11/5/2013,145.83152
11/6/2013,81.835552
11/7/2013,64.845472
11/8/2013,54.651424
11/9/2013,46.439552
11/10/2013,43.041536
11/11/2013,42.4752
11/12/2013,43.324704
11/13/2013,43.607872
11/14/2013,43.607872
11/15/2013,42.192032
11/16/2013,39.360352
11/17/2013,36.245504
11/18/2013,32.281152
11/19/2013,28.599968
11/20/2013,25.7966048
11/21/2013,23.4463104
11/22/2013,21.0110656
11/23/2013,19.1704736
11/24/2013,22.8233408
11/25/2013,33.413824
11/26/2013,90.61376
11/27/2013,135.637472
11/28/2013,143.849344
11/29/2013,128.558272
11/30/2013,120.3464
12/1/2013,122.328576
12/2/2013,124.877088
12/3/2013,124.877088
12/4/2013,122.611744
12/5/2013,118.647392
12/6/2013,111.85136
12/7/2013,104.205824
12/8/2013,98.825632
12/9/2013,95.427616
12/10/2013,92.595936
12/11/2013,90.047424
12/12/2013,87.78208
12/13/2013,85.799904
12/14/2013,84.667232
12/15/2013,83.817728
12/16/2013,83.53456
12/17/2013,79.853376
12/18/2013,76.172192
12/19/2013,72.20784
12/20/2013,67.96032
12/21/2013,78.720704
12/22/2013,132.239456
12/23/2013,127.142432
12/24/2013,99.958304
12/25/2013,82.968224
12/26/2013,80.136544
12/27/2013,77.304864
12/28/2013,73.62368
12/29/2013,70.792
12/30/2013,69.37616
12/31/2013,68.809824
1/1/2014,68.243488
1/2/2014,67.393984
1/3/2014,66.54448
1/4/2014,65.978144
1/5/2014,65.978144
1/6/2014,65.978144
1/7/2014,66.54448
1/8/2014,67.677152
1/9/2014,69.092992
1/10/2014,71.075168
1/11/2014,72.774176
1/12/2014,73.906848
1/13/2014,78.720704
1/14/2014,79.853376
1/15/2014,75.03952
1/16/2014,70.792
1/17/2014,66.54448
1/18/2014,60.031616
1/19/2014,51.253408
1/20/2014,43.607872
1/21/2014,37.944512
1/22/2014,33.98016
1/23/2014,31.431648
1/24/2014,30.582144
1/25/2014,30.298976
1/26/2014,30.582144
1/27/2014,30.865312
1/28/2014,30.298976
1/29/2014,29.166304
1/30/2014,28.0053152
1/31/2014,26.7310592
2/1/2014,25.2869024
2/2/2014,24.635616
2/3/2014,31.997984
2/4/2014,36.528672
2/5/2014,47.289056
2/6/2014,47.572224
2/7/2014,41.342528
2/8/2014,38.510848
2/9/2014,38.22768
2/10/2014,38.794016
2/11/2014,40.493024
2/12/2014,43.89104
2/13/2014,45.30688
2/14/2014,45.873216
2/15/2014,45.590048
2/16/2014,44.457376
2/17/2014,43.041536
2/18/2014,41.908864
2/19/2014,40.493024
2/20/2014,39.926688
2/21/2014,41.05936
2/22/2014,41.625696
2/23/2014,40.209856
2/24/2014,38.794016
2/25/2014,36.81184
2/26/2014,37.661344
2/27/2014,38.510848
2/28/2014,35.962336
3/1/2014,34.263328
3/2/2014,32.847488
3/3/2014,31.431648
3/4/2014,30.582144
3/5/2014,29.449472
3/6/2014,28.599968
3/7/2014,27.6655136
3/8/2014,26.9292768
3/9/2014,27.6655136
3/10/2014,30.015808
3/11/2014,33.413824
3/12/2014,37.095008
3/13/2014,39.360352
3/14/2014,39.926688
3/15/2014,39.926688
3/16/2014,81.552384
3/17/2014,116.665216
3/18/2014,120.063232
3/19/2014,103.922656
3/20/2014,96.560288
3/21/2014,94.294944
3/22/2014,91.746432
3/23/2014,88.065248
3/24/2014,82.11872
3/25/2014,71.924672
3/26/2014,58.898944
3/27/2014,45.590048
3/28/2014,37.944512
3/29/2014,36.528672
3/30/2014,39.077184
3/31/2014,39.360352
4/1/2014,37.661344
4/2/2014,38.794016
4/3/2014,41.05936
4/4/2014,42.758368
4/5/2014,41.908864
4/6/2014,39.360352
4/7/2014,45.873216
4/8/2014,86.36624
4/9/2014,106.471168
4/10/2014,99.391968
4/11/2014,94.011776
4/12/2014,80.70288
4/13/2014,62.580128
4/14/2014,55.784096
4/15/2014,52.952416
4/16/2014,48.13856
4/17/2014,45.873216
4/18/2014,47.005888
4/19/2014,49.5544
4/20/2014,51.819744
4/21/2014,53.518752
4/22/2014,53.518752
4/23/2014,50.97024
4/24/2014,45.590048
4/25/2014,38.510848
4/26/2014,31.997984
4/27/2014,27.325712
4/28/2014,24.3807648
4/29/2014,21.9172032
4/30/2014,19.7084928
5/1/2014,17.9528512
5/2/2014,17.131664
5/3/2014,17.0750304
5/4/2014,16.6219616
5/5/2014,15.432656
5/6/2014,14.299984
5/7/2014,13.4787968
5/8/2014,12.4877088
5/9/2014,11.4116704
5/10/2014,10.3639488
5/11/2014,10.5621664
5/12/2014,13.4221632
5/13/2014,18.0944352
5/14/2014,54.651424
5/15/2014,88.914752
5/16/2014,93.728608
5/17/2014,97.409792
5/18/2014,108.736512
5/19/2014,125.726592
5/20/2014,140.451328
5/21/2014,149.229536
5/22/2014,150.645376
5/23/2014,144.41568
5/24/2014,131.389952
5/25/2014,110.43552
5/26/2014,88.065248
5/27/2014,65.411808
5/28/2014,106.754336
5/29/2014,128.84144
5/30/2014,129.407776
5/31/2014,126.00976
6/1/2014,118.364224
6/2/2014,109.869184
6/3/2014,104.488992
6/4/2014,88.631584
6/5/2014,69.942496
6/6/2014,60.031616
6/7/2014,52.669248
6/8/2014,45.023712
6/9/2014,35.112832
6/10/2014,60.88112
6/11/2014,99.391968
6/12/2014,109.01968
6/13/2014,96.843456
6/14/2014,87.498912
6/15/2014,82.401888
6/16/2014,73.906848
6/17/2014,61.730624
6/18/2014,48.704896
6/19/2014,40.493024
6/20/2014,37.095008
6/21/2014,35.396
6/22/2014,33.696992
6/23/2014,30.865312
6/24/2014,27.325712
6/25/2014,28.1185824
6/26/2014,37.944512
6/27/2014,49.837568
6/28/2014,44.457376
6/29/2014,41.625696
6/30/2014,41.05936
7/1/2014,39.360352
7/2/2014,37.661344
7/3/2014,34.829664
7/4/2014,31.431648
7/5/2014,26.1080896
7/6/2014,22.9649248
7/7/2014,22.2853216
7/8/2014,18.9156224
7/9/2014,15.6308736
7/10/2014,13.592064
7/11/2014,12.5726592
7/12/2014,11.468304
7/13/2014,10.1374144
7/14/2014,8.8914752
7/15/2014,8.5233568
7/16/2014,11.3550368
7/17/2014,12.0912736
7/18/2014,12.7708768
7/19/2014,45.30688
7/20/2014,99.958304
7/21/2014,97.976128
7/22/2014,99.1088
7/23/2014,104.77216
7/24/2014,101.374144
7/25/2014,85.233568
7/26/2014,56.916768
7/27/2014,33.413824
7/28/2014,16.7918624
7/29/2014,13.3938464
7/30/2014,10.4488992
7/31/2014,8.9764256
8/1/2014,24.635616
8/2/2014,45.30688
8/3/2014,31.14848
8/4/2014,19.5102752
8/5/2014,15.3477056
8/6/2014,11.609888
8/7/2014,10.901968
8/8/2014,11.2984032
8/9/2014,11.468304
8/10/2014,10.901968
8/11/2014,10.052464
8/12/2014,9.3162272
8/13/2014,8.5516736
8/14/2014,7.8720704
8/15/2014,7.5889024
8/16/2014,6.7393984
8/17/2014,6.1164288
8/18/2014,5.7199936
8/19/2014,5.4651424
8/20/2014,5.4934592
8/21/2014,7.0225664
8/22/2014,6.5978144
8/23/2014,5.3235584
8/24/2014,4.7572224
8/25/2014,4.3607872
8/26/2014,4.1908864
8/27/2014,4.1625696
8/28/2014,3.9077184
8/29/2014,3.7944512
8/30/2014,3.8794016
8/31/2014,3.822768
9/1/2014,3.6528672
9/2/2014,3.5396
9/3/2014,3.398016
9/4/2014,3.3696992
9/5/2014,3.5112832
9/6/2014,3.5679168
9/7/2014,3.4829664
9/8/2014,3.4263328
9/9/2014,3.5112832
9/10/2014,3.7661344
9/11/2014,3.7095008
9/12/2014,3.964352
9/13/2014,3.964352
9/14/2014,3.8510848
9/15/2014,4.0209856
9/16/2014,4.7005888
9/17/2014,6.3146464
9/18/2014,13.2239456
9/19/2014,25.5134368
9/20/2014,12.8558272
9/21/2014,9.2879104
9/22/2014,7.928704
9/23/2014,8.0419712
9/24/2014,8.49504
9/25/2014,7.928704
9/26/2014,6.5978144
9/27/2014,5.380192
9/28/2014,4.4740544
9/29/2014,3.9077184
9/30/2014,3.5112832
10/1/2014,3.4263328
10/2/2014,4.0209856
10/3/2014,4.7855392
10/4/2014,3.9077184
10/5/2014,3.4829664
10/6/2014,3.822768
10/7/2014,5.7199936
10/8/2014,6.1447456
10/9/2014,5.7199936
10/10/2014,5.7766272
10/11/2014,5.380192
10/12/2014,5.2669248
10/13/2014,11.2984032
10/14/2014,35.112832
10/15/2014,23.3047264
10/16/2014,16.99008
10/17/2014,21.379184
10/18/2014,26.617792
10/19/2014,26.9859104
10/20/2014,23.644528
10/21/2014,18.40592
10/22/2014,14.1017664
10/23/2014,11.3550368
10/24/2014,9.5710784
10/25/2014,8.2968224
10/26/2014,7.3340512
10/27/2014,6.4845472
10/28/2014,5.7766272
10/29/2014,5.238608
10/30/2014,4.7855392
10/31/2014,4.4174208
11/1/2014,4.1342528
11/2/2014,3.9360352
11/3/2014,3.7661344
11/4/2014,3.681184
11/5/2014,3.7661344
11/6/2014,4.0209856
11/7/2014,4.105936
11/8/2014,4.1908864
11/9/2014,4.9271232
11/10/2014,8.9764256
11/11/2014,12.317808
11/12/2014,12.7142432
11/13/2014,11.8647392
11/14/2014,10.760384
11/15/2014,9.6560288
11/16/2014,9.7976128
11/17/2014,10.3639488
11/18/2014,11.1568192
11/19/2014,10.6471168
11/20/2014,8.8348416
11/21/2014,8.0136544
11/22/2014,7.7588032
11/23/2014,9.0896928
11/24/2014,9.627712
11/25/2014,17.273248
11/26/2014,30.015808
11/27/2014,36.81184
11/28/2014,43.041536
11/29/2014,48.421728
11/30/2014,52.38608
12/1/2014,55.21776
12/2/2014,52.669248
12/3/2014,39.64352
12/4/2014,24.8621504
12/5/2014,18.0094848
12/6/2014,15.7441408
12/7/2014,13.592064
12/8/2014,12.3461248
12/9/2014,11.4966208
12/10/2014,10.9302848
12/11/2014,10.5338496
12/12/2014,10.1374144
12/13/2014,9.769296
12/14/2014,9.4294944
12/15/2014,9.2595936
12/16/2014,9.1180096
12/17/2014,9.0896928
12/18/2014,9.0330592
12/19/2014,11.2984032
12/20/2014,19.7934432
12/21/2014,19.4536416
12/22/2014,17.7546336
12/23/2014,16.8201792
12/24/2014,18.1793856
12/25/2014,16.8768128
12/26/2014,15.6875072
12/27/2014,19.2271072
12/28/2014,31.714816
12/29/2014,40.776192
12/30/2014,45.873216
12/31/2014,39.926688
1/1/2015,36.245504
1/2/2015,62.863296
1/3/2015,229.649248
1/4/2015,305.82144
1/5/2015,276.371968
1/6/2015,249.18784
1/7/2015,222.853216
1/8/2015,210.393824
1/9/2015,203.314624
1/10/2015,190.005728
1/11/2015,170.183968
1/12/2015,161.972096
1/13/2015,149.795872
1/14/2015,137.053312
1/15/2015,124.59392
1/16/2015,112.134528
1/17/2015,102.506816
1/18/2015,97.126624
1/19/2015,95.427616
1/20/2015,94.86128
1/21/2015,94.578112
1/22/2015,104.205824
1/23/2015,171.599808
1/24/2015,182.360192
1/25/2015,176.696832
1/26/2015,150.645376
1/27/2015,141.300832
1/28/2015,142.150336
1/29/2015,146.964192
1/30/2015,152.91072
1/31/2015,158.007744
2/1/2015,161.972096
2/2/2015,163.104768
2/3/2015,156.591904
2/4/2015,143.849344
2/5/2015,129.974112
2/6/2015,112.984032
2/7/2015,94.578112
2/8/2015,76.172192
2/9/2015,61.447456
2/10/2015,52.38608
2/11/2015,47.289056
2/12/2015,43.89104
2/13/2015,40.776192
2/14/2015,37.661344
2/15/2015,34.829664
2/16/2015,33.696992
2/17/2015,34.263328
2/18/2015,35.962336
2/19/2015,38.22768
2/20/2015,39.077184
2/21/2015,39.64352
2/22/2015,39.360352
2/23/2015,38.794016
2/24/2015,38.510848
2/25/2015,39.360352
2/26/2015,39.64352
2/27/2015,39.64352
2/28/2015,39.64352
3/1/2015,39.64352
3/2/2015,42.4752
3/3/2015,43.041536
3/4/2015,44.174208
3/5/2015,46.72272
3/6/2015,51.536576
3/7/2015,56.067264
3/8/2015,58.615776
3/9/2015,119.496896
3/10/2015,208.694816
3/11/2015,229.932416
3/12/2015,258.532384
3/13/2015,305.82144
3/14/2015,331.30656
3/15/2015,373.78176
3/16/2015,393.60352
3/17/2015,393.60352
3/18/2015,387.94016
3/19/2015,387.94016
3/20/2015,379.44512
3/21/2015,419.08864
3/22/2015,492.71232
3/23/2015,526.69248
3/24/2015,543.68256
3/25/2015,538.0192
3/26/2015,526.69248
3/27/2015,509.7024
3/28/2015,487.04896
3/29/2015,453.0688
3/30/2015,413.42528
3/31/2015,376.61344
4/1/2015,339.8016
4/2/2015,302.98976
4/3/2015,269.292768
4/4/2015,236.44528
4/5/2015,214.075008
4/6/2015,206.146304
4/7/2015,200.766112
4/8/2015,193.686912
4/9/2015,180.944352
4/10/2015,167.635456
4/11/2015,154.043392
4/12/2015,142.150336
4/13/2015,140.734496
4/14/2015,141.300832
4/15/2015,138.75232
4/16/2015,128.84144
4/17/2015,161.122592
4/18/2015,166.219616
4/19/2015,157.15824
4/20/2015,129.124608
4/21/2015,117.797888
4/22/2015,114.68304
4/23/2015,122.894912
4/24/2015,138.185984
4/25/2015,163.104768
4/26/2015,175.847328
4/27/2015,199.350272
4/28/2015,230.215584
4/29/2015,244.657152
4/30/2015,257.399712
5/1/2015,266.17792
5/2/2015,278.637312
5/3/2015,294.49472
5/4/2015,311.4848
5/5/2015,325.6432
5/6/2015,331.30656
5/7/2015,328.47488
5/8/2015,314.31648
5/9/2015,291.66304
5/10/2015,266.17792
5/11/2015,252.585856
5/12/2015,257.68288
5/13/2015,294.49472
5/14/2015,365.28672
5/15/2015,433.24704
5/16/2015,492.71232
5/17/2015,495.544
5/18/2015,489.88064
5/19/2015,492.71232
5/20/2015,506.87072
5/21/2015,521.02912
5/22/2015,540.85088
5/23/2015,597.48448
5/24/2015,676.77152
5/25/2015,722.0784
5/26/2015,747.56352
5/27/2015,775.88032
5/28/2015,792.8704
5/29/2015,781.54368
5/30/2015,767.38528
5/31/2015,733.40512
6/1/2015,673.93984
6/2/2015,620.13792
6/3/2015,574.83104
6/4/2015,538.0192
6/5/2015,501.20736
6/6/2015,455.90048
6/7/2015,402.09856
6/8/2015,353.96
6/9/2015,311.4848
6/10/2015,279.203648
6/11/2015,256.550208
6/12/2015,241.259136
6/13/2015,229.36608
6/14/2015,217.756192
6/15/2015,205.2968
6/16/2015,192.55424
6/17/2015,194.536416
6/18/2015,252.302688
6/19/2015,308.65312
6/20/2015,370.95008
6/21/2015,404.93024
6/22/2015,416.25696
6/23/2015,413.42528
6/24/2015,387.94016
6/25/2015,348.29664
6/26/2015,302.98976
6/27/2015,255.983872
6/28/2015,199.63344
6/29/2015,135.637472
6/30/2015,97.126624
7/1/2015,90.330592
7/2/2015,85.799904
7/3/2015,79.28704
7/4/2015,73.906848
7/5/2015,66.261312
7/6/2015,59.748448
7/7/2015,53.80192
7/8/2015,48.421728
7/9/2015,43.89104
7/10/2015,39.360352
7/11/2015,34.546496
7/12/2015,30.015808
7/13/2015,25.768288
7/14/2015,22.1437376
7/15/2015,18.9439392
7/16/2015,16.4520608
7/17/2015,14.6681024
7/18/2015,13.2805792
7/19/2015,12.1479072
7/20/2015,11.2134528
7/21/2015,10.2506816
7/22/2015,9.2595936
7/23/2015,8.3817728
7/24/2015,7.6172192
7/25/2015,6.9942496
7/26/2015,6.4562304
7/27/2015,6.1730624
7/28/2015,5.5500928
7/29/2015,5.1536576
7/30/2015,4.8421728
7/31/2015,4.7289056
8/1/2015,4.5023712
8/2/2015,4.389104
8/3/2015,4.3324704
8/4/2015,4.3324704
8/5/2015,4.1625696
8/6/2015,4.0493024
8/7/2015,3.9926688
8/8/2015,3.9077184
8/9/2015,3.8510848
8/10/2015,3.7661344
8/11/2015,3.681184
8/12/2015,3.681184
8/13/2015,3.398016
8/14/2015,3.1714816
8/15/2015,3.0015808
8/16/2015,2.8883136
8/17/2015,2.9449472
8/18/2015,2.8883136
8/19/2015,2.68726432
8/20/2015,2.62213568
8/21/2015,2.61080896
8/22/2015,2.62213568
8/23/2015,2.55700704
8/24/2015,2.50037344
8/25/2015,2.77221472
8/26/2015,2.8599968
8/27/2015,2.973264
8/28/2015,3.0015808
8/29/2015,3.0582144
8/30/2015,3.1431648
8/31/2015,3.1997984
9/1/2015,3.1714816
9/2/2015,3.0298976
9/3/2015,2.8883136
9/4/2015,2.81468992
9/5/2015,2.83168
9/6/2015,2.7325712
9/7/2015,2.5626704
9/8/2015,2.47205664
9/9/2015,2.4494032
9/10/2015,2.8883136
9/11/2015,2.8033632
9/12/2015,2.8599968
9/13/2015,2.65328416
9/14/2015,2.40975968
9/15/2015,2.36728448
9/16/2015,2.41259136
9/17/2015,2.54284864
9/18/2015,2.79203648
9/19/2015,2.7892048
9/20/2015,2.59665056
9/21/2015,2.44090816
9/22/2015,2.31065088
9/23/2015,2.25684896
9/24/2015,2.22003712
9/25/2015,2.1803936
9/26/2015,2.1379184
9/27/2015,2.16057184
9/28/2015,2.3078192
9/29/2015,2.38710624
9/30/2015,2.34179936
10/1/2015,2.2511856
10/2/2015,2.12942336
10/3/2015,2.04730464
10/4/2015,2.00482944
10/5/2015,1.97651264
10/6/2015,1.95669088
10/7/2015,1.97368096
10/8/2015,1.99350272
10/9/2015,2.00482944
10/10/2015,1.97368096
10/11/2015,1.90855232
10/12/2015,1.89156224
10/13/2015,1.86607712
10/14/2015,1.82926528
10/15/2015,1.80944352
10/16/2015,1.77546336
10/17/2015,1.70467136
10/18/2015,1.69051296
10/19/2015,1.65936448
10/20/2015,1.63387936
10/21/2015,1.63387936
10/22/2015,1.64803776
10/23/2015,1.68201792
10/24/2015,1.6848496
10/25/2015,2.36162112
10/26/2015,3.8510848
10/27/2015,3.822768
10/28/2015,3.9926688
10/29/2015,5.521776
10/30/2015,5.5500928
10/31/2015,8.9764256
11/1/2015,15.3193888
11/2/2015,17.7263168
11/3/2015,18.830672
11/4/2015,20.4164128
11/5/2015,23.6162112
11/6/2015,25.1453184
11/7/2015,40.209856
11/8/2015,47.572224
11/9/2015,37.944512
11/10/2015,37.944512
11/11/2015,38.510848
11/12/2015,39.360352
11/13/2015,40.209856
11/14/2015,41.342528
11/15/2015,42.758368
11/16/2015,44.174208
11/17/2015,57.766272
11/18/2015,87.215744
11/19/2015,86.649408
11/20/2015,88.348416
11/21/2015,102.506816
11/22/2015,130.25728
11/23/2015,154.892896
11/24/2015,172.73248
11/25/2015,183.776032
11/26/2015,185.47504
11/27/2015,176.98
11/28/2015,159.140416
11/29/2015,139.884992
11/30/2015,127.142432
12/1/2015,118.364224
12/2/2015,111.85136
12/3/2015,105.904832
12/4/2015,100.807808
12/5/2015,97.409792
12/6/2015,95.427616
12/7/2015,94.294944
12/8/2015,93.162272
12/9/2015,90.61376
12/10/2015,87.498912
12/11/2015,83.251392
12/12/2015,79.003872
12/13/2015,84.9504
12/14/2015,133.08896
12/15/2015,137.33648
12/16/2015,136.486976
12/17/2015,148.096864
12/18/2015,158.857248
12/19/2015,167.352288
12/20/2015,173.865152
12/21/2015,181.510688
12/22/2015,192.271072
12/23/2015,201.898784
12/24/2015,207.562144
12/25/2015,207.278976
12/26/2015,205.579968
12/27/2015,214.924512
12/28/2015,264.76208
12/29/2015,300.15808
12/30/2015,334.13824
12/31/2015,351.12832
1/1/2016,348.29664
1/2/2016,339.8016
1/3/2016,334.13824
1/4/2016,328.47488
1/5/2016,322.81152
1/6/2016,311.4848
1/7/2016,322.81152
1/8/2016,339.8016
1/9/2016,390.77184
1/10/2016,447.40544
1/11/2016,487.04896
1/12/2016,495.544
1/13/2016,478.55392
1/14/2016,447.40544
1/15/2016,404.93024
1/16/2016,359.62336
1/17/2016,317.14816
1/18/2016,279.203648
1/19/2016,244.94032
1/20/2016,216.340352
1/21/2016,196.235424
1/22/2016,185.47504
1/23/2016,172.166144
1/24/2016,158.57408
1/25/2016,148.946368
1/26/2016,141.300832
1/27/2016,133.938464
1/28/2016,125.160256
1/29/2016,116.09888
1/30/2016,107.320672
1/31/2016,99.1088
2/1/2016,91.180096
2/2/2016,83.817728
2/3/2016,76.172192
2/4/2016,69.37616
2/5/2016,63.995968
2/6/2016,59.748448
2/7/2016,56.350432
2/8/2016,53.518752
2/9/2016,50.403904
2/10/2016,47.289056
2/11/2016,44.457376
2/12/2016,42.192032
2/13/2016,40.209856
2/14/2016,38.794016
2/15/2016,37.095008
2/16/2016,35.396
2/17/2016,34.263328
2/18/2016,33.130656
2/19/2016,31.997984
2/20/2016,30.582144
2/21/2016,29.166304
2/22/2016,34.263328
2/23/2016,76.45536
2/24/2016,141.584
2/25/2016,145.548352
2/26/2016,131.389952
2/27/2016,124.877088
2/28/2016,117.51472
2/29/2016,102.789984
3/1/2016,83.251392
3/2/2016,65.694976
3/3/2016,53.518752
3/4/2016,46.72272
3/5/2016,44.174208
3/6/2016,43.324704
3/7/2016,43.041536
3/8/2016,43.89104
3/9/2016,107.037504
3/10/2016,376.61344
3/11/2016,495.544
3/12/2016,535.18752
3/13/2016,571.99936
3/14/2016,586.15776
3/15/2016,569.16768
3/16/2016,532.35584
3/17/2016,489.88064
3/18/2016,433.24704
3/19/2016,385.10848
3/20/2016,393.60352
3/21/2016,444.57376
3/22/2016,484.21728
3/23/2016,489.88064
3/24/2016,478.55392
3/25/2016,450.23712
3/26/2016,410.5936
3/27/2016,368.1184
3/28/2016,325.6432
3/29/2016,285.99968
3/30/2016,250.037344
3/31/2016,218.03936
4/1/2016,193.120576
4/2/2016,170.750304
4/3/2016,152.91072
4/4/2016,138.75232
4/5/2016,126.576096
4/6/2016,114.68304
4/7/2016,103.35632
4/8/2016,92.312768
4/9/2016,80.70288
4/10/2016,68.809824
4/11/2016,57.766272
4/12/2016,49.5544
4/13/2016,45.873216
4/14/2016,44.174208
4/15/2016,43.89104
4/16/2016,42.758368
4/17/2016,41.625696
4/18/2016,48.988064
4/19/2016,97.126624
4/20/2016,186.324544
4/21/2016,217.473024
4/22/2016,244.94032
4/23/2016,246.35616
4/24/2016,235.312608
4/25/2016,229.649248
4/26/2016,230.215584
4/27/2016,237.577952
4/28/2016,242.10864
4/29/2016,236.44528
4/30/2016,285.99968
5/1/2016,336.96992
5/2/2016,370.95008
5/3/2016,396.4352
5/4/2016,404.93024
5/5/2016,427.58368
5/6/2016,450.23712
5/7/2016,447.40544
5/8/2016,433.24704
5/9/2016,421.92032
5/10/2016,413.42528
5/11/2016,393.60352
5/12/2016,365.28672
5/13/2016,328.47488
5/14/2016,294.49472
5/15/2016,268.443264
5/16/2016,241.542304
5/17/2016,220.304704
5/18/2016,201.898784
5/19/2016,180.661184
5/20/2016,159.706752
5/21/2016,142.433504
5/22/2016,129.124608
5/23/2016,115.815712
5/24/2016,103.073152
5/25/2016,90.330592
5/26/2016,78.720704
5/27/2016,201.898784
5/28/2016,478.55392
5/29/2016,603.14784
5/30/2016,792.8704
5/31/2016,818.35552
6/1/2016,727.74176
6/2/2016,637.128
6/3/2016,566.336
6/4/2016,509.7024
6/5/2016,464.39552
6/6/2016,419.08864
6/7/2016,376.61344
6/8/2016,334.13824
6/9/2016,294.49472
6/10/2016,268.443264
6/11/2016,253.152192
6/12/2016,238.710624
6/13/2016,224.269056
6/14/2016,210.393824
6/15/2016,195.952256
6/16/2016,176.98
6/17/2016,152.91072
6/18/2016,134.787968
6/19/2016,122.894912
6/20/2016,115.249376
6/21/2016,113.833536
6/22/2016,118.081056
6/23/2016,129.690944
6/24/2016,143.849344
6/25/2016,154.043392
6/26/2016,156.308736
6/27/2016,149.512704
6/28/2016,139.318656
6/29/2016,124.59392
6/30/2016,109.302848
7/1/2016,88.631584
7/2/2016,58.898944
7/3/2016,35.679168
7/4/2016,26.8443264
7/5/2016,22.7100736
7/6/2016,19.8500768
7/7/2016,17.6413664
7/8/2016,15.715824
7/9/2016,14.299984
7/10/2016,13.308896
7/11/2016,12.1479072
7/12/2016,11.2700864
7/13/2016,10.5621664
7/14/2016,10.3922656
7/15/2016,10.052464
7/16/2016,9.3162272
7/17/2016,8.6932576
7/18/2016,8.070288
7/19/2016,7.8437536
7/20/2016,7.503952
7/21/2016,6.9659328
7/22/2016,6.5694976
7/23/2016,6.2863296
7/24/2016,5.946528
7/25/2016,5.7199936
7/26/2016,5.9748448
7/27/2016,9.3162272
7/28/2016,9.0047424
7/29/2016,7.9570208
7/30/2016,7.1075168
7/31/2016,6.9659328
8/1/2016,6.7677152
8/2/2016,6.5694976
8/3/2016,6.2863296
8/4/2016,6.0031616
8/5/2016,5.7483104
8/6/2016,5.380192
8/7/2016,5.0687072
8/8/2016,4.8421728
8/9/2016,4.6439552
8/10/2016,4.389104
8/11/2016,4.1908864
8/12/2016,4.0493024
8/13/2016,4.0493024
8/14/2016,5.1819744
8/15/2016,8.0136544
8/16/2016,14.5265184
8/17/2016,31.14848
8/18/2016,40.209856
8/19/2016,32.56432
8/20/2016,27.8070976
8/21/2016,30.298976
8/22/2016,39.360352
8/23/2016,46.72272
8/24/2016,43.607872
8/25/2016,40.776192
8/26/2016,37.378176
8/27/2016,37.378176
8/28/2016,45.30688
8/29/2016,62.29696
8/30/2016,73.906848
8/31/2016,71.075168
9/1/2016,65.978144
9/2/2016,57.766272
9/3/2016,45.023712
9/4/2016,35.112832
9/5/2016,27.467296
9/6/2016,21.0110656
9/7/2016,16.5370112
9/8/2016,13.45048
9/9/2016,12.03464
9/10/2016,12.600976
9/11/2016,12.176224
9/12/2016,12.317808
9/13/2016,13.6486976
9/14/2016,13.592064
9/15/2016,12.4310752
9/16/2016,12.600976
9/17/2016,11.4116704
9/18/2016,9.0047424
9/19/2016,7.645536
9/20/2016,6.9942496
9/21/2016,6.512864
9/22/2016,6.1164288
9/23/2016,5.8332608
9/24/2016,5.6067264
9/25/2016,5.380192
9/26/2016,5.2102912
9/27/2016,5.4085088
9/28/2016,6.6261312
9/29/2016,7.4473184
9/30/2016,7.503952
10/1/2016,7.1641504
10/2/2016,7.1358336
10/3/2016,6.937616
10/4/2016,6.6827648
10/5/2016,6.4279136
10/6/2016,6.0314784
10/7/2016,5.6916768
10/8/2016,5.3518752
10/9/2016,5.0120736
10/10/2016,4.7572224
10/11/2016,4.6439552
10/12/2016,4.4740544
10/13/2016,4.3041536
10/14/2016,4.2192032
10/15/2016,4.105936
10/16/2016,4.1342528
10/17/2016,8.9481088
10/18/2016,15.2627552
10/19/2016,13.592064
10/20/2016,10.3922656
10/21/2016,8.1835552
10/22/2016,6.8243488
10/23/2016,6.0314784
10/24/2016,5.5500928
10/25/2016,5.2102912
10/26/2016,4.8704896
10/27/2016,4.5590048
10/28/2016,4.3041536
10/29/2016,4.105936
10/30/2016,3.9360352
10/31/2016,3.7944512
11/1/2016,3.7095008
11/2/2016,3.6528672
11/3/2016,3.5679168
11/4/2016,3.5112832
11/5/2016,3.4829664
11/6/2016,3.4546496
11/7/2016,3.7095008
11/8/2016,4.0776192
11/9/2016,3.9077184
11/10/2016,4.2192032
11/11/2016,4.4740544
11/12/2016,4.4174208
11/13/2016,4.4174208
11/14/2016,4.389104
11/15/2016,4.3324704
11/16/2016,4.2758368
11/17/2016,4.1625696
11/18/2016,4.0209856
11/19/2016,3.9077184
11/20/2016,3.822768
11/21/2016,3.7095008
11/22/2016,3.6245504
11/23/2016,3.9360352
11/24/2016,4.5590048
11/25/2016,4.2758368
11/26/2016,5.5500928
11/27/2016,8.49504
11/28/2016,12.884144
11/29/2016,14.7813696
11/30/2016,13.7619648
12/1/2016,12.4027584
12/2/2016,12.2045408
12/3/2016,12.8558272
12/4/2016,21.1243328
12/5/2016,52.669248
12/6/2016,72.491008
12/7/2016,82.11872
12/8/2016,87.78208
12/9/2016,89.764256
12/10/2016,85.233568
12/11/2016,69.659328
12/12/2016,49.271232
12/13/2016,33.413824
12/14/2016,24.1259136
12/15/2016,19.255424
12/16/2016,16.4803776
12/17/2016,14.583152
12/18/2016,13.3372128
12/19/2016,12.4027584
12/20/2016,11.7797888
12/21/2016,11.2417696
12/22/2016,10.8453344
12/23/2016,10.5338496
12/24/2016,10.1657312
12/25/2016,9.8542464
12/26/2016,9.7126624
12/27/2016,9.6843456
12/28/2016,9.6560288
12/29/2016,9.6843456
12/30/2016,9.7409792
12/31/2016,9.9675136
1/1/2017,10.3073152
1/2/2017,12.1479072
1/3/2017,18.5758208
1/4/2017,22.511856
1/5/2017,22.3985888
1/6/2017,20.3597792
1/7/2017,17.9245344
1/8/2017,16.1122592
1/9/2017,14.6964192
1/10/2017,13.592064
1/11/2017,12.7708768
1/12/2017,12.0912736
1/13/2017,11.5815712
1/14/2017,11.32672
1/15/2017,11.2700864
1/16/2017,11.4116704
1/17/2017,13.5637472
1/18/2017,55.784096
1/19/2017,141.867168
1/20/2017,170.183968
1/21/2017,193.120576
1/22/2017,189.72256
1/23/2017,189.439392
1/24/2017,193.403744
1/25/2017,193.120576
1/26/2017,178.962176
1/27/2017,144.698848
1/28/2017,106.754336
1/29/2017,84.667232
1/30/2017,74.756352
1/31/2017,70.508832
2/1/2017,67.110816
2/2/2017,62.580128
2/3/2017,55.784096
2/4/2017,49.271232
2/5/2017,44.457376
2/6/2017,40.776192
2/7/2017,37.378176
2/8/2017,34.263328
2/9/2017,31.997984
2/10/2017,30.298976
2/11/2017,29.166304
2/12/2017,27.6938304
2/13/2017,26.1364064
2/14/2017,25.48512
2/15/2017,27.5522464
2/16/2017,35.396
2/17/2017,41.05936
2/18/2017,41.625696
2/19/2017,40.209856
2/20/2017,39.64352
2/21/2017,49.271232
2/22/2017,63.995968
2/23/2017,71.924672
2/24/2017,78.437536
2/25/2017,86.083072
2/26/2017,91.463264
2/27/2017,94.011776
2/28/2017,92.312768
3/1/2017,84.384064
3/2/2017,75.03952
3/3/2017,68.526656
3/4/2017,63.7128
3/5/2017,58.898944
3/6/2017,55.21776
3/7/2017,57.199936
3/8/2017,69.37616
3/9/2017,71.075168
3/10/2017,64.845472
3/11/2017,69.37616
3/12/2017,62.580128
3/13/2017,59.46528
3/14/2017,56.067264
3/15/2017,51.536576
3/16/2017,47.855392
3/17/2017,43.607872
3/18/2017,39.926688
3/19/2017,36.245504
3/20/2017,33.130656
3/21/2017,30.865312
3/22/2017,28.3168
3/23/2017,25.909872
3/24/2017,24.06928
3/25/2017,53.235584
3/26/2017,47.005888
3/27/2017,39.64352
3/28/2017,37.661344
3/29/2017,31.997984
3/30/2017,37.944512
3/31/2017,31.997984
4/1/2017,30.015808
4/2/2017,35.112832
4/3/2017,46.72272
4/4/2017,68.243488
4/5/2017,84.9504
4/6/2017,96.560288
4/7/2017,100.52464
4/8/2017,96.843456
4/9/2017,91.746432
4/10/2017,87.78208
4/11/2017,86.083072
4/12/2017,87.78208
4/13/2017,88.348416
4/14/2017,82.685056
4/15/2017,70.792
4/16/2017,63.7128
4/17/2017,67.677152
4/18/2017,77.304864
4/19/2017,87.498912
4/20/2017,90.61376
4/21/2017,88.348416
4/22/2017,79.570208
4/23/2017,67.393984
4/24/2017,55.500928
4/25/2017,42.758368
4/26/2017,31.714816
4/27/2017,25.5983872
4/28/2017,21.8605696
4/29/2017,20.2181952
4/30/2017,21.7473024
5/1/2017,19.255424
5/2/2017,16.6785952
5/3/2017,22.795024
5/4/2017,68.809824
5/5/2017,40.493024
5/6/2017,28.599968
5/7/2017,23.36136
5/8/2017,18.4342368
5/9/2017,14.8946368
5/10/2017,13.1389952
5/11/2017,13.3938464
5/12/2017,14.1584
5/13/2017,13.3938464
5/14/2017,12.5160256
5/15/2017,18.9439392
5/16/2017,27.9486816
5/17/2017,33.413824
5/18/2017,33.696992
5/19/2017,28.599968
5/20/2017,22.6817568
5/21/2017,18.972256
5/22/2017,60.031616
5/23/2017,154.892896
5/24/2017,186.607712
5/25/2017,188.873056
5/26/2017,170.183968
5/27/2017,137.053312
5/28/2017,116.665216
5/29/2017,132.522624
5/30/2017,138.75232
5/31/2017,133.655296
6/1/2017,129.407776
6/2/2017,132.239456
6/3/2017,142.99984
6/4/2017,183.492864
6/5/2017,196.80176
6/6/2017,212.092832
6/7/2017,230.215584
6/8/2017,235.02944
6/9/2017,233.330432
6/10/2017,222.28688
6/11/2017,201.615616
6/12/2017,167.635456
6/13/2017,129.974112
6/14/2017,105.338496
6/15/2017,91.180096
6/16/2017,83.53456
6/17/2017,79.28704
6/18/2017,76.45536
6/19/2017,74.756352
6/20/2017,73.906848
6/21/2017,72.491008
6/22/2017,70.792
6/23/2017,68.526656
6/24/2017,68.243488
6/25/2017,82.685056
6/26/2017,94.011776
6/27/2017,73.340512
6/28/2017,60.031616
6/29/2017,54.085088
6/30/2017,46.156384
7/1/2017,39.077184
7/2/2017,33.98016
7/3/2017,29.166304
7/4/2017,24.2958144
7/5/2017,20.5863136
7/6/2017,17.9245344
7/7/2017,15.998992
7/8/2017,15.2627552
7/9/2017,16.9334464
7/10/2017,18.7740384
7/11/2017,26.6461088
7/12/2017,26.9859104
7/13/2017,25.48512
7/14/2017,26.0231392
7/15/2017,22.8799744
7/16/2017,21.7756192
7/17/2017,25.3152192
7/18/2017,30.582144
7/19/2017,30.582144
7/20/2017,27.0142272
7/21/2017,22.1720544
7/22/2017,18.1793856
7/23/2017,15.7441408
7/24/2017,14.5548352
7/25/2017,15.2061216
7/26/2017,25.7116544
7/27/2017,40.776192
7/28/2017,56.067264
7/29/2017,67.677152
7/30/2017,76.45536
7/31/2017,82.11872
8/1/2017,76.738528
8/2/2017,45.30688
8/3/2017,21.3225504
8/4/2017,14.1867168
8/5/2017,11.5815712
8/6/2017,10.1374144
8/7/2017,10.335632
8/8/2017,11.6665216
8/9/2017,14.3849344
8/10/2017,22.0304704
8/11/2017,27.7221472
8/12/2017,29.449472
8/13/2017,27.4956128
8/14/2017,21.8605696
8/15/2017,16.3387936
8/16/2017,13.0540448
8/17/2017,11.2417696
8/18/2017,9.91088
8/19/2017,9.4011776
8/20/2017,11.4116704
8/21/2017,16.2255264
8/22/2017,20.2748288
8/23/2017,22.4835392
8/24/2017,23.5878944
8/25/2017,24.352448
8/26/2017,26.4195744
8/27/2017,56.067264
8/28/2017,257.399712
8/29/2017,427.58368
8/30/2017,744.73184
8/31/2017,1056.21664
9/1/2017,1059.04832
9/2/2017,957.10784
9/3/2017,778.712
9/4/2017,617.30624
9/5/2017,518.19744
9/6/2017,433.24704
9/7/2017,345.46496
9/8/2017,237.294784
9/9/2017,101.090976
9/10/2017,53.80192
9/11/2017,34.263328
9/12/2017,25.0886848
9/13/2017,20.2748288
9/14/2017,17.414832
9/15/2017,15.2627552
9/16/2017,13.3655296
9/17/2017,11.9213728
9/18/2017,12.0629568
9/19/2017,19.397008
9/20/2017,14.6681024
9/21/2017,12.4310752
9/22/2017,13.0540448
9/23/2017,10.9869184
9/24/2017,11.6948384
9/25/2017,11.7231552
9/26/2017,10.2223648
9/27/2017,9.0896928
9/28/2017,8.2401888
9/29/2017,7.5889024
9/30/2017,7.0508832
10/1/2017,6.6261312
10/2/2017,6.3429632
10/3/2017,6.1447456
10/4/2017,6.0314784
10/5/2017,5.8332608
10/6/2017,5.5784096
10/7/2017,5.4085088
10/8/2017,5.1819744
10/9/2017,5.0403904
10/10/2017,4.8704896
10/11/2017,4.8421728
10/12/2017,4.8421728
10/13/2017,4.8988064
10/14/2017,4.8988064
10/15/2017,4.7289056
10/16/2017,4.4457376
10/17/2017,4.24752
10/18/2017,4.1342528
10/19/2017,4.0493024
10/20/2017,4.105936
10/21/2017,4.105936
10/22/2017,4.5023712
10/23/2017,4.9837568
10/24/2017,4.9837568
10/25/2017,5.238608
10/26/2017,5.5784096
10/27/2017,5.6916768
10/28/2017,5.8898944
10/29/2017,6.0314784
10/30/2017,5.9182112
10/31/2017,5.8332608
11/1/2017,6.8809824
11/2/2017,7.362368
11/3/2017,10.2789984
11/4/2017,16.0273088
11/5/2017,15.857408
11/6/2017,14.0734496
11/7/2017,13.1389952
11/8/2017,11.7231552
11/9/2017,10.0241472
11/10/2017,8.7215744
11/11/2017,7.8720704
11/12/2017,7.3057344
11/13/2017,7.0225664
11/14/2017,6.8809824
11/15/2017,6.937616
11/16/2017,7.0508832
11/17/2017,7.2491008
11/18/2017,7.2491008
11/19/2017,7.0508832
11/20/2017,6.8243488
11/21/2017,6.6827648
11/22/2017,6.3995968
11/23/2017,6.1447456
11/24/2017,5.9182112
11/25/2017,5.6350432
11/26/2017,5.4085088
11/27/2017,5.238608
11/28/2017,5.1536576
11/29/2017,5.097024
11/30/2017,5.0403904
12/1/2017,4.95544
12/2/2017,4.8988064
12/3/2017,4.9271232
12/4/2017,5.0687072
12/5/2017,5.946528
12/6/2017,5.8615776
12/7/2017,5.946528
12/8/2017,5.946528
12/9/2017,6.0314784
12/10/2017,6.0314784
12/11/2017,6.37128
12/12/2017,6.6827648
12/13/2017,6.8243488
12/14/2017,6.796032
12/15/2017,6.654448
12/16/2017,6.4845472
12/17/2017,7.220784
12/18/2017,7.503952
12/19/2017,8.6649408
12/20/2017,11.9780064
12/21/2017,13.1106784
12/22/2017,17.2449312
12/23/2017,25.5417536
12/24/2017,31.431648
12/25/2017,36.245504
12/26/2017,42.4752
12/27/2017,52.952416
12/28/2017,58.04944
12/29/2017,62.863296
12/30/2017,65.12864
12/31/2017,57.483104
1/1/2018,39.360352
1/2/2018,27.4106624
1/3/2018,21.5490848
1/4/2018,18.547504
1/5/2018,16.5370112
1/6/2018,15.007904
1/7/2018,14.2150336
1/8/2018,22.4552224
1/9/2018,25.3718528
1/10/2018,23.6162112
1/11/2018,25.6833376
1/12/2018,47.572224
1/13/2018,47.289056
1/14/2018,46.156384
1/15/2018,43.607872
1/16/2018,39.077184
1/17/2018,33.696992
1/18/2018,28.599968
1/19/2018,25.5417536
1/20/2018,24.210864
1/21/2018,22.7383904
1/22/2018,40.776192
1/23/2018,30.582144
1/24/2018,25.7116544
1/25/2018,23.0498752
1/26/2018,20.246512
1/27/2018,32.56432
1/28/2018,59.46528
1/29/2018,55.21776
1/30/2018,49.837568
1/31/2018,43.041536
2/1/2018,35.396
2/2/2018,29.449472
2/3/2018,24.9471008
2/4/2018,23.8710624
2/5/2018,23.5878944
2/6/2018,22.8516576
2/7/2018,23.502944
2/8/2018,31.714816
2/9/2018,36.81184
2/10/2018,75.03952
2/11/2018,160.839424
2/12/2018,163.954272
2/13/2018,128.558272
2/14/2018,93.728608
2/15/2018,81.552384
2/16/2018,75.03952
2/17/2018,65.12864
2/18/2018,56.6336
2/19/2018,52.952416
2/20/2018,50.687072
2/21/2018,97.409792
2/22/2018,277.787808
2/23/2018,294.49472
2/24/2018,314.31648
2/25/2018,370.95008
2/26/2018,484.21728
2/27/2018,498.37568
2/28/2018,498.37568
3/1/2018,461.56384
3/2/2018,404.93024
3/3/2018,348.29664
3/4/2018,291.66304
3/5/2018,238.144288
3/6/2018,195.102752
3/7/2018,162.255264
3/8/2018,141.300832
3/9/2018,131.956288
3/10/2018,128.558272
3/11/2018,131.106784
3/12/2018,137.33648
3/13/2018,145.548352
3/14/2018,153.760224
3/15/2018,159.423584
3/16/2018,161.122592
3/17/2018,159.706752
3/18/2018,155.7424
3/19/2018,152.91072
3/20/2018,145.548352
3/21/2018,136.486976
3/22/2018,127.4256
3/23/2018,118.647392
3/24/2018,109.302848
3/25/2018,99.958304
3/26/2018,90.896928
3/27/2018,80.70288
3/28/2018,108.170176
3/29/2018,376.61344
3/30/2018,447.40544
3/31/2018,535.18752
4/1/2018,574.83104
4/2/2018,555.00928
4/3/2018,509.7024
4/4/2018,453.0688
4/5/2018,390.77184
4/6/2018,336.96992
4/7/2018,314.31648
4/8/2018,294.49472
4/9/2018,274.389792
4/10/2018,254.568032
4/11/2018,231.914592
4/12/2018,205.863136
4/13/2018,173.298816
4/14/2018,159.706752
4/15/2018,163.954272
4/16/2018,155.459232
4/17/2018,142.150336
4/18/2018,129.690944
4/19/2018,114.116704
4/20/2018,98.542464
4/21/2018,86.083072
4/22/2018,82.11872
4/23/2018,74.473184
4/24/2018,62.29696
4/25/2018,52.38608
4/26/2018,47.855392
4/27/2018,47.289056
4/28/2018,47.289056
4/29/2018,46.72272
4/30/2018,44.740544
5/1/2018,41.342528
5/2/2018,36.81184
5/3/2018,32.281152
5/4/2018,28.599968
5/5/2018,30.865312
5/6/2018,26.334624
5/7/2018,22.8233408
5/8/2018,20.954432
5/9/2018,22.511856
5/10/2018,23.8710624
5/11/2018,23.5878944
5/12/2018,22.8516576
5/13/2018,21.5490848
5/14/2018,19.9067104
5/15/2018,18.0378016
5/16/2018,16.1122592
5/17/2018,14.5265184
5/18/2018,13.308896
5/19/2018,12.3461248
5/20/2018,11.751472
5/21/2018,12.8558272
5/22/2018,13.1956288
5/23/2018,12.9124608
5/24/2018,12.2045408
5/25/2018,11.1001856
5/26/2018,10.8453344
5/27/2018,11.5249376
5/28/2018,10.6188
5/29/2018,9.5144448
5/30/2018,8.7215744
5/31/2018,8.1269216
6/1/2018,7.6738528
6/2/2018,7.3906848
6/3/2018,7.1924672
6/4/2018,8.5799904
6/5/2018,7.0508832
6/6/2018,6.3995968
6/7/2018,5.9182112
6/8/2018,5.4368256
6/9/2018,5.0687072
6/10/2018,4.813856
6/11/2018,4.9271232
6/12/2018,4.8421728
6/13/2018,4.813856
6/14/2018,4.5873216
6/15/2018,4.389104
6/16/2018,4.3041536
6/17/2018,4.3324704
6/18/2018,4.3324704
6/19/2018,4.530688
6/20/2018,4.5873216
6/21/2018,5.6916768
6/22/2018,4.8704896
6/23/2018,4.2192032
6/24/2018,3.8794016
6/25/2018,3.7661344
6/26/2018,4.24752
6/27/2018,5.2952416
6/28/2018,5.5500928
6/29/2018,5.3235584
6/30/2018,4.9837568
7/1/2018,4.5023712
7/2/2018,3.964352
7/3/2018,4.4457376
7/4/2018,5.9182112
7/5/2018,4.813856
7/6/2018,4.389104
7/7/2018,4.6156384
7/8/2018,5.2102912
7/9/2018,10.7320672
7/10/2018,35.112832
7/11/2018,31.714816
7/12/2018,16.3954272
7/13/2018,18.4342368
7/14/2018,12.8558272
7/15/2018,8.353456
7/16/2018,7.3340512
7/17/2018,6.8526656
7/18/2018,6.088112
7/19/2018,5.3235584
7/20/2018,4.7572224
7/21/2018,4.389104
7/22/2018,4.105936
7/23/2018,3.8510848
7/24/2018,3.6245504
7/25/2018,3.3696992
7/26/2018,3.1431648
7/27/2018,2.9449472
7/28/2018,2.81185824
7/29/2018,2.75522464
7/30/2018,2.690096
7/31/2018,6.37128
8/1/2018,39.926688
8/2/2018,75.605856
8/3/2018,31.431648
8/4/2018,18.4342368
8/5/2018,11.1568192
8/6/2018,7.3906848
8/7/2018,8.778208
8/8/2018,7.2491008
8/9/2018,5.7199936
8/10/2018,4.7289056
8/11/2018,4.389104
8/12/2018,4.4457376
8/13/2018,4.4174208
8/14/2018,4.8704896
8/15/2018,4.5023712
8/16/2018,4.0776192
8/17/2018,3.8794016
8/18/2018,3.7944512
8/19/2018,3.6245504
8/20/2018,3.5679168
8/21/2018,3.5679168
8/22/2018,3.5396
8/23/2018,3.3696992
8/24/2018,3.114848
8/25/2018,2.9449472
8/26/2018,2.74956128
8/27/2018,2.64195744
8/28/2018,2.74956128
8/29/2018,3.0015808
8/30/2018,2.80902656
8/31/2018,2.52585856
9/1/2018,2.4635616
9/2/2018,2.56550208
9/3/2018,3.681184
9/4/2018,5.1536576
9/5/2018,5.6916768
9/6/2018,3.8794016
9/7/2018,3.681184
9/8/2018,3.4829664
9/9/2018,6.7677152
9/10/2018,21.3225504
9/11/2018,59.46528
9/12/2018,30.582144
9/13/2018,27.0991776
9/14/2018,35.112832
9/15/2018,24.8338336
9/16/2018,30.298976
9/17/2018,23.5595776
9/18/2018,15.998992
9/19/2018,10.477216
9/20/2018,7.928704
9/21/2018,6.9942496
9/22/2018,8.8631584
9/23/2018,18.8873056
9/24/2018,42.758368
9/25/2018,32.56432
9/26/2018,24.1259136
9/27/2018,56.350432
9/28/2018,75.03952
9/29/2018,50.120736
9/30/2018,50.97024
10/1/2018,107.887008
10/2/2018,98.542464
10/3/2018,49.5544
10/4/2018,33.130656
10/5/2018,23.2480928
10/6/2018,15.1211712
10/7/2018,11.185136
10/8/2018,9.769296
10/9/2018,10.2506816
10/10/2018,15.6875072
10/11/2018,14.4698848
10/12/2018,14.1017664
10/13/2018,14.0451328
10/14/2018,12.2894912
10/15/2018,12.8558272
10/16/2018,77.8712
10/17/2018,182.64336
10/18/2018,255.417536
10/19/2018,362.45504
10/20/2018,427.58368
10/21/2018,427.58368
10/22/2018,396.4352
10/23/2018,351.12832
10/24/2018,305.82144
10/25/2018,280.053152
10/26/2018,259.09872
10/27/2018,243.52448
10/28/2018,229.649248
10/29/2018,218.888864
10/30/2018,206.995808
10/31/2018,186.89088
11/1/2018,190.288896
11/2/2018,186.041376
11/3/2018,162.538432
11/4/2018,144.698848
11/5/2018,161.972096
11/6/2018,180.661184
11/7/2018,178.962176
11/8/2018,176.413664
11/9/2018,173.865152
11/10/2018,169.334464
11/11/2018,155.459232
11/12/2018,160.839424
11/13/2018,182.926528
11/14/2018,196.518592
11/15/2018,186.607712
11/16/2018,186.324544
11/17/2018,191.987904
11/18/2018,193.403744
11/19/2018,193.97008
11/20/2018,205.863136
11/21/2018,206.71264
11/22/2018,199.916608
11/23/2018,192.271072
11/24/2018,187.174048
11/25/2018,182.64336
11/26/2018,179.528512
11/27/2018,177.546336
11/28/2018,174.997824
11/29/2018,170.750304
11/30/2018,164.23744
12/1/2018,156.308736
12/2/2018,148.380032
12/3/2018,139.884992
12/4/2018,130.823616
12/5/2018,121.479072
12/6/2018,111.85136
12/7/2018,109.586016
12/8/2018,302.98976
12/9/2018,430.41536
12/10/2018,557.84096
12/11/2018,622.9696
12/12/2018,620.13792
12/13/2018,583.32608
12/14/2018,546.51424
12/15/2018,509.7024
12/16/2018,472.89056
12/17/2018,430.41536
12/18/2018,399.26688
12/19/2018,382.2768
12/20/2018,382.2768
12/21/2018,376.61344
12/22/2018,362.45504
12/23/2018,345.46496
12/24/2018,322.81152
12/25/2018,302.98976
12/26/2018,279.769984
12/27/2018,322.81152
12/28/2018,396.4352
12/29/2018,470.05888
12/30/2018,532.35584
12/31/2018,583.32608
1/1/2019,594.6528
1/2/2019,577.66272
1/3/2019,600.31616
1/4/2019,628.63296
1/5/2019,642.79136
1/6/2019,628.63296
1/7/2019,603.14784
1/8/2019,574.83104
1/9/2019,546.51424
1/10/2019,526.69248
1/11/2019,506.87072
1/12/2019,495.544
1/13/2019,484.21728
1/14/2019,458.73216
1/15/2019,424.752
1/16/2019,390.77184
1/17/2019,356.79168
1/18/2019,325.6432
1/19/2019,305.82144
1/20/2019,297.3264
1/21/2019,274.106624
1/22/2019,253.152192
1/23/2019,276.938304
1/24/2019,308.65312
1/25/2019,325.6432
1/26/2019,345.46496
1/27/2019,345.46496
1/28/2019,336.96992
1/29/2019,322.81152
1/30/2019,300.15808
1/31/2019,268.726432
2/1/2019,237.577952
2/2/2019,202.748288
2/3/2019,165.370112
2/4/2019,139.884992
2/5/2019,125.443424
2/6/2019,114.68304
2/7/2019,106.471168
2/8/2019,99.958304
2/9/2019,93.728608
2/10/2019,89.19792
2/11/2019,86.36624
2/12/2019,118.081056
2/13/2019,150.928544
2/14/2019,147.813696
2/15/2019,123.744416
2/16/2019,105.904832
2/17/2019,94.294944
2/18/2019,89.481088
2/19/2019,94.578112
2/20/2019,123.461248
2/21/2019,134.221632
2/22/2019,145.548352
2/23/2019,163.387936
2/24/2019,188.30672
2/25/2019,183.776032
2/26/2019,156.025568
2/27/2019,133.372128
2/28/2019,126.00976
3/1/2019,121.76224
3/2/2019,115.532544
3/3/2019,109.302848
3/4/2019,104.205824
3/5/2019,99.391968
3/6/2019,96.560288
3/7/2019,96.27712
3/8/2019,98.542464
3/9/2019,102.223648
3/10/2019,107.60384
3/11/2019,112.984032
3/12/2019,116.382048
3/13/2019,134.221632
3/14/2019,201.332448
3/15/2019,203.597792
3/16/2019,188.873056
3/17/2019,167.06912
3/18/2019,148.6632
3/19/2019,131.389952
3/20/2019,115.532544
3/21/2019,103.35632
3/22/2019,95.427616
3/23/2019,91.180096
3/24/2019,88.631584
3/25/2019,86.36624
3/26/2019,84.100896
3/27/2019,80.986048
3/28/2019,77.8712
3/29/2019,75.03952
3/30/2019,72.774176
3/31/2019,70.508832
4/1/2019,68.243488
4/2/2019,65.694976
4/3/2019,62.863296
4/4/2019,59.748448
4/5/2019,60.88112
4/6/2019,63.429632
4/7/2019,62.013792
4/8/2019,85.799904
4/9/2019,114.116704
4/10/2019,126.292928
4/11/2019,121.479072
4/12/2019,109.01968
4/13/2019,97.409792
4/14/2019,91.180096
4/15/2019,89.481088
4/16/2019,90.047424
4/17/2019,92.312768
4/18/2019,114.116704
4/19/2019,168.48496
4/20/2019,186.324544
4/21/2019,182.360192
4/22/2019,179.528512
4/23/2019,178.39584
4/24/2019,173.298816
4/25/2019,178.39584
4/26/2019,178.962176
4/27/2019,167.635456
4/28/2019,159.423584
4/29/2019,154.32656
4/30/2019,148.096864
5/1/2019,141.300832
5/2/2019,139.035488
5/3/2019,150.645376
5/4/2019,173.581984
5/5/2019,199.350272
5/6/2019,222.570048
5/7/2019,268.726432
5/8/2019,314.31648
5/9/2019,365.28672
5/10/2019,438.9104
5/11/2019,504.03904
5/12/2019,532.35584
5/13/2019,549.34592
5/14/2019,563.50432
5/15/2019,560.67264
5/16/2019,540.85088
5/17/2019,515.36576
5/18/2019,484.21728
5/19/2019,458.73216
5/20/2019,421.92032
5/21/2019,393.60352
5/22/2019,368.1184
5/23/2019,339.8016
5/24/2019,328.47488
5/25/2019,373.78176
5/26/2019,436.07872
5/27/2019,467.2272
5/28/2019,455.90048
5/29/2019,419.08864
5/30/2019,385.10848
5/31/2019,348.29664
6/1/2019,319.97984
6/2/2019,280.619488
6/3/2019,255.417536
6/4/2019,233.047264
6/5/2019,208.977984
6/6/2019,187.174048
6/7/2019,167.918624
6/8/2019,147.530528
6/9/2019,128.275104
6/10/2019,112.984032
6/11/2019,101.94048
6/12/2019,92.879104
6/13/2019,86.649408
6/14/2019,83.53456
6/15/2019,81.552384
6/16/2019,98.259296
6/17/2019,172.166144
6/18/2019,176.696832
6/19/2019,178.112672
6/20/2019,193.97008
6/21/2019,204.730464
6/22/2019,206.429472
6/23/2019,203.031456
6/24/2019,239.560128
6/25/2019,232.764096
6/26/2019,215.490848
6/27/2019,201.615616
6/28/2019,196.518592
6/29/2019,200.482944
6/30/2019,240.6928
7/1/2019,246.922496
7/2/2019,220.304704
7/3/2019,178.679008
7/4/2019,150.362208
7/5/2019,136.486976
7/6/2019,128.275104
7/7/2019,122.894912
7/8/2019,118.647392
7/9/2019,114.399872
7/10/2019,110.152352
7/11/2019,105.621664
7/12/2019,100.807808
7/13/2019,95.427616
7/14/2019,89.19792
7/15/2019,80.136544
7/16/2019,67.96032
7/17/2019,55.500928
7/18/2019,46.439552
7/19/2019,39.926688
7/20/2019,35.396
7/21/2019,32.281152
7/22/2019,29.449472
7/23/2019,26.334624
7/24/2019,23.0498752
7/25/2019,20.104928
7/26/2019,17.8112672
7/27/2019,16.0556256
7/28/2019,14.6681024
7/29/2019,13.7902816
7/30/2019,14.4132512
7/31/2019,15.5176064
8/1/2019,14.5548352
8/2/2019,14.6397856
8/3/2019,13.592064
8/4/2019,12.7708768
8/5/2019,15.1778048
8/6/2019,16.1972096
8/7/2019,16.565328
8/8/2019,15.4892896
8/9/2019,13.3655296
8/10/2019,12.0912736
8/11/2019,11.2417696
8/12/2019,10.5055328
8/13/2019,9.7126624
8/14/2019,9.20296
8/15/2019,9.6560288
8/16/2019,10.1657312
8/17/2019,9.1746432
8/18/2019,8.49504
8/19/2019,7.5322688
8/20/2019,6.8809824
8/21/2019,6.4562304
8/22/2019,6.0597952
8/23/2019,6.2580128
8/24/2019,7.0792
8/25/2019,6.9092992
8/26/2019,6.2013792
8/27/2019,5.7766272
8/28/2019,5.8332608
8/29/2019,6.1447456
8/30/2019,5.8615776
8/31/2019,6.229696
9/1/2019,11.1001856
9/2/2019,14.2150336
9/3/2019,12.3744416
9/4/2019,9.8542464
9/5/2019,8.1835552
9/6/2019,7.1075168
9/7/2019,6.3146464
9/8/2019,5.6916768
9/9/2019,5.2952416
9/10/2019,5.097024
9/11/2019,4.8704896
9/12/2019,4.7855392
9/13/2019,5.0120736
9/14/2019,5.238608
9/15/2019,4.7855392
9/16/2019,4.4740544
9/17/2019,4.4457376
9/18/2019,6.1447456
9/19/2019,27.0142272
9/20/2019,70.792
9/21/2019,59.46528
9/22/2019,31.431648
9/23/2019,19.0855232
9/24/2019,12.6292928
9/25/2019,11.32672
9/26/2019,9.7976128
9/27/2019,8.353456
9/28/2019,7.3057344
9/29/2019,6.5411808
9/30/2019,6.0597952
10/1/2019,5.6350432
10/2/2019,5.1819744
10/3/2019,4.9837568
10/4/2019,5.0687072
10/5/2019,5.2669248
10/6/2019,5.521776
10/7/2019,4.9837568
10/8/2019,4.5590048
10/9/2019,4.5590048
10/10/2019,4.4174208
10/11/2019,4.3607872
10/12/2019,4.813856
10/13/2019,5.7766272
10/14/2019,81.552384
10/15/2019,174.431488
10/16/2019,175.847328
10/17/2019,156.025568
10/18/2019,118.93056
10/19/2019,80.136544
10/20/2019,54.085088
10/21/2019,60.314784
10/22/2019,68.526656
10/23/2019,43.89104
10/24/2019,27.9486816
10/25/2019,33.98016
10/26/2019,58.04944
10/27/2019,52.102912
10/28/2019,37.378176
10/29/2019,28.2318496
10/30/2019,27.1558112
10/31/2019,30.015808
11/1/2019,35.679168
11/2/2019,35.396
11/3/2019,30.582144
11/4/2019,25.4568032
11/5/2019,20.1615616
11/6/2019,16.3954272
11/7/2019,14.1584
11/8/2019,12.5160256
11/9/2019,11.2417696
11/10/2019,10.3639488
11/11/2019,9.6843456
11/12/2019,8.9481088
11/13/2019,8.4384064
11/14/2019,8.49504
11/15/2019,9.0047424
11/16/2019,9.4011776
11/17/2019,9.5427616
11/18/2019,9.5710784
11/19/2019,9.627712
11/20/2019,9.6843456
11/21/2019,9.5710784
11/22/2019,9.6560288
11/23/2019,9.5710784
11/24/2019,9.5427616
11/25/2019,10.3639488
11/26/2019,10.335632
11/27/2019,9.6560288
11/28/2019,9.2879104
11/29/2019,9.1746432
11/30/2019,9.1463264
12/1/2019,8.8631584
12/2/2019,9.4011776
12/3/2019,10.2506816
12/4/2019,9.3162272
12/5/2019,8.8914752
12/6/2019,8.778208
12/7/2019,8.778208
12/8/2019,8.8065248
12/9/2019,8.8348416
12/10/2019,9.0330592
12/11/2019,9.7126624
12/12/2019,10.6471168
12/13/2019,13.6203808
12/14/2019,13.45048
12/15/2019,12.2611744
12/16/2019,11.7231552
12/17/2019,11.7797888
12/18/2019,12.1479072
12/19/2019,12.03464
12/20/2019,11.9780064
12/21/2019,11.2984032
12/22/2019,10.6188
12/23/2019,10.0241472
12/24/2019,9.5710784
12/25/2019,9.2312768
12/26/2019,8.9764256
12/27/2019,8.919792
12/28/2019,9.0330592
12/29/2019,12.317808
12/30/2019,31.997984
12/31/2019,37.378176
1/1/2020,29.449472
1/2/2020,23.8710624
1/3/2020,30.582144
1/4/2020,52.952416
1/5/2020,44.740544
1/6/2020,33.696992
1/7/2020,25.9381888
1/8/2020,19.7084928
1/9/2020,16.1972096
1/10/2020,14.4698848
1/11/2020,51.253408
1/12/2020,73.057344
1/13/2020,75.605856
1/14/2020,67.393984
1/15/2020,117.797888
1/16/2020,160.556256
1/17/2020,135.637472
1/18/2020,96.843456
1/19/2020,72.491008
1/20/2020,49.5544
1/21/2020,34.829664
1/22/2020,28.883136
1/23/2020,45.590048
1/24/2020,82.968224
1/25/2020,89.481088
1/26/2020,81.269216
1/27/2020,82.11872
1/28/2020,73.340512
1/29/2020,71.358336
1/30/2020,77.021696
1/31/2020,64.562304
2/1/2020,50.687072
2/2/2020,40.776192
2/3/2020,34.829664
2/4/2020,30.865312
2/5/2020,28.3168
2/6/2020,30.582144
2/7/2020,28.3168
2/8/2020,24.635616
2/9/2020,22.228688
2/10/2020,22.0587872
2/11/2020,23.5595776
2/12/2020,26.9575936
2/13/2020,47.855392
2/14/2020,70.792
2/15/2020,74.190016
2/16/2020,79.28704
2/17/2020,83.817728
2/18/2020,86.649408
2/19/2020,91.463264
2/20/2020,115.532544
2/21/2020,142.99984
2/22/2020,146.964192
2/23/2020,140.16816
2/24/2020,146.397856
2/25/2020,161.688928
2/26/2020,160.556256
2/27/2020,161.122592
2/28/2020,167.06912
2/29/2020,178.962176
3/1/2020,195.102752
3/2/2020,210.110656
3/3/2020,222.003712
3/4/2020,229.082912
3/5/2020,235.02944
3/6/2020,242.674976
3/7/2020,248.621504
3/8/2020,242.10864
3/9/2020,228.233408
3/10/2020,214.924512
3/11/2020,203.88096
3/12/2020,191.421568
3/13/2020,175.280992
3/14/2020,160.273088
3/15/2020,150.362208
3/16/2020,144.982016
3/17/2020,142.716672
3/18/2020,144.132512
3/19/2020,141.867168
3/20/2020,146.681024
3/21/2020,179.245344
3/22/2020,213.225504
3/23/2020,239.560128
3/24/2020,262.779904
3/25/2020,263.912576
3/26/2020,246.922496
3/27/2020,220.87104
3/28/2020,193.403744
3/29/2020,170.467136
3/30/2020,153.760224
3/31/2020,140.451328
4/1/2020,132.805792
4/2/2020,129.407776
4/3/2020,128.84144
4/4/2020,130.540448
4/5/2020,134.221632
4/6/2020,137.619648
4/7/2020,139.884992
4/8/2020,140.451328
4/9/2020,140.451328
4/10/2020,162.8216
4/11/2020,156.025568
4/12/2020,152.627552
4/13/2020,154.609728
4/14/2020,149.795872
4/15/2020,137.902816
4/16/2020,125.160256
4/17/2020,113.2672
4/18/2020,105.904832
4/19/2020,104.205824
4/20/2020,112.984032
4/21/2020,136.203808
4/22/2020,143.849344
4/23/2020,178.679008
4/24/2020,175.847328
4/25/2020,169.334464
4/26/2020,166.219616
4/27/2020,163.387936
4/28/2020,167.06912
4/29/2020,192.837408
4/30/2020,214.075008
5/1/2020,221.720544
5/2/2020,227.100736
5/3/2020,223.985888
5/4/2020,210.393824
5/5/2020,188.023552
5/6/2020,161.122592
5/7/2020,140.451328
5/8/2020,127.708768
5/9/2020,116.665216
5/10/2020,106.188
5/11/2020,95.710784
5/12/2020,84.667232
5/13/2020,71.641504
5/14/2020,59.46528
5/15/2020,51.536576
5/16/2020,43.041536
5/17/2020,38.22768
5/18/2020,35.962336
5/19/2020,36.528672
5/20/2020,36.245504
5/21/2020,32.56432
5/22/2020,29.449472
5/23/2020,27.0142272
5/24/2020,41.342528
5/25/2020,133.08896
5/26/2020,74.756352
5/27/2020,54.934592
5/28/2020,65.411808
5/29/2020,71.358336
5/30/2020,60.314784
5/31/2020,58.332608
6/1/2020,54.934592
6/2/2020,50.120736
6/3/2020,44.740544
6/4/2020,39.64352
6/5/2020,34.829664
6/6/2020,31.14848
6/7/2020,28.3168
6/8/2020,25.7399712
6/9/2020,23.3330432
6/10/2020,20.9827488
6/11/2020,18.7457216
6/12/2020,16.423744
6/13/2020,14.7813696
6/14/2020,13.7053312
6/15/2020,12.7991936
6/16/2020,11.893056
6/17/2020,10.9302848
6/18/2020,10.3073152
6/19/2020,9.4011776
6/20/2020,8.5516736
6/21/2020,7.78712
6/22/2020,7.362368
6/23/2020,7.0225664
6/24/2020,11.1001856
6/25/2020,65.411808
6/26/2020,51.536576
6/27/2020,30.298976
6/28/2020,35.679168
6/29/2020,43.89104
6/30/2020,50.403904
7/1/2020,47.855392
7/2/2020,31.997984
7/3/2020,20.812848
7/4/2020,16.28216
7/5/2020,13.3938464
7/6/2020,12.5726592
7/7/2020,12.7991936
7/8/2020,12.5726592
7/9/2020,13.3655296
7/10/2020,13.5071136
7/11/2020,13.6486976
7/12/2020,15.5459232
7/13/2020,18.8023552
7/14/2020,21.8888864
7/15/2020,25.060368
7/16/2020,28.0619488
7/17/2020,31.14848
7/18/2020,33.98016
7/19/2020,36.245504
7/20/2020,38.510848
7/21/2020,39.926688
7/22/2020,40.493024
7/23/2020,39.360352
7/24/2020,35.679168
7/25/2020,30.865312
7/26/2020,26.7310592
7/27/2020,22.7383904
7/28/2020,19.680176
7/29/2020,21.9738368
7/30/2020,21.8322528
7/31/2020,16.7352288
8/1/2020,15.1211712
8/2/2020,13.9884992
8/3/2020,12.884144
8/4/2020,12.2328576
8/5/2020,11.043552
8/6/2020,9.769296
8/7/2020,8.5233568
8/8/2020,7.6172192
8/9/2020,6.9942496
8/10/2020,6.5978144
8/11/2020,6.6827648
8/12/2020,6.0597952
8/13/2020,5.4368256
8/14/2020,5.097024
8/15/2020,4.813856
8/16/2020,4.5590048
8/17/2020,4.3324704
8/18/2020,4.389104
8/19/2020,4.7855392
8/20/2020,5.380192
8/21/2020,5.1819744
8/22/2020,4.7855392
8/23/2020,5.1253408
8/24/2020,5.804944
8/25/2020,6.5978144
8/26/2020,6.4562304
8/27/2020,6.4562304
8/28/2020,6.7677152
8/29/2020,6.9942496
8/30/2020,6.654448
8/31/2020,6.2863296
9/1/2020,6.1730624
9/2/2020,5.5784096
9/3/2020,5.2669248
9/4/2020,6.0031616
9/5/2020,7.0225664
9/6/2020,7.5889024
9/7/2020,7.9853376
9/8/2020,11.9213728
9/9/2020,18.3492864
9/10/2020,22.228688
9/11/2020,24.352448
9/12/2020,26.1080896
9/13/2020,27.0142272
9/14/2020,27.60888
9/15/2020,27.4956128
9/16/2020,27.2690784
9/17/2020,27.0991776
9/18/2020,27.0708608
9/19/2020,27.2124448
9/20/2020,27.4389792
9/21/2020,27.6938304
9/22/2020,27.4106624
9/23/2020,34.546496
9/24/2020,42.758368
9/25/2020,35.962336
9/26/2020,30.015808
9/27/2020,24.6072992
9/28/2020,21.3225504
9/29/2020,19.5952256
9/30/2020,19.538592
10/1/2020,19.9350272
10/2/2020,19.5952256
10/3/2020,18.3776032
10/4/2020,16.9051296
10/5/2020,15.8857248
10/6/2020,15.149488
10/7/2020,14.1867168
10/8/2020,13.1106784
10/9/2020,12.74256
10/10/2020,12.5443424
10/11/2020,10.9586016
10/12/2020,10.2223648
10/13/2020,9.7126624
10/14/2020,9.20296
10/15/2020,8.8631584
10/16/2020,8.49504
10/17/2020,8.2685056
10/18/2020,8.0136544
10/19/2020,7.645536
10/20/2020,7.2491008
10/21/2020,6.8526656
10/22/2020,6.5411808
10/23/2020,7.4756352
10/24/2020,12.1479072
10/25/2020,7.4473184
10/26/2020,6.796032
10/27/2020,6.5411808
10/28/2020,6.4279136
10/29/2020,6.3995968
10/30/2020,6.512864
10/31/2020,6.8243488
11/1/2020,7.503952
11/2/2020,7.9853376
11/3/2020,8.3251392
11/4/2020,8.5799904
11/5/2020,8.6649408
11/6/2020,8.5233568
11/7/2020,8.2968224
11/8/2020,7.9853376
11/9/2020,7.7021696
11/10/2020,7.362368
11/11/2020,6.9942496
11/12/2020,6.654448
11/13/2020,6.4562304
11/14/2020,6.37128
11/15/2020,6.229696
11/16/2020,6.088112
11/17/2020,6.088112
11/18/2020,5.8898944
11/19/2020,5.6350432
11/20/2020,5.521776
11/21/2020,5.521776
11/22/2020,5.5784096
11/23/2020,5.7483104
11/24/2020,6.0314784
11/25/2020,6.2580128
11/26/2020,6.1447456
11/27/2020,9.5427616
11/28/2020,12.459392
11/29/2020,13.167312
11/30/2020,14.016816
12/1/2020,13.45048
12/2/2020,12.459392
12/3/2020,17.556416
12/4/2020,18.2077024
12/5/2020,18.2077024
12/6/2020,16.8201792
12/7/2020,13.7902816
12/8/2020,12.5726592
12/9/2020,11.9780064
12/10/2020,11.2984032
12/11/2020,11.0718688
12/12/2020,20.3031456
12/13/2020,24.5506656
12/14/2020,30.582144
12/15/2020,27.1274944
12/16/2020,21.0110656
12/17/2020,17.5280992
12/18/2020,16.5370112
12/19/2020,19.963344
12/20/2020,31.431648
12/21/2020,33.98016
12/22/2020,35.679168
12/23/2020,32.281152
12/24/2020,34.829664
12/25/2020,27.5805632
12/26/2020,25.0037344
12/27/2020,23.2480928
12/28/2020,21.2942336
12/29/2020,19.538592
12/30/2020,18.4625536
12/31/2020,48.13856
1/1/2021,161.40576
1/2/2021,170.750304
1/3/2021,147.530528
1/4/2021,116.382048
1/5/2021,101.090976
1/6/2021,85.516736
1/7/2021,95.144448
1/8/2021,118.081056
1/9/2021,106.471168
1/10/2021,96.843456
1/11/2021,122.045408
1/12/2021,130.823616
1/13/2021,122.611744
1/14/2021,114.966208
1/15/2021,107.887008
1/16/2021,100.807808
1/17/2021,95.427616
1/18/2021,92.312768
1/19/2021,91.180096
1/20/2021,91.180096
1/21/2021,93.44544
1/22/2021,107.887008
1/23/2021,125.726592
1/24/2021,125.726592
1/25/2021,126.292928
1/26/2021,125.160256
1/27/2021,120.629568
1/28/2021,114.116704
1/29/2021,106.471168
1/30/2021,98.542464
1/31/2021,90.61376
2/1/2021,82.685056
2/2/2021,75.889024
2/3/2021,70.792
2/4/2021,66.827648
2/5/2021,63.429632
2/6/2021,60.597952
2/7/2021,57.483104
2/8/2021,54.651424
2/9/2021,51.536576
2/10/2021,48.988064
2/11/2021,48.13856
2/12/2021,46.156384
2/13/2021,44.740544
2/14/2021,40.776192
2/15/2021,37.944512
2/16/2021,36.245504
2/17/2021,51.536576
2/18/2021,133.372128
2/19/2021,174.997824
2/20/2021,167.635456
2/21/2021,149.229536
2/22/2021,142.99984
2/23/2021,133.655296
2/24/2021,119.496896
2/25/2021,104.488992
2/26/2021,90.047424
2/27/2021,79.853376
2/28/2021,73.340512
3/1/2021,69.659328
3/2/2021,93.162272
3/3/2021,119.213728
3/4/2021,116.09888
3/5/2021,106.754336
3/6/2021,103.922656
3/7/2021,101.090976
3/8/2021,96.843456
3/9/2021,92.0296
3/10/2021,89.19792
3/11/2021,87.498912
3/12/2021,85.516736
3/13/2021,82.685056
3/14/2021,80.136544
3/15/2021,79.003872
3/16/2021,80.136544
3/17/2021,82.968224
3/18/2021,84.100896
3/19/2021,83.251392
3/20/2021,82.968224
3/21/2021,82.685056
3/22/2021,80.986048
3/23/2021,82.11872
3/24/2021,93.44544
3/25/2021,84.384064
3/26/2021,78.154368
3/27/2021,71.641504
3/28/2021,65.694976
3/29/2021,60.597952
3/30/2021,56.6336
3/31/2021,54.085088
4/1/2021,52.38608
4/2/2021,52.102912
4/3/2021,53.518752
4/4/2021,55.784096
4/5/2021,58.332608
4/6/2021,60.314784
4/7/2021,60.314784
4/8/2021,69.37616
4/9/2021,93.162272
4/10/2021,69.942496
4/11/2021,45.590048
4/12/2021,41.05936
4/13/2021,39.926688
4/14/2021,37.944512
4/15/2021,36.528672
4/16/2021,48.988064
4/17/2021,79.853376
4/18/2021,88.065248
4/19/2021,68.526656
4/20/2021,57.766272
4/21/2021,54.934592
4/22/2021,55.500928
4/23/2021,100.807808
4/24/2021,308.65312
4/25/2021,283.168
4/26/2021,245.506656
4/27/2021,188.30672
4/28/2021,138.469152
4/29/2021,106.188
4/30/2021,155.176064
5/1/2021,251.736352
5/2/2021,317.14816
5/3/2021,370.95008
5/4/2021,387.94016
5/5/2021,379.44512
5/6/2021,385.10848
5/7/2021,410.5936
5/8/2021,413.42528
5/9/2021,396.4352
5/10/2021,399.26688
5/11/2021,419.08864
5/12/2021,447.40544
5/13/2021,464.39552
5/14/2021,509.7024
5/15/2021,538.0192
5/16/2021,540.85088
5/17/2021,523.8608
5/18/2021,495.544
5/19/2021,487.04896
5/20/2021,498.37568
5/21/2021,512.53408
5/22/2021,538.0192
5/23/2021,574.83104
5/24/2021,634.29632
5/25/2021,642.79136
5/26/2021,631.46464
5/27/2021,600.31616
5/28/2021,600.31616
5/29/2021,586.15776
5/30/2021,560.67264
5/31/2021,532.35584
6/1/2021,504.03904
6/2/2021,472.89056
6/3/2021,441.74208
6/4/2021,410.5936
6/5/2021,379.44512
6/6/2021,362.45504
6/7/2021,385.10848
6/8/2021,430.41536
6/9/2021,453.0688
6/10/2021,464.39552
6/11/2021,461.56384
6/12/2021,438.9104
6/13/2021,404.93024
6/14/2021,365.28672
6/15/2021,322.81152
6/16/2021,283.168
6/17/2021,243.807648
6/18/2021,208.12848
6/19/2021,178.679008
6/20/2021,157.441408
6/21/2021,142.433504
6/22/2021,151.211712
6/23/2021,121.76224
6/24/2021,103.922656
6/25/2021,94.578112
6/26/2021,91.180096
6/27/2021,95.144448
6/28/2021,93.162272
6/29/2021,81.269216
6/30/2021,59.182112
7/1/2021,42.758368
7/2/2021,37.095008
7/3/2021,37.661344
7/4/2021,39.077184
7/5/2021,36.528672
7/6/2021,60.88112
7/7/2021,51.819744
7/8/2021,55.21776
7/9/2021,51.536576
7/10/2021,50.687072
7/11/2021,50.403904
7/12/2021,47.572224
7/13/2021,39.077184
7/14/2021,39.360352
7/15/2021,58.332608
7/16/2021,73.057344
7/17/2021,85.516736
7/18/2021,94.011776
7/19/2021,103.35632
7/20/2021,120.063232
7/21/2021,132.522624
7/22/2021,140.734496
7/23/2021,141.867168
7/24/2021,134.221632
7/25/2021,118.364224
7/26/2021,98.259296
7/27/2021,79.853376
7/28/2021,66.827648
7/29/2021,58.332608
7/30/2021,53.80192
7/31/2021,52.38608
8/1/2021,52.102912
8/2/2021,54.651424
8/3/2021,58.04944
8/4/2021,60.597952
8/5/2021,62.580128
8/6/2021,62.863296
8/7/2021,60.314784
8/8/2021,56.916768
8/9/2021,54.651424
8/10/2021,53.518752
8/11/2021,50.403904
8/12/2021,43.324704
8/13/2021,36.245504
8/14/2021,31.714816
8/15/2021,27.60888
8/16/2021,22.9082912
8/17/2021,19.4536416
8/18/2021,17.2449312
8/19/2021,15.857408
8/20/2021,14.8946368
8/21/2021,15.149488
8/22/2021,17.1033472
8/23/2021,18.547504
8/24/2021,18.7174048
8/25/2021,19.0005728
8/26/2021,20.5863136
8/27/2021,23.1914592
8/28/2021,25.8532384
8/29/2021,29.166304
8/30/2021,30.865312
8/31/2021,32.847488
9/1/2021,34.829664
9/2/2021,36.245504
9/3/2021,37.095008
9/4/2021,36.245504
9/5/2021,33.98016
9/6/2021,30.582144
9/7/2021,25.9665056
9/8/2021,21.4924512
9/9/2021,17.7546336
9/10/2021,15.0362208
9/11/2021,13.1956288
9/12/2021,11.8364224
9/13/2021,11.751472
9/14/2021,11.5249376
9/15/2021,10.1374144
9/16/2021,9.20296
9/17/2021,8.636624
9/18/2021,8.2685056
9/19/2021,7.6738528
9/20/2021,7.2774176
9/21/2021,7.0225664
9/22/2021,6.8243488
9/23/2021,6.5978144
9/24/2021,6.512864
9/25/2021,6.2863296
9/26/2021,6.0314784
9/27/2021,5.804944
9/28/2021,5.66336
9/29/2021,5.521776
9/30/2021,5.5784096
10/1/2021,5.9182112
10/2/2021,6.37128
10/3/2021,6.3429632
10/4/2021,6.3146464
10/5/2021,6.4279136
10/6/2021,6.2013792
10/7/2021,5.9182112
10/8/2021,5.8332608
10/9/2021,5.7766272
10/10/2021,5.6067264
10/11/2021,5.9748448
10/12/2021,5.9182112
10/13/2021,5.6350432
10/14/2021,5.7766272
10/15/2021,6.0031616
10/16/2021,5.6350432
10/17/2021,5.5500928
10/18/2021,5.6916768
10/19/2021,5.804944
10/20/2021,5.946528
10/21/2021,6.0597952
10/22/2021,6.088112
10/23/2021,6.1447456
10/24/2021,6.2863296
10/25/2021,6.0597952
10/26/2021,5.7483104
10/27/2021,5.9748448
10/28/2021,6.1164288
10/29/2021,5.3235584
10/30/2021,5.2669248
10/31/2021,5.5784096
11/1/2021,5.4934592
11/2/2021,5.4368256
11/3/2021,5.9182112
11/4/2021,6.6261312
11/5/2021,6.4845472
11/6/2021,6.4845472
11/7/2021,6.7677152
11/8/2021,6.654448
11/9/2021,6.37128
11/10/2021,6.229696
11/11/2021,7.0225664
11/12/2021,8.8065248
11/13/2021,9.1463264
11/14/2021,9.8259296
11/15/2021,10.2223648
11/16/2021,10.8453344
11/17/2021,11.2417696
11/18/2021,11.1285024
11/19/2021,10.901968
11/20/2021,10.6754336
11/21/2021,10.2223648
11/22/2021,9.5993952
11/23/2021,8.5516736
11/24/2021,7.9570208
11/25/2021,7.7304864
11/26/2021,7.78712
11/27/2021,7.8154368
11/28/2021,8.5516736
11/29/2021,9.0330592
11/30/2021,9.20296
12/1/2021,10.1090976
12/2/2021,10.5055328
12/3/2021,10.7887008
12/4/2021,10.8736512
12/5/2021,10.7037504
12/6/2021,10.9586016
12/7/2021,11.5532544
12/8/2021,10.7887008
12/9/2021,12.1479072
12/10/2021,11.609888
12/11/2021,10.4488992
12/12/2021,10.2506816
12/13/2021,9.5144448
12/14/2021,10.0241472
12/15/2021,10.2223648
12/16/2021,9.7976128
12/17/2021,9.4578112
12/18/2021,10.7037504
12/19/2021,19.4253248
12/20/2021,16.848496
12/21/2021,19.7368096
12/22/2021,19.7934432
12/23/2021,18.547504
12/24/2021,18.0094848
12/25/2021,18.0661184
12/26/2021,18.4625536
12/27/2021,18.3776032
12/28/2021,17.4997824
12/29/2021,16.0273088
12/30/2021,14.4982016
12/31/2021,13.2805792
1/1/2022,12.459392
1/2/2022,11.5532544
1/3/2022,11.1568192
1/4/2022,10.7320672
1/5/2022,10.4488992
1/6/2022,10.194048
1/7/2022,9.9958304
1/8/2022,10.1657312
1/9/2022,88.631584
1/10/2022,46.156384
1/11/2022,27.7221472
1/12/2022,24.1259136
1/13/2022,18.5758208
1/14/2022,15.1211712
1/15/2022,13.45048
1/16/2022,12.7708768
1/17/2022,12.7991936
1/18/2022,12.7708768
1/19/2022,12.5160256
1/20/2022,11.9496896
1/21/2022,11.185136
1/22/2022,13.1956288
1/23/2022,13.592064
1/24/2022,13.3655296
1/25/2022,15.9423584
1/26/2022,14.6964192
1/27/2022,14.5265184
1/28/2022,16.4520608
1/29/2022,15.8857248
1/30/2022,15.0362208
1/31/2022,14.583152
2/1/2022,14.6114688
2/2/2022,14.6114688
2/3/2022,21.4924512
2/4/2022,31.997984
2/5/2022,24.5789824
2/6/2022,24.0126464
2/7/2022,24.918784
2/8/2022,26.617792
2/9/2022,28.1468992
2/10/2022,29.166304
2/11/2022,30.298976
2/12/2022,31.714816
2/13/2022,32.56432
2/14/2022,33.413824
2/15/2022,33.413824
2/16/2022,32.847488
2/17/2022,32.56432
2/18/2022,32.56432
2/19/2022,31.997984
2/20/2022,31.14848
2/21/2022,30.865312
2/22/2022,29.73264
2/23/2022,28.2035328
2/24/2022,27.0991776
2/25/2022,26.5328416
2/26/2022,26.7027424
2/27/2022,27.7221472
2/28/2022,27.2973952
3/1/2022,27.8070976
3/2/2022,28.599968
3/3/2022,28.2601664
3/4/2022,27.892048
3/5/2022,27.4106624
3/6/2022,26.8726432
3/7/2022,26.4195744
3/8/2022,39.077184
3/9/2022,64.845472
3/10/2022,54.934592
3/11/2022,48.421728
3/12/2022,42.4752
3/13/2022,37.378176
3/14/2022,32.847488
3/15/2022,30.015808
3/16/2022,31.997984
3/17/2022,39.077184
3/18/2022,39.926688
3/19/2022,37.944512
3/20/2022,37.378176
3/21/2022,36.528672
3/22/2022,81.552384
3/23/2022,114.966208
3/24/2022,105.055328
3/25/2022,95.993952
3/26/2022,97.976128
3/27/2022,102.506816
3/28/2022,108.170176
3/29/2022,116.665216
3/30/2022,126.576096
3/31/2022,133.655296
4/1/2022,134.5048
4/2/2022,129.407776
4/3/2022,119.213728
4/4/2022,106.188
4/5/2022,92.0296
4/6/2022,80.986048
4/7/2022,73.906848
4/8/2022,70.508832
4/9/2022,69.659328
4/10/2022,68.243488
4/11/2022,64.562304
4/12/2022,59.182112
4/13/2022,53.80192
4/14/2022,48.988064
4/15/2022,47.289056
4/16/2022,50.687072
4/17/2022,58.332608
4/18/2022,65.694976
4/19/2022,70.508832
4/20/2022,74.473184
4/21/2022,77.304864
4/22/2022,78.437536
4/23/2022,74.190016
4/24/2022,61.447456
4/25/2022,48.13856
4/26/2022,44.740544
4/27/2022,53.235584
4/28/2022,65.411808
4/29/2022,72.20784
4/30/2022,71.924672
5/1/2022,68.243488
5/2/2022,65.12864
5/3/2022,60.314784
5/4/2022,52.952416
5/5/2022,46.156384
5/6/2022,45.873216
5/7/2022,51.536576
5/8/2022,50.403904
5/9/2022,52.102912
5/10/2022,49.271232
5/11/2022,42.192032
5/12/2022,36.81184
5/13/2022,34.829664
5/14/2022,34.263328
5/15/2022,34.263328
5/16/2022,35.112832
5/17/2022,35.679168
5/18/2022,36.245504
5/19/2022,36.81184
5/20/2022,37.095008
5/21/2022,36.81184
5/22/2022,60.597952
5/23/2022,67.110816
5/24/2022,43.324704
5/25/2022,51.253408
5/26/2022,41.342528
5/27/2022,31.714816
5/28/2022,28.883136
5/29/2022,25.1736352
5/30/2022,23.1348256
5/31/2022,20.52968
6/1/2022,18.1510688
6/2/2022,16.1972096
6/3/2022,14.7813696
6/4/2022,13.8185984
6/5/2022,12.2328576
6/6/2022,10.9586016
6/7/2022,9.9675136
6/8/2022,9.20296
6/9/2022,8.7215744
6/10/2022,8.5233568
6/11/2022,8.3251392
6/12/2022,7.8720704
6/13/2022,7.3057344
6/14/2022,6.7393984
6/15/2022,6.2580128
6/16/2022,5.8898944
6/17/2022,5.5784096
6/18/2022,5.380192
6/19/2022,5.1536576
6/20/2022,5.0687072
6/21/2022,4.8704896
6/22/2022,4.5873216
6/23/2022,4.3607872
6/24/2022,4.2758368
6/25/2022,4.1908864
6/26/2022,4.105936
6/27/2022,3.9926688
6/28/2022,3.9360352
6/29/2022,3.822768
6/30/2022,3.7378176
7/1/2022,4.5023712
7/2/2022,4.4740544
7/3/2022,4.5590048
7/4/2022,4.2192032
7/5/2022,3.9077184
7/6/2022,3.9077184
7/7/2022,4.3607872
7/8/2022,4.672272
7/9/2022,4.3607872
7/10/2022,4.0776192
7/11/2022,3.9077184
7/12/2022,3.6528672
7/13/2022,3.398016
7/14/2022,3.1997984
7/15/2022,3.0582144
7/16/2022,2.9449472
7/17/2022,2.83168
7/18/2022,2.80053152
7/19/2022,2.74956128
7/20/2022,2.8599968
7/21/2022,3.114848
7/22/2022,3.2281152
7/23/2022,3.0865312
7/24/2022,3.0582144
7/25/2022,2.9166304
7/26/2022,2.68726432
7/27/2022,2.52869024
7/28/2022,2.40975968
7/29/2022,2.2936608
7/30/2022,2.18322528
7/31/2022,2.16340352
8/1/2022,2.16340352
8/2/2022,2.1662352
8/3/2022,2.16057184
8/4/2022,2.2511856
8/5/2022,2.35312608
8/6/2022,2.32764096
8/7/2022,2.23419552
8/8/2022,2.23985888
8/9/2022,2.3644528
8/10/2022,2.20587872
8/11/2022,2.26817568
8/12/2022,2.10393824
8/13/2022,2.052968
8/14/2022,2.10110656
8/15/2022,2.16340352
8/16/2022,2.12376
8/17/2022,2.11526496
8/18/2022,2.55417536
8/19/2022,2.9449472
8/20/2022,4.105936
8/21/2022,7.7304864
8/22/2022,8.9764256
8/23/2022,133.938464
8/24/2022,96.843456
8/25/2022,44.174208
8/26/2022,32.281152
8/27/2022,20.246512
8/28/2022,11.7231552
8/29/2022,8.8348416
8/30/2022,8.0986048
8/31/2022,6.8526656
9/1/2022,6.0031616
9/2/2022,6.4562304
9/3/2022,13.0540448
9/4/2022,50.403904
9/5/2022,40.776192
9/6/2022,25.6550208
9/7/2022,15.7724576
9/8/2022,10.3073152
9/9/2022,7.5889024
9/10/2022,6.1164288
9/11/2022,5.2952416
9/12/2022,4.7289056
9/13/2022,4.24752
9/14/2022,3.964352
9/15/2022,3.9360352
9/16/2022,4.0493024
9/17/2022,4.0776192
9/18/2022,4.0493024
9/19/2022,3.9360352
9/20/2022,3.7661344
9/21/2022,3.5396
9/22/2022,3.3130656
9/23/2022,3.0582144
9/24/2022,2.83168
9/25/2022,2.65045248
9/26/2022,2.51453184
9/27/2022,2.4210864
9/28/2022,2.33047264
9/29/2022,2.24269056
9/30/2022,2.15774016
10/1/2022,2.0954432
10/2/2022,2.04730464
10/3/2022,2.01898784
10/4/2022,1.99350272
10/5/2022,1.96518592
10/6/2022,1.95102752
10/7/2022,1.94253248
10/8/2022,1.91421568
10/9/2022,1.90572064
10/10/2022,1.89439392
10/11/2022,1.88873056
10/12/2022,1.91987904
10/13/2022,1.89156224
10/14/2022,1.8689088
10/15/2022,1.86041376
10/16/2022,1.90005728
10/17/2022,2.0954432
10/18/2022,2.19172032
10/19/2022,2.15774016
10/20/2022,2.06146304
10/21/2022,2.0104928
10/22/2022,2.05579968
10/23/2022,2.1096016
10/24/2022,2.15774016
10/25/2022,2.29649248
10/26/2022,2.48338336
10/27/2022,2.47488832
10/28/2022,2.69859104
10/29/2022,3.0582144
10/30/2022,3.0298976
10/31/2022,2.9166304
11/1/2022,3.114848
11/2/2022,3.5112832
11/3/2022,3.822768
11/4/2022,4.4457376
11/5/2022,18.2360192
11/6/2022,14.0451328
11/7/2022,6.5978144
11/8/2022,5.4934592
11/9/2022,5.0687072
11/10/2022,4.7289056
11/11/2022,14.6964192
11/12/2022,43.324704
11/13/2022,18.122752
11/14/2022,9.627712
11/15/2022,11.0718688
11/16/2022,11.9780064
11/17/2022,10.2223648
11/18/2022,9.4011776
11/19/2022,8.5233568
11/20/2022,7.6172192
11/21/2022,7.1924672
11/22/2022,6.937616
11/23/2022,6.5694976
11/24/2022,6.7110816
11/25/2022,8.778208
11/26/2022,12.9407776
11/27/2022,18.547504
11/28/2022,15.8857248
11/29/2022,15.8007744
11/30/2022,15.6591904
12/1/2022,14.4698848
12/2/2022,14.0734496
12/3/2022,13.2805792
12/4/2022,12.176224
12/5/2022,11.185136
12/6/2022,10.2789984
12/7/2022,9.4011776
12/8/2022,8.6649408
12/9/2022,8.0136544
12/10/2022,9.0896928
12/11/2022,114.399872
12/12/2022,97.69296
12/13/2022,48.13856
12/14/2022,31.431648
12/15/2022,24.8621504
12/16/2022,19.7084928
12/17/2022,15.6591904
12/18/2022,13.0540448
12/19/2022,19.680176
12/20/2022,105.621664
12/21/2022,139.035488
12/22/2022,107.320672
12/23/2022,74.190016
12/24/2022,59.46528
12/25/2022,44.740544
12/26/2022,31.431648
12/27/2022,22.4552224
12/28/2022,17.981168
12/29/2022,15.8290912
12/30/2022,80.986048
12/31/2022,183.776032
1/1/2023,202.181952
1/2/2023,166.502784
1/3/2023,217.189856
1/4/2023,182.077024
1/5/2023,127.991936
1/6/2023,98.825632
1/7/2023,77.8712
1/8/2023,140.734496
1/9/2023,114.68304
1/10/2023,83.817728
1/11/2023,58.615776
1/12/2023,42.758368
1/13/2023,32.847488
1/14/2023,25.7116544
1/15/2023,21.6340352
1/16/2023,19.3120576
1/17/2023,17.839584
1/18/2023,17.3865152
1/19/2023,23.219776
1/20/2023,31.431648
1/21/2023,27.6371968
1/22/2023,26.0797728
1/23/2023,26.19304
1/24/2023,45.023712
1/25/2023,153.193888
1/26/2023,206.429472
1/27/2023,201.615616
1/28/2023,173.865152
1/29/2023,173.581984
1/30/2023,235.02944
1/31/2023,217.189856
2/1/2023,159.706752
2/2/2023,184.908704
2/3/2023,256.833376
2/4/2023,254.568032
2/5/2023,237.577952
2/6/2023,217.189856
2/7/2023,205.013632
2/8/2023,195.952256
2/9/2023,188.589888
2/10/2023,182.64336
2/11/2023,173.581984
2/12/2023,156.591904
2/13/2023,137.619648
2/14/2023,123.17808
2/15/2023,112.984032
2/16/2023,103.922656
2/17/2023,95.710784
2/18/2023,89.481088
2/19/2023,85.516736
2/20/2023,83.53456
2/21/2023,82.685056
2/22/2023,83.251392
2/23/2023,84.100896
2/24/2023,85.516736
2/25/2023,86.649408
2/26/2023,87.78208
2/27/2023,88.348416
2/28/2023,88.065248
3/1/2023,86.649408
3/2/2023,84.384064
3/3/2023,80.419712
3/4/2023,74.190016
3/5/2023,69.659328
3/6/2023,65.411808
3/7/2023,61.730624
3/8/2023,57.199936
3/9/2023,52.669248
3/10/2023,48.988064
3/11/2023,46.439552
3/12/2023,44.740544
3/13/2023,43.89104
3/14/2023,44.457376
3/15/2023,46.72272
3/16/2023,49.5544
3/17/2023,61.164288
3/18/2023,94.86128
3/19/2023,115.815712
3/20/2023,116.665216
3/21/2023,127.4256
3/22/2023,133.372128
3/23/2023,130.540448
3/24/2023,121.195904
3/25/2023,109.01968
3/26/2023,99.1088
3/27/2023,94.86128
3/28/2023,93.162272
3/29/2023,88.631584
3/30/2023,82.401888
3/31/2023,74.473184
4/1/2023,65.12864
4/2/2023,57.199936
4/3/2023,52.102912
4/4/2023,48.13856
4/5/2023,45.023712
4/6/2023,99.675136
4/7/2023,260.231392
4/8/2023,305.82144
4/9/2023,334.13824
4/10/2023,365.28672
4/11/2023,373.78176
4/12/2023,359.62336
4/13/2023,331.30656
4/14/2023,291.66304
4/15/2023,240.409632
4/16/2023,182.360192
4/17/2023,124.877088
4/18/2023,91.180096
4/19/2023,72.774176
4/20/2023,62.863296
4/21/2023,62.29696
4/22/2023,61.730624
4/23/2023,61.730624
4/24/2023,63.7128
4/25/2023,66.827648
4/26/2023,67.96032
4/27/2023,102.223648
4/28/2023,137.619648
4/29/2023,152.627552
4/30/2023,154.043392
5/1/2023,165.936448
5/2/2023,183.776032
5/3/2023,196.235424
5/4/2023,193.403744
5/5/2023,179.245344
5/6/2023,162.538432
5/7/2023,146.114688
5/8/2023,131.956288
5/9/2023,126.292928
5/10/2023,126.859264
5/11/2023,157.441408
5/12/2023,190.288896
5/13/2023,220.87104
5/14/2023,222.570048
5/15/2023,240.975968
5/16/2023,254.284864
5/17/2023,261.9304
5/18/2023,246.35616
5/19/2023,224.269056
5/20/2023,199.916608
5/21/2023,171.599808
5/22/2023,145.265184
5/23/2023,126.00976
5/24/2023,114.68304
5/25/2023,108.453344
5/26/2023,102.789984
5/27/2023,96.560288
5/28/2023,87.215744
5/29/2023,72.774176
5/30/2023,58.615776
5/31/2023,48.988064
6/1/2023,45.873216
6/2/2023,43.607872
6/3/2023,41.05936
6/4/2023,36.81184
6/5/2023,30.015808
6/6/2023,25.48512
6/7/2023,26.2779904
6/8/2023,28.599968
6/9/2023,25.768288
6/10/2023,22.3136384
6/11/2023,25.626704
6/12/2023,32.56432
6/13/2023,33.413824
6/14/2023,29.166304
6/15/2023,25.909872
6/16/2023,24.9754176
6/17/2023,23.4179936
6/18/2023,21.4358176
6/19/2023,19.5669088
6/20/2023,19.4253248
6/21/2023,19.9067104
6/22/2023,19.3686912
6/23/2023,18.6324544
6/24/2023,17.981168
6/25/2023,17.1033472
6/26/2023,15.7724576
6/27/2023,14.4698848
6/28/2023,14.0734496
6/29/2023,13.9601824
6/30/2023,12.8275104
7/1/2023,11.3833536
7/2/2023,10.2506816
7/3/2023,9.4294944
7/4/2023,9.061376
7/5/2023,8.9481088
7/6/2023,8.2401888
7/7/2023,7.2491008
7/8/2023,6.937616
7/9/2023,6.654448
7/10/2023,6.229696
7/11/2023,5.9748448
7/12/2023,5.7199936
7/13/2023,5.4368256
7/14/2023,5.0687072
7/15/2023,4.7572224
7/16/2023,4.530688
7/17/2023,4.2758368
7/18/2023,4.0776192
7/19/2023,3.9360352
7/20/2023,3.7944512
7/21/2023,3.5962336
7/22/2023,3.398016
7/23/2023,3.2281152
7/24/2023,3.0865312
7/25/2023,2.973264
7/26/2023,2.8599968
7/27/2023,2.78637312
7/28/2023,2.76938304
7/29/2023,2.690096
7/30/2023,2.56550208
7/31/2023,2.46072992
8/1/2023,2.35878944
8/2/2023,2.28233408
8/3/2023,2.23985888
8/4/2023,2.32480928
8/5/2023,2.66744256
8/6/2023,3.0015808
8/7/2023,3.0865312
8/8/2023,3.0865312
8/9/2023,3.0298976
8/10/2023,2.9449472
8/11/2023,2.8599968
8/12/2023,2.7892048
8/13/2023,2.7467296
8/14/2023,2.71274944
8/15/2023,2.65611584
8/16/2023,2.5909872
8/17/2023,2.4918784
8/18/2023,2.27100736
8/19/2023,2.02181952
8/20/2023,1.79528512
8/21/2023,1.67918624
8/22/2023,1.5857408
8/23/2023,1.56875072
8/24/2023,1.53477056
8/25/2023,1.52061216
8/26/2023,1.486632
8/27/2023,1.54609728
8/28/2023,2.10110656
8/29/2023,1.80094848
8/30/2023,1.57724576
8/31/2023,1.56875072
9/1/2023,1.60839424
9/2/2023,1.74997824
9/3/2023,1.78679008
9/4/2023,1.7414832
9/5/2023,1.76696832
9/6/2023,1.83776032
9/7/2023,1.89439392
9/8/2023,2.16906688
9/9/2023,2.51453184
9/10/2023,2.42391808
9/11/2023,2.22570048
9/12/2023,2.14924512
9/13/2023,2.1662352
9/14/2023,2.4210864
9/15/2023,2.65611584
9/16/2023,2.47772
9/17/2023,2.45506656
9/18/2023,3.964352
9/19/2023,4.2758368
9/20/2023,3.4829664
9/21/2023,2.82884832
9/22/2023,2.48904672
9/23/2023,2.37577952
9/24/2023,2.40975968
9/25/2023,2.760888
9/26/2023,3.1431648
9/27/2023,5.097024
9/28/2023,7.220784
9/29/2023,6.5978144
9/30/2023,5.0120736
10/1/2023,3.964352
10/2/2023,3.7095008
10/3/2023,3.8510848
10/4/2023,4.0493024
10/5/2023,4.7005888
10/6/2023,4.7572224
10/7/2023,5.097024
10/8/2023,6.088112
10/9/2023,6.0314784
10/10/2023,5.804944
10/11/2023,6.088112
10/12/2023,6.1730624
10/13/2023,6.0031616
10/14/2023,5.66336
10/15/2023,5.2102912
10/16/2023,4.672272
10/17/2023,4.1625696
10/18/2023,3.7944512
10/19/2023,3.4829664
10/20/2023,3.2281152
10/21/2023,3.0582144
10/22/2023,2.973264
10/23/2023,2.9166304
10/24/2023,2.8883136
10/25/2023,2.83168
10/26/2023,2.8883136
10/27/2023,3.2281152
10/28/2023,3.256432
10/29/2023,7.220784
10/30/2023,14.7530528
10/31/2023,13.0823616
11/1/2023,9.5427616
11/2/2023,7.6738528
11/3/2023,7.0792
11/4/2023,6.654448
11/5/2023,6.4562304
11/6/2023,6.4279136
11/7/2023,6.2013792
11/8/2023,5.8615776
11/9/2023,5.4934592
11/10/2023,5.6350432
11/11/2023,5.7199936
11/12/2023,5.804944
11/13/2023,6.3995968
11/14/2023,6.512864
11/15/2023,6.5978144
11/16/2023,6.8809824
11/17/2023,6.8809824
11/18/2023,6.5694976
11/19/2023,6.2863296
11/20/2023,6.2580128
11/21/2023,6.2013792
11/22/2023,5.8615776
11/23/2023,5.7199936
11/24/2023,5.6350432
11/25/2023,5.7199936
11/26/2023,5.7199936
11/27/2023,5.5784096
11/28/2023,5.2952416
11/29/2023,4.9837568
11/30/2023,4.9271232
12/1/2023,4.8421728
12/2/2023,5.0687072
12/3/2023,4.8421728
12/4/2023,4.9271232
12/5/2023,4.9837568
12/6/2023,4.9837568
12/7/2023,4.9837568
12/8/2023,4.9837568
12/9/2023,4.8704896
12/10/2023,4.7572224
12/11/2023,4.7572224
12/12/2023,4.7572224
12/13/2023,4.7289056
12/14/2023,4.6156384
12/15/2023,4.5590048
12/16/2023,4.95544
12/17/2023,5.0687072
12/18/2023,6.0597952
12/19/2023,8.3817728
12/20/2023,7.8154368
12/21/2023,6.4845472
12/22/2023,5.8615776
12/23/2023,5.7199936
12/24/2023,6.0031616
12/25/2023,6.1730624
12/26/2023,6.654448
12/27/2023,8.3817728
12/28/2023,8.6083072
12/29/2023,8.49504
12/30/2023,8.919792
12/31/2023,9.5710784
1/1/2024,10.194048
1/2/2024,10.5621664
1/3/2024,10.7887008
1/4/2024,10.0807808
1/5/2024,11.8364224
1/6/2024,17.0183968
1/7/2024,27.9769984
1/8/2024,32.281152
1/9/2024,41.625696
1/10/2024,36.245504
1/11/2024,38.22768
1/12/2024,42.192032
1/13/2024,41.05936
1/14/2024,33.413824
1/15/2024,25.060368
1/16/2024,19.1987904
1/17/2024,15.0928544
1/18/2024,12.6292928
1/19/2024,11.1001856
1/20/2024,10.1657312
1/21/2024,9.5427616
1/22/2024,10.3922656
1/23/2024,37.661344
1/24/2024,211.809664
1/25/2024,351.12832
1/26/2024,495.544
1/27/2024,705.08832
1/28/2024,756.05856
1/29/2024,730.57344
1/30/2024,676.77152
1/31/2024,617.30624
2/1/2024,552.1776
2/2/2024,484.21728
2/3/2024,436.07872
2/4/2024,410.5936
2/5/2024,387.94016
2/6/2024,373.78176
2/7/2024,356.79168
2/8/2024,342.63328
2/9/2024,319.97984
2/10/2024,291.66304
2/11/2024,300.15808
2/12/2024,339.8016
2/13/2024,356.79168
2/14/2024,353.96
2/15/2024,359.62336
2/16/2024,368.1184
2/17/2024,356.79168
2/18/2024,331.30656
2/19/2024,294.49472
2/20/2024,250.320512
2/21/2024,205.579968
2/22/2024,165.936448
2/23/2024,141.017664
2/24/2024,124.59392
2/25/2024,111.85136
2/26/2024,101.374144
2/27/2024,92.0296
2/28/2024,83.251392
2/29/2024,73.906848
3/1/2024,63.7128
3/2/2024,55.21776
3/3/2024,48.988064
3/4/2024,45.023712
3/5/2024,45.873216
3/6/2024,53.80192
3/7/2024,55.784096
3/8/2024,55.21776
3/9/2024,66.54448
3/10/2024,68.526656
3/11/2024,60.88112
3/12/2024,57.766272
3/13/2024,55.500928
3/14/2024,53.80192
3/15/2024,52.102912
3/16/2024,49.271232
3/17/2024,48.704896
3/18/2024,65.12864
3/19/2024,71.924672
3/20/2024,67.110816
3/21/2024,66.261312
3/22/2024,78.154368
3/23/2024,95.144448
3/24/2024,97.409792
3/25/2024,90.047424
3/26/2024,88.914752
3/27/2024,88.065248
3/28/2024,86.36624
3/29/2024,84.667232
3/30/2024,82.685056
3/31/2024,79.570208
4/1/2024,75.889024
4/2/2024,71.358336
4/3/2024,67.393984
4/4/2024,64.279136
4/5/2024,61.447456
4/6/2024,59.182112
4/7/2024,57.766272
4/8/2024,57.766272
4/9/2024,77.8712
4/10/2024,205.579968
4/11/2024,255.417536
4/12/2024,237.86112
4/13/2024,204.730464
4/14/2024,150.645376
4/15/2024,114.68304
4/16/2024,105.055328
4/17/2024,105.621664
4/18/2024,110.718688
4/19/2024,123.461248
4/20/2024,149.795872
4/21/2024,214.358176
4/22/2024,265.328416
4/23/2024,325.6432
4/24/2024,351.12832
4/25/2024,342.63328
4/26/2024,317.14816
4/27/2024,285.99968
4/28/2024,255.700704
4/29/2024,348.29664
4/30/2024,427.58368
5/1/2024,563.50432
5/2/2024,693.7616
5/3/2024,826.85056
5/4/2024,917.46432
5/5/2024,965.60288
5/6/2024,982.59296
5/7/2024,951.44448
5/8/2024,857.99904
5/9/2024,727.74176
5/10/2024,645.62304
5/11/2024,577.66272
5/12/2024,566.336
5/13/2024,741.90016
5/14/2024,920.296
5/15/2024,962.7712
5/16/2024,942.94944
5/17/2024,976.9296
5/18/2024,957.10784
5/19/2024,906.1376
5/20/2024,781.54368
5/21/2024,645.62304
5/22/2024,557.84096
5/23/2024,495.544
5/24/2024,430.41536
5/25/2024,362.45504
5/26/2024,300.15808
5/27/2024,245.223488
5/28/2024,201.332448
5/29/2024,173.298816
5/30/2024,156.591904
5/31/2024,185.47504
6/1/2024,222.003712
6/2/2024,251.453184
6/3/2024,263.34624
6/4/2024,268.726432
6/5/2024,280.902656
6/6/2024,274.67296
6/7/2024,247.772
6/8/2024,221.154208
6/9/2024,219.738368
6/10/2024,260.231392
6/11/2024,319.97984
6/12/2024,368.1184
6/13/2024,385.10848
6/14/2024,390.77184
6/15/2024,399.26688
6/16/2024,413.42528
6/17/2024,421.92032
6/18/2024,419.08864
6/19/2024,404.93024
6/20/2024,376.61344
6/21/2024,342.63328
6/22/2024,302.98976
6/23/2024,264.195744
6/24/2024,227.100736
6/25/2024,194.253248
6/26/2024,165.086944
6/27/2024,142.433504
6/28/2024,126.859264
6/29/2024,115.532544
6/30/2024,105.338496
7/1/2024,95.144448
7/2/2024,84.100896
7/3/2024,72.491008
7/4/2024,55.21776
7/5/2024,42.192032
7/6/2024,33.98016
7/7/2024,28.883136
7/8/2024,51.253408
7/9/2024,125.160256
7/10/2024,135.071136
7/11/2024,107.320672
7/12/2024,94.011776
7/13/2024,99.1088
7/14/2024,111.85136
7/15/2024,122.328576
7/16/2024,122.045408
7/17/2024,112.134528
7/18/2024,114.68304
7/19/2024,130.540448
7/20/2024,129.690944
7/21/2024,122.611744
7/22/2024,124.877088
7/23/2024,165.65328
7/24/2024,238.993792
7/25/2024,230.215584
7/26/2024,359.62336
7/27/2024,583.32608
7/28/2024,710.75168
7/29/2024,659.78144
7/30/2024,560.67264
7/31/2024,487.04896
8/1/2024,404.93024
8/2/2024,319.97984
8/3/2024,242.391808
8/4/2024,174.431488
8/5/2024,122.045408
8/6/2024,94.578112
8/7/2024,74.756352
8/8/2024,56.350432
8/9/2024,43.89104
8/10/2024,36.81184
8/11/2024,31.714816
8/12/2024,27.7221472
8/13/2024,24.3241312
8/14/2024,21.3508672
8/15/2024,18.7740384
8/16/2024,16.7352288
8/17/2024,15.1211712
8/18/2024,13.8185984
8/19/2024,12.7708768
8/20/2024,11.6948384
8/21/2024,10.7320672
8/22/2024,9.9675136
8/23/2024,9.3728608
8/24/2024,8.919792
8/25/2024,8.5516736
8/26/2024,8.1835552
8/27/2024,7.9570208
8/28/2024,7.7021696
8/29/2024,8.1835552
8/30/2024,9.344544
8/31/2024,10.335632
9/1/2024,11.468304
9/2/2024,12.9124608
9/3/2024,13.875232
9/4/2024,15.8290912
9/5/2024,17.5280992
9/6/2024,17.839584
9/7/2024,17.4431488
9/8/2024,15.3193888
9/9/2024,13.1106784
9/10/2024,11.5532544
9/11/2024,27.8070976
9/12/2024,54.934592
9/13/2024,58.04944
9/14/2024,33.413824
9/15/2024,18.972256
9/16/2024,13.7619648
9/17/2024,12.4027584
9/18/2024,10.8736512
9/19/2024,9.9958304
9/20/2024,9.4011776
9/21/2024,8.9764256
9/22/2024,8.5799904
9/23/2024,8.1835552
9/24/2024,7.8720704
9/25/2024,8.1552384
9/26/2024,8.1269216
9/27/2024,7.5322688
9/28/2024,7.0792
9/29/2024,6.796032
9/30/2024,6.5411808
10/1/2024,6.37128
10/2/2024,6.229696
10/3/2024,6.088112
10/4/2024,5.9182112
10/5/2024,5.8615776
10/6/2024,5.7483104
10/7/2024,5.6067264
10/8/2024,5.4368256
10/9/2024,5.2102912
10/10/2024,5.0687072
10/11/2024,4.9271232
10/12/2024,4.8421728
10/13/2024,4.7855392
10/14/2024,4.7005888
10/15/2024,4.5590048
10/16/2024,4.2192032
10/17/2024,4.24752
10/18/2024,4.1625696
10/19/2024,4.105936
10/20/2024,4.1342528
10/21/2024,4.1625696
10/22/2024,4.1342528
10/23/2024,4.0776192
10/24/2024,4.0493024
10/25/2024,4.0209856
10/26/2024,4.0209856
10/27/2024,4.0209856
10/28/2024,4.0493024
10/29/2024,4.0776192
10/30/2024,4.105936
10/31/2024,5.238608
11/1/2024,6.0031616
11/2/2024,5.1253408
11/3/2024,5.2669248
11/4/2024,5.6067264
11/5/2024,6.3146464
11/6/2024,7.0225664
11/7/2024,7.645536
11/8/2024,10.335632
11/9/2024,16.9617632
11/10/2024,48.704896
11/11/2024,57.766272
11/12/2024,46.72272
11/13/2024,42.4752
11/14/2024,42.4752
11/15/2024,40.493024
11/16/2024,37.661344
11/17/2024,32.847488
11/18/2024,27.60888
11/19/2024,29.73264
11/20/2024,31.431648
11/21/2024,28.599968
11/22/2024,23.8993792
11/23/2024,20.104928
11/24/2024,17.5847328
11/25/2024,15.432656
11/26/2024,13.6486976
11/27/2024,12.5160256
11/28/2024,11.6665216
11/29/2024,10.8736512
11/30/2024,10.335632
12/1/2024,9.9675136
12/2/2024,9.5993952
12/3/2024,9.3162272
12/4/2024,13.9318656
12/5/2024,79.570208
12/6/2024,82.11872
12/7/2024,67.677152
12/8/2024,62.29696
12/9/2024,61.730624
12/10/2024,58.04944
12/11/2024,52.102912
12/12/2024,48.13856
12/13/2024,45.023712
12/14/2024,41.908864
12/15/2024,39.360352
12/16/2024,36.81184
12/17/2024,36.528672
12/18/2024,32.281152
12/19/2024,29.449472
12/20/2024,28.033632
12/21/2024,26.9292768
12/22/2024,25.5700704
12/23/2024,23.9560128
12/24/2024,22.4269056
12/25/2024,77.8712
12/26/2024,139.884992
12/27/2024,226.251232
12/28/2024,260.231392
12/29/2024,302.98976
12/30/2024,300.15808
12/31/2024,277.787808
1/1/2025,247.205664
1/2/2025,222.853216
1/3/2025,219.738368
1/4/2025,239.560128
1/5/2025,261.9304
1/6/2025,272.124448
1/7/2025,263.629408
1/8/2025,244.94032
1/9/2025,220.304704
1/10/2025,268.443264
1/11/2025,275.239296
1/12/2025,291.66304
1/13/2025,291.66304
1/14/2025,279.203648
1/15/2025,257.116544
1/16/2025,227.383904
1/17/2025,198.500768
1/18/2025,171.31664
1/19/2025,147.530528
1/20/2025,126.576096
1/21/2025,109.869184
1/22/2025,98.259296
1/23/2025,89.481088
1/24/2025,81.835552
1/25/2025,74.756352
1/26/2025,70.225664
1/27/2025,78.720704
1/28/2025,75.889024
1/29/2025,68.809824
1/30/2025,65.978144
1/31/2025,66.827648
2/1/2025,64.845472
2/2/2025,62.580128
2/3/2025,61.164288
2/4/2025,60.88112
2/5/2025,61.164288
2/6/2025,62.29696
2/7/2025,63.995968
2/8/2025,65.978144
2/9/2025,67.677152
2/10/2025,68.526656
2/11/2025,70.508832
2/12/2025,136.770144
2/13/2025,193.120576
2/14/2025,231.348256
2/15/2025,261.9304
2/16/2025,317.14816
2/17/2025,356.79168
2/18/2025,359.62336
2/19/2025,359.62336
2/20/2025,345.46496
2/21/2025,325.6432
2/22/2025,300.15808
2/23/2025,308.65312
2/24/2025,302.98976
2/25/2025,291.66304
2/26/2025,271.84128
2/27/2025,248.904672
2/28/2025,224.835392
3/1/2025,200.482944
3/2/2025,176.130496
3/3/2025,152.627552
3/4/2025,148.946368
3/5/2025,167.635456
3/6/2025,168.768128
3/7/2025,147.813696
3/8/2025,124.310752
3/9/2025,114.68304
3/10/2025,104.488992
3/11/2025,92.879104
3/12/2025,86.649408
3/13/2025,84.667232
3/14/2025,84.100896
3/15/2025,82.968224
3/16/2025,81.552384
3/17/2025,80.136544
3/18/2025,79.570208
3/19/2025,79.003872
3/20/2025,77.8712
3/21/2025,76.738528
3/22/2025,76.172192
3/23/2025,76.172192
3/24/2025,75.322688
3/25/2025,72.774176
3/26/2025,67.96032
3/27/2025,62.013792
3/28/2025,62.863296
3/29/2025,154.892896
3/30/2025,165.370112
3/31/2025,114.68304
4/1/2025,91.180096
4/2/2025,90.896928
4/3/2025,82.685056
4/4/2025,78.720704
4/5/2025,77.021696
4/6/2025,109.869184
4/7/2025,147.530528
4/8/2025,152.061216
4/9/2025,142.99984
4/10/2025,132.522624
4/11/2025,110.43552
4/12/2025,90.61376
4/13/2025,80.136544
4/14/2025,74.473184
4/15/2025,70.792
4/16/2025,67.96032
4/17/2025,66.54448
4/18/2025,66.54448
4/19/2025,67.677152
4/20/2025,69.37616
4/21/2025,71.358336
4/22/2025,73.340512
4/23/2025,77.588032
4/24/2025,81.835552
4/25/2025,83.53456
4/26/2025,82.685056
4/27/2025,80.136544
4/28/2025,79.003872
4/29/2025,77.8712
4/30/2025,75.605856
5/1/2025,77.021696
5/2/2025,82.968224
5/3/2025,148.946368
5/4/2025,205.013632
5/5/2025,216.057184
5/6/2025,215.774016
5/7/2025,247.205664
5/8/2025,274.106624
5/9/2025,280.33632
5/10/2025,266.461088
5/11/2025,248.621504
5/12/2025,247.205664
5/13/2025,255.983872
5/14/2025,259.948224
5/15/2025,256.26704
5/16/2025,244.94032
5/17/2025,225.684896
5/18/2025,203.314624
5/19/2025,182.077024
5/20/2025,166.502784
5/21/2025,156.025568
5/22/2025,147.530528
5/23/2025,138.75232
5/24/2025,129.974112
5/25/2025,121.195904
5/26/2025,113.550368
5/27/2025,135.637472
5/28/2025,143.566176
5/29/2025,136.486976
5/30/2025,131.956288
5/31/2025,124.027584
6/1/2025,114.399872
6/2/2025,111.568192
6/3/2025,118.647392
6/4/2025,124.027584
6/5/2025,118.93056
6/6/2025,119.213728
6/7/2025,123.744416
6/8/2025,131.956288
6/9/2025,143.849344
6/10/2025,155.176064
6/11/2025,162.538432
6/12/2025,171.31664
6/13/2025,178.112672
6/14/2025,180.378016
6/15/2025,179.81168
6/16/2025,189.439392
6/17/2025,214.075008
6/18/2025,291.66304
6/19/2025,404.93024
6/20/2025,495.544
6/21/2025,552.1776
6/22/2025,574.83104
6/23/2025,563.50432
6/24/2025,532.35584
6/25/2025,495.544
6/26/2025,447.40544
6/27/2025,393.60352
6/28/2025,342.63328
6/29/2025,300.15808
6/30/2025,263.629408
7/1/2025,234.179936
7/2/2025,208.12848
7/3/2025,184.625536
7/4/2025,162.8216
7/5/2025,144.698848
7/6/2025,129.974112
7/7/2025,118.081056
7/8/2025,106.754336
7/9/2025,95.427616
7/10/2025,88.065248
7/11/2025,81.552384
7/12/2025,73.057344
7/13/2025,63.146464
7/14/2025,55.784096
7/15/2025,47.572224
7/16/2025,41.05936
7/17/2025,37.944512
7/18/2025,37.378176
7/19/2025,36.81184
7/20/2025,36.528672
7/21/2025,36.245504
7/22/2025,36.245504
7/23/2025,34.546496
7/24/2025,31.14848
7/25/2025,26.7876928
7/26/2025,23.7577952
7/27/2025,20.812848
7/28/2025,18.40592
7/29/2025,16.9617632
7/30/2025,15.857408
7/31/2025,15.0645376
8/1/2025,14.5265184
8/2/2025,16.1122592
8/3/2025,20.671264
8/4/2025,19.5952256
8/5/2025,19.4253248
8/6/2025,17.4431488
8/7/2025,14.5265184
8/8/2025,12.74256
8/9/2025,11.8364224
8/10/2025,11.6382048
8/11/2025,11.8647392
8/12/2025,11.9496896
8/13/2025,11.5532544
8/14/2025,10.760384
8/15/2025,9.9958304
8/16/2025,9.2595936
8/17/2025,8.8348416
8/18/2025,8.2968224
8/19/2025,7.9570208
8/20/2025,7.7588032
8/21/2025,8.070288
8/22/2025,7.7021696
8/23/2025,8.3251392
8/24/2025,7.6172192
8/25/2025,7.3057344
8/26/2025,7.1641504
8/27/2025,7.1641504
8/28/2025,7.1641504
8/29/2025,7.220784
8/30/2025,31.431648
8/31/2025,44.174208
9/1/2025,23.7294784
9/2/2025,12.600976
9/3/2025,10.5621664
9/4/2025,10.6754336
9/5/2025,14.0734496
9/6/2025,17.6413664
9/7/2025,18.972256
9/8/2025,18.6041376
9/9/2025,17.4431488
9/10/2025,15.8857248
9/11/2025,14.1867168
9/12/2025,12.4877088
9/13/2025,11.2984032
9/14/2025,11.1001856
9/15/2025,11.468304
9/16/2025,11.2984032
9/17/2025,10.7037504
9/18/2025,9.9391968
9/19/2025,9.1463264
9/20/2025,8.49504
9/21/2025,8.070288
9/22/2025,7.7304864
9/23/2025,7.4756352
9/24/2025,7.1641504
9/25/2025,6.654448
9/26/2025,6.1730624
9/27/2025,5.7483104
9/28/2025,5.380192
9/29/2025,5.1253408
9/30/2025,4.95544
10/1/2025,4.8421728
10/2/2025,4.813856
10/3/2025,5.0687072
10/4/2025,5.4368256
10/5/2025,5.4368256
10/6/2025,5.2102912
10/7/2025,4.8988064
10/8/2025,4.7289056
10/9/2025,4.8988064
10/10/2025,4.95544
10/11/2025,4.8421728
10/12/2025,4.7572224
10/13/2025,4.7289056
10/14/2025,4.6439552
10/15/2025,4.5590048
10/16/2025,4.4740544
10/17/2025,4.4174208
10/18/2025,4.389104
10/19/2025,4.6439552
10/20/2025,4.5023712
10/21/2025,4.530688
10/22/2025,4.5023712
10/23/2025,4.3324704
10/24/2025,4.2192032
10/25/2025,4.4740544
10/26/2025,5.3518752
10/27/2025,5.2669248
10/28/2025,5.4934592
10/29/2025,6.2580128
10/30/2025,6.6261312
10/31/2025,7.7304864
11/1/2025,11.185136
11/2/2025,15.2627552
11/3/2025,17.6413664
11/4/2025,17.981168
11/5/2025,16.5370112
11/6/2025,14.4132512
11/7/2025,12.2894912
11/8/2025,10.5055328
11/9/2025,9.1180096
11/10/2025,8.0986048
11/11/2025,7.4756352
11/12/2025,7.1075168
11/13/2025,6.8526656
11/14/2025,6.7677152
11/15/2025,6.5978144
11/16/2025,6.37128
11/17/2025,6.3146464
11/18/2025,6.3995968
11/19/2025,6.5411808
11/20/2025,6.4845472
11/21/2025,6.37128
11/22/2025,6.3995968
11/23/2025,6.3429632
11/24/2025,6.4562304
11/25/2025,7.362368
11/26/2025,8.3817728
11/27/2025,13.592064
11/28/2025,19.2837408
11/29/2025,22.3136384
11/30/2025,26.3629408
12/1/2025,26.7876928
12/2/2025,27.8637312
12/3/2025,29.449472
12/4/2025,31.14848
12/5/2025,29.73264
12/6/2025,26.476208
12/7/2025,23.927696
12/8/2025,21.4075008
12/9/2025,19.680176
12/10/2025,18.6041376
12/11/2025,17.6696832
12/12/2025,17.1599808
12/13/2025,16.7635456
12/14/2025,16.1972096
12/15/2025,15.9140416
12/16/2025,15.8007744
12/17/2025,15.9140416
12/18/2025,15.2344384
12/19/2025,14.1017664
12/20/2025,13.3938464
12/21/2025,13.1956288
12/22/2025,13.2522624
12/23/2025,13.308896
12/24/2025,12.7708768
12/25/2025,12.0912736
12/26/2025,11.7231552
12/27/2025,11.751472
12/28/2025,11.7231552
12/29/2025,11.4966208
12/30/2025,11.468304
12/31/2025,11.5249376
1/1/2026,11.6948384
1/2/2026,11.7231552
1/3/2026,11.8081056
1/4/2026,11.7231552
1/5/2026,12.03464
1/6/2026,12.9690944
1/7/2026,13.3372128
1/8/2026,12.6576096
1/9/2026,11.6948384
1/10/2026,11.9213728
1/11/2026,14.5548352
1/12/2026,18.547504
1/13/2026,18.2077024
1/14/2026,17.4431488
1/15/2026,18.40592
1/16/2026,19.1704736
1/17/2026,19.1987904
1/18/2026,19.0855232
1/19/2026,18.7740384
1/20/2026,17.8679008
1/21/2026,17.414832
1/22/2026,17.3298816
1/23/2026,16.5936448
1/24/2026,16.565328
1/25/2026,17.9245344
1/26/2026,18.689088
1/27/2026,19.8783936
1/28/2026,25.2585856
1/29/2026,29.166304
1/30/2026,31.431648
1/31/2026,33.130656
2/1/2026,34.263328
2/2/2026,34.546496
2/3/2026,34.829664
2/4/2026,34.546496
2/5/2026,33.413824
2/6/2026,31.431648
2/7/2026,29.449472
2/8/2026,28.0619488
2/9/2026,26.3629408
2/10/2026,24.5789824
2/11/2026,23.219776
2/12/2026,22.228688
2/13/2026,21.4075008
2/14/2026,21.0110656
2/15/2026,26.1647232
2/16/2026,28.883136
2/17/2026,33.130656
2/18/2026,31.714816
2/19/2026,29.166304
2/20/2026,27.4956128
2/21/2026,26.617792
2/22/2026,26.2779904
2/23/2026,25.8815552
2/24/2026,25.5417536
2/25/2026,25.0037344
2/26/2026,24.06928
2/27/2026,23.1631424
2/28/2026,22.5684896
3/1/2026,22.1154208
3/2/2026,21.2942336
3/3/2026,19.8500768
3/4/2026,17.9245344
3/5/2026,16.5370112
3/6/2026,15.857408
3/7/2026,15.6591904
3/8/2026,16.0273088
3/9/2026,16.0273088
3/10/2026,18.972256
3/11/2026,19.82176
3/12/2026,31.714816
3/13/2026,54.368256
3/14/2026,58.04944
3/15/2026,56.6336
3/16/2026,54.651424
3/17/2026,52.669248
3/18/2026,50.97024
3/19/2026,46.72272
3/20/2026,41.342528
3/21/2026,35.679168
3/22/2026,30.865312
3/23/2026,27.7221472
3/24/2026,25.5134368
3/25/2026,22.8233408
3/26/2026,19.9350272
3/27/2026,17.6696832
3/28/2026,16.1122592
3/29/2026,14.9229536
3/30/2026,14.2150336
3/31/2026,13.6486976
4/1/2026,13.1956288
4/2/2026,12.7142432
4/3/2026,12.3461248
4/4/2026,13.45048
4/5/2026,17.1599808
4/6/2026,18.6041376
4/7/2026,24.635616
4/8/2026,30.015808
4/9/2026,33.98016
4/10/2026,36.528672
4/11/2026,37.378176
4/12/2026,35.962336
4/13/2026,32.56432
4/14/2026,29.166304
4/15/2026,26.1647232
4/16/2026,25.0320512
4/17/2026,25.060368
4/18/2026,25.4284864
4/19/2026,25.6833376
4/20/2026,25.5700704
4/21/2026,25.0037344
4/22/2026,23.6162112
4/23/2026,22.0587872
4/24/2026,20.1615616
4/25/2026,18.972256
4/26/2026,18.6607712
4/27/2026,18.3492864
4/28/2026,17.4997824
4/29/2026,17.4997824
4/30/2026,22.370272
5/1/2026,36.245504
5/2/2026,41.625696
5/3/2026,33.413824
5/4/2026,32.281152
5/5/2026,33.130656
5/6/2026,34.263328
5/7/2026,35.962336
5/8/2026,39.077184
5/9/2026,41.908864
5/10/2026,37.378176
5/11/2026,32.847488
5/12/2026,32.847488
5/13/2026,28.599968
5/14/2026,28.599968
5/15/2026,27.7787808
5/16/2026,25.8532384
5/17/2026,22.7667072
5/18/2026,19.1987904
5/19/2026,17.0750304
5/20/2026,39.926688
5/21/2026,60.031616
5/22/2026,54.368256
5/23/2026,47.572224
5/24/2026,69.092992
5/25/2026,67.393984
5/26/2026,50.120736
5/27/2026,40.776192
5/28/2026,32.847488
5/29/2026,25.3152192
5/30/2026,20.5013632
5/31/2026,17.414832
6/1/2026,14.8946368
6/2/2026,14.1300832
6/3/2026,19.5669088
6/4/2026,25.3718528
6/5/2026,32.847488
6/6/2026,41.625696
6/7/2026,64.845472
6/8/2026,63.146464
6/9/2026,50.97024
6/10/2026,37.944512
6/11/2026,25.8532384
6/12/2026,18.122752
6/13/2026,14.3283008
6/14/2026,13.875232
6/15/2026,26.1647232
6/16/2026,69.942496
6/17/2026,84.384064
6/18/2026,94.578112
6/19/2026,85.799904
6/20/2026,75.605856
6/21/2026,86.36624
6/22/2026,135.637472
6/23/2026,173.298816
6/24/2026,175.280992
6/25/2026,135.92064
6/26/2026,103.922656
6/27/2026,88.065248
6/28/2026,82.685056
6/29/2026,83.53456
6/30/2026,85.516736
7/1/2026,79.28704
7/2/2026,52.38608
7/3/2026,29.73264
7/4/2026,18.972256
7/5/2026,14.6681024
7/6/2026,12.2045408
7/7/2026,10.760384
7/8/2026,10.2223648
7/9/2026,9.20296
7/10/2026,8.636624
7/11/2026,8.5799904
7/12/2026,9.0896928
7/13/2026,22.936608
7/14/2026,95.993952
7/15/2026,90.330592
7/16/2026,47.005888
7/17/2026,28.599968
7/18/2026,20.9827488
7/19/2026,17.9245344
7/20/2026,16.3954272
7/21/2026,15.149488
7/22/2026,14.4132512
7/23/2026,13.9601824
7/24/2026,13.1389952
7/25/2026,11.9496896
7/26/2026,10.5621664
7/27/2026,9.3162272
7/28/2026,8.2401888
7/29/2026,7.362368
7/30/2026,6.7677152
7/31/2026,6.3146464
8/1/2026,6.0314784
8/2/2026,5.7766272
8/3/2026,5.5500928
8/4/2026,5.3518752
8/5/2026,5.1253408
8/6/2026,4.95544
8/7/2026,4.7855392
8/8/2026,4.6439552
8/9/2026,4.530688
8/10/2026,4.4457376
8/11/2026,4.3607872
8/12/2026,4.24752
8/13/2026,4.3607872
8/14/2026,4.672272
8/15/2026,4.7572224
8/16/2026,4.6156384
8/17/2026,4.3324704
8/18/2026,4.105936
8/19/2026,4.0493024
8/20/2026,3.9360352
8/21/2026,3.7944512
8/22/2026,3.681184
8/23/2026,3.6245504
8/24/2026,3.5112832
8/25/2026,3.4546496
8/26/2026,3.3696992
8/27/2026,3.398016
8/28/2026,3.3130656
8/29/2026,3.256432
8/30/2026,3.1997984
