date,outflow
3/28/1965,112.417696
3/29/1965,43.607872
3/30/1965,92.0296
3/31/1965,274.67296
4/1/1965,233.047264
4/2/1965,181.793856
4/3/1965,194.536416
4/4/1965,191.987904
4/5/1965,179.245344
4/6/1965,159.140416
4/7/1965,159.140416
4/8/1965,141.017664
4/9/1965,111.568192
4/10/1965,76.45536
4/11/1965,40.776192
4/12/1965,73.057344
4/13/1965,99.675136
4/14/1965,81.835552
4/15/1965,77.8712
4/16/1965,81.835552
4/17/1965,83.817728
4/18/1965,83.817728
4/19/1965,69.942496
4/20/1965,45.590048
4/21/1965,32.281152
4/22/1965,56.6336
4/23/1965,72.20784
4/24/1965,72.20784
4/25/1965,72.20784
4/26/1965,68.809824
4/27/1965,58.615776
4/28/1965,56.916768
4/29/1965,56.916768
4/30/1965,56.916768
5/1/1965,71.075168
5/2/1965,91.746432
5/3/1965,77.304864
5/4/1965,60.314784
5/5/1965,56.916768
5/6/1965,50.120736
5/7/1965,50.120736
5/8/1965,50.120736
5/9/1965,50.120736
5/10/1965,46.72272
5/11/1965,43.607872
5/12/1965,43.607872
5/13/1965,43.607872
5/14/1965,44.457376
5/15/1965,58.615776
5/16/1965,58.615776
5/17/1965,58.615776
5/18/1965,58.615776
5/19/1965,58.615776
5/20/1965,59.46528
5/21/1965,62.29696
5/22/1965,60.314784
5/23/1965,60.314784
5/24/1965,48.13856
5/25/1965,32.281152
5/26/1965,32.281152
5/27/1965,32.281152
5/28/1965,45.873216
5/29/1965,110.718688
5/30/1965,169.051296
5/31/1965,199.63344
6/1/1965,199.63344
6/2/1965,199.63344
6/3/1965,197.084928
6/4/1965,176.696832
6/5/1965,166.502784
6/6/1965,166.502784
6/7/1965,163.954272
6/8/1965,156.875072
6/9/1965,141.017664
6/10/1965,136.486976
6/11/1965,134.221632
6/12/1965,131.956288
6/13/1965,125.443424
6/14/1965,94.011776
6/15/1965,60.314784
6/16/1965,63.7128
6/17/1965,63.7128
6/18/1965,58.615776
6/19/1965,58.615776
6/20/1965,58.615776
6/21/1965,58.615776
6/22/1965,58.615776
6/23/1965,60.314784
6/24/1965,63.7128
6/25/1965,63.7128
6/26/1965,63.7128
6/27/1965,62.013792
6/28/1965,62.013792
6/29/1965,62.013792
6/30/1965,58.615776
7/1/1965,58.615776
7/2/1965,58.615776
7/3/1965,60.314784
7/4/1965,60.314784
7/5/1965,58.615776
7/6/1965,58.615776
7/7/1965,53.518752
7/8/1965,46.72272
7/9/1965,45.023712
7/10/1965,40.776192
7/11/1965,36.528672
7/12/1965,33.696992
7/13/1965,30.865312
7/14/1965,30.865312
7/15/1965,28.883136
7/16/1965,28.883136
7/17/1965,31.714816
7/18/1965,32.847488
7/19/1965,30.865312
7/20/1965,27.184128
7/21/1965,27.184128
7/22/1965,25.48512
7/23/1965,19.82176
7/24/1965,19.82176
7/25/1965,19.82176
7/26/1965,19.255424
7/27/1965,23.644528
7/28/1965,28.883136
7/29/1965,23.219776
7/30/1965,21.520768
7/31/1965,19.255424
8/1/1965,19.255424
8/2/1965,19.255424
8/3/1965,21.2942336
8/4/1965,26.051456
8/5/1965,25.48512
8/6/1965,25.48512
8/7/1965,25.48512
8/8/1965,24.918784
8/9/1965,24.0975968
8/10/1965,11.893056
8/11/1965,11.043552
8/12/1965,11.043552
8/13/1965,13.8469152
8/14/1965,16.4803776
8/15/1965,16.4803776
8/16/1965,15.998992
8/17/1965,14.4982016
8/18/1965,14.4982016
8/19/1965,12.317808
8/20/1965,12.6292928
8/21/1965,23.219776
8/22/1965,24.352448
8/23/1965,20.1615616
8/24/1965,15.998992
8/25/1965,14.4982016
8/26/1965,7.4756352
8/27/1965,1.6140576
8/28/1965,1.274256
8/29/1965,1.132672
8/30/1965,3.114848
8/31/1965,12.176224
9/1/1965,15.998992
9/2/1965,31.997984
9/3/1965,48.421728
9/4/1965,46.72272
9/5/1965,32.281152
9/6/1965,16.4803776
9/7/1965,17.556416
9/8/1965,18.122752
9/9/1965,16.99008
9/10/1965,16.4803776
9/11/1965,16.4803776
9/12/1965,19.82176
9/13/1965,22.087104
9/14/1965,21.520768
9/15/1965,20.954432
9/16/1965,23.219776
9/17/1965,22.65344
9/18/1965,20.388096
9/19/1965,19.255424
9/20/1965,13.9884992
9/21/1965,9.20296
9/22/1965,9.061376
9/23/1965,8.49504
9/24/1965,7.928704
9/25/1965,8.211872
9/26/1965,8.211872
9/27/1965,8.211872
9/28/1965,8.211872
9/29/1965,7.645536
9/30/1965,6.5694976
10/1/1965,6.1730624
10/2/1965,6.229696
10/3/1965,6.229696
10/4/1965,6.4845472
10/5/1965,6.6261312
10/6/1965,6.4279136
10/7/1965,6.4279136
10/8/1965,6.3429632
10/9/1965,6.2863296
10/10/1965,6.1730624
10/11/1965,6.3429632
10/12/1965,6.229696
10/13/1965,6.1730624
10/14/1965,6.229696
10/15/1965,5.8615776
10/16/1965,5.8615776
10/17/1965,5.8615776
10/18/1965,5.8615776
10/19/1965,5.8615776
10/20/1965,5.7766272
10/21/1965,6.7677152
10/22/1965,7.6172192
10/23/1965,8.0986048
10/24/1965,7.928704
10/25/1965,8.0136544
10/26/1965,7.928704
10/27/1965,8.3251392
10/28/1965,7.78712
10/29/1965,6.9092992
10/30/1965,6.6827648
10/31/1965,6.6261312
11/1/1965,6.7677152
11/2/1965,7.1075168
11/3/1965,7.1075168
11/4/1965,7.1075168
11/5/1965,5.8332608
11/6/1965,3.6528672
11/7/1965,3.0582144
11/8/1965,2.973264
11/9/1965,3.7378176
11/10/1965,3.2847488
11/11/1965,3.2847488
11/12/1965,3.398016
11/13/1965,2.6051456
11/14/1965,1.4724736
11/15/1965,1.3592064
11/16/1965,1.3025728
11/17/1965,0.9344544
11/18/1965,0.9061376
11/19/1965,1.1043552
11/20/1965,1.4724736
11/21/1965,1.41584
11/22/1965,2.4352448
11/23/1965,4.4174208
11/24/1965,4.7289056
11/25/1965,4.672272
11/26/1965,4.672272
11/27/1965,4.672272
11/28/1965,4.7289056
11/29/1965,4.672272
11/30/1965,4.7289056
12/1/1965,4.7855392
12/2/1965,4.7289056
12/3/1965,4.7289056
12/4/1965,4.7289056
12/5/1965,4.7289056
12/6/1965,4.7289056
12/7/1965,4.7289056
12/8/1965,4.7289056
12/9/1965,2.690096
12/10/1965,0.283168
12/11/1965,0.141584
12/12/1965,0.0566336
12/13/1965,0.0566336
12/14/1965,0.0566336
12/15/1965,0.0566336
12/16/1965,0.0566336
12/17/1965,0.0566336
12/18/1965,6.512864
12/19/1965,92.0296
12/20/1965,212.376
12/21/1965,212.376
12/22/1965,209.54432
12/23/1965,199.067104
12/24/1965,186.324544
12/25/1965,186.324544
12/26/1965,186.324544
12/27/1965,165.086944
12/28/1965,108.453344
12/29/1965,58.615776
12/30/1965,37.095008
12/31/1965,21.7473024
1/1/1966,12.1479072
1/2/1966,8.49504
1/3/1966,29.73264
1/4/1966,58.615776
1/5/1966,56.916768
1/6/1966,48.13856
1/7/1966,50.97024
1/8/1966,58.615776
1/9/1966,63.7128
1/10/1966,63.7128
1/11/1966,63.7128
1/12/1966,63.7128
1/13/1966,58.615776
1/14/1966,49.5544
1/15/1966,42.4752
1/16/1966,42.4752
1/17/1966,29.166304
1/18/1966,18.8873056
1/19/1966,37.944512
1/20/1966,56.916768
1/21/1966,48.13856
1/22/1966,46.72272
1/23/1966,56.916768
1/24/1966,69.942496
1/25/1966,147.813696
1/26/1966,201.615616
1/27/1966,178.679008
1/28/1966,139.884992
1/29/1966,151.211712
1/30/1966,153.477056
1/31/1966,144.41568
2/1/1966,135.354304
2/2/1966,133.08896
2/3/1966,117.797888
2/4/1966,105.904832
2/5/1966,88.065248
2/6/1966,68.809824
2/7/1966,56.916768
2/8/1966,48.13856
2/9/1966,137.053312
2/10/1966,690.92992
2/11/1966,705.08832
2/12/1966,577.66272
2/13/1966,535.18752
2/14/1966,438.9104
2/15/1966,362.45504
2/16/1966,325.6432
2/17/1966,283.168
2/18/1966,232.19776
2/19/1966,139.884992
2/20/1966,135.354304
2/21/1966,135.354304
2/22/1966,121.195904
2/23/1966,41.342528
2/24/1966,171.033472
2/25/1966,152.91072
2/26/1966,84.100896
2/27/1966,101.94048
2/28/1966,126.292928
3/1/1966,109.869184
3/2/1966,72.20784
3/3/1966,56.916768
3/4/1966,56.916768
3/5/1966,60.314784
3/6/1966,60.314784
3/7/1966,60.314784
3/8/1966,56.916768
3/9/1966,48.13856
3/10/1966,48.13856
3/11/1966,46.72272
3/12/1966,45.30688
3/13/1966,43.89104
3/14/1966,43.89104
3/15/1966,46.72272
3/16/1966,53.80192
3/17/1966,53.80192
3/18/1966,53.80192
3/19/1966,52.38608
3/20/1966,52.38608
3/21/1966,53.80192
3/22/1966,58.615776
3/23/1966,56.916768
3/24/1966,55.21776
3/25/1966,55.21776
3/26/1966,55.21776
3/27/1966,53.80192
3/28/1966,55.21776
3/29/1966,53.80192
3/30/1966,53.80192
3/31/1966,53.80192
4/1/1966,53.80192
4/2/1966,53.80192
4/3/1966,53.80192
4/4/1966,52.38608
4/5/1966,52.38608
4/6/1966,52.38608
4/7/1966,53.80192
4/8/1966,53.80192
4/9/1966,52.38608
4/10/1966,60.314784
4/11/1966,65.411808
4/12/1966,60.314784
4/13/1966,58.615776
4/14/1966,49.5544
4/15/1966,38.22768
4/16/1966,36.81184
4/17/1966,36.81184
4/18/1966,30.015808
4/19/1966,20.954432
4/20/1966,19.255424
4/21/1966,18.1793856
4/22/1966,18.1793856
4/23/1966,17.698
4/24/1966,26.2779904
4/25/1966,85.516736
4/26/1966,133.08896
4/27/1966,130.823616
4/28/1966,124.027584
4/29/1966,130.823616
4/30/1966,135.354304
5/1/1966,135.354304
5/2/1966,144.41568
5/3/1966,198.783936
5/4/1966,308.65312
5/5/1966,430.41536
5/6/1966,472.89056
5/7/1966,526.69248
5/8/1966,586.15776
5/9/1966,668.27648
5/10/1966,696.59328
5/11/1966,679.6032
5/12/1966,679.6032
5/13/1966,662.61312
5/14/1966,580.4944
5/15/1966,518.19744
5/16/1966,484.21728
5/17/1966,421.92032
5/18/1966,379.44512
5/19/1966,351.12832
5/20/1966,291.66304
5/21/1966,232.19776
5/22/1966,229.36608
5/23/1966,204.164128
5/24/1966,160.839424
5/25/1966,148.946368
5/26/1966,135.354304
5/27/1966,111.85136
5/28/1966,105.904832
5/29/1966,95.993952
5/30/1966,94.011776
5/31/1966,94.011776
6/1/1966,88.065248
6/2/1966,88.065248
6/3/1966,88.065248
6/4/1966,88.065248
6/5/1966,88.065248
6/6/1966,86.083072
6/7/1966,76.172192
6/8/1966,60.314784
6/9/1966,63.7128
6/10/1966,60.314784
6/11/1966,58.615776
6/12/1966,58.615776
6/13/1966,75.322688
6/14/1966,117.797888
6/15/1966,65.411808
6/16/1966,60.314784
6/17/1966,58.615776
6/18/1966,56.916768
6/19/1966,56.916768
6/20/1966,58.615776
6/21/1966,58.615776
6/22/1966,58.615776
6/23/1966,58.615776
6/24/1966,58.615776
6/25/1966,58.615776
6/26/1966,56.916768
6/27/1966,56.916768
6/28/1966,56.916768
6/29/1966,56.916768
6/30/1966,58.615776
7/1/1966,58.615776
7/2/1966,58.615776
7/3/1966,58.615776
7/4/1966,58.615776
7/5/1966,56.916768
7/6/1966,56.916768
7/7/1966,56.916768
7/8/1966,56.916768
7/9/1966,56.916768
7/10/1966,56.916768
7/11/1966,55.21776
7/12/1966,55.21776
7/13/1966,56.916768
7/14/1966,56.916768
7/15/1966,56.916768
7/16/1966,56.916768
7/17/1966,56.916768
7/18/1966,56.916768
7/19/1966,55.21776
7/20/1966,55.21776
7/21/1966,53.80192
7/22/1966,53.80192
7/23/1966,53.80192
7/24/1966,53.80192
7/25/1966,53.80192
7/26/1966,53.80192
7/27/1966,53.80192
7/28/1966,53.80192
7/29/1966,42.758368
7/30/1966,26.2779904
7/31/1966,18.1793856
8/1/1966,22.9932416
8/2/1966,31.714816
8/3/1966,32.56432
8/4/1966,32.56432
8/5/1966,25.8249216
8/6/1966,12.5443424
8/7/1966,4.4740544
8/8/1966,3.4546496
8/9/1966,2.5201952
8/10/1966,2.4352448
8/11/1966,2.5768288
8/12/1966,2.4918784
8/13/1966,2.5201952
8/14/1966,2.406928
8/15/1966,5.2669248
8/16/1966,10.0241472
8/17/1966,18.972256
8/18/1966,42.4752
8/19/1966,56.916768
8/20/1966,56.916768
8/21/1966,56.916768
8/22/1966,52.38608
8/23/1966,45.30688
8/24/1966,45.30688
8/25/1966,37.378176
8/26/1966,28.883136
8/27/1966,28.883136
8/28/1966,28.3168
8/29/1966,28.883136
8/30/1966,30.582144
8/31/1966,30.582144
9/1/1966,30.582144
9/2/1966,30.582144
9/3/1966,30.582144
9/4/1966,30.582144
9/5/1966,29.73264
9/6/1966,29.73264
9/7/1966,29.73264
9/8/1966,29.73264
9/9/1966,29.73264
9/10/1966,29.73264
9/11/1966,29.73264
9/12/1966,29.73264
9/13/1966,29.73264
9/14/1966,29.73264
9/15/1966,29.73264
9/16/1966,35.112832
9/17/1966,46.72272
9/18/1966,46.72272
9/19/1966,46.72272
9/20/1966,46.72272
9/21/1966,46.72272
9/22/1966,46.72272
9/23/1966,46.72272
9/24/1966,46.72272
9/25/1966,46.72272
9/26/1966,46.72272
9/27/1966,46.72272
9/28/1966,46.72272
9/29/1966,46.72272
9/30/1966,47.855392
10/1/1966,81.552384
10/2/1966,50.97024
10/3/1966,46.72272
10/4/1966,46.72272
10/5/1966,46.72272
10/6/1966,46.72272
10/7/1966,46.72272
10/8/1966,46.72272
10/9/1966,46.72272
10/10/1966,45.30688
10/11/1966,45.30688
10/12/1966,46.72272
10/13/1966,46.72272
10/14/1966,46.72272
10/15/1966,46.72272
10/16/1966,46.72272
10/17/1966,46.72272
10/18/1966,53.80192
10/19/1966,68.809824
10/20/1966,68.809824
10/21/1966,68.809824
10/22/1966,68.809824
10/23/1966,67.110816
10/24/1966,57.483104
10/25/1966,45.30688
10/26/1966,34.263328
10/27/1966,15.0928544
10/28/1966,43.89104
10/29/1966,43.89104
10/30/1966,43.89104
10/31/1966,43.89104
11/1/1966,42.4752
11/2/1966,39.64352
11/3/1966,41.05936
11/4/1966,45.30688
11/5/1966,49.5544
11/6/1966,49.5544
11/7/1966,49.5544
11/8/1966,48.13856
11/9/1966,46.72272
11/10/1966,41.05936
11/11/1966,41.05936
11/12/1966,39.64352
11/13/1966,39.64352
11/14/1966,29.449472
11/15/1966,16.706912
11/16/1966,15.2344384
11/17/1966,14.724736
11/18/1966,14.724736
11/19/1966,14.724736
11/20/1966,14.724736
11/21/1966,14.724736
11/22/1966,17.698
11/23/1966,24.5506656
11/24/1966,29.73264
11/25/1966,29.73264
11/26/1966,29.73264
11/27/1966,29.73264
11/28/1966,29.73264
11/29/1966,29.73264
11/30/1966,29.449472
12/1/1966,29.449472
12/2/1966,33.130656
12/3/1966,37.095008
12/4/1966,37.378176
12/5/1966,37.095008
12/6/1966,37.378176
12/7/1966,37.378176
12/8/1966,41.05936
12/9/1966,52.38608
12/10/1966,45.30688
12/11/1966,45.30688
12/12/1966,45.30688
12/13/1966,36.81184
12/14/1966,29.166304
12/15/1966,28.599968
12/16/1966,28.883136
12/17/1966,31.14848
12/18/1966,32.56432
12/19/1966,31.431648
12/20/1966,30.015808
12/21/1966,35.112832
12/22/1966,42.192032
12/23/1966,31.14848
12/24/1966,31.14848
12/25/1966,30.582144
12/26/1966,30.015808
12/27/1966,30.582144
12/28/1966,30.865312
12/29/1966,33.413824
12/30/1966,33.98016
12/31/1966,33.98016
1/1/1967,33.98016
1/2/1967,33.98016
1/3/1967,33.413824
1/4/1967,33.413824
1/5/1967,32.281152
1/6/1967,31.14848
1/7/1967,30.865312
1/8/1967,30.582144
1/9/1967,30.582144
1/10/1967,30.865312
1/11/1967,30.865312
1/12/1967,30.865312
1/13/1967,31.14848
1/14/1967,31.14848
1/15/1967,31.14848
1/16/1967,33.413824
1/17/1967,41.625696
1/18/1967,50.120736
1/19/1967,50.120736
1/20/1967,50.120736
1/21/1967,49.5544
1/22/1967,49.5544
1/23/1967,46.439552
1/24/1967,31.997984
1/25/1967,27.042544
1/26/1967,25.626704
1/27/1967,25.626704
1/28/1967,25.626704
1/29/1967,25.48512
1/30/1967,25.3718528
1/31/1967,25.3718528
2/1/1967,25.343536
2/2/1967,25.0886848
2/3/1967,25.1736352
2/4/1967,25.1453184
2/5/1967,25.1453184
2/6/1967,15.8007744
2/7/1967,3.681184
2/8/1967,1.274256
2/9/1967,1.274256
2/10/1967,1.3592064
2/11/1967,1.5007904
2/12/1967,2.3786112
2/13/1967,3.822768
2/14/1967,10.7037504
2/15/1967,19.255424
2/16/1967,20.954432
2/17/1967,24.9754176
2/18/1967,26.90096
2/19/1967,26.90096
2/20/1967,24.352448
2/21/1967,22.65344
2/22/1967,24.9754176
2/23/1967,28.175216
2/24/1967,28.599968
2/25/1967,28.883136
2/26/1967,29.73264
2/27/1967,29.73264
2/28/1967,30.582144
3/1/1967,30.582144
3/2/1967,30.582144
3/3/1967,31.431648
3/4/1967,32.847488
3/5/1967,32.847488
3/6/1967,32.56432
3/7/1967,32.56432
3/8/1967,32.281152
3/9/1967,32.281152
3/10/1967,30.865312
3/11/1967,28.599968
3/12/1967,28.599968
3/13/1967,28.599968
3/14/1967,28.3168
3/15/1967,28.0053152
3/16/1967,28.2035328
3/17/1967,28.0902656
3/18/1967,28.1468992
3/19/1967,28.2601664
3/20/1967,28.2035328
3/21/1967,28.3168
3/22/1967,28.3168
3/23/1967,28.3168
3/24/1967,28.3168
3/25/1967,28.3168
3/26/1967,43.607872
3/27/1967,60.314784
3/28/1967,54.368256
3/29/1967,50.403904
3/30/1967,47.572224
3/31/1967,43.89104
4/1/1967,37.095008
4/2/1967,36.81184
4/3/1967,43.607872
4/4/1967,55.21776
4/5/1967,62.013792
4/6/1967,72.20784
4/7/1967,70.508832
4/8/1967,58.615776
4/9/1967,58.332608
4/10/1967,55.500928
4/11/1967,53.80192
4/12/1967,53.80192
4/13/1967,48.13856
4/14/1967,79.28704
4/15/1967,159.706752
4/16/1967,171.882976
4/17/1967,98.542464
4/18/1967,41.908864
4/19/1967,17.698
4/20/1967,16.706912
4/21/1967,23.1631424
4/22/1967,39.64352
4/23/1967,43.89104
4/24/1967,43.89104
4/25/1967,49.5544
4/26/1967,58.615776
4/27/1967,60.314784
4/28/1967,60.314784
4/29/1967,60.314784
4/30/1967,60.314784
5/1/1967,58.615776
5/2/1967,112.417696
5/3/1967,176.130496
5/4/1967,144.41568
5/5/1967,93.162272
5/6/1967,56.916768
5/7/1967,55.21776
5/8/1967,56.916768
5/9/1967,63.7128
5/10/1967,63.7128
5/11/1967,56.916768
5/12/1967,72.20784
5/13/1967,72.20784
5/14/1967,72.20784
5/15/1967,70.508832
5/16/1967,60.314784
5/17/1967,58.615776
5/18/1967,57.766272
5/19/1967,57.483104
5/20/1967,57.766272
5/21/1967,38.794016
5/22/1967,11.8364224
5/23/1967,8.6083072
5/24/1967,8.353456
5/25/1967,8.1552384
5/26/1967,12.7708768
5/27/1967,31.997984
5/28/1967,50.97024
5/29/1967,50.403904
5/30/1967,50.403904
5/31/1967,50.403904
6/1/1967,50.403904
6/2/1967,33.98016
6/3/1967,11.32672
6/4/1967,13.592064
6/5/1967,30.582144
6/6/1967,60.314784
6/7/1967,65.411808
6/8/1967,65.411808
6/9/1967,62.013792
6/10/1967,58.615776
6/11/1967,58.615776
6/12/1967,58.615776
6/13/1967,58.615776
6/14/1967,56.916768
6/15/1967,57.766272
6/16/1967,57.483104
6/17/1967,57.199936
6/18/1967,57.199936
6/19/1967,56.916768
6/20/1967,57.766272
6/21/1967,59.182112
6/22/1967,59.182112
6/23/1967,59.46528
6/24/1967,59.46528
6/25/1967,59.182112
6/26/1967,70.225664
6/27/1967,89.19792
6/28/1967,85.516736
6/29/1967,65.12864
6/30/1967,57.766272
7/1/1967,56.6336
7/2/1967,56.350432
7/3/1967,45.873216
7/4/1967,14.1017664
7/5/1967,38.510848
7/6/1967,52.952416
7/7/1967,50.403904
7/8/1967,39.926688
7/9/1967,39.64352
7/10/1967,32.56432
7/11/1967,25.626704
7/12/1967,25.626704
7/13/1967,19.255424
7/14/1967,10.8736512
7/15/1967,10.6188
7/16/1967,15.2344384
7/17/1967,17.698
7/18/1967,19.255424
7/19/1967,21.520768
7/20/1967,10.7037504
7/21/1967,11.468304
7/22/1967,16.706912
7/23/1967,16.706912
7/24/1967,11.893056
7/25/1967,11.893056
7/26/1967,15.2344384
7/27/1967,23.786112
7/28/1967,20.388096
7/29/1967,16.706912
7/30/1967,16.706912
7/31/1967,22.087104
8/1/1967,28.175216
8/2/1967,35.112832
8/3/1967,43.324704
8/4/1967,42.4752
8/5/1967,37.661344
8/6/1967,33.130656
8/7/1967,26.476208
8/8/1967,19.9916608
8/9/1967,19.8783936
8/10/1967,25.626704
8/11/1967,32.847488
8/12/1967,32.847488
8/13/1967,32.847488
8/14/1967,32.56432
8/15/1967,32.847488
8/16/1967,32.56432
8/17/1967,32.56432
8/18/1967,28.599968
8/19/1967,22.8233408
8/20/1967,16.28216
8/21/1967,8.211872
8/22/1967,4.7855392
8/23/1967,10.760384
8/24/1967,19.255424
8/25/1967,21.94552
8/26/1967,27.9203648
8/27/1967,27.8637312
8/28/1967,25.060368
8/29/1967,21.9738368
8/30/1967,22.0304704
8/31/1967,21.8888864
9/1/1967,22.9932416
9/2/1967,22.5684896
9/3/1967,22.511856
9/4/1967,22.4835392
9/5/1967,22.4552224
9/6/1967,22.5401728
9/7/1967,22.6251232
9/8/1967,20.954432
9/9/1967,19.2837408
9/10/1967,19.1987904
9/11/1967,19.1704736
9/12/1967,19.2271072
9/13/1967,20.2748288
9/14/1967,22.795024
9/15/1967,24.6072992
9/16/1967,24.494032
9/17/1967,24.4090816
9/18/1967,24.3807648
9/19/1967,24.3807648
9/20/1967,24.4090816
9/21/1967,24.352448
9/22/1967,24.3241312
9/23/1967,24.3807648
9/24/1967,24.3807648
9/25/1967,24.2958144
9/26/1967,18.0661184
9/27/1967,10.3922656
9/28/1967,10.3922656
9/29/1967,10.5055328
9/30/1967,16.423744
10/1/1967,22.6817568
10/2/1967,22.65344
10/3/1967,19.6235424
10/4/1967,17.0750304
10/5/1967,16.0839424
10/6/1967,13.7902816
10/7/1967,12.0912736
10/8/1967,12.0063232
10/9/1967,12.0063232
10/10/1967,11.9780064
10/11/1967,11.893056
10/12/1967,13.7619648
10/13/1967,14.6964192
10/14/1967,12.0912736
10/15/1967,12.0629568
10/16/1967,12.0912736
10/17/1967,12.0629568
10/18/1967,12.0629568
10/19/1967,12.176224
10/20/1967,12.176224
10/21/1967,12.1195904
10/22/1967,12.0912736
10/23/1967,12.1479072
10/24/1967,12.0912736
10/25/1967,12.03464
10/26/1967,12.2045408
10/27/1967,11.9780064
10/28/1967,12.0912736
10/29/1967,12.1195904
10/30/1967,12.0912736
10/31/1967,12.0629568
11/1/1967,12.0629568
11/2/1967,12.0629568
11/3/1967,12.0629568
11/4/1967,12.0629568
11/5/1967,12.0629568
11/6/1967,12.0629568
11/7/1967,12.0063232
11/8/1967,12.0629568
11/9/1967,12.03464
11/10/1967,12.03464
11/11/1967,11.9496896
11/12/1967,11.8647392
11/13/1967,11.9496896
11/14/1967,11.9213728
11/15/1967,11.9213728
11/16/1967,11.9780064
11/17/1967,11.893056
11/18/1967,11.8081056
11/19/1967,11.9496896
11/20/1967,11.9496896
11/21/1967,11.8364224
11/22/1967,11.8081056
11/23/1967,11.8647392
11/24/1967,11.9213728
11/25/1967,11.8647392
11/26/1967,11.893056
11/27/1967,11.893056
11/28/1967,11.893056
11/29/1967,11.893056
11/30/1967,11.893056
12/1/1967,11.893056
12/2/1967,11.893056
12/3/1967,11.893056
12/4/1967,11.893056
12/5/1967,11.893056
12/6/1967,11.893056
12/7/1967,11.893056
12/8/1967,11.893056
12/9/1967,11.893056
12/10/1967,10.9586016
12/11/1967,10.194048
12/12/1967,10.1090976
12/13/1967,10.1374144
12/14/1967,10.1374144
12/15/1967,11.9213728
12/16/1967,13.733648
12/17/1967,16.1122592
12/18/1967,18.122752
12/19/1967,16.706912
12/20/1967,14.6681024
12/21/1967,12.6292928
12/22/1967,12.4310752
12/23/1967,12.6292928
12/24/1967,12.5726592
12/25/1967,12.4027584
12/26/1967,12.317808
12/27/1967,13.7619648
12/28/1967,22.9649248
12/29/1967,34.546496
12/30/1967,35.396
12/31/1967,35.396
1/1/1968,35.679168
1/2/1968,35.679168
1/3/1968,39.360352
1/4/1968,50.120736
1/5/1968,48.988064
1/6/1968,45.30688
1/7/1968,49.837568
1/8/1968,50.403904
1/9/1968,88.065248
1/10/1968,178.962176
1/11/1968,130.25728
1/12/1968,115.249376
1/13/1968,114.116704
1/14/1968,114.116704
1/15/1968,105.338496
1/16/1968,90.61376
1/17/1968,94.011776
1/18/1968,99.391968
1/19/1968,99.391968
1/20/1968,99.391968
1/21/1968,99.391968
1/22/1968,99.675136
1/23/1968,99.958304
1/24/1968,99.958304
1/25/1968,94.86128
1/26/1968,83.817728
1/27/1968,74.756352
1/28/1968,74.473184
1/29/1968,74.190016
1/30/1968,75.03952
1/31/1968,76.172192
2/1/1968,82.401888
2/2/1968,95.427616
2/3/1968,76.172192
2/4/1968,74.473184
2/5/1968,90.61376
2/6/1968,134.5048
2/7/1968,127.991936
2/8/1968,81.835552
2/9/1968,54.934592
2/10/1968,49.271232
2/11/1968,48.988064
2/12/1968,43.89104
2/13/1968,51.536576
2/14/1968,86.083072
2/15/1968,87.215744
2/16/1968,80.986048
2/17/1968,61.164288
2/18/1968,60.314784
2/19/1968,60.314784
2/20/1968,57.766272
2/21/1968,54.651424
2/22/1968,54.934592
2/23/1968,55.21776
2/24/1968,54.934592
2/25/1968,54.934592
2/26/1968,54.085088
2/27/1968,53.235584
2/28/1968,58.04944
2/29/1968,69.37616
3/1/1968,65.694976
3/2/1968,60.314784
3/3/1968,59.748448
3/4/1968,59.748448
3/5/1968,59.748448
3/6/1968,62.013792
3/7/1968,67.96032
3/8/1968,68.243488
3/9/1968,67.96032
3/10/1968,67.677152
3/11/1968,68.243488
3/12/1968,73.62368
3/13/1968,77.021696
3/14/1968,81.552384
3/15/1968,89.481088
3/16/1968,97.126624
3/17/1968,104.77216
3/18/1968,110.43552
3/19/1968,115.815712
3/20/1968,115.815712
3/21/1968,118.364224
3/22/1968,159.706752
3/23/1968,180.378016
3/24/1968,157.724576
3/25/1968,142.99984
3/26/1968,114.68304
3/27/1968,105.904832
3/28/1968,97.409792
3/29/1968,73.906848
3/30/1968,56.6336
3/31/1968,63.995968
4/1/1968,85.233568
4/2/1968,149.229536
4/3/1968,202.748288
4/4/1968,201.332448
4/5/1968,255.700704
4/6/1968,201.898784
4/7/1968,156.591904
4/8/1968,142.150336
4/9/1968,325.6432
4/10/1968,515.36576
4/11/1968,481.3856
4/12/1968,453.0688
4/13/1968,458.73216
4/14/1968,475.72224
4/15/1968,487.04896
4/16/1968,489.88064
4/17/1968,489.88064
4/18/1968,472.89056
4/19/1968,413.42528
4/20/1968,325.6432
4/21/1968,285.99968
4/22/1968,285.99968
4/23/1968,285.99968
4/24/1968,285.99968
4/25/1968,285.99968
4/26/1968,282.035328
4/27/1968,274.67296
4/28/1968,268.160096
4/29/1968,255.700704
4/30/1968,242.958144
5/1/1968,218.605696
5/2/1968,169.617632
5/3/1968,119.780064
5/4/1968,102.789984
5/5/1968,135.354304
5/6/1968,134.787968
5/7/1968,134.5048
5/8/1968,134.5048
5/9/1968,141.017664
5/10/1968,169.617632
5/11/1968,232.19776
5/12/1968,252.01952
5/13/1968,283.168
5/14/1968,359.62336
5/15/1968,396.4352
5/16/1968,404.93024
5/17/1968,421.92032
5/18/1968,461.56384
5/19/1968,495.544
5/20/1968,492.71232
5/21/1968,475.72224
5/22/1968,430.41536
5/23/1968,399.26688
5/24/1968,419.08864
5/25/1968,458.73216
5/26/1968,484.21728
5/27/1968,512.53408
5/28/1968,521.02912
5/29/1968,549.34592
5/30/1968,569.16768
5/31/1968,569.16768
6/1/1968,546.51424
6/2/1968,481.3856
6/3/1968,447.40544
6/4/1968,359.62336
6/5/1968,276.655136
6/6/1968,245.223488
6/7/1968,242.958144
6/8/1968,242.674976
6/9/1968,242.391808
6/10/1968,242.674976
6/11/1968,229.649248
6/12/1968,183.492864
6/13/1968,152.627552
6/14/1968,193.97008
6/15/1968,231.631424
6/16/1968,214.641344
6/17/1968,205.579968
6/18/1968,167.635456
6/19/1968,142.716672
6/20/1968,126.859264
6/21/1968,94.578112
6/22/1968,83.817728
6/23/1968,223.419552
6/24/1968,356.79168
6/25/1968,481.3856
6/26/1968,478.55392
6/27/1968,501.20736
6/28/1968,523.8608
6/29/1968,532.35584
6/30/1968,546.51424
7/1/1968,557.84096
7/2/1968,560.67264
7/3/1968,555.00928
7/4/1968,495.544
7/5/1968,404.93024
7/6/1968,285.99968
7/7/1968,205.2968
7/8/1968,216.62352
7/9/1968,255.417536
7/10/1968,210.393824
7/11/1968,113.833536
7/12/1968,111.85136
7/13/1968,109.869184
7/14/1968,133.08896
7/15/1968,204.164128
7/16/1968,186.324544
7/17/1968,119.780064
7/18/1968,68.809824
7/19/1968,56.916768
7/20/1968,82.401888
7/21/1968,98.825632
7/22/1968,62.013792
7/23/1968,79.003872
7/24/1968,128.558272
7/25/1968,128.558272
7/26/1968,137.619648
7/27/1968,168.48496
7/28/1968,215.20768
7/29/1968,249.18784
7/30/1968,183.776032
7/31/1968,113.833536
8/1/1968,68.809824
8/2/1968,56.916768
8/3/1968,58.615776
8/4/1968,58.615776
8/5/1968,58.615776
8/6/1968,58.615776
8/7/1968,74.190016
8/8/1968,141.300832
8/9/1968,186.324544
8/10/1968,137.619648
8/11/1968,117.797888
8/12/1968,135.354304
8/13/1968,158.290912
8/14/1968,130.823616
8/15/1968,124.310752
8/16/1968,115.532544
8/17/1968,115.532544
8/18/1968,114.966208
8/19/1968,114.116704
8/20/1968,114.116704
8/21/1968,114.116704
8/22/1968,114.399872
8/23/1968,109.01968
8/24/1968,116.665216
8/25/1968,99.675136
8/26/1968,70.508832
8/27/1968,68.809824
8/28/1968,56.916768
8/29/1968,56.350432
8/30/1968,55.784096
8/31/1968,55.500928
9/1/1968,55.21776
9/2/1968,54.934592
9/3/1968,55.500928
9/4/1968,56.916768
9/5/1968,43.89104
9/6/1968,26.0231392
9/7/1968,24.4657152
9/8/1968,20.2181952
9/9/1968,16.99008
9/10/1968,24.2391808
9/11/1968,51.819744
9/12/1968,52.102912
9/13/1968,52.102912
9/14/1968,52.102912
9/15/1968,52.102912
9/16/1968,43.89104
9/17/1968,26.4195744
9/18/1968,12.0912736
9/19/1968,23.219776
9/20/1968,40.209856
9/21/1968,41.908864
9/22/1968,42.4752
9/23/1968,42.4752
9/24/1968,42.192032
9/25/1968,46.156384
9/26/1968,50.403904
9/27/1968,50.120736
9/28/1968,52.102912
9/29/1968,53.518752
9/30/1968,54.085088
10/1/1968,57.199936
10/2/1968,64.845472
10/3/1968,64.845472
10/4/1968,69.659328
10/5/1968,74.473184
10/6/1968,74.473184
10/7/1968,74.473184
10/8/1968,74.473184
10/9/1968,75.605856
10/10/1968,127.142432
10/11/1968,158.290912
10/12/1968,62.29696
10/13/1968,64.845472
10/14/1968,108.170176
10/15/1968,112.417696
10/16/1968,121.195904
10/17/1968,121.195904
10/18/1968,94.86128
10/19/1968,56.916768
10/20/1968,55.784096
10/21/1968,55.500928
10/22/1968,55.500928
10/23/1968,53.518752
10/24/1968,52.952416
10/25/1968,56.067264
10/26/1968,56.067264
10/27/1968,55.784096
10/28/1968,55.500928
10/29/1968,55.784096
10/30/1968,55.784096
10/31/1968,55.784096
11/1/1968,56.067264
11/2/1968,56.067264
11/3/1968,56.350432
11/4/1968,56.067264
11/5/1968,55.784096
11/6/1968,56.350432
11/7/1968,84.384064
11/8/1968,137.053312
11/9/1968,150.07904
11/10/1968,149.795872
11/11/1968,148.380032
11/12/1968,112.134528
11/13/1968,65.12864
11/14/1968,63.7128
11/15/1968,67.677152
11/16/1968,82.11872
11/17/1968,92.312768
11/18/1968,100.52464
11/19/1968,119.780064
11/20/1968,126.292928
11/21/1968,141.584
11/22/1968,142.150336
11/23/1968,127.708768
11/24/1968,111.285024
11/25/1968,110.718688
11/26/1968,111.001856
11/27/1968,139.884992
11/28/1968,199.067104
11/29/1968,162.538432
11/30/1968,91.180096
12/1/1968,94.86128
12/2/1968,132.239456
12/3/1968,237.577952
12/4/1968,305.82144
12/5/1968,305.82144
12/6/1968,257.68288
12/7/1968,152.061216
12/8/1968,146.397856
12/9/1968,167.918624
12/10/1968,220.87104
12/11/1968,216.62352
12/12/1968,200.199776
12/13/1968,230.78192
12/14/1968,272.973952
12/15/1968,305.82144
12/16/1968,385.10848
12/17/1968,413.42528
12/18/1968,382.2768
12/19/1968,294.49472
12/20/1968,216.340352
12/21/1968,184.625536
12/22/1968,183.776032
12/23/1968,183.776032
12/24/1968,184.0592
12/25/1968,184.625536
12/26/1968,199.067104
12/27/1968,226.5344
12/28/1968,228.799744
12/29/1968,229.36608
12/30/1968,228.233408
12/31/1968,230.498752
1/1/1969,230.215584
1/2/1969,227.100736
1/3/1969,212.092832
1/4/1969,184.625536
1/5/1969,183.492864
1/6/1969,208.977984
1/7/1969,285.99968
1/8/1969,334.13824
1/9/1969,288.83136
1/10/1969,254.001696
1/11/1969,238.427456
1/12/1969,236.728448
1/13/1969,224.835392
1/14/1969,203.597792
1/15/1969,189.156224
1/16/1969,178.112672
1/17/1969,178.112672
1/18/1969,178.39584
1/19/1969,178.112672
1/20/1969,165.65328
1/21/1969,148.946368
1/22/1969,148.946368
1/23/1969,148.6632
1/24/1969,148.6632
1/25/1969,149.229536
1/26/1969,149.512704
1/27/1969,149.229536
1/28/1969,149.512704
1/29/1969,149.795872
1/30/1969,149.795872
1/31/1969,149.795872
2/1/1969,149.795872
2/2/1969,149.512704
2/3/1969,148.380032
2/4/1969,148.380032
2/5/1969,148.6632
2/6/1969,148.6632
2/7/1969,148.946368
2/8/1969,148.6632
2/9/1969,148.6632
2/10/1969,147.813696
2/11/1969,148.380032
2/12/1969,154.32656
2/13/1969,169.617632
2/14/1969,216.340352
2/15/1969,285.99968
2/16/1969,255.134368
2/17/1969,198.2176
2/18/1969,196.235424
2/19/1969,209.261152
2/20/1969,244.373984
2/21/1969,281.185824
2/22/1969,407.76192
2/23/1969,487.04896
2/24/1969,484.21728
2/25/1969,458.73216
2/26/1969,390.77184
2/27/1969,336.96992
2/28/1969,334.13824
3/1/1969,334.13824
3/2/1969,314.31648
3/3/1969,285.99968
3/4/1969,277.50464
3/5/1969,267.310592
3/6/1969,248.055168
3/7/1969,247.488832
3/8/1969,244.94032
3/9/1969,243.52448
3/10/1969,206.71264
3/11/1969,152.91072
3/12/1969,135.92064
3/13/1969,128.275104
3/14/1969,175.56416
3/15/1969,226.251232
3/16/1969,300.15808
3/17/1969,393.60352
3/18/1969,475.72224
3/19/1969,591.82112
3/20/1969,656.94976
3/21/1969,685.26656
3/22/1969,668.27648
3/23/1969,617.30624
3/24/1969,571.99936
3/25/1969,557.84096
3/26/1969,560.67264
3/27/1969,560.67264
3/28/1969,566.336
3/29/1969,571.99936
3/30/1969,580.4944
3/31/1969,591.82112
4/1/1969,597.48448
4/2/1969,586.15776
4/3/1969,571.99936
4/4/1969,569.16768
4/5/1969,569.16768
4/6/1969,569.16768
4/7/1969,569.16768
4/8/1969,569.16768
4/9/1969,566.336
4/10/1969,566.336
4/11/1969,566.336
4/12/1969,571.99936
4/13/1969,583.32608
4/14/1969,583.32608
4/15/1969,574.83104
4/16/1969,569.16768
4/17/1969,566.336
4/18/1969,563.50432
4/19/1969,563.50432
4/20/1969,569.16768
4/21/1969,577.66272
4/22/1969,583.32608
4/23/1969,586.15776
4/24/1969,580.4944
4/25/1969,574.83104
4/26/1969,566.336
4/27/1969,566.336
4/28/1969,566.336
4/29/1969,566.336
4/30/1969,566.336
5/1/1969,569.16768
5/2/1969,571.99936
5/3/1969,574.83104
5/4/1969,583.32608
5/5/1969,600.31616
5/6/1969,651.2864
5/7/1969,707.92
5/8/1969,849.504
5/9/1969,835.3456
5/10/1969,787.20704
5/11/1969,787.20704
5/12/1969,849.504
5/13/1969,835.3456
5/14/1969,792.8704
5/15/1969,688.09824
5/16/1969,642.79136
5/17/1969,631.46464
5/18/1969,620.13792
5/19/1969,614.47456
5/20/1969,608.8112
5/21/1969,588.98944
5/22/1969,557.84096
5/23/1969,543.68256
5/24/1969,538.0192
5/25/1969,535.18752
5/26/1969,538.0192
5/27/1969,538.0192
5/28/1969,540.85088
5/29/1969,540.85088
5/30/1969,540.85088
5/31/1969,540.85088
6/1/1969,540.85088
6/2/1969,543.68256
6/3/1969,546.51424
6/4/1969,555.00928
6/5/1969,583.32608
6/6/1969,574.83104
6/7/1969,569.16768
6/8/1969,566.336
6/9/1969,557.84096
6/10/1969,540.85088
6/11/1969,504.03904
6/12/1969,455.90048
6/13/1969,404.93024
6/14/1969,399.26688
6/15/1969,393.60352
6/16/1969,359.62336
6/17/1969,285.99968
6/18/1969,250.886848
6/19/1969,208.977984
6/20/1969,152.344384
6/21/1969,100.52464
6/22/1969,55.784096
6/23/1969,83.53456
6/24/1969,169.334464
6/25/1969,199.067104
6/26/1969,75.605856
6/27/1969,60.88112
6/28/1969,49.837568
6/29/1969,44.174208
6/30/1969,98.825632
7/1/1969,162.255264
7/2/1969,45.873216
7/3/1969,43.324704
7/4/1969,48.421728
7/5/1969,48.421728
7/6/1969,48.421728
7/7/1969,48.421728
7/8/1969,59.46528
7/9/1969,101.090976
7/10/1969,96.560288
7/11/1969,67.96032
7/12/1969,51.253408
7/13/1969,48.704896
7/14/1969,48.988064
7/15/1969,47.005888
7/16/1969,47.289056
7/17/1969,46.439552
7/18/1969,46.439552
7/19/1969,47.005888
7/20/1969,48.704896
7/21/1969,48.988064
7/22/1969,37.378176
7/23/1969,22.0304704
7/24/1969,18.7457216
7/25/1969,18.689088
7/26/1969,31.714816
7/27/1969,44.740544
7/28/1969,44.457376
7/29/1969,44.174208
7/30/1969,44.457376
7/31/1969,45.023712
8/1/1969,45.873216
8/2/1969,47.855392
8/3/1969,48.988064
8/4/1969,91.180096
8/5/1969,165.086944
8/6/1969,145.548352
8/7/1969,121.195904
8/8/1969,58.04944
8/9/1969,54.934592
8/10/1969,54.651424
8/11/1969,54.934592
8/12/1969,55.500928
8/13/1969,55.21776
8/14/1969,54.934592
8/15/1969,54.651424
8/16/1969,54.934592
8/17/1969,54.651424
8/18/1969,54.934592
8/19/1969,54.934592
8/20/1969,54.934592
8/21/1969,54.651424
8/22/1969,54.368256
8/23/1969,54.085088
8/24/1969,53.80192
8/25/1969,53.235584
8/26/1969,53.518752
8/27/1969,54.368256
8/28/1969,54.085088
8/29/1969,51.536576
8/30/1969,48.704896
8/31/1969,48.421728
9/1/1969,48.13856
9/2/1969,47.289056
9/3/1969,50.403904
9/4/1969,54.651424
9/5/1969,55.784096
9/6/1969,56.067264
9/7/1969,55.784096
9/8/1969,55.500928
9/9/1969,50.97024
9/10/1969,44.740544
9/11/1969,44.174208
9/12/1969,44.174208
9/13/1969,44.174208
9/14/1969,43.89104
9/15/1969,43.607872
9/16/1969,43.324704
9/17/1969,42.758368
9/18/1969,42.758368
9/19/1969,43.041536
9/20/1969,43.041536
9/21/1969,42.758368
9/22/1969,42.192032
9/23/1969,41.908864
9/24/1969,41.908864
9/25/1969,42.192032
9/26/1969,42.192032
9/27/1969,42.192032
9/28/1969,42.192032
9/29/1969,42.4752
9/30/1969,42.192032
10/1/1969,38.794016
10/2/1969,34.829664
10/3/1969,35.112832
10/4/1969,35.112832
10/5/1969,35.112832
10/6/1969,32.847488
10/7/1969,30.582144
10/8/1969,30.298976
10/9/1969,33.98016
10/10/1969,34.546496
10/11/1969,33.130656
10/12/1969,33.130656
10/13/1969,32.56432
10/14/1969,32.56432
10/15/1969,32.56432
10/16/1969,31.431648
10/17/1969,32.281152
10/18/1969,33.696992
10/19/1969,33.413824
10/20/1969,32.847488
10/21/1969,33.413824
10/22/1969,33.98016
10/23/1969,33.98016
10/24/1969,33.696992
10/25/1969,33.413824
10/26/1969,32.847488
10/27/1969,32.56432
10/28/1969,32.281152
10/29/1969,31.997984
10/30/1969,31.714816
10/31/1969,31.431648
11/1/1969,30.865312
11/2/1969,30.015808
11/3/1969,28.883136
11/4/1969,27.1274944
11/5/1969,24.7488832
11/6/1969,22.087104
11/7/1969,23.219776
11/8/1969,25.626704
11/9/1969,23.219776
11/10/1969,21.520768
11/11/1969,23.219776
11/12/1969,22.65344
11/13/1969,20.954432
11/14/1969,21.520768
11/15/1969,22.65344
11/16/1969,22.65344
11/17/1969,23.219776
11/18/1969,25.626704
11/19/1969,24.9754176
11/20/1969,23.1348256
11/21/1969,22.795024
11/22/1969,22.8516576
11/23/1969,22.5968064
11/24/1969,25.48512
11/25/1969,26.334624
11/26/1969,26.5328416
11/27/1969,27.0708608
11/28/1969,26.8726432
11/29/1969,26.9575936
11/30/1969,25.3718528
12/1/1969,23.6162112
12/2/1969,24.7488832
12/3/1969,26.19304
12/4/1969,26.334624
12/5/1969,26.476208
12/6/1969,26.2779904
12/7/1969,23.219776
12/8/1969,18.1793856
12/9/1969,17.698
12/10/1969,16.1972096
12/11/1969,20.388096
12/12/1969,31.14848
12/13/1969,27.7221472
12/14/1969,27.467296
12/15/1969,27.4106624
12/16/1969,28.883136
12/17/1969,39.360352
12/18/1969,58.332608
12/19/1969,66.261312
12/20/1969,74.756352
12/21/1969,73.906848
12/22/1969,74.190016
12/23/1969,63.146464
12/24/1969,49.837568
12/25/1969,48.704896
12/26/1969,48.421728
12/27/1969,48.421728
12/28/1969,48.13856
12/29/1969,48.421728
12/30/1969,49.5544
12/31/1969,50.403904
1/1/1970,48.988064
1/2/1970,48.704896
1/3/1970,48.13856
1/4/1970,48.13856
1/5/1970,52.102912
1/6/1970,65.694976
1/7/1970,76.45536
1/8/1970,115.532544
1/9/1970,183.776032
1/10/1970,211.809664
1/11/1970,121.76224
1/12/1970,82.685056
1/13/1970,68.809824
1/14/1970,69.659328
1/15/1970,69.092992
1/16/1970,69.092992
1/17/1970,68.243488
1/18/1970,67.677152
1/19/1970,67.393984
1/20/1970,66.827648
1/21/1970,66.54448
1/22/1970,66.54448
1/23/1970,65.694976
1/24/1970,65.411808
1/25/1970,65.12864
1/26/1970,64.845472
1/27/1970,64.562304
1/28/1970,52.669248
1/29/1970,35.112832
1/30/1970,43.041536
1/31/1970,52.952416
2/1/1970,52.669248
2/2/1970,52.669248
2/3/1970,52.669248
2/4/1970,52.38608
2/5/1970,64.279136
2/6/1970,79.570208
2/7/1970,79.853376
2/8/1970,79.28704
2/9/1970,79.003872
2/10/1970,79.003872
2/11/1970,78.720704
2/12/1970,71.924672
2/13/1970,48.988064
2/14/1970,36.81184
2/15/1970,36.528672
2/16/1970,43.607872
2/17/1970,51.819744
2/18/1970,56.350432
2/19/1970,65.978144
2/20/1970,70.792
2/21/1970,71.075168
2/22/1970,70.792
2/23/1970,70.792
2/24/1970,57.199936
2/25/1970,43.607872
2/26/1970,45.023712
2/27/1970,49.5544
2/28/1970,54.651424
3/1/1970,54.368256
3/2/1970,54.368256
3/3/1970,54.085088
3/4/1970,67.393984
3/5/1970,89.481088
3/6/1970,92.0296
3/7/1970,84.100896
3/8/1970,84.100896
3/9/1970,76.172192
3/10/1970,65.411808
3/11/1970,68.809824
3/12/1970,74.190016
3/13/1970,78.154368
3/14/1970,82.11872
3/15/1970,82.11872
3/16/1970,82.11872
3/17/1970,88.065248
3/18/1970,135.354304
3/19/1970,188.873056
3/20/1970,196.518592
3/21/1970,158.290912
3/22/1970,95.993952
3/23/1970,117.797888
3/24/1970,168.48496
3/25/1970,201.615616
3/26/1970,254.8512
3/27/1970,260.51456
3/28/1970,237.86112
3/29/1970,237.86112
3/30/1970,237.86112
3/31/1970,237.86112
4/1/1970,237.86112
4/2/1970,238.710624
4/3/1970,238.427456
4/4/1970,237.86112
4/5/1970,227.100736
4/6/1970,201.332448
4/7/1970,172.73248
4/8/1970,136.486976
4/9/1970,113.833536
4/10/1970,140.451328
4/11/1970,173.015648
4/12/1970,143.849344
4/13/1970,97.69296
4/14/1970,91.746432
4/15/1970,74.473184
4/16/1970,73.62368
4/17/1970,101.657312
4/18/1970,112.134528
4/19/1970,125.443424
4/20/1970,107.037504
4/21/1970,55.21776
4/22/1970,93.162272
4/23/1970,130.25728
4/24/1970,136.486976
4/25/1970,58.615776
4/26/1970,55.500928
4/27/1970,51.819744
4/28/1970,46.439552
4/29/1970,53.80192
4/30/1970,71.075168
5/1/1970,147.24736
5/2/1970,280.902656
5/3/1970,283.168
5/4/1970,308.65312
5/5/1970,278.354144
5/6/1970,220.304704
5/7/1970,202.748288
5/8/1970,184.342368
5/9/1970,106.471168
5/10/1970,68.809824
5/11/1970,59.748448
5/12/1970,51.819744
5/13/1970,59.748448
5/14/1970,47.572224
5/15/1970,47.289056
5/16/1970,86.083072
5/17/1970,163.954272
5/18/1970,152.344384
5/19/1970,63.7128
5/20/1970,50.687072
5/21/1970,45.873216
5/22/1970,44.174208
5/23/1970,32.847488
5/24/1970,26.2779904
5/25/1970,25.8815552
5/26/1970,29.73264
5/27/1970,35.396
5/28/1970,35.396
5/29/1970,39.360352
5/30/1970,39.926688
5/31/1970,35.679168
6/1/1970,29.166304
6/2/1970,21.379184
6/3/1970,29.73264
6/4/1970,37.661344
6/5/1970,36.245504
6/6/1970,36.245504
6/7/1970,36.81184
6/8/1970,45.023712
6/9/1970,57.483104
6/10/1970,50.120736
6/11/1970,48.13856
6/12/1970,47.005888
6/13/1970,46.72272
6/14/1970,46.439552
6/15/1970,46.156384
6/16/1970,46.72272
6/17/1970,47.005888
6/18/1970,47.289056
6/19/1970,48.13856
6/20/1970,48.13856
6/21/1970,47.855392
6/22/1970,47.855392
6/23/1970,48.13856
6/24/1970,43.89104
6/25/1970,38.22768
6/26/1970,24.9754176
6/27/1970,14.2150336
6/28/1970,28.3168
6/29/1970,45.30688
6/30/1970,45.30688
7/1/1970,33.413824
7/2/1970,15.2344384
7/3/1970,22.087104
7/4/1970,42.4752
7/5/1970,46.72272
7/6/1970,49.5544
7/7/1970,49.5544
7/8/1970,39.64352
7/9/1970,39.64352
7/10/1970,39.64352
7/11/1970,39.64352
7/12/1970,45.30688
7/13/1970,49.5544
7/14/1970,39.64352
7/15/1970,33.413824
7/16/1970,29.73264
7/17/1970,29.73264
7/18/1970,29.73264
7/19/1970,29.73264
7/20/1970,31.714816
7/21/1970,36.81184
7/22/1970,29.73264
7/23/1970,29.73264
7/24/1970,29.73264
7/25/1970,29.73264
7/26/1970,28.883136
7/27/1970,26.2779904
7/28/1970,22.087104
7/29/1970,20.388096
7/30/1970,22.087104
7/31/1970,22.087104
8/1/1970,28.883136
8/2/1970,26.2779904
8/3/1970,19.255424
8/4/1970,14.2150336
8/5/1970,20.954432
8/6/1970,28.883136
8/7/1970,32.56432
8/8/1970,33.98016
8/9/1970,33.413824
8/10/1970,33.413824
8/11/1970,27.042544
8/12/1970,12.6292928
8/13/1970,6.4845472
8/14/1970,13.308896
8/15/1970,23.219776
8/16/1970,23.219776
8/17/1970,26.2779904
8/18/1970,28.883136
8/19/1970,26.90096
8/20/1970,21.2659168
8/21/1970,16.99008
8/22/1970,15.7441408
8/23/1970,15.998992
8/24/1970,12.5443424
8/25/1970,5.66336
8/26/1970,2.83168
8/27/1970,2.83168
8/28/1970,5.2669248
8/29/1970,22.7383904
8/30/1970,46.72272
8/31/1970,50.120736
9/1/1970,50.120736
9/2/1970,40.776192
9/3/1970,26.1080896
9/4/1970,24.4657152
9/5/1970,24.2674976
9/6/1970,23.3896768
9/7/1970,21.9738368
9/8/1970,21.9738368
9/9/1970,25.8249216
9/10/1970,38.794016
9/11/1970,41.908864
9/12/1970,46.439552
9/13/1970,42.4752
9/14/1970,36.528672
9/15/1970,33.696992
9/16/1970,29.73264
9/17/1970,26.0231392
9/18/1970,20.6146304
9/19/1970,20.388096
9/20/1970,20.4447296
9/21/1970,21.520768
9/22/1970,23.2764096
9/23/1970,23.4746272
9/24/1970,23.502944
9/25/1970,23.5595776
9/26/1970,23.5312608
9/27/1970,23.3896768
9/28/1970,23.3896768
9/29/1970,23.3330432
9/30/1970,22.3985888
10/1/1970,19.5952256
10/2/1970,19.5669088
10/3/1970,19.5669088
10/4/1970,19.6235424
10/5/1970,19.6235424
10/6/1970,19.6518592
10/7/1970,20.0766112
10/8/1970,20.7845312
10/9/1970,20.3031456
10/10/1970,20.104928
10/11/1970,20.3314624
10/12/1970,15.57424
10/13/1970,7.0508832
10/14/1970,3.3413824
10/15/1970,2.973264
10/16/1970,2.6051456
10/17/1970,2.4352448
10/18/1970,2.3502944
10/19/1970,5.238608
10/20/1970,12.2328576
10/21/1970,9.769296
10/22/1970,9.7409792
10/23/1970,10.194048
10/24/1970,10.194048
10/25/1970,10.194048
10/26/1970,10.194048
10/27/1970,37.095008
10/28/1970,124.027584
10/29/1970,91.746432
10/30/1970,50.687072
10/31/1970,43.89104
11/1/1970,43.324704
11/2/1970,31.14848
11/3/1970,11.0718688
11/4/1970,10.760384
11/5/1970,8.778208
11/6/1970,1.6706912
11/7/1970,1.3875232
11/8/1970,1.3025728
11/9/1970,1.6706912
11/10/1970,5.804944
11/11/1970,21.0393824
11/12/1970,23.5878944
11/13/1970,51.819744
11/14/1970,135.637472
11/15/1970,95.993952
11/16/1970,30.582144
11/17/1970,28.2035328
11/18/1970,27.6655136
11/19/1970,27.6938304
11/20/1970,31.431648
11/21/1970,37.661344
11/22/1970,37.378176
11/23/1970,37.378176
11/24/1970,37.661344
11/25/1970,37.661344
11/26/1970,37.378176
11/27/1970,37.378176
11/28/1970,37.095008
11/29/1970,37.095008
11/30/1970,36.81184
12/1/1970,36.528672
12/2/1970,36.528672
12/3/1970,36.528672
12/4/1970,36.245504
12/5/1970,36.245504
12/6/1970,35.962336
12/7/1970,31.14848
12/8/1970,27.2407616
12/9/1970,27.042544
12/10/1970,27.042544
12/11/1970,26.9292768
12/12/1970,27.0708608
12/13/1970,27.1558112
12/14/1970,27.0991776
12/15/1970,27.1558112
12/16/1970,26.8726432
12/17/1970,27.0991776
12/18/1970,27.0142272
12/19/1970,26.7310592
12/20/1970,26.9859104
12/21/1970,26.9859104
12/22/1970,26.9859104
12/23/1970,26.9859104
12/24/1970,26.9292768
12/25/1970,26.7027424
12/26/1970,26.90096
12/27/1970,26.8726432
12/28/1970,26.6461088
12/29/1970,26.476208
12/30/1970,26.9575936
12/31/1970,27.467296
1/1/1971,27.5522464
1/2/1971,27.9486816
1/3/1971,27.5805632
1/4/1971,27.042544
1/5/1971,27.325712
1/6/1971,27.5239296
1/7/1971,27.8070976
1/8/1971,27.8354144
1/9/1971,27.9486816
1/10/1971,27.7221472
1/11/1971,27.8070976
1/12/1971,27.6938304
1/13/1971,27.5805632
1/14/1971,27.3823456
1/15/1971,27.1274944
1/16/1971,27.2690784
1/17/1971,27.042544
1/18/1971,26.8443264
1/19/1971,26.8726432
1/20/1971,27.2690784
1/21/1971,27.1558112
1/22/1971,27.0708608
1/23/1971,27.0142272
1/24/1971,26.9292768
1/25/1971,26.1080896
1/26/1971,25.4568032
1/27/1971,25.4568032
1/28/1971,25.48512
1/29/1971,25.343536
1/30/1971,25.2585856
1/31/1971,25.201952
2/1/1971,25.2302688
2/2/1971,25.343536
2/3/1971,25.2869024
2/4/1971,26.2779904
2/5/1971,30.865312
2/6/1971,31.14848
2/7/1971,30.582144
2/8/1971,30.298976
2/9/1971,30.298976
2/10/1971,30.582144
2/11/1971,30.582144
2/12/1971,30.015808
2/13/1971,30.865312
2/14/1971,31.14848
2/15/1971,30.865312
2/16/1971,30.582144
2/17/1971,30.582144
2/18/1971,30.582144
2/19/1971,30.298976
2/20/1971,30.298976
2/21/1971,30.015808
2/22/1971,27.4389792
2/23/1971,24.4090816
2/24/1971,24.2958144
2/25/1971,24.1542304
2/26/1971,25.6833376
2/27/1971,30.582144
2/28/1971,26.3063072
3/1/1971,24.7772
3/2/1971,24.2958144
3/3/1971,26.2496736
3/4/1971,24.8621504
3/5/1971,23.8144288
3/6/1971,23.0215584
3/7/1971,22.936608
3/8/1971,24.2391808
3/9/1971,25.9665056
3/10/1971,25.7116544
3/11/1971,28.599968
3/12/1971,31.14848
3/13/1971,30.865312
3/14/1971,30.865312
3/15/1971,30.298976
3/16/1971,30.298976
3/17/1971,30.298976
3/18/1971,30.582144
3/19/1971,33.413824
3/20/1971,39.64352
3/21/1971,38.22768
3/22/1971,40.493024
3/23/1971,46.156384
3/24/1971,47.289056
3/25/1971,45.873216
3/26/1971,42.192032
3/27/1971,41.625696
3/28/1971,41.342528
3/29/1971,41.05936
3/30/1971,42.4752
3/31/1971,45.023712
4/1/1971,51.253408
4/2/1971,50.403904
4/3/1971,50.687072
4/4/1971,50.120736
4/5/1971,49.5544
4/6/1971,50.120736
4/7/1971,51.819744
4/8/1971,52.102912
4/9/1971,49.5544
4/10/1971,43.324704
4/11/1971,41.342528
4/12/1971,41.625696
4/13/1971,41.625696
4/14/1971,41.625696
4/15/1971,41.625696
4/16/1971,43.89104
4/17/1971,39.360352
4/18/1971,30.865312
4/19/1971,30.582144
4/20/1971,26.5894752
4/21/1971,20.6995808
4/22/1971,22.5968064
4/23/1971,22.4552224
4/24/1971,22.5968064
4/25/1971,22.6817568
4/26/1971,22.6251232
4/27/1971,33.98016
4/28/1971,56.067264
4/29/1971,50.403904
4/30/1971,45.590048
5/1/1971,46.439552
5/2/1971,46.156384
5/3/1971,44.174208
5/4/1971,41.625696
5/5/1971,35.962336
5/6/1971,28.175216
5/7/1971,19.9350272
5/8/1971,10.9586016
5/9/1971,10.9586016
5/10/1971,15.7441408
5/11/1971,17.1599808
5/12/1971,6.5411808
5/13/1971,8.9481088
5/14/1971,20.5863136
5/15/1971,23.3896768
5/16/1971,29.166304
5/17/1971,29.166304
5/18/1971,22.7667072
5/19/1971,16.423744
5/20/1971,16.4520608
5/21/1971,30.298976
5/22/1971,52.102912
5/23/1971,60.88112
5/24/1971,51.819744
5/25/1971,42.192032
5/26/1971,34.829664
5/27/1971,24.1259136
5/28/1971,22.795024
5/29/1971,19.1421568
5/30/1971,23.1631424
5/31/1971,28.599968
6/1/1971,37.095008
6/2/1971,46.72272
6/3/1971,48.704896
6/4/1971,42.4752
6/5/1971,35.396
6/6/1971,35.396
6/7/1971,35.396
6/8/1971,41.342528
6/9/1971,47.289056
6/10/1971,47.289056
6/11/1971,47.289056
6/12/1971,47.289056
6/13/1971,47.005888
6/14/1971,43.607872
6/15/1971,41.342528
6/16/1971,46.156384
6/17/1971,39.077184
6/18/1971,41.342528
6/19/1971,33.98016
6/20/1971,27.6938304
6/21/1971,22.0021536
6/22/1971,13.4787968
6/23/1971,11.1285024
6/24/1971,20.8411648
6/25/1971,30.015808
6/26/1971,30.015808
6/27/1971,30.015808
6/28/1971,29.73264
6/29/1971,29.73264
6/30/1971,39.077184
7/1/1971,41.908864
7/2/1971,35.962336
7/3/1971,41.625696
7/4/1971,50.97024
7/5/1971,50.687072
7/6/1971,47.572224
7/7/1971,44.174208
7/8/1971,44.174208
7/9/1971,43.89104
7/10/1971,44.174208
7/11/1971,43.89104
7/12/1971,38.22768
7/13/1971,31.997984
7/14/1971,31.997984
7/15/1971,31.997984
7/16/1971,31.997984
7/17/1971,31.997984
7/18/1971,31.714816
7/19/1971,30.015808
7/20/1971,24.5789824
7/21/1971,24.5789824
7/22/1971,24.6072992
7/23/1971,20.8977984
7/24/1971,16.1972096
7/25/1971,15.8007744
7/26/1971,21.8322528
7/27/1971,28.0902656
7/28/1971,22.8799744
7/29/1971,17.3865152
7/30/1971,15.0928544
7/31/1971,7.645536
8/1/1971,3.4546496
8/2/1971,4.24752
8/3/1971,4.5873216
8/4/1971,4.4457376
8/5/1971,3.0865312
8/6/1971,1.132672
8/7/1971,0.9627712
8/8/1971,0.9627712
8/9/1971,0.9061376
8/10/1971,0.6512864
8/11/1971,0.6796032
8/12/1971,2.0388096
8/13/1971,7.1358336
8/14/1971,12.9124608
8/15/1971,13.7053312
8/16/1971,13.6770144
8/17/1971,13.7053312
8/18/1971,16.9051296
8/19/1971,20.5863136
8/20/1971,20.9827488
8/21/1971,19.4253248
8/22/1971,17.4997824
8/23/1971,14.6964192
8/24/1971,11.9496896
8/25/1971,11.9780064
8/26/1971,12.0063232
8/27/1971,12.0063232
8/28/1971,12.176224
8/29/1971,12.1479072
8/30/1971,11.9780064
8/31/1971,14.3849344
9/1/1971,17.414832
9/2/1971,16.565328
9/3/1971,15.3193888
9/4/1971,15.2627552
9/5/1971,15.149488
9/6/1971,15.0645376
9/7/1971,13.45048
9/8/1971,11.2417696
9/9/1971,9.4011776
9/10/1971,4.672272
9/11/1971,10.1374144
9/12/1971,10.194048
9/13/1971,10.1374144
9/14/1971,10.194048
9/15/1971,8.2401888
9/16/1971,6.796032
9/17/1971,2.4918784
9/18/1971,10.6188
9/19/1971,10.9302848
9/20/1971,7.0792
9/21/1971,3.3696992
9/22/1971,4.8421728
9/23/1971,4.813856
9/24/1971,4.8421728
9/25/1971,4.8421728
9/26/1971,4.8421728
9/27/1971,3.9926688
9/28/1971,2.0388096
9/29/1971,4.8704896
9/30/1971,6.7677152
10/1/1971,19.0005728
10/2/1971,25.3152192
10/3/1971,22.8233408
10/4/1971,24.3807648
10/5/1971,26.9859104
10/6/1971,16.1972096
10/7/1971,16.6785952
10/8/1971,16.5086944
10/9/1971,12.1479072
10/10/1971,11.893056
10/11/1971,13.5354304
10/12/1971,15.4892896
10/13/1971,12.9407776
10/14/1971,11.2134528
10/15/1971,12.1479072
10/16/1971,11.609888
10/17/1971,11.8081056
10/18/1971,8.6083072
10/19/1971,5.1536576
10/20/1971,3.6528672
10/21/1971,1.2459392
10/22/1971,0.991088
10/23/1971,0.8778208
10/24/1971,0.849504
10/25/1971,2.4635616
10/26/1971,3.7944512
10/27/1971,2.7750464
10/28/1971,2.7184128
10/29/1971,3.6245504
10/30/1971,4.8704896
10/31/1971,4.8988064
11/1/1971,6.654448
11/2/1971,9.0047424
11/3/1971,10.2506816
11/4/1971,12.0629568
11/5/1971,12.1479072
11/6/1971,11.9780064
11/7/1971,11.9496896
11/8/1971,12.0629568
11/9/1971,12.0912736
11/10/1971,10.9586016
11/11/1971,9.7409792
11/12/1971,9.6560288
11/13/1971,9.5993952
11/14/1971,9.5993952
11/15/1971,10.052464
11/16/1971,10.6471168
11/17/1971,10.7037504
11/18/1971,8.070288
11/19/1971,4.4174208
11/20/1971,3.6245504
11/21/1971,2.3219776
11/22/1971,2.2370272
11/23/1971,2.2370272
11/24/1971,2.2087104
11/25/1971,2.2370272
11/26/1971,2.1803936
11/27/1971,2.0671264
11/28/1971,2.0671264
11/29/1971,1.4441568
11/30/1971,0.6512864
12/1/1971,1.2176224
12/2/1971,7.6738528
12/3/1971,39.64352
12/4/1971,59.182112
12/5/1971,84.9504
12/6/1971,164.520608
12/7/1971,198.500768
12/8/1971,161.972096
12/9/1971,98.259296
12/10/1971,64.562304
12/11/1971,35.396
12/12/1971,31.714816
12/13/1971,61.447456
12/14/1971,109.869184
12/15/1971,104.205824
12/16/1971,77.588032
12/17/1971,108.736512
12/18/1971,129.407776
12/19/1971,84.9504
12/20/1971,62.863296
12/21/1971,44.174208
12/22/1971,28.599968
12/23/1971,25.3718528
12/24/1971,25.9948224
12/25/1971,25.909872
12/26/1971,25.8249216
12/27/1971,25.6550208
12/28/1971,22.6817568
12/29/1971,17.414832
12/30/1971,17.3298816
12/31/1971,17.4997824
1/1/1972,18.0661184
1/2/1972,26.3912576
1/3/1972,58.615776
1/4/1972,107.320672
1/5/1972,173.865152
1/6/1972,265.045248
1/7/1972,230.498752
1/8/1972,63.995968
1/9/1972,48.704896
1/10/1972,61.730624
1/11/1972,71.924672
1/12/1972,77.588032
1/13/1972,63.7128
1/14/1972,66.827648
1/15/1972,94.86128
1/16/1972,66.827648
1/17/1972,88.065248
1/18/1972,101.94048
1/19/1972,56.6336
1/20/1972,56.6336
1/21/1972,73.62368
1/22/1972,69.942496
1/23/1972,68.526656
1/24/1972,54.368256
1/25/1972,39.926688
1/26/1972,35.679168
1/27/1972,28.3168
1/28/1972,24.2674976
1/29/1972,21.1526496
1/30/1972,51.253408
1/31/1972,134.5048
2/1/1972,203.597792
2/2/1972,189.156224
2/3/1972,153.193888
2/4/1972,144.132512
2/5/1972,120.912736
2/6/1972,82.968224
2/7/1972,71.358336
2/8/1972,71.075168
2/9/1972,70.225664
2/10/1972,53.518752
2/11/1972,37.944512
2/12/1972,37.944512
2/13/1972,38.510848
2/14/1972,37.944512
2/15/1972,37.378176
2/16/1972,37.095008
2/17/1972,31.997984
2/18/1972,27.4106624
2/19/1972,27.3823456
2/20/1972,27.4106624
2/21/1972,27.2690784
2/22/1972,27.1274944
2/23/1972,23.1631424
2/24/1972,19.1987904
2/25/1972,19.1421568
2/26/1972,18.9156224
2/27/1972,18.8589888
2/28/1972,18.8589888
2/29/1972,19.0288896
3/1/1972,19.4819584
3/2/1972,19.963344
3/3/1972,20.6995808
3/4/1972,19.4819584
3/5/1972,19.0005728
3/6/1972,23.078192
3/7/1972,27.0708608
3/8/1972,26.9859104
3/9/1972,26.8443264
3/10/1972,26.8726432
3/11/1972,26.8160096
3/12/1972,26.7310592
3/13/1972,26.5328416
3/14/1972,26.5328416
3/15/1972,26.617792
3/16/1972,34.546496
3/17/1972,40.776192
3/18/1972,39.360352
3/19/1972,39.077184
3/20/1972,39.926688
3/21/1972,165.370112
3/22/1972,322.81152
3/23/1972,275.522464
3/24/1972,124.59392
3/25/1972,68.243488
3/26/1972,79.570208
3/27/1972,63.429632
3/28/1972,68.526656
3/29/1972,67.677152
3/30/1972,66.54448
3/31/1972,65.694976
4/1/1972,65.411808
4/2/1972,65.12864
4/3/1972,65.12864
4/4/1972,64.279136
4/5/1972,59.748448
4/6/1972,52.102912
4/7/1972,46.72272
4/8/1972,46.439552
4/9/1972,46.72272
4/10/1972,50.687072
4/11/1972,51.819744
4/12/1972,51.819744
4/13/1972,59.46528
4/14/1972,63.429632
4/15/1972,60.88112
4/16/1972,60.88112
4/17/1972,59.748448
4/18/1972,59.182112
4/19/1972,59.748448
4/20/1972,60.031616
4/21/1972,57.483104
4/22/1972,44.457376
4/23/1972,41.908864
4/24/1972,40.209856
4/25/1972,46.439552
4/26/1972,48.988064
4/27/1972,59.182112
4/28/1972,155.459232
4/29/1972,171.31664
4/30/1972,168.48496
5/1/1972,129.690944
5/2/1972,68.243488
5/3/1972,106.754336
5/4/1972,165.65328
5/5/1972,144.982016
5/6/1972,101.374144
5/7/1972,104.488992
5/8/1972,131.106784
5/9/1972,116.665216
5/10/1972,69.092992
5/11/1972,57.483104
5/12/1972,57.766272
5/13/1972,81.552384
5/14/1972,105.904832
5/15/1972,93.44544
5/16/1972,62.580128
5/17/1972,47.855392
5/18/1972,84.667232
5/19/1972,112.700864
5/20/1972,63.7128
5/21/1972,45.590048
5/22/1972,48.704896
5/23/1972,57.199936
5/24/1972,61.730624
5/25/1972,61.730624
5/26/1972,61.730624
5/27/1972,66.827648
5/28/1972,75.322688
5/29/1972,68.809824
5/30/1972,62.863296
5/31/1972,83.817728
6/1/1972,92.595936
6/2/1972,92.879104
6/3/1972,93.162272
6/4/1972,93.162272
6/5/1972,93.162272
6/6/1972,93.44544
6/7/1972,93.162272
6/8/1972,93.44544
6/9/1972,93.44544
6/10/1972,93.728608
6/11/1972,93.728608
6/12/1972,93.728608
6/13/1972,73.057344
6/14/1972,44.457376
6/15/1972,46.72272
6/16/1972,54.934592
6/17/1972,62.29696
6/18/1972,48.704896
6/19/1972,45.590048
6/20/1972,45.590048
6/21/1972,49.5544
6/22/1972,53.80192
6/23/1972,53.80192
6/24/1972,53.80192
6/25/1972,58.615776
6/26/1972,63.146464
6/27/1972,63.146464
6/28/1972,58.898944
6/29/1972,36.81184
6/30/1972,17.8112672
7/1/1972,25.9665056
7/2/1972,37.378176
7/3/1972,52.38608
7/4/1972,58.332608
7/5/1972,48.13856
7/6/1972,35.112832
7/7/1972,32.56432
7/8/1972,32.56432
7/9/1972,45.590048
7/10/1972,60.597952
7/11/1972,60.314784
7/12/1972,60.031616
7/13/1972,60.031616
7/14/1972,60.031616
7/15/1972,59.748448
7/16/1972,59.46528
7/17/1972,57.199936
7/18/1972,54.368256
7/19/1972,54.368256
7/20/1972,54.368256
7/21/1972,54.368256
7/22/1972,54.368256
7/23/1972,54.085088
7/24/1972,53.518752
7/25/1972,52.38608
7/26/1972,51.253408
7/27/1972,51.536576
7/28/1972,51.819744
7/29/1972,52.102912
7/30/1972,51.819744
7/31/1972,48.988064
8/1/1972,46.72272
8/2/1972,47.005888
8/3/1972,47.289056
8/4/1972,47.289056
8/5/1972,47.289056
8/6/1972,47.289056
8/7/1972,47.005888
8/8/1972,47.005888
8/9/1972,51.819744
8/10/1972,58.898944
8/11/1972,61.730624
8/12/1972,61.730624
8/13/1972,61.730624
8/14/1972,57.483104
8/15/1972,44.457376
8/16/1972,44.174208
8/17/1972,44.457376
8/18/1972,44.174208
8/19/1972,44.174208
8/20/1972,44.174208
8/21/1972,41.625696
8/22/1972,43.89104
8/23/1972,50.403904
8/24/1972,50.687072
8/25/1972,47.005888
8/26/1972,42.4752
8/27/1972,42.192032
8/28/1972,42.192032
8/29/1972,41.908864
8/30/1972,41.625696
8/31/1972,41.625696
9/1/1972,41.908864
9/2/1972,47.289056
9/3/1972,53.235584
9/4/1972,50.403904
9/5/1972,39.64352
9/6/1972,42.4752
9/7/1972,45.30688
9/8/1972,45.30688
9/9/1972,45.023712
9/10/1972,45.023712
9/11/1972,44.740544
9/12/1972,44.740544
9/13/1972,44.740544
9/14/1972,45.023712
9/15/1972,45.023712
9/16/1972,45.023712
9/17/1972,45.023712
9/18/1972,44.740544
9/19/1972,44.740544
9/20/1972,41.342528
9/21/1972,37.378176
9/22/1972,37.661344
9/23/1972,37.661344
9/24/1972,37.661344
9/25/1972,38.22768
9/26/1972,37.944512
9/27/1972,37.944512
9/28/1972,38.22768
9/29/1972,38.22768
9/30/1972,38.510848
10/1/1972,38.510848
10/2/1972,38.22768
10/3/1972,37.944512
10/4/1972,37.661344
10/5/1972,37.661344
10/6/1972,37.944512
10/7/1972,37.661344
10/8/1972,37.944512
10/9/1972,35.396
10/10/1972,31.714816
10/11/1972,32.847488
10/12/1972,35.396
10/13/1972,35.396
10/14/1972,35.396
10/15/1972,35.112832
10/16/1972,35.396
10/17/1972,35.962336
10/18/1972,33.413824
10/19/1972,32.847488
10/20/1972,31.714816
10/21/1972,31.431648
10/22/1972,31.14848
10/23/1972,31.14848
10/24/1972,31.431648
10/25/1972,31.431648
10/26/1972,31.431648
10/27/1972,31.714816
10/28/1972,31.431648
10/29/1972,31.431648
10/30/1972,31.714816
10/31/1972,31.714816
11/1/1972,31.431648
11/2/1972,31.714816
11/3/1972,30.582144
11/4/1972,29.73264
11/5/1972,45.023712
11/6/1972,63.429632
11/7/1972,67.96032
11/8/1972,68.243488
11/9/1972,68.243488
11/10/1972,68.243488
11/11/1972,68.526656
11/12/1972,68.526656
11/13/1972,69.659328
11/14/1972,70.792
11/15/1972,55.500928
11/16/1972,32.847488
11/17/1972,31.997984
11/18/1972,31.997984
11/19/1972,32.281152
11/20/1972,32.847488
11/21/1972,32.56432
11/22/1972,49.837568
11/23/1972,79.003872
11/24/1972,38.510848
11/25/1972,37.661344
11/26/1972,51.536576
11/27/1972,66.54448
11/28/1972,37.944512
11/29/1972,37.095008
11/30/1972,72.774176
12/1/1972,131.67312
12/2/1972,81.552384
12/3/1972,51.536576
12/4/1972,39.360352
12/5/1972,39.360352
12/6/1972,39.077184
12/7/1972,39.360352
12/8/1972,36.245504
12/9/1972,33.98016
12/10/1972,33.98016
12/11/1972,33.98016
12/12/1972,36.81184
12/13/1972,62.863296
12/14/1972,66.827648
12/15/1972,120.3464
12/16/1972,165.370112
12/17/1972,123.744416
12/18/1972,136.203808
12/19/1972,139.318656
12/20/1972,94.578112
12/21/1972,133.08896
12/22/1972,172.73248
12/23/1972,156.025568
12/24/1972,138.75232
12/25/1972,111.568192
12/26/1972,61.447456
12/27/1972,43.041536
12/28/1972,40.493024
12/29/1972,37.378176
12/30/1972,37.378176
12/31/1972,37.944512
1/1/1973,37.661344
1/2/1973,58.332608
1/3/1973,126.859264
1/4/1973,183.776032
1/5/1973,184.625536
1/6/1973,201.615616
1/7/1973,207.562144
1/8/1973,213.508672
1/9/1973,297.3264
1/10/1973,291.66304
1/11/1973,265.611584
1/12/1973,242.391808
1/13/1973,197.651264
1/14/1973,187.457216
1/15/1973,186.89088
1/16/1973,176.98
1/17/1973,171.882976
1/18/1973,175.56416
1/19/1973,152.627552
1/20/1973,141.584
1/21/1973,169.334464
1/22/1973,222.28688
1/23/1973,212.942336
1/24/1973,151.211712
1/25/1973,132.239456
1/26/1973,240.6928
1/27/1973,314.31648
1/28/1973,252.585856
1/29/1973,230.498752
1/30/1973,264.195744
1/31/1973,291.66304
2/1/1973,331.30656
2/2/1973,322.81152
2/3/1973,328.47488
2/4/1973,300.15808
2/5/1973,275.805632
2/6/1973,263.629408
2/7/1973,262.779904
2/8/1973,268.160096
2/9/1973,308.65312
2/10/1973,339.8016
2/11/1973,339.8016
2/12/1973,311.4848
2/13/1973,305.82144
2/14/1973,387.94016
2/15/1973,416.25696
2/16/1973,430.41536
2/17/1973,305.82144
2/18/1973,137.053312
2/19/1973,81.552384
2/20/1973,61.447456
2/21/1973,99.675136
2/22/1973,196.80176
2/23/1973,220.87104
2/24/1973,218.322528
2/25/1973,195.952256
2/26/1973,186.607712
2/27/1973,196.518592
2/28/1973,208.411648
3/1/1973,219.4552
3/2/1973,212.092832
3/3/1973,140.451328
3/4/1973,135.071136
3/5/1973,257.399712
3/6/1973,297.3264
3/7/1973,297.3264
3/8/1973,305.82144
3/9/1973,319.97984
3/10/1973,302.98976
3/11/1973,264.478912
3/12/1973,249.754176
3/13/1973,260.231392
3/14/1973,240.126464
3/15/1973,253.718528
3/16/1973,328.47488
3/17/1973,436.07872
3/18/1973,407.76192
3/19/1973,353.96
3/20/1973,334.13824
3/21/1973,322.81152
3/22/1973,353.96
3/23/1973,370.95008
3/24/1973,387.94016
3/25/1973,399.26688
3/26/1973,390.77184
3/27/1973,402.09856
3/28/1973,402.09856
3/29/1973,399.26688
3/30/1973,413.42528
3/31/1973,464.39552
4/1/1973,495.544
4/2/1973,495.544
4/3/1973,495.544
4/4/1973,492.71232
4/5/1973,481.3856
4/6/1973,455.90048
4/7/1973,478.55392
4/8/1973,512.53408
4/9/1973,515.36576
4/10/1973,515.36576
4/11/1973,512.53408
4/12/1973,498.37568
4/13/1973,464.39552
4/14/1973,458.73216
4/15/1973,458.73216
4/16/1973,495.544
4/17/1973,588.98944
4/18/1973,795.70208
4/19/1973,733.40512
4/20/1973,603.14784
4/21/1973,540.85088
4/22/1973,549.34592
4/23/1973,557.84096
4/24/1973,555.00928
4/25/1973,552.1776
4/26/1973,552.1776
4/27/1973,552.1776
4/28/1973,546.51424
4/29/1973,540.85088
4/30/1973,521.02912
5/1/1973,478.55392
5/2/1973,467.2272
5/3/1973,523.8608
5/4/1973,521.02912
5/5/1973,504.03904
5/6/1973,492.71232
5/7/1973,549.34592
5/8/1973,617.30624
5/9/1973,555.00928
5/10/1973,512.53408
5/11/1973,515.36576
5/12/1973,540.85088
5/13/1973,546.51424
5/14/1973,546.51424
5/15/1973,540.85088
5/16/1973,521.02912
5/17/1973,481.3856
5/18/1973,441.74208
5/19/1973,416.25696
5/20/1973,421.92032
5/21/1973,436.07872
5/22/1973,430.41536
5/23/1973,399.26688
5/24/1973,396.4352
5/25/1973,387.94016
5/26/1973,373.78176
5/27/1973,370.95008
5/28/1973,359.62336
5/29/1973,336.96992
5/30/1973,302.98976
5/31/1973,256.550208
6/1/1973,260.797728
6/2/1973,220.87104
6/3/1973,205.013632
6/4/1973,171.033472
6/5/1973,118.647392
6/6/1973,152.627552
6/7/1973,212.092832
6/8/1973,204.447296
6/9/1973,127.4256
6/10/1973,73.057344
6/11/1973,103.639488
6/12/1973,188.30672
6/13/1973,229.932416
6/14/1973,433.24704
6/15/1973,747.56352
6/16/1973,702.25664
6/17/1973,662.61312
6/18/1973,724.91008
6/19/1973,815.52384
6/20/1973,886.31584
6/21/1973,852.33568
6/22/1973,778.712
6/23/1973,693.7616
6/24/1973,580.4944
6/25/1973,506.87072
6/26/1973,475.72224
6/27/1973,402.09856
6/28/1973,359.62336
6/29/1973,430.41536
6/30/1973,487.04896
7/1/1973,495.544
7/2/1973,509.7024
7/3/1973,535.18752
7/4/1973,526.69248
7/5/1973,501.20736
7/6/1973,532.35584
7/7/1973,552.1776
7/8/1973,549.34592
7/9/1973,535.18752
7/10/1973,506.87072
7/11/1973,453.0688
7/12/1973,396.4352
7/13/1973,402.09856
7/14/1973,410.5936
7/15/1973,407.76192
7/16/1973,390.77184
7/17/1973,339.8016
7/18/1973,252.302688
7/19/1973,186.89088
7/20/1973,153.760224
7/21/1973,91.746432
7/22/1973,88.348416
7/23/1973,106.471168
7/24/1973,160.839424
7/25/1973,178.112672
7/26/1973,195.102752
7/27/1973,206.995808
7/28/1973,208.977984
7/29/1973,182.64336
7/30/1973,43.607872
7/31/1973,91.180096
8/1/1973,137.053312
8/2/1973,149.512704
8/3/1973,89.481088
8/4/1973,51.253408
8/5/1973,48.988064
8/6/1973,48.421728
8/7/1973,48.13856
8/8/1973,48.13856
8/9/1973,47.855392
8/10/1973,47.572224
8/11/1973,33.98016
8/12/1973,44.740544
8/13/1973,54.934592
8/14/1973,105.621664
8/15/1973,152.061216
8/16/1973,159.423584
8/17/1973,159.706752
8/18/1973,159.706752
8/19/1973,147.24736
8/20/1973,75.889024
8/21/1973,117.797888
8/22/1973,144.132512
8/23/1973,144.982016
8/24/1973,136.203808
8/25/1973,99.391968
8/26/1973,69.092992
8/27/1973,95.144448
8/28/1973,139.318656
8/29/1973,153.760224
8/30/1973,176.696832
8/31/1973,187.457216
9/1/1973,174.14832
9/2/1973,108.170176
9/3/1973,61.730624
9/4/1973,80.136544
9/5/1973,208.411648
9/6/1973,294.49472
9/7/1973,311.4848
9/8/1973,243.241312
9/9/1973,191.1384
9/10/1973,199.350272
9/11/1973,217.189856
9/12/1973,237.011616
9/13/1973,260.51456
9/14/1973,239.560128
9/15/1973,169.9008
9/16/1973,137.053312
9/17/1973,134.5048
9/18/1973,154.043392
9/19/1973,179.81168
9/20/1973,180.661184
9/21/1973,180.944352
9/22/1973,156.308736
9/23/1973,126.292928
9/24/1973,142.716672
9/25/1973,193.686912
9/26/1973,214.075008
9/27/1973,239.560128
9/28/1973,240.975968
9/29/1973,212.092832
9/30/1973,161.972096
10/1/1973,194.536416
10/2/1973,243.807648
10/3/1973,245.506656
10/4/1973,245.506656
10/5/1973,245.789824
10/6/1973,248.621504
10/7/1973,248.338336
10/8/1973,220.021536
10/9/1973,130.823616
10/10/1973,78.720704
10/11/1973,82.11872
10/12/1973,85.233568
10/13/1973,118.647392
10/14/1973,208.977984
10/15/1973,218.322528
10/16/1973,172.449312
10/17/1973,201.615616
10/18/1973,243.52448
10/19/1973,240.409632
10/20/1973,237.86112
10/21/1973,236.44528
10/22/1973,235.878944
10/23/1973,236.44528
10/24/1973,237.011616
10/25/1973,237.011616
10/26/1973,237.294784
10/27/1973,237.011616
10/28/1973,236.162112
10/29/1973,201.332448
10/30/1973,130.823616
10/31/1973,156.025568
11/1/1973,219.4552
11/2/1973,221.437376
11/3/1973,232.764096
11/4/1973,247.205664
11/5/1973,297.3264
11/6/1973,370.95008
11/7/1973,393.60352
11/8/1973,427.58368
11/9/1973,433.24704
11/10/1973,430.41536
11/11/1973,427.58368
11/12/1973,421.92032
11/13/1973,419.08864
11/14/1973,402.09856
11/15/1973,359.62336
11/16/1973,356.79168
11/17/1973,356.79168
11/18/1973,359.62336
11/19/1973,331.30656
11/20/1973,300.15808
11/21/1973,305.82144
11/22/1973,240.975968
11/23/1973,183.209696
11/24/1973,153.477056
11/25/1973,104.77216
11/26/1973,141.584
11/27/1973,206.995808
11/28/1973,210.393824
11/29/1973,210.110656
11/30/1973,209.827488
12/1/1973,186.041376
12/2/1973,159.423584
12/3/1973,162.255264
12/4/1973,334.13824
12/5/1973,404.93024
12/6/1973,390.77184
12/7/1973,382.2768
12/8/1973,376.61344
12/9/1973,376.61344
12/10/1973,373.78176
12/11/1973,373.78176
12/12/1973,373.78176
12/13/1973,385.10848
12/14/1973,430.41536
12/15/1973,458.73216
12/16/1973,461.56384
12/17/1973,461.56384
12/18/1973,458.73216
12/19/1973,461.56384
12/20/1973,467.2272
12/21/1973,461.56384
12/22/1973,455.90048
12/23/1973,447.40544
12/24/1973,450.23712
12/25/1973,453.0688
12/26/1973,464.39552
12/27/1973,504.03904
12/28/1973,512.53408
12/29/1973,515.36576
12/30/1973,523.8608
12/31/1973,532.35584
1/1/1974,518.19744
1/2/1974,498.37568
1/3/1974,492.71232
1/4/1974,487.04896
1/5/1974,475.72224
1/6/1974,472.89056
1/7/1974,472.89056
1/8/1974,478.55392
1/9/1974,498.37568
1/10/1974,518.19744
1/11/1974,529.52416
1/12/1974,546.51424
1/13/1974,546.51424
1/14/1974,543.68256
1/15/1974,540.85088
1/16/1974,540.85088
1/17/1974,546.51424
1/18/1974,543.68256
1/19/1974,569.16768
1/20/1974,634.29632
1/21/1974,597.48448
1/22/1974,546.51424
1/23/1974,518.19744
1/24/1974,535.18752
1/25/1974,614.47456
1/26/1974,654.11808
1/27/1974,634.29632
1/28/1974,586.15776
1/29/1974,588.98944
1/30/1974,622.9696
1/31/1974,679.6032
2/1/1974,705.08832
2/2/1974,696.59328
2/3/1974,665.4448
2/4/1974,605.97952
2/5/1974,566.336
2/6/1974,563.50432
2/7/1974,560.67264
2/8/1974,557.84096
2/9/1974,557.84096
2/10/1974,555.00928
2/11/1974,557.84096
2/12/1974,566.336
2/13/1974,571.99936
2/14/1974,571.99936
2/15/1974,577.66272
2/16/1974,586.15776
2/17/1974,588.98944
2/18/1974,588.98944
2/19/1974,594.6528
2/20/1974,591.82112
2/21/1974,591.82112
2/22/1974,594.6528
2/23/1974,588.98944
2/24/1974,588.98944
2/25/1974,583.32608
2/26/1974,577.66272
2/27/1974,571.99936
2/28/1974,566.336
3/1/1974,555.00928
3/2/1974,546.51424
3/3/1974,538.0192
3/4/1974,538.0192
3/5/1974,546.51424
3/6/1974,555.00928
3/7/1974,571.99936
3/8/1974,583.32608
3/9/1974,583.32608
3/10/1974,577.66272
3/11/1974,574.83104
3/12/1974,569.16768
3/13/1974,563.50432
3/14/1974,560.67264
3/15/1974,557.84096
3/16/1974,555.00928
3/17/1974,543.68256
3/18/1974,501.20736
3/19/1974,464.39552
3/20/1974,413.42528
3/21/1974,382.2768
3/22/1974,351.12832
3/23/1974,302.98976
3/24/1974,300.15808
3/25/1974,259.665056
3/26/1974,196.80176
3/27/1974,193.120576
3/28/1974,187.174048
3/29/1974,181.510688
3/30/1974,176.98
3/31/1974,177.546336
4/1/1974,166.502784
4/2/1974,106.754336
4/3/1974,130.823616
4/4/1974,194.819584
4/5/1974,196.518592
4/6/1974,196.518592
4/7/1974,167.06912
4/8/1974,95.710784
4/9/1974,67.110816
4/10/1974,57.199936
4/11/1974,58.04944
4/12/1974,167.918624
4/13/1974,291.66304
4/14/1974,235.312608
4/15/1974,148.6632
4/16/1974,146.681024
4/17/1974,147.24736
4/18/1974,147.24736
4/19/1974,153.760224
4/20/1974,168.768128
4/21/1974,183.776032
4/22/1974,191.1384
4/23/1974,191.704736
4/24/1974,191.1384
4/25/1974,190.572064
4/26/1974,179.81168
4/27/1974,168.201792
4/28/1974,167.635456
4/29/1974,167.635456
4/30/1974,176.130496
5/1/1974,188.023552
5/2/1974,187.457216
5/3/1974,173.298816
5/4/1974,143.283008
5/5/1974,142.716672
5/6/1974,137.902816
5/7/1974,135.354304
5/8/1974,134.221632
5/9/1974,134.221632
5/10/1974,134.221632
5/11/1974,134.787968
5/12/1974,135.071136
5/13/1974,122.045408
5/14/1974,107.60384
5/15/1974,107.320672
5/16/1974,107.60384
5/17/1974,107.60384
5/18/1974,107.60384
5/19/1974,107.60384
5/20/1974,106.754336
5/21/1974,106.754336
5/22/1974,117.51472
5/23/1974,145.83152
5/24/1974,146.964192
5/25/1974,146.964192
5/26/1974,146.397856
5/27/1974,145.548352
5/28/1974,118.93056
5/29/1974,89.19792
5/30/1974,88.914752
5/31/1974,103.35632
6/1/1974,132.522624
6/2/1974,133.372128
6/3/1974,132.239456
6/4/1974,131.956288
6/5/1974,131.956288
6/6/1974,112.700864
6/7/1974,90.896928
6/8/1974,90.896928
6/9/1974,90.61376
6/10/1974,90.896928
6/11/1974,91.180096
6/12/1974,108.170176
6/13/1974,151.778048
6/14/1974,154.892896
6/15/1974,154.609728
6/16/1974,153.193888
6/17/1974,144.41568
6/18/1974,118.364224
6/19/1974,114.966208
6/20/1974,110.718688
6/21/1974,110.718688
6/22/1974,110.718688
6/23/1974,110.718688
6/24/1974,109.869184
6/25/1974,112.700864
6/26/1974,114.68304
6/27/1974,114.68304
6/28/1974,114.68304
6/29/1974,114.68304
6/30/1974,114.68304
7/1/1974,113.833536
7/2/1974,113.833536
7/3/1974,113.833536
7/4/1974,113.550368
7/5/1974,112.984032
7/6/1974,112.984032
7/7/1974,112.984032
7/8/1974,112.984032
7/9/1974,109.586016
7/10/1974,105.338496
7/11/1974,105.338496
7/12/1974,105.055328
7/13/1974,101.090976
7/14/1974,97.409792
7/15/1974,97.69296
7/16/1974,101.94048
7/17/1974,105.904832
7/18/1974,105.904832
7/19/1974,105.621664
7/20/1974,105.621664
7/21/1974,101.090976
7/22/1974,97.69296
7/23/1974,88.348416
7/24/1974,82.968224
7/25/1974,86.932576
7/26/1974,91.180096
7/27/1974,95.427616
7/28/1974,95.144448
7/29/1974,94.578112
7/30/1974,94.578112
7/31/1974,94.578112
8/1/1974,94.578112
8/2/1974,94.578112
8/3/1974,94.578112
8/4/1974,94.86128
8/5/1974,86.649408
8/6/1974,76.45536
8/7/1974,76.45536
8/8/1974,76.45536
8/9/1974,76.172192
8/10/1974,75.322688
8/11/1974,74.756352
8/12/1974,74.756352
8/13/1974,81.552384
8/14/1974,91.463264
8/15/1974,91.746432
8/16/1974,91.746432
8/17/1974,91.463264
8/18/1974,90.896928
8/19/1974,90.61376
8/20/1974,90.896928
8/21/1974,90.61376
8/22/1974,90.61376
8/23/1974,90.61376
8/24/1974,90.61376
8/25/1974,89.764256
8/26/1974,89.764256
8/27/1974,90.61376
8/28/1974,90.896928
8/29/1974,90.61376
8/30/1974,91.180096
8/31/1974,90.896928
9/1/1974,90.047424
9/2/1974,89.481088
9/3/1974,80.419712
9/4/1974,72.20784
9/5/1974,71.924672
9/6/1974,71.924672
9/7/1974,71.641504
9/8/1974,71.641504
9/9/1974,73.62368
9/10/1974,74.473184
9/11/1974,86.932576
9/12/1974,102.506816
9/13/1974,103.073152
9/14/1974,103.073152
9/15/1974,102.789984
9/16/1974,107.887008
9/17/1974,132.522624
9/18/1974,145.548352
9/19/1974,162.255264
9/20/1974,176.413664
9/21/1974,176.413664
9/22/1974,174.714656
9/23/1974,172.73248
9/24/1974,151.778048
9/25/1974,129.690944
9/26/1974,129.407776
9/27/1974,129.407776
9/28/1974,129.407776
9/29/1974,117.51472
9/30/1974,101.090976
10/1/1974,82.401888
10/2/1974,58.04944
10/3/1974,58.332608
10/4/1974,56.6336
10/5/1974,54.651424
10/6/1974,54.368256
10/7/1974,54.085088
10/8/1974,51.536576
10/9/1974,46.72272
10/10/1974,50.403904
10/11/1974,55.784096
10/12/1974,55.500928
10/13/1974,55.21776
10/14/1974,55.784096
10/15/1974,56.350432
10/16/1974,56.350432
10/17/1974,55.784096
10/18/1974,55.21776
10/19/1974,54.651424
10/20/1974,54.651424
10/21/1974,54.651424
10/22/1974,54.368256
10/23/1974,54.368256
10/24/1974,54.368256
10/25/1974,54.085088
10/26/1974,53.80192
10/27/1974,53.80192
10/28/1974,54.934592
10/29/1974,69.659328
10/30/1974,62.29696
10/31/1974,58.332608
11/1/1974,76.738528
11/2/1974,166.502784
11/3/1974,235.595776
11/4/1974,232.764096
11/5/1974,211.809664
11/6/1974,186.89088
11/7/1974,185.191872
11/8/1974,177.546336
11/9/1974,158.007744
11/10/1974,131.956288
11/11/1974,117.51472
11/12/1974,144.982016
11/13/1974,144.132512
11/14/1974,142.99984
11/15/1974,143.283008
11/16/1974,152.344384
11/17/1974,178.962176
11/18/1974,200.482944
11/19/1974,210.110656
11/20/1974,230.78192
11/21/1974,246.639328
11/22/1974,232.19776
11/23/1974,203.031456
11/24/1974,201.332448
11/25/1974,207.845312
11/26/1974,206.429472
11/27/1974,204.164128
11/28/1974,203.031456
11/29/1974,202.46512
11/30/1974,202.181952
12/1/1974,202.46512
12/2/1974,202.181952
12/3/1974,190.005728
12/4/1974,157.15824
12/5/1974,155.459232
12/6/1974,185.191872
12/7/1974,259.381888
12/8/1974,248.621504
12/9/1974,241.542304
12/10/1974,262.496736
12/11/1974,336.96992
12/12/1974,390.77184
12/13/1974,416.25696
12/14/1974,419.08864
12/15/1974,427.58368
12/16/1974,419.08864
12/17/1974,376.61344
12/18/1974,362.45504
12/19/1974,353.96
12/20/1974,319.97984
12/21/1974,249.754176
12/22/1974,216.340352
12/23/1974,149.795872
12/24/1974,146.114688
12/25/1974,147.24736
12/26/1974,168.768128
12/27/1974,227.100736
12/28/1974,233.047264
12/29/1974,240.126464
12/30/1974,233.896768
12/31/1974,176.98
1/1/1975,163.954272
1/2/1975,148.096864
1/3/1975,124.310752
1/4/1975,141.867168
1/5/1975,220.304704
1/6/1975,319.97984
1/7/1975,385.10848
1/8/1975,416.25696
1/9/1975,419.08864
1/10/1975,427.58368
1/11/1975,433.24704
1/12/1975,413.42528
1/13/1975,382.2768
1/14/1975,373.78176
1/15/1975,368.1184
1/16/1975,368.1184
1/17/1975,370.95008
1/18/1975,382.2768
1/19/1975,404.93024
1/20/1975,410.5936
1/21/1975,416.25696
1/22/1975,475.72224
1/23/1975,518.19744
1/24/1975,521.02912
1/25/1975,506.87072
1/26/1975,472.89056
1/27/1975,447.40544
1/28/1975,421.92032
1/29/1975,393.60352
1/30/1975,339.8016
1/31/1975,260.797728
2/1/1975,247.772
2/2/1975,385.10848
2/3/1975,447.40544
2/4/1975,427.58368
2/5/1975,421.92032
2/6/1975,413.42528
2/7/1975,407.76192
2/8/1975,407.76192
2/9/1975,413.42528
2/10/1975,416.25696
2/11/1975,430.41536
2/12/1975,475.72224
2/13/1975,506.87072
2/14/1975,512.53408
2/15/1975,512.53408
2/16/1975,515.36576
2/17/1975,518.19744
2/18/1975,521.02912
2/19/1975,521.02912
2/20/1975,523.8608
2/21/1975,526.69248
2/22/1975,526.69248
2/23/1975,523.8608
2/24/1975,509.7024
2/25/1975,504.03904
2/26/1975,504.03904
2/27/1975,504.03904
2/28/1975,504.03904
3/1/1975,501.20736
3/2/1975,498.37568
3/3/1975,501.20736
3/4/1975,506.87072
3/5/1975,521.02912
3/6/1975,515.36576
3/7/1975,458.73216
3/8/1975,410.5936
3/9/1975,365.28672
3/10/1975,356.79168
3/11/1975,356.79168
3/12/1975,356.79168
3/13/1975,362.45504
3/14/1975,387.94016
3/15/1975,424.752
3/16/1975,402.09856
3/17/1975,325.6432
3/18/1975,283.168
3/19/1975,276.0888
3/20/1975,262.496736
3/21/1975,258.532384
3/22/1975,257.116544
3/23/1975,255.417536
3/24/1975,254.284864
3/25/1975,254.001696
3/26/1975,255.417536
3/27/1975,257.966048
3/28/1975,258.532384
3/29/1975,256.550208
3/30/1975,255.417536
3/31/1975,238.710624
4/1/1975,216.340352
4/2/1975,216.057184
4/3/1975,224.835392
4/4/1975,239.27696
4/5/1975,240.126464
4/6/1975,227.383904
4/7/1975,208.977984
4/8/1975,204.730464
4/9/1975,156.591904
4/10/1975,84.9504
4/11/1975,112.984032
4/12/1975,172.166144
4/13/1975,174.714656
4/14/1975,194.253248
4/15/1975,247.772
4/16/1975,265.894752
4/17/1975,285.99968
4/18/1975,305.82144
4/19/1975,275.239296
4/20/1975,271.558112
4/21/1975,273.25712
4/22/1975,281.185824
4/23/1975,276.371968
4/24/1975,240.409632
4/25/1975,182.926528
4/26/1975,180.094848
4/27/1975,179.81168
4/28/1975,179.528512
4/29/1975,185.758208
4/30/1975,199.916608
5/1/1975,245.223488
5/2/1975,294.49472
5/3/1975,288.83136
5/4/1975,288.83136
5/5/1975,345.46496
5/6/1975,419.08864
5/7/1975,458.73216
5/8/1975,475.72224
5/9/1975,504.03904
5/10/1975,526.69248
5/11/1975,518.19744
5/12/1975,515.36576
5/13/1975,521.02912
5/14/1975,526.69248
5/15/1975,526.69248
5/16/1975,526.69248
5/17/1975,518.19744
5/18/1975,512.53408
5/19/1975,484.21728
5/20/1975,438.9104
5/21/1975,436.07872
5/22/1975,436.07872
5/23/1975,430.41536
5/24/1975,407.76192
5/25/1975,373.78176
5/26/1975,373.78176
5/27/1975,370.95008
5/28/1975,376.61344
5/29/1975,382.2768
5/30/1975,393.60352
5/31/1975,385.10848
6/1/1975,336.96992
6/2/1975,241.259136
6/3/1975,191.704736
6/4/1975,190.855232
6/5/1975,190.855232
6/6/1975,190.855232
6/7/1975,190.855232
6/8/1975,190.855232
6/9/1975,250.60368
6/10/1975,407.76192
6/11/1975,382.2768
6/12/1975,282.318496
6/13/1975,173.298816
6/14/1975,135.92064
6/15/1975,133.08896
6/16/1975,149.512704
6/17/1975,163.104768
6/18/1975,193.403744
6/19/1975,267.876928
6/20/1975,308.65312
6/21/1975,311.4848
6/22/1975,308.65312
6/23/1975,263.34624
6/24/1975,217.756192
6/25/1975,214.358176
6/26/1975,216.906688
6/27/1975,219.172032
6/28/1975,218.605696
6/29/1975,217.473024
6/30/1975,244.090816
7/1/1975,288.83136
7/2/1975,271.558112
7/3/1975,231.348256
7/4/1975,229.932416
7/5/1975,228.799744
7/6/1975,227.95024
7/7/1975,227.667072
7/8/1975,227.383904
7/9/1975,227.383904
7/10/1975,227.100736
7/11/1975,227.383904
7/12/1975,227.95024
7/13/1975,227.100736
7/14/1975,219.4552
7/15/1975,190.005728
7/16/1975,139.601824
7/17/1975,146.964192
7/18/1975,166.502784
7/19/1975,167.06912
7/20/1975,152.061216
7/21/1975,136.770144
7/22/1975,136.203808
7/23/1975,137.053312
7/24/1975,159.706752
7/25/1975,218.03936
7/26/1975,256.833376
7/27/1975,232.19776
7/28/1975,195.38592
7/29/1975,197.084928
7/30/1975,196.518592
7/31/1975,196.235424
8/1/1975,195.952256
8/2/1975,199.63344
8/3/1975,198.2176
8/4/1975,196.518592
8/5/1975,204.164128
8/6/1975,216.057184
8/7/1975,252.302688
8/8/1975,252.585856
8/9/1975,252.869024
8/10/1975,229.932416
8/11/1975,198.500768
8/12/1975,196.80176
8/13/1975,196.235424
8/14/1975,184.342368
8/15/1975,152.627552
8/16/1975,152.061216
8/17/1975,152.627552
8/18/1975,164.520608
8/19/1975,193.97008
8/20/1975,173.298816
8/21/1975,122.045408
8/22/1975,112.134528
8/23/1975,103.922656
8/24/1975,104.488992
8/25/1975,105.338496
8/26/1975,105.904832
8/27/1975,106.471168
8/28/1975,137.053312
8/29/1975,231.065088
8/30/1975,274.956128
8/31/1975,274.956128
9/1/1975,238.144288
9/2/1975,160.839424
9/3/1975,135.354304
9/4/1975,134.787968
9/5/1975,135.071136
9/6/1975,134.5048
9/7/1975,134.5048
9/8/1975,134.787968
9/9/1975,134.787968
9/10/1975,134.787968
9/11/1975,134.787968
9/12/1975,134.5048
9/13/1975,134.5048
9/14/1975,105.338496
9/15/1975,54.085088
9/16/1975,53.80192
9/17/1975,54.651424
9/18/1975,54.368256
9/19/1975,73.057344
9/20/1975,111.568192
9/21/1975,110.718688
9/22/1975,107.037504
9/23/1975,96.560288
9/24/1975,89.481088
9/25/1975,80.419712
9/26/1975,65.694976
9/27/1975,60.88112
9/28/1975,62.29696
9/29/1975,59.748448
9/30/1975,55.784096
10/1/1975,55.784096
10/2/1975,56.067264
10/3/1975,56.067264
10/4/1975,56.350432
10/5/1975,56.067264
10/6/1975,56.350432
10/7/1975,60.88112
10/8/1975,66.261312
10/9/1975,66.54448
10/10/1975,66.54448
10/11/1975,66.54448
10/12/1975,66.827648
10/13/1975,66.54448
10/14/1975,66.54448
10/15/1975,71.358336
10/16/1975,94.011776
10/17/1975,103.639488
10/18/1975,75.03952
10/19/1975,73.62368
10/20/1975,69.37616
10/21/1975,64.845472
10/22/1975,64.562304
10/23/1975,64.562304
10/24/1975,56.350432
10/25/1975,51.819744
10/26/1975,106.188
10/27/1975,167.918624
10/28/1975,167.06912
10/29/1975,166.785952
10/30/1975,149.512704
10/31/1975,80.70288
11/1/1975,50.687072
11/2/1975,50.120736
11/3/1975,50.687072
11/4/1975,51.536576
11/5/1975,49.5544
11/6/1975,48.704896
11/7/1975,48.704896
11/8/1975,48.988064
11/9/1975,48.704896
11/10/1975,48.421728
11/11/1975,48.421728
11/12/1975,47.855392
11/13/1975,47.289056
11/14/1975,45.30688
11/15/1975,42.758368
11/16/1975,42.4752
11/17/1975,42.192032
11/18/1975,41.908864
11/19/1975,41.625696
11/20/1975,40.776192
11/21/1975,40.776192
11/22/1975,43.89104
11/23/1975,47.572224
11/24/1975,45.023712
11/25/1975,40.209856
11/26/1975,39.64352
11/27/1975,39.360352
11/28/1975,39.360352
11/29/1975,39.077184
11/30/1975,38.510848
12/1/1975,39.077184
12/2/1975,39.360352
12/3/1975,38.794016
12/4/1975,38.510848
12/5/1975,38.510848
12/6/1975,38.22768
12/7/1975,37.944512
12/8/1975,37.944512
12/9/1975,37.661344
12/10/1975,37.661344
12/11/1975,37.661344
12/12/1975,37.378176
12/13/1975,37.378176
12/14/1975,37.095008
12/15/1975,36.528672
12/16/1975,36.528672
12/17/1975,36.528672
12/18/1975,36.528672
12/19/1975,36.528672
12/20/1975,36.245504
12/21/1975,35.962336
12/22/1975,35.962336
12/23/1975,35.679168
12/24/1975,35.679168
12/25/1975,41.342528
12/26/1975,43.041536
12/27/1975,39.360352
12/28/1975,38.794016
12/29/1975,60.88112
12/30/1975,53.235584
12/31/1975,43.607872
1/1/1976,41.625696
1/2/1976,41.05936
1/3/1976,52.952416
1/4/1976,47.005888
1/5/1976,42.758368
1/6/1976,41.625696
1/7/1976,41.05936
1/8/1976,41.05936
1/9/1976,41.05936
1/10/1976,40.776192
1/11/1976,40.209856
1/12/1976,39.926688
1/13/1976,39.64352
1/14/1976,39.64352
1/15/1976,39.360352
1/16/1976,37.944512
1/17/1976,37.378176
1/18/1976,37.944512
1/19/1976,37.944512
1/20/1976,37.944512
1/21/1976,37.944512
1/22/1976,37.661344
1/23/1976,37.661344
1/24/1976,37.661344
1/25/1976,37.661344
1/26/1976,37.661344
1/27/1976,37.944512
1/28/1976,38.22768
1/29/1976,37.944512
1/30/1976,37.944512
1/31/1976,37.944512
2/1/1976,37.661344
2/2/1976,37.944512
2/3/1976,40.209856
2/4/1976,40.209856
2/5/1976,40.209856
2/6/1976,39.926688
2/7/1976,39.926688
2/8/1976,39.926688
2/9/1976,39.64352
2/10/1976,39.360352
2/11/1976,39.64352
2/12/1976,39.077184
2/13/1976,38.510848
2/14/1976,38.510848
2/15/1976,38.794016
2/16/1976,38.794016
2/17/1976,38.794016
2/18/1976,38.22768
2/19/1976,38.22768
2/20/1976,37.944512
2/21/1976,38.510848
2/22/1976,38.794016
2/23/1976,38.794016
2/24/1976,38.22768
2/25/1976,49.271232
2/26/1976,62.29696
2/27/1976,62.580128
2/28/1976,62.580128
2/29/1976,62.580128
3/1/1976,50.97024
3/2/1976,38.22768
3/3/1976,41.342528
3/4/1976,41.342528
3/5/1976,41.05936
3/6/1976,41.625696
3/7/1976,45.873216
3/8/1976,60.88112
3/9/1976,108.453344
3/10/1976,104.77216
3/11/1976,102.223648
3/12/1976,101.657312
3/13/1976,101.374144
3/14/1976,101.374144
3/15/1976,104.205824
3/16/1976,104.205824
3/17/1976,87.78208
3/18/1976,63.995968
3/19/1976,63.995968
3/20/1976,63.995968
3/21/1976,63.429632
3/22/1976,63.429632
3/23/1976,61.730624
3/24/1976,57.483104
3/25/1976,58.04944
3/26/1976,61.447456
3/27/1976,59.748448
3/28/1976,58.615776
3/29/1976,57.766272
3/30/1976,81.269216
3/31/1976,148.6632
4/1/1976,151.49488
4/2/1976,131.389952
4/3/1976,119.496896
4/4/1976,118.93056
4/5/1976,102.506816
4/6/1976,73.62368
4/7/1976,63.7128
4/8/1976,63.429632
4/9/1976,67.677152
4/10/1976,85.799904
4/11/1976,91.180096
4/12/1976,91.180096
4/13/1976,91.746432
4/14/1976,90.330592
4/15/1976,86.36624
4/16/1976,85.799904
4/17/1976,85.516736
4/18/1976,85.233568
4/19/1976,85.799904
4/20/1976,88.914752
4/21/1976,90.896928
4/22/1976,86.083072
4/23/1976,84.667232
4/24/1976,84.9504
4/25/1976,84.9504
4/26/1976,84.384064
4/27/1976,83.251392
4/28/1976,78.154368
4/29/1976,81.552384
4/30/1976,90.61376
5/1/1976,85.516736
5/2/1976,82.968224
5/3/1976,81.835552
5/4/1976,81.835552
5/5/1976,82.11872
5/6/1976,82.11872
5/7/1976,140.451328
5/8/1976,353.96
5/9/1976,379.44512
5/10/1976,365.28672
5/11/1976,362.45504
5/12/1976,356.79168
5/13/1976,356.79168
5/14/1976,362.45504
5/15/1976,353.96
5/16/1976,348.29664
5/17/1976,300.15808
5/18/1976,230.78192
5/19/1976,247.488832
5/20/1976,285.99968
5/21/1976,288.83136
5/22/1976,252.302688
5/23/1976,190.572064
5/24/1976,187.457216
5/25/1976,187.174048
5/26/1976,187.174048
5/27/1976,174.14832
5/28/1976,147.813696
5/29/1976,146.397856
5/30/1976,119.496896
5/31/1976,92.879104
6/1/1976,138.75232
6/2/1976,173.581984
6/3/1976,158.57408
6/4/1976,185.758208
6/5/1976,246.922496
6/6/1976,262.496736
6/7/1976,242.10864
6/8/1976,218.888864
6/9/1976,217.756192
6/10/1976,217.473024
6/11/1976,185.47504
6/12/1976,124.877088
6/13/1976,123.461248
6/14/1976,165.65328
6/15/1976,233.330432
6/16/1976,237.86112
6/17/1976,237.577952
6/18/1976,235.595776
6/19/1976,235.312608
6/20/1976,233.6136
6/21/1976,204.447296
6/22/1976,161.972096
6/23/1976,147.813696
6/24/1976,108.170176
6/25/1976,81.835552
6/26/1976,81.552384
6/27/1976,81.552384
6/28/1976,133.372128
6/29/1976,212.092832
6/30/1976,214.075008
7/1/1976,214.358176
7/2/1976,233.330432
7/3/1976,261.647232
7/4/1976,258.532384
7/5/1976,253.43536
7/6/1976,220.587872
7/7/1976,134.787968
7/8/1976,84.9504
7/9/1976,86.36624
7/10/1976,86.083072
7/11/1976,85.233568
7/12/1976,124.59392
7/13/1976,189.156224
7/14/1976,222.003712
7/15/1976,267.027424
7/16/1976,249.18784
7/17/1976,203.314624
7/18/1976,199.350272
7/19/1976,199.350272
7/20/1976,199.916608
7/21/1976,199.63344
7/22/1976,199.350272
7/23/1976,173.015648
7/24/1976,129.124608
7/25/1976,128.275104
7/26/1976,128.558272
7/27/1976,129.407776
7/28/1976,172.166144
7/29/1976,249.471008
7/30/1976,226.5344
7/31/1976,169.334464
8/1/1976,166.785952
8/2/1976,172.166144
8/3/1976,242.391808
8/4/1976,308.65312
8/5/1976,319.97984
8/6/1976,319.97984
8/7/1976,319.97984
8/8/1976,319.97984
8/9/1976,283.168
8/10/1976,188.30672
8/11/1976,151.778048
8/12/1976,155.7424
8/13/1976,158.57408
8/14/1976,159.140416
8/15/1976,159.140416
8/16/1976,159.140416
8/17/1976,155.176064
8/18/1976,150.07904
8/19/1976,145.548352
8/20/1976,140.734496
8/21/1976,138.185984
8/22/1976,138.185984
8/23/1976,141.300832
8/24/1976,152.344384
8/25/1976,151.211712
8/26/1976,147.24736
8/27/1976,143.566176
8/28/1976,143.566176
8/29/1976,143.849344
8/30/1976,143.849344
8/31/1976,143.849344
9/1/1976,143.849344
9/2/1976,144.132512
9/3/1976,144.132512
9/4/1976,144.132512
9/5/1976,144.132512
9/6/1976,143.849344
9/7/1976,143.849344
9/8/1976,143.849344
9/9/1976,143.849344
9/10/1976,143.849344
9/11/1976,123.17808
9/12/1976,61.730624
9/13/1976,92.0296
9/14/1976,145.83152
9/15/1976,147.813696
9/16/1976,148.096864
9/17/1976,148.380032
9/18/1976,148.6632
9/19/1976,147.530528
9/20/1976,147.530528
9/21/1976,146.397856
9/22/1976,146.114688
9/23/1976,146.397856
9/24/1976,146.964192
9/25/1976,168.201792
9/26/1976,205.013632
9/27/1976,206.146304
9/28/1976,205.579968
9/29/1976,204.730464
9/30/1976,203.314624
10/1/1976,167.06912
10/2/1976,97.409792
10/3/1976,94.578112
10/4/1976,82.401888
10/5/1976,52.102912
10/6/1976,50.97024
10/7/1976,54.934592
10/8/1976,66.261312
10/9/1976,66.54448
10/10/1976,66.261312
10/11/1976,65.694976
10/12/1976,65.411808
10/13/1976,63.429632
10/14/1976,60.88112
10/15/1976,60.597952
10/16/1976,60.597952
10/17/1976,60.314784
10/18/1976,59.748448
10/19/1976,59.182112
10/20/1976,58.332608
10/21/1976,58.04944
10/22/1976,57.766272
10/23/1976,58.04944
10/24/1976,59.182112
10/25/1976,58.898944
10/26/1976,58.332608
10/27/1976,58.04944
10/28/1976,57.766272
10/29/1976,58.04944
10/30/1976,59.46528
10/31/1976,59.748448
11/1/1976,59.46528
11/2/1976,58.898944
11/3/1976,58.332608
11/4/1976,58.04944
11/5/1976,57.766272
11/6/1976,57.766272
11/7/1976,58.615776
11/8/1976,59.182112
11/9/1976,59.182112
11/10/1976,58.898944
11/11/1976,58.615776
11/12/1976,58.615776
11/13/1976,58.615776
11/14/1976,58.615776
11/15/1976,58.615776
11/16/1976,58.615776
11/17/1976,56.6336
11/18/1976,55.21776
11/19/1976,55.21776
11/20/1976,56.6336
11/21/1976,57.199936
11/22/1976,56.916768
11/23/1976,56.6336
11/24/1976,56.067264
11/25/1976,55.500928
11/26/1976,55.500928
11/27/1976,54.651424
11/28/1976,54.368256
11/29/1976,47.855392
11/30/1976,40.209856
12/1/1976,34.829664
12/2/1976,30.298976
12/3/1976,30.865312
12/4/1976,31.431648
12/5/1976,31.997984
12/6/1976,32.56432
12/7/1976,35.396
12/8/1976,33.98016
12/9/1976,33.130656
12/10/1976,32.847488
12/11/1976,32.847488
12/12/1976,86.649408
12/13/1976,165.936448
12/14/1976,165.936448
12/15/1976,165.086944
12/16/1976,164.23744
12/17/1976,139.035488
12/18/1976,88.348416
12/19/1976,86.649408
12/20/1976,88.631584
12/21/1976,121.479072
12/22/1976,162.8216
12/23/1976,163.954272
12/24/1976,163.671104
12/25/1976,163.387936
12/26/1976,162.8216
12/27/1976,161.972096
12/28/1976,161.122592
12/29/1976,137.619648
12/30/1976,81.552384
12/31/1976,64.845472
1/1/1977,63.429632
1/2/1977,63.429632
1/3/1977,65.694976
1/4/1977,89.481088
1/5/1977,116.382048
1/6/1977,156.308736
1/7/1977,249.18784
1/8/1977,281.185824
1/9/1977,281.185824
1/10/1977,282.884832
1/11/1977,277.787808
1/12/1977,231.631424
1/13/1977,161.40576
1/14/1977,144.132512
1/15/1977,114.116704
1/16/1977,111.285024
1/17/1977,123.744416
1/18/1977,175.56416
1/19/1977,217.473024
1/20/1977,220.021536
1/21/1977,198.2176
1/22/1977,148.6632
1/23/1977,146.114688
1/24/1977,111.568192
1/25/1977,60.031616
1/26/1977,59.748448
1/27/1977,60.031616
1/28/1977,60.031616
1/29/1977,109.01968
1/30/1977,185.47504
1/31/1977,189.439392
2/1/1977,188.30672
2/2/1977,148.380032
2/3/1977,77.021696
2/4/1977,109.869184
2/5/1977,134.5048
2/6/1977,131.67312
2/7/1977,129.974112
2/8/1977,128.84144
2/9/1977,108.453344
2/10/1977,75.322688
2/11/1977,75.03952
2/12/1977,75.322688
2/13/1977,75.03952
2/14/1977,103.35632
2/15/1977,150.645376
2/16/1977,182.077024
2/17/1977,230.215584
2/18/1977,230.498752
2/19/1977,227.667072
2/20/1977,223.985888
2/21/1977,220.304704
2/22/1977,173.865152
2/23/1977,84.100896
2/24/1977,52.38608
2/25/1977,52.952416
2/26/1977,52.952416
2/27/1977,53.235584
2/28/1977,53.80192
3/1/1977,84.667232
3/2/1977,126.292928
3/3/1977,167.635456
3/4/1977,266.744256
3/5/1977,252.302688
3/6/1977,240.409632
3/7/1977,236.44528
3/8/1977,218.605696
3/9/1977,186.607712
3/10/1977,185.758208
3/11/1977,186.041376
3/12/1977,188.023552
3/13/1977,187.174048
3/14/1977,184.908704
3/15/1977,184.0592
3/16/1977,150.928544
3/17/1977,90.61376
3/18/1977,72.774176
3/19/1977,72.774176
3/20/1977,72.491008
3/21/1977,90.61376
3/22/1977,111.285024
3/23/1977,99.675136
3/24/1977,84.9504
3/25/1977,85.799904
3/26/1977,85.799904
3/27/1977,85.799904
3/28/1977,101.090976
3/29/1977,159.140416
3/30/1977,187.740384
3/31/1977,186.607712
4/1/1977,171.033472
4/2/1977,129.690944
4/3/1977,126.859264
4/4/1977,126.292928
4/5/1977,126.292928
4/6/1977,126.00976
4/7/1977,125.726592
4/8/1977,125.160256
4/9/1977,149.795872
4/10/1977,178.39584
4/11/1977,145.548352
4/12/1977,113.550368
4/13/1977,139.601824
4/14/1977,162.255264
4/15/1977,187.174048
4/16/1977,186.89088
4/17/1977,163.387936
4/18/1977,140.734496
4/19/1977,167.918624
4/20/1977,256.833376
4/21/1977,328.47488
4/22/1977,308.65312
4/23/1977,297.3264
4/24/1977,291.66304
4/25/1977,291.66304
4/26/1977,249.471008
4/27/1977,200.199776
4/28/1977,232.19776
4/29/1977,234.463104
4/30/1977,249.471008
5/1/1977,288.83136
5/2/1977,288.83136
5/3/1977,288.83136
5/4/1977,308.65312
5/5/1977,348.29664
5/6/1977,370.95008
5/7/1977,370.95008
5/8/1977,370.95008
5/9/1977,336.96992
5/10/1977,272.124448
5/11/1977,246.35616
5/12/1977,220.587872
5/13/1977,220.587872
5/14/1977,220.304704
5/15/1977,220.021536
5/16/1977,218.322528
5/17/1977,197.934432
5/18/1977,155.176064
5/19/1977,129.124608
5/20/1977,128.275104
5/21/1977,128.275104
5/22/1977,101.94048
5/23/1977,73.057344
5/24/1977,62.29696
5/25/1977,55.500928
5/26/1977,55.500928
5/27/1977,56.067264
5/28/1977,73.62368
5/29/1977,114.68304
5/30/1977,157.15824
5/31/1977,158.007744
6/1/1977,158.007744
6/2/1977,156.875072
6/3/1977,139.884992
6/4/1977,107.60384
6/5/1977,118.647392
6/6/1977,118.93056
6/7/1977,114.68304
6/8/1977,104.488992
6/9/1977,94.011776
6/10/1977,88.631584
6/11/1977,83.53456
6/12/1977,83.817728
6/13/1977,87.78208
6/14/1977,93.44544
6/15/1977,79.570208
6/16/1977,68.526656
6/17/1977,109.869184
6/18/1977,165.936448
6/19/1977,183.776032
6/20/1977,169.617632
6/21/1977,154.892896
6/22/1977,125.160256
6/23/1977,79.853376
6/24/1977,73.057344
6/25/1977,85.233568
6/26/1977,85.233568
6/27/1977,84.9504
6/28/1977,84.667232
6/29/1977,84.667232
6/30/1977,84.667232
7/1/1977,84.667232
7/2/1977,84.667232
7/3/1977,84.9504
7/4/1977,84.667232
7/5/1977,84.100896
7/6/1977,83.817728
7/7/1977,83.817728
7/8/1977,83.817728
7/9/1977,85.516736
7/10/1977,86.083072
7/11/1977,84.667232
7/12/1977,84.384064
7/13/1977,83.817728
7/14/1977,83.53456
7/15/1977,83.251392
7/16/1977,83.53456
7/17/1977,83.53456
7/18/1977,82.401888
7/19/1977,81.835552
7/20/1977,81.835552
7/21/1977,79.853376
7/22/1977,75.322688
7/23/1977,75.605856
7/24/1977,76.45536
7/25/1977,77.021696
7/26/1977,77.8712
7/27/1977,77.304864
7/28/1977,76.172192
7/29/1977,77.021696
7/30/1977,77.304864
7/31/1977,76.738528
8/1/1977,75.889024
8/2/1977,75.322688
8/3/1977,75.605856
8/4/1977,73.057344
8/5/1977,71.358336
8/6/1977,71.358336
8/7/1977,71.075168
8/8/1977,70.225664
8/9/1977,69.092992
8/10/1977,68.809824
8/11/1977,67.110816
8/12/1977,68.526656
8/13/1977,72.20784
8/14/1977,72.491008
8/15/1977,72.774176
8/16/1977,70.792
8/17/1977,70.225664
8/18/1977,71.641504
8/19/1977,72.774176
8/20/1977,71.641504
8/21/1977,71.358336
8/22/1977,71.075168
8/23/1977,71.075168
8/24/1977,71.075168
8/25/1977,71.075168
8/26/1977,71.075168
8/27/1977,71.358336
8/28/1977,71.358336
8/29/1977,70.792
8/30/1977,69.092992
8/31/1977,67.110816
9/1/1977,67.110816
9/2/1977,66.827648
9/3/1977,66.54448
9/4/1977,66.54448
9/5/1977,65.978144
9/6/1977,65.694976
9/7/1977,64.279136
9/8/1977,61.164288
9/9/1977,62.29696
9/10/1977,62.580128
9/11/1977,62.013792
9/12/1977,61.447456
9/13/1977,61.447456
9/14/1977,61.447456
9/15/1977,61.447456
9/16/1977,58.898944
9/17/1977,56.350432
9/18/1977,56.067264
9/19/1977,55.784096
9/20/1977,56.067264
9/21/1977,55.784096
9/22/1977,55.784096
9/23/1977,55.784096
9/24/1977,55.784096
9/25/1977,55.784096
9/26/1977,54.368256
9/27/1977,52.669248
9/28/1977,52.38608
9/29/1977,52.38608
9/30/1977,52.38608
10/1/1977,52.38608
10/2/1977,52.38608
10/3/1977,50.120736
10/4/1977,48.13856
10/5/1977,48.13856
10/6/1977,47.855392
10/7/1977,48.13856
10/8/1977,55.784096
10/9/1977,66.54448
10/10/1977,56.067264
10/11/1977,55.784096
10/12/1977,55.500928
10/13/1977,55.784096
10/14/1977,55.500928
10/15/1977,55.500928
10/16/1977,55.21776
10/17/1977,55.21776
10/18/1977,54.934592
10/19/1977,54.934592
10/20/1977,42.192032
10/21/1977,31.14848
10/22/1977,30.865312
10/23/1977,30.865312
10/24/1977,30.582144
10/25/1977,30.582144
10/26/1977,30.298976
10/27/1977,30.298976
10/28/1977,30.015808
10/29/1977,30.015808
10/30/1977,30.015808
10/31/1977,30.015808
11/1/1977,37.944512
11/2/1977,42.4752
11/3/1977,38.22768
11/4/1977,37.944512
11/5/1977,37.661344
11/6/1977,37.661344
11/7/1977,37.661344
11/8/1977,37.661344
11/9/1977,34.263328
11/10/1977,14.9229536
11/11/1977,17.4997824
11/12/1977,9.9958304
11/13/1977,4.0209856
11/14/1977,3.7661344
11/15/1977,6.37128
11/16/1977,10.8736512
11/17/1977,8.8631584
11/18/1977,7.5605856
11/19/1977,7.7304864
11/20/1977,7.1641504
11/21/1977,6.0597952
11/22/1977,4.530688
11/23/1977,4.24752
11/24/1977,3.5112832
11/25/1977,3.1997984
11/26/1977,3.0582144
11/27/1977,3.1431648
11/28/1977,3.1997984
11/29/1977,5.9182112
11/30/1977,22.9649248
12/1/1977,15.2344384
12/2/1977,7.8720704
12/3/1977,4.7855392
12/4/1977,3.681184
12/5/1977,3.114848
12/6/1977,7.3906848
12/7/1977,14.0451328
12/8/1977,13.1956288
12/9/1977,12.459392
12/10/1977,12.459392
12/11/1977,12.3744416
12/12/1977,13.4787968
12/13/1977,57.199936
12/14/1977,156.025568
12/15/1977,137.33648
12/16/1977,110.718688
12/17/1977,55.784096
12/18/1977,53.235584
12/19/1977,46.439552
12/20/1977,36.81184
12/21/1977,36.528672
12/22/1977,36.528672
12/23/1977,36.81184
12/24/1977,36.81184
12/25/1977,36.245504
12/26/1977,36.245504
12/27/1977,25.0037344
12/28/1977,9.0330592
12/29/1977,8.6932576
12/30/1977,8.6932576
12/31/1977,8.4667232
1/1/1978,8.2968224
1/2/1978,8.5799904
1/3/1978,8.5233568
1/4/1978,8.6083072
1/5/1978,9.769296
1/6/1978,14.5265184
1/7/1978,14.9795872
1/8/1978,37.378176
1/9/1978,57.199936
1/10/1978,42.192032
1/11/1978,27.2407616
1/12/1978,31.431648
1/13/1978,39.360352
1/14/1978,55.784096
1/15/1978,55.784096
1/16/1978,56.350432
1/17/1978,68.526656
1/18/1978,96.560288
1/19/1978,145.548352
1/20/1978,147.24736
1/21/1978,144.132512
1/22/1978,142.99984
1/23/1978,143.283008
1/24/1978,159.423584
1/25/1978,201.615616
1/26/1978,235.02944
1/27/1978,176.130496
1/28/1978,157.724576
1/29/1978,156.308736
1/30/1978,143.283008
1/31/1978,123.17808
2/1/1978,128.275104
2/2/1978,139.035488
2/3/1978,152.627552
2/4/1978,150.645376
2/5/1978,149.229536
2/6/1978,148.6632
2/7/1978,138.469152
2/8/1978,97.69296
2/9/1978,79.853376
2/10/1978,82.685056
2/11/1978,89.19792
2/12/1978,93.44544
2/13/1978,102.506816
2/14/1978,115.249376
2/15/1978,130.540448
2/16/1978,140.16816
2/17/1978,152.91072
2/18/1978,152.91072
2/19/1978,134.5048
2/20/1978,106.471168
2/21/1978,111.568192
2/22/1978,101.374144
2/23/1978,85.799904
2/24/1978,85.516736
2/25/1978,74.473184
2/26/1978,66.261312
2/27/1978,60.597952
2/28/1978,50.687072
3/1/1978,45.873216
3/2/1978,36.528672
3/3/1978,24.210864
3/4/1978,24.494032
3/5/1978,24.6639328
3/6/1978,24.1542304
3/7/1978,24.4373984
3/8/1978,25.9948224
3/9/1978,29.449472
3/10/1978,33.130656
3/11/1978,33.130656
3/12/1978,33.130656
3/13/1978,32.847488
3/14/1978,28.2884832
3/15/1978,23.7577952
3/16/1978,28.883136
3/17/1978,41.342528
3/18/1978,41.625696
3/19/1978,41.625696
3/20/1978,41.342528
3/21/1978,44.174208
3/22/1978,56.350432
3/23/1978,61.730624
3/24/1978,63.995968
3/25/1978,65.12864
3/26/1978,62.580128
3/27/1978,62.013792
3/28/1978,62.013792
3/29/1978,65.12864
3/30/1978,70.792
3/31/1978,76.45536
4/1/1978,76.45536
4/2/1978,70.792
4/3/1978,69.37616
4/4/1978,67.96032
4/5/1978,66.54448
4/6/1978,66.261312
4/7/1978,66.54448
4/8/1978,66.261312
4/9/1978,65.978144
4/10/1978,65.978144
4/11/1978,65.978144
4/12/1978,65.694976
4/13/1978,65.12864
4/14/1978,64.845472
4/15/1978,63.995968
4/16/1978,63.995968
4/17/1978,36.245504
4/18/1978,7.2491008
4/19/1978,43.607872
4/20/1978,47.289056
4/21/1978,44.457376
4/22/1978,39.360352
4/23/1978,37.095008
4/24/1978,32.281152
4/25/1978,31.997984
4/26/1978,31.997984
4/27/1978,31.997984
4/28/1978,36.81184
4/29/1978,44.174208
4/30/1978,44.174208
5/1/1978,37.944512
5/2/1978,27.8637312
5/3/1978,21.2942336
5/4/1978,18.9156224
5/5/1978,23.7011616
5/6/1978,30.582144
5/7/1978,32.56432
5/8/1978,36.528672
5/9/1978,41.342528
5/10/1978,42.192032
5/11/1978,44.457376
5/12/1978,57.199936
5/13/1978,67.110816
5/14/1978,67.110816
5/15/1978,66.827648
5/16/1978,66.54448
5/17/1978,66.261312
5/18/1978,67.96032
5/19/1978,66.827648
5/20/1978,61.447456
5/21/1978,56.916768
5/22/1978,56.6336
5/23/1978,56.6336
5/24/1978,56.6336
5/25/1978,56.350432
5/26/1978,56.350432
5/27/1978,56.350432
5/28/1978,56.067264
5/29/1978,55.500928
5/30/1978,54.368256
5/31/1978,54.368256
6/1/1978,54.085088
6/2/1978,54.368256
6/3/1978,54.651424
6/4/1978,54.085088
6/5/1978,52.952416
6/6/1978,53.518752
6/7/1978,62.29696
6/8/1978,60.88112
6/9/1978,47.005888
6/10/1978,38.794016
6/11/1978,38.794016
6/12/1978,50.120736
6/13/1978,63.7128
6/14/1978,63.7128
6/15/1978,60.88112
6/16/1978,62.29696
6/17/1978,64.562304
6/18/1978,65.12864
6/19/1978,69.942496
6/20/1978,84.9504
6/21/1978,94.86128
6/22/1978,95.993952
6/23/1978,96.843456
6/24/1978,96.560288
6/25/1978,95.993952
6/26/1978,95.993952
6/27/1978,90.047424
6/28/1978,90.330592
6/29/1978,94.86128
6/30/1978,95.427616
7/1/1978,93.162272
7/2/1978,91.180096
7/3/1978,90.61376
7/4/1978,89.764256
7/5/1978,89.764256
7/6/1978,89.19792
7/7/1978,89.19792
7/8/1978,89.19792
7/9/1978,89.19792
7/10/1978,86.649408
7/11/1978,84.384064
7/12/1978,82.401888
7/13/1978,79.28704
7/14/1978,75.03952
7/15/1978,71.924672
7/16/1978,71.924672
7/17/1978,71.358336
7/18/1978,71.358336
7/19/1978,71.358336
7/20/1978,71.358336
7/21/1978,71.641504
7/22/1978,71.924672
7/23/1978,71.641504
7/24/1978,68.243488
7/25/1978,65.12864
7/26/1978,63.7128
7/27/1978,61.730624
7/28/1978,59.46528
7/29/1978,57.483104
7/30/1978,57.199936
7/31/1978,57.199936
8/1/1978,57.199936
8/2/1978,57.483104
8/3/1978,57.483104
8/4/1978,57.199936
8/5/1978,57.199936
8/6/1978,57.483104
8/7/1978,57.199936
8/8/1978,57.199936
8/9/1978,57.199936
8/10/1978,57.199936
8/11/1978,57.199936
8/12/1978,57.199936
8/13/1978,57.199936
8/14/1978,57.199936
8/15/1978,57.199936
8/16/1978,57.199936
8/17/1978,57.199936
8/18/1978,57.199936
8/19/1978,56.916768
8/20/1978,56.6336
8/21/1978,30.582144
8/22/1978,15.0645376
8/23/1978,28.0053152
8/24/1978,27.892048
8/25/1978,26.1647232
8/26/1978,21.1809664
8/27/1978,21.0110656
8/28/1978,18.4908704
8/29/1978,15.5459232
8/30/1978,15.3193888
8/31/1978,13.7902816
9/1/1978,13.6770144
9/2/1978,13.9601824
9/3/1978,13.6486976
9/4/1978,13.6486976
9/5/1978,8.919792
9/6/1978,8.2685056
9/7/1978,14.3283008
9/8/1978,10.9869184
9/9/1978,10.8170176
9/10/1978,10.9869184
9/11/1978,11.1285024
9/12/1978,11.1285024
9/13/1978,11.2417696
9/14/1978,11.9213728
9/15/1978,12.0912736
9/16/1978,11.3550368
9/17/1978,11.185136
9/18/1978,11.1285024
9/19/1978,11.2417696
9/20/1978,11.185136
9/21/1978,11.1285024
9/22/1978,11.0718688
9/23/1978,10.9869184
9/24/1978,10.901968
9/25/1978,10.7037504
9/26/1978,10.7037504
9/27/1978,10.7887008
9/28/1978,10.9869184
9/29/1978,10.9869184
9/30/1978,10.8736512
10/1/1978,10.901968
10/2/1978,11.0718688
10/3/1978,12.884144
10/4/1978,14.8096864
10/5/1978,14.8380032
10/6/1978,14.7530528
10/7/1978,15.007904
10/8/1978,15.0645376
10/9/1978,15.0362208
10/10/1978,15.0362208
10/11/1978,14.9512704
10/12/1978,14.9512704
10/13/1978,14.6964192
10/14/1978,14.6114688
10/15/1978,14.8380032
10/16/1978,14.7813696
10/17/1978,14.7530528
10/18/1978,14.724736
10/19/1978,14.6964192
10/20/1978,14.7813696
10/21/1978,14.86632
10/22/1978,14.86632
10/23/1978,14.86632
10/24/1978,12.884144
10/25/1978,11.32672
10/26/1978,11.9213728
10/27/1978,11.893056
10/28/1978,11.8647392
10/29/1978,11.8647392
10/30/1978,11.8081056
10/31/1978,9.91088
11/1/1978,7.5605856
11/2/1978,7.8154368
11/3/1978,7.8437536
11/4/1978,7.78712
11/5/1978,7.8720704
11/6/1978,8.0419712
11/7/1978,8.0986048
11/8/1978,8.2685056
11/9/1978,8.211872
11/10/1978,8.211872
11/11/1978,8.211872
11/12/1978,8.211872
11/13/1978,8.211872
11/14/1978,8.211872
11/15/1978,10.194048
11/16/1978,10.194048
11/17/1978,10.194048
11/18/1978,10.194048
11/19/1978,10.194048
11/20/1978,10.194048
11/21/1978,10.194048
11/22/1978,10.194048
11/23/1978,10.194048
11/24/1978,10.194048
11/25/1978,9.344544
11/26/1978,17.839584
11/27/1978,108.736512
11/28/1978,110.718688
11/29/1978,70.225664
11/30/1978,37.378176
12/1/1978,33.413824
12/2/1978,30.865312
12/3/1978,33.413824
12/4/1978,42.758368
12/5/1978,87.498912
12/6/1978,95.710784
12/7/1978,106.754336
12/8/1978,102.223648
12/9/1978,58.04944
12/10/1978,23.502944
12/11/1978,24.6639328
12/12/1978,24.6639328
12/13/1978,23.502944
12/14/1978,31.997984
12/15/1978,75.605856
12/16/1978,91.746432
12/17/1978,89.481088
12/18/1978,89.481088
12/19/1978,55.784096
12/20/1978,14.2433504
12/21/1978,13.2805792
12/22/1978,13.2805792
12/23/1978,13.2805792
12/24/1978,13.2805792
12/25/1978,12.3744416
12/26/1978,12.3744416
12/27/1978,12.3744416
12/28/1978,12.5443424
12/29/1978,12.6576096
12/30/1978,13.5071136
12/31/1978,14.583152
1/1/1979,51.253408
1/2/1979,92.312768
1/3/1979,85.516736
1/4/1979,110.718688
1/5/1979,122.611744
1/6/1979,150.362208
1/7/1979,240.975968
1/8/1979,270.991776
1/9/1979,240.6928
1/10/1979,178.39584
1/11/1979,135.071136
1/12/1979,112.700864
1/13/1979,100.807808
1/14/1979,89.764256
1/15/1979,82.401888
1/16/1979,81.269216
1/17/1979,88.914752
1/18/1979,88.631584
1/19/1979,94.294944
1/20/1979,167.06912
1/21/1979,218.322528
1/22/1979,206.146304
1/23/1979,203.031456
1/24/1979,226.817568
1/25/1979,260.231392
1/26/1979,259.948224
1/27/1979,263.912576
1/28/1979,231.631424
1/29/1979,186.041376
1/30/1979,176.696832
1/31/1979,184.625536
2/1/1979,188.873056
2/2/1979,180.944352
2/3/1979,155.459232
2/4/1979,146.114688
2/5/1979,149.512704
2/6/1979,164.803776
2/7/1979,220.304704
2/8/1979,250.886848
2/9/1979,255.417536
2/10/1979,275.522464
2/11/1979,274.389792
2/12/1979,291.66304
2/13/1979,322.81152
2/14/1979,322.81152
2/15/1979,322.81152
2/16/1979,319.97984
2/17/1979,302.98976
2/18/1979,300.15808
2/19/1979,297.3264
2/20/1979,291.66304
2/21/1979,288.83136
2/22/1979,288.83136
2/23/1979,282.035328
2/24/1979,314.31648
2/25/1979,390.77184
2/26/1979,438.9104
2/27/1979,441.74208
2/28/1979,450.23712
3/1/1979,472.89056
3/2/1979,478.55392
3/3/1979,447.40544
3/4/1979,424.752
3/5/1979,410.5936
3/6/1979,416.25696
3/7/1979,427.58368
3/8/1979,424.752
3/9/1979,393.60352
3/10/1979,348.29664
3/11/1979,348.29664
3/12/1979,373.78176
3/13/1979,410.5936
3/14/1979,413.42528
3/15/1979,410.5936
3/16/1979,407.76192
3/17/1979,407.76192
3/18/1979,407.76192
3/19/1979,410.5936
3/20/1979,421.92032
3/21/1979,433.24704
3/22/1979,424.752
3/23/1979,436.07872
3/24/1979,430.41536
3/25/1979,419.08864
3/26/1979,413.42528
3/27/1979,413.42528
3/28/1979,421.92032
3/29/1979,444.57376
3/30/1979,447.40544
3/31/1979,450.23712
4/1/1979,475.72224
4/2/1979,504.03904
4/3/1979,529.52416
4/4/1979,569.16768
4/5/1979,515.36576
4/6/1979,438.9104
4/7/1979,410.5936
4/8/1979,404.93024
4/9/1979,424.752
4/10/1979,467.2272
4/11/1979,467.2272
4/12/1979,467.2272
4/13/1979,470.05888
4/14/1979,484.21728
4/15/1979,506.87072
4/16/1979,515.36576
4/17/1979,515.36576
4/18/1979,515.36576
4/19/1979,512.53408
4/20/1979,529.52416
4/21/1979,552.1776
4/22/1979,506.87072
4/23/1979,467.2272
4/24/1979,472.89056
4/25/1979,521.02912
4/26/1979,552.1776
4/27/1979,557.84096
4/28/1979,557.84096
4/29/1979,535.18752
4/30/1979,489.88064
5/1/1979,478.55392
5/2/1979,472.89056
5/3/1979,470.05888
5/4/1979,478.55392
5/5/1979,484.21728
5/6/1979,481.3856
5/7/1979,478.55392
5/8/1979,478.55392
5/9/1979,481.3856
5/10/1979,487.04896
5/11/1979,489.88064
5/12/1979,484.21728
5/13/1979,478.55392
5/14/1979,484.21728
5/15/1979,495.544
5/16/1979,495.544
5/17/1979,495.544
5/18/1979,501.20736
5/19/1979,504.03904
5/20/1979,506.87072
5/21/1979,509.7024
5/22/1979,512.53408
5/23/1979,518.19744
5/24/1979,518.19744
5/25/1979,518.19744
5/26/1979,518.19744
5/27/1979,521.02912
5/28/1979,521.02912
5/29/1979,521.02912
5/30/1979,518.19744
5/31/1979,489.88064
6/1/1979,453.0688
6/2/1979,455.90048
6/3/1979,455.90048
6/4/1979,441.74208
6/5/1979,407.76192
6/6/1979,399.26688
6/7/1979,427.58368
6/8/1979,421.92032
6/9/1979,427.58368
6/10/1979,455.90048
6/11/1979,501.20736
6/12/1979,523.8608
6/13/1979,523.8608
6/14/1979,521.02912
6/15/1979,529.52416
6/16/1979,543.68256
6/17/1979,552.1776
6/18/1979,560.67264
6/19/1979,566.336
6/20/1979,569.16768
6/21/1979,557.84096
6/22/1979,543.68256
6/23/1979,535.18752
6/24/1979,529.52416
6/25/1979,512.53408
6/26/1979,484.21728
6/27/1979,455.90048
6/28/1979,407.76192
6/29/1979,370.95008
6/30/1979,308.65312
7/1/1979,265.328416
7/2/1979,193.403744
7/3/1979,189.439392
7/4/1979,189.439392
7/5/1979,190.005728
7/6/1979,189.72256
7/7/1979,189.72256
7/8/1979,190.288896
7/9/1979,191.421568
7/10/1979,191.704736
7/11/1979,200.766112
7/12/1979,224.269056
7/13/1979,223.70272
7/14/1979,224.835392
7/15/1979,225.401728
7/16/1979,224.835392
7/17/1979,259.665056
7/18/1979,331.30656
7/19/1979,314.31648
7/20/1979,191.1384
7/21/1979,99.1088
7/22/1979,88.348416
7/23/1979,141.584
7/24/1979,248.338336
7/25/1979,245.789824
7/26/1979,171.882976
7/27/1979,123.17808
7/28/1979,104.77216
7/29/1979,100.241472
7/30/1979,140.16816
7/31/1979,236.44528
8/1/1979,269.0096
8/2/1979,267.027424
8/3/1979,267.59376
8/4/1979,267.59376
8/5/1979,267.59376
8/6/1979,267.59376
8/7/1979,267.59376
8/8/1979,267.59376
8/9/1979,267.59376
8/10/1979,267.59376
8/11/1979,267.310592
8/12/1979,239.560128
8/13/1979,208.977984
8/14/1979,208.411648
8/15/1979,208.411648
8/16/1979,242.391808
8/17/1979,285.99968
8/18/1979,285.99968
8/19/1979,285.99968
8/20/1979,250.60368
8/21/1979,217.756192
8/22/1979,217.189856
8/23/1979,195.669088
8/24/1979,162.8216
8/25/1979,162.255264
8/26/1979,162.255264
8/27/1979,162.255264
8/28/1979,162.8216
8/29/1979,190.288896
8/30/1979,224.552224
8/31/1979,225.11856
9/1/1979,224.552224
9/2/1979,223.136384
9/3/1979,188.023552
9/4/1979,132.522624
9/5/1979,119.213728
9/6/1979,82.11872
9/7/1979,80.419712
9/8/1979,79.003872
9/9/1979,79.003872
9/10/1979,65.694976
9/11/1979,37.661344
9/12/1979,31.997984
9/13/1979,53.235584
9/14/1979,103.35632
9/15/1979,84.384064
9/16/1979,60.597952
9/17/1979,30.298976
9/18/1979,49.271232
9/19/1979,121.195904
9/20/1979,192.271072
9/21/1979,376.61344
9/22/1979,387.94016
9/23/1979,365.28672
9/24/1979,311.4848
9/25/1979,305.82144
9/26/1979,305.82144
9/27/1979,302.98976
9/28/1979,300.15808
9/29/1979,263.063072
9/30/1979,207.562144
10/1/1979,171.033472
10/2/1979,170.467136
10/3/1979,169.334464
10/4/1979,152.061216
10/5/1979,85.516736
10/6/1979,52.952416
10/7/1979,50.97024
10/8/1979,50.403904
10/9/1979,50.120736
10/10/1979,50.120736
10/11/1979,50.120736
10/12/1979,50.120736
10/13/1979,49.837568
10/14/1979,49.837568
10/15/1979,49.837568
10/16/1979,49.837568
10/17/1979,56.6336
10/18/1979,66.54448
10/19/1979,66.54448
10/20/1979,66.54448
10/21/1979,66.54448
10/22/1979,67.110816
10/23/1979,67.393984
10/24/1979,67.393984
10/25/1979,67.393984
10/26/1979,67.110816
10/27/1979,66.261312
10/28/1979,64.562304
10/29/1979,63.995968
10/30/1979,64.562304
10/31/1979,66.261312
11/1/1979,38.794016
11/2/1979,33.413824
11/3/1979,32.281152
11/4/1979,31.997984
11/5/1979,31.997984
11/6/1979,31.714816
11/7/1979,31.431648
11/8/1979,31.14848
11/9/1979,31.14848
11/10/1979,34.829664
11/11/1979,39.077184
11/12/1979,39.077184
11/13/1979,38.510848
11/14/1979,38.22768
11/15/1979,38.22768
11/16/1979,38.22768
11/17/1979,38.22768
11/18/1979,38.22768
11/19/1979,52.102912
11/20/1979,67.110816
11/21/1979,67.96032
11/22/1979,83.251392
11/23/1979,83.53456
11/24/1979,107.60384
11/25/1979,159.706752
11/26/1979,141.300832
11/27/1979,116.665216
11/28/1979,114.966208
11/29/1979,115.249376
11/30/1979,131.956288
12/1/1979,158.007744
12/2/1979,158.857248
12/3/1979,158.57408
12/4/1979,158.857248
12/5/1979,158.857248
12/6/1979,129.974112
12/7/1979,87.498912
12/8/1979,85.799904
12/9/1979,85.516736
12/10/1979,85.516736
12/11/1979,85.799904
12/12/1979,85.799904
12/13/1979,122.611744
12/14/1979,191.421568
12/15/1979,219.738368
12/16/1979,220.87104
12/17/1979,256.26704
12/18/1979,356.79168
12/19/1979,419.08864
12/20/1979,393.60352
12/21/1979,297.3264
12/22/1979,190.572064
12/23/1979,133.372128
12/24/1979,93.44544
12/25/1979,91.746432
12/26/1979,109.869184
12/27/1979,130.540448
12/28/1979,161.40576
12/29/1979,206.146304
12/30/1979,206.995808
12/31/1979,187.740384
1/1/1980,159.706752
1/2/1980,158.857248
1/3/1980,159.140416
1/4/1980,168.48496
1/5/1980,179.81168
1/6/1980,179.81168
1/7/1980,179.81168
1/8/1980,179.528512
1/9/1980,178.962176
1/10/1980,161.688928
1/11/1980,141.300832
1/12/1980,141.017664
1/13/1980,140.451328
1/14/1980,140.16816
1/15/1980,139.601824
1/16/1980,108.736512
1/17/1980,56.6336
1/18/1980,54.651424
1/19/1980,54.368256
1/20/1980,54.368256
1/21/1980,54.368256
1/22/1980,118.647392
1/23/1980,220.021536
1/24/1980,238.710624
1/25/1980,253.152192
1/26/1980,276.938304
1/27/1980,275.805632
1/28/1980,275.522464
1/29/1980,294.49472
1/30/1980,336.96992
1/31/1980,356.79168
2/1/1980,365.28672
2/2/1980,362.45504
2/3/1980,339.8016
2/4/1980,288.83136
2/5/1980,216.906688
2/6/1980,184.625536
2/7/1980,203.88096
2/8/1980,230.78192
2/9/1980,277.50464
2/10/1980,342.63328
2/11/1980,365.28672
2/12/1980,362.45504
2/13/1980,351.12832
2/14/1980,336.96992
2/15/1980,345.46496
2/16/1980,368.1184
2/17/1980,379.44512
2/18/1980,376.61344
2/19/1980,373.78176
2/20/1980,339.8016
2/21/1980,267.59376
2/22/1980,244.090816
2/23/1980,244.090816
2/24/1980,245.223488
2/25/1980,266.461088
2/26/1980,285.99968
2/27/1980,305.82144
2/28/1980,319.97984
2/29/1980,285.99968
3/1/1980,223.70272
3/2/1980,245.223488
3/3/1980,314.31648
3/4/1980,373.78176
3/5/1980,351.12832
3/6/1980,264.195744
3/7/1980,194.536416
3/8/1980,214.641344
3/9/1980,267.027424
3/10/1980,274.389792
3/11/1980,250.320512
3/12/1980,209.54432
3/13/1980,141.300832
3/14/1980,146.397856
3/15/1980,113.550368
3/16/1980,69.659328
3/17/1980,69.37616
3/18/1980,69.942496
3/19/1980,98.259296
3/20/1980,137.053312
3/21/1980,142.150336
3/22/1980,138.469152
3/23/1980,163.387936
3/24/1980,215.490848
3/25/1980,242.958144
3/26/1980,223.419552
3/27/1980,189.156224
3/28/1980,285.99968
3/29/1980,356.79168
3/30/1980,393.60352
3/31/1980,376.61344
4/1/1980,368.1184
4/2/1980,365.28672
4/3/1980,362.45504
4/4/1980,379.44512
4/5/1980,402.09856
4/6/1980,370.95008
4/7/1980,348.29664
4/8/1980,345.46496
4/9/1980,345.46496
4/10/1980,345.46496
4/11/1980,314.31648
4/12/1980,263.912576
4/13/1980,274.106624
4/14/1980,294.49472
4/15/1980,359.62336
4/16/1980,407.76192
4/17/1980,379.44512
4/18/1980,342.63328
4/19/1980,339.8016
4/20/1980,353.96
4/21/1980,368.1184
4/22/1980,370.95008
4/23/1980,370.95008
4/24/1980,370.95008
4/25/1980,385.10848
4/26/1980,424.752
4/27/1980,413.42528
4/28/1980,396.4352
4/29/1980,373.78176
4/30/1980,370.95008
5/1/1980,370.95008
5/2/1980,373.78176
5/3/1980,373.78176
5/4/1980,373.78176
5/5/1980,370.95008
5/6/1980,328.47488
5/7/1980,217.189856
5/8/1980,151.49488
5/9/1980,198.500768
5/10/1980,227.383904
5/11/1980,168.48496
5/12/1980,127.991936
5/13/1980,126.859264
5/14/1980,149.229536
5/15/1980,193.120576
5/16/1980,300.15808
5/17/1980,441.74208
5/18/1980,436.07872
5/19/1980,427.58368
5/20/1980,424.752
5/21/1980,424.752
5/22/1980,453.0688
5/23/1980,492.71232
5/24/1980,495.544
5/25/1980,498.37568
5/26/1980,498.37568
5/27/1980,498.37568
5/28/1980,495.544
5/29/1980,492.71232
5/30/1980,492.71232
5/31/1980,489.88064
6/1/1980,464.39552
6/2/1980,413.42528
6/3/1980,410.5936
6/4/1980,413.42528
6/5/1980,413.42528
6/6/1980,416.25696
6/7/1980,416.25696
6/8/1980,416.25696
6/9/1980,416.25696
6/10/1980,402.09856
6/11/1980,348.29664
6/12/1980,280.902656
6/13/1980,277.221472
6/14/1980,237.294784
6/15/1980,172.449312
6/16/1980,181.22752
6/17/1980,189.156224
6/18/1980,188.873056
6/19/1980,203.031456
6/20/1980,210.393824
6/21/1980,209.54432
6/22/1980,194.536416
6/23/1980,160.556256
6/24/1980,134.5048
6/25/1980,133.655296
6/26/1980,133.655296
6/27/1980,133.655296
6/28/1980,133.938464
6/29/1980,133.655296
6/30/1980,133.655296
7/1/1980,118.364224
7/2/1980,102.506816
7/3/1980,101.94048
7/4/1980,101.657312
7/5/1980,101.657312
7/6/1980,105.055328
7/7/1980,116.382048
7/8/1980,116.665216
7/9/1980,116.665216
7/10/1980,116.382048
7/11/1980,116.09888
7/12/1980,115.815712
7/13/1980,115.815712
7/14/1980,115.249376
7/15/1980,114.966208
7/16/1980,115.249376
7/17/1980,115.249376
7/18/1980,115.532544
7/19/1980,115.815712
7/20/1980,115.532544
7/21/1980,111.568192
7/22/1980,105.621664
7/23/1980,105.338496
7/24/1980,105.338496
7/25/1980,101.657312
7/26/1980,97.126624
7/27/1980,97.126624
7/28/1980,97.976128
7/29/1980,97.976128
7/30/1980,97.69296
7/31/1980,94.86128
8/1/1980,91.180096
8/2/1980,90.896928
8/3/1980,90.330592
8/4/1980,89.764256
8/5/1980,89.481088
8/6/1980,88.065248
8/7/1980,85.516736
8/8/1980,85.799904
8/9/1980,86.083072
8/10/1980,86.083072
8/11/1980,85.516736
8/12/1980,85.516736
8/13/1980,85.799904
8/14/1980,86.083072
8/15/1980,86.649408
8/16/1980,86.36624
8/17/1980,85.799904
8/18/1980,85.233568
8/19/1980,85.516736
8/20/1980,85.516736
8/21/1980,85.516736
8/22/1980,85.799904
8/23/1980,85.799904
8/24/1980,85.233568
8/25/1980,84.667232
8/26/1980,84.9504
8/27/1980,84.9504
8/28/1980,84.9504
8/29/1980,82.11872
8/30/1980,78.437536
8/31/1980,79.570208
9/1/1980,79.003872
9/2/1980,79.28704
9/3/1980,77.8712
9/4/1980,75.605856
9/5/1980,75.889024
9/6/1980,76.738528
9/7/1980,76.172192
9/8/1980,67.96032
9/9/1980,51.819744
9/10/1980,50.97024
9/11/1980,50.97024
9/12/1980,50.687072
9/13/1980,50.687072
9/14/1980,50.403904
9/15/1980,50.120736
9/16/1980,50.120736
9/17/1980,50.120736
9/18/1980,56.6336
9/19/1980,69.942496
9/20/1980,69.659328
9/21/1980,69.092992
9/22/1980,68.526656
9/23/1980,68.243488
9/24/1980,68.526656
9/25/1980,68.526656
9/26/1980,68.526656
9/27/1980,68.526656
9/28/1980,68.243488
9/29/1980,67.96032
9/30/1980,68.243488
10/1/1980,67.96032
10/2/1980,67.677152
10/3/1980,67.677152
10/4/1980,67.677152
10/5/1980,67.110816
10/6/1980,66.827648
10/7/1980,66.261312
10/8/1980,66.54448
10/9/1980,66.54448
10/10/1980,66.54448
10/11/1980,66.261312
10/12/1980,66.261312
10/13/1980,65.978144
10/14/1980,66.261312
10/15/1980,66.261312
10/16/1980,66.261312
10/17/1980,66.54448
10/18/1980,68.243488
10/19/1980,67.96032
10/20/1980,45.023712
10/21/1980,4.9271232
10/22/1980,3.822768
10/23/1980,29.166304
10/24/1980,60.031616
10/25/1980,61.164288
10/26/1980,61.730624
10/27/1980,62.29696
10/28/1980,63.7128
10/29/1980,63.429632
10/30/1980,62.580128
10/31/1980,62.29696
11/1/1980,62.29696
11/2/1980,62.29696
11/3/1980,61.730624
11/4/1980,61.447456
11/5/1980,61.730624
11/6/1980,61.447456
11/7/1980,62.013792
11/8/1980,62.013792
11/9/1980,61.730624
11/10/1980,61.447456
11/11/1980,61.164288
11/12/1980,60.88112
11/13/1980,65.12864
11/14/1980,70.508832
11/15/1980,71.075168
11/16/1980,71.358336
11/17/1980,71.358336
11/18/1980,71.358336
11/19/1980,68.809824
11/20/1980,65.694976
11/21/1980,65.694976
11/22/1980,65.411808
11/23/1980,65.411808
11/24/1980,65.12864
11/25/1980,64.845472
11/26/1980,64.845472
11/27/1980,64.845472
11/28/1980,65.411808
11/29/1980,65.411808
11/30/1980,64.845472
12/1/1980,64.562304
12/2/1980,63.7128
12/3/1980,61.447456
12/4/1980,66.54448
12/5/1980,66.827648
12/6/1980,66.827648
12/7/1980,66.261312
12/8/1980,66.261312
12/9/1980,66.827648
12/10/1980,67.677152
12/11/1980,67.677152
12/12/1980,66.54448
12/13/1980,65.12864
12/14/1980,64.562304
12/15/1980,64.279136
12/16/1980,63.7128
12/17/1980,63.146464
12/18/1980,61.730624
12/19/1980,61.164288
12/20/1980,61.164288
12/21/1980,61.730624
12/22/1980,61.447456
12/23/1980,61.447456
12/24/1980,60.597952
12/25/1980,61.164288
12/26/1980,60.88112
12/27/1980,61.164288
12/28/1980,61.164288
12/29/1980,60.88112
12/30/1980,60.88112
12/31/1980,60.88112
1/1/1981,60.314784
1/2/1981,60.314784
1/3/1981,60.597952
1/4/1981,60.031616
1/5/1981,60.597952
1/6/1981,60.597952
1/7/1981,60.597952
1/8/1981,60.88112
1/9/1981,61.164288
1/10/1981,60.597952
1/11/1981,60.314784
1/12/1981,57.483104
1/13/1981,52.669248
1/14/1981,52.38608
1/15/1981,52.102912
1/16/1981,52.38608
1/17/1981,52.38608
1/18/1981,52.102912
1/19/1981,52.38608
1/20/1981,51.819744
1/21/1981,47.572224
1/22/1981,45.30688
1/23/1981,44.740544
1/24/1981,44.457376
1/25/1981,44.457376
1/26/1981,44.174208
1/27/1981,43.89104
1/28/1981,43.89104
1/29/1981,43.607872
1/30/1981,43.324704
1/31/1981,43.89104
2/1/1981,32.281152
2/2/1981,3.822768
2/3/1981,3.822768
2/4/1981,3.822768
2/5/1981,3.822768
2/6/1981,3.822768
2/7/1981,3.822768
2/8/1981,3.822768
2/9/1981,3.822768
2/10/1981,3.822768
2/11/1981,3.822768
2/12/1981,3.822768
2/13/1981,3.822768
2/14/1981,3.822768
2/15/1981,3.822768
2/16/1981,3.822768
2/17/1981,3.822768
2/18/1981,4.1908864
2/19/1981,8.49504
2/20/1981,8.3817728
2/21/1981,8.2401888
2/22/1981,7.928704
2/23/1981,10.335632
2/24/1981,12.4027584
2/25/1981,11.8647392
2/26/1981,11.6665216
2/27/1981,11.5815712
2/28/1981,11.468304
3/1/1981,11.3550368
3/2/1981,11.1285024
3/3/1981,11.2134528
3/4/1981,18.8873056
3/5/1981,60.88112
3/6/1981,91.746432
3/7/1981,69.37616
3/8/1981,46.156384
3/9/1981,41.05936
3/10/1981,35.396
3/11/1981,32.56432
3/12/1981,30.298976
3/13/1981,30.015808
3/14/1981,30.015808
3/15/1981,29.73264
3/16/1981,35.679168
3/17/1981,47.289056
3/18/1981,47.005888
3/19/1981,47.005888
3/20/1981,47.005888
3/21/1981,47.005888
3/22/1981,46.72272
3/23/1981,46.439552
3/24/1981,46.439552
3/25/1981,46.156384
3/26/1981,46.156384
3/27/1981,45.873216
3/28/1981,45.873216
3/29/1981,45.590048
3/30/1981,45.30688
3/31/1981,48.13856
4/1/1981,65.978144
4/2/1981,66.827648
4/3/1981,66.54448
4/4/1981,65.411808
4/5/1981,33.696992
4/6/1981,29.166304
4/7/1981,40.493024
4/8/1981,38.794016
4/9/1981,33.696992
4/10/1981,33.696992
4/11/1981,33.98016
4/12/1981,33.696992
4/13/1981,33.696992
4/14/1981,33.413824
4/15/1981,33.130656
4/16/1981,33.130656
4/17/1981,33.413824
4/18/1981,33.413824
4/19/1981,33.413824
4/20/1981,30.298976
4/21/1981,30.298976
4/22/1981,30.298976
4/23/1981,30.582144
4/24/1981,6.9659328
4/25/1981,16.8201792
4/26/1981,30.298976
4/27/1981,30.298976
4/28/1981,17.698
4/29/1981,16.0273088
4/30/1981,30.865312
5/1/1981,30.865312
5/2/1981,31.14848
5/3/1981,31.14848
5/4/1981,27.7221472
5/5/1981,23.0498752
5/6/1981,25.7966048
5/7/1981,13.8469152
5/8/1981,3.822768
5/9/1981,3.822768
5/10/1981,3.822768
5/11/1981,3.822768
5/12/1981,12.6576096
5/13/1981,22.65344
5/14/1981,27.2407616
5/15/1981,24.7205664
5/16/1981,22.1437376
5/17/1981,23.2480928
5/18/1981,21.8888864
5/19/1981,37.095008
5/20/1981,55.784096
5/21/1981,68.809824
5/22/1981,73.340512
5/23/1981,56.067264
5/24/1981,55.500928
5/25/1981,55.21776
5/26/1981,51.253408
5/27/1981,46.72272
5/28/1981,43.041536
5/29/1981,37.378176
5/30/1981,37.378176
5/31/1981,37.661344
6/1/1981,37.378176
6/2/1981,37.378176
6/3/1981,40.493024
6/4/1981,33.130656
6/5/1981,80.419712
6/6/1981,252.302688
6/7/1981,319.97984
6/8/1981,419.08864
6/9/1981,370.95008
6/10/1981,261.080896
6/11/1981,213.79184
6/12/1981,173.865152
6/13/1981,124.027584
6/14/1981,118.081056
6/15/1981,139.601824
6/16/1981,189.156224
6/17/1981,190.005728
6/18/1981,150.07904
6/19/1981,87.498912
6/20/1981,84.9504
6/21/1981,84.384064
6/22/1981,84.384064
6/23/1981,84.384064
6/24/1981,85.516736
6/25/1981,84.9504
6/26/1981,84.384064
6/27/1981,84.384064
6/28/1981,84.384064
6/29/1981,84.667232
6/30/1981,84.667232
7/1/1981,89.19792
7/2/1981,103.073152
7/3/1981,106.188
7/4/1981,107.037504
7/5/1981,97.69296
7/6/1981,117.231552
7/7/1981,167.635456
7/8/1981,146.397856
7/9/1981,122.611744
7/10/1981,114.116704
7/11/1981,91.180096
7/12/1981,77.021696
7/13/1981,75.889024
7/14/1981,67.110816
7/15/1981,58.04944
7/16/1981,57.483104
7/17/1981,52.669248
7/18/1981,47.855392
7/19/1981,47.572224
7/20/1981,53.518752
7/21/1981,64.845472
7/22/1981,64.562304
7/23/1981,63.7128
7/24/1981,63.429632
7/25/1981,63.146464
7/26/1981,63.146464
7/27/1981,63.7128
7/28/1981,63.429632
7/29/1981,62.863296
7/30/1981,60.88112
7/31/1981,56.067264
8/1/1981,55.500928
8/2/1981,55.784096
8/3/1981,56.350432
8/4/1981,56.350432
8/5/1981,56.350432
8/6/1981,56.350432
8/7/1981,56.067264
8/8/1981,55.784096
8/9/1981,55.784096
8/10/1981,55.784096
8/11/1981,56.067264
8/12/1981,56.350432
8/13/1981,56.6336
8/14/1981,56.916768
8/15/1981,56.916768
8/16/1981,56.6336
8/17/1981,56.350432
8/18/1981,56.6336
8/19/1981,56.6336
8/20/1981,56.6336
8/21/1981,56.350432
8/22/1981,56.067264
8/23/1981,55.784096
8/24/1981,55.500928
8/25/1981,55.21776
8/26/1981,54.934592
8/27/1981,55.21776
8/28/1981,55.500928
8/29/1981,55.500928
8/30/1981,54.934592
8/31/1981,55.784096
9/1/1981,56.067264
9/2/1981,55.784096
9/3/1981,55.784096
9/4/1981,52.669248
9/5/1981,47.572224
9/6/1981,47.289056
9/7/1981,47.289056
9/8/1981,47.005888
9/9/1981,46.72272
9/10/1981,46.72272
9/11/1981,50.687072
9/12/1981,55.500928
9/13/1981,55.500928
9/14/1981,55.21776
9/15/1981,55.784096
9/16/1981,55.21776
9/17/1981,54.651424
9/18/1981,54.651424
9/19/1981,54.651424
9/20/1981,54.934592
9/21/1981,54.934592
9/22/1981,54.934592
9/23/1981,54.651424
9/24/1981,54.651424
9/25/1981,54.934592
9/26/1981,54.651424
9/27/1981,54.368256
9/28/1981,54.368256
9/29/1981,54.085088
9/30/1981,53.80192
10/1/1981,53.518752
10/2/1981,53.235584
10/3/1981,53.235584
10/4/1981,53.518752
10/5/1981,53.235584
10/6/1981,51.819744
10/7/1981,52.952416
10/8/1981,53.518752
10/9/1981,52.952416
10/10/1981,52.669248
10/11/1981,53.235584
10/12/1981,53.80192
10/13/1981,54.368256
10/14/1981,54.651424
10/15/1981,52.102912
10/16/1981,45.023712
10/17/1981,45.023712
10/18/1981,45.30688
10/19/1981,45.30688
10/20/1981,45.590048
10/21/1981,45.30688
10/22/1981,45.30688
10/23/1981,45.590048
10/24/1981,45.590048
10/25/1981,45.873216
10/26/1981,59.46528
10/27/1981,74.473184
10/28/1981,74.473184
10/29/1981,74.190016
10/30/1981,73.906848
10/31/1981,73.62368
11/1/1981,73.62368
11/2/1981,60.597952
11/3/1981,48.988064
11/4/1981,48.988064
11/5/1981,48.988064
11/6/1981,48.704896
11/7/1981,48.988064
11/8/1981,49.271232
11/9/1981,49.5544
11/10/1981,49.837568
11/11/1981,49.5544
11/12/1981,49.271232
11/13/1981,49.271232
11/14/1981,49.5544
11/15/1981,48.988064
11/16/1981,48.421728
11/17/1981,48.704896
11/18/1981,48.988064
11/19/1981,48.988064
11/20/1981,49.271232
11/21/1981,49.5544
11/22/1981,49.5544
11/23/1981,48.988064
11/24/1981,48.704896
11/25/1981,48.988064
11/26/1981,48.988064
11/27/1981,48.421728
11/28/1981,48.421728
11/29/1981,48.988064
11/30/1981,49.5544
12/1/1981,49.271232
12/2/1981,49.271232
12/3/1981,48.988064
12/4/1981,48.704896
12/5/1981,48.704896
12/6/1981,48.704896
12/7/1981,48.421728
12/8/1981,48.13856
12/9/1981,48.13856
12/10/1981,48.13856
12/11/1981,47.855392
12/12/1981,47.572224
12/13/1981,47.572224
12/14/1981,47.289056
12/15/1981,47.572224
12/16/1981,47.855392
12/17/1981,47.572224
12/18/1981,48.13856
12/19/1981,48.988064
12/20/1981,49.271232
12/21/1981,48.988064
12/22/1981,48.988064
12/23/1981,48.13856
12/24/1981,48.13856
12/25/1981,48.13856
12/26/1981,48.13856
12/27/1981,47.572224
12/28/1981,47.855392
12/29/1981,46.72272
12/30/1981,47.005888
12/31/1981,47.855392
1/1/1982,48.13856
1/2/1982,47.855392
1/3/1982,47.572224
1/4/1982,47.289056
1/5/1982,47.855392
1/6/1982,47.855392
1/7/1982,47.289056
1/8/1982,47.289056
1/9/1982,47.572224
1/10/1982,47.855392
1/11/1982,48.704896
1/12/1982,49.837568
1/13/1982,50.403904
1/14/1982,50.687072
1/15/1982,50.687072
1/16/1982,50.120736
1/17/1982,50.403904
1/18/1982,49.5544
1/19/1982,49.271232
1/20/1982,49.271232
1/21/1982,49.271232
1/22/1982,49.271232
1/23/1982,48.704896
1/24/1982,48.988064
1/25/1982,48.704896
1/26/1982,48.421728
1/27/1982,48.421728
1/28/1982,48.13856
1/29/1982,48.13856
1/30/1982,48.13856
1/31/1982,48.421728
2/1/1982,49.837568
2/2/1982,48.988064
2/3/1982,48.421728
2/4/1982,48.704896
2/5/1982,48.704896
2/6/1982,48.704896
2/7/1982,48.988064
2/8/1982,49.5544
2/9/1982,50.120736
2/10/1982,51.253408
2/11/1982,50.687072
2/12/1982,49.837568
2/13/1982,49.5544
2/14/1982,49.837568
2/15/1982,51.253408
2/16/1982,86.083072
2/17/1982,69.942496
2/18/1982,56.350432
2/19/1982,54.085088
2/20/1982,52.952416
2/21/1982,52.669248
2/22/1982,52.38608
2/23/1982,52.38608
2/24/1982,52.102912
2/25/1982,51.819744
2/26/1982,52.102912
2/27/1982,53.80192
2/28/1982,52.669248
3/1/1982,51.819744
3/2/1982,51.536576
3/3/1982,51.253408
3/4/1982,51.253408
3/5/1982,56.350432
3/6/1982,50.403904
3/7/1982,49.837568
3/8/1982,51.819744
3/9/1982,50.403904
3/10/1982,50.403904
3/11/1982,50.403904
3/12/1982,50.403904
3/13/1982,50.120736
3/14/1982,50.120736
3/15/1982,49.5544
3/16/1982,49.5544
3/17/1982,49.271232
3/18/1982,49.271232
3/19/1982,48.988064
3/20/1982,48.988064
3/21/1982,48.421728
3/22/1982,47.855392
3/23/1982,48.13856
3/24/1982,48.421728
3/25/1982,48.13856
3/26/1982,48.13856
3/27/1982,48.704896
3/28/1982,55.784096
3/29/1982,54.651424
3/30/1982,50.97024
3/31/1982,50.120736
4/1/1982,56.916768
4/2/1982,89.764256
4/3/1982,148.096864
4/4/1982,190.288896
4/5/1982,191.421568
4/6/1982,178.112672
4/7/1982,163.954272
4/8/1982,116.382048
4/9/1982,51.253408
4/10/1982,50.403904
4/11/1982,50.403904
4/12/1982,50.403904
4/13/1982,50.403904
4/14/1982,50.403904
4/15/1982,50.403904
4/16/1982,50.403904
4/17/1982,61.730624
4/18/1982,61.164288
4/19/1982,132.522624
4/20/1982,146.397856
4/21/1982,196.80176
4/22/1982,305.82144
4/23/1982,368.1184
4/24/1982,359.62336
4/25/1982,356.79168
4/26/1982,353.96
4/27/1982,351.12832
4/28/1982,348.29664
4/29/1982,348.29664
4/30/1982,345.46496
5/1/1982,345.46496
5/2/1982,342.63328
5/3/1982,300.15808
5/4/1982,207.845312
5/5/1982,149.795872
5/6/1982,90.61376
5/7/1982,114.116704
5/8/1982,175.56416
5/9/1982,190.855232
5/10/1982,171.599808
5/11/1982,146.681024
5/12/1982,146.114688
5/13/1982,126.00976
5/14/1982,102.506816
5/15/1982,141.584
5/16/1982,198.500768
5/17/1982,199.63344
5/18/1982,249.18784
5/19/1982,436.07872
5/20/1982,546.51424
5/21/1982,504.03904
5/22/1982,433.24704
5/23/1982,385.10848
5/24/1982,365.28672
5/25/1982,362.45504
5/26/1982,319.97984
5/27/1982,233.896768
5/28/1982,146.397856
5/29/1982,127.991936
5/30/1982,163.104768
5/31/1982,178.112672
6/1/1982,177.829504
6/2/1982,177.829504
6/3/1982,127.708768
6/4/1982,60.88112
6/5/1982,63.429632
6/6/1982,68.526656
6/7/1982,103.35632
6/8/1982,133.08896
6/9/1982,114.68304
6/10/1982,102.789984
6/11/1982,102.223648
6/12/1982,99.675136
6/13/1982,97.976128
6/14/1982,97.69296
6/15/1982,94.294944
6/16/1982,92.0296
6/17/1982,91.746432
6/18/1982,91.180096
6/19/1982,90.330592
6/20/1982,89.19792
6/21/1982,87.498912
6/22/1982,82.401888
6/23/1982,78.720704
6/24/1982,78.154368
6/25/1982,78.154368
6/26/1982,79.853376
6/27/1982,79.28704
6/28/1982,79.28704
6/29/1982,79.853376
6/30/1982,79.003872
7/1/1982,78.720704
7/2/1982,76.738528
7/3/1982,76.172192
7/4/1982,75.889024
7/5/1982,76.45536
7/6/1982,80.419712
7/7/1982,84.384064
7/8/1982,84.384064
7/9/1982,83.817728
7/10/1982,83.817728
7/11/1982,83.251392
7/12/1982,82.968224
7/13/1982,82.685056
7/14/1982,82.968224
7/15/1982,83.251392
7/16/1982,86.083072
7/17/1982,92.595936
7/18/1982,92.595936
7/19/1982,91.746432
7/20/1982,91.463264
7/21/1982,91.180096
7/22/1982,87.498912
7/23/1982,83.251392
7/24/1982,84.384064
7/25/1982,85.233568
7/26/1982,85.516736
7/27/1982,85.799904
7/28/1982,85.516736
7/29/1982,86.083072
7/30/1982,86.083072
7/31/1982,85.516736
8/1/1982,84.667232
8/2/1982,80.986048
8/3/1982,76.738528
8/4/1982,76.738528
8/5/1982,76.45536
8/6/1982,76.738528
8/7/1982,78.437536
8/8/1982,80.419712
8/9/1982,77.588032
8/10/1982,76.738528
8/11/1982,76.172192
8/12/1982,75.322688
8/13/1982,74.756352
8/14/1982,74.473184
8/15/1982,74.190016
8/16/1982,73.62368
8/17/1982,72.774176
8/18/1982,72.491008
8/19/1982,72.774176
8/20/1982,73.057344
8/21/1982,72.774176
8/22/1982,72.20784
8/23/1982,71.924672
8/24/1982,72.20784
8/25/1982,73.057344
8/26/1982,73.340512
8/27/1982,73.62368
8/28/1982,73.906848
8/29/1982,73.906848
8/30/1982,73.340512
8/31/1982,73.62368
9/1/1982,73.906848
9/2/1982,74.190016
9/3/1982,74.473184
9/4/1982,74.473184
9/5/1982,72.491008
9/6/1982,71.075168
9/7/1982,70.792
9/8/1982,70.792
9/9/1982,84.100896
9/10/1982,113.2672
9/11/1982,107.887008
9/12/1982,108.170176
9/13/1982,105.621664
9/14/1982,95.144448
9/15/1982,89.764256
9/16/1982,88.631584
9/17/1982,87.78208
9/18/1982,86.932576
9/19/1982,86.649408
9/20/1982,83.251392
9/21/1982,79.003872
9/22/1982,77.8712
9/23/1982,77.304864
9/24/1982,77.304864
9/25/1982,77.021696
9/26/1982,76.45536
9/27/1982,76.172192
9/28/1982,76.172192
9/29/1982,76.172192
9/30/1982,76.172192
10/1/1982,75.889024
10/2/1982,75.605856
10/3/1982,75.605856
10/4/1982,75.605856
10/5/1982,75.03952
10/6/1982,74.756352
10/7/1982,75.03952
10/8/1982,75.605856
10/9/1982,75.322688
10/10/1982,73.62368
10/11/1982,71.075168
10/12/1982,70.225664
10/13/1982,71.641504
10/14/1982,71.358336
10/15/1982,71.641504
10/16/1982,73.057344
10/17/1982,71.641504
10/18/1982,71.358336
10/19/1982,72.774176
10/20/1982,72.491008
10/21/1982,71.641504
10/22/1982,72.20784
10/23/1982,71.075168
10/24/1982,60.597952
10/25/1982,37.944512
10/26/1982,69.092992
10/27/1982,96.27712
10/28/1982,86.649408
10/29/1982,84.100896
10/30/1982,84.667232
10/31/1982,85.233568
11/1/1982,81.552384
11/2/1982,73.906848
11/3/1982,71.924672
11/4/1982,67.393984
11/5/1982,69.092992
11/6/1982,69.659328
11/7/1982,69.942496
11/8/1982,69.942496
11/9/1982,69.37616
11/10/1982,68.526656
11/11/1982,68.243488
11/12/1982,66.827648
11/13/1982,66.261312
11/14/1982,66.261312
11/15/1982,63.429632
11/16/1982,59.46528
11/17/1982,59.46528
11/18/1982,59.182112
11/19/1982,59.46528
11/20/1982,59.748448
11/21/1982,58.615776
11/22/1982,54.934592
11/23/1982,56.6336
11/24/1982,51.819744
11/25/1982,48.421728
11/26/1982,48.704896
11/27/1982,71.924672
11/28/1982,136.770144
11/29/1982,159.706752
11/30/1982,155.176064
12/1/1982,200.482944
12/2/1982,235.312608
12/3/1982,269.859104
12/4/1982,265.894752
12/5/1982,220.87104
12/6/1982,176.98
12/7/1982,159.706752
12/8/1982,158.57408
12/9/1982,139.318656
12/10/1982,99.1088
12/11/1982,80.419712
12/12/1982,81.835552
12/13/1982,67.393984
12/14/1982,50.687072
12/15/1982,97.976128
12/16/1982,158.57408
12/17/1982,163.387936
12/18/1982,161.972096
12/19/1982,160.839424
12/20/1982,154.32656
12/21/1982,117.797888
12/22/1982,94.011776
12/23/1982,93.162272
12/24/1982,101.090976
12/25/1982,109.302848
12/26/1982,239.843296
12/27/1982,506.87072
12/28/1982,586.15776
12/29/1982,495.544
12/30/1982,376.61344
12/31/1982,265.045248
1/1/1983,261.364064
1/2/1983,265.611584
1/3/1983,317.14816
1/4/1983,419.08864
1/5/1983,450.23712
1/6/1983,450.23712
1/7/1983,450.23712
1/8/1983,450.23712
1/9/1983,436.07872
1/10/1983,407.76192
1/11/1983,362.45504
1/12/1983,359.62336
1/13/1983,356.79168
1/14/1983,331.30656
1/15/1983,278.354144
1/16/1983,275.522464
1/17/1983,238.993792
1/18/1983,168.768128
1/19/1983,165.086944
1/20/1983,164.803776
1/21/1983,165.086944
1/22/1983,164.803776
1/23/1983,163.954272
1/24/1983,163.954272
1/25/1983,164.520608
1/26/1983,163.671104
1/27/1983,163.671104
1/28/1983,142.433504
1/29/1983,108.736512
1/30/1983,106.188
1/31/1983,106.188
2/1/1983,152.627552
2/2/1983,174.14832
2/3/1983,165.086944
2/4/1983,176.696832
2/5/1983,209.827488
2/6/1983,288.83136
2/7/1983,362.45504
2/8/1983,359.62336
2/9/1983,362.45504
2/10/1983,396.4352
2/11/1983,379.44512
2/12/1983,365.28672
2/13/1983,359.62336
2/14/1983,353.96
2/15/1983,351.12832
2/16/1983,359.62336
2/17/1983,393.60352
2/18/1983,416.25696
2/19/1983,421.92032
2/20/1983,421.92032
2/21/1983,427.58368
2/22/1983,436.07872
2/23/1983,441.74208
2/24/1983,455.90048
2/25/1983,455.90048
2/26/1983,455.90048
2/27/1983,453.0688
2/28/1983,453.0688
3/1/1983,450.23712
3/2/1983,447.40544
3/3/1983,441.74208
3/4/1983,438.9104
3/5/1983,447.40544
3/6/1983,447.40544
3/7/1983,441.74208
3/8/1983,438.9104
3/9/1983,438.9104
3/10/1983,436.07872
3/11/1983,436.07872
3/12/1983,438.9104
3/13/1983,438.9104
3/14/1983,441.74208
3/15/1983,441.74208
3/16/1983,444.57376
3/17/1983,444.57376
3/18/1983,430.41536
3/19/1983,393.60352
3/20/1983,390.77184
3/21/1983,396.4352
3/22/1983,402.09856
3/23/1983,413.42528
3/24/1983,453.0688
3/25/1983,438.9104
3/26/1983,407.76192
3/27/1983,390.77184
3/28/1983,385.10848
3/29/1983,382.2768
3/30/1983,390.77184
3/31/1983,393.60352
4/1/1983,373.78176
4/2/1983,362.45504
4/3/1983,365.28672
4/4/1983,365.28672
4/5/1983,393.60352
4/6/1983,444.57376
4/7/1983,458.73216
4/8/1983,438.9104
4/9/1983,393.60352
4/10/1983,387.94016
4/11/1983,370.95008
4/12/1983,342.63328
4/13/1983,308.65312
4/14/1983,221.720544
4/15/1983,175.56416
4/16/1983,156.025568
4/17/1983,155.7424
4/18/1983,156.025568
4/19/1983,127.708768
4/20/1983,70.792
4/21/1983,65.411808
4/22/1983,55.784096
4/23/1983,54.651424
4/24/1983,54.368256
4/25/1983,54.368256
4/26/1983,54.368256
4/27/1983,54.085088
4/28/1983,53.80192
4/29/1983,53.235584
4/30/1983,57.766272
5/1/1983,62.863296
5/2/1983,62.863296
5/3/1983,62.580128
5/4/1983,62.29696
5/5/1983,62.013792
5/6/1983,62.013792
5/7/1983,62.29696
5/8/1983,52.952416
5/9/1983,37.378176
5/10/1983,71.641504
5/11/1983,79.853376
5/12/1983,76.738528
5/13/1983,74.756352
5/14/1983,74.190016
5/15/1983,86.36624
5/16/1983,167.06912
5/17/1983,210.676992
5/18/1983,187.457216
5/19/1983,150.07904
5/20/1983,245.223488
5/21/1983,492.71232
5/22/1983,588.98944
5/23/1983,509.7024
5/24/1983,458.73216
5/25/1983,430.41536
5/26/1983,424.752
5/27/1983,421.92032
5/28/1983,419.08864
5/29/1983,416.25696
5/30/1983,416.25696
5/31/1983,416.25696
6/1/1983,413.42528
6/2/1983,413.42528
6/3/1983,413.42528
6/4/1983,413.42528
6/5/1983,413.42528
6/6/1983,413.42528
6/7/1983,419.08864
6/8/1983,419.08864
6/9/1983,430.41536
6/10/1983,447.40544
6/11/1983,427.58368
6/12/1983,427.58368
6/13/1983,427.58368
6/14/1983,427.58368
6/15/1983,424.752
6/16/1983,424.752
6/17/1983,424.752
6/18/1983,421.92032
6/19/1983,410.5936
6/20/1983,390.77184
6/21/1983,387.94016
6/22/1983,379.44512
6/23/1983,365.28672
6/24/1983,368.1184
6/25/1983,368.1184
6/26/1983,370.95008
6/27/1983,370.95008
6/28/1983,353.96
6/29/1983,342.63328
6/30/1983,336.96992
7/1/1983,319.97984
7/2/1983,302.98976
7/3/1983,283.168
7/4/1983,230.78192
7/5/1983,201.615616
7/6/1983,199.63344
7/7/1983,198.783936
7/8/1983,186.324544
7/9/1983,173.298816
7/10/1983,165.65328
7/11/1983,141.300832
7/12/1983,113.833536
7/13/1983,104.205824
7/14/1983,102.506816
7/15/1983,94.294944
7/16/1983,93.44544
7/17/1983,93.162272
7/18/1983,92.312768
7/19/1983,92.595936
7/20/1983,92.0296
7/21/1983,91.746432
7/22/1983,94.578112
7/23/1983,97.69296
7/24/1983,97.409792
7/25/1983,92.0296
7/26/1983,86.649408
7/27/1983,86.083072
7/28/1983,86.083072
7/29/1983,86.083072
7/30/1983,86.083072
7/31/1983,85.516736
8/1/1983,84.9504
8/2/1983,84.667232
8/3/1983,85.516736
8/4/1983,88.631584
8/5/1983,86.36624
8/6/1983,85.516736
8/7/1983,90.047424
8/8/1983,111.285024
8/9/1983,108.453344
8/10/1983,99.1088
8/11/1983,92.879104
8/12/1983,91.463264
8/13/1983,88.348416
8/14/1983,86.36624
8/15/1983,84.667232
8/16/1983,78.720704
8/17/1983,115.532544
8/18/1983,154.609728
8/19/1983,162.255264
8/20/1983,145.265184
8/21/1983,120.3464
8/22/1983,92.595936
8/23/1983,73.62368
8/24/1983,73.057344
8/25/1983,73.62368
8/26/1983,74.190016
8/27/1983,73.340512
8/28/1983,73.057344
8/29/1983,72.774176
8/30/1983,72.491008
8/31/1983,71.924672
9/1/1983,71.924672
9/2/1983,71.924672
9/3/1983,71.924672
9/4/1983,71.358336
9/5/1983,71.075168
9/6/1983,70.508832
9/7/1983,70.508832
9/8/1983,70.792
9/9/1983,70.792
9/10/1983,70.792
9/11/1983,70.792
9/12/1983,71.075168
9/13/1983,71.075168
9/14/1983,70.508832
9/15/1983,69.942496
9/16/1983,69.942496
9/17/1983,69.659328
9/18/1983,70.225664
9/19/1983,73.057344
9/20/1983,85.233568
9/21/1983,71.641504
9/22/1983,49.837568
9/23/1983,45.30688
9/24/1983,43.89104
9/25/1983,43.324704
9/26/1983,43.041536
9/27/1983,42.4752
9/28/1983,42.192032
9/29/1983,42.192032
9/30/1983,45.30688
10/1/1983,48.988064
10/2/1983,49.271232
10/3/1983,48.988064
10/4/1983,48.988064
10/5/1983,52.952416
10/6/1983,59.182112
10/7/1983,59.46528
10/8/1983,59.182112
10/9/1983,58.898944
10/10/1983,58.615776
10/11/1983,58.898944
10/12/1983,59.182112
10/13/1983,58.898944
10/14/1983,59.182112
10/15/1983,58.615776
10/16/1983,58.332608
10/17/1983,65.694976
10/18/1983,76.172192
10/19/1983,75.03952
10/20/1983,72.491008
10/21/1983,72.20784
10/22/1983,72.20784
10/23/1983,72.20784
10/24/1983,71.924672
10/25/1983,71.075168
10/26/1983,71.075168
10/27/1983,71.641504
10/28/1983,72.20784
10/29/1983,71.924672
10/30/1983,71.358336
10/31/1983,71.075168
11/1/1983,71.075168
11/2/1983,71.075168
11/3/1983,71.075168
11/4/1983,70.792
11/5/1983,71.358336
11/6/1983,72.20784
11/7/1983,72.491008
11/8/1983,71.924672
11/9/1983,71.641504
11/10/1983,71.924672
11/11/1983,72.20784
11/12/1983,72.20784
11/13/1983,71.358336
11/14/1983,68.526656
11/15/1983,64.279136
11/16/1983,64.279136
11/17/1983,64.562304
11/18/1983,64.845472
11/19/1983,65.12864
11/20/1983,70.225664
11/21/1983,67.96032
11/22/1983,65.694976
11/23/1983,69.942496
11/24/1983,70.225664
11/25/1983,67.96032
11/26/1983,66.827648
11/27/1983,103.35632
11/28/1983,137.053312
11/29/1983,91.180096
11/30/1983,67.96032
12/1/1983,67.96032
12/2/1983,68.526656
12/3/1983,83.53456
12/4/1983,129.407776
12/5/1983,152.91072
12/6/1983,191.421568
12/7/1983,165.086944
12/8/1983,130.25728
12/9/1983,119.213728
12/10/1983,111.285024
12/11/1983,158.857248
12/12/1983,190.572064
12/13/1983,183.776032
12/14/1983,181.22752
12/15/1983,161.972096
12/16/1983,141.867168
12/17/1983,135.354304
12/18/1983,117.51472
12/19/1983,110.43552
12/20/1983,109.586016
12/21/1983,110.718688
12/22/1983,144.41568
12/23/1983,207.562144
12/24/1983,221.437376
12/25/1983,221.154208
12/26/1983,220.587872
12/27/1983,208.694816
12/28/1983,169.617632
12/29/1983,115.815712
12/30/1983,79.28704
12/31/1983,85.516736
1/1/1984,93.44544
1/2/1984,80.70288
1/3/1984,65.411808
1/4/1984,59.748448
1/5/1984,58.898944
1/6/1984,58.615776
1/7/1984,58.332608
1/8/1984,57.766272
1/9/1984,63.146464
1/10/1984,114.966208
1/11/1984,153.760224
1/12/1984,148.380032
1/13/1984,132.805792
1/14/1984,103.073152
1/15/1984,90.61376
1/16/1984,91.180096
1/17/1984,89.481088
1/18/1984,87.498912
1/19/1984,82.11872
1/20/1984,63.429632
1/21/1984,53.235584
1/22/1984,52.952416
1/23/1984,54.651424
1/24/1984,111.001856
1/25/1984,138.185984
1/26/1984,130.540448
1/27/1984,127.4256
1/28/1984,115.249376
1/29/1984,81.835552
1/30/1984,58.898944
1/31/1984,58.04944
2/1/1984,57.766272
2/2/1984,57.766272
2/3/1984,57.766272
2/4/1984,58.04944
2/5/1984,56.916768
2/6/1984,56.350432
2/7/1984,56.350432
2/8/1984,56.350432
2/9/1984,56.916768
2/10/1984,63.146464
2/11/1984,62.580128
2/12/1984,393.60352
2/13/1984,693.7616
2/14/1984,526.69248
2/15/1984,470.05888
2/16/1984,444.57376
2/17/1984,399.26688
2/18/1984,345.46496
2/19/1984,353.96
2/20/1984,368.1184
2/21/1984,370.95008
2/22/1984,370.95008
2/23/1984,368.1184
2/24/1984,348.29664
2/25/1984,319.97984
2/26/1984,319.97984
2/27/1984,353.96
2/28/1984,382.2768
2/29/1984,362.45504
3/1/1984,342.63328
3/2/1984,342.63328
3/3/1984,342.63328
3/4/1984,342.63328
3/5/1984,407.76192
3/6/1984,487.04896
3/7/1984,444.57376
3/8/1984,402.09856
3/9/1984,399.26688
3/10/1984,410.5936
3/11/1984,421.92032
3/12/1984,421.92032
3/13/1984,421.92032
3/14/1984,424.752
3/15/1984,424.752
3/16/1984,424.752
3/17/1984,424.752
3/18/1984,427.58368
3/19/1984,430.41536
3/20/1984,438.9104
3/21/1984,441.74208
3/22/1984,441.74208
3/23/1984,438.9104
3/24/1984,438.9104
3/25/1984,436.07872
3/26/1984,419.08864
3/27/1984,387.94016
3/28/1984,373.78176
3/29/1984,370.95008
3/30/1984,351.12832
3/31/1984,297.3264
4/1/1984,248.621504
4/2/1984,244.373984
4/3/1984,248.338336
4/4/1984,247.205664
4/5/1984,244.373984
4/6/1984,226.5344
4/7/1984,178.39584
4/8/1984,161.688928
4/9/1984,122.611744
4/10/1984,81.835552
4/11/1984,83.53456
4/12/1984,82.685056
4/13/1984,79.853376
4/14/1984,77.588032
4/15/1984,77.021696
4/16/1984,76.738528
4/17/1984,105.338496
4/18/1984,135.071136
4/19/1984,136.203808
4/20/1984,136.203808
4/21/1984,135.637472
4/22/1984,134.787968
4/23/1984,134.787968
4/24/1984,113.550368
4/25/1984,91.180096
4/26/1984,90.047424
4/27/1984,89.764256
4/28/1984,89.481088
4/29/1984,89.764256
4/30/1984,88.914752
5/1/1984,88.914752
5/2/1984,88.631584
5/3/1984,88.065248
5/4/1984,88.065248
5/5/1984,88.065248
5/6/1984,87.78208
5/7/1984,87.78208
5/8/1984,87.78208
5/9/1984,87.498912
5/10/1984,87.215744
5/11/1984,87.78208
5/12/1984,87.78208
5/13/1984,87.78208
5/14/1984,87.215744
5/15/1984,87.215744
5/16/1984,87.215744
5/17/1984,86.649408
5/18/1984,86.932576
5/19/1984,87.498912
5/20/1984,89.764256
5/21/1984,91.746432
5/22/1984,147.813696
5/23/1984,188.30672
5/24/1984,173.865152
5/25/1984,171.31664
5/26/1984,148.380032
5/27/1984,109.302848
5/28/1984,92.595936
5/29/1984,91.463264
5/30/1984,90.896928
5/31/1984,90.61376
6/1/1984,90.61376
6/2/1984,90.61376
6/3/1984,90.330592
6/4/1984,91.746432
6/5/1984,98.259296
6/6/1984,98.825632
6/7/1984,99.675136
6/8/1984,99.675136
6/9/1984,99.1088
6/10/1984,99.1088
6/11/1984,99.391968
6/12/1984,99.675136
6/13/1984,99.958304
6/14/1984,99.675136
6/15/1984,99.391968
6/16/1984,99.391968
6/17/1984,98.259296
6/18/1984,97.126624
6/19/1984,96.843456
6/20/1984,96.843456
6/21/1984,97.409792
6/22/1984,97.69296
6/23/1984,97.69296
6/24/1984,96.843456
6/25/1984,96.560288
6/26/1984,95.427616
6/27/1984,94.011776
6/28/1984,92.312768
6/29/1984,92.879104
6/30/1984,93.162272
7/1/1984,92.595936
7/2/1984,92.595936
7/3/1984,93.162272
7/4/1984,93.44544
7/5/1984,94.011776
7/6/1984,94.011776
7/7/1984,94.011776
7/8/1984,94.011776
7/9/1984,94.294944
7/10/1984,94.294944
7/11/1984,94.578112
7/12/1984,94.578112
7/13/1984,94.86128
7/14/1984,94.294944
7/15/1984,94.294944
7/16/1984,94.011776
7/17/1984,94.011776
7/18/1984,94.011776
7/19/1984,94.294944
7/20/1984,94.294944
7/21/1984,94.294944
7/22/1984,94.294944
7/23/1984,92.312768
7/24/1984,88.914752
7/25/1984,88.348416
7/26/1984,88.631584
7/27/1984,88.914752
7/28/1984,89.481088
7/29/1984,89.481088
7/30/1984,88.631584
7/31/1984,87.498912
8/1/1984,86.649408
8/2/1984,85.233568
8/3/1984,85.233568
8/4/1984,84.9504
8/5/1984,84.9504
8/6/1984,85.799904
8/7/1984,86.36624
8/8/1984,86.083072
8/9/1984,86.083072
8/10/1984,86.36624
8/11/1984,86.36624
8/12/1984,86.36624
8/13/1984,86.36624
8/14/1984,86.083072
8/15/1984,86.36624
8/16/1984,86.36624
8/17/1984,86.36624
8/18/1984,86.36624
8/19/1984,86.36624
8/20/1984,84.384064
8/21/1984,80.136544
8/22/1984,79.853376
8/23/1984,79.853376
8/24/1984,79.853376
8/25/1984,79.28704
8/26/1984,78.437536
8/27/1984,77.588032
8/28/1984,77.021696
8/29/1984,77.021696
8/30/1984,77.304864
8/31/1984,77.588032
9/1/1984,77.588032
9/2/1984,78.154368
9/3/1984,77.8712
9/4/1984,77.588032
9/5/1984,77.021696
9/6/1984,77.304864
9/7/1984,77.588032
9/8/1984,77.588032
9/9/1984,77.304864
9/10/1984,77.021696
9/11/1984,76.738528
9/12/1984,76.738528
9/13/1984,78.154368
9/14/1984,77.588032
9/15/1984,77.304864
9/16/1984,76.738528
9/17/1984,76.45536
9/18/1984,76.172192
9/19/1984,76.172192
9/20/1984,76.172192
9/21/1984,77.304864
9/22/1984,78.437536
9/23/1984,78.154368
9/24/1984,77.588032
9/25/1984,77.304864
9/26/1984,79.28704
9/27/1984,82.968224
9/28/1984,78.154368
9/29/1984,75.889024
9/30/1984,75.03952
10/1/1984,74.756352
10/2/1984,74.190016
10/3/1984,74.190016
10/4/1984,75.03952
10/5/1984,74.190016
10/6/1984,74.473184
10/7/1984,74.756352
10/8/1984,74.756352
10/9/1984,74.473184
10/10/1984,74.756352
10/11/1984,75.03952
10/12/1984,75.322688
10/13/1984,75.605856
10/14/1984,75.605856
10/15/1984,69.659328
10/16/1984,58.898944
10/17/1984,58.615776
10/18/1984,58.615776
10/19/1984,80.419712
10/20/1984,112.417696
10/21/1984,197.368096
10/22/1984,300.15808
10/23/1984,285.99968
10/24/1984,226.817568
10/25/1984,190.572064
10/26/1984,188.30672
10/27/1984,176.130496
10/28/1984,143.566176
10/29/1984,116.948384
10/30/1984,102.223648
10/31/1984,101.94048
11/1/1984,102.223648
11/2/1984,103.073152
11/3/1984,104.205824
11/4/1984,119.496896
11/5/1984,161.40576
11/6/1984,191.1384
11/7/1984,197.934432
11/8/1984,207.278976
11/9/1984,206.71264
11/10/1984,197.934432
11/11/1984,174.14832
11/12/1984,132.805792
11/13/1984,83.817728
11/14/1984,62.580128
11/15/1984,56.6336
11/16/1984,53.235584
11/17/1984,53.235584
11/18/1984,52.952416
11/19/1984,52.669248
11/20/1984,52.952416
11/21/1984,52.38608
11/22/1984,52.38608
11/23/1984,52.38608
11/24/1984,52.102912
11/25/1984,52.102912
11/26/1984,52.102912
11/27/1984,54.085088
11/28/1984,55.21776
11/29/1984,52.952416
11/30/1984,51.819744
12/1/1984,51.819744
12/2/1984,51.253408
12/3/1984,51.253408
12/4/1984,52.38608
12/5/1984,55.21776
12/6/1984,56.067264
12/7/1984,51.536576
12/8/1984,49.837568
12/9/1984,49.271232
12/10/1984,48.988064
12/11/1984,48.704896
12/12/1984,48.704896
12/13/1984,48.988064
12/14/1984,56.067264
12/15/1984,53.518752
12/16/1984,49.837568
12/17/1984,49.837568
12/18/1984,49.837568
12/19/1984,48.704896
12/20/1984,52.102912
12/21/1984,61.447456
12/22/1984,66.54448
12/23/1984,67.110816
12/24/1984,71.641504
12/25/1984,77.304864
12/26/1984,77.588032
12/27/1984,77.588032
12/28/1984,69.942496
12/29/1984,53.235584
12/30/1984,52.102912
12/31/1984,52.38608
1/1/1985,53.235584
1/2/1985,69.092992
1/3/1985,103.073152
1/4/1985,118.081056
1/5/1985,118.647392
1/6/1985,118.081056
1/7/1985,117.51472
1/8/1985,103.922656
1/9/1985,88.631584
1/10/1985,85.799904
1/11/1985,84.384064
1/12/1985,84.667232
1/13/1985,84.9504
1/14/1985,76.45536
1/15/1985,61.447456
1/16/1985,54.085088
1/17/1985,48.13856
1/18/1985,48.704896
1/19/1985,48.13856
1/20/1985,48.988064
1/21/1985,69.092992
1/22/1985,105.621664
1/23/1985,142.99984
1/24/1985,144.982016
1/25/1985,144.982016
1/26/1985,144.982016
1/27/1985,165.086944
1/28/1985,223.136384
1/29/1985,191.987904
1/30/1985,154.892896
1/31/1985,138.469152
2/1/1985,104.488992
2/2/1985,85.233568
2/3/1985,69.37616
2/4/1985,54.934592
2/5/1985,54.651424
2/6/1985,54.934592
2/7/1985,54.085088
2/8/1985,53.80192
2/9/1985,53.235584
2/10/1985,53.518752
2/11/1985,116.382048
2/12/1985,171.033472
2/13/1985,186.89088
2/14/1985,218.322528
2/15/1985,243.241312
2/16/1985,265.045248
2/17/1985,280.902656
2/18/1985,261.080896
2/19/1985,246.922496
2/20/1985,277.50464
2/21/1985,278.92048
2/22/1985,278.637312
2/23/1985,253.718528
2/24/1985,259.948224
2/25/1985,279.203648
2/26/1985,285.99968
2/27/1985,291.66304
2/28/1985,291.66304
3/1/1985,311.4848
3/2/1985,356.79168
3/3/1985,368.1184
3/4/1985,365.28672
3/5/1985,362.45504
3/6/1985,348.29664
3/7/1985,334.13824
3/8/1985,319.97984
3/9/1985,294.49472
3/10/1985,274.67296
3/11/1985,253.43536
3/12/1985,245.223488
3/13/1985,245.506656
3/14/1985,245.223488
3/15/1985,245.223488
3/16/1985,244.94032
3/17/1985,244.657152
3/18/1985,244.657152
3/19/1985,244.94032
3/20/1985,252.585856
3/21/1985,278.637312
3/22/1985,281.468992
3/23/1985,277.221472
3/24/1985,276.938304
3/25/1985,268.160096
3/26/1985,254.001696
3/27/1985,257.116544
3/28/1985,261.9304
3/29/1985,259.381888
3/30/1985,266.744256
3/31/1985,265.328416
4/1/1985,263.063072
4/2/1985,261.9304
4/3/1985,261.364064
4/4/1985,261.9304
4/5/1985,265.045248
4/6/1985,276.0888
4/7/1985,314.31648
4/8/1985,351.12832
4/9/1985,353.96
4/10/1985,353.96
4/11/1985,353.96
4/12/1985,353.96
4/13/1985,353.96
4/14/1985,353.96
4/15/1985,353.96
4/16/1985,353.96
4/17/1985,351.12832
4/18/1985,322.81152
4/19/1985,224.269056
4/20/1985,158.290912
4/21/1985,125.443424
4/22/1985,92.879104
4/23/1985,81.269216
4/24/1985,67.96032
4/25/1985,91.463264
4/26/1985,138.185984
4/27/1985,161.972096
4/28/1985,160.556256
4/29/1985,158.857248
4/30/1985,157.724576
5/1/1985,156.308736
5/2/1985,156.025568
5/3/1985,156.025568
5/4/1985,155.459232
5/5/1985,155.459232
5/6/1985,139.884992
5/7/1985,122.894912
5/8/1985,122.328576
5/9/1985,123.17808
5/10/1985,122.894912
5/11/1985,137.619648
5/12/1985,168.48496
5/13/1985,185.47504
5/14/1985,185.758208
5/15/1985,185.758208
5/16/1985,185.47504
5/17/1985,185.47504
5/18/1985,185.758208
5/19/1985,185.758208
5/20/1985,186.041376
5/21/1985,186.607712
5/22/1985,168.48496
5/23/1985,141.017664
5/24/1985,139.884992
5/25/1985,139.035488
5/26/1985,139.035488
5/27/1985,138.75232
5/28/1985,138.75232
5/29/1985,138.469152
5/30/1985,125.443424
5/31/1985,93.728608
6/1/1985,92.312768
6/2/1985,92.0296
6/3/1985,91.746432
6/4/1985,91.746432
6/5/1985,91.746432
6/6/1985,91.746432
6/7/1985,91.180096
6/8/1985,90.896928
6/9/1985,90.896928
6/10/1985,90.896928
6/11/1985,91.180096
6/12/1985,91.180096
6/13/1985,90.896928
6/14/1985,90.61376
6/15/1985,90.330592
6/16/1985,90.330592
6/17/1985,90.330592
6/18/1985,90.896928
6/19/1985,91.463264
6/20/1985,90.896928
6/21/1985,90.330592
6/22/1985,89.764256
6/23/1985,88.914752
6/24/1985,88.348416
6/25/1985,88.631584
6/26/1985,88.914752
6/27/1985,89.481088
6/28/1985,89.481088
6/29/1985,89.764256
6/30/1985,90.047424
7/1/1985,90.330592
7/2/1985,92.0296
7/3/1985,95.427616
7/4/1985,94.578112
7/5/1985,94.578112
7/6/1985,94.011776
7/7/1985,94.011776
7/8/1985,93.728608
7/9/1985,93.44544
7/10/1985,93.44544
7/11/1985,93.162272
7/12/1985,92.879104
7/13/1985,93.162272
7/14/1985,92.879104
7/15/1985,92.879104
7/16/1985,92.879104
7/17/1985,95.427616
7/18/1985,94.011776
7/19/1985,93.162272
7/20/1985,95.144448
7/21/1985,94.86128
7/22/1985,91.746432
7/23/1985,87.498912
7/24/1985,87.498912
7/25/1985,87.215744
7/26/1985,86.36624
7/27/1985,85.799904
7/28/1985,85.233568
7/29/1985,84.667232
7/30/1985,84.9504
7/31/1985,85.233568
8/1/1985,85.516736
8/2/1985,85.516736
8/3/1985,86.083072
8/4/1985,86.36624
8/5/1985,86.932576
8/6/1985,86.649408
8/7/1985,86.36624
8/8/1985,87.215744
8/9/1985,86.649408
8/10/1985,86.083072
8/11/1985,86.083072
8/12/1985,86.36624
8/13/1985,86.36624
8/14/1985,89.764256
8/15/1985,101.090976
8/16/1985,98.259296
8/17/1985,86.083072
8/18/1985,84.9504
8/19/1985,83.817728
8/20/1985,83.817728
8/21/1985,83.817728
8/22/1985,83.251392
8/23/1985,83.251392
8/24/1985,84.100896
8/25/1985,84.100896
8/26/1985,84.384064
8/27/1985,84.100896
8/28/1985,84.100896
8/29/1985,84.100896
8/30/1985,84.100896
8/31/1985,84.100896
9/1/1985,84.384064
9/2/1985,84.384064
9/3/1985,84.9504
9/4/1985,85.516736
9/5/1985,85.799904
9/6/1985,84.384064
9/7/1985,79.003872
9/8/1985,78.437536
9/9/1985,78.720704
9/10/1985,79.28704
9/11/1985,79.28704
9/12/1985,79.28704
9/13/1985,79.570208
9/14/1985,79.003872
9/15/1985,78.720704
9/16/1985,78.154368
9/17/1985,78.154368
9/18/1985,78.154368
9/19/1985,78.154368
9/20/1985,77.8712
9/21/1985,78.154368
9/22/1985,77.588032
9/23/1985,77.021696
9/24/1985,77.304864
9/25/1985,77.588032
9/26/1985,78.437536
9/27/1985,79.570208
9/28/1985,78.720704
9/29/1985,78.720704
9/30/1985,79.28704
10/1/1985,79.28704
10/2/1985,78.437536
10/3/1985,78.437536
10/4/1985,78.437536
10/5/1985,78.154368
10/6/1985,78.437536
10/7/1985,78.154368
10/8/1985,77.588032
10/9/1985,77.588032
10/10/1985,77.588032
10/11/1985,77.588032
10/12/1985,77.588032
10/13/1985,77.304864
10/14/1985,77.021696
10/15/1985,78.154368
10/16/1985,80.136544
10/17/1985,79.003872
10/18/1985,76.45536
10/19/1985,69.942496
10/20/1985,69.659328
10/21/1985,69.37616
10/22/1985,70.225664
10/23/1985,70.225664
10/24/1985,70.225664
10/25/1985,70.225664
10/26/1985,70.225664
10/27/1985,70.225664
10/28/1985,152.627552
10/29/1985,311.4848
10/30/1985,251.736352
10/31/1985,281.185824
11/1/1985,259.09872
11/2/1985,184.342368
11/3/1985,121.76224
11/4/1985,89.19792
11/5/1985,72.774176
11/6/1985,71.924672
11/7/1985,71.641504
11/8/1985,71.641504
11/9/1985,71.641504
11/10/1985,71.358336
11/11/1985,71.358336
11/12/1985,72.20784
11/13/1985,72.774176
11/14/1985,72.491008
11/15/1985,72.491008
11/16/1985,76.738528
11/17/1985,77.021696
11/18/1985,73.906848
11/19/1985,83.251392
11/20/1985,116.09888
11/21/1985,125.160256
11/22/1985,67.96032
11/23/1985,44.174208
11/24/1985,62.29696
11/25/1985,138.75232
11/26/1985,176.98
11/27/1985,174.714656
11/28/1985,181.793856
11/29/1985,176.696832
11/30/1985,163.387936
12/1/1985,167.635456
12/2/1985,188.873056
12/3/1985,188.589888
12/4/1985,221.437376
12/5/1985,267.027424
12/6/1985,280.902656
12/7/1985,280.33632
12/8/1985,270.142272
12/9/1985,251.453184
12/10/1985,217.473024
12/11/1985,184.342368
12/12/1985,231.631424
12/13/1985,305.82144
12/14/1985,348.29664
12/15/1985,336.96992
12/16/1985,308.65312
12/17/1985,260.797728
12/18/1985,237.577952
12/19/1985,235.878944
12/20/1985,235.595776
12/21/1985,235.02944
12/22/1985,234.179936
12/23/1985,205.013632
12/24/1985,161.122592
12/25/1985,156.308736
12/26/1985,151.211712
12/27/1985,124.027584
12/28/1985,99.1088
12/29/1985,97.976128
12/30/1985,97.976128
12/31/1985,97.69296
1/1/1986,97.976128
1/2/1986,105.621664
1/3/1986,122.045408
1/4/1986,130.540448
1/5/1986,130.540448
1/6/1986,130.540448
1/7/1986,130.823616
1/8/1986,130.25728
1/9/1986,128.558272
1/10/1986,122.045408
1/11/1986,113.2672
1/12/1986,111.85136
1/13/1986,97.976128
1/14/1986,79.28704
1/15/1986,78.720704
1/16/1986,78.720704
1/17/1986,78.720704
1/18/1986,78.720704
1/19/1986,78.437536
1/20/1986,78.154368
1/21/1986,78.154368
1/22/1986,77.8712
1/23/1986,77.588032
1/24/1986,78.154368
1/25/1986,77.588032
1/26/1986,77.021696
1/27/1986,77.021696
1/28/1986,77.588032
1/29/1986,77.8712
1/30/1986,77.588032
1/31/1986,77.588032
2/1/1986,77.588032
2/2/1986,77.021696
2/3/1986,76.738528
2/4/1986,139.035488
2/5/1986,274.67296
2/6/1986,351.12832
2/7/1986,311.4848
2/8/1986,283.168
2/9/1986,259.665056
2/10/1986,233.330432
2/11/1986,203.88096
2/12/1986,202.748288
2/13/1986,244.090816
2/14/1986,261.647232
2/15/1986,264.195744
2/16/1986,276.938304
2/17/1986,291.66304
2/18/1986,294.49472
2/19/1986,261.364064
2/20/1986,211.243328
2/21/1986,208.411648
2/22/1986,208.12848
2/23/1986,207.278976
2/24/1986,206.71264
2/25/1986,211.243328
2/26/1986,213.508672
2/27/1986,213.225504
2/28/1986,212.659168
3/1/1986,211.526496
3/2/1986,212.092832
3/3/1986,177.263168
3/4/1986,114.399872
3/5/1986,88.065248
3/6/1986,69.092992
3/7/1986,68.243488
3/8/1986,67.96032
3/9/1986,67.96032
3/10/1986,65.694976
3/11/1986,62.863296
3/12/1986,64.279136
3/13/1986,66.54448
3/14/1986,63.995968
3/15/1986,63.429632
3/16/1986,62.863296
3/17/1986,62.863296
3/18/1986,63.146464
3/19/1986,62.863296
3/20/1986,62.863296
3/21/1986,62.863296
3/22/1986,63.146464
3/23/1986,63.429632
3/24/1986,63.429632
3/25/1986,63.429632
3/26/1986,62.863296
3/27/1986,62.013792
3/28/1986,62.29696
3/29/1986,62.013792
3/30/1986,62.013792
3/31/1986,62.013792
4/1/1986,62.013792
4/2/1986,61.730624
4/3/1986,70.225664
4/4/1986,79.003872
4/5/1986,79.003872
4/6/1986,78.437536
4/7/1986,77.8712
4/8/1986,78.154368
4/9/1986,78.154368
4/10/1986,79.28704
4/11/1986,79.570208
4/12/1986,79.570208
4/13/1986,79.28704
4/14/1986,78.720704
4/15/1986,78.154368
4/16/1986,78.154368
4/17/1986,78.720704
4/18/1986,79.853376
4/19/1986,84.100896
4/20/1986,109.302848
4/21/1986,125.443424
4/22/1986,103.35632
4/23/1986,82.11872
4/24/1986,78.154368
4/25/1986,80.70288
4/26/1986,84.9504
4/27/1986,85.233568
4/28/1986,85.799904
4/29/1986,98.542464
4/30/1986,124.310752
5/1/1986,136.486976
5/2/1986,184.342368
5/3/1986,271.274944
5/4/1986,268.726432
5/5/1986,252.585856
5/6/1986,230.498752
5/7/1986,192.55424
5/8/1986,191.421568
5/9/1986,191.421568
5/10/1986,190.855232
5/11/1986,189.72256
5/12/1986,167.918624
5/13/1986,146.114688
5/14/1986,162.538432
5/15/1986,178.962176
5/16/1986,177.829504
5/17/1986,178.112672
5/18/1986,179.81168
5/19/1986,180.661184
5/20/1986,195.952256
5/21/1986,216.62352
5/22/1986,216.62352
5/23/1986,216.340352
5/24/1986,216.340352
5/25/1986,216.906688
5/26/1986,245.789824
5/27/1986,276.655136
5/28/1986,277.787808
5/29/1986,245.223488
5/30/1986,256.550208
5/31/1986,282.884832
6/1/1986,305.82144
6/2/1986,319.97984
6/3/1986,319.97984
6/4/1986,353.96
6/5/1986,387.94016
6/6/1986,390.77184
6/7/1986,387.94016
6/8/1986,399.26688
6/9/1986,438.9104
6/10/1986,430.41536
6/11/1986,424.752
6/12/1986,421.92032
6/13/1986,413.42528
6/14/1986,407.76192
6/15/1986,404.93024
6/16/1986,402.09856
6/17/1986,402.09856
6/18/1986,365.28672
6/19/1986,322.81152
6/20/1986,317.14816
6/21/1986,317.14816
6/22/1986,317.14816
6/23/1986,317.14816
6/24/1986,317.14816
6/25/1986,317.14816
6/26/1986,325.6432
6/27/1986,390.77184
6/28/1986,373.78176
6/29/1986,288.83136
6/30/1986,255.134368
7/1/1986,245.223488
7/2/1986,220.87104
7/3/1986,202.748288
7/4/1986,203.597792
7/5/1986,203.597792
7/6/1986,204.164128
7/7/1986,204.164128
7/8/1986,234.179936
7/9/1986,279.769984
7/10/1986,294.49472
7/11/1986,311.4848
7/12/1986,308.65312
7/13/1986,308.65312
7/14/1986,302.98976
7/15/1986,294.49472
7/16/1986,288.83136
7/17/1986,280.33632
7/18/1986,280.33632
7/19/1986,280.619488
7/20/1986,280.33632
7/21/1986,280.619488
7/22/1986,280.619488
7/23/1986,280.33632
7/24/1986,280.33632
7/25/1986,271.274944
7/26/1986,238.710624
7/27/1986,192.271072
7/28/1986,182.360192
7/29/1986,182.64336
7/30/1986,182.926528
7/31/1986,182.64336
8/1/1986,175.847328
8/2/1986,160.556256
8/3/1986,159.140416
8/4/1986,146.681024
8/5/1986,105.055328
8/6/1986,79.570208
8/7/1986,73.906848
8/8/1986,73.340512
8/9/1986,73.340512
8/10/1986,73.057344
8/11/1986,73.057344
8/12/1986,75.03952
8/13/1986,73.62368
8/14/1986,72.774176
8/15/1986,73.340512
8/16/1986,74.190016
8/17/1986,73.906848
8/18/1986,73.62368
8/19/1986,73.62368
8/20/1986,78.720704
8/21/1986,75.889024
8/22/1986,76.172192
8/23/1986,76.172192
8/24/1986,76.45536
8/25/1986,76.172192
8/26/1986,75.889024
8/27/1986,75.889024
8/28/1986,76.172192
8/29/1986,75.605856
8/30/1986,75.03952
8/31/1986,74.473184
9/1/1986,74.190016
9/2/1986,74.473184
9/3/1986,74.190016
9/4/1986,79.570208
9/5/1986,92.595936
9/6/1986,93.728608
9/7/1986,93.44544
9/8/1986,88.065248
9/9/1986,82.11872
9/10/1986,82.11872
9/11/1986,82.401888
9/12/1986,82.401888
9/13/1986,82.11872
9/14/1986,82.11872
9/15/1986,82.11872
9/16/1986,82.401888
9/17/1986,82.11872
9/18/1986,82.685056
9/19/1986,82.968224
9/20/1986,82.401888
9/21/1986,82.401888
9/22/1986,82.401888
9/23/1986,81.552384
9/24/1986,81.269216
9/25/1986,80.70288
9/26/1986,80.70288
9/27/1986,80.70288
9/28/1986,80.70288
9/29/1986,80.70288
9/30/1986,82.685056
10/1/1986,85.516736
10/2/1986,85.516736
10/3/1986,85.233568
10/4/1986,84.9504
10/5/1986,84.384064
10/6/1986,84.100896
10/7/1986,84.100896
10/8/1986,84.100896
10/9/1986,84.100896
10/10/1986,83.53456
10/11/1986,83.53456
10/12/1986,83.53456
10/13/1986,83.817728
10/14/1986,84.667232
10/15/1986,84.100896
10/16/1986,86.932576
10/17/1986,86.36624
10/18/1986,86.36624
10/19/1986,86.083072
10/20/1986,85.233568
10/21/1986,84.9504
10/22/1986,84.9504
10/23/1986,85.799904
10/24/1986,86.649408
10/25/1986,88.631584
10/26/1986,87.78208
10/27/1986,86.36624
10/28/1986,86.36624
10/29/1986,86.36624
10/30/1986,86.36624
10/31/1986,86.36624
11/1/1986,86.36624
11/2/1986,85.799904
11/3/1986,85.233568
11/4/1986,86.932576
11/5/1986,97.409792
11/6/1986,92.595936
11/7/1986,88.914752
11/8/1986,88.631584
11/9/1986,88.631584
11/10/1986,88.065248
11/11/1986,87.78208
11/12/1986,91.746432
11/13/1986,107.320672
11/14/1986,107.887008
11/15/1986,107.320672
11/16/1986,105.055328
11/17/1986,104.77216
11/18/1986,104.488992
11/19/1986,103.922656
11/20/1986,98.259296
11/21/1986,93.44544
11/22/1986,92.879104
11/23/1986,93.162272
11/24/1986,300.15808
11/25/1986,634.29632
11/26/1986,676.77152
11/27/1986,583.32608
11/28/1986,509.7024
11/29/1986,464.39552
11/30/1986,441.74208
12/1/1986,399.26688
12/2/1986,348.29664
12/3/1986,294.49472
12/4/1986,264.478912
12/5/1986,263.34624
12/6/1986,262.496736
12/7/1986,260.231392
12/8/1986,223.419552
12/9/1986,159.140416
12/10/1986,184.0592
12/11/1986,251.736352
12/12/1986,254.284864
12/13/1986,253.43536
12/14/1986,226.5344
12/15/1986,201.332448
12/16/1986,214.641344
12/17/1986,222.853216
12/18/1986,255.700704
12/19/1986,280.33632
12/20/1986,281.185824
12/21/1986,270.142272
12/22/1986,259.948224
12/23/1986,291.66304
12/24/1986,308.65312
12/25/1986,294.49472
12/26/1986,288.83136
12/27/1986,285.99968
12/28/1986,285.99968
12/29/1986,285.99968
12/30/1986,285.99968
12/31/1986,291.66304
1/1/1987,314.31648
1/2/1987,353.96
1/3/1987,410.5936
1/4/1987,421.92032
1/5/1987,419.08864
1/6/1987,416.25696
1/7/1987,413.42528
1/8/1987,402.09856
1/9/1987,387.94016
1/10/1987,387.94016
1/11/1987,385.10848
1/12/1987,385.10848
1/13/1987,379.44512
1/14/1987,379.44512
1/15/1987,379.44512
1/16/1987,368.1184
1/17/1987,356.79168
1/18/1987,373.78176
1/19/1987,365.28672
1/20/1987,328.47488
1/21/1987,283.168
1/22/1987,282.884832
1/23/1987,283.168
1/24/1987,281.75216
1/25/1987,280.619488
1/26/1987,280.619488
1/27/1987,281.75216
1/28/1987,285.99968
1/29/1987,291.66304
1/30/1987,291.66304
1/31/1987,271.274944
2/1/1987,220.021536
2/2/1987,217.756192
2/3/1987,217.473024
2/4/1987,216.62352
2/5/1987,215.774016
2/6/1987,214.924512
2/7/1987,214.358176
2/8/1987,214.358176
2/9/1987,203.597792
2/10/1987,188.589888
2/11/1987,182.64336
2/12/1987,161.688928
2/13/1987,145.265184
2/14/1987,145.265184
2/15/1987,148.946368
2/16/1987,186.607712
2/17/1987,252.302688
2/18/1987,275.239296
2/19/1987,264.76208
2/20/1987,244.94032
2/21/1987,244.090816
2/22/1987,244.090816
2/23/1987,244.090816
2/24/1987,258.815552
2/25/1987,300.15808
2/26/1987,353.96
2/27/1987,370.95008
2/28/1987,353.96
3/1/1987,356.79168
3/2/1987,365.28672
3/3/1987,379.44512
3/4/1987,407.76192
3/5/1987,424.752
3/6/1987,436.07872
3/7/1987,433.24704
3/8/1987,433.24704
3/9/1987,430.41536
3/10/1987,427.58368
3/11/1987,430.41536
3/12/1987,444.57376
3/13/1987,464.39552
3/14/1987,478.55392
3/15/1987,487.04896
3/16/1987,495.544
3/17/1987,487.04896
3/18/1987,484.21728
3/19/1987,484.21728
3/20/1987,484.21728
3/21/1987,487.04896
3/22/1987,487.04896
3/23/1987,489.88064
3/24/1987,489.88064
3/25/1987,492.71232
3/26/1987,492.71232
3/27/1987,489.88064
3/28/1987,487.04896
3/29/1987,472.89056
3/30/1987,472.89056
3/31/1987,450.23712
4/1/1987,396.4352
4/2/1987,373.78176
4/3/1987,336.96992
4/4/1987,254.284864
4/5/1987,229.649248
4/6/1987,227.100736
4/7/1987,226.817568
4/8/1987,227.95024
4/9/1987,228.233408
4/10/1987,215.774016
4/11/1987,199.067104
4/12/1987,197.084928
4/13/1987,174.714656
4/14/1987,150.645376
4/15/1987,149.512704
4/16/1987,148.946368
4/17/1987,146.964192
4/18/1987,119.780064
4/19/1987,76.738528
4/20/1987,64.562304
4/21/1987,63.7128
4/22/1987,87.78208
4/23/1987,115.532544
4/24/1987,116.382048
4/25/1987,115.532544
4/26/1987,114.116704
4/27/1987,97.976128
4/28/1987,75.889024
4/29/1987,79.570208
4/30/1987,82.968224
5/1/1987,81.835552
5/2/1987,82.11872
5/3/1987,81.835552
5/4/1987,82.968224
5/5/1987,82.401888
5/6/1987,81.269216
5/7/1987,81.835552
5/8/1987,81.269216
5/9/1987,80.986048
5/10/1987,80.986048
5/11/1987,80.70288
5/12/1987,80.136544
5/13/1987,80.70288
5/14/1987,81.835552
5/15/1987,80.419712
5/16/1987,80.136544
5/17/1987,80.419712
5/18/1987,80.419712
5/19/1987,80.136544
5/20/1987,79.853376
5/21/1987,79.570208
5/22/1987,79.28704
5/23/1987,80.419712
5/24/1987,80.136544
5/25/1987,80.419712
5/26/1987,79.853376
5/27/1987,79.28704
5/28/1987,79.003872
5/29/1987,78.437536
5/30/1987,78.437536
5/31/1987,78.437536
6/1/1987,78.437536
6/2/1987,78.437536
6/3/1987,78.720704
6/4/1987,78.720704
6/5/1987,78.437536
6/6/1987,78.437536
6/7/1987,79.003872
6/8/1987,79.003872
6/9/1987,79.003872
6/10/1987,81.835552
6/11/1987,90.896928
6/12/1987,92.0296
6/13/1987,104.205824
6/14/1987,118.081056
6/15/1987,99.675136
6/16/1987,88.631584
6/17/1987,119.496896
6/18/1987,178.679008
6/19/1987,166.785952
6/20/1987,132.239456
6/21/1987,93.728608
6/22/1987,86.932576
6/23/1987,78.720704
6/24/1987,63.7128
6/25/1987,61.164288
6/26/1987,59.46528
6/27/1987,62.013792
6/28/1987,65.694976
6/29/1987,65.694976
6/30/1987,64.845472
7/1/1987,66.261312
7/2/1987,65.978144
7/3/1987,69.37616
7/4/1987,67.393984
7/5/1987,65.12864
7/6/1987,64.279136
7/7/1987,64.279136
7/8/1987,65.978144
7/9/1987,75.322688
7/10/1987,81.269216
7/11/1987,70.508832
7/12/1987,66.54448
7/13/1987,65.411808
7/14/1987,64.845472
7/15/1987,64.845472
7/16/1987,64.562304
7/17/1987,64.279136
7/18/1987,63.7128
7/19/1987,63.146464
7/20/1987,62.863296
7/21/1987,65.12864
7/22/1987,71.641504
7/23/1987,71.641504
7/24/1987,71.641504
7/25/1987,71.641504
7/26/1987,71.358336
7/27/1987,71.075168
7/28/1987,71.075168
7/29/1987,70.792
7/30/1987,71.075168
7/31/1987,71.075168
8/1/1987,69.942496
8/2/1987,69.37616
8/3/1987,69.659328
8/4/1987,69.942496
8/5/1987,69.942496
8/6/1987,70.225664
8/7/1987,70.225664
8/8/1987,70.225664
8/9/1987,70.225664
8/10/1987,72.491008
8/11/1987,71.924672
8/12/1987,70.508832
8/13/1987,70.225664
8/14/1987,70.225664
8/15/1987,70.225664
8/16/1987,70.225664
8/17/1987,70.225664
8/18/1987,69.942496
8/19/1987,69.942496
8/20/1987,69.942496
8/21/1987,70.225664
8/22/1987,69.942496
8/23/1987,69.659328
8/24/1987,69.659328
8/25/1987,69.659328
8/26/1987,70.225664
8/27/1987,75.03952
8/28/1987,90.047424
8/29/1987,92.879104
8/30/1987,95.710784
8/31/1987,95.993952
9/1/1987,94.86128
9/2/1987,94.294944
9/3/1987,90.047424
9/4/1987,84.667232
9/5/1987,84.667232
9/6/1987,84.384064
9/7/1987,84.384064
9/8/1987,84.384064
9/9/1987,84.384064
9/10/1987,84.384064
9/11/1987,84.667232
9/12/1987,85.233568
9/13/1987,85.516736
9/14/1987,85.516736
9/15/1987,85.516736
9/16/1987,86.36624
9/17/1987,89.481088
9/18/1987,87.78208
9/19/1987,87.215744
9/20/1987,86.932576
9/21/1987,86.649408
9/22/1987,86.36624
9/23/1987,86.083072
9/24/1987,85.516736
9/25/1987,84.9504
9/26/1987,84.667232
9/27/1987,84.667232
9/28/1987,84.384064
9/29/1987,84.384064
9/30/1987,83.53456
10/1/1987,83.53456
10/2/1987,79.003872
10/3/1987,75.03952
10/4/1987,74.756352
10/5/1987,74.756352
10/6/1987,74.473184
10/7/1987,74.473184
10/8/1987,76.738528
10/9/1987,82.401888
10/10/1987,82.685056
10/11/1987,82.685056
10/12/1987,82.685056
10/13/1987,82.685056
10/14/1987,82.401888
10/15/1987,81.835552
10/16/1987,81.835552
10/17/1987,81.835552
10/18/1987,80.986048
10/19/1987,80.136544
10/20/1987,79.853376
10/21/1987,79.853376
10/22/1987,80.419712
10/23/1987,80.419712
10/24/1987,80.419712
10/25/1987,80.419712
10/26/1987,80.70288
10/27/1987,82.401888
10/28/1987,80.419712
10/29/1987,73.057344
10/30/1987,72.774176
10/31/1987,72.774176
11/1/1987,72.774176
11/2/1987,72.491008
11/3/1987,72.20784
11/4/1987,72.491008
11/5/1987,72.491008
11/6/1987,72.774176
11/7/1987,73.057344
11/8/1987,73.340512
11/9/1987,73.340512
11/10/1987,73.057344
11/11/1987,73.340512
11/12/1987,73.340512
11/13/1987,73.340512
11/14/1987,73.340512
11/15/1987,73.62368
11/16/1987,148.946368
11/17/1987,308.65312
11/18/1987,169.334464
11/19/1987,81.269216
11/20/1987,68.809824
11/21/1987,59.46528
11/22/1987,55.21776
11/23/1987,50.403904
11/24/1987,50.120736
11/25/1987,93.44544
11/26/1987,302.98976
11/27/1987,308.65312
11/28/1987,234.179936
11/29/1987,169.617632
11/30/1987,115.532544
12/1/1987,90.896928
12/2/1987,82.11872
12/3/1987,67.677152
12/4/1987,52.669248
12/5/1987,51.253408
12/6/1987,52.38608
12/7/1987,185.47504
12/8/1987,351.12832
12/9/1987,267.027424
12/10/1987,185.47504
12/11/1987,128.558272
12/12/1987,110.152352
12/13/1987,108.453344
12/14/1987,106.188
12/15/1987,78.720704
12/16/1987,45.590048
12/17/1987,38.794016
12/18/1987,37.944512
12/19/1987,37.661344
12/20/1987,105.055328
12/21/1987,178.112672
12/22/1987,198.2176
12/23/1987,180.944352
12/24/1987,149.512704
12/25/1987,130.823616
12/26/1987,128.84144
12/27/1987,180.378016
12/28/1987,237.294784
12/29/1987,227.667072
12/30/1987,224.552224
12/31/1987,216.62352
1/1/1988,211.243328
1/2/1988,210.676992
1/3/1988,199.350272
1/4/1988,177.829504
1/5/1988,136.486976
1/6/1988,126.292928
1/7/1988,133.08896
1/8/1988,134.221632
1/9/1988,143.283008
1/10/1988,154.609728
1/11/1988,154.609728
1/12/1988,164.520608
1/13/1988,176.696832
1/14/1988,189.156224
1/15/1988,217.473024
1/16/1988,240.975968
1/17/1988,242.674976
1/18/1988,244.090816
1/19/1988,264.76208
1/20/1988,317.14816
1/21/1988,342.63328
1/22/1988,314.31648
1/23/1988,300.15808
1/24/1988,300.15808
1/25/1988,281.75216
1/26/1988,238.710624
1/27/1988,203.031456
1/28/1988,201.898784
1/29/1988,201.332448
1/30/1988,201.898784
1/31/1988,201.898784
2/1/1988,202.181952
2/2/1988,206.429472
2/3/1988,204.164128
2/4/1988,199.916608
2/5/1988,156.308736
2/6/1988,147.24736
2/7/1988,142.150336
2/8/1988,139.884992
2/9/1988,105.904832
2/10/1988,65.411808
2/11/1988,63.146464
2/12/1988,61.730624
2/13/1988,61.164288
2/14/1988,61.164288
2/15/1988,74.190016
2/16/1988,86.083072
2/17/1988,86.083072
2/18/1988,85.799904
2/19/1988,88.348416
2/20/1988,87.215744
2/21/1988,98.825632
2/22/1988,112.984032
2/23/1988,128.558272
2/24/1988,149.512704
2/25/1988,149.512704
2/26/1988,147.24736
2/27/1988,145.265184
2/28/1988,145.265184
2/29/1988,144.982016
3/1/1988,144.982016
3/2/1988,146.681024
3/3/1988,223.70272
3/4/1988,314.31648
3/5/1988,276.655136
3/6/1988,272.690784
3/7/1988,270.142272
3/8/1988,269.859104
3/9/1988,275.805632
3/10/1988,273.25712
3/11/1988,257.116544
3/12/1988,235.595776
3/13/1988,233.6136
3/14/1988,235.595776
3/15/1988,224.835392
3/16/1988,205.863136
3/17/1988,206.146304
3/18/1988,242.674976
3/19/1988,273.823456
3/20/1988,240.126464
3/21/1988,264.195744
3/22/1988,263.34624
3/23/1988,200.199776
3/24/1988,132.522624
3/25/1988,236.728448
3/26/1988,305.82144
3/27/1988,322.81152
3/28/1988,311.4848
3/29/1988,254.284864
3/30/1988,240.975968
3/31/1988,285.99968
4/1/1988,314.31648
4/2/1988,314.31648
4/3/1988,314.31648
4/4/1988,322.81152
4/5/1988,351.12832
4/6/1988,353.96
4/7/1988,342.63328
4/8/1988,291.66304
4/9/1988,268.443264
4/10/1988,265.894752
4/11/1988,236.728448
4/12/1988,193.686912
4/13/1988,191.987904
4/14/1988,161.972096
4/15/1988,107.320672
4/16/1988,105.055328
4/17/1988,104.77216
4/18/1988,103.922656
4/19/1988,102.789984
4/20/1988,95.427616
4/21/1988,81.269216
4/22/1988,73.62368
4/23/1988,73.057344
4/24/1988,73.057344
4/25/1988,72.774176
4/26/1988,75.322688
4/27/1988,86.36624
4/28/1988,88.348416
4/29/1988,83.251392
4/30/1988,84.9504
5/1/1988,84.384064
5/2/1988,82.968224
5/3/1988,82.11872
5/4/1988,81.552384
5/5/1988,81.552384
5/6/1988,81.552384
5/7/1988,81.552384
5/8/1988,81.552384
5/9/1988,81.552384
5/10/1988,81.835552
5/11/1988,81.835552
5/12/1988,82.11872
5/13/1988,82.11872
5/14/1988,82.11872
5/15/1988,82.11872
5/16/1988,81.835552
5/17/1988,81.552384
5/18/1988,80.986048
5/19/1988,80.70288
5/20/1988,80.70288
5/21/1988,81.552384
5/22/1988,84.100896
5/23/1988,81.552384
5/24/1988,80.136544
5/25/1988,81.835552
5/26/1988,88.914752
5/27/1988,89.481088
5/28/1988,89.481088
5/29/1988,89.764256
5/30/1988,89.764256
5/31/1988,94.86128
6/1/1988,106.754336
6/2/1988,107.320672
6/3/1988,108.736512
6/4/1988,105.338496
6/5/1988,95.427616
6/6/1988,90.330592
6/7/1988,89.481088
6/8/1988,89.764256
6/9/1988,89.764256
6/10/1988,89.481088
6/11/1988,89.481088
6/12/1988,88.914752
6/13/1988,88.348416
6/14/1988,91.746432
6/15/1988,96.843456
6/16/1988,96.843456
6/17/1988,96.843456
6/18/1988,96.843456
6/19/1988,97.126624
6/20/1988,97.126624
6/21/1988,97.126624
6/22/1988,97.126624
6/23/1988,97.69296
6/24/1988,97.126624
6/25/1988,97.69296
6/26/1988,97.409792
6/27/1988,94.294944
6/28/1988,88.348416
6/29/1988,88.065248
6/30/1988,88.065248
7/1/1988,87.78208
7/2/1988,87.78208
7/3/1988,87.78208
7/4/1988,88.065248
7/5/1988,89.19792
7/6/1988,90.047424
7/7/1988,90.330592
7/8/1988,92.879104
7/9/1988,102.223648
7/10/1988,102.223648
7/11/1988,101.657312
7/12/1988,101.374144
7/13/1988,101.090976
7/14/1988,101.090976
7/15/1988,99.391968
7/16/1988,94.011776
7/17/1988,93.162272
7/18/1988,92.879104
7/19/1988,93.44544
7/20/1988,93.44544
7/21/1988,92.879104
7/22/1988,92.879104
7/23/1988,93.162272
7/24/1988,93.162272
7/25/1988,92.879104
7/26/1988,92.595936
7/27/1988,92.879104
7/28/1988,93.44544
7/29/1988,93.44544
7/30/1988,92.879104
7/31/1988,92.595936
8/1/1988,92.595936
8/2/1988,93.162272
8/3/1988,93.44544
8/4/1988,93.162272
8/5/1988,92.879104
8/6/1988,92.595936
8/7/1988,92.312768
8/8/1988,92.312768
8/9/1988,92.312768
8/10/1988,92.595936
8/11/1988,92.879104
8/12/1988,92.879104
8/13/1988,92.879104
8/14/1988,92.879104
8/15/1988,90.61376
8/16/1988,87.498912
8/17/1988,86.932576
8/18/1988,86.932576
8/19/1988,86.932576
8/20/1988,86.932576
8/21/1988,87.215744
8/22/1988,87.215744
8/23/1988,87.215744
8/24/1988,87.498912
8/25/1988,87.78208
8/26/1988,87.498912
8/27/1988,87.215744
8/28/1988,87.215744
8/29/1988,86.932576
8/30/1988,86.36624
8/31/1988,86.36624
9/1/1988,86.36624
9/2/1988,86.649408
9/3/1988,86.932576
9/4/1988,86.36624
9/5/1988,86.083072
9/6/1988,86.083072
9/7/1988,85.799904
9/8/1988,85.799904
9/9/1988,85.516736
9/10/1988,85.233568
9/11/1988,85.233568
9/12/1988,85.233568
9/13/1988,85.233568
9/14/1988,90.047424
9/15/1988,105.055328
9/16/1988,100.807808
9/17/1988,90.047424
9/18/1988,89.764256
9/19/1988,89.764256
9/20/1988,89.764256
9/21/1988,89.764256
9/22/1988,89.764256
9/23/1988,89.764256
9/24/1988,89.764256
9/25/1988,90.047424
9/26/1988,90.047424
9/27/1988,89.481088
9/28/1988,87.498912
9/29/1988,87.215744
9/30/1988,87.215744
10/1/1988,87.215744
10/2/1988,87.498912
10/3/1988,87.498912
10/4/1988,87.498912
10/5/1988,87.498912
10/6/1988,85.799904
10/7/1988,79.570208
10/8/1988,79.28704
10/9/1988,79.28704
10/10/1988,79.003872
10/11/1988,79.003872
10/12/1988,79.003872
10/13/1988,79.003872
10/14/1988,79.003872
10/15/1988,79.003872
10/16/1988,79.003872
10/17/1988,79.003872
10/18/1988,79.28704
10/19/1988,79.003872
10/20/1988,79.003872
10/21/1988,79.003872
10/22/1988,79.003872
10/23/1988,79.003872
10/24/1988,79.003872
10/25/1988,79.003872
10/26/1988,79.003872
10/27/1988,79.28704
10/28/1988,79.570208
10/29/1988,79.570208
10/30/1988,79.570208
10/31/1988,79.570208
11/1/1988,79.570208
11/2/1988,79.28704
11/3/1988,79.28704
11/4/1988,79.28704
11/5/1988,79.003872
11/6/1988,79.003872
11/7/1988,79.28704
11/8/1988,79.570208
11/9/1988,79.28704
11/10/1988,79.28704
11/11/1988,79.28704
11/12/1988,80.136544
11/13/1988,80.136544
11/14/1988,80.70288
11/15/1988,81.552384
11/16/1988,81.269216
11/17/1988,81.269216
11/18/1988,81.269216
11/19/1988,81.552384
11/20/1988,81.552384
11/21/1988,81.552384
11/22/1988,81.552384
11/23/1988,81.552384
11/24/1988,81.552384
11/25/1988,81.552384
11/26/1988,81.552384
11/27/1988,81.269216
11/28/1988,81.269216
11/29/1988,81.552384
11/30/1988,81.552384
12/1/1988,80.986048
12/2/1988,80.986048
12/3/1988,80.986048
12/4/1988,80.986048
12/5/1988,80.986048
12/6/1988,80.986048
12/7/1988,80.986048
12/8/1988,81.269216
12/9/1988,81.552384
12/10/1988,82.11872
12/11/1988,82.685056
12/12/1988,83.251392
12/13/1988,83.251392
12/14/1988,82.968224
12/15/1988,82.401888
12/16/1988,82.11872
12/17/1988,82.11872
12/18/1988,82.11872
12/19/1988,82.11872
12/20/1988,81.552384
12/21/1988,81.269216
12/22/1988,80.986048
12/23/1988,82.968224
12/24/1988,83.251392
12/25/1988,81.835552
12/26/1988,80.986048
12/27/1988,80.70288
12/28/1988,80.136544
12/29/1988,80.419712
12/30/1988,80.70288
12/31/1988,80.70288
1/1/1989,80.70288
1/2/1989,80.419712
1/3/1989,80.136544
1/4/1989,79.570208
1/5/1989,79.570208
1/6/1989,79.853376
1/7/1989,79.853376
1/8/1989,79.570208
1/9/1989,79.853376
1/10/1989,80.419712
1/11/1989,80.70288
1/12/1989,81.269216
1/13/1989,82.968224
1/14/1989,106.471168
1/15/1989,159.706752
1/16/1989,181.22752
1/17/1989,159.706752
1/18/1989,129.124608
1/19/1989,146.114688
1/20/1989,178.962176
1/21/1989,162.538432
1/22/1989,103.639488
1/23/1989,69.37616
1/24/1989,43.324704
1/25/1989,40.776192
1/26/1989,48.704896
1/27/1989,72.20784
1/28/1989,72.774176
1/29/1989,102.506816
1/30/1989,184.342368
1/31/1989,269.859104
2/1/1989,253.718528
2/2/1989,227.100736
2/3/1989,212.092832
2/4/1989,182.077024
2/5/1989,141.017664
2/6/1989,130.25728
2/7/1989,130.25728
2/8/1989,130.540448
2/9/1989,130.540448
2/10/1989,137.619648
2/11/1989,146.964192
2/12/1989,147.24736
2/13/1989,147.24736
2/14/1989,146.964192
2/15/1989,133.08896
2/16/1989,113.2672
2/17/1989,133.938464
2/18/1989,156.591904
2/19/1989,128.558272
2/20/1989,116.665216
2/21/1989,154.043392
2/22/1989,229.082912
2/23/1989,210.676992
2/24/1989,121.479072
2/25/1989,82.968224
2/26/1989,79.28704
2/27/1989,78.154368
2/28/1989,77.8712
3/1/1989,77.588032
3/2/1989,126.00976
3/3/1989,182.64336
3/4/1989,157.441408
3/5/1989,150.07904
3/6/1989,110.718688
3/7/1989,71.924672
3/8/1989,70.792
3/9/1989,70.508832
3/10/1989,70.225664
3/11/1989,69.942496
3/12/1989,69.942496
3/13/1989,69.942496
3/14/1989,67.96032
3/15/1989,60.314784
3/16/1989,59.748448
3/17/1989,59.748448
3/18/1989,59.748448
3/19/1989,57.483104
3/20/1989,38.510848
3/21/1989,116.382048
3/22/1989,227.100736
3/23/1989,255.983872
3/24/1989,190.005728
3/25/1989,97.976128
3/26/1989,67.677152
3/27/1989,154.892896
3/28/1989,288.83136
3/29/1989,297.3264
3/30/1989,273.25712
3/31/1989,256.833376
4/1/1989,239.27696
4/2/1989,210.676992
4/3/1989,198.500768
4/4/1989,186.324544
4/5/1989,220.87104
4/6/1989,302.98976
4/7/1989,308.65312
4/8/1989,308.65312
4/9/1989,311.4848
4/10/1989,325.6432
4/11/1989,342.63328
4/12/1989,342.63328
4/13/1989,342.63328
4/14/1989,339.8016
4/15/1989,278.637312
4/16/1989,214.075008
4/17/1989,211.526496
4/18/1989,219.738368
4/19/1989,223.70272
4/20/1989,206.995808
4/21/1989,194.253248
4/22/1989,170.183968
4/23/1989,139.318656
4/24/1989,137.619648
4/25/1989,145.548352
4/26/1989,161.122592
4/27/1989,181.793856
4/28/1989,190.005728
4/29/1989,182.64336
4/30/1989,173.865152
5/1/1989,172.449312
5/2/1989,163.954272
5/3/1989,145.265184
5/4/1989,145.548352
5/5/1989,155.176064
5/6/1989,169.051296
5/7/1989,156.025568
5/8/1989,122.611744
5/9/1989,116.382048
5/10/1989,113.2672
5/11/1989,86.083072
5/12/1989,72.491008
5/13/1989,72.20784
5/14/1989,72.20784
5/15/1989,77.304864
5/16/1989,122.045408
5/17/1989,253.43536
5/18/1989,427.58368
5/19/1989,591.82112
5/20/1989,535.18752
5/21/1989,484.21728
5/22/1989,475.72224
5/23/1989,475.72224
5/24/1989,475.72224
5/25/1989,467.2272
5/26/1989,438.9104
5/27/1989,436.07872
5/28/1989,413.42528
5/29/1989,390.77184
5/30/1989,410.5936
5/31/1989,464.39552
6/1/1989,487.04896
6/2/1989,495.544
6/3/1989,501.20736
6/4/1989,498.37568
6/5/1989,495.544
6/6/1989,487.04896
6/7/1989,487.04896
6/8/1989,487.04896
6/9/1989,478.55392
6/10/1989,461.56384
6/11/1989,447.40544
6/12/1989,421.92032
6/13/1989,427.58368
6/14/1989,436.07872
6/15/1989,433.24704
6/16/1989,424.752
6/17/1989,387.94016
6/18/1989,345.46496
6/19/1989,351.12832
6/20/1989,373.78176
6/21/1989,413.42528
6/22/1989,470.05888
6/23/1989,472.89056
6/24/1989,470.05888
6/25/1989,470.05888
6/26/1989,467.2272
6/27/1989,501.20736
6/28/1989,614.47456
6/29/1989,645.62304
6/30/1989,690.92992
7/1/1989,838.17728
7/2/1989,1316.7312
7/3/1989,1319.56288
7/4/1989,1217.6224
7/5/1989,1076.0384
7/6/1989,965.60288
7/7/1989,886.31584
7/8/1989,818.35552
7/9/1989,753.22688
7/10/1989,637.128
7/11/1989,532.35584
7/12/1989,506.87072
7/13/1989,498.37568
7/14/1989,495.544
7/15/1989,492.71232
7/16/1989,487.04896
7/17/1989,484.21728
7/18/1989,481.3856
7/19/1989,487.04896
7/20/1989,492.71232
7/21/1989,495.544
7/22/1989,495.544
7/23/1989,492.71232
7/24/1989,487.04896
7/25/1989,470.05888
7/26/1989,472.89056
7/27/1989,472.89056
7/28/1989,472.89056
7/29/1989,472.89056
7/30/1989,472.89056
7/31/1989,481.3856
8/1/1989,495.544
8/2/1989,495.544
8/3/1989,487.04896
8/4/1989,467.2272
8/5/1989,441.74208
8/6/1989,424.752
8/7/1989,393.60352
8/8/1989,334.13824
8/9/1989,288.83136
8/10/1989,259.381888
8/11/1989,210.393824
8/12/1989,154.32656
8/13/1989,144.41568
8/14/1989,143.566176
8/15/1989,127.991936
8/16/1989,108.453344
8/17/1989,107.887008
8/18/1989,107.60384
8/19/1989,103.639488
8/20/1989,98.259296
8/21/1989,85.516736
8/22/1989,65.978144
8/23/1989,57.483104
8/24/1989,56.916768
8/25/1989,56.916768
8/26/1989,56.350432
8/27/1989,56.067264
8/28/1989,58.04944
8/29/1989,65.12864
8/30/1989,65.12864
8/31/1989,65.12864
9/1/1989,64.845472
9/2/1989,64.279136
9/3/1989,64.279136
9/4/1989,63.995968
9/5/1989,63.429632
9/6/1989,62.863296
9/7/1989,62.863296
9/8/1989,64.845472
9/9/1989,71.075168
9/10/1989,72.20784
9/11/1989,72.491008
9/12/1989,71.924672
9/13/1989,71.358336
9/14/1989,71.075168
9/15/1989,71.358336
9/16/1989,71.075168
9/17/1989,70.792
9/18/1989,70.508832
9/19/1989,70.508832
9/20/1989,69.942496
9/21/1989,66.261312
9/22/1989,62.013792
9/23/1989,61.447456
9/24/1989,61.164288
9/25/1989,60.88112
9/26/1989,60.314784
9/27/1989,55.500928
9/28/1989,50.97024
9/29/1989,53.80192
9/30/1989,58.332608
10/1/1989,58.332608
10/2/1989,65.694976
10/3/1989,76.738528
10/4/1989,61.164288
10/5/1989,62.863296
10/6/1989,70.225664
10/7/1989,75.889024
10/8/1989,67.110816
10/9/1989,67.677152
10/10/1989,62.863296
10/11/1989,59.182112
10/12/1989,60.031616
10/13/1989,68.243488
10/14/1989,74.190016
10/15/1989,68.243488
10/16/1989,57.483104
10/17/1989,56.067264
10/18/1989,60.597952
10/19/1989,51.253408
10/20/1989,63.7128
10/21/1989,68.809824
10/22/1989,62.863296
10/23/1989,64.279136
10/24/1989,61.447456
10/25/1989,62.29696
10/26/1989,76.738528
10/27/1989,63.7128
10/28/1989,61.164288
10/29/1989,60.88112
10/30/1989,61.730624
10/31/1989,61.164288
11/1/1989,61.730624
11/2/1989,63.429632
11/3/1989,88.065248
11/4/1989,109.869184
11/5/1989,97.409792
11/6/1989,85.516736
11/7/1989,67.110816
11/8/1989,69.942496
11/9/1989,84.100896
11/10/1989,67.96032
11/11/1989,71.075168
11/12/1989,63.995968
11/13/1989,63.7128
11/14/1989,65.694976
11/15/1989,69.092992
11/16/1989,56.350432
11/17/1989,50.687072
11/18/1989,66.54448
11/19/1989,74.190016
11/20/1989,73.057344
11/21/1989,72.491008
11/22/1989,72.774176
11/23/1989,74.756352
11/24/1989,74.473184
11/25/1989,69.659328
11/26/1989,64.562304
11/27/1989,71.075168
11/28/1989,66.54448
11/29/1989,66.827648
11/30/1989,67.110816
12/1/1989,64.279136
12/2/1989,69.942496
12/3/1989,71.075168
12/4/1989,71.924672
12/5/1989,72.20784
12/6/1989,68.243488
12/7/1989,67.110816
12/8/1989,67.393984
12/9/1989,65.12864
12/10/1989,67.110816
12/11/1989,67.110816
12/12/1989,67.677152
12/13/1989,66.54448
12/14/1989,65.978144
12/15/1989,65.694976
12/16/1989,64.845472
12/17/1989,66.261312
12/18/1989,66.261312
12/19/1989,66.261312
12/20/1989,66.827648
12/21/1989,64.279136
12/22/1989,76.172192
12/23/1989,168.768128
12/24/1989,265.611584
12/25/1989,273.25712
12/26/1989,202.46512
12/27/1989,81.552384
12/28/1989,74.473184
12/29/1989,73.906848
12/30/1989,73.057344
12/31/1989,108.170176
1/1/1990,152.061216
1/2/1990,107.037504
1/3/1990,104.77216
1/4/1990,111.001856
1/5/1990,71.358336
1/6/1990,70.508832
1/7/1990,92.312768
1/8/1990,107.887008
1/9/1990,103.073152
1/10/1990,83.53456
1/11/1990,70.225664
1/12/1990,67.96032
1/13/1990,71.358336
1/14/1990,69.37616
1/15/1990,68.809824
1/16/1990,68.809824
1/17/1990,68.243488
1/18/1990,68.809824
1/19/1990,90.896928
1/20/1990,285.99968
1/21/1990,331.30656
1/22/1990,230.498752
1/23/1990,140.451328
1/24/1990,111.85136
1/25/1990,210.110656
1/26/1990,308.65312
1/27/1990,244.373984
1/28/1990,240.409632
1/29/1990,291.66304
1/30/1990,351.12832
1/31/1990,317.14816
2/1/1990,277.50464
2/2/1990,281.468992
2/3/1990,302.98976
2/4/1990,311.4848
2/5/1990,314.31648
2/6/1990,317.14816
2/7/1990,314.31648
2/8/1990,288.83136
2/9/1990,254.568032
2/10/1990,255.983872
2/11/1990,246.922496
2/12/1990,242.958144
2/13/1990,242.391808
2/14/1990,242.391808
2/15/1990,242.10864
2/16/1990,226.817568
2/17/1990,203.597792
2/18/1990,203.88096
2/19/1990,206.429472
2/20/1990,208.411648
2/21/1990,208.977984
2/22/1990,261.080896
2/23/1990,311.4848
2/24/1990,305.82144
2/25/1990,305.82144
2/26/1990,305.82144
2/27/1990,288.83136
2/28/1990,279.203648
3/1/1990,282.884832
3/2/1990,319.97984
3/3/1990,356.79168
3/4/1990,351.12832
3/5/1990,308.65312
3/6/1990,249.471008
3/7/1990,199.63344
3/8/1990,197.084928
3/9/1990,204.447296
3/10/1990,241.259136
3/11/1990,233.896768
3/12/1990,228.799744
3/13/1990,217.189856
3/14/1990,199.067104
3/15/1990,211.809664
3/16/1990,214.358176
3/17/1990,224.269056
3/18/1990,222.28688
3/19/1990,207.845312
3/20/1990,173.298816
3/21/1990,109.302848
3/22/1990,109.869184
3/23/1990,129.690944
3/24/1990,160.273088
3/25/1990,157.724576
3/26/1990,160.273088
3/27/1990,168.201792
3/28/1990,173.865152
3/29/1990,376.61344
3/30/1990,659.78144
3/31/1990,597.48448
4/1/1990,515.36576
4/2/1990,461.56384
4/3/1990,436.07872
4/4/1990,444.57376
4/5/1990,455.90048
4/6/1990,455.90048
4/7/1990,458.73216
4/8/1990,424.752
4/9/1990,387.94016
4/10/1990,413.42528
4/11/1990,419.08864
4/12/1990,421.92032
4/13/1990,413.42528
4/14/1990,396.4352
4/15/1990,393.60352
4/16/1990,393.60352
4/17/1990,382.2768
4/18/1990,331.30656
4/19/1990,263.912576
4/20/1990,231.065088
4/21/1990,215.490848
4/22/1990,216.057184
4/23/1990,216.057184
4/24/1990,215.20768
4/25/1990,215.490848
4/26/1990,216.340352
4/27/1990,229.649248
4/28/1990,255.417536
4/29/1990,260.797728
4/30/1990,263.912576
5/1/1990,260.797728
5/2/1990,250.320512
5/3/1990,257.399712
5/4/1990,308.65312
5/5/1990,399.26688
5/6/1990,399.26688
5/7/1990,399.26688
5/8/1990,399.26688
5/9/1990,399.26688
5/10/1990,399.26688
5/11/1990,393.60352
5/12/1990,393.60352
5/13/1990,393.60352
5/14/1990,387.94016
5/15/1990,356.79168
5/16/1990,283.168
5/17/1990,236.728448
5/18/1990,252.869024
5/19/1990,279.203648
5/20/1990,279.203648
5/21/1990,294.49472
5/22/1990,342.63328
5/23/1990,348.29664
5/24/1990,365.28672
5/25/1990,393.60352
5/26/1990,410.5936
5/27/1990,421.92032
5/28/1990,438.9104
5/29/1990,467.2272
5/30/1990,481.3856
5/31/1990,464.39552
6/1/1990,441.74208
6/2/1990,438.9104
6/3/1990,433.24704
6/4/1990,455.90048
6/5/1990,498.37568
6/6/1990,512.53408
6/7/1990,532.35584
6/8/1990,543.68256
6/9/1990,555.00928
6/10/1990,555.00928
6/11/1990,535.18752
6/12/1990,506.87072
6/13/1990,495.544
6/14/1990,492.71232
6/15/1990,495.544
6/16/1990,498.37568
6/17/1990,504.03904
6/18/1990,509.7024
6/19/1990,509.7024
6/20/1990,509.7024
6/21/1990,509.7024
6/22/1990,509.7024
6/23/1990,501.20736
6/24/1990,484.21728
6/25/1990,450.23712
6/26/1990,421.92032
6/27/1990,396.4352
6/28/1990,368.1184
6/29/1990,317.14816
6/30/1990,246.639328
7/1/1990,214.924512
7/2/1990,163.104768
7/3/1990,127.4256
7/4/1990,118.081056
7/5/1990,109.01968
7/6/1990,132.805792
7/7/1990,138.185984
7/8/1990,123.17808
7/9/1990,97.409792
7/10/1990,93.728608
7/11/1990,95.710784
7/12/1990,93.728608
7/13/1990,81.269216
7/14/1990,95.144448
7/15/1990,94.294944
7/16/1990,88.631584
7/17/1990,96.560288
7/18/1990,96.27712
7/19/1990,94.86128
7/20/1990,95.427616
7/21/1990,93.162272
7/22/1990,90.896928
7/23/1990,94.294944
7/24/1990,95.144448
7/25/1990,89.764256
7/26/1990,93.44544
7/27/1990,91.180096
7/28/1990,94.011776
7/29/1990,94.86128
7/30/1990,93.162272
7/31/1990,88.065248
8/1/1990,79.003872
8/2/1990,96.560288
8/3/1990,93.728608
8/4/1990,94.86128
8/5/1990,93.728608
8/6/1990,91.746432
8/7/1990,99.675136
8/8/1990,95.993952
8/9/1990,95.993952
8/10/1990,94.294944
8/11/1990,96.843456
8/12/1990,94.294944
8/13/1990,94.011776
8/14/1990,94.294944
8/15/1990,92.0296
8/16/1990,92.879104
8/17/1990,89.481088
8/18/1990,92.0296
8/19/1990,89.764256
8/20/1990,98.259296
8/21/1990,131.956288
8/22/1990,285.99968
8/23/1990,212.092832
8/24/1990,99.958304
8/25/1990,94.011776
8/26/1990,92.0296
8/27/1990,89.764256
8/28/1990,77.021696
8/29/1990,85.799904
8/30/1990,85.516736
8/31/1990,84.667232
9/1/1990,85.233568
9/2/1990,85.233568
9/3/1990,82.685056
9/4/1990,87.78208
9/5/1990,88.348416
9/6/1990,88.914752
9/7/1990,88.631584
9/8/1990,88.631584
9/9/1990,88.348416
9/10/1990,89.764256
9/11/1990,99.1088
9/12/1990,97.976128
9/13/1990,94.011776
9/14/1990,89.764256
9/15/1990,86.932576
9/16/1990,89.764256
9/17/1990,86.932576
9/18/1990,85.233568
9/19/1990,84.100896
9/20/1990,86.649408
9/21/1990,84.9504
9/22/1990,85.516736
9/23/1990,85.516736
9/24/1990,86.083072
9/25/1990,84.384064
9/26/1990,86.36624
9/27/1990,86.932576
9/28/1990,82.11872
9/29/1990,76.45536
9/30/1990,NA
10/1/1990,NA
10/2/1990,NA
10/3/1990,NA
10/4/1990,NA
10/5/1990,NA
10/6/1990,NA
10/7/1990,NA
10/8/1990,NA
10/9/1990,NA
10/10/1990,NA
10/11/1990,NA
10/12/1990,NA
10/13/1990,NA
10/14/1990,NA
10/15/1990,NA
10/16/1990,NA
10/17/1990,NA
10/18/1990,NA
10/19/1990,NA
10/20/1990,NA
10/21/1990,NA
10/22/1990,NA
10/23/1990,NA
10/24/1990,NA
10/25/1990,NA
10/26/1990,NA
10/27/1990,NA
10/28/1990,NA
10/29/1990,NA
10/30/1990,NA
10/31/1990,NA
11/1/1990,NA
11/2/1990,NA
11/3/1990,NA
11/4/1990,NA
11/5/1990,NA
11/6/1990,NA
11/7/1990,NA
11/8/1990,NA
11/9/1990,NA
11/10/1990,NA
11/11/1990,NA
11/12/1990,NA
11/13/1990,NA
11/14/1990,NA
11/15/1990,NA
11/16/1990,NA
11/17/1990,NA
11/18/1990,NA
11/19/1990,NA
11/20/1990,NA
11/21/1990,NA
11/22/1990,NA
11/23/1990,NA
11/24/1990,NA
11/25/1990,NA
11/26/1990,NA
11/27/1990,NA
11/28/1990,NA
11/29/1990,NA
11/30/1990,NA
12/1/1990,NA
12/2/1990,NA
12/3/1990,NA
12/4/1990,NA
12/5/1990,NA
12/6/1990,NA
12/7/1990,NA
12/8/1990,NA
12/9/1990,NA
12/10/1990,NA
12/11/1990,NA
12/12/1990,NA
12/13/1990,NA
12/14/1990,NA
12/15/1990,NA
12/16/1990,NA
12/17/1990,NA
12/18/1990,NA
12/19/1990,NA
12/20/1990,NA
12/21/1990,NA
12/22/1990,NA
12/23/1990,NA
12/24/1990,NA
12/25/1990,NA
12/26/1990,NA
12/27/1990,NA
12/28/1990,NA
12/29/1990,NA
12/30/1990,NA
12/31/1990,NA
1/1/1991,NA
1/2/1991,NA
1/3/1991,NA
1/4/1991,NA
1/5/1991,NA
1/6/1991,NA
1/7/1991,NA
1/8/1991,NA
1/9/1991,NA
1/10/1991,NA
1/11/1991,NA
1/12/1991,NA
1/13/1991,NA
1/14/1991,NA
1/15/1991,NA
1/16/1991,NA
1/17/1991,NA
1/18/1991,NA
1/19/1991,NA
1/20/1991,NA
1/21/1991,NA
1/22/1991,NA
1/23/1991,NA
1/24/1991,NA
1/25/1991,NA
1/26/1991,NA
1/27/1991,NA
1/28/1991,NA
1/29/1991,NA
1/30/1991,NA
1/31/1991,NA
2/1/1991,NA
2/2/1991,NA
2/3/1991,NA
2/4/1991,NA
2/5/1991,NA
2/6/1991,NA
2/7/1991,NA
2/8/1991,NA
2/9/1991,NA
2/10/1991,NA
2/11/1991,NA
2/12/1991,NA
2/13/1991,NA
2/14/1991,NA
2/15/1991,NA
2/16/1991,NA
2/17/1991,NA
2/18/1991,NA
2/19/1991,NA
2/20/1991,NA
2/21/1991,NA
2/22/1991,NA
2/23/1991,NA
2/24/1991,NA
2/25/1991,NA
2/26/1991,NA
2/27/1991,NA
2/28/1991,NA
3/1/1991,NA
3/2/1991,NA
3/3/1991,NA
3/4/1991,NA
3/5/1991,NA
3/6/1991,NA
3/7/1991,NA
3/8/1991,NA
3/9/1991,NA
3/10/1991,NA
3/11/1991,NA
3/12/1991,NA
3/13/1991,NA
3/14/1991,NA
3/15/1991,NA
3/16/1991,NA
3/17/1991,NA
3/18/1991,NA
3/19/1991,NA
3/20/1991,NA
3/21/1991,NA
3/22/1991,NA
3/23/1991,NA
3/24/1991,NA
3/25/1991,NA
3/26/1991,NA
3/27/1991,NA
3/28/1991,NA
3/29/1991,NA
3/30/1991,NA
3/31/1991,NA
4/1/1991,NA
4/2/1991,NA
4/3/1991,NA
4/4/1991,NA
4/5/1991,NA
4/6/1991,NA
4/7/1991,NA
4/8/1991,NA
4/9/1991,NA
4/10/1991,NA
4/11/1991,NA
4/12/1991,NA
4/13/1991,NA
4/14/1991,NA
4/15/1991,NA
4/16/1991,NA
4/17/1991,NA
4/18/1991,NA
4/19/1991,NA
4/20/1991,NA
4/21/1991,NA
4/22/1991,NA
4/23/1991,NA
4/24/1991,NA
4/25/1991,NA
4/26/1991,NA
4/27/1991,NA
4/28/1991,NA
4/29/1991,NA
4/30/1991,NA
5/1/1991,NA
5/2/1991,NA
5/3/1991,NA
5/4/1991,NA
5/5/1991,NA
5/6/1991,NA
5/7/1991,NA
5/8/1991,NA
5/9/1991,NA
5/10/1991,NA
5/11/1991,NA
5/12/1991,NA
5/13/1991,NA
5/14/1991,NA
5/15/1991,NA
5/16/1991,NA
5/17/1991,NA
5/18/1991,NA
5/19/1991,NA
5/20/1991,NA
5/21/1991,NA
5/22/1991,NA
5/23/1991,NA
5/24/1991,NA
5/25/1991,NA
5/26/1991,NA
5/27/1991,NA
5/28/1991,NA
5/29/1991,NA
5/30/1991,NA
5/31/1991,NA
6/1/1991,NA
6/2/1991,NA
6/3/1991,NA
6/4/1991,NA
6/5/1991,NA
6/6/1991,NA
6/7/1991,NA
6/8/1991,NA
6/9/1991,NA
6/10/1991,NA
6/11/1991,NA
6/12/1991,NA
6/13/1991,NA
6/14/1991,NA
6/15/1991,NA
6/16/1991,NA
6/17/1991,NA
6/18/1991,NA
6/19/1991,NA
6/20/1991,NA
6/21/1991,NA
6/22/1991,NA
6/23/1991,NA
6/24/1991,NA
6/25/1991,NA
6/26/1991,NA
6/27/1991,NA
6/28/1991,NA
6/29/1991,NA
6/30/1991,NA
7/1/1991,NA
7/2/1991,NA
7/3/1991,NA
7/4/1991,NA
7/5/1991,NA
7/6/1991,NA
7/7/1991,NA
7/8/1991,NA
7/9/1991,NA
7/10/1991,NA
7/11/1991,NA
7/12/1991,NA
7/13/1991,NA
7/14/1991,NA
7/15/1991,NA
7/16/1991,NA
7/17/1991,NA
7/18/1991,NA
7/19/1991,NA
7/20/1991,NA
7/21/1991,NA
7/22/1991,NA
7/23/1991,NA
7/24/1991,NA
7/25/1991,NA
7/26/1991,NA
7/27/1991,NA
7/28/1991,NA
7/29/1991,NA
7/30/1991,NA
7/31/1991,NA
8/1/1991,NA
8/2/1991,NA
8/3/1991,NA
8/4/1991,NA
8/5/1991,NA
8/6/1991,NA
8/7/1991,NA
8/8/1991,NA
8/9/1991,NA
8/10/1991,NA
8/11/1991,NA
8/12/1991,NA
8/13/1991,NA
8/14/1991,NA
8/15/1991,NA
8/16/1991,NA
8/17/1991,NA
8/18/1991,NA
8/19/1991,NA
8/20/1991,NA
8/21/1991,NA
8/22/1991,NA
8/23/1991,NA
8/24/1991,NA
8/25/1991,NA
8/26/1991,NA
8/27/1991,NA
8/28/1991,NA
8/29/1991,NA
8/30/1991,NA
8/31/1991,NA
9/1/1991,NA
9/2/1991,NA
9/3/1991,NA
9/4/1991,NA
9/5/1991,NA
9/6/1991,NA
9/7/1991,NA
9/8/1991,NA
9/9/1991,NA
9/10/1991,NA
9/11/1991,NA
9/12/1991,NA
9/13/1991,NA
9/14/1991,NA
9/15/1991,NA
9/16/1991,NA
9/17/1991,NA
9/18/1991,NA
9/19/1991,NA
9/20/1991,NA
9/21/1991,NA
9/22/1991,NA
9/23/1991,NA
9/24/1991,NA
9/25/1991,NA
9/26/1991,NA
9/27/1991,NA
9/28/1991,NA
9/29/1991,NA
9/30/1991,NA
10/1/1991,NA
10/2/1991,NA
10/3/1991,NA
10/4/1991,NA
10/5/1991,NA
10/6/1991,NA
10/7/1991,NA
10/8/1991,NA
10/9/1991,NA
10/10/1991,NA
10/11/1991,NA
10/12/1991,NA
10/13/1991,NA
10/14/1991,NA
10/15/1991,NA
10/16/1991,NA
10/17/1991,NA
10/18/1991,NA
10/19/1991,NA
10/20/1991,NA
10/21/1991,NA
10/22/1991,NA
10/23/1991,NA
10/24/1991,NA
10/25/1991,NA
10/26/1991,NA
10/27/1991,NA
10/28/1991,NA
10/29/1991,NA
10/30/1991,NA
10/31/1991,NA
11/1/1991,NA
11/2/1991,NA
11/3/1991,NA
11/4/1991,NA
11/5/1991,NA
11/6/1991,NA
11/7/1991,NA
11/8/1991,NA
11/9/1991,NA
11/10/1991,NA
11/11/1991,NA
11/12/1991,NA
11/13/1991,NA
11/14/1991,NA
11/15/1991,NA
11/16/1991,NA
11/17/1991,NA
11/18/1991,NA
11/19/1991,NA
11/20/1991,NA
11/21/1991,NA
11/22/1991,NA
11/23/1991,NA
11/24/1991,NA
11/25/1991,NA
11/26/1991,NA
11/27/1991,NA
11/28/1991,NA
11/29/1991,NA
11/30/1991,NA
12/1/1991,NA
12/2/1991,NA
12/3/1991,NA
12/4/1991,NA
12/5/1991,NA
12/6/1991,NA
12/7/1991,NA
12/8/1991,NA
12/9/1991,NA
12/10/1991,NA
12/11/1991,NA
12/12/1991,NA
12/13/1991,NA
12/14/1991,NA
12/15/1991,NA
12/16/1991,NA
12/17/1991,NA
12/18/1991,NA
12/19/1991,NA
12/20/1991,NA
12/21/1991,NA
12/22/1991,NA
12/23/1991,NA
12/24/1991,NA
12/25/1991,NA
12/26/1991,NA
12/27/1991,NA
12/28/1991,NA
12/29/1991,NA
12/30/1991,NA
12/31/1991,NA
1/1/1992,NA
1/2/1992,NA
1/3/1992,NA
1/4/1992,NA
1/5/1992,NA
1/6/1992,NA
1/7/1992,NA
1/8/1992,NA
1/9/1992,NA
1/10/1992,NA
1/11/1992,NA
1/12/1992,NA
1/13/1992,NA
1/14/1992,NA
1/15/1992,NA
1/16/1992,NA
1/17/1992,NA
1/18/1992,NA
1/19/1992,NA
1/20/1992,NA
1/21/1992,NA
1/22/1992,NA
1/23/1992,NA
1/24/1992,NA
1/25/1992,NA
1/26/1992,NA
1/27/1992,NA
1/28/1992,NA
1/29/1992,NA
1/30/1992,NA
1/31/1992,NA
2/1/1992,NA
2/2/1992,NA
2/3/1992,NA
2/4/1992,NA
2/5/1992,NA
2/6/1992,NA
2/7/1992,NA
2/8/1992,NA
2/9/1992,NA
2/10/1992,NA
2/11/1992,NA
2/12/1992,NA
2/13/1992,NA
2/14/1992,NA
2/15/1992,NA
2/16/1992,NA
2/17/1992,NA
2/18/1992,NA
2/19/1992,NA
2/20/1992,NA
2/21/1992,NA
2/22/1992,NA
2/23/1992,NA
2/24/1992,NA
2/25/1992,NA
2/26/1992,NA
2/27/1992,NA
2/28/1992,NA
2/29/1992,NA
3/1/1992,NA
3/2/1992,NA
3/3/1992,NA
3/4/1992,NA
3/5/1992,NA
3/6/1992,NA
3/7/1992,NA
3/8/1992,NA
3/9/1992,NA
3/10/1992,NA
3/11/1992,NA
3/12/1992,NA
3/13/1992,NA
3/14/1992,NA
3/15/1992,NA
3/16/1992,NA
3/17/1992,NA
3/18/1992,NA
3/19/1992,NA
3/20/1992,NA
3/21/1992,NA
3/22/1992,NA
3/23/1992,NA
3/24/1992,NA
3/25/1992,NA
3/26/1992,NA
3/27/1992,NA
3/28/1992,NA
3/29/1992,NA
3/30/1992,NA
3/31/1992,NA
4/1/1992,NA
4/2/1992,NA
4/3/1992,NA
4/4/1992,NA
4/5/1992,NA
4/6/1992,NA
4/7/1992,NA
4/8/1992,NA
4/9/1992,NA
4/10/1992,NA
4/11/1992,NA
4/12/1992,NA
4/13/1992,NA
4/14/1992,NA
4/15/1992,NA
4/16/1992,NA
4/17/1992,NA
4/18/1992,NA
4/19/1992,NA
4/20/1992,NA
4/21/1992,NA
4/22/1992,NA
4/23/1992,NA
4/24/1992,NA
4/25/1992,NA
4/26/1992,NA
4/27/1992,NA
4/28/1992,NA
4/29/1992,NA
4/30/1992,NA
5/1/1992,NA
5/2/1992,NA
5/3/1992,NA
5/4/1992,NA
5/5/1992,NA
5/6/1992,NA
5/7/1992,NA
5/8/1992,NA
5/9/1992,NA
5/10/1992,NA
5/11/1992,NA
5/12/1992,NA
5/13/1992,NA
5/14/1992,NA
5/15/1992,NA
5/16/1992,NA
5/17/1992,NA
5/18/1992,NA
5/19/1992,NA
5/20/1992,NA
5/21/1992,NA
5/22/1992,NA
5/23/1992,NA
5/24/1992,NA
5/25/1992,NA
5/26/1992,NA
5/27/1992,NA
5/28/1992,NA
5/29/1992,NA
5/30/1992,NA
5/31/1992,NA
6/1/1992,NA
6/2/1992,NA
6/3/1992,NA
6/4/1992,NA
6/5/1992,NA
6/6/1992,NA
6/7/1992,NA
6/8/1992,NA
6/9/1992,NA
6/10/1992,NA
6/11/1992,NA
6/12/1992,NA
6/13/1992,NA
6/14/1992,NA
6/15/1992,NA
6/16/1992,NA
6/17/1992,NA
6/18/1992,NA
6/19/1992,NA
6/20/1992,NA
6/21/1992,NA
6/22/1992,NA
6/23/1992,NA
6/24/1992,NA
6/25/1992,NA
6/26/1992,NA
6/27/1992,NA
6/28/1992,NA
6/29/1992,NA
6/30/1992,NA
7/1/1992,NA
7/2/1992,NA
7/3/1992,NA
7/4/1992,NA
7/5/1992,NA
7/6/1992,NA
7/7/1992,NA
7/8/1992,NA
7/9/1992,NA
7/10/1992,NA
7/11/1992,NA
7/12/1992,NA
7/13/1992,NA
7/14/1992,NA
7/15/1992,NA
7/16/1992,NA
7/17/1992,NA
7/18/1992,NA
7/19/1992,NA
7/20/1992,NA
7/21/1992,NA
7/22/1992,NA
7/23/1992,NA
7/24/1992,NA
7/25/1992,NA
7/26/1992,NA
7/27/1992,NA
7/28/1992,NA
7/29/1992,NA
7/30/1992,NA
7/31/1992,NA
8/1/1992,NA
8/2/1992,NA
8/3/1992,NA
8/4/1992,NA
8/5/1992,NA
8/6/1992,NA
8/7/1992,NA
8/8/1992,NA
8/9/1992,NA
8/10/1992,NA
8/11/1992,NA
8/12/1992,NA
8/13/1992,NA
8/14/1992,NA
8/15/1992,NA
8/16/1992,NA
8/17/1992,NA
8/18/1992,NA
8/19/1992,NA
8/20/1992,NA
8/21/1992,NA
8/22/1992,NA
8/23/1992,NA
8/24/1992,NA
8/25/1992,NA
8/26/1992,NA
8/27/1992,NA
8/28/1992,NA
8/29/1992,NA
8/30/1992,NA
8/31/1992,NA
9/1/1992,NA
9/2/1992,NA
9/3/1992,NA
9/4/1992,NA
9/5/1992,NA
9/6/1992,NA
9/7/1992,NA
9/8/1992,NA
9/9/1992,NA
9/10/1992,NA
9/11/1992,NA
9/12/1992,NA
9/13/1992,NA
9/14/1992,NA
9/15/1992,NA
9/16/1992,NA
9/17/1992,NA
9/18/1992,NA
9/19/1992,NA
9/20/1992,NA
9/21/1992,NA
9/22/1992,NA
9/23/1992,NA
9/24/1992,NA
9/25/1992,NA
9/26/1992,NA
9/27/1992,NA
9/28/1992,NA
9/29/1992,NA
9/30/1992,NA
10/1/1992,NA
10/2/1992,NA
10/3/1992,NA
10/4/1992,NA
10/5/1992,NA
10/6/1992,NA
10/7/1992,NA
10/8/1992,NA
10/9/1992,NA
10/10/1992,NA
10/11/1992,NA
10/12/1992,NA
10/13/1992,NA
10/14/1992,NA
10/15/1992,NA
10/16/1992,NA
10/17/1992,NA
10/18/1992,NA
10/19/1992,NA
10/20/1992,NA
10/21/1992,NA
10/22/1992,NA
10/23/1992,NA
10/24/1992,NA
10/25/1992,NA
10/26/1992,NA
10/27/1992,NA
10/28/1992,NA
10/29/1992,NA
10/30/1992,NA
10/31/1992,NA
11/1/1992,NA
11/2/1992,NA
11/3/1992,NA
11/4/1992,NA
11/5/1992,NA
11/6/1992,NA
11/7/1992,NA
11/8/1992,NA
11/9/1992,NA
11/10/1992,NA
11/11/1992,NA
11/12/1992,NA
11/13/1992,NA
11/14/1992,NA
11/15/1992,NA
11/16/1992,NA
11/17/1992,NA
11/18/1992,NA
11/19/1992,NA
11/20/1992,NA
11/21/1992,NA
11/22/1992,NA
11/23/1992,NA
11/24/1992,NA
11/25/1992,NA
11/26/1992,NA
11/27/1992,NA
11/28/1992,NA
11/29/1992,NA
11/30/1992,NA
12/1/1992,NA
12/2/1992,NA
12/3/1992,NA
12/4/1992,NA
12/5/1992,NA
12/6/1992,NA
12/7/1992,NA
12/8/1992,NA
12/9/1992,NA
12/10/1992,NA
12/11/1992,NA
12/12/1992,NA
12/13/1992,NA
12/14/1992,NA
12/15/1992,NA
12/16/1992,NA
12/17/1992,NA
12/18/1992,NA
12/19/1992,NA
12/20/1992,NA
12/21/1992,NA
12/22/1992,NA
12/23/1992,NA
12/24/1992,NA
12/25/1992,NA
12/26/1992,NA
12/27/1992,NA
12/28/1992,NA
12/29/1992,NA
12/30/1992,NA
12/31/1992,NA
1/1/1993,NA
1/2/1993,NA
1/3/1993,NA
1/4/1993,NA
1/5/1993,NA
1/6/1993,NA
1/7/1993,NA
1/8/1993,NA
1/9/1993,NA
1/10/1993,NA
1/11/1993,NA
1/12/1993,NA
1/13/1993,NA
1/14/1993,NA
1/15/1993,NA
1/16/1993,NA
1/17/1993,NA
1/18/1993,NA
1/19/1993,NA
1/20/1993,NA
1/21/1993,NA
1/22/1993,NA
1/23/1993,NA
1/24/1993,NA
1/25/1993,NA
1/26/1993,NA
1/27/1993,NA
1/28/1993,NA
1/29/1993,NA
1/30/1993,NA
1/31/1993,NA
2/1/1993,NA
2/2/1993,NA
2/3/1993,NA
2/4/1993,NA
2/5/1993,NA
2/6/1993,NA
2/7/1993,NA
2/8/1993,NA
2/9/1993,NA
2/10/1993,NA
2/11/1993,NA
2/12/1993,NA
2/13/1993,NA
2/14/1993,NA
2/15/1993,NA
2/16/1993,NA
2/17/1993,NA
2/18/1993,NA
2/19/1993,NA
2/20/1993,NA
2/21/1993,NA
2/22/1993,NA
2/23/1993,NA
2/24/1993,NA
2/25/1993,NA
2/26/1993,NA
2/27/1993,NA
2/28/1993,NA
3/1/1993,NA
3/2/1993,NA
3/3/1993,NA
3/4/1993,NA
3/5/1993,NA
3/6/1993,NA
3/7/1993,NA
3/8/1993,NA
3/9/1993,NA
3/10/1993,NA
3/11/1993,NA
3/12/1993,NA
3/13/1993,NA
3/14/1993,NA
3/15/1993,NA
3/16/1993,NA
3/17/1993,NA
3/18/1993,NA
3/19/1993,NA
3/20/1993,NA
3/21/1993,NA
3/22/1993,NA
3/23/1993,NA
3/24/1993,NA
3/25/1993,NA
3/26/1993,NA
3/27/1993,NA
3/28/1993,NA
3/29/1993,NA
3/30/1993,NA
3/31/1993,NA
4/1/1993,NA
4/2/1993,NA
4/3/1993,NA
4/4/1993,NA
4/5/1993,NA
4/6/1993,NA
4/7/1993,NA
4/8/1993,NA
4/9/1993,NA
4/10/1993,NA
4/11/1993,NA
4/12/1993,NA
4/13/1993,NA
4/14/1993,NA
4/15/1993,NA
4/16/1993,NA
4/17/1993,NA
4/18/1993,NA
4/19/1993,NA
4/20/1993,NA
4/21/1993,NA
4/22/1993,NA
4/23/1993,NA
4/24/1993,NA
4/25/1993,NA
4/26/1993,NA
4/27/1993,NA
4/28/1993,NA
4/29/1993,NA
4/30/1993,NA
5/1/1993,NA
5/2/1993,NA
5/3/1993,NA
5/4/1993,NA
5/5/1993,NA
5/6/1993,NA
5/7/1993,NA
5/8/1993,NA
5/9/1993,NA
5/10/1993,NA
5/11/1993,NA
5/12/1993,NA
5/13/1993,NA
5/14/1993,NA
5/15/1993,NA
5/16/1993,NA
5/17/1993,NA
5/18/1993,NA
5/19/1993,NA
5/20/1993,NA
5/21/1993,NA
5/22/1993,NA
5/23/1993,NA
5/24/1993,NA
5/25/1993,NA
5/26/1993,NA
5/27/1993,NA
5/28/1993,NA
5/29/1993,NA
5/30/1993,NA
5/31/1993,NA
6/1/1993,NA
6/2/1993,NA
6/3/1993,NA
6/4/1993,NA
6/5/1993,NA
6/6/1993,NA
6/7/1993,NA
6/8/1993,NA
6/9/1993,NA
6/10/1993,NA
6/11/1993,NA
6/12/1993,NA
6/13/1993,NA
6/14/1993,NA
6/15/1993,NA
6/16/1993,NA
6/17/1993,NA
6/18/1993,NA
6/19/1993,NA
6/20/1993,NA
6/21/1993,NA
6/22/1993,NA
6/23/1993,NA
6/24/1993,NA
6/25/1993,NA
6/26/1993,NA
6/27/1993,NA
6/28/1993,NA
6/29/1993,NA
6/30/1993,NA
7/1/1993,NA
7/2/1993,NA
7/3/1993,NA
7/4/1993,NA
7/5/1993,NA
7/6/1993,NA
7/7/1993,NA
7/8/1993,NA
7/9/1993,NA
7/10/1993,NA
7/11/1993,NA
7/12/1993,NA
7/13/1993,NA
7/14/1993,NA
7/15/1993,NA
7/16/1993,NA
7/17/1993,NA
7/18/1993,NA
7/19/1993,NA
7/20/1993,NA
7/21/1993,NA
7/22/1993,NA
7/23/1993,NA
7/24/1993,NA
7/25/1993,NA
7/26/1993,NA
7/27/1993,NA
7/28/1993,NA
7/29/1993,NA
7/30/1993,NA
7/31/1993,NA
8/1/1993,NA
8/2/1993,NA
8/3/1993,NA
8/4/1993,NA
8/5/1993,NA
8/6/1993,NA
8/7/1993,NA
8/8/1993,NA
8/9/1993,NA
8/10/1993,NA
8/11/1993,NA
8/12/1993,NA
8/13/1993,NA
8/14/1993,NA
8/15/1993,NA
8/16/1993,NA
8/17/1993,NA
8/18/1993,NA
8/19/1993,NA
8/20/1993,NA
8/21/1993,NA
8/22/1993,NA
8/23/1993,NA
8/24/1993,NA
8/25/1993,NA
8/26/1993,NA
8/27/1993,NA
8/28/1993,NA
8/29/1993,NA
8/30/1993,NA
8/31/1993,NA
9/1/1993,NA
9/2/1993,NA
9/3/1993,NA
9/4/1993,NA
9/5/1993,NA
9/6/1993,NA
9/7/1993,NA
9/8/1993,NA
9/9/1993,NA
9/10/1993,NA
9/11/1993,NA
9/12/1993,NA
9/13/1993,NA
9/14/1993,NA
9/15/1993,NA
9/16/1993,NA
9/17/1993,NA
9/18/1993,NA
9/19/1993,NA
9/20/1993,NA
9/21/1993,NA
9/22/1993,NA
9/23/1993,NA
9/24/1993,NA
9/25/1993,NA
9/26/1993,NA
9/27/1993,NA
9/28/1993,NA
9/29/1993,NA
9/30/1993,NA
10/1/1993,NA
10/2/1993,NA
10/3/1993,NA
10/4/1993,NA
10/5/1993,NA
10/6/1993,NA
10/7/1993,NA
10/8/1993,NA
10/9/1993,NA
10/10/1993,NA
10/11/1993,NA
10/12/1993,NA
10/13/1993,NA
10/14/1993,NA
10/15/1993,NA
10/16/1993,NA
10/17/1993,NA
10/18/1993,NA
10/19/1993,NA
10/20/1993,NA
10/21/1993,NA
10/22/1993,NA
10/23/1993,NA
10/24/1993,NA
10/25/1993,NA
10/26/1993,NA
10/27/1993,NA
10/28/1993,NA
10/29/1993,NA
10/30/1993,NA
10/31/1993,NA
11/1/1993,NA
11/2/1993,NA
11/3/1993,NA
11/4/1993,NA
11/5/1993,NA
11/6/1993,NA
11/7/1993,NA
11/8/1993,NA
11/9/1993,NA
11/10/1993,NA
11/11/1993,NA
11/12/1993,NA
11/13/1993,NA
11/14/1993,NA
11/15/1993,NA
11/16/1993,NA
11/17/1993,NA
11/18/1993,NA
11/19/1993,NA
11/20/1993,NA
11/21/1993,NA
11/22/1993,NA
11/23/1993,NA
11/24/1993,NA
11/25/1993,NA
11/26/1993,NA
11/27/1993,NA
11/28/1993,NA
11/29/1993,NA
11/30/1993,NA
12/1/1993,NA
12/2/1993,NA
12/3/1993,NA
12/4/1993,NA
12/5/1993,NA
12/6/1993,NA
12/7/1993,NA
12/8/1993,NA
12/9/1993,NA
12/10/1993,NA
12/11/1993,NA
12/12/1993,NA
12/13/1993,NA
12/14/1993,NA
12/15/1993,NA
12/16/1993,NA
12/17/1993,NA
12/18/1993,NA
12/19/1993,NA
12/20/1993,NA
12/21/1993,NA
12/22/1993,NA
12/23/1993,NA
12/24/1993,NA
12/25/1993,NA
12/26/1993,NA
12/27/1993,NA
12/28/1993,NA
12/29/1993,NA
12/30/1993,NA
12/31/1993,NA
1/1/1994,NA
1/2/1994,NA
1/3/1994,NA
1/4/1994,NA
1/5/1994,NA
1/6/1994,NA
1/7/1994,NA
1/8/1994,NA
1/9/1994,NA
1/10/1994,NA
1/11/1994,NA
1/12/1994,NA
1/13/1994,NA
1/14/1994,NA
1/15/1994,NA
1/16/1994,NA
1/17/1994,NA
1/18/1994,NA
1/19/1994,NA
1/20/1994,NA
1/21/1994,NA
1/22/1994,NA
1/23/1994,NA
1/24/1994,NA
1/25/1994,NA
1/26/1994,NA
1/27/1994,NA
1/28/1994,NA
1/29/1994,NA
1/30/1994,NA
1/31/1994,NA
2/1/1994,NA
2/2/1994,NA
2/3/1994,NA
2/4/1994,NA
2/5/1994,NA
2/6/1994,NA
2/7/1994,NA
2/8/1994,NA
2/9/1994,NA
2/10/1994,NA
2/11/1994,NA
2/12/1994,NA
2/13/1994,NA
2/14/1994,NA
2/15/1994,NA
2/16/1994,NA
2/17/1994,NA
2/18/1994,NA
2/19/1994,NA
2/20/1994,NA
2/21/1994,NA
2/22/1994,NA
2/23/1994,NA
2/24/1994,NA
2/25/1994,NA
2/26/1994,NA
2/27/1994,NA
2/28/1994,NA
3/1/1994,NA
3/2/1994,NA
3/3/1994,NA
3/4/1994,NA
3/5/1994,NA
3/6/1994,NA
3/7/1994,NA
3/8/1994,NA
3/9/1994,NA
3/10/1994,NA
3/11/1994,NA
3/12/1994,NA
3/13/1994,NA
3/14/1994,NA
3/15/1994,NA
3/16/1994,NA
3/17/1994,NA
3/18/1994,NA
3/19/1994,NA
3/20/1994,NA
3/21/1994,NA
3/22/1994,NA
3/23/1994,NA
3/24/1994,NA
3/25/1994,NA
3/26/1994,NA
3/27/1994,NA
3/28/1994,NA
3/29/1994,NA
3/30/1994,NA
3/31/1994,NA
4/1/1994,NA
4/2/1994,NA
4/3/1994,NA
4/4/1994,NA
4/5/1994,NA
4/6/1994,NA
4/7/1994,NA
4/8/1994,NA
4/9/1994,NA
4/10/1994,NA
4/11/1994,NA
4/12/1994,NA
4/13/1994,NA
4/14/1994,NA
4/15/1994,NA
4/16/1994,NA
4/17/1994,NA
4/18/1994,NA
4/19/1994,NA
4/20/1994,NA
4/21/1994,NA
4/22/1994,NA
4/23/1994,NA
4/24/1994,NA
4/25/1994,NA
4/26/1994,NA
4/27/1994,NA
4/28/1994,NA
4/29/1994,NA
4/30/1994,NA
5/1/1994,NA
5/2/1994,NA
5/3/1994,NA
5/4/1994,NA
5/5/1994,NA
5/6/1994,NA
5/7/1994,NA
5/8/1994,NA
5/9/1994,NA
5/10/1994,NA
5/11/1994,NA
5/12/1994,NA
5/13/1994,NA
5/14/1994,NA
5/15/1994,NA
5/16/1994,NA
5/17/1994,NA
5/18/1994,NA
5/19/1994,NA
5/20/1994,NA
5/21/1994,NA
5/22/1994,NA
5/23/1994,NA
5/24/1994,NA
5/25/1994,NA
5/26/1994,NA
5/27/1994,NA
5/28/1994,NA
5/29/1994,NA
5/30/1994,NA
5/31/1994,NA
6/1/1994,NA
6/2/1994,NA
6/3/1994,NA
6/4/1994,NA
6/5/1994,NA
6/6/1994,NA
6/7/1994,NA
6/8/1994,NA
6/9/1994,NA
6/10/1994,NA
6/11/1994,NA
6/12/1994,NA
6/13/1994,NA
6/14/1994,NA
6/15/1994,NA
6/16/1994,NA
6/17/1994,NA
6/18/1994,NA
6/19/1994,NA
6/20/1994,NA
6/21/1994,NA
6/22/1994,NA
6/23/1994,NA
6/24/1994,NA
6/25/1994,NA
6/26/1994,NA
6/27/1994,NA
6/28/1994,NA
6/29/1994,NA
6/30/1994,NA
7/1/1994,NA
7/2/1994,NA
7/3/1994,NA
7/4/1994,NA
7/5/1994,NA
7/6/1994,NA
7/7/1994,NA
7/8/1994,NA
7/9/1994,NA
7/10/1994,NA
7/11/1994,NA
7/12/1994,NA
7/13/1994,NA
7/14/1994,NA
7/15/1994,NA
7/16/1994,NA
7/17/1994,NA
7/18/1994,NA
7/19/1994,NA
7/20/1994,NA
7/21/1994,NA
7/22/1994,NA
7/23/1994,NA
7/24/1994,NA
7/25/1994,NA
7/26/1994,NA
7/27/1994,NA
7/28/1994,NA
7/29/1994,NA
7/30/1994,NA
7/31/1994,NA
8/1/1994,NA
8/2/1994,NA
8/3/1994,NA
8/4/1994,NA
8/5/1994,NA
8/6/1994,NA
8/7/1994,NA
8/8/1994,NA
8/9/1994,NA
8/10/1994,NA
8/11/1994,NA
8/12/1994,NA
8/13/1994,NA
8/14/1994,NA
8/15/1994,NA
8/16/1994,NA
8/17/1994,NA
8/18/1994,NA
8/19/1994,NA
8/20/1994,NA
8/21/1994,NA
8/22/1994,NA
8/23/1994,NA
8/24/1994,NA
8/25/1994,NA
8/26/1994,NA
8/27/1994,NA
8/28/1994,NA
8/29/1994,NA
8/30/1994,NA
8/31/1994,NA
9/1/1994,NA
9/2/1994,NA
9/3/1994,NA
9/4/1994,NA
9/5/1994,NA
9/6/1994,NA
9/7/1994,NA
9/8/1994,NA
9/9/1994,NA
9/10/1994,NA
9/11/1994,NA
9/12/1994,NA
9/13/1994,NA
9/14/1994,NA
9/15/1994,NA
9/16/1994,NA
9/17/1994,NA
9/18/1994,NA
9/19/1994,NA
9/20/1994,NA
9/21/1994,NA
9/22/1994,NA
9/23/1994,NA
9/24/1994,NA
9/25/1994,NA
9/26/1994,NA
9/27/1994,NA
9/28/1994,NA
9/29/1994,NA
9/30/1994,NA
10/1/1994,NA
10/2/1994,NA
10/3/1994,NA
10/4/1994,NA
10/5/1994,NA
10/6/1994,NA
10/7/1994,NA
10/8/1994,NA
10/9/1994,NA
10/10/1994,NA
10/11/1994,NA
10/12/1994,NA
10/13/1994,NA
10/14/1994,NA
10/15/1994,NA
10/16/1994,NA
10/17/1994,NA
10/18/1994,NA
10/19/1994,NA
10/20/1994,NA
10/21/1994,NA
10/22/1994,NA
10/23/1994,NA
10/24/1994,NA
10/25/1994,NA
10/26/1994,NA
10/27/1994,NA
10/28/1994,NA
10/29/1994,NA
10/30/1994,NA
10/31/1994,NA
11/1/1994,NA
11/2/1994,NA
11/3/1994,NA
11/4/1994,NA
11/5/1994,NA
11/6/1994,NA
11/7/1994,NA
11/8/1994,NA
11/9/1994,NA
11/10/1994,NA
11/11/1994,NA
11/12/1994,NA
11/13/1994,NA
11/14/1994,NA
11/15/1994,NA
11/16/1994,NA
11/17/1994,NA
11/18/1994,NA
11/19/1994,NA
11/20/1994,NA
11/21/1994,NA
11/22/1994,NA
11/23/1994,NA
11/24/1994,NA
11/25/1994,NA
11/26/1994,NA
11/27/1994,NA
11/28/1994,NA
11/29/1994,NA
11/30/1994,NA
12/1/1994,NA
12/2/1994,NA
12/3/1994,NA
12/4/1994,NA
12/5/1994,NA
12/6/1994,NA
12/7/1994,NA
12/8/1994,NA
12/9/1994,NA
12/10/1994,NA
12/11/1994,NA
12/12/1994,NA
12/13/1994,NA
12/14/1994,NA
12/15/1994,NA
12/16/1994,NA
12/17/1994,NA
12/18/1994,NA
12/19/1994,NA
12/20/1994,NA
12/21/1994,NA
12/22/1994,NA
12/23/1994,NA
12/24/1994,NA
12/25/1994,NA
12/26/1994,NA
12/27/1994,NA
12/28/1994,NA
12/29/1994,NA
12/30/1994,NA
12/31/1994,NA
1/1/1995,NA
1/2/1995,NA
1/3/1995,NA
1/4/1995,NA
1/5/1995,NA
1/6/1995,NA
1/7/1995,NA
1/8/1995,NA
1/9/1995,NA
1/10/1995,NA
1/11/1995,NA
1/12/1995,NA
1/13/1995,NA
1/14/1995,NA
1/15/1995,NA
1/16/1995,NA
1/17/1995,NA
1/18/1995,NA
1/19/1995,NA
1/20/1995,NA
1/21/1995,NA
1/22/1995,NA
1/23/1995,NA
1/24/1995,NA
1/25/1995,NA
1/26/1995,NA
1/27/1995,NA
1/28/1995,NA
1/29/1995,NA
1/30/1995,NA
1/31/1995,NA
2/1/1995,NA
2/2/1995,NA
2/3/1995,NA
2/4/1995,NA
2/5/1995,NA
2/6/1995,NA
2/7/1995,NA
2/8/1995,NA
2/9/1995,NA
2/10/1995,NA
2/11/1995,NA
2/12/1995,NA
2/13/1995,NA
2/14/1995,NA
2/15/1995,NA
2/16/1995,NA
2/17/1995,NA
2/18/1995,NA
2/19/1995,NA
2/20/1995,NA
2/21/1995,NA
2/22/1995,NA
2/23/1995,NA
2/24/1995,NA
2/25/1995,NA
2/26/1995,NA
2/27/1995,NA
2/28/1995,NA
3/1/1995,NA
3/2/1995,NA
3/3/1995,NA
3/4/1995,NA
3/5/1995,NA
3/6/1995,NA
3/7/1995,NA
3/8/1995,NA
3/9/1995,NA
3/10/1995,NA
3/11/1995,NA
3/12/1995,NA
3/13/1995,NA
3/14/1995,NA
3/15/1995,NA
3/16/1995,NA
3/17/1995,NA
3/18/1995,NA
3/19/1995,NA
3/20/1995,NA
3/21/1995,NA
3/22/1995,NA
3/23/1995,NA
3/24/1995,NA
3/25/1995,NA
3/26/1995,NA
3/27/1995,NA
3/28/1995,NA
3/29/1995,NA
3/30/1995,NA
3/31/1995,NA
4/1/1995,NA
4/2/1995,NA
4/3/1995,NA
4/4/1995,NA
4/5/1995,NA
4/6/1995,NA
4/7/1995,NA
4/8/1995,NA
4/9/1995,NA
4/10/1995,NA
4/11/1995,NA
4/12/1995,NA
4/13/1995,NA
4/14/1995,NA
4/15/1995,NA
4/16/1995,NA
4/17/1995,NA
4/18/1995,NA
4/19/1995,NA
4/20/1995,NA
4/21/1995,NA
4/22/1995,NA
4/23/1995,NA
4/24/1995,NA
4/25/1995,NA
4/26/1995,NA
4/27/1995,NA
4/28/1995,NA
4/29/1995,NA
4/30/1995,NA
5/1/1995,NA
5/2/1995,NA
5/3/1995,NA
5/4/1995,NA
5/5/1995,NA
5/6/1995,NA
5/7/1995,NA
5/8/1995,NA
5/9/1995,NA
5/10/1995,NA
5/11/1995,NA
5/12/1995,NA
5/13/1995,NA
5/14/1995,NA
5/15/1995,NA
5/16/1995,NA
5/17/1995,NA
5/18/1995,NA
5/19/1995,NA
5/20/1995,NA
5/21/1995,NA
5/22/1995,NA
5/23/1995,NA
5/24/1995,NA
5/25/1995,NA
5/26/1995,NA
5/27/1995,NA
5/28/1995,NA
5/29/1995,NA
5/30/1995,NA
5/31/1995,NA
6/1/1995,NA
6/2/1995,NA
6/3/1995,NA
6/4/1995,NA
6/5/1995,NA
6/6/1995,NA
6/7/1995,NA
6/8/1995,NA
6/9/1995,NA
6/10/1995,NA
6/11/1995,NA
6/12/1995,NA
6/13/1995,NA
6/14/1995,NA
6/15/1995,NA
6/16/1995,NA
6/17/1995,NA
6/18/1995,NA
6/19/1995,NA
6/20/1995,NA
6/21/1995,NA
6/22/1995,NA
6/23/1995,NA
6/24/1995,NA
6/25/1995,NA
6/26/1995,NA
6/27/1995,NA
6/28/1995,NA
6/29/1995,NA
6/30/1995,NA
7/1/1995,NA
7/2/1995,NA
7/3/1995,NA
7/4/1995,NA
7/5/1995,NA
7/6/1995,NA
7/7/1995,NA
7/8/1995,NA
7/9/1995,NA
7/10/1995,NA
7/11/1995,NA
7/12/1995,NA
7/13/1995,NA
7/14/1995,NA
7/15/1995,NA
7/16/1995,NA
7/17/1995,NA
7/18/1995,NA
7/19/1995,NA
7/20/1995,NA
7/21/1995,NA
7/22/1995,NA
7/23/1995,NA
7/24/1995,NA
7/25/1995,NA
7/26/1995,NA
7/27/1995,NA
7/28/1995,NA
7/29/1995,NA
7/30/1995,NA
7/31/1995,NA
8/1/1995,NA
8/2/1995,NA
8/3/1995,NA
8/4/1995,NA
8/5/1995,NA
8/6/1995,NA
8/7/1995,NA
8/8/1995,NA
8/9/1995,NA
8/10/1995,NA
8/11/1995,NA
8/12/1995,NA
8/13/1995,NA
8/14/1995,NA
8/15/1995,NA
8/16/1995,NA
8/17/1995,NA
8/18/1995,NA
8/19/1995,NA
8/20/1995,NA
8/21/1995,NA
8/22/1995,NA
8/23/1995,NA
8/24/1995,NA
8/25/1995,NA
8/26/1995,NA
8/27/1995,NA
8/28/1995,NA
8/29/1995,NA
8/30/1995,NA
8/31/1995,NA
9/1/1995,NA
9/2/1995,NA
9/3/1995,NA
9/4/1995,NA
9/5/1995,NA
9/6/1995,NA
9/7/1995,NA
9/8/1995,NA
9/9/1995,NA
9/10/1995,NA
9/11/1995,NA
9/12/1995,NA
9/13/1995,NA
9/14/1995,NA
9/15/1995,NA
9/16/1995,NA
9/17/1995,NA
9/18/1995,NA
9/19/1995,NA
9/20/1995,NA
9/21/1995,NA
9/22/1995,NA
9/23/1995,NA
9/24/1995,NA
9/25/1995,NA
9/26/1995,NA
9/27/1995,NA
9/28/1995,NA
9/29/1995,NA
9/30/1995,NA
10/1/1995,NA
10/2/1995,NA
10/3/1995,NA
10/4/1995,NA
10/5/1995,NA
10/6/1995,NA
10/7/1995,NA
10/8/1995,NA
10/9/1995,NA
10/10/1995,NA
10/11/1995,NA
10/12/1995,NA
10/13/1995,NA
10/14/1995,NA
10/15/1995,NA
10/16/1995,NA
10/17/1995,NA
10/18/1995,NA
10/19/1995,NA
10/20/1995,NA
10/21/1995,NA
10/22/1995,NA
10/23/1995,NA
10/24/1995,NA
10/25/1995,NA
10/26/1995,NA
10/27/1995,NA
10/28/1995,NA
10/29/1995,NA
10/30/1995,NA
10/31/1995,NA
11/1/1995,NA
11/2/1995,NA
11/3/1995,NA
11/4/1995,NA
11/5/1995,NA
11/6/1995,NA
11/7/1995,NA
11/8/1995,NA
11/9/1995,NA
11/10/1995,NA
11/11/1995,NA
11/12/1995,NA
11/13/1995,NA
11/14/1995,NA
11/15/1995,NA
11/16/1995,NA
11/17/1995,NA
11/18/1995,NA
11/19/1995,NA
11/20/1995,NA
11/21/1995,NA
11/22/1995,NA
11/23/1995,NA
11/24/1995,NA
11/25/1995,NA
11/26/1995,NA
11/27/1995,NA
11/28/1995,NA
11/29/1995,NA
11/30/1995,NA
12/1/1995,NA
12/2/1995,NA
12/3/1995,NA
12/4/1995,NA
12/5/1995,NA
12/6/1995,NA
12/7/1995,NA
12/8/1995,NA
12/9/1995,NA
12/10/1995,NA
12/11/1995,NA
12/12/1995,NA
12/13/1995,NA
12/14/1995,NA
12/15/1995,NA
12/16/1995,NA
12/17/1995,NA
12/18/1995,NA
12/19/1995,NA
12/20/1995,NA
12/21/1995,NA
12/22/1995,NA
12/23/1995,NA
12/24/1995,NA
12/25/1995,NA
12/26/1995,NA
12/27/1995,NA
12/28/1995,NA
12/29/1995,NA
12/30/1995,NA
12/31/1995,NA
1/1/1996,NA
1/2/1996,NA
1/3/1996,NA
1/4/1996,NA
1/5/1996,NA
1/6/1996,NA
1/7/1996,NA
1/8/1996,NA
1/9/1996,NA
1/10/1996,NA
1/11/1996,NA
1/12/1996,NA
1/13/1996,NA
1/14/1996,NA
1/15/1996,NA
1/16/1996,NA
1/17/1996,NA
1/18/1996,NA
1/19/1996,NA
1/20/1996,NA
1/21/1996,NA
1/22/1996,NA
1/23/1996,NA
1/24/1996,NA
1/25/1996,NA
1/26/1996,NA
1/27/1996,NA
1/28/1996,NA
1/29/1996,NA
1/30/1996,NA
1/31/1996,NA
2/1/1996,NA
2/2/1996,NA
2/3/1996,NA
2/4/1996,NA
2/5/1996,NA
2/6/1996,NA
2/7/1996,NA
2/8/1996,NA
2/9/1996,NA
2/10/1996,NA
2/11/1996,NA
2/12/1996,NA
2/13/1996,NA
2/14/1996,NA
2/15/1996,NA
2/16/1996,NA
2/17/1996,NA
2/18/1996,NA
2/19/1996,NA
2/20/1996,NA
2/21/1996,NA
2/22/1996,NA
2/23/1996,NA
2/24/1996,NA
2/25/1996,NA
2/26/1996,NA
2/27/1996,NA
2/28/1996,NA
2/29/1996,NA
3/1/1996,NA
3/2/1996,NA
3/3/1996,NA
3/4/1996,NA
3/5/1996,NA
3/6/1996,NA
3/7/1996,NA
3/8/1996,NA
3/9/1996,NA
3/10/1996,NA
3/11/1996,NA
3/12/1996,NA
3/13/1996,NA
3/14/1996,NA
3/15/1996,NA
3/16/1996,NA
3/17/1996,NA
3/18/1996,NA
3/19/1996,NA
3/20/1996,NA
3/21/1996,NA
3/22/1996,NA
3/23/1996,NA
3/24/1996,NA
3/25/1996,NA
3/26/1996,NA
3/27/1996,NA
3/28/1996,NA
3/29/1996,NA
3/30/1996,NA
3/31/1996,NA
4/1/1996,NA
4/2/1996,NA
4/3/1996,NA
4/4/1996,NA
4/5/1996,NA
4/6/1996,NA
4/7/1996,NA
4/8/1996,NA
4/9/1996,NA
4/10/1996,NA
4/11/1996,NA
4/12/1996,NA
4/13/1996,NA
4/14/1996,NA
4/15/1996,NA
4/16/1996,NA
4/17/1996,NA
4/18/1996,NA
4/19/1996,NA
4/20/1996,NA
4/21/1996,NA
4/22/1996,NA
4/23/1996,NA
4/24/1996,NA
4/25/1996,NA
4/26/1996,NA
4/27/1996,NA
4/28/1996,NA
4/29/1996,NA
4/30/1996,NA
5/1/1996,NA
5/2/1996,NA
5/3/1996,NA
5/4/1996,NA
5/5/1996,NA
5/6/1996,NA
5/7/1996,NA
5/8/1996,NA
5/9/1996,NA
5/10/1996,NA
5/11/1996,NA
5/12/1996,NA
5/13/1996,NA
5/14/1996,NA
5/15/1996,NA
5/16/1996,NA
5/17/1996,NA
5/18/1996,NA
5/19/1996,NA
5/20/1996,NA
5/21/1996,NA
5/22/1996,NA
5/23/1996,NA
5/24/1996,NA
5/25/1996,NA
5/26/1996,NA
5/27/1996,NA
5/28/1996,NA
5/29/1996,NA
5/30/1996,NA
5/31/1996,NA
6/1/1996,NA
6/2/1996,NA
6/3/1996,NA
6/4/1996,NA
6/5/1996,NA
6/6/1996,NA
6/7/1996,NA
6/8/1996,NA
6/9/1996,NA
6/10/1996,NA
6/11/1996,NA
6/12/1996,NA
6/13/1996,NA
6/14/1996,NA
6/15/1996,NA
6/16/1996,NA
6/17/1996,NA
6/18/1996,NA
6/19/1996,NA
6/20/1996,NA
6/21/1996,NA
6/22/1996,NA
6/23/1996,NA
6/24/1996,NA
6/25/1996,NA
6/26/1996,NA
6/27/1996,NA
6/28/1996,NA
6/29/1996,NA
6/30/1996,NA
7/1/1996,NA
7/2/1996,NA
7/3/1996,NA
7/4/1996,NA
7/5/1996,NA
7/6/1996,NA
7/7/1996,NA
7/8/1996,NA
7/9/1996,NA
7/10/1996,NA
7/11/1996,NA
7/12/1996,NA
7/13/1996,NA
7/14/1996,NA
7/15/1996,NA
7/16/1996,NA
7/17/1996,NA
7/18/1996,NA
7/19/1996,NA
7/20/1996,NA
7/21/1996,NA
7/22/1996,NA
7/23/1996,NA
7/24/1996,NA
7/25/1996,NA
7/26/1996,NA
7/27/1996,NA
7/28/1996,NA
7/29/1996,NA
7/30/1996,NA
7/31/1996,NA
8/1/1996,NA
8/2/1996,NA
8/3/1996,NA
8/4/1996,NA
8/5/1996,NA
8/6/1996,NA
8/7/1996,NA
8/8/1996,NA
8/9/1996,NA
8/10/1996,NA
8/11/1996,NA
8/12/1996,NA
8/13/1996,NA
8/14/1996,NA
8/15/1996,NA
8/16/1996,NA
8/17/1996,NA
8/18/1996,NA
8/19/1996,NA
8/20/1996,NA
8/21/1996,NA
8/22/1996,NA
8/23/1996,NA
8/24/1996,NA
8/25/1996,NA
8/26/1996,NA
8/27/1996,NA
8/28/1996,NA
8/29/1996,NA
8/30/1996,NA
8/31/1996,NA
9/1/1996,NA
9/2/1996,NA
9/3/1996,NA
9/4/1996,NA
9/5/1996,NA
9/6/1996,NA
9/7/1996,NA
9/8/1996,NA
9/9/1996,NA
9/10/1996,NA
9/11/1996,NA
9/12/1996,NA
9/13/1996,NA
9/14/1996,NA
9/15/1996,NA
9/16/1996,NA
9/17/1996,NA
9/18/1996,NA
9/19/1996,NA
9/20/1996,NA
9/21/1996,NA
9/22/1996,NA
9/23/1996,NA
9/24/1996,NA
9/25/1996,NA
9/26/1996,NA
9/27/1996,NA
9/28/1996,NA
9/29/1996,NA
9/30/1996,NA
10/1/1996,NA
10/2/1996,NA
10/3/1996,NA
10/4/1996,NA
10/5/1996,NA
10/6/1996,NA
10/7/1996,NA
10/8/1996,NA
10/9/1996,NA
10/10/1996,NA
10/11/1996,NA
10/12/1996,NA
10/13/1996,NA
10/14/1996,NA
10/15/1996,NA
10/16/1996,NA
10/17/1996,NA
10/18/1996,NA
10/19/1996,NA
10/20/1996,NA
10/21/1996,NA
10/22/1996,NA
10/23/1996,NA
10/24/1996,NA
10/25/1996,NA
10/26/1996,NA
10/27/1996,NA
10/28/1996,NA
10/29/1996,NA
10/30/1996,NA
10/31/1996,NA
11/1/1996,NA
11/2/1996,NA
11/3/1996,NA
11/4/1996,NA
11/5/1996,NA
11/6/1996,NA
11/7/1996,NA
11/8/1996,NA
11/9/1996,NA
11/10/1996,NA
11/11/1996,NA
11/12/1996,NA
11/13/1996,NA
11/14/1996,NA
11/15/1996,NA
11/16/1996,NA
11/17/1996,NA
11/18/1996,NA
11/19/1996,NA
11/20/1996,NA
11/21/1996,NA
11/22/1996,NA
11/23/1996,NA
11/24/1996,NA
11/25/1996,NA
11/26/1996,NA
11/27/1996,NA
11/28/1996,NA
11/29/1996,NA
11/30/1996,NA
12/1/1996,NA
12/2/1996,NA
12/3/1996,NA
12/4/1996,NA
12/5/1996,NA
12/6/1996,NA
12/7/1996,NA
12/8/1996,NA
12/9/1996,NA
12/10/1996,NA
12/11/1996,NA
12/12/1996,NA
12/13/1996,NA
12/14/1996,NA
12/15/1996,NA
12/16/1996,NA
12/17/1996,NA
12/18/1996,NA
12/19/1996,NA
12/20/1996,NA
12/21/1996,NA
12/22/1996,NA
12/23/1996,NA
12/24/1996,NA
12/25/1996,NA
12/26/1996,NA
12/27/1996,NA
12/28/1996,NA
12/29/1996,NA
12/30/1996,NA
12/31/1996,NA
1/1/1997,NA
1/2/1997,NA
1/3/1997,NA
1/4/1997,NA
1/5/1997,NA
1/6/1997,NA
1/7/1997,NA
1/8/1997,NA
1/9/1997,NA
1/10/1997,NA
1/11/1997,NA
1/12/1997,NA
1/13/1997,NA
1/14/1997,NA
1/15/1997,NA
1/16/1997,NA
1/17/1997,NA
1/18/1997,NA
1/19/1997,NA
1/20/1997,NA
1/21/1997,NA
1/22/1997,NA
1/23/1997,NA
1/24/1997,NA
1/25/1997,NA
1/26/1997,NA
1/27/1997,NA
1/28/1997,NA
1/29/1997,NA
1/30/1997,NA
1/31/1997,NA
2/1/1997,NA
2/2/1997,NA
2/3/1997,NA
2/4/1997,NA
2/5/1997,NA
2/6/1997,NA
2/7/1997,NA
2/8/1997,NA
2/9/1997,NA
2/10/1997,NA
2/11/1997,NA
2/12/1997,NA
2/13/1997,NA
2/14/1997,NA
2/15/1997,NA
2/16/1997,NA
2/17/1997,NA
2/18/1997,NA
2/19/1997,NA
2/20/1997,NA
2/21/1997,NA
2/22/1997,NA
2/23/1997,NA
2/24/1997,NA
2/25/1997,NA
2/26/1997,NA
2/27/1997,NA
2/28/1997,NA
3/1/1997,NA
3/2/1997,NA
3/3/1997,NA
3/4/1997,NA
3/5/1997,NA
3/6/1997,NA
3/7/1997,NA
3/8/1997,NA
3/9/1997,NA
3/10/1997,NA
3/11/1997,NA
3/12/1997,NA
3/13/1997,NA
3/14/1997,NA
3/15/1997,NA
3/16/1997,NA
3/17/1997,NA
3/18/1997,NA
3/19/1997,NA
3/20/1997,NA
3/21/1997,NA
3/22/1997,NA
3/23/1997,NA
3/24/1997,NA
3/25/1997,NA
3/26/1997,NA
3/27/1997,NA
3/28/1997,NA
3/29/1997,NA
3/30/1997,NA
3/31/1997,NA
4/1/1997,NA
4/2/1997,NA
4/3/1997,NA
4/4/1997,NA
4/5/1997,NA
4/6/1997,NA
4/7/1997,NA
4/8/1997,NA
4/9/1997,NA
4/10/1997,NA
4/11/1997,NA
4/12/1997,NA
4/13/1997,NA
4/14/1997,NA
4/15/1997,NA
4/16/1997,NA
4/17/1997,NA
4/18/1997,NA
4/19/1997,NA
4/20/1997,NA
4/21/1997,NA
4/22/1997,NA
4/23/1997,NA
4/24/1997,NA
4/25/1997,NA
4/26/1997,NA
4/27/1997,NA
4/28/1997,NA
4/29/1997,NA
4/30/1997,NA
5/1/1997,NA
5/2/1997,NA
5/3/1997,NA
5/4/1997,NA
5/5/1997,NA
5/6/1997,NA
5/7/1997,NA
5/8/1997,NA
5/9/1997,NA
5/10/1997,NA
5/11/1997,NA
5/12/1997,NA
5/13/1997,NA
5/14/1997,NA
5/15/1997,NA
5/16/1997,NA
5/17/1997,NA
5/18/1997,NA
5/19/1997,NA
5/20/1997,NA
5/21/1997,NA
5/22/1997,NA
5/23/1997,NA
5/24/1997,NA
5/25/1997,NA
5/26/1997,NA
5/27/1997,NA
5/28/1997,NA
5/29/1997,NA
5/30/1997,NA
5/31/1997,NA
6/1/1997,NA
6/2/1997,NA
6/3/1997,NA
6/4/1997,NA
6/5/1997,NA
6/6/1997,NA
6/7/1997,NA
6/8/1997,NA
6/9/1997,NA
6/10/1997,NA
6/11/1997,NA
6/12/1997,NA
6/13/1997,NA
6/14/1997,NA
6/15/1997,NA
6/16/1997,NA
6/17/1997,NA
6/18/1997,NA
6/19/1997,NA
6/20/1997,NA
6/21/1997,NA
6/22/1997,NA
6/23/1997,NA
6/24/1997,NA
6/25/1997,NA
6/26/1997,NA
6/27/1997,NA
6/28/1997,NA
6/29/1997,NA
6/30/1997,NA
7/1/1997,NA
7/2/1997,NA
7/3/1997,NA
7/4/1997,NA
7/5/1997,NA
7/6/1997,NA
7/7/1997,NA
7/8/1997,NA
7/9/1997,NA
7/10/1997,NA
7/11/1997,NA
7/12/1997,NA
7/13/1997,NA
7/14/1997,NA
7/15/1997,NA
7/16/1997,NA
7/17/1997,NA
7/18/1997,NA
7/19/1997,NA
7/20/1997,NA
7/21/1997,NA
7/22/1997,NA
7/23/1997,NA
7/24/1997,NA
7/25/1997,NA
7/26/1997,NA
7/27/1997,NA
7/28/1997,NA
7/29/1997,NA
7/30/1997,NA
7/31/1997,NA
8/1/1997,NA
8/2/1997,NA
8/3/1997,NA
8/4/1997,NA
8/5/1997,NA
8/6/1997,NA
8/7/1997,NA
8/8/1997,NA
8/9/1997,NA
8/10/1997,NA
8/11/1997,NA
8/12/1997,NA
8/13/1997,NA
8/14/1997,NA
8/15/1997,NA
8/16/1997,NA
8/17/1997,NA
8/18/1997,NA
8/19/1997,NA
8/20/1997,NA
8/21/1997,NA
8/22/1997,NA
8/23/1997,NA
8/24/1997,NA
8/25/1997,NA
8/26/1997,NA
8/27/1997,NA
8/28/1997,NA
8/29/1997,NA
8/30/1997,NA
8/31/1997,NA
9/1/1997,NA
9/2/1997,NA
9/3/1997,NA
9/4/1997,NA
9/5/1997,NA
9/6/1997,NA
9/7/1997,NA
9/8/1997,NA
9/9/1997,NA
9/10/1997,NA
9/11/1997,NA
9/12/1997,NA
9/13/1997,NA
9/14/1997,NA
9/15/1997,NA
9/16/1997,NA
9/17/1997,NA
9/18/1997,NA
9/19/1997,NA
9/20/1997,NA
9/21/1997,NA
9/22/1997,NA
9/23/1997,NA
9/24/1997,NA
9/25/1997,NA
9/26/1997,NA
9/27/1997,NA
9/28/1997,NA
9/29/1997,NA
9/30/1997,NA
10/1/1997,NA
10/2/1997,NA
10/3/1997,NA
10/4/1997,NA
10/5/1997,NA
10/6/1997,NA
10/7/1997,NA
10/8/1997,NA
10/9/1997,NA
10/10/1997,NA
10/11/1997,NA
10/12/1997,NA
10/13/1997,NA
10/14/1997,NA
10/15/1997,NA
10/16/1997,NA
10/17/1997,NA
10/18/1997,NA
10/19/1997,NA
10/20/1997,NA
10/21/1997,NA
10/22/1997,NA
10/23/1997,NA
10/24/1997,NA
10/25/1997,NA
10/26/1997,NA
10/27/1997,NA
10/28/1997,NA
10/29/1997,NA
10/30/1997,NA
10/31/1997,NA
11/1/1997,NA
11/2/1997,NA
11/3/1997,NA
11/4/1997,NA
11/5/1997,NA
11/6/1997,NA
11/7/1997,NA
11/8/1997,NA
11/9/1997,NA
11/10/1997,NA
11/11/1997,NA
11/12/1997,NA
11/13/1997,NA
11/14/1997,NA
11/15/1997,NA
11/16/1997,NA
11/17/1997,NA
11/18/1997,NA
11/19/1997,NA
11/20/1997,NA
11/21/1997,NA
11/22/1997,NA
11/23/1997,NA
11/24/1997,NA
11/25/1997,NA
11/26/1997,NA
11/27/1997,NA
11/28/1997,NA
11/29/1997,NA
11/30/1997,NA
12/1/1997,NA
12/2/1997,NA
12/3/1997,NA
12/4/1997,NA
12/5/1997,NA
12/6/1997,NA
12/7/1997,NA
12/8/1997,NA
12/9/1997,NA
12/10/1997,NA
12/11/1997,NA
12/12/1997,NA
12/13/1997,NA
12/14/1997,NA
12/15/1997,NA
12/16/1997,NA
12/17/1997,NA
12/18/1997,NA
12/19/1997,NA
12/20/1997,NA
12/21/1997,NA
12/22/1997,NA
12/23/1997,NA
12/24/1997,NA
12/25/1997,NA
12/26/1997,NA
12/27/1997,NA
12/28/1997,NA
12/29/1997,NA
12/30/1997,NA
12/31/1997,NA
1/1/1998,NA
1/2/1998,NA
1/3/1998,NA
1/4/1998,NA
1/5/1998,NA
1/6/1998,NA
1/7/1998,NA
1/8/1998,NA
1/9/1998,NA
1/10/1998,NA
1/11/1998,NA
1/12/1998,NA
1/13/1998,NA
1/14/1998,NA
1/15/1998,NA
1/16/1998,NA
1/17/1998,NA
1/18/1998,NA
1/19/1998,NA
1/20/1998,NA
1/21/1998,NA
1/22/1998,NA
1/23/1998,NA
1/24/1998,NA
1/25/1998,NA
1/26/1998,NA
1/27/1998,NA
1/28/1998,NA
1/29/1998,NA
1/30/1998,NA
1/31/1998,NA
2/1/1998,NA
2/2/1998,NA
2/3/1998,NA
2/4/1998,NA
2/5/1998,NA
2/6/1998,NA
2/7/1998,NA
2/8/1998,NA
2/9/1998,NA
2/10/1998,NA
2/11/1998,NA
2/12/1998,NA
2/13/1998,NA
2/14/1998,NA
2/15/1998,NA
2/16/1998,NA
2/17/1998,NA
2/18/1998,NA
2/19/1998,NA
2/20/1998,NA
2/21/1998,NA
2/22/1998,NA
2/23/1998,NA
2/24/1998,NA
2/25/1998,NA
2/26/1998,NA
2/27/1998,NA
2/28/1998,NA
3/1/1998,NA
3/2/1998,NA
3/3/1998,NA
3/4/1998,NA
3/5/1998,NA
3/6/1998,NA
3/7/1998,NA
3/8/1998,NA
3/9/1998,NA
3/10/1998,NA
3/11/1998,NA
3/12/1998,NA
3/13/1998,NA
3/14/1998,NA
3/15/1998,NA
3/16/1998,NA
3/17/1998,NA
3/18/1998,NA
3/19/1998,NA
3/20/1998,NA
3/21/1998,NA
3/22/1998,NA
3/23/1998,NA
3/24/1998,NA
3/25/1998,NA
3/26/1998,NA
3/27/1998,NA
3/28/1998,NA
3/29/1998,NA
3/30/1998,NA
3/31/1998,NA
4/1/1998,NA
4/2/1998,NA
4/3/1998,NA
4/4/1998,NA
4/5/1998,NA
4/6/1998,NA
4/7/1998,NA
4/8/1998,NA
4/9/1998,NA
4/10/1998,NA
4/11/1998,NA
4/12/1998,NA
4/13/1998,NA
4/14/1998,NA
4/15/1998,NA
4/16/1998,NA
4/17/1998,NA
4/18/1998,NA
4/19/1998,NA
4/20/1998,NA
4/21/1998,NA
4/22/1998,NA
4/23/1998,NA
4/24/1998,NA
4/25/1998,NA
4/26/1998,NA
4/27/1998,NA
4/28/1998,NA
4/29/1998,NA
4/30/1998,NA
5/1/1998,NA
5/2/1998,NA
5/3/1998,NA
5/4/1998,NA
5/5/1998,NA
5/6/1998,NA
5/7/1998,NA
5/8/1998,NA
5/9/1998,NA
5/10/1998,NA
5/11/1998,NA
5/12/1998,NA
5/13/1998,NA
5/14/1998,NA
5/15/1998,NA
5/16/1998,NA
5/17/1998,NA
5/18/1998,NA
5/19/1998,NA
5/20/1998,NA
5/21/1998,NA
5/22/1998,NA
5/23/1998,NA
5/24/1998,NA
5/25/1998,NA
5/26/1998,NA
5/27/1998,NA
5/28/1998,NA
5/29/1998,NA
5/30/1998,NA
5/31/1998,NA
6/1/1998,NA
6/2/1998,NA
6/3/1998,NA
6/4/1998,NA
6/5/1998,NA
6/6/1998,NA
6/7/1998,NA
6/8/1998,NA
6/9/1998,NA
6/10/1998,NA
6/11/1998,NA
6/12/1998,NA
6/13/1998,NA
6/14/1998,NA
6/15/1998,NA
6/16/1998,NA
6/17/1998,NA
6/18/1998,NA
6/19/1998,NA
6/20/1998,NA
6/21/1998,NA
6/22/1998,NA
6/23/1998,NA
6/24/1998,NA
6/25/1998,NA
6/26/1998,NA
6/27/1998,NA
6/28/1998,NA
6/29/1998,NA
6/30/1998,NA
7/1/1998,NA
7/2/1998,NA
7/3/1998,NA
7/4/1998,NA
7/5/1998,NA
7/6/1998,NA
7/7/1998,NA
7/8/1998,NA
7/9/1998,NA
7/10/1998,NA
7/11/1998,NA
7/12/1998,NA
7/13/1998,NA
7/14/1998,NA
7/15/1998,NA
7/16/1998,NA
7/17/1998,NA
7/18/1998,NA
7/19/1998,NA
7/20/1998,NA
7/21/1998,NA
7/22/1998,NA
7/23/1998,NA
7/24/1998,NA
7/25/1998,NA
7/26/1998,NA
7/27/1998,NA
7/28/1998,NA
7/29/1998,NA
7/30/1998,NA
7/31/1998,NA
8/1/1998,NA
8/2/1998,NA
8/3/1998,NA
8/4/1998,NA
8/5/1998,NA
8/6/1998,NA
8/7/1998,NA
8/8/1998,NA
8/9/1998,NA
8/10/1998,NA
8/11/1998,NA
8/12/1998,NA
8/13/1998,NA
8/14/1998,NA
8/15/1998,NA
8/16/1998,NA
8/17/1998,NA
8/18/1998,NA
8/19/1998,NA
8/20/1998,NA
8/21/1998,NA
8/22/1998,NA
8/23/1998,NA
8/24/1998,NA
8/25/1998,NA
8/26/1998,NA
8/27/1998,NA
8/28/1998,NA
8/29/1998,NA
8/30/1998,NA
8/31/1998,NA
9/1/1998,NA
9/2/1998,NA
9/3/1998,NA
9/4/1998,NA
9/5/1998,NA
9/6/1998,NA
9/7/1998,NA
9/8/1998,NA
9/9/1998,NA
9/10/1998,NA
9/11/1998,NA
9/12/1998,NA
9/13/1998,NA
9/14/1998,NA
9/15/1998,NA
9/16/1998,NA
9/17/1998,NA
9/18/1998,NA
9/19/1998,NA
9/20/1998,NA
9/21/1998,NA
9/22/1998,NA
9/23/1998,NA
9/24/1998,NA
9/25/1998,NA
9/26/1998,NA
9/27/1998,NA
9/28/1998,NA
9/29/1998,NA
9/30/1998,NA
10/1/1998,NA
10/2/1998,NA
10/3/1998,NA
10/4/1998,NA
10/5/1998,NA
10/6/1998,NA
10/7/1998,NA
10/8/1998,NA
10/9/1998,NA
10/10/1998,NA
10/11/1998,NA
10/12/1998,NA
10/13/1998,NA
10/14/1998,NA
10/15/1998,NA
10/16/1998,NA
10/17/1998,NA
10/18/1998,NA
10/19/1998,NA
10/20/1998,NA
10/21/1998,NA
10/22/1998,NA
10/23/1998,NA
10/24/1998,NA
10/25/1998,NA
10/26/1998,NA
10/27/1998,NA
10/28/1998,NA
10/29/1998,NA
10/30/1998,NA
10/31/1998,NA
11/1/1998,NA
11/2/1998,NA
11/3/1998,NA
11/4/1998,NA
11/5/1998,NA
11/6/1998,NA
11/7/1998,NA
11/8/1998,NA
11/9/1998,NA
11/10/1998,NA
11/11/1998,NA
11/12/1998,NA
11/13/1998,NA
11/14/1998,NA
11/15/1998,NA
11/16/1998,NA
11/17/1998,NA
11/18/1998,NA
11/19/1998,NA
11/20/1998,NA
11/21/1998,NA
11/22/1998,NA
11/23/1998,NA
11/24/1998,NA
11/25/1998,NA
11/26/1998,NA
11/27/1998,NA
11/28/1998,NA
11/29/1998,NA
11/30/1998,NA
12/1/1998,NA
12/2/1998,NA
12/3/1998,NA
12/4/1998,NA
12/5/1998,NA
12/6/1998,NA
12/7/1998,NA
12/8/1998,NA
12/9/1998,NA
12/10/1998,NA
12/11/1998,NA
12/12/1998,NA
12/13/1998,NA
12/14/1998,NA
12/15/1998,NA
12/16/1998,NA
12/17/1998,NA
12/18/1998,NA
12/19/1998,NA
12/20/1998,NA
12/21/1998,NA
12/22/1998,NA
12/23/1998,NA
12/24/1998,NA
12/25/1998,NA
12/26/1998,NA
12/27/1998,NA
12/28/1998,NA
12/29/1998,NA
12/30/1998,NA
12/31/1998,NA
1/1/1999,NA
1/2/1999,NA
1/3/1999,NA
1/4/1999,NA
1/5/1999,NA
1/6/1999,NA
1/7/1999,NA
1/8/1999,NA
1/9/1999,NA
1/10/1999,NA
1/11/1999,NA
1/12/1999,NA
1/13/1999,NA
1/14/1999,NA
1/15/1999,NA
1/16/1999,NA
1/17/1999,NA
1/18/1999,NA
1/19/1999,NA
1/20/1999,NA
1/21/1999,NA
1/22/1999,NA
1/23/1999,NA
1/24/1999,NA
1/25/1999,NA
1/26/1999,NA
1/27/1999,NA
1/28/1999,NA
1/29/1999,NA
1/30/1999,NA
1/31/1999,NA
2/1/1999,NA
2/2/1999,NA
2/3/1999,NA
2/4/1999,NA
2/5/1999,NA
2/6/1999,NA
2/7/1999,NA
2/8/1999,NA
2/9/1999,NA
2/10/1999,NA
2/11/1999,NA
2/12/1999,NA
2/13/1999,NA
2/14/1999,NA
2/15/1999,NA
2/16/1999,NA
2/17/1999,NA
2/18/1999,NA
2/19/1999,NA
2/20/1999,NA
2/21/1999,NA
2/22/1999,NA
2/23/1999,NA
2/24/1999,NA
2/25/1999,NA
2/26/1999,NA
2/27/1999,NA
2/28/1999,NA
3/1/1999,NA
3/2/1999,NA
3/3/1999,NA
3/4/1999,NA
3/5/1999,NA
3/6/1999,NA
3/7/1999,NA
3/8/1999,NA
3/9/1999,NA
3/10/1999,NA
3/11/1999,NA
3/12/1999,NA
3/13/1999,NA
3/14/1999,NA
3/15/1999,NA
3/16/1999,NA
3/17/1999,NA
3/18/1999,NA
3/19/1999,NA
3/20/1999,NA
3/21/1999,NA
3/22/1999,NA
3/23/1999,NA
3/24/1999,NA
3/25/1999,NA
3/26/1999,NA
3/27/1999,NA
3/28/1999,NA
3/29/1999,NA
3/30/1999,NA
3/31/1999,NA
4/1/1999,NA
4/2/1999,NA
4/3/1999,NA
4/4/1999,NA
4/5/1999,NA
4/6/1999,NA
4/7/1999,NA
4/8/1999,NA
4/9/1999,NA
4/10/1999,NA
4/11/1999,NA
4/12/1999,NA
4/13/1999,NA
4/14/1999,NA
4/15/1999,NA
4/16/1999,NA
4/17/1999,NA
4/18/1999,NA
4/19/1999,NA
4/20/1999,NA
4/21/1999,NA
4/22/1999,NA
4/23/1999,NA
4/24/1999,NA
4/25/1999,NA
4/26/1999,NA
4/27/1999,NA
4/28/1999,NA
4/29/1999,NA
4/30/1999,NA
5/1/1999,NA
5/2/1999,NA
5/3/1999,NA
5/4/1999,NA
5/5/1999,NA
5/6/1999,NA
5/7/1999,NA
5/8/1999,NA
5/9/1999,NA
5/10/1999,NA
5/11/1999,NA
5/12/1999,NA
5/13/1999,NA
5/14/1999,NA
5/15/1999,NA
5/16/1999,NA
5/17/1999,NA
5/18/1999,NA
5/19/1999,NA
5/20/1999,NA
5/21/1999,NA
5/22/1999,NA
5/23/1999,NA
5/24/1999,NA
5/25/1999,NA
5/26/1999,NA
5/27/1999,NA
5/28/1999,NA
5/29/1999,NA
5/30/1999,NA
5/31/1999,NA
6/1/1999,NA
6/2/1999,NA
6/3/1999,NA
6/4/1999,NA
6/5/1999,NA
6/6/1999,NA
6/7/1999,NA
6/8/1999,NA
6/9/1999,NA
6/10/1999,NA
6/11/1999,NA
6/12/1999,NA
6/13/1999,NA
6/14/1999,NA
6/15/1999,NA
6/16/1999,NA
6/17/1999,NA
6/18/1999,NA
6/19/1999,NA
6/20/1999,NA
6/21/1999,NA
6/22/1999,NA
6/23/1999,NA
6/24/1999,NA
6/25/1999,NA
6/26/1999,NA
6/27/1999,NA
6/28/1999,NA
6/29/1999,NA
6/30/1999,NA
7/1/1999,NA
7/2/1999,NA
7/3/1999,NA
7/4/1999,NA
7/5/1999,NA
7/6/1999,NA
7/7/1999,NA
7/8/1999,NA
7/9/1999,NA
7/10/1999,NA
7/11/1999,NA
7/12/1999,NA
7/13/1999,NA
7/14/1999,NA
7/15/1999,NA
7/16/1999,NA
7/17/1999,NA
7/18/1999,NA
7/19/1999,NA
7/20/1999,NA
7/21/1999,NA
7/22/1999,NA
7/23/1999,NA
7/24/1999,NA
7/25/1999,NA
7/26/1999,NA
7/27/1999,NA
7/28/1999,NA
7/29/1999,NA
7/30/1999,NA
7/31/1999,NA
8/1/1999,NA
8/2/1999,NA
8/3/1999,NA
8/4/1999,NA
8/5/1999,NA
8/6/1999,NA
8/7/1999,NA
8/8/1999,NA
8/9/1999,NA
8/10/1999,NA
8/11/1999,NA
8/12/1999,NA
8/13/1999,NA
8/14/1999,NA
8/15/1999,NA
8/16/1999,NA
8/17/1999,NA
8/18/1999,NA
8/19/1999,NA
8/20/1999,NA
8/21/1999,NA
8/22/1999,NA
8/23/1999,NA
8/24/1999,NA
8/25/1999,NA
8/26/1999,NA
8/27/1999,NA
8/28/1999,NA
8/29/1999,NA
8/30/1999,NA
8/31/1999,NA
9/1/1999,NA
9/2/1999,NA
9/3/1999,NA
9/4/1999,NA
9/5/1999,NA
9/6/1999,NA
9/7/1999,NA
9/8/1999,NA
9/9/1999,NA
9/10/1999,NA
9/11/1999,NA
9/12/1999,NA
9/13/1999,NA
9/14/1999,NA
9/15/1999,NA
9/16/1999,NA
9/17/1999,NA
9/18/1999,NA
9/19/1999,NA
9/20/1999,NA
9/21/1999,NA
9/22/1999,NA
9/23/1999,NA
9/24/1999,NA
9/25/1999,NA
9/26/1999,NA
9/27/1999,NA
9/28/1999,NA
9/29/1999,NA
9/30/1999,NA
10/1/1999,NA
10/2/1999,NA
10/3/1999,NA
10/4/1999,NA
10/5/1999,NA
10/6/1999,NA
10/7/1999,NA
10/8/1999,NA
10/9/1999,NA
10/10/1999,NA
10/11/1999,NA
10/12/1999,NA
10/13/1999,NA
10/14/1999,NA
10/15/1999,NA
10/16/1999,NA
10/17/1999,NA
10/18/1999,NA
10/19/1999,NA
10/20/1999,NA
10/21/1999,NA
10/22/1999,NA
10/23/1999,NA
10/24/1999,NA
10/25/1999,NA
10/26/1999,NA
10/27/1999,NA
10/28/1999,NA
10/29/1999,NA
10/30/1999,NA
10/31/1999,NA
11/1/1999,NA
11/2/1999,NA
11/3/1999,NA
11/4/1999,NA
11/5/1999,NA
11/6/1999,NA
11/7/1999,NA
11/8/1999,NA
11/9/1999,NA
11/10/1999,NA
11/11/1999,NA
11/12/1999,NA
11/13/1999,NA
11/14/1999,NA
11/15/1999,NA
11/16/1999,NA
11/17/1999,NA
11/18/1999,NA
11/19/1999,NA
11/20/1999,NA
11/21/1999,NA
11/22/1999,NA
11/23/1999,NA
11/24/1999,NA
11/25/1999,NA
11/26/1999,NA
11/27/1999,NA
11/28/1999,NA
11/29/1999,NA
11/30/1999,NA
12/1/1999,NA
12/2/1999,NA
12/3/1999,NA
12/4/1999,NA
12/5/1999,NA
12/6/1999,NA
12/7/1999,NA
12/8/1999,NA
12/9/1999,NA
12/10/1999,NA
12/11/1999,NA
12/12/1999,NA
12/13/1999,NA
12/14/1999,NA
12/15/1999,NA
12/16/1999,NA
12/17/1999,NA
12/18/1999,NA
12/19/1999,NA
12/20/1999,NA
12/21/1999,NA
12/22/1999,NA
12/23/1999,NA
12/24/1999,NA
12/25/1999,NA
12/26/1999,NA
12/27/1999,NA
12/28/1999,NA
12/29/1999,NA
12/30/1999,NA
12/31/1999,NA
1/1/2000,NA
1/2/2000,NA
1/3/2000,NA
1/4/2000,NA
1/5/2000,NA
1/6/2000,NA
1/7/2000,NA
1/8/2000,NA
1/9/2000,NA
1/10/2000,NA
1/11/2000,NA
1/12/2000,NA
1/13/2000,NA
1/14/2000,NA
1/15/2000,NA
1/16/2000,NA
1/17/2000,NA
1/18/2000,NA
1/19/2000,NA
1/20/2000,NA
1/21/2000,NA
1/22/2000,NA
1/23/2000,NA
1/24/2000,NA
1/25/2000,NA
1/26/2000,NA
1/27/2000,NA
1/28/2000,NA
1/29/2000,NA
1/30/2000,NA
1/31/2000,NA
2/1/2000,NA
2/2/2000,NA
2/3/2000,NA
2/4/2000,NA
2/5/2000,NA
2/6/2000,NA
2/7/2000,NA
2/8/2000,NA
2/9/2000,NA
2/10/2000,NA
2/11/2000,NA
2/12/2000,NA
2/13/2000,NA
2/14/2000,NA
2/15/2000,NA
2/16/2000,NA
2/17/2000,NA
2/18/2000,NA
2/19/2000,NA
2/20/2000,NA
2/21/2000,NA
2/22/2000,NA
2/23/2000,NA
2/24/2000,NA
2/25/2000,NA
2/26/2000,NA
2/27/2000,NA
2/28/2000,NA
2/29/2000,NA
3/1/2000,NA
3/2/2000,NA
3/3/2000,NA
3/4/2000,NA
3/5/2000,NA
3/6/2000,NA
3/7/2000,NA
3/8/2000,NA
3/9/2000,NA
3/10/2000,NA
3/11/2000,NA
3/12/2000,NA
3/13/2000,NA
3/14/2000,NA
3/15/2000,NA
3/16/2000,NA
3/17/2000,NA
3/18/2000,NA
3/19/2000,NA
3/20/2000,NA
3/21/2000,NA
3/22/2000,NA
3/23/2000,NA
3/24/2000,NA
3/25/2000,NA
3/26/2000,NA
3/27/2000,NA
3/28/2000,NA
3/29/2000,NA
3/30/2000,NA
3/31/2000,NA
4/1/2000,NA
4/2/2000,NA
4/3/2000,NA
4/4/2000,NA
4/5/2000,NA
4/6/2000,NA
4/7/2000,NA
4/8/2000,NA
4/9/2000,NA
4/10/2000,NA
4/11/2000,NA
4/12/2000,NA
4/13/2000,NA
4/14/2000,NA
4/15/2000,NA
4/16/2000,NA
4/17/2000,NA
4/18/2000,NA
4/19/2000,NA
4/20/2000,NA
4/21/2000,NA
4/22/2000,NA
4/23/2000,NA
4/24/2000,NA
4/25/2000,NA
4/26/2000,NA
4/27/2000,NA
4/28/2000,NA
4/29/2000,NA
4/30/2000,NA
5/1/2000,NA
5/2/2000,NA
5/3/2000,NA
5/4/2000,NA
5/5/2000,NA
5/6/2000,NA
5/7/2000,NA
5/8/2000,NA
5/9/2000,NA
5/10/2000,NA
5/11/2000,NA
5/12/2000,NA
5/13/2000,NA
5/14/2000,NA
5/15/2000,NA
5/16/2000,NA
5/17/2000,NA
5/18/2000,NA
5/19/2000,NA
5/20/2000,NA
5/21/2000,NA
5/22/2000,NA
5/23/2000,NA
5/24/2000,NA
5/25/2000,NA
5/26/2000,NA
5/27/2000,NA
5/28/2000,NA
5/29/2000,NA
5/30/2000,NA
5/31/2000,NA
6/1/2000,NA
6/2/2000,NA
6/3/2000,NA
6/4/2000,NA
6/5/2000,NA
6/6/2000,NA
6/7/2000,NA
6/8/2000,NA
6/9/2000,NA
6/10/2000,NA
6/11/2000,NA
6/12/2000,NA
6/13/2000,NA
6/14/2000,NA
6/15/2000,NA
6/16/2000,NA
6/17/2000,NA
6/18/2000,NA
6/19/2000,NA
6/20/2000,NA
6/21/2000,NA
6/22/2000,NA
6/23/2000,NA
6/24/2000,NA
6/25/2000,NA
6/26/2000,NA
6/27/2000,NA
6/28/2000,NA
6/29/2000,NA
6/30/2000,NA
7/1/2000,NA
7/2/2000,NA
7/3/2000,NA
7/4/2000,NA
7/5/2000,NA
7/6/2000,NA
7/7/2000,NA
7/8/2000,NA
7/9/2000,NA
7/10/2000,NA
7/11/2000,NA
7/12/2000,NA
7/13/2000,NA
7/14/2000,NA
7/15/2000,NA
7/16/2000,NA
7/17/2000,NA
7/18/2000,NA
7/19/2000,NA
7/20/2000,NA
7/21/2000,NA
7/22/2000,NA
7/23/2000,NA
7/24/2000,NA
7/25/2000,NA
7/26/2000,NA
7/27/2000,NA
7/28/2000,NA
7/29/2000,NA
7/30/2000,NA
7/31/2000,NA
8/1/2000,NA
8/2/2000,NA
8/3/2000,NA
8/4/2000,NA
8/5/2000,NA
8/6/2000,NA
8/7/2000,NA
8/8/2000,NA
8/9/2000,NA
8/10/2000,NA
8/11/2000,NA
8/12/2000,NA
8/13/2000,NA
8/14/2000,NA
8/15/2000,NA
8/16/2000,NA
8/17/2000,NA
8/18/2000,NA
8/19/2000,NA
8/20/2000,NA
8/21/2000,NA
8/22/2000,NA
8/23/2000,NA
8/24/2000,NA
8/25/2000,NA
8/26/2000,NA
8/27/2000,NA
8/28/2000,NA
8/29/2000,NA
8/30/2000,NA
8/31/2000,NA
9/1/2000,NA
9/2/2000,NA
9/3/2000,NA
9/4/2000,NA
9/5/2000,NA
9/6/2000,NA
9/7/2000,NA
9/8/2000,NA
9/9/2000,NA
9/10/2000,NA
9/11/2000,NA
9/12/2000,NA
9/13/2000,NA
9/14/2000,NA
9/15/2000,NA
9/16/2000,NA
9/17/2000,NA
9/18/2000,NA
9/19/2000,NA
9/20/2000,NA
9/21/2000,NA
9/22/2000,NA
9/23/2000,NA
9/24/2000,NA
9/25/2000,NA
9/26/2000,NA
9/27/2000,NA
9/28/2000,NA
9/29/2000,NA
9/30/2000,32.281152
10/1/2000,32.281152
10/2/2000,31.997984
10/3/2000,27.9203648
10/4/2000,28.2035328
10/5/2000,28.1185824
10/6/2000,27.9486816
10/7/2000,27.6655136
10/8/2000,27.6938304
10/9/2000,27.4106624
10/10/2000,27.2124448
10/11/2000,26.9859104
10/12/2000,26.8443264
10/13/2000,26.9575936
10/14/2000,27.042544
10/15/2000,27.0708608
10/16/2000,27.1274944
10/17/2000,27.184128
10/18/2000,27.1274944
10/19/2000,26.90096
10/20/2000,26.7310592
10/21/2000,26.7876928
10/22/2000,27.1558112
10/23/2000,27.0991776
10/24/2000,27.8637312
10/25/2000,27.892048
10/26/2000,27.892048
10/27/2000,28.883136
10/28/2000,30.015808
10/29/2000,30.015808
10/30/2000,31.997984
10/31/2000,36.528672
11/1/2000,32.56432
11/2/2000,28.2318496
11/3/2000,30.015808
11/4/2000,78.154368
11/5/2000,84.100896
11/6/2000,117.51472
11/7/2000,136.203808
11/8/2000,101.94048
11/9/2000,159.140416
11/10/2000,168.768128
11/11/2000,167.918624
11/12/2000,167.635456
11/13/2000,167.06912
11/14/2000,166.502784
11/15/2000,140.734496
11/16/2000,107.60384
11/17/2000,105.904832
11/18/2000,106.188
11/19/2000,110.718688
11/20/2000,109.586016
11/21/2000,107.037504
11/22/2000,106.471168
11/23/2000,106.471168
11/24/2000,240.6928
11/25/2000,365.28672
11/26/2000,258.532384
11/27/2000,172.166144
11/28/2000,134.787968
11/29/2000,148.380032
11/30/2000,163.954272
12/1/2000,164.23744
12/2/2000,162.8216
12/3/2000,140.734496
12/4/2000,139.884992
12/5/2000,148.946368
12/6/2000,143.283008
12/7/2000,142.433504
12/8/2000,148.096864
12/9/2000,147.813696
12/10/2000,147.530528
12/11/2000,112.417696
12/12/2000,83.817728
12/13/2000,82.685056
12/14/2000,58.615776
12/15/2000,37.095008
12/16/2000,40.776192
12/17/2000,94.86128
12/18/2000,144.982016
12/19/2000,144.41568
12/20/2000,159.98992
12/21/2000,172.166144
12/22/2000,171.599808
12/23/2000,152.627552
12/24/2000,115.249376
12/25/2000,114.116704
12/26/2000,148.096864
12/27/2000,200.199776
12/28/2000,206.146304
12/29/2000,228.233408
12/30/2000,229.082912
12/31/2000,255.134368
1/1/2001,285.99968
1/2/2001,300.15808
1/3/2001,322.81152
1/4/2001,322.81152
1/5/2001,254.8512
1/6/2001,220.87104
1/7/2001,218.03936
1/8/2001,204.730464
1/9/2001,164.23744
1/10/2001,135.354304
1/11/2001,154.892896
1/12/2001,174.431488
1/13/2001,169.9008
1/14/2001,181.510688
1/15/2001,211.526496
1/16/2001,267.310592
1/17/2001,300.15808
1/18/2001,300.15808
1/19/2001,348.29664
1/20/2001,396.4352
1/21/2001,385.10848
1/22/2001,365.28672
1/23/2001,393.60352
1/24/2001,379.44512
1/25/2001,387.94016
1/26/2001,387.94016
1/27/2001,387.94016
1/28/2001,387.94016
1/29/2001,376.61344
1/30/2001,356.79168
1/31/2001,336.96992
2/1/2001,319.97984
2/2/2001,302.98976
2/3/2001,317.14816
2/4/2001,334.13824
2/5/2001,359.62336
2/6/2001,387.94016
2/7/2001,387.94016
2/8/2001,373.78176
2/9/2001,328.47488
2/10/2001,322.81152
2/11/2001,322.81152
2/12/2001,297.3264
2/13/2001,267.876928
2/14/2001,267.59376
2/15/2001,278.637312
2/16/2001,300.15808
2/17/2001,319.97984
2/18/2001,319.97984
2/19/2001,319.97984
2/20/2001,319.97984
2/21/2001,319.97984
2/22/2001,311.4848
2/23/2001,288.83136
2/24/2001,244.657152
2/25/2001,212.659168
2/26/2001,220.304704
2/27/2001,237.86112
2/28/2001,247.488832
3/1/2001,280.053152
3/2/2001,351.12832
3/3/2001,447.40544
3/4/2001,495.544
3/5/2001,481.3856
3/6/2001,489.88064
3/7/2001,518.19744
3/8/2001,526.69248
3/9/2001,546.51424
3/10/2001,571.99936
3/11/2001,580.4944
3/12/2001,608.8112
3/13/2001,656.94976
3/14/2001,673.93984
3/15/2001,719.24672
3/16/2001,727.74176
3/17/2001,699.42496
3/18/2001,679.6032
3/19/2001,673.93984
3/20/2001,659.78144
3/21/2001,628.63296
3/22/2001,591.82112
3/23/2001,569.16768
3/24/2001,563.50432
3/25/2001,563.50432
3/26/2001,563.50432
3/27/2001,563.50432
3/28/2001,546.51424
3/29/2001,512.53408
3/30/2001,498.37568
3/31/2001,495.544
4/1/2001,504.03904
4/2/2001,515.36576
4/3/2001,512.53408
4/4/2001,518.19744
4/5/2001,518.19744
4/6/2001,515.36576
4/7/2001,501.20736
4/8/2001,501.20736
4/9/2001,501.20736
4/10/2001,498.37568
4/11/2001,498.37568
4/12/2001,495.544
4/13/2001,495.544
4/14/2001,495.544
4/15/2001,495.544
4/16/2001,492.71232
4/17/2001,492.71232
4/18/2001,492.71232
4/19/2001,484.21728
4/20/2001,464.39552
4/21/2001,450.23712
4/22/2001,447.40544
4/23/2001,447.40544
4/24/2001,450.23712
4/25/2001,447.40544
4/26/2001,438.9104
4/27/2001,427.58368
4/28/2001,424.752
4/29/2001,413.42528
4/30/2001,393.60352
5/1/2001,382.2768
5/2/2001,382.2768
5/3/2001,362.45504
5/4/2001,339.8016
5/5/2001,317.14816
5/6/2001,291.66304
5/7/2001,272.124448
5/8/2001,245.506656
5/9/2001,269.0096
5/10/2001,300.15808
5/11/2001,302.98976
5/12/2001,297.3264
5/13/2001,288.83136
5/14/2001,288.83136
5/15/2001,267.310592
5/16/2001,218.03936
5/17/2001,173.015648
5/18/2001,144.132512
5/19/2001,91.746432
5/20/2001,88.631584
5/21/2001,78.720704
5/22/2001,93.162272
5/23/2001,120.629568
5/24/2001,126.292928
5/25/2001,126.576096
5/26/2001,126.576096
5/27/2001,126.292928
5/28/2001,126.00976
5/29/2001,125.443424
5/30/2001,116.382048
5/31/2001,122.611744
6/1/2001,123.17808
6/2/2001,123.17808
6/3/2001,118.081056
6/4/2001,101.090976
6/5/2001,92.879104
6/6/2001,115.249376
6/7/2001,160.556256
6/8/2001,314.31648
6/9/2001,495.544
6/10/2001,444.57376
6/11/2001,424.752
6/12/2001,518.19744
6/13/2001,555.00928
6/14/2001,597.48448
6/15/2001,642.79136
6/16/2001,665.4448
6/17/2001,685.26656
6/18/2001,668.27648
6/19/2001,631.46464
6/20/2001,594.6528
6/21/2001,557.84096
6/22/2001,546.51424
6/23/2001,538.0192
6/24/2001,532.35584
6/25/2001,509.7024
6/26/2001,461.56384
6/27/2001,424.752
6/28/2001,407.76192
6/29/2001,416.25696
6/30/2001,438.9104
7/1/2001,453.0688
7/2/2001,447.40544
7/3/2001,419.08864
7/4/2001,385.10848
7/5/2001,393.60352
7/6/2001,404.93024
7/7/2001,416.25696
7/8/2001,427.58368
7/9/2001,427.58368
7/10/2001,427.58368
7/11/2001,430.41536
7/12/2001,410.5936
7/13/2001,362.45504
7/14/2001,331.30656
7/15/2001,317.14816
7/16/2001,302.98976
7/17/2001,261.080896
7/18/2001,199.916608
7/19/2001,173.865152
7/20/2001,131.67312
7/21/2001,126.576096
7/22/2001,124.310752
7/23/2001,116.665216
7/24/2001,105.904832
7/25/2001,120.629568
7/26/2001,121.479072
7/27/2001,121.479072
7/28/2001,121.479072
7/29/2001,121.76224
7/30/2001,117.51472
7/31/2001,106.188
8/1/2001,107.037504
8/2/2001,106.754336
8/3/2001,100.52464
8/4/2001,92.312768
8/5/2001,104.205824
8/6/2001,101.94048
8/7/2001,126.292928
8/8/2001,91.180096
8/9/2001,62.013792
8/10/2001,60.314784
8/11/2001,60.314784
8/12/2001,60.597952
8/13/2001,59.748448
8/14/2001,59.46528
8/15/2001,72.774176
8/16/2001,92.312768
8/17/2001,94.86128
8/18/2001,94.578112
8/19/2001,94.011776
8/20/2001,94.011776
8/21/2001,78.437536
8/22/2001,58.04944
8/23/2001,57.199936
8/24/2001,56.916768
8/25/2001,56.916768
8/26/2001,56.916768
8/27/2001,55.21776
8/28/2001,50.97024
8/29/2001,50.97024
8/30/2001,51.536576
8/31/2001,52.102912
9/1/2001,53.235584
9/2/2001,53.518752
9/3/2001,56.916768
9/4/2001,85.233568
9/5/2001,164.520608
9/6/2001,123.744416
9/7/2001,174.997824
9/8/2001,162.255264
9/9/2001,162.255264
9/10/2001,206.71264
9/11/2001,249.471008
9/12/2001,206.71264
9/13/2001,188.023552
9/14/2001,254.568032
9/15/2001,269.0096
9/16/2001,213.508672
9/17/2001,189.72256
9/18/2001,188.30672
9/19/2001,163.671104
9/20/2001,96.843456
9/21/2001,143.566176
9/22/2001,169.334464
9/23/2001,204.730464
9/24/2001,217.473024
9/25/2001,215.774016
9/26/2001,214.075008
9/27/2001,212.942336
9/28/2001,185.47504
9/29/2001,159.706752
9/30/2001,160.273088
10/1/2001,161.122592
10/2/2001,169.9008
10/3/2001,176.413664
10/4/2001,131.106784
10/5/2001,91.746432
10/6/2001,90.896928
10/7/2001,91.180096
10/8/2001,90.896928
10/9/2001,90.61376
10/10/2001,96.27712
10/11/2001,133.655296
10/12/2001,127.991936
10/13/2001,173.015648
10/14/2001,322.81152
10/15/2001,319.97984
10/16/2001,267.59376
10/17/2001,184.0592
10/18/2001,153.193888
10/19/2001,165.65328
10/20/2001,165.936448
10/21/2001,159.140416
10/22/2001,152.344384
10/23/2001,138.185984
10/24/2001,125.726592
10/25/2001,124.877088
10/26/2001,124.877088
10/27/2001,124.59392
10/28/2001,114.399872
10/29/2001,68.243488
10/30/2001,76.738528
10/31/2001,77.8712
11/1/2001,77.8712
11/2/2001,77.8712
11/3/2001,77.588032
11/4/2001,77.304864
11/5/2001,76.738528
11/6/2001,83.251392
11/7/2001,73.62368
11/8/2001,73.340512
11/9/2001,73.340512
11/10/2001,73.057344
11/11/2001,73.057344
11/12/2001,73.057344
11/13/2001,72.774176
11/14/2001,72.491008
11/15/2001,72.20784
11/16/2001,70.508832
11/17/2001,69.659328
11/18/2001,71.358336
11/19/2001,84.100896
11/20/2001,94.86128
11/21/2001,94.011776
11/22/2001,96.843456
11/23/2001,94.294944
11/24/2001,95.144448
11/25/2001,98.259296
11/26/2001,96.27712
11/27/2001,168.48496
11/28/2001,219.4552
11/29/2001,241.825472
11/30/2001,206.146304
12/1/2001,168.48496
12/2/2001,140.451328
12/3/2001,114.399872
12/4/2001,89.19792
12/5/2001,85.233568
12/6/2001,84.667232
12/7/2001,84.667232
12/8/2001,93.44544
12/9/2001,105.055328
12/10/2001,107.887008
12/11/2001,121.195904
12/12/2001,202.748288
12/13/2001,368.1184
12/14/2001,549.34592
12/15/2001,543.68256
12/16/2001,538.0192
12/17/2001,523.8608
12/18/2001,495.544
12/19/2001,492.71232
12/20/2001,481.3856
12/21/2001,430.41536
12/22/2001,430.41536
12/23/2001,489.88064
12/24/2001,521.02912
12/25/2001,501.20736
12/26/2001,438.9104
12/27/2001,387.94016
12/28/2001,370.95008
12/29/2001,399.26688
12/30/2001,447.40544
12/31/2001,467.2272
1/1/2002,447.40544
1/2/2002,436.07872
1/3/2002,436.07872
1/4/2002,436.07872
1/5/2002,455.90048
1/6/2002,484.21728
1/7/2002,501.20736
1/8/2002,521.02912
1/9/2002,523.8608
1/10/2002,501.20736
1/11/2002,470.05888
1/12/2002,458.73216
1/13/2002,433.24704
1/14/2002,419.08864
1/15/2002,393.60352
1/16/2002,345.46496
1/17/2002,276.655136
1/18/2002,238.710624
1/19/2002,189.72256
1/20/2002,188.873056
1/21/2002,200.199776
1/22/2002,216.62352
1/23/2002,205.013632
1/24/2002,186.607712
1/25/2002,201.332448
1/26/2002,260.231392
1/27/2002,285.99968
1/28/2002,253.718528
1/29/2002,186.607712
1/30/2002,178.112672
1/31/2002,213.79184
2/1/2002,206.429472
2/2/2002,176.130496
2/3/2002,157.724576
2/4/2002,164.803776
2/5/2002,183.776032
2/6/2002,226.817568
2/7/2002,275.239296
2/8/2002,300.15808
2/9/2002,276.371968
2/10/2002,274.389792
2/11/2002,264.478912
2/12/2002,236.162112
2/13/2002,210.676992
2/14/2002,221.437376
2/15/2002,221.720544
2/16/2002,220.87104
2/17/2002,220.021536
2/18/2002,214.358176
2/19/2002,184.342368
2/20/2002,217.756192
2/21/2002,235.02944
2/22/2002,223.419552
2/23/2002,223.136384
2/24/2002,206.146304
2/25/2002,204.447296
2/26/2002,202.748288
2/27/2002,202.46512
2/28/2002,192.271072
3/1/2002,172.449312
3/2/2002,180.661184
3/3/2002,190.855232
3/4/2002,198.783936
3/5/2002,162.8216
3/6/2002,124.310752
3/7/2002,93.162272
3/8/2002,94.011776
3/9/2002,109.869184
3/10/2002,109.586016
3/11/2002,120.912736
3/12/2002,141.017664
3/13/2002,128.275104
3/14/2002,90.896928
3/15/2002,83.251392
3/16/2002,92.595936
3/17/2002,92.879104
3/18/2002,89.481088
3/19/2002,107.60384
3/20/2002,108.453344
3/21/2002,104.77216
3/22/2002,94.011776
3/23/2002,97.976128
3/24/2002,112.134528
3/25/2002,122.894912
3/26/2002,154.892896
3/27/2002,222.28688
3/28/2002,188.589888
3/29/2002,160.839424
3/30/2002,172.449312
3/31/2002,178.962176
4/1/2002,156.591904
4/2/2002,196.518592
4/3/2002,288.83136
4/4/2002,319.97984
4/5/2002,297.3264
4/6/2002,297.3264
4/7/2002,297.3264
4/8/2002,334.13824
4/9/2002,404.93024
4/10/2002,447.40544
4/11/2002,495.544
4/12/2002,538.0192
4/13/2002,555.00928
4/14/2002,560.67264
4/15/2002,557.84096
4/16/2002,557.84096
4/17/2002,540.85088
4/18/2002,498.37568
4/19/2002,450.23712
4/20/2002,419.08864
4/21/2002,416.25696
4/22/2002,404.93024
4/23/2002,393.60352
4/24/2002,393.60352
4/25/2002,385.10848
4/26/2002,356.79168
4/27/2002,319.97984
4/28/2002,279.769984
4/29/2002,251.170016
4/30/2002,238.710624
5/1/2002,179.81168
5/2/2002,106.754336
5/3/2002,92.595936
5/4/2002,92.0296
5/5/2002,84.9504
5/6/2002,77.588032
5/7/2002,101.374144
5/8/2002,80.136544
5/9/2002,84.384064
5/10/2002,106.188
5/11/2002,96.843456
5/12/2002,95.144448
5/13/2002,95.144448
5/14/2002,99.391968
5/15/2002,102.506816
5/16/2002,103.639488
5/17/2002,98.259296
5/18/2002,99.1088
5/19/2002,98.542464
5/20/2002,98.542464
5/21/2002,98.259296
5/22/2002,96.27712
5/23/2002,94.011776
5/24/2002,94.578112
5/25/2002,95.993952
5/26/2002,95.427616
5/27/2002,95.144448
5/28/2002,94.294944
5/29/2002,92.595936
5/30/2002,95.427616
5/31/2002,93.728608
6/1/2002,88.348416
6/2/2002,88.065248
6/3/2002,87.215744
6/4/2002,84.667232
6/5/2002,77.304864
6/6/2002,107.60384
6/7/2002,104.77216
6/8/2002,88.631584
6/9/2002,87.78208
6/10/2002,88.348416
6/11/2002,86.649408
6/12/2002,79.28704
6/13/2002,78.720704
6/14/2002,78.437536
6/15/2002,78.154368
6/16/2002,78.437536
6/17/2002,76.45536
6/18/2002,72.774176
6/19/2002,71.641504
6/20/2002,72.774176
6/21/2002,69.942496
6/22/2002,72.491008
6/23/2002,71.924672
6/24/2002,73.62368
6/25/2002,78.437536
6/26/2002,77.021696
6/27/2002,77.588032
6/28/2002,78.720704
6/29/2002,77.8712
6/30/2002,77.304864
7/1/2002,77.304864
7/2/2002,76.738528
7/3/2002,77.021696
7/4/2002,75.889024
7/5/2002,77.304864
7/6/2002,76.172192
7/7/2002,74.756352
7/8/2002,72.774176
7/9/2002,78.154368
7/10/2002,78.154368
7/11/2002,73.906848
7/12/2002,73.340512
7/13/2002,91.463264
7/14/2002,136.203808
7/15/2002,117.231552
7/16/2002,89.764256
7/17/2002,89.19792
7/18/2002,88.348416
7/19/2002,86.932576
7/20/2002,86.083072
7/21/2002,85.516736
7/22/2002,84.384064
7/23/2002,76.738528
7/24/2002,67.393984
7/25/2002,69.37616
7/26/2002,78.437536
7/27/2002,78.154368
7/28/2002,77.8712
7/29/2002,77.8712
7/30/2002,69.659328
7/31/2002,69.659328
8/1/2002,70.792
8/2/2002,68.809824
8/3/2002,72.491008
8/4/2002,72.774176
8/5/2002,73.057344
8/6/2002,71.924672
8/7/2002,71.924672
8/8/2002,71.924672
8/9/2002,71.924672
8/10/2002,71.924672
8/11/2002,71.924672
8/12/2002,71.924672
8/13/2002,71.924672
8/14/2002,71.924672
8/15/2002,72.491008
8/16/2002,69.092992
8/17/2002,58.332608
8/18/2002,57.483104
8/19/2002,57.199936
8/20/2002,79.853376
8/21/2002,86.36624
8/22/2002,64.845472
8/23/2002,72.774176
8/24/2002,80.70288
8/25/2002,82.401888
8/26/2002,82.11872
8/27/2002,82.685056
8/28/2002,83.251392
8/29/2002,82.968224
8/30/2002,83.251392
8/31/2002,83.817728
9/1/2002,84.100896
9/2/2002,84.667232
9/3/2002,82.401888
9/4/2002,83.251392
9/5/2002,79.853376
9/6/2002,83.251392
9/7/2002,83.53456
9/8/2002,81.552384
9/9/2002,81.269216
9/10/2002,77.8712
9/11/2002,73.62368
9/12/2002,73.340512
9/13/2002,73.340512
9/14/2002,73.62368
9/15/2002,73.906848
9/16/2002,72.20784
9/17/2002,68.243488
9/18/2002,68.243488
9/19/2002,69.659328
9/20/2002,71.641504
9/21/2002,69.942496
9/22/2002,68.526656
9/23/2002,67.96032
9/24/2002,67.677152
9/25/2002,65.411808
9/26/2002,62.580128
9/27/2002,68.526656
9/28/2002,68.809824
9/29/2002,68.809824
9/30/2002,68.243488
10/1/2002,87.498912
10/2/2002,124.027584
10/3/2002,103.35632
10/4/2002,77.021696
10/5/2002,71.358336
10/6/2002,65.411808
10/7/2002,65.978144
10/8/2002,66.261312
10/9/2002,66.54448
10/10/2002,63.146464
10/11/2002,56.067264
10/12/2002,55.784096
10/13/2002,58.04944
10/14/2002,60.031616
10/15/2002,58.332608
10/16/2002,56.350432
10/17/2002,56.350432
10/18/2002,56.067264
10/19/2002,56.067264
10/20/2002,56.6336
10/21/2002,69.092992
10/22/2002,100.807808
10/23/2002,103.639488
10/24/2002,102.506816
10/25/2002,136.486976
10/26/2002,230.215584
10/27/2002,234.179936
10/28/2002,244.657152
10/29/2002,243.52448
10/30/2002,184.908704
10/31/2002,172.449312
11/1/2002,169.334464
11/2/2002,165.65328
11/3/2002,192.837408
11/4/2002,475.72224
11/5/2002,648.45472
11/6/2002,605.97952
11/7/2002,538.0192
11/8/2002,478.55392
11/9/2002,453.0688
11/10/2002,450.23712
11/11/2002,438.9104
11/12/2002,402.09856
11/13/2002,336.96992
11/14/2002,311.4848
11/15/2002,239.843296
11/16/2002,171.882976
11/17/2002,167.635456
11/18/2002,136.486976
11/19/2002,102.506816
11/20/2002,92.595936
11/21/2002,78.154368
11/22/2002,67.96032
11/23/2002,67.393984
11/24/2002,67.110816
11/25/2002,74.473184
11/26/2002,94.578112
11/27/2002,92.879104
11/28/2002,80.419712
11/29/2002,72.20784
11/30/2002,69.37616
12/1/2002,69.37616
12/2/2002,68.526656
12/3/2002,85.233568
12/4/2002,142.433504
12/5/2002,194.819584
12/6/2002,145.83152
12/7/2002,137.053312
12/8/2002,135.071136
12/9/2002,141.300832
12/10/2002,165.65328
12/11/2002,152.627552
12/12/2002,136.770144
12/13/2002,294.49472
12/14/2002,396.4352
12/15/2002,317.14816
12/16/2002,305.82144
12/17/2002,305.82144
12/18/2002,305.82144
12/19/2002,311.4848
12/20/2002,325.6432
12/21/2002,331.30656
12/22/2002,302.98976
12/23/2002,254.8512
12/24/2002,249.18784
12/25/2002,252.869024
12/26/2002,283.168
12/27/2002,331.30656
12/28/2002,351.12832
12/29/2002,416.25696
12/30/2002,441.74208
12/31/2002,549.34592
1/1/2003,549.34592
1/2/2003,523.8608
1/3/2003,509.7024
1/4/2003,515.36576
1/5/2003,515.36576
1/6/2003,509.7024
1/7/2003,504.03904
1/8/2003,495.544
1/9/2003,464.39552
1/10/2003,427.58368
1/11/2003,424.752
1/12/2003,421.92032
1/13/2003,416.25696
1/14/2003,399.26688
1/15/2003,387.94016
1/16/2003,376.61344
1/17/2003,356.79168
1/18/2003,331.30656
1/19/2003,328.47488
1/20/2003,328.47488
1/21/2003,331.30656
1/22/2003,283.168
1/23/2003,212.942336
1/24/2003,169.334464
1/25/2003,148.096864
1/26/2003,147.813696
1/27/2003,149.512704
1/28/2003,149.229536
1/29/2003,148.946368
1/30/2003,149.229536
1/31/2003,143.566176
2/1/2003,128.275104
2/2/2003,109.302848
2/3/2003,85.799904
2/4/2003,102.789984
2/5/2003,137.902816
2/6/2003,149.512704
2/7/2003,175.847328
2/8/2003,136.486976
2/9/2003,114.68304
2/10/2003,122.611744
2/11/2003,137.33648
2/12/2003,136.203808
2/13/2003,137.053312
2/14/2003,141.300832
2/15/2003,141.867168
2/16/2003,143.566176
2/17/2003,142.150336
2/18/2003,137.33648
2/19/2003,133.655296
2/20/2003,148.380032
2/21/2003,201.615616
2/22/2003,351.12832
2/23/2003,475.72224
2/24/2003,487.04896
2/25/2003,498.37568
2/26/2003,501.20736
2/27/2003,529.52416
2/28/2003,577.66272
3/1/2003,600.31616
3/2/2003,600.31616
3/3/2003,597.48448
3/4/2003,605.97952
3/5/2003,611.64288
3/6/2003,608.8112
3/7/2003,603.14784
3/8/2003,591.82112
3/9/2003,580.4944
3/10/2003,580.4944
3/11/2003,586.15776
3/12/2003,591.82112
3/13/2003,588.98944
3/14/2003,588.98944
3/15/2003,586.15776
3/16/2003,586.15776
3/17/2003,574.83104
3/18/2003,549.34592
3/19/2003,549.34592
3/20/2003,546.51424
3/21/2003,523.8608
3/22/2003,495.544
3/23/2003,492.71232
3/24/2003,464.39552
3/25/2003,430.41536
3/26/2003,441.74208
3/27/2003,455.90048
3/28/2003,464.39552
3/29/2003,478.55392
3/30/2003,467.2272
3/31/2003,441.74208
4/1/2003,399.26688
4/2/2003,356.79168
4/3/2003,336.96992
4/4/2003,334.13824
4/5/2003,334.13824
4/6/2003,331.30656
4/7/2003,322.81152
4/8/2003,311.4848
4/9/2003,311.4848
4/10/2003,311.4848
4/11/2003,274.106624
4/12/2003,328.47488
4/13/2003,331.30656
4/14/2003,334.13824
4/15/2003,317.14816
4/16/2003,258.815552
4/17/2003,232.19776
4/18/2003,231.631424
4/19/2003,230.498752
4/20/2003,231.914592
4/21/2003,231.348256
4/22/2003,230.78192
4/23/2003,232.764096
4/24/2003,215.20768
4/25/2003,158.290912
4/26/2003,132.805792
4/27/2003,124.027584
4/28/2003,128.558272
4/29/2003,141.300832
4/30/2003,150.07904
5/1/2003,159.423584
5/2/2003,144.982016
5/3/2003,125.160256
5/4/2003,124.59392
5/5/2003,116.948384
5/6/2003,125.443424
5/7/2003,125.726592
5/8/2003,121.195904
5/9/2003,109.302848
5/10/2003,108.453344
5/11/2003,107.60384
5/12/2003,98.259296
5/13/2003,88.631584
5/14/2003,91.463264
5/15/2003,92.879104
5/16/2003,94.86128
5/17/2003,95.993952
5/18/2003,95.993952
5/19/2003,95.993952
5/20/2003,95.710784
5/21/2003,95.427616
5/22/2003,95.427616
5/23/2003,95.427616
5/24/2003,95.427616
5/25/2003,95.427616
5/26/2003,95.710784
5/27/2003,95.993952
5/28/2003,93.728608
5/29/2003,87.498912
5/30/2003,86.932576
5/31/2003,86.932576
6/1/2003,86.932576
6/2/2003,86.932576
6/3/2003,86.649408
6/4/2003,86.649408
6/5/2003,86.649408
6/6/2003,95.427616
6/7/2003,105.904832
6/8/2003,105.904832
6/9/2003,94.578112
6/10/2003,82.401888
6/11/2003,82.401888
6/12/2003,77.304864
6/13/2003,229.36608
6/14/2003,219.4552
6/15/2003,242.958144
6/16/2003,229.36608
6/17/2003,152.344384
6/18/2003,86.649408
6/19/2003,69.942496
6/20/2003,96.560288
6/21/2003,118.081056
6/22/2003,112.700864
6/23/2003,103.639488
6/24/2003,120.3464
6/25/2003,111.285024
6/26/2003,102.789984
6/27/2003,102.223648
6/28/2003,101.374144
6/29/2003,100.52464
6/30/2003,99.675136
7/1/2003,100.52464
7/2/2003,97.976128
7/3/2003,80.136544
7/4/2003,68.243488
7/5/2003,74.756352
7/6/2003,78.437536
7/7/2003,90.330592
7/8/2003,100.807808
7/9/2003,100.807808
7/10/2003,100.52464
7/11/2003,99.958304
7/12/2003,99.958304
7/13/2003,99.675136
7/14/2003,105.055328
7/15/2003,133.938464
7/16/2003,111.85136
7/17/2003,83.251392
7/18/2003,77.588032
7/19/2003,77.588032
7/20/2003,77.588032
7/21/2003,74.190016
7/22/2003,77.304864
7/23/2003,79.853376
7/24/2003,79.853376
7/25/2003,80.136544
7/26/2003,80.136544
7/27/2003,80.136544
7/28/2003,81.835552
7/29/2003,86.083072
7/30/2003,111.285024
7/31/2003,156.591904
8/1/2003,144.982016
8/2/2003,124.877088
8/3/2003,124.310752
8/4/2003,108.453344
8/5/2003,90.61376
8/6/2003,91.746432
8/7/2003,134.787968
8/8/2003,116.948384
8/9/2003,83.53456
8/10/2003,82.685056
8/11/2003,83.53456
8/12/2003,107.60384
8/13/2003,151.211712
8/14/2003,144.982016
8/15/2003,101.090976
8/16/2003,99.391968
8/17/2003,99.1088
8/18/2003,99.1088
8/19/2003,95.993952
8/20/2003,99.391968
8/21/2003,107.320672
8/22/2003,117.797888
8/23/2003,113.833536
8/24/2003,116.948384
8/25/2003,114.966208
8/26/2003,115.249376
8/27/2003,115.532544
8/28/2003,114.399872
8/29/2003,106.188
8/30/2003,116.665216
8/31/2003,117.797888
9/1/2003,120.629568
9/2/2003,120.629568
9/3/2003,136.203808
9/4/2003,167.635456
9/5/2003,184.625536
9/6/2003,184.625536
9/7/2003,168.201792
9/8/2003,149.512704
9/9/2003,132.805792
9/10/2003,108.453344
9/11/2003,98.825632
9/12/2003,106.471168
9/13/2003,139.601824
9/14/2003,166.219616
9/15/2003,182.926528
9/16/2003,163.954272
9/17/2003,143.849344
9/18/2003,124.877088
9/19/2003,114.116704
9/20/2003,113.833536
9/21/2003,113.833536
9/22/2003,113.833536
9/23/2003,109.586016
9/24/2003,112.134528
9/25/2003,104.77216
9/26/2003,95.427616
9/27/2003,98.259296
9/28/2003,97.976128
9/29/2003,97.69296
9/30/2003,89.481088
10/1/2003,68.243488
10/2/2003,64.562304
10/3/2003,65.694976
10/4/2003,62.863296
10/5/2003,68.243488
10/6/2003,66.261312
10/7/2003,62.863296
10/8/2003,62.29696
10/9/2003,62.580128
10/10/2003,63.429632
10/11/2003,63.146464
10/12/2003,62.013792
10/13/2003,61.730624
10/14/2003,61.164288
10/15/2003,61.447456
10/16/2003,62.863296
10/17/2003,62.29696
10/18/2003,64.279136
10/19/2003,63.7128
10/20/2003,63.7128
10/21/2003,63.7128
10/22/2003,63.7128
10/23/2003,63.7128
10/24/2003,63.995968
10/25/2003,63.7128
10/26/2003,63.7128
10/27/2003,63.995968
10/28/2003,63.995968
10/29/2003,62.013792
10/30/2003,69.659328
10/31/2003,64.279136
11/1/2003,55.784096
11/2/2003,53.80192
11/3/2003,53.518752
11/4/2003,55.21776
11/5/2003,64.279136
11/6/2003,54.934592
11/7/2003,58.898944
11/8/2003,59.46528
11/9/2003,59.748448
11/10/2003,58.332608
11/11/2003,54.368256
11/12/2003,54.085088
11/13/2003,52.38608
11/14/2003,54.085088
11/15/2003,53.518752
11/16/2003,57.766272
11/17/2003,93.162272
11/18/2003,268.726432
11/19/2003,283.168
11/20/2003,140.734496
11/21/2003,56.350432
11/22/2003,51.819744
11/23/2003,58.04944
11/24/2003,76.172192
11/25/2003,73.62368
11/26/2003,55.784096
11/27/2003,54.651424
11/28/2003,74.473184
11/29/2003,121.479072
11/30/2003,116.09888
12/1/2003,100.241472
12/2/2003,75.322688
12/3/2003,48.13856
12/4/2003,45.590048
12/5/2003,45.30688
12/6/2003,46.72272
12/7/2003,49.5544
12/8/2003,49.5544
12/9/2003,47.289056
12/10/2003,45.590048
12/11/2003,47.289056
12/12/2003,47.005888
12/13/2003,50.403904
12/14/2003,77.304864
12/15/2003,97.126624
12/16/2003,95.993952
12/17/2003,72.491008
12/18/2003,48.988064
12/19/2003,47.289056
12/20/2003,47.005888
12/21/2003,47.289056
12/22/2003,48.13856
12/23/2003,50.687072
12/24/2003,51.253408
12/25/2003,51.253408
12/26/2003,50.687072
12/27/2003,50.687072
12/28/2003,50.403904
12/29/2003,51.536576
12/30/2003,54.651424
12/31/2003,58.04944
1/1/2004,87.498912
1/2/2004,79.570208
1/3/2004,65.12864
1/4/2004,73.62368
1/5/2004,82.401888
1/6/2004,63.429632
1/7/2004,51.536576
1/8/2004,49.5544
1/9/2004,47.289056
1/10/2004,40.776192
1/11/2004,37.095008
1/12/2004,39.64352
1/13/2004,45.873216
1/14/2004,47.005888
1/15/2004,47.855392
1/16/2004,50.403904
1/17/2004,53.80192
1/18/2004,81.269216
1/19/2004,97.409792
1/20/2004,95.993952
1/21/2004,95.993952
1/22/2004,104.488992
1/23/2004,127.708768
1/24/2004,130.25728
1/25/2004,236.728448
1/26/2004,351.12832
1/27/2004,288.83136
1/28/2004,221.720544
1/29/2004,190.572064
1/30/2004,199.916608
1/31/2004,200.766112
2/1/2004,195.38592
2/2/2004,193.403744
2/3/2004,191.1384
2/4/2004,190.288896
2/5/2004,319.97984
2/6/2004,419.08864
2/7/2004,291.66304
2/8/2004,201.04928
2/9/2004,191.1384
2/10/2004,259.665056
2/11/2004,413.42528
2/12/2004,538.0192
2/13/2004,498.37568
2/14/2004,467.2272
2/15/2004,444.57376
2/16/2004,438.9104
2/17/2004,458.73216
2/18/2004,467.2272
2/19/2004,464.39552
2/20/2004,461.56384
2/21/2004,458.73216
2/22/2004,453.0688
2/23/2004,390.77184
2/24/2004,206.146304
2/25/2004,291.66304
2/26/2004,308.65312
2/27/2004,348.29664
2/28/2004,373.78176
2/29/2004,399.26688
3/1/2004,407.76192
3/2/2004,455.90048
3/3/2004,481.3856
3/4/2004,458.73216
3/5/2004,427.58368
3/6/2004,424.752
3/7/2004,424.752
3/8/2004,444.57376
3/9/2004,433.24704
3/10/2004,410.5936
3/11/2004,433.24704
3/12/2004,424.752
3/13/2004,416.25696
3/14/2004,413.42528
3/15/2004,427.58368
3/16/2004,436.07872
3/17/2004,421.92032
3/18/2004,399.26688
3/19/2004,373.78176
3/20/2004,353.96
3/21/2004,368.1184
3/22/2004,382.2768
3/23/2004,365.28672
3/24/2004,311.4848
3/25/2004,308.65312
3/26/2004,271.84128
3/27/2004,227.667072
3/28/2004,237.011616
3/29/2004,255.134368
3/30/2004,260.51456
3/31/2004,271.274944
4/1/2004,302.98976
4/2/2004,311.4848
4/3/2004,294.49472
4/4/2004,285.99968
4/5/2004,285.99968
4/6/2004,285.99968
4/7/2004,282.884832
4/8/2004,261.647232
4/9/2004,250.037344
4/10/2004,227.100736
4/11/2004,308.65312
4/12/2004,382.2768
4/13/2004,342.63328
4/14/2004,319.97984
4/15/2004,271.558112
4/16/2004,267.027424
4/17/2004,266.744256
4/18/2004,266.17792
4/19/2004,252.585856
4/20/2004,192.55424
4/21/2004,138.469152
4/22/2004,136.486976
4/23/2004,137.902816
4/24/2004,154.32656
4/25/2004,183.492864
4/26/2004,319.97984
4/27/2004,278.354144
4/28/2004,227.100736
4/29/2004,189.156224
4/30/2004,185.758208
5/1/2004,268.160096
5/2/2004,515.36576
5/3/2004,475.72224
5/4/2004,407.76192
5/5/2004,379.44512
5/6/2004,305.82144
5/7/2004,328.47488
5/8/2004,348.29664
5/9/2004,348.29664
5/10/2004,362.45504
5/11/2004,385.10848
5/12/2004,407.76192
5/13/2004,410.5936
5/14/2004,427.58368
5/15/2004,407.76192
5/16/2004,399.26688
5/17/2004,402.09856
5/18/2004,498.37568
5/19/2004,540.85088
5/20/2004,529.52416
5/21/2004,540.85088
5/22/2004,543.68256
5/23/2004,538.0192
5/24/2004,501.20736
5/25/2004,419.08864
5/26/2004,342.63328
5/27/2004,308.65312
5/28/2004,278.637312
5/29/2004,297.3264
5/30/2004,297.3264
5/31/2004,308.65312
6/1/2004,317.14816
6/2/2004,314.31648
6/3/2004,297.3264
6/4/2004,237.011616
6/5/2004,203.031456
6/6/2004,200.766112
6/7/2004,200.482944
6/8/2004,240.409632
6/9/2004,365.28672
6/10/2004,331.30656
6/11/2004,268.443264
6/12/2004,264.478912
6/13/2004,261.647232
6/14/2004,265.328416
6/15/2004,244.657152
6/16/2004,177.829504
6/17/2004,171.599808
6/18/2004,187.457216
6/19/2004,208.694816
6/20/2004,209.54432
6/21/2004,207.845312
6/22/2004,238.427456
6/23/2004,285.99968
6/24/2004,274.67296
6/25/2004,283.168
6/26/2004,283.168
6/27/2004,314.31648
6/28/2004,393.60352
6/29/2004,404.93024
6/30/2004,359.62336
7/1/2004,376.61344
7/2/2004,475.72224
7/3/2004,489.88064
7/4/2004,487.04896
7/5/2004,475.72224
7/6/2004,458.73216
7/7/2004,455.90048
7/8/2004,436.07872
7/9/2004,385.10848
7/10/2004,351.12832
7/11/2004,351.12832
7/12/2004,351.12832
7/13/2004,351.12832
7/14/2004,348.29664
7/15/2004,348.29664
7/16/2004,348.29664
7/17/2004,345.46496
7/18/2004,345.46496
7/19/2004,339.8016
7/20/2004,342.63328
7/21/2004,334.13824
7/22/2004,314.31648
7/23/2004,311.4848
7/24/2004,269.0096
7/25/2004,220.587872
7/26/2004,195.669088
7/27/2004,167.352288
7/28/2004,164.803776
7/29/2004,155.7424
7/30/2004,130.823616
7/31/2004,136.486976
8/1/2004,142.99984
8/2/2004,141.017664
8/3/2004,135.354304
8/4/2004,126.859264
8/5/2004,124.877088
8/6/2004,125.160256
8/7/2004,123.461248
8/8/2004,123.17808
8/9/2004,122.611744
8/10/2004,130.25728
8/11/2004,122.894912
8/12/2004,122.894912
8/13/2004,134.221632
8/14/2004,118.364224
8/15/2004,112.984032
8/16/2004,107.887008
8/17/2004,103.35632
8/18/2004,98.542464
8/19/2004,94.294944
8/20/2004,118.93056
8/21/2004,158.290912
8/22/2004,159.706752
8/23/2004,149.229536
8/24/2004,115.815712
8/25/2004,85.233568
8/26/2004,41.05936
8/27/2004,48.704896
8/28/2004,73.62368
8/29/2004,107.60384
8/30/2004,126.576096
8/31/2004,126.859264
9/1/2004,116.665216
9/2/2004,69.37616
9/3/2004,50.120736
9/4/2004,42.758368
9/5/2004,44.457376
9/6/2004,44.174208
9/7/2004,43.607872
9/8/2004,50.687072
9/9/2004,58.898944
9/10/2004,67.110816
9/11/2004,74.473184
9/12/2004,74.473184
9/13/2004,74.473184
9/14/2004,74.756352
9/15/2004,74.756352
9/16/2004,74.473184
9/17/2004,92.312768
9/18/2004,107.320672
9/19/2004,55.21776
9/20/2004,51.253408
9/21/2004,50.687072
9/22/2004,57.483104
9/23/2004,89.481088
9/24/2004,131.67312
9/25/2004,161.122592
9/26/2004,165.936448
9/27/2004,114.966208
9/28/2004,69.37616
9/29/2004,66.261312
9/30/2004,78.437536
10/1/2004,129.690944
10/2/2004,126.859264
10/3/2004,119.213728
10/4/2004,116.665216
10/5/2004,117.797888
10/6/2004,117.231552
10/7/2004,119.780064
10/8/2004,121.195904
10/9/2004,122.894912
10/10/2004,122.045408
10/11/2004,121.479072
10/12/2004,120.629568
10/13/2004,119.496896
10/14/2004,120.629568
10/15/2004,120.629568
10/16/2004,120.629568
10/17/2004,120.629568
10/18/2004,120.629568
10/19/2004,120.3464
10/20/2004,119.780064
10/21/2004,106.471168
10/22/2004,84.9504
10/23/2004,80.419712
10/24/2004,79.28704
10/25/2004,123.17808
10/26/2004,130.823616
10/27/2004,129.407776
10/28/2004,133.938464
10/29/2004,139.318656
10/30/2004,141.867168
10/31/2004,148.6632
11/1/2004,150.07904
11/2/2004,167.635456
11/3/2004,246.922496
11/4/2004,319.97984
11/5/2004,314.31648
11/6/2004,280.33632
11/7/2004,277.221472
11/8/2004,240.6928
11/9/2004,201.332448
11/10/2004,148.380032
11/11/2004,127.708768
11/12/2004,124.877088
11/13/2004,123.17808
11/14/2004,124.310752
11/15/2004,103.639488
11/16/2004,91.746432
11/17/2004,98.259296
11/18/2004,245.506656
11/19/2004,433.24704
11/20/2004,464.39552
11/21/2004,509.7024
11/22/2004,515.36576
11/23/2004,540.85088
11/24/2004,586.15776
11/25/2004,594.6528
11/26/2004,577.66272
11/27/2004,591.82112
11/28/2004,617.30624
11/29/2004,673.93984
11/30/2004,713.58336
12/1/2004,699.42496
12/2/2004,690.92992
12/3/2004,668.27648
12/4/2004,634.29632
12/5/2004,583.32608
12/6/2004,529.52416
12/7/2004,512.53408
12/8/2004,515.36576
12/9/2004,512.53408
12/10/2004,526.69248
12/11/2004,532.35584
12/12/2004,535.18752
12/13/2004,540.85088
12/14/2004,555.00928
12/15/2004,543.68256
12/16/2004,532.35584
12/17/2004,535.18752
12/18/2004,540.85088
12/19/2004,543.68256
12/20/2004,552.1776
12/21/2004,563.50432
12/22/2004,566.336
12/23/2004,549.34592
12/24/2004,532.35584
12/25/2004,523.8608
12/26/2004,515.36576
12/27/2004,475.72224
12/28/2004,404.93024
12/29/2004,387.94016
12/30/2004,376.61344
12/31/2004,353.96
1/1/2005,342.63328
1/2/2005,342.63328
1/3/2005,342.63328
1/4/2005,342.63328
1/5/2005,319.97984
1/6/2005,273.540288
1/7/2005,229.649248
1/8/2005,194.253248
1/9/2005,192.55424
1/10/2005,192.55424
1/11/2005,192.271072
1/12/2005,192.271072
1/13/2005,228.516576
1/14/2005,319.97984
1/15/2005,365.28672
1/16/2005,325.6432
1/17/2005,259.665056
1/18/2005,269.292768
1/19/2005,285.99968
1/20/2005,282.318496
1/21/2005,283.168
1/22/2005,283.168
1/23/2005,276.655136
1/24/2005,236.728448
1/25/2005,186.89088
1/26/2005,187.174048
1/27/2005,186.324544
1/28/2005,152.344384
1/29/2005,129.407776
1/30/2005,129.124608
1/31/2005,208.977984
2/1/2005,353.96
2/2/2005,387.94016
2/3/2005,453.0688
2/4/2005,441.74208
2/5/2005,413.42528
2/6/2005,410.5936
2/7/2005,416.25696
2/8/2005,455.90048
2/9/2005,532.35584
2/10/2005,543.68256
2/11/2005,535.18752
2/12/2005,526.69248
2/13/2005,526.69248
2/14/2005,543.68256
2/15/2005,557.84096
2/16/2005,543.68256
2/17/2005,523.8608
2/18/2005,523.8608
2/19/2005,521.02912
2/20/2005,523.8608
2/21/2005,526.69248
2/22/2005,523.8608
2/23/2005,523.8608
2/24/2005,535.18752
2/25/2005,552.1776
2/26/2005,546.51424
2/27/2005,543.68256
2/28/2005,540.85088
3/1/2005,535.18752
3/2/2005,518.19744
3/3/2005,512.53408
3/4/2005,529.52416
3/5/2005,529.52416
3/6/2005,526.69248
3/7/2005,523.8608
3/8/2005,523.8608
3/9/2005,523.8608
3/10/2005,529.52416
3/11/2005,512.53408
3/12/2005,461.56384
3/13/2005,455.90048
3/14/2005,455.90048
3/15/2005,444.57376
3/16/2005,430.41536
3/17/2005,407.76192
3/18/2005,382.2768
3/19/2005,359.62336
3/20/2005,385.10848
3/21/2005,450.23712
3/22/2005,498.37568
3/23/2005,504.03904
3/24/2005,489.88064
3/25/2005,464.39552
3/26/2005,461.56384
3/27/2005,461.56384
3/28/2005,461.56384
3/29/2005,427.58368
3/30/2005,356.79168
3/31/2005,317.14816
4/1/2005,294.49472
4/2/2005,242.674976
4/3/2005,239.843296
4/4/2005,239.843296
4/5/2005,212.659168
4/6/2005,179.528512
4/7/2005,191.421568
4/8/2005,206.995808
4/9/2005,206.995808
4/10/2005,205.863136
4/11/2005,184.625536
4/12/2005,143.283008
4/13/2005,186.041376
4/14/2005,258.815552
4/15/2005,254.001696
4/16/2005,263.34624
4/17/2005,263.629408
4/18/2005,264.195744
4/19/2005,276.0888
4/20/2005,261.9304
4/21/2005,205.863136
4/22/2005,157.441408
4/23/2005,138.185984
4/24/2005,136.770144
4/25/2005,136.486976
4/26/2005,136.203808
4/27/2005,131.106784
4/28/2005,119.496896
4/29/2005,118.647392
4/30/2005,117.51472
5/1/2005,116.948384
5/2/2005,116.665216
5/3/2005,116.382048
5/4/2005,116.665216
5/5/2005,116.665216
5/6/2005,110.718688
5/7/2005,96.27712
5/8/2005,95.710784
5/9/2005,96.27712
5/10/2005,96.27712
5/11/2005,96.560288
5/12/2005,97.126624
5/13/2005,97.69296
5/14/2005,97.69296
5/15/2005,97.409792
5/16/2005,97.409792
5/17/2005,97.409792
5/18/2005,97.409792
5/19/2005,97.126624
5/20/2005,79.570208
5/21/2005,61.730624
5/22/2005,62.863296
5/23/2005,62.863296
5/24/2005,61.730624
5/25/2005,51.819744
5/26/2005,42.758368
5/27/2005,49.837568
5/28/2005,50.403904
5/29/2005,62.863296
5/30/2005,92.0296
5/31/2005,92.879104
6/1/2005,92.595936
6/2/2005,92.312768
6/3/2005,82.11872
6/4/2005,55.21776
6/5/2005,53.235584
6/6/2005,52.952416
6/7/2005,52.952416
6/8/2005,53.518752
6/9/2005,50.120736
6/10/2005,49.5544
6/11/2005,84.667232
6/12/2005,68.243488
6/13/2005,48.13856
6/14/2005,47.572224
6/15/2005,48.704896
6/16/2005,47.572224
6/17/2005,52.102912
6/18/2005,51.819744
6/19/2005,51.819744
6/20/2005,59.46528
6/21/2005,70.225664
6/22/2005,68.809824
6/23/2005,69.092992
6/24/2005,58.898944
6/25/2005,48.704896
6/26/2005,48.13856
6/27/2005,45.590048
6/28/2005,48.421728
6/29/2005,48.704896
6/30/2005,48.704896
7/1/2005,48.704896
7/2/2005,46.72272
7/3/2005,77.8712
7/4/2005,116.665216
7/5/2005,119.213728
7/6/2005,121.76224
7/7/2005,112.700864
7/8/2005,107.320672
7/9/2005,52.102912
7/10/2005,46.156384
7/11/2005,61.730624
7/12/2005,69.092992
7/13/2005,34.263328
7/14/2005,46.72272
7/15/2005,73.340512
7/16/2005,91.746432
7/17/2005,90.047424
7/18/2005,88.348416
7/19/2005,87.215744
7/20/2005,74.190016
7/21/2005,38.794016
7/22/2005,20.812848
7/23/2005,24.210864
7/24/2005,27.5239296
7/25/2005,27.1558112
7/26/2005,36.245504
7/27/2005,71.641504
7/28/2005,103.073152
7/29/2005,125.443424
7/30/2005,111.285024
7/31/2005,79.28704
8/1/2005,63.995968
8/2/2005,64.562304
8/3/2005,65.411808
8/4/2005,69.659328
8/5/2005,81.835552
8/6/2005,97.409792
8/7/2005,89.19792
8/8/2005,77.304864
8/9/2005,77.8712
8/10/2005,77.8712
8/11/2005,80.70288
8/12/2005,81.269216
8/13/2005,67.393984
8/14/2005,57.199936
8/15/2005,63.7128
8/16/2005,62.29696
8/17/2005,48.704896
8/18/2005,44.740544
8/19/2005,42.4752
8/20/2005,41.625696
8/21/2005,41.625696
8/22/2005,41.625696
8/23/2005,41.908864
8/24/2005,44.174208
8/25/2005,60.314784
8/26/2005,62.580128
8/27/2005,61.164288
8/28/2005,66.261312
8/29/2005,66.54448
8/30/2005,72.20784
8/31/2005,67.96032
9/1/2005,68.809824
9/2/2005,63.995968
9/3/2005,59.46528
9/4/2005,58.898944
9/5/2005,61.164288
9/6/2005,61.730624
9/7/2005,87.498912
9/8/2005,132.522624
9/9/2005,116.09888
9/10/2005,98.259296
9/11/2005,78.154368
9/12/2005,52.669248
9/13/2005,34.546496
9/14/2005,23.7577952
9/15/2005,24.0409632
9/16/2005,24.8055168
9/17/2005,31.431648
9/18/2005,41.625696
9/19/2005,41.908864
9/20/2005,56.6336
9/21/2005,87.78208
9/22/2005,88.631584
9/23/2005,98.825632
9/24/2005,472.89056
9/25/2005,654.11808
9/26/2005,433.24704
9/27/2005,264.76208
9/28/2005,133.938464
9/29/2005,112.984032
9/30/2005,83.817728
10/1/2005,32.56432
10/2/2005,20.246512
10/3/2005,20.8694816
10/4/2005,24.7205664
10/5/2005,24.8904672
10/6/2005,24.918784
10/7/2005,50.403904
10/8/2005,100.241472
10/9/2005,60.314784
10/10/2005,56.6336
10/11/2005,56.6336
10/12/2005,56.6336
10/13/2005,57.766272
10/14/2005,61.730624
10/15/2005,74.473184
10/16/2005,76.45536
10/17/2005,76.45536
10/18/2005,76.45536
10/19/2005,75.605856
10/20/2005,69.092992
10/21/2005,64.562304
10/22/2005,75.605856
10/23/2005,79.853376
10/24/2005,81.835552
10/25/2005,78.437536
10/26/2005,63.7128
10/27/2005,45.590048
10/28/2005,41.342528
10/29/2005,40.493024
10/30/2005,39.64352
10/31/2005,39.64352
11/1/2005,39.64352
11/2/2005,34.829664
11/3/2005,29.166304
11/4/2005,30.582144
11/5/2005,30.298976
11/6/2005,29.73264
11/7/2005,29.166304
11/8/2005,29.73264
11/9/2005,28.599968
11/10/2005,29.449472
11/11/2005,30.015808
11/12/2005,30.298976
11/13/2005,30.015808
11/14/2005,30.015808
11/15/2005,30.298976
11/16/2005,30.865312
11/17/2005,32.281152
11/18/2005,25.6550208
11/19/2005,18.0094848
11/20/2005,17.6413664
11/21/2005,16.1688928
11/22/2005,17.1882976
11/23/2005,15.4892896
11/24/2005,16.3671104
11/25/2005,16.7635456
11/26/2005,18.8589888
11/27/2005,27.0142272
11/28/2005,55.21776
11/29/2005,49.5544
11/30/2005,41.342528
12/1/2005,36.245504
12/2/2005,30.865312
12/3/2005,26.759376
12/4/2005,26.3912576
12/5/2005,26.1647232
12/6/2005,26.2779904
12/7/2005,26.8160096
12/8/2005,26.8443264
12/9/2005,24.0126464
12/10/2005,15.2627552
12/11/2005,18.122752
12/12/2005,21.662352
12/13/2005,21.1526496
12/14/2005,20.8977984
12/15/2005,41.908864
12/16/2005,88.348416
12/17/2005,88.914752
12/18/2005,60.314784
12/19/2005,22.511856
12/20/2005,21.1526496
12/21/2005,20.6995808
12/22/2005,20.6146304
12/23/2005,20.6146304
12/24/2005,20.4164128
12/25/2005,20.3031456
12/26/2005,20.4730464
12/27/2005,20.4447296
12/28/2005,20.3314624
12/29/2005,26.4195744
12/30/2005,41.05936
12/31/2005,41.625696
1/1/2006,33.98016
1/2/2006,18.4342368
1/3/2006,23.0215584
1/4/2006,24.0126464
1/5/2006,24.210864
1/6/2006,24.918784
1/7/2006,25.768288
1/8/2006,25.909872
1/9/2006,25.6833376
1/10/2006,16.3671104
1/11/2006,0.283168
1/12/2006,0.283168
1/13/2006,7.0508832
1/14/2006,13.9884992
1/15/2006,14.3849344
1/16/2006,14.441568
1/17/2006,15.5176064
1/18/2006,33.130656
1/19/2006,53.235584
1/20/2006,54.368256
1/21/2006,52.952416
1/22/2006,25.4284864
1/23/2006,15.4609728
1/24/2006,22.795024
1/25/2006,39.360352
1/26/2006,44.174208
1/27/2006,44.740544
1/28/2006,45.590048
1/29/2006,47.572224
1/30/2006,47.855392
1/31/2006,46.72272
2/1/2006,52.38608
2/2/2006,71.924672
2/3/2006,103.639488
2/4/2006,112.700864
2/5/2006,110.43552
2/6/2006,100.52464
2/7/2006,71.358336
2/8/2006,52.102912
2/9/2006,56.6336
2/10/2006,78.437536
2/11/2006,182.077024
2/12/2006,241.259136
2/13/2006,169.334464
2/14/2006,118.364224
2/15/2006,100.52464
2/16/2006,99.1088
2/17/2006,98.259296
2/18/2006,97.976128
2/19/2006,97.976128
2/20/2006,97.409792
2/21/2006,68.809824
2/22/2006,33.98016
2/23/2006,32.281152
2/24/2006,34.829664
2/25/2006,49.271232
2/26/2006,74.756352
2/27/2006,62.013792
2/28/2006,82.401888
3/1/2006,82.401888
3/2/2006,67.96032
3/3/2006,55.500928
3/4/2006,38.510848
3/5/2006,38.22768
3/6/2006,37.944512
3/7/2006,37.944512
3/8/2006,32.847488
3/9/2006,18.6041376
3/10/2006,19.7084928
3/11/2006,20.0199776
3/12/2006,19.8500768
3/13/2006,19.4536416
3/14/2006,19.1987904
3/15/2006,19.2837408
3/16/2006,19.2271072
3/17/2006,19.0855232
3/18/2006,19.9350272
3/19/2006,20.3031456
3/20/2006,29.449472
3/21/2006,99.1088
3/22/2006,139.318656
3/23/2006,120.629568
3/24/2006,94.86128
3/25/2006,76.172192
3/26/2006,75.889024
3/27/2006,76.172192
3/28/2006,76.738528
3/29/2006,77.588032
3/30/2006,76.172192
3/31/2006,77.588032
4/1/2006,76.172192
4/2/2006,75.605856
4/3/2006,74.756352
4/4/2006,74.473184
4/5/2006,74.473184
4/6/2006,74.190016
4/7/2006,73.906848
4/8/2006,66.827648
4/9/2006,68.526656
4/10/2006,71.358336
4/11/2006,67.393984
4/12/2006,46.439552
4/13/2006,36.81184
4/14/2006,37.095008
4/15/2006,37.095008
4/16/2006,37.095008
4/17/2006,37.095008
4/18/2006,37.095008
4/19/2006,37.095008
4/20/2006,37.378176
4/21/2006,37.378176
4/22/2006,37.661344
4/23/2006,37.661344
4/24/2006,37.661344
4/25/2006,37.661344
4/26/2006,38.510848
4/27/2006,40.209856
4/28/2006,39.077184
4/29/2006,119.496896
4/30/2006,256.833376
5/1/2006,97.409792
5/2/2006,43.89104
5/3/2006,40.776192
5/4/2006,41.05936
5/5/2006,39.926688
5/6/2006,40.493024
5/7/2006,39.64352
5/8/2006,40.209856
5/9/2006,39.64352
5/10/2006,55.784096
5/11/2006,74.473184
5/12/2006,75.03952
5/13/2006,75.889024
5/14/2006,81.835552
5/15/2006,109.01968
5/16/2006,119.780064
5/17/2006,160.839424
5/18/2006,175.280992
5/19/2006,169.617632
5/20/2006,131.389952
5/21/2006,42.4752
5/22/2006,50.403904
5/23/2006,63.146464
5/24/2006,61.730624
5/25/2006,50.687072
5/26/2006,24.4373984
5/27/2006,28.883136
5/28/2006,29.166304
5/29/2006,29.449472
5/30/2006,29.449472
5/31/2006,26.7027424
6/1/2006,20.5013632
6/2/2006,16.7918624
6/3/2006,21.8322528
6/4/2006,30.582144
6/5/2006,31.431648
6/6/2006,33.413824
6/7/2006,35.679168
6/8/2006,35.679168
6/9/2006,35.679168
6/10/2006,34.546496
6/11/2006,35.112832
6/12/2006,33.130656
6/13/2006,33.98016
6/14/2006,33.98016
6/15/2006,33.98016
6/16/2006,33.98016
6/17/2006,34.263328
6/18/2006,34.829664
6/19/2006,40.493024
6/20/2006,59.748448
6/21/2006,81.269216
6/22/2006,48.13856
6/23/2006,27.4106624
6/24/2006,31.431648
6/25/2006,31.431648
6/26/2006,32.56432
6/27/2006,35.962336
6/28/2006,37.378176
6/29/2006,37.095008
6/30/2006,37.095008
7/1/2006,40.776192
7/2/2006,47.572224
7/3/2006,50.120736
7/4/2006,45.30688
7/5/2006,40.776192
7/6/2006,45.590048
7/7/2006,44.174208
7/8/2006,43.607872
7/9/2006,43.324704
7/10/2006,43.324704
7/11/2006,43.324704
7/12/2006,43.041536
7/13/2006,42.4752
7/14/2006,43.607872
7/15/2006,47.289056
7/16/2006,53.235584
7/17/2006,55.21776
7/18/2006,35.962336
7/19/2006,55.500928
7/20/2006,58.898944
7/21/2006,58.898944
7/22/2006,60.314784
7/23/2006,61.164288
7/24/2006,52.952416
7/25/2006,41.625696
7/26/2006,47.289056
7/27/2006,88.631584
7/28/2006,165.086944
7/29/2006,191.704736
7/30/2006,125.726592
7/31/2006,72.20784
8/1/2006,65.411808
8/2/2006,83.817728
8/3/2006,105.055328
8/4/2006,69.37616
8/5/2006,55.784096
8/6/2006,57.199936
8/7/2006,53.80192
8/8/2006,50.687072
8/9/2006,49.271232
8/10/2006,48.13856
8/11/2006,47.005888
8/12/2006,46.439552
8/13/2006,45.30688
8/14/2006,48.13856
8/15/2006,45.873216
8/16/2006,45.873216
8/17/2006,45.590048
8/18/2006,45.590048
8/19/2006,45.30688
8/20/2006,44.740544
8/21/2006,44.740544
8/22/2006,44.740544
8/23/2006,45.590048
8/24/2006,46.156384
8/25/2006,45.590048
8/26/2006,47.855392
8/27/2006,50.97024
8/28/2006,51.536576
8/29/2006,56.916768
8/30/2006,53.235584
8/31/2006,47.572224
9/1/2006,45.30688
9/2/2006,45.023712
9/3/2006,45.023712
9/4/2006,44.457376
9/5/2006,44.174208
9/6/2006,44.174208
9/7/2006,44.457376
9/8/2006,43.89104
9/9/2006,43.89104
9/10/2006,43.89104
9/11/2006,43.89104
9/12/2006,43.89104
9/13/2006,44.457376
9/14/2006,44.174208
9/15/2006,43.89104
9/16/2006,43.89104
9/17/2006,44.174208
9/18/2006,44.457376
9/19/2006,44.457376
9/20/2006,44.174208
9/21/2006,43.89104
9/22/2006,44.174208
9/23/2006,45.590048
9/24/2006,58.04944
9/25/2006,53.518752
9/26/2006,50.403904
9/27/2006,48.988064
9/28/2006,47.572224
9/29/2006,46.439552
9/30/2006,39.64352
10/1/2006,36.81184
10/2/2006,35.962336
10/3/2006,35.396
10/4/2006,35.396
10/5/2006,33.413824
10/6/2006,30.865312
10/7/2006,30.298976
10/8/2006,30.015808
10/9/2006,30.015808
10/10/2006,32.56432
10/11/2006,47.855392
10/12/2006,47.572224
10/13/2006,45.023712
10/14/2006,41.05936
10/15/2006,39.077184
10/16/2006,158.857248
10/17/2006,430.41536
10/18/2006,560.67264
10/19/2006,693.7616
10/20/2006,750.3952
10/21/2006,688.09824
10/22/2006,620.13792
10/23/2006,444.57376
10/24/2006,270.42544
10/25/2006,163.104768
10/26/2006,111.001856
10/27/2006,156.308736
10/28/2006,144.132512
10/29/2006,140.734496
10/30/2006,210.96016
10/31/2006,268.726432
11/1/2006,308.65312
11/2/2006,281.75216
11/3/2006,215.20768
11/4/2006,176.130496
11/5/2006,147.530528
11/6/2006,114.399872
11/7/2006,106.471168
11/8/2006,143.849344
11/9/2006,101.657312
11/10/2006,78.154368
11/11/2006,99.391968
11/12/2006,111.568192
11/13/2006,118.364224
11/14/2006,118.93056
11/15/2006,111.85136
11/16/2006,98.825632
11/17/2006,87.498912
11/18/2006,80.419712
11/19/2006,77.304864
11/20/2006,73.62368
11/21/2006,49.837568
11/22/2006,57.199936
11/23/2006,67.393984
11/24/2006,92.0296
11/25/2006,117.797888
11/26/2006,96.27712
11/27/2006,72.20784
11/28/2006,67.677152
11/29/2006,62.013792
11/30/2006,63.429632
12/1/2006,64.279136
12/2/2006,67.393984
12/3/2006,71.641504
12/4/2006,75.889024
12/5/2006,26.5328416
12/6/2006,17.981168
12/7/2006,17.2166144
12/8/2006,17.1033472
12/9/2006,17.4714656
12/10/2006,17.7829504
12/11/2006,18.3492864
12/12/2006,30.298976
12/13/2006,53.518752
12/14/2006,45.590048
12/15/2006,36.81184
12/16/2006,31.431648
12/17/2006,27.0991776
12/18/2006,24.8621504
12/19/2006,23.5878944
12/20/2006,22.65344
12/21/2006,21.7473024
12/22/2006,33.413824
12/23/2006,42.758368
12/24/2006,41.342528
12/25/2006,70.792
12/26/2006,111.85136
12/27/2006,95.144448
12/28/2006,72.774176
12/29/2006,68.526656
12/30/2006,424.752
12/31/2006,628.63296
1/1/2007,512.53408
1/2/2007,407.76192
1/3/2007,328.47488
1/4/2007,269.0096
1/5/2007,285.99968
1/6/2007,273.540288
1/7/2007,246.922496
1/8/2007,221.437376
1/9/2007,200.199776
1/10/2007,217.473024
1/11/2007,224.552224
1/12/2007,221.154208
1/13/2007,218.888864
1/14/2007,229.649248
1/15/2007,319.97984
1/16/2007,421.92032
1/17/2007,450.23712
1/18/2007,475.72224
1/19/2007,512.53408
1/20/2007,543.68256
1/21/2007,566.336
1/22/2007,571.99936
1/23/2007,549.34592
1/24/2007,523.8608
1/25/2007,506.87072
1/26/2007,492.71232
1/27/2007,464.39552
1/28/2007,447.40544
1/29/2007,413.42528
1/30/2007,379.44512
1/31/2007,359.62336
2/1/2007,362.45504
2/2/2007,396.4352
2/3/2007,427.58368
2/4/2007,472.89056
2/5/2007,492.71232
2/6/2007,504.03904
2/7/2007,509.7024
2/8/2007,509.7024
2/9/2007,512.53408
2/10/2007,504.03904
2/11/2007,498.37568
2/12/2007,492.71232
2/13/2007,546.51424
2/14/2007,571.99936
2/15/2007,526.69248
2/16/2007,447.40544
2/17/2007,393.60352
2/18/2007,390.77184
2/19/2007,385.10848
2/20/2007,376.61344
2/21/2007,368.1184
2/22/2007,353.96
2/23/2007,339.8016
2/24/2007,331.30656
2/25/2007,328.47488
2/26/2007,325.6432
2/27/2007,322.81152
2/28/2007,319.97984
3/1/2007,288.83136
3/2/2007,223.419552
3/3/2007,208.12848
3/4/2007,204.164128
3/5/2007,199.63344
3/6/2007,197.084928
3/7/2007,196.235424
3/8/2007,192.55424
3/9/2007,190.855232
3/10/2007,178.679008
3/11/2007,155.7424
3/12/2007,145.83152
3/13/2007,144.41568
3/14/2007,148.946368
3/15/2007,165.936448
3/16/2007,179.528512
3/17/2007,192.271072
3/18/2007,191.421568
3/19/2007,192.55424
3/20/2007,214.358176
3/21/2007,214.358176
3/22/2007,211.526496
3/23/2007,209.827488
3/24/2007,196.235424
3/25/2007,171.033472
3/26/2007,163.954272
3/27/2007,161.122592
3/28/2007,163.104768
3/29/2007,165.370112
3/30/2007,167.352288
3/31/2007,170.467136
4/1/2007,206.146304
4/2/2007,215.490848
4/3/2007,205.013632
4/4/2007,201.615616
4/5/2007,193.686912
4/6/2007,176.98
4/7/2007,167.06912
4/8/2007,162.8216
4/9/2007,160.839424
4/10/2007,159.98992
4/11/2007,159.706752
4/12/2007,157.724576
4/13/2007,141.300832
4/14/2007,157.15824
4/15/2007,161.972096
4/16/2007,144.698848
4/17/2007,134.787968
4/18/2007,132.239456
4/19/2007,129.690944
4/20/2007,124.027584
4/21/2007,118.647392
4/22/2007,114.68304
4/23/2007,111.285024
4/24/2007,108.736512
4/25/2007,109.869184
4/26/2007,125.443424
4/27/2007,122.894912
4/28/2007,115.815712
4/29/2007,110.152352
4/30/2007,106.754336
5/1/2007,105.055328
5/2/2007,104.77216
5/3/2007,106.188
5/4/2007,123.744416
5/5/2007,161.122592
5/6/2007,152.627552
5/7/2007,143.849344
5/8/2007,139.884992
5/9/2007,156.025568
5/10/2007,181.793856
5/11/2007,181.22752
5/12/2007,176.130496
5/13/2007,168.768128
5/14/2007,162.8216
5/15/2007,161.40576
5/16/2007,164.803776
5/17/2007,159.140416
5/18/2007,130.540448
5/19/2007,148.6632
5/20/2007,154.32656
5/21/2007,154.609728
5/22/2007,155.459232
5/23/2007,156.591904
5/24/2007,157.441408
5/25/2007,160.556256
5/26/2007,162.8216
5/27/2007,161.122592
5/28/2007,159.140416
5/29/2007,154.609728
5/30/2007,154.609728
5/31/2007,154.043392
6/1/2007,148.096864
6/2/2007,142.99984
6/3/2007,137.902816
6/4/2007,137.33648
6/5/2007,129.974112
6/6/2007,119.780064
6/7/2007,115.815712
6/8/2007,115.532544
6/9/2007,113.550368
6/10/2007,108.736512
6/11/2007,114.966208
6/12/2007,102.506816
6/13/2007,80.986048
6/14/2007,70.225664
6/15/2007,52.952416
6/16/2007,60.314784
6/17/2007,58.615776
6/18/2007,83.817728
6/19/2007,120.063232
6/20/2007,123.744416
6/21/2007,137.053312
6/22/2007,153.193888
6/23/2007,142.716672
6/24/2007,152.627552
6/25/2007,184.625536
6/26/2007,200.482944
6/27/2007,180.378016
6/28/2007,178.962176
6/29/2007,184.0592
6/30/2007,198.500768
7/1/2007,208.411648
7/2/2007,222.853216
7/3/2007,222.28688
7/4/2007,219.172032
7/5/2007,213.79184
7/6/2007,215.774016
7/7/2007,218.03936
7/8/2007,218.888864
7/9/2007,247.772
7/10/2007,300.15808
7/11/2007,353.96
7/12/2007,402.09856
7/13/2007,396.4352
7/14/2007,370.95008
7/15/2007,362.45504
7/16/2007,387.94016
7/17/2007,419.08864
7/18/2007,450.23712
7/19/2007,453.0688
7/20/2007,441.74208
7/21/2007,458.73216
7/22/2007,472.89056
7/23/2007,478.55392
7/24/2007,481.3856
7/25/2007,492.71232
7/26/2007,509.7024
7/27/2007,481.3856
7/28/2007,447.40544
7/29/2007,444.57376
7/30/2007,390.77184
7/31/2007,441.74208
8/1/2007,470.05888
8/2/2007,552.1776
8/3/2007,535.18752
8/4/2007,407.76192
8/5/2007,427.58368
8/6/2007,455.90048
8/7/2007,464.39552
8/8/2007,481.3856
8/9/2007,461.56384
8/10/2007,430.41536
8/11/2007,368.1184
8/12/2007,348.29664
8/13/2007,348.29664
8/14/2007,345.46496
8/15/2007,353.96
8/16/2007,359.62336
8/17/2007,359.62336
8/18/2007,325.6432
8/19/2007,288.83136
8/20/2007,288.83136
8/21/2007,280.33632
8/22/2007,242.391808
8/23/2007,210.393824
8/24/2007,194.536416
8/25/2007,194.536416
8/26/2007,191.987904
8/27/2007,199.067104
8/28/2007,199.916608
8/29/2007,200.199776
8/30/2007,200.482944
8/31/2007,199.63344
9/1/2007,197.934432
9/2/2007,197.368096
9/3/2007,196.235424
9/4/2007,176.413664
9/5/2007,159.706752
9/6/2007,140.734496
9/7/2007,109.302848
9/8/2007,90.896928
9/9/2007,90.896928
9/10/2007,91.180096
9/11/2007,107.037504
9/12/2007,120.912736
9/13/2007,121.195904
9/14/2007,121.195904
9/15/2007,120.912736
9/16/2007,120.629568
9/17/2007,122.611744
9/18/2007,122.328576
9/19/2007,120.629568
9/20/2007,119.496896
9/21/2007,119.213728
9/22/2007,119.213728
9/23/2007,119.213728
9/24/2007,121.479072
9/25/2007,120.629568
9/26/2007,120.629568
9/27/2007,120.3464
9/28/2007,120.063232
9/29/2007,119.780064
9/30/2007,119.496896
10/1/2007,119.213728
10/2/2007,112.134528
10/3/2007,99.1088
10/4/2007,101.94048
10/5/2007,99.675136
10/6/2007,100.807808
10/7/2007,100.807808
10/8/2007,100.807808
10/9/2007,100.52464
10/10/2007,100.241472
10/11/2007,80.70288
10/12/2007,65.12864
10/13/2007,65.12864
10/14/2007,64.562304
10/15/2007,52.102912
10/16/2007,43.324704
10/17/2007,43.324704
10/18/2007,43.041536
10/19/2007,43.041536
10/20/2007,42.758368
10/21/2007,42.758368
10/22/2007,39.360352
10/23/2007,29.449472
10/24/2007,20.0766112
10/25/2007,22.8516576
10/26/2007,33.413824
10/27/2007,42.192032
10/28/2007,42.192032
10/29/2007,50.687072
10/30/2007,58.04944
10/31/2007,48.421728
11/1/2007,40.493024
11/2/2007,40.209856
11/3/2007,40.209856
11/4/2007,39.926688
11/5/2007,39.926688
11/6/2007,39.926688
11/7/2007,40.209856
11/8/2007,39.926688
11/9/2007,39.64352
11/10/2007,39.64352
11/11/2007,39.64352
11/12/2007,39.64352
11/13/2007,39.64352
11/14/2007,39.64352
11/15/2007,39.360352
11/16/2007,39.926688
11/17/2007,39.64352
11/18/2007,42.192032
11/19/2007,63.429632
11/20/2007,77.304864
11/21/2007,59.748448
11/22/2007,41.05936
11/23/2007,41.05936
11/24/2007,96.843456
11/25/2007,108.453344
11/26/2007,46.72272
11/27/2007,44.457376
11/28/2007,43.324704
11/29/2007,61.447456
11/30/2007,77.304864
12/1/2007,77.588032
12/2/2007,77.304864
12/3/2007,77.021696
12/4/2007,58.615776
12/5/2007,43.041536
12/6/2007,42.4752
12/7/2007,42.192032
12/8/2007,41.908864
12/9/2007,41.625696
12/10/2007,41.342528
12/11/2007,41.625696
12/12/2007,41.05936
12/13/2007,41.342528
12/14/2007,41.342528
12/15/2007,41.625696
12/16/2007,51.819744
12/17/2007,80.986048
12/18/2007,124.027584
12/19/2007,148.096864
12/20/2007,148.946368
12/21/2007,150.07904
12/22/2007,148.380032
12/23/2007,146.964192
12/24/2007,146.964192
12/25/2007,146.397856
12/26/2007,116.948384
12/27/2007,86.649408
12/28/2007,84.9504
12/29/2007,84.384064
12/30/2007,84.100896
12/31/2007,83.817728
1/1/2008,83.53456
1/2/2008,83.53456
1/3/2008,84.384064
1/4/2008,94.011776
1/5/2008,103.073152
1/6/2008,83.53456
1/7/2008,71.075168
1/8/2008,70.225664
1/9/2008,69.659328
1/10/2008,62.29696
1/11/2008,64.279136
1/12/2008,63.429632
1/13/2008,63.146464
1/14/2008,73.057344
1/15/2008,75.889024
1/16/2008,94.294944
1/17/2008,126.576096
1/18/2008,86.649408
1/19/2008,64.562304
1/20/2008,62.013792
1/21/2008,60.031616
1/22/2008,64.845472
1/23/2008,54.085088
1/24/2008,68.243488
1/25/2008,101.090976
1/26/2008,103.639488
1/27/2008,102.789984
1/28/2008,101.657312
1/29/2008,101.090976
1/30/2008,101.374144
1/31/2008,101.374144
2/1/2008,86.083072
2/2/2008,81.269216
2/3/2008,79.570208
2/4/2008,79.28704
2/5/2008,78.437536
2/6/2008,77.588032
2/7/2008,74.190016
2/8/2008,77.8712
2/9/2008,77.304864
2/10/2008,77.021696
2/11/2008,68.526656
2/12/2008,62.863296
2/13/2008,123.17808
2/14/2008,135.637472
2/15/2008,159.140416
2/16/2008,164.23744
2/17/2008,268.443264
2/18/2008,387.94016
2/19/2008,359.62336
2/20/2008,336.96992
2/21/2008,336.96992
2/22/2008,362.45504
2/23/2008,404.93024
2/24/2008,421.92032
2/25/2008,402.09856
2/26/2008,387.94016
2/27/2008,373.78176
2/28/2008,311.4848
2/29/2008,222.570048
3/1/2008,187.740384
3/2/2008,155.7424
3/3/2008,138.469152
3/4/2008,131.67312
3/5/2008,123.461248
3/6/2008,121.479072
3/7/2008,129.407776
3/8/2008,151.49488
3/9/2008,140.16816
3/10/2008,146.964192
3/11/2008,174.14832
3/12/2008,175.847328
3/13/2008,173.298816
3/14/2008,186.324544
3/15/2008,232.19776
3/16/2008,261.9304
3/17/2008,275.239296
3/18/2008,259.948224
3/19/2008,242.958144
3/20/2008,222.570048
3/21/2008,171.882976
3/22/2008,131.956288
3/23/2008,149.229536
3/24/2008,186.607712
3/25/2008,187.174048
3/26/2008,177.263168
3/27/2008,154.32656
3/28/2008,153.193888
3/29/2008,153.193888
3/30/2008,153.193888
3/31/2008,153.193888
4/1/2008,152.91072
4/2/2008,153.477056
4/3/2008,153.477056
4/4/2008,154.043392
4/5/2008,180.944352
4/6/2008,207.562144
4/7/2008,206.429472
4/8/2008,208.411648
4/9/2008,238.993792
4/10/2008,305.82144
4/11/2008,331.30656
4/12/2008,331.30656
4/13/2008,300.15808
4/14/2008,255.700704
4/15/2008,242.674976
4/16/2008,233.047264
4/17/2008,207.562144
4/18/2008,217.189856
4/19/2008,220.587872
4/20/2008,194.536416
4/21/2008,194.819584
4/22/2008,190.005728
4/23/2008,173.581984
4/24/2008,158.007744
4/25/2008,154.32656
4/26/2008,157.15824
4/27/2008,156.591904
4/28/2008,154.043392
4/29/2008,135.637472
4/30/2008,112.984032
5/1/2008,120.063232
5/2/2008,106.754336
5/3/2008,87.215744
5/4/2008,86.36624
5/5/2008,94.011776
5/6/2008,117.51472
5/7/2008,118.364224
5/8/2008,99.958304
5/9/2008,83.53456
5/10/2008,64.562304
5/11/2008,46.72272
5/12/2008,46.156384
5/13/2008,66.261312
5/14/2008,103.35632
5/15/2008,140.451328
5/16/2008,129.974112
5/17/2008,100.807808
5/18/2008,100.241472
5/19/2008,96.27712
5/20/2008,84.100896
5/21/2008,84.100896
5/22/2008,82.968224
5/23/2008,85.516736
5/24/2008,85.799904
5/25/2008,86.083072
5/26/2008,86.083072
5/27/2008,86.083072
5/28/2008,85.516736
5/29/2008,85.799904
5/30/2008,84.9504
5/31/2008,80.70288
6/1/2008,100.807808
6/2/2008,116.665216
6/3/2008,116.665216
6/4/2008,97.126624
6/5/2008,80.70288
6/6/2008,80.419712
6/7/2008,80.419712
6/8/2008,80.419712
6/9/2008,84.384064
6/10/2008,88.065248
6/11/2008,125.443424
6/12/2008,117.231552
6/13/2008,79.003872
6/14/2008,78.437536
6/15/2008,78.437536
6/16/2008,59.46528
6/17/2008,39.926688
6/18/2008,43.041536
6/19/2008,43.041536
6/20/2008,42.758368
6/21/2008,42.758368
6/22/2008,42.192032
6/23/2008,41.908864
6/24/2008,41.342528
6/25/2008,43.041536
6/26/2008,60.597952
6/27/2008,88.914752
6/28/2008,89.481088
6/29/2008,81.269216
6/30/2008,62.013792
7/1/2008,50.97024
7/2/2008,31.14848
7/3/2008,21.520768
7/4/2008,31.14848
7/5/2008,51.253408
7/6/2008,51.536576
7/7/2008,55.21776
7/8/2008,67.96032
7/9/2008,78.154368
7/10/2008,74.473184
7/11/2008,65.978144
7/12/2008,64.562304
7/13/2008,79.28704
7/14/2008,97.409792
7/15/2008,79.853376
7/16/2008,56.350432
7/17/2008,66.261312
7/18/2008,72.774176
7/19/2008,72.774176
7/20/2008,72.20784
7/21/2008,72.20784
7/22/2008,72.20784
7/23/2008,72.491008
7/24/2008,73.62368
7/25/2008,73.62368
7/26/2008,73.62368
7/27/2008,73.62368
7/28/2008,73.62368
7/29/2008,62.580128
7/30/2008,73.340512
7/31/2008,73.62368
8/1/2008,74.190016
8/2/2008,74.190016
8/3/2008,50.97024
8/4/2008,59.46528
8/5/2008,114.399872
8/6/2008,95.144448
8/7/2008,77.021696
8/8/2008,70.792
8/9/2008,59.46528
8/10/2008,58.615776
8/11/2008,58.615776
8/12/2008,66.827648
8/13/2008,75.322688
8/14/2008,75.605856
8/15/2008,75.605856
8/16/2008,75.889024
8/17/2008,75.605856
8/18/2008,84.384064
8/19/2008,111.568192
8/20/2008,129.407776
8/21/2008,107.320672
8/22/2008,142.99984
8/23/2008,127.4256
8/24/2008,126.292928
8/25/2008,115.532544
8/26/2008,100.241472
8/27/2008,86.36624
8/28/2008,86.36624
8/29/2008,131.956288
8/30/2008,237.577952
8/31/2008,221.154208
9/1/2008,145.265184
9/2/2008,79.853376
9/3/2008,47.572224
9/4/2008,45.873216
9/5/2008,45.30688
9/6/2008,45.023712
9/7/2008,43.89104
9/8/2008,92.595936
9/9/2008,130.25728
9/10/2008,131.106784
9/11/2008,166.502784
9/12/2008,202.46512
9/13/2008,163.671104
9/14/2008,89.764256
9/15/2008,75.322688
9/16/2008,161.40576
9/17/2008,271.558112
9/18/2008,314.31648
9/19/2008,314.31648
9/20/2008,267.876928
9/21/2008,169.9008
9/22/2008,118.647392
9/23/2008,93.44544
9/24/2008,76.172192
9/25/2008,64.279136
9/26/2008,61.447456
9/27/2008,83.817728
9/28/2008,77.304864
9/29/2008,77.304864
9/30/2008,77.304864
10/1/2008,76.45536
10/2/2008,76.45536
10/3/2008,76.738528
10/4/2008,76.45536
10/5/2008,76.738528
10/6/2008,81.552384
10/7/2008,79.570208
10/8/2008,81.552384
10/9/2008,81.269216
10/10/2008,64.279136
10/11/2008,50.687072
10/12/2008,50.403904
10/13/2008,50.120736
10/14/2008,42.192032
10/15/2008,35.396
10/16/2008,35.396
10/17/2008,36.245504
10/18/2008,35.396
10/19/2008,35.112832
10/20/2008,35.112832
10/21/2008,39.077184
10/22/2008,37.661344
10/23/2008,35.396
10/24/2008,32.56432
10/25/2008,30.298976
10/26/2008,28.883136
10/27/2008,28.3168
10/28/2008,28.175216
10/29/2008,28.033632
10/30/2008,28.175216
10/31/2008,28.3168
11/1/2008,28.3168
11/2/2008,28.3168
11/3/2008,39.64352
11/4/2008,69.092992
11/5/2008,97.409792
11/6/2008,79.853376
11/7/2008,51.253408
11/8/2008,37.944512
11/9/2008,27.750464
11/10/2008,28.3168
11/11/2008,50.687072
11/12/2008,161.122592
11/13/2008,209.54432
11/14/2008,109.302848
11/15/2008,100.241472
11/16/2008,71.358336
11/17/2008,56.350432
11/18/2008,49.5544
11/19/2008,48.988064
11/20/2008,47.572224
11/21/2008,45.023712
11/22/2008,44.740544
11/23/2008,44.457376
11/24/2008,43.89104
11/25/2008,50.687072
11/26/2008,64.562304
11/27/2008,80.419712
11/28/2008,72.774176
11/29/2008,68.526656
11/30/2008,81.835552
12/1/2008,79.853376
12/2/2008,66.827648
12/3/2008,56.350432
12/4/2008,57.483104
12/5/2008,60.314784
12/6/2008,56.350432
12/7/2008,48.988064
12/8/2008,53.235584
12/9/2008,59.748448
12/10/2008,98.259296
12/11/2008,95.710784
12/12/2008,92.0296
12/13/2008,79.28704
12/14/2008,60.597952
12/15/2008,71.358336
12/16/2008,72.20784
12/17/2008,57.766272
12/18/2008,56.916768
12/19/2008,56.350432
12/20/2008,52.38608
12/21/2008,41.908864
12/22/2008,45.590048
12/23/2008,54.085088
12/24/2008,47.572224
12/25/2008,40.776192
12/26/2008,40.776192
12/27/2008,46.72272
12/28/2008,62.580128
12/29/2008,75.03952
12/30/2008,79.003872
12/31/2008,78.720704
1/1/2009,71.075168
1/2/2009,49.271232
1/3/2009,38.794016
1/4/2009,37.944512
1/5/2009,42.758368
1/6/2009,55.21776
1/7/2009,67.96032
1/8/2009,76.738528
1/9/2009,62.580128
1/10/2009,41.625696
1/11/2009,36.528672
1/12/2009,36.245504
1/13/2009,35.396
1/14/2009,33.413824
1/15/2009,30.865312
1/16/2009,30.582144
1/17/2009,28.3168
1/18/2009,24.4657152
1/19/2009,24.1825472
1/20/2009,21.4641344
1/21/2009,20.3314624
1/22/2009,20.3031456
1/23/2009,24.2674976
1/24/2009,29.73264
1/25/2009,32.281152
1/26/2009,31.997984
1/27/2009,31.997984
1/28/2009,31.997984
1/29/2009,28.2318496
1/30/2009,22.0021536
1/31/2009,19.8783936
2/1/2009,19.8783936
2/2/2009,19.82176
2/3/2009,19.8500768
2/4/2009,19.8500768
2/5/2009,19.9350272
2/6/2009,19.9916608
2/7/2009,19.9067104
2/8/2009,20.4164128
2/9/2009,20.4447296
2/10/2009,20.52968
2/11/2009,20.4447296
2/12/2009,20.4164128
2/13/2009,23.644528
2/14/2009,26.9575936
2/15/2009,31.997984
2/16/2009,35.962336
2/17/2009,35.679168
2/18/2009,35.396
2/19/2009,35.396
2/20/2009,31.997984
2/21/2009,22.5968064
2/22/2009,22.4269056
2/23/2009,22.511856
2/24/2009,22.3136384
2/25/2009,21.096016
2/26/2009,18.830672
2/27/2009,15.2627552
2/28/2009,16.1972096
3/1/2009,18.1510688
3/2/2009,18.9156224
3/3/2009,18.7457216
3/4/2009,19.0855232
3/5/2009,20.0482944
3/6/2009,18.7457216
3/7/2009,18.8023552
3/8/2009,18.9156224
3/9/2009,22.8799744
3/10/2009,23.1348256
3/11/2009,22.9649248
3/12/2009,23.1348256
3/13/2009,49.5544
3/14/2009,164.520608
3/15/2009,203.031456
3/16/2009,166.502784
3/17/2009,143.849344
3/18/2009,105.904832
3/19/2009,71.641504
3/20/2009,49.837568
3/21/2009,35.112832
3/22/2009,34.546496
3/23/2009,40.493024
3/24/2009,45.873216
3/25/2009,44.740544
3/26/2009,74.756352
3/27/2009,169.051296
3/28/2009,236.44528
3/29/2009,196.518592
3/30/2009,122.894912
3/31/2009,88.914752
4/1/2009,68.526656
4/2/2009,63.146464
4/3/2009,64.279136
4/4/2009,63.429632
4/5/2009,62.580128
4/6/2009,68.526656
4/7/2009,72.491008
4/8/2009,78.720704
4/9/2009,86.083072
4/10/2009,95.993952
4/11/2009,112.700864
4/12/2009,87.498912
4/13/2009,116.382048
4/14/2009,158.857248
4/15/2009,146.964192
4/16/2009,112.134528
4/17/2009,111.285024
4/18/2009,180.094848
4/19/2009,427.58368
4/20/2009,410.5936
4/21/2009,288.83136
4/22/2009,264.195744
4/23/2009,224.552224
4/24/2009,180.944352
4/25/2009,169.9008
4/26/2009,182.64336
4/27/2009,178.112672
4/28/2009,253.43536
4/29/2009,339.8016
4/30/2009,339.8016
5/1/2009,302.98976
5/2/2009,205.579968
5/3/2009,242.391808
5/4/2009,487.04896
5/5/2009,359.62336
5/6/2009,229.649248
5/7/2009,236.44528
5/8/2009,171.882976
5/9/2009,104.205824
5/10/2009,102.789984
5/11/2009,121.76224
5/12/2009,143.849344
5/13/2009,110.718688
5/14/2009,108.736512
5/15/2009,98.259296
5/16/2009,79.28704
5/17/2009,79.853376
5/18/2009,100.807808
5/19/2009,116.09888
5/20/2009,97.976128
5/21/2009,68.809824
5/22/2009,77.8712
5/23/2009,85.799904
5/24/2009,86.083072
5/25/2009,86.083072
5/26/2009,73.906848
5/27/2009,69.37616
5/28/2009,60.597952
5/29/2009,46.72272
5/30/2009,41.625696
5/31/2009,41.342528
6/1/2009,41.342528
6/2/2009,41.342528
6/3/2009,33.696992
6/4/2009,80.136544
6/5/2009,67.110816
6/6/2009,41.342528
6/7/2009,34.829664
6/8/2009,40.209856
6/9/2009,36.528672
6/10/2009,30.298976
6/11/2009,30.298976
6/12/2009,30.298976
6/13/2009,30.298976
6/14/2009,31.14848
6/15/2009,31.14848
6/16/2009,32.281152
6/17/2009,37.378176
6/18/2009,40.209856
6/19/2009,40.209856
6/20/2009,40.209856
6/21/2009,37.095008
6/22/2009,34.546496
6/23/2009,34.546496
6/24/2009,34.546496
6/25/2009,34.546496
6/26/2009,34.546496
6/27/2009,34.263328
6/28/2009,34.263328
6/29/2009,34.263328
6/30/2009,34.263328
7/1/2009,34.263328
7/2/2009,34.546496
7/3/2009,34.546496
7/4/2009,34.546496
7/5/2009,34.546496
7/6/2009,34.263328
7/7/2009,34.263328
7/8/2009,34.263328
7/9/2009,34.263328
7/10/2009,33.98016
7/11/2009,33.98016
7/12/2009,31.714816
7/13/2009,29.73264
7/14/2009,27.892048
7/15/2009,26.5045248
7/16/2009,26.476208
7/17/2009,26.3912576
7/18/2009,26.1647232
7/19/2009,26.4478912
7/20/2009,29.73264
7/21/2009,30.298976
7/22/2009,32.56432
7/23/2009,35.679168
7/24/2009,32.56432
7/25/2009,30.015808
7/26/2009,30.015808
7/27/2009,30.015808
7/28/2009,30.015808
7/29/2009,30.298976
7/30/2009,50.403904
7/31/2009,120.629568
8/1/2009,160.273088
8/2/2009,149.512704
8/3/2009,148.096864
8/4/2009,136.770144
8/5/2009,110.43552
8/6/2009,99.958304
8/7/2009,70.508832
8/8/2009,53.80192
8/9/2009,63.146464
8/10/2009,73.62368
8/11/2009,66.54448
8/12/2009,47.005888
8/13/2009,46.72272
8/14/2009,46.439552
8/15/2009,50.120736
8/16/2009,53.518752
8/17/2009,53.518752
8/18/2009,40.209856
8/19/2009,31.714816
8/20/2009,33.130656
8/21/2009,31.14848
8/22/2009,28.3168
8/23/2009,28.3168
8/24/2009,28.3168
8/25/2009,27.7787808
8/26/2009,27.9769984
8/27/2009,28.3168
8/28/2009,28.2035328
8/29/2009,40.776192
8/30/2009,50.687072
8/31/2009,52.38608
9/1/2009,55.784096
9/2/2009,55.784096
9/3/2009,56.067264
9/4/2009,56.067264
9/5/2009,56.067264
9/6/2009,56.067264
9/7/2009,56.067264
9/8/2009,55.784096
9/9/2009,55.784096
9/10/2009,55.784096
9/11/2009,56.067264
9/12/2009,56.067264
9/13/2009,56.350432
9/14/2009,69.092992
9/15/2009,81.552384
9/16/2009,84.100896
9/17/2009,78.720704
9/18/2009,73.62368
9/19/2009,67.96032
9/20/2009,67.96032
9/21/2009,65.411808
9/22/2009,62.580128
9/23/2009,62.29696
9/24/2009,62.29696
9/25/2009,62.29696
9/26/2009,62.863296
9/27/2009,62.863296
9/28/2009,61.447456
9/29/2009,58.615776
9/30/2009,58.615776
10/1/2009,56.350432
10/2/2009,55.21776
10/3/2009,55.21776
10/4/2009,68.243488
10/5/2009,72.774176
10/6/2009,73.340512
10/7/2009,73.057344
10/8/2009,73.057344
10/9/2009,64.279136
10/10/2009,40.209856
10/11/2009,48.421728
10/12/2009,69.659328
10/13/2009,79.003872
10/14/2009,86.083072
10/15/2009,84.384064
10/16/2009,83.817728
10/17/2009,83.251392
10/18/2009,83.251392
10/19/2009,82.968224
10/20/2009,82.968224
10/21/2009,84.667232
10/22/2009,192.271072
10/23/2009,257.399712
10/24/2009,191.704736
10/25/2009,143.283008
10/26/2009,129.124608
10/27/2009,265.045248
10/28/2009,356.79168
10/29/2009,331.30656
10/30/2009,308.65312
10/31/2009,308.65312
11/1/2009,348.29664
11/2/2009,441.74208
11/3/2009,495.544
11/4/2009,509.7024
11/5/2009,498.37568
11/6/2009,492.71232
11/7/2009,504.03904
11/8/2009,489.88064
11/9/2009,436.07872
11/10/2009,370.95008
11/11/2009,322.81152
11/12/2009,322.81152
11/13/2009,319.97984
11/14/2009,319.97984
11/15/2009,319.97984
11/16/2009,319.97984
11/17/2009,302.98976
11/18/2009,288.83136
11/19/2009,285.99968
11/20/2009,281.468992
11/21/2009,258.249216
11/22/2009,272.690784
11/23/2009,280.053152
11/24/2009,258.815552
11/25/2009,232.480928
11/26/2009,195.102752
11/27/2009,193.97008
11/28/2009,194.819584
11/29/2009,205.579968
11/30/2009,240.6928
12/1/2009,244.657152
12/2/2009,230.498752
12/3/2009,215.490848
12/4/2009,217.189856
12/5/2009,256.550208
12/6/2009,241.825472
12/7/2009,205.863136
12/8/2009,191.704736
12/9/2009,188.873056
12/10/2009,201.615616
12/11/2009,191.1384
12/12/2009,184.342368
12/13/2009,206.429472
12/14/2009,221.154208
12/15/2009,263.063072
12/16/2009,272.124448
12/17/2009,263.34624
12/18/2009,266.17792
12/19/2009,239.27696
12/20/2009,199.350272
12/21/2009,199.63344
12/22/2009,210.96016
12/23/2009,225.401728
12/24/2009,370.95008
12/25/2009,512.53408
12/26/2009,461.56384
12/27/2009,311.4848
12/28/2009,237.294784
12/29/2009,240.126464
12/30/2009,291.66304
12/31/2009,314.31648
1/1/2010,291.66304
1/2/2010,266.744256
1/3/2010,220.587872
1/4/2010,195.952256
1/5/2010,195.38592
1/6/2010,260.51456
1/7/2010,356.79168
1/8/2010,325.6432
1/9/2010,229.649248
1/10/2010,223.985888
1/11/2010,162.255264
1/12/2010,94.294944
1/13/2010,154.32656
1/14/2010,192.837408
1/15/2010,212.376
1/16/2010,229.082912
1/17/2010,242.674976
1/18/2010,208.411648
1/19/2010,172.449312
1/20/2010,140.451328
1/21/2010,141.300832
1/22/2010,167.06912
1/23/2010,209.827488
1/24/2010,233.330432
1/25/2010,203.031456
1/26/2010,147.24736
1/27/2010,161.122592
1/28/2010,154.609728
1/29/2010,150.928544
1/30/2010,173.581984
1/31/2010,179.245344
2/1/2010,177.829504
2/2/2010,174.997824
2/3/2010,176.413664
2/4/2010,211.526496
2/5/2010,291.66304
2/6/2010,240.6928
2/7/2010,197.368096
2/8/2010,190.855232
2/9/2010,224.552224
2/10/2010,260.51456
2/11/2010,248.338336
2/12/2010,248.055168
2/13/2010,282.035328
2/14/2010,305.82144
2/15/2010,314.31648
2/16/2010,297.3264
2/17/2010,291.66304
2/18/2010,288.83136
2/19/2010,272.407616
2/20/2010,251.170016
2/21/2010,249.471008
2/22/2010,239.560128
2/23/2010,232.764096
2/24/2010,223.419552
2/25/2010,214.924512
2/26/2010,199.63344
2/27/2010,199.067104
2/28/2010,216.62352
3/1/2010,241.825472
3/2/2010,305.82144
3/3/2010,246.639328
3/4/2010,279.486816
3/5/2010,285.99968
3/6/2010,266.461088
3/7/2010,265.045248
3/8/2010,259.948224
3/9/2010,238.427456
3/10/2010,218.03936
3/11/2010,192.837408
3/12/2010,217.756192
3/13/2010,275.522464
3/14/2010,302.98976
3/15/2010,291.66304
3/16/2010,282.035328
3/17/2010,276.371968
3/18/2010,278.92048
3/19/2010,294.49472
3/20/2010,300.15808
3/21/2010,285.99968
3/22/2010,256.550208
3/23/2010,232.19776
3/24/2010,214.358176
3/25/2010,239.27696
3/26/2010,230.498752
3/27/2010,188.023552
3/28/2010,162.8216
3/29/2010,128.275104
3/30/2010,107.60384
3/31/2010,115.249376
4/1/2010,125.726592
4/2/2010,126.576096
4/3/2010,134.5048
4/4/2010,141.867168
4/5/2010,135.92064
4/6/2010,122.328576
4/7/2010,109.302848
4/8/2010,116.09888
4/9/2010,124.877088
4/10/2010,125.160256
4/11/2010,125.160256
4/12/2010,123.744416
4/13/2010,125.443424
4/14/2010,125.160256
4/15/2010,124.877088
4/16/2010,132.522624
4/17/2010,118.364224
4/18/2010,95.144448
4/19/2010,94.86128
4/20/2010,90.896928
4/21/2010,94.011776
4/22/2010,97.409792
4/23/2010,86.932576
4/24/2010,69.659328
4/25/2010,60.597952
4/26/2010,80.70288
4/27/2010,89.481088
4/28/2010,71.641504
4/29/2010,68.809824
4/30/2010,68.809824
5/1/2010,72.774176
5/2/2010,88.348416
5/3/2010,65.12864
5/4/2010,59.748448
5/5/2010,66.54448
5/6/2010,66.54448
5/7/2010,66.827648
5/8/2010,66.54448
5/9/2010,66.827648
5/10/2010,75.889024
5/11/2010,80.986048
5/12/2010,86.083072
5/13/2010,85.799904
5/14/2010,73.340512
5/15/2010,52.38608
5/16/2010,52.102912
5/17/2010,59.46528
5/18/2010,76.172192
5/19/2010,68.526656
5/20/2010,80.986048
5/21/2010,71.641504
5/22/2010,55.784096
5/23/2010,55.21776
5/24/2010,60.314784
5/25/2010,66.54448
5/26/2010,66.261312
5/27/2010,66.827648
5/28/2010,67.110816
5/29/2010,62.29696
5/30/2010,56.6336
5/31/2010,56.350432
6/1/2010,63.7128
6/2/2010,68.243488
6/3/2010,61.447456
6/4/2010,62.863296
6/5/2010,79.28704
6/6/2010,79.28704
6/7/2010,79.853376
6/8/2010,82.685056
6/9/2010,81.835552
6/10/2010,77.304864
6/11/2010,77.304864
6/12/2010,67.110816
6/13/2010,62.863296
6/14/2010,62.013792
6/15/2010,61.730624
6/16/2010,64.845472
6/17/2010,75.322688
6/18/2010,86.932576
6/19/2010,87.215744
6/20/2010,87.215744
6/21/2010,83.251392
6/22/2010,76.172192
6/23/2010,86.649408
6/24/2010,86.932576
6/25/2010,97.409792
6/26/2010,105.338496
6/27/2010,105.055328
6/28/2010,105.055328
6/29/2010,105.055328
6/30/2010,105.055328
7/1/2010,115.815712
7/2/2010,135.354304
7/3/2010,143.283008
7/4/2010,142.99984
7/5/2010,142.433504
7/6/2010,142.150336
7/7/2010,130.823616
7/8/2010,116.09888
7/9/2010,99.1088
7/10/2010,104.205824
7/11/2010,104.205824
7/12/2010,99.675136
7/13/2010,90.330592
7/14/2010,81.835552
7/15/2010,70.792
7/16/2010,66.827648
7/17/2010,66.827648
7/18/2010,69.942496
7/19/2010,82.968224
7/20/2010,90.896928
7/21/2010,90.330592
7/22/2010,91.180096
7/23/2010,94.011776
7/24/2010,90.330592
7/25/2010,117.797888
7/26/2010,86.083072
7/27/2010,75.889024
7/28/2010,64.279136
7/29/2010,63.995968
7/30/2010,74.756352
7/31/2010,77.8712
8/1/2010,72.774176
8/2/2010,73.340512
8/3/2010,70.225664
8/4/2010,78.154368
8/5/2010,73.057344
8/6/2010,73.340512
8/7/2010,73.340512
8/8/2010,70.225664
8/9/2010,73.057344
8/10/2010,80.986048
8/11/2010,74.756352
8/12/2010,74.756352
8/13/2010,69.659328
8/14/2010,57.199936
8/15/2010,51.536576
8/16/2010,49.5544
8/17/2010,49.271232
8/18/2010,50.120736
8/19/2010,55.500928
8/20/2010,57.766272
8/21/2010,75.322688
8/22/2010,91.180096
8/23/2010,82.401888
8/24/2010,99.958304
8/25/2010,93.44544
8/26/2010,90.330592
8/27/2010,86.932576
8/28/2010,87.215744
8/29/2010,87.215744
8/30/2010,87.215744
8/31/2010,86.083072
9/1/2010,86.36624
9/2/2010,86.649408
9/3/2010,86.932576
9/4/2010,87.498912
9/5/2010,87.215744
9/6/2010,87.215744
9/7/2010,86.932576
9/8/2010,90.047424
9/9/2010,81.552384
9/10/2010,79.28704
9/11/2010,86.932576
9/12/2010,87.78208
9/13/2010,83.251392
9/14/2010,78.437536
9/15/2010,80.136544
9/16/2010,86.083072
9/17/2010,90.330592
9/18/2010,83.53456
9/19/2010,82.11872
9/20/2010,82.11872
9/21/2010,82.11872
9/22/2010,83.817728
9/23/2010,80.70288
9/24/2010,78.720704
9/25/2010,75.03952
9/26/2010,74.190016
9/27/2010,73.906848
9/28/2010,74.190016
9/29/2010,74.190016
9/30/2010,74.190016
10/1/2010,66.54448
10/2/2010,48.988064
10/3/2010,29.73264
10/4/2010,28.599968
10/5/2010,30.015808
10/6/2010,30.582144
10/7/2010,32.847488
10/8/2010,33.696992
10/9/2010,33.413824
10/10/2010,33.413824
10/11/2010,33.696992
10/12/2010,33.696992
10/13/2010,31.997984
10/14/2010,33.413824
10/15/2010,33.413824
10/16/2010,33.130656
10/17/2010,33.130656
10/18/2010,32.847488
10/19/2010,32.847488
10/20/2010,28.1468992
10/21/2010,22.228688
10/22/2010,20.6429472
10/23/2010,15.6025568
10/24/2010,14.016816
10/25/2010,13.3938464
10/26/2010,11.751472
10/27/2010,10.1374144
10/28/2010,10.1374144
10/29/2010,10.2223648
10/30/2010,10.2506816
10/31/2010,10.1090976
11/1/2010,21.2942336
11/2/2010,28.1185824
11/3/2010,28.175216
11/4/2010,27.5239296
11/5/2010,27.7787808
11/6/2010,27.4956128
11/7/2010,26.8160096
11/8/2010,26.2779904
11/9/2010,25.768288
11/10/2010,22.087104
11/11/2010,16.1122592
11/12/2010,14.6964192
11/13/2010,13.1956288
11/14/2010,13.2239456
11/15/2010,13.3372128
11/16/2010,13.2522624
11/17/2010,13.2805792
11/18/2010,15.9423584
11/19/2010,12.9974112
11/20/2010,9.769296
11/21/2010,10.2223648
11/22/2010,10.194048
11/23/2010,10.2506816
11/24/2010,10.3639488
11/25/2010,16.8201792
11/26/2010,24.0409632
11/27/2010,24.0409632
11/28/2010,16.423744
11/29/2010,9.9958304
11/30/2010,9.7409792
12/1/2010,9.9958304
12/2/2010,10.0807808
12/3/2010,13.3938464
12/4/2010,15.2344384
12/5/2010,19.4819584
12/6/2010,25.343536
12/7/2010,25.2585856
12/8/2010,25.3152192
12/9/2010,25.1453184
12/10/2010,22.9082912
12/11/2010,15.8290912
12/12/2010,16.5086944
12/13/2010,19.255424
12/14/2010,15.9140416
12/15/2010,14.0451328
12/16/2010,13.5071136
12/17/2010,13.4787968
12/18/2010,13.45048
12/19/2010,13.5354304
12/20/2010,10.9302848
12/21/2010,10.2789984
12/22/2010,10.2223648
12/23/2010,10.2789984
12/24/2010,10.2789984
12/25/2010,10.2223648
12/26/2010,10.2506816
12/27/2010,10.2789984
12/28/2010,10.2223648
12/29/2010,10.3073152
12/30/2010,10.194048
12/31/2010,10.1657312
1/1/2011,9.9958304
1/2/2011,10.0807808
1/3/2011,10.1374144
1/4/2011,10.052464
1/5/2011,11.185136
1/6/2011,10.6188
1/7/2011,10.052464
1/8/2011,9.9675136
1/9/2011,9.91088
1/10/2011,10.4488992
1/11/2011,17.131664
1/12/2011,17.3581984
1/13/2011,15.998992
1/14/2011,9.1746432
1/15/2011,9.0896928
1/16/2011,9.1463264
1/17/2011,11.1001856
1/18/2011,17.981168
1/19/2011,24.6922496
1/20/2011,24.3807648
1/21/2011,24.3807648
1/22/2011,24.4090816
1/23/2011,24.4657152
1/24/2011,26.2496736
1/25/2011,48.988064
1/26/2011,52.102912
1/27/2011,48.421728
1/28/2011,40.209856
1/29/2011,38.794016
1/30/2011,40.776192
1/31/2011,74.190016
2/1/2011,88.065248
2/2/2011,90.61376
2/3/2011,89.19792
2/4/2011,88.065248
2/5/2011,66.261312
2/6/2011,21.1809664
2/7/2011,11.3550368
2/8/2011,9.7409792
2/9/2011,25.3152192
2/10/2011,42.4752
2/11/2011,7.9853376
2/12/2011,5.8615776
2/13/2011,5.7483104
2/14/2011,5.6067264
2/15/2011,5.5784096
2/16/2011,5.5500928
2/17/2011,5.8332608
2/18/2011,5.380192
2/19/2011,5.1536576
2/20/2011,5.1819744
2/21/2011,5.0687072
2/22/2011,5.1536576
2/23/2011,7.362368
2/24/2011,8.6083072
2/25/2011,7.928704
2/26/2011,8.0136544
2/27/2011,8.0419712
2/28/2011,7.7588032
3/1/2011,8.8631584
3/2/2011,9.8542464
3/3/2011,8.0419712
3/4/2011,9.3162272
3/5/2011,16.4520608
3/6/2011,25.4568032
3/7/2011,25.8532384
3/8/2011,20.7562144
3/9/2011,17.131664
3/10/2011,15.1778048
3/11/2011,10.760384
3/12/2011,10.3639488
3/13/2011,10.2506816
3/14/2011,10.0807808
3/15/2011,10.335632
3/16/2011,10.3073152
3/17/2011,10.4205824
3/18/2011,10.335632
3/19/2011,11.2700864
3/20/2011,11.893056
3/21/2011,11.9213728
3/22/2011,11.893056
3/23/2011,11.4966208
3/24/2011,10.901968
3/25/2011,10.760384
3/26/2011,11.893056
3/27/2011,12.0063232
3/28/2011,12.6859264
3/29/2011,14.0451328
3/30/2011,14.2716672
3/31/2011,14.3566176
4/1/2011,14.9512704
4/2/2011,15.7441408
4/3/2011,17.8962176
4/4/2011,18.122752
4/5/2011,16.848496
4/6/2011,16.8768128
4/7/2011,16.3954272
4/8/2011,16.423744
4/9/2011,16.423744
4/10/2011,16.3671104
4/11/2011,16.2255264
4/12/2011,17.3298816
4/13/2011,18.6041376
4/14/2011,18.3209696
4/15/2011,18.122752
4/16/2011,20.1332448
4/17/2011,21.5490848
4/18/2011,20.8694816
4/19/2011,18.7174048
4/20/2011,16.28216
4/21/2011,16.28216
4/22/2011,16.2538432
4/23/2011,16.28216
4/24/2011,16.1972096
4/25/2011,16.28216
4/26/2011,7.9570208
4/27/2011,16.7352288
4/28/2011,16.4520608
4/29/2011,16.423744
4/30/2011,17.2449312
5/1/2011,17.981168
5/2/2011,16.5370112
5/3/2011,21.2659168
5/4/2011,21.4075008
5/5/2011,16.6785952
5/6/2011,16.4520608
5/7/2011,16.4803776
5/8/2011,16.2538432
5/9/2011,16.2255264
5/10/2011,16.140576
5/11/2011,16.1122592
5/12/2011,13.733648
5/13/2011,18.4625536
5/14/2011,18.3776032
5/15/2011,18.0378016
5/16/2011,18.2926528
5/17/2011,18.3776032
5/18/2011,19.5102752
5/19/2011,21.1809664
5/20/2011,21.0393824
5/21/2011,26.1364064
5/22/2011,80.70288
5/23/2011,64.279136
5/24/2011,25.6550208
5/25/2011,20.4730464
5/26/2011,16.140576
5/27/2011,16.28216
5/28/2011,16.2538432
5/29/2011,16.3671104
5/30/2011,16.5370112
5/31/2011,16.3387936
6/1/2011,17.414832
6/2/2011,18.8589888
6/3/2011,18.7740384
6/4/2011,18.689088
6/5/2011,20.3597792
6/6/2011,23.3047264
6/7/2011,23.4179936
6/8/2011,22.228688
6/9/2011,23.3896768
6/10/2011,23.219776
6/11/2011,23.5878944
6/12/2011,23.644528
6/13/2011,23.3896768
6/14/2011,23.36136
6/15/2011,23.3330432
6/16/2011,23.2480928
6/17/2011,23.3047264
6/18/2011,20.7562144
6/19/2011,23.4463104
6/20/2011,23.5595776
6/21/2011,23.9560128
6/22/2011,61.730624
6/23/2011,37.944512
6/24/2011,27.3540288
6/25/2011,27.4389792
6/26/2011,25.343536
6/27/2011,23.4746272
6/28/2011,23.5878944
6/29/2011,23.5595776
6/30/2011,24.6922496
7/1/2011,26.1080896
7/2/2011,26.1647232
7/3/2011,27.4956128
7/4/2011,28.599968
7/5/2011,28.599968
7/6/2011,28.3168
7/7/2011,28.599968
7/8/2011,28.599968
7/9/2011,28.883136
7/10/2011,28.883136
7/11/2011,28.883136
7/12/2011,28.599968
7/13/2011,28.599968
7/14/2011,28.599968
7/15/2011,28.883136
7/16/2011,28.883136
7/17/2011,31.714816
7/18/2011,40.209856
7/19/2011,39.64352
7/20/2011,39.360352
7/21/2011,38.510848
7/22/2011,38.510848
7/23/2011,38.510848
7/24/2011,39.077184
7/25/2011,36.245504
7/26/2011,33.130656
7/27/2011,33.130656
7/28/2011,33.413824
7/29/2011,33.413824
7/30/2011,33.130656
7/31/2011,33.413824
8/1/2011,30.865312
8/2/2011,28.2601664
8/3/2011,28.3168
8/4/2011,28.3168
8/5/2011,28.3168
8/6/2011,28.3168
8/7/2011,28.2601664
8/8/2011,28.2601664
8/9/2011,28.2884832
8/10/2011,28.599968
8/11/2011,28.883136
8/12/2011,28.599968
8/13/2011,28.599968
8/14/2011,28.599968
8/15/2011,28.2601664
8/16/2011,28.0053152
8/17/2011,27.9486816
8/18/2011,27.9203648
8/19/2011,27.9769984
8/20/2011,27.9769984
8/21/2011,28.0619488
8/22/2011,28.1185824
8/23/2011,28.175216
8/24/2011,28.599968
8/25/2011,28.599968
8/26/2011,28.599968
8/27/2011,28.3168
8/28/2011,28.3168
8/29/2011,28.3168
8/30/2011,28.3168
8/31/2011,28.3168
9/1/2011,28.3168
9/2/2011,28.3168
9/3/2011,28.599968
9/4/2011,33.413824
9/5/2011,41.342528
9/6/2011,35.396
9/7/2011,30.015808
9/8/2011,22.7667072
9/9/2011,17.6130496
9/10/2011,17.414832
9/11/2011,17.3581984
9/12/2011,17.3581984
9/13/2011,16.9334464
9/14/2011,17.1599808
9/15/2011,16.7635456
9/16/2011,16.6219616
9/17/2011,17.4714656
9/18/2011,17.4997824
9/19/2011,17.414832
9/20/2011,17.1033472
9/21/2011,17.0467136
9/22/2011,17.0183968
9/23/2011,16.9617632
9/24/2011,17.0183968
9/25/2011,17.0467136
9/26/2011,16.9334464
9/27/2011,16.9051296
9/28/2011,16.9051296
9/29/2011,16.9334464
9/30/2011,17.414832
10/1/2011,18.2360192
10/2/2011,17.4431488
10/3/2011,18.4908704
10/4/2011,17.9245344
10/5/2011,17.7829504
10/6/2011,17.9528512
10/7/2011,17.1882976
10/8/2011,17.8112672
10/9/2011,17.7263168
10/10/2011,17.6130496
10/11/2011,17.5847328
10/12/2011,17.5847328
10/13/2011,17.556416
10/14/2011,18.0378016
10/15/2011,18.1510688
10/16/2011,18.1793856
10/17/2011,16.3387936
10/18/2011,15.007904
10/19/2011,14.1867168
10/20/2011,14.8380032
10/21/2011,13.1106784
10/22/2011,12.317808
10/23/2011,12.2611744
10/24/2011,12.1195904
10/25/2011,12.1195904
10/26/2011,12.1195904
10/27/2011,12.0629568
10/28/2011,12.0912736
10/29/2011,12.03464
10/30/2011,12.03464
10/31/2011,11.751472
11/1/2011,11.2984032
11/2/2011,11.6665216
11/3/2011,10.7320672
11/4/2011,10.7320672
11/5/2011,10.5338496
11/6/2011,10.5055328
11/7/2011,10.052464
11/8/2011,9.5993952
11/9/2011,9.2879104
11/10/2011,9.3162272
11/11/2011,9.4578112
11/12/2011,9.2595936
11/13/2011,9.061376
11/14/2011,8.919792
11/15/2011,7.503952
11/16/2011,6.3995968
11/17/2011,7.9003872
11/18/2011,7.645536
11/19/2011,7.645536
11/20/2011,7.5605856
11/21/2011,11.7797888
11/22/2011,5.0403904
11/23/2011,7.503952
11/24/2011,7.7021696
11/25/2011,7.7021696
11/26/2011,7.78712
11/27/2011,7.78712
11/28/2011,7.7588032
11/29/2011,7.4473184
11/30/2011,7.4473184
12/1/2011,7.503952
12/2/2011,7.4756352
12/3/2011,7.503952
12/4/2011,7.8437536
12/5/2011,10.9586016
12/6/2011,14.8380032
12/7/2011,11.2984032
12/8/2011,13.5354304
12/9/2011,14.1017664
12/10/2011,14.1017664
12/11/2011,14.0451328
12/12/2011,14.0734496
12/13/2011,14.1017664
12/14/2011,13.9884992
12/15/2011,13.8469152
12/16/2011,13.7902816
12/17/2011,13.9318656
12/18/2011,14.0734496
12/19/2011,14.2150336
12/20/2011,13.2805792
12/21/2011,16.3954272
12/22/2011,25.0037344
12/23/2011,64.279136
12/24/2011,80.419712
12/25/2011,88.065248
12/26/2011,103.639488
12/27/2011,94.011776
12/28/2011,78.154368
12/29/2011,67.110816
12/30/2011,43.607872
12/31/2011,43.041536
1/1/2012,42.4752
1/2/2012,33.130656
1/3/2012,15.007904
1/4/2012,9.8542464
1/5/2012,9.1746432
1/6/2012,9.1180096
1/7/2012,9.0047424
1/8/2012,8.919792
1/9/2012,30.582144
1/10/2012,135.071136
1/11/2012,227.95024
1/12/2012,230.215584
1/13/2012,169.9008
1/14/2012,91.746432
1/15/2012,57.766272
1/16/2012,17.4431488
1/17/2012,44.740544
1/18/2012,38.22768
1/19/2012,39.360352
1/20/2012,26.9292768
1/21/2012,13.9318656
1/22/2012,13.8185984
1/23/2012,16.0273088
1/24/2012,36.528672
1/25/2012,42.758368
1/26/2012,110.43552
1/27/2012,112.134528
1/28/2012,91.463264
1/29/2012,88.348416
1/30/2012,58.332608
1/31/2012,56.067264
2/1/2012,59.182112
2/2/2012,37.661344
2/3/2012,40.493024
2/4/2012,114.68304
2/5/2012,195.102752
2/6/2012,175.56416
2/7/2012,168.201792
2/8/2012,164.803776
2/9/2012,163.671104
2/10/2012,144.41568
2/11/2012,85.799904
2/12/2012,89.481088
2/13/2012,80.986048
2/14/2012,62.013792
2/15/2012,66.261312
2/16/2012,195.952256
2/17/2012,302.98976
2/18/2012,334.13824
2/19/2012,419.08864
2/20/2012,314.31648
2/21/2012,237.011616
2/22/2012,186.89088
2/23/2012,149.512704
2/24/2012,136.486976
2/25/2012,128.275104
2/26/2012,104.205824
2/27/2012,96.27712
2/28/2012,81.552384
2/29/2012,54.934592
3/1/2012,56.067264
3/2/2012,45.30688
3/3/2012,33.696992
3/4/2012,32.281152
3/5/2012,32.847488
3/6/2012,32.56432
3/7/2012,31.714816
3/8/2012,31.14848
3/9/2012,129.974112
3/10/2012,236.44528
3/11/2012,300.15808
3/12/2012,489.88064
3/13/2012,458.73216
3/14/2012,436.07872
3/15/2012,438.9104
3/16/2012,455.90048
3/17/2012,467.2272
3/18/2012,467.2272
3/19/2012,472.89056
3/20/2012,464.39552
3/21/2012,529.52416
3/22/2012,495.544
3/23/2012,376.61344
3/24/2012,308.65312
3/25/2012,235.595776
3/26/2012,176.130496
3/27/2012,172.166144
3/28/2012,152.344384
3/29/2012,132.522624
3/30/2012,135.071136
3/31/2012,126.576096
4/1/2012,107.037504
4/2/2012,98.259296
4/3/2012,98.542464
4/4/2012,100.241472
4/5/2012,112.134528
4/6/2012,118.364224
4/7/2012,116.948384
4/8/2012,106.188
4/9/2012,96.27712
4/10/2012,95.427616
4/11/2012,95.710784
4/12/2012,95.427616
4/13/2012,95.427616
4/14/2012,95.144448
4/15/2012,95.144448
4/16/2012,235.878944
4/17/2012,379.44512
4/18/2012,259.948224
4/19/2012,105.338496
4/20/2012,90.330592
4/21/2012,248.055168
4/22/2012,280.902656
4/23/2012,149.229536
4/24/2012,67.677152
4/25/2012,29.73264
4/26/2012,28.883136
4/27/2012,28.3168
4/28/2012,27.892048
4/29/2012,27.2690784
4/30/2012,26.3629408
5/1/2012,26.1364064
5/2/2012,21.0393824
5/3/2012,15.3477056
5/4/2012,15.0928544
5/5/2012,14.8380032
5/6/2012,14.6114688
5/7/2012,14.3283008
5/8/2012,14.2150336
5/9/2012,14.0734496
5/10/2012,31.431648
5/11/2012,78.437536
5/12/2012,93.44544
5/13/2012,92.879104
5/14/2012,91.746432
5/15/2012,95.427616
5/16/2012,101.94048
5/17/2012,103.922656
5/18/2012,103.639488
5/19/2012,47.289056
5/20/2012,33.98016
5/21/2012,33.130656
5/22/2012,42.758368
5/23/2012,39.360352
5/24/2012,52.102912
5/25/2012,40.776192
5/26/2012,30.865312
5/27/2012,30.865312
5/28/2012,34.263328
5/29/2012,37.661344
5/30/2012,37.661344
5/31/2012,38.22768
6/1/2012,35.962336
6/2/2012,34.263328
6/3/2012,26.19304
6/4/2012,26.5045248
6/5/2012,30.865312
6/6/2012,35.962336
6/7/2012,35.962336
6/8/2012,35.962336
6/9/2012,36.245504
6/10/2012,36.245504
6/11/2012,35.962336
6/12/2012,35.962336
6/13/2012,36.245504
6/14/2012,94.294944
6/15/2012,71.924672
6/16/2012,79.570208
6/17/2012,77.8712
6/18/2012,71.358336
6/19/2012,62.013792
6/20/2012,62.863296
6/21/2012,66.261312
6/22/2012,69.37616
6/23/2012,56.6336
6/24/2012,46.72272
6/25/2012,42.4752
6/26/2012,39.64352
6/27/2012,39.360352
6/28/2012,43.041536
6/29/2012,49.271232
6/30/2012,49.5544
7/1/2012,49.837568
7/2/2012,50.403904
7/3/2012,50.120736
7/4/2012,49.5544
7/5/2012,49.271232
7/6/2012,48.13856
7/7/2012,48.988064
7/8/2012,48.704896
7/9/2012,50.403904
7/10/2012,71.358336
7/11/2012,139.035488
7/12/2012,123.744416
7/13/2012,229.36608
7/14/2012,325.6432
7/15/2012,178.962176
7/16/2012,138.75232
7/17/2012,80.419712
7/18/2012,78.154368
7/19/2012,70.792
7/20/2012,71.641504
7/21/2012,62.863296
7/22/2012,54.934592
7/23/2012,54.651424
7/24/2012,54.368256
7/25/2012,64.562304
7/26/2012,72.20784
7/27/2012,72.774176
7/28/2012,72.774176
7/29/2012,72.774176
7/30/2012,65.411808
7/31/2012,64.279136
8/1/2012,64.845472
8/2/2012,64.279136
8/3/2012,65.12864
8/4/2012,65.12864
8/5/2012,65.411808
8/6/2012,65.411808
8/7/2012,65.411808
8/8/2012,65.411808
8/9/2012,64.845472
8/10/2012,82.11872
8/11/2012,88.348416
8/12/2012,88.631584
8/13/2012,87.215744
8/14/2012,77.021696
8/15/2012,62.29696
8/16/2012,60.597952
8/17/2012,67.677152
8/18/2012,70.792
8/19/2012,70.225664
8/20/2012,70.508832
8/21/2012,70.792
8/22/2012,73.62368
8/23/2012,76.738528
8/24/2012,77.304864
8/25/2012,77.304864
8/26/2012,77.021696
8/27/2012,77.021696
8/28/2012,77.021696
8/29/2012,77.588032
8/30/2012,79.003872
8/31/2012,79.853376
9/1/2012,56.350432
9/2/2012,36.245504
9/3/2012,33.130656
9/4/2012,30.298976
9/5/2012,31.431648
9/6/2012,30.582144
9/7/2012,36.245504
9/8/2012,38.510848
9/9/2012,37.944512
9/10/2012,37.944512
9/11/2012,37.661344
9/12/2012,47.855392
9/13/2012,89.481088
9/14/2012,93.44544
9/15/2012,80.986048
9/16/2012,45.023712
9/17/2012,44.457376
9/18/2012,48.704896
9/19/2012,58.615776
9/20/2012,75.322688
9/21/2012,81.835552
9/22/2012,71.641504
9/23/2012,46.156384
9/24/2012,30.015808
9/25/2012,30.298976
9/26/2012,30.298976
9/27/2012,30.298976
9/28/2012,30.015808
9/29/2012,56.6336
9/30/2012,61.730624
10/1/2012,60.88112
10/2/2012,75.03952
10/3/2012,94.011776
10/4/2012,83.251392
10/5/2012,93.44544
10/6/2012,93.44544
10/7/2012,82.685056
10/8/2012,73.057344
10/9/2012,75.03952
10/10/2012,75.605856
10/11/2012,61.164288
10/12/2012,40.209856
10/13/2012,33.130656
10/14/2012,25.0886848
10/15/2012,26.4195744
10/16/2012,44.174208
10/17/2012,59.182112
10/18/2012,66.261312
10/19/2012,74.756352
10/20/2012,56.6336
10/21/2012,42.192032
10/22/2012,41.625696
10/23/2012,41.342528
10/24/2012,41.342528
10/25/2012,41.05936
10/26/2012,45.023712
10/27/2012,53.518752
10/28/2012,55.500928
10/29/2012,56.6336
10/30/2012,56.916768
10/31/2012,57.199936
11/1/2012,49.837568
11/2/2012,43.324704
11/3/2012,43.324704
11/4/2012,43.041536
11/5/2012,43.041536
11/6/2012,43.041536
11/7/2012,43.324704
11/8/2012,42.758368
11/9/2012,42.4752
11/10/2012,42.4752
11/11/2012,42.192032
11/12/2012,42.192032
11/13/2012,42.192032
11/14/2012,36.528672
11/15/2012,30.015808
11/16/2012,25.3152192
11/17/2012,25.0320512
11/18/2012,24.8904672
11/19/2012,26.3629408
11/20/2012,30.298976
11/21/2012,30.298976
11/22/2012,30.298976
11/23/2012,27.9769984
11/24/2012,25.060368
11/25/2012,25.2869024
11/26/2012,29.166304
11/27/2012,33.98016
11/28/2012,34.829664
11/29/2012,34.263328
11/30/2012,34.263328
12/1/2012,34.263328
12/2/2012,32.281152
12/3/2012,33.130656
12/4/2012,32.847488
12/5/2012,32.847488
12/6/2012,32.847488
12/7/2012,32.847488
12/8/2012,35.112832
12/9/2012,37.378176
12/10/2012,41.05936
12/11/2012,38.510848
12/12/2012,52.669248
12/13/2012,52.952416
12/14/2012,53.80192
12/15/2012,46.156384
12/16/2012,45.30688
12/17/2012,45.023712
12/18/2012,24.9754176
12/19/2012,22.1437376
12/20/2012,18.8023552
12/21/2012,19.8783936
12/22/2012,20.2748288
12/23/2012,21.4924512
12/24/2012,21.2659168
12/25/2012,30.298976
12/26/2012,60.314784
12/27/2012,48.988064
12/28/2012,50.120736
12/29/2012,47.005888
12/30/2012,46.72272
12/31/2012,46.156384
1/1/2013,46.439552
1/2/2013,48.13856
1/3/2013,46.156384
1/4/2013,45.873216
1/5/2013,46.439552
1/6/2013,47.289056
1/7/2013,63.146464
1/8/2013,109.869184
1/9/2013,114.116704
1/10/2013,169.9008
1/11/2013,63.146464
1/12/2013,54.368256
1/13/2013,72.491008
1/14/2013,94.011776
1/15/2013,92.595936
1/16/2013,91.746432
1/17/2013,91.180096
1/18/2013,90.896928
1/19/2013,90.61376
1/20/2013,90.61376
1/21/2013,90.330592
1/22/2013,90.047424
1/23/2013,80.419712
1/24/2013,60.88112
1/25/2013,50.687072
1/26/2013,50.120736
1/27/2013,49.837568
1/28/2013,49.5544
1/29/2013,48.13856
1/30/2013,48.13856
1/31/2013,58.04944
2/1/2013,60.314784
2/2/2013,49.5544
2/3/2013,48.988064
2/4/2013,49.271232
2/5/2013,49.5544
2/6/2013,48.988064
2/7/2013,48.988064
2/8/2013,49.271232
2/9/2013,45.873216
2/10/2013,42.758368
2/11/2013,78.437536
2/12/2013,107.60384
2/13/2013,143.566176
2/14/2013,160.556256
2/15/2013,158.57408
2/16/2013,144.132512
2/17/2013,146.114688
2/18/2013,166.502784
2/19/2013,148.096864
2/20/2013,82.401888
2/21/2013,51.819744
2/22/2013,48.988064
2/23/2013,41.05936
2/24/2013,38.22768
2/25/2013,36.81184
2/26/2013,34.263328
2/27/2013,35.396
2/28/2013,41.342528
3/1/2013,49.271232
3/2/2013,49.271232
3/3/2013,49.271232
3/4/2013,49.271232
3/5/2013,48.13856
3/6/2013,47.289056
3/7/2013,47.572224
3/8/2013,48.704896
3/9/2013,50.120736
3/10/2013,50.97024
3/11/2013,48.704896
3/12/2013,52.38608
3/13/2013,52.102912
3/14/2013,57.483104
3/15/2013,66.261312
3/16/2013,66.827648
3/17/2013,67.677152
3/18/2013,58.898944
3/19/2013,38.510848
3/20/2013,38.794016
3/21/2013,39.360352
3/22/2013,38.510848
3/23/2013,38.794016
3/24/2013,38.22768
3/25/2013,39.926688
3/26/2013,40.209856
3/27/2013,41.908864
3/28/2013,42.4752
3/29/2013,42.4752
3/30/2013,42.4752
3/31/2013,42.4752
4/1/2013,42.4752
4/2/2013,42.4752
4/3/2013,47.572224
4/4/2013,69.37616
4/5/2013,71.924672
4/6/2013,71.924672
4/7/2013,71.075168
4/8/2013,60.314784
4/9/2013,70.225664
4/10/2013,74.473184
4/11/2013,162.8216
4/12/2013,133.938464
4/13/2013,110.43552
4/14/2013,71.924672
4/15/2013,70.225664
4/16/2013,69.942496
4/17/2013,60.031616
4/18/2013,48.988064
4/19/2013,42.192032
4/20/2013,44.740544
4/21/2013,45.023712
4/22/2013,44.740544
4/23/2013,44.457376
4/24/2013,44.457376
4/25/2013,44.740544
4/26/2013,39.360352
4/27/2013,35.679168
4/28/2013,36.528672
4/29/2013,36.528672
4/30/2013,36.245504
5/1/2013,41.05936
5/2/2013,54.085088
5/3/2013,62.29696
5/4/2013,41.625696
5/5/2013,41.342528
5/6/2013,42.4752
5/7/2013,38.510848
5/8/2013,36.245504
5/9/2013,36.528672
5/10/2013,115.249376
5/11/2013,116.382048
5/12/2013,94.011776
5/13/2013,59.46528
5/14/2013,39.360352
5/15/2013,37.944512
5/16/2013,35.396
5/17/2013,47.572224
5/18/2013,49.271232
5/19/2013,49.271232
5/20/2013,48.988064
5/21/2013,50.403904
5/22/2013,63.146464
5/23/2013,63.7128
5/24/2013,58.332608
5/25/2013,43.041536
5/26/2013,45.590048
5/27/2013,46.72272
5/28/2013,45.873216
5/29/2013,45.30688
5/30/2013,45.30688
5/31/2013,45.023712
6/1/2013,44.457376
6/2/2013,47.572224
6/3/2013,64.562304
6/4/2013,61.730624
6/5/2013,103.073152
6/6/2013,126.859264
6/7/2013,131.106784
6/8/2013,146.114688
6/9/2013,128.275104
6/10/2013,100.52464
6/11/2013,85.233568
6/12/2013,84.384064
6/13/2013,90.61376
6/14/2013,71.924672
6/15/2013,55.784096
6/16/2013,58.332608
6/17/2013,53.518752
6/18/2013,39.077184
6/19/2013,31.431648
6/20/2013,33.98016
6/21/2013,41.05936
6/22/2013,45.873216
6/23/2013,45.590048
6/24/2013,43.324704
6/25/2013,38.794016
6/26/2013,39.077184
6/27/2013,38.794016
6/28/2013,43.89104
6/29/2013,47.005888
6/30/2013,47.005888
7/1/2013,47.005888
7/2/2013,47.005888
7/3/2013,47.005888
7/4/2013,45.023712
7/5/2013,42.192032
7/6/2013,41.342528
7/7/2013,41.05936
7/8/2013,40.776192
7/9/2013,39.926688
7/10/2013,35.679168
7/11/2013,45.873216
7/12/2013,52.952416
7/13/2013,52.38608
7/14/2013,58.04944
7/15/2013,62.580128
7/16/2013,74.756352
7/17/2013,84.100896
7/18/2013,67.393984
7/19/2013,53.518752
7/20/2013,53.235584
7/21/2013,51.536576
7/22/2013,48.704896
7/23/2013,50.687072
7/24/2013,50.403904
7/25/2013,50.120736
7/26/2013,51.819744
7/27/2013,53.235584
7/28/2013,53.235584
7/29/2013,53.235584
7/30/2013,53.235584
7/31/2013,52.38608
8/1/2013,49.5544
8/2/2013,52.669248
8/3/2013,52.669248
8/4/2013,52.669248
8/5/2013,52.952416
8/6/2013,52.952416
8/7/2013,52.952416
8/8/2013,52.952416
8/9/2013,52.669248
8/10/2013,52.669248
8/11/2013,52.669248
8/12/2013,51.536576
8/13/2013,52.669248
8/14/2013,56.350432
8/15/2013,57.766272
8/16/2013,57.766272
8/17/2013,54.085088
8/18/2013,55.784096
8/19/2013,50.403904
8/20/2013,45.873216
8/21/2013,45.590048
8/22/2013,45.590048
8/23/2013,45.590048
8/24/2013,52.38608
8/25/2013,47.005888
8/26/2013,46.72272
8/27/2013,52.38608
8/28/2013,51.253408
8/29/2013,45.873216
8/30/2013,46.439552
8/31/2013,47.855392
9/1/2013,49.271232
9/2/2013,49.271232
9/3/2013,49.271232
9/4/2013,49.271232
9/5/2013,49.271232
9/6/2013,39.360352
9/7/2013,26.7027424
9/8/2013,28.2035328
9/9/2013,26.9292768
9/10/2013,27.8070976
9/11/2013,27.8637312
9/12/2013,27.750464
9/13/2013,26.5045248
9/14/2013,27.042544
9/15/2013,28.1185824
9/16/2013,28.599968
9/17/2013,21.5490848
9/18/2013,32.281152
9/19/2013,39.64352
9/20/2013,65.12864
9/21/2013,144.132512
9/22/2013,46.72272
9/23/2013,43.041536
9/24/2013,42.4752
9/25/2013,42.4752
9/26/2013,41.342528
9/27/2013,43.041536
9/28/2013,42.758368
9/29/2013,43.89104
9/30/2013,80.419712
10/1/2013,114.399872
10/2/2013,104.205824
10/3/2013,80.986048
10/4/2013,48.704896
10/5/2013,38.794016
10/6/2013,38.794016
10/7/2013,41.342528
10/8/2013,42.4752
10/9/2013,42.192032
10/10/2013,42.758368
10/11/2013,42.758368
10/12/2013,42.758368
10/13/2013,42.758368
10/14/2013,42.4752
10/15/2013,43.041536
10/16/2013,43.324704
10/17/2013,43.324704
10/18/2013,41.05936
10/19/2013,33.696992
10/20/2013,33.696992
10/21/2013,28.0619488
10/22/2013,34.263328
10/23/2013,36.528672
10/24/2013,36.528672
10/25/2013,27.0991776
10/26/2013,34.829664
10/27/2013,35.112832
10/28/2013,34.829664
10/29/2013,34.829664
10/30/2013,71.358336
10/31/2013,373.78176
11/1/2013,614.47456
11/2/2013,376.61344
11/3/2013,270.991776
11/4/2013,227.95024
11/5/2013,227.95024
11/6/2013,144.132512
11/7/2013,78.154368
11/8/2013,63.995968
11/9/2013,82.401888
11/10/2013,82.401888
11/11/2013,82.401888
11/12/2013,81.552384
11/13/2013,80.419712
11/14/2013,82.401888
11/15/2013,82.401888
11/16/2013,62.29696
11/17/2013,47.289056
11/18/2013,59.748448
11/19/2013,70.792
11/20/2013,70.508832
11/21/2013,70.225664
11/22/2013,69.942496
11/23/2013,69.942496
11/24/2013,60.88112
11/25/2013,51.536576
11/26/2013,101.374144
11/27/2013,160.273088
11/28/2013,158.857248
11/29/2013,161.40576
11/30/2013,160.556256
12/1/2013,144.982016
12/2/2013,119.213728
12/3/2013,131.389952
12/4/2013,144.132512
12/5/2013,143.849344
12/6/2013,134.787968
12/7/2013,116.948384
12/8/2013,99.958304
12/9/2013,83.817728
12/10/2013,96.560288
12/11/2013,113.2672
12/12/2013,113.550368
12/13/2013,113.2672
12/14/2013,113.2672
12/15/2013,112.700864
12/16/2013,102.789984
12/17/2013,82.685056
12/18/2013,98.542464
12/19/2013,113.550368
12/20/2013,113.833536
12/21/2013,98.259296
12/22/2013,116.382048
12/23/2013,155.176064
12/24/2013,144.698848
12/25/2013,135.354304
12/26/2013,115.532544
12/27/2013,86.649408
12/28/2013,77.304864
12/29/2013,76.738528
12/30/2013,85.516736
12/31/2013,93.728608
1/1/2014,94.011776
1/2/2014,93.728608
1/3/2014,90.61376
1/4/2014,78.437536
1/5/2014,77.304864
1/6/2014,86.36624
1/7/2014,101.090976
1/8/2014,102.223648
1/9/2014,95.144448
1/10/2014,94.86128
1/11/2014,94.294944
1/12/2014,94.294944
1/13/2014,94.294944
1/14/2014,94.86128
1/15/2014,101.374144
1/16/2014,109.302848
1/17/2014,109.586016
1/18/2014,103.35632
1/19/2014,82.685056
1/20/2014,56.6336
1/21/2014,55.784096
1/22/2014,56.067264
1/23/2014,55.784096
1/24/2014,56.067264
1/25/2014,56.067264
1/26/2014,55.784096
1/27/2014,66.827648
1/28/2014,99.1088
1/29/2014,115.532544
1/30/2014,85.233568
1/31/2014,34.546496
2/1/2014,29.449472
2/2/2014,31.431648
2/3/2014,35.396
2/4/2014,55.500928
2/5/2014,83.817728
2/6/2014,105.904832
2/7/2014,105.621664
2/8/2014,89.764256
2/9/2014,72.774176
2/10/2014,72.20784
2/11/2014,88.065248
2/12/2014,111.568192
2/13/2014,92.879104
2/14/2014,69.659328
2/15/2014,52.38608
2/16/2014,58.332608
2/17/2014,71.075168
2/18/2014,70.792
2/19/2014,70.792
2/20/2014,70.508832
2/21/2014,70.225664
2/22/2014,70.792
2/23/2014,69.942496
2/24/2014,69.37616
2/25/2014,69.37616
2/26/2014,70.225664
2/27/2014,71.924672
2/28/2014,71.358336
3/1/2014,70.508832
3/2/2014,51.253408
3/3/2014,24.06928
3/4/2014,31.14848
3/5/2014,38.22768
3/6/2014,53.235584
3/7/2014,53.518752
3/8/2014,48.13856
3/9/2014,42.192032
3/10/2014,62.863296
3/11/2014,71.924672
3/12/2014,71.924672
3/13/2014,71.924672
3/14/2014,71.924672
3/15/2014,71.924672
3/16/2014,80.136544
3/17/2014,147.813696
3/18/2014,154.892896
3/19/2014,133.938464
3/20/2014,118.647392
3/21/2014,101.94048
3/22/2014,93.728608
3/23/2014,106.754336
3/24/2014,105.621664
3/25/2014,92.595936
3/26/2014,92.595936
3/27/2014,92.879104
3/28/2014,80.986048
3/29/2014,39.926688
3/30/2014,35.679168
3/31/2014,68.526656
4/1/2014,100.241472
4/2/2014,88.065248
4/3/2014,68.526656
4/4/2014,67.677152
4/5/2014,69.37616
4/6/2014,68.243488
4/7/2014,67.96032
4/8/2014,81.552384
4/9/2014,119.496896
4/10/2014,143.283008
4/11/2014,107.887008
4/12/2014,88.348416
4/13/2014,83.817728
4/14/2014,69.37616
4/15/2014,86.649408
4/16/2014,102.223648
4/17/2014,88.914752
4/18/2014,50.120736
4/19/2014,30.865312
4/20/2014,50.403904
4/21/2014,68.809824
4/22/2014,68.809824
4/23/2014,74.473184
4/24/2014,81.269216
4/25/2014,82.685056
4/26/2014,57.766272
4/27/2014,31.431648
4/28/2014,30.298976
4/29/2014,30.015808
4/30/2014,29.449472
5/1/2014,28.0053152
5/2/2014,29.449472
5/3/2014,29.449472
5/4/2014,29.449472
5/5/2014,29.449472
5/6/2014,29.166304
5/7/2014,28.883136
5/8/2014,28.883136
5/9/2014,28.883136
5/10/2014,28.599968
5/11/2014,28.599968
5/12/2014,28.599968
5/13/2014,32.56432
5/14/2014,43.89104
5/15/2014,84.9504
5/16/2014,106.754336
5/17/2014,116.09888
5/18/2014,116.382048
5/19/2014,116.948384
5/20/2014,117.51472
5/21/2014,127.708768
5/22/2014,148.6632
5/23/2014,159.140416
5/24/2014,151.778048
5/25/2014,130.540448
5/26/2014,110.152352
5/27/2014,111.568192
5/28/2014,135.071136
5/29/2014,148.380032
5/30/2014,150.645376
5/31/2014,133.372128
6/1/2014,140.451328
6/2/2014,144.698848
6/3/2014,117.51472
6/4/2014,104.488992
6/5/2014,104.488992
6/6/2014,88.914752
6/7/2014,71.924672
6/8/2014,71.924672
6/9/2014,98.259296
6/10/2014,157.724576
6/11/2014,161.40576
6/12/2014,159.98992
6/13/2014,159.706752
6/14/2014,159.706752
6/15/2014,133.655296
6/16/2014,104.205824
6/17/2014,103.639488
6/18/2014,103.35632
6/19/2014,87.498912
6/20/2014,86.36624
6/21/2014,105.055328
6/22/2014,105.621664
6/23/2014,105.621664
6/24/2014,105.621664
6/25/2014,105.904832
6/26/2014,90.330592
6/27/2014,74.756352
6/28/2014,92.879104
6/29/2014,122.328576
6/30/2014,119.213728
7/1/2014,75.03952
7/2/2014,92.312768
7/3/2014,107.037504
7/4/2014,107.320672
7/5/2014,107.037504
7/6/2014,97.976128
7/7/2014,73.906848
7/8/2014,73.340512
7/9/2014,73.340512
7/10/2014,73.62368
7/11/2014,73.340512
7/12/2014,68.243488
7/13/2014,54.651424
7/14/2014,54.368256
7/15/2014,52.38608
7/16/2014,63.429632
7/17/2014,126.00976
7/18/2014,169.051296
7/19/2014,105.055328
7/20/2014,85.233568
7/21/2014,127.4256
7/22/2014,160.273088
7/23/2014,148.6632
7/24/2014,119.780064
7/25/2014,136.770144
7/26/2014,160.273088
7/27/2014,120.063232
7/28/2014,71.924672
7/29/2014,70.792
7/30/2014,71.075168
7/31/2014,73.340512
8/1/2014,63.146464
8/2/2014,65.411808
8/3/2014,76.738528
8/4/2014,77.021696
8/5/2014,72.20784
8/6/2014,74.190016
8/7/2014,76.172192
8/8/2014,76.45536
8/9/2014,77.021696
8/10/2014,60.88112
8/11/2014,54.368256
8/12/2014,73.906848
8/13/2014,75.605856
8/14/2014,75.605856
8/15/2014,75.889024
8/16/2014,53.518752
8/17/2014,33.696992
8/18/2014,53.80192
8/19/2014,69.092992
8/20/2014,68.526656
8/21/2014,73.057344
8/22/2014,73.340512
8/23/2014,63.995968
8/24/2014,35.396
8/25/2014,52.669248
8/26/2014,66.54448
8/27/2014,71.075168
8/28/2014,68.809824
8/29/2014,71.358336
8/30/2014,51.536576
8/31/2014,30.298976
9/1/2014,44.740544
9/2/2014,63.146464
9/3/2014,56.067264
9/4/2014,69.37616
9/5/2014,69.659328
9/6/2014,69.659328
9/7/2014,54.085088
9/8/2014,52.952416
9/9/2014,69.092992
9/10/2014,69.37616
9/11/2014,69.659328
9/12/2014,69.37616
9/13/2014,54.085088
9/14/2014,38.22768
9/15/2014,47.289056
9/16/2014,69.942496
9/17/2014,69.659328
9/18/2014,105.621664
9/19/2014,146.397856
9/20/2014,62.29696
9/21/2014,58.332608
9/22/2014,58.332608
9/23/2014,59.182112
9/24/2014,59.46528
9/25/2014,59.46528
9/26/2014,59.46528
9/27/2014,58.898944
9/28/2014,58.615776
9/29/2014,59.182112
9/30/2014,50.687072
10/1/2014,36.245504
10/2/2014,31.997984
10/3/2014,13.9318656
10/4/2014,31.714816
10/5/2014,31.714816
10/6/2014,31.997984
10/7/2014,35.396
10/8/2014,34.263328
10/9/2014,34.263328
10/10/2014,40.776192
10/11/2014,47.572224
10/12/2014,47.289056
10/13/2014,46.439552
10/14/2014,58.898944
10/15/2014,61.447456
10/16/2014,85.516736
10/17/2014,45.873216
10/18/2014,31.14848
10/19/2014,82.11872
10/20/2014,83.251392
10/21/2014,64.845472
10/22/2014,45.873216
10/23/2014,45.023712
10/24/2014,41.625696
10/25/2014,38.794016
10/26/2014,37.378176
10/27/2014,37.378176
10/28/2014,37.661344
10/29/2014,37.378176
10/30/2014,37.378176
10/31/2014,37.661344
11/1/2014,36.528672
11/2/2014,30.865312
11/3/2014,23.4179936
11/4/2014,23.9560128
11/5/2014,30.015808
11/6/2014,56.6336
11/7/2014,46.156384
11/8/2014,34.546496
11/9/2014,31.14848
11/10/2014,28.3168
11/11/2014,28.599968
11/12/2014,28.599968
11/13/2014,32.847488
11/14/2014,36.245504
11/15/2014,42.4752
11/16/2014,52.38608
11/17/2014,69.37616
11/18/2014,72.20784
11/19/2014,48.13856
11/20/2014,62.580128
11/21/2014,44.457376
11/22/2014,45.023712
11/23/2014,46.72272
11/24/2014,49.271232
11/25/2014,50.97024
11/26/2014,61.447456
11/27/2014,61.164288
11/28/2014,70.792
11/29/2014,80.70288
11/30/2014,82.401888
12/1/2014,86.649408
12/2/2014,96.843456
12/3/2014,95.710784
12/4/2014,95.710784
12/5/2014,95.710784
12/6/2014,95.710784
12/7/2014,92.0296
12/8/2014,56.067264
12/9/2014,36.245504
12/10/2014,37.661344
12/11/2014,39.926688
12/12/2014,39.64352
12/13/2014,43.607872
12/14/2014,48.13856
12/15/2014,46.439552
12/16/2014,50.120736
12/17/2014,52.952416
12/18/2014,52.669248
12/19/2014,66.827648
12/20/2014,74.756352
12/21/2014,54.651424
12/22/2014,53.235584
12/23/2014,60.314784
12/24/2014,68.526656
12/25/2014,68.243488
12/26/2014,68.526656
12/27/2014,69.37616
12/28/2014,94.578112
12/29/2014,110.43552
12/30/2014,90.61376
12/31/2014,71.924672
1/1/2015,77.8712
1/2/2015,110.43552
1/3/2015,193.120576
1/4/2015,416.25696
1/5/2015,427.58368
1/6/2015,382.2768
1/7/2015,288.83136
1/8/2015,265.611584
1/9/2015,269.575936
1/10/2015,219.4552
1/11/2015,195.102752
1/12/2015,200.482944
1/13/2015,183.209696
1/14/2015,163.954272
1/15/2015,166.785952
1/16/2015,166.219616
1/17/2015,165.936448
1/18/2015,148.380032
1/19/2015,120.3464
1/20/2015,111.001856
1/21/2015,133.372128
1/22/2015,146.397856
1/23/2015,210.96016
1/24/2015,291.66304
1/25/2015,325.6432
1/26/2015,308.65312
1/27/2015,261.364064
1/28/2015,230.215584
1/29/2015,206.995808
1/30/2015,220.304704
1/31/2015,225.684896
2/1/2015,222.003712
2/2/2015,222.28688
2/3/2015,227.95024
2/4/2015,233.330432
2/5/2015,233.047264
2/6/2015,221.154208
2/7/2015,205.863136
2/8/2015,196.518592
2/9/2015,180.944352
2/10/2015,172.73248
2/11/2015,156.308736
2/12/2015,145.548352
2/13/2015,146.681024
2/14/2015,148.096864
2/15/2015,147.813696
2/16/2015,147.813696
2/17/2015,152.344384
2/18/2015,158.007744
2/19/2015,151.778048
2/20/2015,129.407776
2/21/2015,125.160256
2/22/2015,109.869184
2/23/2015,109.586016
2/24/2015,105.055328
2/25/2015,107.037504
2/26/2015,107.037504
2/27/2015,106.754336
2/28/2015,106.188
3/1/2015,110.43552
3/2/2015,126.00976
3/3/2015,132.805792
3/4/2015,132.239456
3/5/2015,124.310752
3/6/2015,101.090976
3/7/2015,91.746432
3/8/2015,91.463264
3/9/2015,149.512704
3/10/2015,265.611584
3/11/2015,314.31648
3/12/2015,416.25696
3/13/2015,501.20736
3/14/2015,472.89056
3/15/2015,458.73216
3/16/2015,450.23712
3/17/2015,447.40544
3/18/2015,444.57376
3/19/2015,461.56384
3/20/2015,487.04896
3/21/2015,538.0192
3/22/2015,614.47456
3/23/2015,586.15776
3/24/2015,569.16768
3/25/2015,557.84096
3/26/2015,555.00928
3/27/2015,552.1776
3/28/2015,552.1776
3/29/2015,546.51424
3/30/2015,543.68256
3/31/2015,543.68256
4/1/2015,549.34592
4/2/2015,552.1776
4/3/2015,555.00928
4/4/2015,557.84096
4/5/2015,555.00928
4/6/2015,552.1776
4/7/2015,540.85088
4/8/2015,529.52416
4/9/2015,526.69248
4/10/2015,523.8608
4/11/2015,521.02912
4/12/2015,518.19744
4/13/2015,509.7024
4/14/2015,504.03904
4/15/2015,495.544
4/16/2015,487.04896
4/17/2015,481.3856
4/18/2015,472.89056
4/19/2015,504.03904
4/20/2015,506.87072
4/21/2015,506.87072
4/22/2015,504.03904
4/23/2015,504.03904
4/24/2015,509.7024
4/25/2015,521.02912
4/26/2015,515.36576
4/27/2015,540.85088
4/28/2015,563.50432
4/29/2015,501.20736
4/30/2015,458.73216
5/1/2015,475.72224
5/2/2015,484.21728
5/3/2015,498.37568
5/4/2015,509.7024
5/5/2015,526.69248
5/6/2015,543.68256
5/7/2015,555.00928
5/8/2015,557.84096
5/9/2015,557.84096
5/10/2015,555.00928
5/11/2015,557.84096
5/12/2015,555.00928
5/13/2015,532.35584
5/14/2015,535.18752
5/15/2015,557.84096
5/16/2015,563.50432
5/17/2015,560.67264
5/18/2015,560.67264
5/19/2015,560.67264
5/20/2015,563.50432
5/21/2015,563.50432
5/22/2015,557.84096
5/23/2015,552.1776
5/24/2015,546.51424
5/25/2015,549.34592
5/26/2015,597.48448
5/27/2015,676.77152
5/28/2015,773.04864
5/29/2015,790.03872
5/30/2015,790.03872
5/31/2015,784.37536
6/1/2015,747.56352
6/2/2015,688.09824
6/3/2015,679.6032
6/4/2015,673.93984
6/5/2015,645.62304
6/6/2015,600.31616
6/7/2015,588.98944
6/8/2015,563.50432
6/9/2015,515.36576
6/10/2015,475.72224
6/11/2015,472.89056
6/12/2015,501.20736
6/13/2015,546.51424
6/14/2015,566.336
6/15/2015,569.16768
6/16/2015,563.50432
6/17/2015,552.1776
6/18/2015,419.08864
6/19/2015,365.28672
6/20/2015,370.95008
6/21/2015,433.24704
6/22/2015,495.544
6/23/2015,546.51424
6/24/2015,563.50432
6/25/2015,569.16768
6/26/2015,569.16768
6/27/2015,569.16768
6/28/2015,566.336
6/29/2015,538.0192
6/30/2015,475.72224
7/1/2015,444.57376
7/2/2015,447.40544
7/3/2015,447.40544
7/4/2015,447.40544
7/5/2015,450.23712
7/6/2015,450.23712
7/7/2015,436.07872
7/8/2015,424.752
7/9/2015,436.07872
7/10/2015,447.40544
7/11/2015,436.07872
7/12/2015,430.41536
7/13/2015,413.42528
7/14/2015,413.42528
7/15/2015,404.93024
7/16/2015,379.44512
7/17/2015,379.44512
7/18/2015,359.62336
7/19/2015,356.79168
7/20/2015,348.29664
7/21/2015,331.30656
7/22/2015,334.13824
7/23/2015,334.13824
7/24/2015,351.12832
7/25/2015,370.95008
7/26/2015,382.2768
7/27/2015,393.60352
7/28/2015,393.60352
7/29/2015,393.60352
7/30/2015,390.77184
7/31/2015,342.63328
8/1/2015,314.31648
8/2/2015,300.15808
8/3/2015,285.99968
8/4/2015,302.98976
8/5/2015,305.82144
8/6/2015,291.66304
8/7/2015,213.79184
8/8/2015,141.017664
8/9/2015,136.486976
8/10/2015,136.770144
8/11/2015,122.894912
8/12/2015,107.320672
8/13/2015,106.754336
8/14/2015,122.045408
8/15/2015,141.017664
8/16/2015,142.150336
8/17/2015,142.150336
8/18/2015,124.877088
8/19/2015,88.348416
8/20/2015,40.493024
8/21/2015,31.714816
8/22/2015,24.4657152
8/23/2015,23.502944
8/24/2015,36.245504
8/25/2015,69.37616
8/26/2015,103.639488
8/27/2015,79.28704
8/28/2015,44.174208
8/29/2015,43.324704
8/30/2015,55.500928
8/31/2015,65.411808
9/1/2015,64.845472
9/2/2015,64.562304
9/3/2015,71.924672
9/4/2015,77.304864
9/5/2015,62.863296
9/6/2015,62.013792
9/7/2015,62.013792
9/8/2015,61.730624
9/9/2015,61.730624
9/10/2015,60.597952
9/11/2015,61.730624
9/12/2015,61.447456
9/13/2015,61.447456
9/14/2015,61.164288
9/15/2015,61.164288
9/16/2015,60.88112
9/17/2015,60.597952
9/18/2015,56.6336
9/19/2015,51.253408
9/20/2015,47.289056
9/21/2015,43.607872
9/22/2015,66.54448
9/23/2015,62.863296
9/24/2015,53.518752
9/25/2015,50.403904
9/26/2015,50.120736
9/27/2015,39.64352
9/28/2015,69.942496
9/29/2015,75.322688
9/30/2015,73.906848
10/1/2015,62.29696
10/2/2015,49.837568
10/3/2015,49.837568
10/4/2015,50.120736
10/5/2015,63.7128
10/6/2015,75.605856
10/7/2015,66.261312
10/8/2015,56.916768
10/9/2015,56.6336
10/10/2015,56.6336
10/11/2015,56.6336
10/12/2015,56.6336
10/13/2015,56.6336
10/14/2015,55.500928
10/15/2015,45.873216
10/16/2015,31.997984
10/17/2015,60.031616
10/18/2015,61.164288
10/19/2015,61.164288
10/20/2015,61.447456
10/21/2015,61.164288
10/22/2015,61.164288
10/23/2015,61.164288
10/24/2015,61.164288
10/25/2015,67.677152
10/26/2015,103.073152
10/27/2015,118.081056
10/28/2015,151.778048
10/29/2015,128.275104
10/30/2015,87.215744
10/31/2015,130.25728
11/1/2015,291.66304
11/2/2015,174.14832
11/3/2015,113.833536
11/4/2015,83.251392
11/5/2015,79.570208
11/6/2015,69.37616
11/7/2015,73.62368
11/8/2015,151.778048
11/9/2015,150.362208
11/10/2015,130.25728
11/11/2015,98.542464
11/12/2015,80.136544
11/13/2015,74.756352
11/14/2015,60.88112
11/15/2015,59.748448
11/16/2015,59.46528
11/17/2015,83.251392
11/18/2015,194.253248
11/19/2015,183.209696
11/20/2015,124.027584
11/21/2015,117.797888
11/22/2015,117.231552
11/23/2015,172.73248
11/24/2015,244.373984
11/25/2015,246.35616
11/26/2015,245.789824
11/27/2015,244.090816
11/28/2015,215.490848
11/29/2015,159.98992
11/30/2015,157.15824
12/1/2015,164.803776
12/2/2015,172.166144
12/3/2015,172.166144
12/4/2015,171.882976
12/5/2015,171.31664
12/6/2015,165.936448
12/7/2015,156.025568
12/8/2015,148.6632
12/9/2015,139.601824
12/10/2015,139.318656
12/11/2015,139.318656
12/12/2015,139.318656
12/13/2015,162.8216
12/14/2015,247.772
12/15/2015,232.19776
12/16/2015,224.552224
12/17/2015,222.570048
12/18/2015,209.54432
12/19/2015,193.120576
12/20/2015,192.271072
12/21/2015,199.067104
12/22/2015,228.516576
12/23/2015,267.59376
12/24/2015,288.83136
12/25/2015,285.99968
12/26/2015,283.168
12/27/2015,283.168
12/28/2015,291.66304
12/29/2015,311.4848
12/30/2015,353.96
12/31/2015,393.60352
1/1/2016,436.07872
1/2/2016,464.39552
1/3/2016,453.0688
1/4/2016,441.74208
1/5/2016,495.544
1/6/2016,501.20736
1/7/2016,509.7024
1/8/2016,518.19744
1/9/2016,498.37568
1/10/2016,458.73216
1/11/2016,475.72224
1/12/2016,540.85088
1/13/2016,529.52416
1/14/2016,532.35584
1/15/2016,538.0192
1/16/2016,546.51424
1/17/2016,549.34592
1/18/2016,549.34592
1/19/2016,535.18752
1/20/2016,506.87072
1/21/2016,475.72224
1/22/2016,478.55392
1/23/2016,475.72224
1/24/2016,467.2272
1/25/2016,436.07872
1/26/2016,438.9104
1/27/2016,453.0688
1/28/2016,455.90048
1/29/2016,421.92032
1/30/2016,368.1184
1/31/2016,362.45504
2/1/2016,342.63328
2/2/2016,288.83136
2/3/2016,254.8512
2/4/2016,224.269056
2/5/2016,208.977984
2/6/2016,207.845312
2/7/2016,207.845312
2/8/2016,207.562144
2/9/2016,193.403744
2/10/2016,172.166144
2/11/2016,151.778048
2/12/2016,107.887008
2/13/2016,83.251392
2/14/2016,91.746432
2/15/2016,101.657312
2/16/2016,101.94048
2/17/2016,101.657312
2/18/2016,101.657312
2/19/2016,101.374144
2/20/2016,100.807808
2/21/2016,99.958304
2/22/2016,122.611744
2/23/2016,160.273088
2/24/2016,234.463104
2/25/2016,265.611584
2/26/2016,223.985888
2/27/2016,173.581984
2/28/2016,150.07904
2/29/2016,167.918624
3/1/2016,186.041376
3/2/2016,178.39584
3/3/2016,150.928544
3/4/2016,105.621664
3/5/2016,79.853376
3/6/2016,105.055328
3/7/2016,241.825472
3/8/2016,285.99968
3/9/2016,379.44512
3/10/2016,758.89024
3/11/2016,809.86048
3/12/2016,730.57344
3/13/2016,682.43488
3/14/2016,642.79136
3/15/2016,586.15776
3/16/2016,555.00928
3/17/2016,566.336
3/18/2016,569.16768
3/19/2016,566.336
3/20/2016,546.51424
3/21/2016,518.19744
3/22/2016,498.37568
3/23/2016,487.04896
3/24/2016,526.69248
3/25/2016,569.16768
3/26/2016,571.99936
3/27/2016,571.99936
3/28/2016,571.99936
3/29/2016,569.16768
3/30/2016,563.50432
3/31/2016,552.1776
4/1/2016,515.36576
4/2/2016,487.04896
4/3/2016,481.3856
4/4/2016,492.71232
4/5/2016,506.87072
4/6/2016,504.03904
4/7/2016,487.04896
4/8/2016,464.39552
4/9/2016,455.90048
4/10/2016,450.23712
4/11/2016,436.07872
4/12/2016,385.10848
4/13/2016,373.78176
4/14/2016,396.4352
4/15/2016,396.4352
4/16/2016,396.4352
4/17/2016,396.4352
4/18/2016,416.25696
4/19/2016,489.88064
4/20/2016,475.72224
4/21/2016,509.7024
4/22/2016,523.8608
4/23/2016,509.7024
4/24/2016,501.20736
4/25/2016,495.544
4/26/2016,492.71232
4/27/2016,495.544
4/28/2016,501.20736
4/29/2016,498.37568
4/30/2016,506.87072
5/1/2016,492.71232
5/2/2016,467.2272
5/3/2016,552.1776
5/4/2016,515.36576
5/5/2016,504.03904
5/6/2016,498.37568
5/7/2016,498.37568
5/8/2016,501.20736
5/9/2016,504.03904
5/10/2016,501.20736
5/11/2016,498.37568
5/12/2016,495.544
5/13/2016,489.88064
5/14/2016,489.88064
5/15/2016,492.71232
5/16/2016,492.71232
5/17/2016,489.88064
5/18/2016,489.88064
5/19/2016,487.04896
5/20/2016,453.0688
5/21/2016,404.93024
5/22/2016,424.752
5/23/2016,455.90048
5/24/2016,453.0688
5/25/2016,436.07872
5/26/2016,436.07872
5/27/2016,458.73216
5/28/2016,722.0784
5/29/2016,696.59328
5/30/2016,622.9696
5/31/2016,566.336
6/1/2016,628.63296
6/2/2016,724.91008
6/3/2016,821.1872
6/4/2016,775.88032
6/5/2016,679.6032
6/6/2016,574.83104
6/7/2016,540.85088
6/8/2016,518.19744
6/9/2016,506.87072
6/10/2016,504.03904
6/11/2016,506.87072
6/12/2016,509.7024
6/13/2016,523.8608
6/14/2016,538.0192
6/15/2016,540.85088
6/16/2016,526.69248
6/17/2016,498.37568
6/18/2016,478.55392
6/19/2016,475.72224
6/20/2016,472.89056
6/21/2016,438.9104
6/22/2016,382.2768
6/23/2016,396.4352
6/24/2016,438.9104
6/25/2016,461.56384
6/26/2016,472.89056
6/27/2016,475.72224
6/28/2016,475.72224
6/29/2016,478.55392
6/30/2016,467.2272
7/1/2016,419.08864
7/2/2016,382.2768
7/3/2016,356.79168
7/4/2016,282.884832
7/5/2016,254.001696
7/6/2016,279.203648
7/7/2016,207.845312
7/8/2016,139.035488
7/9/2016,100.241472
7/10/2016,109.01968
7/11/2016,130.25728
7/12/2016,131.106784
7/13/2016,131.106784
7/14/2016,130.823616
7/15/2016,135.354304
7/16/2016,151.778048
7/17/2016,152.344384
7/18/2016,144.698848
7/19/2016,109.01968
7/20/2016,87.78208
7/21/2016,67.110816
7/22/2016,45.590048
7/23/2016,33.413824
7/24/2016,32.847488
7/25/2016,44.740544
7/26/2016,56.6336
7/27/2016,57.483104
7/28/2016,58.04944
7/29/2016,58.615776
7/30/2016,59.182112
7/31/2016,59.748448
8/1/2016,70.792
8/2/2016,82.401888
8/3/2016,82.401888
8/4/2016,72.774176
8/5/2016,62.013792
8/6/2016,61.730624
8/7/2016,61.730624
8/8/2016,62.013792
8/9/2016,62.013792
8/10/2016,62.29696
8/11/2016,62.580128
8/12/2016,62.580128
8/13/2016,63.146464
8/14/2016,63.7128
8/15/2016,69.659328
8/16/2016,99.958304
8/17/2016,126.292928
8/18/2016,128.558272
8/19/2016,147.24736
8/20/2016,156.591904
8/21/2016,124.027584
8/22/2016,112.134528
8/23/2016,121.195904
8/24/2016,131.389952
8/25/2016,131.956288
8/26/2016,132.805792
8/27/2016,133.372128
8/28/2016,133.655296
8/29/2016,139.601824
8/30/2016,172.166144
8/31/2016,173.015648
9/1/2016,149.795872
9/2/2016,129.124608
9/3/2016,113.550368
9/4/2016,112.700864
9/5/2016,112.417696
9/6/2016,104.205824
9/7/2016,90.896928
9/8/2016,83.817728
9/9/2016,67.110816
9/10/2016,66.261312
9/11/2016,80.419712
9/12/2016,109.302848
9/13/2016,104.77216
9/14/2016,79.003872
9/15/2016,67.110816
9/16/2016,66.54448
9/17/2016,66.261312
9/18/2016,66.261312
9/19/2016,73.057344
9/20/2016,87.215744
9/21/2016,87.498912
9/22/2016,87.498912
9/23/2016,77.588032
9/24/2016,66.261312
9/25/2016,65.978144
9/26/2016,65.978144
9/27/2016,66.261312
9/28/2016,65.978144
9/29/2016,65.694976
9/30/2016,65.411808
10/1/2016,65.411808
10/2/2016,65.411808
10/3/2016,65.411808
10/4/2016,65.411808
10/5/2016,65.12864
10/6/2016,65.12864
10/7/2016,64.845472
10/8/2016,64.279136
10/9/2016,64.562304
10/10/2016,64.562304
10/11/2016,64.562304
10/12/2016,64.562304
10/13/2016,64.279136
10/14/2016,64.279136
10/15/2016,64.279136
10/16/2016,64.279136
10/17/2016,53.80192
10/18/2016,30.298976
10/19/2016,43.89104
10/20/2016,44.174208
10/21/2016,43.89104
10/22/2016,44.174208
10/23/2016,44.174208
10/24/2016,43.89104
10/25/2016,43.89104
10/26/2016,43.607872
10/27/2016,43.607872
10/28/2016,43.324704
10/29/2016,43.324704
10/30/2016,43.041536
10/31/2016,33.413824
11/1/2016,18.0094848
11/2/2016,17.6130496
11/3/2016,17.4431488
11/4/2016,17.3865152
11/5/2016,17.4714656
11/6/2016,17.556416
11/7/2016,28.883136
11/8/2016,43.041536
11/9/2016,43.041536
11/10/2016,43.324704
11/11/2016,43.324704
11/12/2016,43.324704
11/13/2016,43.607872
11/14/2016,30.582144
11/15/2016,18.0094848
11/16/2016,18.0094848
11/17/2016,18.264336
11/18/2016,65.978144
11/19/2016,88.065248
11/20/2016,41.625696
11/21/2016,40.209856
11/22/2016,39.64352
11/23/2016,39.926688
11/24/2016,39.926688
11/25/2016,39.64352
11/26/2016,39.077184
11/27/2016,39.360352
11/28/2016,39.360352
11/29/2016,39.360352
11/30/2016,45.30688
12/1/2016,65.694976
12/2/2016,66.54448
12/3/2016,68.243488
12/4/2016,96.560288
12/5/2016,146.681024
12/6/2016,146.114688
12/7/2016,94.578112
12/8/2016,88.065248
12/9/2016,123.461248
12/10/2016,144.41568
12/11/2016,137.619648
12/12/2016,111.85136
12/13/2016,101.090976
12/14/2016,69.942496
12/15/2016,67.96032
12/16/2016,60.88112
12/17/2016,46.156384
12/18/2016,45.30688
12/19/2016,44.457376
12/20/2016,43.89104
12/21/2016,43.89104
12/22/2016,43.607872
12/23/2016,43.607872
12/24/2016,43.324704
12/25/2016,43.607872
12/26/2016,43.324704
12/27/2016,43.041536
12/28/2016,43.041536
12/29/2016,42.758368
12/30/2016,48.988064
12/31/2016,66.261312
1/1/2017,66.827648
1/2/2017,67.393984
1/3/2017,69.659328
1/4/2017,68.526656
1/5/2017,67.677152
1/6/2017,67.393984
1/7/2017,67.96032
1/8/2017,68.243488
1/9/2017,56.067264
1/10/2017,45.023712
1/11/2017,44.740544
1/12/2017,44.457376
1/13/2017,43.89104
1/14/2017,43.89104
1/15/2017,43.89104
1/16/2017,43.89104
1/17/2017,84.9504
1/18/2017,151.211712
1/19/2017,276.0888
1/20/2017,305.82144
1/21/2017,288.83136
1/22/2017,285.99968
1/23/2017,258.249216
1/24/2017,201.615616
1/25/2017,178.962176
1/26/2017,193.97008
1/27/2017,193.97008
1/28/2017,193.120576
1/29/2017,191.987904
1/30/2017,139.601824
1/31/2017,57.483104
2/1/2017,80.419712
2/2/2017,161.688928
2/3/2017,105.621664
2/4/2017,45.873216
2/5/2017,43.89104
2/6/2017,62.29696
2/7/2017,98.259296
2/8/2017,99.958304
2/9/2017,100.241472
2/10/2017,92.312768
2/11/2017,82.968224
2/12/2017,82.401888
2/13/2017,105.904832
2/14/2017,135.637472
2/15/2017,117.231552
2/16/2017,110.43552
2/17/2017,100.807808
2/18/2017,100.241472
2/19/2017,108.453344
2/20/2017,117.231552
2/21/2017,113.550368
2/22/2017,102.223648
2/23/2017,101.090976
2/24/2017,109.01968
2/25/2017,123.17808
2/26/2017,133.08896
2/27/2017,133.08896
2/28/2017,148.380032
3/1/2017,167.635456
3/2/2017,157.441408
3/3/2017,125.726592
3/4/2017,115.249376
3/5/2017,114.966208
3/6/2017,114.68304
3/7/2017,114.399872
3/8/2017,121.479072
3/9/2017,128.558272
3/10/2017,128.558272
3/11/2017,134.787968
3/12/2017,158.290912
3/13/2017,181.22752
3/14/2017,137.902816
3/15/2017,79.853376
3/16/2017,85.799904
3/17/2017,98.542464
3/18/2017,109.869184
3/19/2017,109.869184
3/20/2017,101.657312
3/21/2017,83.817728
3/22/2017,75.322688
3/23/2017,75.03952
3/24/2017,75.322688
3/25/2017,76.45536
3/26/2017,94.578112
3/27/2017,115.249376
3/28/2017,124.027584
3/29/2017,140.451328
3/30/2017,249.471008
3/31/2017,159.423584
4/1/2017,107.887008
4/2/2017,125.443424
4/3/2017,162.8216
4/4/2017,118.081056
4/5/2017,103.073152
4/6/2017,131.67312
4/7/2017,164.803776
4/8/2017,170.750304
4/9/2017,130.823616
4/10/2017,113.833536
4/11/2017,136.486976
4/12/2017,176.98
4/13/2017,146.964192
4/14/2017,120.629568
4/15/2017,112.134528
4/16/2017,111.85136
4/17/2017,111.85136
4/18/2017,115.815712
4/19/2017,146.681024
4/20/2017,164.23744
4/21/2017,154.892896
4/22/2017,146.114688
4/23/2017,145.548352
4/24/2017,120.3464
4/25/2017,89.764256
4/26/2017,79.853376
4/27/2017,83.251392
4/28/2017,107.320672
4/29/2017,125.726592
4/30/2017,126.00976
5/1/2017,125.726592
5/2/2017,124.877088
5/3/2017,110.43552
5/4/2017,189.72256
5/5/2017,260.797728
5/6/2017,203.88096
5/7/2017,83.53456
5/8/2017,33.696992
5/9/2017,35.679168
5/10/2017,49.5544
5/11/2017,59.748448
5/12/2017,60.031616
5/13/2017,60.314784
5/14/2017,60.031616
5/15/2017,49.837568
5/16/2017,41.625696
5/17/2017,41.342528
5/18/2017,41.342528
5/19/2017,41.625696
5/20/2017,42.192032
5/21/2017,62.580128
5/22/2017,127.991936
5/23/2017,291.66304
5/24/2017,319.97984
5/25/2017,285.99968
5/26/2017,218.03936
5/27/2017,178.112672
5/28/2017,141.300832
5/29/2017,188.023552
5/30/2017,227.383904
5/31/2017,234.179936
6/1/2017,202.46512
6/2/2017,201.898784
6/3/2017,222.003712
6/4/2017,297.3264
6/5/2017,430.41536
6/6/2017,376.61344
6/7/2017,297.3264
6/8/2017,255.134368
6/9/2017,267.876928
6/10/2017,291.66304
6/11/2017,348.29664
6/12/2017,424.752
6/13/2017,373.78176
6/14/2017,272.124448
6/15/2017,235.02944
6/16/2017,219.172032
6/17/2017,180.094848
6/18/2017,167.918624
6/19/2017,177.546336
6/20/2017,224.269056
6/21/2017,237.86112
6/22/2017,188.30672
6/23/2017,158.857248
6/24/2017,103.073152
6/25/2017,121.479072
6/26/2017,149.512704
6/27/2017,184.342368
6/28/2017,161.40576
6/29/2017,83.817728
6/30/2017,94.578112
7/1/2017,111.85136
7/2/2017,111.85136
7/3/2017,111.568192
7/4/2017,111.285024
7/5/2017,85.233568
7/6/2017,60.031616
7/7/2017,59.46528
7/8/2017,59.748448
7/9/2017,68.526656
7/10/2017,97.69296
7/11/2017,114.116704
7/12/2017,113.550368
7/13/2017,114.68304
7/14/2017,113.833536
7/15/2017,113.550368
7/16/2017,88.631584
7/17/2017,51.819744
7/18/2017,47.289056
7/19/2017,66.827648
7/20/2017,94.294944
7/21/2017,108.453344
7/22/2017,88.348416
7/23/2017,79.003872
7/24/2017,86.932576
7/25/2017,85.799904
7/26/2017,60.314784
7/27/2017,49.837568
7/28/2017,101.374144
7/29/2017,128.84144
7/30/2017,129.690944
7/31/2017,129.690944
8/1/2017,129.690944
8/2/2017,130.25728
8/3/2017,114.399872
8/4/2017,76.172192
8/5/2017,56.916768
8/6/2017,56.6336
8/7/2017,57.199936
8/8/2017,82.968224
8/9/2017,103.073152
8/10/2017,99.391968
8/11/2017,76.172192
8/12/2017,57.483104
8/13/2017,57.199936
8/14/2017,70.792
8/15/2017,93.162272
8/16/2017,93.728608
8/17/2017,93.44544
8/18/2017,82.401888
8/19/2017,57.199936
8/20/2017,56.350432
8/21/2017,56.350432
8/22/2017,71.075168
8/23/2017,122.611744
8/24/2017,162.8216
8/25/2017,163.387936
8/26/2017,122.894912
8/27/2017,108.453344
8/28/2017,368.1184
8/29/2017,733.40512
8/30/2017,1582.90912
8/31/2017,2304.98752
9/1/2017,1619.72096
9/2/2017,1336.55296
9/3/2017,1231.7808
9/4/2017,1135.50368
9/5/2017,959.93952
9/6/2017,807.0288
9/7/2017,673.93984
9/8/2017,521.02912
9/9/2017,478.55392
9/10/2017,413.42528
9/11/2017,331.30656
9/12/2017,291.66304
9/13/2017,285.99968
9/14/2017,283.168
9/15/2017,283.168
9/16/2017,283.168
9/17/2017,283.168
9/18/2017,282.601664
9/19/2017,283.168
9/20/2017,262.779904
9/21/2017,196.235424
9/22/2017,159.423584
9/23/2017,147.24736
9/24/2017,145.83152
9/25/2017,154.609728
9/26/2017,170.750304
9/27/2017,156.025568
9/28/2017,101.374144
9/29/2017,90.896928
9/30/2017,84.667232
10/1/2017,84.100896
10/2/2017,73.057344
10/3/2017,61.730624
10/4/2017,70.508832
10/5/2017,79.570208
10/6/2017,84.384064
10/7/2017,97.126624
10/8/2017,97.69296
10/9/2017,97.409792
10/10/2017,93.162272
10/11/2017,82.11872
10/12/2017,77.021696
10/13/2017,63.429632
10/14/2017,63.146464
10/15/2017,72.774176
10/16/2017,82.401888
10/17/2017,75.03952
10/18/2017,63.995968
10/19/2017,65.411808
10/20/2017,66.827648
10/21/2017,65.694976
10/22/2017,65.694976
10/23/2017,75.322688
10/24/2017,82.685056
10/25/2017,82.968224
10/26/2017,73.62368
10/27/2017,65.12864
10/28/2017,64.845472
10/29/2017,65.12864
10/30/2017,65.12864
10/31/2017,69.092992
11/1/2017,90.896928
11/2/2017,92.0296
11/3/2017,79.28704
11/4/2017,65.694976
11/5/2017,64.845472
11/6/2017,64.562304
11/7/2017,65.411808
11/8/2017,79.853376
11/9/2017,80.70288
11/10/2017,80.986048
11/11/2017,80.986048
11/12/2017,80.70288
11/13/2017,80.419712
11/14/2017,75.322688
11/15/2017,61.730624
11/16/2017,60.88112
11/17/2017,60.88112
11/18/2017,60.597952
11/19/2017,60.314784
11/20/2017,60.597952
11/21/2017,60.597952
11/22/2017,68.526656
11/23/2017,78.720704
11/24/2017,79.003872
11/25/2017,74.190016
11/26/2017,67.677152
11/27/2017,69.659328
11/28/2017,73.62368
11/29/2017,78.437536
11/30/2017,78.437536
12/1/2017,78.437536
12/2/2017,78.437536
12/3/2017,78.437536
12/4/2017,78.437536
12/5/2017,78.437536
12/6/2017,79.003872
12/7/2017,79.28704
12/8/2017,76.738528
12/9/2017,79.853376
12/10/2017,79.570208
12/11/2017,79.570208
12/12/2017,79.28704
12/13/2017,79.28704
12/14/2017,79.28704
12/15/2017,79.003872
12/16/2017,79.003872
12/17/2017,79.28704
12/18/2017,70.792
12/19/2017,61.730624
12/20/2017,61.447456
12/21/2017,61.447456
12/22/2017,61.447456
12/23/2017,61.447456
12/24/2017,61.447456
12/25/2017,61.447456
12/26/2017,81.269216
12/27/2017,147.24736
12/28/2017,169.617632
12/29/2017,134.787968
12/30/2017,83.251392
12/31/2017,80.419712
1/1/2018,88.914752
1/2/2018,99.1088
1/3/2018,99.675136
1/4/2018,94.294944
1/5/2018,75.605856
1/6/2018,63.7128
1/7/2018,53.80192
1/8/2018,49.837568
1/9/2018,65.411808
1/10/2018,64.562304
1/11/2018,68.526656
1/12/2018,99.675136
1/13/2018,106.754336
1/14/2018,104.205824
1/15/2018,103.35632
1/16/2018,102.789984
1/17/2018,115.249376
1/18/2018,135.92064
1/19/2018,58.332608
1/20/2018,30.015808
1/21/2018,42.758368
1/22/2018,97.69296
1/23/2018,122.894912
1/24/2018,84.9504
1/25/2018,81.835552
1/26/2018,71.924672
1/27/2018,76.172192
1/28/2018,133.08896
1/29/2018,109.302848
1/30/2018,83.53456
1/31/2018,77.8712
2/1/2018,60.314784
2/2/2018,67.96032
2/3/2018,79.28704
2/4/2018,80.419712
2/5/2018,80.70288
2/6/2018,80.136544
2/7/2018,80.136544
2/8/2018,87.498912
2/9/2018,102.506816
2/10/2018,139.884992
2/11/2018,258.249216
2/12/2018,285.99968
2/13/2018,256.550208
2/14/2018,218.322528
2/15/2018,133.655296
2/16/2018,80.70288
2/17/2018,85.516736
2/18/2018,98.825632
2/19/2018,99.391968
2/20/2018,99.1088
2/21/2018,173.581984
2/22/2018,611.64288
2/23/2018,693.7616
2/24/2018,526.69248
2/25/2018,487.04896
2/26/2018,665.4448
2/27/2018,707.92
2/28/2018,634.29632
3/1/2018,580.4944
3/2/2018,546.51424
3/3/2018,504.03904
3/4/2018,438.9104
3/5/2018,438.9104
3/6/2018,430.41536
3/7/2018,382.2768
3/8/2018,351.12832
3/9/2018,370.95008
3/10/2018,387.94016
3/11/2018,404.93024
3/12/2018,404.93024
3/13/2018,402.09856
3/14/2018,390.77184
3/15/2018,382.2768
3/16/2018,387.94016
3/17/2018,402.09856
3/18/2018,404.93024
3/19/2018,399.26688
3/20/2018,348.29664
3/21/2018,275.239296
3/22/2018,237.011616
3/23/2018,234.179936
3/24/2018,234.179936
3/25/2018,242.674976
3/26/2018,265.045248
3/27/2018,300.15808
3/28/2018,339.8016
3/29/2018,736.2368
3/30/2018,923.12768
3/31/2018,685.26656
4/1/2018,577.66272
4/2/2018,535.18752
4/3/2018,518.19744
4/4/2018,512.53408
4/5/2018,509.7024
4/6/2018,495.544
4/7/2018,478.55392
4/8/2018,498.37568
4/9/2018,487.04896
4/10/2018,458.73216
4/11/2018,421.92032
4/12/2018,424.752
4/13/2018,475.72224
4/14/2018,509.7024
4/15/2018,521.02912
4/16/2018,478.55392
4/17/2018,444.57376
4/18/2018,436.07872
4/19/2018,453.0688
4/20/2018,447.40544
4/21/2018,447.40544
4/22/2018,467.2272
4/23/2018,472.89056
4/24/2018,450.23712
4/25/2018,404.93024
4/26/2018,373.78176
4/27/2018,368.1184
4/28/2018,368.1184
4/29/2018,373.78176
4/30/2018,382.2768
5/1/2018,365.28672
5/2/2018,322.81152
5/3/2018,262.213568
5/4/2018,241.259136
5/5/2018,188.873056
5/6/2018,163.387936
5/7/2018,168.201792
5/8/2018,190.288896
5/9/2018,146.397856
5/10/2018,74.190016
5/11/2018,61.447456
5/12/2018,54.651424
5/13/2018,69.942496
5/14/2018,111.568192
5/15/2018,166.502784
5/16/2018,174.431488
5/17/2018,128.558272
5/18/2018,69.092992
5/19/2018,44.174208
5/20/2018,42.758368
5/21/2018,42.4752
5/22/2018,57.199936
5/23/2018,101.94048
5/24/2018,121.195904
5/25/2018,107.60384
5/26/2018,85.233568
5/27/2018,84.100896
5/28/2018,84.100896
5/29/2018,74.473184
5/30/2018,57.766272
5/31/2018,43.607872
6/1/2018,43.041536
6/2/2018,52.102912
6/3/2018,84.384064
6/4/2018,95.427616
6/5/2018,75.889024
6/6/2018,62.29696
6/7/2018,65.694976
6/8/2018,78.154368
6/9/2018,78.720704
6/10/2018,78.720704
6/11/2018,78.720704
6/12/2018,78.437536
6/13/2018,77.588032
6/14/2018,76.172192
6/15/2018,78.437536
6/16/2018,75.03952
6/17/2018,64.279136
6/18/2018,52.669248
6/19/2018,63.146464
6/20/2018,72.491008
6/21/2018,67.110816
6/22/2018,56.067264
6/23/2018,43.89104
6/24/2018,43.041536
6/25/2018,42.4752
6/26/2018,42.192032
6/27/2018,41.908864
6/28/2018,41.908864
6/29/2018,37.095008
6/30/2018,24.0126464
7/1/2018,24.7488832
7/2/2018,26.3912576
7/3/2018,26.476208
7/4/2018,28.2884832
7/5/2018,27.9769984
7/6/2018,35.679168
7/7/2018,42.758368
7/8/2018,43.041536
7/9/2018,72.20784
7/10/2018,114.399872
7/11/2018,122.328576
7/12/2018,115.532544
7/13/2018,94.294944
7/14/2018,79.570208
7/15/2018,60.597952
7/16/2018,46.439552
7/17/2018,35.962336
7/18/2018,43.607872
7/19/2018,44.174208
7/20/2018,43.89104
7/21/2018,43.89104
7/22/2018,43.89104
7/23/2018,43.89104
7/24/2018,38.794016
7/25/2018,29.166304
7/26/2018,28.883136
7/27/2018,28.883136
7/28/2018,28.883136
7/29/2018,28.883136
7/30/2018,28.599968
7/31/2018,40.209856
8/1/2018,76.45536
8/2/2018,111.285024
8/3/2018,115.249376
8/4/2018,103.639488
8/5/2018,85.233568
8/6/2018,56.916768
8/7/2018,43.89104
8/8/2018,56.916768
8/9/2018,59.182112
8/10/2018,44.457376
8/11/2018,45.023712
8/12/2018,41.908864
8/13/2018,42.4752
8/14/2018,45.30688
8/15/2018,45.30688
8/16/2018,45.30688
8/17/2018,45.30688
8/18/2018,45.30688
8/19/2018,45.30688
8/20/2018,38.510848
8/21/2018,32.56432
8/22/2018,32.281152
8/23/2018,31.997984
8/24/2018,32.281152
8/25/2018,32.281152
8/26/2018,32.281152
8/27/2018,32.56432
8/28/2018,31.714816
8/29/2018,32.281152
8/30/2018,32.281152
8/31/2018,32.281152
9/1/2018,32.56432
9/2/2018,33.696992
9/3/2018,65.694976
9/4/2018,85.799904
9/5/2018,77.021696
9/6/2018,65.411808
9/7/2018,56.350432
9/8/2018,32.56432
9/9/2018,32.56432
9/10/2018,55.784096
9/11/2018,150.362208
9/12/2018,70.792
9/13/2018,47.572224
9/14/2018,71.641504
9/15/2018,104.488992
9/16/2018,99.958304
9/17/2018,72.20784
9/18/2018,75.605856
9/19/2018,79.570208
9/20/2018,55.21776
9/21/2018,37.095008
9/22/2018,39.926688
9/23/2018,81.835552
9/24/2018,130.25728
9/25/2018,136.203808
9/26/2018,90.896928
9/27/2018,94.294944
9/28/2018,100.52464
9/29/2018,114.399872
9/30/2018,107.037504
10/1/2018,109.869184
10/2/2018,135.92064
10/3/2018,141.017664
10/4/2018,105.055328
10/5/2018,83.817728
10/6/2018,69.942496
10/7/2018,45.873216
10/8/2018,43.324704
10/9/2018,52.102912
10/10/2018,120.629568
10/11/2018,122.328576
10/12/2018,65.694976
10/13/2018,44.740544
10/14/2018,44.174208
10/15/2018,43.89104
10/16/2018,62.013792
10/17/2018,122.328576
10/18/2018,245.223488
10/19/2018,297.3264
10/20/2018,322.81152
10/21/2018,356.79168
10/22/2018,362.45504
10/23/2018,402.09856
10/24/2018,427.58368
10/25/2018,393.60352
10/26/2018,351.12832
10/27/2018,285.99968
10/28/2018,230.78192
10/29/2018,178.39584
10/30/2018,189.72256
10/31/2018,252.01952
11/1/2018,294.49472
11/2/2018,243.241312
11/3/2018,196.80176
11/4/2018,192.55424
11/5/2018,192.837408
11/6/2018,191.704736
11/7/2018,204.730464
11/8/2018,222.003712
11/9/2018,214.075008
11/10/2018,195.669088
11/11/2018,191.987904
11/12/2018,216.057184
11/13/2018,256.550208
11/14/2018,253.43536
11/15/2018,252.01952
11/16/2018,251.736352
11/17/2018,251.453184
11/18/2018,219.738368
11/19/2018,205.579968
11/20/2018,278.070976
11/21/2018,305.82144
11/22/2018,305.82144
11/23/2018,277.50464
11/24/2018,278.070976
11/25/2018,302.98976
11/26/2018,311.4848
11/27/2018,370.95008
11/28/2018,404.93024
11/29/2018,402.09856
11/30/2018,396.4352
12/1/2018,407.76192
12/2/2018,407.76192
12/3/2018,365.28672
12/4/2018,285.99968
12/5/2018,257.116544
12/6/2018,241.259136
12/7/2018,336.96992
12/8/2018,492.71232
12/9/2018,540.85088
12/10/2018,526.69248
12/11/2018,518.19744
12/12/2018,523.8608
12/13/2018,549.34592
12/14/2018,586.15776
12/15/2018,597.48448
12/16/2018,597.48448
12/17/2018,594.6528
12/18/2018,588.98944
12/19/2018,586.15776
12/20/2018,557.84096
12/21/2018,515.36576
12/22/2018,509.7024
12/23/2018,512.53408
12/24/2018,512.53408
12/25/2018,512.53408
12/26/2018,523.8608
12/27/2018,571.99936
12/28/2018,597.48448
12/29/2018,557.84096
12/30/2018,535.18752
12/31/2018,532.35584
1/1/2019,546.51424
1/2/2019,577.66272
1/3/2019,756.05856
1/4/2019,937.28608
1/5/2019,829.68224
1/6/2019,753.22688
1/7/2019,713.58336
1/8/2019,736.2368
1/9/2019,710.75168
1/10/2019,676.77152
1/11/2019,671.10816
1/12/2019,656.94976
1/13/2019,639.95968
1/14/2019,642.79136
1/15/2019,625.80128
1/16/2019,597.48448
1/17/2019,591.82112
1/18/2019,588.98944
1/19/2019,569.16768
1/20/2019,546.51424
1/21/2019,540.85088
1/22/2019,538.0192
1/23/2019,557.84096
1/24/2019,594.6528
1/25/2019,600.31616
1/26/2019,603.14784
1/27/2019,605.97952
1/28/2019,605.97952
1/29/2019,608.8112
1/30/2019,605.97952
1/31/2019,605.97952
2/1/2019,594.6528
2/2/2019,577.66272
2/3/2019,563.50432
2/4/2019,560.67264
2/5/2019,549.34592
2/6/2019,546.51424
2/7/2019,549.34592
2/8/2019,549.34592
2/9/2019,552.1776
2/10/2019,552.1776
2/11/2019,555.00928
2/12/2019,563.50432
2/13/2019,563.50432
2/14/2019,563.50432
2/15/2019,560.67264
2/16/2019,557.84096
2/17/2019,555.00928
2/18/2019,543.68256
2/19/2019,521.02912
2/20/2019,506.87072
2/21/2019,526.69248
2/22/2019,560.67264
2/23/2019,566.336
2/24/2019,569.16768
2/25/2019,566.336
2/26/2019,566.336
2/27/2019,566.336
2/28/2019,555.00928
3/1/2019,526.69248
3/2/2019,523.8608
3/3/2019,546.51424
3/4/2019,552.1776
3/5/2019,552.1776
3/6/2019,549.34592
3/7/2019,549.34592
3/8/2019,532.35584
3/9/2019,515.36576
3/10/2019,529.52416
3/11/2019,549.34592
3/12/2019,549.34592
3/13/2019,549.34592
3/14/2019,552.1776
3/15/2019,557.84096
3/16/2019,555.00928
3/17/2019,535.18752
3/18/2019,492.71232
3/19/2019,464.39552
3/20/2019,453.0688
3/21/2019,458.73216
3/22/2019,484.21728
3/23/2019,501.20736
3/24/2019,512.53408
3/25/2019,512.53408
3/26/2019,512.53408
3/27/2019,512.53408
3/28/2019,506.87072
3/29/2019,495.544
3/30/2019,492.71232
3/31/2019,495.544
4/1/2019,492.71232
4/2/2019,487.04896
4/3/2019,461.56384
4/4/2019,421.92032
4/5/2019,387.94016
4/6/2019,385.10848
4/7/2019,382.2768
4/8/2019,390.77184
4/9/2019,402.09856
4/10/2019,402.09856
4/11/2019,387.94016
4/12/2019,348.29664
4/13/2019,294.49472
4/14/2019,294.49472
4/15/2019,275.805632
4/16/2019,252.01952
4/17/2019,233.6136
4/18/2019,233.047264
4/19/2019,300.15808
4/20/2019,331.30656
4/21/2019,317.14816
4/22/2019,317.14816
4/23/2019,342.63328
4/24/2019,404.93024
4/25/2019,427.58368
4/26/2019,427.58368
4/27/2019,427.58368
4/28/2019,427.58368
4/29/2019,427.58368
4/30/2019,416.25696
5/1/2019,385.10848
5/2/2019,404.93024
5/3/2019,402.09856
5/4/2019,416.25696
5/5/2019,461.56384
5/6/2019,498.37568
5/7/2019,529.52416
5/8/2019,535.18752
5/9/2019,586.15776
5/10/2019,642.79136
5/11/2019,637.128
5/12/2019,631.46464
5/13/2019,611.64288
5/14/2019,580.4944
5/15/2019,574.83104
5/16/2019,574.83104
5/17/2019,574.83104
5/18/2019,574.83104
5/19/2019,588.98944
5/20/2019,603.14784
5/21/2019,588.98944
5/22/2019,580.4944
5/23/2019,557.84096
5/24/2019,540.85088
5/25/2019,540.85088
5/26/2019,555.00928
5/27/2019,577.66272
5/28/2019,583.32608
5/29/2019,580.4944
5/30/2019,583.32608
5/31/2019,580.4944
6/1/2019,580.4944
6/2/2019,577.66272
6/3/2019,574.83104
6/4/2019,560.67264
6/5/2019,569.16768
6/6/2019,566.336
6/7/2019,532.35584
6/8/2019,489.88064
6/9/2019,487.04896
6/10/2019,489.88064
6/11/2019,495.544
6/12/2019,509.7024
6/13/2019,515.36576
6/14/2019,526.69248
6/15/2019,526.69248
6/16/2019,529.52416
6/17/2019,555.00928
6/18/2019,571.99936
6/19/2019,569.16768
6/20/2019,538.0192
6/21/2019,509.7024
6/22/2019,515.36576
6/23/2019,538.0192
6/24/2019,563.50432
6/25/2019,569.16768
6/26/2019,557.84096
6/27/2019,515.36576
6/28/2019,464.39552
6/29/2019,475.72224
6/30/2019,546.51424
7/1/2019,557.84096
7/2/2019,560.67264
7/3/2019,563.50432
7/4/2019,546.51424
7/5/2019,461.56384
7/6/2019,396.4352
7/7/2019,376.61344
7/8/2019,373.78176
7/9/2019,370.95008
7/10/2019,351.12832
7/11/2019,300.15808
7/12/2019,258.249216
7/13/2019,243.807648
7/14/2019,235.02944
7/15/2019,199.350272
7/16/2019,181.22752
7/17/2019,189.439392
7/18/2019,212.092832
7/19/2019,270.42544
7/20/2019,291.66304
7/21/2019,283.168
7/22/2019,291.66304
7/23/2019,261.9304
7/24/2019,132.522624
7/25/2019,85.799904
7/26/2019,86.36624
7/27/2019,86.932576
7/28/2019,84.9504
7/29/2019,88.348416
7/30/2019,97.976128
7/31/2019,97.409792
8/1/2019,74.190016
8/2/2019,65.978144
8/3/2019,62.580128
8/4/2019,78.437536
8/5/2019,81.269216
8/6/2019,67.677152
8/7/2019,77.304864
8/8/2019,81.835552
8/9/2019,81.835552
8/10/2019,80.70288
8/11/2019,77.021696
8/12/2019,73.906848
8/13/2019,78.437536
8/14/2019,84.667232
8/15/2019,77.304864
8/16/2019,75.322688
8/17/2019,77.021696
8/18/2019,76.172192
8/19/2019,74.473184
8/20/2019,66.261312
8/21/2019,66.54448
8/22/2019,65.12864
8/23/2019,58.898944
8/24/2019,65.12864
8/25/2019,69.092992
8/26/2019,46.72272
8/27/2019,23.5595776
8/28/2019,19.5669088
8/29/2019,18.2077024
8/30/2019,17.414832
8/31/2019,16.9334464
9/1/2019,16.3104768
9/2/2019,15.9140416
9/3/2019,15.6025568
9/4/2019,15.149488
9/5/2019,14.7530528
9/6/2019,14.3566176
9/7/2019,14.4982016
9/8/2019,15.007904
9/9/2019,20.812848
9/10/2019,29.166304
9/11/2019,29.449472
9/12/2019,29.449472
9/13/2019,34.263328
9/14/2019,30.015808
9/15/2019,35.679168
9/16/2019,66.54448
9/17/2019,112.700864
9/18/2019,208.694816
9/19/2019,250.60368
9/20/2019,171.599808
9/21/2019,107.887008
9/22/2019,109.869184
9/23/2019,85.516736
9/24/2019,83.251392
9/25/2019,77.8712
9/26/2019,65.411808
9/27/2019,64.562304
9/28/2019,64.279136
9/29/2019,64.279136
9/30/2019,64.279136
10/1/2019,73.057344
10/2/2019,80.986048
10/3/2019,89.19792
10/4/2019,96.843456
10/5/2019,96.843456
10/6/2019,80.419712
10/7/2019,63.995968
10/8/2019,70.792
10/9/2019,79.28704
10/10/2019,87.498912
10/11/2019,101.090976
10/12/2019,68.526656
10/13/2019,25.5417536
10/14/2019,60.031616
10/15/2019,305.82144
10/16/2019,325.6432
10/17/2019,193.403744
10/18/2019,139.601824
10/19/2019,118.081056
10/20/2019,107.60384
10/21/2019,116.09888
10/22/2019,127.142432
10/23/2019,85.799904
10/24/2019,81.269216
10/25/2019,105.055328
10/26/2019,123.461248
10/27/2019,63.146464
10/28/2019,81.269216
10/29/2019,80.70288
10/30/2019,73.340512
10/31/2019,65.12864
11/1/2019,52.952416
11/2/2019,41.342528
11/3/2019,40.776192
11/4/2019,40.493024
11/5/2019,40.209856
11/6/2019,39.926688
11/7/2019,31.997984
11/8/2019,22.1437376
11/9/2019,19.7368096
11/10/2019,18.9156224
11/11/2019,18.264336
11/12/2019,17.8962176
11/13/2019,17.8679008
11/14/2019,15.0645376
11/15/2019,8.7215744
11/16/2019,12.9974112
11/17/2019,19.82176
11/18/2019,19.82176
11/19/2019,19.7651264
11/20/2019,19.7651264
11/21/2019,19.6518592
11/22/2019,31.431648
11/23/2019,54.368256
11/24/2019,45.023712
11/25/2019,34.263328
11/26/2019,62.580128
11/27/2019,113.550368
11/28/2019,85.233568
11/29/2019,43.89104
11/30/2019,47.572224
12/1/2019,87.215744
12/2/2019,74.473184
12/3/2019,20.5579968
12/4/2019,18.4908704
12/5/2019,18.3776032
12/6/2019,18.1793856
12/7/2019,18.122752
12/8/2019,18.2926528
12/9/2019,18.0944352
12/10/2019,31.714816
12/11/2019,50.120736
12/12/2019,41.05936
12/13/2019,35.112832
12/14/2019,27.2407616
12/15/2019,26.8726432
12/16/2019,28.883136
12/17/2019,37.661344
12/18/2019,32.56432
12/19/2019,25.909872
12/20/2019,25.5134368
12/21/2019,25.2585856
12/22/2019,25.0320512
12/23/2019,25.4568032
12/24/2019,36.528672
12/25/2019,48.421728
12/26/2019,48.988064
12/27/2019,48.988064
12/28/2019,54.934592
12/29/2019,95.993952
12/30/2019,134.787968
12/31/2019,90.61376
1/1/2020,89.764256
1/2/2020,95.993952
1/3/2020,75.889024
1/4/2020,83.817728
1/5/2020,99.1088
1/6/2020,90.330592
1/7/2020,66.827648
1/8/2020,48.421728
1/9/2020,39.360352
1/10/2020,38.794016
1/11/2020,79.003872
1/12/2020,116.665216
1/13/2020,109.869184
1/14/2020,122.894912
1/15/2020,187.457216
1/16/2020,154.32656
1/17/2020,156.025568
1/18/2020,154.32656
1/19/2020,131.106784
1/20/2020,87.215744
1/21/2020,58.615776
1/22/2020,45.30688
1/23/2020,45.873216
1/24/2020,60.031616
1/25/2020,87.498912
1/26/2020,100.807808
1/27/2020,139.601824
1/28/2020,183.776032
1/29/2020,171.882976
1/30/2020,154.892896
1/31/2020,152.627552
2/1/2020,120.629568
2/2/2020,84.384064
2/3/2020,82.401888
2/4/2020,95.993952
2/5/2020,125.726592
2/6/2020,115.532544
2/7/2020,115.249376
2/8/2020,101.374144
2/9/2020,64.845472
2/10/2020,65.12864
2/11/2020,97.69296
2/12/2020,148.946368
2/13/2020,198.2176
2/14/2020,182.077024
2/15/2020,135.354304
2/16/2020,87.215744
2/17/2020,84.100896
2/18/2020,103.35632
2/19/2020,147.24736
2/20/2020,198.500768
2/21/2020,231.914592
2/22/2020,255.983872
2/23/2020,273.540288
2/24/2020,285.99968
2/25/2020,302.98976
2/26/2020,359.62336
2/27/2020,390.77184
2/28/2020,390.77184
2/29/2020,413.42528
3/1/2020,413.42528
3/2/2020,424.752
3/3/2020,436.07872
3/4/2020,447.40544
3/5/2020,467.2272
3/6/2020,478.55392
3/7/2020,478.55392
3/8/2020,478.55392
3/9/2020,489.88064
3/10/2020,498.37568
3/11/2020,481.3856
3/12/2020,447.40544
3/13/2020,441.74208
3/14/2020,427.58368
3/15/2020,404.93024
3/16/2020,376.61344
3/17/2020,322.81152
3/18/2020,285.99968
3/19/2020,259.09872
3/20/2020,261.364064
3/21/2020,314.31648
3/22/2020,319.97984
3/23/2020,399.26688
3/24/2020,489.88064
3/25/2020,492.71232
3/26/2020,458.73216
3/27/2020,427.58368
3/28/2020,430.41536
3/29/2020,447.40544
3/30/2020,447.40544
3/31/2020,433.24704
4/1/2020,399.26688
4/2/2020,368.1184
4/3/2020,353.96
4/4/2020,317.14816
4/5/2020,270.708608
4/6/2020,254.284864
4/7/2020,261.9304
4/8/2020,281.75216
4/9/2020,294.49472
4/10/2020,334.13824
4/11/2020,336.96992
4/12/2020,297.3264
4/13/2020,288.83136
4/14/2020,252.869024
4/15/2020,235.878944
4/16/2020,244.090816
4/17/2020,251.170016
4/18/2020,245.223488
4/19/2020,223.70272
4/20/2020,221.720544
4/21/2020,221.437376
4/22/2020,241.542304
4/23/2020,305.82144
4/24/2020,379.44512
4/25/2020,404.93024
4/26/2020,407.76192
4/27/2020,387.94016
4/28/2020,376.61344
4/29/2020,399.26688
4/30/2020,467.2272
5/1/2020,518.19744
5/2/2020,543.68256
5/3/2020,552.1776
5/4/2020,543.68256
5/5/2020,515.36576
5/6/2020,478.55392
5/7/2020,421.92032
5/8/2020,382.2768
5/9/2020,379.44512
5/10/2020,370.95008
5/11/2020,342.63328
5/12/2020,283.168
5/13/2020,223.985888
5/14/2020,210.96016
5/15/2020,202.181952
5/16/2020,202.46512
5/17/2020,182.077024
5/18/2020,160.839424
5/19/2020,167.918624
5/20/2020,174.431488
5/21/2020,174.431488
5/22/2020,161.122592
5/23/2020,103.073152
5/24/2020,91.746432
5/25/2020,297.3264
5/26/2020,421.92032
5/27/2020,322.81152
5/28/2020,165.65328
5/29/2020,191.421568
5/30/2020,199.63344
5/31/2020,107.60384
6/1/2020,41.908864
6/2/2020,92.879104
6/3/2020,120.629568
6/4/2020,121.479072
6/5/2020,112.417696
6/6/2020,90.047424
6/7/2020,65.12864
6/8/2020,63.7128
6/9/2020,82.968224
6/10/2020,98.542464
6/11/2020,98.825632
6/12/2020,104.205824
6/13/2020,94.294944
6/14/2020,53.518752
6/15/2020,44.740544
6/16/2020,44.457376
6/17/2020,50.687072
6/18/2020,67.677152
6/19/2020,76.172192
6/20/2020,76.172192
6/21/2020,68.526656
6/22/2020,61.730624
6/23/2020,72.774176
6/24/2020,92.312768
6/25/2020,123.744416
6/26/2020,182.926528
6/27/2020,174.997824
6/28/2020,95.993952
6/29/2020,69.659328
6/30/2020,120.063232
7/1/2020,129.124608
7/2/2020,137.053312
7/3/2020,129.690944
7/4/2020,116.09888
7/5/2020,106.188
7/6/2020,98.259296
7/7/2020,92.595936
7/8/2020,86.083072
7/9/2020,91.180096
7/10/2020,102.223648
7/11/2020,127.708768
7/12/2020,99.391968
7/13/2020,65.12864
7/14/2020,82.11872
7/15/2020,87.78208
7/16/2020,87.78208
7/17/2020,96.843456
7/18/2020,95.710784
7/19/2020,88.065248
7/20/2020,96.560288
7/21/2020,115.815712
7/22/2020,146.114688
7/23/2020,160.556256
7/24/2020,142.150336
7/25/2020,119.213728
7/26/2020,103.073152
7/27/2020,94.86128
7/28/2020,94.578112
7/29/2020,103.35632
7/30/2020,110.718688
7/31/2020,111.001856
8/1/2020,114.399872
8/2/2020,115.249376
8/3/2020,101.374144
8/4/2020,79.003872
8/5/2020,71.641504
8/6/2020,71.358336
8/7/2020,71.358336
8/8/2020,71.075168
8/9/2020,71.075168
8/10/2020,81.269216
8/11/2020,91.746432
8/12/2020,92.0296
8/13/2020,91.746432
8/14/2020,84.384064
8/15/2020,66.54448
8/16/2020,53.80192
8/17/2020,73.340512
8/18/2020,90.047424
8/19/2020,90.330592
8/20/2020,95.427616
8/21/2020,82.401888
8/22/2020,82.401888
8/23/2020,91.463264
8/24/2020,98.825632
8/25/2020,124.877088
8/26/2020,173.298816
8/27/2020,147.24736
8/28/2020,55.500928
8/29/2020,53.518752
8/30/2020,46.156384
8/31/2020,43.89104
9/1/2020,43.324704
9/2/2020,179.245344
9/3/2020,205.863136
9/4/2020,87.498912
9/5/2020,71.358336
9/6/2020,70.508832
9/7/2020,69.942496
9/8/2020,71.358336
9/9/2020,58.332608
9/10/2020,41.625696
9/11/2020,40.493024
9/12/2020,40.209856
9/13/2020,40.493024
9/14/2020,48.13856
9/15/2020,56.350432
9/16/2020,53.80192
9/17/2020,45.023712
9/18/2020,36.528672
9/19/2020,45.023712
9/20/2020,71.075168
9/21/2020,72.491008
9/22/2020,64.562304
9/23/2020,94.86128
9/24/2020,143.566176
9/25/2020,99.1088
9/26/2020,73.62368
9/27/2020,54.651424
9/28/2020,65.694976
9/29/2020,83.251392
9/30/2020,67.393984
10/1/2020,38.794016
10/2/2020,34.829664
10/3/2020,31.14848
10/4/2020,30.582144
10/5/2020,33.696992
10/6/2020,35.679168
10/7/2020,79.28704
10/8/2020,92.0296
10/9/2020,95.427616
10/10/2020,78.720704
10/11/2020,37.378176
10/12/2020,27.9203648
10/13/2020,40.493024
10/14/2020,56.6336
10/15/2020,54.651424
10/16/2020,54.368256
10/17/2020,54.085088
10/18/2020,54.085088
10/19/2020,43.607872
10/20/2020,34.546496
10/21/2020,34.263328
10/22/2020,34.263328
10/23/2020,27.2124448
10/24/2020,21.6057184
10/25/2020,21.7189856
10/26/2020,25.2869024
10/27/2020,37.944512
10/28/2020,49.5544
10/29/2020,49.271232
10/30/2020,45.30688
10/31/2020,25.8249216
11/1/2020,16.9051296
11/2/2020,25.6550208
11/3/2020,34.263328
11/4/2020,39.64352
11/5/2020,54.934592
11/6/2020,42.192032
11/7/2020,33.98016
11/8/2020,27.6371968
11/9/2020,21.4075008
11/10/2020,33.130656
11/11/2020,32.281152
11/12/2020,33.696992
11/13/2020,33.98016
11/14/2020,33.98016
11/15/2020,33.413824
11/16/2020,33.413824
11/17/2020,33.130656
11/18/2020,34.829664
11/19/2020,35.396
11/20/2020,35.396
11/21/2020,35.396
11/22/2020,35.396
11/23/2020,32.847488
11/24/2020,35.679168
11/25/2020,35.962336
11/26/2020,36.245504
11/27/2020,48.421728
11/28/2020,93.162272
11/29/2020,100.807808
11/30/2020,58.04944
12/1/2020,23.4179936
12/2/2020,48.421728
12/3/2020,79.003872
12/4/2020,67.393984
12/5/2020,47.572224
12/6/2020,46.156384
12/7/2020,49.837568
12/8/2020,68.526656
12/9/2020,58.898944
12/10/2020,43.89104
12/11/2020,43.607872
12/12/2020,52.102912
12/13/2020,85.799904
12/14/2020,99.675136
12/15/2020,97.409792
12/16/2020,88.065248
12/17/2020,87.215744
12/18/2020,67.110816
12/19/2020,55.21776
12/20/2020,98.542464
12/21/2020,92.312768
12/22/2020,81.835552
12/23/2020,62.29696
12/24/2020,82.11872
12/25/2020,102.506816
12/26/2020,99.675136
12/27/2020,76.172192
12/28/2020,39.926688
12/29/2020,46.156384
12/30/2020,79.28704
12/31/2020,136.486976
1/1/2021,317.14816
1/2/2021,368.1184
1/3/2021,302.98976
1/4/2021,257.68288
1/5/2021,173.298816
1/6/2021,113.833536
1/7/2021,125.726592
1/8/2021,164.23744
1/9/2021,230.78192
1/10/2021,230.498752
1/11/2021,240.6928
1/12/2021,220.304704
1/13/2021,152.91072
1/14/2021,125.726592
1/15/2021,58.898944
1/16/2021,63.429632
1/17/2021,75.889024
1/18/2021,136.770144
1/19/2021,142.150336
1/20/2021,140.734496
1/21/2021,127.142432
1/22/2021,114.966208
1/23/2021,119.496896
1/24/2021,136.770144
1/25/2021,171.033472
1/26/2021,174.14832
1/27/2021,201.898784
1/28/2021,227.100736
1/29/2021,200.766112
1/30/2021,146.681024
1/31/2021,121.76224
2/1/2021,121.479072
2/2/2021,131.956288
2/3/2021,135.354304
2/4/2021,123.461248
2/5/2021,114.116704
2/6/2021,112.984032
2/7/2021,112.700864
2/8/2021,112.417696
2/9/2021,107.037504
2/10/2021,97.69296
2/11/2021,116.09888
2/12/2021,152.91072
2/13/2021,135.92064
2/14/2021,98.542464
2/15/2021,96.843456
2/16/2021,146.114688
2/17/2021,235.595776
2/18/2021,281.185824
2/19/2021,308.65312
2/20/2021,212.942336
2/21/2021,204.164128
2/22/2021,191.421568
2/23/2021,178.679008
2/24/2021,177.263168
2/25/2021,176.413664
2/26/2021,176.413664
2/27/2021,169.051296
2/28/2021,125.726592
3/1/2021,113.833536
3/2/2021,150.07904
3/3/2021,183.492864
3/4/2021,214.358176
3/5/2021,152.344384
3/6/2021,120.629568
3/7/2021,147.530528
3/8/2021,174.431488
3/9/2021,148.946368
3/10/2021,128.558272
3/11/2021,127.142432
3/12/2021,126.859264
3/13/2021,134.221632
3/14/2021,141.867168
3/15/2021,146.397856
3/16/2021,157.441408
3/17/2021,152.344384
3/18/2021,158.57408
3/19/2021,155.459232
3/20/2021,147.813696
3/21/2021,127.991936
3/22/2021,110.43552
3/23/2021,108.736512
3/24/2021,126.292928
3/25/2021,156.308736
3/26/2021,153.477056
3/27/2021,123.744416
3/28/2021,98.259296
3/29/2021,117.231552
3/30/2021,133.938464
3/31/2021,134.787968
4/1/2021,139.601824
4/2/2021,122.894912
4/3/2021,94.294944
4/4/2021,88.348416
4/5/2021,70.225664
4/6/2021,72.491008
4/7/2021,124.59392
4/8/2021,147.530528
4/9/2021,175.847328
4/10/2021,171.033472
4/11/2021,145.548352
4/12/2021,118.081056
4/13/2021,98.825632
4/14/2021,82.401888
4/15/2021,91.746432
4/16/2021,103.639488
4/17/2021,125.443424
4/18/2021,153.477056
4/19/2021,169.617632
4/20/2021,152.344384
4/21/2021,133.08896
4/22/2021,122.611744
4/23/2021,114.116704
4/24/2021,356.79168
4/25/2021,543.68256
4/26/2021,458.73216
4/27/2021,351.12832
4/28/2021,319.97984
4/29/2021,264.478912
4/30/2021,244.94032
5/1/2021,356.79168
5/2/2021,444.57376
5/3/2021,512.53408
5/4/2021,523.8608
5/5/2021,521.02912
5/6/2021,521.02912
5/7/2021,521.02912
5/8/2021,521.02912
5/9/2021,521.02912
5/10/2021,546.51424
5/11/2021,594.6528
5/12/2021,639.95968
5/13/2021,583.32608
5/14/2021,549.34592
5/15/2021,532.35584
5/16/2021,529.52416
5/17/2021,920.296
5/18/2021,1302.5728
5/19/2021,937.28608
5/20/2021,807.0288
5/21/2021,753.22688
5/22/2021,719.24672
5/23/2021,679.6032
5/24/2021,637.128
5/25/2021,651.2864
5/26/2021,750.3952
5/27/2021,809.86048
5/28/2021,812.69216
5/29/2021,792.8704
5/30/2021,795.70208
5/31/2021,807.0288
6/1/2021,809.86048
6/2/2021,812.69216
6/3/2021,784.37536
6/4/2021,761.72192
6/5/2021,750.3952
6/6/2021,719.24672
6/7/2021,688.09824
6/8/2021,668.27648
6/9/2021,665.4448
6/10/2021,676.77152
6/11/2021,707.92
6/12/2021,719.24672
6/13/2021,719.24672
6/14/2021,716.41504
6/15/2021,696.59328
6/16/2021,659.78144
6/17/2021,620.13792
6/18/2021,580.4944
6/19/2021,566.336
6/20/2021,560.67264
6/21/2021,557.84096
6/22/2021,557.84096
6/23/2021,560.67264
6/24/2021,563.50432
6/25/2021,552.1776
6/26/2021,535.18752
6/27/2021,535.18752
6/28/2021,535.18752
6/29/2021,538.0192
6/30/2021,546.51424
7/1/2021,540.85088
7/2/2021,509.7024
7/3/2021,495.544
7/4/2021,492.71232
7/5/2021,492.71232
7/6/2021,509.7024
7/7/2021,535.18752
7/8/2021,540.85088
7/9/2021,526.69248
7/10/2021,518.19744
7/11/2021,509.7024
7/12/2021,518.19744
7/13/2021,506.87072
7/14/2021,498.37568
7/15/2021,495.544
7/16/2021,504.03904
7/17/2021,498.37568
7/18/2021,487.04896
7/19/2021,478.55392
7/20/2021,504.03904
7/21/2021,538.0192
7/22/2021,552.1776
7/23/2021,555.00928
7/24/2021,552.1776
7/25/2021,546.51424
7/26/2021,495.544
7/27/2021,430.41536
7/28/2021,430.41536
7/29/2021,438.9104
7/30/2021,433.24704
7/31/2021,419.08864
8/1/2021,416.25696
8/2/2021,404.93024
8/3/2021,385.10848
8/4/2021,362.45504
8/5/2021,342.63328
8/6/2021,305.82144
8/7/2021,288.83136
8/8/2021,297.3264
8/9/2021,283.168
8/10/2021,236.44528
8/11/2021,177.829504
8/12/2021,167.635456
8/13/2021,166.502784
8/14/2021,154.892896
8/15/2021,155.459232
8/16/2021,137.902816
8/17/2021,119.496896
8/18/2021,110.43552
8/19/2021,102.789984
8/20/2021,93.162272
8/21/2021,74.190016
8/22/2021,52.669248
8/23/2021,73.906848
8/24/2021,100.807808
8/25/2021,101.94048
8/26/2021,91.180096
8/27/2021,75.03952
8/28/2021,59.748448
8/29/2021,58.615776
8/30/2021,86.649408
8/31/2021,112.417696
9/1/2021,113.2672
9/2/2021,97.126624
9/3/2021,75.605856
9/4/2021,60.031616
9/5/2021,68.243488
9/6/2021,88.631584
9/7/2021,89.19792
9/8/2021,87.215744
9/9/2021,95.710784
9/10/2021,87.215744
9/11/2021,63.429632
9/12/2021,54.368256
9/13/2021,95.710784
9/14/2021,137.619648
9/15/2021,105.338496
9/16/2021,83.817728
9/17/2021,57.199936
9/18/2021,38.510848
9/19/2021,46.156384
9/20/2021,60.88112
9/21/2021,65.12864
9/22/2021,61.164288
9/23/2021,61.164288
9/24/2021,60.88112
9/25/2021,69.942496
9/26/2021,80.986048
9/27/2021,81.552384
9/28/2021,79.853376
9/29/2021,92.0296
9/30/2021,75.889024
10/1/2021,49.271232
10/2/2021,69.942496
10/3/2021,59.46528
10/4/2021,50.403904
10/5/2021,62.29696
10/6/2021,63.995968
10/7/2021,48.704896
10/8/2021,45.30688
10/9/2021,37.095008
10/10/2021,36.528672
10/11/2021,36.528672
10/12/2021,36.528672
10/13/2021,36.245504
10/14/2021,35.962336
10/15/2021,35.112832
10/16/2021,35.112832
10/17/2021,35.112832
10/18/2021,35.112832
10/19/2021,35.112832
10/20/2021,33.130656
10/21/2021,30.582144
10/22/2021,30.582144
10/23/2021,30.582144
10/24/2021,30.582144
10/25/2021,30.298976
10/26/2021,33.696992
10/27/2021,40.493024
10/28/2021,44.740544
10/29/2021,62.580128
10/30/2021,45.30688
10/31/2021,37.944512
11/1/2021,37.378176
11/2/2021,37.378176
11/3/2021,37.661344
11/4/2021,43.607872
11/5/2021,35.396
11/6/2021,46.439552
11/7/2021,42.758368
11/8/2021,37.944512
11/9/2021,35.962336
11/10/2021,35.679168
11/11/2021,42.758368
11/12/2021,50.403904
11/13/2021,58.04944
11/14/2021,52.102912
11/15/2021,36.245504
11/16/2021,37.095008
11/17/2021,38.794016
11/18/2021,38.510848
11/19/2021,42.192032
11/20/2021,46.72272
11/21/2021,46.72272
11/22/2021,56.067264
11/23/2021,68.809824
11/24/2021,58.332608
11/25/2021,35.679168
11/26/2021,28.3168
11/27/2021,46.156384
11/28/2021,46.72272
11/29/2021,46.72272
11/30/2021,46.72272
12/1/2021,46.72272
12/2/2021,46.439552
12/3/2021,46.439552
12/4/2021,46.439552
12/5/2021,46.156384
12/6/2021,46.156384
12/7/2021,46.156384
12/8/2021,45.023712
12/9/2021,43.324704
12/10/2021,43.607872
12/11/2021,54.085088
12/12/2021,54.651424
12/13/2021,48.13856
12/14/2021,55.21776
12/15/2021,75.322688
12/16/2021,66.54448
12/17/2021,62.580128
12/18/2021,53.80192
12/19/2021,53.80192
12/20/2021,54.368256
12/21/2021,53.235584
12/22/2021,53.235584
12/23/2021,63.146464
12/24/2021,63.995968
12/25/2021,53.235584
12/26/2021,52.669248
12/27/2021,52.669248
12/28/2021,52.669248
12/29/2021,52.38608
12/30/2021,52.38608
12/31/2021,52.38608
1/1/2022,52.38608
1/2/2022,51.819744
1/3/2022,52.38608
1/4/2022,52.38608
1/5/2022,52.38608
1/6/2022,52.102912
1/7/2022,46.72272
1/8/2022,34.263328
1/9/2022,216.906688
1/10/2022,234.179936
1/11/2022,151.211712
1/12/2022,84.667232
1/13/2022,53.518752
1/14/2022,51.536576
1/15/2022,50.687072
1/16/2022,50.97024
1/17/2022,50.687072
1/18/2022,44.457376
1/19/2022,25.5700704
1/20/2022,25.201952
1/21/2022,36.245504
1/22/2022,47.005888
1/23/2022,47.289056
1/24/2022,47.289056
1/25/2022,47.572224
1/26/2022,53.518752
1/27/2022,73.340512
1/28/2022,79.28704
1/29/2022,49.271232
1/30/2022,47.289056
1/31/2022,47.005888
2/1/2022,46.72272
2/2/2022,45.023712
2/3/2022,48.988064
2/4/2022,71.358336
2/5/2022,92.312768
2/6/2022,72.20784
2/7/2022,64.562304
2/8/2022,78.154368
2/9/2022,78.437536
2/10/2022,67.110816
2/11/2022,49.837568
2/12/2022,73.340512
2/13/2022,95.993952
2/14/2022,59.748448
2/15/2022,91.180096
2/16/2022,79.570208
2/17/2022,53.235584
2/18/2022,79.570208
2/19/2022,58.332608
2/20/2022,50.687072
2/21/2022,50.403904
2/22/2022,50.403904
2/23/2022,64.562304
2/24/2022,87.215744
2/25/2022,105.338496
2/26/2022,87.215744
2/27/2022,52.102912
2/28/2022,50.687072
3/1/2022,50.687072
3/2/2022,50.403904
3/3/2022,58.898944
3/4/2022,67.677152
3/5/2022,62.29696
3/6/2022,50.97024
3/7/2022,57.199936
3/8/2022,69.942496
3/9/2022,117.797888
3/10/2022,145.83152
3/11/2022,96.843456
3/12/2022,89.764256
3/13/2022,86.932576
3/14/2022,61.447456
3/15/2022,78.437536
3/16/2022,94.578112
3/17/2022,73.057344
3/18/2022,60.597952
3/19/2022,59.748448
3/20/2022,59.46528
3/21/2022,79.570208
3/22/2022,138.185984
3/23/2022,188.873056
3/24/2022,196.518592
3/25/2022,176.696832
3/26/2022,123.461248
3/27/2022,100.807808
3/28/2022,90.896928
3/29/2022,94.294944
3/30/2022,163.387936
3/31/2022,245.789824
4/1/2022,187.457216
4/2/2022,140.451328
4/3/2022,133.08896
4/4/2022,122.894912
4/5/2022,130.540448
4/6/2022,138.469152
4/7/2022,146.114688
4/8/2022,144.132512
4/9/2022,127.991936
4/10/2022,111.285024
4/11/2022,86.649408
4/12/2022,93.44544
4/13/2022,119.213728
4/14/2022,141.867168
4/15/2022,110.718688
4/16/2022,61.164288
4/17/2022,74.473184
4/18/2022,132.522624
4/19/2022,159.98992
4/20/2022,133.372128
4/21/2022,123.744416
4/22/2022,108.170176
4/23/2022,80.136544
4/24/2022,75.03952
4/25/2022,123.461248
4/26/2022,97.126624
4/27/2022,49.5544
4/28/2022,59.46528
4/29/2022,111.285024
4/30/2022,135.92064
5/1/2022,162.255264
5/2/2022,159.140416
5/3/2022,124.877088
5/4/2022,113.833536
5/5/2022,107.037504
5/6/2022,112.700864
5/7/2022,108.736512
5/8/2022,98.825632
5/9/2022,98.259296
5/10/2022,97.69296
5/11/2022,97.409792
5/12/2022,97.409792
5/13/2022,97.409792
5/14/2022,89.481088
5/15/2022,82.401888
5/16/2022,74.756352
5/17/2022,95.993952
5/18/2022,102.506816
5/19/2022,105.338496
5/20/2022,88.348416
5/21/2022,79.003872
5/22/2022,181.510688
5/23/2022,255.983872
5/24/2022,160.273088
5/25/2022,118.364224
5/26/2022,101.374144
5/27/2022,86.083072
5/28/2022,75.889024
5/29/2022,67.96032
5/30/2022,77.8712
5/31/2022,94.86128
6/1/2022,102.506816
6/2/2022,97.976128
6/3/2022,86.932576
6/4/2022,71.641504
6/5/2022,44.174208
6/6/2022,43.041536
6/7/2022,57.766272
6/8/2022,71.075168
6/9/2022,71.358336
6/10/2022,60.88112
6/11/2022,43.324704
6/12/2022,42.758368
6/13/2022,59.182112
6/14/2022,73.340512
6/15/2022,85.233568
6/16/2022,95.993952
6/17/2022,79.003872
6/18/2022,54.368256
6/19/2022,53.235584
6/20/2022,42.192032
6/21/2022,37.661344
6/22/2022,50.97024
6/23/2022,61.730624
6/24/2022,62.013792
6/25/2022,62.29696
6/26/2022,52.952416
6/27/2022,46.72272
6/28/2022,51.819744
6/29/2022,62.580128
6/30/2022,80.136544
7/1/2022,99.1088
7/2/2022,70.508832
7/3/2022,40.209856
7/4/2022,32.56432
7/5/2022,31.997984
7/6/2022,31.997984
7/7/2022,31.997984
7/8/2022,31.714816
7/9/2022,31.714816
7/10/2022,31.714816
7/11/2022,37.095008
7/12/2022,50.403904
7/13/2022,60.314784
7/14/2022,44.457376
7/15/2022,35.962336
7/16/2022,35.112832
7/17/2022,35.112832
7/18/2022,35.112832
7/19/2022,32.847488
7/20/2022,35.112832
7/21/2022,31.997984
7/22/2022,31.997984
7/23/2022,31.997984
7/24/2022,31.714816
7/25/2022,34.263328
7/26/2022,36.528672
7/27/2022,36.528672
7/28/2022,36.528672
7/29/2022,36.528672
7/30/2022,36.528672
7/31/2022,36.245504
8/1/2022,33.696992
8/2/2022,30.865312
8/3/2022,30.865312
8/4/2022,30.865312
8/5/2022,29.73264
8/6/2022,30.582144
8/7/2022,30.582144
8/8/2022,30.582144
8/9/2022,32.847488
8/10/2022,35.112832
8/11/2022,33.696992
8/12/2022,30.582144
8/13/2022,30.582144
8/14/2022,30.298976
8/15/2022,32.56432
8/16/2022,34.829664
8/17/2022,38.22768
8/18/2022,40.209856
8/19/2022,56.916768
8/20/2022,47.855392
8/21/2022,46.72272
8/22/2022,54.368256
8/23/2022,120.063232
8/24/2022,180.944352
8/25/2022,149.795872
8/26/2022,81.552384
8/27/2022,43.89104
8/28/2022,42.4752
8/29/2022,42.4752
8/30/2022,51.819744
8/31/2022,75.322688
9/1/2022,49.271232
9/2/2022,42.192032
9/3/2022,30.298976
9/4/2022,47.005888
9/5/2022,82.11872
9/6/2022,84.384064
9/7/2022,64.279136
9/8/2022,64.845472
9/9/2022,35.396
9/10/2022,26.5611584
9/11/2022,26.19304
9/12/2022,26.0231392
9/13/2022,26.0797728
9/14/2022,30.298976
9/15/2022,33.98016
9/16/2022,34.263328
9/17/2022,34.263328
9/18/2022,33.98016
9/19/2022,33.98016
9/20/2022,35.112832
9/21/2022,41.625696
9/22/2022,41.908864
9/23/2022,41.908864
9/24/2022,41.908864
9/25/2022,41.908864
9/26/2022,36.245504
9/27/2022,30.298976
9/28/2022,30.298976
9/29/2022,30.298976
9/30/2022,30.298976
10/1/2022,30.298976
10/2/2022,30.298976
10/3/2022,30.298976
10/4/2022,30.298976
10/5/2022,30.298976
10/6/2022,30.298976
10/7/2022,30.298976
10/8/2022,30.015808
10/9/2022,32.56432
10/10/2022,16.706912
10/11/2022,30.865312
10/12/2022,30.582144
10/13/2022,30.298976
10/14/2022,30.298976
10/15/2022,30.582144
10/16/2022,30.298976
10/17/2022,27.4389792
10/18/2022,30.015808
10/19/2022,30.298976
10/20/2022,30.298976
10/21/2022,30.298976
10/22/2022,30.582144
10/23/2022,30.298976
10/24/2022,30.298976
10/25/2022,38.510848
10/26/2022,45.023712
10/27/2022,56.6336
10/28/2022,79.28704
10/29/2022,68.526656
10/30/2022,46.72272
10/31/2022,38.510848
11/1/2022,30.865312
11/2/2022,30.582144
11/3/2022,36.81184
11/4/2022,40.776192
11/5/2022,38.794016
11/6/2022,68.243488
11/7/2022,80.70288
11/8/2022,58.898944
11/9/2022,45.30688
11/10/2022,45.023712
11/11/2022,49.5544
11/12/2022,109.302848
11/13/2022,91.180096
11/14/2022,68.526656
11/15/2022,45.30688
11/16/2022,44.740544
11/17/2022,44.740544
11/18/2022,44.457376
11/19/2022,44.457376
11/20/2022,44.457376
11/21/2022,44.457376
11/22/2022,44.457376
11/23/2022,52.102912
11/24/2022,81.552384
11/25/2022,78.154368
11/26/2022,40.493024
11/27/2022,68.243488
11/28/2022,56.350432
11/29/2022,60.031616
11/30/2022,59.748448
12/1/2022,59.748448
12/2/2022,53.235584
12/3/2022,44.174208
12/4/2022,43.89104
12/5/2022,43.89104
12/6/2022,43.89104
12/7/2022,43.89104
12/8/2022,43.89104
12/9/2022,43.89104
12/10/2022,44.174208
12/11/2022,168.48496
12/12/2022,297.3264
12/13/2022,207.278976
12/14/2022,174.14832
12/15/2022,128.275104
12/16/2022,52.102912
12/17/2022,46.439552
12/18/2022,45.873216
12/19/2022,112.700864
12/20/2022,267.59376
12/21/2022,300.15808
12/22/2022,260.51456
12/23/2022,175.280992
12/24/2022,119.780064
12/25/2022,88.065248
12/26/2022,31.431648
12/27/2022,34.263328
12/28/2022,59.46528
12/29/2022,96.27712
12/30/2022,294.49472
